nm/Band,Pan,Coastal (MS7),Blue (MS4),Green (MS3),Yellow (MS6),Red (MS2),Red Edge (MS5),NIR1 (MS1),NIR2 (MS8),SWIR1,SWIR2,SWIR3,SWIR4,SWIR5,SWIR6,SWIR7,SWIR8,,Inputs:,
350,0,0,0,0,0,0,0,0,0,0,0,0,0,0,0,0,0,,1,WV3_Standard_Detector+OTU Radiance Response.xlsx
351,2.44E-09,1.26E-09,1.21E-09,4.35E-10,9.31E-11,1.95E-09,1.23E-10,9.68E-10,1.85E-08,0,0,0,0,0,0,0,0,,,"[Spectral Response, Peak Normalize (for Plot)]"
352,3.29E-09,2.55E-09,2.27E-09,5.56E-10,3.64E-10,4.46E-09,2.64E-10,1.89E-09,3.50E-08,0,0,0,0,0,0,0,0,,2,AUX_Normalized_Total_Spectral_Output_20130926T113452.xlsx
353,8.91E-09,5.57E-09,5.75E-09,1.10E-09,3.64E-10,1.15E-08,4.29E-10,4.37E-09,9.00E-08,0,0,0,0,0,0,0,0,,,[Peak Normalized Transmission (Response per Watt)]
354,1.71E-08,7.01E-09,8.14E-09,2.55E-09,3.82E-10,1.07E-08,8.28E-10,5.54E-09,1.32E-07,0,0,0,0,0,0,0,0,,,
355,1.55E-08,1.30E-08,1.09E-08,3.06E-09,2.80E-10,9.47E-09,1.53E-09,9.79E-09,2.26E-07,0,0,0,0,0,0,0,0,,,
356,2.53E-08,2.49E-08,1.41E-08,2.93E-09,2.93E-11,8.64E-09,1.51E-09,1.53E-08,3.22E-07,0,0,0,0,0,0,0,0,,,
357,2.50E-08,2.03E-08,1.54E-08,4.37E-09,6.05E-10,2.24E-08,2.15E-09,1.39E-08,3.44E-07,0,0,0,0,0,0,0,0,,,
358,4.09E-08,2.86E-08,1.66E-08,4.25E-09,4.39E-10,3.36E-08,1.18E-09,1.95E-08,3.09E-07,0,0,0,0,0,0,0,0,,,
359,3.74E-08,3.10E-08,2.64E-08,3.72E-09,4.25E-12,1.74E-08,3.06E-09,2.03E-08,4.43E-07,0,0,0,0,0,0,0,0,,,
360,3.82E-08,3.50E-08,2.57E-08,8.63E-09,4.37E-12,5.81E-09,2.03E-09,2.06E-08,5.38E-07,0,0,0,0,0,0,0,0,,,
361,4.87E-08,2.85E-08,2.50E-08,1.06E-08,2.58E-09,1.51E-09,3.95E-09,2.47E-08,4.64E-07,0,0,0,0,0,0,0,0,,,
362,4.96E-08,3.69E-08,3.61E-08,5.28E-09,1.21E-09,8.85E-09,7.51E-09,3.66E-08,4.00E-07,0,0,0,0,0,0,0,0,,,
363,6.49E-08,4.19E-08,4.23E-08,1.07E-08,2.16E-10,3.65E-08,5.30E-09,3.92E-08,5.40E-07,0,0,0,0,0,0,0,0,,,
364,5.38E-08,4.33E-08,3.87E-08,7.84E-09,1.36E-10,6.28E-08,3.75E-09,3.35E-08,4.21E-07,0,0,0,0,0,0,0,0,,,
365,6.10E-08,5.13E-08,3.25E-08,9.26E-09,7.26E-12,3.42E-08,4.38E-09,4.49E-08,3.15E-07,0,0,0,0,0,0,0,0,,,
366,6.36E-08,6.14E-08,4.90E-08,8.23E-09,7.85E-12,7.25E-09,1.53E-09,4.66E-08,5.62E-07,0,0,0,0,0,0,0,0,,,
367,8.50E-08,6.05E-08,3.61E-08,8.43E-09,8.47E-12,7.65E-09,2.08E-09,4.32E-08,9.08E-07,0,0,0,0,0,0,0,0,,,
368,6.27E-08,5.49E-08,3.87E-08,1.83E-08,9.07E-12,7.47E-09,1.40E-09,4.01E-08,1.34E-06,0,0,0,0,0,0,0,0,,,
369,1.04E-07,5.74E-08,3.92E-08,1.80E-08,4.63E-09,1.58E-08,2.20E-09,3.83E-08,1.29E-06,0,0,0,0,0,0,0,0,,,
370,7.95E-08,6.46E-08,6.20E-08,1.75E-08,1.96E-09,8.94E-08,9.37E-10,5.12E-08,1.26E-06,0,0,0,0,0,0,0,0,,,
371,1.10E-07,6.67E-08,4.16E-08,8.22E-09,1.09E-11,7.29E-08,2.88E-09,6.29E-08,9.60E-07,0,0,0,0,0,0,0,0,,,
372,1.40E-07,9.90E-08,5.32E-08,2.32E-08,1.14E-11,3.29E-08,5.70E-09,1.54E-07,8.56E-07,0,0,0,0,0,0,0,0,,,
373,1.19E-07,8.49E-08,5.75E-08,1.09E-08,1.20E-11,7.88E-09,1.10E-08,6.89E-07,1.02E-06,0,0,0,0,0,0,0,0,,,
374,1.64E-07,7.85E-08,5.97E-08,2.35E-08,9.89E-10,1.29E-07,2.55E-08,1.65E-06,7.99E-07,0,0,0,0,0,0,0,0,,,
375,1.95E-07,8.24E-08,7.82E-08,3.54E-08,3.82E-10,1.65E-07,1.63E-08,2.25E-06,5.80E-07,0,0,0,0,0,0,0,0,,,
376,1.24E-07,1.14E-07,1.17E-07,2.21E-08,1.37E-11,5.69E-08,1.39E-08,1.82E-06,5.07E-07,0,0,0,0,0,0,0,0,,,
377,1.77E-07,2.71E-07,1.79E-07,2.52E-08,1.36E-08,6.62E-09,2.26E-08,1.20E-06,3.35E-07,0,0,0,0,0,0,0,0,,,
378,1.69E-07,6.54E-07,2.04E-07,1.96E-08,5.10E-09,8.12E-08,2.47E-08,6.48E-07,4.03E-07,0,0,0,0,0,0,0,0,,,
379,1.62E-07,1.40E-06,1.49E-07,2.70E-08,1.53E-11,1.03E-07,1.49E-08,3.65E-07,5.38E-07,0,0,0,0,0,0,0,0,,,
380,1.70E-07,3.20E-06,7.92E-08,1.78E-08,1.61E-11,3.99E-08,3.25E-09,2.37E-07,5.88E-07,0,0,0,0,0,0,0,0,,,
381,1.56E-07,7.29E-06,6.49E-08,1.85E-08,1.70E-11,3.05E-08,1.31E-08,1.81E-07,1.01E-06,0,0,0,0,0,0,0,0,,,
382,1.76E-07,1.39E-05,9.01E-08,2.36E-08,1.79E-11,1.78E-07,1.34E-08,1.41E-07,9.48E-07,0,0,0,0,0,0,0,0,,,
383,2.09E-07,2.33E-05,7.83E-08,2.90E-08,1.87E-11,1.49E-07,4.51E-08,1.50E-07,8.13E-07,0,0,0,0,0,0,0,0,,,
384,1.85E-07,3.36E-05,7.01E-08,2.16E-08,1.95E-11,4.48E-08,1.08E-07,1.55E-07,8.39E-07,0,0,0,0,0,0,0,0,,,
385,1.51E-07,4.57E-05,1.19E-07,4.85E-08,2.01E-11,1.85E-08,1.05E-07,1.49E-07,1.18E-06,0,0,0,0,0,0,0,0,,,
386,1.83E-07,8.02E-05,8.69E-08,1.76E-08,9.53E-09,1.63E-07,6.15E-08,1.46E-07,1.49E-06,0,0,0,0,0,0,0,0,,,
387,2.60E-07,0.000132177,8.28E-08,3.27E-08,8.36E-09,1.92E-07,3.30E-08,1.32E-07,1.72E-06,0,0,0,0,0,0,0,0,,,
388,1.91E-07,0.00019272,1.15E-07,2.96E-08,1.69E-09,5.51E-08,3.14E-08,2.17E-07,1.47E-06,0,0,0,0,0,0,0,0,,,
389,2.22E-07,0.000304506,1.35E-07,3.70E-08,2.29E-11,1.44E-08,3.76E-08,2.95E-07,1.22E-06,0,0,0,0,0,0,0,0,,,
390,2.27E-07,0.000621596,1.25E-07,4.01E-08,2.37E-11,1.01E-07,3.52E-08,5.26E-07,4.00E-07,0,0,0,0,0,0,0,0,,,
391,3.03E-07,0.001108102,1.19E-07,2.45E-08,2.45E-11,1.82E-07,2.19E-08,1.28E-06,9.90E-07,0,0,0,0,0,0,0,0,,,
392,1.81E-07,0.001855553,1.54E-07,2.42E-08,2.52E-11,1.23E-07,1.11E-08,1.60E-06,9.18E-07,0,0,0,0,0,0,0,0,,,
393,2.74E-07,0.003157365,1.84E-07,3.77E-08,2.58E-11,9.27E-08,3.67E-09,1.23E-06,1.96E-07,0,0,0,0,0,0,0,0,,,
394,3.06E-07,0.008299807,1.65E-07,4.37E-08,2.67E-11,1.05E-07,8.45E-08,6.25E-07,1.99E-09,0,0,0,0,0,0,0,0,,,
395,3.11E-07,0.022623082,2.39E-07,4.92E-08,3.17E-08,2.50E-07,2.73E-07,2.69E-07,4.28E-11,0,0,0,0,0,0,0,0,,,
396,3.47E-07,0.041742183,3.27E-07,1.17E-08,7.68E-08,2.72E-07,4.04E-07,2.48E-07,2.28E-08,0,0,0,0,0,0,0,0,,,
397,2.82E-07,0.063454293,4.64E-07,1.21E-08,9.64E-08,1.50E-07,2.37E-07,2.46E-07,2.36E-08,0,0,0,0,0,0,0,0,,,
398,3.58E-07,0.146051156,6.67E-07,2.53E-08,4.49E-08,4.54E-07,8.42E-08,2.45E-07,4.71E-08,0,0,0,0,0,0,0,0,,,
399,3.47E-07,0.24900991,9.29E-07,1.80E-08,2.27E-08,8.79E-07,4.63E-08,3.62E-07,4.67E-08,0,0,0,0,0,0,0,0,,,
400,4.09E-07,0.352718014,1.10E-06,5.33E-08,4.45E-09,7.39E-07,6.53E-08,4.84E-07,1.09E-07,0,0,0,0,0,0,0,0,,,
401,4.54E-07,0.458010625,1.11E-06,1.97E-08,5.36E-09,4.70E-07,6.56E-08,1.12E-06,8.12E-08,0,0,0,0,0,0,0,0,,,
402,4.06E-07,0.531813121,1.11E-06,1.39E-08,4.86E-08,4.59E-07,6.71E-08,3.15E-06,1.52E-08,0,0,0,0,0,0,0,0,,,
403,4.18E-07,0.597852141,1.44E-06,3.34E-08,1.10E-07,2.36E-07,2.39E-08,4.72E-06,5.23E-09,0,0,0,0,0,0,0,0,,,
404,3.42E-07,0.624787185,1.88E-06,3.15E-08,1.25E-07,2.52E-07,2.80E-08,3.22E-06,3.23E-07,0,0,0,0,0,0,0,0,,,
405,4.34E-07,0.640349629,2.34E-06,6.67E-08,1.17E-07,5.98E-07,2.19E-08,9.89E-07,5.16E-07,0,0,0,0,0,0,0,0,,,
406,5.13E-07,0.652264903,2.65E-06,4.37E-08,5.83E-08,1.21E-06,1.45E-08,3.20E-07,1.10E-07,0,0,0,0,0,0,0,0,,,
407,7.13E-07,0.662413289,2.80E-06,1.39E-08,1.47E-08,1.44E-06,2.72E-09,2.89E-07,8.75E-08,0,0,0,0,0,0,0,0,,,
408,7.42E-07,0.677739093,2.93E-06,4.51E-08,1.49E-09,9.36E-07,1.10E-08,2.75E-07,2.27E-08,0,0,0,0,0,0,0,0,,,
409,8.29E-07,0.694590039,3.19E-06,3.92E-08,4.91E-08,9.95E-07,6.74E-08,2.89E-07,2.87E-10,0,0,0,0,0,0,0,0,,,
410,8.57E-07,0.70179146,3.85E-06,2.50E-08,9.34E-08,8.58E-07,2.81E-07,2.83E-07,5.75E-11,0,0,0,0,0,0,0,0,,,
411,9.01E-07,0.705851453,4.53E-06,2.92E-08,2.98E-08,7.07E-07,4.96E-07,3.97E-07,9.06E-08,0,0,0,0,0,0,0,0,,,
412,9.12E-07,0.717118362,4.97E-06,7.60E-08,1.78E-08,7.45E-07,3.74E-07,4.01E-07,2.15E-08,0,0,0,0,0,0,0,0,,,
413,1.06E-06,0.729628087,5.20E-06,2.30E-08,9.78E-09,5.39E-07,1.17E-07,5.24E-07,5.95E-08,0,0,0,0,0,0,0,0,,,
414,1.34E-06,0.742771569,6.05E-06,5.64E-08,1.45E-09,2.15E-07,2.87E-08,1.29E-06,3.65E-08,0,0,0,0,0,0,0,0,,,
415,1.83E-06,0.754697311,7.72E-06,3.39E-08,4.08E-11,2.44E-07,2.69E-08,2.84E-06,5.85E-09,0,0,0,0,0,0,0,0,,,
416,2.29E-06,0.766100269,9.70E-06,4.89E-08,4.11E-11,5.62E-07,9.91E-09,3.08E-06,6.33E-11,0,0,0,0,0,0,0,0,,,
417,2.45E-06,0.77952745,1.17E-05,4.63E-08,4.16E-11,6.48E-07,8.01E-09,1.97E-06,6.37E-11,0,0,0,0,0,0,0,0,,,
418,2.55E-06,0.792384143,1.31E-05,3.58E-08,1.72E-09,4.88E-07,8.14E-09,8.96E-07,5.53E-08,0,0,0,0,0,0,0,0,,,
419,2.72E-06,0.803109862,1.46E-05,6.15E-08,2.07E-08,9.38E-07,1.42E-09,6.08E-07,6.23E-08,0,0,0,0,0,0,0,0,,,
420,3.28E-06,0.812202509,1.72E-05,4.10E-08,4.25E-09,1.31E-06,3.46E-11,5.72E-07,7.74E-08,0,0,0,0,0,0,0,0,,,
421,4.34E-06,0.820402062,2.16E-05,3.01E-08,4.40E-11,1.17E-06,4.28E-08,7.15E-07,4.34E-08,0,0,0,0,0,0,0,0,,,
422,6.34E-06,0.826843266,2.75E-05,5.41E-08,5.27E-10,1.20E-06,2.99E-08,1.53E-06,7.85E-09,0,0,0,0,0,0,0,0,,,
423,8.74E-06,0.832563334,3.32E-05,4.76E-08,1.40E-10,2.04E-06,2.76E-08,2.61E-06,1.86E-08,0,0,0,0,0,0,0,0,,,
424,1.11E-05,0.841221967,3.91E-05,2.38E-08,3.22E-10,2.80E-06,4.60E-08,3.23E-06,3.59E-09,0,0,0,0,0,0,0,0,,,
425,1.27E-05,0.851096777,4.87E-05,4.95E-08,8.88E-09,2.41E-06,9.10E-08,2.50E-06,6.46E-11,0,0,0,0,0,0,0,0,,,
426,1.36E-05,0.862137325,6.73E-05,7.68E-08,6.73E-08,1.31E-06,6.15E-08,1.43E-06,2.14E-09,0,0,0,0,0,0,0,0,,,
427,1.53E-05,0.874177448,9.58E-05,3.55E-08,2.27E-07,8.99E-07,4.83E-08,7.99E-07,4.47E-10,0,0,0,0,0,0,0,0,,,
428,1.97E-05,0.884858812,0.000129472,3.43E-08,2.85E-07,8.67E-07,2.04E-08,6.12E-07,4.83E-08,0,0,0,0,0,0,0,0,,,
429,2.92E-05,0.893496892,0.000162408,6.53E-08,3.34E-07,7.75E-07,1.88E-08,5.01E-07,5.46E-08,0,0,0,0,0,0,0,0,,,
430,4.64E-05,0.898829202,0.000194453,4.56E-08,2.08E-07,4.26E-07,1.02E-08,6.89E-07,3.84E-08,0,0,0,0,0,0,0,0,,,
431,7.10E-05,0.903597529,0.000232936,1.55E-08,6.03E-08,4.31E-07,2.16E-08,1.26E-06,5.71E-08,0,0,0,0,0,0,0,0,,,
432,9.89E-05,0.899829306,0.000297654,4.15E-08,5.59E-09,3.39E-07,1.06E-08,1.73E-06,4.17E-07,0,0,0,0,0,0,0,0,,,
433,0.000123903,0.895902965,0.000405121,5.03E-08,4.16E-08,4.71E-07,2.28E-08,1.29E-06,6.81E-07,0,0,0,0,0,0,0,0,,,
434,0.000146221,0.901123702,0.000564085,4.60E-08,6.72E-09,4.51E-07,1.24E-08,7.01E-07,3.85E-07,0,0,0,0,0,0,0,0,,,
435,0.000176881,0.906618329,0.000783265,5.23E-08,5.02E-11,3.96E-07,1.76E-08,4.69E-07,8.24E-07,0,0,0,0,0,0,0,0,,,
436,0.000241331,0.917748486,0.001091254,6.84E-08,5.06E-11,4.31E-07,2.56E-08,4.70E-07,1.06E-06,0,0,0,0,0,0,0,0,,,
437,0.000383698,0.929733648,0.001581831,1.02E-07,5.10E-11,9.03E-07,6.26E-08,5.71E-07,7.64E-07,0,0,0,0,0,0,0,0,,,
438,0.000668055,0.942880041,0.002402253,1.95E-08,5.16E-11,6.66E-07,6.16E-08,5.41E-07,2.72E-07,0,0,0,0,0,0,0,0,,,
439,0.001149552,0.956474464,0.003618655,6.50E-08,2.18E-07,3.76E-07,4.15E-08,6.11E-07,2.44E-08,0,0,0,0,0,0,0,0,,,
440,0.001800792,0.968001124,0.005235303,1.21E-07,9.55E-07,4.63E-07,1.74E-08,7.57E-07,3.42E-08,0,0,0,0,0,0,0,0,,,
441,0.002535362,0.977618458,0.007452145,9.54E-08,1.35E-06,1.09E-06,3.41E-08,6.35E-07,3.05E-07,0,0,0,0,0,0,0,0,,,
442,0.003358927,0.984362694,0.010843651,9.95E-08,7.70E-07,7.21E-07,1.78E-08,6.57E-07,4.06E-08,0,0,0,0,0,0,0,0,,,
443,0.004561491,0.991958404,0.018203346,9.26E-08,1.62E-07,3.59E-07,2.60E-08,1.20E-06,1.03E-07,0,0,0,0,0,0,0,0,,,
444,0.018820824,0.996041481,0.034712095,2.14E-07,1.07E-08,4.27E-07,6.89E-08,1.73E-06,7.91E-07,0,0,0,0,0,0,0,0,,,
445,0.043712563,1,0.052313215,2.12E-07,1.25E-08,7.74E-07,2.12E-07,1.91E-06,3.42E-07,0,0,0,0,0,0,0,0,,,
446,0.066064808,0.974326698,0.078254637,2.63E-07,1.24E-09,4.51E-07,3.22E-07,1.36E-06,1.37E-07,0,0,0,0,0,0,0,0,,,
447,0.088556914,0.944121307,0.105681012,2.17E-07,5.11E-11,3.41E-07,1.80E-07,6.60E-07,1.32E-08,0,0,0,0,0,0,0,0,,,
448,0.111226284,0.809982609,0.172453315,1.93E-07,5.57E-11,5.93E-07,6.34E-08,3.82E-07,5.74E-08,0,0,0,0,0,0,0,0,,,
449,0.140150548,0.661871028,0.24433088,2.89E-07,7.09E-08,9.88E-07,5.84E-08,3.30E-07,3.03E-07,0,0,0,0,0,0,0,0,,,
450,0.202305875,0.472512087,0.370080146,3.59E-07,3.81E-07,6.27E-07,4.37E-08,4.58E-07,4.34E-07,0,0,0,0,0,0,0,0,,,
451,0.264962362,0.277316301,0.502990777,3.71E-07,7.73E-07,4.78E-07,4.98E-08,5.89E-07,1.26E-06,0,0,0,0,0,0,0,0,,,
452,0.328037823,0.170198351,0.586802551,2.94E-07,4.36E-07,3.84E-07,4.00E-08,5.73E-07,8.38E-07,0,0,0,0,0,0,0,0,,,
453,0.391512447,0.072139397,0.665634752,2.17E-07,6.81E-08,4.48E-07,1.06E-07,5.60E-07,1.35E-06,0,0,0,0,0,0,0,0,,,
454,0.446791742,0.042214137,0.713028457,3.71E-07,3.19E-09,7.60E-07,4.06E-07,5.35E-07,1.82E-06,0,0,0,0,0,0,0,0,,,
455,0.46065366,0.019614002,0.757148606,5.91E-07,5.72E-11,5.42E-07,1.02E-06,5.07E-07,1.47E-06,0,0,0,0,0,0,0,0,,,
456,0.474594357,0.009976239,0.775257611,6.95E-07,2.46E-08,4.90E-07,1.67E-06,4.76E-07,6.23E-07,0,0,0,0,0,0,0,0,,,
457,0.489046284,0.00468064,0.791570313,5.30E-07,4.70E-09,8.65E-07,1.53E-06,5.02E-07,1.66E-06,0,0,0,0,0,0,0,0,,,
458,0.503545894,0.002779749,0.800672013,3.74E-07,3.28E-08,7.95E-07,8.81E-07,5.25E-07,1.37E-06,0,0,0,0,0,0,0,0,,,
459,0.516202917,0.001634436,0.808258673,3.20E-07,1.37E-08,4.09E-07,4.20E-07,5.35E-07,6.59E-07,0,0,0,0,0,0,0,0,,,
460,0.522864669,0.00106939,0.812491912,3.85E-07,8.07E-09,2.31E-07,5.72E-07,5.79E-07,9.49E-08,0,0,0,0,0,0,0,0,,,
461,0.529788515,0.000651882,0.81680746,4.18E-07,6.50E-10,5.97E-07,1.58E-06,5.81E-07,1.12E-06,0,0,0,0,0,0,0,0,,,
462,0.536687822,0.000412528,0.822787896,3.73E-07,5.91E-11,1.21E-06,2.86E-06,5.22E-07,2.44E-06,0,0,0,0,0,0,0,0,,,
463,0.543680037,0.000265069,0.829027258,2.74E-07,5.95E-11,7.58E-07,3.03E-06,4.95E-07,1.62E-06,0,0,0,0,0,0,0,0,,,
464,0.549248118,0.000178485,0.831394924,2.23E-07,5.99E-11,9.19E-07,2.22E-06,5.50E-07,2.84E-06,0,0,0,0,0,0,0,0,,,
465,0.548303885,9.48E-05,0.832723783,2.19E-07,6.02E-11,8.60E-07,1.25E-06,7.53E-07,3.03E-06,0,0,0,0,0,0,0,0,,,
466,0.547289923,8.02E-05,0.829980687,2.63E-07,6.05E-11,7.80E-07,5.80E-07,2.83E-06,2.79E-06,0,0,0,0,0,0,0,0,,,
467,0.54668643,5.95E-05,0.827566244,4.25E-07,6.08E-11,1.08E-06,2.67E-07,9.94E-06,1.72E-06,0,0,0,0,0,0,0,0,,,
468,0.546071936,3.81E-05,0.834555848,5.75E-07,6.10E-11,5.44E-07,2.21E-07,1.57E-05,1.80E-06,0,0,0,0,0,0,0,0,,,
469,0.546248026,2.46E-05,0.842300496,5.54E-07,3.48E-08,6.20E-07,3.78E-07,1.38E-05,2.66E-06,0,0,0,0,0,0,0,0,,,
470,0.549066102,1.58E-05,0.846448785,4.61E-07,1.90E-09,5.87E-07,6.05E-07,6.43E-06,2.94E-06,0,0,0,0,0,0,0,0,,,
471,0.552013825,1.10E-05,0.850576067,3.75E-07,5.62E-11,4.79E-07,5.28E-07,1.95E-06,1.15E-06,0,0,0,0,0,0,0,0,,,
472,0.554971552,9.13E-06,0.856746309,3.36E-07,5.62E-11,4.38E-07,2.40E-07,7.80E-07,1.47E-06,0,0,0,0,0,0,0,0,,,
473,0.557573942,7.01E-06,0.862492671,4.52E-07,5.63E-11,8.84E-07,8.06E-08,5.89E-07,8.21E-07,0,0,0,0,0,0,0,0,,,
474,0.55931992,5.77E-06,0.872159815,5.72E-07,6.13E-11,1.32E-06,2.32E-08,6.95E-07,5.99E-07,0,0,0,0,0,0,0,0,,,
475,0.55835352,4.14E-06,0.882356758,6.92E-07,6.16E-11,1.08E-06,8.76E-09,6.61E-07,2.67E-08,0,0,0,0,0,0,0,0,,,
476,0.557435553,3.85E-06,0.882604029,5.40E-07,6.19E-11,1.46E-06,4.04E-10,6.69E-07,8.61E-08,0,0,0,0,0,0,0,0,,,
477,0.556808043,3.21E-06,0.882846428,4.14E-07,6.23E-11,1.82E-06,1.57E-08,7.32E-07,3.77E-09,0,0,0,0,0,0,0,0,,,
478,0.556226841,2.42E-06,0.889153537,3.59E-07,1.64E-09,1.50E-06,6.79E-10,7.46E-07,1.50E-08,0,0,0,0,0,0,0,0,,,
479,0.555607626,2.13E-06,0.894087695,2.98E-07,5.41E-09,1.47E-06,1.45E-09,8.61E-07,2.05E-07,0,0,0,0,0,0,0,0,,,
480,0.558024036,1.48E-06,0.900280939,3.13E-07,2.50E-10,6.14E-07,1.64E-09,1.26E-06,9.42E-07,0,0,0,0,0,0,0,0,,,
481,0.561420364,1.20E-06,0.908116517,3.93E-07,6.32E-11,5.99E-07,4.62E-09,2.32E-06,1.67E-06,0,0,0,0,0,0,0,0,,,
482,0.564768408,8.13E-07,0.905312438,5.23E-07,4.87E-08,7.14E-07,1.43E-09,7.85E-06,9.30E-07,0,0,0,0,0,0,0,0,,,
483,0.5677592,7.24E-07,0.901545558,6.37E-07,2.69E-09,1.15E-06,1.22E-08,2.24E-05,1.85E-06,0,0,0,0,0,0,0,0,,,
484,0.569624658,4.83E-07,0.902680179,6.84E-07,9.61E-11,3.80E-07,6.83E-09,3.48E-05,7.73E-07,0,0,0,0,0,0,0,0,,,
485,0.568423204,4.75E-07,0.904241533,6.00E-07,1.58E-08,3.00E-07,3.72E-08,2.35E-05,1.03E-07,0,0,0,0,0,0,0,0,,,
486,0.567146234,4.99E-07,0.910918563,5.68E-07,3.95E-10,7.78E-07,1.71E-08,7.67E-06,4.49E-08,0,0,0,0,0,0,0,0,,,
487,0.565855506,4.03E-07,0.917740893,5.41E-07,6.50E-11,1.82E-06,1.11E-08,1.75E-06,3.67E-07,0,0,0,0,0,0,0,0,,,
488,0.564489933,4.08E-07,0.930162468,5.62E-07,3.15E-08,2.11E-06,6.16E-09,1.06E-06,1.81E-07,0,0,0,0,0,0,0,0,,,
489,0.564196493,3.87E-07,0.942334243,6.17E-07,3.60E-08,1.58E-06,4.99E-09,8.50E-07,2.00E-07,0,0,0,0,0,0,0,0,,,
490,0.567437566,2.61E-07,0.953668678,8.40E-07,4.70E-10,5.98E-07,1.07E-08,8.11E-07,7.90E-08,0,0,0,0,0,0,0,0,,,
491,0.570811055,1.79E-07,0.965240253,1.18E-06,6.63E-11,5.07E-07,2.33E-09,7.97E-07,1.94E-07,0,0,0,0,0,0,0,0,,,
492,0.574194882,2.63E-07,0.965991987,1.81E-06,1.17E-08,5.61E-07,7.22E-11,7.89E-07,2.52E-07,0,0,0,0,0,0,0,0,,,
493,0.577339382,3.05E-07,0.966221258,3.06E-06,5.37E-08,7.50E-07,5.74E-11,8.23E-07,4.42E-07,0,0,0,0,0,0,0,0,,,
494,0.579116971,1.57E-07,0.966139342,5.02E-06,1.87E-10,4.11E-07,7.29E-09,8.93E-07,4.91E-07,0,0,0,0,0,0,0,0,,,
495,0.577926596,8.25E-08,0.966779499,8.58E-06,6.59E-11,2.70E-07,5.74E-11,1.52E-06,7.20E-07,0,0,0,0,0,0,0,0,,,
496,0.576723115,1.30E-07,0.974131001,1.38E-05,6.60E-11,4.75E-07,2.54E-08,3.66E-06,9.11E-07,0,0,0,0,0,0,0,0,,,
497,0.57488542,2.03E-07,0.980446893,2.12E-05,2.25E-10,8.06E-07,2.23E-08,4.44E-06,1.71E-07,0,0,0,0,0,0,0,0,,,
498,0.573038026,4.10E-07,0.9857965,3.28E-05,3.55E-08,3.16E-07,6.71E-09,2.37E-06,5.69E-08,0,0,0,0,0,0,0,0,,,
499,0.574418356,1.76E-07,0.992526042,5.22E-05,1.73E-10,4.55E-07,1.01E-08,8.48E-07,5.91E-08,0,0,0,0,0,0,0,0,,,
500,0.581434613,1.04E-07,0.996659837,9.08E-05,1.19E-08,9.65E-07,1.15E-10,7.72E-07,1.54E-07,0,0,0,0,0,0,0,0,,,
501,0.588040705,1.36E-07,1,0.000176031,6.96E-09,5.33E-07,5.13E-09,7.19E-07,4.27E-07,0,0,0,0,0,0,0,0,,,
502,0.594606695,1.07E-07,0.999595185,0.000380367,5.58E-08,6.30E-07,5.08E-09,6.78E-07,4.63E-07,0,0,0,0,0,0,0,0,,,
503,0.60177876,3.83E-07,0.999738327,0.000934115,2.09E-08,9.66E-07,4.19E-08,7.28E-07,1.13E-06,0,0,0,0,0,0,0,0,,,
504,0.606951654,8.72E-08,0.977139094,0.002443424,3.64E-08,1.26E-06,5.94E-08,7.24E-07,4.92E-07,0,0,0,0,0,0,0,0,,,
505,0.607429856,1.33E-07,0.953073418,0.00650749,1.74E-07,5.49E-07,1.76E-08,7.22E-07,9.65E-08,0,0,0,0,0,0,0,0,,,
506,0.607970198,2.64E-07,0.902709837,0.025301798,7.27E-08,4.03E-07,9.42E-09,7.36E-07,5.57E-08,0,0,0,0,0,0,0,0,,,
507,0.608376505,3.49E-07,0.850846982,0.046913231,1.96E-07,4.88E-07,1.29E-08,8.04E-07,6.76E-08,0,0,0,0,0,0,0,0,,,
508,0.608779498,1.68E-07,0.759756764,0.123196294,3.01E-07,1.24E-06,7.09E-09,7.86E-07,6.42E-09,0,0,0,0,0,0,0,0,,,
509,0.610325194,1.42E-07,0.6670737,0.203629768,2.97E-07,8.24E-07,3.55E-10,7.75E-07,2.15E-07,0,0,0,0,0,0,0,0,,,
510,0.613992774,1.82E-07,0.53433266,0.402340416,4.83E-07,4.20E-07,1.04E-08,7.45E-07,1.44E-07,0,0,0,0,0,0,0,0,,,
511,0.61806892,2.42E-07,0.402312208,0.597531279,6.31E-07,4.44E-07,3.48E-08,7.03E-07,2.79E-07,0,0,0,0,0,0,0,0,,,
512,0.622159947,1.51E-07,0.29697785,0.666285788,6.02E-07,8.46E-07,4.01E-09,6.75E-07,7.13E-07,0,0,0,0,0,0,0,0,,,
513,0.625862813,8.97E-08,0.193127961,0.732923762,4.81E-07,5.86E-07,3.91E-08,6.36E-07,2.25E-07,0,0,0,0,0,0,0,0,,,
514,0.628643563,1.27E-07,0.140870666,0.751953948,4.32E-07,4.31E-07,2.54E-08,6.43E-07,4.68E-07,0,0,0,0,0,0,0,0,,,
515,0.629662441,5.51E-08,0.088883095,0.770193246,2.51E-07,4.45E-07,2.75E-08,6.54E-07,4.41E-07,0,0,0,0,0,0,0,0,,,
516,0.630748129,1.36E-07,0.064245956,0.770152272,2.36E-07,5.94E-07,2.59E-09,6.76E-07,1.76E-07,0,0,0,0,0,0,0,0,,,
517,0.631765405,3.05E-07,0.041109393,0.770933734,3.04E-07,5.33E-07,8.29E-09,8.50E-07,7.23E-08,0,0,0,0,0,0,0,0,,,
518,0.632781822,1.63E-07,0.028493528,0.789328151,3.35E-07,7.89E-07,4.43E-08,9.58E-07,3.09E-09,0,0,0,0,0,0,0,0,,,
519,0.634534788,1.68E-07,0.019209203,0.807333106,5.27E-07,1.07E-06,4.30E-09,1.05E-06,5.77E-08,0,0,0,0,0,0,0,0,,,
520,0.636876903,8.61E-08,0.009943564,0.808172447,6.71E-07,4.49E-07,3.83E-08,1.15E-06,9.17E-08,0,0,0,0,0,0,0,0,,,
521,0.639087478,2.71E-07,0.006878899,0.807974457,8.68E-07,3.79E-07,1.64E-08,1.20E-06,7.24E-07,0,0,0,0,0,0,0,0,,,
522,0.641233908,2.87E-07,0.004829249,0.793759158,7.75E-07,7.52E-07,1.29E-08,1.65E-06,3.41E-06,0,0,0,0,0,0,0,0,,,
523,0.642971558,1.88E-07,0.003332024,0.780798628,5.88E-07,3.63E-07,8.99E-11,1.80E-06,9.97E-06,0,0,0,0,0,0,0,0,,,
524,0.64680729,1.04E-07,0.002312819,0.795239026,5.09E-07,2.73E-07,7.02E-10,1.50E-06,1.07E-05,0,0,0,0,0,0,0,0,,,
525,0.653692807,9.43E-08,0.001575502,0.808500742,3.05E-07,2.69E-07,1.35E-08,1.15E-06,4.64E-06,0,0,0,0,0,0,0,0,,,
526,0.660592048,2.14E-07,0.00114202,0.810791514,3.09E-07,1.79E-07,7.79E-08,8.44E-07,8.05E-07,0,0,0,0,0,0,0,0,,,
527,0.668363948,4.19E-07,0.00084523,0.814255184,3.23E-07,2.32E-07,3.15E-07,7.74E-07,5.93E-07,0,0,0,0,0,0,0,0,,,
528,0.676168418,1.41E-07,0.0006362,0.819354425,1.56E-07,2.68E-07,1.03E-06,6.98E-07,8.78E-08,0,0,0,0,0,0,0,0,,,
529,0.68210813,2.17E-07,0.000490381,0.824768414,2.78E-07,9.77E-07,1.43E-06,6.93E-07,1.13E-07,0,0,0,0,0,0,0,0,,,
530,0.685313576,1.83E-07,0.0003893,0.835956599,2.17E-07,9.03E-07,1.06E-06,7.66E-07,9.06E-07,0,0,0,0,0,0,0,0,,,
531,0.688454036,2.15E-07,0.00031988,0.846066207,3.10E-07,6.19E-07,4.17E-07,7.66E-07,1.93E-07,0,0,0,0,0,0,0,0,,,
532,0.691602507,4.21E-07,0.000271506,0.844425864,2.88E-07,7.53E-07,1.32E-07,8.10E-07,1.17E-10,0,0,0,0,0,0,0,0,,,
533,0.69416517,2.34E-07,0.000233871,0.840135355,4.35E-07,1.44E-06,1.28E-07,7.77E-07,6.64E-08,0,0,0,0,0,0,0,0,,,
534,0.696557233,5.53E-07,0.000198599,0.815314461,5.95E-07,1.41E-06,2.01E-07,7.66E-07,8.09E-07,0,0,0,0,0,0,0,0,,,
535,0.699033515,9.26E-07,0.000161645,0.793518833,6.64E-07,5.50E-07,9.94E-07,7.41E-07,1.24E-06,0,0,0,0,0,0,0,0,,,
536,0.701514609,5.20E-07,0.000126943,0.798022508,8.33E-07,4.26E-07,1.90E-06,7.40E-07,1.48E-06,0,0,0,0,0,0,0,0,,,
537,0.704000532,2.95E-07,9.59E-05,0.804374153,9.08E-07,5.19E-07,1.64E-06,7.82E-07,2.50E-06,0,0,0,0,0,0,0,0,,,
538,0.70649127,7.86E-08,7.23E-05,0.828444666,9.29E-07,9.97E-07,5.33E-07,8.71E-07,2.69E-06,0,0,0,0,0,0,0,0,,,
539,0.709104868,3.24E-07,5.61E-05,0.851454698,9.26E-07,7.36E-07,4.27E-08,9.21E-07,1.55E-06,0,0,0,0,0,0,0,0,,,
540,0.711647763,1.81E-07,4.42E-05,0.86158226,9.06E-07,3.55E-07,3.56E-08,9.90E-07,7.33E-08,0,0,0,0,0,0,0,0,,,
541,0.713358033,2.36E-07,3.68E-05,0.870331747,9.17E-07,4.01E-07,3.47E-08,1.21E-06,7.83E-09,0,0,0,0,0,0,0,0,,,
542,0.715145339,3.67E-08,3.16E-05,0.87573564,8.90E-07,5.24E-07,1.99E-08,1.36E-06,1.41E-07,0,0,0,0,0,0,0,0,,,
543,0.717393588,6.54E-08,2.83E-05,0.880809555,9.56E-07,7.19E-07,5.65E-08,1.41E-06,5.64E-07,0,0,0,0,0,0,0,0,,,
544,0.719221375,2.80E-08,2.51E-05,0.878370318,8.78E-07,1.11E-06,1.89E-07,1.41E-06,1.51E-08,0,0,0,0,0,0,0,0,,,
545,0.72049339,8.92E-08,2.22E-05,0.87631363,8.05E-07,8.66E-07,2.94E-07,1.28E-06,1.82E-07,0,0,0,0,0,0,0,0,,,
546,0.721842205,1.68E-07,1.97E-05,0.877505657,7.36E-07,6.08E-07,1.53E-07,1.24E-06,5.30E-07,0,0,0,0,0,0,0,0,,,
547,0.723190986,7.39E-08,1.72E-05,0.878683627,7.48E-07,6.67E-07,4.53E-08,1.29E-06,3.29E-07,0,0,0,0,0,0,0,0,,,
548,0.724539734,9.97E-08,1.50E-05,0.879767851,6.95E-07,7.96E-07,1.38E-08,1.50E-06,9.65E-08,0,0,0,0,0,0,0,0,,,
549,0.726597144,1.31E-07,1.34E-05,0.881863696,5.96E-07,1.06E-06,1.66E-08,1.94E-06,6.66E-07,0,0,0,0,0,0,0,0,,,
550,0.729823619,2.52E-07,1.22E-05,0.893388965,6.63E-07,1.42E-06,4.12E-08,2.81E-06,3.47E-06,0,0,0,0,0,0,0,0,,,
551,0.732587757,1.94E-07,1.13E-05,0.90416325,7.29E-07,1.40E-06,1.82E-09,3.60E-06,4.73E-06,0,0,0,0,0,0,0,0,,,
552,0.735433223,1.65E-07,1.03E-05,0.91360672,7.16E-07,9.23E-07,1.47E-08,3.83E-06,3.16E-06,0,0,0,0,0,0,0,0,,,
553,0.73836104,4.05E-07,9.52E-06,0.923875486,8.33E-07,9.67E-07,1.73E-08,3.56E-06,1.30E-06,0,0,0,0,0,0,0,0,,,
554,0.741108585,8.43E-08,8.87E-06,0.93890721,7.83E-07,1.07E-06,1.03E-10,2.89E-06,9.19E-09,0,0,0,0,0,0,0,0,,,
555,0.744598625,6.09E-08,7.92E-06,0.954442571,6.64E-07,1.70E-06,7.41E-10,2.40E-06,5.62E-07,0,0,0,0,0,0,0,0,,,
556,0.748178859,1.00E-07,6.69E-06,0.965267498,6.97E-07,9.94E-07,3.02E-09,2.22E-06,3.29E-06,0,0,0,0,0,0,0,0,,,
557,0.751369343,6.73E-08,5.69E-06,0.973630887,8.63E-07,8.73E-07,4.76E-10,2.43E-06,3.93E-07,0,0,0,0,0,0,0,0,,,
558,0.754567754,1.30E-07,5.32E-06,0.969668232,9.15E-07,1.03E-06,7.63E-09,2.76E-06,1.22E-07,0,0,0,0,0,0,0,0,,,
559,0.756947156,8.22E-08,4.56E-06,0.966504246,1.18E-06,1.82E-06,3.28E-08,3.53E-06,4.61E-07,0,0,0,0,0,0,0,0,,,
560,0.758863192,1.58E-07,3.97E-06,0.971331854,1.58E-06,2.24E-06,1.20E-08,4.90E-06,2.24E-06,0,0,0,0,0,0,0,0,,,
561,0.760131967,1.11E-07,3.90E-06,0.9745163,1.91E-06,1.33E-06,3.61E-09,6.43E-06,1.78E-07,0,0,0,0,0,0,0,0,,,
562,0.76148055,5.75E-08,3.69E-06,0.973074899,2.28E-06,1.59E-06,2.46E-08,7.12E-06,5.74E-08,0,0,0,0,0,0,0,0,,,
563,0.763725261,1.00E-07,3.32E-06,0.970840438,3.21E-06,2.36E-06,3.36E-08,6.38E-06,1.98E-07,0,0,0,0,0,0,0,0,,,
564,0.766616765,6.31E-08,3.23E-06,0.957842185,4.34E-06,3.30E-06,5.90E-08,4.70E-06,1.11E-06,0,0,0,0,0,0,0,0,,,
565,0.770020038,4.08E-08,3.36E-06,0.945857093,5.75E-06,2.86E-06,2.09E-08,3.39E-06,8.93E-08,0,0,0,0,0,0,0,0,,,
566,0.773513529,1.37E-07,3.21E-06,0.94079396,7.76E-06,1.93E-06,1.24E-08,2.58E-06,1.54E-07,0,0,0,0,0,0,0,0,,,
567,0.776352052,1.40E-07,3.03E-06,0.938266715,1.09E-05,1.73E-06,7.61E-10,2.20E-06,2.02E-07,0,0,0,0,0,0,0,0,,,
568,0.779276514,7.45E-08,3.09E-06,0.953317789,1.60E-05,1.87E-06,8.84E-09,2.03E-06,3.79E-07,0,0,0,0,0,0,0,0,,,
569,0.782026075,5.22E-08,2.96E-06,0.968592756,2.40E-05,1.99E-06,2.96E-08,2.29E-06,7.58E-07,0,0,0,0,0,0,0,0,,,
570,0.784442092,9.99E-09,2.81E-06,0.983415349,3.79E-05,1.32E-06,1.46E-08,3.14E-06,3.37E-06,0,0,0,0,0,0,0,0,,,
571,0.787534476,2.06E-08,2.17E-06,0.996968127,6.29E-05,1.48E-06,1.72E-09,4.92E-06,1.34E-10,0,0,0,0,0,0,0,0,,,
572,0.790634561,3.27E-08,2.04E-06,1,0.000109397,2.11E-06,8.34E-09,7.80E-06,1.81E-07,0,0,0,0,0,0,0,0,,,
573,0.792811132,8.87E-08,2.29E-06,0.998773269,0.000197033,2.23E-06,1.03E-08,9.00E-06,9.60E-07,0,0,0,0,0,0,0,0,,,
574,0.794777824,7.39E-08,1.93E-06,0.982844114,0.000362417,1.33E-06,4.78E-08,6.81E-06,4.45E-07,0,0,0,0,0,0,0,0,,,
575,0.797053759,1.06E-07,1.77E-06,0.960087402,0.00067543,1.57E-06,2.07E-08,3.71E-06,1.14E-07,0,0,0,0,0,0,0,0,,,
576,0.799332794,2.39E-07,1.88E-06,0.903773577,0.001275568,2.12E-06,2.96E-09,2.03E-06,1.15E-07,0,0,0,0,0,0,0,0,,,
577,0.801786214,1.38E-07,1.63E-06,0.834078692,0.002447437,1.81E-06,1.31E-08,1.50E-06,3.07E-07,0,0,0,0,0,0,0,0,,,
578,0.804157825,1.41E-07,1.48E-06,0.704586263,0.004857091,1.22E-06,2.83E-10,1.20E-06,1.09E-06,0,0,0,0,0,0,0,0,,,
579,0.806603112,1.94E-07,1.67E-06,0.572296659,0.010250794,1.48E-06,1.02E-09,9.73E-07,1.05E-06,0,0,0,0,0,0,0,0,,,
580,0.808801498,1.96E-07,1.87E-06,0.428584201,0.034186993,2.08E-06,3.62E-10,8.62E-07,4.88E-08,0,0,0,0,0,0,0,0,,,
581,0.810483868,9.71E-08,1.83E-06,0.295352708,0.06768415,1.86E-06,1.51E-09,9.84E-07,1.19E-07,0,0,0,0,0,0,0,0,,,
582,0.812080135,1.07E-07,1.74E-06,0.208919208,0.160049269,1.34E-06,6.01E-09,8.64E-07,2.10E-07,0,0,0,0,0,0,0,0,,,
583,0.814459091,8.69E-08,1.66E-06,0.13186112,0.267846627,1.47E-06,1.17E-08,8.78E-07,7.45E-07,0,0,0,0,0,0,0,0,,,
584,0.81733603,4.55E-07,1.82E-06,0.093130451,0.437109924,1.74E-06,6.88E-08,9.30E-07,7.76E-08,0,0,0,0,0,0,0,0,,,
585,0.820277138,5.54E-07,1.51E-06,0.058639303,0.600527375,2.07E-06,8.83E-08,9.35E-07,1.67E-07,0,0,0,0,0,0,0,0,,,
586,0.823223827,2.26E-07,1.37E-06,0.041534606,0.739382502,2.04E-06,6.17E-09,9.73E-07,3.97E-07,0,0,0,0,0,0,0,0,,,
587,0.825647411,3.06E-07,1.70E-06,0.024860842,0.853639626,1.37E-06,8.69E-09,1.06E-06,1.25E-06,0,0,0,0,0,0,0,0,,,
588,0.828072899,2.33E-07,1.85E-06,0.016757673,0.873609116,1.49E-06,2.09E-08,9.44E-07,1.23E-06,0,0,0,0,0,0,0,0,,,
589,0.831768735,2.57E-07,1.88E-06,0.011033557,0.890733053,2.19E-06,1.82E-08,9.41E-07,3.34E-07,0,0,0,0,0,0,0,0,,,
590,0.835819426,1.13E-07,1.81E-06,0.00746956,0.894116565,2.79E-06,1.64E-08,9.58E-07,3.89E-07,0,0,0,0,0,0,0,0,,,
591,0.839521651,1.03E-07,2.13E-06,0.004962699,0.897948223,1.63E-06,2.33E-08,9.31E-07,8.03E-07,0,0,0,0,0,0,0,0,,,
592,0.843230557,3.13E-07,2.27E-06,0.003514844,0.904796835,1.76E-06,3.62E-08,9.25E-07,6.35E-07,0,0,0,0,0,0,0,0,,,
593,0.846946137,9.21E-08,1.95E-06,0.002528754,0.910799496,2.29E-06,1.96E-08,8.76E-07,6.16E-07,0,0,0,0,0,0,0,0,,,
594,0.848989619,9.51E-08,1.91E-06,0.00192662,0.913847781,2.72E-06,5.55E-09,9.52E-07,1.20E-06,0,0,0,0,0,0,0,0,,,
595,0.850734952,1.21E-07,1.89E-06,0.001485356,0.917961335,1.85E-06,1.03E-08,9.95E-07,2.00E-06,0,0,0,0,0,0,0,0,,,
596,0.852480072,1.28E-07,1.63E-06,0.00115118,0.922028664,1.77E-06,5.42E-09,1.27E-06,6.31E-07,0,0,0,0,0,0,0,0,,,
597,0.852951793,3.30E-07,1.69E-06,0.000896431,0.923650876,1.86E-06,2.03E-08,1.58E-06,3.13E-07,0,0,0,0,0,0,0,0,,,
598,0.853511843,8.74E-08,1.80E-06,0.000701929,0.921734736,2.34E-06,3.25E-08,1.56E-06,3.43E-07,0,0,0,0,0,0,0,0,,,
599,0.854898668,2.33E-07,2.41E-06,0.000550164,0.921949197,2.56E-06,1.38E-08,1.29E-06,3.52E-07,0,0,0,0,0,0,0,0,,,
600,0.856732672,7.26E-07,2.21E-06,0.000429259,0.928564164,2.22E-06,6.32E-10,8.52E-07,2.42E-07,0,0,0,0,0,0,0,0,,,
601,0.858476325,1.03E-06,2.27E-06,0.000335953,0.935504911,2.09E-06,9.36E-09,6.70E-07,3.34E-07,0,0,0,0,0,0,0,0,,,
602,0.860220815,6.55E-07,2.57E-06,0.000262528,0.943777907,2.69E-06,3.34E-08,6.39E-07,2.90E-07,0,0,0,0,0,0,0,0,,,
603,0.862518213,6.74E-07,2.02E-06,0.000207093,0.949655684,3.37E-06,2.91E-08,6.41E-07,3.46E-07,0,0,0,0,0,0,0,0,,,
604,0.865545608,5.69E-07,2.13E-06,0.000165169,0.945961996,3.62E-06,8.38E-09,6.19E-07,3.05E-07,0,0,0,0,0,0,0,0,,,
605,0.868371134,3.43E-07,3.64E-06,0.00013339,0.943255888,3.08E-06,2.93E-08,5.72E-07,2.55E-07,0,0,0,0,0,0,0,0,,,
606,0.871106283,2.23E-07,6.31E-06,0.000110057,0.945982334,3.22E-06,1.91E-08,5.66E-07,2.68E-07,0,0,0,0,0,0,0,0,,,
607,0.874870282,2.41E-07,1.01E-05,9.21E-05,0.952777537,4.30E-06,2.50E-08,5.71E-07,1.71E-07,0,0,0,0,0,0,0,0,,,
608,0.878737657,2.35E-07,1.27E-05,7.83E-05,0.968524657,5.54E-06,9.93E-09,5.34E-07,6.58E-07,0,0,0,0,0,0,0,0,,,
609,0.88078573,6.37E-07,1.03E-05,6.73E-05,0.981065361,6.36E-06,3.55E-08,6.43E-07,4.65E-07,0,0,0,0,0,0,0,0,,,
610,0.88240532,2.23E-07,4.88E-06,5.81E-05,0.987760992,7.47E-06,2.26E-08,6.11E-07,1.78E-07,0,0,0,0,0,0,0,0,,,
611,0.884685731,1.91E-07,1.51E-06,5.03E-05,0.993760258,9.54E-06,1.05E-08,6.05E-07,4.26E-07,0,0,0,0,0,0,0,0,,,
612,0.88706372,1.56E-07,4.95E-07,4.33E-05,0.99574881,1.21E-05,1.26E-10,6.17E-07,5.99E-07,0,0,0,0,0,0,0,0,,,
613,0.889350141,3.56E-07,4.48E-07,3.69E-05,0.996763647,1.62E-05,2.55E-09,5.98E-07,5.87E-07,0,0,0,0,0,0,0,0,,,
614,0.89018495,5.84E-07,4.56E-07,3.14E-05,0.995250928,2.36E-05,2.32E-08,6.18E-07,9.12E-07,0,0,0,0,0,0,0,0,,,
615,0.889950173,5.82E-07,1.67E-07,2.66E-05,0.993296068,3.60E-05,5.50E-08,6.28E-07,2.24E-07,0,0,0,0,0,0,0,0,,,
616,0.889805829,4.36E-07,1.78E-07,2.24E-05,0.991128113,5.51E-05,3.88E-08,6.05E-07,5.05E-07,0,0,0,0,0,0,0,0,,,
617,0.889656928,6.82E-07,2.38E-07,1.90E-05,0.99178863,8.67E-05,4.57E-08,6.90E-07,1.77E-06,0,0,0,0,0,0,0,0,,,
618,0.889503462,9.26E-07,1.60E-07,1.62E-05,1,0.000144572,4.65E-08,6.45E-07,1.92E-06,0,0,0,0,0,0,0,0,,,
619,0.890095536,1.09E-06,1.52E-07,1.41E-05,0.995810758,0.000247573,4.23E-09,6.29E-07,1.47E-07,0,0,0,0,0,0,0,0,,,
620,0.890987586,9.49E-07,2.42E-07,1.25E-05,0.958728903,0.000430439,4.72E-09,6.19E-07,1.15E-06,0,0,0,0,0,0,0,0,,,
621,0.892163724,9.48E-07,3.85E-07,1.11E-05,0.894575935,0.000763398,2.13E-08,6.93E-07,3.15E-06,0,0,0,0,0,0,0,0,,,
622,0.89333867,9.24E-07,2.43E-07,1.01E-05,0.760825229,0.001400485,3.15E-08,6.99E-07,1.23E-06,0,0,0,0,0,0,0,0,,,
623,0.893844102,1.00E-06,2.84E-07,9.41E-06,0.618921916,0.002686294,2.13E-08,6.74E-07,6.30E-08,0,0,0,0,0,0,0,0,,,
624,0.896717915,1.34E-06,3.49E-07,8.76E-06,0.458858755,0.008135913,1.11E-08,6.84E-07,1.02E-06,0,0,0,0,0,0,0,0,,,
625,0.901566509,2.13E-06,2.83E-07,8.23E-06,0.313789196,0.020324702,3.27E-08,7.12E-07,2.19E-06,0,0,0,0,0,0,0,0,,,
626,0.906525381,1.65E-06,2.37E-07,7.81E-06,0.204983613,0.0507769,4.86E-08,7.40E-07,2.43E-07,0,0,0,0,0,0,0,0,,,
627,0.91072068,4.95E-07,2.44E-07,7.36E-06,0.115536452,0.103420733,1.50E-08,7.03E-07,2.48E-07,0,0,0,0,0,0,0,0,,,
628,0.914825054,2.10E-07,4.19E-07,6.90E-06,0.073283432,0.206060559,1.36E-08,6.98E-07,1.57E-07,0,0,0,0,0,0,0,0,,,
629,0.91857585,3.21E-07,2.60E-07,6.59E-06,0.039797366,0.326500459,1.08E-08,7.05E-07,8.82E-07,0,0,0,0,0,0,0,0,,,
630,0.921832124,4.19E-07,1.98E-07,6.21E-06,0.026141464,0.487884482,2.08E-08,7.52E-07,2.60E-06,0,0,0,0,0,0,0,0,,,
631,0.924797637,1.55E-07,2.67E-07,5.83E-06,0.016237242,0.639230792,2.80E-08,7.16E-07,1.77E-06,0,0,0,0,0,0,0,0,,,
632,0.927865919,1.94E-07,3.04E-07,5.47E-06,0.011096979,0.76743159,3.32E-08,7.21E-07,2.32E-07,0,0,0,0,0,0,0,0,,,
633,0.931137559,1.80E-07,2.61E-07,5.08E-06,0.007460997,0.869105952,4.42E-08,6.89E-07,1.67E-06,0,0,0,0,0,0,0,0,,,
634,0.930915198,1.10E-07,2.23E-07,4.72E-06,0.0052316,0.910571792,1.52E-08,7.86E-07,3.99E-06,0,0,0,0,0,0,0,0,,,
635,0.928637416,1.01E-07,2.74E-07,4.42E-06,0.003642316,0.939472419,1.27E-08,8.10E-07,1.13E-06,0,0,0,0,0,0,0,0,,,
636,0.926252196,1.44E-07,1.95E-07,4.19E-06,0.002581841,0.941663029,2.21E-08,7.48E-07,2.40E-07,0,0,0,0,0,0,0,0,,,
637,0.925046166,3.39E-08,2.62E-07,4.03E-06,0.00182459,0.943693105,6.07E-08,7.82E-07,7.30E-07,0,0,0,0,0,0,0,0,,,
638,0.92382758,1.10E-07,2.62E-07,3.90E-06,0.001323271,0.94277593,3.99E-08,8.12E-07,1.71E-06,0,0,0,0,0,0,0,0,,,
639,0.923708007,1.16E-07,2.82E-07,3.69E-06,0.000973293,0.940512868,3.38E-08,7.55E-07,1.11E-06,0,0,0,0,0,0,0,0,,,
640,0.924272311,1.93E-07,3.01E-07,3.54E-06,0.000720773,0.937026465,2.15E-08,7.28E-07,2.85E-07,0,0,0,0,0,0,0,0,,,
641,0.925130997,2.51E-07,2.05E-07,3.41E-06,0.000542136,0.936372435,1.97E-08,8.17E-07,1.29E-07,0,0,0,0,0,0,0,0,,,
642,0.925987856,1.02E-07,2.44E-07,3.30E-06,0.000415688,0.940952036,3.03E-08,7.80E-07,9.25E-08,0,0,0,0,0,0,0,0,,,
643,0.926644685,1.85E-07,3.56E-07,3.14E-06,0.000326014,0.944857611,1.59E-08,8.69E-07,4.43E-07,0,0,0,0,0,0,0,0,,,
644,0.929642015,6.72E-08,2.71E-07,2.90E-06,0.000257343,0.947798378,1.06E-08,8.69E-07,5.65E-07,0,0,0,0,0,0,0,0,,,
645,0.933447524,5.99E-08,1.50E-07,2.85E-06,0.000202154,0.948758049,1.35E-08,7.62E-07,1.96E-07,0,0,0,0,0,0,0,0,,,
646,0.937258647,3.28E-08,2.52E-07,2.71E-06,0.000158725,0.945994046,3.20E-08,8.25E-07,7.32E-07,0,0,0,0,0,0,0,0,,,
647,0.941679994,4.61E-08,3.63E-07,2.58E-06,0.000124717,0.945438251,8.64E-08,8.51E-07,1.08E-06,0,0,0,0,0,0,0,0,,,
648,0.94621344,1.41E-07,2.25E-07,2.54E-06,9.72E-05,0.948102628,1.16E-07,8.35E-07,1.13E-07,0,0,0,0,0,0,0,0,,,
649,0.947423077,2.32E-07,2.03E-07,2.49E-06,7.51E-05,0.950462829,5.04E-08,8.55E-07,5.21E-07,0,0,0,0,0,0,0,0,,,
650,0.948010498,1.98E-07,3.61E-07,2.39E-06,5.83E-05,0.954847074,2.60E-08,8.71E-07,8.28E-07,0,0,0,0,0,0,0,0,,,
651,0.949104023,2.25E-07,3.00E-07,2.30E-06,4.62E-05,0.958042092,7.73E-08,8.66E-07,2.97E-07,0,0,0,0,0,0,0,0,,,
652,0.950298361,8.67E-08,2.28E-07,2.27E-06,3.73E-05,0.958166994,9.01E-08,8.52E-07,5.04E-07,0,0,0,0,0,0,0,0,,,
653,0.952206164,1.50E-07,2.59E-07,2.28E-06,3.02E-05,0.958978404,1.01E-07,9.04E-07,1.18E-06,0,0,0,0,0,0,0,0,,,
654,0.952751581,1.09E-07,1.99E-07,2.33E-06,2.45E-05,0.959733174,9.72E-08,9.44E-07,7.83E-07,0,0,0,0,0,0,0,0,,,
655,0.953043032,1.02E-07,1.92E-07,2.41E-06,2.08E-05,0.96246744,1.27E-07,9.79E-07,1.61E-07,0,0,0,0,0,0,0,0,,,
656,0.953328101,4.05E-08,1.87E-07,2.42E-06,1.79E-05,0.968391922,1.84E-07,9.63E-07,5.07E-07,0,0,0,0,0,0,0,0,,,
657,0.95156871,4.04E-08,3.67E-07,2.46E-06,1.51E-05,0.971835325,2.08E-07,1.03E-06,7.74E-07,0,0,0,0,0,0,0,0,,,
658,0.949804807,2.39E-07,2.10E-07,2.53E-06,1.27E-05,0.974542443,2.69E-07,1.05E-06,1.80E-07,0,0,0,0,0,0,0,0,,,
659,0.95143287,3.95E-07,2.50E-07,2.64E-06,1.09E-05,0.977947761,3.52E-07,1.03E-06,1.10E-06,0,0,0,0,0,0,0,0,,,
660,0.95340836,8.88E-08,5.76E-07,2.65E-06,9.47E-06,0.979027957,4.33E-07,1.10E-06,2.18E-06,0,0,0,0,0,0,0,0,,,
661,0.954464976,2.06E-07,1.70E-06,2.69E-06,8.06E-06,0.979915718,5.28E-07,1.10E-06,5.75E-07,0,0,0,0,0,0,0,0,,,
662,0.95552039,1.45E-07,1.98E-06,2.65E-06,6.71E-06,0.982075727,6.30E-07,1.12E-06,2.08E-07,0,0,0,0,0,0,0,0,,,
663,0.957703142,2.17E-07,1.18E-06,2.61E-06,5.81E-06,0.985987781,7.85E-07,1.10E-06,1.30E-06,0,0,0,0,0,0,0,0,,,
664,0.959770684,3.43E-07,6.59E-07,2.71E-06,5.03E-06,0.990888275,9.98E-07,1.11E-06,1.82E-06,0,0,0,0,0,0,0,0,,,
665,0.96057217,8.64E-08,7.05E-07,2.72E-06,4.33E-06,0.993074533,1.21E-06,1.28E-06,1.32E-07,0,0,0,0,0,0,0,0,,,
666,0.961474866,1.06E-07,1.23E-06,2.68E-06,3.89E-06,0.993010023,1.48E-06,1.27E-06,1.59E-06,0,0,0,0,0,0,0,0,,,
667,0.962169727,1.83E-07,1.64E-06,2.68E-06,3.41E-06,0.992517135,1.81E-06,1.28E-06,2.55E-06,0,0,0,0,0,0,0,0,,,
668,0.962965821,1.12E-07,1.07E-06,2.69E-06,2.96E-06,0.991788601,2.23E-06,1.28E-06,1.12E-07,0,0,0,0,0,0,0,0,,,
669,0.964124285,1.03E-07,5.63E-07,2.69E-06,2.76E-06,0.992587983,2.75E-06,1.35E-06,1.36E-06,0,0,0,0,0,0,0,0,,,
670,0.965318773,5.51E-08,3.45E-07,2.69E-06,2.62E-06,0.994892978,3.34E-06,1.46E-06,3.77E-06,0,0,0,0,0,0,0,0,,,
671,0.965890578,1.32E-07,3.29E-07,2.78E-06,2.36E-06,0.995692686,4.14E-06,1.41E-06,2.90E-06,0,0,0,0,0,0,0,0,,,
672,0.966563915,1.11E-07,3.89E-07,2.82E-06,2.20E-06,0.995266136,5.18E-06,1.45E-06,8.03E-08,0,0,0,0,0,0,0,0,,,
673,0.967442938,1.10E-07,3.09E-07,2.88E-06,1.94E-06,0.993771021,6.53E-06,1.54E-06,2.68E-06,0,0,0,0,0,0,0,0,,,
674,0.967613062,9.53E-08,2.40E-07,2.85E-06,1.67E-06,0.99023453,8.35E-06,1.66E-06,3.87E-06,0,0,0,0,0,0,0,0,,,
675,0.967636914,7.51E-08,2.31E-07,2.80E-06,1.53E-06,0.987455357,1.08E-05,1.65E-06,1.02E-07,0,0,0,0,0,0,0,0,,,
676,0.967657089,1.23E-07,3.98E-07,2.94E-06,1.44E-06,0.985805358,1.40E-05,1.69E-06,9.73E-08,0,0,0,0,0,0,0,0,,,
677,0.968297314,1.68E-07,3.80E-07,3.25E-06,1.39E-06,0.986747641,1.86E-05,1.79E-06,6.05E-08,0,0,0,0,0,0,0,0,,,
678,0.968934153,2.53E-07,1.56E-07,3.29E-06,1.32E-06,0.990545904,2.51E-05,1.80E-06,7.50E-07,0,0,0,0,0,0,0,0,,,
679,0.962114109,2.03E-07,2.78E-07,3.31E-06,1.38E-06,0.99291266,3.40E-05,1.91E-06,1.09E-06,0,0,0,0,0,0,0,0,,,
680,0.953845513,6.74E-08,3.05E-07,3.38E-06,1.34E-06,0.994943749,4.63E-05,2.07E-06,1.85E-07,0,0,0,0,0,0,0,0,,,
681,0.946786398,5.38E-08,2.45E-07,3.22E-06,1.08E-06,0.997795504,6.38E-05,2.02E-06,3.43E-07,0,0,0,0,0,0,0,0,,,
682,0.939696768,1.02E-07,2.84E-07,3.35E-06,1.03E-06,1,8.84E-05,2.12E-06,1.39E-06,0,0,0,0,0,0,0,0,,,
683,0.932276124,2.29E-07,3.27E-07,3.74E-06,1.03E-06,0.998589459,0.000122685,2.29E-06,1.70E-06,0,0,0,0,0,0,0,0,,,
684,0.933521097,2.30E-07,3.92E-07,3.89E-06,9.89E-07,0.992640667,0.00016969,2.27E-06,1.88E-10,0,0,0,0,0,0,0,0,,,
685,0.936453714,1.65E-07,3.96E-07,3.99E-06,9.65E-07,0.971426649,0.000234957,2.40E-06,7.96E-07,0,0,0,0,0,0,0,0,,,
686,0.93949182,1.42E-07,4.03E-07,4.03E-06,9.90E-07,0.929668868,0.00032491,2.52E-06,1.18E-06,0,0,0,0,0,0,0,0,,,
687,0.941927702,8.69E-08,3.71E-07,4.03E-06,9.62E-07,0.857784711,0.000450804,2.52E-06,1.50E-07,0,0,0,0,0,0,0,0,,,
688,0.94426344,1.96E-07,2.60E-07,3.86E-06,8.60E-07,0.746713906,0.000626368,2.66E-06,2.77E-07,0,0,0,0,0,0,0,0,,,
689,0.948615554,2.09E-07,3.87E-07,3.53E-06,8.93E-07,0.619011926,0.000872097,2.79E-06,3.58E-07,0,0,0,0,0,0,0,0,,,
690,0.953271465,2.99E-08,7.16E-07,3.09E-06,7.90E-07,0.469352023,0.001229772,2.83E-06,5.17E-08,0,0,0,0,0,0,0,0,,,
691,0.958450202,5.78E-08,1.10E-06,2.58E-06,7.85E-07,0.3377189,0.001758361,3.00E-06,1.12E-07,0,0,0,0,0,0,0,0,,,
692,0.963537804,2.88E-07,1.38E-06,2.06E-06,8.49E-07,0.228876564,0.00254062,3.22E-06,8.96E-07,0,0,0,0,0,0,0,0,,,
693,0.968636888,4.91E-07,1.08E-06,1.47E-06,6.90E-07,0.146230437,0.00376645,3.22E-06,1.06E-06,0,0,0,0,0,0,0,0,,,
694,0.9713116,3.13E-07,6.10E-07,1.14E-06,5.51E-07,0.096619471,0.00568116,3.39E-06,6.33E-08,0,0,0,0,0,0,0,0,,,
695,0.974363485,1.74E-07,4.11E-07,9.30E-07,6.08E-07,0.060715463,0.008802775,3.58E-06,5.27E-07,0,0,0,0,0,0,0,0,,,
696,0.977316526,2.35E-07,1.71E-07,6.87E-07,7.11E-07,0.041686381,0.013939988,3.63E-06,1.19E-06,0,0,0,0,0,0,0,0,,,
697,0.977960017,3.52E-07,9.47E-08,4.81E-07,6.17E-07,0.027014361,0.02241133,3.77E-06,7.60E-07,0,0,0,0,0,0,0,0,,,
698,0.978703634,3.36E-07,1.89E-07,3.97E-07,5.52E-07,0.018865593,0.042747368,3.89E-06,4.10E-07,0,0,0,0,0,0,0,0,,,
699,0.982268252,1.54E-07,1.77E-07,3.15E-07,5.07E-07,0.013093896,0.069919526,4.02E-06,9.76E-07,0,0,0,0,0,0,0,0,,,
700,0.985923005,1.13E-07,1.49E-07,2.32E-07,4.93E-07,0.009254615,0.11112626,4.12E-06,5.86E-07,0,0,0,0,0,0,0,0,,,
701,0.989054008,3.61E-07,1.47E-07,1.82E-07,5.70E-07,0.006486017,0.1757241,4.35E-06,2.07E-07,0,0,0,0,0,0,0,0,,,
702,0.992190274,4.57E-07,2.33E-07,1.78E-07,6.29E-07,0.004608121,0.267722239,4.57E-06,2.26E-07,0,0,0,0,0,0,0,0,,,
703,0.994796276,2.76E-07,2.87E-07,1.54E-07,6.26E-07,0.003262128,0.380959569,4.55E-06,1.87E-10,0,0,0,0,0,0,0,0,,,
704,0.99561978,2.06E-07,1.16E-07,1.19E-07,6.75E-07,0.002379464,0.51865799,4.73E-06,1.73E-06,0,0,0,0,0,0,0,0,,,
705,0.997199334,1.37E-07,2.37E-07,5.30E-08,8.01E-07,0.0017607,0.648627398,5.02E-06,2.43E-06,0,0,0,0,0,0,0,0,,,
706,0.998886422,9.30E-08,4.44E-07,8.25E-08,7.44E-07,0.001301025,0.769455413,5.06E-06,5.45E-07,0,0,0,0,0,0,0,0,,,
707,0.999390454,1.60E-07,4.94E-07,9.18E-08,5.92E-07,0.000966106,0.862117265,5.15E-06,4.79E-09,0,0,0,0,0,0,0,0,,,
708,1,1.50E-07,4.82E-07,6.25E-08,5.73E-07,0.000728416,0.924526063,5.33E-06,1.05E-06,0,0,0,0,0,0,0,0,,,
709,0.99938524,8.32E-08,5.37E-07,7.41E-08,5.26E-07,0.000559194,0.965839137,5.57E-06,3.26E-06,0,0,0,0,0,0,0,0,,,
710,0.998504378,9.99E-08,5.62E-07,4.25E-08,4.42E-07,0.000437422,0.98376335,5.80E-06,2.29E-06,0,0,0,0,0,0,0,0,,,
711,0.997725439,2.70E-08,5.82E-07,4.22E-08,4.50E-07,0.000349934,0.993443259,5.95E-06,1.84E-10,0,0,0,0,0,0,0,0,,,
712,0.996940801,3.42E-08,6.65E-07,7.37E-08,5.20E-07,0.000283079,0.994193338,6.09E-06,1.48E-06,0,0,0,0,0,0,0,0,,,
713,0.995935779,8.74E-08,8.51E-07,7.79E-08,4.96E-07,0.000229411,0.992842711,6.31E-06,2.86E-06,0,0,0,0,0,0,0,0,,,
714,0.994089769,1.24E-07,1.05E-06,7.45E-08,3.92E-07,0.000186856,0.98961857,6.46E-06,1.37E-06,0,0,0,0,0,0,0,0,,,
715,0.991730824,3.60E-07,1.12E-06,6.21E-08,3.90E-07,0.000153239,0.986363039,6.81E-06,1.83E-10,0,0,0,0,0,0,0,0,,,
716,0.989258617,3.44E-07,9.24E-07,6.17E-08,4.64E-07,0.000126078,0.983410219,7.16E-06,1.96E-07,0,0,0,0,0,0,0,0,,,
717,0.988059654,1.51E-07,6.14E-07,9.84E-08,5.15E-07,0.000103858,0.982267879,7.32E-06,1.36E-06,0,0,0,0,0,0,0,0,,,
718,0.986850126,1.26E-07,4.33E-07,5.97E-08,5.73E-07,8.51E-05,0.981667499,7.56E-06,1.46E-06,0,0,0,0,0,0,0,0,,,
719,0.986809689,1.18E-07,3.17E-07,2.20E-08,6.05E-07,6.95E-05,0.980525106,7.85E-06,2.96E-07,0,0,0,0,0,0,0,0,,,
720,0.986884129,1.82E-07,2.06E-07,7.49E-08,6.16E-07,5.75E-05,0.979476128,8.09E-06,1.84E-10,0,0,0,0,0,0,0,0,,,
721,0.986955221,1.43E-07,2.14E-07,1.10E-07,5.98E-07,4.85E-05,0.979488708,8.27E-06,1.63E-06,0,0,0,0,0,0,0,0,,,
722,0.987022965,6.82E-08,2.48E-07,7.61E-08,5.46E-07,4.04E-05,0.980539034,8.57E-06,1.61E-06,0,0,0,0,0,0,0,0,,,
723,0.987193868,1.62E-08,1.49E-07,3.86E-08,4.46E-07,3.34E-05,0.981916987,8.96E-06,3.83E-08,0,0,0,0,0,0,0,0,,,
724,0.985961568,5.52E-08,4.64E-08,6.13E-08,5.76E-07,2.92E-05,0.983508137,9.28E-06,6.54E-07,0,0,0,0,0,0,0,0,,,
725,0.984122271,1.21E-07,8.69E-08,7.29E-08,7.78E-07,2.67E-05,0.98546168,9.62E-06,9.06E-07,0,0,0,0,0,0,0,0,,,
726,0.98217094,1.79E-07,1.18E-07,5.59E-08,8.02E-07,2.33E-05,0.988148786,9.98E-06,2.72E-07,0,0,0,0,0,0,0,0,,,
727,0.980955583,1.17E-07,7.89E-08,3.35E-08,6.08E-07,1.86E-05,0.991019638,1.06E-05,6.71E-07,0,0,0,0,0,0,0,0,,,
728,0.979626769,5.48E-08,6.43E-08,3.13E-08,5.16E-07,1.54E-05,0.99326357,1.14E-05,2.26E-06,0,0,0,0,0,0,0,0,,,
729,0.979240079,3.04E-08,1.07E-07,3.26E-08,5.38E-07,1.44E-05,0.995766624,1.24E-05,1.50E-06,0,0,0,0,0,0,0,0,,,
730,0.978856089,2.14E-10,7.67E-08,3.85E-08,5.28E-07,1.34E-05,0.997920653,1.35E-05,3.28E-08,0,0,0,0,0,0,0,0,,,
731,0.977409585,1.68E-07,9.60E-08,6.65E-08,6.00E-07,1.17E-05,0.998935273,1.51E-05,2.25E-06,0,0,0,0,0,0,0,0,,,
732,0.976062859,1.60E-07,1.45E-07,8.56E-08,5.82E-07,9.66E-06,1,1.73E-05,1.96E-06,0,0,0,0,0,0,0,0,,,
733,0.974499827,7.85E-08,1.08E-07,1.15E-07,4.91E-07,8.15E-06,0.999090474,1.96E-05,6.44E-08,0,0,0,0,0,0,0,0,,,
734,0.974408191,2.47E-07,8.85E-08,7.19E-08,6.41E-07,7.31E-06,0.996746535,2.27E-05,5.57E-08,0,0,0,0,0,0,0,0,,,
735,0.974443681,1.93E-07,1.51E-07,1.39E-08,8.59E-07,6.56E-06,0.989472507,2.66E-05,1.33E-06,0,0,0,0,0,0,0,0,,,
736,0.9744763,2.50E-09,1.12E-07,4.33E-08,8.34E-07,6.17E-06,0.977856002,3.09E-05,1.13E-06,0,0,0,0,0,0,0,0,,,
737,0.97408445,4.48E-08,2.06E-08,4.58E-08,8.21E-07,5.78E-06,0.951836968,3.57E-05,1.86E-10,0,0,0,0,0,0,0,0,,,
738,0.973794849,1.47E-07,3.07E-08,2.77E-08,8.22E-07,5.09E-06,0.914104008,4.11E-05,9.75E-08,0,0,0,0,0,0,0,0,,,
739,0.974545581,3.76E-07,5.31E-08,6.45E-08,7.15E-07,4.19E-06,0.855264113,4.75E-05,8.88E-07,0,0,0,0,0,0,0,0,,,
740,0.975293869,3.09E-07,6.93E-08,8.29E-08,6.47E-07,3.55E-06,0.777953426,5.52E-05,6.62E-07,0,0,0,0,0,0,0,0,,,
741,0.97540651,6.20E-08,1.30E-07,8.17E-08,7.38E-07,3.63E-06,0.675996734,6.42E-05,3.35E-08,0,0,0,0,0,0,0,0,,,
742,0.975621905,1.38E-08,1.09E-07,1.05E-07,7.79E-07,3.79E-06,0.554394143,7.59E-05,2.21E-07,0,0,0,0,0,0,0,0,,,
743,0.975285125,5.02E-07,5.37E-08,9.22E-08,7.01E-07,3.33E-06,0.433604627,9.07E-05,6.82E-07,0,0,0,0,0,0,0,0,,,
744,0.973157353,6.54E-07,4.12E-08,9.15E-08,7.02E-07,2.97E-06,0.313759432,0.000111208,4.45E-07,0,0,0,0,0,0,0,0,,,
745,0.972602402,2.56E-07,6.37E-08,1.76E-07,7.32E-07,2.94E-06,0.220910301,0.000139533,2.30E-08,0,0,0,0,0,0,0,0,,,
746,0.972141208,8.70E-08,4.96E-08,2.49E-07,7.64E-07,2.54E-06,0.148756121,0.000176752,5.46E-08,0,0,0,0,0,0,0,0,,,
747,0.969675026,2.23E-07,8.30E-08,2.62E-07,7.88E-07,2.57E-06,0.098823841,0.000230674,1.49E-07,0,0,0,0,0,0,0,0,,,
748,0.967315912,3.71E-07,8.52E-08,3.66E-07,7.33E-07,3.12E-06,0.066379667,0.000305589,8.15E-08,0,0,0,0,0,0,0,0,,,
749,0.966381243,3.39E-07,9.19E-08,4.23E-07,7.96E-07,2.84E-06,0.044822313,0.000411794,1.49E-08,0,0,0,0,0,0,0,0,,,
750,0.965438319,3.53E-07,1.26E-07,5.37E-07,8.94E-07,2.24E-06,0.029190881,0.000562832,9.74E-08,0,0,0,0,0,0,0,0,,,
751,0.964069975,6.79E-07,1.88E-07,5.38E-07,9.18E-07,1.94E-06,0.020271551,0.000771062,6.37E-08,0,0,0,0,0,0,0,0,,,
752,0.96269456,7.20E-07,1.35E-07,6.68E-07,1.03E-06,2.09E-06,0.014332071,0.001065453,1.77E-10,0,0,0,0,0,0,0,0,,,
753,0.96010062,6.18E-07,1.53E-07,7.85E-07,9.85E-07,2.73E-06,0.010288687,0.001457118,1.76E-10,0,0,0,0,0,0,0,0,,,
754,0.958375835,7.26E-07,2.47E-07,7.57E-07,1.16E-06,2.26E-06,0.007464962,0.001969813,7.58E-07,0,0,0,0,0,0,0,0,,,
755,0.957894373,4.93E-07,2.91E-07,7.25E-07,1.47E-06,1.73E-06,0.00547448,0.002655116,7.11E-07,0,0,0,0,0,0,0,0,,,
756,0.957512109,4.21E-07,1.49E-07,6.38E-07,1.50E-06,1.77E-06,0.004061772,0.003473081,2.89E-07,0,0,0,0,0,0,0,0,,,
757,0.95733267,7.07E-07,2.59E-07,5.34E-07,1.61E-06,1.70E-06,0.003038201,0.004553857,1.91E-07,0,0,0,0,0,0,0,0,,,
758,0.957236457,4.62E-07,2.96E-07,5.41E-07,1.77E-06,1.64E-06,0.002296683,0.006015078,1.07E-06,0,0,0,0,0,0,0,0,,,
759,0.956450735,2.72E-07,1.29E-07,5.40E-07,1.74E-06,1.84E-06,0.001733698,0.007920719,8.16E-07,0,0,0,0,0,0,0,0,,,
760,0.955659615,2.63E-07,1.50E-07,4.79E-07,1.87E-06,2.44E-06,0.001309605,0.010390383,7.97E-08,0,0,0,0,0,0,0,0,,,
761,0.95444921,4.15E-07,1.16E-07,4.73E-07,1.98E-06,2.39E-06,0.001017767,0.013801402,3.15E-08,0,0,0,0,0,0,0,0,,,
762,0.953130703,5.58E-07,7.19E-08,4.83E-07,2.18E-06,1.81E-06,0.00080099,0.018370949,3.37E-07,0,0,0,0,0,0,0,0,,,
763,0.951964105,4.19E-07,7.21E-08,3.38E-07,2.38E-06,1.67E-06,0.000619732,0.027815498,3.34E-07,0,0,0,0,0,0,0,0,,,
764,0.950218438,2.41E-07,1.19E-07,3.70E-07,2.45E-06,1.43E-06,0.000482406,0.038575015,2.28E-07,0,0,0,0,0,0,0,0,,,
765,0.948672053,3.74E-07,1.96E-07,4.61E-07,2.63E-06,1.81E-06,0.000381057,0.058831192,2.40E-07,0,0,0,0,0,0,0,0,,,
766,0.947221166,3.95E-07,1.31E-07,4.50E-07,2.88E-06,2.08E-06,0.000304391,0.085411569,1.14E-06,0,0,0,0,0,0,0,0,,,
767,0.945557401,6.54E-07,7.42E-08,5.27E-07,3.03E-06,1.58E-06,0.000244592,0.133887411,1.34E-06,0,0,0,0,0,0,0,0,,,
768,0.944123591,7.23E-07,1.93E-07,4.90E-07,3.12E-06,1.23E-06,0.000198517,0.196499653,5.34E-07,0,0,0,0,0,0,0,0,,,
769,0.94416027,8.48E-07,1.45E-07,4.20E-07,3.39E-06,1.13E-06,0.000162242,0.287361189,3.55E-07,0,0,0,0,0,0,0,0,,,
770,0.944296332,9.60E-07,1.18E-07,2.70E-07,3.96E-06,1.99E-06,0.000133381,0.396166212,1.12E-06,0,0,0,0,0,0,0,0,,,
771,0.94299462,1.03E-06,1.75E-07,2.78E-07,4.75E-06,2.19E-06,0.00011069,0.508420316,3.35E-06,0,0,0,0,0,0,0,0,,,
772,0.941792196,1.16E-06,1.38E-07,2.65E-07,5.06E-06,1.28E-06,9.19E-05,0.623124806,1.74E-06,0,0,0,0,0,0,0,0,,,
773,0.942147725,1.60E-06,3.69E-08,2.05E-07,4.37E-06,1.23E-06,7.70E-05,0.719886383,3.46E-08,0,0,0,0,0,0,0,0,,,
774,0.942822884,1.63E-06,2.47E-08,1.69E-07,5.12E-06,1.53E-06,6.46E-05,0.805451119,1.66E-10,0,0,0,0,0,0,0,0,,,
775,0.94288055,1.56E-06,8.23E-08,1.56E-07,6.76E-06,1.69E-06,5.45E-05,0.870880799,3.02E-06,0,0,0,0,0,0,0,0,,,
776,0.942935638,1.51E-06,1.46E-07,1.25E-07,6.76E-06,1.58E-06,4.60E-05,0.924662553,1.77E-06,0,0,0,0,0,0,0,0,,,
777,0.944116727,1.89E-06,1.98E-07,1.51E-07,7.40E-06,1.35E-06,3.93E-05,0.961080036,1.66E-10,0,0,0,0,0,0,0,0,,,
778,0.945143979,1.85E-06,1.40E-07,1.73E-07,8.09E-06,1.72E-06,3.41E-05,0.986778791,9.02E-08,0,0,0,0,0,0,0,0,,,
779,0.9431221,1.60E-06,3.03E-07,1.02E-07,8.24E-06,1.78E-06,2.92E-05,0.99721228,1.69E-07,0,0,0,0,0,0,0,0,,,
780,0.941096451,1.72E-06,4.77E-07,1.19E-07,8.48E-06,1.38E-06,2.50E-05,1,3.63E-07,0,0,0,0,0,0,0,0,,,
781,0.939885029,2.16E-06,9.69E-07,1.67E-07,8.09E-06,1.10E-06,2.16E-05,0.998648313,5.05E-07,0,0,0,0,0,0,0,0,,,
782,0.938565801,3.18E-06,1.43E-06,1.26E-07,8.01E-06,1.65E-06,1.88E-05,0.994373238,5.83E-07,0,0,0,0,0,0,0,0,,,
783,0.936828081,4.73E-06,2.55E-06,6.44E-08,9.21E-06,2.08E-06,1.64E-05,0.990009731,6.01E-07,0,0,0,0,0,0,0,0,,,
784,0.933645757,6.94E-06,3.94E-06,1.06E-07,1.09E-05,1.39E-06,1.43E-05,0.985712719,5.20E-07,0,0,0,0,0,0,0,0,,,
785,0.930962621,9.39E-06,4.81E-06,1.47E-07,9.85E-06,9.29E-07,1.25E-05,0.981800565,1.67E-07,0,0,0,0,0,0,0,0,,,
786,0.928167686,1.09E-05,5.20E-06,6.86E-08,1.01E-05,1.61E-06,1.11E-05,0.977692102,3.92E-08,0,0,0,0,0,0,0,0,,,
787,0.92626953,1.15E-05,6.37E-06,6.83E-08,1.24E-05,1.93E-06,9.77E-06,0.973532737,1.15E-07,0,0,0,0,0,0,0,0,,,
788,0.924743602,8.12E-06,5.61E-06,1.09E-07,1.57E-05,1.53E-06,8.60E-06,0.968822751,4.92E-08,0,0,0,0,0,0,0,0,,,
789,0.924358718,1.11E-05,3.98E-06,1.52E-07,2.60E-05,1.32E-06,7.38E-06,0.962251197,8.57E-07,0,0,0,0,0,0,0,0,,,
790,0.923970716,1.26E-05,2.93E-06,1.08E-07,3.22E-05,1.02E-06,6.49E-06,0.955366057,1.58E-06,0,0,0,0,0,0,0,0,,,
791,0.923680053,1.27E-05,1.78E-06,8.00E-08,5.46E-05,9.66E-07,5.93E-06,0.948232162,6.49E-07,0,0,0,0,0,0,0,0,,,
792,0.923486712,1.23E-05,1.56E-06,5.82E-08,7.60E-05,1.04E-06,5.20E-06,0.941012254,3.62E-08,0,0,0,0,0,0,0,0,,,
793,0.917598893,1.11E-05,1.90E-06,4.61E-08,0.000118361,6.88E-07,4.68E-06,0.935461773,1.43E-06,0,0,0,0,0,0,0,0,,,
794,0.880926937,1.04E-05,2.53E-06,1.15E-07,0.000181664,4.85E-07,4.29E-06,0.930837334,1.53E-06,0,0,0,0,0,0,0,0,,,
795,0.843792308,1.06E-05,3.39E-06,1.22E-07,0.000274374,6.06E-07,3.83E-06,0.926106504,4.38E-07,0,0,0,0,0,0,0,0,,,
796,0.806682314,1.05E-05,4.09E-06,1.38E-07,0.00034615,5.10E-07,3.40E-06,0.921617698,1.83E-07,0,0,0,0,0,0,0,0,,,
797,0.769585015,1.19E-05,4.43E-06,1.23E-07,0.000463558,3.20E-07,3.13E-06,0.918815642,9.64E-07,0,0,0,0,0,0,0,0,,,
798,0.722013102,2.72E-05,6.80E-06,9.09E-08,0.000586866,2.94E-07,2.77E-06,0.916768388,7.90E-07,0,0,0,0,0,0,0,0,,,
799,0.623916805,2.68E-05,5.29E-06,4.93E-08,0.000709839,5.84E-08,2.52E-06,0.915873927,7.96E-07,0,0,0,0,0,0,0,0,,,
800,0.525529432,4.44E-05,5.07E-06,1.09E-08,0.000823789,2.50E-07,2.41E-06,0.915329585,4.57E-07,0,0,0,0,0,0,0,0,,,
801,0.426339703,4.82E-05,4.35E-06,2.32E-09,0.001102749,7.63E-07,2.30E-06,0.914263248,4.73E-07,0,0,0,0,0,0,0,0,,,
802,0.327060087,5.28E-05,3.58E-06,1.08E-09,0.001513397,5.26E-07,2.23E-06,0.913359275,2.53E-07,0,0,0,0,0,0,0,0,,,
803,0.239591764,5.71E-05,3.09E-06,4.10E-08,0.002370387,1.92E-07,1.85E-06,0.914350966,7.79E-07,0,0,0,0,0,0,0,0,,,
804,0.202234275,5.74E-05,3.16E-06,4.50E-08,0.00372916,4.89E-07,1.77E-06,0.915332987,5.55E-07,0,0,0,0,0,0,0,0,,,
805,0.164608042,5.07E-05,1.31E-06,3.74E-08,0.005672511,9.38E-07,1.71E-06,0.915310199,9.83E-08,0,0,0,0,0,0,0,0,,,
806,0.126882146,6.05E-05,1.32E-06,6.41E-08,0.00738492,6.38E-07,1.49E-06,0.915050963,1.13E-07,0,0,0,0,0,0,0,0,,,
807,0.087961567,5.68E-05,3.81E-06,6.00E-08,0.006711943,2.03E-07,1.51E-06,0.913587362,6.25E-07,0,0,0,0,0,0,0,0,,,
808,0.05266994,5.01E-05,3.42E-06,3.56E-08,0.004354988,3.17E-07,1.44E-06,0.911804716,5.44E-07,0,0,0,0,0,0,0,0,,,
809,0.040740812,4.05E-05,3.70E-06,1.16E-06,0.002762978,8.75E-07,1.30E-06,0.90907402,4.73E-07,0,0,0,0,0,0,0,0,,,
810,0.033673151,4.26E-05,3.58E-06,8.39E-06,0.001555916,1.46E-06,1.19E-06,0.905588559,1.43E-07,0,0,0,0,0,0,0,0,,,
811,0.021745018,4.36E-05,1.06E-06,1.36E-05,0.000918579,5.90E-07,9.90E-07,0.903036454,1.97E-07,0,0,0,0,0,0,0,0,,,
812,0.013097705,3.60E-05,1.76E-06,8.22E-06,0.000585721,4.81E-08,1.02E-06,0.900353244,1.40E-06,0,0,0,0,0,0,0,0,,,
813,0.007646384,3.90E-05,2.94E-06,1.31E-06,0.000375501,5.04E-08,9.25E-07,0.897435135,1.04E-06,0,0,0,0,0,0,0,0,,,
814,0.004076027,3.17E-05,4.44E-06,2.65E-08,0.000275639,5.69E-07,8.94E-07,0.894194174,5.00E-07,0,0,0,0,0,0,0,0,,,
815,0.003131683,3.26E-05,2.48E-06,3.65E-08,0.000231997,9.14E-07,8.22E-07,0.889897071,1.73E-07,0,0,0,0,0,0,0,0,,,
816,0.00244116,4.43E-05,1.07E-06,5.87E-08,0.000186143,5.52E-07,7.44E-07,0.88546765,2.47E-06,0,0,0,0,0,0,0,0,,,
817,0.001919894,3.61E-05,3.54E-06,2.18E-08,0.00015844,1.39E-07,6.50E-07,0.881932841,1.22E-06,0,0,0,0,0,0,0,0,,,
818,0.001514638,3.64E-05,2.83E-06,5.01E-09,0.000128414,5.21E-08,5.69E-07,0.878645286,1.06E-07,0,0,0,0,0,0,0,0,,,
819,0.001202824,2.98E-05,2.35E-06,2.47E-08,0.000121193,3.61E-07,4.27E-07,0.874154858,1.41E-10,0,0,0,0,0,0,0,0,,,
820,0.000970723,2.61E-05,2.47E-06,9.94E-09,0.000126491,4.76E-07,5.40E-07,0.869703178,6.69E-07,0,0,0,0,0,0,0,0,,,
821,0.000784722,1.59E-05,1.31E-06,4.61E-08,0.000130381,5.62E-07,6.15E-07,0.868078752,5.39E-07,0,0,0,0,0,0,0,0,,,
822,0.000635911,2.02E-05,2.31E-06,2.33E-08,9.70E-05,1.65E-07,5.72E-07,0.867308036,1.22E-07,0,0,0,0,0,0,0,0,,,
823,0.000522131,2.23E-05,1.42E-06,2.49E-09,7.01E-05,7.12E-08,3.80E-07,0.866641994,6.96E-07,0,0,0,0,0,0,0,0,,,
824,0.000430245,3.24E-05,2.36E-06,6.57E-11,5.34E-05,7.83E-07,2.76E-07,0.866174856,6.69E-07,0,0,0,0,0,0,0,0,,,
825,0.000357885,1.65E-05,2.36E-06,9.91E-09,4.33E-05,4.11E-07,3.69E-07,0.866191262,5.00E-07,0,0,0,0,0,0,0,0,,,
826,0.000296989,1.70E-05,2.44E-06,1.74E-08,3.42E-05,1.08E-07,4.70E-07,0.866303277,1.05E-06,0,0,0,0,0,0,0,0,,,
827,0.000248174,1.59E-05,1.95E-06,4.10E-08,2.99E-05,3.33E-08,4.30E-07,0.867062532,4.56E-07,0,0,0,0,0,0,0,0,,,
828,0.00020774,1.57E-05,1.93E-06,5.96E-08,1.91E-05,2.73E-07,3.74E-07,0.868175377,5.01E-07,0,0,0,0,0,0,0,0,,,
829,0.000177311,1.82E-05,1.85E-06,3.74E-08,1.17E-05,6.90E-07,3.07E-07,0.867908088,1.51E-07,0,0,0,0,0,0,0,0,,,
830,0.00015129,2.40E-05,1.27E-06,6.18E-08,9.93E-06,3.95E-07,3.31E-07,0.867268176,7.74E-07,0,0,0,0,0,0,0,0,,,
831,0.000128408,2.45E-05,2.38E-06,4.32E-08,1.20E-05,7.90E-08,4.07E-07,0.86412678,9.30E-07,0,0,0,0,0,0,0,0,,,
832,0.000108033,1.56E-05,4.32E-06,1.72E-08,1.03E-05,2.94E-08,3.50E-07,0.86075675,1.55E-06,0,0,0,0,0,0,0,0,,,
833,9.27E-05,1.73E-05,2.02E-05,1.39E-07,8.48E-06,4.63E-07,4.40E-07,0.858439335,1.02E-06,0,0,0,0,0,0,0,0,,,
834,7.91E-05,1.45E-05,4.06E-05,4.22E-08,6.61E-06,4.09E-07,1.42E-07,0.855967299,7.45E-07,0,0,0,0,0,0,0,0,,,
835,6.79E-05,2.14E-05,5.42E-05,1.52E-08,4.89E-06,3.90E-07,1.29E-07,0.852764912,3.29E-06,0,0,0,0,0,0,0,0,,,
836,5.87E-05,2.03E-05,5.96E-05,1.60E-08,4.83E-06,3.12E-07,1.88E-07,0.849745956,4.78E-06,0,0,0,0,0,0,0,0,,,
837,5.17E-05,1.89E-05,6.11E-05,5.23E-08,6.28E-06,6.04E-07,2.00E-07,0.845931041,3.67E-06,0,0,0,0,0,0,0,0,,,
838,4.53E-05,2.01E-05,6.09E-05,1.51E-07,5.70E-06,9.55E-07,2.39E-07,0.841838008,3.27E-06,0,0,0,0,0,0,0,0,,,
839,3.86E-05,1.42E-05,6.79E-05,7.23E-08,6.86E-06,5.38E-07,2.70E-07,0.837911147,1.19E-05,0,0,0,0,0,0,0,0,,,
840,3.42E-05,1.60E-05,7.75E-05,8.62E-08,7.53E-06,3.42E-07,3.59E-07,0.834055221,1.73E-05,0,0,0,0,0,0,0,0,,,
841,3.05E-05,1.39E-05,8.65E-05,9.43E-08,8.19E-06,6.89E-07,2.45E-07,0.830534201,1.53E-05,0,0,0,0,0,0,0,0,,,
842,2.62E-05,1.89E-05,9.52E-05,4.22E-08,8.21E-06,8.70E-07,2.61E-07,0.827058606,2.45E-05,0,0,0,0,0,0,0,0,,,
843,2.32E-05,1.78E-05,0.00010912,3.50E-09,7.14E-06,9.02E-07,1.90E-07,0.822313594,4.06E-05,0,0,0,0,0,0,0,0,,,
844,2.04E-05,7.58E-06,0.000124276,7.97E-08,7.12E-06,1.92E-07,4.86E-08,0.817223381,6.04E-05,0,0,0,0,0,0,0,0,,,
845,1.79E-05,4.32E-06,0.000134185,1.66E-07,8.52E-06,7.34E-11,8.52E-08,0.811548827,8.64E-05,0,0,0,0,0,0,0,0,,,
846,1.63E-05,7.20E-06,0.00014199,3.62E-08,8.47E-06,2.31E-07,3.11E-07,0.805865672,0.000126345,0,0,0,0,0,0,0,0,,,
847,2.24E-05,7.78E-06,0.000139452,1.29E-07,9.94E-06,1.11E-06,3.42E-07,0.797954585,0.000192928,0,0,0,0,0,0,0,0,,,
848,3.94E-05,2.73E-05,0.000141736,2.71E-06,8.16E-06,5.43E-06,7.72E-06,0.789844658,0.004046847,0,0,0,0,0,0,0,0,,,
849,3.88E-05,2.74E-05,0.000141158,3.39E-06,7.10E-06,9.57E-06,1.01E-05,0.782736649,0.004507025,0,0,0,0,0,0,0,0,,,
850,3.86E-05,2.92E-05,0.000149751,3.62E-06,6.28E-06,7.84E-06,8.17E-06,0.775662965,0.005001546,0,0,0,0,0,0,0,0,,,
851,3.65E-05,3.50E-05,0.000263922,3.10E-06,5.49E-06,1.30E-05,8.19E-06,0.769188719,0.005617093,0,0,0,0,0,0,0,0,,,
852,3.35E-05,2.24E-05,0.000307,3.20E-06,4.51E-06,9.90E-06,8.51E-06,0.762665521,0.006264531,0,0,0,0,0,0,0,0,,,
853,3.41E-05,2.65E-05,0.000303626,4.62E-06,4.24E-06,1.58E-05,1.00E-05,0.754386385,0.008002568,0,0,0,0,0,0,0,0,,,
854,3.28E-05,2.77E-05,0.000290971,3.52E-06,3.82E-06,5.61E-06,6.89E-06,0.746087952,0.010012277,0,0,0,0,0,0,0,0,,,
855,2.59E-05,2.39E-05,0.000274452,2.22E-06,3.73E-06,2.68E-06,4.35E-06,0.740032098,0.01549856,0,0,0,0,0,0,0,0,,,
856,3.23E-05,2.36E-05,0.000210676,2.12E-06,3.79E-06,6.06E-06,6.61E-06,0.734342281,0.021831264,0,0,0,0,0,0,0,0,,,
857,2.78E-05,1.27E-05,0.000147495,2.35E-06,3.61E-06,9.41E-06,7.75E-06,0.728287415,0.040846024,0,0,0,0,0,0,0,0,,,
858,2.67E-05,1.83E-05,0.00014953,2.22E-06,3.50E-06,1.10E-05,7.00E-06,0.722291256,0.062855857,0,0,0,0,0,0,0,0,,,
859,2.28E-05,2.05E-05,0.000137448,4.44E-06,4.38E-06,8.51E-06,6.57E-06,0.716169401,0.126096163,0,0,0,0,0,0,0,0,,,
860,2.14E-05,2.01E-05,0.000128274,4.40E-06,5.84E-06,9.49E-06,5.20E-06,0.71006423,0.19874434,0,0,0,0,0,0,0,0,,,
861,2.83E-05,1.88E-05,0.000102763,3.48E-06,7.17E-06,7.52E-06,6.08E-06,0.703132775,0.337751117,0,0,0,0,0,0,0,0,,,
862,2.81E-05,1.07E-05,8.10E-05,3.19E-06,1.05E-05,1.07E-05,7.17E-06,0.696030398,0.491628472,0,0,0,0,0,0,0,0,,,
863,2.17E-05,8.91E-06,6.73E-05,2.89E-06,1.49E-05,4.33E-06,7.48E-06,0.689069566,0.652625175,0,0,0,0,0,0,0,0,,,
864,1.84E-05,1.07E-05,5.41E-05,3.37E-06,1.96E-05,3.03E-06,5.46E-06,0.682176645,0.815397837,0,0,0,0,0,0,0,0,,,
865,1.77E-05,9.54E-06,4.31E-05,3.07E-06,2.59E-05,1.57E-06,5.30E-06,0.674009367,0.899596237,0,0,0,0,0,0,0,0,,,
866,1.86E-05,1.65E-05,4.09E-05,2.34E-06,2.70E-05,1.04E-06,7.21E-06,0.665702422,0.967753727,0,0,0,0,0,0,0,0,,,
867,1.61E-05,1.75E-05,5.90E-05,2.59E-06,2.72E-05,7.79E-06,5.08E-06,0.659268184,0.988618746,0,0,0,0,0,0,0,0,,,
868,1.65E-05,1.48E-05,5.72E-05,2.12E-06,2.07E-05,3.68E-06,4.50E-06,0.652958891,0.999739318,0,0,0,0,0,0,0,0,,,
869,2.04E-05,9.52E-06,4.89E-05,1.67E-06,1.58E-05,2.86E-06,5.41E-06,0.647777704,1,0,0,0,0,0,0,0,0,,,
870,2.07E-05,9.72E-06,3.77E-05,2.27E-06,9.83E-06,3.06E-06,3.41E-06,0.642743364,0.998070037,0,0,0,0,0,0,0,0,,,
871,1.86E-05,1.50E-05,2.91E-05,1.93E-06,6.06E-06,6.24E-06,6.68E-06,0.63752125,0.990193842,0,0,0,0,0,0,0,0,,,
872,1.71E-05,7.70E-06,2.13E-05,2.09E-06,4.24E-06,2.59E-06,5.14E-06,0.632306238,0.981270692,0,0,0,0,0,0,0,0,,,
873,1.33E-05,6.78E-06,9.57E-06,1.94E-06,3.78E-06,4.28E-06,4.64E-06,0.628128552,0.97210846,0,0,0,0,0,0,0,0,,,
874,1.35E-05,8.31E-06,6.82E-06,1.25E-06,3.38E-06,4.31E-06,4.68E-06,0.624251684,0.963075535,0,0,0,0,0,0,0,0,,,
875,1.50E-05,1.01E-05,7.48E-06,2.07E-06,2.67E-06,2.05E-06,5.49E-06,0.620292094,0.953808407,0,0,0,0,0,0,0,0,,,
876,1.47E-05,1.01E-05,9.48E-06,1.98E-06,3.03E-06,1.56E-06,3.54E-06,0.616324499,0.944506797,0,0,0,0,0,0,0,0,,,
877,1.32E-05,1.23E-05,1.28E-05,1.92E-06,3.70E-06,2.48E-06,4.63E-06,0.613678489,0.937201134,0,0,0,0,0,0,0,0,,,
878,1.23E-05,8.62E-06,1.08E-05,1.97E-06,4.87E-06,1.68E-06,4.17E-06,0.611282046,0.930266522,0,0,0,0,0,0,0,0,,,
879,1.04E-05,8.15E-06,1.38E-05,2.03E-06,8.03E-06,3.67E-06,3.62E-06,0.608434924,0.92199656,0,0,0,0,0,0,0,0,,,
880,1.14E-05,8.00E-06,1.11E-05,2.15E-06,1.18E-05,2.34E-06,3.58E-06,0.605475958,0.91344681,0,0,0,0,0,0,0,0,,,
881,1.36E-05,1.00E-05,1.42E-05,1.90E-06,1.59E-05,2.36E-06,3.75E-06,0.603687312,0.905877551,0,0,0,0,0,0,0,0,,,
882,1.35E-05,1.00E-05,1.13E-05,1.57E-06,1.71E-05,3.74E-06,3.23E-06,0.60198,0.898293639,0,0,0,0,0,0,0,0,,,
883,1.17E-05,8.40E-06,1.16E-05,1.20E-06,1.54E-05,3.02E-06,3.72E-06,0.601491811,0.890060479,0,0,0,0,0,0,0,0,,,
884,1.31E-05,9.86E-06,9.74E-06,1.96E-06,9.95E-06,2.25E-06,3.17E-06,0.601234532,0.881786956,0,0,0,0,0,0,0,0,,,
885,1.29E-05,8.48E-06,9.85E-06,1.29E-06,5.68E-06,2.67E-06,3.46E-06,0.601968887,0.872957295,0,0,0,0,0,0,0,0,,,
886,1.14E-05,8.12E-06,1.02E-05,1.55E-06,2.77E-06,1.71E-06,3.53E-06,0.602780094,0.863933154,0,0,0,0,0,0,0,0,,,
887,1.06E-05,9.08E-06,1.03E-05,1.18E-06,1.25E-06,4.05E-06,4.23E-06,0.602766593,0.85664619,0,0,0,0,0,0,0,0,,,
888,8.23E-06,9.50E-06,1.28E-05,1.62E-06,4.77E-07,7.47E-07,3.48E-06,0.602571641,0.849480755,0,0,0,0,0,0,0,0,,,
889,8.29E-06,8.63E-06,1.34E-05,1.65E-06,4.81E-07,4.44E-06,2.43E-06,0.58573802,0.843880992,0,0,0,0,0,0,0,0,,,
890,9.35E-06,8.88E-06,1.41E-05,1.19E-06,1.72E-07,2.11E-06,1.94E-06,0.566363943,0.83819805,0,0,0,0,0,0,0,0,,,
891,7.89E-06,5.01E-06,1.40E-05,1.85E-06,3.74E-07,2.53E-06,2.36E-06,0.507605848,0.829887126,0,0,0,0,0,0,0,0,,,
892,8.38E-06,9.30E-06,1.26E-05,1.38E-06,2.55E-07,6.11E-07,2.17E-06,0.444187802,0.821783694,0,0,0,0,0,0,0,0,,,
893,9.99E-06,3.76E-06,1.42E-05,1.75E-06,1.15E-07,3.38E-06,2.05E-06,0.359508694,0.815845486,0,0,0,0,0,0,0,0,,,
894,8.46E-06,4.96E-06,1.30E-05,1.36E-06,1.90E-07,3.10E-06,3.05E-06,0.271898993,0.810016012,0,0,0,0,0,0,0,0,,,
895,7.07E-06,4.89E-06,1.53E-05,9.48E-07,1.97E-07,4.44E-06,3.54E-06,0.203919717,0.80473368,0,0,0,0,0,0,0,0,,,
896,7.61E-06,6.32E-06,1.44E-05,1.02E-06,2.73E-07,2.97E-06,2.78E-06,0.137966552,0.799471199,0,0,0,0,0,0,0,0,,,
897,7.37E-06,7.60E-06,1.36E-05,5.13E-07,2.30E-07,2.03E-06,2.97E-06,0.099835622,0.79413417,0,0,0,0,0,0,0,0,,,
898,7.54E-06,5.26E-06,1.12E-05,8.13E-07,1.09E-07,1.30E-06,1.96E-06,0.064686101,0.78874613,0,0,0,0,0,0,0,0,,,
899,8.25E-06,6.82E-06,1.17E-05,9.64E-07,2.84E-07,1.09E-06,2.33E-06,0.046838374,0.78068301,0,0,0,0,0,0,0,0,,,
900,7.08E-06,3.66E-06,9.67E-06,9.41E-07,3.71E-07,1.11E-06,2.38E-06,0.03085715,0.772646239,0,0,0,0,0,0,0,0,,,
901,5.77E-06,4.33E-06,1.15E-05,8.11E-07,1.85E-07,1.90E-06,2.75E-06,0.022734075,0.767188234,0,0,0,0,0,0,0,0,,,
902,7.28E-06,5.89E-06,1.08E-05,7.26E-07,1.81E-07,1.58E-06,2.23E-06,0.015344094,0.761696811,0,0,0,0,0,0,0,0,,,
903,6.53E-06,7.03E-06,1.10E-05,4.95E-07,3.35E-07,8.58E-07,2.92E-06,0.011578394,0.753675093,0,0,0,0,0,0,0,0,,,
904,5.18E-06,2.16E-06,1.34E-05,7.66E-07,1.78E-07,1.85E-06,2.09E-06,0.008162623,0.745645237,0,0,0,0,0,0,0,0,,,
905,6.55E-06,3.95E-06,1.17E-05,9.20E-07,7.05E-08,3.25E-07,1.97E-06,0.006324192,0.74031327,0,0,0,0,0,0,0,0,,,
906,5.98E-06,3.41E-06,1.27E-05,8.26E-07,9.42E-08,2.04E-07,1.91E-06,0.004615367,0.734926317,0,0,0,0,0,0,0,0,,,
907,4.99E-06,2.82E-06,1.21E-05,8.45E-07,2.04E-07,6.15E-07,2.34E-06,0.003737571,0.731632992,0,0,0,0,0,0,0,0,,,
908,5.42E-06,5.12E-06,1.17E-05,5.64E-07,3.83E-07,1.44E-06,2.08E-06,0.002925381,0.728547406,0,0,0,0,0,0,0,0,,,
909,5.85E-06,1.24E-06,9.91E-06,4.47E-07,3.37E-07,9.63E-07,1.85E-06,0.002478403,0.723808663,0,0,0,0,0,0,0,0,,,
910,5.41E-06,2.83E-06,8.16E-06,3.34E-07,2.99E-07,7.87E-07,2.09E-06,0.002059533,0.719083379,0,0,0,0,0,0,0,0,,,
911,4.72E-06,1.56E-06,8.82E-06,9.78E-07,4.08E-07,1.66E-06,1.70E-06,0.00179387,0.713936805,0,0,0,0,0,0,0,0,,,
912,3.79E-06,9.17E-07,6.97E-06,1.01E-06,5.58E-07,9.34E-07,1.46E-06,0.001539323,0.708865183,0,0,0,0,0,0,0,0,,,
913,4.14E-06,1.17E-06,5.02E-06,7.80E-07,1.15E-06,6.29E-07,1.35E-06,0.001387593,0.703297739,0,0,0,0,0,0,0,0,,,
914,4.76E-06,2.94E-06,5.62E-06,4.62E-07,1.24E-06,8.53E-07,1.10E-06,0.001197619,0.697733089,0,0,0,0,0,0,0,0,,,
915,3.99E-06,3.01E-06,4.85E-06,4.40E-07,1.97E-06,1.92E-06,1.50E-06,0.001029416,0.692819736,0,0,0,0,0,0,0,0,,,
916,4.76E-06,2.70E-06,4.41E-06,5.19E-07,1.97E-06,5.69E-07,1.68E-06,0.000821834,0.687894424,0,0,0,0,0,0,0,0,,,
917,5.00E-06,2.26E-06,3.54E-06,3.09E-07,1.07E-06,5.43E-07,1.43E-06,0.000722138,0.68269282,0,0,0,0,0,0,0,0,,,
918,4.18E-06,2.41E-06,4.11E-06,4.65E-07,1.12E-06,6.11E-07,1.41E-06,0.000611626,0.677476574,0,0,0,0,0,0,0,0,,,
919,3.99E-06,2.22E-06,4.55E-06,2.89E-07,8.30E-07,1.27E-06,1.53E-06,0.000498036,0.672759503,0,0,0,0,0,0,0,0,,,
920,3.02E-06,1.44E-06,3.95E-06,2.52E-07,7.25E-07,8.13E-07,1.28E-06,0.000376012,0.668021109,0,0,0,0,0,0,0,0,,,
921,2.54E-06,3.02E-06,3.75E-06,5.52E-07,5.77E-07,2.15E-06,1.05E-06,0.000335654,0.663617647,0,0,0,0,0,0,0,0,,,
922,2.95E-06,2.13E-06,3.49E-06,5.22E-07,3.94E-07,4.80E-07,1.27E-06,0.000254532,0.659147292,0,0,0,0,0,0,0,0,,,
923,3.60E-06,8.54E-07,4.73E-06,4.84E-07,3.28E-07,1.09E-06,1.19E-06,0.000204411,0.654425341,0,0,0,0,0,0,0,0,,,
924,3.35E-06,9.65E-07,4.41E-06,5.33E-07,3.87E-07,2.50E-07,1.30E-06,0.000162031,0.649648216,0,0,0,0,0,0,0,0,,,
925,3.13E-06,1.86E-06,3.96E-06,4.35E-07,4.22E-07,1.37E-06,1.06E-06,0.000133456,0.643876862,0,0,0,0,0,0,0,0,,,
926,3.01E-06,1.34E-06,3.81E-06,3.20E-07,3.37E-07,2.09E-07,1.20E-06,0.000112143,0.638110429,0,0,0,0,0,0,0,0,,,
927,2.58E-06,1.80E-06,3.68E-06,4.13E-07,3.76E-07,1.07E-06,1.28E-06,9.09E-05,0.632962852,0,0,0,0,0,0,0,0,,,
928,2.81E-06,1.61E-06,4.58E-06,3.59E-07,5.24E-07,6.29E-07,7.22E-07,7.22E-05,0.627790412,0,0,0,0,0,0,0,0,,,
929,2.88E-06,1.44E-06,3.88E-06,3.40E-07,8.06E-07,1.12E-06,1.07E-06,5.99E-05,0.622372345,0,0,0,0,0,0,0,0,,,
930,2.61E-06,7.70E-07,4.06E-06,3.03E-07,1.08E-06,8.78E-07,8.38E-07,4.40E-05,0.616993361,0,0,0,0,0,0,0,0,,,
931,2.56E-06,1.53E-06,3.03E-06,2.05E-07,3.72E-06,3.77E-07,7.57E-07,4.06E-05,0.60971257,0,0,0,0,0,0,0,0,,,
932,2.20E-06,1.24E-06,2.56E-06,1.57E-07,1.21E-05,4.14E-07,7.60E-07,3.45E-05,0.602489737,0,0,0,0,0,0,0,0,,,
933,2.06E-06,7.47E-07,2.84E-06,1.85E-07,2.09E-05,1.60E-06,6.60E-07,3.27E-05,0.597424878,0,0,0,0,0,0,0,0,,,
934,2.33E-06,1.67E-06,2.10E-06,1.77E-07,1.01E-05,6.53E-07,1.01E-06,2.60E-05,0.592301994,0,0,0,0,0,0,0,0,,,
935,2.73E-06,1.69E-06,2.06E-06,3.99E-07,3.95E-06,3.32E-07,6.10E-07,2.31E-05,0.586386828,0,0,0,0,0,0,0,0,,,
936,2.61E-06,1.05E-06,1.97E-06,3.31E-07,1.13E-06,1.68E-07,4.18E-07,1.96E-05,0.580435706,0,0,0,0,0,0,0,0,,,
937,2.45E-06,1.93E-06,2.04E-06,3.15E-07,5.49E-07,1.69E-07,5.62E-07,1.95E-05,0.574946142,0,0,0,0,0,0,0,0,,,
938,2.68E-06,1.50E-06,2.83E-06,2.50E-07,1.47E-07,1.60E-07,7.84E-07,1.64E-05,0.56944702,0,0,0,0,0,0,0,0,,,
939,2.41E-06,1.75E-06,2.59E-06,2.36E-07,3.20E-07,2.12E-07,7.31E-07,1.54E-05,0.561919073,0,0,0,0,0,0,0,0,,,
940,2.25E-06,1.99E-06,1.87E-06,2.01E-07,3.98E-07,2.35E-07,7.49E-07,1.48E-05,0.554386028,0,0,0,0,0,0,0,0,,,
941,2.44E-06,1.37E-06,1.79E-06,4.23E-07,4.04E-08,2.41E-07,5.71E-07,1.34E-05,0.548732841,0,0,0,0,0,0,0,0,,,
942,2.26E-06,4.47E-07,1.98E-06,4.11E-07,8.13E-08,8.54E-08,8.13E-07,1.05E-05,0.543067735,0,0,0,0,0,0,0,0,,,
943,1.86E-06,1.38E-06,1.76E-06,3.58E-07,7.27E-08,4.57E-07,6.84E-07,1.05E-05,0.538009756,0,0,0,0,0,0,0,0,,,
944,2.03E-06,1.17E-06,1.41E-06,3.02E-07,3.54E-07,2.07E-07,7.53E-07,1.02E-05,0.532929771,0,0,0,0,0,0,0,0,,,
945,1.65E-06,9.96E-07,1.88E-06,4.05E-07,3.94E-08,2.27E-07,4.92E-07,1.02E-05,0.526753561,0,0,0,0,0,0,0,0,,,
946,1.72E-06,5.98E-07,1.69E-06,3.04E-07,2.77E-07,4.11E-07,6.70E-07,8.91E-06,0.520608915,0,0,0,0,0,0,0,0,,,
947,2.22E-06,6.16E-07,2.16E-06,3.71E-07,2.13E-07,5.66E-07,6.00E-07,8.71E-06,0.513554485,0,0,0,0,0,0,0,0,,,
948,1.84E-06,9.03E-07,1.97E-06,3.56E-07,3.49E-07,6.39E-07,5.05E-07,7.91E-06,0.506489307,0,0,0,0,0,0,0,0,,,
949,1.68E-06,1.34E-06,2.02E-06,4.62E-07,5.21E-08,2.39E-07,6.76E-07,8.70E-06,0.499649123,0,0,0,0,0,0,0,0,,,
950,1.79E-06,1.75E-06,1.74E-06,3.78E-07,3.64E-08,1.19E-07,7.31E-07,7.78E-06,0.492845774,0,0,0,0,0,0,0,0,,,
951,1.90E-06,1.24E-06,1.56E-06,3.79E-07,1.32E-07,3.25E-07,6.13E-07,8.13E-06,0.485664115,0,0,0,0,0,0,0,0,,,
952,2.15E-06,1.39E-06,2.13E-06,3.21E-07,1.15E-07,1.79E-07,7.90E-07,7.02E-06,0.478510598,0,0,0,0,0,0,0,0,,,
953,2.19E-06,7.90E-07,1.20E-06,3.44E-07,7.93E-08,2.41E-07,6.59E-07,7.62E-06,0.473604771,0,0,0,0,0,0,0,0,,,
954,1.82E-06,3.50E-07,1.26E-06,2.11E-07,1.64E-07,4.78E-08,5.62E-07,6.11E-06,0.468632804,0,0,0,0,0,0,0,0,,,
955,1.58E-06,8.83E-07,2.21E-06,3.14E-07,1.32E-07,1.35E-07,5.30E-07,7.31E-06,0.461150457,0,0,0,0,0,0,0,0,,,
956,1.73E-06,1.04E-06,1.54E-06,2.71E-07,1.29E-07,3.50E-07,5.19E-07,6.96E-06,0.453682187,0,0,0,0,0,0,0,0,,,
957,1.32E-06,8.50E-07,1.14E-06,3.08E-07,1.43E-07,1.67E-07,5.62E-07,6.93E-06,0.447174174,0,0,0,0,0,0,0,0,,,
958,1.47E-06,8.30E-07,7.38E-07,3.63E-07,2.55E-07,5.73E-08,4.21E-07,6.22E-06,0.440694936,0,0,0,0,0,0,0,0,,,
959,1.69E-06,5.17E-07,7.37E-07,3.70E-07,1.39E-07,3.00E-07,4.00E-07,6.13E-06,0.43527492,0,0,0,0,0,0,0,0,,,
960,1.37E-06,1.60E-06,1.03E-06,3.94E-07,2.55E-07,3.68E-07,3.22E-07,5.98E-06,0.42974137,0,0,0,0,0,0,0,0,,,
961,1.36E-06,8.39E-07,8.30E-07,3.72E-07,3.88E-07,1.23E-07,4.02E-07,5.99E-06,0.422923869,0,0,0,0,0,0,0,0,,,
962,1.08E-06,4.22E-07,8.91E-07,2.00E-07,7.90E-07,2.16E-07,3.92E-07,4.92E-06,0.416145864,0,0,0,0,0,0,0,0,,,
963,9.81E-07,6.46E-07,1.01E-06,2.36E-07,2.12E-06,5.10E-08,3.32E-07,5.43E-06,0.410189399,0,0,0,0,0,0,0,0,,,
964,7.92E-07,9.54E-07,6.99E-07,2.72E-07,3.38E-06,5.55E-08,2.82E-07,5.29E-06,0.404116666,0,0,0,0,0,0,0,0,,,
965,1.23E-06,7.26E-07,4.13E-07,2.33E-07,3.23E-06,1.25E-07,3.80E-07,5.18E-06,0.397212678,0,0,0,0,0,0,0,0,,,
966,1.26E-06,7.48E-07,2.66E-07,1.88E-07,1.69E-06,2.37E-07,3.79E-07,4.47E-06,0.390319487,0,0,0,0,0,0,0,0,,,
967,1.19E-06,4.79E-07,5.85E-07,2.34E-07,1.11E-06,1.21E-07,3.05E-07,4.53E-06,0.384896176,0,0,0,0,0,0,0,0,,,
968,1.19E-06,2.61E-07,7.58E-07,2.30E-07,6.39E-07,1.78E-07,4.28E-07,4.39E-06,0.379448555,0,0,0,0,0,0,0,0,,,
969,8.41E-07,4.54E-07,5.71E-07,1.96E-07,4.30E-07,2.16E-07,4.10E-07,4.40E-06,0.373424132,0,0,0,0,0,0,0,0,,,
970,8.68E-07,6.33E-07,6.78E-07,1.88E-07,5.55E-07,3.95E-07,3.81E-07,4.24E-06,0.367367155,0,0,0,0,0,0,0,0,,,
971,1.02E-06,7.54E-07,5.19E-07,2.35E-07,5.04E-07,1.44E-07,3.49E-07,4.71E-06,0.360771877,0,0,0,0,0,0,0,0,,,
972,9.67E-07,8.85E-07,4.13E-07,3.11E-07,5.43E-07,4.90E-08,4.08E-07,4.63E-06,0.354271199,0,0,0,0,0,0,0,0,,,
973,7.81E-07,5.85E-07,2.68E-07,2.94E-07,8.36E-07,2.28E-07,3.35E-07,4.52E-06,0.348741836,0,0,0,0,0,0,0,0,,,
974,1.10E-06,4.61E-07,3.68E-07,2.51E-07,6.61E-06,2.46E-07,4.47E-07,3.82E-06,0.343172415,0,0,0,0,0,0,0,0,,,
975,1.04E-06,6.11E-07,3.81E-07,2.40E-07,8.28E-05,8.17E-08,3.43E-07,4.53E-06,0.336548358,0,0,0,0,0,0,0,0,,,
976,1.27E-06,4.40E-07,3.90E-07,2.41E-07,0.000317015,1.56E-07,3.47E-07,4.42E-06,0.330002327,0,0,0,0,0,0,0,0,,,
977,1.22E-06,2.20E-07,4.73E-07,2.06E-07,0.000212156,2.32E-07,4.06E-07,4.49E-06,0.324288812,0,0,0,0,0,0,0,0,,,
978,1.02E-06,5.14E-07,6.30E-07,6.76E-08,1.71E-05,1.38E-07,1.66E-07,4.75E-06,0.318605471,0,0,0,0,0,0,0,0,,,
979,8.88E-07,5.78E-07,3.25E-07,9.86E-08,7.07E-07,1.61E-07,2.65E-07,4.60E-06,0.313832559,0,0,0,0,0,0,0,0,,,
980,1.03E-06,5.63E-07,2.83E-07,2.02E-07,2.29E-07,6.07E-08,3.89E-07,4.53E-06,0.309051195,0,0,0,0,0,0,0,0,,,
981,1.05E-06,5.51E-07,3.54E-07,1.83E-07,1.82E-07,6.53E-08,4.04E-07,4.61E-06,0.303411483,0,0,0,0,0,0,0,0,,,
982,9.15E-07,5.60E-07,5.18E-07,1.83E-07,3.62E-08,1.64E-07,3.29E-07,4.22E-06,0.297800639,0,0,0,0,0,0,0,0,,,
983,8.36E-07,7.72E-07,2.52E-07,2.15E-07,3.45E-08,4.44E-08,3.13E-07,4.20E-06,0.293405121,0,0,0,0,0,0,0,0,,,
984,9.55E-07,2.03E-07,4.10E-07,2.41E-07,8.80E-08,9.24E-08,2.39E-07,2.29E-06,0.289010123,0,0,0,0,0,0,0,0,,,
985,9.30E-07,4.07E-07,2.25E-07,1.97E-07,7.50E-08,4.03E-08,2.64E-07,2.27E-06,0.284370783,0,0,0,0,0,0,0,0,,,
986,9.03E-07,5.10E-07,2.83E-07,2.50E-07,1.08E-07,1.00E-07,3.06E-07,2.54E-06,0.279793055,0,0,0,0,0,0,0,0,,,
987,1.03E-06,6.03E-07,4.65E-07,2.57E-07,8.84E-08,2.22E-07,3.14E-07,2.58E-06,0.27593112,0,0,0,0,0,0,0,0,,,
988,7.85E-07,6.44E-07,4.70E-07,2.06E-07,7.22E-08,1.10E-07,3.61E-07,4.04E-06,0.272020233,0,0,0,0,0,0,0,0,,,
989,9.02E-07,7.40E-07,3.20E-07,2.41E-07,6.21E-08,3.59E-08,2.71E-07,4.15E-06,0.267404666,0,0,0,0,0,0,0,0,,,
990,7.26E-07,5.61E-07,5.23E-07,1.93E-07,1.36E-07,1.16E-07,2.66E-07,4.48E-06,0.262824253,0,0,0,0,0,0,0,0,,,
991,7.01E-07,5.92E-07,5.39E-07,2.45E-07,7.68E-08,2.12E-07,2.96E-07,4.47E-06,0.258724552,0,0,0,0,0,0,0,0,,,
992,6.20E-07,4.95E-07,2.64E-07,2.39E-07,8.65E-08,1.94E-07,1.31E-07,3.68E-06,0.254619382,0,0,0,0,0,0,0,0,,,
993,7.18E-07,6.72E-07,3.44E-07,2.63E-07,7.38E-08,1.64E-07,1.63E-07,3.62E-06,0.249977522,0,0,0,0,0,0,0,0,,,
994,7.31E-07,3.98E-07,2.47E-07,1.93E-07,2.38E-08,5.93E-08,1.52E-07,3.72E-06,0.245325724,0,0,0,0,0,0,0,0,,,
995,5.78E-07,5.17E-07,3.39E-07,1.63E-07,2.79E-08,1.27E-07,3.06E-07,3.65E-06,0.241087831,0,0,0,0,0,0,0,0,,,
996,6.15E-07,6.45E-07,3.09E-07,1.57E-07,3.23E-08,2.85E-08,2.97E-07,2.92E-06,0.236832822,0,0,0,0,0,0,0,0,,,
997,7.23E-07,7.13E-07,3.35E-07,1.60E-07,3.04E-08,1.39E-07,2.97E-07,3.04E-06,0.232427783,0,0,0,0,0,0,0,0,,,
998,6.57E-07,6.94E-07,2.88E-07,1.64E-07,7.72E-09,2.25E-08,2.54E-07,3.36E-06,0.22816696,0,0,0,0,0,0,0,0,,,
999,7.04E-07,4.26E-07,2.40E-07,1.10E-07,4.87E-08,1.61E-07,2.67E-07,3.30E-06,0.225095147,0,0,0,0,0,0,0,0,,,
1000,6.03E-07,3.38E-07,2.27E-07,1.95E-07,4.72E-08,1.79E-07,1.88E-07,3.56E-06,0.221790872,0,0,0,0,0,0,0,0,,,
1001,6.50E-07,2.15E-07,2.57E-07,2.20E-07,6.51E-08,9.25E-08,2.12E-07,3.54E-06,0.216941431,0,0,0,0,0,0,0,0,,,
1002,5.05E-07,2.50E-07,3.91E-07,1.56E-07,6.59E-08,1.92E-07,3.01E-07,3.36E-06,0.212240573,0,0,0,0,0,0,0,0,,,
1003,5.06E-07,1.61E-07,3.30E-07,1.77E-07,5.64E-08,1.12E-07,2.19E-07,3.50E-06,0.208757168,0,0,0,0,0,0,0,0,,,
1004,6.37E-07,3.78E-07,2.13E-07,2.08E-07,2.28E-08,5.43E-08,1.82E-07,3.45E-06,0.205231467,0,0,0,0,0,0,0,0,,,
1005,6.32E-07,4.48E-07,3.00E-07,1.62E-07,4.93E-08,4.61E-08,2.75E-07,3.45E-06,0.201339971,0,0,0,0,0,0,0,0,,,
1006,5.73E-07,3.80E-07,2.34E-07,1.64E-07,2.77E-08,1.24E-07,2.19E-07,2.54E-06,0.197584814,0,0,0,0,0,0,0,0,,,
1007,5.35E-07,3.06E-07,3.04E-07,2.27E-07,6.94E-08,1.06E-07,1.83E-07,2.62E-06,0.194790217,0,0,0,0,0,0,0,0,,,
1008,6.44E-07,4.53E-07,1.88E-07,9.07E-08,3.89E-08,1.61E-07,2.04E-07,2.90E-06,0.191774977,0,0,0,0,0,0,0,0,,,
1009,5.22E-07,3.87E-07,1.38E-07,9.29E-08,4.98E-08,9.59E-08,1.95E-07,2.85E-06,0.187615533,0,0,0,0,0,0,0,0,,,
1010,4.07E-07,3.29E-07,1.21E-07,5.24E-08,3.97E-08,7.00E-08,2.14E-07,2.80E-06,0.183625711,0,0,0,0,0,0,0,0,,,
1011,4.81E-07,2.99E-07,1.12E-07,5.67E-08,4.86E-08,1.02E-07,1.69E-07,2.75E-06,0.18043744,0,0,0,0,0,0,0,0,,,
1012,5.40E-07,2.08E-07,1.60E-07,6.61E-08,3.86E-08,1.81E-08,1.63E-07,1.86E-06,0.177217231,0,0,0,0,0,0,0,0,,,
1013,5.18E-07,3.21E-07,1.92E-07,6.98E-08,4.37E-08,8.62E-08,2.01E-07,1.89E-06,0.173814805,0,0,0,0,0,0,0,0,,,
1014,5.37E-07,3.28E-07,2.22E-07,1.27E-07,3.01E-08,1.21E-07,1.38E-07,1.90E-06,0.170273635,0,0,0,0,0,0,0,0,,,
1015,5.10E-07,3.36E-07,1.98E-07,1.35E-07,3.74E-08,1.52E-07,1.42E-07,1.78E-06,0.166039843,0,0,0,0,0,0,0,0,,,
1016,4.36E-07,3.97E-07,1.77E-07,1.97E-07,3.06E-08,1.02E-07,1.68E-07,1.76E-06,0.161922206,0,0,0,0,0,0,0,0,,,
1017,4.56E-07,2.94E-07,2.20E-07,2.09E-07,5.50E-08,2.44E-08,1.30E-07,1.74E-06,0.158362255,0,0,0,0,0,0,0,0,,,
1018,5.96E-07,4.01E-07,1.99E-07,1.69E-07,5.44E-08,1.07E-07,1.51E-07,2.23E-06,0.155044942,0,0,0,0,0,0,0,0,,,
1019,4.85E-07,4.76E-07,1.57E-07,1.64E-07,4.02E-08,4.46E-08,1.43E-07,2.18E-06,0.15307879,0,0,0,0,0,0,0,0,,,
1020,4.75E-07,3.07E-07,1.56E-07,2.33E-07,5.85E-08,3.89E-08,1.49E-07,2.66E-06,0.150834686,0,0,0,0,0,0,0,0,,,
1021,5.88E-07,3.09E-07,1.77E-07,2.23E-07,4.88E-08,3.52E-08,1.20E-07,2.60E-06,0.147264503,0,0,0,0,0,0,0,0,,,
1022,4.66E-07,3.21E-07,1.53E-07,2.53E-07,5.88E-08,8.84E-08,2.09E-07,2.33E-06,0.143951921,0,0,0,0,0,0,0,0,,,
1023,3.41E-07,2.93E-07,1.86E-07,2.03E-07,3.16E-08,1.43E-08,1.71E-07,2.33E-06,0.141908405,0,0,0,0,0,0,0,0,,,
1024,4.95E-07,3.49E-07,1.25E-07,1.75E-07,4.69E-08,3.88E-08,1.64E-07,2.05E-06,0.13967121,0,0,0,0,0,0,0,0,,,
1025,4.65E-07,3.53E-07,1.38E-07,1.39E-07,6.29E-08,1.24E-07,1.23E-07,1.97E-06,0.136628797,0,0,0,0,0,0,0,0,,,
1026,5.31E-07,3.57E-07,1.68E-07,1.57E-07,5.05E-08,9.09E-08,1.90E-07,1.11E-06,0.133729692,0,0,0,0,0,0,0,0,,,
1027,5.15E-07,2.60E-07,1.41E-07,2.07E-07,2.92E-08,2.46E-08,1.25E-07,1.65E-06,0.131548112,0,0,0,0,0,0,0,0,,,
1028,4.47E-07,3.32E-07,1.83E-07,2.23E-07,3.66E-08,2.23E-08,1.88E-07,1.68E-06,0.129217917,0,0,0,0,0,0,0,0,,,
1029,4.37E-07,3.30E-07,1.30E-07,2.02E-07,4.34E-08,2.72E-08,1.87E-07,1.65E-06,0.126130069,0,0,0,0,0,0,0,0,,,
1030,5.19E-07,2.44E-07,1.32E-07,2.19E-07,2.25E-08,6.62E-08,1.73E-07,1.59E-06,0.123162088,0,0,0,0,0,0,0,0,,,
1031,4.41E-07,2.41E-07,1.01E-07,2.02E-07,4.29E-08,7.09E-08,1.59E-07,1.57E-06,0.120665264,0,0,0,0,0,0,0,0,,,
1032,5.57E-07,2.97E-07,1.26E-07,1.78E-07,5.71E-08,3.39E-08,1.56E-07,1.44E-06,0.117628252,0,0,0,0,0,0,0,0,,,
1033,4.57E-07,2.49E-07,7.43E-08,1.64E-07,4.76E-08,1.04E-07,1.52E-07,1.42E-06,0.112497389,0,0,0,0,0,0,0,0,,,
1034,5.26E-07,1.37E-07,1.02E-07,1.29E-07,1.57E-08,1.00E-07,9.78E-08,1.26E-06,0.106937854,0,0,0,0,0,0,0,0,,,
1035,4.82E-07,1.54E-07,9.31E-08,1.41E-07,1.68E-08,7.70E-08,1.33E-07,1.21E-06,0.099907959,0,0,0,0,0,0,0,0,,,
1036,5.50E-07,2.92E-07,1.04E-07,1.29E-07,2.89E-08,4.79E-08,1.39E-07,6.87E-07,0.091718628,0,0,0,0,0,0,0,0,,,
1037,6.58E-07,2.06E-07,6.51E-08,1.72E-07,3.48E-08,5.68E-08,1.36E-07,6.64E-07,0.079365237,0,0,0,0,0,0,0,0,,,
1038,4.93E-07,1.58E-07,7.08E-08,1.61E-07,4.94E-08,8.55E-09,7.97E-08,7.61E-07,0.066901861,0,0,0,0,0,0,0,0,,,
1039,4.77E-07,1.53E-07,7.53E-08,1.62E-07,3.49E-08,2.42E-08,7.35E-08,7.36E-07,0.05411023,0,0,0,0,0,0,0,0,,,
1040,4.69E-07,8.20E-08,1.14E-07,1.40E-07,3.91E-08,5.98E-08,1.03E-07,4.76E-07,0.041892582,0,0,0,0,0,0,0,0,,,
1041,4.76E-07,1.02E-07,1.10E-07,1.09E-07,3.73E-08,4.27E-08,1.24E-07,4.70E-07,0.03164922,0,0,0,0,0,0,0,0,,,
1042,4.26E-07,1.84E-07,7.20E-08,1.24E-07,4.67E-08,1.13E-08,1.13E-07,8.75E-07,0.022465054,0,0,0,0,0,0,0,0,,,
1043,4.89E-07,1.30E-07,8.60E-08,1.00E-07,2.00E-08,1.69E-08,7.68E-08,8.38E-07,0.016523115,0,0,0,0,0,0,0,0,,,
1044,4.91E-07,1.64E-07,8.40E-08,9.90E-08,3.45E-08,1.46E-08,9.47E-08,8.04E-07,0.011250022,0,0,0,0,0,0,0,0,,,
1045,4.80E-07,1.66E-07,7.30E-08,1.09E-07,4.78E-08,1.12E-09,1.05E-07,7.95E-07,0.008209543,0,0,0,0,0,0,0,0,,,
1046,4.40E-07,1.81E-07,6.53E-08,1.14E-07,2.31E-08,1.29E-08,9.46E-08,1.15E-06,0.005554229,0,0,0,0,0,0,0,0,,,
1047,5.44E-07,1.52E-07,5.20E-08,1.20E-07,1.55E-08,3.63E-08,9.85E-08,1.12E-06,0.004151141,0,0,0,0,0,0,0,0,,,
1048,4.85E-07,1.24E-07,5.07E-08,1.41E-07,1.82E-08,3.19E-08,8.09E-08,1.12E-06,0.002935591,0,0,0,0,0,0,0,0,,,
1049,5.03E-07,1.13E-07,3.88E-08,1.24E-07,3.29E-08,1.68E-08,8.50E-08,1.10E-06,0.002314545,0,0,0,0,0,0,0,0,,,
1050,4.53E-07,7.65E-08,3.96E-08,1.11E-07,2.67E-08,5.17E-08,5.48E-08,6.85E-07,0.001741835,0,0,0,0,0,0,0,0,,,
1051,4.54E-07,1.13E-07,6.09E-08,9.68E-08,3.09E-08,4.38E-08,6.42E-08,6.49E-07,0.001303121,0,0,0,0,0,0,0,0,,,
1052,4.36E-07,1.03E-07,5.93E-08,9.43E-08,3.55E-08,4.72E-08,8.36E-08,8.19E-07,0.000932796,0,0,0,0,0,0,0,0,,,
1053,5.02E-07,1.24E-07,4.88E-08,1.01E-07,4.68E-08,3.99E-08,7.94E-08,7.95E-07,0.000747866,0,0,0,0,0,0,0,0,,,
1054,4.36E-07,1.25E-07,4.86E-08,7.18E-08,3.31E-08,2.09E-08,4.79E-08,7.28E-07,0.000585286,0,0,0,0,0,0,0,0,,,
1055,4.73E-07,1.17E-07,5.09E-08,7.65E-08,2.09E-08,6.41E-09,5.51E-08,7.14E-07,0.000504542,0,0,0,0,0,0,0,0,,,
1056,5.29E-07,1.29E-07,4.61E-08,7.97E-08,2.49E-08,1.34E-08,5.24E-08,6.94E-07,0.000419857,0,0,0,0,0,0,0,0,,,
1057,4.37E-07,1.61E-07,5.41E-08,7.25E-08,1.05E-08,2.24E-08,5.48E-08,6.75E-07,0.000362819,0,0,0,0,0,0,0,0,,,
1058,5.13E-07,1.27E-07,4.56E-08,6.79E-08,1.93E-08,2.05E-08,7.56E-08,6.22E-07,0.00030554,0,0,0,0,0,0,0,0,,,
1059,5.08E-07,1.22E-07,5.59E-08,7.14E-08,1.67E-08,1.07E-08,5.19E-08,5.99E-07,0.00023299,0,0,0,0,0,0,0,0,,,
1060,5.60E-07,7.05E-08,4.77E-08,8.75E-08,1.71E-08,1.51E-08,4.58E-08,6.31E-07,0.000174111,0,0,0,0,0,0,0,0,,,
1061,5.88E-07,1.06E-07,3.72E-08,8.28E-08,1.66E-08,3.11E-08,5.06E-08,6.18E-07,0.000131871,0,0,0,0,0,0,0,0,,,
1062,5.39E-07,8.54E-08,3.66E-08,8.55E-08,1.45E-08,2.36E-08,5.65E-08,4.48E-07,8.23E-05,0,0,0,0,0,0,0,0,,,
1063,5.99E-07,1.04E-07,5.28E-08,7.94E-08,1.79E-08,2.48E-08,4.07E-08,4.38E-07,8.63E-05,0,0,0,0,0,0,0,0,,,
1064,6.33E-07,1.09E-07,5.44E-08,6.62E-08,1.18E-08,2.38E-08,4.28E-08,2.97E-07,7.12E-05,0,0,0,0,0,0,0,0,,,
1065,6.18E-07,1.11E-07,4.42E-08,8.26E-08,2.10E-08,1.87E-08,6.19E-08,2.92E-07,5.63E-05,0,0,0,0,0,0,0,0,,,
1066,6.30E-07,1.34E-07,6.10E-08,6.81E-08,2.21E-08,1.11E-08,6.03E-08,5.25E-07,3.87E-05,0,0,0,0,0,0,0,0,,,
1067,6.79E-07,1.25E-07,5.45E-08,6.76E-08,1.27E-08,1.08E-08,5.39E-08,5.13E-07,3.12E-05,0,0,0,0,0,0,0,0,,,
1068,6.31E-07,1.20E-07,4.74E-08,6.36E-08,1.66E-08,1.47E-08,5.58E-08,6.07E-07,2.77E-05,0,0,0,0,0,0,0,0,,,
1069,6.89E-07,1.39E-07,4.27E-08,6.25E-08,1.41E-08,1.84E-08,4.69E-08,5.93E-07,2.24E-05,0,0,0,0,0,0,0,0,,,
1070,6.73E-07,1.34E-07,4.77E-08,5.97E-08,1.62E-08,1.46E-08,3.88E-08,4.69E-07,1.93E-05,0,0,0,0,0,0,0,0,,,
1071,7.41E-07,1.22E-07,5.30E-08,6.33E-08,1.96E-08,1.54E-08,3.03E-08,4.51E-07,1.57E-05,0,0,0,0,0,0,0,0,,,
1072,6.89E-07,1.68E-07,5.14E-08,6.74E-08,1.18E-08,3.46E-09,3.24E-08,4.19E-07,1.39E-05,0,0,0,0,0,0,0,0,,,
1073,7.69E-07,1.95E-07,4.39E-08,6.62E-08,1.20E-08,3.40E-09,3.98E-08,4.09E-07,1.14E-05,0,0,0,0,0,0,0,0,,,
1074,8.41E-07,1.36E-07,4.58E-08,5.99E-08,5.64E-09,1.10E-08,3.52E-08,3.28E-07,8.31E-06,0,0,0,0,0,0,0,0,,,
1075,8.29E-07,1.65E-07,5.32E-08,5.19E-08,6.15E-09,5.97E-09,3.81E-08,3.21E-07,6.81E-06,0,0,0,0,0,0,0,0,,,
1076,8.47E-07,2.17E-07,5.95E-08,3.89E-08,6.80E-09,1.74E-08,3.32E-08,2.21E-07,6.30E-06,0,0,0,0,0,0,0,0,,,
1077,9.24E-07,2.12E-07,5.88E-08,4.68E-08,8.93E-09,2.05E-08,2.71E-08,2.12E-07,5.27E-06,0,0,0,0,0,0,0,0,,,
1078,9.33E-07,2.32E-07,4.59E-08,5.07E-08,1.56E-08,1.63E-08,2.88E-08,2.14E-07,4.03E-06,0,0,0,0,0,0,0,0,,,
1079,1.05E-06,2.51E-07,4.49E-08,4.31E-08,1.29E-08,4.53E-09,3.05E-08,2.38E-07,3.39E-06,0,0,0,0,0,0,0,0,,,
1080,1.05E-06,3.25E-07,4.86E-08,5.04E-08,1.04E-08,9.16E-09,3.14E-08,3.34E-07,2.54E-06,0,0,0,0,0,0,0,0,,,
1081,1.16E-06,3.27E-07,4.48E-08,4.69E-08,9.52E-09,1.52E-08,3.99E-08,3.04E-07,2.23E-06,0,0,0,0,0,0,0,0,,,
1082,1.17E-06,4.30E-07,4.81E-08,5.13E-08,8.51E-09,1.06E-08,3.99E-08,3.71E-07,1.69E-06,0,0,0,0,0,0,0,0,,,
1083,1.25E-06,4.54E-07,4.80E-08,4.23E-08,6.47E-09,1.12E-08,3.53E-08,3.67E-07,1.42E-06,0,0,0,0,0,0,0,0,,,
1084,1.34E-06,2.30E-07,6.23E-08,4.61E-08,1.32E-08,8.37E-09,3.10E-08,1.89E-07,1.37E-06,0,0,0,0,0,0,0,0,,,
1085,1.46E-06,2.49E-07,7.15E-08,6.01E-08,1.71E-08,9.50E-09,2.54E-08,1.65E-07,1.20E-06,0,0,0,0,0,0,0,0,,,
1086,1.55E-06,1.27E-07,5.40E-08,5.57E-08,1.52E-08,1.04E-08,3.61E-08,2.19E-07,1.32E-06,0,0,0,0,0,0,0,0,,,
1087,1.65E-06,1.23E-07,5.44E-08,5.96E-08,1.36E-08,6.89E-09,3.42E-08,2.15E-07,1.13E-06,0,0,0,0,0,0,0,0,,,
1088,1.83E-06,3.85E-07,3.29E-08,5.38E-08,1.06E-08,8.96E-09,2.30E-08,2.13E-07,9.87E-07,0,0,0,0,0,0,0,0,,,
1089,1.88E-06,4.10E-07,2.87E-08,4.80E-08,1.02E-08,4.59E-09,3.44E-08,2.07E-07,8.54E-07,0,0,0,0,0,0,0,0,,,
1090,2.08E-06,3.56E-07,1.98E-08,5.43E-08,1.15E-08,6.21E-09,3.74E-08,2.02E-07,6.71E-07,0,0,0,0,0,0,0,0,,,
1091,2.29E-06,3.87E-07,2.33E-08,6.35E-08,1.13E-08,7.51E-09,3.76E-08,2.02E-07,6.00E-07,0,0,0,0,0,0,0,0,,,
1092,2.44E-06,5.86E-07,2.16E-08,5.88E-08,1.07E-08,9.53E-09,3.86E-08,1.99E-07,4.61E-07,0,0,0,0,0,0,0,0,,,
1093,2.64E-06,6.50E-07,2.23E-08,5.61E-08,8.38E-09,6.65E-09,3.38E-08,1.89E-07,3.80E-07,0,0,0,0,0,0,0,0,,,
1094,2.96E-06,6.98E-07,3.70E-08,7.41E-08,6.27E-09,3.10E-09,2.25E-08,1.60E-07,4.03E-07,0,0,0,0,0,0,0,0,,,
1095,3.21E-06,7.25E-07,3.56E-08,8.50E-08,8.74E-09,5.37E-09,2.04E-08,1.62E-07,4.06E-07,0,0,0,0,0,0,0,0,,,
1096,3.58E-06,7.24E-07,4.35E-08,8.46E-08,1.11E-08,1.21E-08,2.25E-08,3.45E-07,3.66E-07,0,0,0,0,0,0,0,0,,,
1097,3.99E-06,7.91E-07,5.75E-08,9.18E-08,1.08E-08,1.18E-08,2.10E-08,3.49E-07,3.46E-07,0,0,0,0,0,0,0,0,,,
1098,4.00E-06,4.77E-07,3.03E-08,9.23E-08,7.96E-09,7.38E-09,1.60E-08,3.04E-07,3.09E-07,0,0,0,0,0,0,0,0,,,
1099,4.00E-06,4.78E-07,3.03E-08,9.23E-08,7.97E-09,7.39E-09,1.60E-08,3.04E-07,3.09E-07,0,0,0,0,0,0,0,0,,,
1100,4.00E-06,4.78E-07,3.03E-08,9.24E-08,7.97E-09,7.39E-09,1.60E-08,3.04E-07,3.10E-07,0,0,0,0,0,0,0,0,,,
1101,0,0,0,0,0,0,0,0,0,0,0,0,0,0,0,0,0,,,
1102,0,0,0,0,0,0,0,0,0,0,0,0,0,0,0,0,0,,,
1103,0,0,0,0,0,0,0,0,0,0,0,0,0,0,0,0,0,,,
1104,0,0,0,0,0,0,0,0,0,0,0,0,0,0,0,0,0,,,
1105,0,0,0,0,0,0,0,0,0,0,0,0,0,0,0,0,0,,,
1106,0,0,0,0,0,0,0,0,0,0,0,0,0,0,0,0,0,,,
1107,0,0,0,0,0,0,0,0,0,0,0,0,0,0,0,0,0,,,
1108,0,0,0,0,0,0,0,0,0,0,0,0,0,0,0,0,0,,,
1109,0,0,0,0,0,0,0,0,0,0,0,0,0,0,0,0,0,,,
1110,0,0,0,0,0,0,0,0,0,0,0,0,0,0,0,0,0,,,
1111,0,0,0,0,0,0,0,0,0,0,0,0,0,0,0,0,0,,,
1112,0,0,0,0,0,0,0,0,0,0,0,0,0,0,0,0,0,,,
1113,0,0,0,0,0,0,0,0,0,0,0,0,0,0,0,0,0,,,
1114,0,0,0,0,0,0,0,0,0,0,0,0,0,0,0,0,0,,,
1115,0,0,0,0,0,0,0,0,0,0,0,0,0,0,0,0,0,,,
1116,0,0,0,0,0,0,0,0,0,0,0,0,0,0,0,0,0,,,
1117,0,0,0,0,0,0,0,0,0,0,0,0,0,0,0,0,0,,,
1118,0,0,0,0,0,0,0,0,0,0,0,0,0,0,0,0,0,,,
1119,0,0,0,0,0,0,0,0,0,0,0,0,0,0,0,0,0,,,
1120,0,0,0,0,0,0,0,0,0,0,0,0,0,0,0,0,0,,,
1121,0,0,0,0,0,0,0,0,0,0,0,0,0,0,0,0,0,,,
1122,0,0,0,0,0,0,0,0,0,0,0,0,0,0,0,0,0,,,
1123,0,0,0,0,0,0,0,0,0,0,0,0,0,0,0,0,0,,,
1124,0,0,0,0,0,0,0,0,0,0,0,0,0,0,0,0,0,,,
1125,0,0,0,0,0,0,0,0,0,0,0,0,0,0,0,0,0,,,
1126,0,0,0,0,0,0,0,0,0,0,0,0,0,0,0,0,0,,,
1127,0,0,0,0,0,0,0,0,0,0,0,0,0,0,0,0,0,,,
1128,0,0,0,0,0,0,0,0,0,0,0,0,0,0,0,0,0,,,
1129,0,0,0,0,0,0,0,0,0,0,0,0,0,0,0,0,0,,,
1130,0,0,0,0,0,0,0,0,0,0,0,0,0,0,0,0,0,,,
1131,0,0,0,0,0,0,0,0,0,0,0,0,0,0,0,0,0,,,
1132,0,0,0,0,0,0,0,0,0,0,0,0,0,0,0,0,0,,,
1133,0,0,0,0,0,0,0,0,0,0,0,0,0,0,0,0,0,,,
1134,0,0,0,0,0,0,0,0,0,0,0,0,0,0,0,0,0,,,
1135,0,0,0,0,0,0,0,0,0,0,0,0,0,0,0,0,0,,,
1136,0,0,0,0,0,0,0,0,0,0,0,0,0,0,0,0,0,,,
1137,0,0,0,0,0,0,0,0,0,0,0,0,0,0,0,0,0,,,
1138,0,0,0,0,0,0,0,0,0,0,0,0,0,0,0,0,0,,,
1139,0,0,0,0,0,0,0,0,0,0,0,0,0,0,0,0,0,,,
1140,0,0,0,0,0,0,0,0,0,0,0,0,0,0,0,0,0,,,
1141,0,0,0,0,0,0,0,0,0,0,0,0,0,0,0,0,0,,,
1142,0,0,0,0,0,0,0,0,0,0.000252663,0,0,0,0,0,0,0,,,
1143,0,0,0,0,0,0,0,0,0,0.00024,0,0,0,0,0,0,0,,,
1144,0,0,0,0,0,0,0,0,0,0.000281632,0,0,0,0,0,0,0,,,
1145,0,0,0,0,0,0,0,0,0,0.000292719,0,0,0,0,0,0,0,,,
1146,0,0,0,0,0,0,0,0,0,0.000293709,0,0,0,0,0,0,0,,,
1147,0,0,0,0,0,0,0,0,0,0.00030272,0,0,0,0,0,0,0,,,
1148,0,0,0,0,0,0,0,0,0,0.000318292,0,0,0,0,0,0,0,,,
1149,0,0,0,0,0,0,0,0,0,0.000341691,0,0,0,0,0,0,0,,,
1150,0,0,0,0,0,0,0,0,0,0.000390116,0,0,0,0,0,0,0,,,
1151,0,0,0,0,0,0,0,0,0,0.000398015,0,0,0,0,0,0,0,,,
1152,0,0,0,0,0,0,0,0,0,0.00042647,0,0,0,0,0,0,0,,,
1153,0,0,0,0,0,0,0,0,0,0.000453323,0,0,0,0,0,0,0,,,
1154,0,0,0,0,0,0,0,0,0,0.000503461,0,0,0,0,0,0,0,,,
1155,0,0,0,0,0,0,0,0,0,0.000534729,0,0,0,0,0,0,0,,,
1156,0,0,0,0,0,0,0,0,0,0.000564808,0,0,0,0,0,0,0,,,
1157,0,0,0,0,0,0,0,0,0,0.000634817,0,0,0,0,0,0,0,,,
1158,0,0,0,0,0,0,0,0,0,0.000698133,0,0,0,0,0,0,0,,,
1159,0,0,0,0,0,0,0,0,0,0.000776316,0,0,0,0,0,0,0,,,
1160,0,0,0,0,0,0,0,0,0,0.000842793,0,0,0,0,0,0,0,,,
1161,0,0,0,0,0,0,0,0,0,0.000953334,0,0,0,0,0,0,0,,,
1162,0,0,0,0,0,0,0,0,0,0.001035133,0,0,0,0,0,0,0,,,
1163,0,0,0,0,0,0,0,0,0,0.001160434,0,0,0,0,0,0,0,,,
1164,0,0,0,0,0,0,0,0,0,0.001319082,0,0,0,0,0,0,0,,,
1165,0,0,0,0,0,0,0,0,0,0.001458175,0,0,0,0,0,0,0,,,
1166,0,0,0,0,0,0,0,0,0,0.001694042,0,0,0,0,0,0,0,,,
1167,0,0,0,0,0,0,0,0,0,0.001929539,0,0,0,0,0,0,0,,,
1168,0,0,0,0,0,0,0,0,0,0.002200166,0,0,0,0,0,0,0,,,
1169,0,0,0,0,0,0,0,0,0,0.00256384,0,0,0,0,0,0,0,,,
1170,0,0,0,0,0,0,0,0,0,0.002951335,0,0,0,0,0,0,0,,,
1171,0,0,0,0,0,0,0,0,0,0.00344821,0,0,0,0,0,0,0,,,
1172,0,0,0,0,0,0,0,0,0,0.004040899,0,0,0,0,0,0,0,,,
1173,0,0,0,0,0,0,0,0,0,0.004816897,0,0,0,0,0,0,0,,,
1174,0,0,0,0,0,0,0,0,0,0.00572273,0,0,0,0,0,0,0,,,
1175,0,0,0,0,0,0,0,0,0,0.006816442,0,0,0,0,0,0,0,,,
1176,0,0,0,0,0,0,0,0,0,0.008211023,0,0,0,0,0,0,0,,,
1177,0,0,0,0,0,0,0,0,0,0.0100503,0,0,0,0,0,0,0,,,
1178,0,0,0,0,0,0,0,0,0,0.012152006,0,0,0,0,0,0,0,,,
1179,0,0,0,0,0,0,0,0,0,0.014996633,0,0,0,0,0,0,0,,,
1180,0,0,0,0,0,0,0,0,0,0.018793708,0,0,0,0,0,0,0,,,
1181,0,0,0,0,0,0,0,0,0,0.023233992,0,0,0,0,0,0,0,,,
1182,0,0,0,0,0,0,0,0,0,0.029201143,0,0,0,0,0,0,0,,,
1183,0,0,0,0,0,0,0,0,0,0.037085735,0,0,0,0,0,0,0,,,
1184,0,0,0,0,0,0,0,0,0,0.047330487,0,0,0,0,0,0,0,,,
1185,0,0,0,0,0,0,0,0,0,0.060659654,0,0,0,0,0,0,0,,,
1186,0,0,0,0,0,0,0,0,0,0.078371811,0,0,0,0,0,0,0,,,
1187,0,0,0,0,0,0,0,0,0,0.101829337,0,0,0,0,0,0,0,,,
1188,0,0,0,0,0,0,0,0,0,0.131061347,0,0,0,0,0,0,0,,,
1189,0,0,0,0,0,0,0,0,0,0.169860768,0,0,0,0,0,0,0,,,
1190,0,0,0,0,0,0,0,0,0,0.219838651,0,0,0,0,0,0,0,,,
1191,0,0,0,0,0,0,0,0,0,0.281820648,0,0,0,0,0,0,0,,,
1192,0,0,0,0,0,0,0,0,0,0.358152358,0,0,0,0,0,0,0,,,
1193,0,0,0,0,0,0,0,0,0,0.448458042,0,0,0,0,0,0,0,,,
1194,0,0,0,0,0,0,0,0,0,0.543600927,0,0,0,0,0,0,0,,,
1195,0,0,0,0,0,0,0,0,0,0.635029988,0,0,0,0,0,0,0,,,
1196,0,0,0,0,0,0,0,0,0,0.724606813,0,0,0,0,0,0,0,,,
1197,0,0,0,0,0,0,0,0,0,0.804403282,0,0,0,0,0,0,0,,,
1198,0,0,0,0,0,0,0,0,0,0.872196249,0,0,0,0,0,0,0,,,
1199,0,0,0,0,0,0,0,0,0,0.921153082,0,0,0,0,0,0,0,,,
1200,0,0,0,0,0,0,0,0,0,0.95237889,0,0,0,0,0,0,0,,,
1201,0,0,0,0,0,0,0,0,0,0.970192441,0,0,0,0,0,0,0,,,
1202,0,0,0,0,0,0,0,0,0,0.980083453,0,0,0,0,0,0,0,,,
1203,0,0,0,0,0,0,0,0,0,0.985545883,0,0,0,0,0,0,0,,,
1204,0,0,0,0,0,0,0,0,0,0.988845662,0,0,0,0,0,0,0,,,
1205,0,0,0,0,0,0,0,0,0,0.990361873,0,0,0,0,0,0,0,,,
1206,0,0,0,0,0,0,0,0,0,0.990848141,0,0,0,0,0,0,0,,,
1207,0,0,0,0,0,0,0,0,0,0.990603093,0,0,0,0,0,0,0,,,
1208,0,0,0,0,0,0,0,0,0,0.990203657,0,0,0,0,0,0,0,,,
1209,0,0,0,0,0,0,0,0,0,0.989010863,0,0,0,0,0,0,0,,,
1210,0,0,0,0,0,0,0,0,0,0.988022509,0,0,0,0,0,0,0,,,
1211,0,0,0,0,0,0,0,0,0,0.987634856,0,0,0,0,0,0,0,,,
1212,0,0,0,0,0,0,0,0,0,0.987617106,0,0,0,0,0,0,0,,,
1213,0,0,0,0,0,0,0,0,0,0.988805322,0,0,0,0,0,0,0,,,
1214,0,0,0,0,0,0,0,0,0,0.991481316,0,0,0,0,0,0,0,,,
1215,0,0,0,0,0,0,0,0,0,0.994925502,0,0,0,0,0,0,0,,,
1216,0,0,0,0,0,0,0,0,0,0.998056844,0,0,0,0,0,0,0,,,
1217,0,0,0,0,0,0,0,0,0,1,0,0,0,0,0,0,0,,,
1218,0,0,0,0,0,0,0,0,0,0.997119769,0,0,0,0,0,0,0,,,
1219,0,0,0,0,0,0,0,0,0,0.983470089,0,0,0,0,0,0,0,,,
1220,0,0,0,0,0,0,0,0,0,0.953605015,0,0,0,0,0,0,0,,,
1221,0,0,0,0,0,0,0,0,0,0.902233282,0,0,0,0,0,0,0,,,
1222,0,0,0,0,0,0,0,0,0,0.82555555,0,0,0,0,0,0,0,,,
1223,0,0,0,0,0,0,0,0,0,0.734704574,0,0,0,0,0,0,0,,,
1224,0,0,0,0,0,0,0,0,0,0.639008525,0,0,0,0,0,0,0,,,
1225,0,0,0,0,0,0,0,0,0,0.537287988,0,0,0,0,0,0,0,,,
1226,0,0,0,0,0,0,0,0,0,0.43038512,0,0,0,0,0,0,0,,,
1227,0,0,0,0,0,0,0,0,0,0.341429677,0,0,0,0,0,0,0,,,
1228,0,0,0,0,0,0,0,0,0,0.266064031,0,0,0,0,0,0,0,,,
1229,0,0,0,0,0,0,0,0,0,0.205649739,0,0,0,0,0,0,0,,,
1230,0,0,0,0,0,0,0,0,0,0.159654338,0,0,0,0,0,0,0,,,
1231,0,0,0,0,0,0,0,0,0,0.124012362,0,0,0,0,0,0,0,,,
1232,0,0,0,0,0,0,0,0,0,0.096341996,0,0,0,0,0,0,0,,,
1233,0,0,0,0,0,0,0,0,0,0.075189373,0,0,0,0,0,0,0,,,
1234,0,0,0,0,0,0,0,0,0,0.05931398,0,0,0,0,0,0,0,,,
1235,0,0,0,0,0,0,0,0,0,0.046974868,0,0,0,0,0,0,0,,,
1236,0,0,0,0,0,0,0,0,0,0.0373723,0,0,0,0,0,0,0,,,
1237,0,0,0,0,0,0,0,0,0,0.030120016,0,0,0,0,0,0,0,,,
1238,0,0,0,0,0,0,0,0,0,0.024383557,0,0,0,0,0,0,0,,,
1239,0,0,0,0,0,0,0,0,0,0.01981043,0,0,0,0,0,0,0,,,
1240,0,0,0,0,0,0,0,0,0,0.016280966,0,0,0,0,0,0,0,,,
1241,0,0,0,0,0,0,0,0,0,0.013504353,0,0,0,0,0,0,0,,,
1242,0,0,0,0,0,0,0,0,0,0.011236465,0,0,0,0,0,0,0,,,
1243,0,0,0,0,0,0,0,0,0,0.009451661,0,0,0,0,0,0,0,,,
1244,0,0,0,0,0,0,0,0,0,0.007975955,0,0,0,0,0,0,0,,,
1245,0,0,0,0,0,0,0,0,0,0.006716341,0,0,0,0,0,0,0,,,
1246,0,0,0,0,0,0,0,0,0,0.005730363,0,0,0,0,0,0,0,,,
1247,0,0,0,0,0,0,0,0,0,0.004922004,0,0,0,0,0,0,0,,,
1248,0,0,0,0,0,0,0,0,0,0.00424308,0,0,0,0,0,0,0,,,
1249,0,0,0,0,0,0,0,0,0,0.003680616,0,0,0,0,0,0,0,,,
1250,0,0,0,0,0,0,0,0,0,0.003225641,0,0,0,0,0,0,0,,,
1251,0,0,0,0,0,0,0,0,0,0.002823081,0,0,0,0,0,0,0,,,
1252,0,0,0,0,0,0,0,0,0,0.002464033,0,0,0,0,0,0,0,,,
1253,0,0,0,0,0,0,0,0,0,0.002191,0,0,0,0,0,0,0,,,
1254,0,0,0,0,0,0,0,0,0,0.001933843,0,0,0,0,0,0,0,,,
1255,0,0,0,0,0,0,0,0,0,0.001735955,0,0,0,0,0,0,0,,,
1256,0,0,0,0,0,0,0,0,0,0.001568431,0,0,0,0,0,0,0,,,
1257,0,0,0,0,0,0,0,0,0,0.001394912,0,0,0,0,0,0,0,,,
1258,0,0,0,0,0,0,0,0,0,0.00126144,0,0,0,0,0,0,0,,,
1259,0,0,0,0,0,0,0,0,0,0.001131375,0,0,0,0,0,0,0,,,
1260,0,0,0,0,0,0,0,0,0,0.001029029,0,0,0,0,0,0,0,,,
1261,0,0,0,0,0,0,0,0,0,0.000950599,0,0,0,0,0,0,0,,,
1262,0,0,0,0,0,0,0,0,0,0.000905436,0,0,0,0,0,0,0,,,
1263,0,0,0,0,0,0,0,0,0,0.000821846,0,0,0,0,0,0,0,,,
1264,0,0,0,0,0,0,0,0,0,0.000737732,0,0,0,0,0,0,0,,,
1265,0,0,0,0,0,0,0,0,0,0.000702467,0,0,0,0,0,0,0,,,
1266,0,0,0,0,0,0,0,0,0,0.000642001,0,0,0,0,0,0,0,,,
1267,0,0,0,0,0,0,0,0,0,0.000582034,0,0,0,0,0,0,0,,,
1268,0,0,0,0,0,0,0,0,0,0.000551599,0,0,0,0,0,0,0,,,
1269,0,0,0,0,0,0,0,0,0,0.000530797,0,0,0,0,0,0,0,,,
1270,0,0,0,0,0,0,0,0,0,0.00050378,0,0,0,0,0,0,0,,,
1271,0,0,0,0,0,0,0,0,0,0.000467956,0,0,0,0,0,0,0,,,
1272,0,0,0,0,0,0,0,0,0,0.00044812,0,0,0,0,0,0,0,,,
1273,0,0,0,0,0,0,0,0,0,0.000426488,0,0,0,0,0,0,0,,,
1274,0,0,0,0,0,0,0,0,0,0.0004121,0,0,0,0,0,0,0,,,
1275,0,0,0,0,0,0,0,0,0,0.000374952,0,0,0,0,0,0,0,,,
1276,0,0,0,0,0,0,0,0,0,0.000391591,0,0,0,0,0,0,0,,,
1277,0,0,0,0,0,0,0,0,0,0.000374988,0,0,0,0,0,0,0,,,
1278,0,0,0,0,0,0,0,0,0,0.000327262,0,0,0,0,0,0,0,,,
1279,0,0,0,0,0,0,0,0,0,0.000334851,0,0,0,0,0,0,0,,,
1280,0,0,0,0,0,0,0,0,0,0.000320358,0,0,0,0,0,0,0,,,
1281,0,0,0,0,0,0,0,0,0,0.000303884,0,0,0,0,0,0,0,,,
1282,0,0,0,0,0,0,0,0,0,0.000312254,0,0,0,0,0,0,0,,,
1283,0,0,0,0,0,0,0,0,0,0.000291808,0,0,0,0,0,0,0,,,
1284,0,0,0,0,0,0,0,0,0,0.000273861,0,0,0,0,0,0,0,,,
1285,0,0,0,0,0,0,0,0,0,0.000283086,0,0,0,0,0,0,0,,,
1286,0,0,0,0,0,0,0,0,0,0.000268532,0,0,0,0,0,0,0,,,
1287,0,0,0,0,0,0,0,0,0,0.000273364,0,0,0,0,0,0,0,,,
1288,0,0,0,0,0,0,0,0,0,0.000265871,0,0,0,0,0,0,0,,,
1289,0,0,0,0,0,0,0,0,0,0.000291852,0,0,0,0,0,0,0,,,
1290,0,0,0,0,0,0,0,0,0,0.000293601,0,0,0,0,0,0,0,,,
1291,0,0,0,0,0,0,0,0,0,0.00025029,0,0,0,0,0,0,0,,,
1292,0,0,0,0,0,0,0,0,0,0.00025519,0,0,0,0,0,0,0,,,
1293,0,0,0,0,0,0,0,0,0,0,0,0,0,0,0,0,0,,,
1294,0,0,0,0,0,0,0,0,0,0,0,0,0,0,0,0,0,,,
1295,0,0,0,0,0,0,0,0,0,0,0,0,0,0,0,0,0,,,
1296,0,0,0,0,0,0,0,0,0,0,0,0,0,0,0,0,0,,,
1297,0,0,0,0,0,0,0,0,0,0,0,0,0,0,0,0,0,,,
1298,0,0,0,0,0,0,0,0,0,0,0,0,0,0,0,0,0,,,
1299,0,0,0,0,0,0,0,0,0,0,0,0,0,0,0,0,0,,,
1300,0,0,0,0,0,0,0,0,0,0,0,0,0,0,0,0,0,,,
1301,0,0,0,0,0,0,0,0,0,0,0,0,0,0,0,0,0,,,
1302,0,0,0,0,0,0,0,0,0,0,0,0,0,0,0,0,0,,,
1303,0,0,0,0,0,0,0,0,0,0,0,0,0,0,0,0,0,,,
1304,0,0,0,0,0,0,0,0,0,0,0,0,0,0,0,0,0,,,
1305,0,0,0,0,0,0,0,0,0,0,0,0,0,0,0,0,0,,,
1306,0,0,0,0,0,0,0,0,0,0,0,0,0,0,0,0,0,,,
1307,0,0,0,0,0,0,0,0,0,0,0,0,0,0,0,0,0,,,
1308,0,0,0,0,0,0,0,0,0,0,0,0,0,0,0,0,0,,,
1309,0,0,0,0,0,0,0,0,0,0,0,0,0,0,0,0,0,,,
1310,0,0,0,0,0,0,0,0,0,0,0,0,0,0,0,0,0,,,
1311,0,0,0,0,0,0,0,0,0,0,0,0,0,0,0,0,0,,,
1312,0,0,0,0,0,0,0,0,0,0,0,0,0,0,0,0,0,,,
1313,0,0,0,0,0,0,0,0,0,0,0,0,0,0,0,0,0,,,
1314,0,0,0,0,0,0,0,0,0,0,0,0,0,0,0,0,0,,,
1315,0,0,0,0,0,0,0,0,0,0,0,0,0,0,0,0,0,,,
1316,0,0,0,0,0,0,0,0,0,0,0,0,0,0,0,0,0,,,
1317,0,0,0,0,0,0,0,0,0,0,0,0,0,0,0,0,0,,,
1318,0,0,0,0,0,0,0,0,0,0,0,0,0,0,0,0,0,,,
1319,0,0,0,0,0,0,0,0,0,0,0,0,0,0,0,0,0,,,
1320,0,0,0,0,0,0,0,0,0,0,0,0,0,0,0,0,0,,,
1321,0,0,0,0,0,0,0,0,0,0,0,0,0,0,0,0,0,,,
1322,0,0,0,0,0,0,0,0,0,0,0,0,0,0,0,0,0,,,
1323,0,0,0,0,0,0,0,0,0,0,0,0,0,0,0,0,0,,,
1324,0,0,0,0,0,0,0,0,0,0,0,0,0,0,0,0,0,,,
1325,0,0,0,0,0,0,0,0,0,0,0,0,0,0,0,0,0,,,
1326,0,0,0,0,0,0,0,0,0,0,0,0,0,0,0,0,0,,,
1327,0,0,0,0,0,0,0,0,0,0,0,0,0,0,0,0,0,,,
1328,0,0,0,0,0,0,0,0,0,0,0,0,0,0,0,0,0,,,
1329,0,0,0,0,0,0,0,0,0,0,0,0,0,0,0,0,0,,,
1330,0,0,0,0,0,0,0,0,0,0,0,0,0,0,0,0,0,,,
1331,0,0,0,0,0,0,0,0,0,0,0,0,0,0,0,0,0,,,
1332,0,0,0,0,0,0,0,0,0,0,0,0,0,0,0,0,0,,,
1333,0,0,0,0,0,0,0,0,0,0,0,0,0,0,0,0,0,,,
1334,0,0,0,0,0,0,0,0,0,0,0,0,0,0,0,0,0,,,
1335,0,0,0,0,0,0,0,0,0,0,0,0,0,0,0,0,0,,,
1336,0,0,0,0,0,0,0,0,0,0,0,0,0,0,0,0,0,,,
1337,0,0,0,0,0,0,0,0,0,0,0,0,0,0,0,0,0,,,
1338,0,0,0,0,0,0,0,0,0,0,0,0,0,0,0,0,0,,,
1339,0,0,0,0,0,0,0,0,0,0,0,0,0,0,0,0,0,,,
1340,0,0,0,0,0,0,0,0,0,0,0,0,0,0,0,0,0,,,
1341,0,0,0,0,0,0,0,0,0,0,0,0,0,0,0,0,0,,,
1342,0,0,0,0,0,0,0,0,0,0,0,0,0,0,0,0,0,,,
1343,0,0,0,0,0,0,0,0,0,0,0,0,0,0,0,0,0,,,
1344,0,0,0,0,0,0,0,0,0,0,0,0,0,0,0,0,0,,,
1345,0,0,0,0,0,0,0,0,0,0,0,0,0,0,0,0,0,,,
1346,0,0,0,0,0,0,0,0,0,0,0,0,0,0,0,0,0,,,
1347,0,0,0,0,0,0,0,0,0,0,0,0,0,0,0,0,0,,,
1348,0,0,0,0,0,0,0,0,0,0,0,0,0,0,0,0,0,,,
1349,0,0,0,0,0,0,0,0,0,0,0,0,0,0,0,0,0,,,
1350,0,0,0,0,0,0,0,0,0,0,0,0,0,0,0,0,0,,,
1351,0,0,0,0,0,0,0,0,0,0,0,0,0,0,0,0,0,,,
1352,0,0,0,0,0,0,0,0,0,0,0,0,0,0,0,0,0,,,
1353,0,0,0,0,0,0,0,0,0,0,0,0,0,0,0,0,0,,,
1354,0,0,0,0,0,0,0,0,0,0,0,0,0,0,0,0,0,,,
1355,0,0,0,0,0,0,0,0,0,0,0,0,0,0,0,0,0,,,
1356,0,0,0,0,0,0,0,0,0,0,0,0,0,0,0,0,0,,,
1357,0,0,0,0,0,0,0,0,0,0,0,0,0,0,0,0,0,,,
1358,0,0,0,0,0,0,0,0,0,0,0,0,0,0,0,0,0,,,
1359,0,0,0,0,0,0,0,0,0,0,0,0,0,0,0,0,0,,,
1360,0,0,0,0,0,0,0,0,0,0,0,0,0,0,0,0,0,,,
1361,0,0,0,0,0,0,0,0,0,0,0,0,0,0,0,0,0,,,
1362,0,0,0,0,0,0,0,0,0,0,0,0,0,0,0,0,0,,,
1363,0,0,0,0,0,0,0,0,0,0,0,0,0,0,0,0,0,,,
1364,0,0,0,0,0,0,0,0,0,0,0,0,0,0,0,0,0,,,
1365,0,0,0,0,0,0,0,0,0,0,0,0,0,0,0,0,0,,,
1366,0,0,0,0,0,0,0,0,0,0,0,0,0,0,0,0,0,,,
1367,0,0,0,0,0,0,0,0,0,0,0,0,0,0,0,0,0,,,
1368,0,0,0,0,0,0,0,0,0,0,0,0,0,0,0,0,0,,,
1369,0,0,0,0,0,0,0,0,0,0,0,0,0,0,0,0,0,,,
1370,0,0,0,0,0,0,0,0,0,0,0,0,0,0,0,0,0,,,
1371,0,0,0,0,0,0,0,0,0,0,0,0,0,0,0,0,0,,,
1372,0,0,0,0,0,0,0,0,0,0,0,0,0,0,0,0,0,,,
1373,0,0,0,0,0,0,0,0,0,0,0,0,0,0,0,0,0,,,
1374,0,0,0,0,0,0,0,0,0,0,0,0,0,0,0,0,0,,,
1375,0,0,0,0,0,0,0,0,0,0,0,0,0,0,0,0,0,,,
1376,0,0,0,0,0,0,0,0,0,0,0,0,0,0,0,0,0,,,
1377,0,0,0,0,0,0,0,0,0,0,0,0,0,0,0,0,0,,,
1378,0,0,0,0,0,0,0,0,0,0,0,0,0,0,0,0,0,,,
1379,0,0,0,0,0,0,0,0,0,0,0,0,0,0,0,0,0,,,
1380,0,0,0,0,0,0,0,0,0,0,0,0,0,0,0,0,0,,,
1381,0,0,0,0,0,0,0,0,0,0,0,0,0,0,0,0,0,,,
1382,0,0,0,0,0,0,0,0,0,0,0,0,0,0,0,0,0,,,
1383,0,0,0,0,0,0,0,0,0,0,0,0,0,0,0,0,0,,,
1384,0,0,0,0,0,0,0,0,0,0,0,0,0,0,0,0,0,,,
1385,0,0,0,0,0,0,0,0,0,0,0,0,0,0,0,0,0,,,
1386,0,0,0,0,0,0,0,0,0,0,0,0,0,0,0,0,0,,,
1387,0,0,0,0,0,0,0,0,0,0,0,0,0,0,0,0,0,,,
1388,0,0,0,0,0,0,0,0,0,0,0,0,0,0,0,0,0,,,
1389,0,0,0,0,0,0,0,0,0,0,0,0,0,0,0,0,0,,,
1390,0,0,0,0,0,0,0,0,0,0,0,0,0,0,0,0,0,,,
1391,0,0,0,0,0,0,0,0,0,0,0,0,0,0,0,0,0,,,
1392,0,0,0,0,0,0,0,0,0,0,0,0,0,0,0,0,0,,,
1393,0,0,0,0,0,0,0,0,0,0,0,0,0,0,0,0,0,,,
1394,0,0,0,0,0,0,0,0,0,0,0,0,0,0,0,0,0,,,
1395,0,0,0,0,0,0,0,0,0,0,0,0,0,0,0,0,0,,,
1396,0,0,0,0,0,0,0,0,0,0,0,0,0,0,0,0,0,,,
1397,0,0,0,0,0,0,0,0,0,0,0,0,0,0,0,0,0,,,
1398,0,0,0,0,0,0,0,0,0,0,0,0,0,0,0,0,0,,,
1399,0,0,0,0,0,0,0,0,0,0,0,0,0,0,0,0,0,,,
1400,0,0,0,0,0,0,0,0,0,0,0,0,0,0,0,0,0,,,
1401,0,0,0,0,0,0,0,0,0,0,0,0,0,0,0,0,0,,,
1402,0,0,0,0,0,0,0,0,0,0,0,0,0,0,0,0,0,,,
1403,0,0,0,0,0,0,0,0,0,0,0,0,0,0,0,0,0,,,
1404,0,0,0,0,0,0,0,0,0,0,0,0,0,0,0,0,0,,,
1405,0,0,0,0,0,0,0,0,0,0,0,0,0,0,0,0,0,,,
1406,0,0,0,0,0,0,0,0,0,0,0,0,0,0,0,0,0,,,
1407,0,0,0,0,0,0,0,0,0,0,0,0,0,0,0,0,0,,,
1408,0,0,0,0,0,0,0,0,0,0,0,0,0,0,0,0,0,,,
1409,0,0,0,0,0,0,0,0,0,0,0,0,0,0,0,0,0,,,
1410,0,0,0,0,0,0,0,0,0,0,0,0,0,0,0,0,0,,,
1411,0,0,0,0,0,0,0,0,0,0,0,0,0,0,0,0,0,,,
1412,0,0,0,0,0,0,0,0,0,0,0,0,0,0,0,0,0,,,
1413,0,0,0,0,0,0,0,0,0,0,0,0,0,0,0,0,0,,,
1414,0,0,0,0,0,0,0,0,0,0,0,0,0,0,0,0,0,,,
1415,0,0,0,0,0,0,0,0,0,0,0,0,0,0,0,0,0,,,
1416,0,0,0,0,0,0,0,0,0,0,0,0,0,0,0,0,0,,,
1417,0,0,0,0,0,0,0,0,0,0,0,0,0,0,0,0,0,,,
1418,0,0,0,0,0,0,0,0,0,0,0,0,0,0,0,0,0,,,
1419,0,0,0,0,0,0,0,0,0,0,0,0,0,0,0,0,0,,,
1420,0,0,0,0,0,0,0,0,0,0,0,0,0,0,0,0,0,,,
1421,0,0,0,0,0,0,0,0,0,0,0,0,0,0,0,0,0,,,
1422,0,0,0,0,0,0,0,0,0,0,0,0,0,0,0,0,0,,,
1423,0,0,0,0,0,0,0,0,0,0,0,0,0,0,0,0,0,,,
1424,0,0,0,0,0,0,0,0,0,0,0,0,0,0,0,0,0,,,
1425,0,0,0,0,0,0,0,0,0,0,0,0,0,0,0,0,0,,,
1426,0,0,0,0,0,0,0,0,0,0,0,0,0,0,0,0,0,,,
1427,0,0,0,0,0,0,0,0,0,0,0,0,0,0,0,0,0,,,
1428,0,0,0,0,0,0,0,0,0,0,0,0,0,0,0,0,0,,,
1429,0,0,0,0,0,0,0,0,0,0,0,0,0,0,0,0,0,,,
1430,0,0,0,0,0,0,0,0,0,0,0,0,0,0,0,0,0,,,
1431,0,0,0,0,0,0,0,0,0,0,0,0,0,0,0,0,0,,,
1432,0,0,0,0,0,0,0,0,0,0,0,0,0,0,0,0,0,,,
1433,0,0,0,0,0,0,0,0,0,0,0,0,0,0,0,0,0,,,
1434,0,0,0,0,0,0,0,0,0,0,0,0,0,0,0,0,0,,,
1435,0,0,0,0,0,0,0,0,0,0,0,0,0,0,0,0,0,,,
1436,0,0,0,0,0,0,0,0,0,0,0,0,0,0,0,0,0,,,
1437,0,0,0,0,0,0,0,0,0,0,0,0,0,0,0,0,0,,,
1438,0,0,0,0,0,0,0,0,0,0,0,0,0,0,0,0,0,,,
1439,0,0,0,0,0,0,0,0,0,0,0,0,0,0,0,0,0,,,
1440,0,0,0,0,0,0,0,0,0,0,0,0,0,0,0,0,0,,,
1441,0,0,0,0,0,0,0,0,0,0,0,0,0,0,0,0,0,,,
1442,0,0,0,0,0,0,0,0,0,0,0,0,0,0,0,0,0,,,
1443,0,0,0,0,0,0,0,0,0,0,0,0,0,0,0,0,0,,,
1444,0,0,0,0,0,0,0,0,0,0,0,0,0,0,0,0,0,,,
1445,0,0,0,0,0,0,0,0,0,0,0,0,0,0,0,0,0,,,
1446,0,0,0,0,0,0,0,0,0,0,0,0,0,0,0,0,0,,,
1447,0,0,0,0,0,0,0,0,0,0,0,0,0,0,0,0,0,,,
1448,0,0,0,0,0,0,0,0,0,0,0,0,0,0,0,0,0,,,
1449,0,0,0,0,0,0,0,0,0,0,0,0,0,0,0,0,0,,,
1450,0,0,0,0,0,0,0,0,0,0,0,0,0,0,0,0,0,,,
1451,0,0,0,0,0,0,0,0,0,0,0,0,0,0,0,0,0,,,
1452,0,0,0,0,0,0,0,0,0,0,0,0,0,0,0,0,0,,,
1453,0,0,0,0,0,0,0,0,0,0,0,0,0,0,0,0,0,,,
1454,0,0,0,0,0,0,0,0,0,0,0,0,0,0,0,0,0,,,
1455,0,0,0,0,0,0,0,0,0,0,0,0,0,0,0,0,0,,,
1456,0,0,0,0,0,0,0,0,0,0,0,0,0,0,0,0,0,,,
1457,0,0,0,0,0,0,0,0,0,0,0,0,0,0,0,0,0,,,
1458,0,0,0,0,0,0,0,0,0,0,0,0,0,0,0,0,0,,,
1459,0,0,0,0,0,0,0,0,0,0,0,0,0,0,0,0,0,,,
1460,0,0,0,0,0,0,0,0,0,0,0,0,0,0,0,0,0,,,
1461,0,0,0,0,0,0,0,0,0,0,0,0,0,0,0,0,0,,,
1462,0,0,0,0,0,0,0,0,0,0,0,0,0,0,0,0,0,,,
1463,0,0,0,0,0,0,0,0,0,0,0,0,0,0,0,0,0,,,
1464,0,0,0,0,0,0,0,0,0,0,0,0,0,0,0,0,0,,,
1465,0,0,0,0,0,0,0,0,0,0,0,0,0,0,0,0,0,,,
1466,0,0,0,0,0,0,0,0,0,0,0,0,0,0,0,0,0,,,
1467,0,0,0,0,0,0,0,0,0,0,0,0,0,0,0,0,0,,,
1468,0,0,0,0,0,0,0,0,0,0,0,0,0,0,0,0,0,,,
1469,0,0,0,0,0,0,0,0,0,0,0,0,0,0,0,0,0,,,
1470,0,0,0,0,0,0,0,0,0,0,0,0,0,0,0,0,0,,,
1471,0,0,0,0,0,0,0,0,0,0,0,0,0,0,0,0,0,,,
1472,0,0,0,0,0,0,0,0,0,0,0,0,0,0,0,0,0,,,
1473,0,0,0,0,0,0,0,0,0,0,0,0,0,0,0,0,0,,,
1474,0,0,0,0,0,0,0,0,0,0,0,0,0,0,0,0,0,,,
1475,0,0,0,0,0,0,0,0,0,0,0,0,0,0,0,0,0,,,
1476,0,0,0,0,0,0,0,0,0,0,0,0,0,0,0,0,0,,,
1477,0,0,0,0,0,0,0,0,0,0,0,0,0,0,0,0,0,,,
1478,0,0,0,0,0,0,0,0,0,0,0,0,0,0,0,0,0,,,
1479,0,0,0,0,0,0,0,0,0,0,0,0,0,0,0,0,0,,,
1480,0,0,0,0,0,0,0,0,0,0,0,0,0,0,0,0,0,,,
1481,0,0,0,0,0,0,0,0,0,0,0,0,0,0,0,0,0,,,
1482,0,0,0,0,0,0,0,0,0,0,0,0,0,0,0,0,0,,,
1483,0,0,0,0,0,0,0,0,0,0,0,0,0,0,0,0,0,,,
1484,0,0,0,0,0,0,0,0,0,0,0,0,0,0,0,0,0,,,
1485,0,0,0,0,0,0,0,0,0,0,0,0,0,0,0,0,0,,,
1486,0,0,0,0,0,0,0,0,0,0,0,0,0,0,0,0,0,,,
1487,0,0,0,0,0,0,0,0,0,0,0,0,0,0,0,0,0,,,
1488,0,0,0,0,0,0,0,0,0,0,0,0,0,0,0,0,0,,,
1489,0,0,0,0,0,0,0,0,0,0,9.16663E-05,0,0,0,0,0,0,,,
1490,0,0,0,0,0,0,0,0,0,0,8.13465E-05,0,0,0,0,0,0,,,
1491,0,0,0,0,0,0,0,0,0,0,7.23616E-05,0,0,0,0,0,0,,,
1492,0,0,0,0,0,0,0,0,0,0,8.00155E-05,0,0,0,0,0,0,,,
1493,0,0,0,0,0,0,0,0,0,0,6.83204E-05,0,0,0,0,0,0,,,
1494,0,0,0,0,0,0,0,0,0,0,7.19737E-05,0,0,0,0,0,0,,,
1495,0,0,0,0,0,0,0,0,0,0,8.7774E-05,0,0,0,0,0,0,,,
1496,0,0,0,0,0,0,0,0,0,0,9.81107E-05,0,0,0,0,0,0,,,
1497,0,0,0,0,0,0,0,0,0,0,9.43876E-05,0,0,0,0,0,0,,,
1498,0,0,0,0,0,0,0,0,0,0,7.18054E-05,0,0,0,0,0,0,,,
1499,0,0,0,0,0,0,0,0,0,0,6.63254E-05,0,0,0,0,0,0,,,
1500,0,0,0,0,0,0,0,0,0,0,8.00E-05,0,0,0,0,0,0,,,
1501,0,0,0,0,0,0,0,0,0,0,8.98E-05,0,0,0,0,0,0,,,
1502,0,0,0,0,0,0,0,0,0,0,8.74E-05,0,0,0,0,0,0,,,
1503,0,0,0,0,0,0,0,0,0,0,7.78E-05,0,0,0,0,0,0,,,
1504,0,0,0,0,0,0,0,0,0,0,7.97E-05,0,0,0,0,0,0,,,
1505,0,0,0,0,0,0,0,0,0,0,9.23E-05,0,0,0,0,0,0,,,
1506,0,0,0,0,0,0,0,0,0,0,1.10E-04,0,0,0,0,0,0,,,
1507,0,0,0,0,0,0,0,0,0,0,9.03E-05,0,0,0,0,0,0,,,
1508,0,0,0,0,0,0,0,0,0,0,9.17E-05,0,0,0,0,0,0,,,
1509,0,0,0,0,0,0,0,0,0,0,8.56E-05,0,0,0,0,0,0,,,
1510,0,0,0,0,0,0,0,0,0,0,9.93E-05,0,0,0,0,0,0,,,
1511,0,0,0,0,0,0,0,0,0,0,8.15E-05,0,0,0,0,0,0,,,
1512,0,0,0,0,0,0,0,0,0,0,8.76E-05,0,0,0,0,0,0,,,
1513,0,0,0,0,0,0,0,0,0,0,8.23E-05,0,0,0,0,0,0,,,
1514,0,0,0,0,0,0,0,0,0,0,9.98E-05,0,0,0,0,0,0,,,
1515,0,0,0,0,0,0,0,0,0,0,9.03E-05,0,0,0,0,0,0,,,
1516,0,0,0,0,0,0,0,0,0,0,8.81E-05,0,0,0,0,0,0,,,
1517,0,0,0,0,0,0,0,0,0,0,8.62E-05,0,0,0,0,0,0,,,
1518,0,0,0,0,0,0,0,0,0,0,8.49E-05,0,0,0,0,0,0,,,
1519,0,0,0,0,0,0,0,0,0,0,8.94E-05,0,0,0,0,0,0,,,
1520,0,0,0,0,0,0,0,0,0,0,7.53E-05,0,0,0,0,0,0,,,
1521,0,0,0,0,0,0,0,0,0,0,1.06E-04,0,0,0,0,0,0,,,
1522,0,0,0,0,0,0,0,0,0,0,9.37E-05,0,0,0,0,0,0,,,
1523,0,0,0,0,0,0,0,0,0,0,1.15E-04,0,0,0,0,0,0,,,
1524,0,0,0,0,0,0,0,0,0,0,1.22E-04,0,0,0,0,0,0,,,
1525,0,0,0,0,0,0,0,0,0,0,1.28E-04,0,0,0,0,0,0,,,
1526,0,0,0,0,0,0,0,0,0,0,1.13E-04,0,0,0,0,0,0,,,
1527,0,0,0,0,0,0,0,0,0,0,1.67E-04,0,0,0,0,0,0,,,
1528,0,0,0,0,0,0,0,0,0,0,1.53E-04,0,0,0,0,0,0,,,
1529,0,0,0,0,0,0,0,0,0,0,1.84E-04,0,0,0,0,0,0,,,
1530,0,0,0,0,0,0,0,0,0,0,2.18E-04,0,0,0,0,0,0,,,
1531,0,0,0,0,0,0,0,0,0,0,2.75E-04,0,0,0,0,0,0,,,
1532,0,0,0,0,0,0,0,0,0,0,3.05E-04,0,0,0,0,0,0,,,
1533,0,0,0,0,0,0,0,0,0,0,4.02E-04,0,0,0,0,0,0,,,
1534,0,0,0,0,0,0,0,0,0,0,4.85E-04,0,0,0,0,0,0,,,
1535,0,0,0,0,0,0,0,0,0,0,6.23E-04,0,0,0,0,0,0,,,
1536,0,0,0,0,0,0,0,0,0,0,8.39E-04,0,0,0,0,0,0,,,
1537,0,0,0,0,0,0,0,0,0,0,0.001168188,0,0,0,0,0,0,,,
1538,0,0,0,0,0,0,0,0,0,0,0.001601485,0,0,0,0,0,0,,,
1539,0,0,0,0,0,0,0,0,0,0,0.002314974,0,0,0,0,0,0,,,
1540,0,0,0,0,0,0,0,0,0,0,0.00335142,0,0,0,0,0,0,,,
1541,0,0,0,0,0,0,0,0,0,0,0.004964323,0,0,0,0,0,0,,,
1542,0,0,0,0,0,0,0,0,0,0,0.007608097,0,0,0,0,0,0,,,
1543,0,0,0,0,0,0,0,0,0,0,0.01198123,0,0,0,0,0,0,,,
1544,0,0,0,0,0,0,0,0,0,0,0.018839432,0,0,0,0,0,0,,,
1545,0,0,0,0,0,0,0,0,0,0,0.031036616,0,0,0,0,0,0,,,
1546,0,0,0,0,0,0,0,0,0,0,0.05276573,0,0,0,0,0,0,,,
1547,0,0,0,0,0,0,0,0,0,0,0.081285733,0,0,0,0,0,0,,,
1548,0,0,0,0,0,0,0,0,0,0,0.126447071,0,0,0,0,0,0,,,
1549,0,0,0,0,0,0,0,0,0,0,0.193279459,0,0,0,0,0,0,,,
1550,0,0,0,0,0,0,0,0,0,0,0.285809678,0,0,0,0,0,0,,,
1551,0,0,0,0,0,0,0,0,0,0,0.409587341,0,0,0,0,0,0,,,
1552,0,0,0,0,0,0,0,0,0,0,0.548183552,0,0,0,0,0,0,,,
1553,0,0,0,0,0,0,0,0,0,0,0.686931545,0,0,0,0,0,0,,,
1554,0,0,0,0,0,0,0,0,0,0,0.815635883,0,0,0,0,0,0,,,
1555,0,0,0,0,0,0,0,0,0,0,0.909530926,0,0,0,0,0,0,,,
1556,0,0,0,0,0,0,0,0,0,0,0.938431719,0,0,0,0,0,0,,,
1557,0,0,0,0,0,0,0,0,0,0,0.931295649,0,0,0,0,0,0,,,
1558,0,0,0,0,0,0,0,0,0,0,0.913804766,0,0,0,0,0,0,,,
1559,0,0,0,0,0,0,0,0,0,0,0.900219391,0,0,0,0,0,0,,,
1560,0,0,0,0,0,0,0,0,0,0,0.894925035,0,0,0,0,0,0,,,
1561,0,0,0,0,0,0,0,0,0,0,0.897506514,0,0,0,0,0,0,,,
1562,0,0,0,0,0,0,0,0,0,0,0.90709205,0,0,0,0,0,0,,,
1563,0,0,0,0,0,0,0,0,0,0,0.92020527,0,0,0,0,0,0,,,
1564,0,0,0,0,0,0,0,0,0,0,0.934083097,0,0,0,0,0,0,,,
1565,0,0,0,0,0,0,0,0,0,0,0.947587363,0,0,0,0,0,0,,,
1566,0,0,0,0,0,0,0,0,0,0,0.960201764,0,0,0,0,0,0,,,
1567,0,0,0,0,0,0,0,0,0,0,0.970978631,0,0,0,0,0,0,,,
1568,0,0,0,0,0,0,0,0,0,0,0.979443045,0,0,0,0,0,0,,,
1569,0,0,0,0,0,0,0,0,0,0,0.985226644,0,0,0,0,0,0,,,
1570,0,0,0,0,0,0,0,0,0,0,0.988442877,0,0,0,0,0,0,,,
1571,0,0,0,0,0,0,0,0,0,0,0.989462554,0,0,0,0,0,0,,,
1572,0,0,0,0,0,0,0,0,0,0,0.988938706,0,0,0,0,0,0,,,
1573,0,0,0,0,0,0,0,0,0,0,0.987626011,0,0,0,0,0,0,,,
1574,0,0,0,0,0,0,0,0,0,0,0.986394454,0,0,0,0,0,0,,,
1575,0,0,0,0,0,0,0,0,0,0,0.985879216,0,0,0,0,0,0,,,
1576,0,0,0,0,0,0,0,0,0,0,0.98692888,0,0,0,0,0,0,,,
1577,0,0,0,0,0,0,0,0,0,0,0.989477673,0,0,0,0,0,0,,,
1578,0,0,0,0,0,0,0,0,0,0,0.993074212,0,0,0,0,0,0,,,
1579,0,0,0,0,0,0,0,0,0,0,0.995928966,0,0,0,0,0,0,,,
1580,0,0,0,0,0,0,0,0,0,0,0.997065045,0,0,0,0,0,0,,,
1581,0,0,0,0,0,0,0,0,0,0,0.996988191,0,0,0,0,0,0,,,
1582,0,0,0,0,0,0,0,0,0,0,0.996143212,0,0,0,0,0,0,,,
1583,0,0,0,0,0,0,0,0,0,0,0.996980305,0,0,0,0,0,0,,,
1584,0,0,0,0,0,0,0,0,0,0,0.998792025,0,0,0,0,0,0,,,
1585,0,0,0,0,0,0,0,0,0,0,1,0,0,0,0,0,0,,,
1586,0,0,0,0,0,0,0,0,0,0,0.996921418,0,0,0,0,0,0,,,
1587,0,0,0,0,0,0,0,0,0,0,0.98030514,0,0,0,0,0,0,,,
1588,0,0,0,0,0,0,0,0,0,0,0.930679591,4.22495E-05,0,0,0,0,0,,,
1589,0,0,0,0,0,0,0,0,0,0,0.831848891,1.78818E-06,0,0,0,0,0,,,
1590,0,0,0,0,0,0,0,0,0,0,0.725741028,3.58934E-05,0,0,0,0,0,,,
1591,0,0,0,0,0,0,0,0,0,0,0.612639597,5.67581E-05,0,0,0,0,0,,,
1592,0,0,0,0,0,0,0,0,0,0,0.488846855,2.01467E-05,0,0,0,0,0,,,
1593,0,0,0,0,0,0,0,0,0,0,0.342553845,4.21157E-05,0,0,0,0,0,,,
1594,0,0,0,0,0,0,0,0,0,0,0.233997087,-9.70099E-06,0,0,0,0,0,,,
1595,0,0,0,0,0,0,0,0,0,0,0.152377241,-8.83206E-05,0,0,0,0,0,,,
1596,0,0,0,0,0,0,0,0,0,0,0.096252515,3.27333E-05,0,0,0,0,0,,,
1597,0,0,0,0,0,0,0,0,0,0,0.060699219,4.62892E-05,0,0,0,0,0,,,
1598,0,0,0,0,0,0,0,0,0,0,0.038295146,3.56177E-05,0,0,0,0,0,,,
1599,0,0,0,0,0,0,0,0,0,0,0.023944063,-2.01282E-05,0,0,0,0,0,,,
1600,0,0,0,0,0,0,0,0,0,0,0.015333611,2.39E-05,0,0,0,0,0,,,
1601,0,0,0,0,0,0,0,0,0,0,0.010136802,3.86E-05,0,0,0,0,0,,,
1602,0,0,0,0,0,0,0,0,0,0,0.006797418,-1.95E-05,0,0,0,0,0,,,
1603,0,0,0,0,0,0,0,0,0,0,0.004623598,-3.37015E-05,0,0,0,0,0,,,
1604,0,0,0,0,0,0,0,0,0,0,0.003259814,-1.88E-05,0,0,0,0,0,,,
1605,0,0,0,0,0,0,0,0,0,0,0.002333303,-1.38E-05,0,0,0,0,0,,,
1606,0,0,0,0,0,0,0,0,0,0,0.001699369,-5.02E-05,0,0,0,0,0,,,
1607,0,0,0,0,0,0,0,0,0,0,0.001267091,-1.08E-05,0,0,0,0,0,,,
1608,0,0,0,0,0,0,0,0,0,0,0.00095003,-6.76E-05,0,0,0,0,0,,,
1609,0,0,0,0,0,0,0,0,0,0,0.000721137,7.10E-06,0,0,0,0,0,,,
1610,0,0,0,0,0,0,0,0,0,0,0.000553551,-1.78E-05,0,0,0,0,0,,,
1611,0,0,0,0,0,0,0,0,0,0,0.000443985,7.20E-05,0,0,0,0,0,,,
1612,0,0,0,0,0,0,0,0,0,0,0.000353982,8.03E-06,0,0,0,0,0,,,
1613,0,0,0,0,0,0,0,0,0,0,0.000283927,7.87E-05,0,0,0,0,0,,,
1614,0,0,0,0,0,0,0,0,0,0,0.000250747,7.37813E-06,0,0,0,0,0,,,
1615,0,0,0,0,0,0,0,0,0,0,0.000232084,1.28E-04,0,0,0,0,0,,,
1616,0,0,0,0,0,0,0,0,0,0,0.000187528,5.97E-05,0,0,0,0,0,,,
1617,0,0,0,0,0,0,0,0,0,0,0.000169715,3.20E-05,0,0,0,0,0,,,
1618,0,0,0,0,0,0,0,0,0,0,0.000159305,1.10E-04,0,0,0,0,0,,,
1619,0,0,0,0,0,0,0,0,0,0,0.000136208,4.13E-05,0,0,0,0,0,,,
1620,0,0,0,0,0,0,0,0,0,0,0.000137355,1.55E-04,0,0,0,0,0,,,
1621,0,0,0,0,0,0,0,0,0,0,0.000152542,1.09E-04,0,0,0,0,0,,,
1622,0,0,0,0,0,0,0,0,0,0,0.000119558,2.87E-04,0,0,0,0,0,,,
1623,0,0,0,0,0,0,0,0,0,0,9.60907E-05,3.34E-04,0,0,0,0,0,,,
1624,0,0,0,0,0,0,0,0,0,0,0.000103234,3.27E-04,0,0,0,0,0,,,
1625,0,0,0,0,0,0,0,0,0,0,0.000105417,5.42E-04,0,0,0,0,0,,,
1626,0,0,0,0,0,0,0,0,0,0,9.39531E-05,8.05E-04,0,0,0,0,0,,,
1627,0,0,0,0,0,0,0,0,0,0,0.000101778,1.07E-03,0,0,0,0,0,,,
1628,0,0,0,0,0,0,0,0,0,0,9.98596E-05,1.50E-03,0,0,0,0,0,,,
1629,0,0,0,0,0,0,0,0,0,0,0.000114619,0.002158926,0,0,0,0,0,,,
1630,0,0,0,0,0,0,0,0,0,0,0.000130321,3.35E-03,0,0,0,0,0,,,
1631,0,0,0,0,0,0,0,0,0,0,0.000106944,5.03E-03,0,0,0,0,0,,,
1632,0,0,0,0,0,0,0,0,0,0,0.00010507,0.007834881,0,0,0,0,0,,,
1633,0,0,0,0,0,0,0,0,0,0,0.000123212,1.24E-02,0,0,0,0,0,,,
1634,0,0,0,0,0,0,0,0,0,0,9.9951E-05,0.020311026,0,0,0,0,0,,,
1635,0,0,0,0,0,0,0,0,0,0,9.03918E-05,0.033882536,0,0,0,0,0,,,
1636,0,0,0,0,0,0,0,0,0,0,0.000108649,0.056870323,0,0,0,0,0,,,
1637,0,0,0,0,0,0,0,0,0,0,8.52402E-05,0.086584421,0,0,0,0,0,,,
1638,0,0,0,0,0,0,0,0,0,0,8.56537E-05,0.130848729,0,0,0,0,0,,,
1639,0,0,0,0,0,0,0,0,0,0,0.000107821,0.196805211,0,0,0,0,0,,,
1640,0,0,0,0,0,0,0,0,0,0,0.000113755,0.28835071,0,0,0,0,0,,,
1641,0,0,0,0,0,0,0,0,0,0,0,0.406851475,0,0,0,0,0,,,
1642,0,0,0,0,0,0,0,0,0,0,0,0.528869535,0,0,0,0,0,,,
1643,0,0,0,0,0,0,0,0,0,0,0,0.62918231,0,0,0,0,0,,,
1644,0,0,0,0,0,0,0,0,0,0,0,0.719871641,0,0,0,0,0,,,
1645,0,0,0,0,0,0,0,0,0,0,0,0.792966123,0,0,0,0,0,,,
1646,0,0,0,0,0,0,0,0,0,0,0,0.863545698,0,0,0,0,0,,,
1647,0,0,0,0,0,0,0,0,0,0,0,0.887711746,0,0,0,0,0,,,
1648,0,0,0,0,0,0,0,0,0,0,0,0.891876993,0,0,0,0,0,,,
1649,0,0,0,0,0,0,0,0,0,0,0,0.893473833,0,0,0,0,0,,,
1650,0,0,0,0,0,0,0,0,0,0,0,0.896967232,0,0,0,0,0,,,
1651,0,0,0,0,0,0,0,0,0,0,0,0.902370851,0,0,0,0,0,,,
1652,0,0,0,0,0,0,0,0,0,0,0,0.908576402,0,0,0,0,0,,,
1653,0,0,0,0,0,0,0,0,0,0,0,0.914828809,0,0,0,0,0,,,
1654,0,0,0,0,0,0,0,0,0,0,0,0.920159676,0,0,0,0,0,,,
1655,0,0,0,0,0,0,0,0,0,0,0,0.924562068,0,0,0,0,0,,,
1656,0,0,0,0,0,0,0,0,0,0,0,0.928670135,0,0,0,0,0,,,
1657,0,0,0,0,0,0,0,0,0,0,0,0.932827736,0,0,0,0,0,,,
1658,0,0,0,0,0,0,0,0,0,0,0,0.937589854,0,0,0,0,0,,,
1659,0,0,0,0,0,0,0,0,0,0,0,0.942460305,0,0,0,0,0,,,
1660,0,0,0,0,0,0,0,0,0,0,0,0.947428224,0,0,0,0,0,,,
1661,0,0,0,0,0,0,0,0,0,0,0,0.952240465,0,0,0,0,0,,,
1662,0,0,0,0,0,0,0,0,0,0,0,0.957943893,0,0,0,0,0,,,
1663,0,0,0,0,0,0,0,0,0,0,0,0.964144597,0,0,0,0,0,,,
1664,0,0,0,0,0,0,0,0,0,0,0,0.970299607,0,0,0,0,0,,,
1665,0,0,0,0,0,0,0,0,0,0,0,0.977268074,0,0,0,0,0,,,
1666,0,0,0,0,0,0,0,0,0,0,0,0.985015129,0,0,0,0,0,,,
1667,0,0,0,0,0,0,0,0,0,0,0,0.992391033,0,0,0,0,0,,,
1668,0,0,0,0,0,0,0,0,0,0,0,0.998279698,6.88505E-05,0,0,0,0,,,
1669,0,0,0,0,0,0,0,0,0,0,0,1,1.25784E-05,0,0,0,0,,,
1670,0,0,0,0,0,0,0,0,0,0,0,0.998861067,6.68065E-05,0,0,0,0,,,
1671,0,0,0,0,0,0,0,0,0,0,0,0.994642356,0.000147906,0,0,0,0,,,
1672,0,0,0,0,0,0,0,0,0,0,0,0.988963059,0.000106312,0,0,0,0,,,
1673,0,0,0,0,0,0,0,0,0,0,0,0.984178479,8.79893E-05,0,0,0,0,,,
1674,0,0,0,0,0,0,0,0,0,0,0,0.981859997,8.96636E-05,0,0,0,0,,,
1675,0,0,0,0,0,0,0,0,0,0,0,0.978623246,0.000160508,0,0,0,0,,,
1676,0,0,0,0,0,0,0,0,0,0,0,0.960533544,0.000134297,0,0,0,0,,,
1677,0,0,0,0,0,0,0,0,0,0,0,0.899237411,0.000176076,0,0,0,0,,,
1678,0,0,0,0,0,0,0,0,0,0,0,0.781328859,0.000182823,0,0,0,0,,,
1679,0,0,0,0,0,0,0,0,0,0,0,0.673296091,0.000252187,0,0,0,0,,,
1680,0,0,0,0,0,0,0,0,0,0,0,0.55335161,2.62E-04,0,0,0,0,,,
1681,0,0,0,0,0,0,0,0,0,0,0,0.406866804,0.00026007,0,0,0,0,,,
1682,0,0,0,0,0,0,0,0,0,0,0,0.269969616,0.000375149,0,0,0,0,,,
1683,0,0,0,0,0,0,0,0,0,0,0,0.170165463,4.55E-04,0,0,0,0,,,
1684,0,0,0,0,0,0,0,0,0,0,0,0.106597837,0.00053591,0,0,0,0,,,
1685,0,0,0,0,0,0,0,0,0,0,0,0.066549032,0.000697674,0,0,0,0,,,
1686,0,0,0,0,0,0,0,0,0,0,0,0.040324371,7.48E-04,0,0,0,0,,,
1687,0,0,0,0,0,0,0,0,0,0,0,0.024357603,0.000970163,0,0,0,0,,,
1688,0,0,0,0,0,0,0,0,0,0,0,0.015116177,0.001204818,0,0,0,0,,,
1689,0,0,0,0,0,0,0,0,0,0,0,0.009739833,1.53E-03,0,0,0,0,,,
1690,0,0,0,0,0,0,0,0,0,0,0,0.006187214,0.001851089,0,0,0,0,,,
1691,0,0,0,0,0,0,0,0,0,0,0,0.004286467,0.002338471,0,0,0,0,,,
1692,0,0,0,0,0,0,0,0,0,0,0,0.002869247,0.002969619,0,0,0,0,,,
1693,0,0,0,0,0,0,0,0,0,0,0,0.002032269,0.003794679,0,0,0,0,,,
1694,0,0,0,0,0,0,0,0,0,0,0,0.001366921,0.004909195,0,0,0,0,,,
1695,0,0,0,0,0,0,0,0,0,0,0,0.001055665,0.006362459,0,0,0,0,,,
1696,0,0,0,0,0,0,0,0,0,0,0,0.000728993,0.008355457,0,0,0,0,,,
1697,0,0,0,0,0,0,0,0,0,0,0,0.000530133,0.01112463,0,0,0,0,,,
1698,0,0,0,0,0,0,0,0,0,0,0,0.000432498,0.015056851,0,0,0,0,,,
1699,0,0,0,0,0,0,0,0,0,0,0,0.000365901,0.020489526,0,0,0,0,,,
1700,0,0,0,0,0,0,0,0,0,0,0,0.000293869,0.028352136,0,0,0,0,,,
1701,0,0,0,0,0,0,0,0,0,0,0,0.000162164,0.039797098,0,0,0,0,,,
1702,0,0,0,0,0,0,0,0,0,0,0,0.000129941,0.055999549,0,0,0,0,,,
1703,0,0,0,0,0,0,0,0,0,0,0,9.25681E-05,0.075734344,0,0,0,0,,,
1704,0,0,0,0,0,0,0,0,0,0,0,3.64965E-05,0.103425873,0,0,0,0,,,
1705,0,0,0,0,0,0,0,0,0,0,0,2.69099E-05,0.14185892,0,0,0,0,,,
1706,0,0,0,0,0,0,0,0,0,0,0,8.25351E-05,0.195103936,0,0,0,0,,,
1707,0,0,0,0,0,0,0,0,0,0,0,0.00014749,0.266281035,0,0,0,0,,,
1708,0,0,0,0,0,0,0,0,0,0,0,-3.7503E-05,0.35809339,0,0,0,0,,,
1709,0,0,0,0,0,0,0,0,0,0,0,-3.04253E-05,0.468834048,0,0,0,0,,,
1710,0,0,0,0,0,0,0,0,0,0,0,1.90293E-05,0.574651453,0,0,0,0,,,
1711,0,0,0,0,0,0,0,0,0,0,0,4.04822E-05,0.677051797,0,0,0,0,,,
1712,0,0,0,0,0,0,0,0,0,0,0,5.75744E-05,0.769153929,0,0,0,0,,,
1713,0,0,0,0,0,0,0,0,0,0,0,3.80312E-05,0.870078442,0,0,0,0,,,
1714,0,0,0,0,0,0,0,0,0,0,0,6.73E-06,0.937239638,0,0,0,0,,,
1715,0,0,0,0,0,0,0,0,0,0,0,3.36144E-05,0.965049455,0,0,0,0,,,
1716,0,0,0,0,0,0,0,0,0,0,0,6.19E-05,0.968755496,0,0,0,0,,,
1717,0,0,0,0,0,0,0,0,0,0,0,7.98E-05,0.961823046,0,0,0,0,,,
1718,0,0,0,0,0,0,0,0,0,0,0,5.41E-05,0.954516413,0,0,0,0,,,
1719,0,0,0,0,0,0,0,0,0,0,0,4.79E-05,0.950612001,0,0,0,0,,,
1720,0,0,0,0,0,0,0,0,0,0,0,4.05E-05,0.951605589,0,0,0,0,,,
1721,0,0,0,0,0,0,0,0,0,0,0,6.22E-05,0.956257952,0,0,0,0,,,
1722,0,0,0,0,0,0,0,0,0,0,0,-3.55E-05,0.962860839,0,0,0,0,,,
1723,0,0,0,0,0,0,0,0,0,0,0,-4.78934E-05,0.970385528,0,0,0,0,,,
1724,0,0,0,0,0,0,0,0,0,0,0,2.02E-05,0.978476638,0,0,0,0,,,
1725,0,0,0,0,0,0,0,0,0,0,0,-5.43E-05,0.985168424,0,0,0,0,,,
1726,0,0,0,0,0,0,0,0,0,0,0,-2.28E-05,0.990131763,0,0,0,0,,,
1727,0,0,0,0,0,0,0,0,0,0,0,-3.55E-05,0.993859575,0,0,0,0,,,
1728,0,0,0,0,0,0,0,0,0,0,0,-1.62E-05,0.996491508,0,0,0,0,,,
1729,0,0,0,0,0,0,0,0,0,0,0,2.40E-05,0.998319408,0,0,0,0,,,
1730,0,0,0,0,0,0,0,0,0,0,0,9.47E-06,0.999487966,0,0,0,0,,,
1731,0,0,0,0,0,0,0,0,0,0,0,-1.09E-06,0.999600168,0,0,0,0,,,
1732,0,0,0,0,0,0,0,0,0,0,0,-1.82E-05,0.999739054,0,0,0,0,,,
1733,0,0,0,0,0,0,0,0,0,0,0,-6.48E-05,1,0,0,0,0,,,
1734,0,0,0,0,0,0,0,0,0,0,0,7.20E-06,0.999984738,0,0,0,0,,,
1735,0,0,0,0,0,0,0,0,0,0,0,8.84E-05,0.999677903,0,0,0,0,,,
1736,0,0,0,0,0,0,0,0,0,0,0,-1.81E-05,0.998659467,0,0,0,0,,,
1737,0,0,0,0,0,0,0,0,0,0,0,-2.16E-05,0.99657138,0,0,0,0,,,
1738,0,0,0,0,0,0,0,0,0,0,0,5.68E-05,0.993308801,0,0,0,0,,,
1739,0,0,0,0,0,0,0,0,0,0,0,7.45E-05,0.989890848,0,0,0,0,,,
1740,0,0,0,0,0,0,0,0,0,0,0,0.00E+00,0.98675544,0,0,0,0,,,
1741,0,0,0,0,0,0,0,0,0,0,0,0.00E+00,0.982831314,0,0,0,0,,,
1742,0,0,0,0,0,0,0,0,0,0,0,0.00E+00,0.978081476,0,0,0,0,,,
1743,0,0,0,0,0,0,0,0,0,0,0,0.00E+00,0.970501888,0,0,0,0,,,
1744,0,0,0,0,0,0,0,0,0,0,0,0.00E+00,0.958012548,0,0,0,0,,,
1745,0,0,0,0,0,0,0,0,0,0,0,0.00E+00,0.933916279,0,0,0,0,,,
1746,0,0,0,0,0,0,0,0,0,0,0,0.00E+00,0.883165155,0,0,0,0,,,
1747,0,0,0,0,0,0,0,0,0,0,0,0.00E+00,0.799586981,0,0,0,0,,,
1748,0,0,0,0,0,0,0,0,0,0,0,0.00E+00,0.728830842,0,0,0,0,,,
1749,0,0,0,0,0,0,0,0,0,0,0,0,0.649756872,0,0,0,0,,,
1750,0,0,0,0,0,0,0,0,0,0,0,0.00E+00,0.564041284,0,0,0,0,,,
1751,0,0,0,0,0,0,0,0,0,0,0,0,0.471863644,0,0,0,0,,,
1752,0,0,0,0,0,0,0,0,0,0,0,0,0.36528356,0,0,0,0,,,
1753,0,0,0,0,0,0,0,0,0,0,0,0,0.2760407,0,0,0,0,,,
1754,0,0,0,0,0,0,0,0,0,0,0,0,0.204456507,0,0,0,0,,,
1755,0,0,0,0,0,0,0,0,0,0,0,0,0.150567697,0,0,0,0,,,
1756,0,0,0,0,0,0,0,0,0,0,0,0,0.110559465,0,0,0,0,,,
1757,0,0,0,0,0,0,0,0,0,0,0,0,0.081783985,0,0,0,0,,,
1758,0,0,0,0,0,0,0,0,0,0,0,0,0.060682343,0,0,0,0,,,
1759,0,0,0,0,0,0,0,0,0,0,0,0,0.0446974,0,0,0,0,,,
1760,0,0,0,0,0,0,0,0,0,0,0,0,0.032797348,0,0,0,0,,,
1761,0,0,0,0,0,0,0,0,0,0,0,0,0.02432926,0,0,0,0,,,
1762,0,0,0,0,0,0,0,0,0,0,0,0,0.018220851,0,0,0,0,,,
1763,0,0,0,0,0,0,0,0,0,0,0,0,0.013905899,0,0,0,0,,,
1764,0,0,0,0,0,0,0,0,0,0,0,0,0.010632059,0,0,0,0,,,
1765,0,0,0,0,0,0,0,0,0,0,0,0,0.008213492,0,0,0,0,,,
1766,0,0,0,0,0,0,0,0,0,0,0,0,0.006354286,0,0,0,0,,,
1767,0,0,0,0,0,0,0,0,0,0,0,0,0.005043519,0,0,0,0,,,
1768,0,0,0,0,0,0,0,0,0,0,0,0,0.003952822,0,0,0,0,,,
1769,0,0,0,0,0,0,0,0,0,0,0,0,0.003179188,0,0,0,0,,,
1770,0,0,0,0,0,0,0,0,0,0,0,0,0.002551846,0,0,0,0,,,
1771,0,0,0,0,0,0,0,0,0,0,0,0,0.00203297,0,0,0,0,,,
1772,0,0,0,0,0,0,0,0,0,0,0,0,0.001680673,0,0,0,0,,,
1773,0,0,0,0,0,0,0,0,0,0,0,0,0.001395592,0,0,0,0,,,
1774,0,0,0,0,0,0,0,0,0,0,0,0,0.001138995,0,0,0,0,,,
1775,0,0,0,0,0,0,0,0,0,0,0,0,0.000911435,0,0,0,0,,,
1776,0,0,0,0,0,0,0,0,0,0,0,0,0.000764762,0,0,0,0,,,
1777,0,0,0,0,0,0,0,0,0,0,0,0,0.0006073,0,0,0,0,,,
1778,0,0,0,0,0,0,0,0,0,0,0,0,0.000607495,0,0,0,0,,,
1779,0,0,0,0,0,0,0,0,0,0,0,0,0.000442891,0,0,0,0,,,
1780,0,0,0,0,0,0,0,0,0,0,0,0,0.000391849,0,0,0,0,,,
1781,0,0,0,0,0,0,0,0,0,0,0,0,0.00034598,0,0,0,0,,,
1782,0,0,0,0,0,0,0,0,0,0,0,0,0.000288475,0,0,0,0,,,
1783,0,0,0,0,0,0,0,0,0,0,0,0,0.000279215,0,0,0,0,,,
1784,0,0,0,0,0,0,0,0,0,0,0,0,0.000207287,0,0,0,0,,,
1785,0,0,0,0,0,0,0,0,0,0,0,0,0.000149407,0,0,0,0,,,
1786,0,0,0,0,0,0,0,0,0,0,0,0,0.000200797,0,0,0,0,,,
1787,0,0,0,0,0,0,0,0,0,0,0,0,0.000116554,0,0,0,0,,,
1788,0,0,0,0,0,0,0,0,0,0,0,0,6.1137E-05,0,0,0,0,,,
1789,0,0,0,0,0,0,0,0,0,0,0,0,0.000156652,0,0,0,0,,,
1790,0,0,0,0,0,0,0,0,0,0,0,0,0.000110434,0,0,0,0,,,
1791,0,0,0,0,0,0,0,0,0,0,0,0,6.56255E-05,0,0,0,0,,,
1792,0,0,0,0,0,0,0,0,0,0,0,0,3.72488E-05,0,0,0,0,,,
1793,0,0,0,0,0,0,0,0,0,0,0,0,3.46336E-05,0,0,0,0,,,
1794,0,0,0,0,0,0,0,0,0,0,0,0,5.13659E-05,0,0,0,0,,,
1795,0,0,0,0,0,0,0,0,0,0,0,0,6.37199E-05,0,0,0,0,,,
1796,0,0,0,0,0,0,0,0,0,0,0,0,8.81114E-05,0,0,0,0,,,
1797,0,0,0,0,0,0,0,0,0,0,0,0,6.15391E-05,0,0,0,0,,,
1798,0,0,0,0,0,0,0,0,0,0,0,0,4.9988E-06,0,0,0,0,,,
1799,0,0,0,0,0,0,0,0,0,0,0,0,3.86E-05,0,0,0,0,,,
1800,0,0,0,0,0,0,0,0,0,0,0,0,7.67038E-05,0,0,0,0,,,
1801,0,0,0,0,0,0,0,0,0,0,0,0,-2.75097E-05,0,0,0,0,,,
1802,0,0,0,0,0,0,0,0,0,0,0,0,2.21E-05,0,0,0,0,,,
1803,0,0,0,0,0,0,0,0,0,0,0,0,4.47131E-05,0,0,0,0,,,
1804,0,0,0,0,0,0,0,0,0,0,0,0,7.03E-05,0,0,0,0,,,
1805,0,0,0,0,0,0,0,0,0,0,0,0,2.52E-05,0,0,0,0,,,
1806,0,0,0,0,0,0,0,0,0,0,0,0,7.38E-05,0,0,0,0,,,
1807,0,0,0,0,0,0,0,0,0,0,0,0,1.47816E-05,0,0,0,0,,,
1808,0,0,0,0,0,0,0,0,0,0,0,0,3.70E-05,0,0,0,0,,,
1809,0,0,0,0,0,0,0,0,0,0,0,0,1.22E-05,0,0,0,0,,,
1810,0,0,0,0,0,0,0,0,0,0,0,0,-5.21E-06,0,0,0,0,,,
1811,0,0,0,0,0,0,0,0,0,0,0,0,2.66622E-06,0,0,0,0,,,
1812,0,0,0,0,0,0,0,0,0,0,0,0,1.50E-05,0,0,0,0,,,
1813,0,0,0,0,0,0,0,0,0,0,0,0,2.89E-05,0,0,0,0,,,
1814,0,0,0,0,0,0,0,0,0,0,0,0,3.49578E-05,0,0,0,0,,,
1815,0,0,0,0,0,0,0,0,0,0,0,0,5.93E-05,0,0,0,0,,,
1816,0,0,0,0,0,0,0,0,0,0,0,0,1.10E-05,0,0,0,0,,,
1817,0,0,0,0,0,0,0,0,0,0,0,0,-3.34E-06,0,0,0,0,,,
1818,0,0,0,0,0,0,0,0,0,0,0,0,3.52E-05,0,0,0,0,,,
1819,0,0,0,0,0,0,0,0,0,0,0,0,0.00E+00,0,0,0,0,,,
1820,0,0,0,0,0,0,0,0,0,0,0,0,0.00E+00,0,0,0,0,,,
1821,0,0,0,0,0,0,0,0,0,0,0,0,0.00E+00,0,0,0,0,,,
1822,0,0,0,0,0,0,0,0,0,0,0,0,0.00E+00,0,0,0,0,,,
1823,0,0,0,0,0,0,0,0,0,0,0,0,0.00E+00,0,0,0,0,,,
1824,0,0,0,0,0,0,0,0,0,0,0,0,0.00E+00,0,0,0,0,,,
1825,0,0,0,0,0,0,0,0,0,0,0,0,0.00E+00,0,0,0,0,,,
1826,0,0,0,0,0,0,0,0,0,0,0,0,0.00E+00,0,0,0,0,,,
1827,0,0,0,0,0,0,0,0,0,0,0,0,0.00E+00,0,0,0,0,,,
1828,0,0,0,0,0,0,0,0,0,0,0,0,0,0,0,0,0,,,
1829,0,0,0,0,0,0,0,0,0,0,0,0,0.00E+00,0,0,0,0,,,
1830,0,0,0,0,0,0,0,0,0,0,0,0,0,0,0,0,0,,,
1831,0,0,0,0,0,0,0,0,0,0,0,0,0,0,0,0,0,,,
1832,0,0,0,0,0,0,0,0,0,0,0,0,0,0,0,0,0,,,
1833,0,0,0,0,0,0,0,0,0,0,0,0,0,0,0,0,0,,,
1834,0,0,0,0,0,0,0,0,0,0,0,0,0,0,0,0,0,,,
1835,0,0,0,0,0,0,0,0,0,0,0,0,0,0,0,0,0,,,
1836,0,0,0,0,0,0,0,0,0,0,0,0,0,0,0,0,0,,,
1837,0,0,0,0,0,0,0,0,0,0,0,0,0,0,0,0,0,,,
1838,0,0,0,0,0,0,0,0,0,0,0,0,0,0,0,0,0,,,
1839,0,0,0,0,0,0,0,0,0,0,0,0,0,0,0,0,0,,,
1840,0,0,0,0,0,0,0,0,0,0,0,0,0,0,0,0,0,,,
1841,0,0,0,0,0,0,0,0,0,0,0,0,0,0,0,0,0,,,
1842,0,0,0,0,0,0,0,0,0,0,0,0,0,0,0,0,0,,,
1843,0,0,0,0,0,0,0,0,0,0,0,0,0,0,0,0,0,,,
1844,0,0,0,0,0,0,0,0,0,0,0,0,0,0,0,0,0,,,
1845,0,0,0,0,0,0,0,0,0,0,0,0,0,0,0,0,0,,,
1846,0,0,0,0,0,0,0,0,0,0,0,0,0,0,0,0,0,,,
1847,0,0,0,0,0,0,0,0,0,0,0,0,0,0,0,0,0,,,
1848,0,0,0,0,0,0,0,0,0,0,0,0,0,0,0,0,0,,,
1849,0,0,0,0,0,0,0,0,0,0,0,0,0,0,0,0,0,,,
1850,0,0,0,0,0,0,0,0,0,0,0,0,0,0,0,0,0,,,
1851,0,0,0,0,0,0,0,0,0,0,0,0,0,0,0,0,0,,,
1852,0,0,0,0,0,0,0,0,0,0,0,0,0,0,0,0,0,,,
1853,0,0,0,0,0,0,0,0,0,0,0,0,0,0,0,0,0,,,
1854,0,0,0,0,0,0,0,0,0,0,0,0,0,0,0,0,0,,,
1855,0,0,0,0,0,0,0,0,0,0,0,0,0,0,0,0,0,,,
1856,0,0,0,0,0,0,0,0,0,0,0,0,0,0,0,0,0,,,
1857,0,0,0,0,0,0,0,0,0,0,0,0,0,0,0,0,0,,,
1858,0,0,0,0,0,0,0,0,0,0,0,0,0,0,0,0,0,,,
1859,0,0,0,0,0,0,0,0,0,0,0,0,0,0,0,0,0,,,
1860,0,0,0,0,0,0,0,0,0,0,0,0,0,0,0,0,0,,,
1861,0,0,0,0,0,0,0,0,0,0,0,0,0,0,0,0,0,,,
1862,0,0,0,0,0,0,0,0,0,0,0,0,0,0,0,0,0,,,
1863,0,0,0,0,0,0,0,0,0,0,0,0,0,0,0,0,0,,,
1864,0,0,0,0,0,0,0,0,0,0,0,0,0,0,0,0,0,,,
1865,0,0,0,0,0,0,0,0,0,0,0,0,0,0,0,0,0,,,
1866,0,0,0,0,0,0,0,0,0,0,0,0,0,0,0,0,0,,,
1867,0,0,0,0,0,0,0,0,0,0,0,0,0,0,0,0,0,,,
1868,0,0,0,0,0,0,0,0,0,0,0,0,0,0,0,0,0,,,
1869,0,0,0,0,0,0,0,0,0,0,0,0,0,0,0,0,0,,,
1870,0,0,0,0,0,0,0,0,0,0,0,0,0,0,0,0,0,,,
1871,0,0,0,0,0,0,0,0,0,0,0,0,0,0,0,0,0,,,
1872,0,0,0,0,0,0,0,0,0,0,0,0,0,0,0,0,0,,,
1873,0,0,0,0,0,0,0,0,0,0,0,0,0,0,0,0,0,,,
1874,0,0,0,0,0,0,0,0,0,0,0,0,0,0,0,0,0,,,
1875,0,0,0,0,0,0,0,0,0,0,0,0,0,0,0,0,0,,,
1876,0,0,0,0,0,0,0,0,0,0,0,0,0,0,0,0,0,,,
1877,0,0,0,0,0,0,0,0,0,0,0,0,0,0,0,0,0,,,
1878,0,0,0,0,0,0,0,0,0,0,0,0,0,0,0,0,0,,,
1879,0,0,0,0,0,0,0,0,0,0,0,0,0,0,0,0,0,,,
1880,0,0,0,0,0,0,0,0,0,0,0,0,0,0,0,0,0,,,
1881,0,0,0,0,0,0,0,0,0,0,0,0,0,0,0,0,0,,,
1882,0,0,0,0,0,0,0,0,0,0,0,0,0,0,0,0,0,,,
1883,0,0,0,0,0,0,0,0,0,0,0,0,0,0,0,0,0,,,
1884,0,0,0,0,0,0,0,0,0,0,0,0,0,0,0,0,0,,,
1885,0,0,0,0,0,0,0,0,0,0,0,0,0,0,0,0,0,,,
1886,0,0,0,0,0,0,0,0,0,0,0,0,0,0,0,0,0,,,
1887,0,0,0,0,0,0,0,0,0,0,0,0,0,0,0,0,0,,,
1888,0,0,0,0,0,0,0,0,0,0,0,0,0,0,0,0,0,,,
1889,0,0,0,0,0,0,0,0,0,0,0,0,0,0,0,0,0,,,
1890,0,0,0,0,0,0,0,0,0,0,0,0,0,0,0,0,0,,,
1891,0,0,0,0,0,0,0,0,0,0,0,0,0,0,0,0,0,,,
1892,0,0,0,0,0,0,0,0,0,0,0,0,0,0,0,0,0,,,
1893,0,0,0,0,0,0,0,0,0,0,0,0,0,0,0,0,0,,,
1894,0,0,0,0,0,0,0,0,0,0,0,0,0,0,0,0,0,,,
1895,0,0,0,0,0,0,0,0,0,0,0,0,0,0,0,0,0,,,
1896,0,0,0,0,0,0,0,0,0,0,0,0,0,0,0,0,0,,,
1897,0,0,0,0,0,0,0,0,0,0,0,0,0,0,0,0,0,,,
1898,0,0,0,0,0,0,0,0,0,0,0,0,0,0,0,0,0,,,
1899,0,0,0,0,0,0,0,0,0,0,0,0,0,0,0,0,0,,,
1900,0,0,0,0,0,0,0,0,0,0,0,0,0,0,0,0,0,,,
1901,0,0,0,0,0,0,0,0,0,0,0,0,0,0,0,0,0,,,
1902,0,0,0,0,0,0,0,0,0,0,0,0,0,0,0,0,0,,,
1903,0,0,0,0,0,0,0,0,0,0,0,0,0,0,0,0,0,,,
1904,0,0,0,0,0,0,0,0,0,0,0,0,0,0,0,0,0,,,
1905,0,0,0,0,0,0,0,0,0,0,0,0,0,0,0,0,0,,,
1906,0,0,0,0,0,0,0,0,0,0,0,0,0,0,0,0,0,,,
1907,0,0,0,0,0,0,0,0,0,0,0,0,0,0,0,0,0,,,
1908,0,0,0,0,0,0,0,0,0,0,0,0,0,0,0,0,0,,,
1909,0,0,0,0,0,0,0,0,0,0,0,0,0,0,0,0,0,,,
1910,0,0,0,0,0,0,0,0,0,0,0,0,0,0,0,0,0,,,
1911,0,0,0,0,0,0,0,0,0,0,0,0,0,0,0,0,0,,,
1912,0,0,0,0,0,0,0,0,0,0,0,0,0,0,0,0,0,,,
1913,0,0,0,0,0,0,0,0,0,0,0,0,0,0,0,0,0,,,
1914,0,0,0,0,0,0,0,0,0,0,0,0,0,0,0,0,0,,,
1915,0,0,0,0,0,0,0,0,0,0,0,0,0,0,0,0,0,,,
1916,0,0,0,0,0,0,0,0,0,0,0,0,0,0,0,0,0,,,
1917,0,0,0,0,0,0,0,0,0,0,0,0,0,0,0,0,0,,,
1918,0,0,0,0,0,0,0,0,0,0,0,0,0,0,0,0,0,,,
1919,0,0,0,0,0,0,0,0,0,0,0,0,0,0,0,0,0,,,
1920,0,0,0,0,0,0,0,0,0,0,0,0,0,0,0,0,0,,,
1921,0,0,0,0,0,0,0,0,0,0,0,0,0,0,0,0,0,,,
1922,0,0,0,0,0,0,0,0,0,0,0,0,0,0,0,0,0,,,
1923,0,0,0,0,0,0,0,0,0,0,0,0,0,0,0,0,0,,,
1924,0,0,0,0,0,0,0,0,0,0,0,0,0,0,0,0,0,,,
1925,0,0,0,0,0,0,0,0,0,0,0,0,0,0,0,0,0,,,
1926,0,0,0,0,0,0,0,0,0,0,0,0,0,0,0,0,0,,,
1927,0,0,0,0,0,0,0,0,0,0,0,0,0,0,0,0,0,,,
1928,0,0,0,0,0,0,0,0,0,0,0,0,0,0,0,0,0,,,
1929,0,0,0,0,0,0,0,0,0,0,0,0,0,0,0,0,0,,,
1930,0,0,0,0,0,0,0,0,0,0,0,0,0,0,0,0,0,,,
1931,0,0,0,0,0,0,0,0,0,0,0,0,0,0,0,0,0,,,
1932,0,0,0,0,0,0,0,0,0,0,0,0,0,0,0,0,0,,,
1933,0,0,0,0,0,0,0,0,0,0,0,0,0,0,0,0,0,,,
1934,0,0,0,0,0,0,0,0,0,0,0,0,0,0,0,0,0,,,
1935,0,0,0,0,0,0,0,0,0,0,0,0,0,0,0,0,0,,,
1936,0,0,0,0,0,0,0,0,0,0,0,0,0,0,0,0,0,,,
1937,0,0,0,0,0,0,0,0,0,0,0,0,0,0,0,0,0,,,
1938,0,0,0,0,0,0,0,0,0,0,0,0,0,0,0,0,0,,,
1939,0,0,0,0,0,0,0,0,0,0,0,0,0,0,0,0,0,,,
1940,0,0,0,0,0,0,0,0,0,0,0,0,0,0,0,0,0,,,
1941,0,0,0,0,0,0,0,0,0,0,0,0,0,0,0,0,0,,,
1942,0,0,0,0,0,0,0,0,0,0,0,0,0,0,0,0,0,,,
1943,0,0,0,0,0,0,0,0,0,0,0,0,0,0,0,0,0,,,
1944,0,0,0,0,0,0,0,0,0,0,0,0,0,0,0,0,0,,,
1945,0,0,0,0,0,0,0,0,0,0,0,0,0,0,0,0,0,,,
1946,0,0,0,0,0,0,0,0,0,0,0,0,0,0,0,0,0,,,
1947,0,0,0,0,0,0,0,0,0,0,0,0,0,0,0,0,0,,,
1948,0,0,0,0,0,0,0,0,0,0,0,0,0,0,0,0,0,,,
1949,0,0,0,0,0,0,0,0,0,0,0,0,0,0,0,0,0,,,
1950,0,0,0,0,0,0,0,0,0,0,0,0,0,0,0,0,0,,,
1951,0,0,0,0,0,0,0,0,0,0,0,0,0,0,0,0,0,,,
1952,0,0,0,0,0,0,0,0,0,0,0,0,0,0,0,0,0,,,
1953,0,0,0,0,0,0,0,0,0,0,0,0,0,0,0,0,0,,,
1954,0,0,0,0,0,0,0,0,0,0,0,0,0,0,0,0,0,,,
1955,0,0,0,0,0,0,0,0,0,0,0,0,0,0,0,0,0,,,
1956,0,0,0,0,0,0,0,0,0,0,0,0,0,0,0,0,0,,,
1957,0,0,0,0,0,0,0,0,0,0,0,0,0,0,0,0,0,,,
1958,0,0,0,0,0,0,0,0,0,0,0,0,0,0,0,0,0,,,
1959,0,0,0,0,0,0,0,0,0,0,0,0,0,0,0,0,0,,,
1960,0,0,0,0,0,0,0,0,0,0,0,0,0,0,0,0,0,,,
1961,0,0,0,0,0,0,0,0,0,0,0,0,0,0,0,0,0,,,
1962,0,0,0,0,0,0,0,0,0,0,0,0,0,0,0,0,0,,,
1963,0,0,0,0,0,0,0,0,0,0,0,0,0,0,0,0,0,,,
1964,0,0,0,0,0,0,0,0,0,0,0,0,0,0,0,0,0,,,
1965,0,0,0,0,0,0,0,0,0,0,0,0,0,0,0,0,0,,,
1966,0,0,0,0,0,0,0,0,0,0,0,0,0,0,0,0,0,,,
1967,0,0,0,0,0,0,0,0,0,0,0,0,0,0,0,0,0,,,
1968,0,0,0,0,0,0,0,0,0,0,0,0,0,0,0,0,0,,,
1969,0,0,0,0,0,0,0,0,0,0,0,0,0,0,0,0,0,,,
1970,0,0,0,0,0,0,0,0,0,0,0,0,0,0,0,0,0,,,
1971,0,0,0,0,0,0,0,0,0,0,0,0,0,0,0,0,0,,,
1972,0,0,0,0,0,0,0,0,0,0,0,0,0,0,0,0,0,,,
1973,0,0,0,0,0,0,0,0,0,0,0,0,0,0,0,0,0,,,
1974,0,0,0,0,0,0,0,0,0,0,0,0,0,0,0,0,0,,,
1975,0,0,0,0,0,0,0,0,0,0,0,0,0,0,0,0,0,,,
1976,0,0,0,0,0,0,0,0,0,0,0,0,0,0,0,0,0,,,
1977,0,0,0,0,0,0,0,0,0,0,0,0,0,0,0,0,0,,,
1978,0,0,0,0,0,0,0,0,0,0,0,0,0,0,0,0,0,,,
1979,0,0,0,0,0,0,0,0,0,0,0,0,0,0,0,0,0,,,
1980,0,0,0,0,0,0,0,0,0,0,0,0,0,0,0,0,0,,,
1981,0,0,0,0,0,0,0,0,0,0,0,0,0,0,0,0,0,,,
1982,0,0,0,0,0,0,0,0,0,0,0,0,0,0,0,0,0,,,
1983,0,0,0,0,0,0,0,0,0,0,0,0,0,0,0,0,0,,,
1984,0,0,0,0,0,0,0,0,0,0,0,0,0,0,0,0,0,,,
1985,0,0,0,0,0,0,0,0,0,0,0,0,0,0,0,0,0,,,
1986,0,0,0,0,0,0,0,0,0,0,0,0,0,0,0,0,0,,,
1987,0,0,0,0,0,0,0,0,0,0,0,0,0,0,0,0,0,,,
1988,0,0,0,0,0,0,0,0,0,0,0,0,0,0,0,0,0,,,
1989,0,0,0,0,0,0,0,0,0,0,0,0,0,0,0,0,0,,,
1990,0,0,0,0,0,0,0,0,0,0,0,0,0,0,0,0,0,,,
1991,0,0,0,0,0,0,0,0,0,0,0,0,0,0,0,0,0,,,
1992,0,0,0,0,0,0,0,0,0,0,0,0,0,0,0,0,0,,,
1993,0,0,0,0,0,0,0,0,0,0,0,0,0,0,0,0,0,,,
1994,0,0,0,0,0,0,0,0,0,0,0,0,0,0,0,0,0,,,
1995,0,0,0,0,0,0,0,0,0,0,0,0,0,0,0,0,0,,,
1996,0,0,0,0,0,0,0,0,0,0,0,0,0,0,0,0,0,,,
1997,0,0,0,0,0,0,0,0,0,0,0,0,0,0,0,0,0,,,
1998,0,0,0,0,0,0,0,0,0,0,0,0,0,0,0,0,0,,,
1999,0,0,0,0,0,0,0,0,0,0,0,0,0,0,0,0,0,,,
2000,0,0,0,0,0,0,0,0,0,0,0,0,0,0,0,0,0,,,
2001,0,0,0,0,0,0,0,0,0,0,0,0,0,0,0,0,0,,,
2002,0,0,0,0,0,0,0,0,0,0,0,0,0,0,0,0,0,,,
2003,0,0,0,0,0,0,0,0,0,0,0,0,0,0,0,0,0,,,
2004,0,0,0,0,0,0,0,0,0,0,0,0,0,0,0,0,0,,,
2005,0,0,0,0,0,0,0,0,0,0,0,0,0,0,0,0,0,,,
2006,0,0,0,0,0,0,0,0,0,0,0,0,0,0,0,0,0,,,
2007,0,0,0,0,0,0,0,0,0,0,0,0,0,0,0,0,0,,,
2008,0,0,0,0,0,0,0,0,0,0,0,0,0,0,0,0,0,,,
2009,0,0,0,0,0,0,0,0,0,0,0,0,0,0,0,0,0,,,
2010,0,0,0,0,0,0,0,0,0,0,0,0,0,0,0,0,0,,,
2011,0,0,0,0,0,0,0,0,0,0,0,0,0,0,0,0,0,,,
2012,0,0,0,0,0,0,0,0,0,0,0,0,0,0,0,0,0,,,
2013,0,0,0,0,0,0,0,0,0,0,0,0,0,0,0,0,0,,,
2014,0,0,0,0,0,0,0,0,0,0,0,0,0,0,0,0,0,,,
2015,0,0,0,0,0,0,0,0,0,0,0,0,0,0,0,0,0,,,
2016,0,0,0,0,0,0,0,0,0,0,0,0,0,0,0,0,0,,,
2017,0,0,0,0,0,0,0,0,0,0,0,0,0,0,0,0,0,,,
2018,0,0,0,0,0,0,0,0,0,0,0,0,0,0,0,0,0,,,
2019,0,0,0,0,0,0,0,0,0,0,0,0,0,0,0,0,0,,,
2020,0,0,0,0,0,0,0,0,0,0,0,0,0,0,0,0,0,,,
2021,0,0,0,0,0,0,0,0,0,0,0,0,0,0,0,0,0,,,
2022,0,0,0,0,0,0,0,0,0,0,0,0,0,0,0,0,0,,,
2023,0,0,0,0,0,0,0,0,0,0,0,0,0,0,0,0,0,,,
2024,0,0,0,0,0,0,0,0,0,0,0,0,0,0,0,0,0,,,
2025,0,0,0,0,0,0,0,0,0,0,0,0,0,0,0,0,0,,,
2026,0,0,0,0,0,0,0,0,0,0,0,0,0,0,0,0,0,,,
2027,0,0,0,0,0,0,0,0,0,0,0,0,0,0,0,0,0,,,
2028,0,0,0,0,0,0,0,0,0,0,0,0,0,0,0,0,0,,,
2029,0,0,0,0,0,0,0,0,0,0,0,0,0,0,0,0,0,,,
2030,0,0,0,0,0,0,0,0,0,0,0,0,0,0,0,0,0,,,
2031,0,0,0,0,0,0,0,0,0,0,0,0,0,0,0,0,0,,,
2032,0,0,0,0,0,0,0,0,0,0,0,0,0,0,0,0,0,,,
2033,0,0,0,0,0,0,0,0,0,0,0,0,0,0,0,0,0,,,
2034,0,0,0,0,0,0,0,0,0,0,0,0,0,0,0,0,0,,,
2035,0,0,0,0,0,0,0,0,0,0,0,0,0,0,0,0,0,,,
2036,0,0,0,0,0,0,0,0,0,0,0,0,0,0,0,0,0,,,
2037,0,0,0,0,0,0,0,0,0,0,0,0,0,0,0,0,0,,,
2038,0,0,0,0,0,0,0,0,0,0,0,0,0,0,0,0,0,,,
2039,0,0,0,0,0,0,0,0,0,0,0,0,0,0,0,0,0,,,
2040,0,0,0,0,0,0,0,0,0,0,0,0,0,0,0,0,0,,,
2041,0,0,0,0,0,0,0,0,0,0,0,0,0,0,0,0,0,,,
2042,0,0,0,0,0,0,0,0,0,0,0,0,0,0,0,0,0,,,
2043,0,0,0,0,0,0,0,0,0,0,0,0,0,0,0,0,0,,,
2044,0,0,0,0,0,0,0,0,0,0,0,0,0,0,0,0,0,,,
2045,0,0,0,0,0,0,0,0,0,0,0,0,0,0,0,0,0,,,
2046,0,0,0,0,0,0,0,0,0,0,0,0,0,0,0,0,0,,,
2047,0,0,0,0,0,0,0,0,0,0,0,0,0,0,0,0,0,,,
2048,0,0,0,0,0,0,0,0,0,0,0,0,0,0,0,0,0,,,
2049,0,0,0,0,0,0,0,0,0,0,0,0,0,0,0,0,0,,,
2050,0,0,0,0,0,0,0,0,0,0,0,0,0,0,0,0,0,,,
2051,0,0,0,0,0,0,0,0,0,0,0,0,0,0,0,0,0,,,
2052,0,0,0,0,0,0,0,0,0,0,0,0,0,0,0,0,0,,,
2053,0,0,0,0,0,0,0,0,0,0,0,0,0,0,0,0,0,,,
2054,0,0,0,0,0,0,0,0,0,0,0,0,0,0,0,0,0,,,
2055,0,0,0,0,0,0,0,0,0,0,0,0,0,0,0,0,0,,,
2056,0,0,0,0,0,0,0,0,0,0,0,0,0,0,0,0,0,,,
2057,0,0,0,0,0,0,0,0,0,0,0,0,0,0,0,0,0,,,
2058,0,0,0,0,0,0,0,0,0,0,0,0,0,0,0,0,0,,,
2059,0,0,0,0,0,0,0,0,0,0,0,0,0,0,0,0,0,,,
2060,0,0,0,0,0,0,0,0,0,0,0,0,0,0,0,0,0,,,
2061,0,0,0,0,0,0,0,0,0,0,0,0,0,0,0,0,0,,,
2062,0,0,0,0,0,0,0,0,0,0,0,0,0,0,0,0,0,,,
2063,0,0,0,0,0,0,0,0,0,0,0,0,0,0,0,0,0,,,
2064,0,0,0,0,0,0,0,0,0,0,0,0,0,0,0,0,0,,,
2065,0,0,0,0,0,0,0,0,0,0,0,0,0,0,0,0,0,,,
2066,0,0,0,0,0,0,0,0,0,0,0,0,0,0,0,0,0,,,
2067,0,0,0,0,0,0,0,0,0,0,0,0,0,0,0,0,0,,,
2068,0,0,0,0,0,0,0,0,0,0,0,0,0,0,0,0,0,,,
2069,0,0,0,0,0,0,0,0,0,0,0,0,0,0,0,0,0,,,
2070,0,0,0,0,0,0,0,0,0,0,0,0,0,0,0,0,0,,,
2071,0,0,0,0,0,0,0,0,0,0,0,0,0,0,0,0,0,,,
2072,0,0,0,0,0,0,0,0,0,0,0,0,0,0,0,0,0,,,
2073,0,0,0,0,0,0,0,0,0,0,0,0,0,0,0,0,0,,,
2074,0,0,0,0,0,0,0,0,0,0,0,0,0,0,0,0,0,,,
2075,0,0,0,0,0,0,0,0,0,0,0,0,0,0,0,0,0,,,
2076,0,0,0,0,0,0,0,0,0,0,0,0,0,0,0,0,0,,,
2077,0,0,0,0,0,0,0,0,0,0,0,0,0,0,0,0,0,,,
2078,0,0,0,0,0,0,0,0,0,0,0,0,0,0,0,0,0,,,
2079,0,0,0,0,0,0,0,0,0,0,0,0,0,0,0,0,0,,,
2080,0,0,0,0,0,0,0,0,0,0,0,0,0,0,0,0,0,,,
2081,0,0,0,0,0,0,0,0,0,0,0,0,0,0,0,0,0,,,
2082,0,0,0,0,0,0,0,0,0,0,0,0,0,0,0,0,0,,,
2083,0,0,0,0,0,0,0,0,0,0,0,0,0,0,0,0,0,,,
2084,0,0,0,0,0,0,0,0,0,0,0,0,0,0,0,0,0,,,
2085,0,0,0,0,0,0,0,0,0,0,0,0,0,-1.83704E-05,0,0,0,,,
2086,0,0,0,0,0,0,0,0,0,0,0,0,0,9.86946E-05,0,0,0,,,
2087,0,0,0,0,0,0,0,0,0,0,0,0,0,-9.44398E-05,0,0,0,,,
2088,0,0,0,0,0,0,0,0,0,0,0,0,0,3.19747E-05,0,0,0,,,
2089,0,0,0,0,0,0,0,0,0,0,0,0,0,-5.92427E-05,0,0,0,,,
2090,0,0,0,0,0,0,0,0,0,0,0,0,0,-2.60422E-05,0,0,0,,,
2091,0,0,0,0,0,0,0,0,0,0,0,0,0,-1.05029E-05,0,0,0,,,
2092,0,0,0,0,0,0,0,0,0,0,0,0,0,5.21544E-05,0,0,0,,,
2093,0,0,0,0,0,0,0,0,0,0,0,0,0,-1.38962E-05,0,0,0,,,
2094,0,0,0,0,0,0,0,0,0,0,0,0,0,6.28172E-05,0,0,0,,,
2095,0,0,0,0,0,0,0,0,0,0,0,0,0,-2.81607E-05,0,0,0,,,
2096,0,0,0,0,0,0,0,0,0,0,0,0,0,3.75317E-05,0,0,0,,,
2097,0,0,0,0,0,0,0,0,0,0,0,0,0,-0.000156399,0,0,0,,,
2098,0,0,0,0,0,0,0,0,0,0,0,0,0,5.64721E-05,0,0,0,,,
2099,0,0,0,0,0,0,0,0,0,0,0,0,0,-7.15257E-05,0,0,0,,,
2100,0,0,0,0,0,0,0,0,0,0,0,0,0,-6.67E-05,0,0,0,,,
2101,0,0,0,0,0,0,0,0,0,0,0,0,0,3.05E-04,0,0,0,,,
2102,0,0,0,0,0,0,0,0,0,0,0,0,0,8.31E-05,0,0,0,,,
2103,0,0,0,0,0,0,0,0,0,0,0,0,0,-1.27E-04,0,0,0,,,
2104,0,0,0,0,0,0,0,0,0,0,0,0,0,6.00E-05,0,0,0,,,
2105,0,0,0,0,0,0,0,0,0,0,0,0,0,1.86E-05,0,0,0,,,
2106,0,0,0,0,0,0,0,0,0,0,0,0,0,5.87E-05,0,0,0,,,
2107,0,0,0,0,0,0,0,0,0,0,0,0,0,5.50E-05,0,0,0,,,
2108,0,0,0,0,0,0,0,0,0,0,0,0,0,8.10E-05,0,0,0,,,
2109,0,0,0,0,0,0,0,0,0,0,0,0,0,5.95E-05,0,0,0,,,
2110,0,0,0,0,0,0,0,0,0,0,0,0,0,2.17E-05,0,0,0,,,
2111,0,0,0,0,0,0,0,0,0,0,0,0,0,1.04E-04,0,0,0,,,
2112,0,0,0,0,0,0,0,0,0,0,0,0,0,2.42E-04,0,0,0,,,
2113,0,0,0,0,0,0,0,0,0,0,0,0,0,1.08E-04,0,0,0,,,
2114,0,0,0,0,0,0,0,0,0,0,0,0,0,2.10E-04,0,0,0,,,
2115,0,0,0,0,0,0,0,0,0,0,0,0,0,1.18E-04,0,0,0,,,
2116,0,0,0,0,0,0,0,0,0,0,0,0,0,1.99E-04,0,0,0,,,
2117,0,0,0,0,0,0,0,0,0,0,0,0,0,2.62E-04,0,0,0,,,
2118,0,0,0,0,0,0,0,0,0,0,0,0,0,3.03E-04,0,0,0,,,
2119,0,0,0,0,0,0,0,0,0,0,0,0,0,3.84E-04,0,0,0,,,
2120,0,0,0,0,0,0,0,0,0,0,0,0,0,5.31E-04,0,0,0,,,
2121,0,0,0,0,0,0,0,0,0,0,0,0,0,5.84E-04,0,0,0,,,
2122,0,0,0,0,0,0,0,0,0,0,0,0,0,7.44E-04,0,0,0,,,
2123,0,0,0,0,0,0,0,0,0,0,0,0,0,8.33E-04,0,0,0,,,
2124,0,0,0,0,0,0,0,0,0,0,0,0,0,1.11E-03,0,0,0,,,
2125,0,0,0,0,0,0,0,0,0,0,0,0,0,1.41E-03,0,0,0,,,
2126,0,0,0,0,0,0,0,0,0,0,0,0,0,1.81E-03,0,0,0,,,
2127,0,0,0,0,0,0,0,0,0,0,0,0,0,0.002391128,0,0,0,,,
2128,0,0,0,0,0,0,0,0,0,0,0,0,0,3.08E-03,0,0,0,,,
2129,0,0,0,0,0,0,0,0,0,0,0,0,0,0.004045959,0,0,0,,,
2130,0,0,0,0,0,0,0,0,0,0,0,0,0,0.00535704,0,0,0,,,
2131,0,0,0,0,0,0,0,0,0,0,0,0,0,0.007211968,0,0,0,,,
2132,0,0,0,0,0,0,0,0,0,0,0,0,0,0.009834222,0,0,0,,,
2133,0,0,0,0,0,0,0,0,0,0,0,0,0,0.013909946,0,0,0,,,
2134,0,0,0,0,0,0,0,0,0,0,0,0,0,0.019572115,8.46133E-05,0,0,,,
2135,0,0,0,0,0,0,0,0,0,0,0,0,0,0.02820035,6.65858E-06,0,0,,,
2136,0,0,0,0,0,0,0,0,0,0,0,0,0,0.041529293,-4.29966E-07,0,0,,,
2137,0,0,0,0,0,0,0,0,0,0,0,0,0,0.059325728,3.85158E-05,0,0,,,
2138,0,0,0,0,0,0,0,0,0,0,0,0,0,0.081194391,3.34116E-05,0,0,,,
2139,0,0,0,0,0,0,0,0,0,0,0,0,0,0.11191428,2.57084E-05,0,0,,,
2140,0,0,0,0,0,0,0,0,0,0,0,0,0,0.153355222,5.93799E-05,0,0,,,
2141,0,0,0,0,0,0,0,0,0,0,0,0,0,0.205717505,0.00012745,0,0,,,
2142,0,0,0,0,0,0,0,0,0,0,0,0,0,0.268981023,4.65441E-05,0,0,,,
2143,0,0,0,0,0,0,0,0,0,0,0,0,0,0.352083077,6.05703E-05,0,0,,,
2144,0,0,0,0,0,0,0,0,0,0,0,0,0,0.440763568,4.76225E-05,0,0,,,
2145,0,0,0,0,0,0,0,0,0,0,0,0,0,0.528209228,7.2552E-05,0,0,,,
2146,0,0,0,0,0,0,0,0,0,0,0,0,0,0.607378269,9.02109E-05,0,0,,,
2147,0,0,0,0,0,0,0,0,0,0,0,0,0,0.687010614,0.00012155,0,0,,,
2148,0,0,0,0,0,0,0,0,0,0,0,0,0,0.759129084,0.000145279,0,0,,,
2149,0,0,0,0,0,0,0,0,0,0,0,0,0,0.831541269,0.000129425,0,0,,,
2150,0,0,0,0,0,0,0,0,0,0,0,0,0,0.896047158,1.42E-04,0,0,,,
2151,0,0,0,0,0,0,0,0,0,0,0,0,0,0.936536581,1.62E-04,0,0,,,
2152,0,0,0,0,0,0,0,0,0,0,0,0,0,0.95441728,2.35E-04,0,0,,,
2153,0,0,0,0,0,0,0,0,0,0,0,0,0,0.961011747,2.99E-04,-5.04527E-06,0,,,
2154,0,0,0,0,0,0,0,0,0,0,0,0,0,0.962067455,3.39E-04,7.16564E-06,0,,,
2155,0,0,0,0,0,0,0,0,0,0,0,0,0,0.9627735,3.79E-04,-9.80845E-06,0,,,
2156,0,0,0,0,0,0,0,0,0,0,0,0,0,0.964661705,5.25E-04,-1.82709E-05,0,,,
2157,0,0,0,0,0,0,0,0,0,0,0,0,0,0.96844108,0.000577202,5.03295E-06,0,,,
2158,0,0,0,0,0,0,0,0,0,0,0,0,0,0.973339296,7.11E-04,2.14191E-05,0,,,
2159,0,0,0,0,0,0,0,0,0,0,0,0,0,0.979149934,8.70E-04,2.93801E-05,0,,,
2160,0,0,0,0,0,0,0,0,0,0,0,0,0,0.98462181,1.10E-03,3.26978E-05,0,,,
2161,0,0,0,0,0,0,0,0,0,0,0,0,0,0.989788973,1.32E-03,6.9522E-06,0,,,
2162,0,0,0,0,0,0,0,0,0,0,0,0,0,0.994118698,1.69E-03,2.70734E-05,0,,,
2163,0,0,0,0,0,0,0,0,0,0,0,0,0,0.997651924,0.00204901,1.65152E-05,0,,,
2164,0,0,0,0,0,0,0,0,0,0,0,0,0,1,2.67E-03,3.13251E-05,0,,,
2165,0,0,0,0,0,0,0,0,0,0,0,0,0,0.999916644,3.32E-03,8.35523E-06,0,,,
2166,0,0,0,0,0,0,0,0,0,0,0,0,0,0.997520598,0.004205115,3.36158E-06,0,,,
2167,0,0,0,0,0,0,0,0,0,0,0,0,0,0.992652905,0.005484771,3.12081E-06,0,,,
2168,0,0,0,0,0,0,0,0,0,0,0,0,0,0.987034282,0.007126485,2.62697E-06,0,,,
2169,0,0,0,0,0,0,0,0,0,0,0,0,0,0.979246547,0.009394944,5.95731E-05,0,,,
2170,0,0,0,0,0,0,0,0,0,0,0,0,0,0.970128916,0.012516741,3.79E-06,0,,,
2171,0,0,0,0,0,0,0,0,0,0,0,0,0,0.960437445,0.017059797,2.61E-05,0,,,
2172,0,0,0,0,0,0,0,0,0,0,0,0,0,0.950530398,0.023562349,-1.02E-05,0,,,
2173,0,0,0,0,0,0,0,0,0,0,0,0,0,0.944123549,0.032946699,-9.29E-06,0,,,
2174,0,0,0,0,0,0,0,0,0,0,0,0,0,0.942191234,0.046766659,3.27E-05,0,,,
2175,0,0,0,0,0,0,0,0,0,0,0,0,0,0.943482062,0.06504679,5.14734E-05,0,,,
2176,0,0,0,0,0,0,0,0,0,0,0,0,0,0.947842198,0.086447996,2.53E-05,0,,,
2177,0,0,0,0,0,0,0,0,0,0,0,0,0,0.948858634,0.114972188,2.09478E-05,0,,,
2178,0,0,0,0,0,0,0,0,0,0,0,0,0,0.934311197,0.153585271,3.59E-06,0,,,
2179,0,0,0,0,0,0,0,0,0,0,0,0,0,0.893389133,0.204104924,-4.20E-06,0,,,
2180,0,0,0,0,0,0,0,0,0,0,0,0,0,0.817985176,0.268341849,6.69E-07,0,,,
2181,0,0,0,0,0,0,0,0,0,0,0,0,0,0.743429761,0.347772111,-2.42069E-05,0,,,
2182,0,0,0,0,0,0,0,0,0,0,0,0,0,0.668470716,0.439761967,2.02E-05,0,,,
2183,0,0,0,0,0,0,0,0,0,0,0,0,0,0.590481503,0.538666902,2.24E-05,0,,,
2184,0,0,0,0,0,0,0,0,0,0,0,0,0,0.507168736,0.63112525,2.48E-07,0,,,
2185,0,0,0,0,0,0,0,0,0,0,0,0,0,0.399200674,0.719972472,5.19E-06,0,,,
2186,0,0,0,0,0,0,0,0,0,0,0,0,0,0.295254112,0.799850368,1.25E-05,0,,,
2187,0,0,0,0,0,0,0,0,0,0,0,0,0,0.214359262,0.891663343,4.39E-06,0,,,
2188,0,0,0,0,0,0,0,0,0,0,0,0,0,0.152034947,0.953250605,-1.98E-05,0,,,
2189,0,0,0,0,0,0,0,0,0,0,0,0,0,0.105689557,0.985924968,3.91E-05,0,,,
2190,0,0,0,0,0,0,0,0,0,0,0,0,0,0.074120794,0.998379377,-1.38E-05,0,,,
2191,0,0,0,0,0,0,0,0,0,0,0,0,0,0.052467395,1,-1.85E-05,0,,,
2192,0,0,0,0,0,0,0,0,0,0,0,0,0,0.035798789,0.998512341,2.80E-05,0,,,
2193,0,0,0,0,0,0,0,0,0,0,0,0,0,0.024686579,0.996844629,-1.03E-05,0,,,
2194,0,0,0,0,0,0,0,0,0,0,0,0,0,0.0174189,0.995566567,5.71E-05,0,,,
2195,0,0,0,0,0,0,0,0,0,0,0,0,0,0.012434633,0.995415056,3.89E-05,0,,,
2196,0,0,0,0,0,0,0,0,0,0,0,0,0,0.009062967,0.996071816,3.70597E-05,0,,,
2197,0,0,0,0,0,0,0,0,0,0,0,0,0,0.00681328,0.995654176,6.13E-05,0,,,
2198,0,0,0,0,0,0,0,0,0,0,0,0,0,0.00507493,0.994240138,2.8728E-05,0,,,
2199,0,0,0,0,0,0,0,0,0,0,0,0,0,0.003821408,0.99269625,1.14E-05,0,,,
2200,0,0,0,0,0,0,0,0,0,0,0,0,0,0.002946256,0.991512696,2.79E-05,0,,,
2201,0,0,0,0,0,0,0,0,0,0,0,0,0,0.002282688,0.9909272,4.97E-05,0,,,
2202,0,0,0,0,0,0,0,0,0,0,0,0,0,0.001823666,0.990271624,4.03E-05,0,,,
2203,0,0,0,0,0,0,0,0,0,0,0,0,0,0.001471152,0.988988931,1.68907E-05,0,,,
2204,0,0,0,0,0,0,0,0,0,0,0,0,0,0.001146427,0.986689974,8.75E-05,0,,,
2205,0,0,0,0,0,0,0,0,0,0,0,0,0,0.000910444,0.982527386,8.61E-05,0,,,
2206,0,0,0,0,0,0,0,0,0,0,0,0,0,0.000796232,0.976004457,1.39E-04,0,,,
2207,0,0,0,0,0,0,0,0,0,0,0,0,0,0.000505023,0.968472793,1.04E-04,0,,,
2208,0,0,0,0,0,0,0,0,0,0,0,0,0,0.000473283,0.960018451,7.81E-05,0,,,
2209,0,0,0,0,0,0,0,0,0,0,0,0,0,0.000366695,0.948733329,1.46E-04,0,,,
2210,0,0,0,0,0,0,0,0,0,0,0,0,0,0.000264305,0.934126776,1.47E-04,0,,,
2211,0,0,0,0,0,0,0,0,0,0,0,0,0,0.000337805,0.914434696,2.48E-04,0,,,
2212,0,0,0,0,0,0,0,0,0,0,0,0,0,0.000307846,0.895250523,2.55E-04,0,,,
2213,0,0,0,0,0,0,0,0,0,0,0,0,0,0.000231989,0.87916489,3.24E-04,0,,,
2214,0,0,0,0,0,0,0,0,0,0,0,0,0,0.00010119,0.867675707,4.65E-04,0,,,
2215,0,0,0,0,0,0,0,0,0,0,0,0,0,7.34837E-05,0.861456049,0.000557188,0,,,
2216,0,0,0,0,0,0,0,0,0,0,0,0,0,8.12917E-05,0.859275728,7.36E-04,0,,,
2217,0,0,0,0,0,0,0,0,0,0,0,0,0,9.10851E-05,0.860045301,1.01E-03,0,,,
2218,0,0,0,0,0,0,0,0,0,0,0,0,0,8.35313E-05,0.856175314,1.36E-03,0,,,
2219,0,0,0,0,0,0,0,0,0,0,0,0,0,-1.68991E-05,0.830865117,1.85E-03,0,,,
2220,0,0,0,0,0,0,0,0,0,0,0,0,0,0.000161721,0.774777866,2.50E-03,0,,,
2221,0,0,0,0,0,0,0,0,0,0,0,0,0,2.13914E-05,0.726177263,3.49E-03,0,,,
2222,0,0,0,0,0,0,0,0,0,0,0,0,0,2.54865E-05,0.667451999,4.98E-03,0,,,
2223,0,0,0,0,0,0,0,0,0,0,0,0,0,-2.99631E-05,0.601578673,7.17E-03,0,,,
2224,0,0,0,0,0,0,0,0,0,0,0,0,0,0.000157081,0.530567964,0.010414447,0,,,
2225,0,0,0,0,0,0,0,0,0,0,0,0,0,2.11491E-05,0.448838747,0.015550064,0,,,
2226,0,0,0,0,0,0,0,0,0,0,0,0,0,-0.000101283,0.348461375,0.023684013,0,,,
2227,0,0,0,0,0,0,0,0,0,0,0,0,0,-6.82273E-05,0.262043233,0.036622373,0,,,
2228,0,0,0,0,0,0,0,0,0,0,0,0,0,0.000120237,0.192276065,5.70E-02,0,,,
2229,0,0,0,0,0,0,0,0,0,0,0,0,0,3.28655E-05,0.139409198,0.079696844,0,,,
2230,0,0,0,0,0,0,0,0,0,0,0,0,0,-3.89E-05,0.100542801,0.111235844,0,,,
2231,0,0,0,0,0,0,0,0,0,0,0,0,0,1.64E-05,0.072806923,0.153875248,0,,,
2232,0,0,0,0,0,0,0,0,0,0,0,0,0,1.71E-06,0.052871158,0.210156762,0,,,
2233,0,0,0,0,0,0,0,0,0,0,0,0,0,5.79E-06,0.037240844,0.281462424,0.000223863,,,
2234,0,0,0,0,0,0,0,0,0,0,0,0,0,-2.37E-05,0.026683575,0.365381903,0.000170461,,,
2235,0,0,0,0,0,0,0,0,0,0,0,0,0,-3.98E-05,0.019373403,0.458374637,0.000218662,,,
2236,0,0,0,0,0,0,0,0,0,0,0,0,0,4.48E-05,0.014221572,0.535982682,0.000205386,,,
2237,0,0,0,0,0,0,0,0,0,0,0,0,0,0.00E+00,0.010589115,0.600907933,0.00022112,,,
2238,0,0,0,0,0,0,0,0,0,0,0,0,0,0.00E+00,0.007997261,0.662624348,0.000262242,,,
2239,0,0,0,0,0,0,0,0,0,0,0,0,0,0.00E+00,0.006088773,0.71890469,0.000200078,,,
2240,0,0,0,0,0,0,0,0,0,0,0,0,0,0.00E+00,0.004691158,0.769270649,0.000198188,,,
2241,0,0,0,0,0,0,0,0,0,0,0,0,0,0.00E+00,0.003664731,0.82944135,0.000204796,,,
2242,0,0,0,0,0,0,0,0,0,0,0,0,0,0.00E+00,0.002855542,0.892667566,0.000231622,,,
2243,0,0,0,0,0,0,0,0,0,0,0,0,0,0.00E+00,0.002279437,0.925646273,0.000222609,,,
2244,0,0,0,0,0,0,0,0,0,0,0,0,0,0.00E+00,0.001879636,0.940816193,0.00023443,,,
2245,0,0,0,0,0,0,0,0,0,0,0,0,0,0.00E+00,0.001507196,0.948769982,0.000224741,,,
2246,0,0,0,0,0,0,0,0,0,0,0,0,0,0.00E+00,0.00123558,0.954822088,0.000187474,,,
2247,0,0,0,0,0,0,0,0,0,0,0,0,0,0.00E+00,0.000993211,0.962194393,0.000173614,,,
2248,0,0,0,0,0,0,0,0,0,0,0,0,0,0.00E+00,0.000822539,0.970151131,0.000220442,,,
2249,0,0,0,0,0,0,0,0,0,0,0,0,0,0.00E+00,0.000677914,0.977832827,0.000222711,,,
2250,0,0,0,0,0,0,0,0,0,0,0,0,0,0.00E+00,0.000539672,0.984210221,0.000215636,,,
2251,0,0,0,0,0,0,0,0,0,0,0,0,0,0,0.000386165,0.988938812,0.000224692,,,
2252,0,0,0,0,0,0,0,0,0,0,0,0,0,0,0.0004184,0.992193744,0.000218158,,,
2253,0,0,0,0,0,0,0,0,0,0,0,0,0,0,0.000323983,0.994170805,0.000212693,,,
2254,0,0,0,0,0,0,0,0,0,0,0,0,0,0,0.000269078,0.995350984,2.16E-04,,,
2255,0,0,0,0,0,0,0,0,0,0,0,0,0,0,0.000259647,0.996299468,0.000249599,,,
2256,0,0,0,0,0,0,0,0,0,0,0,0,0,0,0.00022003,0.997293445,0.000198082,,,
2257,0,0,0,0,0,0,0,0,0,0,0,0,0,0,0.000236235,0.998428901,0.000262327,,,
2258,0,0,0,0,0,0,0,0,0,0,0,0,0,0,0.000146673,0.999292842,0.000284769,,,
2259,0,0,0,0,0,0,0,0,0,0,0,0,0,0,0.000109413,0.999896908,0.000288693,,,
2260,0,0,0,0,0,0,0,0,0,0,0,0,0,0,7.51586E-05,1,0.000289775,,,
2261,0,0,0,0,0,0,0,0,0,0,0,0,0,0,0.000108669,0.999205309,0.000276748,,,
2262,0,0,0,0,0,0,0,0,0,0,0,0,0,0,9.12913E-05,0.997831671,0.000315973,,,
2263,0,0,0,0,0,0,0,0,0,0,0,0,0,0,4.37406E-05,0.996043661,0.000344954,,,
2264,0,0,0,0,0,0,0,0,0,0,0,0,0,0,7.78152E-05,0.994190901,0.000392064,,,
2265,0,0,0,0,0,0,0,0,0,0,0,0,0,0,3.93098E-05,0.991416668,0.000369198,,,
2266,0,0,0,0,0,0,0,0,0,0,0,0,0,0,6.33264E-05,0.988757173,0.000453609,,,
2267,0,0,0,0,0,0,0,0,0,0,0,0,0,0,8.39584E-05,0.986279236,0.000521628,,,
2268,0,0,0,0,0,0,0,0,0,0,0,0,0,0,3.32216E-05,0.983760164,0.000558826,,,
2269,0,0,0,0,0,0,0,0,0,0,0,0,0,0,2.84108E-05,0.98079004,0.000696004,,,
2270,0,0,0,0,0,0,0,0,0,0,0,0,0,0,3.71084E-05,0.97690589,0.000861947,,,
2271,0,0,0,0,0,0,0,0,0,0,0,0,0,0,5.43983E-05,0.972048678,0.001051279,,,
2272,0,0,0,0,0,0,0,0,0,0,0,0,0,0,-2.57104E-05,0.966125308,0.001255557,,,
2273,0,0,0,0,0,0,0,0,0,0,0,0,0,0,5.57516E-05,0.960836097,0.001524197,,,
2274,0,0,0,0,0,0,0,0,0,0,0,0,0,0,2.50E-05,0.955194421,0.001933338,,,
2275,0,0,0,0,0,0,0,0,0,0,0,0,0,0,7.28E-07,0.948347357,0.002483122,,,
2276,0,0,0,0,0,0,0,0,0,0,0,0,0,0,-2.30E-05,0.940351939,0.003211965,,,
2277,0,0,0,0,0,0,0,0,0,0,0,0,0,0,-1.45E-05,0.928221333,0.004211065,,,
2278,0,0,0,0,0,0,0,0,0,0,0,0,0,0,2.25489E-05,0.901447865,0.00556896,,,
2279,0,0,0,0,0,0,0,0,0,0,0,0,0,0,1.52383E-05,0.848653696,0.007440058,,,
2280,0,0,0,0,0,0,0,0,0,0,0,0,0,0,6.35E-05,0.772988715,0.009952432,,,
2281,0,0,0,0,0,0,0,0,0,0,0,0,0,0,-1.14429E-05,0.717837432,0.013471002,,,
2282,0,0,0,0,0,0,0,0,0,0,0,0,0,0,7.16E-07,0.653959043,0.018346619,,,
2283,0,0,0,0,0,0,0,0,0,0,0,0,0,0,2.28735E-05,0.58545152,0.025122502,,,
2284,0,0,0,0,0,0,0,0,0,0,0,0,0,0,6.34E-05,0.514701364,0.034638127,,,
2285,0,0,0,0,0,0,0,0,0,0,0,0,0,0,-2.01E-05,0.418249543,0.047885174,,,
2286,0,0,0,0,0,0,0,0,0,0,0,0,0,0,-8.86E-06,0.320868849,0.063080069,,,
2287,0,0,0,0,0,0,0,0,0,0,0,0,0,0,0.00E+00,0.237462173,0.080950451,,,
2288,0,0,0,0,0,0,0,0,0,0,0,0,0,0,0,0.171781086,0.103463273,,,
2289,0,0,0,0,0,0,0,0,0,0,0,0,0,0,0.00E+00,0.122140743,0.131452877,,,
2290,0,0,0,0,0,0,0,0,0,0,0,0,0,0,0.00E+00,0.086496241,0.166367481,,,
2291,0,0,0,0,0,0,0,0,0,0,0,0,0,0,0.00E+00,0.061208799,0.208356191,,,
2292,0,0,0,0,0,0,0,0,0,0,0,0,0,0,0.00E+00,0.041015161,0.258357134,,,
2293,0,0,0,0,0,0,0,0,0,0,0,0,0,0,0,0.02707931,0.3151875,,,
2294,0,0,0,0,0,0,0,0,0,0,0,0,0,0,0.00E+00,0.018257863,0.378594364,,,
2295,0,0,0,0,0,0,0,0,0,0,0,0,0,0,0.00E+00,0.01249797,0.445946211,,,
2296,0,0,0,0,0,0,0,0,0,0,0,0,0,0,0.00E+00,0.008715288,0.515647518,,,
2297,0,0,0,0,0,0,0,0,0,0,0,0,0,0,0.00E+00,0.006197689,0.58713928,,,
2298,0,0,0,0,0,0,0,0,0,0,0,0,0,0,0,0.004460922,0.653749149,,,
2299,0,0,0,0,0,0,0,0,0,0,0,0,0,0,0,0.003199805,0.714602715,,,
2300,0,0,0,0,0,0,0,0,0,0,0,0,0,0,0,0.002371189,0.766937474,,,
2301,0,0,0,0,0,0,0,0,0,0,0,0,0,0,0,0.001757574,0.811605728,,,
2302,0,0,0,0,0,0,0,0,0,0,0,0,0,0,0,0.001357302,0.856844182,,,
2303,0,0,0,0,0,0,0,0,0,0,0,0,0,0,0,0.001030199,0.890753016,,,
2304,0,0,0,0,0,0,0,0,0,0,0,0,0,0,0,0.000798989,0.915699308,,,
2305,0,0,0,0,0,0,0,0,0,0,0,0,0,0,0,0.000648621,0.934044446,,,
2306,0,0,0,0,0,0,0,0,0,0,0,0,0,0,0,0.00048564,0.947879288,,,
2307,0,0,0,0,0,0,0,0,0,0,0,0,0,0,0,0.000370688,0.958367399,,,
2308,0,0,0,0,0,0,0,0,0,0,0,0,0,0,0,0.000307152,0.966526114,,,
2309,0,0,0,0,0,0,0,0,0,0,0,0,0,0,0,0.000237516,0.973041088,,,
2310,0,0,0,0,0,0,0,0,0,0,0,0,0,0,0,0.000204046,0.978409061,,,
2311,0,0,0,0,0,0,0,0,0,0,0,0,0,0,0,0.000188439,0.982988987,,,
2312,0,0,0,0,0,0,0,0,0,0,0,0,0,0,0,0.000136238,0.986970926,,,
2313,0,0,0,0,0,0,0,0,0,0,0,0,0,0,0,0.000113916,0.990082169,,,
2314,0,0,0,0,0,0,0,0,0,0,0,0,0,0,0,7.85668E-05,0.992564211,,,
2315,0,0,0,0,0,0,0,0,0,0,0,0,0,0,0,0.000104109,0.994644285,,,
2316,0,0,0,0,0,0,0,0,0,0,0,0,0,0,0,3.47776E-05,0.996334601,,,
2317,0,0,0,0,0,0,0,0,0,0,0,0,0,0,0,0.000118452,0.997806763,,,
2318,0,0,0,0,0,0,0,0,0,0,0,0,0,0,0,7.24013E-05,0.999076205,,,
2319,0,0,0,0,0,0,0,0,0,0,0,0,0,0,0,6.87657E-05,0.999741684,,,
2320,0,0,0,0,0,0,0,0,0,0,0,0,0,0,0,3.74306E-05,0.999977789,,,
2321,0,0,0,0,0,0,0,0,0,0,0,0,0,0,0,-1.51221E-06,1,,,
2322,0,0,0,0,0,0,0,0,0,0,0,0,0,0,0,3.47273E-05,0.999631953,,,
2323,0,0,0,0,0,0,0,0,0,0,0,0,0,0,0,5.12208E-05,0.999012453,,,
2324,0,0,0,0,0,0,0,0,0,0,0,0,0,0,0,4.31743E-05,0.998078395,,,
2325,0,0,0,0,0,0,0,0,0,0,0,0,0,0,0,3.31417E-05,0.997006466,,,
2326,0,0,0,0,0,0,0,0,0,0,0,0,0,0,0,-1.05E-05,0.995785515,,,
2327,0,0,0,0,0,0,0,0,0,0,0,0,0,0,0,4.08E-05,0.994442613,,,
2328,0,0,0,0,0,0,0,0,0,0,0,0,0,0,0,-4.25E-06,0.993050221,,,
2329,0,0,0,0,0,0,0,0,0,0,0,0,0,0,0,4.73205E-05,0.991680088,,,
2330,0,0,0,0,0,0,0,0,0,0,0,0,0,0,0,4.82E-05,0.990477166,,,
2331,0,0,0,0,0,0,0,0,0,0,0,0,0,0,0,2.06E-05,0.990033052,,,
2332,0,0,0,0,0,0,0,0,0,0,0,0,0,0,0,3.91359E-05,0.989680377,,,
2333,0,0,0,0,0,0,0,0,0,0,0,0,0,0,0,2.12711E-05,0.989555898,,,
2334,0,0,0,0,0,0,0,0,0,0,0,0,0,0,0,-2.37E-05,0.989576639,,,
2335,0,0,0,0,0,0,0,0,0,0,0,0,0,0,0,1.89E-05,0.989940507,,,
2336,0,0,0,0,0,0,0,0,0,0,0,0,0,0,0,-3.65E-06,0.990160744,,,
2337,0,0,0,0,0,0,0,0,0,0,0,0,0,0,0,-1.79E-06,0.989196581,,,
2338,0,0,0,0,0,0,0,0,0,0,0,0,0,0,0,4.55E-06,0.987851287,,,
2339,0,0,0,0,0,0,0,0,0,0,0,0,0,0,0,3.59E-05,0.986145479,,,
2340,0,0,0,0,0,0,0,0,0,0,0,0,0,0,0,-1.44E-05,0.983877561,,,
2341,0,0,0,0,0,0,0,0,0,0,0,0,0,0,0,3.41E-05,0.980660522,,,
2342,0,0,0,0,0,0,0,0,0,0,0,0,0,0,0,4.38E-05,0.976414377,,,
2343,0,0,0,0,0,0,0,0,0,0,0,0,0,0,0,1.96E-05,0.971332187,,,
2344,0,0,0,0,0,0,0,0,0,0,0,0,0,0,0,-1.12E-05,0.964823383,,,
2345,0,0,0,0,0,0,0,0,0,0,0,0,0,0,0,-3.79E-06,0.956834329,,,
2346,0,0,0,0,0,0,0,0,0,0,0,0,0,0,0,3.94E-05,0.947328334,,,
2347,0,0,0,0,0,0,0,0,0,0,0,0,0,0,0,-3.00E-05,0.936534537,,,
2348,0,0,0,0,0,0,0,0,0,0,0,0,0,0,0,-1.66E-05,0.925171891,,,
2349,0,0,0,0,0,0,0,0,0,0,0,0,0,0,0,2.76E-05,0.9147776,,,
2350,0,0,0,0,0,0,0,0,0,0,0,0,0,0,0,1.16E-05,0.905523296,,,
2351,0,0,0,0,0,0,0,0,0,0,0,0,0,0,0,4.85E-06,0.897851143,,,
2352,0,0,0,0,0,0,0,0,0,0,0,0,0,0,0,1.81E-05,0.892770076,,,
2353,0,0,0,0,0,0,0,0,0,0,0,0,0,0,0,1.41E-05,0.890980925,,,
2354,0,0,0,0,0,0,0,0,0,0,0,0,0,0,0,3.93E-05,0.893265955,,,
2355,0,0,0,0,0,0,0,0,0,0,0,0,0,0,0,5.24375E-05,0.899677177,,,
2356,0,0,0,0,0,0,0,0,0,0,0,0,0,0,0,0.00E+00,0.908118163,,,
2357,0,0,0,0,0,0,0,0,0,0,0,0,0,0,0,0.00E+00,0.914063667,,,
2358,0,0,0,0,0,0,0,0,0,0,0,0,0,0,0,0.00E+00,0.909104753,,,
2359,0,0,0,0,0,0,0,0,0,0,0,0,0,0,0,0.00E+00,0.881739458,,,
2360,0,0,0,0,0,0,0,0,0,0,0,0,0,0,0,0.00E+00,0.820144793,,,
2361,0,0,0,0,0,0,0,0,0,0,0,0,0,0,0,0.00E+00,0.753283106,,,
2362,0,0,0,0,0,0,0,0,0,0,0,0,0,0,0,0.00E+00,0.699476284,,,
2363,0,0,0,0,0,0,0,0,0,0,0,0,0,0,0,0.00E+00,0.640254502,,,
2364,0,0,0,0,0,0,0,0,0,0,0,0,0,0,0,0.00E+00,0.577254939,,,
2365,0,0,0,0,0,0,0,0,0,0,0,0,0,0,0,0.00E+00,0.513351517,,,
2366,0,0,0,0,0,0,0,0,0,0,0,0,0,0,0,0.00E+00,0.427812126,,,
2367,0,0,0,0,0,0,0,0,0,0,0,0,0,0,0,0.00E+00,0.329919096,,,
2368,0,0,0,0,0,0,0,0,0,0,0,0,0,0,0,0.00E+00,0.248485278,,,
2369,0,0,0,0,0,0,0,0,0,0,0,0,0,0,0,0.00E+00,0.183616061,,,
2370,0,0,0,0,0,0,0,0,0,0,0,0,0,0,0,0.00E+00,0.134817599,,,
2371,0,0,0,0,0,0,0,0,0,0,0,0,0,0,0,0,0.098668577,,,
2372,0,0,0,0,0,0,0,0,0,0,0,0,0,0,0,0,0.07264491,,,
2373,0,0,0,0,0,0,0,0,0,0,0,0,0,0,0,0,0.053557652,,,
2374,0,0,0,0,0,0,0,0,0,0,0,0,0,0,0,0,0.038066811,,,
2375,0,0,0,0,0,0,0,0,0,0,0,0,0,0,0,0,0.026999651,,,
2376,0,0,0,0,0,0,0,0,0,0,0,0,0,0,0,0,0.019401349,,,
2377,0,0,0,0,0,0,0,0,0,0,0,0,0,0,0,0,0.014155583,,,
2378,0,0,0,0,0,0,0,0,0,0,0,0,0,0,0,0,0.010372409,,,
2379,0,0,0,0,0,0,0,0,0,0,0,0,0,0,0,0,0.007747933,,,
2380,0,0,0,0,0,0,0,0,0,0,0,0,0,0,0,0,0.005814374,,,
2381,0,0,0,0,0,0,0,0,0,0,0,0,0,0,0,0,0.004465937,,,
2382,0,0,0,0,0,0,0,0,0,0,0,0,0,0,0,0,0.00342156,,,
2383,0,0,0,0,0,0,0,0,0,0,0,0,0,0,0,0,0.00265431,,,
2384,0,0,0,0,0,0,0,0,0,0,0,0,0,0,0,0,0.002110674,,,
2385,0,0,0,0,0,0,0,0,0,0,0,0,0,0,0,0,0.001680516,,,
2386,0,0,0,0,0,0,0,0,0,0,0,0,0,0,0,0,0.001360324,,,
2387,0,0,0,0,0,0,0,0,0,0,0,0,0,0,0,0,0.001093395,,,
2388,0,0,0,0,0,0,0,0,0,0,0,0,0,0,0,0,0.000904686,,,
2389,0,0,0,0,0,0,0,0,0,0,0,0,0,0,0,0,0.000768965,,,
2390,0,0,0,0,0,0,0,0,0,0,0,0,0,0,0,0,0.000633663,,,
2391,0,0,0,0,0,0,0,0,0,0,0,0,0,0,0,0,0.000602575,,,
2392,0,0,0,0,0,0,0,0,0,0,0,0,0,0,0,0,0.00049535,,,
2393,0,0,0,0,0,0,0,0,0,0,0,0,0,0,0,0,0.000458687,,,
2394,0,0,0,0,0,0,0,0,0,0,0,0,0,0,0,0,0.000410893,,,
2395,0,0,0,0,0,0,0,0,0,0,0,0,0,0,0,0,0.000341662,,,
2396,0,0,0,0,0,0,0,0,0,0,0,0,0,0,0,0,0.000328449,,,
2397,0,0,0,0,0,0,0,0,0,0,0,0,0,0,0,0,0.000314055,,,
2398,0,0,0,0,0,0,0,0,0,0,0,0,0,0,0,0,0.00030661,,,
2399,0,0,0,0,0,0,0,0,0,0,0,0,0,0,0,0,0.000279502,,,
2400,0,0,0,0,0,0,0,0,0,0,0,0,0,0,0,0,0.000245077,,,
2401,0,0,0,0,0,0,0,0,0,0,0,0,0,0,0,0,0.00024186,,,
2402,0,0,0,0,0,0,0,0,0,0,0,0,0,0,0,0,0.000218252,,,
2403,0,0,0,0,0,0,0,0,0,0,0,0,0,0,0,0,0.000223001,,,
2404,0,0,0,0,0,0,0,0,0,0,0,0,0,0,0,0,0.000188696,,,
2405,0,0,0,0,0,0,0,0,0,0,0,0,0,0,0,0,0.000215548,,,
2406,0,0,0,0,0,0,0,0,0,0,0,0,0,0,0,0,0.0002031,,,
2407,0,0,0,0,0,0,0,0,0,0,0,0,0,0,0,0,0.000228313,,,
2408,0,0,0,0,0,0,0,0,0,0,0,0,0,0,0,0,0.00020877,,,
2409,0,0,0,0,0,0,0,0,0,0,0,0,0,0,0,0,0.000194822,,,
2410,0,0,0,0,0,0,0,0,0,0,0,0,0,0,0,0,0.000183687,,,
2411,0,0,0,0,0,0,0,0,0,0,0,0,0,0,0,0,0.000201347,,,
2412,0,0,0,0,0,0,0,0,0,0,0,0,0,0,0,0,0.000167799,,,
2413,0,0,0,0,0,0,0,0,0,0,0,0,0,0,0,0,0.000172168,,,
2414,0,0,0,0,0,0,0,0,0,0,0,0,0,0,0,0,0.000169514,,,
2415,0,0,0,0,0,0,0,0,0,0,0,0,0,0,0,0,0.000203177,,,
2416,0,0,0,0,0,0,0,0,0,0,0,0,0,0,0,0,0.000182745,,,
2417,0,0,0,0,0,0,0,0,0,0,0,0,0,0,0,0,0.000169636,,,
2418,0,0,0,0,0,0,0,0,0,0,0,0,0,0,0,0,0.000180209,,,
2419,0,0,0,0,0,0,0,0,0,0,0,0,0,0,0,0,0.000194307,,,
2420,0,0,0,0,0,0,0,0,0,0,0,0,0,0,0,0,0.000153131,,,
2421,0,0,0,0,0,0,0,0,0,0,0,0,0,0,0,0,1.44E-04,,,
2422,0,0,0,0,0,0,0,0,0,0,0,0,0,0,0,0,0.0002004,,,
2423,0,0,0,0,0,0,0,0,0,0,0,0,0,0,0,0,0.000201238,,,
2424,0,0,0,0,0,0,0,0,0,0,0,0,0,0,0,0,0.000197443,,,
2425,0,0,0,0,0,0,0,0,0,0,0,0,0,0,0,0,0.000188832,,,
2426,0,0,0,0,0,0,0,0,0,0,0,0,0,0,0,0,0.00019693,,,
2427,0,0,0,0,0,0,0,0,0,0,0,0,0,0,0,0,0.00016374,,,
2428,0,0,0,0,0,0,0,0,0,0,0,0,0,0,0,0,0.000205759,,,
2429,0,0,0,0,0,0,0,0,0,0,0,0,0,0,0,0,0.000206285,,,
2430,0,0,0,0,0,0,0,0,0,0,0,0,0,0,0,0,0.000175141,,,
2431,0,0,0,0,0,0,0,0,0,0,0,0,0,0,0,0,0.000144147,,,
2432,0,0,0,0,0,0,0,0,0,0,0,0,0,0,0,0,0.000172564,,,
2433,0,0,0,0,0,0,0,0,0,0,0,0,0,0,0,0,0.000189479,,,
2434,0,0,0,0,0,0,0,0,0,0,0,0,0,0,0,0,0.000153364,,,
2435,0,0,0,0,0,0,0,0,0,0,0,0,0,0,0,0,0.000207938,,,
2436,0,0,0,0,0,0,0,0,0,0,0,0,0,0,0,0,0,,,
2437,0,0,0,0,0,0,0,0,0,0,0,0,0,0,0,0,0,,,
2438,0,0,0,0,0,0,0,0,0,0,0,0,0,0,0,0,0,,,
2439,0,0,0,0,0,0,0,0,0,0,0,0,0,0,0,0,0,,,
2440,0,0,0,0,0,0,0,0,0,0,0,0,0,0,0,0,0,,,
2441,0,0,0,0,0,0,0,0,0,0,0,0,0,0,0,0,0,,,
2442,0,0,0,0,0,0,0,0,0,0,0,0,0,0,0,0,0,,,
2443,0,0,0,0,0,0,0,0,0,0,0,0,0,0,0,0,0,,,
2444,0,0,0,0,0,0,0,0,0,0,0,0,0,0,0,0,0,,,
2445,0,0,0,0,0,0,0,0,0,0,0,0,0,0,0,0,0,,,
2446,0,0,0,0,0,0,0,0,0,0,0,0,0,0,0,0,0,,,
2447,0,0,0,0,0,0,0,0,0,0,0,0,0,0,0,0,0,,,
2448,0,0,0,0,0,0,0,0,0,0,0,0,0,0,0,0,0,,,
2449,0,0,0,0,0,0,0,0,0,0,0,0,0,0,0,0,0,,,
2450,0,0,0,0,0,0,0,0,0,0,0,0,0,0,0,0,0,,,