plume_id,plume_tif,con_tif,s2_path,l8_path,s2_cloud_cover,l8_cloud_cover
GAO20230824t172827p0000-A,https://api.carbonmapper.org/api/v1/catalog/asset/l3a-vis-ch4-mf-v002/2023/08/24/GAO20230824t172827p0000-A/GAO20230824t172827p0000-A_l3a-vis-ch4-mf-v002_plume.tif,,/data2/yuyao/methane_emission/data/raw_data_dir/S2B_MSIL2A_20230825T171859_N0510_R012_T14SKA_20241017T081533.SAFE,/data2/yuyao/methane_emission/carbonmapper_data_l89_l2sp/GAO20230824t172827p0000-A/l8_LC09_L2SP_030038_20230824_20230826_02_T1.tif,0.004419,5.34
GAO20230824t172827p0000-A,https://api.carbonmapper.org/api/v1/catalog/asset/l3a-vis-ch4-mf-v002/2023/08/24/GAO20230824t172827p0000-A/GAO20230824t172827p0000-A_l3a-vis-ch4-mf-v002_plume.tif,,/data2/yuyao/methane_emission/data/raw_data_dir/S2B_MSIL2A_20230825T171859_N0510_R012_T13SGR_20241017T081533.SAFE,/data2/yuyao/methane_emission/carbonmapper_data_l89_l2sp/GAO20230824t172827p0000-A/l8_LC09_L2SP_030038_20230824_20230826_02_T1.tif,0.174521,5.34
GAO20230824t172827p0000-B,https://api.carbonmapper.org/api/v1/catalog/asset/l3a-vis-ch4-mf-v002/2023/08/24/GAO20230824t172827p0000-B/GAO20230824t172827p0000-B_l3a-vis-ch4-mf-v002_plume.tif,,/data2/yuyao/methane_emission/data/raw_data_dir/S2B_MSIL2A_20230825T171859_N0510_R012_T13SGR_20241017T081533.SAFE,/data2/yuyao/methane_emission/carbonmapper_data_l89_l2sp/GAO20230824t172827p0000-B/l8_LC09_L2SP_030038_20230824_20230826_02_T1.tif,0.174521,5.34
GAO20230824t172827p0000-B,https://api.carbonmapper.org/api/v1/catalog/asset/l3a-vis-ch4-mf-v002/2023/08/24/GAO20230824t172827p0000-B/GAO20230824t172827p0000-B_l3a-vis-ch4-mf-v002_plume.tif,,/data2/yuyao/methane_emission/data/raw_data_dir/S2B_MSIL2A_20230825T171859_N0510_R012_T14SKA_20241017T081533.SAFE,/data2/yuyao/methane_emission/carbonmapper_data_l89_l2sp/GAO20230824t172827p0000-B/l8_LC09_L2SP_030038_20230824_20230826_02_T1.tif,0.004419,5.34
GAO20230824t172827p0000-C,https://api.carbonmapper.org/api/v1/catalog/asset/l3a-vis-ch4-mf-v002/2023/08/24/GAO20230824t172827p0000-C/GAO20230824t172827p0000-C_l3a-vis-ch4-mf-v002_plume.tif,,/data2/yuyao/methane_emission/data/raw_data_dir/S2B_MSIL2A_20230825T171859_N0510_R012_T14SKA_20241017T081533.SAFE,/data2/yuyao/methane_emission/carbonmapper_data_l89_l2sp/GAO20230824t172827p0000-C/l8_LC09_L2SP_030038_20230824_20230826_02_T1.tif,0.004419,5.34
GAO20230824t172827p0000-C,https://api.carbonmapper.org/api/v1/catalog/asset/l3a-vis-ch4-mf-v002/2023/08/24/GAO20230824t172827p0000-C/GAO20230824t172827p0000-C_l3a-vis-ch4-mf-v002_plume.tif,,/data2/yuyao/methane_emission/data/raw_data_dir/S2B_MSIL2A_20230825T171859_N0510_R012_T13SGR_20241017T081533.SAFE,/data2/yuyao/methane_emission/carbonmapper_data_l89_l2sp/GAO20230824t172827p0000-C/l8_LC09_L2SP_030038_20230824_20230826_02_T1.tif,0.174521,5.34
GAO20230824t172827p0000-D,https://api.carbonmapper.org/api/v1/catalog/asset/l3a-vis-ch4-mf-v002/2023/08/24/GAO20230824t172827p0000-D/GAO20230824t172827p0000-D_l3a-vis-ch4-mf-v002_plume.tif,,/data2/yuyao/methane_emission/data/raw_data_dir/S2B_MSIL2A_20230825T171859_N0510_R012_T14SKA_20241017T081533.SAFE,/data2/yuyao/methane_emission/carbonmapper_data_l89_l2sp/GAO20230824t172827p0000-D/l8_LC09_L2SP_030038_20230824_20230826_02_T1.tif,0.004419,5.34
GAO20230824t172827p0000-D,https://api.carbonmapper.org/api/v1/catalog/asset/l3a-vis-ch4-mf-v002/2023/08/24/GAO20230824t172827p0000-D/GAO20230824t172827p0000-D_l3a-vis-ch4-mf-v002_plume.tif,,/data2/yuyao/methane_emission/data/raw_data_dir/S2B_MSIL2A_20230825T171859_N0510_R012_T13SGR_20241017T081533.SAFE,/data2/yuyao/methane_emission/carbonmapper_data_l89_l2sp/GAO20230824t172827p0000-D/l8_LC09_L2SP_030038_20230824_20230826_02_T1.tif,0.174521,5.34
GAO20230824t172827p0000-E,https://api.carbonmapper.org/api/v1/catalog/asset/l3a-vis-ch4-mf-v002/2023/08/24/GAO20230824t172827p0000-E/GAO20230824t172827p0000-E_l3a-vis-ch4-mf-v002_plume.tif,,/data2/yuyao/methane_emission/data/raw_data_dir/S2B_MSIL2A_20230825T171859_N0510_R012_T14SKA_20241017T081533.SAFE,/data2/yuyao/methane_emission/carbonmapper_data_l89_l2sp/GAO20230824t172827p0000-E/l8_LC09_L2SP_030038_20230824_20230826_02_T1.tif,0.004419,5.34
GAO20230824t172827p0000-E,https://api.carbonmapper.org/api/v1/catalog/asset/l3a-vis-ch4-mf-v002/2023/08/24/GAO20230824t172827p0000-E/GAO20230824t172827p0000-E_l3a-vis-ch4-mf-v002_plume.tif,,/data2/yuyao/methane_emission/data/raw_data_dir/S2B_MSIL2A_20230825T171859_N0510_R012_T13SGR_20241017T081533.SAFE,/data2/yuyao/methane_emission/carbonmapper_data_l89_l2sp/GAO20230824t172827p0000-E/l8_LC09_L2SP_030038_20230824_20230826_02_T1.tif,0.174521,5.34
GAO20230824t172827p0000-F,https://api.carbonmapper.org/api/v1/catalog/asset/l3a-vis-ch4-mf-v002/2023/08/24/GAO20230824t172827p0000-F/GAO20230824t172827p0000-F_l3a-vis-ch4-mf-v002_plume.tif,,/data2/yuyao/methane_emission/data/raw_data_dir/S2B_MSIL2A_20230825T171859_N0510_R012_T13SGR_20241017T081533.SAFE,/data2/yuyao/methane_emission/carbonmapper_data_l89_l2sp/GAO20230824t172827p0000-F/l8_LC09_L2SP_030038_20230824_20230826_02_T1.tif,0.174521,5.34
GAO20230824t172827p0000-F,https://api.carbonmapper.org/api/v1/catalog/asset/l3a-vis-ch4-mf-v002/2023/08/24/GAO20230824t172827p0000-F/GAO20230824t172827p0000-F_l3a-vis-ch4-mf-v002_plume.tif,,/data2/yuyao/methane_emission/data/raw_data_dir/S2B_MSIL2A_20230825T171859_N0510_R012_T14SKA_20241017T081533.SAFE,/data2/yuyao/methane_emission/carbonmapper_data_l89_l2sp/GAO20230824t172827p0000-F/l8_LC09_L2SP_030038_20230824_20230826_02_T1.tif,0.004419,5.34
GAO20230824t172827p0000-G,https://api.carbonmapper.org/api/v1/catalog/asset/l3a-vis-ch4-mf-v002/2023/08/24/GAO20230824t172827p0000-G/GAO20230824t172827p0000-G_l3a-vis-ch4-mf-v002_plume.tif,,/data2/yuyao/methane_emission/data/raw_data_dir/S2B_MSIL2A_20230825T171859_N0510_R012_T14SKA_20241017T081533.SAFE,/data2/yuyao/methane_emission/carbonmapper_data_l89_l2sp/GAO20230824t172827p0000-G/l8_LC09_L2SP_030038_20230824_20230826_02_T1.tif,0.004419,5.34
GAO20230824t172827p0000-G,https://api.carbonmapper.org/api/v1/catalog/asset/l3a-vis-ch4-mf-v002/2023/08/24/GAO20230824t172827p0000-G/GAO20230824t172827p0000-G_l3a-vis-ch4-mf-v002_plume.tif,,/data2/yuyao/methane_emission/data/raw_data_dir/S2B_MSIL2A_20230825T171859_N0510_R012_T13SGR_20241017T081533.SAFE,/data2/yuyao/methane_emission/carbonmapper_data_l89_l2sp/GAO20230824t172827p0000-G/l8_LC09_L2SP_030038_20230824_20230826_02_T1.tif,0.174521,5.34
GAO20230824t172827p0000-H,https://api.carbonmapper.org/api/v1/catalog/asset/l3a-vis-ch4-mf-v002/2023/08/24/GAO20230824t172827p0000-H/GAO20230824t172827p0000-H_l3a-vis-ch4-mf-v002_plume.tif,,/data2/yuyao/methane_emission/data/raw_data_dir/S2B_MSIL2A_20230825T171859_N0510_R012_T13SGR_20241017T081533.SAFE,/data2/yuyao/methane_emission/carbonmapper_data_l89_l2sp/GAO20230824t172827p0000-H/l8_LC09_L2SP_030038_20230824_20230826_02_T1.tif,0.174521,5.34
GAO20230824t172827p0000-H,https://api.carbonmapper.org/api/v1/catalog/asset/l3a-vis-ch4-mf-v002/2023/08/24/GAO20230824t172827p0000-H/GAO20230824t172827p0000-H_l3a-vis-ch4-mf-v002_plume.tif,,/data2/yuyao/methane_emission/data/raw_data_dir/S2B_MSIL2A_20230825T171859_N0510_R012_T14SKA_20241017T081533.SAFE,/data2/yuyao/methane_emission/carbonmapper_data_l89_l2sp/GAO20230824t172827p0000-H/l8_LC09_L2SP_030038_20230824_20230826_02_T1.tif,0.004419,5.34
GAO20230824t173950p0000-A,https://api.carbonmapper.org/api/v1/catalog/asset/l3a-vis-ch4-mf-v002/2023/08/24/GAO20230824t173950p0000-A/GAO20230824t173950p0000-A_l3a-vis-ch4-mf-v002_plume.tif,,/data2/yuyao/methane_emission/data/raw_data_dir/S2B_MSIL2A_20230825T171859_N0510_R012_T13SGR_20241017T081533.SAFE,/data2/yuyao/methane_emission/carbonmapper_data_l89_l2sp/GAO20230824t173950p0000-A/l8_LC09_L2SP_030038_20230824_20230826_02_T1.tif,0.174521,5.34
GAO20230824t173950p0000-A,https://api.carbonmapper.org/api/v1/catalog/asset/l3a-vis-ch4-mf-v002/2023/08/24/GAO20230824t173950p0000-A/GAO20230824t173950p0000-A_l3a-vis-ch4-mf-v002_plume.tif,,/data2/yuyao/methane_emission/data/raw_data_dir/S2B_MSIL2A_20230825T171859_N0510_R012_T14SKA_20241017T081533.SAFE,/data2/yuyao/methane_emission/carbonmapper_data_l89_l2sp/GAO20230824t173950p0000-A/l8_LC09_L2SP_030038_20230824_20230826_02_T1.tif,0.004419,5.34
GAO20230824t173950p0000-B,https://api.carbonmapper.org/api/v1/catalog/asset/l3a-vis-ch4-mf-v002/2023/08/24/GAO20230824t173950p0000-B/GAO20230824t173950p0000-B_l3a-vis-ch4-mf-v002_plume.tif,,/data2/yuyao/methane_emission/data/raw_data_dir/S2B_MSIL2A_20230825T171859_N0510_R012_T14SKA_20241017T081533.SAFE,/data2/yuyao/methane_emission/carbonmapper_data_l89_l2sp/GAO20230824t173950p0000-B/l8_LC09_L2SP_030038_20230824_20230826_02_T1.tif,0.004419,5.34
GAO20230824t173950p0000-B,https://api.carbonmapper.org/api/v1/catalog/asset/l3a-vis-ch4-mf-v002/2023/08/24/GAO20230824t173950p0000-B/GAO20230824t173950p0000-B_l3a-vis-ch4-mf-v002_plume.tif,,/data2/yuyao/methane_emission/data/raw_data_dir/S2B_MSIL2A_20230825T171859_N0510_R012_T13SGR_20241017T081533.SAFE,/data2/yuyao/methane_emission/carbonmapper_data_l89_l2sp/GAO20230824t173950p0000-B/l8_LC09_L2SP_030038_20230824_20230826_02_T1.tif,0.174521,5.34
GAO20230824t173950p0000-C,https://api.carbonmapper.org/api/v1/catalog/asset/l3a-vis-ch4-mf-v002/2023/08/24/GAO20230824t173950p0000-C/GAO20230824t173950p0000-C_l3a-vis-ch4-mf-v002_plume.tif,,/data2/yuyao/methane_emission/data/raw_data_dir/S2B_MSIL2A_20230825T171859_N0510_R012_T13SGR_20241017T081533.SAFE,/data2/yuyao/methane_emission/carbonmapper_data_l89_l2sp/GAO20230824t173950p0000-C/l8_LC09_L2SP_030038_20230824_20230826_02_T1.tif,0.174521,5.34
GAO20230824t173950p0000-C,https://api.carbonmapper.org/api/v1/catalog/asset/l3a-vis-ch4-mf-v002/2023/08/24/GAO20230824t173950p0000-C/GAO20230824t173950p0000-C_l3a-vis-ch4-mf-v002_plume.tif,,/data2/yuyao/methane_emission/data/raw_data_dir/S2B_MSIL2A_20230825T171859_N0510_R012_T14SKA_20241017T081533.SAFE,/data2/yuyao/methane_emission/carbonmapper_data_l89_l2sp/GAO20230824t173950p0000-C/l8_LC09_L2SP_030038_20230824_20230826_02_T1.tif,0.004419,5.34
GAO20230824t173950p0000-D,https://api.carbonmapper.org/api/v1/catalog/asset/l3a-vis-ch4-mf-v002/2023/08/24/GAO20230824t173950p0000-D/GAO20230824t173950p0000-D_l3a-vis-ch4-mf-v002_plume.tif,,/data2/yuyao/methane_emission/data/raw_data_dir/S2B_MSIL2A_20230825T171859_N0510_R012_T14SKA_20241017T081533.SAFE,/data2/yuyao/methane_emission/carbonmapper_data_l89_l2sp/GAO20230824t173950p0000-D/l8_LC09_L2SP_030038_20230824_20230826_02_T1.tif,0.004419,5.34
GAO20230824t173950p0000-D,https://api.carbonmapper.org/api/v1/catalog/asset/l3a-vis-ch4-mf-v002/2023/08/24/GAO20230824t173950p0000-D/GAO20230824t173950p0000-D_l3a-vis-ch4-mf-v002_plume.tif,,/data2/yuyao/methane_emission/data/raw_data_dir/S2B_MSIL2A_20230825T171859_N0510_R012_T13SGR_20241017T081533.SAFE,/data2/yuyao/methane_emission/carbonmapper_data_l89_l2sp/GAO20230824t173950p0000-D/l8_LC09_L2SP_030038_20230824_20230826_02_T1.tif,0.174521,5.34
GAO20230824t173950p0000-E,https://api.carbonmapper.org/api/v1/catalog/asset/l3a-vis-ch4-mf-v002/2023/08/24/GAO20230824t173950p0000-E/GAO20230824t173950p0000-E_l3a-vis-ch4-mf-v002_plume.tif,,/data2/yuyao/methane_emission/data/raw_data_dir/S2B_MSIL2A_20230825T171859_N0510_R012_T13SGR_20241017T081533.SAFE,/data2/yuyao/methane_emission/carbonmapper_data_l89_l2sp/GAO20230824t173950p0000-E/l8_LC09_L2SP_030038_20230824_20230826_02_T1.tif,0.174521,5.34
GAO20230824t173950p0000-E,https://api.carbonmapper.org/api/v1/catalog/asset/l3a-vis-ch4-mf-v002/2023/08/24/GAO20230824t173950p0000-E/GAO20230824t173950p0000-E_l3a-vis-ch4-mf-v002_plume.tif,,/data2/yuyao/methane_emission/data/raw_data_dir/S2B_MSIL2A_20230825T171859_N0510_R012_T14SKA_20241017T081533.SAFE,/data2/yuyao/methane_emission/carbonmapper_data_l89_l2sp/GAO20230824t173950p0000-E/l8_LC09_L2SP_030038_20230824_20230826_02_T1.tif,0.004419,5.34
GAO20230824t173950p0000-F,https://api.carbonmapper.org/api/v1/catalog/asset/l3a-vis-ch4-mf-v002/2023/08/24/GAO20230824t173950p0000-F/GAO20230824t173950p0000-F_l3a-vis-ch4-mf-v002_plume.tif,,/data2/yuyao/methane_emission/data/raw_data_dir/S2B_MSIL2A_20230825T171859_N0510_R012_T13SGR_20241017T081533.SAFE,/data2/yuyao/methane_emission/carbonmapper_data_l89_l2sp/GAO20230824t173950p0000-F/l8_LC09_L2SP_030038_20230824_20230826_02_T1.tif,0.174521,5.34
GAO20230824t173950p0000-F,https://api.carbonmapper.org/api/v1/catalog/asset/l3a-vis-ch4-mf-v002/2023/08/24/GAO20230824t173950p0000-F/GAO20230824t173950p0000-F_l3a-vis-ch4-mf-v002_plume.tif,,/data2/yuyao/methane_emission/data/raw_data_dir/S2B_MSIL2A_20230825T171859_N0510_R012_T14SKA_20241017T081533.SAFE,/data2/yuyao/methane_emission/carbonmapper_data_l89_l2sp/GAO20230824t173950p0000-F/l8_LC09_L2SP_030038_20230824_20230826_02_T1.tif,0.004419,5.34
GAO20230824t173950p0000-G,https://api.carbonmapper.org/api/v1/catalog/asset/l3a-vis-ch4-mf-v002/2023/08/24/GAO20230824t173950p0000-G/GAO20230824t173950p0000-G_l3a-vis-ch4-mf-v002_plume.tif,,/data2/yuyao/methane_emission/data/raw_data_dir/S2B_MSIL2A_20230825T171859_N0510_R012_T14SKA_20241017T081533.SAFE,/data2/yuyao/methane_emission/carbonmapper_data_l89_l2sp/GAO20230824t173950p0000-G/l8_LC09_L2SP_030038_20230824_20230826_02_T1.tif,0.004419,5.34
GAO20230824t173950p0000-G,https://api.carbonmapper.org/api/v1/catalog/asset/l3a-vis-ch4-mf-v002/2023/08/24/GAO20230824t173950p0000-G/GAO20230824t173950p0000-G_l3a-vis-ch4-mf-v002_plume.tif,,/data2/yuyao/methane_emission/data/raw_data_dir/S2B_MSIL2A_20230825T171859_N0510_R012_T13SGR_20241017T081533.SAFE,/data2/yuyao/methane_emission/carbonmapper_data_l89_l2sp/GAO20230824t173950p0000-G/l8_LC09_L2SP_030038_20230824_20230826_02_T1.tif,0.174521,5.34
GAO20230824t173950p0000-H,https://api.carbonmapper.org/api/v1/catalog/asset/l3a-vis-ch4-mf-v002/2023/08/24/GAO20230824t173950p0000-H/GAO20230824t173950p0000-H_l3a-vis-ch4-mf-v002_plume.tif,,/data2/yuyao/methane_emission/data/raw_data_dir/S2B_MSIL2A_20230825T171859_N0510_R012_T13SGR_20241017T081533.SAFE,/data2/yuyao/methane_emission/carbonmapper_data_l89_l2sp/GAO20230824t173950p0000-H/l8_LC09_L2SP_030038_20230824_20230826_02_T1.tif,0.174521,5.34
GAO20230824t173950p0000-H,https://api.carbonmapper.org/api/v1/catalog/asset/l3a-vis-ch4-mf-v002/2023/08/24/GAO20230824t173950p0000-H/GAO20230824t173950p0000-H_l3a-vis-ch4-mf-v002_plume.tif,,/data2/yuyao/methane_emission/data/raw_data_dir/S2B_MSIL2A_20230825T171859_N0510_R012_T14SKA_20241017T081533.SAFE,/data2/yuyao/methane_emission/carbonmapper_data_l89_l2sp/GAO20230824t173950p0000-H/l8_LC09_L2SP_030038_20230824_20230826_02_T1.tif,0.004419,5.34
GAO20230824t173950p0000-I,https://api.carbonmapper.org/api/v1/catalog/asset/l3a-vis-ch4-mf-v002/2023/08/24/GAO20230824t173950p0000-I/GAO20230824t173950p0000-I_l3a-vis-ch4-mf-v002_plume.tif,,/data2/yuyao/methane_emission/data/raw_data_dir/S2B_MSIL2A_20230825T171859_N0510_R012_T14SKA_20241017T081533.SAFE,/data2/yuyao/methane_emission/carbonmapper_data_l89_l2sp/GAO20230824t173950p0000-I/l8_LC09_L2SP_030038_20230824_20230826_02_T1.tif,0.004419,5.34
GAO20230824t173950p0000-I,https://api.carbonmapper.org/api/v1/catalog/asset/l3a-vis-ch4-mf-v002/2023/08/24/GAO20230824t173950p0000-I/GAO20230824t173950p0000-I_l3a-vis-ch4-mf-v002_plume.tif,,/data2/yuyao/methane_emission/data/raw_data_dir/S2B_MSIL2A_20230825T171859_N0510_R012_T13SGR_20241017T081533.SAFE,/data2/yuyao/methane_emission/carbonmapper_data_l89_l2sp/GAO20230824t173950p0000-I/l8_LC09_L2SP_030038_20230824_20230826_02_T1.tif,0.174521,5.34
GAO20230824t174552p0000-A,https://api.carbonmapper.org/api/v1/catalog/asset/l3a-vis-ch4-mf-v002/2023/08/24/GAO20230824t174552p0000-A/GAO20230824t174552p0000-A_l3a-vis-ch4-mf-v002_plume.tif,https://api.carbonmapper.org/api/v1/catalog/asset/l3a-ch4-mf-v1/2023/08/24/GAO20230824t174552p0000-A/GAO20230824t174552p0000-A_l3a-ch4-mf-v1_concentrations.tif,/data2/yuyao/methane_emission/data/raw_data_dir/S2B_MSIL2A_20230825T171859_N0510_R012_T14SKA_20241017T081533.SAFE,/data2/yuyao/methane_emission/carbonmapper_data_l89_l2sp/GAO20230824t174552p0000-A/l8_LC09_L2SP_030038_20230824_20230826_02_T1.tif,0.004419,5.34
GAO20230824t174552p0000-A,https://api.carbonmapper.org/api/v1/catalog/asset/l3a-vis-ch4-mf-v002/2023/08/24/GAO20230824t174552p0000-A/GAO20230824t174552p0000-A_l3a-vis-ch4-mf-v002_plume.tif,https://api.carbonmapper.org/api/v1/catalog/asset/l3a-ch4-mf-v1/2023/08/24/GAO20230824t174552p0000-A/GAO20230824t174552p0000-A_l3a-ch4-mf-v1_concentrations.tif,/data2/yuyao/methane_emission/data/raw_data_dir/S2B_MSIL2A_20230825T171859_N0510_R012_T13SGR_20241017T081533.SAFE,/data2/yuyao/methane_emission/carbonmapper_data_l89_l2sp/GAO20230824t174552p0000-A/l8_LC09_L2SP_030038_20230824_20230826_02_T1.tif,0.174521,5.34
GAO20230824t174552p0000-B,https://api.carbonmapper.org/api/v1/catalog/asset/l3a-vis-ch4-mf-v002/2023/08/24/GAO20230824t174552p0000-B/GAO20230824t174552p0000-B_l3a-vis-ch4-mf-v002_plume.tif,https://api.carbonmapper.org/api/v1/catalog/asset/l3a-ch4-mf-v1/2023/08/24/GAO20230824t174552p0000-B/GAO20230824t174552p0000-B_l3a-ch4-mf-v1_concentrations.tif,/data2/yuyao/methane_emission/data/raw_data_dir/S2B_MSIL2A_20230825T171859_N0510_R012_T13SGR_20241017T081533.SAFE,/data2/yuyao/methane_emission/carbonmapper_data_l89_l2sp/GAO20230824t174552p0000-B/l8_LC09_L2SP_030038_20230824_20230826_02_T1.tif,0.174521,5.34
GAO20230824t174552p0000-B,https://api.carbonmapper.org/api/v1/catalog/asset/l3a-vis-ch4-mf-v002/2023/08/24/GAO20230824t174552p0000-B/GAO20230824t174552p0000-B_l3a-vis-ch4-mf-v002_plume.tif,https://api.carbonmapper.org/api/v1/catalog/asset/l3a-ch4-mf-v1/2023/08/24/GAO20230824t174552p0000-B/GAO20230824t174552p0000-B_l3a-ch4-mf-v1_concentrations.tif,/data2/yuyao/methane_emission/data/raw_data_dir/S2B_MSIL2A_20230825T171859_N0510_R012_T14SKA_20241017T081533.SAFE,/data2/yuyao/methane_emission/carbonmapper_data_l89_l2sp/GAO20230824t174552p0000-B/l8_LC09_L2SP_030038_20230824_20230826_02_T1.tif,0.004419,5.34
GAO20230824t174552p0000-C,https://api.carbonmapper.org/api/v1/catalog/asset/l3a-vis-ch4-mf-v002/2023/08/24/GAO20230824t174552p0000-C/GAO20230824t174552p0000-C_l3a-vis-ch4-mf-v002_plume.tif,https://api.carbonmapper.org/api/v1/catalog/asset/l3a-ch4-mf-v1/2023/08/24/GAO20230824t174552p0000-C/GAO20230824t174552p0000-C_l3a-ch4-mf-v1_concentrations.tif,/data2/yuyao/methane_emission/data/raw_data_dir/S2B_MSIL2A_20230825T171859_N0510_R012_T14SKA_20241017T081533.SAFE,/data2/yuyao/methane_emission/carbonmapper_data_l89_l2sp/GAO20230824t174552p0000-C/l8_LC09_L2SP_030038_20230824_20230826_02_T1.tif,0.004419,5.34
GAO20230824t174552p0000-C,https://api.carbonmapper.org/api/v1/catalog/asset/l3a-vis-ch4-mf-v002/2023/08/24/GAO20230824t174552p0000-C/GAO20230824t174552p0000-C_l3a-vis-ch4-mf-v002_plume.tif,https://api.carbonmapper.org/api/v1/catalog/asset/l3a-ch4-mf-v1/2023/08/24/GAO20230824t174552p0000-C/GAO20230824t174552p0000-C_l3a-ch4-mf-v1_concentrations.tif,/data2/yuyao/methane_emission/data/raw_data_dir/S2B_MSIL2A_20230825T171859_N0510_R012_T13SGR_20241017T081533.SAFE,/data2/yuyao/methane_emission/carbonmapper_data_l89_l2sp/GAO20230824t174552p0000-C/l8_LC09_L2SP_030038_20230824_20230826_02_T1.tif,0.174521,5.34
GAO20230824t174552p0000-D,https://api.carbonmapper.org/api/v1/catalog/asset/l3a-vis-ch4-mf-v002/2023/08/24/GAO20230824t174552p0000-D/GAO20230824t174552p0000-D_l3a-vis-ch4-mf-v002_plume.tif,https://api.carbonmapper.org/api/v1/catalog/asset/l3a-ch4-mf-v1/2023/08/24/GAO20230824t174552p0000-D/GAO20230824t174552p0000-D_l3a-ch4-mf-v1_concentrations.tif,/data2/yuyao/methane_emission/data/raw_data_dir/S2B_MSIL2A_20230825T171859_N0510_R012_T14SKA_20241017T081533.SAFE,/data2/yuyao/methane_emission/carbonmapper_data_l89_l2sp/GAO20230824t174552p0000-D/l8_LC09_L2SP_030038_20230824_20230826_02_T1.tif,0.004419,5.34
GAO20230824t174552p0000-D,https://api.carbonmapper.org/api/v1/catalog/asset/l3a-vis-ch4-mf-v002/2023/08/24/GAO20230824t174552p0000-D/GAO20230824t174552p0000-D_l3a-vis-ch4-mf-v002_plume.tif,https://api.carbonmapper.org/api/v1/catalog/asset/l3a-ch4-mf-v1/2023/08/24/GAO20230824t174552p0000-D/GAO20230824t174552p0000-D_l3a-ch4-mf-v1_concentrations.tif,/data2/yuyao/methane_emission/data/raw_data_dir/S2B_MSIL2A_20230825T171859_N0510_R012_T13SGR_20241017T081533.SAFE,/data2/yuyao/methane_emission/carbonmapper_data_l89_l2sp/GAO20230824t174552p0000-D/l8_LC09_L2SP_030038_20230824_20230826_02_T1.tif,0.174521,5.34
GAO20230824t174552p0000-E,https://api.carbonmapper.org/api/v1/catalog/asset/l3a-vis-ch4-mf-v002/2023/08/24/GAO20230824t174552p0000-E/GAO20230824t174552p0000-E_l3a-vis-ch4-mf-v002_plume.tif,https://api.carbonmapper.org/api/v1/catalog/asset/l3a-ch4-mf-v1/2023/08/24/GAO20230824t174552p0000-E/GAO20230824t174552p0000-E_l3a-ch4-mf-v1_concentrations.tif,/data2/yuyao/methane_emission/data/raw_data_dir/S2B_MSIL2A_20230825T171859_N0510_R012_T14SKA_20241017T081533.SAFE,/data2/yuyao/methane_emission/carbonmapper_data_l89_l2sp/GAO20230824t174552p0000-E/l8_LC09_L2SP_030038_20230824_20230826_02_T1.tif,0.004419,5.34
GAO20230824t174552p0000-E,https://api.carbonmapper.org/api/v1/catalog/asset/l3a-vis-ch4-mf-v002/2023/08/24/GAO20230824t174552p0000-E/GAO20230824t174552p0000-E_l3a-vis-ch4-mf-v002_plume.tif,https://api.carbonmapper.org/api/v1/catalog/asset/l3a-ch4-mf-v1/2023/08/24/GAO20230824t174552p0000-E/GAO20230824t174552p0000-E_l3a-ch4-mf-v1_concentrations.tif,/data2/yuyao/methane_emission/data/raw_data_dir/S2B_MSIL2A_20230825T171859_N0510_R012_T13SGR_20241017T081533.SAFE,/data2/yuyao/methane_emission/carbonmapper_data_l89_l2sp/GAO20230824t174552p0000-E/l8_LC09_L2SP_030038_20230824_20230826_02_T1.tif,0.174521,5.34
GAO20230824t174552p0000-F,https://api.carbonmapper.org/api/v1/catalog/asset/l3a-vis-ch4-mf-v002/2023/08/24/GAO20230824t174552p0000-F/GAO20230824t174552p0000-F_l3a-vis-ch4-mf-v002_plume.tif,,/data2/yuyao/methane_emission/data/raw_data_dir/S2B_MSIL2A_20230825T171859_N0510_R012_T13SGR_20241017T081533.SAFE,/data2/yuyao/methane_emission/carbonmapper_data_l89_l2sp/GAO20230824t174552p0000-F/l8_LC09_L2SP_030038_20230824_20230826_02_T1.tif,0.174521,5.34
GAO20230824t174552p0000-F,https://api.carbonmapper.org/api/v1/catalog/asset/l3a-vis-ch4-mf-v002/2023/08/24/GAO20230824t174552p0000-F/GAO20230824t174552p0000-F_l3a-vis-ch4-mf-v002_plume.tif,,/data2/yuyao/methane_emission/data/raw_data_dir/S2B_MSIL2A_20230825T171859_N0510_R012_T14SKA_20241017T081533.SAFE,/data2/yuyao/methane_emission/carbonmapper_data_l89_l2sp/GAO20230824t174552p0000-F/l8_LC09_L2SP_030038_20230824_20230826_02_T1.tif,0.004419,5.34
GAO20230824t174552p0000-G,https://api.carbonmapper.org/api/v1/catalog/asset/l3a-vis-ch4-mf-v002/2023/08/24/GAO20230824t174552p0000-G/GAO20230824t174552p0000-G_l3a-vis-ch4-mf-v002_plume.tif,,/data2/yuyao/methane_emission/data/raw_data_dir/S2B_MSIL2A_20230825T171859_N0510_R012_T13SGR_20241017T081533.SAFE,/data2/yuyao/methane_emission/carbonmapper_data_l89_l2sp/GAO20230824t174552p0000-G/l8_LC09_L2SP_030038_20230824_20230826_02_T1.tif,0.174521,5.34
GAO20230824t174552p0000-G,https://api.carbonmapper.org/api/v1/catalog/asset/l3a-vis-ch4-mf-v002/2023/08/24/GAO20230824t174552p0000-G/GAO20230824t174552p0000-G_l3a-vis-ch4-mf-v002_plume.tif,,/data2/yuyao/methane_emission/data/raw_data_dir/S2B_MSIL2A_20230825T171859_N0510_R012_T14SKA_20241017T081533.SAFE,/data2/yuyao/methane_emission/carbonmapper_data_l89_l2sp/GAO20230824t174552p0000-G/l8_LC09_L2SP_030038_20230824_20230826_02_T1.tif,0.004419,5.34
GAO20230824t174552p0000-H,https://api.carbonmapper.org/api/v1/catalog/asset/l3a-vis-ch4-mf-v002/2023/08/24/GAO20230824t174552p0000-H/GAO20230824t174552p0000-H_l3a-vis-ch4-mf-v002_plume.tif,https://api.carbonmapper.org/api/v1/catalog/asset/l3a-ch4-mf-v1/2023/08/24/GAO20230824t174552p0000-H/GAO20230824t174552p0000-H_l3a-ch4-mf-v1_concentrations.tif,/data2/yuyao/methane_emission/data/raw_data_dir/S2B_MSIL2A_20230825T171859_N0510_R012_T13SGR_20241017T081533.SAFE,/data2/yuyao/methane_emission/carbonmapper_data_l89_l2sp/GAO20230824t174552p0000-H/l8_LC09_L2SP_030038_20230824_20230826_02_T1.tif,0.174521,5.34
GAO20230824t174552p0000-H,https://api.carbonmapper.org/api/v1/catalog/asset/l3a-vis-ch4-mf-v002/2023/08/24/GAO20230824t174552p0000-H/GAO20230824t174552p0000-H_l3a-vis-ch4-mf-v002_plume.tif,https://api.carbonmapper.org/api/v1/catalog/asset/l3a-ch4-mf-v1/2023/08/24/GAO20230824t174552p0000-H/GAO20230824t174552p0000-H_l3a-ch4-mf-v1_concentrations.tif,/data2/yuyao/methane_emission/data/raw_data_dir/S2B_MSIL2A_20230825T171859_N0510_R012_T14SKA_20241017T081533.SAFE,/data2/yuyao/methane_emission/carbonmapper_data_l89_l2sp/GAO20230824t174552p0000-H/l8_LC09_L2SP_030038_20230824_20230826_02_T1.tif,0.004419,5.34
GAO20230824t174552p0000-I,https://api.carbonmapper.org/api/v1/catalog/asset/l3a-vis-ch4-mf-v1/2023/08/24/GAO20230824t174552p0000-I/GAO20230824t174552p0000-I_l3a-vis-ch4-mf-v1_plume.tif,,/data2/yuyao/methane_emission/data/raw_data_dir/S2B_MSIL2A_20230825T171859_N0510_R012_T13SGR_20241017T081533.SAFE,/data2/yuyao/methane_emission/carbonmapper_data_l89_l2sp/GAO20230824t174552p0000-I/l8_LC09_L2SP_030038_20230824_20230826_02_T1.tif,0.174521,5.34
GAO20230824t174552p0000-I,https://api.carbonmapper.org/api/v1/catalog/asset/l3a-vis-ch4-mf-v1/2023/08/24/GAO20230824t174552p0000-I/GAO20230824t174552p0000-I_l3a-vis-ch4-mf-v1_plume.tif,,/data2/yuyao/methane_emission/data/raw_data_dir/S2B_MSIL2A_20230825T171859_N0510_R012_T14SKA_20241017T081533.SAFE,/data2/yuyao/methane_emission/carbonmapper_data_l89_l2sp/GAO20230824t174552p0000-I/l8_LC09_L2SP_030038_20230824_20230826_02_T1.tif,0.004419,5.34
GAO20230824t174552p0000-J,https://api.carbonmapper.org/api/v1/catalog/asset/l3a-vis-ch4-mf-v1/2023/08/24/GAO20230824t174552p0000-J/GAO20230824t174552p0000-J_l3a-vis-ch4-mf-v1_plume.tif,,/data2/yuyao/methane_emission/data/raw_data_dir/S2B_MSIL2A_20230825T171859_N0510_R012_T13SGR_20241017T081533.SAFE,/data2/yuyao/methane_emission/carbonmapper_data_l89_l2sp/GAO20230824t174552p0000-J/l8_LC09_L2SP_030038_20230824_20230826_02_T1.tif,0.174521,5.34
GAO20230824t174552p0000-J,https://api.carbonmapper.org/api/v1/catalog/asset/l3a-vis-ch4-mf-v1/2023/08/24/GAO20230824t174552p0000-J/GAO20230824t174552p0000-J_l3a-vis-ch4-mf-v1_plume.tif,,/data2/yuyao/methane_emission/data/raw_data_dir/S2B_MSIL2A_20230825T171859_N0510_R012_T14SKA_20241017T081533.SAFE,/data2/yuyao/methane_emission/carbonmapper_data_l89_l2sp/GAO20230824t174552p0000-J/l8_LC09_L2SP_030038_20230824_20230826_02_T1.tif,0.004419,5.34
GAO20230824t175220p0000-A,https://api.carbonmapper.org/api/v1/catalog/asset/l3a-vis-ch4-mf-v002/2023/08/24/GAO20230824t175220p0000-A/GAO20230824t175220p0000-A_l3a-vis-ch4-mf-v002_plume.tif,https://api.carbonmapper.org/api/v1/catalog/asset/l3a-ch4-mf-v1/2023/08/24/GAO20230824t175220p0000-A/GAO20230824t175220p0000-A_l3a-ch4-mf-v1_concentrations.tif,/data2/yuyao/methane_emission/data/raw_data_dir/S2B_MSIL2A_20230825T171859_N0510_R012_T14SKA_20241017T081533.SAFE,/data2/yuyao/methane_emission/carbonmapper_data_l89_l2sp/GAO20230824t175220p0000-A/l8_LC09_L2SP_030038_20230824_20230826_02_T1.tif,0.004419,5.34
GAO20230824t175220p0000-A,https://api.carbonmapper.org/api/v1/catalog/asset/l3a-vis-ch4-mf-v002/2023/08/24/GAO20230824t175220p0000-A/GAO20230824t175220p0000-A_l3a-vis-ch4-mf-v002_plume.tif,https://api.carbonmapper.org/api/v1/catalog/asset/l3a-ch4-mf-v1/2023/08/24/GAO20230824t175220p0000-A/GAO20230824t175220p0000-A_l3a-ch4-mf-v1_concentrations.tif,/data2/yuyao/methane_emission/data/raw_data_dir/S2B_MSIL2A_20230825T171859_N0510_R012_T13SGR_20241017T081533.SAFE,/data2/yuyao/methane_emission/carbonmapper_data_l89_l2sp/GAO20230824t175220p0000-A/l8_LC09_L2SP_030038_20230824_20230826_02_T1.tif,0.174521,5.34
GAO20230824t175220p0000-B,https://api.carbonmapper.org/api/v1/catalog/asset/l3a-vis-ch4-mf-v002/2023/08/24/GAO20230824t175220p0000-B/GAO20230824t175220p0000-B_l3a-vis-ch4-mf-v002_plume.tif,https://api.carbonmapper.org/api/v1/catalog/asset/l3a-ch4-mf-v1/2023/08/24/GAO20230824t175220p0000-B/GAO20230824t175220p0000-B_l3a-ch4-mf-v1_concentrations.tif,/data2/yuyao/methane_emission/data/raw_data_dir/S2B_MSIL2A_20230825T171859_N0510_R012_T13SGR_20241017T081533.SAFE,/data2/yuyao/methane_emission/carbonmapper_data_l89_l2sp/GAO20230824t175220p0000-B/l8_LC09_L2SP_030038_20230824_20230826_02_T1.tif,0.174521,5.34
GAO20230824t175220p0000-B,https://api.carbonmapper.org/api/v1/catalog/asset/l3a-vis-ch4-mf-v002/2023/08/24/GAO20230824t175220p0000-B/GAO20230824t175220p0000-B_l3a-vis-ch4-mf-v002_plume.tif,https://api.carbonmapper.org/api/v1/catalog/asset/l3a-ch4-mf-v1/2023/08/24/GAO20230824t175220p0000-B/GAO20230824t175220p0000-B_l3a-ch4-mf-v1_concentrations.tif,/data2/yuyao/methane_emission/data/raw_data_dir/S2B_MSIL2A_20230825T171859_N0510_R012_T14SKA_20241017T081533.SAFE,/data2/yuyao/methane_emission/carbonmapper_data_l89_l2sp/GAO20230824t175220p0000-B/l8_LC09_L2SP_030038_20230824_20230826_02_T1.tif,0.004419,5.34
GAO20230824t175220p0000-C,https://api.carbonmapper.org/api/v1/catalog/asset/l3a-vis-ch4-mf-v002/2023/08/24/GAO20230824t175220p0000-C/GAO20230824t175220p0000-C_l3a-vis-ch4-mf-v002_plume.tif,https://api.carbonmapper.org/api/v1/catalog/asset/l3a-ch4-mf-v1/2023/08/24/GAO20230824t175220p0000-C/GAO20230824t175220p0000-C_l3a-ch4-mf-v1_concentrations.tif,/data2/yuyao/methane_emission/data/raw_data_dir/S2B_MSIL2A_20230825T171859_N0510_R012_T14SKA_20241017T081533.SAFE,/data2/yuyao/methane_emission/carbonmapper_data_l89_l2sp/GAO20230824t175220p0000-C/l8_LC09_L2SP_030038_20230824_20230826_02_T1.tif,0.004419,5.34
GAO20230824t175220p0000-C,https://api.carbonmapper.org/api/v1/catalog/asset/l3a-vis-ch4-mf-v002/2023/08/24/GAO20230824t175220p0000-C/GAO20230824t175220p0000-C_l3a-vis-ch4-mf-v002_plume.tif,https://api.carbonmapper.org/api/v1/catalog/asset/l3a-ch4-mf-v1/2023/08/24/GAO20230824t175220p0000-C/GAO20230824t175220p0000-C_l3a-ch4-mf-v1_concentrations.tif,/data2/yuyao/methane_emission/data/raw_data_dir/S2B_MSIL2A_20230825T171859_N0510_R012_T13SGR_20241017T081533.SAFE,/data2/yuyao/methane_emission/carbonmapper_data_l89_l2sp/GAO20230824t175220p0000-C/l8_LC09_L2SP_030038_20230824_20230826_02_T1.tif,0.174521,5.34
GAO20230824t175220p0000-D,https://api.carbonmapper.org/api/v1/catalog/asset/l3a-vis-ch4-mf-v002/2023/08/24/GAO20230824t175220p0000-D/GAO20230824t175220p0000-D_l3a-vis-ch4-mf-v002_plume.tif,https://api.carbonmapper.org/api/v1/catalog/asset/l3a-ch4-mf-v1/2023/08/24/GAO20230824t175220p0000-D/GAO20230824t175220p0000-D_l3a-ch4-mf-v1_concentrations.tif,/data2/yuyao/methane_emission/data/raw_data_dir/S2B_MSIL2A_20230825T171859_N0510_R012_T13SGR_20241017T081533.SAFE,/data2/yuyao/methane_emission/carbonmapper_data_l89_l2sp/GAO20230824t175220p0000-D/l8_LC09_L2SP_030038_20230824_20230826_02_T1.tif,0.174521,5.34
GAO20230824t175220p0000-D,https://api.carbonmapper.org/api/v1/catalog/asset/l3a-vis-ch4-mf-v002/2023/08/24/GAO20230824t175220p0000-D/GAO20230824t175220p0000-D_l3a-vis-ch4-mf-v002_plume.tif,https://api.carbonmapper.org/api/v1/catalog/asset/l3a-ch4-mf-v1/2023/08/24/GAO20230824t175220p0000-D/GAO20230824t175220p0000-D_l3a-ch4-mf-v1_concentrations.tif,/data2/yuyao/methane_emission/data/raw_data_dir/S2B_MSIL2A_20230825T171859_N0510_R012_T14SKA_20241017T081533.SAFE,/data2/yuyao/methane_emission/carbonmapper_data_l89_l2sp/GAO20230824t175220p0000-D/l8_LC09_L2SP_030038_20230824_20230826_02_T1.tif,0.004419,5.34
GAO20230824t175220p0000-E,https://api.carbonmapper.org/api/v1/catalog/asset/l3a-vis-ch4-mf-v002/2023/08/24/GAO20230824t175220p0000-E/GAO20230824t175220p0000-E_l3a-vis-ch4-mf-v002_plume.tif,https://api.carbonmapper.org/api/v1/catalog/asset/l3a-ch4-mf-v1/2023/08/24/GAO20230824t175220p0000-E/GAO20230824t175220p0000-E_l3a-ch4-mf-v1_concentrations.tif,/data2/yuyao/methane_emission/data/raw_data_dir/S2B_MSIL2A_20230825T171859_N0510_R012_T13SGR_20241017T081533.SAFE,/data2/yuyao/methane_emission/carbonmapper_data_l89_l2sp/GAO20230824t175220p0000-E/l8_LC09_L2SP_030038_20230824_20230826_02_T1.tif,0.174521,5.34
GAO20230824t175220p0000-E,https://api.carbonmapper.org/api/v1/catalog/asset/l3a-vis-ch4-mf-v002/2023/08/24/GAO20230824t175220p0000-E/GAO20230824t175220p0000-E_l3a-vis-ch4-mf-v002_plume.tif,https://api.carbonmapper.org/api/v1/catalog/asset/l3a-ch4-mf-v1/2023/08/24/GAO20230824t175220p0000-E/GAO20230824t175220p0000-E_l3a-ch4-mf-v1_concentrations.tif,/data2/yuyao/methane_emission/data/raw_data_dir/S2B_MSIL2A_20230825T171859_N0510_R012_T14SKA_20241017T081533.SAFE,/data2/yuyao/methane_emission/carbonmapper_data_l89_l2sp/GAO20230824t175220p0000-E/l8_LC09_L2SP_030038_20230824_20230826_02_T1.tif,0.004419,5.34
GAO20230824t175220p0000-F,https://api.carbonmapper.org/api/v1/catalog/asset/l3a-vis-ch4-mf-v002/2023/08/24/GAO20230824t175220p0000-F/GAO20230824t175220p0000-F_l3a-vis-ch4-mf-v002_plume.tif,https://api.carbonmapper.org/api/v1/catalog/asset/l3a-ch4-mf-v1/2023/08/24/GAO20230824t175220p0000-F/GAO20230824t175220p0000-F_l3a-ch4-mf-v1_concentrations.tif,/data2/yuyao/methane_emission/data/raw_data_dir/S2B_MSIL2A_20230825T171859_N0510_R012_T13SGR_20241017T081533.SAFE,/data2/yuyao/methane_emission/carbonmapper_data_l89_l2sp/GAO20230824t175220p0000-F/l8_LC09_L2SP_030038_20230824_20230826_02_T1.tif,0.174521,5.34
GAO20230824t175220p0000-F,https://api.carbonmapper.org/api/v1/catalog/asset/l3a-vis-ch4-mf-v002/2023/08/24/GAO20230824t175220p0000-F/GAO20230824t175220p0000-F_l3a-vis-ch4-mf-v002_plume.tif,https://api.carbonmapper.org/api/v1/catalog/asset/l3a-ch4-mf-v1/2023/08/24/GAO20230824t175220p0000-F/GAO20230824t175220p0000-F_l3a-ch4-mf-v1_concentrations.tif,/data2/yuyao/methane_emission/data/raw_data_dir/S2B_MSIL2A_20230825T171859_N0510_R012_T14SKA_20241017T081533.SAFE,/data2/yuyao/methane_emission/carbonmapper_data_l89_l2sp/GAO20230824t175220p0000-F/l8_LC09_L2SP_030038_20230824_20230826_02_T1.tif,0.004419,5.34
GAO20230824t175220p0000-G,https://api.carbonmapper.org/api/v1/catalog/asset/l3a-vis-ch4-mf-v002/2023/08/24/GAO20230824t175220p0000-G/GAO20230824t175220p0000-G_l3a-vis-ch4-mf-v002_plume.tif,https://api.carbonmapper.org/api/v1/catalog/asset/l3a-ch4-mf-v1/2023/08/24/GAO20230824t175220p0000-G/GAO20230824t175220p0000-G_l3a-ch4-mf-v1_concentrations.tif,/data2/yuyao/methane_emission/data/raw_data_dir/S2B_MSIL2A_20230825T171859_N0510_R012_T14SKA_20241017T081533.SAFE,/data2/yuyao/methane_emission/carbonmapper_data_l89_l2sp/GAO20230824t175220p0000-G/l8_LC09_L2SP_030038_20230824_20230826_02_T1.tif,0.004419,5.34
GAO20230824t175220p0000-G,https://api.carbonmapper.org/api/v1/catalog/asset/l3a-vis-ch4-mf-v002/2023/08/24/GAO20230824t175220p0000-G/GAO20230824t175220p0000-G_l3a-vis-ch4-mf-v002_plume.tif,https://api.carbonmapper.org/api/v1/catalog/asset/l3a-ch4-mf-v1/2023/08/24/GAO20230824t175220p0000-G/GAO20230824t175220p0000-G_l3a-ch4-mf-v1_concentrations.tif,/data2/yuyao/methane_emission/data/raw_data_dir/S2B_MSIL2A_20230825T171859_N0510_R012_T13SGR_20241017T081533.SAFE,/data2/yuyao/methane_emission/carbonmapper_data_l89_l2sp/GAO20230824t175220p0000-G/l8_LC09_L2SP_030038_20230824_20230826_02_T1.tif,0.174521,5.34
GAO20230824t175220p0000-H,https://api.carbonmapper.org/api/v1/catalog/asset/l3a-vis-ch4-mf-v1/2023/08/24/GAO20230824t175220p0000-H/GAO20230824t175220p0000-H_l3a-vis-ch4-mf-v1_plume.tif,,/data2/yuyao/methane_emission/data/raw_data_dir/S2B_MSIL2A_20230825T171859_N0510_R012_T13SGR_20241017T081533.SAFE,/data2/yuyao/methane_emission/carbonmapper_data_l89_l2sp/GAO20230824t175220p0000-H/l8_LC09_L2SP_030038_20230824_20230826_02_T1.tif,0.174521,5.34
GAO20230824t175220p0000-H,https://api.carbonmapper.org/api/v1/catalog/asset/l3a-vis-ch4-mf-v1/2023/08/24/GAO20230824t175220p0000-H/GAO20230824t175220p0000-H_l3a-vis-ch4-mf-v1_plume.tif,,/data2/yuyao/methane_emission/data/raw_data_dir/S2B_MSIL2A_20230825T171859_N0510_R012_T14SKA_20241017T081533.SAFE,/data2/yuyao/methane_emission/carbonmapper_data_l89_l2sp/GAO20230824t175220p0000-H/l8_LC09_L2SP_030038_20230824_20230826_02_T1.tif,0.004419,5.34
GAO20230824t175220p0000-I,https://api.carbonmapper.org/api/v1/catalog/asset/l3a-vis-ch4-mf-v1/2023/08/24/GAO20230824t175220p0000-I/GAO20230824t175220p0000-I_l3a-vis-ch4-mf-v1_plume.tif,,/data2/yuyao/methane_emission/data/raw_data_dir/S2B_MSIL2A_20230825T171859_N0510_R012_T13SGR_20241017T081533.SAFE,/data2/yuyao/methane_emission/carbonmapper_data_l89_l2sp/GAO20230824t175220p0000-I/l8_LC09_L2SP_030038_20230824_20230826_02_T1.tif,0.174521,5.34
GAO20230824t175220p0000-I,https://api.carbonmapper.org/api/v1/catalog/asset/l3a-vis-ch4-mf-v1/2023/08/24/GAO20230824t175220p0000-I/GAO20230824t175220p0000-I_l3a-vis-ch4-mf-v1_plume.tif,,/data2/yuyao/methane_emission/data/raw_data_dir/S2B_MSIL2A_20230825T171859_N0510_R012_T14SKA_20241017T081533.SAFE,/data2/yuyao/methane_emission/carbonmapper_data_l89_l2sp/GAO20230824t175220p0000-I/l8_LC09_L2SP_030038_20230824_20230826_02_T1.tif,0.004419,5.34
GAO20230824t175835p0000-A,https://api.carbonmapper.org/api/v1/catalog/asset/l3a-vis-ch4-mf-v002/2023/08/24/GAO20230824t175835p0000-A/GAO20230824t175835p0000-A_l3a-vis-ch4-mf-v002_plume.tif,https://api.carbonmapper.org/api/v1/catalog/asset/l3a-ch4-mf-v1/2023/08/24/GAO20230824t175835p0000-A/GAO20230824t175835p0000-A_l3a-ch4-mf-v1_concentrations.tif,/data2/yuyao/methane_emission/data/raw_data_dir/S2B_MSIL2A_20230825T171859_N0510_R012_T13SGR_20241017T081533.SAFE,/data2/yuyao/methane_emission/carbonmapper_data_l89_l2sp/GAO20230824t175835p0000-A/l8_LC09_L2SP_030038_20230824_20230826_02_T1.tif,0.174521,5.34
GAO20230824t175835p0000-A,https://api.carbonmapper.org/api/v1/catalog/asset/l3a-vis-ch4-mf-v002/2023/08/24/GAO20230824t175835p0000-A/GAO20230824t175835p0000-A_l3a-vis-ch4-mf-v002_plume.tif,https://api.carbonmapper.org/api/v1/catalog/asset/l3a-ch4-mf-v1/2023/08/24/GAO20230824t175835p0000-A/GAO20230824t175835p0000-A_l3a-ch4-mf-v1_concentrations.tif,/data2/yuyao/methane_emission/data/raw_data_dir/S2B_MSIL2A_20230825T171859_N0510_R012_T14SKA_20241017T081533.SAFE,/data2/yuyao/methane_emission/carbonmapper_data_l89_l2sp/GAO20230824t175835p0000-A/l8_LC09_L2SP_030038_20230824_20230826_02_T1.tif,0.004419,5.34
GAO20230824t175835p0000-B,https://api.carbonmapper.org/api/v1/catalog/asset/l3a-vis-ch4-mf-v002/2023/08/24/GAO20230824t175835p0000-B/GAO20230824t175835p0000-B_l3a-vis-ch4-mf-v002_plume.tif,,/data2/yuyao/methane_emission/data/raw_data_dir/S2B_MSIL2A_20230825T171859_N0510_R012_T13SGR_20241017T081533.SAFE,/data2/yuyao/methane_emission/carbonmapper_data_l89_l2sp/GAO20230824t175835p0000-B/l8_LC09_L2SP_030038_20230824_20230826_02_T1.tif,0.174521,5.34
GAO20230824t175835p0000-B,https://api.carbonmapper.org/api/v1/catalog/asset/l3a-vis-ch4-mf-v002/2023/08/24/GAO20230824t175835p0000-B/GAO20230824t175835p0000-B_l3a-vis-ch4-mf-v002_plume.tif,,/data2/yuyao/methane_emission/data/raw_data_dir/S2B_MSIL2A_20230825T171859_N0510_R012_T14SKA_20241017T081533.SAFE,/data2/yuyao/methane_emission/carbonmapper_data_l89_l2sp/GAO20230824t175835p0000-B/l8_LC09_L2SP_030038_20230824_20230826_02_T1.tif,0.004419,5.34
GAO20230824t175835p0000-C,https://api.carbonmapper.org/api/v1/catalog/asset/l3a-vis-ch4-mf-v002/2023/08/24/GAO20230824t175835p0000-C/GAO20230824t175835p0000-C_l3a-vis-ch4-mf-v002_plume.tif,,/data2/yuyao/methane_emission/data/raw_data_dir/S2B_MSIL2A_20230825T171859_N0510_R012_T14SKA_20241017T081533.SAFE,/data2/yuyao/methane_emission/carbonmapper_data_l89_l2sp/GAO20230824t175835p0000-C/l8_LC09_L2SP_030038_20230824_20230826_02_T1.tif,0.004419,5.34
GAO20230824t175835p0000-C,https://api.carbonmapper.org/api/v1/catalog/asset/l3a-vis-ch4-mf-v002/2023/08/24/GAO20230824t175835p0000-C/GAO20230824t175835p0000-C_l3a-vis-ch4-mf-v002_plume.tif,,/data2/yuyao/methane_emission/data/raw_data_dir/S2B_MSIL2A_20230825T171859_N0510_R012_T13SGR_20241017T081533.SAFE,/data2/yuyao/methane_emission/carbonmapper_data_l89_l2sp/GAO20230824t175835p0000-C/l8_LC09_L2SP_030038_20230824_20230826_02_T1.tif,0.174521,5.34
GAO20230824t175835p0000-D,https://api.carbonmapper.org/api/v1/catalog/asset/l3a-vis-ch4-mf-v002/2023/08/24/GAO20230824t175835p0000-D/GAO20230824t175835p0000-D_l3a-vis-ch4-mf-v002_plume.tif,https://api.carbonmapper.org/api/v1/catalog/asset/l3a-ch4-mf-v1/2023/08/24/GAO20230824t175835p0000-D/GAO20230824t175835p0000-D_l3a-ch4-mf-v1_concentrations.tif,/data2/yuyao/methane_emission/data/raw_data_dir/S2B_MSIL2A_20230825T171859_N0510_R012_T13SGR_20241017T081533.SAFE,/data2/yuyao/methane_emission/carbonmapper_data_l89_l2sp/GAO20230824t175835p0000-D/l8_LC09_L2SP_030038_20230824_20230826_02_T1.tif,0.174521,5.34
GAO20230824t175835p0000-D,https://api.carbonmapper.org/api/v1/catalog/asset/l3a-vis-ch4-mf-v002/2023/08/24/GAO20230824t175835p0000-D/GAO20230824t175835p0000-D_l3a-vis-ch4-mf-v002_plume.tif,https://api.carbonmapper.org/api/v1/catalog/asset/l3a-ch4-mf-v1/2023/08/24/GAO20230824t175835p0000-D/GAO20230824t175835p0000-D_l3a-ch4-mf-v1_concentrations.tif,/data2/yuyao/methane_emission/data/raw_data_dir/S2B_MSIL2A_20230825T171859_N0510_R012_T14SKA_20241017T081533.SAFE,/data2/yuyao/methane_emission/carbonmapper_data_l89_l2sp/GAO20230824t175835p0000-D/l8_LC09_L2SP_030038_20230824_20230826_02_T1.tif,0.004419,5.34
GAO20230824t175835p0000-E,https://api.carbonmapper.org/api/v1/catalog/asset/l3a-vis-ch4-mf-v002/2023/08/24/GAO20230824t175835p0000-E/GAO20230824t175835p0000-E_l3a-vis-ch4-mf-v002_plume.tif,https://api.carbonmapper.org/api/v1/catalog/asset/l3a-ch4-mf-v1/2023/08/24/GAO20230824t175835p0000-E/GAO20230824t175835p0000-E_l3a-ch4-mf-v1_concentrations.tif,/data2/yuyao/methane_emission/data/raw_data_dir/S2B_MSIL2A_20230825T171859_N0510_R012_T13SGR_20241017T081533.SAFE,/data2/yuyao/methane_emission/carbonmapper_data_l89_l2sp/GAO20230824t175835p0000-E/l8_LC09_L2SP_030038_20230824_20230826_02_T1.tif,0.174521,5.34
GAO20230824t175835p0000-E,https://api.carbonmapper.org/api/v1/catalog/asset/l3a-vis-ch4-mf-v002/2023/08/24/GAO20230824t175835p0000-E/GAO20230824t175835p0000-E_l3a-vis-ch4-mf-v002_plume.tif,https://api.carbonmapper.org/api/v1/catalog/asset/l3a-ch4-mf-v1/2023/08/24/GAO20230824t175835p0000-E/GAO20230824t175835p0000-E_l3a-ch4-mf-v1_concentrations.tif,/data2/yuyao/methane_emission/data/raw_data_dir/S2B_MSIL2A_20230825T171859_N0510_R012_T14SKA_20241017T081533.SAFE,/data2/yuyao/methane_emission/carbonmapper_data_l89_l2sp/GAO20230824t175835p0000-E/l8_LC09_L2SP_030038_20230824_20230826_02_T1.tif,0.004419,5.34
GAO20230824t175835p0000-F,https://api.carbonmapper.org/api/v1/catalog/asset/l3a-vis-ch4-mf-v002/2023/08/24/GAO20230824t175835p0000-F/GAO20230824t175835p0000-F_l3a-vis-ch4-mf-v002_plume.tif,,/data2/yuyao/methane_emission/data/raw_data_dir/S2B_MSIL2A_20230825T171859_N0510_R012_T13SGR_20241017T081533.SAFE,/data2/yuyao/methane_emission/carbonmapper_data_l89_l2sp/GAO20230824t175835p0000-F/l8_LC09_L2SP_030038_20230824_20230826_02_T1.tif,0.174521,5.34
GAO20230824t175835p0000-F,https://api.carbonmapper.org/api/v1/catalog/asset/l3a-vis-ch4-mf-v002/2023/08/24/GAO20230824t175835p0000-F/GAO20230824t175835p0000-F_l3a-vis-ch4-mf-v002_plume.tif,,/data2/yuyao/methane_emission/data/raw_data_dir/S2B_MSIL2A_20230825T171859_N0510_R012_T14SKA_20241017T081533.SAFE,/data2/yuyao/methane_emission/carbonmapper_data_l89_l2sp/GAO20230824t175835p0000-F/l8_LC09_L2SP_030038_20230824_20230826_02_T1.tif,0.004419,5.34
GAO20230824t175835p0000-G,https://api.carbonmapper.org/api/v1/catalog/asset/l3a-vis-ch4-mf-v002/2023/08/24/GAO20230824t175835p0000-G/GAO20230824t175835p0000-G_l3a-vis-ch4-mf-v002_plume.tif,,/data2/yuyao/methane_emission/data/raw_data_dir/S2B_MSIL2A_20230825T171859_N0510_R012_T13SGR_20241017T081533.SAFE,/data2/yuyao/methane_emission/carbonmapper_data_l89_l2sp/GAO20230824t175835p0000-G/l8_LC09_L2SP_030038_20230824_20230826_02_T1.tif,0.174521,5.34
GAO20230824t175835p0000-G,https://api.carbonmapper.org/api/v1/catalog/asset/l3a-vis-ch4-mf-v002/2023/08/24/GAO20230824t175835p0000-G/GAO20230824t175835p0000-G_l3a-vis-ch4-mf-v002_plume.tif,,/data2/yuyao/methane_emission/data/raw_data_dir/S2B_MSIL2A_20230825T171859_N0510_R012_T14SKA_20241017T081533.SAFE,/data2/yuyao/methane_emission/carbonmapper_data_l89_l2sp/GAO20230824t175835p0000-G/l8_LC09_L2SP_030038_20230824_20230826_02_T1.tif,0.004419,5.34
GAO20230824t175835p0000-H,https://api.carbonmapper.org/api/v1/catalog/asset/l3a-vis-ch4-mf-v002/2023/08/24/GAO20230824t175835p0000-H/GAO20230824t175835p0000-H_l3a-vis-ch4-mf-v002_plume.tif,,/data2/yuyao/methane_emission/data/raw_data_dir/S2B_MSIL2A_20230825T171859_N0510_R012_T13SGR_20241017T081533.SAFE,/data2/yuyao/methane_emission/carbonmapper_data_l89_l2sp/GAO20230824t175835p0000-H/l8_LC09_L2SP_030038_20230824_20230826_02_T1.tif,0.174521,5.34
GAO20230824t175835p0000-H,https://api.carbonmapper.org/api/v1/catalog/asset/l3a-vis-ch4-mf-v002/2023/08/24/GAO20230824t175835p0000-H/GAO20230824t175835p0000-H_l3a-vis-ch4-mf-v002_plume.tif,,/data2/yuyao/methane_emission/data/raw_data_dir/S2B_MSIL2A_20230825T171859_N0510_R012_T14SKA_20241017T081533.SAFE,/data2/yuyao/methane_emission/carbonmapper_data_l89_l2sp/GAO20230824t175835p0000-H/l8_LC09_L2SP_030038_20230824_20230826_02_T1.tif,0.004419,5.34
GAO20230824t175835p0000-I,https://api.carbonmapper.org/api/v1/catalog/asset/l3a-vis-ch4-mf-v002/2023/08/24/GAO20230824t175835p0000-I/GAO20230824t175835p0000-I_l3a-vis-ch4-mf-v002_plume.tif,,/data2/yuyao/methane_emission/data/raw_data_dir/S2B_MSIL2A_20230825T171859_N0510_R012_T13SGR_20241017T081533.SAFE,/data2/yuyao/methane_emission/carbonmapper_data_l89_l2sp/GAO20230824t175835p0000-I/l8_LC09_L2SP_030038_20230824_20230826_02_T1.tif,0.174521,5.34
GAO20230824t175835p0000-I,https://api.carbonmapper.org/api/v1/catalog/asset/l3a-vis-ch4-mf-v002/2023/08/24/GAO20230824t175835p0000-I/GAO20230824t175835p0000-I_l3a-vis-ch4-mf-v002_plume.tif,,/data2/yuyao/methane_emission/data/raw_data_dir/S2B_MSIL2A_20230825T171859_N0510_R012_T14SKA_20241017T081533.SAFE,/data2/yuyao/methane_emission/carbonmapper_data_l89_l2sp/GAO20230824t175835p0000-I/l8_LC09_L2SP_030038_20230824_20230826_02_T1.tif,0.004419,5.34
GAO20230824t175835p0000-J,https://api.carbonmapper.org/api/v1/catalog/asset/l3a-vis-ch4-mf-v002/2023/08/24/GAO20230824t175835p0000-J/GAO20230824t175835p0000-J_l3a-vis-ch4-mf-v002_plume.tif,https://api.carbonmapper.org/api/v1/catalog/asset/l3a-ch4-mf-v1/2023/08/24/GAO20230824t175835p0000-J/GAO20230824t175835p0000-J_l3a-ch4-mf-v1_concentrations.tif,/data2/yuyao/methane_emission/data/raw_data_dir/S2B_MSIL2A_20230825T171859_N0510_R012_T14SKA_20241017T081533.SAFE,/data2/yuyao/methane_emission/carbonmapper_data_l89_l2sp/GAO20230824t175835p0000-J/l8_LC09_L2SP_030038_20230824_20230826_02_T1.tif,0.004419,5.34
GAO20230824t175835p0000-J,https://api.carbonmapper.org/api/v1/catalog/asset/l3a-vis-ch4-mf-v002/2023/08/24/GAO20230824t175835p0000-J/GAO20230824t175835p0000-J_l3a-vis-ch4-mf-v002_plume.tif,https://api.carbonmapper.org/api/v1/catalog/asset/l3a-ch4-mf-v1/2023/08/24/GAO20230824t175835p0000-J/GAO20230824t175835p0000-J_l3a-ch4-mf-v1_concentrations.tif,/data2/yuyao/methane_emission/data/raw_data_dir/S2B_MSIL2A_20230825T171859_N0510_R012_T13SGR_20241017T081533.SAFE,/data2/yuyao/methane_emission/carbonmapper_data_l89_l2sp/GAO20230824t175835p0000-J/l8_LC09_L2SP_030038_20230824_20230826_02_T1.tif,0.174521,5.34
GAO20230824t175835p0000-K,https://api.carbonmapper.org/api/v1/catalog/asset/l3a-vis-ch4-mf-v002/2023/08/24/GAO20230824t175835p0000-K/GAO20230824t175835p0000-K_l3a-vis-ch4-mf-v002_plume.tif,,/data2/yuyao/methane_emission/data/raw_data_dir/S2B_MSIL2A_20230825T171859_N0510_R012_T14SKA_20241017T081533.SAFE,/data2/yuyao/methane_emission/carbonmapper_data_l89_l2sp/GAO20230824t175835p0000-K/l8_LC09_L2SP_030038_20230824_20230826_02_T1.tif,0.004419,5.34
GAO20230824t175835p0000-K,https://api.carbonmapper.org/api/v1/catalog/asset/l3a-vis-ch4-mf-v002/2023/08/24/GAO20230824t175835p0000-K/GAO20230824t175835p0000-K_l3a-vis-ch4-mf-v002_plume.tif,,/data2/yuyao/methane_emission/data/raw_data_dir/S2B_MSIL2A_20230825T171859_N0510_R012_T13SGR_20241017T081533.SAFE,/data2/yuyao/methane_emission/carbonmapper_data_l89_l2sp/GAO20230824t175835p0000-K/l8_LC09_L2SP_030038_20230824_20230826_02_T1.tif,0.174521,5.34
GAO20230824t175835p0000-L,https://api.carbonmapper.org/api/v1/catalog/asset/l3a-vis-ch4-mf-v002/2023/08/24/GAO20230824t175835p0000-L/GAO20230824t175835p0000-L_l3a-vis-ch4-mf-v002_plume.tif,,/data2/yuyao/methane_emission/data/raw_data_dir/S2B_MSIL2A_20230825T171859_N0510_R012_T13SGR_20241017T081533.SAFE,/data2/yuyao/methane_emission/carbonmapper_data_l89_l2sp/GAO20230824t175835p0000-L/l8_LC09_L2SP_030038_20230824_20230826_02_T1.tif,0.174521,5.34
GAO20230824t175835p0000-L,https://api.carbonmapper.org/api/v1/catalog/asset/l3a-vis-ch4-mf-v002/2023/08/24/GAO20230824t175835p0000-L/GAO20230824t175835p0000-L_l3a-vis-ch4-mf-v002_plume.tif,,/data2/yuyao/methane_emission/data/raw_data_dir/S2B_MSIL2A_20230825T171859_N0510_R012_T14SKA_20241017T081533.SAFE,/data2/yuyao/methane_emission/carbonmapper_data_l89_l2sp/GAO20230824t175835p0000-L/l8_LC09_L2SP_030038_20230824_20230826_02_T1.tif,0.004419,5.34
GAO20230824t180435p0000-B,https://api.carbonmapper.org/api/v1/catalog/asset/l3a-vis-ch4-mf-v002/2023/08/24/GAO20230824t180435p0000-B/GAO20230824t180435p0000-B_l3a-vis-ch4-mf-v002_plume.tif,https://api.carbonmapper.org/api/v1/catalog/asset/l3a-ch4-mf-v1/2023/08/24/GAO20230824t180435p0000-B/GAO20230824t180435p0000-B_l3a-ch4-mf-v1_concentrations.tif,/data2/yuyao/methane_emission/data/raw_data_dir/S2B_MSIL2A_20230825T171859_N0510_R012_T13SGR_20241017T081533.SAFE,/data2/yuyao/methane_emission/carbonmapper_data_l89_l2sp/GAO20230824t180435p0000-B/l8_LC09_L2SP_030038_20230824_20230826_02_T1.tif,0.174521,5.34
GAO20230824t180435p0000-B,https://api.carbonmapper.org/api/v1/catalog/asset/l3a-vis-ch4-mf-v002/2023/08/24/GAO20230824t180435p0000-B/GAO20230824t180435p0000-B_l3a-vis-ch4-mf-v002_plume.tif,https://api.carbonmapper.org/api/v1/catalog/asset/l3a-ch4-mf-v1/2023/08/24/GAO20230824t180435p0000-B/GAO20230824t180435p0000-B_l3a-ch4-mf-v1_concentrations.tif,/data2/yuyao/methane_emission/data/raw_data_dir/S2B_MSIL2A_20230825T171859_N0510_R012_T14SKA_20241017T081533.SAFE,/data2/yuyao/methane_emission/carbonmapper_data_l89_l2sp/GAO20230824t180435p0000-B/l8_LC09_L2SP_030038_20230824_20230826_02_T1.tif,0.004419,5.34
GAO20230824t180435p0000-C,https://api.carbonmapper.org/api/v1/catalog/asset/l3a-vis-ch4-mf-v002/2023/08/24/GAO20230824t180435p0000-C/GAO20230824t180435p0000-C_l3a-vis-ch4-mf-v002_plume.tif,https://api.carbonmapper.org/api/v1/catalog/asset/l3a-ch4-mf-v1/2023/08/24/GAO20230824t180435p0000-C/GAO20230824t180435p0000-C_l3a-ch4-mf-v1_concentrations.tif,/data2/yuyao/methane_emission/data/raw_data_dir/S2B_MSIL2A_20230825T171859_N0510_R012_T13SGR_20241017T081533.SAFE,/data2/yuyao/methane_emission/carbonmapper_data_l89_l2sp/GAO20230824t180435p0000-C/l8_LC09_L2SP_030038_20230824_20230826_02_T1.tif,0.174521,5.34
GAO20230824t180435p0000-C,https://api.carbonmapper.org/api/v1/catalog/asset/l3a-vis-ch4-mf-v002/2023/08/24/GAO20230824t180435p0000-C/GAO20230824t180435p0000-C_l3a-vis-ch4-mf-v002_plume.tif,https://api.carbonmapper.org/api/v1/catalog/asset/l3a-ch4-mf-v1/2023/08/24/GAO20230824t180435p0000-C/GAO20230824t180435p0000-C_l3a-ch4-mf-v1_concentrations.tif,/data2/yuyao/methane_emission/data/raw_data_dir/S2B_MSIL2A_20230825T171859_N0510_R012_T14SKA_20241017T081533.SAFE,/data2/yuyao/methane_emission/carbonmapper_data_l89_l2sp/GAO20230824t180435p0000-C/l8_LC09_L2SP_030038_20230824_20230826_02_T1.tif,0.004419,5.34
GAO20230824t180435p0000-D,https://api.carbonmapper.org/api/v1/catalog/asset/l3a-vis-ch4-mf-v002/2023/08/24/GAO20230824t180435p0000-D/GAO20230824t180435p0000-D_l3a-vis-ch4-mf-v002_plume.tif,https://api.carbonmapper.org/api/v1/catalog/asset/l3a-ch4-mf-v1/2023/08/24/GAO20230824t180435p0000-D/GAO20230824t180435p0000-D_l3a-ch4-mf-v1_concentrations.tif,/data2/yuyao/methane_emission/data/raw_data_dir/S2B_MSIL2A_20230825T171859_N0510_R012_T13SGR_20241017T081533.SAFE,/data2/yuyao/methane_emission/carbonmapper_data_l89_l2sp/GAO20230824t180435p0000-D/l8_LC09_L2SP_030038_20230824_20230826_02_T1.tif,0.174521,5.34
GAO20230824t180435p0000-D,https://api.carbonmapper.org/api/v1/catalog/asset/l3a-vis-ch4-mf-v002/2023/08/24/GAO20230824t180435p0000-D/GAO20230824t180435p0000-D_l3a-vis-ch4-mf-v002_plume.tif,https://api.carbonmapper.org/api/v1/catalog/asset/l3a-ch4-mf-v1/2023/08/24/GAO20230824t180435p0000-D/GAO20230824t180435p0000-D_l3a-ch4-mf-v1_concentrations.tif,/data2/yuyao/methane_emission/data/raw_data_dir/S2B_MSIL2A_20230825T171859_N0510_R012_T14SKA_20241017T081533.SAFE,/data2/yuyao/methane_emission/carbonmapper_data_l89_l2sp/GAO20230824t180435p0000-D/l8_LC09_L2SP_030038_20230824_20230826_02_T1.tif,0.004419,5.34
GAO20230824t180435p0000-E,https://api.carbonmapper.org/api/v1/catalog/asset/l3a-vis-ch4-mf-v002/2023/08/24/GAO20230824t180435p0000-E/GAO20230824t180435p0000-E_l3a-vis-ch4-mf-v002_plume.tif,https://api.carbonmapper.org/api/v1/catalog/asset/l3a-ch4-mf-v1/2023/08/24/GAO20230824t180435p0000-E/GAO20230824t180435p0000-E_l3a-ch4-mf-v1_concentrations.tif,/data2/yuyao/methane_emission/data/raw_data_dir/S2B_MSIL2A_20230825T171859_N0510_R012_T13SGR_20241017T081533.SAFE,/data2/yuyao/methane_emission/carbonmapper_data_l89_l2sp/GAO20230824t180435p0000-E/l8_LC09_L2SP_030038_20230824_20230826_02_T1.tif,0.174521,5.34
GAO20230824t180435p0000-E,https://api.carbonmapper.org/api/v1/catalog/asset/l3a-vis-ch4-mf-v002/2023/08/24/GAO20230824t180435p0000-E/GAO20230824t180435p0000-E_l3a-vis-ch4-mf-v002_plume.tif,https://api.carbonmapper.org/api/v1/catalog/asset/l3a-ch4-mf-v1/2023/08/24/GAO20230824t180435p0000-E/GAO20230824t180435p0000-E_l3a-ch4-mf-v1_concentrations.tif,/data2/yuyao/methane_emission/data/raw_data_dir/S2B_MSIL2A_20230825T171859_N0510_R012_T14SKA_20241017T081533.SAFE,/data2/yuyao/methane_emission/carbonmapper_data_l89_l2sp/GAO20230824t180435p0000-E/l8_LC09_L2SP_030038_20230824_20230826_02_T1.tif,0.004419,5.34
GAO20230824t180435p0000-F,https://api.carbonmapper.org/api/v1/catalog/asset/l3a-vis-ch4-mf-v002/2023/08/24/GAO20230824t180435p0000-F/GAO20230824t180435p0000-F_l3a-vis-ch4-mf-v002_plume.tif,https://api.carbonmapper.org/api/v1/catalog/asset/l3a-ch4-mf-v1/2023/08/24/GAO20230824t180435p0000-F/GAO20230824t180435p0000-F_l3a-ch4-mf-v1_concentrations.tif,/data2/yuyao/methane_emission/data/raw_data_dir/S2B_MSIL2A_20230825T171859_N0510_R012_T13SGR_20241017T081533.SAFE,/data2/yuyao/methane_emission/carbonmapper_data_l89_l2sp/GAO20230824t180435p0000-F/l8_LC09_L2SP_030038_20230824_20230826_02_T1.tif,0.174521,5.34
GAO20230824t180435p0000-F,https://api.carbonmapper.org/api/v1/catalog/asset/l3a-vis-ch4-mf-v002/2023/08/24/GAO20230824t180435p0000-F/GAO20230824t180435p0000-F_l3a-vis-ch4-mf-v002_plume.tif,https://api.carbonmapper.org/api/v1/catalog/asset/l3a-ch4-mf-v1/2023/08/24/GAO20230824t180435p0000-F/GAO20230824t180435p0000-F_l3a-ch4-mf-v1_concentrations.tif,/data2/yuyao/methane_emission/data/raw_data_dir/S2B_MSIL2A_20230825T171859_N0510_R012_T14SKA_20241017T081533.SAFE,/data2/yuyao/methane_emission/carbonmapper_data_l89_l2sp/GAO20230824t180435p0000-F/l8_LC09_L2SP_030038_20230824_20230826_02_T1.tif,0.004419,5.34
GAO20230824t180435p0000-H,https://api.carbonmapper.org/api/v1/catalog/asset/l3a-vis-ch4-mf-v002/2023/08/24/GAO20230824t180435p0000-H/GAO20230824t180435p0000-H_l3a-vis-ch4-mf-v002_plume.tif,https://api.carbonmapper.org/api/v1/catalog/asset/l3a-ch4-mf-v1/2023/08/24/GAO20230824t180435p0000-H/GAO20230824t180435p0000-H_l3a-ch4-mf-v1_concentrations.tif,/data2/yuyao/methane_emission/data/raw_data_dir/S2B_MSIL2A_20230825T171859_N0510_R012_T14SKA_20241017T081533.SAFE,/data2/yuyao/methane_emission/carbonmapper_data_l89_l2sp/GAO20230824t180435p0000-H/l8_LC09_L2SP_030038_20230824_20230826_02_T1.tif,0.004419,5.34
GAO20230824t180435p0000-H,https://api.carbonmapper.org/api/v1/catalog/asset/l3a-vis-ch4-mf-v002/2023/08/24/GAO20230824t180435p0000-H/GAO20230824t180435p0000-H_l3a-vis-ch4-mf-v002_plume.tif,https://api.carbonmapper.org/api/v1/catalog/asset/l3a-ch4-mf-v1/2023/08/24/GAO20230824t180435p0000-H/GAO20230824t180435p0000-H_l3a-ch4-mf-v1_concentrations.tif,/data2/yuyao/methane_emission/data/raw_data_dir/S2B_MSIL2A_20230825T171859_N0510_R012_T13SGR_20241017T081533.SAFE,/data2/yuyao/methane_emission/carbonmapper_data_l89_l2sp/GAO20230824t180435p0000-H/l8_LC09_L2SP_030038_20230824_20230826_02_T1.tif,0.174521,5.34
GAO20230824t180435p0000-I,https://api.carbonmapper.org/api/v1/catalog/asset/l3a-vis-ch4-mf-v002/2023/08/24/GAO20230824t180435p0000-I/GAO20230824t180435p0000-I_l3a-vis-ch4-mf-v002_plume.tif,https://api.carbonmapper.org/api/v1/catalog/asset/l3a-ch4-mf-v1/2023/08/24/GAO20230824t180435p0000-I/GAO20230824t180435p0000-I_l3a-ch4-mf-v1_concentrations.tif,/data2/yuyao/methane_emission/data/raw_data_dir/S2B_MSIL2A_20230825T171859_N0510_R012_T13SGR_20241017T081533.SAFE,/data2/yuyao/methane_emission/carbonmapper_data_l89_l2sp/GAO20230824t180435p0000-I/l8_LC09_L2SP_030038_20230824_20230826_02_T1.tif,0.174521,5.34
GAO20230824t180435p0000-I,https://api.carbonmapper.org/api/v1/catalog/asset/l3a-vis-ch4-mf-v002/2023/08/24/GAO20230824t180435p0000-I/GAO20230824t180435p0000-I_l3a-vis-ch4-mf-v002_plume.tif,https://api.carbonmapper.org/api/v1/catalog/asset/l3a-ch4-mf-v1/2023/08/24/GAO20230824t180435p0000-I/GAO20230824t180435p0000-I_l3a-ch4-mf-v1_concentrations.tif,/data2/yuyao/methane_emission/data/raw_data_dir/S2B_MSIL2A_20230825T171859_N0510_R012_T14SKA_20241017T081533.SAFE,/data2/yuyao/methane_emission/carbonmapper_data_l89_l2sp/GAO20230824t180435p0000-I/l8_LC09_L2SP_030038_20230824_20230826_02_T1.tif,0.004419,5.34
GAO20230824t180435p0000-J,https://api.carbonmapper.org/api/v1/catalog/asset/l3a-vis-ch4-mf-v002/2023/08/24/GAO20230824t180435p0000-J/GAO20230824t180435p0000-J_l3a-vis-ch4-mf-v002_plume.tif,https://api.carbonmapper.org/api/v1/catalog/asset/l3a-ch4-mf-v1/2023/08/24/GAO20230824t180435p0000-J/GAO20230824t180435p0000-J_l3a-ch4-mf-v1_concentrations.tif,/data2/yuyao/methane_emission/data/raw_data_dir/S2B_MSIL2A_20230825T171859_N0510_R012_T13SGR_20241017T081533.SAFE,/data2/yuyao/methane_emission/carbonmapper_data_l89_l2sp/GAO20230824t180435p0000-J/l8_LC09_L2SP_030038_20230824_20230826_02_T1.tif,0.174521,5.34
GAO20230824t180435p0000-J,https://api.carbonmapper.org/api/v1/catalog/asset/l3a-vis-ch4-mf-v002/2023/08/24/GAO20230824t180435p0000-J/GAO20230824t180435p0000-J_l3a-vis-ch4-mf-v002_plume.tif,https://api.carbonmapper.org/api/v1/catalog/asset/l3a-ch4-mf-v1/2023/08/24/GAO20230824t180435p0000-J/GAO20230824t180435p0000-J_l3a-ch4-mf-v1_concentrations.tif,/data2/yuyao/methane_emission/data/raw_data_dir/S2B_MSIL2A_20230825T171859_N0510_R012_T14SKA_20241017T081533.SAFE,/data2/yuyao/methane_emission/carbonmapper_data_l89_l2sp/GAO20230824t180435p0000-J/l8_LC09_L2SP_030038_20230824_20230826_02_T1.tif,0.004419,5.34
GAO20230824t180435p0000-K,https://api.carbonmapper.org/api/v1/catalog/asset/l3a-vis-ch4-mf-v002/2023/08/24/GAO20230824t180435p0000-K/GAO20230824t180435p0000-K_l3a-vis-ch4-mf-v002_plume.tif,https://api.carbonmapper.org/api/v1/catalog/asset/l3a-ch4-mf-v1/2023/08/24/GAO20230824t180435p0000-K/GAO20230824t180435p0000-K_l3a-ch4-mf-v1_concentrations.tif,/data2/yuyao/methane_emission/data/raw_data_dir/S2B_MSIL2A_20230825T171859_N0510_R012_T13SGR_20241017T081533.SAFE,/data2/yuyao/methane_emission/carbonmapper_data_l89_l2sp/GAO20230824t180435p0000-K/l8_LC09_L2SP_030038_20230824_20230826_02_T1.tif,0.174521,5.34
GAO20230824t180435p0000-K,https://api.carbonmapper.org/api/v1/catalog/asset/l3a-vis-ch4-mf-v002/2023/08/24/GAO20230824t180435p0000-K/GAO20230824t180435p0000-K_l3a-vis-ch4-mf-v002_plume.tif,https://api.carbonmapper.org/api/v1/catalog/asset/l3a-ch4-mf-v1/2023/08/24/GAO20230824t180435p0000-K/GAO20230824t180435p0000-K_l3a-ch4-mf-v1_concentrations.tif,/data2/yuyao/methane_emission/data/raw_data_dir/S2B_MSIL2A_20230825T171859_N0510_R012_T14SKA_20241017T081533.SAFE,/data2/yuyao/methane_emission/carbonmapper_data_l89_l2sp/GAO20230824t180435p0000-K/l8_LC09_L2SP_030038_20230824_20230826_02_T1.tif,0.004419,5.34
GAO20230824t180435p0000-L,https://api.carbonmapper.org/api/v1/catalog/asset/l3a-vis-ch4-mf-v002/2023/08/24/GAO20230824t180435p0000-L/GAO20230824t180435p0000-L_l3a-vis-ch4-mf-v002_plume.tif,https://api.carbonmapper.org/api/v1/catalog/asset/l3a-ch4-mf-v1/2023/08/24/GAO20230824t180435p0000-L/GAO20230824t180435p0000-L_l3a-ch4-mf-v1_concentrations.tif,/data2/yuyao/methane_emission/data/raw_data_dir/S2B_MSIL2A_20230825T171859_N0510_R012_T13SGR_20241017T081533.SAFE,/data2/yuyao/methane_emission/carbonmapper_data_l89_l2sp/GAO20230824t180435p0000-L/l8_LC09_L2SP_030038_20230824_20230826_02_T1.tif,0.174521,5.34
GAO20230824t180435p0000-L,https://api.carbonmapper.org/api/v1/catalog/asset/l3a-vis-ch4-mf-v002/2023/08/24/GAO20230824t180435p0000-L/GAO20230824t180435p0000-L_l3a-vis-ch4-mf-v002_plume.tif,https://api.carbonmapper.org/api/v1/catalog/asset/l3a-ch4-mf-v1/2023/08/24/GAO20230824t180435p0000-L/GAO20230824t180435p0000-L_l3a-ch4-mf-v1_concentrations.tif,/data2/yuyao/methane_emission/data/raw_data_dir/S2B_MSIL2A_20230825T171859_N0510_R012_T14SKA_20241017T081533.SAFE,/data2/yuyao/methane_emission/carbonmapper_data_l89_l2sp/GAO20230824t180435p0000-L/l8_LC09_L2SP_030038_20230824_20230826_02_T1.tif,0.004419,5.34
GAO20230824t180435p0000-M,https://api.carbonmapper.org/api/v1/catalog/asset/l3a-vis-ch4-mf-v002/2023/08/24/GAO20230824t180435p0000-M/GAO20230824t180435p0000-M_l3a-vis-ch4-mf-v002_plume.tif,https://api.carbonmapper.org/api/v1/catalog/asset/l3a-ch4-mf-v1/2023/08/24/GAO20230824t180435p0000-M/GAO20230824t180435p0000-M_l3a-ch4-mf-v1_concentrations.tif,/data2/yuyao/methane_emission/data/raw_data_dir/S2B_MSIL2A_20230825T171859_N0510_R012_T14SKA_20241017T081533.SAFE,/data2/yuyao/methane_emission/carbonmapper_data_l89_l2sp/GAO20230824t180435p0000-M/l8_LC09_L2SP_030038_20230824_20230826_02_T1.tif,0.004419,5.34
GAO20230824t180435p0000-M,https://api.carbonmapper.org/api/v1/catalog/asset/l3a-vis-ch4-mf-v002/2023/08/24/GAO20230824t180435p0000-M/GAO20230824t180435p0000-M_l3a-vis-ch4-mf-v002_plume.tif,https://api.carbonmapper.org/api/v1/catalog/asset/l3a-ch4-mf-v1/2023/08/24/GAO20230824t180435p0000-M/GAO20230824t180435p0000-M_l3a-ch4-mf-v1_concentrations.tif,/data2/yuyao/methane_emission/data/raw_data_dir/S2B_MSIL2A_20230825T171859_N0510_R012_T13SGR_20241017T081533.SAFE,/data2/yuyao/methane_emission/carbonmapper_data_l89_l2sp/GAO20230824t180435p0000-M/l8_LC09_L2SP_030038_20230824_20230826_02_T1.tif,0.174521,5.34
GAO20230824t180435p0000-N,https://api.carbonmapper.org/api/v1/catalog/asset/l3a-vis-ch4-mf-v002/2023/08/24/GAO20230824t180435p0000-N/GAO20230824t180435p0000-N_l3a-vis-ch4-mf-v002_plume.tif,https://api.carbonmapper.org/api/v1/catalog/asset/l3a-ch4-mf-v1/2023/08/24/GAO20230824t180435p0000-N/GAO20230824t180435p0000-N_l3a-ch4-mf-v1_concentrations.tif,/data2/yuyao/methane_emission/data/raw_data_dir/S2B_MSIL2A_20230825T171859_N0510_R012_T13SGR_20241017T081533.SAFE,/data2/yuyao/methane_emission/carbonmapper_data_l89_l2sp/GAO20230824t180435p0000-N/l8_LC09_L2SP_030038_20230824_20230826_02_T1.tif,0.174521,5.34
GAO20230824t180435p0000-N,https://api.carbonmapper.org/api/v1/catalog/asset/l3a-vis-ch4-mf-v002/2023/08/24/GAO20230824t180435p0000-N/GAO20230824t180435p0000-N_l3a-vis-ch4-mf-v002_plume.tif,https://api.carbonmapper.org/api/v1/catalog/asset/l3a-ch4-mf-v1/2023/08/24/GAO20230824t180435p0000-N/GAO20230824t180435p0000-N_l3a-ch4-mf-v1_concentrations.tif,/data2/yuyao/methane_emission/data/raw_data_dir/S2B_MSIL2A_20230825T171859_N0510_R012_T14SKA_20241017T081533.SAFE,/data2/yuyao/methane_emission/carbonmapper_data_l89_l2sp/GAO20230824t180435p0000-N/l8_LC09_L2SP_030038_20230824_20230826_02_T1.tif,0.004419,5.34
GAO20230824t180435p0000-O,https://api.carbonmapper.org/api/v1/catalog/asset/l3a-vis-ch4-mf-v002/2023/08/24/GAO20230824t180435p0000-O/GAO20230824t180435p0000-O_l3a-vis-ch4-mf-v002_plume.tif,https://api.carbonmapper.org/api/v1/catalog/asset/l3a-ch4-mf-v1/2023/08/24/GAO20230824t180435p0000-O/GAO20230824t180435p0000-O_l3a-ch4-mf-v1_concentrations.tif,/data2/yuyao/methane_emission/data/raw_data_dir/S2B_MSIL2A_20230825T171859_N0510_R012_T14SKA_20241017T081533.SAFE,/data2/yuyao/methane_emission/carbonmapper_data_l89_l2sp/GAO20230824t180435p0000-O/l8_LC09_L2SP_030038_20230824_20230826_02_T1.tif,0.004419,5.34
GAO20230824t180435p0000-O,https://api.carbonmapper.org/api/v1/catalog/asset/l3a-vis-ch4-mf-v002/2023/08/24/GAO20230824t180435p0000-O/GAO20230824t180435p0000-O_l3a-vis-ch4-mf-v002_plume.tif,https://api.carbonmapper.org/api/v1/catalog/asset/l3a-ch4-mf-v1/2023/08/24/GAO20230824t180435p0000-O/GAO20230824t180435p0000-O_l3a-ch4-mf-v1_concentrations.tif,/data2/yuyao/methane_emission/data/raw_data_dir/S2B_MSIL2A_20230825T171859_N0510_R012_T13SGR_20241017T081533.SAFE,/data2/yuyao/methane_emission/carbonmapper_data_l89_l2sp/GAO20230824t180435p0000-O/l8_LC09_L2SP_030038_20230824_20230826_02_T1.tif,0.174521,5.34
GAO20230824t180435p0000-P,https://api.carbonmapper.org/api/v1/catalog/asset/l3a-vis-ch4-mf-v002/2023/08/24/GAO20230824t180435p0000-P/GAO20230824t180435p0000-P_l3a-vis-ch4-mf-v002_plume.tif,https://api.carbonmapper.org/api/v1/catalog/asset/l3a-ch4-mf-v1/2023/08/24/GAO20230824t180435p0000-P/GAO20230824t180435p0000-P_l3a-ch4-mf-v1_concentrations.tif,/data2/yuyao/methane_emission/data/raw_data_dir/S2B_MSIL2A_20230825T171859_N0510_R012_T13SGR_20241017T081533.SAFE,/data2/yuyao/methane_emission/carbonmapper_data_l89_l2sp/GAO20230824t180435p0000-P/l8_LC09_L2SP_030038_20230824_20230826_02_T1.tif,0.174521,5.34
GAO20230824t180435p0000-P,https://api.carbonmapper.org/api/v1/catalog/asset/l3a-vis-ch4-mf-v002/2023/08/24/GAO20230824t180435p0000-P/GAO20230824t180435p0000-P_l3a-vis-ch4-mf-v002_plume.tif,https://api.carbonmapper.org/api/v1/catalog/asset/l3a-ch4-mf-v1/2023/08/24/GAO20230824t180435p0000-P/GAO20230824t180435p0000-P_l3a-ch4-mf-v1_concentrations.tif,/data2/yuyao/methane_emission/data/raw_data_dir/S2B_MSIL2A_20230825T171859_N0510_R012_T14SKA_20241017T081533.SAFE,/data2/yuyao/methane_emission/carbonmapper_data_l89_l2sp/GAO20230824t180435p0000-P/l8_LC09_L2SP_030038_20230824_20230826_02_T1.tif,0.004419,5.34
GAO20230824t181850p0000-A,https://api.carbonmapper.org/api/v1/catalog/asset/l3a-vis-ch4-mf-v002/2023/08/24/GAO20230824t181850p0000-A/GAO20230824t181850p0000-A_l3a-vis-ch4-mf-v002_plume.tif,https://api.carbonmapper.org/api/v1/catalog/asset/l3a-ch4-mf-v1/2023/08/24/GAO20230824t181850p0000-A/GAO20230824t181850p0000-A_l3a-ch4-mf-v1_concentrations.tif,/data2/yuyao/methane_emission/data/raw_data_dir/S2B_MSIL2A_20230825T171859_N0510_R012_T14SKA_20241017T081533.SAFE,/data2/yuyao/methane_emission/carbonmapper_data_l89_l2sp/GAO20230824t181850p0000-A/l8_LC09_L2SP_030038_20230824_20230826_02_T1.tif,0.004419,5.34
GAO20230824t181850p0000-A,https://api.carbonmapper.org/api/v1/catalog/asset/l3a-vis-ch4-mf-v002/2023/08/24/GAO20230824t181850p0000-A/GAO20230824t181850p0000-A_l3a-vis-ch4-mf-v002_plume.tif,https://api.carbonmapper.org/api/v1/catalog/asset/l3a-ch4-mf-v1/2023/08/24/GAO20230824t181850p0000-A/GAO20230824t181850p0000-A_l3a-ch4-mf-v1_concentrations.tif,/data2/yuyao/methane_emission/data/raw_data_dir/S2B_MSIL2A_20230825T171859_N0510_R012_T13SGR_20241017T081533.SAFE,/data2/yuyao/methane_emission/carbonmapper_data_l89_l2sp/GAO20230824t181850p0000-A/l8_LC09_L2SP_030038_20230824_20230826_02_T1.tif,0.174521,5.34
GAO20230824t181850p0000-B,https://api.carbonmapper.org/api/v1/catalog/asset/l3a-vis-ch4-mf-v002/2023/08/24/GAO20230824t181850p0000-B/GAO20230824t181850p0000-B_l3a-vis-ch4-mf-v002_plume.tif,https://api.carbonmapper.org/api/v1/catalog/asset/l3a-ch4-mf-v1/2023/08/24/GAO20230824t181850p0000-B/GAO20230824t181850p0000-B_l3a-ch4-mf-v1_concentrations.tif,/data2/yuyao/methane_emission/data/raw_data_dir/S2B_MSIL2A_20230825T171859_N0510_R012_T14SKA_20241017T081533.SAFE,/data2/yuyao/methane_emission/carbonmapper_data_l89_l2sp/GAO20230824t181850p0000-B/l8_LC09_L2SP_030038_20230824_20230826_02_T1.tif,0.004419,5.34
GAO20230824t181850p0000-B,https://api.carbonmapper.org/api/v1/catalog/asset/l3a-vis-ch4-mf-v002/2023/08/24/GAO20230824t181850p0000-B/GAO20230824t181850p0000-B_l3a-vis-ch4-mf-v002_plume.tif,https://api.carbonmapper.org/api/v1/catalog/asset/l3a-ch4-mf-v1/2023/08/24/GAO20230824t181850p0000-B/GAO20230824t181850p0000-B_l3a-ch4-mf-v1_concentrations.tif,/data2/yuyao/methane_emission/data/raw_data_dir/S2B_MSIL2A_20230825T171859_N0510_R012_T13SGR_20241017T081533.SAFE,/data2/yuyao/methane_emission/carbonmapper_data_l89_l2sp/GAO20230824t181850p0000-B/l8_LC09_L2SP_030038_20230824_20230826_02_T1.tif,0.174521,5.34
GAO20230824t181850p0000-C,https://api.carbonmapper.org/api/v1/catalog/asset/l3a-vis-ch4-mf-v002/2023/08/24/GAO20230824t181850p0000-C/GAO20230824t181850p0000-C_l3a-vis-ch4-mf-v002_plume.tif,https://api.carbonmapper.org/api/v1/catalog/asset/l3a-ch4-mf-v1/2023/08/24/GAO20230824t181850p0000-C/GAO20230824t181850p0000-C_l3a-ch4-mf-v1_concentrations.tif,/data2/yuyao/methane_emission/data/raw_data_dir/S2B_MSIL2A_20230825T171859_N0510_R012_T13SGR_20241017T081533.SAFE,/data2/yuyao/methane_emission/carbonmapper_data_l89_l2sp/GAO20230824t181850p0000-C/l8_LC09_L2SP_030038_20230824_20230826_02_T1.tif,0.174521,5.34
GAO20230824t181850p0000-C,https://api.carbonmapper.org/api/v1/catalog/asset/l3a-vis-ch4-mf-v002/2023/08/24/GAO20230824t181850p0000-C/GAO20230824t181850p0000-C_l3a-vis-ch4-mf-v002_plume.tif,https://api.carbonmapper.org/api/v1/catalog/asset/l3a-ch4-mf-v1/2023/08/24/GAO20230824t181850p0000-C/GAO20230824t181850p0000-C_l3a-ch4-mf-v1_concentrations.tif,/data2/yuyao/methane_emission/data/raw_data_dir/S2B_MSIL2A_20230825T171859_N0510_R012_T14SKA_20241017T081533.SAFE,/data2/yuyao/methane_emission/carbonmapper_data_l89_l2sp/GAO20230824t181850p0000-C/l8_LC09_L2SP_030038_20230824_20230826_02_T1.tif,0.004419,5.34
GAO20230824t181850p0000-D,https://api.carbonmapper.org/api/v1/catalog/asset/l3a-vis-ch4-mf-v002/2023/08/24/GAO20230824t181850p0000-D/GAO20230824t181850p0000-D_l3a-vis-ch4-mf-v002_plume.tif,https://api.carbonmapper.org/api/v1/catalog/asset/l3a-ch4-mf-v1/2023/08/24/GAO20230824t181850p0000-D/GAO20230824t181850p0000-D_l3a-ch4-mf-v1_concentrations.tif,/data2/yuyao/methane_emission/data/raw_data_dir/S2B_MSIL2A_20230825T171859_N0510_R012_T13SGR_20241017T081533.SAFE,/data2/yuyao/methane_emission/carbonmapper_data_l89_l2sp/GAO20230824t181850p0000-D/l8_LC09_L2SP_030038_20230824_20230826_02_T1.tif,0.174521,5.34
GAO20230824t181850p0000-D,https://api.carbonmapper.org/api/v1/catalog/asset/l3a-vis-ch4-mf-v002/2023/08/24/GAO20230824t181850p0000-D/GAO20230824t181850p0000-D_l3a-vis-ch4-mf-v002_plume.tif,https://api.carbonmapper.org/api/v1/catalog/asset/l3a-ch4-mf-v1/2023/08/24/GAO20230824t181850p0000-D/GAO20230824t181850p0000-D_l3a-ch4-mf-v1_concentrations.tif,/data2/yuyao/methane_emission/data/raw_data_dir/S2B_MSIL2A_20230825T171859_N0510_R012_T14SKA_20241017T081533.SAFE,/data2/yuyao/methane_emission/carbonmapper_data_l89_l2sp/GAO20230824t181850p0000-D/l8_LC09_L2SP_030038_20230824_20230826_02_T1.tif,0.004419,5.34
GAO20230824t181850p0000-E,https://api.carbonmapper.org/api/v1/catalog/asset/l3a-vis-ch4-mf-v002/2023/08/24/GAO20230824t181850p0000-E/GAO20230824t181850p0000-E_l3a-vis-ch4-mf-v002_plume.tif,https://api.carbonmapper.org/api/v1/catalog/asset/l3a-ch4-mf-v1/2023/08/24/GAO20230824t181850p0000-E/GAO20230824t181850p0000-E_l3a-ch4-mf-v1_concentrations.tif,/data2/yuyao/methane_emission/data/raw_data_dir/S2B_MSIL2A_20230825T171859_N0510_R012_T13SGR_20241017T081533.SAFE,/data2/yuyao/methane_emission/carbonmapper_data_l89_l2sp/GAO20230824t181850p0000-E/l8_LC09_L2SP_030038_20230824_20230826_02_T1.tif,0.174521,5.34
GAO20230824t181850p0000-E,https://api.carbonmapper.org/api/v1/catalog/asset/l3a-vis-ch4-mf-v002/2023/08/24/GAO20230824t181850p0000-E/GAO20230824t181850p0000-E_l3a-vis-ch4-mf-v002_plume.tif,https://api.carbonmapper.org/api/v1/catalog/asset/l3a-ch4-mf-v1/2023/08/24/GAO20230824t181850p0000-E/GAO20230824t181850p0000-E_l3a-ch4-mf-v1_concentrations.tif,/data2/yuyao/methane_emission/data/raw_data_dir/S2B_MSIL2A_20230825T171859_N0510_R012_T14SKA_20241017T081533.SAFE,/data2/yuyao/methane_emission/carbonmapper_data_l89_l2sp/GAO20230824t181850p0000-E/l8_LC09_L2SP_030038_20230824_20230826_02_T1.tif,0.004419,5.34
GAO20230824t181850p0000-F,https://api.carbonmapper.org/api/v1/catalog/asset/l3a-vis-ch4-mf-v002/2023/08/24/GAO20230824t181850p0000-F/GAO20230824t181850p0000-F_l3a-vis-ch4-mf-v002_plume.tif,https://api.carbonmapper.org/api/v1/catalog/asset/l3a-ch4-mf-v1/2023/08/24/GAO20230824t181850p0000-F/GAO20230824t181850p0000-F_l3a-ch4-mf-v1_concentrations.tif,/data2/yuyao/methane_emission/data/raw_data_dir/S2B_MSIL2A_20230825T171859_N0510_R012_T13SGR_20241017T081533.SAFE,/data2/yuyao/methane_emission/carbonmapper_data_l89_l2sp/GAO20230824t181850p0000-F/l8_LC09_L2SP_030038_20230824_20230826_02_T1.tif,0.174521,5.34
GAO20230824t181850p0000-F,https://api.carbonmapper.org/api/v1/catalog/asset/l3a-vis-ch4-mf-v002/2023/08/24/GAO20230824t181850p0000-F/GAO20230824t181850p0000-F_l3a-vis-ch4-mf-v002_plume.tif,https://api.carbonmapper.org/api/v1/catalog/asset/l3a-ch4-mf-v1/2023/08/24/GAO20230824t181850p0000-F/GAO20230824t181850p0000-F_l3a-ch4-mf-v1_concentrations.tif,/data2/yuyao/methane_emission/data/raw_data_dir/S2B_MSIL2A_20230825T171859_N0510_R012_T14SKA_20241017T081533.SAFE,/data2/yuyao/methane_emission/carbonmapper_data_l89_l2sp/GAO20230824t181850p0000-F/l8_LC09_L2SP_030038_20230824_20230826_02_T1.tif,0.004419,5.34
GAO20230824t181850p0000-G,https://api.carbonmapper.org/api/v1/catalog/asset/l3a-vis-ch4-mf-v002/2023/08/24/GAO20230824t181850p0000-G/GAO20230824t181850p0000-G_l3a-vis-ch4-mf-v002_plume.tif,https://api.carbonmapper.org/api/v1/catalog/asset/l3a-ch4-mf-v1/2023/08/24/GAO20230824t181850p0000-G/GAO20230824t181850p0000-G_l3a-ch4-mf-v1_concentrations.tif,/data2/yuyao/methane_emission/data/raw_data_dir/S2B_MSIL2A_20230825T171859_N0510_R012_T14SKA_20241017T081533.SAFE,/data2/yuyao/methane_emission/carbonmapper_data_l89_l2sp/GAO20230824t181850p0000-G/l8_LC09_L2SP_030038_20230824_20230826_02_T1.tif,0.004419,5.34
GAO20230824t181850p0000-G,https://api.carbonmapper.org/api/v1/catalog/asset/l3a-vis-ch4-mf-v002/2023/08/24/GAO20230824t181850p0000-G/GAO20230824t181850p0000-G_l3a-vis-ch4-mf-v002_plume.tif,https://api.carbonmapper.org/api/v1/catalog/asset/l3a-ch4-mf-v1/2023/08/24/GAO20230824t181850p0000-G/GAO20230824t181850p0000-G_l3a-ch4-mf-v1_concentrations.tif,/data2/yuyao/methane_emission/data/raw_data_dir/S2B_MSIL2A_20230825T171859_N0510_R012_T13SGR_20241017T081533.SAFE,/data2/yuyao/methane_emission/carbonmapper_data_l89_l2sp/GAO20230824t181850p0000-G/l8_LC09_L2SP_030038_20230824_20230826_02_T1.tif,0.174521,5.34
GAO20230824t181850p0000-H,https://api.carbonmapper.org/api/v1/catalog/asset/l3a-vis-ch4-mf-v002/2023/08/24/GAO20230824t181850p0000-H/GAO20230824t181850p0000-H_l3a-vis-ch4-mf-v002_plume.tif,https://api.carbonmapper.org/api/v1/catalog/asset/l3a-ch4-mf-v1/2023/08/24/GAO20230824t181850p0000-H/GAO20230824t181850p0000-H_l3a-ch4-mf-v1_concentrations.tif,/data2/yuyao/methane_emission/data/raw_data_dir/S2B_MSIL2A_20230825T171859_N0510_R012_T13SGR_20241017T081533.SAFE,/data2/yuyao/methane_emission/carbonmapper_data_l89_l2sp/GAO20230824t181850p0000-H/l8_LC09_L2SP_030038_20230824_20230826_02_T1.tif,0.174521,5.34
GAO20230824t181850p0000-H,https://api.carbonmapper.org/api/v1/catalog/asset/l3a-vis-ch4-mf-v002/2023/08/24/GAO20230824t181850p0000-H/GAO20230824t181850p0000-H_l3a-vis-ch4-mf-v002_plume.tif,https://api.carbonmapper.org/api/v1/catalog/asset/l3a-ch4-mf-v1/2023/08/24/GAO20230824t181850p0000-H/GAO20230824t181850p0000-H_l3a-ch4-mf-v1_concentrations.tif,/data2/yuyao/methane_emission/data/raw_data_dir/S2B_MSIL2A_20230825T171859_N0510_R012_T14SKA_20241017T081533.SAFE,/data2/yuyao/methane_emission/carbonmapper_data_l89_l2sp/GAO20230824t181850p0000-H/l8_LC09_L2SP_030038_20230824_20230826_02_T1.tif,0.004419,5.34
GAO20230824t181850p0000-I,https://api.carbonmapper.org/api/v1/catalog/asset/l3a-vis-ch4-mf-v002/2023/08/24/GAO20230824t181850p0000-I/GAO20230824t181850p0000-I_l3a-vis-ch4-mf-v002_plume.tif,,/data2/yuyao/methane_emission/data/raw_data_dir/S2B_MSIL2A_20230825T171859_N0510_R012_T13SGR_20241017T081533.SAFE,/data2/yuyao/methane_emission/carbonmapper_data_l89_l2sp/GAO20230824t181850p0000-I/l8_LC09_L2SP_030038_20230824_20230826_02_T1.tif,0.174521,5.34
GAO20230824t181850p0000-I,https://api.carbonmapper.org/api/v1/catalog/asset/l3a-vis-ch4-mf-v002/2023/08/24/GAO20230824t181850p0000-I/GAO20230824t181850p0000-I_l3a-vis-ch4-mf-v002_plume.tif,,/data2/yuyao/methane_emission/data/raw_data_dir/S2B_MSIL2A_20230825T171859_N0510_R012_T14SKA_20241017T081533.SAFE,/data2/yuyao/methane_emission/carbonmapper_data_l89_l2sp/GAO20230824t181850p0000-I/l8_LC09_L2SP_030038_20230824_20230826_02_T1.tif,0.004419,5.34
GAO20230824t182756p0000-A,https://api.carbonmapper.org/api/v1/catalog/asset/l3a-vis-ch4-mf-v002/2023/08/24/GAO20230824t182756p0000-A/GAO20230824t182756p0000-A_l3a-vis-ch4-mf-v002_plume.tif,https://api.carbonmapper.org/api/v1/catalog/asset/l3a-ch4-mf-v1/2023/08/24/GAO20230824t182756p0000-A/GAO20230824t182756p0000-A_l3a-ch4-mf-v1_concentrations.tif,/data2/yuyao/methane_emission/data/raw_data_dir/S2B_MSIL2A_20230825T171859_N0510_R012_T13SGR_20241017T081533.SAFE,/data2/yuyao/methane_emission/carbonmapper_data_l89_l2sp/GAO20230824t182756p0000-A/l8_LC09_L2SP_030038_20230824_20230826_02_T1.tif,0.174521,5.34
GAO20230824t182756p0000-A,https://api.carbonmapper.org/api/v1/catalog/asset/l3a-vis-ch4-mf-v002/2023/08/24/GAO20230824t182756p0000-A/GAO20230824t182756p0000-A_l3a-vis-ch4-mf-v002_plume.tif,https://api.carbonmapper.org/api/v1/catalog/asset/l3a-ch4-mf-v1/2023/08/24/GAO20230824t182756p0000-A/GAO20230824t182756p0000-A_l3a-ch4-mf-v1_concentrations.tif,/data2/yuyao/methane_emission/data/raw_data_dir/S2B_MSIL2A_20230825T171859_N0510_R012_T14SKA_20241017T081533.SAFE,/data2/yuyao/methane_emission/carbonmapper_data_l89_l2sp/GAO20230824t182756p0000-A/l8_LC09_L2SP_030038_20230824_20230826_02_T1.tif,0.004419,5.34
GAO20230824t182756p0000-B,https://api.carbonmapper.org/api/v1/catalog/asset/l3a-vis-ch4-mf-v002/2023/08/24/GAO20230824t182756p0000-B/GAO20230824t182756p0000-B_l3a-vis-ch4-mf-v002_plume.tif,,/data2/yuyao/methane_emission/data/raw_data_dir/S2B_MSIL2A_20230825T171859_N0510_R012_T13SGR_20241017T081533.SAFE,/data2/yuyao/methane_emission/carbonmapper_data_l89_l2sp/GAO20230824t182756p0000-B/l8_LC09_L2SP_030038_20230824_20230826_02_T1.tif,0.174521,5.34
GAO20230824t182756p0000-B,https://api.carbonmapper.org/api/v1/catalog/asset/l3a-vis-ch4-mf-v002/2023/08/24/GAO20230824t182756p0000-B/GAO20230824t182756p0000-B_l3a-vis-ch4-mf-v002_plume.tif,,/data2/yuyao/methane_emission/data/raw_data_dir/S2B_MSIL2A_20230825T171859_N0510_R012_T14SKA_20241017T081533.SAFE,/data2/yuyao/methane_emission/carbonmapper_data_l89_l2sp/GAO20230824t182756p0000-B/l8_LC09_L2SP_030038_20230824_20230826_02_T1.tif,0.004419,5.34
GAO20230824t182756p0000-C,https://api.carbonmapper.org/api/v1/catalog/asset/l3a-vis-ch4-mf-v002/2023/08/24/GAO20230824t182756p0000-C/GAO20230824t182756p0000-C_l3a-vis-ch4-mf-v002_plume.tif,https://api.carbonmapper.org/api/v1/catalog/asset/l3a-ch4-mf-v1/2023/08/24/GAO20230824t182756p0000-C/GAO20230824t182756p0000-C_l3a-ch4-mf-v1_concentrations.tif,/data2/yuyao/methane_emission/data/raw_data_dir/S2B_MSIL2A_20230825T171859_N0510_R012_T13SGR_20241017T081533.SAFE,/data2/yuyao/methane_emission/carbonmapper_data_l89_l2sp/GAO20230824t182756p0000-C/l8_LC09_L2SP_030038_20230824_20230826_02_T1.tif,0.174521,5.34
GAO20230824t182756p0000-C,https://api.carbonmapper.org/api/v1/catalog/asset/l3a-vis-ch4-mf-v002/2023/08/24/GAO20230824t182756p0000-C/GAO20230824t182756p0000-C_l3a-vis-ch4-mf-v002_plume.tif,https://api.carbonmapper.org/api/v1/catalog/asset/l3a-ch4-mf-v1/2023/08/24/GAO20230824t182756p0000-C/GAO20230824t182756p0000-C_l3a-ch4-mf-v1_concentrations.tif,/data2/yuyao/methane_emission/data/raw_data_dir/S2B_MSIL2A_20230825T171859_N0510_R012_T14SKA_20241017T081533.SAFE,/data2/yuyao/methane_emission/carbonmapper_data_l89_l2sp/GAO20230824t182756p0000-C/l8_LC09_L2SP_030038_20230824_20230826_02_T1.tif,0.004419,5.34
GAO20230824t182756p0000-D,https://api.carbonmapper.org/api/v1/catalog/asset/l3a-vis-ch4-mf-v002/2023/08/24/GAO20230824t182756p0000-D/GAO20230824t182756p0000-D_l3a-vis-ch4-mf-v002_plume.tif,https://api.carbonmapper.org/api/v1/catalog/asset/l3a-ch4-mf-v1/2023/08/24/GAO20230824t182756p0000-D/GAO20230824t182756p0000-D_l3a-ch4-mf-v1_concentrations.tif,/data2/yuyao/methane_emission/data/raw_data_dir/S2B_MSIL2A_20230825T171859_N0510_R012_T13SGR_20241017T081533.SAFE,/data2/yuyao/methane_emission/carbonmapper_data_l89_l2sp/GAO20230824t182756p0000-D/l8_LC09_L2SP_030038_20230824_20230826_02_T1.tif,0.174521,5.34
GAO20230824t182756p0000-D,https://api.carbonmapper.org/api/v1/catalog/asset/l3a-vis-ch4-mf-v002/2023/08/24/GAO20230824t182756p0000-D/GAO20230824t182756p0000-D_l3a-vis-ch4-mf-v002_plume.tif,https://api.carbonmapper.org/api/v1/catalog/asset/l3a-ch4-mf-v1/2023/08/24/GAO20230824t182756p0000-D/GAO20230824t182756p0000-D_l3a-ch4-mf-v1_concentrations.tif,/data2/yuyao/methane_emission/data/raw_data_dir/S2B_MSIL2A_20230825T171859_N0510_R012_T14SKA_20241017T081533.SAFE,/data2/yuyao/methane_emission/carbonmapper_data_l89_l2sp/GAO20230824t182756p0000-D/l8_LC09_L2SP_030038_20230824_20230826_02_T1.tif,0.004419,5.34
GAO20230824t182756p0000-E,https://api.carbonmapper.org/api/v1/catalog/asset/l3a-vis-ch4-mf-v002/2023/08/24/GAO20230824t182756p0000-E/GAO20230824t182756p0000-E_l3a-vis-ch4-mf-v002_plume.tif,https://api.carbonmapper.org/api/v1/catalog/asset/l3a-ch4-mf-v1/2023/08/24/GAO20230824t182756p0000-E/GAO20230824t182756p0000-E_l3a-ch4-mf-v1_concentrations.tif,/data2/yuyao/methane_emission/data/raw_data_dir/S2B_MSIL2A_20230825T171859_N0510_R012_T13SGR_20241017T081533.SAFE,/data2/yuyao/methane_emission/carbonmapper_data_l89_l2sp/GAO20230824t182756p0000-E/l8_LC09_L2SP_030038_20230824_20230826_02_T1.tif,0.174521,5.34
GAO20230824t182756p0000-E,https://api.carbonmapper.org/api/v1/catalog/asset/l3a-vis-ch4-mf-v002/2023/08/24/GAO20230824t182756p0000-E/GAO20230824t182756p0000-E_l3a-vis-ch4-mf-v002_plume.tif,https://api.carbonmapper.org/api/v1/catalog/asset/l3a-ch4-mf-v1/2023/08/24/GAO20230824t182756p0000-E/GAO20230824t182756p0000-E_l3a-ch4-mf-v1_concentrations.tif,/data2/yuyao/methane_emission/data/raw_data_dir/S2B_MSIL2A_20230825T171859_N0510_R012_T14SKA_20241017T081533.SAFE,/data2/yuyao/methane_emission/carbonmapper_data_l89_l2sp/GAO20230824t182756p0000-E/l8_LC09_L2SP_030038_20230824_20230826_02_T1.tif,0.004419,5.34
GAO20230824t182756p0000-F,https://api.carbonmapper.org/api/v1/catalog/asset/l3a-vis-ch4-mf-v1/2023/08/24/GAO20230824t182756p0000-F/GAO20230824t182756p0000-F_l3a-vis-ch4-mf-v1_plume.tif,,/data2/yuyao/methane_emission/data/raw_data_dir/S2B_MSIL2A_20230825T171859_N0510_R012_T13SGR_20241017T081533.SAFE,/data2/yuyao/methane_emission/carbonmapper_data_l89_l2sp/GAO20230824t182756p0000-F/l8_LC09_L2SP_030038_20230824_20230826_02_T1.tif,0.174521,5.34
GAO20230824t182756p0000-F,https://api.carbonmapper.org/api/v1/catalog/asset/l3a-vis-ch4-mf-v1/2023/08/24/GAO20230824t182756p0000-F/GAO20230824t182756p0000-F_l3a-vis-ch4-mf-v1_plume.tif,,/data2/yuyao/methane_emission/data/raw_data_dir/S2B_MSIL2A_20230825T171859_N0510_R012_T14SKA_20241017T081533.SAFE,/data2/yuyao/methane_emission/carbonmapper_data_l89_l2sp/GAO20230824t182756p0000-F/l8_LC09_L2SP_030038_20230824_20230826_02_T1.tif,0.004419,5.34
GAO20230824t182756p0000-G,https://api.carbonmapper.org/api/v1/catalog/asset/l3a-vis-ch4-mf-v002/2023/08/24/GAO20230824t182756p0000-G/GAO20230824t182756p0000-G_l3a-vis-ch4-mf-v002_plume.tif,https://api.carbonmapper.org/api/v1/catalog/asset/l3a-ch4-mf-v1/2023/08/24/GAO20230824t182756p0000-G/GAO20230824t182756p0000-G_l3a-ch4-mf-v1_concentrations.tif,/data2/yuyao/methane_emission/data/raw_data_dir/S2B_MSIL2A_20230825T171859_N0510_R012_T13SGR_20241017T081533.SAFE,/data2/yuyao/methane_emission/carbonmapper_data_l89_l2sp/GAO20230824t182756p0000-G/l8_LC09_L2SP_030038_20230824_20230826_02_T1.tif,0.174521,5.34
GAO20230824t182756p0000-G,https://api.carbonmapper.org/api/v1/catalog/asset/l3a-vis-ch4-mf-v002/2023/08/24/GAO20230824t182756p0000-G/GAO20230824t182756p0000-G_l3a-vis-ch4-mf-v002_plume.tif,https://api.carbonmapper.org/api/v1/catalog/asset/l3a-ch4-mf-v1/2023/08/24/GAO20230824t182756p0000-G/GAO20230824t182756p0000-G_l3a-ch4-mf-v1_concentrations.tif,/data2/yuyao/methane_emission/data/raw_data_dir/S2B_MSIL2A_20230825T171859_N0510_R012_T14SKA_20241017T081533.SAFE,/data2/yuyao/methane_emission/carbonmapper_data_l89_l2sp/GAO20230824t182756p0000-G/l8_LC09_L2SP_030038_20230824_20230826_02_T1.tif,0.004419,5.34
GAO20230824t182756p0000-H,https://api.carbonmapper.org/api/v1/catalog/asset/l3a-vis-ch4-mf-v002/2023/08/24/GAO20230824t182756p0000-H/GAO20230824t182756p0000-H_l3a-vis-ch4-mf-v002_plume.tif,,/data2/yuyao/methane_emission/data/raw_data_dir/S2B_MSIL2A_20230825T171859_N0510_R012_T13SGR_20241017T081533.SAFE,/data2/yuyao/methane_emission/carbonmapper_data_l89_l2sp/GAO20230824t182756p0000-H/l8_LC09_L2SP_030038_20230824_20230826_02_T1.tif,0.174521,5.34
GAO20230824t182756p0000-H,https://api.carbonmapper.org/api/v1/catalog/asset/l3a-vis-ch4-mf-v002/2023/08/24/GAO20230824t182756p0000-H/GAO20230824t182756p0000-H_l3a-vis-ch4-mf-v002_plume.tif,,/data2/yuyao/methane_emission/data/raw_data_dir/S2B_MSIL2A_20230825T171859_N0510_R012_T14SKA_20241017T081533.SAFE,/data2/yuyao/methane_emission/carbonmapper_data_l89_l2sp/GAO20230824t182756p0000-H/l8_LC09_L2SP_030038_20230824_20230826_02_T1.tif,0.004419,5.34
GAO20230824t182756p0000-I,https://api.carbonmapper.org/api/v1/catalog/asset/l3a-vis-ch4-mf-v002/2023/08/24/GAO20230824t182756p0000-I/GAO20230824t182756p0000-I_l3a-vis-ch4-mf-v002_plume.tif,https://api.carbonmapper.org/api/v1/catalog/asset/l3a-ch4-mf-v1/2023/08/24/GAO20230824t182756p0000-I/GAO20230824t182756p0000-I_l3a-ch4-mf-v1_concentrations.tif,/data2/yuyao/methane_emission/data/raw_data_dir/S2B_MSIL2A_20230825T171859_N0510_R012_T13SGR_20241017T081533.SAFE,/data2/yuyao/methane_emission/carbonmapper_data_l89_l2sp/GAO20230824t182756p0000-I/l8_LC09_L2SP_030038_20230824_20230826_02_T1.tif,0.174521,5.34
GAO20230824t182756p0000-I,https://api.carbonmapper.org/api/v1/catalog/asset/l3a-vis-ch4-mf-v002/2023/08/24/GAO20230824t182756p0000-I/GAO20230824t182756p0000-I_l3a-vis-ch4-mf-v002_plume.tif,https://api.carbonmapper.org/api/v1/catalog/asset/l3a-ch4-mf-v1/2023/08/24/GAO20230824t182756p0000-I/GAO20230824t182756p0000-I_l3a-ch4-mf-v1_concentrations.tif,/data2/yuyao/methane_emission/data/raw_data_dir/S2B_MSIL2A_20230825T171859_N0510_R012_T14SKA_20241017T081533.SAFE,/data2/yuyao/methane_emission/carbonmapper_data_l89_l2sp/GAO20230824t182756p0000-I/l8_LC09_L2SP_030038_20230824_20230826_02_T1.tif,0.004419,5.34
GAO20230824t183712p0000-B,https://api.carbonmapper.org/api/v1/catalog/asset/l3a-vis-ch4-mf-v002/2023/08/24/GAO20230824t183712p0000-B/GAO20230824t183712p0000-B_l3a-vis-ch4-mf-v002_plume.tif,https://api.carbonmapper.org/api/v1/catalog/asset/l3a-ch4-mf-v1/2023/08/24/GAO20230824t183712p0000-B/GAO20230824t183712p0000-B_l3a-ch4-mf-v1_concentrations.tif,/data2/yuyao/methane_emission/data/raw_data_dir/S2B_MSIL2A_20230825T171859_N0510_R012_T14SKA_20241017T081533.SAFE,/data2/yuyao/methane_emission/carbonmapper_data_l89_l2sp/GAO20230824t183712p0000-B/l8_LC09_L2SP_030038_20230824_20230826_02_T1.tif,0.004419,5.34
GAO20230824t183712p0000-B,https://api.carbonmapper.org/api/v1/catalog/asset/l3a-vis-ch4-mf-v002/2023/08/24/GAO20230824t183712p0000-B/GAO20230824t183712p0000-B_l3a-vis-ch4-mf-v002_plume.tif,https://api.carbonmapper.org/api/v1/catalog/asset/l3a-ch4-mf-v1/2023/08/24/GAO20230824t183712p0000-B/GAO20230824t183712p0000-B_l3a-ch4-mf-v1_concentrations.tif,/data2/yuyao/methane_emission/data/raw_data_dir/S2B_MSIL2A_20230825T171859_N0510_R012_T13SGR_20241017T081533.SAFE,/data2/yuyao/methane_emission/carbonmapper_data_l89_l2sp/GAO20230824t183712p0000-B/l8_LC09_L2SP_030038_20230824_20230826_02_T1.tif,0.174521,5.34
GAO20230824t183712p0000-C,https://api.carbonmapper.org/api/v1/catalog/asset/l3a-vis-ch4-mf-v002/2023/08/24/GAO20230824t183712p0000-C/GAO20230824t183712p0000-C_l3a-vis-ch4-mf-v002_plume.tif,https://api.carbonmapper.org/api/v1/catalog/asset/l3a-ch4-mf-v1/2023/08/24/GAO20230824t183712p0000-C/GAO20230824t183712p0000-C_l3a-ch4-mf-v1_concentrations.tif,/data2/yuyao/methane_emission/data/raw_data_dir/S2B_MSIL2A_20230825T171859_N0510_R012_T14SKA_20241017T081533.SAFE,/data2/yuyao/methane_emission/carbonmapper_data_l89_l2sp/GAO20230824t183712p0000-C/l8_LC09_L2SP_030038_20230824_20230826_02_T1.tif,0.004419,5.34
GAO20230824t183712p0000-C,https://api.carbonmapper.org/api/v1/catalog/asset/l3a-vis-ch4-mf-v002/2023/08/24/GAO20230824t183712p0000-C/GAO20230824t183712p0000-C_l3a-vis-ch4-mf-v002_plume.tif,https://api.carbonmapper.org/api/v1/catalog/asset/l3a-ch4-mf-v1/2023/08/24/GAO20230824t183712p0000-C/GAO20230824t183712p0000-C_l3a-ch4-mf-v1_concentrations.tif,/data2/yuyao/methane_emission/data/raw_data_dir/S2B_MSIL2A_20230825T171859_N0510_R012_T13SGR_20241017T081533.SAFE,/data2/yuyao/methane_emission/carbonmapper_data_l89_l2sp/GAO20230824t183712p0000-C/l8_LC09_L2SP_030038_20230824_20230826_02_T1.tif,0.174521,5.34
GAO20230824t183712p0000-D,https://api.carbonmapper.org/api/v1/catalog/asset/l3a-vis-ch4-mf-v002/2023/08/24/GAO20230824t183712p0000-D/GAO20230824t183712p0000-D_l3a-vis-ch4-mf-v002_plume.tif,https://api.carbonmapper.org/api/v1/catalog/asset/l3a-ch4-mf-v1/2023/08/24/GAO20230824t183712p0000-D/GAO20230824t183712p0000-D_l3a-ch4-mf-v1_concentrations.tif,/data2/yuyao/methane_emission/data/raw_data_dir/S2B_MSIL2A_20230825T171859_N0510_R012_T14SKA_20241017T081533.SAFE,/data2/yuyao/methane_emission/carbonmapper_data_l89_l2sp/GAO20230824t183712p0000-D/l8_LC09_L2SP_030038_20230824_20230826_02_T1.tif,0.004419,5.34
GAO20230824t183712p0000-D,https://api.carbonmapper.org/api/v1/catalog/asset/l3a-vis-ch4-mf-v002/2023/08/24/GAO20230824t183712p0000-D/GAO20230824t183712p0000-D_l3a-vis-ch4-mf-v002_plume.tif,https://api.carbonmapper.org/api/v1/catalog/asset/l3a-ch4-mf-v1/2023/08/24/GAO20230824t183712p0000-D/GAO20230824t183712p0000-D_l3a-ch4-mf-v1_concentrations.tif,/data2/yuyao/methane_emission/data/raw_data_dir/S2B_MSIL2A_20230825T171859_N0510_R012_T13SGR_20241017T081533.SAFE,/data2/yuyao/methane_emission/carbonmapper_data_l89_l2sp/GAO20230824t183712p0000-D/l8_LC09_L2SP_030038_20230824_20230826_02_T1.tif,0.174521,5.34
GAO20230824t183712p0000-E,https://api.carbonmapper.org/api/v1/catalog/asset/l3a-vis-ch4-mf-v002/2023/08/24/GAO20230824t183712p0000-E/GAO20230824t183712p0000-E_l3a-vis-ch4-mf-v002_plume.tif,https://api.carbonmapper.org/api/v1/catalog/asset/l3a-ch4-mf-v1/2023/08/24/GAO20230824t183712p0000-E/GAO20230824t183712p0000-E_l3a-ch4-mf-v1_concentrations.tif,/data2/yuyao/methane_emission/data/raw_data_dir/S2B_MSIL2A_20230825T171859_N0510_R012_T13SGR_20241017T081533.SAFE,/data2/yuyao/methane_emission/carbonmapper_data_l89_l2sp/GAO20230824t183712p0000-E/l8_LC09_L2SP_030038_20230824_20230826_02_T1.tif,0.174521,5.34
GAO20230824t183712p0000-E,https://api.carbonmapper.org/api/v1/catalog/asset/l3a-vis-ch4-mf-v002/2023/08/24/GAO20230824t183712p0000-E/GAO20230824t183712p0000-E_l3a-vis-ch4-mf-v002_plume.tif,https://api.carbonmapper.org/api/v1/catalog/asset/l3a-ch4-mf-v1/2023/08/24/GAO20230824t183712p0000-E/GAO20230824t183712p0000-E_l3a-ch4-mf-v1_concentrations.tif,/data2/yuyao/methane_emission/data/raw_data_dir/S2B_MSIL2A_20230825T171859_N0510_R012_T14SKA_20241017T081533.SAFE,/data2/yuyao/methane_emission/carbonmapper_data_l89_l2sp/GAO20230824t183712p0000-E/l8_LC09_L2SP_030038_20230824_20230826_02_T1.tif,0.004419,5.34
GAO20230824t183712p0000-F,https://api.carbonmapper.org/api/v1/catalog/asset/l3a-vis-ch4-mf-v002/2023/08/24/GAO20230824t183712p0000-F/GAO20230824t183712p0000-F_l3a-vis-ch4-mf-v002_plume.tif,https://api.carbonmapper.org/api/v1/catalog/asset/l3a-ch4-mf-v1/2023/08/24/GAO20230824t183712p0000-F/GAO20230824t183712p0000-F_l3a-ch4-mf-v1_concentrations.tif,/data2/yuyao/methane_emission/data/raw_data_dir/S2B_MSIL2A_20230825T171859_N0510_R012_T13SGR_20241017T081533.SAFE,/data2/yuyao/methane_emission/carbonmapper_data_l89_l2sp/GAO20230824t183712p0000-F/l8_LC09_L2SP_030038_20230824_20230826_02_T1.tif,0.174521,5.34
GAO20230824t183712p0000-F,https://api.carbonmapper.org/api/v1/catalog/asset/l3a-vis-ch4-mf-v002/2023/08/24/GAO20230824t183712p0000-F/GAO20230824t183712p0000-F_l3a-vis-ch4-mf-v002_plume.tif,https://api.carbonmapper.org/api/v1/catalog/asset/l3a-ch4-mf-v1/2023/08/24/GAO20230824t183712p0000-F/GAO20230824t183712p0000-F_l3a-ch4-mf-v1_concentrations.tif,/data2/yuyao/methane_emission/data/raw_data_dir/S2B_MSIL2A_20230825T171859_N0510_R012_T14SKA_20241017T081533.SAFE,/data2/yuyao/methane_emission/carbonmapper_data_l89_l2sp/GAO20230824t183712p0000-F/l8_LC09_L2SP_030038_20230824_20230826_02_T1.tif,0.004419,5.34
GAO20230824t183712p0000-G,https://api.carbonmapper.org/api/v1/catalog/asset/l3a-vis-ch4-mf-v1/2023/08/24/GAO20230824t183712p0000-G/GAO20230824t183712p0000-G_l3a-vis-ch4-mf-v1_plume.tif,,/data2/yuyao/methane_emission/data/raw_data_dir/S2B_MSIL2A_20230825T171859_N0510_R012_T13SGR_20241017T081533.SAFE,/data2/yuyao/methane_emission/carbonmapper_data_l89_l2sp/GAO20230824t183712p0000-G/l8_LC09_L2SP_030038_20230824_20230826_02_T1.tif,0.174521,5.34
GAO20230824t183712p0000-G,https://api.carbonmapper.org/api/v1/catalog/asset/l3a-vis-ch4-mf-v1/2023/08/24/GAO20230824t183712p0000-G/GAO20230824t183712p0000-G_l3a-vis-ch4-mf-v1_plume.tif,,/data2/yuyao/methane_emission/data/raw_data_dir/S2B_MSIL2A_20230825T171859_N0510_R012_T14SKA_20241017T081533.SAFE,/data2/yuyao/methane_emission/carbonmapper_data_l89_l2sp/GAO20230824t183712p0000-G/l8_LC09_L2SP_030038_20230824_20230826_02_T1.tif,0.004419,5.34
GAO20230824t183712p0000-H,https://api.carbonmapper.org/api/v1/catalog/asset/l3a-vis-ch4-mf-v002/2023/08/24/GAO20230824t183712p0000-H/GAO20230824t183712p0000-H_l3a-vis-ch4-mf-v002_plume.tif,,/data2/yuyao/methane_emission/data/raw_data_dir/S2B_MSIL2A_20230825T171859_N0510_R012_T13SGR_20241017T081533.SAFE,/data2/yuyao/methane_emission/carbonmapper_data_l89_l2sp/GAO20230824t183712p0000-H/l8_LC09_L2SP_030038_20230824_20230826_02_T1.tif,0.174521,5.34
GAO20230824t183712p0000-H,https://api.carbonmapper.org/api/v1/catalog/asset/l3a-vis-ch4-mf-v002/2023/08/24/GAO20230824t183712p0000-H/GAO20230824t183712p0000-H_l3a-vis-ch4-mf-v002_plume.tif,,/data2/yuyao/methane_emission/data/raw_data_dir/S2B_MSIL2A_20230825T171859_N0510_R012_T14SKA_20241017T081533.SAFE,/data2/yuyao/methane_emission/carbonmapper_data_l89_l2sp/GAO20230824t183712p0000-H/l8_LC09_L2SP_030038_20230824_20230826_02_T1.tif,0.004419,5.34
GAO20230824t183712p0000-J,https://api.carbonmapper.org/api/v1/catalog/asset/l3a-vis-ch4-mf-v002/2023/08/24/GAO20230824t183712p0000-J/GAO20230824t183712p0000-J_l3a-vis-ch4-mf-v002_plume.tif,https://api.carbonmapper.org/api/v1/catalog/asset/l3a-ch4-mf-v1/2023/08/24/GAO20230824t183712p0000-J/GAO20230824t183712p0000-J_l3a-ch4-mf-v1_concentrations.tif,/data2/yuyao/methane_emission/data/raw_data_dir/S2B_MSIL2A_20230825T171859_N0510_R012_T13SGR_20241017T081533.SAFE,/data2/yuyao/methane_emission/carbonmapper_data_l89_l2sp/GAO20230824t183712p0000-J/l8_LC09_L2SP_030038_20230824_20230826_02_T1.tif,0.174521,5.34
GAO20230824t183712p0000-J,https://api.carbonmapper.org/api/v1/catalog/asset/l3a-vis-ch4-mf-v002/2023/08/24/GAO20230824t183712p0000-J/GAO20230824t183712p0000-J_l3a-vis-ch4-mf-v002_plume.tif,https://api.carbonmapper.org/api/v1/catalog/asset/l3a-ch4-mf-v1/2023/08/24/GAO20230824t183712p0000-J/GAO20230824t183712p0000-J_l3a-ch4-mf-v1_concentrations.tif,/data2/yuyao/methane_emission/data/raw_data_dir/S2B_MSIL2A_20230825T171859_N0510_R012_T14SKA_20241017T081533.SAFE,/data2/yuyao/methane_emission/carbonmapper_data_l89_l2sp/GAO20230824t183712p0000-J/l8_LC09_L2SP_030038_20230824_20230826_02_T1.tif,0.004419,5.34
GAO20230824t183712p0000-K,https://api.carbonmapper.org/api/v1/catalog/asset/l3a-vis-ch4-mf-v1/2023/08/24/GAO20230824t183712p0000-K/GAO20230824t183712p0000-K_l3a-vis-ch4-mf-v1_plume.tif,,/data2/yuyao/methane_emission/data/raw_data_dir/S2B_MSIL2A_20230825T171859_N0510_R012_T13SGR_20241017T081533.SAFE,/data2/yuyao/methane_emission/carbonmapper_data_l89_l2sp/GAO20230824t183712p0000-K/l8_LC09_L2SP_030038_20230824_20230826_02_T1.tif,0.174521,5.34
GAO20230824t183712p0000-K,https://api.carbonmapper.org/api/v1/catalog/asset/l3a-vis-ch4-mf-v1/2023/08/24/GAO20230824t183712p0000-K/GAO20230824t183712p0000-K_l3a-vis-ch4-mf-v1_plume.tif,,/data2/yuyao/methane_emission/data/raw_data_dir/S2B_MSIL2A_20230825T171859_N0510_R012_T14SKA_20241017T081533.SAFE,/data2/yuyao/methane_emission/carbonmapper_data_l89_l2sp/GAO20230824t183712p0000-K/l8_LC09_L2SP_030038_20230824_20230826_02_T1.tif,0.004419,5.34
GAO20230824t185535p0000-A,https://api.carbonmapper.org/api/v1/catalog/asset/l3a-vis-ch4-mf-v002/2023/08/24/GAO20230824t185535p0000-A/GAO20230824t185535p0000-A_l3a-vis-ch4-mf-v002_plume.tif,https://api.carbonmapper.org/api/v1/catalog/asset/l3a-ch4-mf-v1/2023/08/24/GAO20230824t185535p0000-A/GAO20230824t185535p0000-A_l3a-ch4-mf-v1_concentrations.tif,/data2/yuyao/methane_emission/data/raw_data_dir/S2B_MSIL2A_20230825T171859_N0510_R012_T14SKA_20241017T081533.SAFE,/data2/yuyao/methane_emission/carbonmapper_data_l89_l2sp/GAO20230824t185535p0000-A/l8_LC09_L2SP_030038_20230824_20230826_02_T1.tif,0.004419,5.34
GAO20230824t185535p0000-A,https://api.carbonmapper.org/api/v1/catalog/asset/l3a-vis-ch4-mf-v002/2023/08/24/GAO20230824t185535p0000-A/GAO20230824t185535p0000-A_l3a-vis-ch4-mf-v002_plume.tif,https://api.carbonmapper.org/api/v1/catalog/asset/l3a-ch4-mf-v1/2023/08/24/GAO20230824t185535p0000-A/GAO20230824t185535p0000-A_l3a-ch4-mf-v1_concentrations.tif,/data2/yuyao/methane_emission/data/raw_data_dir/S2B_MSIL2A_20230825T171859_N0510_R012_T13SGR_20241017T081533.SAFE,/data2/yuyao/methane_emission/carbonmapper_data_l89_l2sp/GAO20230824t185535p0000-A/l8_LC09_L2SP_030038_20230824_20230826_02_T1.tif,0.174521,5.34
GAO20230824t185535p0000-B,https://api.carbonmapper.org/api/v1/catalog/asset/l3a-vis-ch4-mf-v002/2023/08/24/GAO20230824t185535p0000-B/GAO20230824t185535p0000-B_l3a-vis-ch4-mf-v002_plume.tif,https://api.carbonmapper.org/api/v1/catalog/asset/l3a-ch4-mf-v1/2023/08/24/GAO20230824t185535p0000-B/GAO20230824t185535p0000-B_l3a-ch4-mf-v1_concentrations.tif,/data2/yuyao/methane_emission/data/raw_data_dir/S2B_MSIL2A_20230825T171859_N0510_R012_T13SGR_20241017T081533.SAFE,/data2/yuyao/methane_emission/carbonmapper_data_l89_l2sp/GAO20230824t185535p0000-B/l8_LC09_L2SP_030038_20230824_20230826_02_T1.tif,0.174521,5.34
GAO20230824t185535p0000-B,https://api.carbonmapper.org/api/v1/catalog/asset/l3a-vis-ch4-mf-v002/2023/08/24/GAO20230824t185535p0000-B/GAO20230824t185535p0000-B_l3a-vis-ch4-mf-v002_plume.tif,https://api.carbonmapper.org/api/v1/catalog/asset/l3a-ch4-mf-v1/2023/08/24/GAO20230824t185535p0000-B/GAO20230824t185535p0000-B_l3a-ch4-mf-v1_concentrations.tif,/data2/yuyao/methane_emission/data/raw_data_dir/S2B_MSIL2A_20230825T171859_N0510_R012_T14SKA_20241017T081533.SAFE,/data2/yuyao/methane_emission/carbonmapper_data_l89_l2sp/GAO20230824t185535p0000-B/l8_LC09_L2SP_030038_20230824_20230826_02_T1.tif,0.004419,5.34
GAO20230824t185535p0000-C,https://api.carbonmapper.org/api/v1/catalog/asset/l3a-vis-ch4-mf-v002/2023/08/24/GAO20230824t185535p0000-C/GAO20230824t185535p0000-C_l3a-vis-ch4-mf-v002_plume.tif,https://api.carbonmapper.org/api/v1/catalog/asset/l3a-ch4-mf-v1/2023/08/24/GAO20230824t185535p0000-C/GAO20230824t185535p0000-C_l3a-ch4-mf-v1_concentrations.tif,/data2/yuyao/methane_emission/data/raw_data_dir/S2B_MSIL2A_20230825T171859_N0510_R012_T14SKA_20241017T081533.SAFE,/data2/yuyao/methane_emission/carbonmapper_data_l89_l2sp/GAO20230824t185535p0000-C/l8_LC09_L2SP_030038_20230824_20230826_02_T1.tif,0.004419,5.34
GAO20230824t185535p0000-C,https://api.carbonmapper.org/api/v1/catalog/asset/l3a-vis-ch4-mf-v002/2023/08/24/GAO20230824t185535p0000-C/GAO20230824t185535p0000-C_l3a-vis-ch4-mf-v002_plume.tif,https://api.carbonmapper.org/api/v1/catalog/asset/l3a-ch4-mf-v1/2023/08/24/GAO20230824t185535p0000-C/GAO20230824t185535p0000-C_l3a-ch4-mf-v1_concentrations.tif,/data2/yuyao/methane_emission/data/raw_data_dir/S2B_MSIL2A_20230825T171859_N0510_R012_T13SGR_20241017T081533.SAFE,/data2/yuyao/methane_emission/carbonmapper_data_l89_l2sp/GAO20230824t185535p0000-C/l8_LC09_L2SP_030038_20230824_20230826_02_T1.tif,0.174521,5.34
GAO20230824t185535p0000-D,https://api.carbonmapper.org/api/v1/catalog/asset/l3a-vis-ch4-mf-v002/2023/08/24/GAO20230824t185535p0000-D/GAO20230824t185535p0000-D_l3a-vis-ch4-mf-v002_plume.tif,https://api.carbonmapper.org/api/v1/catalog/asset/l3a-ch4-mf-v1/2023/08/24/GAO20230824t185535p0000-D/GAO20230824t185535p0000-D_l3a-ch4-mf-v1_concentrations.tif,/data2/yuyao/methane_emission/data/raw_data_dir/S2B_MSIL2A_20230825T171859_N0510_R012_T13SGR_20241017T081533.SAFE,/data2/yuyao/methane_emission/carbonmapper_data_l89_l2sp/GAO20230824t185535p0000-D/l8_LC09_L2SP_030038_20230824_20230826_02_T1.tif,0.174521,5.34
GAO20230824t185535p0000-D,https://api.carbonmapper.org/api/v1/catalog/asset/l3a-vis-ch4-mf-v002/2023/08/24/GAO20230824t185535p0000-D/GAO20230824t185535p0000-D_l3a-vis-ch4-mf-v002_plume.tif,https://api.carbonmapper.org/api/v1/catalog/asset/l3a-ch4-mf-v1/2023/08/24/GAO20230824t185535p0000-D/GAO20230824t185535p0000-D_l3a-ch4-mf-v1_concentrations.tif,/data2/yuyao/methane_emission/data/raw_data_dir/S2B_MSIL2A_20230825T171859_N0510_R012_T14SKA_20241017T081533.SAFE,/data2/yuyao/methane_emission/carbonmapper_data_l89_l2sp/GAO20230824t185535p0000-D/l8_LC09_L2SP_030038_20230824_20230826_02_T1.tif,0.004419,5.34
GAO20230824t185535p0000-E,https://api.carbonmapper.org/api/v1/catalog/asset/l3a-vis-ch4-mf-v002/2023/08/24/GAO20230824t185535p0000-E/GAO20230824t185535p0000-E_l3a-vis-ch4-mf-v002_plume.tif,https://api.carbonmapper.org/api/v1/catalog/asset/l3a-ch4-mf-v1/2023/08/24/GAO20230824t185535p0000-E/GAO20230824t185535p0000-E_l3a-ch4-mf-v1_concentrations.tif,/data2/yuyao/methane_emission/data/raw_data_dir/S2B_MSIL2A_20230825T171859_N0510_R012_T14SKA_20241017T081533.SAFE,/data2/yuyao/methane_emission/carbonmapper_data_l89_l2sp/GAO20230824t185535p0000-E/l8_LC09_L2SP_030038_20230824_20230826_02_T1.tif,0.004419,5.34
GAO20230824t185535p0000-E,https://api.carbonmapper.org/api/v1/catalog/asset/l3a-vis-ch4-mf-v002/2023/08/24/GAO20230824t185535p0000-E/GAO20230824t185535p0000-E_l3a-vis-ch4-mf-v002_plume.tif,https://api.carbonmapper.org/api/v1/catalog/asset/l3a-ch4-mf-v1/2023/08/24/GAO20230824t185535p0000-E/GAO20230824t185535p0000-E_l3a-ch4-mf-v1_concentrations.tif,/data2/yuyao/methane_emission/data/raw_data_dir/S2B_MSIL2A_20230825T171859_N0510_R012_T13SGR_20241017T081533.SAFE,/data2/yuyao/methane_emission/carbonmapper_data_l89_l2sp/GAO20230824t185535p0000-E/l8_LC09_L2SP_030038_20230824_20230826_02_T1.tif,0.174521,5.34
GAO20230824t185535p0000-F,https://api.carbonmapper.org/api/v1/catalog/asset/l3a-vis-ch4-mf-v002/2023/08/24/GAO20230824t185535p0000-F/GAO20230824t185535p0000-F_l3a-vis-ch4-mf-v002_plume.tif,https://api.carbonmapper.org/api/v1/catalog/asset/l3a-ch4-mf-v1/2023/08/24/GAO20230824t185535p0000-F/GAO20230824t185535p0000-F_l3a-ch4-mf-v1_concentrations.tif,/data2/yuyao/methane_emission/data/raw_data_dir/S2B_MSIL2A_20230825T171859_N0510_R012_T14SKA_20241017T081533.SAFE,/data2/yuyao/methane_emission/carbonmapper_data_l89_l2sp/GAO20230824t185535p0000-F/l8_LC09_L2SP_030038_20230824_20230826_02_T1.tif,0.004419,5.34
GAO20230824t185535p0000-F,https://api.carbonmapper.org/api/v1/catalog/asset/l3a-vis-ch4-mf-v002/2023/08/24/GAO20230824t185535p0000-F/GAO20230824t185535p0000-F_l3a-vis-ch4-mf-v002_plume.tif,https://api.carbonmapper.org/api/v1/catalog/asset/l3a-ch4-mf-v1/2023/08/24/GAO20230824t185535p0000-F/GAO20230824t185535p0000-F_l3a-ch4-mf-v1_concentrations.tif,/data2/yuyao/methane_emission/data/raw_data_dir/S2B_MSIL2A_20230825T171859_N0510_R012_T13SGR_20241017T081533.SAFE,/data2/yuyao/methane_emission/carbonmapper_data_l89_l2sp/GAO20230824t185535p0000-F/l8_LC09_L2SP_030038_20230824_20230826_02_T1.tif,0.174521,5.34
GAO20230824t185535p0000-G,https://api.carbonmapper.org/api/v1/catalog/asset/l3a-vis-ch4-mf-v002/2023/08/24/GAO20230824t185535p0000-G/GAO20230824t185535p0000-G_l3a-vis-ch4-mf-v002_plume.tif,https://api.carbonmapper.org/api/v1/catalog/asset/l3a-ch4-mf-v1/2023/08/24/GAO20230824t185535p0000-G/GAO20230824t185535p0000-G_l3a-ch4-mf-v1_concentrations.tif,/data2/yuyao/methane_emission/data/raw_data_dir/S2B_MSIL2A_20230825T171859_N0510_R012_T13SGR_20241017T081533.SAFE,/data2/yuyao/methane_emission/carbonmapper_data_l89_l2sp/GAO20230824t185535p0000-G/l8_LC09_L2SP_030038_20230824_20230826_02_T1.tif,0.174521,5.34
GAO20230824t185535p0000-G,https://api.carbonmapper.org/api/v1/catalog/asset/l3a-vis-ch4-mf-v002/2023/08/24/GAO20230824t185535p0000-G/GAO20230824t185535p0000-G_l3a-vis-ch4-mf-v002_plume.tif,https://api.carbonmapper.org/api/v1/catalog/asset/l3a-ch4-mf-v1/2023/08/24/GAO20230824t185535p0000-G/GAO20230824t185535p0000-G_l3a-ch4-mf-v1_concentrations.tif,/data2/yuyao/methane_emission/data/raw_data_dir/S2B_MSIL2A_20230825T171859_N0510_R012_T14SKA_20241017T081533.SAFE,/data2/yuyao/methane_emission/carbonmapper_data_l89_l2sp/GAO20230824t185535p0000-G/l8_LC09_L2SP_030038_20230824_20230826_02_T1.tif,0.004419,5.34
GAO20230824t185535p0000-H,https://api.carbonmapper.org/api/v1/catalog/asset/l3a-vis-ch4-mf-v002/2023/08/24/GAO20230824t185535p0000-H/GAO20230824t185535p0000-H_l3a-vis-ch4-mf-v002_plume.tif,https://api.carbonmapper.org/api/v1/catalog/asset/l3a-ch4-mf-v1/2023/08/24/GAO20230824t185535p0000-H/GAO20230824t185535p0000-H_l3a-ch4-mf-v1_concentrations.tif,/data2/yuyao/methane_emission/data/raw_data_dir/S2B_MSIL2A_20230825T171859_N0510_R012_T13SGR_20241017T081533.SAFE,/data2/yuyao/methane_emission/carbonmapper_data_l89_l2sp/GAO20230824t185535p0000-H/l8_LC09_L2SP_030038_20230824_20230826_02_T1.tif,0.174521,5.34
GAO20230824t185535p0000-H,https://api.carbonmapper.org/api/v1/catalog/asset/l3a-vis-ch4-mf-v002/2023/08/24/GAO20230824t185535p0000-H/GAO20230824t185535p0000-H_l3a-vis-ch4-mf-v002_plume.tif,https://api.carbonmapper.org/api/v1/catalog/asset/l3a-ch4-mf-v1/2023/08/24/GAO20230824t185535p0000-H/GAO20230824t185535p0000-H_l3a-ch4-mf-v1_concentrations.tif,/data2/yuyao/methane_emission/data/raw_data_dir/S2B_MSIL2A_20230825T171859_N0510_R012_T14SKA_20241017T081533.SAFE,/data2/yuyao/methane_emission/carbonmapper_data_l89_l2sp/GAO20230824t185535p0000-H/l8_LC09_L2SP_030038_20230824_20230826_02_T1.tif,0.004419,5.34
GAO20230825t163030p0000-A,https://api.carbonmapper.org/api/v1/catalog/asset/l3a-vis-ch4-mf-v002/2023/08/25/GAO20230825t163030p0000-A/GAO20230825t163030p0000-A_l3a-vis-ch4-mf-v002_plume.tif,https://api.carbonmapper.org/api/v1/catalog/asset/l3a-ime-ch4-mf-v1/2023/08/25/GAO20230825t163030p0000-A/GAO20230825t163030p0000-A_l3a-ime-ch4-mf-v1_ime-cmf-concentrations.tif,/data2/yuyao/methane_emission/data/raw_data_dir/S2B_MSIL2A_20230825T171859_N0510_R012_T13SGR_20241017T081533.SAFE,/data2/yuyao/methane_emission/carbonmapper_data_l89_l2sp/GAO20230825t163030p0000-A/l8_LC09_L2SP_030038_20230824_20230826_02_T1.tif,0.174521,5.34
GAO20230825t164346p0000-C,https://api.carbonmapper.org/api/v1/catalog/asset/l3a-vis-ch4-mf-v002/2023/08/25/GAO20230825t164346p0000-C/GAO20230825t164346p0000-C_l3a-vis-ch4-mf-v002_plume.tif,https://api.carbonmapper.org/api/v1/catalog/asset/l3a-ch4-mf-v1/2023/08/25/GAO20230825t164346p0000-C/GAO20230825t164346p0000-C_l3a-ch4-mf-v1_concentrations.tif,/data2/yuyao/methane_emission/data/raw_data_dir/S2B_MSIL2A_20230825T171859_N0510_R012_T13SGR_20241017T081533.SAFE,/data2/yuyao/methane_emission/carbonmapper_data_l89_l2sp/GAO20230825t164346p0000-C/l8_LC09_L2SP_030038_20230824_20230826_02_T1.tif,0.174521,5.34
GAO20230825t165735p0000-A,https://api.carbonmapper.org/api/v1/catalog/asset/l3a-vis-ch4-mf-v002/2023/08/25/GAO20230825t165735p0000-A/GAO20230825t165735p0000-A_l3a-vis-ch4-mf-v002_plume.tif,https://api.carbonmapper.org/api/v1/catalog/asset/l3a-ch4-mf-v1/2023/08/25/GAO20230825t165735p0000-A/GAO20230825t165735p0000-A_l3a-ch4-mf-v1_concentrations.tif,/data2/yuyao/methane_emission/data/raw_data_dir/S2B_MSIL2A_20230825T171859_N0510_R012_T13SGR_20241017T081533.SAFE,/data2/yuyao/methane_emission/carbonmapper_data_l89_l2sp/GAO20230825t165735p0000-A/l8_LC09_L2SP_030038_20230824_20230826_02_T1.tif,0.174521,5.34
GAO20230825t165735p0000-B,https://api.carbonmapper.org/api/v1/catalog/asset/l3a-vis-ch4-mf-v002/2023/08/25/GAO20230825t165735p0000-B/GAO20230825t165735p0000-B_l3a-vis-ch4-mf-v002_plume.tif,https://api.carbonmapper.org/api/v1/catalog/asset/l3a-ch4-mf-v1/2023/08/25/GAO20230825t165735p0000-B/GAO20230825t165735p0000-B_l3a-ch4-mf-v1_concentrations.tif,/data2/yuyao/methane_emission/data/raw_data_dir/S2B_MSIL2A_20230825T171859_N0510_R012_T13SGR_20241017T081533.SAFE,/data2/yuyao/methane_emission/carbonmapper_data_l89_l2sp/GAO20230825t165735p0000-B/l8_LC09_L2SP_030038_20230824_20230826_02_T1.tif,0.174521,5.34
GAO20230825t170410p0000-A,https://api.carbonmapper.org/api/v1/catalog/asset/l3a-vis-ch4-mf-v002/2023/08/25/GAO20230825t170410p0000-A/GAO20230825t170410p0000-A_l3a-vis-ch4-mf-v002_plume.tif,https://api.carbonmapper.org/api/v1/catalog/asset/l3a-ch4-mf-v1/2023/08/25/GAO20230825t170410p0000-A/GAO20230825t170410p0000-A_l3a-ch4-mf-v1_concentrations.tif,/data2/yuyao/methane_emission/data/raw_data_dir/S2B_MSIL2A_20230825T171859_N0510_R012_T13SGR_20241017T081533.SAFE,/data2/yuyao/methane_emission/carbonmapper_data_l89_l2sp/GAO20230825t170410p0000-A/l8_LC09_L2SP_030038_20230824_20230826_02_T1.tif,0.174521,5.34
GAO20230825t171035p0000-A,https://api.carbonmapper.org/api/v1/catalog/asset/l3a-vis-ch4-mf-v002/2023/08/25/GAO20230825t171035p0000-A/GAO20230825t171035p0000-A_l3a-vis-ch4-mf-v002_plume.tif,https://api.carbonmapper.org/api/v1/catalog/asset/l3a-ch4-mf-v1/2023/08/25/GAO20230825t171035p0000-A/GAO20230825t171035p0000-A_l3a-ch4-mf-v1_concentrations.tif,/data2/yuyao/methane_emission/data/raw_data_dir/S2B_MSIL2A_20230825T171859_N0510_R012_T13SGR_20241017T081533.SAFE,/data2/yuyao/methane_emission/carbonmapper_data_l89_l2sp/GAO20230825t171035p0000-A/l8_LC09_L2SP_030038_20230824_20230826_02_T1.tif,0.174521,5.34
GAO20230825t171710p0000-D,https://api.carbonmapper.org/api/v1/catalog/asset/l3a-vis-ch4-mf-v002/2023/08/25/GAO20230825t171710p0000-D/GAO20230825t171710p0000-D_l3a-vis-ch4-mf-v002_plume.tif,,/data2/yuyao/methane_emission/data/raw_data_dir/S2B_MSIL2A_20230825T171859_N0510_R012_T13SGR_20241017T081533.SAFE,/data2/yuyao/methane_emission/carbonmapper_data_l89_l2sp/GAO20230825t171710p0000-D/l8_LC09_L2SP_030038_20230824_20230826_02_T1.tif,0.174521,5.34
GAO20230825t171710p0000-E,https://api.carbonmapper.org/api/v1/catalog/asset/l3a-vis-ch4-mf-v002/2023/08/25/GAO20230825t171710p0000-E/GAO20230825t171710p0000-E_l3a-vis-ch4-mf-v002_plume.tif,,/data2/yuyao/methane_emission/data/raw_data_dir/S2B_MSIL2A_20230825T171859_N0510_R012_T14SKA_20241017T081533.SAFE,/data2/yuyao/methane_emission/carbonmapper_data_l89_l2sp/GAO20230825t171710p0000-E/l8_LC09_L2SP_030038_20230824_20230826_02_T1.tif,0.004419,5.34
GAO20230912t181313p0000-A,https://api.carbonmapper.org/api/v1/catalog/asset/l3a-vis-ch4-mf-v002/2023/09/12/GAO20230912t181313p0000-A/GAO20230912t181313p0000-A_l3a-vis-ch4-mf-v002_plume.tif,https://api.carbonmapper.org/api/v1/catalog/asset/l3a-ch4-mf-v1/2023/09/12/GAO20230912t181313p0000-A/GAO20230912t181313p0000-A_l3a-ch4-mf-v1_concentrations.tif,/data2/yuyao/methane_emission/data/raw_data_dir/S2B_MSIL2A_20230913T174909_N0510_R141_T13TEE_20241023T211344.SAFE,/data2/yuyao/methane_emission/carbonmapper_data_l89_l2sp/GAO20230912t181313p0000-A/l8_LC08_L2SP_034032_20230913_20230919_02_T1.tif,19.035144,21.42
GAO20230912t183548p0000-A,https://api.carbonmapper.org/api/v1/catalog/asset/l3a-vis-ch4-mf-v002/2023/09/12/GAO20230912t183548p0000-A/GAO20230912t183548p0000-A_l3a-vis-ch4-mf-v002_plume.tif,https://api.carbonmapper.org/api/v1/catalog/asset/l3a-ch4-mf-v1/2023/09/12/GAO20230912t183548p0000-A/GAO20230912t183548p0000-A_l3a-ch4-mf-v1_concentrations.tif,/data2/yuyao/methane_emission/data/raw_data_dir/S2B_MSIL2A_20230913T174909_N0510_R141_T13TEE_20241023T211344.SAFE,/data2/yuyao/methane_emission/carbonmapper_data_l89_l2sp/GAO20230912t183548p0000-A/l8_LC08_L2SP_034032_20230913_20230919_02_T1.tif,19.035144,21.42
GAO20230912t193133p0000-A,https://api.carbonmapper.org/api/v1/catalog/asset/l3a-vis-ch4-mf-v002/2023/09/12/GAO20230912t193133p0000-A/GAO20230912t193133p0000-A_l3a-vis-ch4-mf-v002_plume.tif,https://api.carbonmapper.org/api/v1/catalog/asset/l3a-ch4-mf-v1/2023/09/12/GAO20230912t193133p0000-A/GAO20230912t193133p0000-A_l3a-ch4-mf-v1_concentrations.tif,/data2/yuyao/methane_emission/data/raw_data_dir/S2B_MSIL2A_20230913T174909_N0510_R141_T13TEE_20241023T211344.SAFE,/data2/yuyao/methane_emission/carbonmapper_data_l89_l2sp/GAO20230912t193133p0000-A/l8_LC08_L2SP_034032_20230913_20230919_02_T1.tif,19.035144,21.42
GAO20230912t193133p0000-A,https://api.carbonmapper.org/api/v1/catalog/asset/l3a-vis-ch4-mf-v002/2023/09/12/GAO20230912t193133p0000-A/GAO20230912t193133p0000-A_l3a-vis-ch4-mf-v002_plume.tif,https://api.carbonmapper.org/api/v1/catalog/asset/l3a-ch4-mf-v1/2023/09/12/GAO20230912t193133p0000-A/GAO20230912t193133p0000-A_l3a-ch4-mf-v1_concentrations.tif,/data2/yuyao/methane_emission/data/raw_data_dir/S2B_MSIL2A_20230913T174909_N0510_R141_T13TDE_20241023T211344.SAFE,/data2/yuyao/methane_emission/carbonmapper_data_l89_l2sp/GAO20230912t193133p0000-A/l8_LC08_L2SP_034032_20230913_20230919_02_T1.tif,24.130261,21.42
GAO20230912t193133p0000-B,https://api.carbonmapper.org/api/v1/catalog/asset/l3a-vis-ch4-mf-v002/2023/09/12/GAO20230912t193133p0000-B/GAO20230912t193133p0000-B_l3a-vis-ch4-mf-v002_plume.tif,,/data2/yuyao/methane_emission/data/raw_data_dir/S2B_MSIL2A_20230913T174909_N0510_R141_T13TEE_20241023T211344.SAFE,/data2/yuyao/methane_emission/carbonmapper_data_l89_l2sp/GAO20230912t193133p0000-B/l8_LC08_L2SP_034032_20230913_20230919_02_T1.tif,19.035144,21.42
GAO20230912t194153p0000-A,https://api.carbonmapper.org/api/v1/catalog/asset/l3a-vis-ch4-mf-v002/2023/09/12/GAO20230912t194153p0000-A/GAO20230912t194153p0000-A_l3a-vis-ch4-mf-v002_plume.tif,https://api.carbonmapper.org/api/v1/catalog/asset/l3a-ime-ch4-mf-v1/2023/09/12/GAO20230912t194153p0000-A/GAO20230912t194153p0000-A_l3a-ime-ch4-mf-v1_ime-cmf-concentrations.tif,/data2/yuyao/methane_emission/data/raw_data_dir/S2B_MSIL2A_20230913T174909_N0510_R141_T13TDE_20241023T211344.SAFE,/data2/yuyao/methane_emission/carbonmapper_data_l89_l2sp/GAO20230912t194153p0000-A/l8_LC08_L2SP_034032_20230913_20230919_02_T1.tif,24.130261,21.42
GAO20230912t194153p0000-A,https://api.carbonmapper.org/api/v1/catalog/asset/l3a-vis-ch4-mf-v002/2023/09/12/GAO20230912t194153p0000-A/GAO20230912t194153p0000-A_l3a-vis-ch4-mf-v002_plume.tif,https://api.carbonmapper.org/api/v1/catalog/asset/l3a-ime-ch4-mf-v1/2023/09/12/GAO20230912t194153p0000-A/GAO20230912t194153p0000-A_l3a-ime-ch4-mf-v1_ime-cmf-concentrations.tif,/data2/yuyao/methane_emission/data/raw_data_dir/S2B_MSIL2A_20230913T174909_N0510_R141_T13TEE_20241023T211344.SAFE,/data2/yuyao/methane_emission/carbonmapper_data_l89_l2sp/GAO20230912t194153p0000-A/l8_LC08_L2SP_034032_20230913_20230919_02_T1.tif,19.035144,21.42
GAO20230920t182805p0000-A,https://api.carbonmapper.org/api/v1/catalog/asset/l3a-vis-ch4-mf-v002/2023/09/20/GAO20230920t182805p0000-A/GAO20230920t182805p0000-A_l3a-vis-ch4-mf-v002_plume.tif,https://api.carbonmapper.org/api/v1/catalog/asset/l3a-ch4-mf-v1/2023/09/20/GAO20230920t182805p0000-A/GAO20230920t182805p0000-A_l3a-ch4-mf-v1_concentrations.tif,/data2/yuyao/methane_emission/data/raw_data_dir/S2B_MSIL2A_20230920T173929_N0510_R098_T13TEE_20241106T085259.SAFE,/data2/yuyao/methane_emission/carbonmapper_data_l89_l2sp/GAO20230920t182805p0000-A/l8_LC09_L2SP_034032_20230921_20230923_02_T1.tif,0.061161,28.08
GAO20230927t173235p0000-A,https://api.carbonmapper.org/api/v1/catalog/asset/l3a-vis-ch4-mf-v002/2023/09/27/GAO20230927t173235p0000-A/GAO20230927t173235p0000-A_l3a-vis-ch4-mf-v002_plume.tif,https://api.carbonmapper.org/api/v1/catalog/asset/l3a-ch4-mf-v1/2023/09/27/GAO20230927t173235p0000-A/GAO20230927t173235p0000-A_l3a-ch4-mf-v1_concentrations.tif,/data2/yuyao/methane_emission/data/raw_data_dir/S2B_MSIL2A_20230926T180019_N0510_R041_T13SBD_20241027T070924.SAFE,/data2/yuyao/methane_emission/carbonmapper_data_l89_l2sp/GAO20230927t173235p0000-A/l8_LC08_L2SP_036032_20230927_20231003_02_T1.tif,0.129012,0.0
GAO20230927t173235p0000-A,https://api.carbonmapper.org/api/v1/catalog/asset/l3a-vis-ch4-mf-v002/2023/09/27/GAO20230927t173235p0000-A/GAO20230927t173235p0000-A_l3a-vis-ch4-mf-v002_plume.tif,https://api.carbonmapper.org/api/v1/catalog/asset/l3a-ch4-mf-v1/2023/09/27/GAO20230927t173235p0000-A/GAO20230927t173235p0000-A_l3a-ch4-mf-v1_concentrations.tif,/data2/yuyao/methane_emission/data/raw_data_dir/S2B_MSIL2A_20230926T180019_N0510_R041_T12SYJ_20241027T070924.SAFE,/data2/yuyao/methane_emission/carbonmapper_data_l89_l2sp/GAO20230927t173235p0000-A/l8_LC08_L2SP_036032_20230927_20231003_02_T1.tif,0.046015,0.0
GAO20230927t173919p0000-A,https://api.carbonmapper.org/api/v1/catalog/asset/l3a-vis-ch4-mf-v002/2023/09/27/GAO20230927t173919p0000-A/GAO20230927t173919p0000-A_l3a-vis-ch4-mf-v002_plume.tif,https://api.carbonmapper.org/api/v1/catalog/asset/l3a-ch4-mf-v1/2023/09/27/GAO20230927t173919p0000-A/GAO20230927t173919p0000-A_l3a-ch4-mf-v1_concentrations.tif,/data2/yuyao/methane_emission/data/raw_data_dir/S2B_MSIL2A_20230926T180019_N0510_R041_T13SBD_20241027T070924.SAFE,/data2/yuyao/methane_emission/carbonmapper_data_l89_l2sp/GAO20230927t173919p0000-A/l8_LC08_L2SP_036032_20230927_20231003_02_T1.tif,0.129012,0.0
GAO20230927t173919p0000-A,https://api.carbonmapper.org/api/v1/catalog/asset/l3a-vis-ch4-mf-v002/2023/09/27/GAO20230927t173919p0000-A/GAO20230927t173919p0000-A_l3a-vis-ch4-mf-v002_plume.tif,https://api.carbonmapper.org/api/v1/catalog/asset/l3a-ch4-mf-v1/2023/09/27/GAO20230927t173919p0000-A/GAO20230927t173919p0000-A_l3a-ch4-mf-v1_concentrations.tif,/data2/yuyao/methane_emission/data/raw_data_dir/S2B_MSIL2A_20230926T180019_N0510_R041_T12SYJ_20241027T070924.SAFE,/data2/yuyao/methane_emission/carbonmapper_data_l89_l2sp/GAO20230927t173919p0000-A/l8_LC08_L2SP_036032_20230927_20231003_02_T1.tif,0.046015,0.0
GAO20230927t174624p0000-A,https://api.carbonmapper.org/api/v1/catalog/asset/l3a-vis-ch4-mf-v002/2023/09/27/GAO20230927t174624p0000-A/GAO20230927t174624p0000-A_l3a-vis-ch4-mf-v002_plume.tif,https://api.carbonmapper.org/api/v1/catalog/asset/l3a-ch4-mf-v1/2023/09/27/GAO20230927t174624p0000-A/GAO20230927t174624p0000-A_l3a-ch4-mf-v1_concentrations.tif,/data2/yuyao/methane_emission/data/raw_data_dir/S2B_MSIL2A_20230926T180019_N0510_R041_T13SBD_20241027T070924.SAFE,/data2/yuyao/methane_emission/carbonmapper_data_l89_l2sp/GAO20230927t174624p0000-A/l8_LC08_L2SP_036032_20230927_20231003_02_T1.tif,0.129012,0.0
GAO20230927t174624p0000-A,https://api.carbonmapper.org/api/v1/catalog/asset/l3a-vis-ch4-mf-v002/2023/09/27/GAO20230927t174624p0000-A/GAO20230927t174624p0000-A_l3a-vis-ch4-mf-v002_plume.tif,https://api.carbonmapper.org/api/v1/catalog/asset/l3a-ch4-mf-v1/2023/09/27/GAO20230927t174624p0000-A/GAO20230927t174624p0000-A_l3a-ch4-mf-v1_concentrations.tif,/data2/yuyao/methane_emission/data/raw_data_dir/S2B_MSIL2A_20230926T180019_N0510_R041_T12SYJ_20241027T070924.SAFE,/data2/yuyao/methane_emission/carbonmapper_data_l89_l2sp/GAO20230927t174624p0000-A/l8_LC08_L2SP_036032_20230927_20231003_02_T1.tif,0.046015,0.0
GAO20230927t175340p0000-A,https://api.carbonmapper.org/api/v1/catalog/asset/l3a-vis-ch4-mf-v002/2023/09/27/GAO20230927t175340p0000-A/GAO20230927t175340p0000-A_l3a-vis-ch4-mf-v002_plume.tif,https://api.carbonmapper.org/api/v1/catalog/asset/l3a-ch4-mf-v1/2023/09/27/GAO20230927t175340p0000-A/GAO20230927t175340p0000-A_l3a-ch4-mf-v1_concentrations.tif,/data2/yuyao/methane_emission/data/raw_data_dir/S2B_MSIL2A_20230926T180019_N0510_R041_T13TBE_20241027T070924.SAFE,/data2/yuyao/methane_emission/carbonmapper_data_l89_l2sp/GAO20230927t175340p0000-A/l8_LC08_L2SP_036032_20230927_20231003_02_T1.tif,3e-06,0.0
GAO20230927t175340p0000-A,https://api.carbonmapper.org/api/v1/catalog/asset/l3a-vis-ch4-mf-v002/2023/09/27/GAO20230927t175340p0000-A/GAO20230927t175340p0000-A_l3a-vis-ch4-mf-v002_plume.tif,https://api.carbonmapper.org/api/v1/catalog/asset/l3a-ch4-mf-v1/2023/09/27/GAO20230927t175340p0000-A/GAO20230927t175340p0000-A_l3a-ch4-mf-v1_concentrations.tif,/data2/yuyao/methane_emission/data/raw_data_dir/S2B_MSIL2A_20230926T180019_N0510_R041_T13TBE_20241027T070924.SAFE,/data2/yuyao/methane_emission/carbonmapper_data_l89_l2sp/GAO20230927t175340p0000-A/l8_LC09_L2SP_035032_20230928_20230930_02_T1.tif,3e-06,0.07
GAO20230927t175340p0000-A,https://api.carbonmapper.org/api/v1/catalog/asset/l3a-vis-ch4-mf-v002/2023/09/27/GAO20230927t175340p0000-A/GAO20230927t175340p0000-A_l3a-vis-ch4-mf-v002_plume.tif,https://api.carbonmapper.org/api/v1/catalog/asset/l3a-ch4-mf-v1/2023/09/27/GAO20230927t175340p0000-A/GAO20230927t175340p0000-A_l3a-ch4-mf-v1_concentrations.tif,/data2/yuyao/methane_emission/data/raw_data_dir/S2B_MSIL2A_20230926T180019_N0510_R041_T12SYJ_20241027T070924.SAFE,/data2/yuyao/methane_emission/carbonmapper_data_l89_l2sp/GAO20230927t175340p0000-A/l8_LC08_L2SP_036032_20230927_20231003_02_T1.tif,0.046015,0.0
GAO20230927t175340p0000-A,https://api.carbonmapper.org/api/v1/catalog/asset/l3a-vis-ch4-mf-v002/2023/09/27/GAO20230927t175340p0000-A/GAO20230927t175340p0000-A_l3a-vis-ch4-mf-v002_plume.tif,https://api.carbonmapper.org/api/v1/catalog/asset/l3a-ch4-mf-v1/2023/09/27/GAO20230927t175340p0000-A/GAO20230927t175340p0000-A_l3a-ch4-mf-v1_concentrations.tif,/data2/yuyao/methane_emission/data/raw_data_dir/S2B_MSIL2A_20230926T180019_N0510_R041_T12SYJ_20241027T070924.SAFE,/data2/yuyao/methane_emission/carbonmapper_data_l89_l2sp/GAO20230927t175340p0000-A/l8_LC09_L2SP_035032_20230928_20230930_02_T1.tif,0.046015,0.07
GAO20230927t175340p0000-A,https://api.carbonmapper.org/api/v1/catalog/asset/l3a-vis-ch4-mf-v002/2023/09/27/GAO20230927t175340p0000-A/GAO20230927t175340p0000-A_l3a-vis-ch4-mf-v002_plume.tif,https://api.carbonmapper.org/api/v1/catalog/asset/l3a-ch4-mf-v1/2023/09/27/GAO20230927t175340p0000-A/GAO20230927t175340p0000-A_l3a-ch4-mf-v1_concentrations.tif,/data2/yuyao/methane_emission/data/raw_data_dir/S2B_MSIL2A_20230926T180019_N0510_R041_T13SBD_20241027T070924.SAFE,/data2/yuyao/methane_emission/carbonmapper_data_l89_l2sp/GAO20230927t175340p0000-A/l8_LC08_L2SP_036032_20230927_20231003_02_T1.tif,0.129012,0.0
GAO20230927t175340p0000-A,https://api.carbonmapper.org/api/v1/catalog/asset/l3a-vis-ch4-mf-v002/2023/09/27/GAO20230927t175340p0000-A/GAO20230927t175340p0000-A_l3a-vis-ch4-mf-v002_plume.tif,https://api.carbonmapper.org/api/v1/catalog/asset/l3a-ch4-mf-v1/2023/09/27/GAO20230927t175340p0000-A/GAO20230927t175340p0000-A_l3a-ch4-mf-v1_concentrations.tif,/data2/yuyao/methane_emission/data/raw_data_dir/S2B_MSIL2A_20230926T180019_N0510_R041_T13SBD_20241027T070924.SAFE,/data2/yuyao/methane_emission/carbonmapper_data_l89_l2sp/GAO20230927t175340p0000-A/l8_LC09_L2SP_035032_20230928_20230930_02_T1.tif,0.129012,0.07
GAO20230929t170607p0000-A,https://api.carbonmapper.org/api/v1/catalog/asset/l3a-vis-ch4-mf-v002/2023/09/29/GAO20230929t170607p0000-A/GAO20230929t170607p0000-A_l3a-vis-ch4-mf-v002_plume.tif,https://api.carbonmapper.org/api/v1/catalog/asset/l3a-ch4-mf-v1/2023/09/29/GAO20230929t170607p0000-A/GAO20230929t170607p0000-A_l3a-ch4-mf-v1_concentrations.tif,/data2/yuyao/methane_emission/data/raw_data_dir/S2A_MSIL2A_20230928T175121_N0510_R141_T13TEE_20241105T213404.SAFE,/data2/yuyao/methane_emission/carbonmapper_data_l89_l2sp/GAO20230929t170607p0000-A/l8_LC08_L2SP_034032_20230929_20231003_02_T1.tif,5.643365,19.89
GAO20230929t171732p0000-A,https://api.carbonmapper.org/api/v1/catalog/asset/l3a-vis-ch4-mf-v002/2023/09/29/GAO20230929t171732p0000-A/GAO20230929t171732p0000-A_l3a-vis-ch4-mf-v002_plume.tif,https://api.carbonmapper.org/api/v1/catalog/asset/l3a-ch4-mf-v1/2023/09/29/GAO20230929t171732p0000-A/GAO20230929t171732p0000-A_l3a-ch4-mf-v1_concentrations.tif,/data2/yuyao/methane_emission/data/raw_data_dir/S2A_MSIL2A_20230928T175121_N0510_R141_T13TDE_20241105T213404.SAFE,/data2/yuyao/methane_emission/carbonmapper_data_l89_l2sp/GAO20230929t171732p0000-A/l8_LC08_L2SP_034032_20230929_20231003_02_T1.tif,0.046297,19.89
GAO20230929t171732p0000-A,https://api.carbonmapper.org/api/v1/catalog/asset/l3a-vis-ch4-mf-v002/2023/09/29/GAO20230929t171732p0000-A/GAO20230929t171732p0000-A_l3a-vis-ch4-mf-v002_plume.tif,https://api.carbonmapper.org/api/v1/catalog/asset/l3a-ch4-mf-v1/2023/09/29/GAO20230929t171732p0000-A/GAO20230929t171732p0000-A_l3a-ch4-mf-v1_concentrations.tif,/data2/yuyao/methane_emission/data/raw_data_dir/S2A_MSIL2A_20230928T175121_N0510_R141_T13TEE_20241105T213404.SAFE,/data2/yuyao/methane_emission/carbonmapper_data_l89_l2sp/GAO20230929t171732p0000-A/l8_LC08_L2SP_034032_20230929_20231003_02_T1.tif,5.643365,19.89
GAO20231005t193008p0000-A,https://api.carbonmapper.org/api/v1/catalog/asset/l3a-vis-ch4-mf-v002/2023/10/05/GAO20231005t193008p0000-A/GAO20231005t193008p0000-A_l3a-vis-ch4-mf-v002_plume.tif,https://api.carbonmapper.org/api/v1/catalog/asset/l3a-ch4-mf-v1/2023/10/05/GAO20231005t193008p0000-A/GAO20231005t193008p0000-A_l3a-ch4-mf-v1_concentrations.tif,/data2/yuyao/methane_emission/data/raw_data_dir/S2B_MSIL2A_20231006T180129_N0510_R041_T13SBD_20241108T025408.SAFE,/data2/yuyao/methane_emission/carbonmapper_data_l89_l2sp/GAO20231005t193008p0000-A/l8_LC09_L2SP_036033_20231005_20231006_02_T1.tif,0.000896,0.0
GAO20231005t193008p0000-A,https://api.carbonmapper.org/api/v1/catalog/asset/l3a-vis-ch4-mf-v002/2023/10/05/GAO20231005t193008p0000-A/GAO20231005t193008p0000-A_l3a-vis-ch4-mf-v002_plume.tif,https://api.carbonmapper.org/api/v1/catalog/asset/l3a-ch4-mf-v1/2023/10/05/GAO20231005t193008p0000-A/GAO20231005t193008p0000-A_l3a-ch4-mf-v1_concentrations.tif,/data2/yuyao/methane_emission/data/raw_data_dir/S2B_MSIL2A_20231006T180129_N0510_R041_T13SBD_20241108T025408.SAFE,/data2/yuyao/methane_emission/carbonmapper_data_l89_l2sp/GAO20231005t193008p0000-A/l8_LC08_L2SP_035033_20231006_20231011_02_T1.tif,0.000896,0.48
GAO20240415t183808p0000-A,https://api.carbonmapper.org/api/v1/catalog/asset/l3a-vis-ch4-mf-v002/2024/04/15/GAO20240415t183808p0000-A/GAO20240415t183808p0000-A_l3a-vis-ch4-mf-v002_plume.tif,,/data2/yuyao/methane_emission/data/raw_data_dir/S2B_MSIL2A_20240415T183919_N0510_R070_T11SLU_20240415T224931.SAFE,/data2/yuyao/methane_emission/carbonmapper_data_l89_l2sp/GAO20240415t183808p0000-A/l8_LC08_L2SP_042036_20240416_20240423_02_T1.tif,42.473596,1.09
GAO20240415t183808p0000-B,https://api.carbonmapper.org/api/v1/catalog/asset/l3a-vis-ch4-mf-v002/2024/04/15/GAO20240415t183808p0000-B/GAO20240415t183808p0000-B_l3a-vis-ch4-mf-v002_plume.tif,,/data2/yuyao/methane_emission/data/raw_data_dir/S2B_MSIL2A_20240415T183919_N0510_R070_T11SLU_20240415T224931.SAFE,/data2/yuyao/methane_emission/carbonmapper_data_l89_l2sp/GAO20240415t183808p0000-B/l8_LC08_L2SP_042036_20240416_20240423_02_T1.tif,42.473596,1.09
GAO20240415t183808p0000-D,https://api.carbonmapper.org/api/v1/catalog/asset/l3a-vis-ch4-mf-v002/2024/04/15/GAO20240415t183808p0000-D/GAO20240415t183808p0000-D_l3a-vis-ch4-mf-v002_plume.tif,,/data2/yuyao/methane_emission/data/raw_data_dir/S2B_MSIL2A_20240415T183919_N0510_R070_T11SLU_20240415T224931.SAFE,/data2/yuyao/methane_emission/carbonmapper_data_l89_l2sp/GAO20240415t183808p0000-D/l8_LC08_L2SP_042036_20240416_20240423_02_T1.tif,42.473596,1.09
GAO20240415t190413p0000-A,https://api.carbonmapper.org/api/v1/catalog/asset/l3a-vis-ch4-mf-v002/2024/04/15/GAO20240415t190413p0000-A/GAO20240415t190413p0000-A_l3a-vis-ch4-mf-v002_plume.tif,,/data2/yuyao/methane_emission/data/raw_data_dir/S2B_MSIL2A_20240415T183919_N0510_R070_T11SLU_20240415T224931.SAFE,/data2/yuyao/methane_emission/carbonmapper_data_l89_l2sp/GAO20240415t190413p0000-A/l8_LC08_L2SP_042036_20240416_20240423_02_T1.tif,42.473596,1.09
GAO20240415t190413p0000-C,https://api.carbonmapper.org/api/v1/catalog/asset/l3a-vis-ch4-mf-v002/2024/04/15/GAO20240415t190413p0000-C/GAO20240415t190413p0000-C_l3a-vis-ch4-mf-v002_plume.tif,,/data2/yuyao/methane_emission/data/raw_data_dir/S2B_MSIL2A_20240415T183919_N0510_R070_T11SLU_20240415T224931.SAFE,/data2/yuyao/methane_emission/carbonmapper_data_l89_l2sp/GAO20240415t190413p0000-C/l8_LC08_L2SP_042036_20240416_20240423_02_T1.tif,42.473596,1.09
GAO20240415t190413p0000-D,https://api.carbonmapper.org/api/v1/catalog/asset/l3a-vis-ch4-mf-v002/2024/04/15/GAO20240415t190413p0000-D/GAO20240415t190413p0000-D_l3a-vis-ch4-mf-v002_plume.tif,,/data2/yuyao/methane_emission/data/raw_data_dir/S2B_MSIL2A_20240415T183919_N0510_R070_T11SLU_20240415T224931.SAFE,/data2/yuyao/methane_emission/carbonmapper_data_l89_l2sp/GAO20240415t190413p0000-D/l8_LC08_L2SP_042036_20240416_20240423_02_T1.tif,42.473596,1.09
GAO20240415t190413p0000-E,https://api.carbonmapper.org/api/v1/catalog/asset/l3a-vis-ch4-mf-v002/2024/04/15/GAO20240415t190413p0000-E/GAO20240415t190413p0000-E_l3a-vis-ch4-mf-v002_plume.tif,,/data2/yuyao/methane_emission/data/raw_data_dir/S2B_MSIL2A_20240415T183919_N0510_R070_T11SLU_20240415T224931.SAFE,/data2/yuyao/methane_emission/carbonmapper_data_l89_l2sp/GAO20240415t190413p0000-E/l8_LC08_L2SP_042036_20240416_20240423_02_T1.tif,42.473596,1.09
GAO20240415t193148p0000-A,https://api.carbonmapper.org/api/v1/catalog/asset/l3a-vis-ch4-mf-v002/2024/04/15/GAO20240415t193148p0000-A/GAO20240415t193148p0000-A_l3a-vis-ch4-mf-v002_plume.tif,,/data2/yuyao/methane_emission/data/raw_data_dir/S2B_MSIL2A_20240415T183919_N0510_R070_T11SLU_20240415T224931.SAFE,/data2/yuyao/methane_emission/carbonmapper_data_l89_l2sp/GAO20240415t193148p0000-A/l8_LC08_L2SP_042036_20240416_20240423_02_T1.tif,42.473596,1.09
GAO20240415t193148p0000-B,https://api.carbonmapper.org/api/v1/catalog/asset/l3a-vis-ch4-mf-v002/2024/04/15/GAO20240415t193148p0000-B/GAO20240415t193148p0000-B_l3a-vis-ch4-mf-v002_plume.tif,,/data2/yuyao/methane_emission/data/raw_data_dir/S2B_MSIL2A_20240415T183919_N0510_R070_T11SLU_20240415T224931.SAFE,/data2/yuyao/methane_emission/carbonmapper_data_l89_l2sp/GAO20240415t193148p0000-B/l8_LC08_L2SP_042036_20240416_20240423_02_T1.tif,42.473596,1.09
GAO20240415t193148p0000-C,https://api.carbonmapper.org/api/v1/catalog/asset/l3a-vis-ch4-mf-v002/2024/04/15/GAO20240415t193148p0000-C/GAO20240415t193148p0000-C_l3a-vis-ch4-mf-v002_plume.tif,,/data2/yuyao/methane_emission/data/raw_data_dir/S2B_MSIL2A_20240415T183919_N0510_R070_T11SLU_20240415T224931.SAFE,/data2/yuyao/methane_emission/carbonmapper_data_l89_l2sp/GAO20240415t193148p0000-C/l8_LC08_L2SP_042036_20240416_20240423_02_T1.tif,42.473596,1.09
GAO20240416t172936p0000-A,https://api.carbonmapper.org/api/v1/catalog/asset/l3a-vis-ch4-mf-v002/2024/04/16/GAO20240416t172936p0000-A/GAO20240416t172936p0000-A_l3a-vis-ch4-mf-v002_plume.tif,,/data2/yuyao/methane_emission/data/raw_data_dir/S2B_MSIL2A_20240415T183919_N0510_R070_T11SLU_20240415T224931.SAFE,/data2/yuyao/methane_emission/carbonmapper_data_l89_l2sp/GAO20240416t172936p0000-A/l8_LC08_L2SP_042036_20240416_20240423_02_T1.tif,42.473596,1.09
GAO20240416t172936p0000-B,https://api.carbonmapper.org/api/v1/catalog/asset/l3a-vis-ch4-mf-v002/2024/04/16/GAO20240416t172936p0000-B/GAO20240416t172936p0000-B_l3a-vis-ch4-mf-v002_plume.tif,,/data2/yuyao/methane_emission/data/raw_data_dir/S2B_MSIL2A_20240415T183919_N0510_R070_T11SLU_20240415T224931.SAFE,/data2/yuyao/methane_emission/carbonmapper_data_l89_l2sp/GAO20240416t172936p0000-B/l8_LC08_L2SP_042036_20240416_20240423_02_T1.tif,42.473596,1.09
GAO20240416t184420p0000-A,https://api.carbonmapper.org/api/v1/catalog/asset/l3a-vis-ch4-mf-v002/2024/04/16/GAO20240416t184420p0000-A/GAO20240416t184420p0000-A_l3a-vis-ch4-mf-v002_plume.tif,,/data2/yuyao/methane_emission/data/raw_data_dir/S2A_MSIL2A_20240417T182921_N0510_R027_T11SLT_20240418T004654.SAFE,/data2/yuyao/methane_emission/carbonmapper_data_l89_l2sp/GAO20240416t184420p0000-A/l8_LC09_L2SP_041036_20240417_20240418_02_T1.tif,42.500174,23.98
GAO20240416t184420p0000-A,https://api.carbonmapper.org/api/v1/catalog/asset/l3a-vis-ch4-mf-v002/2024/04/16/GAO20240416t184420p0000-A/GAO20240416t184420p0000-A_l3a-vis-ch4-mf-v002_plume.tif,,/data2/yuyao/methane_emission/data/raw_data_dir/S2A_MSIL2A_20240417T182921_N0510_R027_T11SLU_20240418T004654.SAFE,/data2/yuyao/methane_emission/carbonmapper_data_l89_l2sp/GAO20240416t184420p0000-A/l8_LC09_L2SP_041036_20240417_20240418_02_T1.tif,38.865036,23.98
GAO20240416t184420p0000-B,https://api.carbonmapper.org/api/v1/catalog/asset/l3a-vis-ch4-mf-v002/2024/04/16/GAO20240416t184420p0000-B/GAO20240416t184420p0000-B_l3a-vis-ch4-mf-v002_plume.tif,,/data2/yuyao/methane_emission/data/raw_data_dir/S2A_MSIL2A_20240417T182921_N0510_R027_T11SLU_20240418T004654.SAFE,/data2/yuyao/methane_emission/carbonmapper_data_l89_l2sp/GAO20240416t184420p0000-B/l8_LC09_L2SP_041036_20240417_20240418_02_T1.tif,38.865036,23.98
GAO20240416t184420p0000-B,https://api.carbonmapper.org/api/v1/catalog/asset/l3a-vis-ch4-mf-v002/2024/04/16/GAO20240416t184420p0000-B/GAO20240416t184420p0000-B_l3a-vis-ch4-mf-v002_plume.tif,,/data2/yuyao/methane_emission/data/raw_data_dir/S2A_MSIL2A_20240417T182921_N0510_R027_T11SLT_20240418T004654.SAFE,/data2/yuyao/methane_emission/carbonmapper_data_l89_l2sp/GAO20240416t184420p0000-B/l8_LC09_L2SP_041036_20240417_20240418_02_T1.tif,42.500174,23.98
GAO20240416t184420p0000-C,https://api.carbonmapper.org/api/v1/catalog/asset/l3a-vis-ch4-mf-v002/2024/04/16/GAO20240416t184420p0000-C/GAO20240416t184420p0000-C_l3a-vis-ch4-mf-v002_plume.tif,,/data2/yuyao/methane_emission/data/raw_data_dir/S2A_MSIL2A_20240417T182921_N0510_R027_T11SLU_20240418T004654.SAFE,/data2/yuyao/methane_emission/carbonmapper_data_l89_l2sp/GAO20240416t184420p0000-C/l8_LC09_L2SP_041036_20240417_20240418_02_T1.tif,38.865036,23.98
GAO20240416t184420p0000-C,https://api.carbonmapper.org/api/v1/catalog/asset/l3a-vis-ch4-mf-v002/2024/04/16/GAO20240416t184420p0000-C/GAO20240416t184420p0000-C_l3a-vis-ch4-mf-v002_plume.tif,,/data2/yuyao/methane_emission/data/raw_data_dir/S2A_MSIL2A_20240417T182921_N0510_R027_T11SLT_20240418T004654.SAFE,/data2/yuyao/methane_emission/carbonmapper_data_l89_l2sp/GAO20240416t184420p0000-C/l8_LC09_L2SP_041036_20240417_20240418_02_T1.tif,42.500174,23.98
GAO20240416t184420p0000-D,https://api.carbonmapper.org/api/v1/catalog/asset/l3a-vis-ch4-mf-v002/2024/04/16/GAO20240416t184420p0000-D/GAO20240416t184420p0000-D_l3a-vis-ch4-mf-v002_plume.tif,,/data2/yuyao/methane_emission/data/raw_data_dir/S2A_MSIL2A_20240417T182921_N0510_R027_T11SLT_20240418T004654.SAFE,/data2/yuyao/methane_emission/carbonmapper_data_l89_l2sp/GAO20240416t184420p0000-D/l8_LC09_L2SP_041036_20240417_20240418_02_T1.tif,42.500174,23.98
GAO20240416t184420p0000-D,https://api.carbonmapper.org/api/v1/catalog/asset/l3a-vis-ch4-mf-v002/2024/04/16/GAO20240416t184420p0000-D/GAO20240416t184420p0000-D_l3a-vis-ch4-mf-v002_plume.tif,,/data2/yuyao/methane_emission/data/raw_data_dir/S2A_MSIL2A_20240417T182921_N0510_R027_T11SLU_20240418T004654.SAFE,/data2/yuyao/methane_emission/carbonmapper_data_l89_l2sp/GAO20240416t184420p0000-D/l8_LC09_L2SP_041036_20240417_20240418_02_T1.tif,38.865036,23.98
GAO20240416t184420p0000-E,https://api.carbonmapper.org/api/v1/catalog/asset/l3a-vis-ch4-mf-v002/2024/04/16/GAO20240416t184420p0000-E/GAO20240416t184420p0000-E_l3a-vis-ch4-mf-v002_plume.tif,,/data2/yuyao/methane_emission/data/raw_data_dir/S2A_MSIL2A_20240417T182921_N0510_R027_T11SLT_20240418T004654.SAFE,/data2/yuyao/methane_emission/carbonmapper_data_l89_l2sp/GAO20240416t184420p0000-E/l8_LC09_L2SP_041036_20240417_20240418_02_T1.tif,42.500174,23.98
GAO20240416t184420p0000-E,https://api.carbonmapper.org/api/v1/catalog/asset/l3a-vis-ch4-mf-v002/2024/04/16/GAO20240416t184420p0000-E/GAO20240416t184420p0000-E_l3a-vis-ch4-mf-v002_plume.tif,,/data2/yuyao/methane_emission/data/raw_data_dir/S2A_MSIL2A_20240417T182921_N0510_R027_T11SLU_20240418T004654.SAFE,/data2/yuyao/methane_emission/carbonmapper_data_l89_l2sp/GAO20240416t184420p0000-E/l8_LC09_L2SP_041036_20240417_20240418_02_T1.tif,38.865036,23.98
GAO20240416t184915p0000-A,https://api.carbonmapper.org/api/v1/catalog/asset/l3a-vis-ch4-mf-v002/2024/04/16/GAO20240416t184915p0000-A/GAO20240416t184915p0000-A_l3a-vis-ch4-mf-v002_plume.tif,,/data2/yuyao/methane_emission/data/raw_data_dir/S2A_MSIL2A_20240417T182921_N0510_R027_T11SLU_20240418T004654.SAFE,/data2/yuyao/methane_emission/carbonmapper_data_l89_l2sp/GAO20240416t184915p0000-A/l8_LC09_L2SP_041036_20240417_20240418_02_T1.tif,38.865036,23.98
GAO20240416t184915p0000-B,https://api.carbonmapper.org/api/v1/catalog/asset/l3a-vis-ch4-mf-v002/2024/04/16/GAO20240416t184915p0000-B/GAO20240416t184915p0000-B_l3a-vis-ch4-mf-v002_plume.tif,,/data2/yuyao/methane_emission/data/raw_data_dir/S2A_MSIL2A_20240417T182921_N0510_R027_T11SLU_20240418T004654.SAFE,/data2/yuyao/methane_emission/carbonmapper_data_l89_l2sp/GAO20240416t184915p0000-B/l8_LC09_L2SP_041036_20240417_20240418_02_T1.tif,38.865036,23.98
GAO20240416t184915p0000-C,https://api.carbonmapper.org/api/v1/catalog/asset/l3a-vis-ch4-mf-v002/2024/04/16/GAO20240416t184915p0000-C/GAO20240416t184915p0000-C_l3a-vis-ch4-mf-v002_plume.tif,,/data2/yuyao/methane_emission/data/raw_data_dir/S2A_MSIL2A_20240417T182921_N0510_R027_T11SLU_20240418T004654.SAFE,/data2/yuyao/methane_emission/carbonmapper_data_l89_l2sp/GAO20240416t184915p0000-C/l8_LC09_L2SP_041036_20240417_20240418_02_T1.tif,38.865036,23.98
GAO20240416t184915p0000-D,https://api.carbonmapper.org/api/v1/catalog/asset/l3a-vis-ch4-mf-v002/2024/04/16/GAO20240416t184915p0000-D/GAO20240416t184915p0000-D_l3a-vis-ch4-mf-v002_plume.tif,,/data2/yuyao/methane_emission/data/raw_data_dir/S2A_MSIL2A_20240417T182921_N0510_R027_T11SLU_20240418T004654.SAFE,/data2/yuyao/methane_emission/carbonmapper_data_l89_l2sp/GAO20240416t184915p0000-D/l8_LC09_L2SP_041036_20240417_20240418_02_T1.tif,38.865036,23.98
GAO20240416t184915p0000-E,https://api.carbonmapper.org/api/v1/catalog/asset/l3a-vis-ch4-mf-v002/2024/04/16/GAO20240416t184915p0000-E/GAO20240416t184915p0000-E_l3a-vis-ch4-mf-v002_plume.tif,,/data2/yuyao/methane_emission/data/raw_data_dir/S2A_MSIL2A_20240417T182921_N0510_R027_T11SLU_20240418T004654.SAFE,/data2/yuyao/methane_emission/carbonmapper_data_l89_l2sp/GAO20240416t184915p0000-E/l8_LC09_L2SP_041036_20240417_20240418_02_T1.tif,38.865036,23.98
GAO20240416t184915p0000-F,https://api.carbonmapper.org/api/v1/catalog/asset/l3a-vis-ch4-mf-v002/2024/04/16/GAO20240416t184915p0000-F/GAO20240416t184915p0000-F_l3a-vis-ch4-mf-v002_plume.tif,,/data2/yuyao/methane_emission/data/raw_data_dir/S2A_MSIL2A_20240417T182921_N0510_R027_T11SLU_20240418T004654.SAFE,/data2/yuyao/methane_emission/carbonmapper_data_l89_l2sp/GAO20240416t184915p0000-F/l8_LC09_L2SP_041036_20240417_20240418_02_T1.tif,38.865036,23.98
GAO20240416t184915p0000-G,https://api.carbonmapper.org/api/v1/catalog/asset/l3a-vis-ch4-mf-v002/2024/04/16/GAO20240416t184915p0000-G/GAO20240416t184915p0000-G_l3a-vis-ch4-mf-v002_plume.tif,,/data2/yuyao/methane_emission/data/raw_data_dir/S2A_MSIL2A_20240417T182921_N0510_R027_T11SLU_20240418T004654.SAFE,/data2/yuyao/methane_emission/carbonmapper_data_l89_l2sp/GAO20240416t184915p0000-G/l8_LC09_L2SP_041036_20240417_20240418_02_T1.tif,38.865036,23.98
GAO20240416t184915p0000-H,https://api.carbonmapper.org/api/v1/catalog/asset/l3a-vis-ch4-mf-v002/2024/04/16/GAO20240416t184915p0000-H/GAO20240416t184915p0000-H_l3a-vis-ch4-mf-v002_plume.tif,,/data2/yuyao/methane_emission/data/raw_data_dir/S2A_MSIL2A_20240417T182921_N0510_R027_T11SLU_20240418T004654.SAFE,/data2/yuyao/methane_emission/carbonmapper_data_l89_l2sp/GAO20240416t184915p0000-H/l8_LC09_L2SP_041036_20240417_20240418_02_T1.tif,38.865036,23.98
GAO20240416t184915p0000-I,https://api.carbonmapper.org/api/v1/catalog/asset/l3a-vis-ch4-mf-v002/2024/04/16/GAO20240416t184915p0000-I/GAO20240416t184915p0000-I_l3a-vis-ch4-mf-v002_plume.tif,,/data2/yuyao/methane_emission/data/raw_data_dir/S2A_MSIL2A_20240417T182921_N0510_R027_T11SLU_20240418T004654.SAFE,/data2/yuyao/methane_emission/carbonmapper_data_l89_l2sp/GAO20240416t184915p0000-I/l8_LC09_L2SP_041036_20240417_20240418_02_T1.tif,38.865036,23.98
GAO20240416t185545p0000-A,https://api.carbonmapper.org/api/v1/catalog/asset/l3a-vis-ch4-mf-v002/2024/04/16/GAO20240416t185545p0000-A/GAO20240416t185545p0000-A_l3a-vis-ch4-mf-v002_plume.tif,,/data2/yuyao/methane_emission/data/raw_data_dir/S2A_MSIL2A_20240417T182921_N0510_R027_T11SLU_20240418T004654.SAFE,/data2/yuyao/methane_emission/carbonmapper_data_l89_l2sp/GAO20240416t185545p0000-A/l8_LC08_L2SP_042036_20240416_20240423_02_T1.tif,38.865036,1.09
GAO20240416t185545p0000-A,https://api.carbonmapper.org/api/v1/catalog/asset/l3a-vis-ch4-mf-v002/2024/04/16/GAO20240416t185545p0000-A/GAO20240416t185545p0000-A_l3a-vis-ch4-mf-v002_plume.tif,,/data2/yuyao/methane_emission/data/raw_data_dir/S2A_MSIL2A_20240417T182921_N0510_R027_T11SLU_20240418T004654.SAFE,/data2/yuyao/methane_emission/carbonmapper_data_l89_l2sp/GAO20240416t185545p0000-A/l8_LC09_L2SP_041036_20240417_20240418_02_T1.tif,38.865036,23.98
GAO20240416t185545p0000-B,https://api.carbonmapper.org/api/v1/catalog/asset/l3a-vis-ch4-mf-v002/2024/04/16/GAO20240416t185545p0000-B/GAO20240416t185545p0000-B_l3a-vis-ch4-mf-v002_plume.tif,,/data2/yuyao/methane_emission/data/raw_data_dir/S2A_MSIL2A_20240417T182921_N0510_R027_T11SLU_20240418T004654.SAFE,/data2/yuyao/methane_emission/carbonmapper_data_l89_l2sp/GAO20240416t185545p0000-B/l8_LC08_L2SP_042036_20240416_20240423_02_T1.tif,38.865036,1.09
GAO20240416t185545p0000-B,https://api.carbonmapper.org/api/v1/catalog/asset/l3a-vis-ch4-mf-v002/2024/04/16/GAO20240416t185545p0000-B/GAO20240416t185545p0000-B_l3a-vis-ch4-mf-v002_plume.tif,,/data2/yuyao/methane_emission/data/raw_data_dir/S2A_MSIL2A_20240417T182921_N0510_R027_T11SLU_20240418T004654.SAFE,/data2/yuyao/methane_emission/carbonmapper_data_l89_l2sp/GAO20240416t185545p0000-B/l8_LC09_L2SP_041036_20240417_20240418_02_T1.tif,38.865036,23.98
GAO20240416t185545p0000-C,https://api.carbonmapper.org/api/v1/catalog/asset/l3a-vis-ch4-mf-v002/2024/04/16/GAO20240416t185545p0000-C/GAO20240416t185545p0000-C_l3a-vis-ch4-mf-v002_plume.tif,,/data2/yuyao/methane_emission/data/raw_data_dir/S2A_MSIL2A_20240417T182921_N0510_R027_T11SLU_20240418T004654.SAFE,/data2/yuyao/methane_emission/carbonmapper_data_l89_l2sp/GAO20240416t185545p0000-C/l8_LC08_L2SP_042036_20240416_20240423_02_T1.tif,38.865036,1.09
GAO20240416t185545p0000-C,https://api.carbonmapper.org/api/v1/catalog/asset/l3a-vis-ch4-mf-v002/2024/04/16/GAO20240416t185545p0000-C/GAO20240416t185545p0000-C_l3a-vis-ch4-mf-v002_plume.tif,,/data2/yuyao/methane_emission/data/raw_data_dir/S2A_MSIL2A_20240417T182921_N0510_R027_T11SLU_20240418T004654.SAFE,/data2/yuyao/methane_emission/carbonmapper_data_l89_l2sp/GAO20240416t185545p0000-C/l8_LC09_L2SP_041036_20240417_20240418_02_T1.tif,38.865036,23.98
GAO20240416t185545p0000-D,https://api.carbonmapper.org/api/v1/catalog/asset/l3a-vis-ch4-mf-v002/2024/04/16/GAO20240416t185545p0000-D/GAO20240416t185545p0000-D_l3a-vis-ch4-mf-v002_plume.tif,,/data2/yuyao/methane_emission/data/raw_data_dir/S2A_MSIL2A_20240417T182921_N0510_R027_T11SLU_20240418T004654.SAFE,/data2/yuyao/methane_emission/carbonmapper_data_l89_l2sp/GAO20240416t185545p0000-D/l8_LC08_L2SP_042036_20240416_20240423_02_T1.tif,38.865036,1.09
GAO20240416t185545p0000-D,https://api.carbonmapper.org/api/v1/catalog/asset/l3a-vis-ch4-mf-v002/2024/04/16/GAO20240416t185545p0000-D/GAO20240416t185545p0000-D_l3a-vis-ch4-mf-v002_plume.tif,,/data2/yuyao/methane_emission/data/raw_data_dir/S2A_MSIL2A_20240417T182921_N0510_R027_T11SLU_20240418T004654.SAFE,/data2/yuyao/methane_emission/carbonmapper_data_l89_l2sp/GAO20240416t185545p0000-D/l8_LC09_L2SP_041036_20240417_20240418_02_T1.tif,38.865036,23.98
GAO20240416t190205p0000-D,https://api.carbonmapper.org/api/v1/catalog/asset/l3a-vis-ch4-mf-v002/2024/04/16/GAO20240416t190205p0000-D/GAO20240416t190205p0000-D_l3a-vis-ch4-mf-v002_plume.tif,,/data2/yuyao/methane_emission/data/raw_data_dir/S2A_MSIL2A_20240417T182921_N0510_R027_T11SLT_20240418T004654.SAFE,/data2/yuyao/methane_emission/carbonmapper_data_l89_l2sp/GAO20240416t190205p0000-D/l8_LC09_L2SP_041036_20240417_20240418_02_T1.tif,42.500174,23.98
GAO20240416t190205p0000-D,https://api.carbonmapper.org/api/v1/catalog/asset/l3a-vis-ch4-mf-v002/2024/04/16/GAO20240416t190205p0000-D/GAO20240416t190205p0000-D_l3a-vis-ch4-mf-v002_plume.tif,,/data2/yuyao/methane_emission/data/raw_data_dir/S2A_MSIL2A_20240417T182921_N0510_R027_T11SLU_20240418T004654.SAFE,/data2/yuyao/methane_emission/carbonmapper_data_l89_l2sp/GAO20240416t190205p0000-D/l8_LC09_L2SP_041036_20240417_20240418_02_T1.tif,38.865036,23.98
GAO20240416t190205p0000-E,https://api.carbonmapper.org/api/v1/catalog/asset/l3a-vis-ch4-mf-v002/2024/04/16/GAO20240416t190205p0000-E/GAO20240416t190205p0000-E_l3a-vis-ch4-mf-v002_plume.tif,,/data2/yuyao/methane_emission/data/raw_data_dir/S2A_MSIL2A_20240417T182921_N0510_R027_T11SLT_20240418T004654.SAFE,/data2/yuyao/methane_emission/carbonmapper_data_l89_l2sp/GAO20240416t190205p0000-E/l8_LC09_L2SP_041036_20240417_20240418_02_T1.tif,42.500174,23.98
GAO20240416t190205p0000-E,https://api.carbonmapper.org/api/v1/catalog/asset/l3a-vis-ch4-mf-v002/2024/04/16/GAO20240416t190205p0000-E/GAO20240416t190205p0000-E_l3a-vis-ch4-mf-v002_plume.tif,,/data2/yuyao/methane_emission/data/raw_data_dir/S2A_MSIL2A_20240417T182921_N0510_R027_T11SLU_20240418T004654.SAFE,/data2/yuyao/methane_emission/carbonmapper_data_l89_l2sp/GAO20240416t190205p0000-E/l8_LC09_L2SP_041036_20240417_20240418_02_T1.tif,38.865036,23.98
GAO20240416t190205p0000-G,https://api.carbonmapper.org/api/v1/catalog/asset/l3a-vis-ch4-mf-v002/2024/04/16/GAO20240416t190205p0000-G/GAO20240416t190205p0000-G_l3a-vis-ch4-mf-v002_plume.tif,,/data2/yuyao/methane_emission/data/raw_data_dir/S2A_MSIL2A_20240417T182921_N0510_R027_T11SLU_20240418T004654.SAFE,/data2/yuyao/methane_emission/carbonmapper_data_l89_l2sp/GAO20240416t190205p0000-G/l8_LC09_L2SP_041036_20240417_20240418_02_T1.tif,38.865036,23.98
GAO20240416t190205p0000-G,https://api.carbonmapper.org/api/v1/catalog/asset/l3a-vis-ch4-mf-v002/2024/04/16/GAO20240416t190205p0000-G/GAO20240416t190205p0000-G_l3a-vis-ch4-mf-v002_plume.tif,,/data2/yuyao/methane_emission/data/raw_data_dir/S2A_MSIL2A_20240417T182921_N0510_R027_T11SLT_20240418T004654.SAFE,/data2/yuyao/methane_emission/carbonmapper_data_l89_l2sp/GAO20240416t190205p0000-G/l8_LC09_L2SP_041036_20240417_20240418_02_T1.tif,42.500174,23.98
GAO20240416t190205p0000-H,https://api.carbonmapper.org/api/v1/catalog/asset/l3a-vis-ch4-mf-v002/2024/04/16/GAO20240416t190205p0000-H/GAO20240416t190205p0000-H_l3a-vis-ch4-mf-v002_plume.tif,,/data2/yuyao/methane_emission/data/raw_data_dir/S2A_MSIL2A_20240417T182921_N0510_R027_T11SLT_20240418T004654.SAFE,/data2/yuyao/methane_emission/carbonmapper_data_l89_l2sp/GAO20240416t190205p0000-H/l8_LC09_L2SP_041036_20240417_20240418_02_T1.tif,42.500174,23.98
GAO20240416t190205p0000-H,https://api.carbonmapper.org/api/v1/catalog/asset/l3a-vis-ch4-mf-v002/2024/04/16/GAO20240416t190205p0000-H/GAO20240416t190205p0000-H_l3a-vis-ch4-mf-v002_plume.tif,,/data2/yuyao/methane_emission/data/raw_data_dir/S2A_MSIL2A_20240417T182921_N0510_R027_T11SLU_20240418T004654.SAFE,/data2/yuyao/methane_emission/carbonmapper_data_l89_l2sp/GAO20240416t190205p0000-H/l8_LC09_L2SP_041036_20240417_20240418_02_T1.tif,38.865036,23.98
GAO20240416t190205p0000-I,https://api.carbonmapper.org/api/v1/catalog/asset/l3a-vis-ch4-mf-v002/2024/04/16/GAO20240416t190205p0000-I/GAO20240416t190205p0000-I_l3a-vis-ch4-mf-v002_plume.tif,,/data2/yuyao/methane_emission/data/raw_data_dir/S2A_MSIL2A_20240417T182921_N0510_R027_T11SLT_20240418T004654.SAFE,/data2/yuyao/methane_emission/carbonmapper_data_l89_l2sp/GAO20240416t190205p0000-I/l8_LC09_L2SP_041036_20240417_20240418_02_T1.tif,42.500174,23.98
GAO20240416t190205p0000-I,https://api.carbonmapper.org/api/v1/catalog/asset/l3a-vis-ch4-mf-v002/2024/04/16/GAO20240416t190205p0000-I/GAO20240416t190205p0000-I_l3a-vis-ch4-mf-v002_plume.tif,,/data2/yuyao/methane_emission/data/raw_data_dir/S2A_MSIL2A_20240417T182921_N0510_R027_T11SLU_20240418T004654.SAFE,/data2/yuyao/methane_emission/carbonmapper_data_l89_l2sp/GAO20240416t190205p0000-I/l8_LC09_L2SP_041036_20240417_20240418_02_T1.tif,38.865036,23.98
GAO20240416t190205p0000-J,https://api.carbonmapper.org/api/v1/catalog/asset/l3a-vis-ch4-mf-v002/2024/04/16/GAO20240416t190205p0000-J/GAO20240416t190205p0000-J_l3a-vis-ch4-mf-v002_plume.tif,,/data2/yuyao/methane_emission/data/raw_data_dir/S2A_MSIL2A_20240417T182921_N0510_R027_T11SLU_20240418T004654.SAFE,/data2/yuyao/methane_emission/carbonmapper_data_l89_l2sp/GAO20240416t190205p0000-J/l8_LC09_L2SP_041036_20240417_20240418_02_T1.tif,38.865036,23.98
GAO20240416t190205p0000-J,https://api.carbonmapper.org/api/v1/catalog/asset/l3a-vis-ch4-mf-v002/2024/04/16/GAO20240416t190205p0000-J/GAO20240416t190205p0000-J_l3a-vis-ch4-mf-v002_plume.tif,,/data2/yuyao/methane_emission/data/raw_data_dir/S2A_MSIL2A_20240417T182921_N0510_R027_T11SLT_20240418T004654.SAFE,/data2/yuyao/methane_emission/carbonmapper_data_l89_l2sp/GAO20240416t190205p0000-J/l8_LC09_L2SP_041036_20240417_20240418_02_T1.tif,42.500174,23.98
GAO20240416t190730p0000-A,https://api.carbonmapper.org/api/v1/catalog/asset/l3a-vis-ch4-mf-v002/2024/04/16/GAO20240416t190730p0000-A/GAO20240416t190730p0000-A_l3a-vis-ch4-mf-v002_plume.tif,,/data2/yuyao/methane_emission/data/raw_data_dir/S2A_MSIL2A_20240417T182921_N0510_R027_T11SLT_20240418T004654.SAFE,/data2/yuyao/methane_emission/carbonmapper_data_l89_l2sp/GAO20240416t190730p0000-A/l8_LC09_L2SP_041036_20240417_20240418_02_T1.tif,42.500174,23.98
GAO20240416t190730p0000-A,https://api.carbonmapper.org/api/v1/catalog/asset/l3a-vis-ch4-mf-v002/2024/04/16/GAO20240416t190730p0000-A/GAO20240416t190730p0000-A_l3a-vis-ch4-mf-v002_plume.tif,,/data2/yuyao/methane_emission/data/raw_data_dir/S2A_MSIL2A_20240417T182921_N0510_R027_T11SLU_20240418T004654.SAFE,/data2/yuyao/methane_emission/carbonmapper_data_l89_l2sp/GAO20240416t190730p0000-A/l8_LC09_L2SP_041036_20240417_20240418_02_T1.tif,38.865036,23.98
GAO20240416t190730p0000-C,https://api.carbonmapper.org/api/v1/catalog/asset/l3a-vis-ch4-mf-v002/2024/04/16/GAO20240416t190730p0000-C/GAO20240416t190730p0000-C_l3a-vis-ch4-mf-v002_plume.tif,,/data2/yuyao/methane_emission/data/raw_data_dir/S2A_MSIL2A_20240417T182921_N0510_R027_T11SLU_20240418T004654.SAFE,/data2/yuyao/methane_emission/carbonmapper_data_l89_l2sp/GAO20240416t190730p0000-C/l8_LC09_L2SP_041036_20240417_20240418_02_T1.tif,38.865036,23.98
GAO20240416t190730p0000-C,https://api.carbonmapper.org/api/v1/catalog/asset/l3a-vis-ch4-mf-v002/2024/04/16/GAO20240416t190730p0000-C/GAO20240416t190730p0000-C_l3a-vis-ch4-mf-v002_plume.tif,,/data2/yuyao/methane_emission/data/raw_data_dir/S2A_MSIL2A_20240417T182921_N0510_R027_T11SLT_20240418T004654.SAFE,/data2/yuyao/methane_emission/carbonmapper_data_l89_l2sp/GAO20240416t190730p0000-C/l8_LC09_L2SP_041036_20240417_20240418_02_T1.tif,42.500174,23.98
GAO20240416t190730p0000-D,https://api.carbonmapper.org/api/v1/catalog/asset/l3a-vis-ch4-mf-v002/2024/04/16/GAO20240416t190730p0000-D/GAO20240416t190730p0000-D_l3a-vis-ch4-mf-v002_plume.tif,https://api.carbonmapper.org/api/v1/catalog/asset/l3a-ime-ch4-mf-v1/2024/04/16/GAO20240416t190730p0000-D/GAO20240416t190730p0000-D_l3a-ime-ch4-mf-v1_ime-cmf-concentrations.tif,/data2/yuyao/methane_emission/data/raw_data_dir/S2A_MSIL2A_20240417T182921_N0510_R027_T11SLU_20240418T004654.SAFE,/data2/yuyao/methane_emission/carbonmapper_data_l89_l2sp/GAO20240416t190730p0000-D/l8_LC09_L2SP_041036_20240417_20240418_02_T1.tif,38.865036,23.98
GAO20240416t190730p0000-D,https://api.carbonmapper.org/api/v1/catalog/asset/l3a-vis-ch4-mf-v002/2024/04/16/GAO20240416t190730p0000-D/GAO20240416t190730p0000-D_l3a-vis-ch4-mf-v002_plume.tif,https://api.carbonmapper.org/api/v1/catalog/asset/l3a-ime-ch4-mf-v1/2024/04/16/GAO20240416t190730p0000-D/GAO20240416t190730p0000-D_l3a-ime-ch4-mf-v1_ime-cmf-concentrations.tif,/data2/yuyao/methane_emission/data/raw_data_dir/S2A_MSIL2A_20240417T182921_N0510_R027_T11SLT_20240418T004654.SAFE,/data2/yuyao/methane_emission/carbonmapper_data_l89_l2sp/GAO20240416t190730p0000-D/l8_LC09_L2SP_041036_20240417_20240418_02_T1.tif,42.500174,23.98
GAO20240416t190730p0000-E,https://api.carbonmapper.org/api/v1/catalog/asset/l3a-vis-ch4-mf-v002/2024/04/16/GAO20240416t190730p0000-E/GAO20240416t190730p0000-E_l3a-vis-ch4-mf-v002_plume.tif,,/data2/yuyao/methane_emission/data/raw_data_dir/S2A_MSIL2A_20240417T182921_N0510_R027_T11SLT_20240418T004654.SAFE,/data2/yuyao/methane_emission/carbonmapper_data_l89_l2sp/GAO20240416t190730p0000-E/l8_LC09_L2SP_041036_20240417_20240418_02_T1.tif,42.500174,23.98
GAO20240416t190730p0000-E,https://api.carbonmapper.org/api/v1/catalog/asset/l3a-vis-ch4-mf-v002/2024/04/16/GAO20240416t190730p0000-E/GAO20240416t190730p0000-E_l3a-vis-ch4-mf-v002_plume.tif,,/data2/yuyao/methane_emission/data/raw_data_dir/S2A_MSIL2A_20240417T182921_N0510_R027_T11SLU_20240418T004654.SAFE,/data2/yuyao/methane_emission/carbonmapper_data_l89_l2sp/GAO20240416t190730p0000-E/l8_LC09_L2SP_041036_20240417_20240418_02_T1.tif,38.865036,23.98
GAO20240416t190730p0000-F,https://api.carbonmapper.org/api/v1/catalog/asset/l3a-vis-ch4-mf-v002/2024/04/16/GAO20240416t190730p0000-F/GAO20240416t190730p0000-F_l3a-vis-ch4-mf-v002_plume.tif,,/data2/yuyao/methane_emission/data/raw_data_dir/S2A_MSIL2A_20240417T182921_N0510_R027_T11SLT_20240418T004654.SAFE,/data2/yuyao/methane_emission/carbonmapper_data_l89_l2sp/GAO20240416t190730p0000-F/l8_LC09_L2SP_041036_20240417_20240418_02_T1.tif,42.500174,23.98
GAO20240416t190730p0000-F,https://api.carbonmapper.org/api/v1/catalog/asset/l3a-vis-ch4-mf-v002/2024/04/16/GAO20240416t190730p0000-F/GAO20240416t190730p0000-F_l3a-vis-ch4-mf-v002_plume.tif,,/data2/yuyao/methane_emission/data/raw_data_dir/S2A_MSIL2A_20240417T182921_N0510_R027_T11SLU_20240418T004654.SAFE,/data2/yuyao/methane_emission/carbonmapper_data_l89_l2sp/GAO20240416t190730p0000-F/l8_LC09_L2SP_041036_20240417_20240418_02_T1.tif,38.865036,23.98
GAO20240416t190730p0000-G,https://api.carbonmapper.org/api/v1/catalog/asset/l3a-vis-ch4-mf-v002/2024/04/16/GAO20240416t190730p0000-G/GAO20240416t190730p0000-G_l3a-vis-ch4-mf-v002_plume.tif,,/data2/yuyao/methane_emission/data/raw_data_dir/S2A_MSIL2A_20240417T182921_N0510_R027_T11SLU_20240418T004654.SAFE,/data2/yuyao/methane_emission/carbonmapper_data_l89_l2sp/GAO20240416t190730p0000-G/l8_LC09_L2SP_041036_20240417_20240418_02_T1.tif,38.865036,23.98
GAO20240416t190730p0000-G,https://api.carbonmapper.org/api/v1/catalog/asset/l3a-vis-ch4-mf-v002/2024/04/16/GAO20240416t190730p0000-G/GAO20240416t190730p0000-G_l3a-vis-ch4-mf-v002_plume.tif,,/data2/yuyao/methane_emission/data/raw_data_dir/S2A_MSIL2A_20240417T182921_N0510_R027_T11SLT_20240418T004654.SAFE,/data2/yuyao/methane_emission/carbonmapper_data_l89_l2sp/GAO20240416t190730p0000-G/l8_LC09_L2SP_041036_20240417_20240418_02_T1.tif,42.500174,23.98
GAO20240416t191456p0000-A,https://api.carbonmapper.org/api/v1/catalog/asset/l3a-vis-ch4-mf-v002/2024/04/16/GAO20240416t191456p0000-A/GAO20240416t191456p0000-A_l3a-vis-ch4-mf-v002_plume.tif,,/data2/yuyao/methane_emission/data/raw_data_dir/S2A_MSIL2A_20240417T182921_N0510_R027_T11SLU_20240418T004654.SAFE,/data2/yuyao/methane_emission/carbonmapper_data_l89_l2sp/GAO20240416t191456p0000-A/l8_LC09_L2SP_041036_20240417_20240418_02_T1.tif,38.865036,23.98
GAO20240416t191456p0000-C,https://api.carbonmapper.org/api/v1/catalog/asset/l3a-vis-ch4-mf-v002/2024/04/16/GAO20240416t191456p0000-C/GAO20240416t191456p0000-C_l3a-vis-ch4-mf-v002_plume.tif,,/data2/yuyao/methane_emission/data/raw_data_dir/S2A_MSIL2A_20240417T182921_N0510_R027_T11SLU_20240418T004654.SAFE,/data2/yuyao/methane_emission/carbonmapper_data_l89_l2sp/GAO20240416t191456p0000-C/l8_LC09_L2SP_041036_20240417_20240418_02_T1.tif,38.865036,23.98
GAO20240416t191456p0000-E,https://api.carbonmapper.org/api/v1/catalog/asset/l3a-vis-ch4-mf-v002/2024/04/16/GAO20240416t191456p0000-E/GAO20240416t191456p0000-E_l3a-vis-ch4-mf-v002_plume.tif,,/data2/yuyao/methane_emission/data/raw_data_dir/S2A_MSIL2A_20240417T182921_N0510_R027_T11SLU_20240418T004654.SAFE,/data2/yuyao/methane_emission/carbonmapper_data_l89_l2sp/GAO20240416t191456p0000-E/l8_LC09_L2SP_041036_20240417_20240418_02_T1.tif,38.865036,23.98
GAO20240416t191456p0000-F,https://api.carbonmapper.org/api/v1/catalog/asset/l3a-vis-ch4-mf-v002/2024/04/16/GAO20240416t191456p0000-F/GAO20240416t191456p0000-F_l3a-vis-ch4-mf-v002_plume.tif,,/data2/yuyao/methane_emission/data/raw_data_dir/S2A_MSIL2A_20240417T182921_N0510_R027_T11SLU_20240418T004654.SAFE,/data2/yuyao/methane_emission/carbonmapper_data_l89_l2sp/GAO20240416t191456p0000-F/l8_LC09_L2SP_041036_20240417_20240418_02_T1.tif,38.865036,23.98
GAO20240416t191456p0000-G,https://api.carbonmapper.org/api/v1/catalog/asset/l3a-vis-ch4-mf-v002/2024/04/16/GAO20240416t191456p0000-G/GAO20240416t191456p0000-G_l3a-vis-ch4-mf-v002_plume.tif,,/data2/yuyao/methane_emission/data/raw_data_dir/S2A_MSIL2A_20240417T182921_N0510_R027_T11SLU_20240418T004654.SAFE,/data2/yuyao/methane_emission/carbonmapper_data_l89_l2sp/GAO20240416t191456p0000-G/l8_LC09_L2SP_041036_20240417_20240418_02_T1.tif,38.865036,23.98
GAO20240416t191456p0000-H,https://api.carbonmapper.org/api/v1/catalog/asset/l3a-vis-ch4-mf-v002/2024/04/16/GAO20240416t191456p0000-H/GAO20240416t191456p0000-H_l3a-vis-ch4-mf-v002_plume.tif,,/data2/yuyao/methane_emission/data/raw_data_dir/S2A_MSIL2A_20240417T182921_N0510_R027_T11SLU_20240418T004654.SAFE,/data2/yuyao/methane_emission/carbonmapper_data_l89_l2sp/GAO20240416t191456p0000-H/l8_LC09_L2SP_041036_20240417_20240418_02_T1.tif,38.865036,23.98
GAO20240416t191456p0000-I,https://api.carbonmapper.org/api/v1/catalog/asset/l3a-vis-ch4-mf-v002/2024/04/16/GAO20240416t191456p0000-I/GAO20240416t191456p0000-I_l3a-vis-ch4-mf-v002_plume.tif,,/data2/yuyao/methane_emission/data/raw_data_dir/S2A_MSIL2A_20240417T182921_N0510_R027_T11SLU_20240418T004654.SAFE,/data2/yuyao/methane_emission/carbonmapper_data_l89_l2sp/GAO20240416t191456p0000-I/l8_LC09_L2SP_041036_20240417_20240418_02_T1.tif,38.865036,23.98
GAO20240416t191456p0000-J,https://api.carbonmapper.org/api/v1/catalog/asset/l3a-vis-ch4-mf-v002/2024/04/16/GAO20240416t191456p0000-J/GAO20240416t191456p0000-J_l3a-vis-ch4-mf-v002_plume.tif,,/data2/yuyao/methane_emission/data/raw_data_dir/S2A_MSIL2A_20240417T182921_N0510_R027_T11SLU_20240418T004654.SAFE,/data2/yuyao/methane_emission/carbonmapper_data_l89_l2sp/GAO20240416t191456p0000-J/l8_LC09_L2SP_041036_20240417_20240418_02_T1.tif,38.865036,23.98
GAO20240416t191456p0000-K,https://api.carbonmapper.org/api/v1/catalog/asset/l3a-vis-ch4-mf-v002/2024/04/16/GAO20240416t191456p0000-K/GAO20240416t191456p0000-K_l3a-vis-ch4-mf-v002_plume.tif,,/data2/yuyao/methane_emission/data/raw_data_dir/S2A_MSIL2A_20240417T182921_N0510_R027_T11SLU_20240418T004654.SAFE,/data2/yuyao/methane_emission/carbonmapper_data_l89_l2sp/GAO20240416t191456p0000-K/l8_LC09_L2SP_041036_20240417_20240418_02_T1.tif,38.865036,23.98
GAO20240416t191456p0000-L,https://api.carbonmapper.org/api/v1/catalog/asset/l3a-vis-ch4-mf-v002/2024/04/16/GAO20240416t191456p0000-L/GAO20240416t191456p0000-L_l3a-vis-ch4-mf-v002_plume.tif,,/data2/yuyao/methane_emission/data/raw_data_dir/S2A_MSIL2A_20240417T182921_N0510_R027_T11SLU_20240418T004654.SAFE,/data2/yuyao/methane_emission/carbonmapper_data_l89_l2sp/GAO20240416t191456p0000-L/l8_LC09_L2SP_041036_20240417_20240418_02_T1.tif,38.865036,23.98
GAO20240416t191456p0000-M,https://api.carbonmapper.org/api/v1/catalog/asset/l3a-vis-ch4-mf-v002/2024/04/16/GAO20240416t191456p0000-M/GAO20240416t191456p0000-M_l3a-vis-ch4-mf-v002_plume.tif,,/data2/yuyao/methane_emission/data/raw_data_dir/S2A_MSIL2A_20240417T182921_N0510_R027_T11SLU_20240418T004654.SAFE,/data2/yuyao/methane_emission/carbonmapper_data_l89_l2sp/GAO20240416t191456p0000-M/l8_LC09_L2SP_041036_20240417_20240418_02_T1.tif,38.865036,23.98
GAO20240416t192110p0000-A,https://api.carbonmapper.org/api/v1/catalog/asset/l3a-vis-ch4-mf-v002/2024/04/16/GAO20240416t192110p0000-A/GAO20240416t192110p0000-A_l3a-vis-ch4-mf-v002_plume.tif,,/data2/yuyao/methane_emission/data/raw_data_dir/S2A_MSIL2A_20240417T182921_N0510_R027_T11SLU_20240418T004654.SAFE,/data2/yuyao/methane_emission/carbonmapper_data_l89_l2sp/GAO20240416t192110p0000-A/l8_LC08_L2SP_042036_20240416_20240423_02_T1.tif,38.865036,1.09
GAO20240416t192110p0000-A,https://api.carbonmapper.org/api/v1/catalog/asset/l3a-vis-ch4-mf-v002/2024/04/16/GAO20240416t192110p0000-A/GAO20240416t192110p0000-A_l3a-vis-ch4-mf-v002_plume.tif,,/data2/yuyao/methane_emission/data/raw_data_dir/S2A_MSIL2A_20240417T182921_N0510_R027_T11SLU_20240418T004654.SAFE,/data2/yuyao/methane_emission/carbonmapper_data_l89_l2sp/GAO20240416t192110p0000-A/l8_LC09_L2SP_041036_20240417_20240418_02_T1.tif,38.865036,23.98
GAO20240416t192110p0000-B,https://api.carbonmapper.org/api/v1/catalog/asset/l3a-vis-ch4-mf-v002/2024/04/16/GAO20240416t192110p0000-B/GAO20240416t192110p0000-B_l3a-vis-ch4-mf-v002_plume.tif,,/data2/yuyao/methane_emission/data/raw_data_dir/S2A_MSIL2A_20240417T182921_N0510_R027_T11SLU_20240418T004654.SAFE,/data2/yuyao/methane_emission/carbonmapper_data_l89_l2sp/GAO20240416t192110p0000-B/l8_LC08_L2SP_042036_20240416_20240423_02_T1.tif,38.865036,1.09
GAO20240416t192110p0000-B,https://api.carbonmapper.org/api/v1/catalog/asset/l3a-vis-ch4-mf-v002/2024/04/16/GAO20240416t192110p0000-B/GAO20240416t192110p0000-B_l3a-vis-ch4-mf-v002_plume.tif,,/data2/yuyao/methane_emission/data/raw_data_dir/S2A_MSIL2A_20240417T182921_N0510_R027_T11SLU_20240418T004654.SAFE,/data2/yuyao/methane_emission/carbonmapper_data_l89_l2sp/GAO20240416t192110p0000-B/l8_LC09_L2SP_041036_20240417_20240418_02_T1.tif,38.865036,23.98
GAO20240416t192110p0000-C,https://api.carbonmapper.org/api/v1/catalog/asset/l3a-vis-ch4-mf-v002/2024/04/16/GAO20240416t192110p0000-C/GAO20240416t192110p0000-C_l3a-vis-ch4-mf-v002_plume.tif,,/data2/yuyao/methane_emission/data/raw_data_dir/S2A_MSIL2A_20240417T182921_N0510_R027_T11SLU_20240418T004654.SAFE,/data2/yuyao/methane_emission/carbonmapper_data_l89_l2sp/GAO20240416t192110p0000-C/l8_LC08_L2SP_042036_20240416_20240423_02_T1.tif,38.865036,1.09
GAO20240416t192110p0000-C,https://api.carbonmapper.org/api/v1/catalog/asset/l3a-vis-ch4-mf-v002/2024/04/16/GAO20240416t192110p0000-C/GAO20240416t192110p0000-C_l3a-vis-ch4-mf-v002_plume.tif,,/data2/yuyao/methane_emission/data/raw_data_dir/S2A_MSIL2A_20240417T182921_N0510_R027_T11SLU_20240418T004654.SAFE,/data2/yuyao/methane_emission/carbonmapper_data_l89_l2sp/GAO20240416t192110p0000-C/l8_LC09_L2SP_041036_20240417_20240418_02_T1.tif,38.865036,23.98
GAO20240416t192110p0000-D,https://api.carbonmapper.org/api/v1/catalog/asset/l3a-vis-ch4-mf-v002/2024/04/16/GAO20240416t192110p0000-D/GAO20240416t192110p0000-D_l3a-vis-ch4-mf-v002_plume.tif,,/data2/yuyao/methane_emission/data/raw_data_dir/S2A_MSIL2A_20240417T182921_N0510_R027_T11SLU_20240418T004654.SAFE,/data2/yuyao/methane_emission/carbonmapper_data_l89_l2sp/GAO20240416t192110p0000-D/l8_LC08_L2SP_042036_20240416_20240423_02_T1.tif,38.865036,1.09
GAO20240416t192110p0000-D,https://api.carbonmapper.org/api/v1/catalog/asset/l3a-vis-ch4-mf-v002/2024/04/16/GAO20240416t192110p0000-D/GAO20240416t192110p0000-D_l3a-vis-ch4-mf-v002_plume.tif,,/data2/yuyao/methane_emission/data/raw_data_dir/S2A_MSIL2A_20240417T182921_N0510_R027_T11SLU_20240418T004654.SAFE,/data2/yuyao/methane_emission/carbonmapper_data_l89_l2sp/GAO20240416t192110p0000-D/l8_LC09_L2SP_041036_20240417_20240418_02_T1.tif,38.865036,23.98
GAO20240416t192755p0000-A,https://api.carbonmapper.org/api/v1/catalog/asset/l3a-vis-ch4-mf-v002/2024/04/16/GAO20240416t192755p0000-A/GAO20240416t192755p0000-A_l3a-vis-ch4-mf-v002_plume.tif,,/data2/yuyao/methane_emission/data/raw_data_dir/S2A_MSIL2A_20240417T182921_N0510_R027_T11SLU_20240418T004654.SAFE,/data2/yuyao/methane_emission/carbonmapper_data_l89_l2sp/GAO20240416t192755p0000-A/l8_LC09_L2SP_041036_20240417_20240418_02_T1.tif,38.865036,23.98
GAO20240416t192755p0000-A,https://api.carbonmapper.org/api/v1/catalog/asset/l3a-vis-ch4-mf-v002/2024/04/16/GAO20240416t192755p0000-A/GAO20240416t192755p0000-A_l3a-vis-ch4-mf-v002_plume.tif,,/data2/yuyao/methane_emission/data/raw_data_dir/S2A_MSIL2A_20240417T182921_N0510_R027_T11SLT_20240418T004654.SAFE,/data2/yuyao/methane_emission/carbonmapper_data_l89_l2sp/GAO20240416t192755p0000-A/l8_LC09_L2SP_041036_20240417_20240418_02_T1.tif,42.500174,23.98
GAO20240416t192755p0000-D,https://api.carbonmapper.org/api/v1/catalog/asset/l3a-vis-ch4-mf-v002/2024/04/16/GAO20240416t192755p0000-D/GAO20240416t192755p0000-D_l3a-vis-ch4-mf-v002_plume.tif,,/data2/yuyao/methane_emission/data/raw_data_dir/S2A_MSIL2A_20240417T182921_N0510_R027_T11SLT_20240418T004654.SAFE,/data2/yuyao/methane_emission/carbonmapper_data_l89_l2sp/GAO20240416t192755p0000-D/l8_LC09_L2SP_041036_20240417_20240418_02_T1.tif,42.500174,23.98
GAO20240416t192755p0000-D,https://api.carbonmapper.org/api/v1/catalog/asset/l3a-vis-ch4-mf-v002/2024/04/16/GAO20240416t192755p0000-D/GAO20240416t192755p0000-D_l3a-vis-ch4-mf-v002_plume.tif,,/data2/yuyao/methane_emission/data/raw_data_dir/S2A_MSIL2A_20240417T182921_N0510_R027_T11SLU_20240418T004654.SAFE,/data2/yuyao/methane_emission/carbonmapper_data_l89_l2sp/GAO20240416t192755p0000-D/l8_LC09_L2SP_041036_20240417_20240418_02_T1.tif,38.865036,23.98
GAO20240416t192755p0000-E,https://api.carbonmapper.org/api/v1/catalog/asset/l3a-vis-ch4-mf-v002/2024/04/16/GAO20240416t192755p0000-E/GAO20240416t192755p0000-E_l3a-vis-ch4-mf-v002_plume.tif,,/data2/yuyao/methane_emission/data/raw_data_dir/S2A_MSIL2A_20240417T182921_N0510_R027_T11SLT_20240418T004654.SAFE,/data2/yuyao/methane_emission/carbonmapper_data_l89_l2sp/GAO20240416t192755p0000-E/l8_LC09_L2SP_041036_20240417_20240418_02_T1.tif,42.500174,23.98
GAO20240416t192755p0000-E,https://api.carbonmapper.org/api/v1/catalog/asset/l3a-vis-ch4-mf-v002/2024/04/16/GAO20240416t192755p0000-E/GAO20240416t192755p0000-E_l3a-vis-ch4-mf-v002_plume.tif,,/data2/yuyao/methane_emission/data/raw_data_dir/S2A_MSIL2A_20240417T182921_N0510_R027_T11SLU_20240418T004654.SAFE,/data2/yuyao/methane_emission/carbonmapper_data_l89_l2sp/GAO20240416t192755p0000-E/l8_LC09_L2SP_041036_20240417_20240418_02_T1.tif,38.865036,23.98
GAO20240416t192755p0000-F,https://api.carbonmapper.org/api/v1/catalog/asset/l3a-vis-ch4-mf-v002/2024/04/16/GAO20240416t192755p0000-F/GAO20240416t192755p0000-F_l3a-vis-ch4-mf-v002_plume.tif,,/data2/yuyao/methane_emission/data/raw_data_dir/S2A_MSIL2A_20240417T182921_N0510_R027_T11SLU_20240418T004654.SAFE,/data2/yuyao/methane_emission/carbonmapper_data_l89_l2sp/GAO20240416t192755p0000-F/l8_LC09_L2SP_041036_20240417_20240418_02_T1.tif,38.865036,23.98
GAO20240416t192755p0000-F,https://api.carbonmapper.org/api/v1/catalog/asset/l3a-vis-ch4-mf-v002/2024/04/16/GAO20240416t192755p0000-F/GAO20240416t192755p0000-F_l3a-vis-ch4-mf-v002_plume.tif,,/data2/yuyao/methane_emission/data/raw_data_dir/S2A_MSIL2A_20240417T182921_N0510_R027_T11SLT_20240418T004654.SAFE,/data2/yuyao/methane_emission/carbonmapper_data_l89_l2sp/GAO20240416t192755p0000-F/l8_LC09_L2SP_041036_20240417_20240418_02_T1.tif,42.500174,23.98
GAO20240416t192755p0000-G,https://api.carbonmapper.org/api/v1/catalog/asset/l3a-vis-ch4-mf-v002/2024/04/16/GAO20240416t192755p0000-G/GAO20240416t192755p0000-G_l3a-vis-ch4-mf-v002_plume.tif,,/data2/yuyao/methane_emission/data/raw_data_dir/S2A_MSIL2A_20240417T182921_N0510_R027_T11SLU_20240418T004654.SAFE,/data2/yuyao/methane_emission/carbonmapper_data_l89_l2sp/GAO20240416t192755p0000-G/l8_LC09_L2SP_041036_20240417_20240418_02_T1.tif,38.865036,23.98
GAO20240416t192755p0000-G,https://api.carbonmapper.org/api/v1/catalog/asset/l3a-vis-ch4-mf-v002/2024/04/16/GAO20240416t192755p0000-G/GAO20240416t192755p0000-G_l3a-vis-ch4-mf-v002_plume.tif,,/data2/yuyao/methane_emission/data/raw_data_dir/S2A_MSIL2A_20240417T182921_N0510_R027_T11SLT_20240418T004654.SAFE,/data2/yuyao/methane_emission/carbonmapper_data_l89_l2sp/GAO20240416t192755p0000-G/l8_LC09_L2SP_041036_20240417_20240418_02_T1.tif,42.500174,23.98
GAO20240416t192755p0000-H,https://api.carbonmapper.org/api/v1/catalog/asset/l3a-vis-ch4-mf-v002/2024/04/16/GAO20240416t192755p0000-H/GAO20240416t192755p0000-H_l3a-vis-ch4-mf-v002_plume.tif,,/data2/yuyao/methane_emission/data/raw_data_dir/S2A_MSIL2A_20240417T182921_N0510_R027_T11SLT_20240418T004654.SAFE,/data2/yuyao/methane_emission/carbonmapper_data_l89_l2sp/GAO20240416t192755p0000-H/l8_LC09_L2SP_041036_20240417_20240418_02_T1.tif,42.500174,23.98
GAO20240416t192755p0000-H,https://api.carbonmapper.org/api/v1/catalog/asset/l3a-vis-ch4-mf-v002/2024/04/16/GAO20240416t192755p0000-H/GAO20240416t192755p0000-H_l3a-vis-ch4-mf-v002_plume.tif,,/data2/yuyao/methane_emission/data/raw_data_dir/S2A_MSIL2A_20240417T182921_N0510_R027_T11SLU_20240418T004654.SAFE,/data2/yuyao/methane_emission/carbonmapper_data_l89_l2sp/GAO20240416t192755p0000-H/l8_LC09_L2SP_041036_20240417_20240418_02_T1.tif,38.865036,23.98
GAO20240416t192755p0000-I,https://api.carbonmapper.org/api/v1/catalog/asset/l3a-vis-ch4-mf-v002/2024/04/16/GAO20240416t192755p0000-I/GAO20240416t192755p0000-I_l3a-vis-ch4-mf-v002_plume.tif,,/data2/yuyao/methane_emission/data/raw_data_dir/S2A_MSIL2A_20240417T182921_N0510_R027_T11SLU_20240418T004654.SAFE,/data2/yuyao/methane_emission/carbonmapper_data_l89_l2sp/GAO20240416t192755p0000-I/l8_LC09_L2SP_041036_20240417_20240418_02_T1.tif,38.865036,23.98
GAO20240416t192755p0000-I,https://api.carbonmapper.org/api/v1/catalog/asset/l3a-vis-ch4-mf-v002/2024/04/16/GAO20240416t192755p0000-I/GAO20240416t192755p0000-I_l3a-vis-ch4-mf-v002_plume.tif,,/data2/yuyao/methane_emission/data/raw_data_dir/S2A_MSIL2A_20240417T182921_N0510_R027_T11SLT_20240418T004654.SAFE,/data2/yuyao/methane_emission/carbonmapper_data_l89_l2sp/GAO20240416t192755p0000-I/l8_LC09_L2SP_041036_20240417_20240418_02_T1.tif,42.500174,23.98
GAO20240416t192755p0000-J,https://api.carbonmapper.org/api/v1/catalog/asset/l3a-vis-ch4-mf-v002/2024/04/16/GAO20240416t192755p0000-J/GAO20240416t192755p0000-J_l3a-vis-ch4-mf-v002_plume.tif,,/data2/yuyao/methane_emission/data/raw_data_dir/S2A_MSIL2A_20240417T182921_N0510_R027_T11SLT_20240418T004654.SAFE,/data2/yuyao/methane_emission/carbonmapper_data_l89_l2sp/GAO20240416t192755p0000-J/l8_LC09_L2SP_041036_20240417_20240418_02_T1.tif,42.500174,23.98
GAO20240416t192755p0000-J,https://api.carbonmapper.org/api/v1/catalog/asset/l3a-vis-ch4-mf-v002/2024/04/16/GAO20240416t192755p0000-J/GAO20240416t192755p0000-J_l3a-vis-ch4-mf-v002_plume.tif,,/data2/yuyao/methane_emission/data/raw_data_dir/S2A_MSIL2A_20240417T182921_N0510_R027_T11SLU_20240418T004654.SAFE,/data2/yuyao/methane_emission/carbonmapper_data_l89_l2sp/GAO20240416t192755p0000-J/l8_LC09_L2SP_041036_20240417_20240418_02_T1.tif,38.865036,23.98
GAO20240416t192755p0000-L,https://api.carbonmapper.org/api/v1/catalog/asset/l3a-vis-ch4-mf-v002/2024/04/16/GAO20240416t192755p0000-L/GAO20240416t192755p0000-L_l3a-vis-ch4-mf-v002_plume.tif,,/data2/yuyao/methane_emission/data/raw_data_dir/S2A_MSIL2A_20240417T182921_N0510_R027_T11SLT_20240418T004654.SAFE,/data2/yuyao/methane_emission/carbonmapper_data_l89_l2sp/GAO20240416t192755p0000-L/l8_LC09_L2SP_041036_20240417_20240418_02_T1.tif,42.500174,23.98
GAO20240416t192755p0000-L,https://api.carbonmapper.org/api/v1/catalog/asset/l3a-vis-ch4-mf-v002/2024/04/16/GAO20240416t192755p0000-L/GAO20240416t192755p0000-L_l3a-vis-ch4-mf-v002_plume.tif,,/data2/yuyao/methane_emission/data/raw_data_dir/S2A_MSIL2A_20240417T182921_N0510_R027_T11SLU_20240418T004654.SAFE,/data2/yuyao/methane_emission/carbonmapper_data_l89_l2sp/GAO20240416t192755p0000-L/l8_LC09_L2SP_041036_20240417_20240418_02_T1.tif,38.865036,23.98
GAO20240416t192755p0000-M,https://api.carbonmapper.org/api/v1/catalog/asset/l3a-vis-ch4-mf-v002/2024/04/16/GAO20240416t192755p0000-M/GAO20240416t192755p0000-M_l3a-vis-ch4-mf-v002_plume.tif,,/data2/yuyao/methane_emission/data/raw_data_dir/S2A_MSIL2A_20240417T182921_N0510_R027_T11SLT_20240418T004654.SAFE,/data2/yuyao/methane_emission/carbonmapper_data_l89_l2sp/GAO20240416t192755p0000-M/l8_LC09_L2SP_041036_20240417_20240418_02_T1.tif,42.500174,23.98
GAO20240416t192755p0000-M,https://api.carbonmapper.org/api/v1/catalog/asset/l3a-vis-ch4-mf-v002/2024/04/16/GAO20240416t192755p0000-M/GAO20240416t192755p0000-M_l3a-vis-ch4-mf-v002_plume.tif,,/data2/yuyao/methane_emission/data/raw_data_dir/S2A_MSIL2A_20240417T182921_N0510_R027_T11SLU_20240418T004654.SAFE,/data2/yuyao/methane_emission/carbonmapper_data_l89_l2sp/GAO20240416t192755p0000-M/l8_LC09_L2SP_041036_20240417_20240418_02_T1.tif,38.865036,23.98
GAO20240416t193330p0000-A,https://api.carbonmapper.org/api/v1/catalog/asset/l3a-vis-ch4-mf-v002/2024/04/16/GAO20240416t193330p0000-A/GAO20240416t193330p0000-A_l3a-vis-ch4-mf-v002_plume.tif,,/data2/yuyao/methane_emission/data/raw_data_dir/S2A_MSIL2A_20240417T182921_N0510_R027_T11SLT_20240418T004654.SAFE,/data2/yuyao/methane_emission/carbonmapper_data_l89_l2sp/GAO20240416t193330p0000-A/l8_LC09_L2SP_041036_20240417_20240418_02_T1.tif,42.500174,23.98
GAO20240416t193330p0000-A,https://api.carbonmapper.org/api/v1/catalog/asset/l3a-vis-ch4-mf-v002/2024/04/16/GAO20240416t193330p0000-A/GAO20240416t193330p0000-A_l3a-vis-ch4-mf-v002_plume.tif,,/data2/yuyao/methane_emission/data/raw_data_dir/S2A_MSIL2A_20240417T182921_N0510_R027_T11SLU_20240418T004654.SAFE,/data2/yuyao/methane_emission/carbonmapper_data_l89_l2sp/GAO20240416t193330p0000-A/l8_LC09_L2SP_041036_20240417_20240418_02_T1.tif,38.865036,23.98
GAO20240416t193330p0000-C,https://api.carbonmapper.org/api/v1/catalog/asset/l3a-vis-ch4-mf-v002/2024/04/16/GAO20240416t193330p0000-C/GAO20240416t193330p0000-C_l3a-vis-ch4-mf-v002_plume.tif,,/data2/yuyao/methane_emission/data/raw_data_dir/S2A_MSIL2A_20240417T182921_N0510_R027_T11SLT_20240418T004654.SAFE,/data2/yuyao/methane_emission/carbonmapper_data_l89_l2sp/GAO20240416t193330p0000-C/l8_LC09_L2SP_041036_20240417_20240418_02_T1.tif,42.500174,23.98
GAO20240416t193330p0000-C,https://api.carbonmapper.org/api/v1/catalog/asset/l3a-vis-ch4-mf-v002/2024/04/16/GAO20240416t193330p0000-C/GAO20240416t193330p0000-C_l3a-vis-ch4-mf-v002_plume.tif,,/data2/yuyao/methane_emission/data/raw_data_dir/S2A_MSIL2A_20240417T182921_N0510_R027_T11SLU_20240418T004654.SAFE,/data2/yuyao/methane_emission/carbonmapper_data_l89_l2sp/GAO20240416t193330p0000-C/l8_LC09_L2SP_041036_20240417_20240418_02_T1.tif,38.865036,23.98
GAO20240416t193330p0000-D,https://api.carbonmapper.org/api/v1/catalog/asset/l3a-vis-ch4-mf-v002/2024/04/16/GAO20240416t193330p0000-D/GAO20240416t193330p0000-D_l3a-vis-ch4-mf-v002_plume.tif,,/data2/yuyao/methane_emission/data/raw_data_dir/S2A_MSIL2A_20240417T182921_N0510_R027_T11SLT_20240418T004654.SAFE,/data2/yuyao/methane_emission/carbonmapper_data_l89_l2sp/GAO20240416t193330p0000-D/l8_LC09_L2SP_041036_20240417_20240418_02_T1.tif,42.500174,23.98
GAO20240416t193330p0000-D,https://api.carbonmapper.org/api/v1/catalog/asset/l3a-vis-ch4-mf-v002/2024/04/16/GAO20240416t193330p0000-D/GAO20240416t193330p0000-D_l3a-vis-ch4-mf-v002_plume.tif,,/data2/yuyao/methane_emission/data/raw_data_dir/S2A_MSIL2A_20240417T182921_N0510_R027_T11SLU_20240418T004654.SAFE,/data2/yuyao/methane_emission/carbonmapper_data_l89_l2sp/GAO20240416t193330p0000-D/l8_LC09_L2SP_041036_20240417_20240418_02_T1.tif,38.865036,23.98
GAO20240416t193330p0000-G,https://api.carbonmapper.org/api/v1/catalog/asset/l3a-vis-ch4-mf-v002/2024/04/16/GAO20240416t193330p0000-G/GAO20240416t193330p0000-G_l3a-vis-ch4-mf-v002_plume.tif,,/data2/yuyao/methane_emission/data/raw_data_dir/S2A_MSIL2A_20240417T182921_N0510_R027_T11SLT_20240418T004654.SAFE,/data2/yuyao/methane_emission/carbonmapper_data_l89_l2sp/GAO20240416t193330p0000-G/l8_LC09_L2SP_041036_20240417_20240418_02_T1.tif,42.500174,23.98
GAO20240416t193330p0000-G,https://api.carbonmapper.org/api/v1/catalog/asset/l3a-vis-ch4-mf-v002/2024/04/16/GAO20240416t193330p0000-G/GAO20240416t193330p0000-G_l3a-vis-ch4-mf-v002_plume.tif,,/data2/yuyao/methane_emission/data/raw_data_dir/S2A_MSIL2A_20240417T182921_N0510_R027_T11SLU_20240418T004654.SAFE,/data2/yuyao/methane_emission/carbonmapper_data_l89_l2sp/GAO20240416t193330p0000-G/l8_LC09_L2SP_041036_20240417_20240418_02_T1.tif,38.865036,23.98
GAO20240416t193330p0000-H,https://api.carbonmapper.org/api/v1/catalog/asset/l3a-vis-ch4-mf-v002/2024/04/16/GAO20240416t193330p0000-H/GAO20240416t193330p0000-H_l3a-vis-ch4-mf-v002_plume.tif,,/data2/yuyao/methane_emission/data/raw_data_dir/S2A_MSIL2A_20240417T182921_N0510_R027_T11SLT_20240418T004654.SAFE,/data2/yuyao/methane_emission/carbonmapper_data_l89_l2sp/GAO20240416t193330p0000-H/l8_LC09_L2SP_041036_20240417_20240418_02_T1.tif,42.500174,23.98
GAO20240416t193330p0000-H,https://api.carbonmapper.org/api/v1/catalog/asset/l3a-vis-ch4-mf-v002/2024/04/16/GAO20240416t193330p0000-H/GAO20240416t193330p0000-H_l3a-vis-ch4-mf-v002_plume.tif,,/data2/yuyao/methane_emission/data/raw_data_dir/S2A_MSIL2A_20240417T182921_N0510_R027_T11SLU_20240418T004654.SAFE,/data2/yuyao/methane_emission/carbonmapper_data_l89_l2sp/GAO20240416t193330p0000-H/l8_LC09_L2SP_041036_20240417_20240418_02_T1.tif,38.865036,23.98
GAO20240416t193330p0000-J,https://api.carbonmapper.org/api/v1/catalog/asset/l3a-vis-ch4-mf-v002/2024/04/16/GAO20240416t193330p0000-J/GAO20240416t193330p0000-J_l3a-vis-ch4-mf-v002_plume.tif,,/data2/yuyao/methane_emission/data/raw_data_dir/S2A_MSIL2A_20240417T182921_N0510_R027_T11SLT_20240418T004654.SAFE,/data2/yuyao/methane_emission/carbonmapper_data_l89_l2sp/GAO20240416t193330p0000-J/l8_LC09_L2SP_041036_20240417_20240418_02_T1.tif,42.500174,23.98
GAO20240416t193330p0000-J,https://api.carbonmapper.org/api/v1/catalog/asset/l3a-vis-ch4-mf-v002/2024/04/16/GAO20240416t193330p0000-J/GAO20240416t193330p0000-J_l3a-vis-ch4-mf-v002_plume.tif,,/data2/yuyao/methane_emission/data/raw_data_dir/S2A_MSIL2A_20240417T182921_N0510_R027_T11SLU_20240418T004654.SAFE,/data2/yuyao/methane_emission/carbonmapper_data_l89_l2sp/GAO20240416t193330p0000-J/l8_LC09_L2SP_041036_20240417_20240418_02_T1.tif,38.865036,23.98
GAO20240416t193330p0000-K,https://api.carbonmapper.org/api/v1/catalog/asset/l3a-vis-ch4-mf-v002/2024/04/16/GAO20240416t193330p0000-K/GAO20240416t193330p0000-K_l3a-vis-ch4-mf-v002_plume.tif,https://api.carbonmapper.org/api/v1/catalog/asset/l3a-ime-ch4-mf-v1/2024/04/16/GAO20240416t193330p0000-K/GAO20240416t193330p0000-K_l3a-ime-ch4-mf-v1_ime-cmf-concentrations.tif,/data2/yuyao/methane_emission/data/raw_data_dir/S2A_MSIL2A_20240417T182921_N0510_R027_T11SLU_20240418T004654.SAFE,/data2/yuyao/methane_emission/carbonmapper_data_l89_l2sp/GAO20240416t193330p0000-K/l8_LC09_L2SP_041036_20240417_20240418_02_T1.tif,38.865036,23.98
GAO20240416t193330p0000-K,https://api.carbonmapper.org/api/v1/catalog/asset/l3a-vis-ch4-mf-v002/2024/04/16/GAO20240416t193330p0000-K/GAO20240416t193330p0000-K_l3a-vis-ch4-mf-v002_plume.tif,https://api.carbonmapper.org/api/v1/catalog/asset/l3a-ime-ch4-mf-v1/2024/04/16/GAO20240416t193330p0000-K/GAO20240416t193330p0000-K_l3a-ime-ch4-mf-v1_ime-cmf-concentrations.tif,/data2/yuyao/methane_emission/data/raw_data_dir/S2A_MSIL2A_20240417T182921_N0510_R027_T11SLT_20240418T004654.SAFE,/data2/yuyao/methane_emission/carbonmapper_data_l89_l2sp/GAO20240416t193330p0000-K/l8_LC09_L2SP_041036_20240417_20240418_02_T1.tif,42.500174,23.98
GAO20240416t194050p0000-A,https://api.carbonmapper.org/api/v1/catalog/asset/l3a-vis-ch4-mf-v002/2024/04/16/GAO20240416t194050p0000-A/GAO20240416t194050p0000-A_l3a-vis-ch4-mf-v002_plume.tif,,/data2/yuyao/methane_emission/data/raw_data_dir/S2A_MSIL2A_20240417T182921_N0510_R027_T11SLU_20240418T004654.SAFE,/data2/yuyao/methane_emission/carbonmapper_data_l89_l2sp/GAO20240416t194050p0000-A/l8_LC09_L2SP_041036_20240417_20240418_02_T1.tif,38.865036,23.98
GAO20240416t194050p0000-B,https://api.carbonmapper.org/api/v1/catalog/asset/l3a-vis-ch4-mf-v002/2024/04/16/GAO20240416t194050p0000-B/GAO20240416t194050p0000-B_l3a-vis-ch4-mf-v002_plume.tif,,/data2/yuyao/methane_emission/data/raw_data_dir/S2A_MSIL2A_20240417T182921_N0510_R027_T11SLU_20240418T004654.SAFE,/data2/yuyao/methane_emission/carbonmapper_data_l89_l2sp/GAO20240416t194050p0000-B/l8_LC09_L2SP_041036_20240417_20240418_02_T1.tif,38.865036,23.98
GAO20240416t194050p0000-C,https://api.carbonmapper.org/api/v1/catalog/asset/l3a-vis-ch4-mf-v002/2024/04/16/GAO20240416t194050p0000-C/GAO20240416t194050p0000-C_l3a-vis-ch4-mf-v002_plume.tif,,/data2/yuyao/methane_emission/data/raw_data_dir/S2A_MSIL2A_20240417T182921_N0510_R027_T11SLU_20240418T004654.SAFE,/data2/yuyao/methane_emission/carbonmapper_data_l89_l2sp/GAO20240416t194050p0000-C/l8_LC09_L2SP_041036_20240417_20240418_02_T1.tif,38.865036,23.98
GAO20240416t194050p0000-D,https://api.carbonmapper.org/api/v1/catalog/asset/l3a-vis-ch4-mf-v002/2024/04/16/GAO20240416t194050p0000-D/GAO20240416t194050p0000-D_l3a-vis-ch4-mf-v002_plume.tif,,/data2/yuyao/methane_emission/data/raw_data_dir/S2A_MSIL2A_20240417T182921_N0510_R027_T11SLU_20240418T004654.SAFE,/data2/yuyao/methane_emission/carbonmapper_data_l89_l2sp/GAO20240416t194050p0000-D/l8_LC09_L2SP_041036_20240417_20240418_02_T1.tif,38.865036,23.98
GAO20240416t194050p0000-E,https://api.carbonmapper.org/api/v1/catalog/asset/l3a-vis-ch4-mf-v002/2024/04/16/GAO20240416t194050p0000-E/GAO20240416t194050p0000-E_l3a-vis-ch4-mf-v002_plume.tif,,/data2/yuyao/methane_emission/data/raw_data_dir/S2A_MSIL2A_20240417T182921_N0510_R027_T11SLU_20240418T004654.SAFE,/data2/yuyao/methane_emission/carbonmapper_data_l89_l2sp/GAO20240416t194050p0000-E/l8_LC09_L2SP_041036_20240417_20240418_02_T1.tif,38.865036,23.98
GAO20240416t194050p0000-F,https://api.carbonmapper.org/api/v1/catalog/asset/l3a-vis-ch4-mf-v002/2024/04/16/GAO20240416t194050p0000-F/GAO20240416t194050p0000-F_l3a-vis-ch4-mf-v002_plume.tif,,/data2/yuyao/methane_emission/data/raw_data_dir/S2A_MSIL2A_20240417T182921_N0510_R027_T11SLU_20240418T004654.SAFE,/data2/yuyao/methane_emission/carbonmapper_data_l89_l2sp/GAO20240416t194050p0000-F/l8_LC09_L2SP_041036_20240417_20240418_02_T1.tif,38.865036,23.98
GAO20240416t194050p0000-G,https://api.carbonmapper.org/api/v1/catalog/asset/l3a-vis-ch4-mf-v002/2024/04/16/GAO20240416t194050p0000-G/GAO20240416t194050p0000-G_l3a-vis-ch4-mf-v002_plume.tif,,/data2/yuyao/methane_emission/data/raw_data_dir/S2A_MSIL2A_20240417T182921_N0510_R027_T11SLU_20240418T004654.SAFE,/data2/yuyao/methane_emission/carbonmapper_data_l89_l2sp/GAO20240416t194050p0000-G/l8_LC09_L2SP_041036_20240417_20240418_02_T1.tif,38.865036,23.98
GAO20240416t194050p0000-H,https://api.carbonmapper.org/api/v1/catalog/asset/l3a-vis-ch4-mf-v002/2024/04/16/GAO20240416t194050p0000-H/GAO20240416t194050p0000-H_l3a-vis-ch4-mf-v002_plume.tif,,/data2/yuyao/methane_emission/data/raw_data_dir/S2A_MSIL2A_20240417T182921_N0510_R027_T11SLU_20240418T004654.SAFE,/data2/yuyao/methane_emission/carbonmapper_data_l89_l2sp/GAO20240416t194050p0000-H/l8_LC09_L2SP_041036_20240417_20240418_02_T1.tif,38.865036,23.98
GAO20240416t194050p0000-I,https://api.carbonmapper.org/api/v1/catalog/asset/l3a-vis-ch4-mf-v002/2024/04/16/GAO20240416t194050p0000-I/GAO20240416t194050p0000-I_l3a-vis-ch4-mf-v002_plume.tif,,/data2/yuyao/methane_emission/data/raw_data_dir/S2A_MSIL2A_20240417T182921_N0510_R027_T11SLU_20240418T004654.SAFE,/data2/yuyao/methane_emission/carbonmapper_data_l89_l2sp/GAO20240416t194050p0000-I/l8_LC09_L2SP_041036_20240417_20240418_02_T1.tif,38.865036,23.98
GAO20240416t194050p0000-J,https://api.carbonmapper.org/api/v1/catalog/asset/l3a-vis-ch4-mf-v002/2024/04/16/GAO20240416t194050p0000-J/GAO20240416t194050p0000-J_l3a-vis-ch4-mf-v002_plume.tif,,/data2/yuyao/methane_emission/data/raw_data_dir/S2A_MSIL2A_20240417T182921_N0510_R027_T11SLU_20240418T004654.SAFE,/data2/yuyao/methane_emission/carbonmapper_data_l89_l2sp/GAO20240416t194050p0000-J/l8_LC09_L2SP_041036_20240417_20240418_02_T1.tif,38.865036,23.98
GAO20240416t194050p0000-L,https://api.carbonmapper.org/api/v1/catalog/asset/l3a-vis-ch4-mf-v002/2024/04/16/GAO20240416t194050p0000-L/GAO20240416t194050p0000-L_l3a-vis-ch4-mf-v002_plume.tif,,/data2/yuyao/methane_emission/data/raw_data_dir/S2A_MSIL2A_20240417T182921_N0510_R027_T11SLU_20240418T004654.SAFE,/data2/yuyao/methane_emission/carbonmapper_data_l89_l2sp/GAO20240416t194050p0000-L/l8_LC09_L2SP_041036_20240417_20240418_02_T1.tif,38.865036,23.98
GAO20240416t194050p0000-M,https://api.carbonmapper.org/api/v1/catalog/asset/l3a-vis-ch4-mf-v002/2024/04/16/GAO20240416t194050p0000-M/GAO20240416t194050p0000-M_l3a-vis-ch4-mf-v002_plume.tif,,/data2/yuyao/methane_emission/data/raw_data_dir/S2A_MSIL2A_20240417T182921_N0510_R027_T11SLU_20240418T004654.SAFE,/data2/yuyao/methane_emission/carbonmapper_data_l89_l2sp/GAO20240416t194050p0000-M/l8_LC09_L2SP_041036_20240417_20240418_02_T1.tif,38.865036,23.98
GAO20240416t194715p0000-A,https://api.carbonmapper.org/api/v1/catalog/asset/l3a-vis-ch4-mf-v002/2024/04/16/GAO20240416t194715p0000-A/GAO20240416t194715p0000-A_l3a-vis-ch4-mf-v002_plume.tif,,/data2/yuyao/methane_emission/data/raw_data_dir/S2A_MSIL2A_20240417T182921_N0510_R027_T11SLU_20240418T004654.SAFE,/data2/yuyao/methane_emission/carbonmapper_data_l89_l2sp/GAO20240416t194715p0000-A/l8_LC08_L2SP_042036_20240416_20240423_02_T1.tif,38.865036,1.09
GAO20240416t194715p0000-A,https://api.carbonmapper.org/api/v1/catalog/asset/l3a-vis-ch4-mf-v002/2024/04/16/GAO20240416t194715p0000-A/GAO20240416t194715p0000-A_l3a-vis-ch4-mf-v002_plume.tif,,/data2/yuyao/methane_emission/data/raw_data_dir/S2A_MSIL2A_20240417T182921_N0510_R027_T11SLU_20240418T004654.SAFE,/data2/yuyao/methane_emission/carbonmapper_data_l89_l2sp/GAO20240416t194715p0000-A/l8_LC09_L2SP_041036_20240417_20240418_02_T1.tif,38.865036,23.98
GAO20240416t194715p0000-B,https://api.carbonmapper.org/api/v1/catalog/asset/l3a-vis-ch4-mf-v002/2024/04/16/GAO20240416t194715p0000-B/GAO20240416t194715p0000-B_l3a-vis-ch4-mf-v002_plume.tif,,/data2/yuyao/methane_emission/data/raw_data_dir/S2A_MSIL2A_20240417T182921_N0510_R027_T11SLU_20240418T004654.SAFE,/data2/yuyao/methane_emission/carbonmapper_data_l89_l2sp/GAO20240416t194715p0000-B/l8_LC08_L2SP_042036_20240416_20240423_02_T1.tif,38.865036,1.09
GAO20240416t194715p0000-B,https://api.carbonmapper.org/api/v1/catalog/asset/l3a-vis-ch4-mf-v002/2024/04/16/GAO20240416t194715p0000-B/GAO20240416t194715p0000-B_l3a-vis-ch4-mf-v002_plume.tif,,/data2/yuyao/methane_emission/data/raw_data_dir/S2A_MSIL2A_20240417T182921_N0510_R027_T11SLU_20240418T004654.SAFE,/data2/yuyao/methane_emission/carbonmapper_data_l89_l2sp/GAO20240416t194715p0000-B/l8_LC09_L2SP_041036_20240417_20240418_02_T1.tif,38.865036,23.98
GAO20240416t194715p0000-C,https://api.carbonmapper.org/api/v1/catalog/asset/l3a-vis-ch4-mf-v002/2024/04/16/GAO20240416t194715p0000-C/GAO20240416t194715p0000-C_l3a-vis-ch4-mf-v002_plume.tif,,/data2/yuyao/methane_emission/data/raw_data_dir/S2A_MSIL2A_20240417T182921_N0510_R027_T11SLU_20240418T004654.SAFE,/data2/yuyao/methane_emission/carbonmapper_data_l89_l2sp/GAO20240416t194715p0000-C/l8_LC08_L2SP_042036_20240416_20240423_02_T1.tif,38.865036,1.09
GAO20240416t194715p0000-C,https://api.carbonmapper.org/api/v1/catalog/asset/l3a-vis-ch4-mf-v002/2024/04/16/GAO20240416t194715p0000-C/GAO20240416t194715p0000-C_l3a-vis-ch4-mf-v002_plume.tif,,/data2/yuyao/methane_emission/data/raw_data_dir/S2A_MSIL2A_20240417T182921_N0510_R027_T11SLU_20240418T004654.SAFE,/data2/yuyao/methane_emission/carbonmapper_data_l89_l2sp/GAO20240416t194715p0000-C/l8_LC09_L2SP_041036_20240417_20240418_02_T1.tif,38.865036,23.98
GAO20240416t194715p0000-D,https://api.carbonmapper.org/api/v1/catalog/asset/l3a-vis-ch4-mf-v002/2024/04/16/GAO20240416t194715p0000-D/GAO20240416t194715p0000-D_l3a-vis-ch4-mf-v002_plume.tif,,/data2/yuyao/methane_emission/data/raw_data_dir/S2A_MSIL2A_20240417T182921_N0510_R027_T11SLU_20240418T004654.SAFE,/data2/yuyao/methane_emission/carbonmapper_data_l89_l2sp/GAO20240416t194715p0000-D/l8_LC08_L2SP_042036_20240416_20240423_02_T1.tif,38.865036,1.09
GAO20240416t194715p0000-D,https://api.carbonmapper.org/api/v1/catalog/asset/l3a-vis-ch4-mf-v002/2024/04/16/GAO20240416t194715p0000-D/GAO20240416t194715p0000-D_l3a-vis-ch4-mf-v002_plume.tif,,/data2/yuyao/methane_emission/data/raw_data_dir/S2A_MSIL2A_20240417T182921_N0510_R027_T11SLU_20240418T004654.SAFE,/data2/yuyao/methane_emission/carbonmapper_data_l89_l2sp/GAO20240416t194715p0000-D/l8_LC09_L2SP_041036_20240417_20240418_02_T1.tif,38.865036,23.98
GAO20240416t194715p0000-F,https://api.carbonmapper.org/api/v1/catalog/asset/l3a-vis-ch4-mf-v002/2024/04/16/GAO20240416t194715p0000-F/GAO20240416t194715p0000-F_l3a-vis-ch4-mf-v002_plume.tif,,/data2/yuyao/methane_emission/data/raw_data_dir/S2A_MSIL2A_20240417T182921_N0510_R027_T11SLU_20240418T004654.SAFE,/data2/yuyao/methane_emission/carbonmapper_data_l89_l2sp/GAO20240416t194715p0000-F/l8_LC08_L2SP_042036_20240416_20240423_02_T1.tif,38.865036,1.09
GAO20240416t194715p0000-F,https://api.carbonmapper.org/api/v1/catalog/asset/l3a-vis-ch4-mf-v002/2024/04/16/GAO20240416t194715p0000-F/GAO20240416t194715p0000-F_l3a-vis-ch4-mf-v002_plume.tif,,/data2/yuyao/methane_emission/data/raw_data_dir/S2A_MSIL2A_20240417T182921_N0510_R027_T11SLU_20240418T004654.SAFE,/data2/yuyao/methane_emission/carbonmapper_data_l89_l2sp/GAO20240416t194715p0000-F/l8_LC09_L2SP_041036_20240417_20240418_02_T1.tif,38.865036,23.98
GAO20240416t195330p0000-A,https://api.carbonmapper.org/api/v1/catalog/asset/l3a-vis-ch4-mf-v002/2024/04/16/GAO20240416t195330p0000-A/GAO20240416t195330p0000-A_l3a-vis-ch4-mf-v002_plume.tif,,/data2/yuyao/methane_emission/data/raw_data_dir/S2A_MSIL2A_20240417T182921_N0510_R027_T11SLT_20240418T004654.SAFE,/data2/yuyao/methane_emission/carbonmapper_data_l89_l2sp/GAO20240416t195330p0000-A/l8_LC09_L2SP_041036_20240417_20240418_02_T1.tif,42.500174,23.98
GAO20240416t195330p0000-A,https://api.carbonmapper.org/api/v1/catalog/asset/l3a-vis-ch4-mf-v002/2024/04/16/GAO20240416t195330p0000-A/GAO20240416t195330p0000-A_l3a-vis-ch4-mf-v002_plume.tif,,/data2/yuyao/methane_emission/data/raw_data_dir/S2A_MSIL2A_20240417T182921_N0510_R027_T11SLU_20240418T004654.SAFE,/data2/yuyao/methane_emission/carbonmapper_data_l89_l2sp/GAO20240416t195330p0000-A/l8_LC09_L2SP_041036_20240417_20240418_02_T1.tif,38.865036,23.98
GAO20240416t195330p0000-C,https://api.carbonmapper.org/api/v1/catalog/asset/l3a-vis-ch4-mf-v002/2024/04/16/GAO20240416t195330p0000-C/GAO20240416t195330p0000-C_l3a-vis-ch4-mf-v002_plume.tif,,/data2/yuyao/methane_emission/data/raw_data_dir/S2A_MSIL2A_20240417T182921_N0510_R027_T11SLT_20240418T004654.SAFE,/data2/yuyao/methane_emission/carbonmapper_data_l89_l2sp/GAO20240416t195330p0000-C/l8_LC09_L2SP_041036_20240417_20240418_02_T1.tif,42.500174,23.98
GAO20240416t195330p0000-C,https://api.carbonmapper.org/api/v1/catalog/asset/l3a-vis-ch4-mf-v002/2024/04/16/GAO20240416t195330p0000-C/GAO20240416t195330p0000-C_l3a-vis-ch4-mf-v002_plume.tif,,/data2/yuyao/methane_emission/data/raw_data_dir/S2A_MSIL2A_20240417T182921_N0510_R027_T11SLU_20240418T004654.SAFE,/data2/yuyao/methane_emission/carbonmapper_data_l89_l2sp/GAO20240416t195330p0000-C/l8_LC09_L2SP_041036_20240417_20240418_02_T1.tif,38.865036,23.98
GAO20240416t195330p0000-D,https://api.carbonmapper.org/api/v1/catalog/asset/l3a-vis-ch4-mf-v002/2024/04/16/GAO20240416t195330p0000-D/GAO20240416t195330p0000-D_l3a-vis-ch4-mf-v002_plume.tif,,/data2/yuyao/methane_emission/data/raw_data_dir/S2A_MSIL2A_20240417T182921_N0510_R027_T11SLU_20240418T004654.SAFE,/data2/yuyao/methane_emission/carbonmapper_data_l89_l2sp/GAO20240416t195330p0000-D/l8_LC09_L2SP_041036_20240417_20240418_02_T1.tif,38.865036,23.98
GAO20240416t195330p0000-D,https://api.carbonmapper.org/api/v1/catalog/asset/l3a-vis-ch4-mf-v002/2024/04/16/GAO20240416t195330p0000-D/GAO20240416t195330p0000-D_l3a-vis-ch4-mf-v002_plume.tif,,/data2/yuyao/methane_emission/data/raw_data_dir/S2A_MSIL2A_20240417T182921_N0510_R027_T11SLT_20240418T004654.SAFE,/data2/yuyao/methane_emission/carbonmapper_data_l89_l2sp/GAO20240416t195330p0000-D/l8_LC09_L2SP_041036_20240417_20240418_02_T1.tif,42.500174,23.98
GAO20240416t195330p0000-E,https://api.carbonmapper.org/api/v1/catalog/asset/l3a-vis-ch4-mf-v002/2024/04/16/GAO20240416t195330p0000-E/GAO20240416t195330p0000-E_l3a-vis-ch4-mf-v002_plume.tif,,/data2/yuyao/methane_emission/data/raw_data_dir/S2A_MSIL2A_20240417T182921_N0510_R027_T11SLT_20240418T004654.SAFE,/data2/yuyao/methane_emission/carbonmapper_data_l89_l2sp/GAO20240416t195330p0000-E/l8_LC09_L2SP_041036_20240417_20240418_02_T1.tif,42.500174,23.98
GAO20240416t195330p0000-E,https://api.carbonmapper.org/api/v1/catalog/asset/l3a-vis-ch4-mf-v002/2024/04/16/GAO20240416t195330p0000-E/GAO20240416t195330p0000-E_l3a-vis-ch4-mf-v002_plume.tif,,/data2/yuyao/methane_emission/data/raw_data_dir/S2A_MSIL2A_20240417T182921_N0510_R027_T11SLU_20240418T004654.SAFE,/data2/yuyao/methane_emission/carbonmapper_data_l89_l2sp/GAO20240416t195330p0000-E/l8_LC09_L2SP_041036_20240417_20240418_02_T1.tif,38.865036,23.98
GAO20240416t195330p0000-F,https://api.carbonmapper.org/api/v1/catalog/asset/l3a-vis-ch4-mf-v002/2024/04/16/GAO20240416t195330p0000-F/GAO20240416t195330p0000-F_l3a-vis-ch4-mf-v002_plume.tif,,/data2/yuyao/methane_emission/data/raw_data_dir/S2A_MSIL2A_20240417T182921_N0510_R027_T11SLU_20240418T004654.SAFE,/data2/yuyao/methane_emission/carbonmapper_data_l89_l2sp/GAO20240416t195330p0000-F/l8_LC09_L2SP_041036_20240417_20240418_02_T1.tif,38.865036,23.98
GAO20240416t195330p0000-F,https://api.carbonmapper.org/api/v1/catalog/asset/l3a-vis-ch4-mf-v002/2024/04/16/GAO20240416t195330p0000-F/GAO20240416t195330p0000-F_l3a-vis-ch4-mf-v002_plume.tif,,/data2/yuyao/methane_emission/data/raw_data_dir/S2A_MSIL2A_20240417T182921_N0510_R027_T11SLT_20240418T004654.SAFE,/data2/yuyao/methane_emission/carbonmapper_data_l89_l2sp/GAO20240416t195330p0000-F/l8_LC09_L2SP_041036_20240417_20240418_02_T1.tif,42.500174,23.98
GAO20240416t195330p0000-G,https://api.carbonmapper.org/api/v1/catalog/asset/l3a-vis-ch4-mf-v002/2024/04/16/GAO20240416t195330p0000-G/GAO20240416t195330p0000-G_l3a-vis-ch4-mf-v002_plume.tif,,/data2/yuyao/methane_emission/data/raw_data_dir/S2A_MSIL2A_20240417T182921_N0510_R027_T11SLT_20240418T004654.SAFE,/data2/yuyao/methane_emission/carbonmapper_data_l89_l2sp/GAO20240416t195330p0000-G/l8_LC09_L2SP_041036_20240417_20240418_02_T1.tif,42.500174,23.98
GAO20240416t195330p0000-G,https://api.carbonmapper.org/api/v1/catalog/asset/l3a-vis-ch4-mf-v002/2024/04/16/GAO20240416t195330p0000-G/GAO20240416t195330p0000-G_l3a-vis-ch4-mf-v002_plume.tif,,/data2/yuyao/methane_emission/data/raw_data_dir/S2A_MSIL2A_20240417T182921_N0510_R027_T11SLU_20240418T004654.SAFE,/data2/yuyao/methane_emission/carbonmapper_data_l89_l2sp/GAO20240416t195330p0000-G/l8_LC09_L2SP_041036_20240417_20240418_02_T1.tif,38.865036,23.98
GAO20240416t195330p0000-H,https://api.carbonmapper.org/api/v1/catalog/asset/l3a-vis-ch4-mf-v002/2024/04/16/GAO20240416t195330p0000-H/GAO20240416t195330p0000-H_l3a-vis-ch4-mf-v002_plume.tif,,/data2/yuyao/methane_emission/data/raw_data_dir/S2A_MSIL2A_20240417T182921_N0510_R027_T11SLU_20240418T004654.SAFE,/data2/yuyao/methane_emission/carbonmapper_data_l89_l2sp/GAO20240416t195330p0000-H/l8_LC09_L2SP_041036_20240417_20240418_02_T1.tif,38.865036,23.98
GAO20240416t195330p0000-H,https://api.carbonmapper.org/api/v1/catalog/asset/l3a-vis-ch4-mf-v002/2024/04/16/GAO20240416t195330p0000-H/GAO20240416t195330p0000-H_l3a-vis-ch4-mf-v002_plume.tif,,/data2/yuyao/methane_emission/data/raw_data_dir/S2A_MSIL2A_20240417T182921_N0510_R027_T11SLT_20240418T004654.SAFE,/data2/yuyao/methane_emission/carbonmapper_data_l89_l2sp/GAO20240416t195330p0000-H/l8_LC09_L2SP_041036_20240417_20240418_02_T1.tif,42.500174,23.98
GAO20240416t195330p0000-I,https://api.carbonmapper.org/api/v1/catalog/asset/l3a-vis-ch4-mf-v002/2024/04/16/GAO20240416t195330p0000-I/GAO20240416t195330p0000-I_l3a-vis-ch4-mf-v002_plume.tif,,/data2/yuyao/methane_emission/data/raw_data_dir/S2A_MSIL2A_20240417T182921_N0510_R027_T11SLU_20240418T004654.SAFE,/data2/yuyao/methane_emission/carbonmapper_data_l89_l2sp/GAO20240416t195330p0000-I/l8_LC09_L2SP_041036_20240417_20240418_02_T1.tif,38.865036,23.98
GAO20240416t195330p0000-I,https://api.carbonmapper.org/api/v1/catalog/asset/l3a-vis-ch4-mf-v002/2024/04/16/GAO20240416t195330p0000-I/GAO20240416t195330p0000-I_l3a-vis-ch4-mf-v002_plume.tif,,/data2/yuyao/methane_emission/data/raw_data_dir/S2A_MSIL2A_20240417T182921_N0510_R027_T11SLT_20240418T004654.SAFE,/data2/yuyao/methane_emission/carbonmapper_data_l89_l2sp/GAO20240416t195330p0000-I/l8_LC09_L2SP_041036_20240417_20240418_02_T1.tif,42.500174,23.98
GAO20240416t195330p0000-L,https://api.carbonmapper.org/api/v1/catalog/asset/l3a-vis-ch4-mf-v002/2024/04/16/GAO20240416t195330p0000-L/GAO20240416t195330p0000-L_l3a-vis-ch4-mf-v002_plume.tif,,/data2/yuyao/methane_emission/data/raw_data_dir/S2A_MSIL2A_20240417T182921_N0510_R027_T11SLT_20240418T004654.SAFE,/data2/yuyao/methane_emission/carbonmapper_data_l89_l2sp/GAO20240416t195330p0000-L/l8_LC09_L2SP_041036_20240417_20240418_02_T1.tif,42.500174,23.98
GAO20240416t195330p0000-L,https://api.carbonmapper.org/api/v1/catalog/asset/l3a-vis-ch4-mf-v002/2024/04/16/GAO20240416t195330p0000-L/GAO20240416t195330p0000-L_l3a-vis-ch4-mf-v002_plume.tif,,/data2/yuyao/methane_emission/data/raw_data_dir/S2A_MSIL2A_20240417T182921_N0510_R027_T11SLU_20240418T004654.SAFE,/data2/yuyao/methane_emission/carbonmapper_data_l89_l2sp/GAO20240416t195330p0000-L/l8_LC09_L2SP_041036_20240417_20240418_02_T1.tif,38.865036,23.98
GAO20240416t195905p0000-A,https://api.carbonmapper.org/api/v1/catalog/asset/l3a-vis-ch4-mf-v002/2024/04/16/GAO20240416t195905p0000-A/GAO20240416t195905p0000-A_l3a-vis-ch4-mf-v002_plume.tif,https://api.carbonmapper.org/api/v1/catalog/asset/l3a-ime-ch4-mf-v1/2024/04/16/GAO20240416t195905p0000-A/GAO20240416t195905p0000-A_l3a-ime-ch4-mf-v1_ime-cmf-concentrations.tif,/data2/yuyao/methane_emission/data/raw_data_dir/S2A_MSIL2A_20240417T182921_N0510_R027_T11SLU_20240418T004654.SAFE,/data2/yuyao/methane_emission/carbonmapper_data_l89_l2sp/GAO20240416t195905p0000-A/l8_LC09_L2SP_041036_20240417_20240418_02_T1.tif,38.865036,23.98
GAO20240416t195905p0000-A,https://api.carbonmapper.org/api/v1/catalog/asset/l3a-vis-ch4-mf-v002/2024/04/16/GAO20240416t195905p0000-A/GAO20240416t195905p0000-A_l3a-vis-ch4-mf-v002_plume.tif,https://api.carbonmapper.org/api/v1/catalog/asset/l3a-ime-ch4-mf-v1/2024/04/16/GAO20240416t195905p0000-A/GAO20240416t195905p0000-A_l3a-ime-ch4-mf-v1_ime-cmf-concentrations.tif,/data2/yuyao/methane_emission/data/raw_data_dir/S2A_MSIL2A_20240417T182921_N0510_R027_T11SLT_20240418T004654.SAFE,/data2/yuyao/methane_emission/carbonmapper_data_l89_l2sp/GAO20240416t195905p0000-A/l8_LC09_L2SP_041036_20240417_20240418_02_T1.tif,42.500174,23.98
GAO20240416t195905p0000-C,https://api.carbonmapper.org/api/v1/catalog/asset/l3a-vis-ch4-mf-v002/2024/04/16/GAO20240416t195905p0000-C/GAO20240416t195905p0000-C_l3a-vis-ch4-mf-v002_plume.tif,,/data2/yuyao/methane_emission/data/raw_data_dir/S2A_MSIL2A_20240417T182921_N0510_R027_T11SLT_20240418T004654.SAFE,/data2/yuyao/methane_emission/carbonmapper_data_l89_l2sp/GAO20240416t195905p0000-C/l8_LC09_L2SP_041036_20240417_20240418_02_T1.tif,42.500174,23.98
GAO20240416t195905p0000-C,https://api.carbonmapper.org/api/v1/catalog/asset/l3a-vis-ch4-mf-v002/2024/04/16/GAO20240416t195905p0000-C/GAO20240416t195905p0000-C_l3a-vis-ch4-mf-v002_plume.tif,,/data2/yuyao/methane_emission/data/raw_data_dir/S2A_MSIL2A_20240417T182921_N0510_R027_T11SLU_20240418T004654.SAFE,/data2/yuyao/methane_emission/carbonmapper_data_l89_l2sp/GAO20240416t195905p0000-C/l8_LC09_L2SP_041036_20240417_20240418_02_T1.tif,38.865036,23.98
GAO20240416t195905p0000-D,https://api.carbonmapper.org/api/v1/catalog/asset/l3a-vis-ch4-mf-v002/2024/04/16/GAO20240416t195905p0000-D/GAO20240416t195905p0000-D_l3a-vis-ch4-mf-v002_plume.tif,,/data2/yuyao/methane_emission/data/raw_data_dir/S2A_MSIL2A_20240417T182921_N0510_R027_T11SLT_20240418T004654.SAFE,/data2/yuyao/methane_emission/carbonmapper_data_l89_l2sp/GAO20240416t195905p0000-D/l8_LC09_L2SP_041036_20240417_20240418_02_T1.tif,42.500174,23.98
GAO20240416t195905p0000-D,https://api.carbonmapper.org/api/v1/catalog/asset/l3a-vis-ch4-mf-v002/2024/04/16/GAO20240416t195905p0000-D/GAO20240416t195905p0000-D_l3a-vis-ch4-mf-v002_plume.tif,,/data2/yuyao/methane_emission/data/raw_data_dir/S2A_MSIL2A_20240417T182921_N0510_R027_T11SLU_20240418T004654.SAFE,/data2/yuyao/methane_emission/carbonmapper_data_l89_l2sp/GAO20240416t195905p0000-D/l8_LC09_L2SP_041036_20240417_20240418_02_T1.tif,38.865036,23.98
GAO20240416t195905p0000-E,https://api.carbonmapper.org/api/v1/catalog/asset/l3a-vis-ch4-mf-v002/2024/04/16/GAO20240416t195905p0000-E/GAO20240416t195905p0000-E_l3a-vis-ch4-mf-v002_plume.tif,,/data2/yuyao/methane_emission/data/raw_data_dir/S2A_MSIL2A_20240417T182921_N0510_R027_T11SLT_20240418T004654.SAFE,/data2/yuyao/methane_emission/carbonmapper_data_l89_l2sp/GAO20240416t195905p0000-E/l8_LC09_L2SP_041036_20240417_20240418_02_T1.tif,42.500174,23.98
GAO20240416t195905p0000-E,https://api.carbonmapper.org/api/v1/catalog/asset/l3a-vis-ch4-mf-v002/2024/04/16/GAO20240416t195905p0000-E/GAO20240416t195905p0000-E_l3a-vis-ch4-mf-v002_plume.tif,,/data2/yuyao/methane_emission/data/raw_data_dir/S2A_MSIL2A_20240417T182921_N0510_R027_T11SLU_20240418T004654.SAFE,/data2/yuyao/methane_emission/carbonmapper_data_l89_l2sp/GAO20240416t195905p0000-E/l8_LC09_L2SP_041036_20240417_20240418_02_T1.tif,38.865036,23.98
GAO20240416t195905p0000-F,https://api.carbonmapper.org/api/v1/catalog/asset/l3a-vis-ch4-mf-v002/2024/04/16/GAO20240416t195905p0000-F/GAO20240416t195905p0000-F_l3a-vis-ch4-mf-v002_plume.tif,,/data2/yuyao/methane_emission/data/raw_data_dir/S2A_MSIL2A_20240417T182921_N0510_R027_T11SLT_20240418T004654.SAFE,/data2/yuyao/methane_emission/carbonmapper_data_l89_l2sp/GAO20240416t195905p0000-F/l8_LC09_L2SP_041036_20240417_20240418_02_T1.tif,42.500174,23.98
GAO20240416t195905p0000-F,https://api.carbonmapper.org/api/v1/catalog/asset/l3a-vis-ch4-mf-v002/2024/04/16/GAO20240416t195905p0000-F/GAO20240416t195905p0000-F_l3a-vis-ch4-mf-v002_plume.tif,,/data2/yuyao/methane_emission/data/raw_data_dir/S2A_MSIL2A_20240417T182921_N0510_R027_T11SLU_20240418T004654.SAFE,/data2/yuyao/methane_emission/carbonmapper_data_l89_l2sp/GAO20240416t195905p0000-F/l8_LC09_L2SP_041036_20240417_20240418_02_T1.tif,38.865036,23.98
GAO20240416t200615p0000-A,https://api.carbonmapper.org/api/v1/catalog/asset/l3a-vis-ch4-mf-v002/2024/04/16/GAO20240416t200615p0000-A/GAO20240416t200615p0000-A_l3a-vis-ch4-mf-v002_plume.tif,,/data2/yuyao/methane_emission/data/raw_data_dir/S2A_MSIL2A_20240417T182921_N0510_R027_T11SLU_20240418T004654.SAFE,/data2/yuyao/methane_emission/carbonmapper_data_l89_l2sp/GAO20240416t200615p0000-A/l8_LC09_L2SP_041036_20240417_20240418_02_T1.tif,38.865036,23.98
GAO20240416t200615p0000-B,https://api.carbonmapper.org/api/v1/catalog/asset/l3a-vis-ch4-mf-v002/2024/04/16/GAO20240416t200615p0000-B/GAO20240416t200615p0000-B_l3a-vis-ch4-mf-v002_plume.tif,,/data2/yuyao/methane_emission/data/raw_data_dir/S2A_MSIL2A_20240417T182921_N0510_R027_T11SLU_20240418T004654.SAFE,/data2/yuyao/methane_emission/carbonmapper_data_l89_l2sp/GAO20240416t200615p0000-B/l8_LC09_L2SP_041036_20240417_20240418_02_T1.tif,38.865036,23.98
GAO20240416t200615p0000-C,https://api.carbonmapper.org/api/v1/catalog/asset/l3a-vis-ch4-mf-v002/2024/04/16/GAO20240416t200615p0000-C/GAO20240416t200615p0000-C_l3a-vis-ch4-mf-v002_plume.tif,,/data2/yuyao/methane_emission/data/raw_data_dir/S2A_MSIL2A_20240417T182921_N0510_R027_T11SLU_20240418T004654.SAFE,/data2/yuyao/methane_emission/carbonmapper_data_l89_l2sp/GAO20240416t200615p0000-C/l8_LC09_L2SP_041036_20240417_20240418_02_T1.tif,38.865036,23.98
GAO20240416t200615p0000-D,https://api.carbonmapper.org/api/v1/catalog/asset/l3a-vis-ch4-mf-v002/2024/04/16/GAO20240416t200615p0000-D/GAO20240416t200615p0000-D_l3a-vis-ch4-mf-v002_plume.tif,,/data2/yuyao/methane_emission/data/raw_data_dir/S2A_MSIL2A_20240417T182921_N0510_R027_T11SLU_20240418T004654.SAFE,/data2/yuyao/methane_emission/carbonmapper_data_l89_l2sp/GAO20240416t200615p0000-D/l8_LC09_L2SP_041036_20240417_20240418_02_T1.tif,38.865036,23.98
GAO20240416t200615p0000-E,https://api.carbonmapper.org/api/v1/catalog/asset/l3a-vis-ch4-mf-v002/2024/04/16/GAO20240416t200615p0000-E/GAO20240416t200615p0000-E_l3a-vis-ch4-mf-v002_plume.tif,,/data2/yuyao/methane_emission/data/raw_data_dir/S2A_MSIL2A_20240417T182921_N0510_R027_T11SLU_20240418T004654.SAFE,/data2/yuyao/methane_emission/carbonmapper_data_l89_l2sp/GAO20240416t200615p0000-E/l8_LC09_L2SP_041036_20240417_20240418_02_T1.tif,38.865036,23.98
GAO20240416t200615p0000-F,https://api.carbonmapper.org/api/v1/catalog/asset/l3a-vis-ch4-mf-v002/2024/04/16/GAO20240416t200615p0000-F/GAO20240416t200615p0000-F_l3a-vis-ch4-mf-v002_plume.tif,,/data2/yuyao/methane_emission/data/raw_data_dir/S2A_MSIL2A_20240417T182921_N0510_R027_T11SLU_20240418T004654.SAFE,/data2/yuyao/methane_emission/carbonmapper_data_l89_l2sp/GAO20240416t200615p0000-F/l8_LC09_L2SP_041036_20240417_20240418_02_T1.tif,38.865036,23.98
GAO20240416t200615p0000-G,https://api.carbonmapper.org/api/v1/catalog/asset/l3a-vis-ch4-mf-v002/2024/04/16/GAO20240416t200615p0000-G/GAO20240416t200615p0000-G_l3a-vis-ch4-mf-v002_plume.tif,,/data2/yuyao/methane_emission/data/raw_data_dir/S2A_MSIL2A_20240417T182921_N0510_R027_T11SLU_20240418T004654.SAFE,/data2/yuyao/methane_emission/carbonmapper_data_l89_l2sp/GAO20240416t200615p0000-G/l8_LC09_L2SP_041036_20240417_20240418_02_T1.tif,38.865036,23.98
GAO20240416t200615p0000-H,https://api.carbonmapper.org/api/v1/catalog/asset/l3a-vis-ch4-mf-v002/2024/04/16/GAO20240416t200615p0000-H/GAO20240416t200615p0000-H_l3a-vis-ch4-mf-v002_plume.tif,,/data2/yuyao/methane_emission/data/raw_data_dir/S2A_MSIL2A_20240417T182921_N0510_R027_T11SLU_20240418T004654.SAFE,/data2/yuyao/methane_emission/carbonmapper_data_l89_l2sp/GAO20240416t200615p0000-H/l8_LC09_L2SP_041036_20240417_20240418_02_T1.tif,38.865036,23.98
GAO20240416t200615p0000-I,https://api.carbonmapper.org/api/v1/catalog/asset/l3a-vis-ch4-mf-v002/2024/04/16/GAO20240416t200615p0000-I/GAO20240416t200615p0000-I_l3a-vis-ch4-mf-v002_plume.tif,,/data2/yuyao/methane_emission/data/raw_data_dir/S2A_MSIL2A_20240417T182921_N0510_R027_T11SLU_20240418T004654.SAFE,/data2/yuyao/methane_emission/carbonmapper_data_l89_l2sp/GAO20240416t200615p0000-I/l8_LC09_L2SP_041036_20240417_20240418_02_T1.tif,38.865036,23.98
GAO20240416t200615p0000-J,https://api.carbonmapper.org/api/v1/catalog/asset/l3a-vis-ch4-mf-v002/2024/04/16/GAO20240416t200615p0000-J/GAO20240416t200615p0000-J_l3a-vis-ch4-mf-v002_plume.tif,,/data2/yuyao/methane_emission/data/raw_data_dir/S2A_MSIL2A_20240417T182921_N0510_R027_T11SLU_20240418T004654.SAFE,/data2/yuyao/methane_emission/carbonmapper_data_l89_l2sp/GAO20240416t200615p0000-J/l8_LC09_L2SP_041036_20240417_20240418_02_T1.tif,38.865036,23.98
GAO20240416t200615p0000-K,https://api.carbonmapper.org/api/v1/catalog/asset/l3a-vis-ch4-mf-v002/2024/04/16/GAO20240416t200615p0000-K/GAO20240416t200615p0000-K_l3a-vis-ch4-mf-v002_plume.tif,,/data2/yuyao/methane_emission/data/raw_data_dir/S2A_MSIL2A_20240417T182921_N0510_R027_T11SLU_20240418T004654.SAFE,/data2/yuyao/methane_emission/carbonmapper_data_l89_l2sp/GAO20240416t200615p0000-K/l8_LC09_L2SP_041036_20240417_20240418_02_T1.tif,38.865036,23.98
GAO20240416t200615p0000-L,https://api.carbonmapper.org/api/v1/catalog/asset/l3a-vis-ch4-mf-v002/2024/04/16/GAO20240416t200615p0000-L/GAO20240416t200615p0000-L_l3a-vis-ch4-mf-v002_plume.tif,,/data2/yuyao/methane_emission/data/raw_data_dir/S2A_MSIL2A_20240417T182921_N0510_R027_T11SLU_20240418T004654.SAFE,/data2/yuyao/methane_emission/carbonmapper_data_l89_l2sp/GAO20240416t200615p0000-L/l8_LC09_L2SP_041036_20240417_20240418_02_T1.tif,38.865036,23.98
GAO20240416t200615p0000-M,https://api.carbonmapper.org/api/v1/catalog/asset/l3a-vis-ch4-mf-v002/2024/04/16/GAO20240416t200615p0000-M/GAO20240416t200615p0000-M_l3a-vis-ch4-mf-v002_plume.tif,,/data2/yuyao/methane_emission/data/raw_data_dir/S2A_MSIL2A_20240417T182921_N0510_R027_T11SLU_20240418T004654.SAFE,/data2/yuyao/methane_emission/carbonmapper_data_l89_l2sp/GAO20240416t200615p0000-M/l8_LC09_L2SP_041036_20240417_20240418_02_T1.tif,38.865036,23.98
GAO20240416t201220p0000-A,https://api.carbonmapper.org/api/v1/catalog/asset/l3a-vis-ch4-mf-v002/2024/04/16/GAO20240416t201220p0000-A/GAO20240416t201220p0000-A_l3a-vis-ch4-mf-v002_plume.tif,,/data2/yuyao/methane_emission/data/raw_data_dir/S2A_MSIL2A_20240417T182921_N0510_R027_T11SLU_20240418T004654.SAFE,/data2/yuyao/methane_emission/carbonmapper_data_l89_l2sp/GAO20240416t201220p0000-A/l8_LC08_L2SP_042036_20240416_20240423_02_T1.tif,38.865036,1.09
GAO20240416t201220p0000-A,https://api.carbonmapper.org/api/v1/catalog/asset/l3a-vis-ch4-mf-v002/2024/04/16/GAO20240416t201220p0000-A/GAO20240416t201220p0000-A_l3a-vis-ch4-mf-v002_plume.tif,,/data2/yuyao/methane_emission/data/raw_data_dir/S2A_MSIL2A_20240417T182921_N0510_R027_T11SLU_20240418T004654.SAFE,/data2/yuyao/methane_emission/carbonmapper_data_l89_l2sp/GAO20240416t201220p0000-A/l8_LC09_L2SP_041036_20240417_20240418_02_T1.tif,38.865036,23.98
GAO20240416t201220p0000-B,https://api.carbonmapper.org/api/v1/catalog/asset/l3a-vis-ch4-mf-v002/2024/04/16/GAO20240416t201220p0000-B/GAO20240416t201220p0000-B_l3a-vis-ch4-mf-v002_plume.tif,,/data2/yuyao/methane_emission/data/raw_data_dir/S2A_MSIL2A_20240417T182921_N0510_R027_T11SLU_20240418T004654.SAFE,/data2/yuyao/methane_emission/carbonmapper_data_l89_l2sp/GAO20240416t201220p0000-B/l8_LC08_L2SP_042036_20240416_20240423_02_T1.tif,38.865036,1.09
GAO20240416t201220p0000-B,https://api.carbonmapper.org/api/v1/catalog/asset/l3a-vis-ch4-mf-v002/2024/04/16/GAO20240416t201220p0000-B/GAO20240416t201220p0000-B_l3a-vis-ch4-mf-v002_plume.tif,,/data2/yuyao/methane_emission/data/raw_data_dir/S2A_MSIL2A_20240417T182921_N0510_R027_T11SLU_20240418T004654.SAFE,/data2/yuyao/methane_emission/carbonmapper_data_l89_l2sp/GAO20240416t201220p0000-B/l8_LC09_L2SP_041036_20240417_20240418_02_T1.tif,38.865036,23.98
GAO20240416t201905p0000-A,https://api.carbonmapper.org/api/v1/catalog/asset/l3a-vis-ch4-mf-v002/2024/04/16/GAO20240416t201905p0000-A/GAO20240416t201905p0000-A_l3a-vis-ch4-mf-v002_plume.tif,,/data2/yuyao/methane_emission/data/raw_data_dir/S2A_MSIL2A_20240417T182921_N0510_R027_T11SLT_20240418T004654.SAFE,/data2/yuyao/methane_emission/carbonmapper_data_l89_l2sp/GAO20240416t201905p0000-A/l8_LC09_L2SP_041036_20240417_20240418_02_T1.tif,42.500174,23.98
GAO20240416t201905p0000-A,https://api.carbonmapper.org/api/v1/catalog/asset/l3a-vis-ch4-mf-v002/2024/04/16/GAO20240416t201905p0000-A/GAO20240416t201905p0000-A_l3a-vis-ch4-mf-v002_plume.tif,,/data2/yuyao/methane_emission/data/raw_data_dir/S2A_MSIL2A_20240417T182921_N0510_R027_T11SLU_20240418T004654.SAFE,/data2/yuyao/methane_emission/carbonmapper_data_l89_l2sp/GAO20240416t201905p0000-A/l8_LC09_L2SP_041036_20240417_20240418_02_T1.tif,38.865036,23.98
GAO20240416t201905p0000-B,https://api.carbonmapper.org/api/v1/catalog/asset/l3a-vis-ch4-mf-v002/2024/04/16/GAO20240416t201905p0000-B/GAO20240416t201905p0000-B_l3a-vis-ch4-mf-v002_plume.tif,,/data2/yuyao/methane_emission/data/raw_data_dir/S2A_MSIL2A_20240417T182921_N0510_R027_T11SLT_20240418T004654.SAFE,/data2/yuyao/methane_emission/carbonmapper_data_l89_l2sp/GAO20240416t201905p0000-B/l8_LC09_L2SP_041036_20240417_20240418_02_T1.tif,42.500174,23.98
GAO20240416t201905p0000-B,https://api.carbonmapper.org/api/v1/catalog/asset/l3a-vis-ch4-mf-v002/2024/04/16/GAO20240416t201905p0000-B/GAO20240416t201905p0000-B_l3a-vis-ch4-mf-v002_plume.tif,,/data2/yuyao/methane_emission/data/raw_data_dir/S2A_MSIL2A_20240417T182921_N0510_R027_T11SLU_20240418T004654.SAFE,/data2/yuyao/methane_emission/carbonmapper_data_l89_l2sp/GAO20240416t201905p0000-B/l8_LC09_L2SP_041036_20240417_20240418_02_T1.tif,38.865036,23.98
GAO20240416t201905p0000-D,https://api.carbonmapper.org/api/v1/catalog/asset/l3a-vis-ch4-mf-v002/2024/04/16/GAO20240416t201905p0000-D/GAO20240416t201905p0000-D_l3a-vis-ch4-mf-v002_plume.tif,,/data2/yuyao/methane_emission/data/raw_data_dir/S2A_MSIL2A_20240417T182921_N0510_R027_T11SLU_20240418T004654.SAFE,/data2/yuyao/methane_emission/carbonmapper_data_l89_l2sp/GAO20240416t201905p0000-D/l8_LC09_L2SP_041036_20240417_20240418_02_T1.tif,38.865036,23.98
GAO20240416t201905p0000-D,https://api.carbonmapper.org/api/v1/catalog/asset/l3a-vis-ch4-mf-v002/2024/04/16/GAO20240416t201905p0000-D/GAO20240416t201905p0000-D_l3a-vis-ch4-mf-v002_plume.tif,,/data2/yuyao/methane_emission/data/raw_data_dir/S2A_MSIL2A_20240417T182921_N0510_R027_T11SLT_20240418T004654.SAFE,/data2/yuyao/methane_emission/carbonmapper_data_l89_l2sp/GAO20240416t201905p0000-D/l8_LC09_L2SP_041036_20240417_20240418_02_T1.tif,42.500174,23.98
GAO20240416t201905p0000-E,https://api.carbonmapper.org/api/v1/catalog/asset/l3a-vis-ch4-mf-v002/2024/04/16/GAO20240416t201905p0000-E/GAO20240416t201905p0000-E_l3a-vis-ch4-mf-v002_plume.tif,,/data2/yuyao/methane_emission/data/raw_data_dir/S2A_MSIL2A_20240417T182921_N0510_R027_T11SLT_20240418T004654.SAFE,/data2/yuyao/methane_emission/carbonmapper_data_l89_l2sp/GAO20240416t201905p0000-E/l8_LC09_L2SP_041036_20240417_20240418_02_T1.tif,42.500174,23.98
GAO20240416t201905p0000-E,https://api.carbonmapper.org/api/v1/catalog/asset/l3a-vis-ch4-mf-v002/2024/04/16/GAO20240416t201905p0000-E/GAO20240416t201905p0000-E_l3a-vis-ch4-mf-v002_plume.tif,,/data2/yuyao/methane_emission/data/raw_data_dir/S2A_MSIL2A_20240417T182921_N0510_R027_T11SLU_20240418T004654.SAFE,/data2/yuyao/methane_emission/carbonmapper_data_l89_l2sp/GAO20240416t201905p0000-E/l8_LC09_L2SP_041036_20240417_20240418_02_T1.tif,38.865036,23.98
GAO20240416t201905p0000-F,https://api.carbonmapper.org/api/v1/catalog/asset/l3a-vis-ch4-mf-v002/2024/04/16/GAO20240416t201905p0000-F/GAO20240416t201905p0000-F_l3a-vis-ch4-mf-v002_plume.tif,,/data2/yuyao/methane_emission/data/raw_data_dir/S2A_MSIL2A_20240417T182921_N0510_R027_T11SLU_20240418T004654.SAFE,/data2/yuyao/methane_emission/carbonmapper_data_l89_l2sp/GAO20240416t201905p0000-F/l8_LC09_L2SP_041036_20240417_20240418_02_T1.tif,38.865036,23.98
GAO20240416t201905p0000-F,https://api.carbonmapper.org/api/v1/catalog/asset/l3a-vis-ch4-mf-v002/2024/04/16/GAO20240416t201905p0000-F/GAO20240416t201905p0000-F_l3a-vis-ch4-mf-v002_plume.tif,,/data2/yuyao/methane_emission/data/raw_data_dir/S2A_MSIL2A_20240417T182921_N0510_R027_T11SLT_20240418T004654.SAFE,/data2/yuyao/methane_emission/carbonmapper_data_l89_l2sp/GAO20240416t201905p0000-F/l8_LC09_L2SP_041036_20240417_20240418_02_T1.tif,42.500174,23.98
GAO20240416t201905p0000-G,https://api.carbonmapper.org/api/v1/catalog/asset/l3a-vis-ch4-mf-v002/2024/04/16/GAO20240416t201905p0000-G/GAO20240416t201905p0000-G_l3a-vis-ch4-mf-v002_plume.tif,,/data2/yuyao/methane_emission/data/raw_data_dir/S2A_MSIL2A_20240417T182921_N0510_R027_T11SLT_20240418T004654.SAFE,/data2/yuyao/methane_emission/carbonmapper_data_l89_l2sp/GAO20240416t201905p0000-G/l8_LC09_L2SP_041036_20240417_20240418_02_T1.tif,42.500174,23.98
GAO20240416t201905p0000-G,https://api.carbonmapper.org/api/v1/catalog/asset/l3a-vis-ch4-mf-v002/2024/04/16/GAO20240416t201905p0000-G/GAO20240416t201905p0000-G_l3a-vis-ch4-mf-v002_plume.tif,,/data2/yuyao/methane_emission/data/raw_data_dir/S2A_MSIL2A_20240417T182921_N0510_R027_T11SLU_20240418T004654.SAFE,/data2/yuyao/methane_emission/carbonmapper_data_l89_l2sp/GAO20240416t201905p0000-G/l8_LC09_L2SP_041036_20240417_20240418_02_T1.tif,38.865036,23.98
GAO20240416t201905p0000-H,https://api.carbonmapper.org/api/v1/catalog/asset/l3a-vis-ch4-mf-v002/2024/04/16/GAO20240416t201905p0000-H/GAO20240416t201905p0000-H_l3a-vis-ch4-mf-v002_plume.tif,,/data2/yuyao/methane_emission/data/raw_data_dir/S2A_MSIL2A_20240417T182921_N0510_R027_T11SLT_20240418T004654.SAFE,/data2/yuyao/methane_emission/carbonmapper_data_l89_l2sp/GAO20240416t201905p0000-H/l8_LC09_L2SP_041036_20240417_20240418_02_T1.tif,42.500174,23.98
GAO20240416t201905p0000-H,https://api.carbonmapper.org/api/v1/catalog/asset/l3a-vis-ch4-mf-v002/2024/04/16/GAO20240416t201905p0000-H/GAO20240416t201905p0000-H_l3a-vis-ch4-mf-v002_plume.tif,,/data2/yuyao/methane_emission/data/raw_data_dir/S2A_MSIL2A_20240417T182921_N0510_R027_T11SLU_20240418T004654.SAFE,/data2/yuyao/methane_emission/carbonmapper_data_l89_l2sp/GAO20240416t201905p0000-H/l8_LC09_L2SP_041036_20240417_20240418_02_T1.tif,38.865036,23.98
GAO20240416t201905p0000-I,https://api.carbonmapper.org/api/v1/catalog/asset/l3a-vis-ch4-mf-v002/2024/04/16/GAO20240416t201905p0000-I/GAO20240416t201905p0000-I_l3a-vis-ch4-mf-v002_plume.tif,,/data2/yuyao/methane_emission/data/raw_data_dir/S2A_MSIL2A_20240417T182921_N0510_R027_T11SLT_20240418T004654.SAFE,/data2/yuyao/methane_emission/carbonmapper_data_l89_l2sp/GAO20240416t201905p0000-I/l8_LC09_L2SP_041036_20240417_20240418_02_T1.tif,42.500174,23.98
GAO20240416t201905p0000-I,https://api.carbonmapper.org/api/v1/catalog/asset/l3a-vis-ch4-mf-v002/2024/04/16/GAO20240416t201905p0000-I/GAO20240416t201905p0000-I_l3a-vis-ch4-mf-v002_plume.tif,,/data2/yuyao/methane_emission/data/raw_data_dir/S2A_MSIL2A_20240417T182921_N0510_R027_T11SLU_20240418T004654.SAFE,/data2/yuyao/methane_emission/carbonmapper_data_l89_l2sp/GAO20240416t201905p0000-I/l8_LC09_L2SP_041036_20240417_20240418_02_T1.tif,38.865036,23.98
GAO20240416t201905p0000-J,https://api.carbonmapper.org/api/v1/catalog/asset/l3a-vis-ch4-mf-v002/2024/04/16/GAO20240416t201905p0000-J/GAO20240416t201905p0000-J_l3a-vis-ch4-mf-v002_plume.tif,,/data2/yuyao/methane_emission/data/raw_data_dir/S2A_MSIL2A_20240417T182921_N0510_R027_T11SLU_20240418T004654.SAFE,/data2/yuyao/methane_emission/carbonmapper_data_l89_l2sp/GAO20240416t201905p0000-J/l8_LC09_L2SP_041036_20240417_20240418_02_T1.tif,38.865036,23.98
GAO20240416t201905p0000-J,https://api.carbonmapper.org/api/v1/catalog/asset/l3a-vis-ch4-mf-v002/2024/04/16/GAO20240416t201905p0000-J/GAO20240416t201905p0000-J_l3a-vis-ch4-mf-v002_plume.tif,,/data2/yuyao/methane_emission/data/raw_data_dir/S2A_MSIL2A_20240417T182921_N0510_R027_T11SLT_20240418T004654.SAFE,/data2/yuyao/methane_emission/carbonmapper_data_l89_l2sp/GAO20240416t201905p0000-J/l8_LC09_L2SP_041036_20240417_20240418_02_T1.tif,42.500174,23.98
GAO20240416t202440p0000-A,https://api.carbonmapper.org/api/v1/catalog/asset/l3a-vis-ch4-mf-v002/2024/04/16/GAO20240416t202440p0000-A/GAO20240416t202440p0000-A_l3a-vis-ch4-mf-v002_plume.tif,,/data2/yuyao/methane_emission/data/raw_data_dir/S2A_MSIL2A_20240417T182921_N0510_R027_T11SLT_20240418T004654.SAFE,/data2/yuyao/methane_emission/carbonmapper_data_l89_l2sp/GAO20240416t202440p0000-A/l8_LC09_L2SP_041036_20240417_20240418_02_T1.tif,42.500174,23.98
GAO20240416t202440p0000-A,https://api.carbonmapper.org/api/v1/catalog/asset/l3a-vis-ch4-mf-v002/2024/04/16/GAO20240416t202440p0000-A/GAO20240416t202440p0000-A_l3a-vis-ch4-mf-v002_plume.tif,,/data2/yuyao/methane_emission/data/raw_data_dir/S2A_MSIL2A_20240417T182921_N0510_R027_T11SLU_20240418T004654.SAFE,/data2/yuyao/methane_emission/carbonmapper_data_l89_l2sp/GAO20240416t202440p0000-A/l8_LC09_L2SP_041036_20240417_20240418_02_T1.tif,38.865036,23.98
GAO20240416t202440p0000-B,https://api.carbonmapper.org/api/v1/catalog/asset/l3a-vis-ch4-mf-v002/2024/04/16/GAO20240416t202440p0000-B/GAO20240416t202440p0000-B_l3a-vis-ch4-mf-v002_plume.tif,,/data2/yuyao/methane_emission/data/raw_data_dir/S2A_MSIL2A_20240417T182921_N0510_R027_T11SLU_20240418T004654.SAFE,/data2/yuyao/methane_emission/carbonmapper_data_l89_l2sp/GAO20240416t202440p0000-B/l8_LC09_L2SP_041036_20240417_20240418_02_T1.tif,38.865036,23.98
GAO20240416t202440p0000-B,https://api.carbonmapper.org/api/v1/catalog/asset/l3a-vis-ch4-mf-v002/2024/04/16/GAO20240416t202440p0000-B/GAO20240416t202440p0000-B_l3a-vis-ch4-mf-v002_plume.tif,,/data2/yuyao/methane_emission/data/raw_data_dir/S2A_MSIL2A_20240417T182921_N0510_R027_T11SLT_20240418T004654.SAFE,/data2/yuyao/methane_emission/carbonmapper_data_l89_l2sp/GAO20240416t202440p0000-B/l8_LC09_L2SP_041036_20240417_20240418_02_T1.tif,42.500174,23.98
GAO20240416t202440p0000-C,https://api.carbonmapper.org/api/v1/catalog/asset/l3a-vis-ch4-mf-v002/2024/04/16/GAO20240416t202440p0000-C/GAO20240416t202440p0000-C_l3a-vis-ch4-mf-v002_plume.tif,,/data2/yuyao/methane_emission/data/raw_data_dir/S2A_MSIL2A_20240417T182921_N0510_R027_T11SLT_20240418T004654.SAFE,/data2/yuyao/methane_emission/carbonmapper_data_l89_l2sp/GAO20240416t202440p0000-C/l8_LC09_L2SP_041036_20240417_20240418_02_T1.tif,42.500174,23.98
GAO20240416t202440p0000-C,https://api.carbonmapper.org/api/v1/catalog/asset/l3a-vis-ch4-mf-v002/2024/04/16/GAO20240416t202440p0000-C/GAO20240416t202440p0000-C_l3a-vis-ch4-mf-v002_plume.tif,,/data2/yuyao/methane_emission/data/raw_data_dir/S2A_MSIL2A_20240417T182921_N0510_R027_T11SLU_20240418T004654.SAFE,/data2/yuyao/methane_emission/carbonmapper_data_l89_l2sp/GAO20240416t202440p0000-C/l8_LC09_L2SP_041036_20240417_20240418_02_T1.tif,38.865036,23.98
GAO20240416t202440p0000-D,https://api.carbonmapper.org/api/v1/catalog/asset/l3a-vis-ch4-mf-v002/2024/04/16/GAO20240416t202440p0000-D/GAO20240416t202440p0000-D_l3a-vis-ch4-mf-v002_plume.tif,,/data2/yuyao/methane_emission/data/raw_data_dir/S2A_MSIL2A_20240417T182921_N0510_R027_T11SLT_20240418T004654.SAFE,/data2/yuyao/methane_emission/carbonmapper_data_l89_l2sp/GAO20240416t202440p0000-D/l8_LC09_L2SP_041036_20240417_20240418_02_T1.tif,42.500174,23.98
GAO20240416t202440p0000-D,https://api.carbonmapper.org/api/v1/catalog/asset/l3a-vis-ch4-mf-v002/2024/04/16/GAO20240416t202440p0000-D/GAO20240416t202440p0000-D_l3a-vis-ch4-mf-v002_plume.tif,,/data2/yuyao/methane_emission/data/raw_data_dir/S2A_MSIL2A_20240417T182921_N0510_R027_T11SLU_20240418T004654.SAFE,/data2/yuyao/methane_emission/carbonmapper_data_l89_l2sp/GAO20240416t202440p0000-D/l8_LC09_L2SP_041036_20240417_20240418_02_T1.tif,38.865036,23.98
GAO20240416t202440p0000-F,https://api.carbonmapper.org/api/v1/catalog/asset/l3a-vis-ch4-mf-v002/2024/04/16/GAO20240416t202440p0000-F/GAO20240416t202440p0000-F_l3a-vis-ch4-mf-v002_plume.tif,,/data2/yuyao/methane_emission/data/raw_data_dir/S2A_MSIL2A_20240417T182921_N0510_R027_T11SLT_20240418T004654.SAFE,/data2/yuyao/methane_emission/carbonmapper_data_l89_l2sp/GAO20240416t202440p0000-F/l8_LC09_L2SP_041036_20240417_20240418_02_T1.tif,42.500174,23.98
GAO20240416t202440p0000-F,https://api.carbonmapper.org/api/v1/catalog/asset/l3a-vis-ch4-mf-v002/2024/04/16/GAO20240416t202440p0000-F/GAO20240416t202440p0000-F_l3a-vis-ch4-mf-v002_plume.tif,,/data2/yuyao/methane_emission/data/raw_data_dir/S2A_MSIL2A_20240417T182921_N0510_R027_T11SLU_20240418T004654.SAFE,/data2/yuyao/methane_emission/carbonmapper_data_l89_l2sp/GAO20240416t202440p0000-F/l8_LC09_L2SP_041036_20240417_20240418_02_T1.tif,38.865036,23.98
GAO20240416t202440p0000-G,https://api.carbonmapper.org/api/v1/catalog/asset/l3a-vis-ch4-mf-v3/2024/04/16/GAO20240416t202440p0000-G/GAO20240416t202440p0000-G_l3a-vis-ch4-mf-v3_plume.tif,https://api.carbonmapper.org/api/v1/catalog/asset/l3a-ime-ch4-mf-v3/2024/04/16/GAO20240416t202440p0000-G/GAO20240416t202440p0000-G_l3a-ime-ch4-mf-v3_ime-cmf-concentrations.tif,/data2/yuyao/methane_emission/data/raw_data_dir/S2A_MSIL2A_20240417T182921_N0510_R027_T11SLT_20240418T004654.SAFE,/data2/yuyao/methane_emission/carbonmapper_data_l89_l2sp/GAO20240416t202440p0000-G/l8_LC09_L2SP_041036_20240417_20240418_02_T1.tif,42.500174,23.98
GAO20240416t202440p0000-G,https://api.carbonmapper.org/api/v1/catalog/asset/l3a-vis-ch4-mf-v3/2024/04/16/GAO20240416t202440p0000-G/GAO20240416t202440p0000-G_l3a-vis-ch4-mf-v3_plume.tif,https://api.carbonmapper.org/api/v1/catalog/asset/l3a-ime-ch4-mf-v3/2024/04/16/GAO20240416t202440p0000-G/GAO20240416t202440p0000-G_l3a-ime-ch4-mf-v3_ime-cmf-concentrations.tif,/data2/yuyao/methane_emission/data/raw_data_dir/S2A_MSIL2A_20240417T182921_N0510_R027_T11SLU_20240418T004654.SAFE,/data2/yuyao/methane_emission/carbonmapper_data_l89_l2sp/GAO20240416t202440p0000-G/l8_LC09_L2SP_041036_20240417_20240418_02_T1.tif,38.865036,23.98
GAO20240416t203155p0000-A,https://api.carbonmapper.org/api/v1/catalog/asset/l3a-vis-ch4-mf-v002/2024/04/16/GAO20240416t203155p0000-A/GAO20240416t203155p0000-A_l3a-vis-ch4-mf-v002_plume.tif,,/data2/yuyao/methane_emission/data/raw_data_dir/S2A_MSIL2A_20240417T182921_N0510_R027_T11SLU_20240418T004654.SAFE,/data2/yuyao/methane_emission/carbonmapper_data_l89_l2sp/GAO20240416t203155p0000-A/l8_LC09_L2SP_041036_20240417_20240418_02_T1.tif,38.865036,23.98
GAO20240416t203155p0000-B,https://api.carbonmapper.org/api/v1/catalog/asset/l3a-vis-ch4-mf-v002/2024/04/16/GAO20240416t203155p0000-B/GAO20240416t203155p0000-B_l3a-vis-ch4-mf-v002_plume.tif,,/data2/yuyao/methane_emission/data/raw_data_dir/S2A_MSIL2A_20240417T182921_N0510_R027_T11SLU_20240418T004654.SAFE,/data2/yuyao/methane_emission/carbonmapper_data_l89_l2sp/GAO20240416t203155p0000-B/l8_LC09_L2SP_041036_20240417_20240418_02_T1.tif,38.865036,23.98
GAO20240416t203155p0000-D,https://api.carbonmapper.org/api/v1/catalog/asset/l3a-vis-ch4-mf-v002/2024/04/16/GAO20240416t203155p0000-D/GAO20240416t203155p0000-D_l3a-vis-ch4-mf-v002_plume.tif,,/data2/yuyao/methane_emission/data/raw_data_dir/S2A_MSIL2A_20240417T182921_N0510_R027_T11SLU_20240418T004654.SAFE,/data2/yuyao/methane_emission/carbonmapper_data_l89_l2sp/GAO20240416t203155p0000-D/l8_LC09_L2SP_041036_20240417_20240418_02_T1.tif,38.865036,23.98
GAO20240416t203155p0000-E,https://api.carbonmapper.org/api/v1/catalog/asset/l3a-vis-ch4-mf-v002/2024/04/16/GAO20240416t203155p0000-E/GAO20240416t203155p0000-E_l3a-vis-ch4-mf-v002_plume.tif,,/data2/yuyao/methane_emission/data/raw_data_dir/S2A_MSIL2A_20240417T182921_N0510_R027_T11SLU_20240418T004654.SAFE,/data2/yuyao/methane_emission/carbonmapper_data_l89_l2sp/GAO20240416t203155p0000-E/l8_LC09_L2SP_041036_20240417_20240418_02_T1.tif,38.865036,23.98
GAO20240416t203155p0000-F,https://api.carbonmapper.org/api/v1/catalog/asset/l3a-vis-ch4-mf-v002/2024/04/16/GAO20240416t203155p0000-F/GAO20240416t203155p0000-F_l3a-vis-ch4-mf-v002_plume.tif,,/data2/yuyao/methane_emission/data/raw_data_dir/S2A_MSIL2A_20240417T182921_N0510_R027_T11SLU_20240418T004654.SAFE,/data2/yuyao/methane_emission/carbonmapper_data_l89_l2sp/GAO20240416t203155p0000-F/l8_LC09_L2SP_041036_20240417_20240418_02_T1.tif,38.865036,23.98
GAO20240416t203155p0000-H,https://api.carbonmapper.org/api/v1/catalog/asset/l3a-vis-ch4-mf-v002/2024/04/16/GAO20240416t203155p0000-H/GAO20240416t203155p0000-H_l3a-vis-ch4-mf-v002_plume.tif,,/data2/yuyao/methane_emission/data/raw_data_dir/S2A_MSIL2A_20240417T182921_N0510_R027_T11SLU_20240418T004654.SAFE,/data2/yuyao/methane_emission/carbonmapper_data_l89_l2sp/GAO20240416t203155p0000-H/l8_LC09_L2SP_041036_20240417_20240418_02_T1.tif,38.865036,23.98
GAO20240416t203155p0000-I,https://api.carbonmapper.org/api/v1/catalog/asset/l3a-vis-ch4-mf-v002/2024/04/16/GAO20240416t203155p0000-I/GAO20240416t203155p0000-I_l3a-vis-ch4-mf-v002_plume.tif,,/data2/yuyao/methane_emission/data/raw_data_dir/S2A_MSIL2A_20240417T182921_N0510_R027_T11SLU_20240418T004654.SAFE,/data2/yuyao/methane_emission/carbonmapper_data_l89_l2sp/GAO20240416t203155p0000-I/l8_LC09_L2SP_041036_20240417_20240418_02_T1.tif,38.865036,23.98
GAO20240416t203155p0000-J,https://api.carbonmapper.org/api/v1/catalog/asset/l3a-vis-ch4-mf-v002/2024/04/16/GAO20240416t203155p0000-J/GAO20240416t203155p0000-J_l3a-vis-ch4-mf-v002_plume.tif,,/data2/yuyao/methane_emission/data/raw_data_dir/S2A_MSIL2A_20240417T182921_N0510_R027_T11SLU_20240418T004654.SAFE,/data2/yuyao/methane_emission/carbonmapper_data_l89_l2sp/GAO20240416t203155p0000-J/l8_LC09_L2SP_041036_20240417_20240418_02_T1.tif,38.865036,23.98
GAO20240416t203155p0000-K,https://api.carbonmapper.org/api/v1/catalog/asset/l3a-vis-ch4-mf-v002/2024/04/16/GAO20240416t203155p0000-K/GAO20240416t203155p0000-K_l3a-vis-ch4-mf-v002_plume.tif,,/data2/yuyao/methane_emission/data/raw_data_dir/S2A_MSIL2A_20240417T182921_N0510_R027_T11SLU_20240418T004654.SAFE,/data2/yuyao/methane_emission/carbonmapper_data_l89_l2sp/GAO20240416t203155p0000-K/l8_LC09_L2SP_041036_20240417_20240418_02_T1.tif,38.865036,23.98
GAO20240416t203155p0000-L,https://api.carbonmapper.org/api/v1/catalog/asset/l3a-vis-ch4-mf-v002/2024/04/16/GAO20240416t203155p0000-L/GAO20240416t203155p0000-L_l3a-vis-ch4-mf-v002_plume.tif,,/data2/yuyao/methane_emission/data/raw_data_dir/S2A_MSIL2A_20240417T182921_N0510_R027_T11SLU_20240418T004654.SAFE,/data2/yuyao/methane_emission/carbonmapper_data_l89_l2sp/GAO20240416t203155p0000-L/l8_LC09_L2SP_041036_20240417_20240418_02_T1.tif,38.865036,23.98
GAO20240416t203155p0000-N,https://api.carbonmapper.org/api/v1/catalog/asset/l3a-vis-ch4-mf-v002/2024/04/16/GAO20240416t203155p0000-N/GAO20240416t203155p0000-N_l3a-vis-ch4-mf-v002_plume.tif,,/data2/yuyao/methane_emission/data/raw_data_dir/S2A_MSIL2A_20240417T182921_N0510_R027_T11SLU_20240418T004654.SAFE,/data2/yuyao/methane_emission/carbonmapper_data_l89_l2sp/GAO20240416t203155p0000-N/l8_LC09_L2SP_041036_20240417_20240418_02_T1.tif,38.865036,23.98
GAO20240416t203810p0000-A,https://api.carbonmapper.org/api/v1/catalog/asset/l3a-vis-ch4-mf-v002/2024/04/16/GAO20240416t203810p0000-A/GAO20240416t203810p0000-A_l3a-vis-ch4-mf-v002_plume.tif,,/data2/yuyao/methane_emission/data/raw_data_dir/S2A_MSIL2A_20240417T182921_N0510_R027_T11SLU_20240418T004654.SAFE,/data2/yuyao/methane_emission/carbonmapper_data_l89_l2sp/GAO20240416t203810p0000-A/l8_LC08_L2SP_042036_20240416_20240423_02_T1.tif,38.865036,1.09
GAO20240416t203810p0000-A,https://api.carbonmapper.org/api/v1/catalog/asset/l3a-vis-ch4-mf-v002/2024/04/16/GAO20240416t203810p0000-A/GAO20240416t203810p0000-A_l3a-vis-ch4-mf-v002_plume.tif,,/data2/yuyao/methane_emission/data/raw_data_dir/S2A_MSIL2A_20240417T182921_N0510_R027_T11SLU_20240418T004654.SAFE,/data2/yuyao/methane_emission/carbonmapper_data_l89_l2sp/GAO20240416t203810p0000-A/l8_LC09_L2SP_041036_20240417_20240418_02_T1.tif,38.865036,23.98
GAO20240416t204435p0000-A,https://api.carbonmapper.org/api/v1/catalog/asset/l3a-vis-ch4-mf-v002/2024/04/16/GAO20240416t204435p0000-A/GAO20240416t204435p0000-A_l3a-vis-ch4-mf-v002_plume.tif,,/data2/yuyao/methane_emission/data/raw_data_dir/S2A_MSIL2A_20240417T182921_N0510_R027_T11SLT_20240418T004654.SAFE,/data2/yuyao/methane_emission/carbonmapper_data_l89_l2sp/GAO20240416t204435p0000-A/l8_LC09_L2SP_041036_20240417_20240418_02_T1.tif,42.500174,23.98
GAO20240416t204435p0000-A,https://api.carbonmapper.org/api/v1/catalog/asset/l3a-vis-ch4-mf-v002/2024/04/16/GAO20240416t204435p0000-A/GAO20240416t204435p0000-A_l3a-vis-ch4-mf-v002_plume.tif,,/data2/yuyao/methane_emission/data/raw_data_dir/S2A_MSIL2A_20240417T182921_N0510_R027_T11SLU_20240418T004654.SAFE,/data2/yuyao/methane_emission/carbonmapper_data_l89_l2sp/GAO20240416t204435p0000-A/l8_LC09_L2SP_041036_20240417_20240418_02_T1.tif,38.865036,23.98
GAO20240416t204435p0000-C,https://api.carbonmapper.org/api/v1/catalog/asset/l3a-vis-ch4-mf-v002/2024/04/16/GAO20240416t204435p0000-C/GAO20240416t204435p0000-C_l3a-vis-ch4-mf-v002_plume.tif,,/data2/yuyao/methane_emission/data/raw_data_dir/S2A_MSIL2A_20240417T182921_N0510_R027_T11SLU_20240418T004654.SAFE,/data2/yuyao/methane_emission/carbonmapper_data_l89_l2sp/GAO20240416t204435p0000-C/l8_LC09_L2SP_041036_20240417_20240418_02_T1.tif,38.865036,23.98
GAO20240416t204435p0000-C,https://api.carbonmapper.org/api/v1/catalog/asset/l3a-vis-ch4-mf-v002/2024/04/16/GAO20240416t204435p0000-C/GAO20240416t204435p0000-C_l3a-vis-ch4-mf-v002_plume.tif,,/data2/yuyao/methane_emission/data/raw_data_dir/S2A_MSIL2A_20240417T182921_N0510_R027_T11SLT_20240418T004654.SAFE,/data2/yuyao/methane_emission/carbonmapper_data_l89_l2sp/GAO20240416t204435p0000-C/l8_LC09_L2SP_041036_20240417_20240418_02_T1.tif,42.500174,23.98
GAO20240416t204435p0000-D,https://api.carbonmapper.org/api/v1/catalog/asset/l3a-vis-ch4-mf-v002/2024/04/16/GAO20240416t204435p0000-D/GAO20240416t204435p0000-D_l3a-vis-ch4-mf-v002_plume.tif,,/data2/yuyao/methane_emission/data/raw_data_dir/S2A_MSIL2A_20240417T182921_N0510_R027_T11SLT_20240418T004654.SAFE,/data2/yuyao/methane_emission/carbonmapper_data_l89_l2sp/GAO20240416t204435p0000-D/l8_LC09_L2SP_041036_20240417_20240418_02_T1.tif,42.500174,23.98
GAO20240416t204435p0000-D,https://api.carbonmapper.org/api/v1/catalog/asset/l3a-vis-ch4-mf-v002/2024/04/16/GAO20240416t204435p0000-D/GAO20240416t204435p0000-D_l3a-vis-ch4-mf-v002_plume.tif,,/data2/yuyao/methane_emission/data/raw_data_dir/S2A_MSIL2A_20240417T182921_N0510_R027_T11SLU_20240418T004654.SAFE,/data2/yuyao/methane_emission/carbonmapper_data_l89_l2sp/GAO20240416t204435p0000-D/l8_LC09_L2SP_041036_20240417_20240418_02_T1.tif,38.865036,23.98
GAO20240416t204435p0000-E,https://api.carbonmapper.org/api/v1/catalog/asset/l3a-vis-ch4-mf-v002/2024/04/16/GAO20240416t204435p0000-E/GAO20240416t204435p0000-E_l3a-vis-ch4-mf-v002_plume.tif,,/data2/yuyao/methane_emission/data/raw_data_dir/S2A_MSIL2A_20240417T182921_N0510_R027_T11SLT_20240418T004654.SAFE,/data2/yuyao/methane_emission/carbonmapper_data_l89_l2sp/GAO20240416t204435p0000-E/l8_LC09_L2SP_041036_20240417_20240418_02_T1.tif,42.500174,23.98
GAO20240416t204435p0000-E,https://api.carbonmapper.org/api/v1/catalog/asset/l3a-vis-ch4-mf-v002/2024/04/16/GAO20240416t204435p0000-E/GAO20240416t204435p0000-E_l3a-vis-ch4-mf-v002_plume.tif,,/data2/yuyao/methane_emission/data/raw_data_dir/S2A_MSIL2A_20240417T182921_N0510_R027_T11SLU_20240418T004654.SAFE,/data2/yuyao/methane_emission/carbonmapper_data_l89_l2sp/GAO20240416t204435p0000-E/l8_LC09_L2SP_041036_20240417_20240418_02_T1.tif,38.865036,23.98
GAO20240416t204435p0000-F,https://api.carbonmapper.org/api/v1/catalog/asset/l3a-vis-ch4-mf-v002/2024/04/16/GAO20240416t204435p0000-F/GAO20240416t204435p0000-F_l3a-vis-ch4-mf-v002_plume.tif,,/data2/yuyao/methane_emission/data/raw_data_dir/S2A_MSIL2A_20240417T182921_N0510_R027_T11SLT_20240418T004654.SAFE,/data2/yuyao/methane_emission/carbonmapper_data_l89_l2sp/GAO20240416t204435p0000-F/l8_LC09_L2SP_041036_20240417_20240418_02_T1.tif,42.500174,23.98
GAO20240416t204435p0000-F,https://api.carbonmapper.org/api/v1/catalog/asset/l3a-vis-ch4-mf-v002/2024/04/16/GAO20240416t204435p0000-F/GAO20240416t204435p0000-F_l3a-vis-ch4-mf-v002_plume.tif,,/data2/yuyao/methane_emission/data/raw_data_dir/S2A_MSIL2A_20240417T182921_N0510_R027_T11SLU_20240418T004654.SAFE,/data2/yuyao/methane_emission/carbonmapper_data_l89_l2sp/GAO20240416t204435p0000-F/l8_LC09_L2SP_041036_20240417_20240418_02_T1.tif,38.865036,23.98
GAO20240416t205015p0000-A,https://api.carbonmapper.org/api/v1/catalog/asset/l3a-vis-ch4-mf-v002/2024/04/16/GAO20240416t205015p0000-A/GAO20240416t205015p0000-A_l3a-vis-ch4-mf-v002_plume.tif,,/data2/yuyao/methane_emission/data/raw_data_dir/S2A_MSIL2A_20240417T182921_N0510_R027_T11SLT_20240418T004654.SAFE,/data2/yuyao/methane_emission/carbonmapper_data_l89_l2sp/GAO20240416t205015p0000-A/l8_LC09_L2SP_041036_20240417_20240418_02_T1.tif,42.500174,23.98
GAO20240416t205015p0000-A,https://api.carbonmapper.org/api/v1/catalog/asset/l3a-vis-ch4-mf-v002/2024/04/16/GAO20240416t205015p0000-A/GAO20240416t205015p0000-A_l3a-vis-ch4-mf-v002_plume.tif,,/data2/yuyao/methane_emission/data/raw_data_dir/S2A_MSIL2A_20240417T182921_N0510_R027_T11SLU_20240418T004654.SAFE,/data2/yuyao/methane_emission/carbonmapper_data_l89_l2sp/GAO20240416t205015p0000-A/l8_LC09_L2SP_041036_20240417_20240418_02_T1.tif,38.865036,23.98
GAO20240416t205015p0000-B,https://api.carbonmapper.org/api/v1/catalog/asset/l3a-vis-ch4-mf-v002/2024/04/16/GAO20240416t205015p0000-B/GAO20240416t205015p0000-B_l3a-vis-ch4-mf-v002_plume.tif,,/data2/yuyao/methane_emission/data/raw_data_dir/S2A_MSIL2A_20240417T182921_N0510_R027_T11SLU_20240418T004654.SAFE,/data2/yuyao/methane_emission/carbonmapper_data_l89_l2sp/GAO20240416t205015p0000-B/l8_LC09_L2SP_041036_20240417_20240418_02_T1.tif,38.865036,23.98
GAO20240416t205015p0000-B,https://api.carbonmapper.org/api/v1/catalog/asset/l3a-vis-ch4-mf-v002/2024/04/16/GAO20240416t205015p0000-B/GAO20240416t205015p0000-B_l3a-vis-ch4-mf-v002_plume.tif,,/data2/yuyao/methane_emission/data/raw_data_dir/S2A_MSIL2A_20240417T182921_N0510_R027_T11SLT_20240418T004654.SAFE,/data2/yuyao/methane_emission/carbonmapper_data_l89_l2sp/GAO20240416t205015p0000-B/l8_LC09_L2SP_041036_20240417_20240418_02_T1.tif,42.500174,23.98
GAO20240416t205015p0000-C,https://api.carbonmapper.org/api/v1/catalog/asset/l3a-vis-ch4-mf-v002/2024/04/16/GAO20240416t205015p0000-C/GAO20240416t205015p0000-C_l3a-vis-ch4-mf-v002_plume.tif,,/data2/yuyao/methane_emission/data/raw_data_dir/S2A_MSIL2A_20240417T182921_N0510_R027_T11SLT_20240418T004654.SAFE,/data2/yuyao/methane_emission/carbonmapper_data_l89_l2sp/GAO20240416t205015p0000-C/l8_LC09_L2SP_041036_20240417_20240418_02_T1.tif,42.500174,23.98
GAO20240416t205015p0000-C,https://api.carbonmapper.org/api/v1/catalog/asset/l3a-vis-ch4-mf-v002/2024/04/16/GAO20240416t205015p0000-C/GAO20240416t205015p0000-C_l3a-vis-ch4-mf-v002_plume.tif,,/data2/yuyao/methane_emission/data/raw_data_dir/S2A_MSIL2A_20240417T182921_N0510_R027_T11SLU_20240418T004654.SAFE,/data2/yuyao/methane_emission/carbonmapper_data_l89_l2sp/GAO20240416t205015p0000-C/l8_LC09_L2SP_041036_20240417_20240418_02_T1.tif,38.865036,23.98
GAO20240416t205015p0000-E,https://api.carbonmapper.org/api/v1/catalog/asset/l3a-vis-ch4-mf-v002/2024/04/16/GAO20240416t205015p0000-E/GAO20240416t205015p0000-E_l3a-vis-ch4-mf-v002_plume.tif,https://api.carbonmapper.org/api/v1/catalog/asset/l3a-ime-ch4-mf-v1/2024/04/16/GAO20240416t205015p0000-E/GAO20240416t205015p0000-E_l3a-ime-ch4-mf-v1_ime-cmf-concentrations.tif,/data2/yuyao/methane_emission/data/raw_data_dir/S2A_MSIL2A_20240417T182921_N0510_R027_T11SLT_20240418T004654.SAFE,/data2/yuyao/methane_emission/carbonmapper_data_l89_l2sp/GAO20240416t205015p0000-E/l8_LC09_L2SP_041036_20240417_20240418_02_T1.tif,42.500174,23.98
GAO20240416t205015p0000-E,https://api.carbonmapper.org/api/v1/catalog/asset/l3a-vis-ch4-mf-v002/2024/04/16/GAO20240416t205015p0000-E/GAO20240416t205015p0000-E_l3a-vis-ch4-mf-v002_plume.tif,https://api.carbonmapper.org/api/v1/catalog/asset/l3a-ime-ch4-mf-v1/2024/04/16/GAO20240416t205015p0000-E/GAO20240416t205015p0000-E_l3a-ime-ch4-mf-v1_ime-cmf-concentrations.tif,/data2/yuyao/methane_emission/data/raw_data_dir/S2A_MSIL2A_20240417T182921_N0510_R027_T11SLU_20240418T004654.SAFE,/data2/yuyao/methane_emission/carbonmapper_data_l89_l2sp/GAO20240416t205015p0000-E/l8_LC09_L2SP_041036_20240417_20240418_02_T1.tif,38.865036,23.98
GAO20240416t205745p0000-A,https://api.carbonmapper.org/api/v1/catalog/asset/l3a-vis-ch4-mf-v002/2024/04/16/GAO20240416t205745p0000-A/GAO20240416t205745p0000-A_l3a-vis-ch4-mf-v002_plume.tif,,/data2/yuyao/methane_emission/data/raw_data_dir/S2A_MSIL2A_20240417T182921_N0510_R027_T11SLU_20240418T004654.SAFE,/data2/yuyao/methane_emission/carbonmapper_data_l89_l2sp/GAO20240416t205745p0000-A/l8_LC09_L2SP_041036_20240417_20240418_02_T1.tif,38.865036,23.98
GAO20240416t205745p0000-B,https://api.carbonmapper.org/api/v1/catalog/asset/l3a-vis-ch4-mf-v002/2024/04/16/GAO20240416t205745p0000-B/GAO20240416t205745p0000-B_l3a-vis-ch4-mf-v002_plume.tif,,/data2/yuyao/methane_emission/data/raw_data_dir/S2A_MSIL2A_20240417T182921_N0510_R027_T11SLU_20240418T004654.SAFE,/data2/yuyao/methane_emission/carbonmapper_data_l89_l2sp/GAO20240416t205745p0000-B/l8_LC09_L2SP_041036_20240417_20240418_02_T1.tif,38.865036,23.98
GAO20240416t205745p0000-C,https://api.carbonmapper.org/api/v1/catalog/asset/l3a-vis-ch4-mf-v002/2024/04/16/GAO20240416t205745p0000-C/GAO20240416t205745p0000-C_l3a-vis-ch4-mf-v002_plume.tif,,/data2/yuyao/methane_emission/data/raw_data_dir/S2A_MSIL2A_20240417T182921_N0510_R027_T11SLU_20240418T004654.SAFE,/data2/yuyao/methane_emission/carbonmapper_data_l89_l2sp/GAO20240416t205745p0000-C/l8_LC09_L2SP_041036_20240417_20240418_02_T1.tif,38.865036,23.98
GAO20240416t205745p0000-E,https://api.carbonmapper.org/api/v1/catalog/asset/l3a-vis-ch4-mf-v002/2024/04/16/GAO20240416t205745p0000-E/GAO20240416t205745p0000-E_l3a-vis-ch4-mf-v002_plume.tif,,/data2/yuyao/methane_emission/data/raw_data_dir/S2A_MSIL2A_20240417T182921_N0510_R027_T11SLU_20240418T004654.SAFE,/data2/yuyao/methane_emission/carbonmapper_data_l89_l2sp/GAO20240416t205745p0000-E/l8_LC09_L2SP_041036_20240417_20240418_02_T1.tif,38.865036,23.98
GAO20240416t205745p0000-F,https://api.carbonmapper.org/api/v1/catalog/asset/l3a-vis-ch4-mf-v002/2024/04/16/GAO20240416t205745p0000-F/GAO20240416t205745p0000-F_l3a-vis-ch4-mf-v002_plume.tif,,/data2/yuyao/methane_emission/data/raw_data_dir/S2A_MSIL2A_20240417T182921_N0510_R027_T11SLU_20240418T004654.SAFE,/data2/yuyao/methane_emission/carbonmapper_data_l89_l2sp/GAO20240416t205745p0000-F/l8_LC09_L2SP_041036_20240417_20240418_02_T1.tif,38.865036,23.98
GAO20240416t205745p0000-G,https://api.carbonmapper.org/api/v1/catalog/asset/l3a-vis-ch4-mf-v002/2024/04/16/GAO20240416t205745p0000-G/GAO20240416t205745p0000-G_l3a-vis-ch4-mf-v002_plume.tif,,/data2/yuyao/methane_emission/data/raw_data_dir/S2A_MSIL2A_20240417T182921_N0510_R027_T11SLU_20240418T004654.SAFE,/data2/yuyao/methane_emission/carbonmapper_data_l89_l2sp/GAO20240416t205745p0000-G/l8_LC09_L2SP_041036_20240417_20240418_02_T1.tif,38.865036,23.98
GAO20240416t205745p0000-H,https://api.carbonmapper.org/api/v1/catalog/asset/l3a-vis-ch4-mf-v002/2024/04/16/GAO20240416t205745p0000-H/GAO20240416t205745p0000-H_l3a-vis-ch4-mf-v002_plume.tif,,/data2/yuyao/methane_emission/data/raw_data_dir/S2A_MSIL2A_20240417T182921_N0510_R027_T11SLU_20240418T004654.SAFE,/data2/yuyao/methane_emission/carbonmapper_data_l89_l2sp/GAO20240416t205745p0000-H/l8_LC09_L2SP_041036_20240417_20240418_02_T1.tif,38.865036,23.98
GAO20240416t205745p0000-I,https://api.carbonmapper.org/api/v1/catalog/asset/l3a-vis-ch4-mf-v002/2024/04/16/GAO20240416t205745p0000-I/GAO20240416t205745p0000-I_l3a-vis-ch4-mf-v002_plume.tif,,/data2/yuyao/methane_emission/data/raw_data_dir/S2A_MSIL2A_20240417T182921_N0510_R027_T11SLU_20240418T004654.SAFE,/data2/yuyao/methane_emission/carbonmapper_data_l89_l2sp/GAO20240416t205745p0000-I/l8_LC09_L2SP_041036_20240417_20240418_02_T1.tif,38.865036,23.98
GAO20240416t205745p0000-J,https://api.carbonmapper.org/api/v1/catalog/asset/l3a-vis-ch4-mf-v002/2024/04/16/GAO20240416t205745p0000-J/GAO20240416t205745p0000-J_l3a-vis-ch4-mf-v002_plume.tif,,/data2/yuyao/methane_emission/data/raw_data_dir/S2A_MSIL2A_20240417T182921_N0510_R027_T11SLU_20240418T004654.SAFE,/data2/yuyao/methane_emission/carbonmapper_data_l89_l2sp/GAO20240416t205745p0000-J/l8_LC09_L2SP_041036_20240417_20240418_02_T1.tif,38.865036,23.98
GAO20240416t205745p0000-K,https://api.carbonmapper.org/api/v1/catalog/asset/l3a-vis-ch4-mf-v002/2024/04/16/GAO20240416t205745p0000-K/GAO20240416t205745p0000-K_l3a-vis-ch4-mf-v002_plume.tif,,/data2/yuyao/methane_emission/data/raw_data_dir/S2A_MSIL2A_20240417T182921_N0510_R027_T11SLU_20240418T004654.SAFE,/data2/yuyao/methane_emission/carbonmapper_data_l89_l2sp/GAO20240416t205745p0000-K/l8_LC09_L2SP_041036_20240417_20240418_02_T1.tif,38.865036,23.98
GAO20240416t205745p0000-L,https://api.carbonmapper.org/api/v1/catalog/asset/l3a-vis-ch4-mf-v002/2024/04/16/GAO20240416t205745p0000-L/GAO20240416t205745p0000-L_l3a-vis-ch4-mf-v002_plume.tif,,/data2/yuyao/methane_emission/data/raw_data_dir/S2A_MSIL2A_20240417T182921_N0510_R027_T11SLU_20240418T004654.SAFE,/data2/yuyao/methane_emission/carbonmapper_data_l89_l2sp/GAO20240416t205745p0000-L/l8_LC09_L2SP_041036_20240417_20240418_02_T1.tif,38.865036,23.98
GAO20240416t211710p0000-A,https://api.carbonmapper.org/api/v1/catalog/asset/l3a-vis-ch4-mf-v002/2024/04/16/GAO20240416t211710p0000-A/GAO20240416t211710p0000-A_l3a-vis-ch4-mf-v002_plume.tif,,/data2/yuyao/methane_emission/data/raw_data_dir/S2A_MSIL2A_20240417T182921_N0510_R027_T11SKU_20240418T004654.SAFE,/data2/yuyao/methane_emission/carbonmapper_data_l89_l2sp/GAO20240416t211710p0000-A/l8_LC08_L2SP_042036_20240416_20240423_02_T1.tif,39.737532,1.09
GAO20240416t211710p0000-A,https://api.carbonmapper.org/api/v1/catalog/asset/l3a-vis-ch4-mf-v002/2024/04/16/GAO20240416t211710p0000-A/GAO20240416t211710p0000-A_l3a-vis-ch4-mf-v002_plume.tif,,/data2/yuyao/methane_emission/data/raw_data_dir/S2A_MSIL2A_20240417T182921_N0510_R027_T11SKU_20240418T004654.SAFE,/data2/yuyao/methane_emission/carbonmapper_data_l89_l2sp/GAO20240416t211710p0000-A/l8_LC09_L2SP_041036_20240417_20240418_02_T1.tif,39.737532,23.98
GAO20240416t212801p0000-A,https://api.carbonmapper.org/api/v1/catalog/asset/l3a-vis-ch4-mf-v002/2024/04/16/GAO20240416t212801p0000-A/GAO20240416t212801p0000-A_l3a-vis-ch4-mf-v002_plume.tif,,/data2/yuyao/methane_emission/data/raw_data_dir/S2A_MSIL2A_20240417T182921_N0510_R027_T11SLV_20240418T004654.SAFE,/data2/yuyao/methane_emission/carbonmapper_data_l89_l2sp/GAO20240416t212801p0000-A/l8_LC08_L2SP_042036_20240416_20240423_02_T1.tif,79.501784,1.09
GAO20240416t212801p0000-A,https://api.carbonmapper.org/api/v1/catalog/asset/l3a-vis-ch4-mf-v002/2024/04/16/GAO20240416t212801p0000-A/GAO20240416t212801p0000-A_l3a-vis-ch4-mf-v002_plume.tif,,/data2/yuyao/methane_emission/data/raw_data_dir/S2A_MSIL2A_20240417T182921_N0510_R027_T11SLV_20240418T004654.SAFE,/data2/yuyao/methane_emission/carbonmapper_data_l89_l2sp/GAO20240416t212801p0000-A/l8_LC09_L2SP_041036_20240417_20240418_02_T1.tif,79.501784,23.98
GAO20240417t172703p0000-A,https://api.carbonmapper.org/api/v1/catalog/asset/l3a-vis-ch4-mf-v002/2024/04/17/GAO20240417t172703p0000-A/GAO20240417t172703p0000-A_l3a-vis-ch4-mf-v002_plume.tif,,/data2/yuyao/methane_emission/data/raw_data_dir/S2A_MSIL2A_20240417T182921_N0510_R027_T11SLU_20240418T004654.SAFE,/data2/yuyao/methane_emission/carbonmapper_data_l89_l2sp/GAO20240417t172703p0000-A/l8_LC09_L2SP_041036_20240417_20240418_02_T1.tif,38.865036,23.98
GAO20240417t172703p0000-A,https://api.carbonmapper.org/api/v1/catalog/asset/l3a-vis-ch4-mf-v002/2024/04/17/GAO20240417t172703p0000-A/GAO20240417t172703p0000-A_l3a-vis-ch4-mf-v002_plume.tif,,/data2/yuyao/methane_emission/data/raw_data_dir/S2A_MSIL2A_20240417T182921_N0510_R027_T11SLU_20240418T004654.SAFE,/data2/yuyao/methane_emission/carbonmapper_data_l89_l2sp/GAO20240417t172703p0000-A/l8_LC08_L2SP_042036_20240416_20240423_02_T1.tif,38.865036,1.09
GAO20240417t172703p0000-B,https://api.carbonmapper.org/api/v1/catalog/asset/l3a-vis-ch4-mf-v002/2024/04/17/GAO20240417t172703p0000-B/GAO20240417t172703p0000-B_l3a-vis-ch4-mf-v002_plume.tif,,/data2/yuyao/methane_emission/data/raw_data_dir/S2A_MSIL2A_20240417T182921_N0510_R027_T11SLU_20240418T004654.SAFE,/data2/yuyao/methane_emission/carbonmapper_data_l89_l2sp/GAO20240417t172703p0000-B/l8_LC09_L2SP_041036_20240417_20240418_02_T1.tif,38.865036,23.98
GAO20240417t172703p0000-B,https://api.carbonmapper.org/api/v1/catalog/asset/l3a-vis-ch4-mf-v002/2024/04/17/GAO20240417t172703p0000-B/GAO20240417t172703p0000-B_l3a-vis-ch4-mf-v002_plume.tif,,/data2/yuyao/methane_emission/data/raw_data_dir/S2A_MSIL2A_20240417T182921_N0510_R027_T11SLU_20240418T004654.SAFE,/data2/yuyao/methane_emission/carbonmapper_data_l89_l2sp/GAO20240417t172703p0000-B/l8_LC08_L2SP_042036_20240416_20240423_02_T1.tif,38.865036,1.09
GAO20240417t173333p0000-B,https://api.carbonmapper.org/api/v1/catalog/asset/l3a-vis-ch4-mf-v002/2024/04/17/GAO20240417t173333p0000-B/GAO20240417t173333p0000-B_l3a-vis-ch4-mf-v002_plume.tif,,/data2/yuyao/methane_emission/data/raw_data_dir/S2A_MSIL2A_20240417T182921_N0510_R027_T11SLT_20240418T004654.SAFE,/data2/yuyao/methane_emission/carbonmapper_data_l89_l2sp/GAO20240417t173333p0000-B/l8_LC09_L2SP_041036_20240417_20240418_02_T1.tif,42.500174,23.98
GAO20240417t173333p0000-D,https://api.carbonmapper.org/api/v1/catalog/asset/l3a-vis-ch4-mf-v002/2024/04/17/GAO20240417t173333p0000-D/GAO20240417t173333p0000-D_l3a-vis-ch4-mf-v002_plume.tif,,/data2/yuyao/methane_emission/data/raw_data_dir/S2A_MSIL2A_20240417T182921_N0510_R027_T11SLU_20240418T004654.SAFE,/data2/yuyao/methane_emission/carbonmapper_data_l89_l2sp/GAO20240417t173333p0000-D/l8_LC09_L2SP_041036_20240417_20240418_02_T1.tif,38.865036,23.98
GAO20240417t173333p0000-E,https://api.carbonmapper.org/api/v1/catalog/asset/l3a-vis-ch4-mf-v002/2024/04/17/GAO20240417t173333p0000-E/GAO20240417t173333p0000-E_l3a-vis-ch4-mf-v002_plume.tif,,/data2/yuyao/methane_emission/data/raw_data_dir/S2A_MSIL2A_20240417T182921_N0510_R027_T11SLU_20240418T004654.SAFE,/data2/yuyao/methane_emission/carbonmapper_data_l89_l2sp/GAO20240417t173333p0000-E/l8_LC09_L2SP_041036_20240417_20240418_02_T1.tif,38.865036,23.98
GAO20240417t173333p0000-F,https://api.carbonmapper.org/api/v1/catalog/asset/l3a-vis-ch4-mf-v002/2024/04/17/GAO20240417t173333p0000-F/GAO20240417t173333p0000-F_l3a-vis-ch4-mf-v002_plume.tif,,/data2/yuyao/methane_emission/data/raw_data_dir/S2A_MSIL2A_20240417T182921_N0510_R027_T11SLU_20240418T004654.SAFE,/data2/yuyao/methane_emission/carbonmapper_data_l89_l2sp/GAO20240417t173333p0000-F/l8_LC09_L2SP_041036_20240417_20240418_02_T1.tif,38.865036,23.98
GAO20240417t173333p0000-G,https://api.carbonmapper.org/api/v1/catalog/asset/l3a-vis-ch4-mf-v002/2024/04/17/GAO20240417t173333p0000-G/GAO20240417t173333p0000-G_l3a-vis-ch4-mf-v002_plume.tif,,/data2/yuyao/methane_emission/data/raw_data_dir/S2A_MSIL2A_20240417T182921_N0510_R027_T11SLU_20240418T004654.SAFE,/data2/yuyao/methane_emission/carbonmapper_data_l89_l2sp/GAO20240417t173333p0000-G/l8_LC09_L2SP_041036_20240417_20240418_02_T1.tif,38.865036,23.98
GAO20240417t173333p0000-H,https://api.carbonmapper.org/api/v1/catalog/asset/l3a-vis-ch4-mf-v002/2024/04/17/GAO20240417t173333p0000-H/GAO20240417t173333p0000-H_l3a-vis-ch4-mf-v002_plume.tif,,/data2/yuyao/methane_emission/data/raw_data_dir/S2A_MSIL2A_20240417T182921_N0510_R027_T11SLT_20240418T004654.SAFE,/data2/yuyao/methane_emission/carbonmapper_data_l89_l2sp/GAO20240417t173333p0000-H/l8_LC09_L2SP_041036_20240417_20240418_02_T1.tif,42.500174,23.98
GAO20240417t173333p0000-I,https://api.carbonmapper.org/api/v1/catalog/asset/l3a-vis-ch4-mf-v002/2024/04/17/GAO20240417t173333p0000-I/GAO20240417t173333p0000-I_l3a-vis-ch4-mf-v002_plume.tif,,/data2/yuyao/methane_emission/data/raw_data_dir/S2A_MSIL2A_20240417T182921_N0510_R027_T11SLT_20240418T004654.SAFE,/data2/yuyao/methane_emission/carbonmapper_data_l89_l2sp/GAO20240417t173333p0000-I/l8_LC09_L2SP_041036_20240417_20240418_02_T1.tif,42.500174,23.98
GAO20240417t173913p0000-A,https://api.carbonmapper.org/api/v1/catalog/asset/l3a-vis-ch4-mf-v002/2024/04/17/GAO20240417t173913p0000-A/GAO20240417t173913p0000-A_l3a-vis-ch4-mf-v002_plume.tif,,/data2/yuyao/methane_emission/data/raw_data_dir/S2A_MSIL2A_20240417T182921_N0510_R027_T11SLT_20240418T004654.SAFE,/data2/yuyao/methane_emission/carbonmapper_data_l89_l2sp/GAO20240417t173913p0000-A/l8_LC09_L2SP_041036_20240417_20240418_02_T1.tif,42.500174,23.98
GAO20240417t173913p0000-B,https://api.carbonmapper.org/api/v1/catalog/asset/l3a-vis-ch4-mf-v002/2024/04/17/GAO20240417t173913p0000-B/GAO20240417t173913p0000-B_l3a-vis-ch4-mf-v002_plume.tif,,/data2/yuyao/methane_emission/data/raw_data_dir/S2A_MSIL2A_20240417T182921_N0510_R027_T11SLT_20240418T004654.SAFE,/data2/yuyao/methane_emission/carbonmapper_data_l89_l2sp/GAO20240417t173913p0000-B/l8_LC09_L2SP_041036_20240417_20240418_02_T1.tif,42.500174,23.98
GAO20240417t173913p0000-D,https://api.carbonmapper.org/api/v1/catalog/asset/l3a-vis-ch4-mf-v002/2024/04/17/GAO20240417t173913p0000-D/GAO20240417t173913p0000-D_l3a-vis-ch4-mf-v002_plume.tif,,/data2/yuyao/methane_emission/data/raw_data_dir/S2A_MSIL2A_20240417T182921_N0510_R027_T11SLT_20240418T004654.SAFE,/data2/yuyao/methane_emission/carbonmapper_data_l89_l2sp/GAO20240417t173913p0000-D/l8_LC09_L2SP_041036_20240417_20240418_02_T1.tif,42.500174,23.98
GAO20240417t173913p0000-E,https://api.carbonmapper.org/api/v1/catalog/asset/l3a-vis-ch4-mf-v002/2024/04/17/GAO20240417t173913p0000-E/GAO20240417t173913p0000-E_l3a-vis-ch4-mf-v002_plume.tif,,/data2/yuyao/methane_emission/data/raw_data_dir/S2A_MSIL2A_20240417T182921_N0510_R027_T11SLT_20240418T004654.SAFE,/data2/yuyao/methane_emission/carbonmapper_data_l89_l2sp/GAO20240417t173913p0000-E/l8_LC09_L2SP_041036_20240417_20240418_02_T1.tif,42.500174,23.98
GAO20240417t173913p0000-F,https://api.carbonmapper.org/api/v1/catalog/asset/l3a-vis-ch4-mf-v002/2024/04/17/GAO20240417t173913p0000-F/GAO20240417t173913p0000-F_l3a-vis-ch4-mf-v002_plume.tif,,/data2/yuyao/methane_emission/data/raw_data_dir/S2A_MSIL2A_20240417T182921_N0510_R027_T11SLT_20240418T004654.SAFE,/data2/yuyao/methane_emission/carbonmapper_data_l89_l2sp/GAO20240417t173913p0000-F/l8_LC09_L2SP_041036_20240417_20240418_02_T1.tif,42.500174,23.98
GAO20240417t173913p0000-G,https://api.carbonmapper.org/api/v1/catalog/asset/l3a-vis-ch4-mf-v002/2024/04/17/GAO20240417t173913p0000-G/GAO20240417t173913p0000-G_l3a-vis-ch4-mf-v002_plume.tif,,/data2/yuyao/methane_emission/data/raw_data_dir/S2A_MSIL2A_20240417T182921_N0510_R027_T11SLU_20240418T004654.SAFE,/data2/yuyao/methane_emission/carbonmapper_data_l89_l2sp/GAO20240417t173913p0000-G/l8_LC09_L2SP_041036_20240417_20240418_02_T1.tif,38.865036,23.98
GAO20240417t173913p0000-I,https://api.carbonmapper.org/api/v1/catalog/asset/l3a-vis-ch4-mf-v002/2024/04/17/GAO20240417t173913p0000-I/GAO20240417t173913p0000-I_l3a-vis-ch4-mf-v002_plume.tif,https://api.carbonmapper.org/api/v1/catalog/asset/l3a-ime-ch4-mf-v1/2024/04/17/GAO20240417t173913p0000-I/GAO20240417t173913p0000-I_l3a-ime-ch4-mf-v1_ime-cmf-concentrations.tif,/data2/yuyao/methane_emission/data/raw_data_dir/S2A_MSIL2A_20240417T182921_N0510_R027_T11SLT_20240418T004654.SAFE,/data2/yuyao/methane_emission/carbonmapper_data_l89_l2sp/GAO20240417t173913p0000-I/l8_LC09_L2SP_041036_20240417_20240418_02_T1.tif,42.500174,23.98
GAO20240417t173913p0000-J,https://api.carbonmapper.org/api/v1/catalog/asset/l3a-vis-ch4-mf-v002/2024/04/17/GAO20240417t173913p0000-J/GAO20240417t173913p0000-J_l3a-vis-ch4-mf-v002_plume.tif,https://api.carbonmapper.org/api/v1/catalog/asset/l3a-ime-ch4-mf-v1/2024/04/17/GAO20240417t173913p0000-J/GAO20240417t173913p0000-J_l3a-ime-ch4-mf-v1_ime-cmf-concentrations.tif,/data2/yuyao/methane_emission/data/raw_data_dir/S2A_MSIL2A_20240417T182921_N0510_R027_T11SLU_20240418T004654.SAFE,/data2/yuyao/methane_emission/carbonmapper_data_l89_l2sp/GAO20240417t173913p0000-J/l8_LC09_L2SP_041036_20240417_20240418_02_T1.tif,38.865036,23.98
GAO20240417t174653p0000-A,https://api.carbonmapper.org/api/v1/catalog/asset/l3a-vis-ch4-mf-v002/2024/04/17/GAO20240417t174653p0000-A/GAO20240417t174653p0000-A_l3a-vis-ch4-mf-v002_plume.tif,,/data2/yuyao/methane_emission/data/raw_data_dir/S2A_MSIL2A_20240417T182921_N0510_R027_T11SLU_20240418T004654.SAFE,/data2/yuyao/methane_emission/carbonmapper_data_l89_l2sp/GAO20240417t174653p0000-A/l8_LC09_L2SP_041036_20240417_20240418_02_T1.tif,38.865036,23.98
GAO20240417t174653p0000-B,https://api.carbonmapper.org/api/v1/catalog/asset/l3a-vis-ch4-mf-v002/2024/04/17/GAO20240417t174653p0000-B/GAO20240417t174653p0000-B_l3a-vis-ch4-mf-v002_plume.tif,,/data2/yuyao/methane_emission/data/raw_data_dir/S2A_MSIL2A_20240417T182921_N0510_R027_T11SLU_20240418T004654.SAFE,/data2/yuyao/methane_emission/carbonmapper_data_l89_l2sp/GAO20240417t174653p0000-B/l8_LC09_L2SP_041036_20240417_20240418_02_T1.tif,38.865036,23.98
GAO20240417t174653p0000-C,https://api.carbonmapper.org/api/v1/catalog/asset/l3a-vis-ch4-mf-v002/2024/04/17/GAO20240417t174653p0000-C/GAO20240417t174653p0000-C_l3a-vis-ch4-mf-v002_plume.tif,,/data2/yuyao/methane_emission/data/raw_data_dir/S2A_MSIL2A_20240417T182921_N0510_R027_T11SLU_20240418T004654.SAFE,/data2/yuyao/methane_emission/carbonmapper_data_l89_l2sp/GAO20240417t174653p0000-C/l8_LC09_L2SP_041036_20240417_20240418_02_T1.tif,38.865036,23.98
GAO20240417t174653p0000-D,https://api.carbonmapper.org/api/v1/catalog/asset/l3a-vis-ch4-mf-v002/2024/04/17/GAO20240417t174653p0000-D/GAO20240417t174653p0000-D_l3a-vis-ch4-mf-v002_plume.tif,,/data2/yuyao/methane_emission/data/raw_data_dir/S2A_MSIL2A_20240417T182921_N0510_R027_T11SLU_20240418T004654.SAFE,/data2/yuyao/methane_emission/carbonmapper_data_l89_l2sp/GAO20240417t174653p0000-D/l8_LC09_L2SP_041036_20240417_20240418_02_T1.tif,38.865036,23.98
GAO20240417t174653p0000-E,https://api.carbonmapper.org/api/v1/catalog/asset/l3a-vis-ch4-mf-v002/2024/04/17/GAO20240417t174653p0000-E/GAO20240417t174653p0000-E_l3a-vis-ch4-mf-v002_plume.tif,,/data2/yuyao/methane_emission/data/raw_data_dir/S2A_MSIL2A_20240417T182921_N0510_R027_T11SLU_20240418T004654.SAFE,/data2/yuyao/methane_emission/carbonmapper_data_l89_l2sp/GAO20240417t174653p0000-E/l8_LC09_L2SP_041036_20240417_20240418_02_T1.tif,38.865036,23.98
GAO20240417t174653p0000-F,https://api.carbonmapper.org/api/v1/catalog/asset/l3a-vis-ch4-mf-v002/2024/04/17/GAO20240417t174653p0000-F/GAO20240417t174653p0000-F_l3a-vis-ch4-mf-v002_plume.tif,,/data2/yuyao/methane_emission/data/raw_data_dir/S2A_MSIL2A_20240417T182921_N0510_R027_T11SLU_20240418T004654.SAFE,/data2/yuyao/methane_emission/carbonmapper_data_l89_l2sp/GAO20240417t174653p0000-F/l8_LC09_L2SP_041036_20240417_20240418_02_T1.tif,38.865036,23.98
GAO20240417t174653p0000-G,https://api.carbonmapper.org/api/v1/catalog/asset/l3a-vis-ch4-mf-v002/2024/04/17/GAO20240417t174653p0000-G/GAO20240417t174653p0000-G_l3a-vis-ch4-mf-v002_plume.tif,,/data2/yuyao/methane_emission/data/raw_data_dir/S2A_MSIL2A_20240417T182921_N0510_R027_T11SLU_20240418T004654.SAFE,/data2/yuyao/methane_emission/carbonmapper_data_l89_l2sp/GAO20240417t174653p0000-G/l8_LC09_L2SP_041036_20240417_20240418_02_T1.tif,38.865036,23.98
GAO20240417t174653p0000-H,https://api.carbonmapper.org/api/v1/catalog/asset/l3a-vis-ch4-mf-v002/2024/04/17/GAO20240417t174653p0000-H/GAO20240417t174653p0000-H_l3a-vis-ch4-mf-v002_plume.tif,,/data2/yuyao/methane_emission/data/raw_data_dir/S2A_MSIL2A_20240417T182921_N0510_R027_T11SLU_20240418T004654.SAFE,/data2/yuyao/methane_emission/carbonmapper_data_l89_l2sp/GAO20240417t174653p0000-H/l8_LC09_L2SP_041036_20240417_20240418_02_T1.tif,38.865036,23.98
GAO20240513t173253p0000-A,https://api.carbonmapper.org/api/v1/catalog/asset/l3a-vis-ch4-mf-v002/2024/05/13/GAO20240513t173253p0000-A/GAO20240513t173253p0000-A_l3a-vis-ch4-mf-v002_plume.tif,,/data2/yuyao/methane_emission/data/raw_data_dir/S2B_MSIL2A_20240514T172859_N0510_R055_T13SER_20240514T212904.SAFE,/data2/yuyao/methane_emission/carbonmapper_data_l89_l2sp/GAO20240513t173253p0000-A/l8_LC09_L2SP_031038_20240513_20240514_02_T1.tif,1.985871,0.0
GAO20240513t174613p0000-A,https://api.carbonmapper.org/api/v1/catalog/asset/l3a-vis-ch4-mf-v002/2024/05/13/GAO20240513t174613p0000-A/GAO20240513t174613p0000-A_l3a-vis-ch4-mf-v002_plume.tif,,/data2/yuyao/methane_emission/data/raw_data_dir/S2B_MSIL2A_20240514T172859_N0510_R055_T13SER_20240514T212904.SAFE,/data2/yuyao/methane_emission/carbonmapper_data_l89_l2sp/GAO20240513t174613p0000-A/l8_LC09_L2SP_031038_20240513_20240514_02_T1.tif,1.985871,0.0
GAO20240513t174613p0000-A,https://api.carbonmapper.org/api/v1/catalog/asset/l3a-vis-ch4-mf-v002/2024/05/13/GAO20240513t174613p0000-A/GAO20240513t174613p0000-A_l3a-vis-ch4-mf-v002_plume.tif,,/data2/yuyao/methane_emission/data/raw_data_dir/S2B_MSIL2A_20240514T172859_N0510_R055_T13SFR_20240514T212904.SAFE,/data2/yuyao/methane_emission/carbonmapper_data_l89_l2sp/GAO20240513t174613p0000-A/l8_LC09_L2SP_031038_20240513_20240514_02_T1.tif,0.373877,0.0
GAO20240513t174613p0000-B,https://api.carbonmapper.org/api/v1/catalog/asset/l3a-vis-ch4-mf-v002/2024/05/13/GAO20240513t174613p0000-B/GAO20240513t174613p0000-B_l3a-vis-ch4-mf-v002_plume.tif,,/data2/yuyao/methane_emission/data/raw_data_dir/S2B_MSIL2A_20240514T172859_N0510_R055_T13SER_20240514T212904.SAFE,/data2/yuyao/methane_emission/carbonmapper_data_l89_l2sp/GAO20240513t174613p0000-B/l8_LC09_L2SP_031038_20240513_20240514_02_T1.tif,1.985871,0.0
GAO20240513t174613p0000-B,https://api.carbonmapper.org/api/v1/catalog/asset/l3a-vis-ch4-mf-v002/2024/05/13/GAO20240513t174613p0000-B/GAO20240513t174613p0000-B_l3a-vis-ch4-mf-v002_plume.tif,,/data2/yuyao/methane_emission/data/raw_data_dir/S2B_MSIL2A_20240514T172859_N0510_R055_T13SFR_20240514T212904.SAFE,/data2/yuyao/methane_emission/carbonmapper_data_l89_l2sp/GAO20240513t174613p0000-B/l8_LC09_L2SP_031038_20240513_20240514_02_T1.tif,0.373877,0.0
GAO20240513t174613p0000-C,https://api.carbonmapper.org/api/v1/catalog/asset/l3a-vis-ch4-mf-v002/2024/05/13/GAO20240513t174613p0000-C/GAO20240513t174613p0000-C_l3a-vis-ch4-mf-v002_plume.tif,,/data2/yuyao/methane_emission/data/raw_data_dir/S2B_MSIL2A_20240514T172859_N0510_R055_T13SER_20240514T212904.SAFE,/data2/yuyao/methane_emission/carbonmapper_data_l89_l2sp/GAO20240513t174613p0000-C/l8_LC09_L2SP_031038_20240513_20240514_02_T1.tif,1.985871,0.0
GAO20240513t174613p0000-C,https://api.carbonmapper.org/api/v1/catalog/asset/l3a-vis-ch4-mf-v002/2024/05/13/GAO20240513t174613p0000-C/GAO20240513t174613p0000-C_l3a-vis-ch4-mf-v002_plume.tif,,/data2/yuyao/methane_emission/data/raw_data_dir/S2B_MSIL2A_20240514T172859_N0510_R055_T13SFR_20240514T212904.SAFE,/data2/yuyao/methane_emission/carbonmapper_data_l89_l2sp/GAO20240513t174613p0000-C/l8_LC09_L2SP_031038_20240513_20240514_02_T1.tif,0.373877,0.0
GAO20240513t174613p0000-D,https://api.carbonmapper.org/api/v1/catalog/asset/l3a-vis-ch4-mf-v002/2024/05/13/GAO20240513t174613p0000-D/GAO20240513t174613p0000-D_l3a-vis-ch4-mf-v002_plume.tif,,/data2/yuyao/methane_emission/data/raw_data_dir/S2B_MSIL2A_20240514T172859_N0510_R055_T13SER_20240514T212904.SAFE,/data2/yuyao/methane_emission/carbonmapper_data_l89_l2sp/GAO20240513t174613p0000-D/l8_LC09_L2SP_031038_20240513_20240514_02_T1.tif,1.985871,0.0
GAO20240513t174613p0000-D,https://api.carbonmapper.org/api/v1/catalog/asset/l3a-vis-ch4-mf-v002/2024/05/13/GAO20240513t174613p0000-D/GAO20240513t174613p0000-D_l3a-vis-ch4-mf-v002_plume.tif,,/data2/yuyao/methane_emission/data/raw_data_dir/S2B_MSIL2A_20240514T172859_N0510_R055_T13SFR_20240514T212904.SAFE,/data2/yuyao/methane_emission/carbonmapper_data_l89_l2sp/GAO20240513t174613p0000-D/l8_LC09_L2SP_031038_20240513_20240514_02_T1.tif,0.373877,0.0
GAO20240513t174613p0000-F,https://api.carbonmapper.org/api/v1/catalog/asset/l3a-vis-ch4-mf-v002/2024/05/13/GAO20240513t174613p0000-F/GAO20240513t174613p0000-F_l3a-vis-ch4-mf-v002_plume.tif,,/data2/yuyao/methane_emission/data/raw_data_dir/S2B_MSIL2A_20240514T172859_N0510_R055_T13SFR_20240514T212904.SAFE,/data2/yuyao/methane_emission/carbonmapper_data_l89_l2sp/GAO20240513t174613p0000-F/l8_LC09_L2SP_031038_20240513_20240514_02_T1.tif,0.373877,0.0
GAO20240513t174613p0000-F,https://api.carbonmapper.org/api/v1/catalog/asset/l3a-vis-ch4-mf-v002/2024/05/13/GAO20240513t174613p0000-F/GAO20240513t174613p0000-F_l3a-vis-ch4-mf-v002_plume.tif,,/data2/yuyao/methane_emission/data/raw_data_dir/S2B_MSIL2A_20240514T172859_N0510_R055_T13SER_20240514T212904.SAFE,/data2/yuyao/methane_emission/carbonmapper_data_l89_l2sp/GAO20240513t174613p0000-F/l8_LC09_L2SP_031038_20240513_20240514_02_T1.tif,1.985871,0.0
GAO20240513t175458p0000-B,https://api.carbonmapper.org/api/v1/catalog/asset/l3a-vis-ch4-mf-v002/2024/05/13/GAO20240513t175458p0000-B/GAO20240513t175458p0000-B_l3a-vis-ch4-mf-v002_plume.tif,,/data2/yuyao/methane_emission/data/raw_data_dir/S2B_MSIL2A_20240514T172859_N0510_R055_T13SER_20240514T212904.SAFE,/data2/yuyao/methane_emission/carbonmapper_data_l89_l2sp/GAO20240513t175458p0000-B/l8_LC09_L2SP_031038_20240513_20240514_02_T1.tif,1.985871,0.0
GAO20240513t175458p0000-B,https://api.carbonmapper.org/api/v1/catalog/asset/l3a-vis-ch4-mf-v002/2024/05/13/GAO20240513t175458p0000-B/GAO20240513t175458p0000-B_l3a-vis-ch4-mf-v002_plume.tif,,/data2/yuyao/methane_emission/data/raw_data_dir/S2B_MSIL2A_20240514T172859_N0510_R055_T13SFR_20240514T212904.SAFE,/data2/yuyao/methane_emission/carbonmapper_data_l89_l2sp/GAO20240513t175458p0000-B/l8_LC09_L2SP_031038_20240513_20240514_02_T1.tif,0.373877,0.0
GAO20240513t175458p0000-C,https://api.carbonmapper.org/api/v1/catalog/asset/l3a-vis-ch4-mf-v002/2024/05/13/GAO20240513t175458p0000-C/GAO20240513t175458p0000-C_l3a-vis-ch4-mf-v002_plume.tif,,/data2/yuyao/methane_emission/data/raw_data_dir/S2B_MSIL2A_20240514T172859_N0510_R055_T13SFR_20240514T212904.SAFE,/data2/yuyao/methane_emission/carbonmapper_data_l89_l2sp/GAO20240513t175458p0000-C/l8_LC09_L2SP_031038_20240513_20240514_02_T1.tif,0.373877,0.0
GAO20240513t175458p0000-C,https://api.carbonmapper.org/api/v1/catalog/asset/l3a-vis-ch4-mf-v002/2024/05/13/GAO20240513t175458p0000-C/GAO20240513t175458p0000-C_l3a-vis-ch4-mf-v002_plume.tif,,/data2/yuyao/methane_emission/data/raw_data_dir/S2B_MSIL2A_20240514T172859_N0510_R055_T13SER_20240514T212904.SAFE,/data2/yuyao/methane_emission/carbonmapper_data_l89_l2sp/GAO20240513t175458p0000-C/l8_LC09_L2SP_031038_20240513_20240514_02_T1.tif,1.985871,0.0
GAO20240513t175458p0000-D,https://api.carbonmapper.org/api/v1/catalog/asset/l3a-vis-ch4-mf-v002/2024/05/13/GAO20240513t175458p0000-D/GAO20240513t175458p0000-D_l3a-vis-ch4-mf-v002_plume.tif,,/data2/yuyao/methane_emission/data/raw_data_dir/S2B_MSIL2A_20240514T172859_N0510_R055_T13SFR_20240514T212904.SAFE,/data2/yuyao/methane_emission/carbonmapper_data_l89_l2sp/GAO20240513t175458p0000-D/l8_LC09_L2SP_031038_20240513_20240514_02_T1.tif,0.373877,0.0
GAO20240513t175458p0000-D,https://api.carbonmapper.org/api/v1/catalog/asset/l3a-vis-ch4-mf-v002/2024/05/13/GAO20240513t175458p0000-D/GAO20240513t175458p0000-D_l3a-vis-ch4-mf-v002_plume.tif,,/data2/yuyao/methane_emission/data/raw_data_dir/S2B_MSIL2A_20240514T172859_N0510_R055_T13SER_20240514T212904.SAFE,/data2/yuyao/methane_emission/carbonmapper_data_l89_l2sp/GAO20240513t175458p0000-D/l8_LC09_L2SP_031038_20240513_20240514_02_T1.tif,1.985871,0.0
GAO20240513t175458p0000-E,https://api.carbonmapper.org/api/v1/catalog/asset/l3a-vis-ch4-mf-v002/2024/05/13/GAO20240513t175458p0000-E/GAO20240513t175458p0000-E_l3a-vis-ch4-mf-v002_plume.tif,,/data2/yuyao/methane_emission/data/raw_data_dir/S2B_MSIL2A_20240514T172859_N0510_R055_T13SER_20240514T212904.SAFE,/data2/yuyao/methane_emission/carbonmapper_data_l89_l2sp/GAO20240513t175458p0000-E/l8_LC09_L2SP_031038_20240513_20240514_02_T1.tif,1.985871,0.0
GAO20240513t175458p0000-E,https://api.carbonmapper.org/api/v1/catalog/asset/l3a-vis-ch4-mf-v002/2024/05/13/GAO20240513t175458p0000-E/GAO20240513t175458p0000-E_l3a-vis-ch4-mf-v002_plume.tif,,/data2/yuyao/methane_emission/data/raw_data_dir/S2B_MSIL2A_20240514T172859_N0510_R055_T13SFR_20240514T212904.SAFE,/data2/yuyao/methane_emission/carbonmapper_data_l89_l2sp/GAO20240513t175458p0000-E/l8_LC09_L2SP_031038_20240513_20240514_02_T1.tif,0.373877,0.0
GAO20240513t175458p0000-G,https://api.carbonmapper.org/api/v1/catalog/asset/l3a-vis-ch4-mf-v002/2024/05/13/GAO20240513t175458p0000-G/GAO20240513t175458p0000-G_l3a-vis-ch4-mf-v002_plume.tif,,/data2/yuyao/methane_emission/data/raw_data_dir/S2B_MSIL2A_20240514T172859_N0510_R055_T13SER_20240514T212904.SAFE,/data2/yuyao/methane_emission/carbonmapper_data_l89_l2sp/GAO20240513t175458p0000-G/l8_LC09_L2SP_031038_20240513_20240514_02_T1.tif,1.985871,0.0
GAO20240513t175458p0000-G,https://api.carbonmapper.org/api/v1/catalog/asset/l3a-vis-ch4-mf-v002/2024/05/13/GAO20240513t175458p0000-G/GAO20240513t175458p0000-G_l3a-vis-ch4-mf-v002_plume.tif,,/data2/yuyao/methane_emission/data/raw_data_dir/S2B_MSIL2A_20240514T172859_N0510_R055_T13SFR_20240514T212904.SAFE,/data2/yuyao/methane_emission/carbonmapper_data_l89_l2sp/GAO20240513t175458p0000-G/l8_LC09_L2SP_031038_20240513_20240514_02_T1.tif,0.373877,0.0
GAO20240513t175458p0000-H,https://api.carbonmapper.org/api/v1/catalog/asset/l3a-vis-ch4-mf-v002/2024/05/13/GAO20240513t175458p0000-H/GAO20240513t175458p0000-H_l3a-vis-ch4-mf-v002_plume.tif,,/data2/yuyao/methane_emission/data/raw_data_dir/S2B_MSIL2A_20240514T172859_N0510_R055_T13SFR_20240514T212904.SAFE,/data2/yuyao/methane_emission/carbonmapper_data_l89_l2sp/GAO20240513t175458p0000-H/l8_LC09_L2SP_031038_20240513_20240514_02_T1.tif,0.373877,0.0
GAO20240513t175458p0000-H,https://api.carbonmapper.org/api/v1/catalog/asset/l3a-vis-ch4-mf-v002/2024/05/13/GAO20240513t175458p0000-H/GAO20240513t175458p0000-H_l3a-vis-ch4-mf-v002_plume.tif,,/data2/yuyao/methane_emission/data/raw_data_dir/S2B_MSIL2A_20240514T172859_N0510_R055_T13SER_20240514T212904.SAFE,/data2/yuyao/methane_emission/carbonmapper_data_l89_l2sp/GAO20240513t175458p0000-H/l8_LC09_L2SP_031038_20240513_20240514_02_T1.tif,1.985871,0.0
GAO20240513t175458p0000-J,https://api.carbonmapper.org/api/v1/catalog/asset/l3a-vis-ch4-mf-v002/2024/05/13/GAO20240513t175458p0000-J/GAO20240513t175458p0000-J_l3a-vis-ch4-mf-v002_plume.tif,,/data2/yuyao/methane_emission/data/raw_data_dir/S2B_MSIL2A_20240514T172859_N0510_R055_T13SER_20240514T212904.SAFE,/data2/yuyao/methane_emission/carbonmapper_data_l89_l2sp/GAO20240513t175458p0000-J/l8_LC09_L2SP_031038_20240513_20240514_02_T1.tif,1.985871,0.0
GAO20240513t175458p0000-J,https://api.carbonmapper.org/api/v1/catalog/asset/l3a-vis-ch4-mf-v002/2024/05/13/GAO20240513t175458p0000-J/GAO20240513t175458p0000-J_l3a-vis-ch4-mf-v002_plume.tif,,/data2/yuyao/methane_emission/data/raw_data_dir/S2B_MSIL2A_20240514T172859_N0510_R055_T13SFR_20240514T212904.SAFE,/data2/yuyao/methane_emission/carbonmapper_data_l89_l2sp/GAO20240513t175458p0000-J/l8_LC09_L2SP_031038_20240513_20240514_02_T1.tif,0.373877,0.0
GAO20240513t180403p0000-A,https://api.carbonmapper.org/api/v1/catalog/asset/l3a-vis-ch4-mf-v002/2024/05/13/GAO20240513t180403p0000-A/GAO20240513t180403p0000-A_l3a-vis-ch4-mf-v002_plume.tif,,/data2/yuyao/methane_emission/data/raw_data_dir/S2B_MSIL2A_20240514T172859_N0510_R055_T13SER_20240514T212904.SAFE,/data2/yuyao/methane_emission/carbonmapper_data_l89_l2sp/GAO20240513t180403p0000-A/l8_LC09_L2SP_031038_20240513_20240514_02_T1.tif,1.985871,0.0
GAO20240513t180403p0000-A,https://api.carbonmapper.org/api/v1/catalog/asset/l3a-vis-ch4-mf-v002/2024/05/13/GAO20240513t180403p0000-A/GAO20240513t180403p0000-A_l3a-vis-ch4-mf-v002_plume.tif,,/data2/yuyao/methane_emission/data/raw_data_dir/S2B_MSIL2A_20240514T172859_N0510_R055_T13SFR_20240514T212904.SAFE,/data2/yuyao/methane_emission/carbonmapper_data_l89_l2sp/GAO20240513t180403p0000-A/l8_LC09_L2SP_031038_20240513_20240514_02_T1.tif,0.373877,0.0
GAO20240513t180403p0000-B,https://api.carbonmapper.org/api/v1/catalog/asset/l3a-vis-ch4-mf-v002/2024/05/13/GAO20240513t180403p0000-B/GAO20240513t180403p0000-B_l3a-vis-ch4-mf-v002_plume.tif,,/data2/yuyao/methane_emission/data/raw_data_dir/S2B_MSIL2A_20240514T172859_N0510_R055_T13SER_20240514T212904.SAFE,/data2/yuyao/methane_emission/carbonmapper_data_l89_l2sp/GAO20240513t180403p0000-B/l8_LC09_L2SP_031038_20240513_20240514_02_T1.tif,1.985871,0.0
GAO20240513t180403p0000-B,https://api.carbonmapper.org/api/v1/catalog/asset/l3a-vis-ch4-mf-v002/2024/05/13/GAO20240513t180403p0000-B/GAO20240513t180403p0000-B_l3a-vis-ch4-mf-v002_plume.tif,,/data2/yuyao/methane_emission/data/raw_data_dir/S2B_MSIL2A_20240514T172859_N0510_R055_T13SFR_20240514T212904.SAFE,/data2/yuyao/methane_emission/carbonmapper_data_l89_l2sp/GAO20240513t180403p0000-B/l8_LC09_L2SP_031038_20240513_20240514_02_T1.tif,0.373877,0.0
GAO20240513t180403p0000-C,https://api.carbonmapper.org/api/v1/catalog/asset/l3a-vis-ch4-mf-v002/2024/05/13/GAO20240513t180403p0000-C/GAO20240513t180403p0000-C_l3a-vis-ch4-mf-v002_plume.tif,,/data2/yuyao/methane_emission/data/raw_data_dir/S2B_MSIL2A_20240514T172859_N0510_R055_T13SER_20240514T212904.SAFE,/data2/yuyao/methane_emission/carbonmapper_data_l89_l2sp/GAO20240513t180403p0000-C/l8_LC09_L2SP_031038_20240513_20240514_02_T1.tif,1.985871,0.0
GAO20240513t180403p0000-C,https://api.carbonmapper.org/api/v1/catalog/asset/l3a-vis-ch4-mf-v002/2024/05/13/GAO20240513t180403p0000-C/GAO20240513t180403p0000-C_l3a-vis-ch4-mf-v002_plume.tif,,/data2/yuyao/methane_emission/data/raw_data_dir/S2B_MSIL2A_20240514T172859_N0510_R055_T13SFR_20240514T212904.SAFE,/data2/yuyao/methane_emission/carbonmapper_data_l89_l2sp/GAO20240513t180403p0000-C/l8_LC09_L2SP_031038_20240513_20240514_02_T1.tif,0.373877,0.0
GAO20240513t180403p0000-D,https://api.carbonmapper.org/api/v1/catalog/asset/l3a-vis-ch4-mf-v002/2024/05/13/GAO20240513t180403p0000-D/GAO20240513t180403p0000-D_l3a-vis-ch4-mf-v002_plume.tif,,/data2/yuyao/methane_emission/data/raw_data_dir/S2B_MSIL2A_20240514T172859_N0510_R055_T13SER_20240514T212904.SAFE,/data2/yuyao/methane_emission/carbonmapper_data_l89_l2sp/GAO20240513t180403p0000-D/l8_LC09_L2SP_031038_20240513_20240514_02_T1.tif,1.985871,0.0
GAO20240513t180403p0000-E,https://api.carbonmapper.org/api/v1/catalog/asset/l3a-vis-ch4-mf-v002/2024/05/13/GAO20240513t180403p0000-E/GAO20240513t180403p0000-E_l3a-vis-ch4-mf-v002_plume.tif,,/data2/yuyao/methane_emission/data/raw_data_dir/S2B_MSIL2A_20240514T172859_N0510_R055_T13SER_20240514T212904.SAFE,/data2/yuyao/methane_emission/carbonmapper_data_l89_l2sp/GAO20240513t180403p0000-E/l8_LC09_L2SP_031038_20240513_20240514_02_T1.tif,1.985871,0.0
GAO20240513t180403p0000-F,https://api.carbonmapper.org/api/v1/catalog/asset/l3a-vis-ch4-mf-v002/2024/05/13/GAO20240513t180403p0000-F/GAO20240513t180403p0000-F_l3a-vis-ch4-mf-v002_plume.tif,,/data2/yuyao/methane_emission/data/raw_data_dir/S2B_MSIL2A_20240514T172859_N0510_R055_T13SER_20240514T212904.SAFE,/data2/yuyao/methane_emission/carbonmapper_data_l89_l2sp/GAO20240513t180403p0000-F/l8_LC09_L2SP_031038_20240513_20240514_02_T1.tif,1.985871,0.0
GAO20240513t180403p0000-F,https://api.carbonmapper.org/api/v1/catalog/asset/l3a-vis-ch4-mf-v002/2024/05/13/GAO20240513t180403p0000-F/GAO20240513t180403p0000-F_l3a-vis-ch4-mf-v002_plume.tif,,/data2/yuyao/methane_emission/data/raw_data_dir/S2B_MSIL2A_20240514T172859_N0510_R055_T13SFR_20240514T212904.SAFE,/data2/yuyao/methane_emission/carbonmapper_data_l89_l2sp/GAO20240513t180403p0000-F/l8_LC09_L2SP_031038_20240513_20240514_02_T1.tif,0.373877,0.0
GAO20240513t180403p0000-G,https://api.carbonmapper.org/api/v1/catalog/asset/l3a-vis-ch4-mf-v002/2024/05/13/GAO20240513t180403p0000-G/GAO20240513t180403p0000-G_l3a-vis-ch4-mf-v002_plume.tif,,/data2/yuyao/methane_emission/data/raw_data_dir/S2B_MSIL2A_20240514T172859_N0510_R055_T13SER_20240514T212904.SAFE,/data2/yuyao/methane_emission/carbonmapper_data_l89_l2sp/GAO20240513t180403p0000-G/l8_LC09_L2SP_031038_20240513_20240514_02_T1.tif,1.985871,0.0
GAO20240513t180403p0000-G,https://api.carbonmapper.org/api/v1/catalog/asset/l3a-vis-ch4-mf-v002/2024/05/13/GAO20240513t180403p0000-G/GAO20240513t180403p0000-G_l3a-vis-ch4-mf-v002_plume.tif,,/data2/yuyao/methane_emission/data/raw_data_dir/S2B_MSIL2A_20240514T172859_N0510_R055_T13SFR_20240514T212904.SAFE,/data2/yuyao/methane_emission/carbonmapper_data_l89_l2sp/GAO20240513t180403p0000-G/l8_LC09_L2SP_031038_20240513_20240514_02_T1.tif,0.373877,0.0
GAO20240513t180403p0000-H,https://api.carbonmapper.org/api/v1/catalog/asset/l3a-vis-ch4-mf-v002/2024/05/13/GAO20240513t180403p0000-H/GAO20240513t180403p0000-H_l3a-vis-ch4-mf-v002_plume.tif,,/data2/yuyao/methane_emission/data/raw_data_dir/S2B_MSIL2A_20240514T172859_N0510_R055_T13SER_20240514T212904.SAFE,/data2/yuyao/methane_emission/carbonmapper_data_l89_l2sp/GAO20240513t180403p0000-H/l8_LC09_L2SP_031038_20240513_20240514_02_T1.tif,1.985871,0.0
GAO20240513t180403p0000-I,https://api.carbonmapper.org/api/v1/catalog/asset/l3a-vis-ch4-mf-v002/2024/05/13/GAO20240513t180403p0000-I/GAO20240513t180403p0000-I_l3a-vis-ch4-mf-v002_plume.tif,,/data2/yuyao/methane_emission/data/raw_data_dir/S2B_MSIL2A_20240514T172859_N0510_R055_T13SER_20240514T212904.SAFE,/data2/yuyao/methane_emission/carbonmapper_data_l89_l2sp/GAO20240513t180403p0000-I/l8_LC09_L2SP_031038_20240513_20240514_02_T1.tif,1.985871,0.0
GAO20240513t181158p0000-A,https://api.carbonmapper.org/api/v1/catalog/asset/l3a-vis-ch4-mf-v002/2024/05/13/GAO20240513t181158p0000-A/GAO20240513t181158p0000-A_l3a-vis-ch4-mf-v002_plume.tif,,/data2/yuyao/methane_emission/data/raw_data_dir/S2B_MSIL2A_20240514T172859_N0510_R055_T13SER_20240514T212904.SAFE,/data2/yuyao/methane_emission/carbonmapper_data_l89_l2sp/GAO20240513t181158p0000-A/l8_LC09_L2SP_031038_20240513_20240514_02_T1.tif,1.985871,0.0
GAO20240513t181158p0000-C,https://api.carbonmapper.org/api/v1/catalog/asset/l3a-vis-ch4-mf-v002/2024/05/13/GAO20240513t181158p0000-C/GAO20240513t181158p0000-C_l3a-vis-ch4-mf-v002_plume.tif,,/data2/yuyao/methane_emission/data/raw_data_dir/S2B_MSIL2A_20240514T172859_N0510_R055_T13SER_20240514T212904.SAFE,/data2/yuyao/methane_emission/carbonmapper_data_l89_l2sp/GAO20240513t181158p0000-C/l8_LC09_L2SP_031038_20240513_20240514_02_T1.tif,1.985871,0.0
GAO20240513t181158p0000-D,https://api.carbonmapper.org/api/v1/catalog/asset/l3a-vis-ch4-mf-v002/2024/05/13/GAO20240513t181158p0000-D/GAO20240513t181158p0000-D_l3a-vis-ch4-mf-v002_plume.tif,,/data2/yuyao/methane_emission/data/raw_data_dir/S2B_MSIL2A_20240514T172859_N0510_R055_T13SER_20240514T212904.SAFE,/data2/yuyao/methane_emission/carbonmapper_data_l89_l2sp/GAO20240513t181158p0000-D/l8_LC09_L2SP_031038_20240513_20240514_02_T1.tif,1.985871,0.0
GAO20240513t181158p0000-F,https://api.carbonmapper.org/api/v1/catalog/asset/l3a-vis-ch4-mf-v002/2024/05/13/GAO20240513t181158p0000-F/GAO20240513t181158p0000-F_l3a-vis-ch4-mf-v002_plume.tif,,/data2/yuyao/methane_emission/data/raw_data_dir/S2B_MSIL2A_20240514T172859_N0510_R055_T13SER_20240514T212904.SAFE,/data2/yuyao/methane_emission/carbonmapper_data_l89_l2sp/GAO20240513t181158p0000-F/l8_LC09_L2SP_031038_20240513_20240514_02_T1.tif,1.985871,0.0
GAO20240513t181158p0000-G,https://api.carbonmapper.org/api/v1/catalog/asset/l3a-vis-ch4-mf-v002/2024/05/13/GAO20240513t181158p0000-G/GAO20240513t181158p0000-G_l3a-vis-ch4-mf-v002_plume.tif,,/data2/yuyao/methane_emission/data/raw_data_dir/S2B_MSIL2A_20240514T172859_N0510_R055_T13SER_20240514T212904.SAFE,/data2/yuyao/methane_emission/carbonmapper_data_l89_l2sp/GAO20240513t181158p0000-G/l8_LC09_L2SP_031038_20240513_20240514_02_T1.tif,1.985871,0.0
GAO20240513t181158p0000-H,https://api.carbonmapper.org/api/v1/catalog/asset/l3a-vis-ch4-mf-v002/2024/05/13/GAO20240513t181158p0000-H/GAO20240513t181158p0000-H_l3a-vis-ch4-mf-v002_plume.tif,,/data2/yuyao/methane_emission/data/raw_data_dir/S2B_MSIL2A_20240514T172859_N0510_R055_T13SER_20240514T212904.SAFE,/data2/yuyao/methane_emission/carbonmapper_data_l89_l2sp/GAO20240513t181158p0000-H/l8_LC09_L2SP_031038_20240513_20240514_02_T1.tif,1.985871,0.0
GAO20240513t181158p0000-I,https://api.carbonmapper.org/api/v1/catalog/asset/l3a-vis-ch4-mf-v002/2024/05/13/GAO20240513t181158p0000-I/GAO20240513t181158p0000-I_l3a-vis-ch4-mf-v002_plume.tif,,/data2/yuyao/methane_emission/data/raw_data_dir/S2B_MSIL2A_20240514T172859_N0510_R055_T13SER_20240514T212904.SAFE,/data2/yuyao/methane_emission/carbonmapper_data_l89_l2sp/GAO20240513t181158p0000-I/l8_LC09_L2SP_031038_20240513_20240514_02_T1.tif,1.985871,0.0
GAO20240513t181158p0000-J,https://api.carbonmapper.org/api/v1/catalog/asset/l3a-vis-ch4-mf-v002/2024/05/13/GAO20240513t181158p0000-J/GAO20240513t181158p0000-J_l3a-vis-ch4-mf-v002_plume.tif,,/data2/yuyao/methane_emission/data/raw_data_dir/S2B_MSIL2A_20240514T172859_N0510_R055_T13SER_20240514T212904.SAFE,/data2/yuyao/methane_emission/carbonmapper_data_l89_l2sp/GAO20240513t181158p0000-J/l8_LC09_L2SP_031038_20240513_20240514_02_T1.tif,1.985871,0.0
GAO20240513t181158p0000-K,https://api.carbonmapper.org/api/v1/catalog/asset/l3a-vis-ch4-mf-v002/2024/05/13/GAO20240513t181158p0000-K/GAO20240513t181158p0000-K_l3a-vis-ch4-mf-v002_plume.tif,,/data2/yuyao/methane_emission/data/raw_data_dir/S2B_MSIL2A_20240514T172859_N0510_R055_T13SER_20240514T212904.SAFE,/data2/yuyao/methane_emission/carbonmapper_data_l89_l2sp/GAO20240513t181158p0000-K/l8_LC09_L2SP_031038_20240513_20240514_02_T1.tif,1.985871,0.0
GAO20240513t181158p0000-L,https://api.carbonmapper.org/api/v1/catalog/asset/l3a-vis-ch4-mf-v002/2024/05/13/GAO20240513t181158p0000-L/GAO20240513t181158p0000-L_l3a-vis-ch4-mf-v002_plume.tif,,/data2/yuyao/methane_emission/data/raw_data_dir/S2B_MSIL2A_20240514T172859_N0510_R055_T13SER_20240514T212904.SAFE,/data2/yuyao/methane_emission/carbonmapper_data_l89_l2sp/GAO20240513t181158p0000-L/l8_LC09_L2SP_031038_20240513_20240514_02_T1.tif,1.985871,0.0
GAO20240513t182140p0000-A,https://api.carbonmapper.org/api/v1/catalog/asset/l3a-vis-ch4-mf-v002/2024/05/13/GAO20240513t182140p0000-A/GAO20240513t182140p0000-A_l3a-vis-ch4-mf-v002_plume.tif,,/data2/yuyao/methane_emission/data/raw_data_dir/S2B_MSIL2A_20240514T172859_N0510_R055_T13SER_20240514T212904.SAFE,/data2/yuyao/methane_emission/carbonmapper_data_l89_l2sp/GAO20240513t182140p0000-A/l8_LC09_L2SP_031038_20240513_20240514_02_T1.tif,1.985871,0.0
GAO20240513t182140p0000-B,https://api.carbonmapper.org/api/v1/catalog/asset/l3a-vis-ch4-mf-v002/2024/05/13/GAO20240513t182140p0000-B/GAO20240513t182140p0000-B_l3a-vis-ch4-mf-v002_plume.tif,,/data2/yuyao/methane_emission/data/raw_data_dir/S2B_MSIL2A_20240514T172859_N0510_R055_T13SER_20240514T212904.SAFE,/data2/yuyao/methane_emission/carbonmapper_data_l89_l2sp/GAO20240513t182140p0000-B/l8_LC09_L2SP_031038_20240513_20240514_02_T1.tif,1.985871,0.0
GAO20240513t182140p0000-C,https://api.carbonmapper.org/api/v1/catalog/asset/l3a-vis-ch4-mf-v002/2024/05/13/GAO20240513t182140p0000-C/GAO20240513t182140p0000-C_l3a-vis-ch4-mf-v002_plume.tif,,/data2/yuyao/methane_emission/data/raw_data_dir/S2B_MSIL2A_20240514T172859_N0510_R055_T13SER_20240514T212904.SAFE,/data2/yuyao/methane_emission/carbonmapper_data_l89_l2sp/GAO20240513t182140p0000-C/l8_LC09_L2SP_031038_20240513_20240514_02_T1.tif,1.985871,0.0
GAO20240513t182140p0000-D,https://api.carbonmapper.org/api/v1/catalog/asset/l3a-vis-ch4-mf-v002/2024/05/13/GAO20240513t182140p0000-D/GAO20240513t182140p0000-D_l3a-vis-ch4-mf-v002_plume.tif,,/data2/yuyao/methane_emission/data/raw_data_dir/S2B_MSIL2A_20240514T172859_N0510_R055_T13SER_20240514T212904.SAFE,/data2/yuyao/methane_emission/carbonmapper_data_l89_l2sp/GAO20240513t182140p0000-D/l8_LC09_L2SP_031038_20240513_20240514_02_T1.tif,1.985871,0.0
GAO20240513t182140p0000-E,https://api.carbonmapper.org/api/v1/catalog/asset/l3a-vis-ch4-mf-v002/2024/05/13/GAO20240513t182140p0000-E/GAO20240513t182140p0000-E_l3a-vis-ch4-mf-v002_plume.tif,,/data2/yuyao/methane_emission/data/raw_data_dir/S2B_MSIL2A_20240514T172859_N0510_R055_T13SER_20240514T212904.SAFE,/data2/yuyao/methane_emission/carbonmapper_data_l89_l2sp/GAO20240513t182140p0000-E/l8_LC09_L2SP_031038_20240513_20240514_02_T1.tif,1.985871,0.0
GAO20240513t182140p0000-F,https://api.carbonmapper.org/api/v1/catalog/asset/l3a-vis-ch4-mf-v002/2024/05/13/GAO20240513t182140p0000-F/GAO20240513t182140p0000-F_l3a-vis-ch4-mf-v002_plume.tif,,/data2/yuyao/methane_emission/data/raw_data_dir/S2B_MSIL2A_20240514T172859_N0510_R055_T13SER_20240514T212904.SAFE,/data2/yuyao/methane_emission/carbonmapper_data_l89_l2sp/GAO20240513t182140p0000-F/l8_LC09_L2SP_031038_20240513_20240514_02_T1.tif,1.985871,0.0
GAO20240513t182140p0000-I,https://api.carbonmapper.org/api/v1/catalog/asset/l3a-vis-ch4-mf-v002/2024/05/13/GAO20240513t182140p0000-I/GAO20240513t182140p0000-I_l3a-vis-ch4-mf-v002_plume.tif,,/data2/yuyao/methane_emission/data/raw_data_dir/S2B_MSIL2A_20240514T172859_N0510_R055_T13SER_20240514T212904.SAFE,/data2/yuyao/methane_emission/carbonmapper_data_l89_l2sp/GAO20240513t182140p0000-I/l8_LC09_L2SP_031038_20240513_20240514_02_T1.tif,1.985871,0.0
GAO20240513t182140p0000-J,https://api.carbonmapper.org/api/v1/catalog/asset/l3a-vis-ch4-mf-v002/2024/05/13/GAO20240513t182140p0000-J/GAO20240513t182140p0000-J_l3a-vis-ch4-mf-v002_plume.tif,,/data2/yuyao/methane_emission/data/raw_data_dir/S2B_MSIL2A_20240514T172859_N0510_R055_T13SER_20240514T212904.SAFE,/data2/yuyao/methane_emission/carbonmapper_data_l89_l2sp/GAO20240513t182140p0000-J/l8_LC09_L2SP_031038_20240513_20240514_02_T1.tif,1.985871,0.0
GAO20240513t182140p0000-K,https://api.carbonmapper.org/api/v1/catalog/asset/l3a-vis-ch4-mf-v002/2024/05/13/GAO20240513t182140p0000-K/GAO20240513t182140p0000-K_l3a-vis-ch4-mf-v002_plume.tif,,/data2/yuyao/methane_emission/data/raw_data_dir/S2B_MSIL2A_20240514T172859_N0510_R055_T13SER_20240514T212904.SAFE,/data2/yuyao/methane_emission/carbonmapper_data_l89_l2sp/GAO20240513t182140p0000-K/l8_LC09_L2SP_031038_20240513_20240514_02_T1.tif,1.985871,0.0
GAO20240514t152310p0000-C,https://api.carbonmapper.org/api/v1/catalog/asset/l3a-vis-ch4-mf-v002/2024/05/14/GAO20240514t152310p0000-C/GAO20240514t152310p0000-C_l3a-vis-ch4-mf-v002_plume.tif,,/data2/yuyao/methane_emission/data/raw_data_dir/S2B_MSIL2A_20240514T172859_N0510_R055_T13SFR_20240514T212904.SAFE,/data2/yuyao/methane_emission/carbonmapper_data_l89_l2sp/GAO20240514t152310p0000-C/l8_LC09_L2SP_031038_20240513_20240514_02_T1.tif,0.373877,0.0
GAO20240514t152310p0000-D,https://api.carbonmapper.org/api/v1/catalog/asset/l3a-vis-ch4-mf-v002/2024/05/14/GAO20240514t152310p0000-D/GAO20240514t152310p0000-D_l3a-vis-ch4-mf-v002_plume.tif,,/data2/yuyao/methane_emission/data/raw_data_dir/S2B_MSIL2A_20240514T172859_N0510_R055_T13SFR_20240514T212904.SAFE,/data2/yuyao/methane_emission/carbonmapper_data_l89_l2sp/GAO20240514t152310p0000-D/l8_LC09_L2SP_031038_20240513_20240514_02_T1.tif,0.373877,0.0
GAO20240514t152310p0000-E,https://api.carbonmapper.org/api/v1/catalog/asset/l3a-vis-ch4-mf-v002/2024/05/14/GAO20240514t152310p0000-E/GAO20240514t152310p0000-E_l3a-vis-ch4-mf-v002_plume.tif,,/data2/yuyao/methane_emission/data/raw_data_dir/S2B_MSIL2A_20240514T172859_N0510_R055_T13SFR_20240514T212904.SAFE,/data2/yuyao/methane_emission/carbonmapper_data_l89_l2sp/GAO20240514t152310p0000-E/l8_LC09_L2SP_031038_20240513_20240514_02_T1.tif,0.373877,0.0
GAO20240514t152310p0000-F,https://api.carbonmapper.org/api/v1/catalog/asset/l3a-vis-ch4-mf-v002/2024/05/14/GAO20240514t152310p0000-F/GAO20240514t152310p0000-F_l3a-vis-ch4-mf-v002_plume.tif,,/data2/yuyao/methane_emission/data/raw_data_dir/S2B_MSIL2A_20240514T172859_N0510_R055_T13SFR_20240514T212904.SAFE,/data2/yuyao/methane_emission/carbonmapper_data_l89_l2sp/GAO20240514t152310p0000-F/l8_LC09_L2SP_031038_20240513_20240514_02_T1.tif,0.373877,0.0
GAO20240514t152310p0000-G,https://api.carbonmapper.org/api/v1/catalog/asset/l3a-vis-ch4-mf-v002/2024/05/14/GAO20240514t152310p0000-G/GAO20240514t152310p0000-G_l3a-vis-ch4-mf-v002_plume.tif,,/data2/yuyao/methane_emission/data/raw_data_dir/S2B_MSIL2A_20240514T172859_N0510_R055_T13SFR_20240514T212904.SAFE,/data2/yuyao/methane_emission/carbonmapper_data_l89_l2sp/GAO20240514t152310p0000-G/l8_LC09_L2SP_031038_20240513_20240514_02_T1.tif,0.373877,0.0
GAO20240514t152310p0000-H,https://api.carbonmapper.org/api/v1/catalog/asset/l3a-vis-ch4-mf-v002/2024/05/14/GAO20240514t152310p0000-H/GAO20240514t152310p0000-H_l3a-vis-ch4-mf-v002_plume.tif,,/data2/yuyao/methane_emission/data/raw_data_dir/S2B_MSIL2A_20240514T172859_N0510_R055_T13SFR_20240514T212904.SAFE,/data2/yuyao/methane_emission/carbonmapper_data_l89_l2sp/GAO20240514t152310p0000-H/l8_LC09_L2SP_031038_20240513_20240514_02_T1.tif,0.373877,0.0
GAO20240514t152310p0000-K,https://api.carbonmapper.org/api/v1/catalog/asset/l3a-vis-ch4-mf-v002/2024/05/14/GAO20240514t152310p0000-K/GAO20240514t152310p0000-K_l3a-vis-ch4-mf-v002_plume.tif,,/data2/yuyao/methane_emission/data/raw_data_dir/S2B_MSIL2A_20240514T172859_N0510_R055_T13SFR_20240514T212904.SAFE,/data2/yuyao/methane_emission/carbonmapper_data_l89_l2sp/GAO20240514t152310p0000-K/l8_LC09_L2SP_031038_20240513_20240514_02_T1.tif,0.373877,0.0
GAO20240514t152310p0000-M,https://api.carbonmapper.org/api/v1/catalog/asset/l3a-vis-ch4-mf-v002/2024/05/14/GAO20240514t152310p0000-M/GAO20240514t152310p0000-M_l3a-vis-ch4-mf-v002_plume.tif,,/data2/yuyao/methane_emission/data/raw_data_dir/S2B_MSIL2A_20240514T172859_N0510_R055_T13SFR_20240514T212904.SAFE,/data2/yuyao/methane_emission/carbonmapper_data_l89_l2sp/GAO20240514t152310p0000-M/l8_LC09_L2SP_031038_20240513_20240514_02_T1.tif,0.373877,0.0
GAO20240514t152310p0000-N,https://api.carbonmapper.org/api/v1/catalog/asset/l3a-vis-ch4-mf-v002/2024/05/14/GAO20240514t152310p0000-N/GAO20240514t152310p0000-N_l3a-vis-ch4-mf-v002_plume.tif,,/data2/yuyao/methane_emission/data/raw_data_dir/S2B_MSIL2A_20240514T172859_N0510_R055_T13SFR_20240514T212904.SAFE,/data2/yuyao/methane_emission/carbonmapper_data_l89_l2sp/GAO20240514t152310p0000-N/l8_LC09_L2SP_031038_20240513_20240514_02_T1.tif,0.373877,0.0
GAO20240514t152310p0000-O,https://api.carbonmapper.org/api/v1/catalog/asset/l3a-vis-ch4-mf-v002/2024/05/14/GAO20240514t152310p0000-O/GAO20240514t152310p0000-O_l3a-vis-ch4-mf-v002_plume.tif,,/data2/yuyao/methane_emission/data/raw_data_dir/S2B_MSIL2A_20240514T172859_N0510_R055_T13SFR_20240514T212904.SAFE,/data2/yuyao/methane_emission/carbonmapper_data_l89_l2sp/GAO20240514t152310p0000-O/l8_LC09_L2SP_031038_20240513_20240514_02_T1.tif,0.373877,0.0
GAO20240514t152310p0000-P,https://api.carbonmapper.org/api/v1/catalog/asset/l3a-vis-ch4-mf-v002/2024/05/14/GAO20240514t152310p0000-P/GAO20240514t152310p0000-P_l3a-vis-ch4-mf-v002_plume.tif,,/data2/yuyao/methane_emission/data/raw_data_dir/S2B_MSIL2A_20240514T172859_N0510_R055_T13SFR_20240514T212904.SAFE,/data2/yuyao/methane_emission/carbonmapper_data_l89_l2sp/GAO20240514t152310p0000-P/l8_LC09_L2SP_031038_20240513_20240514_02_T1.tif,0.373877,0.0
GAO20240514t152310p0000-R,https://api.carbonmapper.org/api/v1/catalog/asset/l3a-vis-ch4-mf-v002/2024/05/14/GAO20240514t152310p0000-R/GAO20240514t152310p0000-R_l3a-vis-ch4-mf-v002_plume.tif,,/data2/yuyao/methane_emission/data/raw_data_dir/S2B_MSIL2A_20240514T172859_N0510_R055_T13SFR_20240514T212904.SAFE,/data2/yuyao/methane_emission/carbonmapper_data_l89_l2sp/GAO20240514t152310p0000-R/l8_LC09_L2SP_031038_20240513_20240514_02_T1.tif,0.373877,0.0
GAO20240514t152310p0000-S,https://api.carbonmapper.org/api/v1/catalog/asset/l3a-vis-ch4-mf-v002/2024/05/14/GAO20240514t152310p0000-S/GAO20240514t152310p0000-S_l3a-vis-ch4-mf-v002_plume.tif,,/data2/yuyao/methane_emission/data/raw_data_dir/S2B_MSIL2A_20240514T172859_N0510_R055_T13SFR_20240514T212904.SAFE,/data2/yuyao/methane_emission/carbonmapper_data_l89_l2sp/GAO20240514t152310p0000-S/l8_LC09_L2SP_031038_20240513_20240514_02_T1.tif,0.373877,0.0
GAO20240514t153110p0000-A,https://api.carbonmapper.org/api/v1/catalog/asset/l3a-vis-ch4-mf-v002/2024/05/14/GAO20240514t153110p0000-A/GAO20240514t153110p0000-A_l3a-vis-ch4-mf-v002_plume.tif,,/data2/yuyao/methane_emission/data/raw_data_dir/S2B_MSIL2A_20240514T172859_N0510_R055_T13SFR_20240514T212904.SAFE,/data2/yuyao/methane_emission/carbonmapper_data_l89_l2sp/GAO20240514t153110p0000-A/l8_LC09_L2SP_031038_20240513_20240514_02_T1.tif,0.373877,0.0
GAO20240514t153110p0000-C,https://api.carbonmapper.org/api/v1/catalog/asset/l3a-vis-ch4-mf-v002/2024/05/14/GAO20240514t153110p0000-C/GAO20240514t153110p0000-C_l3a-vis-ch4-mf-v002_plume.tif,,/data2/yuyao/methane_emission/data/raw_data_dir/S2B_MSIL2A_20240514T172859_N0510_R055_T13SFR_20240514T212904.SAFE,/data2/yuyao/methane_emission/carbonmapper_data_l89_l2sp/GAO20240514t153110p0000-C/l8_LC09_L2SP_031038_20240513_20240514_02_T1.tif,0.373877,0.0
GAO20240514t153110p0000-F,https://api.carbonmapper.org/api/v1/catalog/asset/l3a-vis-ch4-mf-v002/2024/05/14/GAO20240514t153110p0000-F/GAO20240514t153110p0000-F_l3a-vis-ch4-mf-v002_plume.tif,,/data2/yuyao/methane_emission/data/raw_data_dir/S2B_MSIL2A_20240514T172859_N0510_R055_T13SFR_20240514T212904.SAFE,/data2/yuyao/methane_emission/carbonmapper_data_l89_l2sp/GAO20240514t153110p0000-F/l8_LC09_L2SP_031038_20240513_20240514_02_T1.tif,0.373877,0.0
GAO20240514t153110p0000-G,https://api.carbonmapper.org/api/v1/catalog/asset/l3a-vis-ch4-mf-v002/2024/05/14/GAO20240514t153110p0000-G/GAO20240514t153110p0000-G_l3a-vis-ch4-mf-v002_plume.tif,,/data2/yuyao/methane_emission/data/raw_data_dir/S2B_MSIL2A_20240514T172859_N0510_R055_T13SFR_20240514T212904.SAFE,/data2/yuyao/methane_emission/carbonmapper_data_l89_l2sp/GAO20240514t153110p0000-G/l8_LC09_L2SP_031038_20240513_20240514_02_T1.tif,0.373877,0.0
GAO20240514t153110p0000-H,https://api.carbonmapper.org/api/v1/catalog/asset/l3a-vis-ch4-mf-v002/2024/05/14/GAO20240514t153110p0000-H/GAO20240514t153110p0000-H_l3a-vis-ch4-mf-v002_plume.tif,,/data2/yuyao/methane_emission/data/raw_data_dir/S2B_MSIL2A_20240514T172859_N0510_R055_T13SFR_20240514T212904.SAFE,/data2/yuyao/methane_emission/carbonmapper_data_l89_l2sp/GAO20240514t153110p0000-H/l8_LC09_L2SP_031038_20240513_20240514_02_T1.tif,0.373877,0.0
GAO20240514t153110p0000-I,https://api.carbonmapper.org/api/v1/catalog/asset/l3a-vis-ch4-mf-v002/2024/05/14/GAO20240514t153110p0000-I/GAO20240514t153110p0000-I_l3a-vis-ch4-mf-v002_plume.tif,,/data2/yuyao/methane_emission/data/raw_data_dir/S2B_MSIL2A_20240514T172859_N0510_R055_T13SFR_20240514T212904.SAFE,/data2/yuyao/methane_emission/carbonmapper_data_l89_l2sp/GAO20240514t153110p0000-I/l8_LC09_L2SP_031038_20240513_20240514_02_T1.tif,0.373877,0.0
GAO20240514t153110p0000-J,https://api.carbonmapper.org/api/v1/catalog/asset/l3a-vis-ch4-mf-v002/2024/05/14/GAO20240514t153110p0000-J/GAO20240514t153110p0000-J_l3a-vis-ch4-mf-v002_plume.tif,,/data2/yuyao/methane_emission/data/raw_data_dir/S2B_MSIL2A_20240514T172859_N0510_R055_T13SFR_20240514T212904.SAFE,/data2/yuyao/methane_emission/carbonmapper_data_l89_l2sp/GAO20240514t153110p0000-J/l8_LC09_L2SP_031038_20240513_20240514_02_T1.tif,0.373877,0.0
GAO20240514t153110p0000-L,https://api.carbonmapper.org/api/v1/catalog/asset/l3a-vis-ch4-mf-v002/2024/05/14/GAO20240514t153110p0000-L/GAO20240514t153110p0000-L_l3a-vis-ch4-mf-v002_plume.tif,,/data2/yuyao/methane_emission/data/raw_data_dir/S2B_MSIL2A_20240514T172859_N0510_R055_T13SFR_20240514T212904.SAFE,/data2/yuyao/methane_emission/carbonmapper_data_l89_l2sp/GAO20240514t153110p0000-L/l8_LC09_L2SP_031038_20240513_20240514_02_T1.tif,0.373877,0.0
GAO20240514t153110p0000-M,https://api.carbonmapper.org/api/v1/catalog/asset/l3a-vis-ch4-mf-v002/2024/05/14/GAO20240514t153110p0000-M/GAO20240514t153110p0000-M_l3a-vis-ch4-mf-v002_plume.tif,,/data2/yuyao/methane_emission/data/raw_data_dir/S2B_MSIL2A_20240514T172859_N0510_R055_T13SFR_20240514T212904.SAFE,/data2/yuyao/methane_emission/carbonmapper_data_l89_l2sp/GAO20240514t153110p0000-M/l8_LC09_L2SP_031038_20240513_20240514_02_T1.tif,0.373877,0.0
GAO20240514t153940p0000-D,https://api.carbonmapper.org/api/v1/catalog/asset/l3a-vis-ch4-mf-v002/2024/05/14/GAO20240514t153940p0000-D/GAO20240514t153940p0000-D_l3a-vis-ch4-mf-v002_plume.tif,,/data2/yuyao/methane_emission/data/raw_data_dir/S2B_MSIL2A_20240514T172859_N0510_R055_T13SFR_20240514T212904.SAFE,/data2/yuyao/methane_emission/carbonmapper_data_l89_l2sp/GAO20240514t153940p0000-D/l8_LC09_L2SP_031038_20240513_20240514_02_T1.tif,0.373877,0.0
GAO20240514t153940p0000-E,https://api.carbonmapper.org/api/v1/catalog/asset/l3a-vis-ch4-mf-v002/2024/05/14/GAO20240514t153940p0000-E/GAO20240514t153940p0000-E_l3a-vis-ch4-mf-v002_plume.tif,,/data2/yuyao/methane_emission/data/raw_data_dir/S2B_MSIL2A_20240514T172859_N0510_R055_T13SFR_20240514T212904.SAFE,/data2/yuyao/methane_emission/carbonmapper_data_l89_l2sp/GAO20240514t153940p0000-E/l8_LC09_L2SP_031038_20240513_20240514_02_T1.tif,0.373877,0.0
GAO20240514t153940p0000-G,https://api.carbonmapper.org/api/v1/catalog/asset/l3a-vis-ch4-mf-v002/2024/05/14/GAO20240514t153940p0000-G/GAO20240514t153940p0000-G_l3a-vis-ch4-mf-v002_plume.tif,,/data2/yuyao/methane_emission/data/raw_data_dir/S2B_MSIL2A_20240514T172859_N0510_R055_T13SFR_20240514T212904.SAFE,/data2/yuyao/methane_emission/carbonmapper_data_l89_l2sp/GAO20240514t153940p0000-G/l8_LC09_L2SP_031038_20240513_20240514_02_T1.tif,0.373877,0.0
GAO20240514t153940p0000-H,https://api.carbonmapper.org/api/v1/catalog/asset/l3a-vis-ch4-mf-v002/2024/05/14/GAO20240514t153940p0000-H/GAO20240514t153940p0000-H_l3a-vis-ch4-mf-v002_plume.tif,,/data2/yuyao/methane_emission/data/raw_data_dir/S2B_MSIL2A_20240514T172859_N0510_R055_T13SFR_20240514T212904.SAFE,/data2/yuyao/methane_emission/carbonmapper_data_l89_l2sp/GAO20240514t153940p0000-H/l8_LC09_L2SP_031038_20240513_20240514_02_T1.tif,0.373877,0.0
GAO20240514t153940p0000-I,https://api.carbonmapper.org/api/v1/catalog/asset/l3a-vis-ch4-mf-v002/2024/05/14/GAO20240514t153940p0000-I/GAO20240514t153940p0000-I_l3a-vis-ch4-mf-v002_plume.tif,,/data2/yuyao/methane_emission/data/raw_data_dir/S2B_MSIL2A_20240514T172859_N0510_R055_T13SFR_20240514T212904.SAFE,/data2/yuyao/methane_emission/carbonmapper_data_l89_l2sp/GAO20240514t153940p0000-I/l8_LC09_L2SP_031038_20240513_20240514_02_T1.tif,0.373877,0.0
GAO20240514t153940p0000-K,https://api.carbonmapper.org/api/v1/catalog/asset/l3a-vis-ch4-mf-v002/2024/05/14/GAO20240514t153940p0000-K/GAO20240514t153940p0000-K_l3a-vis-ch4-mf-v002_plume.tif,,/data2/yuyao/methane_emission/data/raw_data_dir/S2B_MSIL2A_20240514T172859_N0510_R055_T13SFR_20240514T212904.SAFE,/data2/yuyao/methane_emission/carbonmapper_data_l89_l2sp/GAO20240514t153940p0000-K/l8_LC09_L2SP_031038_20240513_20240514_02_T1.tif,0.373877,0.0
GAO20240514t153940p0000-N,https://api.carbonmapper.org/api/v1/catalog/asset/l3a-vis-ch4-mf-v002/2024/05/14/GAO20240514t153940p0000-N/GAO20240514t153940p0000-N_l3a-vis-ch4-mf-v002_plume.tif,,/data2/yuyao/methane_emission/data/raw_data_dir/S2B_MSIL2A_20240514T172859_N0510_R055_T13SFR_20240514T212904.SAFE,/data2/yuyao/methane_emission/carbonmapper_data_l89_l2sp/GAO20240514t153940p0000-N/l8_LC09_L2SP_031038_20240513_20240514_02_T1.tif,0.373877,0.0
GAO20240514t153940p0000-P,https://api.carbonmapper.org/api/v1/catalog/asset/l3a-vis-ch4-mf-v002/2024/05/14/GAO20240514t153940p0000-P/GAO20240514t153940p0000-P_l3a-vis-ch4-mf-v002_plume.tif,,/data2/yuyao/methane_emission/data/raw_data_dir/S2B_MSIL2A_20240514T172859_N0510_R055_T13SFR_20240514T212904.SAFE,/data2/yuyao/methane_emission/carbonmapper_data_l89_l2sp/GAO20240514t153940p0000-P/l8_LC09_L2SP_031038_20240513_20240514_02_T1.tif,0.373877,0.0
GAO20240514t153940p0000-Q,https://api.carbonmapper.org/api/v1/catalog/asset/l3a-vis-ch4-mf-v002/2024/05/14/GAO20240514t153940p0000-Q/GAO20240514t153940p0000-Q_l3a-vis-ch4-mf-v002_plume.tif,,/data2/yuyao/methane_emission/data/raw_data_dir/S2B_MSIL2A_20240514T172859_N0510_R055_T13SFR_20240514T212904.SAFE,/data2/yuyao/methane_emission/carbonmapper_data_l89_l2sp/GAO20240514t153940p0000-Q/l8_LC09_L2SP_031038_20240513_20240514_02_T1.tif,0.373877,0.0
GAO20240514t154756p0000-A,https://api.carbonmapper.org/api/v1/catalog/asset/l3a-vis-ch4-mf-v002/2024/05/14/GAO20240514t154756p0000-A/GAO20240514t154756p0000-A_l3a-vis-ch4-mf-v002_plume.tif,,/data2/yuyao/methane_emission/data/raw_data_dir/S2B_MSIL2A_20240514T172859_N0510_R055_T13SFR_20240514T212904.SAFE,/data2/yuyao/methane_emission/carbonmapper_data_l89_l2sp/GAO20240514t154756p0000-A/l8_LC09_L2SP_031038_20240513_20240514_02_T1.tif,0.373877,0.0
GAO20240514t154756p0000-C,https://api.carbonmapper.org/api/v1/catalog/asset/l3a-vis-ch4-mf-v002/2024/05/14/GAO20240514t154756p0000-C/GAO20240514t154756p0000-C_l3a-vis-ch4-mf-v002_plume.tif,,/data2/yuyao/methane_emission/data/raw_data_dir/S2B_MSIL2A_20240514T172859_N0510_R055_T13SFR_20240514T212904.SAFE,/data2/yuyao/methane_emission/carbonmapper_data_l89_l2sp/GAO20240514t154756p0000-C/l8_LC09_L2SP_031038_20240513_20240514_02_T1.tif,0.373877,0.0
GAO20240514t154756p0000-E,https://api.carbonmapper.org/api/v1/catalog/asset/l3a-vis-ch4-mf-v002/2024/05/14/GAO20240514t154756p0000-E/GAO20240514t154756p0000-E_l3a-vis-ch4-mf-v002_plume.tif,,/data2/yuyao/methane_emission/data/raw_data_dir/S2B_MSIL2A_20240514T172859_N0510_R055_T13SFR_20240514T212904.SAFE,/data2/yuyao/methane_emission/carbonmapper_data_l89_l2sp/GAO20240514t154756p0000-E/l8_LC09_L2SP_031038_20240513_20240514_02_T1.tif,0.373877,0.0
GAO20240514t154756p0000-F,https://api.carbonmapper.org/api/v1/catalog/asset/l3a-vis-ch4-mf-v002/2024/05/14/GAO20240514t154756p0000-F/GAO20240514t154756p0000-F_l3a-vis-ch4-mf-v002_plume.tif,,/data2/yuyao/methane_emission/data/raw_data_dir/S2B_MSIL2A_20240514T172859_N0510_R055_T13SFR_20240514T212904.SAFE,/data2/yuyao/methane_emission/carbonmapper_data_l89_l2sp/GAO20240514t154756p0000-F/l8_LC09_L2SP_031038_20240513_20240514_02_T1.tif,0.373877,0.0
GAO20240514t154756p0000-G,https://api.carbonmapper.org/api/v1/catalog/asset/l3a-vis-ch4-mf-v002/2024/05/14/GAO20240514t154756p0000-G/GAO20240514t154756p0000-G_l3a-vis-ch4-mf-v002_plume.tif,,/data2/yuyao/methane_emission/data/raw_data_dir/S2B_MSIL2A_20240514T172859_N0510_R055_T13SFR_20240514T212904.SAFE,/data2/yuyao/methane_emission/carbonmapper_data_l89_l2sp/GAO20240514t154756p0000-G/l8_LC09_L2SP_031038_20240513_20240514_02_T1.tif,0.373877,0.0
GAO20240514t154756p0000-H,https://api.carbonmapper.org/api/v1/catalog/asset/l3a-vis-ch4-mf-v002/2024/05/14/GAO20240514t154756p0000-H/GAO20240514t154756p0000-H_l3a-vis-ch4-mf-v002_plume.tif,,/data2/yuyao/methane_emission/data/raw_data_dir/S2B_MSIL2A_20240514T172859_N0510_R055_T13SFR_20240514T212904.SAFE,/data2/yuyao/methane_emission/carbonmapper_data_l89_l2sp/GAO20240514t154756p0000-H/l8_LC09_L2SP_031038_20240513_20240514_02_T1.tif,0.373877,0.0
GAO20240514t154756p0000-I,https://api.carbonmapper.org/api/v1/catalog/asset/l3a-vis-ch4-mf-v002/2024/05/14/GAO20240514t154756p0000-I/GAO20240514t154756p0000-I_l3a-vis-ch4-mf-v002_plume.tif,,/data2/yuyao/methane_emission/data/raw_data_dir/S2B_MSIL2A_20240514T172859_N0510_R055_T13SFR_20240514T212904.SAFE,/data2/yuyao/methane_emission/carbonmapper_data_l89_l2sp/GAO20240514t154756p0000-I/l8_LC09_L2SP_031038_20240513_20240514_02_T1.tif,0.373877,0.0
GAO20240514t154756p0000-J,https://api.carbonmapper.org/api/v1/catalog/asset/l3a-vis-ch4-mf-v002/2024/05/14/GAO20240514t154756p0000-J/GAO20240514t154756p0000-J_l3a-vis-ch4-mf-v002_plume.tif,,/data2/yuyao/methane_emission/data/raw_data_dir/S2B_MSIL2A_20240514T172859_N0510_R055_T13SFR_20240514T212904.SAFE,/data2/yuyao/methane_emission/carbonmapper_data_l89_l2sp/GAO20240514t154756p0000-J/l8_LC09_L2SP_031038_20240513_20240514_02_T1.tif,0.373877,0.0
GAO20240514t154756p0000-N,https://api.carbonmapper.org/api/v1/catalog/asset/l3a-vis-ch4-mf-v002/2024/05/14/GAO20240514t154756p0000-N/GAO20240514t154756p0000-N_l3a-vis-ch4-mf-v002_plume.tif,,/data2/yuyao/methane_emission/data/raw_data_dir/S2B_MSIL2A_20240514T172859_N0510_R055_T13SFR_20240514T212904.SAFE,/data2/yuyao/methane_emission/carbonmapper_data_l89_l2sp/GAO20240514t154756p0000-N/l8_LC09_L2SP_031038_20240513_20240514_02_T1.tif,0.373877,0.0
GAO20240514t154756p0000-O,https://api.carbonmapper.org/api/v1/catalog/asset/l3a-vis-ch4-mf-v002/2024/05/14/GAO20240514t154756p0000-O/GAO20240514t154756p0000-O_l3a-vis-ch4-mf-v002_plume.tif,,/data2/yuyao/methane_emission/data/raw_data_dir/S2B_MSIL2A_20240514T172859_N0510_R055_T13SFR_20240514T212904.SAFE,/data2/yuyao/methane_emission/carbonmapper_data_l89_l2sp/GAO20240514t154756p0000-O/l8_LC09_L2SP_031038_20240513_20240514_02_T1.tif,0.373877,0.0
GAO20240514t154756p0000-R,https://api.carbonmapper.org/api/v1/catalog/asset/l3a-vis-ch4-mf-v002/2024/05/14/GAO20240514t154756p0000-R/GAO20240514t154756p0000-R_l3a-vis-ch4-mf-v002_plume.tif,,/data2/yuyao/methane_emission/data/raw_data_dir/S2B_MSIL2A_20240514T172859_N0510_R055_T13SFR_20240514T212904.SAFE,/data2/yuyao/methane_emission/carbonmapper_data_l89_l2sp/GAO20240514t154756p0000-R/l8_LC09_L2SP_031038_20240513_20240514_02_T1.tif,0.373877,0.0
GAO20240514t155616p0000-A,https://api.carbonmapper.org/api/v1/catalog/asset/l3a-vis-ch4-mf-v002/2024/05/14/GAO20240514t155616p0000-A/GAO20240514t155616p0000-A_l3a-vis-ch4-mf-v002_plume.tif,,/data2/yuyao/methane_emission/data/raw_data_dir/S2B_MSIL2A_20240514T172859_N0510_R055_T13SFR_20240514T212904.SAFE,/data2/yuyao/methane_emission/carbonmapper_data_l89_l2sp/GAO20240514t155616p0000-A/l8_LC09_L2SP_031038_20240513_20240514_02_T1.tif,0.373877,0.0
GAO20240514t155616p0000-G,https://api.carbonmapper.org/api/v1/catalog/asset/l3a-vis-ch4-mf-v002/2024/05/14/GAO20240514t155616p0000-G/GAO20240514t155616p0000-G_l3a-vis-ch4-mf-v002_plume.tif,,/data2/yuyao/methane_emission/data/raw_data_dir/S2B_MSIL2A_20240514T172859_N0510_R055_T13SFR_20240514T212904.SAFE,/data2/yuyao/methane_emission/carbonmapper_data_l89_l2sp/GAO20240514t155616p0000-G/l8_LC09_L2SP_031038_20240513_20240514_02_T1.tif,0.373877,0.0
GAO20240514t155616p0000-I,https://api.carbonmapper.org/api/v1/catalog/asset/l3a-vis-ch4-mf-v002/2024/05/14/GAO20240514t155616p0000-I/GAO20240514t155616p0000-I_l3a-vis-ch4-mf-v002_plume.tif,,/data2/yuyao/methane_emission/data/raw_data_dir/S2B_MSIL2A_20240514T172859_N0510_R055_T13SFR_20240514T212904.SAFE,/data2/yuyao/methane_emission/carbonmapper_data_l89_l2sp/GAO20240514t155616p0000-I/l8_LC09_L2SP_031038_20240513_20240514_02_T1.tif,0.373877,0.0
GAO20240514t155616p0000-J,https://api.carbonmapper.org/api/v1/catalog/asset/l3a-vis-ch4-mf-v002/2024/05/14/GAO20240514t155616p0000-J/GAO20240514t155616p0000-J_l3a-vis-ch4-mf-v002_plume.tif,,/data2/yuyao/methane_emission/data/raw_data_dir/S2B_MSIL2A_20240514T172859_N0510_R055_T13SFR_20240514T212904.SAFE,/data2/yuyao/methane_emission/carbonmapper_data_l89_l2sp/GAO20240514t155616p0000-J/l8_LC09_L2SP_031038_20240513_20240514_02_T1.tif,0.373877,0.0
GAO20240514t155616p0000-L,https://api.carbonmapper.org/api/v1/catalog/asset/l3a-vis-ch4-mf-v002/2024/05/14/GAO20240514t155616p0000-L/GAO20240514t155616p0000-L_l3a-vis-ch4-mf-v002_plume.tif,,/data2/yuyao/methane_emission/data/raw_data_dir/S2B_MSIL2A_20240514T172859_N0510_R055_T13SFR_20240514T212904.SAFE,/data2/yuyao/methane_emission/carbonmapper_data_l89_l2sp/GAO20240514t155616p0000-L/l8_LC09_L2SP_031038_20240513_20240514_02_T1.tif,0.373877,0.0
GAO20240514t155616p0000-M,https://api.carbonmapper.org/api/v1/catalog/asset/l3a-vis-ch4-mf-v002/2024/05/14/GAO20240514t155616p0000-M/GAO20240514t155616p0000-M_l3a-vis-ch4-mf-v002_plume.tif,,/data2/yuyao/methane_emission/data/raw_data_dir/S2B_MSIL2A_20240514T172859_N0510_R055_T13SFR_20240514T212904.SAFE,/data2/yuyao/methane_emission/carbonmapper_data_l89_l2sp/GAO20240514t155616p0000-M/l8_LC09_L2SP_031038_20240513_20240514_02_T1.tif,0.373877,0.0
GAO20240514t155616p0000-P,https://api.carbonmapper.org/api/v1/catalog/asset/l3a-vis-ch4-mf-v002/2024/05/14/GAO20240514t155616p0000-P/GAO20240514t155616p0000-P_l3a-vis-ch4-mf-v002_plume.tif,,/data2/yuyao/methane_emission/data/raw_data_dir/S2B_MSIL2A_20240514T172859_N0510_R055_T13SFR_20240514T212904.SAFE,/data2/yuyao/methane_emission/carbonmapper_data_l89_l2sp/GAO20240514t155616p0000-P/l8_LC09_L2SP_031038_20240513_20240514_02_T1.tif,0.373877,0.0
GAO20240514t155616p0000-Q,https://api.carbonmapper.org/api/v1/catalog/asset/l3a-vis-ch4-mf-v002/2024/05/14/GAO20240514t155616p0000-Q/GAO20240514t155616p0000-Q_l3a-vis-ch4-mf-v002_plume.tif,,/data2/yuyao/methane_emission/data/raw_data_dir/S2B_MSIL2A_20240514T172859_N0510_R055_T13SFR_20240514T212904.SAFE,/data2/yuyao/methane_emission/carbonmapper_data_l89_l2sp/GAO20240514t155616p0000-Q/l8_LC09_L2SP_031038_20240513_20240514_02_T1.tif,0.373877,0.0
GAO20240514t155616p0000-R,https://api.carbonmapper.org/api/v1/catalog/asset/l3a-vis-ch4-mf-v002/2024/05/14/GAO20240514t155616p0000-R/GAO20240514t155616p0000-R_l3a-vis-ch4-mf-v002_plume.tif,,/data2/yuyao/methane_emission/data/raw_data_dir/S2B_MSIL2A_20240514T172859_N0510_R055_T13SFR_20240514T212904.SAFE,/data2/yuyao/methane_emission/carbonmapper_data_l89_l2sp/GAO20240514t155616p0000-R/l8_LC09_L2SP_031038_20240513_20240514_02_T1.tif,0.373877,0.0
GAO20240514t155616p0000-S,https://api.carbonmapper.org/api/v1/catalog/asset/l3a-vis-ch4-mf-v002/2024/05/14/GAO20240514t155616p0000-S/GAO20240514t155616p0000-S_l3a-vis-ch4-mf-v002_plume.tif,,/data2/yuyao/methane_emission/data/raw_data_dir/S2B_MSIL2A_20240514T172859_N0510_R055_T13SFR_20240514T212904.SAFE,/data2/yuyao/methane_emission/carbonmapper_data_l89_l2sp/GAO20240514t155616p0000-S/l8_LC09_L2SP_031038_20240513_20240514_02_T1.tif,0.373877,0.0
GAO20240514t160455p0000-E,https://api.carbonmapper.org/api/v1/catalog/asset/l3a-vis-ch4-mf-v002/2024/05/14/GAO20240514t160455p0000-E/GAO20240514t160455p0000-E_l3a-vis-ch4-mf-v002_plume.tif,,/data2/yuyao/methane_emission/data/raw_data_dir/S2B_MSIL2A_20240514T172859_N0510_R055_T13SFR_20240514T212904.SAFE,/data2/yuyao/methane_emission/carbonmapper_data_l89_l2sp/GAO20240514t160455p0000-E/l8_LC09_L2SP_031038_20240513_20240514_02_T1.tif,0.373877,0.0
GAO20240514t160455p0000-J,https://api.carbonmapper.org/api/v1/catalog/asset/l3a-vis-ch4-mf-v002/2024/05/14/GAO20240514t160455p0000-J/GAO20240514t160455p0000-J_l3a-vis-ch4-mf-v002_plume.tif,,/data2/yuyao/methane_emission/data/raw_data_dir/S2B_MSIL2A_20240514T172859_N0510_R055_T13SFR_20240514T212904.SAFE,/data2/yuyao/methane_emission/carbonmapper_data_l89_l2sp/GAO20240514t160455p0000-J/l8_LC09_L2SP_031038_20240513_20240514_02_T1.tif,0.373877,0.0
GAO20240514t160455p0000-K,https://api.carbonmapper.org/api/v1/catalog/asset/l3a-vis-ch4-mf-v002/2024/05/14/GAO20240514t160455p0000-K/GAO20240514t160455p0000-K_l3a-vis-ch4-mf-v002_plume.tif,,/data2/yuyao/methane_emission/data/raw_data_dir/S2B_MSIL2A_20240514T172859_N0510_R055_T13SFR_20240514T212904.SAFE,/data2/yuyao/methane_emission/carbonmapper_data_l89_l2sp/GAO20240514t160455p0000-K/l8_LC09_L2SP_031038_20240513_20240514_02_T1.tif,0.373877,0.0
GAO20240514t160455p0000-U,https://api.carbonmapper.org/api/v1/catalog/asset/l3a-vis-ch4-mf-v002/2024/05/14/GAO20240514t160455p0000-U/GAO20240514t160455p0000-U_l3a-vis-ch4-mf-v002_plume.tif,,/data2/yuyao/methane_emission/data/raw_data_dir/S2B_MSIL2A_20240514T172859_N0510_R055_T13SFR_20240514T212904.SAFE,/data2/yuyao/methane_emission/carbonmapper_data_l89_l2sp/GAO20240514t160455p0000-U/l8_LC09_L2SP_031038_20240513_20240514_02_T1.tif,0.373877,0.0
GAO20240514t160455p0000-V,https://api.carbonmapper.org/api/v1/catalog/asset/l3a-vis-ch4-mf-v002/2024/05/14/GAO20240514t160455p0000-V/GAO20240514t160455p0000-V_l3a-vis-ch4-mf-v002_plume.tif,,/data2/yuyao/methane_emission/data/raw_data_dir/S2B_MSIL2A_20240514T172859_N0510_R055_T13SFR_20240514T212904.SAFE,/data2/yuyao/methane_emission/carbonmapper_data_l89_l2sp/GAO20240514t160455p0000-V/l8_LC09_L2SP_031038_20240513_20240514_02_T1.tif,0.373877,0.0
GAO20240514t161405p0000-CC,https://api.carbonmapper.org/api/v1/catalog/asset/l3a-vis-ch4-mf-v002/2024/05/14/GAO20240514t161405p0000-CC/GAO20240514t161405p0000-CC_l3a-vis-ch4-mf-v002_plume.tif,https://api.carbonmapper.org/api/v1/catalog/asset/l3a-ime-ch4-mf-v1/2024/05/14/GAO20240514t161405p0000-CC/GAO20240514t161405p0000-CC_l3a-ime-ch4-mf-v1_ime-cmf-concentrations.tif,/data2/yuyao/methane_emission/data/raw_data_dir/S2B_MSIL2A_20240514T172859_N0510_R055_T13SFR_20240514T212904.SAFE,/data2/yuyao/methane_emission/carbonmapper_data_l89_l2sp/GAO20240514t161405p0000-CC/l8_LC09_L2SP_031038_20240513_20240514_02_T1.tif,0.373877,0.0
GAO20240514t161405p0000-CG,https://api.carbonmapper.org/api/v1/catalog/asset/l3a-vis-ch4-mf-v002/2024/05/14/GAO20240514t161405p0000-CG/GAO20240514t161405p0000-CG_l3a-vis-ch4-mf-v002_plume.tif,https://api.carbonmapper.org/api/v1/catalog/asset/l3a-ime-ch4-mf-v1/2024/05/14/GAO20240514t161405p0000-CG/GAO20240514t161405p0000-CG_l3a-ime-ch4-mf-v1_ime-cmf-concentrations.tif,/data2/yuyao/methane_emission/data/raw_data_dir/S2B_MSIL2A_20240514T172859_N0510_R055_T13SFR_20240514T212904.SAFE,/data2/yuyao/methane_emission/carbonmapper_data_l89_l2sp/GAO20240514t161405p0000-CG/l8_LC09_L2SP_031038_20240513_20240514_02_T1.tif,0.373877,0.0
GAO20240514t161405p0000-CH,https://api.carbonmapper.org/api/v1/catalog/asset/l3a-vis-ch4-mf-v002/2024/05/14/GAO20240514t161405p0000-CH/GAO20240514t161405p0000-CH_l3a-vis-ch4-mf-v002_plume.tif,https://api.carbonmapper.org/api/v1/catalog/asset/l3a-ime-ch4-mf-v1/2024/05/14/GAO20240514t161405p0000-CH/GAO20240514t161405p0000-CH_l3a-ime-ch4-mf-v1_ime-cmf-concentrations.tif,/data2/yuyao/methane_emission/data/raw_data_dir/S2B_MSIL2A_20240514T172859_N0510_R055_T13SFR_20240514T212904.SAFE,/data2/yuyao/methane_emission/carbonmapper_data_l89_l2sp/GAO20240514t161405p0000-CH/l8_LC09_L2SP_031038_20240513_20240514_02_T1.tif,0.373877,0.0
GAO20240514t161405p0000-CI,https://api.carbonmapper.org/api/v1/catalog/asset/l3a-vis-ch4-mf-v002/2024/05/14/GAO20240514t161405p0000-CI/GAO20240514t161405p0000-CI_l3a-vis-ch4-mf-v002_plume.tif,https://api.carbonmapper.org/api/v1/catalog/asset/l3a-ime-ch4-mf-v1/2024/05/14/GAO20240514t161405p0000-CI/GAO20240514t161405p0000-CI_l3a-ime-ch4-mf-v1_ime-cmf-concentrations.tif,/data2/yuyao/methane_emission/data/raw_data_dir/S2B_MSIL2A_20240514T172859_N0510_R055_T13SFR_20240514T212904.SAFE,/data2/yuyao/methane_emission/carbonmapper_data_l89_l2sp/GAO20240514t161405p0000-CI/l8_LC09_L2SP_031038_20240513_20240514_02_T1.tif,0.373877,0.0
GAO20240514t161405p0000-CJ,https://api.carbonmapper.org/api/v1/catalog/asset/l3a-vis-ch4-mf-v3/2024/05/14/GAO20240514t161405p0000-CJ/GAO20240514t161405p0000-CJ_l3a-vis-ch4-mf-v3_plume.tif,https://api.carbonmapper.org/api/v1/catalog/asset/l3a-ime-ch4-mf-v3/2024/05/14/GAO20240514t161405p0000-CJ/GAO20240514t161405p0000-CJ_l3a-ime-ch4-mf-v3_ime-cmf-concentrations.tif,/data2/yuyao/methane_emission/data/raw_data_dir/S2B_MSIL2A_20240514T172859_N0510_R055_T13SFR_20240514T212904.SAFE,/data2/yuyao/methane_emission/carbonmapper_data_l89_l2sp/GAO20240514t161405p0000-CJ/l8_LC09_L2SP_031038_20240513_20240514_02_T1.tif,0.373877,0.0
GAO20240514t161405p0000-J,https://api.carbonmapper.org/api/v1/catalog/asset/l3a-vis-ch4-mf-v002/2024/05/14/GAO20240514t161405p0000-J/GAO20240514t161405p0000-J_l3a-vis-ch4-mf-v002_plume.tif,,/data2/yuyao/methane_emission/data/raw_data_dir/S2B_MSIL2A_20240514T172859_N0510_R055_T13SFR_20240514T212904.SAFE,/data2/yuyao/methane_emission/carbonmapper_data_l89_l2sp/GAO20240514t161405p0000-J/l8_LC09_L2SP_031038_20240513_20240514_02_T1.tif,0.373877,0.0
GAO20240514t161405p0000-K,https://api.carbonmapper.org/api/v1/catalog/asset/l3a-vis-ch4-mf-v002/2024/05/14/GAO20240514t161405p0000-K/GAO20240514t161405p0000-K_l3a-vis-ch4-mf-v002_plume.tif,,/data2/yuyao/methane_emission/data/raw_data_dir/S2B_MSIL2A_20240514T172859_N0510_R055_T13SFR_20240514T212904.SAFE,/data2/yuyao/methane_emission/carbonmapper_data_l89_l2sp/GAO20240514t161405p0000-K/l8_LC09_L2SP_031038_20240513_20240514_02_T1.tif,0.373877,0.0
GAO20240514t161405p0000-R,https://api.carbonmapper.org/api/v1/catalog/asset/l3a-vis-ch4-mf-v002/2024/05/14/GAO20240514t161405p0000-R/GAO20240514t161405p0000-R_l3a-vis-ch4-mf-v002_plume.tif,,/data2/yuyao/methane_emission/data/raw_data_dir/S2B_MSIL2A_20240514T172859_N0510_R055_T13SFR_20240514T212904.SAFE,/data2/yuyao/methane_emission/carbonmapper_data_l89_l2sp/GAO20240514t161405p0000-R/l8_LC09_L2SP_031038_20240513_20240514_02_T1.tif,0.373877,0.0
GAO20240514t161405p0000-W,https://api.carbonmapper.org/api/v1/catalog/asset/l3a-vis-ch4-mf-v002/2024/05/14/GAO20240514t161405p0000-W/GAO20240514t161405p0000-W_l3a-vis-ch4-mf-v002_plume.tif,,/data2/yuyao/methane_emission/data/raw_data_dir/S2B_MSIL2A_20240514T172859_N0510_R055_T13SFR_20240514T212904.SAFE,/data2/yuyao/methane_emission/carbonmapper_data_l89_l2sp/GAO20240514t161405p0000-W/l8_LC09_L2SP_031038_20240513_20240514_02_T1.tif,0.373877,0.0
GAO20240514t162306p0000-C,https://api.carbonmapper.org/api/v1/catalog/asset/l3a-vis-ch4-mf-v002/2024/05/14/GAO20240514t162306p0000-CC/GAO20240514t162306p0000-CC_l3a-vis-ch4-mf-v002_plume.tif,,/data2/yuyao/methane_emission/data/raw_data_dir/S2B_MSIL2A_20240514T172859_N0510_R055_T13SFR_20240514T212904.SAFE,/data2/yuyao/methane_emission/carbonmapper_data_l89_l2sp/GAO20240514t162306p0000-C/l8_LC09_L2SP_031038_20240513_20240514_02_T1.tif,0.373877,0.0
GAO20240514t162306p0000-N,https://api.carbonmapper.org/api/v1/catalog/asset/l3a-vis-ch4-mf-v002/2024/05/14/GAO20240514t162306p0000-N/GAO20240514t162306p0000-N_l3a-vis-ch4-mf-v002_plume.tif,,/data2/yuyao/methane_emission/data/raw_data_dir/S2B_MSIL2A_20240514T172859_N0510_R055_T13SFR_20240514T212904.SAFE,/data2/yuyao/methane_emission/carbonmapper_data_l89_l2sp/GAO20240514t162306p0000-N/l8_LC09_L2SP_031038_20240513_20240514_02_T1.tif,0.373877,0.0
GAO20240514t162306p0000-O,https://api.carbonmapper.org/api/v1/catalog/asset/l3a-vis-ch4-mf-v002/2024/05/14/GAO20240514t162306p0000-O/GAO20240514t162306p0000-O_l3a-vis-ch4-mf-v002_plume.tif,,/data2/yuyao/methane_emission/data/raw_data_dir/S2B_MSIL2A_20240514T172859_N0510_R055_T13SFR_20240514T212904.SAFE,/data2/yuyao/methane_emission/carbonmapper_data_l89_l2sp/GAO20240514t162306p0000-O/l8_LC09_L2SP_031038_20240513_20240514_02_T1.tif,0.373877,0.0
GAO20240514t162306p0000-T,https://api.carbonmapper.org/api/v1/catalog/asset/l3a-vis-ch4-mf-v002/2024/05/14/GAO20240514t162306p0000-T/GAO20240514t162306p0000-T_l3a-vis-ch4-mf-v002_plume.tif,,/data2/yuyao/methane_emission/data/raw_data_dir/S2B_MSIL2A_20240514T172859_N0510_R055_T13SFR_20240514T212904.SAFE,/data2/yuyao/methane_emission/carbonmapper_data_l89_l2sp/GAO20240514t162306p0000-T/l8_LC09_L2SP_031038_20240513_20240514_02_T1.tif,0.373877,0.0
GAO20240514t163230p0000-H,https://api.carbonmapper.org/api/v1/catalog/asset/l3a-vis-ch4-mf-v002/2024/05/14/GAO20240514t163230p0000-H/GAO20240514t163230p0000-H_l3a-vis-ch4-mf-v002_plume.tif,,/data2/yuyao/methane_emission/data/raw_data_dir/S2B_MSIL2A_20240514T172859_N0510_R055_T13SFR_20240514T212904.SAFE,/data2/yuyao/methane_emission/carbonmapper_data_l89_l2sp/GAO20240514t163230p0000-H/l8_LC09_L2SP_031038_20240513_20240514_02_T1.tif,0.373877,0.0
GAO20240514t163230p0000-K,https://api.carbonmapper.org/api/v1/catalog/asset/l3a-vis-ch4-mf-v002/2024/05/14/GAO20240514t163230p0000-K/GAO20240514t163230p0000-K_l3a-vis-ch4-mf-v002_plume.tif,,/data2/yuyao/methane_emission/data/raw_data_dir/S2B_MSIL2A_20240514T172859_N0510_R055_T13SFR_20240514T212904.SAFE,/data2/yuyao/methane_emission/carbonmapper_data_l89_l2sp/GAO20240514t163230p0000-K/l8_LC09_L2SP_031038_20240513_20240514_02_T1.tif,0.373877,0.0
GAO20240514t163230p0000-L,https://api.carbonmapper.org/api/v1/catalog/asset/l3a-vis-ch4-mf-v002/2024/05/14/GAO20240514t163230p0000-L/GAO20240514t163230p0000-L_l3a-vis-ch4-mf-v002_plume.tif,,/data2/yuyao/methane_emission/data/raw_data_dir/S2B_MSIL2A_20240514T172859_N0510_R055_T13SFR_20240514T212904.SAFE,/data2/yuyao/methane_emission/carbonmapper_data_l89_l2sp/GAO20240514t163230p0000-L/l8_LC09_L2SP_031038_20240513_20240514_02_T1.tif,0.373877,0.0
GAO20240514t163230p0000-M,https://api.carbonmapper.org/api/v1/catalog/asset/l3a-vis-ch4-mf-v002/2024/05/14/GAO20240514t163230p0000-M/GAO20240514t163230p0000-M_l3a-vis-ch4-mf-v002_plume.tif,,/data2/yuyao/methane_emission/data/raw_data_dir/S2B_MSIL2A_20240514T172859_N0510_R055_T13SFR_20240514T212904.SAFE,/data2/yuyao/methane_emission/carbonmapper_data_l89_l2sp/GAO20240514t163230p0000-M/l8_LC09_L2SP_031038_20240513_20240514_02_T1.tif,0.373877,0.0
GAO20240514t163230p0000-N,https://api.carbonmapper.org/api/v1/catalog/asset/l3a-vis-ch4-mf-v002/2024/05/14/GAO20240514t163230p0000-N/GAO20240514t163230p0000-N_l3a-vis-ch4-mf-v002_plume.tif,,/data2/yuyao/methane_emission/data/raw_data_dir/S2B_MSIL2A_20240514T172859_N0510_R055_T13SFR_20240514T212904.SAFE,/data2/yuyao/methane_emission/carbonmapper_data_l89_l2sp/GAO20240514t163230p0000-N/l8_LC09_L2SP_031038_20240513_20240514_02_T1.tif,0.373877,0.0
GAO20240514t163230p0000-Q,https://api.carbonmapper.org/api/v1/catalog/asset/l3a-vis-ch4-mf-v002/2024/05/14/GAO20240514t163230p0000-Q/GAO20240514t163230p0000-Q_l3a-vis-ch4-mf-v002_plume.tif,,/data2/yuyao/methane_emission/data/raw_data_dir/S2B_MSIL2A_20240514T172859_N0510_R055_T13SFR_20240514T212904.SAFE,/data2/yuyao/methane_emission/carbonmapper_data_l89_l2sp/GAO20240514t163230p0000-Q/l8_LC09_L2SP_031038_20240513_20240514_02_T1.tif,0.373877,0.0
GAO20240514t163230p0000-S,https://api.carbonmapper.org/api/v1/catalog/asset/l3a-vis-ch4-mf-v002/2024/05/14/GAO20240514t163230p0000-S/GAO20240514t163230p0000-S_l3a-vis-ch4-mf-v002_plume.tif,,/data2/yuyao/methane_emission/data/raw_data_dir/S2B_MSIL2A_20240514T172859_N0510_R055_T13SFR_20240514T212904.SAFE,/data2/yuyao/methane_emission/carbonmapper_data_l89_l2sp/GAO20240514t163230p0000-S/l8_LC09_L2SP_031038_20240513_20240514_02_T1.tif,0.373877,0.0
GAO20240514t163230p0000-T,https://api.carbonmapper.org/api/v1/catalog/asset/l3a-vis-ch4-mf-v002/2024/05/14/GAO20240514t163230p0000-T/GAO20240514t163230p0000-T_l3a-vis-ch4-mf-v002_plume.tif,,/data2/yuyao/methane_emission/data/raw_data_dir/S2B_MSIL2A_20240514T172859_N0510_R055_T13SFR_20240514T212904.SAFE,/data2/yuyao/methane_emission/carbonmapper_data_l89_l2sp/GAO20240514t163230p0000-T/l8_LC09_L2SP_031038_20240513_20240514_02_T1.tif,0.373877,0.0
GAO20240514t164120p0000-C,https://api.carbonmapper.org/api/v1/catalog/asset/l3a-vis-ch4-mf-v002/2024/05/14/GAO20240514t164120p0000-C/GAO20240514t164120p0000-C_l3a-vis-ch4-mf-v002_plume.tif,,/data2/yuyao/methane_emission/data/raw_data_dir/S2B_MSIL2A_20240514T172859_N0510_R055_T13SFR_20240514T212904.SAFE,/data2/yuyao/methane_emission/carbonmapper_data_l89_l2sp/GAO20240514t164120p0000-C/l8_LC09_L2SP_031038_20240513_20240514_02_T1.tif,0.373877,0.0
GAO20240514t164120p0000-N,https://api.carbonmapper.org/api/v1/catalog/asset/l3a-vis-ch4-mf-v002/2024/05/14/GAO20240514t164120p0000-N/GAO20240514t164120p0000-N_l3a-vis-ch4-mf-v002_plume.tif,,/data2/yuyao/methane_emission/data/raw_data_dir/S2B_MSIL2A_20240514T172859_N0510_R055_T13SFR_20240514T212904.SAFE,/data2/yuyao/methane_emission/carbonmapper_data_l89_l2sp/GAO20240514t164120p0000-N/l8_LC09_L2SP_031038_20240513_20240514_02_T1.tif,0.373877,0.0
GAO20240514t164120p0000-T,https://api.carbonmapper.org/api/v1/catalog/asset/l3a-vis-ch4-mf-v002/2024/05/14/GAO20240514t164120p0000-T/GAO20240514t164120p0000-T_l3a-vis-ch4-mf-v002_plume.tif,,/data2/yuyao/methane_emission/data/raw_data_dir/S2B_MSIL2A_20240514T172859_N0510_R055_T13SFR_20240514T212904.SAFE,/data2/yuyao/methane_emission/carbonmapper_data_l89_l2sp/GAO20240514t164120p0000-T/l8_LC09_L2SP_031038_20240513_20240514_02_T1.tif,0.373877,0.0
GAO20240514t164120p0000-V,https://api.carbonmapper.org/api/v1/catalog/asset/l3a-vis-ch4-mf-v002/2024/05/14/GAO20240514t164120p0000-V/GAO20240514t164120p0000-V_l3a-vis-ch4-mf-v002_plume.tif,,/data2/yuyao/methane_emission/data/raw_data_dir/S2B_MSIL2A_20240514T172859_N0510_R055_T13SFR_20240514T212904.SAFE,/data2/yuyao/methane_emission/carbonmapper_data_l89_l2sp/GAO20240514t164120p0000-V/l8_LC09_L2SP_031038_20240513_20240514_02_T1.tif,0.373877,0.0
GAO20240514t164120p0000-W,https://api.carbonmapper.org/api/v1/catalog/asset/l3a-vis-ch4-mf-v002/2024/05/14/GAO20240514t164120p0000-W/GAO20240514t164120p0000-W_l3a-vis-ch4-mf-v002_plume.tif,,/data2/yuyao/methane_emission/data/raw_data_dir/S2B_MSIL2A_20240514T172859_N0510_R055_T13SFR_20240514T212904.SAFE,/data2/yuyao/methane_emission/carbonmapper_data_l89_l2sp/GAO20240514t164120p0000-W/l8_LC09_L2SP_031038_20240513_20240514_02_T1.tif,0.373877,0.0
GAO20240514t165025p0000-C,https://api.carbonmapper.org/api/v1/catalog/asset/l3a-vis-ch4-mf-v002/2024/05/14/GAO20240514t165025p0000-C/GAO20240514t165025p0000-C_l3a-vis-ch4-mf-v002_plume.tif,,/data2/yuyao/methane_emission/data/raw_data_dir/S2B_MSIL2A_20240514T172859_N0510_R055_T13SFR_20240514T212904.SAFE,/data2/yuyao/methane_emission/carbonmapper_data_l89_l2sp/GAO20240514t165025p0000-C/l8_LC09_L2SP_031038_20240513_20240514_02_T1.tif,0.373877,0.0
GAO20240514t165025p0000-G,https://api.carbonmapper.org/api/v1/catalog/asset/l3a-vis-ch4-mf-v002/2024/05/14/GAO20240514t165025p0000-G/GAO20240514t165025p0000-G_l3a-vis-ch4-mf-v002_plume.tif,,/data2/yuyao/methane_emission/data/raw_data_dir/S2B_MSIL2A_20240514T172859_N0510_R055_T13SFR_20240514T212904.SAFE,/data2/yuyao/methane_emission/carbonmapper_data_l89_l2sp/GAO20240514t165025p0000-G/l8_LC09_L2SP_031038_20240513_20240514_02_T1.tif,0.373877,0.0
GAO20240514t165025p0000-M,https://api.carbonmapper.org/api/v1/catalog/asset/l3a-vis-ch4-mf-v002/2024/05/14/GAO20240514t165025p0000-M/GAO20240514t165025p0000-M_l3a-vis-ch4-mf-v002_plume.tif,,/data2/yuyao/methane_emission/data/raw_data_dir/S2B_MSIL2A_20240514T172859_N0510_R055_T13SFR_20240514T212904.SAFE,/data2/yuyao/methane_emission/carbonmapper_data_l89_l2sp/GAO20240514t165025p0000-M/l8_LC09_L2SP_031038_20240513_20240514_02_T1.tif,0.373877,0.0
GAO20240514t165025p0000-O,https://api.carbonmapper.org/api/v1/catalog/asset/l3a-vis-ch4-mf-v002/2024/05/14/GAO20240514t165025p0000-O/GAO20240514t165025p0000-O_l3a-vis-ch4-mf-v002_plume.tif,,/data2/yuyao/methane_emission/data/raw_data_dir/S2B_MSIL2A_20240514T172859_N0510_R055_T13SFR_20240514T212904.SAFE,/data2/yuyao/methane_emission/carbonmapper_data_l89_l2sp/GAO20240514t165025p0000-O/l8_LC09_L2SP_031038_20240513_20240514_02_T1.tif,0.373877,0.0
GAO20240514t165911p0000-A,https://api.carbonmapper.org/api/v1/catalog/asset/l3a-vis-ch4-mf-v002/2024/05/14/GAO20240514t165911p0000-A/GAO20240514t165911p0000-A_l3a-vis-ch4-mf-v002_plume.tif,,/data2/yuyao/methane_emission/data/raw_data_dir/S2B_MSIL2A_20240514T172859_N0510_R055_T13SFR_20240514T212904.SAFE,/data2/yuyao/methane_emission/carbonmapper_data_l89_l2sp/GAO20240514t165911p0000-A/l8_LC09_L2SP_031038_20240513_20240514_02_T1.tif,0.373877,0.0
GAO20240514t165911p0000-B,https://api.carbonmapper.org/api/v1/catalog/asset/l3a-vis-ch4-mf-v002/2024/05/14/GAO20240514t165911p0000-B/GAO20240514t165911p0000-B_l3a-vis-ch4-mf-v002_plume.tif,,/data2/yuyao/methane_emission/data/raw_data_dir/S2B_MSIL2A_20240514T172859_N0510_R055_T13SFR_20240514T212904.SAFE,/data2/yuyao/methane_emission/carbonmapper_data_l89_l2sp/GAO20240514t165911p0000-B/l8_LC09_L2SP_031038_20240513_20240514_02_T1.tif,0.373877,0.0
GAO20240514t165911p0000-G,https://api.carbonmapper.org/api/v1/catalog/asset/l3a-vis-ch4-mf-v002/2024/05/14/GAO20240514t165911p0000-G/GAO20240514t165911p0000-G_l3a-vis-ch4-mf-v002_plume.tif,,/data2/yuyao/methane_emission/data/raw_data_dir/S2B_MSIL2A_20240514T172859_N0510_R055_T13SFR_20240514T212904.SAFE,/data2/yuyao/methane_emission/carbonmapper_data_l89_l2sp/GAO20240514t165911p0000-G/l8_LC09_L2SP_031038_20240513_20240514_02_T1.tif,0.373877,0.0
GAO20240514t165911p0000-H,https://api.carbonmapper.org/api/v1/catalog/asset/l3a-vis-ch4-mf-v002/2024/05/14/GAO20240514t165911p0000-H/GAO20240514t165911p0000-H_l3a-vis-ch4-mf-v002_plume.tif,,/data2/yuyao/methane_emission/data/raw_data_dir/S2B_MSIL2A_20240514T172859_N0510_R055_T13SFR_20240514T212904.SAFE,/data2/yuyao/methane_emission/carbonmapper_data_l89_l2sp/GAO20240514t165911p0000-H/l8_LC09_L2SP_031038_20240513_20240514_02_T1.tif,0.373877,0.0
GAO20240514t165911p0000-I,https://api.carbonmapper.org/api/v1/catalog/asset/l3a-vis-ch4-mf-v002/2024/05/14/GAO20240514t165911p0000-I/GAO20240514t165911p0000-I_l3a-vis-ch4-mf-v002_plume.tif,,/data2/yuyao/methane_emission/data/raw_data_dir/S2B_MSIL2A_20240514T172859_N0510_R055_T13SFR_20240514T212904.SAFE,/data2/yuyao/methane_emission/carbonmapper_data_l89_l2sp/GAO20240514t165911p0000-I/l8_LC09_L2SP_031038_20240513_20240514_02_T1.tif,0.373877,0.0
GAO20240514t165911p0000-M,https://api.carbonmapper.org/api/v1/catalog/asset/l3a-vis-ch4-mf-v002/2024/05/14/GAO20240514t165911p0000-M/GAO20240514t165911p0000-M_l3a-vis-ch4-mf-v002_plume.tif,,/data2/yuyao/methane_emission/data/raw_data_dir/S2B_MSIL2A_20240514T172859_N0510_R055_T13SFR_20240514T212904.SAFE,/data2/yuyao/methane_emission/carbonmapper_data_l89_l2sp/GAO20240514t165911p0000-M/l8_LC09_L2SP_031038_20240513_20240514_02_T1.tif,0.373877,0.0
GAO20240514t165911p0000-N,https://api.carbonmapper.org/api/v1/catalog/asset/l3a-vis-ch4-mf-v002/2024/05/14/GAO20240514t165911p0000-N/GAO20240514t165911p0000-N_l3a-vis-ch4-mf-v002_plume.tif,,/data2/yuyao/methane_emission/data/raw_data_dir/S2B_MSIL2A_20240514T172859_N0510_R055_T13SFR_20240514T212904.SAFE,/data2/yuyao/methane_emission/carbonmapper_data_l89_l2sp/GAO20240514t165911p0000-N/l8_LC09_L2SP_031038_20240513_20240514_02_T1.tif,0.373877,0.0
GAO20240514t165911p0000-R,https://api.carbonmapper.org/api/v1/catalog/asset/l3a-vis-ch4-mf-v002/2024/05/14/GAO20240514t165911p0000-R/GAO20240514t165911p0000-R_l3a-vis-ch4-mf-v002_plume.tif,,/data2/yuyao/methane_emission/data/raw_data_dir/S2B_MSIL2A_20240514T172859_N0510_R055_T13SFR_20240514T212904.SAFE,/data2/yuyao/methane_emission/carbonmapper_data_l89_l2sp/GAO20240514t165911p0000-R/l8_LC09_L2SP_031038_20240513_20240514_02_T1.tif,0.373877,0.0
GAO20240514t165911p0000-S,https://api.carbonmapper.org/api/v1/catalog/asset/l3a-vis-ch4-mf-v002/2024/05/14/GAO20240514t165911p0000-S/GAO20240514t165911p0000-S_l3a-vis-ch4-mf-v002_plume.tif,https://api.carbonmapper.org/api/v1/catalog/asset/l3a-ime-ch4-mf-v1/2024/05/14/GAO20240514t165911p0000-S/GAO20240514t165911p0000-S_l3a-ime-ch4-mf-v1_ime-cmf-concentrations.tif,/data2/yuyao/methane_emission/data/raw_data_dir/S2B_MSIL2A_20240514T172859_N0510_R055_T13SFR_20240514T212904.SAFE,/data2/yuyao/methane_emission/carbonmapper_data_l89_l2sp/GAO20240514t165911p0000-S/l8_LC09_L2SP_031038_20240513_20240514_02_T1.tif,0.373877,0.0
GAO20240514t170815p0000-A,https://api.carbonmapper.org/api/v1/catalog/asset/l3a-vis-ch4-mf-v002/2024/05/14/GAO20240514t170815p0000-A/GAO20240514t170815p0000-A_l3a-vis-ch4-mf-v002_plume.tif,,/data2/yuyao/methane_emission/data/raw_data_dir/S2B_MSIL2A_20240514T172859_N0510_R055_T13SFR_20240514T212904.SAFE,/data2/yuyao/methane_emission/carbonmapper_data_l89_l2sp/GAO20240514t170815p0000-A/l8_LC09_L2SP_031038_20240513_20240514_02_T1.tif,0.373877,0.0
GAO20240514t170815p0000-C,https://api.carbonmapper.org/api/v1/catalog/asset/l3a-vis-ch4-mf-v002/2024/05/14/GAO20240514t170815p0000-C/GAO20240514t170815p0000-C_l3a-vis-ch4-mf-v002_plume.tif,,/data2/yuyao/methane_emission/data/raw_data_dir/S2B_MSIL2A_20240514T172859_N0510_R055_T13SFR_20240514T212904.SAFE,/data2/yuyao/methane_emission/carbonmapper_data_l89_l2sp/GAO20240514t170815p0000-C/l8_LC09_L2SP_031038_20240513_20240514_02_T1.tif,0.373877,0.0
GAO20240514t171655p0000-A,https://api.carbonmapper.org/api/v1/catalog/asset/l3a-vis-ch4-mf-v002/2024/05/14/GAO20240514t171655p0000-A/GAO20240514t171655p0000-A_l3a-vis-ch4-mf-v002_plume.tif,,/data2/yuyao/methane_emission/data/raw_data_dir/S2B_MSIL2A_20240514T172859_N0510_R055_T13SFR_20240514T212904.SAFE,/data2/yuyao/methane_emission/carbonmapper_data_l89_l2sp/GAO20240514t171655p0000-A/l8_LC09_L2SP_031038_20240513_20240514_02_T1.tif,0.373877,0.0
GAO20240514t171655p0000-C,https://api.carbonmapper.org/api/v1/catalog/asset/l3a-vis-ch4-mf-v002/2024/05/14/GAO20240514t171655p0000-C/GAO20240514t171655p0000-C_l3a-vis-ch4-mf-v002_plume.tif,,/data2/yuyao/methane_emission/data/raw_data_dir/S2B_MSIL2A_20240514T172859_N0510_R055_T13SER_20240514T212904.SAFE,/data2/yuyao/methane_emission/carbonmapper_data_l89_l2sp/GAO20240514t171655p0000-C/l8_LC09_L2SP_031038_20240513_20240514_02_T1.tif,1.985871,0.0
GAO20240514t172600p0000-B,https://api.carbonmapper.org/api/v1/catalog/asset/l3a-vis-ch4-mf-v002/2024/05/14/GAO20240514t172600p0000-B/GAO20240514t172600p0000-B_l3a-vis-ch4-mf-v002_plume.tif,,/data2/yuyao/methane_emission/data/raw_data_dir/S2B_MSIL2A_20240514T172859_N0510_R055_T13SER_20240514T212904.SAFE,/data2/yuyao/methane_emission/carbonmapper_data_l89_l2sp/GAO20240514t172600p0000-B/l8_LC09_L2SP_031038_20240513_20240514_02_T1.tif,1.985871,0.0
GAO20240609t195426p0000-B,https://api.carbonmapper.org/api/v1/catalog/asset/l3a-vis-ch4-mf-v002/2024/06/09/GAO20240609t195426p0000-B/GAO20240609t195426p0000-B_l3a-vis-ch4-mf-v002_plume.tif,,/data2/yuyao/methane_emission/data/raw_data_dir/S2A_MSIL2A_20240609T183921_N0510_R070_T10SGF_20240610T012249.SAFE,/data2/yuyao/methane_emission/carbonmapper_data_l89_l2sp/GAO20240609t195426p0000-B/l8_LC08_L2SP_043035_20240610_20250617_02_T1.tif,1.89786,25.41
GAO20240611t190449p0000-A,https://api.carbonmapper.org/api/v1/catalog/asset/l3a-vis-ch4-mf-v002/2024/06/11/GAO20240611t190449p0000-A/GAO20240611t190449p0000-A_l3a-vis-ch4-mf-v002_plume.tif,https://api.carbonmapper.org/api/v1/catalog/asset/l3a-ime-ch4-mf-v1/2024/06/11/GAO20240611t190449p0000-A/GAO20240611t190449p0000-A_l3a-ime-ch4-mf-v1_ime-cmf-concentrations.tif,/data2/yuyao/methane_emission/data/raw_data_dir/S2B_MSIL2A_20240611T182919_N0510_R027_T11SLU_20240611T221421.SAFE,/data2/yuyao/methane_emission/carbonmapper_data_l89_l2sp/GAO20240611t190449p0000-A/l8_LC08_L2SP_041036_20240612_20250616_02_T1.tif,3.253712,17.77
GAO20240611t190449p0000-B,https://api.carbonmapper.org/api/v1/catalog/asset/l3a-vis-ch4-mf-v002/2024/06/11/GAO20240611t190449p0000-B/GAO20240611t190449p0000-B_l3a-vis-ch4-mf-v002_plume.tif,https://api.carbonmapper.org/api/v1/catalog/asset/l3a-ime-ch4-mf-v1/2024/06/11/GAO20240611t190449p0000-B/GAO20240611t190449p0000-B_l3a-ime-ch4-mf-v1_ime-cmf-concentrations.tif,/data2/yuyao/methane_emission/data/raw_data_dir/S2B_MSIL2A_20240611T182919_N0510_R027_T11SLU_20240611T221421.SAFE,/data2/yuyao/methane_emission/carbonmapper_data_l89_l2sp/GAO20240611t190449p0000-B/l8_LC08_L2SP_041036_20240612_20250616_02_T1.tif,3.253712,17.77
GAO20240611t190449p0000-C,https://api.carbonmapper.org/api/v1/catalog/asset/l3a-vis-ch4-mf-v002/2024/06/11/GAO20240611t190449p0000-C/GAO20240611t190449p0000-C_l3a-vis-ch4-mf-v002_plume.tif,https://api.carbonmapper.org/api/v1/catalog/asset/l3a-ime-ch4-mf-v1/2024/06/11/GAO20240611t190449p0000-C/GAO20240611t190449p0000-C_l3a-ime-ch4-mf-v1_ime-cmf-concentrations.tif,/data2/yuyao/methane_emission/data/raw_data_dir/S2B_MSIL2A_20240611T182919_N0510_R027_T11SLU_20240611T221421.SAFE,/data2/yuyao/methane_emission/carbonmapper_data_l89_l2sp/GAO20240611t190449p0000-C/l8_LC08_L2SP_041036_20240612_20250616_02_T1.tif,3.253712,17.77
GAO20240611t190449p0000-D,https://api.carbonmapper.org/api/v1/catalog/asset/l3a-vis-ch4-mf-v002/2024/06/11/GAO20240611t190449p0000-D/GAO20240611t190449p0000-D_l3a-vis-ch4-mf-v002_plume.tif,https://api.carbonmapper.org/api/v1/catalog/asset/l3a-ime-ch4-mf-v1/2024/06/11/GAO20240611t190449p0000-D/GAO20240611t190449p0000-D_l3a-ime-ch4-mf-v1_ime-cmf-concentrations.tif,/data2/yuyao/methane_emission/data/raw_data_dir/S2B_MSIL2A_20240611T182919_N0510_R027_T11SLU_20240611T221421.SAFE,/data2/yuyao/methane_emission/carbonmapper_data_l89_l2sp/GAO20240611t190449p0000-D/l8_LC08_L2SP_041036_20240612_20250616_02_T1.tif,3.253712,17.77
GAO20240611t190449p0000-E,https://api.carbonmapper.org/api/v1/catalog/asset/l3a-vis-ch4-mf-v002/2024/06/11/GAO20240611t190449p0000-E/GAO20240611t190449p0000-E_l3a-vis-ch4-mf-v002_plume.tif,https://api.carbonmapper.org/api/v1/catalog/asset/l3a-ime-ch4-mf-v1/2024/06/11/GAO20240611t190449p0000-E/GAO20240611t190449p0000-E_l3a-ime-ch4-mf-v1_ime-cmf-concentrations.tif,/data2/yuyao/methane_emission/data/raw_data_dir/S2B_MSIL2A_20240611T182919_N0510_R027_T11SLU_20240611T221421.SAFE,/data2/yuyao/methane_emission/carbonmapper_data_l89_l2sp/GAO20240611t190449p0000-E/l8_LC08_L2SP_041036_20240612_20250616_02_T1.tif,3.253712,17.77
GAO20240611t190949p0000-A,https://api.carbonmapper.org/api/v1/catalog/asset/l3a-vis-ch4-mf-v002/2024/06/11/GAO20240611t190949p0000-A/GAO20240611t190949p0000-A_l3a-vis-ch4-mf-v002_plume.tif,https://api.carbonmapper.org/api/v1/catalog/asset/l3a-ime-ch4-mf-v1/2024/06/11/GAO20240611t190949p0000-A/GAO20240611t190949p0000-A_l3a-ime-ch4-mf-v1_ime-cmf-concentrations.tif,/data2/yuyao/methane_emission/data/raw_data_dir/S2B_MSIL2A_20240611T182919_N0510_R027_T11SLT_20240611T221421.SAFE,/data2/yuyao/methane_emission/carbonmapper_data_l89_l2sp/GAO20240611t190949p0000-A/l8_LC08_L2SP_041036_20240612_20250616_02_T1.tif,77.560312,17.77
GAO20240611t190949p0000-B,https://api.carbonmapper.org/api/v1/catalog/asset/l3a-vis-ch4-mf-v002/2024/06/11/GAO20240611t190949p0000-B/GAO20240611t190949p0000-B_l3a-vis-ch4-mf-v002_plume.tif,https://api.carbonmapper.org/api/v1/catalog/asset/l3a-ime-ch4-mf-v1/2024/06/11/GAO20240611t190949p0000-B/GAO20240611t190949p0000-B_l3a-ime-ch4-mf-v1_ime-cmf-concentrations.tif,/data2/yuyao/methane_emission/data/raw_data_dir/S2B_MSIL2A_20240611T182919_N0510_R027_T11SLT_20240611T221421.SAFE,/data2/yuyao/methane_emission/carbonmapper_data_l89_l2sp/GAO20240611t190949p0000-B/l8_LC08_L2SP_041036_20240612_20250616_02_T1.tif,77.560312,17.77
GAO20240611t190949p0000-C,https://api.carbonmapper.org/api/v1/catalog/asset/l3a-vis-ch4-mf-v002/2024/06/11/GAO20240611t190949p0000-C/GAO20240611t190949p0000-C_l3a-vis-ch4-mf-v002_plume.tif,https://api.carbonmapper.org/api/v1/catalog/asset/l3a-ime-ch4-mf-v1/2024/06/11/GAO20240611t190949p0000-C/GAO20240611t190949p0000-C_l3a-ime-ch4-mf-v1_ime-cmf-concentrations.tif,/data2/yuyao/methane_emission/data/raw_data_dir/S2B_MSIL2A_20240611T182919_N0510_R027_T11SLT_20240611T221421.SAFE,/data2/yuyao/methane_emission/carbonmapper_data_l89_l2sp/GAO20240611t190949p0000-C/l8_LC08_L2SP_041036_20240612_20250616_02_T1.tif,77.560312,17.77
GAO20240611t190949p0000-H,https://api.carbonmapper.org/api/v1/catalog/asset/l3a-vis-ch4-mf-v002/2024/06/11/GAO20240611t190949p0000-H/GAO20240611t190949p0000-H_l3a-vis-ch4-mf-v002_plume.tif,https://api.carbonmapper.org/api/v1/catalog/asset/l3a-ime-ch4-mf-v1/2024/06/11/GAO20240611t190949p0000-H/GAO20240611t190949p0000-H_l3a-ime-ch4-mf-v1_ime-cmf-concentrations.tif,/data2/yuyao/methane_emission/data/raw_data_dir/S2B_MSIL2A_20240611T182919_N0510_R027_T11SLT_20240611T221421.SAFE,/data2/yuyao/methane_emission/carbonmapper_data_l89_l2sp/GAO20240611t190949p0000-H/l8_LC08_L2SP_041036_20240612_20250616_02_T1.tif,77.560312,17.77
GAO20240611t191919p0000-B,https://api.carbonmapper.org/api/v1/catalog/asset/l3a-vis-ch4-mf-v002/2024/06/11/GAO20240611t191919p0000-B/GAO20240611t191919p0000-B_l3a-vis-ch4-mf-v002_plume.tif,https://api.carbonmapper.org/api/v1/catalog/asset/l3a-ime-ch4-mf-v1/2024/06/11/GAO20240611t191919p0000-B/GAO20240611t191919p0000-B_l3a-ime-ch4-mf-v1_ime-cmf-concentrations.tif,/data2/yuyao/methane_emission/data/raw_data_dir/S2B_MSIL2A_20240611T182919_N0510_R027_T11SLU_20240611T221421.SAFE,/data2/yuyao/methane_emission/carbonmapper_data_l89_l2sp/GAO20240611t191919p0000-B/l8_LC08_L2SP_041036_20240612_20250616_02_T1.tif,3.253712,17.77
GAO20240611t192314p0000-A,https://api.carbonmapper.org/api/v1/catalog/asset/l3a-vis-ch4-mf-v002/2024/06/11/GAO20240611t192314p0000-A/GAO20240611t192314p0000-A_l3a-vis-ch4-mf-v002_plume.tif,https://api.carbonmapper.org/api/v1/catalog/asset/l3a-ime-ch4-mf-v1/2024/06/11/GAO20240611t192314p0000-A/GAO20240611t192314p0000-A_l3a-ime-ch4-mf-v1_ime-cmf-concentrations.tif,/data2/yuyao/methane_emission/data/raw_data_dir/S2B_MSIL2A_20240611T182919_N0510_R027_T11SLU_20240611T221421.SAFE,/data2/yuyao/methane_emission/carbonmapper_data_l89_l2sp/GAO20240611t192314p0000-A/l8_LC08_L2SP_041036_20240612_20250616_02_T1.tif,3.253712,17.77
GAO20240611t192314p0000-B,https://api.carbonmapper.org/api/v1/catalog/asset/l3a-vis-ch4-mf-v002/2024/06/11/GAO20240611t192314p0000-B/GAO20240611t192314p0000-B_l3a-vis-ch4-mf-v002_plume.tif,https://api.carbonmapper.org/api/v1/catalog/asset/l3a-ime-ch4-mf-v1/2024/06/11/GAO20240611t192314p0000-B/GAO20240611t192314p0000-B_l3a-ime-ch4-mf-v1_ime-cmf-concentrations.tif,/data2/yuyao/methane_emission/data/raw_data_dir/S2B_MSIL2A_20240611T182919_N0510_R027_T11SLU_20240611T221421.SAFE,/data2/yuyao/methane_emission/carbonmapper_data_l89_l2sp/GAO20240611t192314p0000-B/l8_LC08_L2SP_041036_20240612_20250616_02_T1.tif,3.253712,17.77
GAO20240611t192314p0000-D,https://api.carbonmapper.org/api/v1/catalog/asset/l3a-vis-ch4-mf-v002/2024/06/11/GAO20240611t192314p0000-D/GAO20240611t192314p0000-D_l3a-vis-ch4-mf-v002_plume.tif,https://api.carbonmapper.org/api/v1/catalog/asset/l3a-ime-ch4-mf-v1/2024/06/11/GAO20240611t192314p0000-D/GAO20240611t192314p0000-D_l3a-ime-ch4-mf-v1_ime-cmf-concentrations.tif,/data2/yuyao/methane_emission/data/raw_data_dir/S2B_MSIL2A_20240611T182919_N0510_R027_T11SLU_20240611T221421.SAFE,/data2/yuyao/methane_emission/carbonmapper_data_l89_l2sp/GAO20240611t192314p0000-D/l8_LC08_L2SP_041036_20240612_20250616_02_T1.tif,3.253712,17.77
GAO20240611t192314p0000-F,https://api.carbonmapper.org/api/v1/catalog/asset/l3a-vis-ch4-mf-v002/2024/06/11/GAO20240611t192314p0000-F/GAO20240611t192314p0000-F_l3a-vis-ch4-mf-v002_plume.tif,https://api.carbonmapper.org/api/v1/catalog/asset/l3a-ime-ch4-mf-v1/2024/06/11/GAO20240611t192314p0000-F/GAO20240611t192314p0000-F_l3a-ime-ch4-mf-v1_ime-cmf-concentrations.tif,/data2/yuyao/methane_emission/data/raw_data_dir/S2B_MSIL2A_20240611T182919_N0510_R027_T11SLU_20240611T221421.SAFE,/data2/yuyao/methane_emission/carbonmapper_data_l89_l2sp/GAO20240611t192314p0000-F/l8_LC08_L2SP_041036_20240612_20250616_02_T1.tif,3.253712,17.77
GAO20240611t192314p0000-H,https://api.carbonmapper.org/api/v1/catalog/asset/l3a-vis-ch4-mf-v002/2024/06/11/GAO20240611t192314p0000-H/GAO20240611t192314p0000-H_l3a-vis-ch4-mf-v002_plume.tif,https://api.carbonmapper.org/api/v1/catalog/asset/l3a-ime-ch4-mf-v1/2024/06/11/GAO20240611t192314p0000-H/GAO20240611t192314p0000-H_l3a-ime-ch4-mf-v1_ime-cmf-concentrations.tif,/data2/yuyao/methane_emission/data/raw_data_dir/S2B_MSIL2A_20240611T182919_N0510_R027_T11SLU_20240611T221421.SAFE,/data2/yuyao/methane_emission/carbonmapper_data_l89_l2sp/GAO20240611t192314p0000-H/l8_LC08_L2SP_041036_20240612_20250616_02_T1.tif,3.253712,17.77
GAO20240611t192759p0000-A,https://api.carbonmapper.org/api/v1/catalog/asset/l3a-vis-ch4-mf-v002/2024/06/11/GAO20240611t192759p0000-A/GAO20240611t192759p0000-A_l3a-vis-ch4-mf-v002_plume.tif,https://api.carbonmapper.org/api/v1/catalog/asset/l3a-ime-ch4-mf-v1/2024/06/11/GAO20240611t192759p0000-A/GAO20240611t192759p0000-A_l3a-ime-ch4-mf-v1_ime-cmf-concentrations.tif,/data2/yuyao/methane_emission/data/raw_data_dir/S2B_MSIL2A_20240611T182919_N0510_R027_T11SLU_20240611T221421.SAFE,/data2/yuyao/methane_emission/carbonmapper_data_l89_l2sp/GAO20240611t192759p0000-A/l8_LC08_L2SP_041036_20240612_20250616_02_T1.tif,3.253712,17.77
GAO20240611t192759p0000-B,https://api.carbonmapper.org/api/v1/catalog/asset/l3a-vis-ch4-mf-v002/2024/06/11/GAO20240611t192759p0000-B/GAO20240611t192759p0000-B_l3a-vis-ch4-mf-v002_plume.tif,https://api.carbonmapper.org/api/v1/catalog/asset/l3a-ime-ch4-mf-v1/2024/06/11/GAO20240611t192759p0000-B/GAO20240611t192759p0000-B_l3a-ime-ch4-mf-v1_ime-cmf-concentrations.tif,/data2/yuyao/methane_emission/data/raw_data_dir/S2B_MSIL2A_20240611T182919_N0510_R027_T11SLT_20240611T221421.SAFE,/data2/yuyao/methane_emission/carbonmapper_data_l89_l2sp/GAO20240611t192759p0000-B/l8_LC08_L2SP_041036_20240612_20250616_02_T1.tif,77.560312,17.77
GAO20240611t192759p0000-C,https://api.carbonmapper.org/api/v1/catalog/asset/l3a-vis-ch4-mf-v002/2024/06/11/GAO20240611t192759p0000-C/GAO20240611t192759p0000-C_l3a-vis-ch4-mf-v002_plume.tif,https://api.carbonmapper.org/api/v1/catalog/asset/l3a-ime-ch4-mf-v1/2024/06/11/GAO20240611t192759p0000-C/GAO20240611t192759p0000-C_l3a-ime-ch4-mf-v1_ime-cmf-concentrations.tif,/data2/yuyao/methane_emission/data/raw_data_dir/S2B_MSIL2A_20240611T182919_N0510_R027_T11SLU_20240611T221421.SAFE,/data2/yuyao/methane_emission/carbonmapper_data_l89_l2sp/GAO20240611t192759p0000-C/l8_LC08_L2SP_041036_20240612_20250616_02_T1.tif,3.253712,17.77
GAO20240611t192759p0000-E,https://api.carbonmapper.org/api/v1/catalog/asset/l3a-vis-ch4-mf-v002/2024/06/11/GAO20240611t192759p0000-E/GAO20240611t192759p0000-E_l3a-vis-ch4-mf-v002_plume.tif,https://api.carbonmapper.org/api/v1/catalog/asset/l3a-ime-ch4-mf-v1/2024/06/11/GAO20240611t192759p0000-E/GAO20240611t192759p0000-E_l3a-ime-ch4-mf-v1_ime-cmf-concentrations.tif,/data2/yuyao/methane_emission/data/raw_data_dir/S2B_MSIL2A_20240611T182919_N0510_R027_T11SLT_20240611T221421.SAFE,/data2/yuyao/methane_emission/carbonmapper_data_l89_l2sp/GAO20240611t192759p0000-E/l8_LC08_L2SP_041036_20240612_20250616_02_T1.tif,77.560312,17.77
GAO20240611t192759p0000-F,https://api.carbonmapper.org/api/v1/catalog/asset/l3a-vis-ch4-mf-v002/2024/06/11/GAO20240611t192759p0000-F/GAO20240611t192759p0000-F_l3a-vis-ch4-mf-v002_plume.tif,https://api.carbonmapper.org/api/v1/catalog/asset/l3a-ime-ch4-mf-v1/2024/06/11/GAO20240611t192759p0000-F/GAO20240611t192759p0000-F_l3a-ime-ch4-mf-v1_ime-cmf-concentrations.tif,/data2/yuyao/methane_emission/data/raw_data_dir/S2B_MSIL2A_20240611T182919_N0510_R027_T11SLU_20240611T221421.SAFE,/data2/yuyao/methane_emission/carbonmapper_data_l89_l2sp/GAO20240611t192759p0000-F/l8_LC08_L2SP_041036_20240612_20250616_02_T1.tif,3.253712,17.77
GAO20240611t192759p0000-G,https://api.carbonmapper.org/api/v1/catalog/asset/l3a-vis-ch4-mf-v002/2024/06/11/GAO20240611t192759p0000-G/GAO20240611t192759p0000-G_l3a-vis-ch4-mf-v002_plume.tif,https://api.carbonmapper.org/api/v1/catalog/asset/l3a-ime-ch4-mf-v1/2024/06/11/GAO20240611t192759p0000-G/GAO20240611t192759p0000-G_l3a-ime-ch4-mf-v1_ime-cmf-concentrations.tif,/data2/yuyao/methane_emission/data/raw_data_dir/S2B_MSIL2A_20240611T182919_N0510_R027_T11SLT_20240611T221421.SAFE,/data2/yuyao/methane_emission/carbonmapper_data_l89_l2sp/GAO20240611t192759p0000-G/l8_LC08_L2SP_041036_20240612_20250616_02_T1.tif,77.560312,17.77
GAO20240611t192759p0000-H,https://api.carbonmapper.org/api/v1/catalog/asset/l3a-vis-ch4-mf-v002/2024/06/11/GAO20240611t192759p0000-H/GAO20240611t192759p0000-H_l3a-vis-ch4-mf-v002_plume.tif,https://api.carbonmapper.org/api/v1/catalog/asset/l3a-ime-ch4-mf-v1/2024/06/11/GAO20240611t192759p0000-H/GAO20240611t192759p0000-H_l3a-ime-ch4-mf-v1_ime-cmf-concentrations.tif,/data2/yuyao/methane_emission/data/raw_data_dir/S2B_MSIL2A_20240611T182919_N0510_R027_T11SLT_20240611T221421.SAFE,/data2/yuyao/methane_emission/carbonmapper_data_l89_l2sp/GAO20240611t192759p0000-H/l8_LC08_L2SP_041036_20240612_20250616_02_T1.tif,77.560312,17.77
GAO20240611t192759p0000-I,https://api.carbonmapper.org/api/v1/catalog/asset/l3a-vis-ch4-mf-v002/2024/06/11/GAO20240611t192759p0000-I/GAO20240611t192759p0000-I_l3a-vis-ch4-mf-v002_plume.tif,https://api.carbonmapper.org/api/v1/catalog/asset/l3a-ime-ch4-mf-v1/2024/06/11/GAO20240611t192759p0000-I/GAO20240611t192759p0000-I_l3a-ime-ch4-mf-v1_ime-cmf-concentrations.tif,/data2/yuyao/methane_emission/data/raw_data_dir/S2B_MSIL2A_20240611T182919_N0510_R027_T11SLT_20240611T221421.SAFE,/data2/yuyao/methane_emission/carbonmapper_data_l89_l2sp/GAO20240611t192759p0000-I/l8_LC08_L2SP_041036_20240612_20250616_02_T1.tif,77.560312,17.77
GAO20240611t193749p0000-C,https://api.carbonmapper.org/api/v1/catalog/asset/l3a-vis-ch4-mf-v002/2024/06/11/GAO20240611t193749p0000-C/GAO20240611t193749p0000-C_l3a-vis-ch4-mf-v002_plume.tif,https://api.carbonmapper.org/api/v1/catalog/asset/l3a-ime-ch4-mf-v1/2024/06/11/GAO20240611t193749p0000-C/GAO20240611t193749p0000-C_l3a-ime-ch4-mf-v1_ime-cmf-concentrations.tif,/data2/yuyao/methane_emission/data/raw_data_dir/S2B_MSIL2A_20240611T182919_N0510_R027_T11SLT_20240611T221421.SAFE,/data2/yuyao/methane_emission/carbonmapper_data_l89_l2sp/GAO20240611t193749p0000-C/l8_LC08_L2SP_041036_20240612_20250616_02_T1.tif,77.560312,17.77
GAO20240611t193749p0000-D,https://api.carbonmapper.org/api/v1/catalog/asset/l3a-vis-ch4-mf-v002/2024/06/11/GAO20240611t193749p0000-D/GAO20240611t193749p0000-D_l3a-vis-ch4-mf-v002_plume.tif,https://api.carbonmapper.org/api/v1/catalog/asset/l3a-ime-ch4-mf-v1/2024/06/11/GAO20240611t193749p0000-D/GAO20240611t193749p0000-D_l3a-ime-ch4-mf-v1_ime-cmf-concentrations.tif,/data2/yuyao/methane_emission/data/raw_data_dir/S2B_MSIL2A_20240611T182919_N0510_R027_T11SLU_20240611T221421.SAFE,/data2/yuyao/methane_emission/carbonmapper_data_l89_l2sp/GAO20240611t193749p0000-D/l8_LC08_L2SP_041036_20240612_20250616_02_T1.tif,3.253712,17.77
GAO20240611t193749p0000-H,https://api.carbonmapper.org/api/v1/catalog/asset/l3a-vis-ch4-mf-v002/2024/06/11/GAO20240611t193749p0000-H/GAO20240611t193749p0000-H_l3a-vis-ch4-mf-v002_plume.tif,https://api.carbonmapper.org/api/v1/catalog/asset/l3a-ime-ch4-mf-v1/2024/06/11/GAO20240611t193749p0000-H/GAO20240611t193749p0000-H_l3a-ime-ch4-mf-v1_ime-cmf-concentrations.tif,/data2/yuyao/methane_emission/data/raw_data_dir/S2B_MSIL2A_20240611T182919_N0510_R027_T11SLU_20240611T221421.SAFE,/data2/yuyao/methane_emission/carbonmapper_data_l89_l2sp/GAO20240611t193749p0000-H/l8_LC08_L2SP_041036_20240612_20250616_02_T1.tif,3.253712,17.77
GAO20240611t193749p0000-I,https://api.carbonmapper.org/api/v1/catalog/asset/l3a-vis-ch4-mf-v002/2024/06/11/GAO20240611t193749p0000-I/GAO20240611t193749p0000-I_l3a-vis-ch4-mf-v002_plume.tif,https://api.carbonmapper.org/api/v1/catalog/asset/l3a-ime-ch4-mf-v1/2024/06/11/GAO20240611t193749p0000-I/GAO20240611t193749p0000-I_l3a-ime-ch4-mf-v1_ime-cmf-concentrations.tif,/data2/yuyao/methane_emission/data/raw_data_dir/S2B_MSIL2A_20240611T182919_N0510_R027_T11SLT_20240611T221421.SAFE,/data2/yuyao/methane_emission/carbonmapper_data_l89_l2sp/GAO20240611t193749p0000-I/l8_LC08_L2SP_041036_20240612_20250616_02_T1.tif,77.560312,17.77
GAO20240611t193749p0000-J,https://api.carbonmapper.org/api/v1/catalog/asset/l3a-vis-ch4-mf-v002/2024/06/11/GAO20240611t193749p0000-J/GAO20240611t193749p0000-J_l3a-vis-ch4-mf-v002_plume.tif,https://api.carbonmapper.org/api/v1/catalog/asset/l3a-ime-ch4-mf-v1/2024/06/11/GAO20240611t193749p0000-J/GAO20240611t193749p0000-J_l3a-ime-ch4-mf-v1_ime-cmf-concentrations.tif,/data2/yuyao/methane_emission/data/raw_data_dir/S2B_MSIL2A_20240611T182919_N0510_R027_T11SLT_20240611T221421.SAFE,/data2/yuyao/methane_emission/carbonmapper_data_l89_l2sp/GAO20240611t193749p0000-J/l8_LC08_L2SP_041036_20240612_20250616_02_T1.tif,77.560312,17.77
GAO20240611t194144p0000-A,https://api.carbonmapper.org/api/v1/catalog/asset/l3a-vis-ch4-mf-v002/2024/06/11/GAO20240611t194144p0000-A/GAO20240611t194144p0000-A_l3a-vis-ch4-mf-v002_plume.tif,https://api.carbonmapper.org/api/v1/catalog/asset/l3a-ime-ch4-mf-v1/2024/06/11/GAO20240611t194144p0000-A/GAO20240611t194144p0000-A_l3a-ime-ch4-mf-v1_ime-cmf-concentrations.tif,/data2/yuyao/methane_emission/data/raw_data_dir/S2B_MSIL2A_20240611T182919_N0510_R027_T11SLU_20240611T221421.SAFE,/data2/yuyao/methane_emission/carbonmapper_data_l89_l2sp/GAO20240611t194144p0000-A/l8_LC08_L2SP_041036_20240612_20250616_02_T1.tif,3.253712,17.77
GAO20240611t194144p0000-B,https://api.carbonmapper.org/api/v1/catalog/asset/l3a-vis-ch4-mf-v002/2024/06/11/GAO20240611t194144p0000-B/GAO20240611t194144p0000-B_l3a-vis-ch4-mf-v002_plume.tif,https://api.carbonmapper.org/api/v1/catalog/asset/l3a-ime-ch4-mf-v1/2024/06/11/GAO20240611t194144p0000-B/GAO20240611t194144p0000-B_l3a-ime-ch4-mf-v1_ime-cmf-concentrations.tif,/data2/yuyao/methane_emission/data/raw_data_dir/S2B_MSIL2A_20240611T182919_N0510_R027_T11SLU_20240611T221421.SAFE,/data2/yuyao/methane_emission/carbonmapper_data_l89_l2sp/GAO20240611t194144p0000-B/l8_LC08_L2SP_041036_20240612_20250616_02_T1.tif,3.253712,17.77
GAO20240611t194144p0000-C,https://api.carbonmapper.org/api/v1/catalog/asset/l3a-vis-ch4-mf-v002/2024/06/11/GAO20240611t194144p0000-C/GAO20240611t194144p0000-C_l3a-vis-ch4-mf-v002_plume.tif,https://api.carbonmapper.org/api/v1/catalog/asset/l3a-ime-ch4-mf-v1/2024/06/11/GAO20240611t194144p0000-C/GAO20240611t194144p0000-C_l3a-ime-ch4-mf-v1_ime-cmf-concentrations.tif,/data2/yuyao/methane_emission/data/raw_data_dir/S2B_MSIL2A_20240611T182919_N0510_R027_T11SLU_20240611T221421.SAFE,/data2/yuyao/methane_emission/carbonmapper_data_l89_l2sp/GAO20240611t194144p0000-C/l8_LC08_L2SP_041036_20240612_20250616_02_T1.tif,3.253712,17.77
GAO20240611t194144p0000-D,https://api.carbonmapper.org/api/v1/catalog/asset/l3a-vis-ch4-mf-v002/2024/06/11/GAO20240611t194144p0000-D/GAO20240611t194144p0000-D_l3a-vis-ch4-mf-v002_plume.tif,https://api.carbonmapper.org/api/v1/catalog/asset/l3a-ime-ch4-mf-v1/2024/06/11/GAO20240611t194144p0000-D/GAO20240611t194144p0000-D_l3a-ime-ch4-mf-v1_ime-cmf-concentrations.tif,/data2/yuyao/methane_emission/data/raw_data_dir/S2B_MSIL2A_20240611T182919_N0510_R027_T11SLU_20240611T221421.SAFE,/data2/yuyao/methane_emission/carbonmapper_data_l89_l2sp/GAO20240611t194144p0000-D/l8_LC08_L2SP_041036_20240612_20250616_02_T1.tif,3.253712,17.77
GAO20240611t194144p0000-E,https://api.carbonmapper.org/api/v1/catalog/asset/l3a-vis-ch4-mf-v002/2024/06/11/GAO20240611t194144p0000-E/GAO20240611t194144p0000-E_l3a-vis-ch4-mf-v002_plume.tif,https://api.carbonmapper.org/api/v1/catalog/asset/l3a-ime-ch4-mf-v1/2024/06/11/GAO20240611t194144p0000-E/GAO20240611t194144p0000-E_l3a-ime-ch4-mf-v1_ime-cmf-concentrations.tif,/data2/yuyao/methane_emission/data/raw_data_dir/S2B_MSIL2A_20240611T182919_N0510_R027_T11SLU_20240611T221421.SAFE,/data2/yuyao/methane_emission/carbonmapper_data_l89_l2sp/GAO20240611t194144p0000-E/l8_LC08_L2SP_041036_20240612_20250616_02_T1.tif,3.253712,17.77
GAO20240611t194144p0000-F,https://api.carbonmapper.org/api/v1/catalog/asset/l3a-vis-ch4-mf-v002/2024/06/11/GAO20240611t194144p0000-F/GAO20240611t194144p0000-F_l3a-vis-ch4-mf-v002_plume.tif,https://api.carbonmapper.org/api/v1/catalog/asset/l3a-ime-ch4-mf-v1/2024/06/11/GAO20240611t194144p0000-F/GAO20240611t194144p0000-F_l3a-ime-ch4-mf-v1_ime-cmf-concentrations.tif,/data2/yuyao/methane_emission/data/raw_data_dir/S2B_MSIL2A_20240611T182919_N0510_R027_T11SLU_20240611T221421.SAFE,/data2/yuyao/methane_emission/carbonmapper_data_l89_l2sp/GAO20240611t194144p0000-F/l8_LC08_L2SP_041036_20240612_20250616_02_T1.tif,3.253712,17.77
GAO20240611t194634p0000-A,https://api.carbonmapper.org/api/v1/catalog/asset/l3a-vis-ch4-mf-v002/2024/06/11/GAO20240611t194634p0000-A/GAO20240611t194634p0000-A_l3a-vis-ch4-mf-v002_plume.tif,https://api.carbonmapper.org/api/v1/catalog/asset/l3a-ime-ch4-mf-v1/2024/06/11/GAO20240611t194634p0000-A/GAO20240611t194634p0000-A_l3a-ime-ch4-mf-v1_ime-cmf-concentrations.tif,/data2/yuyao/methane_emission/data/raw_data_dir/S2B_MSIL2A_20240611T182919_N0510_R027_T11SLU_20240611T221421.SAFE,/data2/yuyao/methane_emission/carbonmapper_data_l89_l2sp/GAO20240611t194634p0000-A/l8_LC08_L2SP_041036_20240612_20250616_02_T1.tif,3.253712,17.77
GAO20240611t194634p0000-B,https://api.carbonmapper.org/api/v1/catalog/asset/l3a-vis-ch4-mf-v002/2024/06/11/GAO20240611t194634p0000-B/GAO20240611t194634p0000-B_l3a-vis-ch4-mf-v002_plume.tif,https://api.carbonmapper.org/api/v1/catalog/asset/l3a-ime-ch4-mf-v1/2024/06/11/GAO20240611t194634p0000-B/GAO20240611t194634p0000-B_l3a-ime-ch4-mf-v1_ime-cmf-concentrations.tif,/data2/yuyao/methane_emission/data/raw_data_dir/S2B_MSIL2A_20240611T182919_N0510_R027_T11SLT_20240611T221421.SAFE,/data2/yuyao/methane_emission/carbonmapper_data_l89_l2sp/GAO20240611t194634p0000-B/l8_LC08_L2SP_041036_20240612_20250616_02_T1.tif,77.560312,17.77
GAO20240611t194634p0000-D,https://api.carbonmapper.org/api/v1/catalog/asset/l3a-vis-ch4-mf-v002/2024/06/11/GAO20240611t194634p0000-D/GAO20240611t194634p0000-D_l3a-vis-ch4-mf-v002_plume.tif,https://api.carbonmapper.org/api/v1/catalog/asset/l3a-ime-ch4-mf-v1/2024/06/11/GAO20240611t194634p0000-D/GAO20240611t194634p0000-D_l3a-ime-ch4-mf-v1_ime-cmf-concentrations.tif,/data2/yuyao/methane_emission/data/raw_data_dir/S2B_MSIL2A_20240611T182919_N0510_R027_T11SLT_20240611T221421.SAFE,/data2/yuyao/methane_emission/carbonmapper_data_l89_l2sp/GAO20240611t194634p0000-D/l8_LC08_L2SP_041036_20240612_20250616_02_T1.tif,77.560312,17.77
GAO20240611t194634p0000-E,https://api.carbonmapper.org/api/v1/catalog/asset/l3a-vis-ch4-mf-v002/2024/06/11/GAO20240611t194634p0000-E/GAO20240611t194634p0000-E_l3a-vis-ch4-mf-v002_plume.tif,https://api.carbonmapper.org/api/v1/catalog/asset/l3a-ime-ch4-mf-v1/2024/06/11/GAO20240611t194634p0000-E/GAO20240611t194634p0000-E_l3a-ime-ch4-mf-v1_ime-cmf-concentrations.tif,/data2/yuyao/methane_emission/data/raw_data_dir/S2B_MSIL2A_20240611T182919_N0510_R027_T11SLT_20240611T221421.SAFE,/data2/yuyao/methane_emission/carbonmapper_data_l89_l2sp/GAO20240611t194634p0000-E/l8_LC08_L2SP_041036_20240612_20250616_02_T1.tif,77.560312,17.77
GAO20240611t194634p0000-F,https://api.carbonmapper.org/api/v1/catalog/asset/l3a-vis-ch4-mf-v002/2024/06/11/GAO20240611t194634p0000-F/GAO20240611t194634p0000-F_l3a-vis-ch4-mf-v002_plume.tif,https://api.carbonmapper.org/api/v1/catalog/asset/l3a-ime-ch4-mf-v1/2024/06/11/GAO20240611t194634p0000-F/GAO20240611t194634p0000-F_l3a-ime-ch4-mf-v1_ime-cmf-concentrations.tif,/data2/yuyao/methane_emission/data/raw_data_dir/S2B_MSIL2A_20240611T182919_N0510_R027_T11SLT_20240611T221421.SAFE,/data2/yuyao/methane_emission/carbonmapper_data_l89_l2sp/GAO20240611t194634p0000-F/l8_LC08_L2SP_041036_20240612_20250616_02_T1.tif,77.560312,17.77
GAO20240611t195436p0000-A,https://api.carbonmapper.org/api/v1/catalog/asset/l3a-vis-ch4-mf-v002/2024/06/11/GAO20240611t195436p0000-A/GAO20240611t195436p0000-A_l3a-vis-ch4-mf-v002_plume.tif,https://api.carbonmapper.org/api/v1/catalog/asset/l3a-ime-ch4-mf-v1/2024/06/11/GAO20240611t195436p0000-A/GAO20240611t195436p0000-A_l3a-ime-ch4-mf-v1_ime-cmf-concentrations.tif,/data2/yuyao/methane_emission/data/raw_data_dir/S2B_MSIL2A_20240611T182919_N0510_R027_T11SLU_20240611T221421.SAFE,/data2/yuyao/methane_emission/carbonmapper_data_l89_l2sp/GAO20240611t195436p0000-A/l8_LC08_L2SP_041036_20240612_20250616_02_T1.tif,3.253712,17.77
GAO20240611t195436p0000-B,https://api.carbonmapper.org/api/v1/catalog/asset/l3a-vis-ch4-mf-v002/2024/06/11/GAO20240611t195436p0000-B/GAO20240611t195436p0000-B_l3a-vis-ch4-mf-v002_plume.tif,https://api.carbonmapper.org/api/v1/catalog/asset/l3a-ime-ch4-mf-v1/2024/06/11/GAO20240611t195436p0000-B/GAO20240611t195436p0000-B_l3a-ime-ch4-mf-v1_ime-cmf-concentrations.tif,/data2/yuyao/methane_emission/data/raw_data_dir/S2B_MSIL2A_20240611T182919_N0510_R027_T11SLT_20240611T221421.SAFE,/data2/yuyao/methane_emission/carbonmapper_data_l89_l2sp/GAO20240611t195436p0000-B/l8_LC08_L2SP_041036_20240612_20250616_02_T1.tif,77.560312,17.77
GAO20240611t195436p0000-C,https://api.carbonmapper.org/api/v1/catalog/asset/l3a-vis-ch4-mf-v002/2024/06/11/GAO20240611t195436p0000-C/GAO20240611t195436p0000-C_l3a-vis-ch4-mf-v002_plume.tif,https://api.carbonmapper.org/api/v1/catalog/asset/l3a-ime-ch4-mf-v1/2024/06/11/GAO20240611t195436p0000-C/GAO20240611t195436p0000-C_l3a-ime-ch4-mf-v1_ime-cmf-concentrations.tif,/data2/yuyao/methane_emission/data/raw_data_dir/S2B_MSIL2A_20240611T182919_N0510_R027_T11SLU_20240611T221421.SAFE,/data2/yuyao/methane_emission/carbonmapper_data_l89_l2sp/GAO20240611t195436p0000-C/l8_LC08_L2SP_041036_20240612_20250616_02_T1.tif,3.253712,17.77
GAO20240611t195436p0000-D,https://api.carbonmapper.org/api/v1/catalog/asset/l3a-vis-ch4-mf-v002/2024/06/11/GAO20240611t195436p0000-D/GAO20240611t195436p0000-D_l3a-vis-ch4-mf-v002_plume.tif,https://api.carbonmapper.org/api/v1/catalog/asset/l3a-ime-ch4-mf-v1/2024/06/11/GAO20240611t195436p0000-D/GAO20240611t195436p0000-D_l3a-ime-ch4-mf-v1_ime-cmf-concentrations.tif,/data2/yuyao/methane_emission/data/raw_data_dir/S2B_MSIL2A_20240611T182919_N0510_R027_T11SLT_20240611T221421.SAFE,/data2/yuyao/methane_emission/carbonmapper_data_l89_l2sp/GAO20240611t195436p0000-D/l8_LC08_L2SP_041036_20240612_20250616_02_T1.tif,77.560312,17.77
GAO20240611t195436p0000-F,https://api.carbonmapper.org/api/v1/catalog/asset/l3a-vis-ch4-mf-v002/2024/06/11/GAO20240611t195436p0000-F/GAO20240611t195436p0000-F_l3a-vis-ch4-mf-v002_plume.tif,https://api.carbonmapper.org/api/v1/catalog/asset/l3a-ime-ch4-mf-v1/2024/06/11/GAO20240611t195436p0000-F/GAO20240611t195436p0000-F_l3a-ime-ch4-mf-v1_ime-cmf-concentrations.tif,/data2/yuyao/methane_emission/data/raw_data_dir/S2B_MSIL2A_20240611T182919_N0510_R027_T11SLT_20240611T221421.SAFE,/data2/yuyao/methane_emission/carbonmapper_data_l89_l2sp/GAO20240611t195436p0000-F/l8_LC08_L2SP_041036_20240612_20250616_02_T1.tif,77.560312,17.77
GAO20240611t200050p0000-A,https://api.carbonmapper.org/api/v1/catalog/asset/l3a-vis-ch4-mf-v002/2024/06/11/GAO20240611t200050p0000-A/GAO20240611t200050p0000-A_l3a-vis-ch4-mf-v002_plume.tif,https://api.carbonmapper.org/api/v1/catalog/asset/l3a-ime-ch4-mf-v1/2024/06/11/GAO20240611t200050p0000-A/GAO20240611t200050p0000-A_l3a-ime-ch4-mf-v1_ime-cmf-concentrations.tif,/data2/yuyao/methane_emission/data/raw_data_dir/S2B_MSIL2A_20240611T182919_N0510_R027_T11SLU_20240611T221421.SAFE,/data2/yuyao/methane_emission/carbonmapper_data_l89_l2sp/GAO20240611t200050p0000-A/l8_LC09_L2SP_042036_20240611_20240612_02_T1.tif,3.253712,47.86
GAO20240611t200050p0000-A,https://api.carbonmapper.org/api/v1/catalog/asset/l3a-vis-ch4-mf-v002/2024/06/11/GAO20240611t200050p0000-A/GAO20240611t200050p0000-A_l3a-vis-ch4-mf-v002_plume.tif,https://api.carbonmapper.org/api/v1/catalog/asset/l3a-ime-ch4-mf-v1/2024/06/11/GAO20240611t200050p0000-A/GAO20240611t200050p0000-A_l3a-ime-ch4-mf-v1_ime-cmf-concentrations.tif,/data2/yuyao/methane_emission/data/raw_data_dir/S2B_MSIL2A_20240611T182919_N0510_R027_T11SLU_20240611T221421.SAFE,/data2/yuyao/methane_emission/carbonmapper_data_l89_l2sp/GAO20240611t200050p0000-A/l8_LC08_L2SP_041036_20240612_20250616_02_T1.tif,3.253712,17.77
GAO20240611t200050p0000-B,https://api.carbonmapper.org/api/v1/catalog/asset/l3a-vis-ch4-mf-v002/2024/06/11/GAO20240611t200050p0000-B/GAO20240611t200050p0000-B_l3a-vis-ch4-mf-v002_plume.tif,https://api.carbonmapper.org/api/v1/catalog/asset/l3a-ime-ch4-mf-v1/2024/06/11/GAO20240611t200050p0000-B/GAO20240611t200050p0000-B_l3a-ime-ch4-mf-v1_ime-cmf-concentrations.tif,/data2/yuyao/methane_emission/data/raw_data_dir/S2B_MSIL2A_20240611T182919_N0510_R027_T11SLU_20240611T221421.SAFE,/data2/yuyao/methane_emission/carbonmapper_data_l89_l2sp/GAO20240611t200050p0000-B/l8_LC09_L2SP_042036_20240611_20240612_02_T1.tif,3.253712,47.86
GAO20240611t200050p0000-B,https://api.carbonmapper.org/api/v1/catalog/asset/l3a-vis-ch4-mf-v002/2024/06/11/GAO20240611t200050p0000-B/GAO20240611t200050p0000-B_l3a-vis-ch4-mf-v002_plume.tif,https://api.carbonmapper.org/api/v1/catalog/asset/l3a-ime-ch4-mf-v1/2024/06/11/GAO20240611t200050p0000-B/GAO20240611t200050p0000-B_l3a-ime-ch4-mf-v1_ime-cmf-concentrations.tif,/data2/yuyao/methane_emission/data/raw_data_dir/S2B_MSIL2A_20240611T182919_N0510_R027_T11SLU_20240611T221421.SAFE,/data2/yuyao/methane_emission/carbonmapper_data_l89_l2sp/GAO20240611t200050p0000-B/l8_LC08_L2SP_041036_20240612_20250616_02_T1.tif,3.253712,17.77
GAO20240611t200050p0000-C,https://api.carbonmapper.org/api/v1/catalog/asset/l3a-vis-ch4-mf-v002/2024/06/11/GAO20240611t200050p0000-C/GAO20240611t200050p0000-C_l3a-vis-ch4-mf-v002_plume.tif,https://api.carbonmapper.org/api/v1/catalog/asset/l3a-ime-ch4-mf-v1/2024/06/11/GAO20240611t200050p0000-C/GAO20240611t200050p0000-C_l3a-ime-ch4-mf-v1_ime-cmf-concentrations.tif,/data2/yuyao/methane_emission/data/raw_data_dir/S2B_MSIL2A_20240611T182919_N0510_R027_T11SLU_20240611T221421.SAFE,/data2/yuyao/methane_emission/carbonmapper_data_l89_l2sp/GAO20240611t200050p0000-C/l8_LC09_L2SP_042036_20240611_20240612_02_T1.tif,3.253712,47.86
GAO20240611t200050p0000-C,https://api.carbonmapper.org/api/v1/catalog/asset/l3a-vis-ch4-mf-v002/2024/06/11/GAO20240611t200050p0000-C/GAO20240611t200050p0000-C_l3a-vis-ch4-mf-v002_plume.tif,https://api.carbonmapper.org/api/v1/catalog/asset/l3a-ime-ch4-mf-v1/2024/06/11/GAO20240611t200050p0000-C/GAO20240611t200050p0000-C_l3a-ime-ch4-mf-v1_ime-cmf-concentrations.tif,/data2/yuyao/methane_emission/data/raw_data_dir/S2B_MSIL2A_20240611T182919_N0510_R027_T11SLU_20240611T221421.SAFE,/data2/yuyao/methane_emission/carbonmapper_data_l89_l2sp/GAO20240611t200050p0000-C/l8_LC08_L2SP_041036_20240612_20250616_02_T1.tif,3.253712,17.77
GAO20240611t200739p0000-A,https://api.carbonmapper.org/api/v1/catalog/asset/l3a-vis-ch4-mf-v002/2024/06/11/GAO20240611t200739p0000-A/GAO20240611t200739p0000-A_l3a-vis-ch4-mf-v002_plume.tif,https://api.carbonmapper.org/api/v1/catalog/asset/l3a-ime-ch4-mf-v1/2024/06/11/GAO20240611t200739p0000-A/GAO20240611t200739p0000-A_l3a-ime-ch4-mf-v1_ime-cmf-concentrations.tif,/data2/yuyao/methane_emission/data/raw_data_dir/S2B_MSIL2A_20240611T182919_N0510_R027_T11SLU_20240611T221421.SAFE,/data2/yuyao/methane_emission/carbonmapper_data_l89_l2sp/GAO20240611t200739p0000-A/l8_LC08_L2SP_041036_20240612_20250616_02_T1.tif,3.253712,17.77
GAO20240611t200739p0000-C,https://api.carbonmapper.org/api/v1/catalog/asset/l3a-vis-ch4-mf-v002/2024/06/11/GAO20240611t200739p0000-C/GAO20240611t200739p0000-C_l3a-vis-ch4-mf-v002_plume.tif,https://api.carbonmapper.org/api/v1/catalog/asset/l3a-ime-ch4-mf-v1/2024/06/11/GAO20240611t200739p0000-C/GAO20240611t200739p0000-C_l3a-ime-ch4-mf-v1_ime-cmf-concentrations.tif,/data2/yuyao/methane_emission/data/raw_data_dir/S2B_MSIL2A_20240611T182919_N0510_R027_T11SLU_20240611T221421.SAFE,/data2/yuyao/methane_emission/carbonmapper_data_l89_l2sp/GAO20240611t200739p0000-C/l8_LC08_L2SP_041036_20240612_20250616_02_T1.tif,3.253712,17.77
GAO20240611t200739p0000-D,https://api.carbonmapper.org/api/v1/catalog/asset/l3a-vis-ch4-mf-v002/2024/06/11/GAO20240611t200739p0000-D/GAO20240611t200739p0000-D_l3a-vis-ch4-mf-v002_plume.tif,https://api.carbonmapper.org/api/v1/catalog/asset/l3a-ime-ch4-mf-v1/2024/06/11/GAO20240611t200739p0000-D/GAO20240611t200739p0000-D_l3a-ime-ch4-mf-v1_ime-cmf-concentrations.tif,/data2/yuyao/methane_emission/data/raw_data_dir/S2B_MSIL2A_20240611T182919_N0510_R027_T11SLU_20240611T221421.SAFE,/data2/yuyao/methane_emission/carbonmapper_data_l89_l2sp/GAO20240611t200739p0000-D/l8_LC08_L2SP_041036_20240612_20250616_02_T1.tif,3.253712,17.77
GAO20240611t200739p0000-E,https://api.carbonmapper.org/api/v1/catalog/asset/l3a-vis-ch4-mf-v002/2024/06/11/GAO20240611t200739p0000-E/GAO20240611t200739p0000-E_l3a-vis-ch4-mf-v002_plume.tif,https://api.carbonmapper.org/api/v1/catalog/asset/l3a-ime-ch4-mf-v1/2024/06/11/GAO20240611t200739p0000-E/GAO20240611t200739p0000-E_l3a-ime-ch4-mf-v1_ime-cmf-concentrations.tif,/data2/yuyao/methane_emission/data/raw_data_dir/S2B_MSIL2A_20240611T182919_N0510_R027_T11SLU_20240611T221421.SAFE,/data2/yuyao/methane_emission/carbonmapper_data_l89_l2sp/GAO20240611t200739p0000-E/l8_LC08_L2SP_041036_20240612_20250616_02_T1.tif,3.253712,17.77
GAO20240611t201214p0000-A,https://api.carbonmapper.org/api/v1/catalog/asset/l3a-vis-ch4-mf-v002/2024/06/11/GAO20240611t201214p0000-A/GAO20240611t201214p0000-A_l3a-vis-ch4-mf-v002_plume.tif,https://api.carbonmapper.org/api/v1/catalog/asset/l3a-ime-ch4-mf-v1/2024/06/11/GAO20240611t201214p0000-A/GAO20240611t201214p0000-A_l3a-ime-ch4-mf-v1_ime-cmf-concentrations.tif,/data2/yuyao/methane_emission/data/raw_data_dir/S2B_MSIL2A_20240611T182919_N0510_R027_T11SLU_20240611T221421.SAFE,/data2/yuyao/methane_emission/carbonmapper_data_l89_l2sp/GAO20240611t201214p0000-A/l8_LC08_L2SP_041036_20240612_20250616_02_T1.tif,3.253712,17.77
GAO20240611t201214p0000-D,https://api.carbonmapper.org/api/v1/catalog/asset/l3a-vis-ch4-mf-v002/2024/06/11/GAO20240611t201214p0000-D/GAO20240611t201214p0000-D_l3a-vis-ch4-mf-v002_plume.tif,https://api.carbonmapper.org/api/v1/catalog/asset/l3a-ime-ch4-mf-v1/2024/06/11/GAO20240611t201214p0000-D/GAO20240611t201214p0000-D_l3a-ime-ch4-mf-v1_ime-cmf-concentrations.tif,/data2/yuyao/methane_emission/data/raw_data_dir/S2B_MSIL2A_20240611T182919_N0510_R027_T11SLT_20240611T221421.SAFE,/data2/yuyao/methane_emission/carbonmapper_data_l89_l2sp/GAO20240611t201214p0000-D/l8_LC08_L2SP_041036_20240612_20250616_02_T1.tif,77.560312,17.77
GAO20240611t201214p0000-E,https://api.carbonmapper.org/api/v1/catalog/asset/l3a-vis-ch4-mf-v002/2024/06/11/GAO20240611t201214p0000-E/GAO20240611t201214p0000-E_l3a-vis-ch4-mf-v002_plume.tif,https://api.carbonmapper.org/api/v1/catalog/asset/l3a-ime-ch4-mf-v1/2024/06/11/GAO20240611t201214p0000-E/GAO20240611t201214p0000-E_l3a-ime-ch4-mf-v1_ime-cmf-concentrations.tif,/data2/yuyao/methane_emission/data/raw_data_dir/S2B_MSIL2A_20240611T182919_N0510_R027_T11SLT_20240611T221421.SAFE,/data2/yuyao/methane_emission/carbonmapper_data_l89_l2sp/GAO20240611t201214p0000-E/l8_LC08_L2SP_041036_20240612_20250616_02_T1.tif,77.560312,17.77
GAO20240611t201214p0000-F,https://api.carbonmapper.org/api/v1/catalog/asset/l3a-vis-ch4-mf-v002/2024/06/11/GAO20240611t201214p0000-F/GAO20240611t201214p0000-F_l3a-vis-ch4-mf-v002_plume.tif,https://api.carbonmapper.org/api/v1/catalog/asset/l3a-ime-ch4-mf-v1/2024/06/11/GAO20240611t201214p0000-F/GAO20240611t201214p0000-F_l3a-ime-ch4-mf-v1_ime-cmf-concentrations.tif,/data2/yuyao/methane_emission/data/raw_data_dir/S2B_MSIL2A_20240611T182919_N0510_R027_T11SLT_20240611T221421.SAFE,/data2/yuyao/methane_emission/carbonmapper_data_l89_l2sp/GAO20240611t201214p0000-F/l8_LC08_L2SP_041036_20240612_20250616_02_T1.tif,77.560312,17.77
GAO20240611t201214p0000-G,https://api.carbonmapper.org/api/v1/catalog/asset/l3a-vis-ch4-mf-v002/2024/06/11/GAO20240611t201214p0000-G/GAO20240611t201214p0000-G_l3a-vis-ch4-mf-v002_plume.tif,https://api.carbonmapper.org/api/v1/catalog/asset/l3a-ime-ch4-mf-v1/2024/06/11/GAO20240611t201214p0000-G/GAO20240611t201214p0000-G_l3a-ime-ch4-mf-v1_ime-cmf-concentrations.tif,/data2/yuyao/methane_emission/data/raw_data_dir/S2B_MSIL2A_20240611T182919_N0510_R027_T11SLT_20240611T221421.SAFE,/data2/yuyao/methane_emission/carbonmapper_data_l89_l2sp/GAO20240611t201214p0000-G/l8_LC08_L2SP_041036_20240612_20250616_02_T1.tif,77.560312,17.77
GAO20240611t201214p0000-I,https://api.carbonmapper.org/api/v1/catalog/asset/l3a-vis-ch4-mf-v002/2024/06/11/GAO20240611t201214p0000-I/GAO20240611t201214p0000-I_l3a-vis-ch4-mf-v002_plume.tif,https://api.carbonmapper.org/api/v1/catalog/asset/l3a-ime-ch4-mf-v1/2024/06/11/GAO20240611t201214p0000-I/GAO20240611t201214p0000-I_l3a-ime-ch4-mf-v1_ime-cmf-concentrations.tif,/data2/yuyao/methane_emission/data/raw_data_dir/S2B_MSIL2A_20240611T182919_N0510_R027_T11SLT_20240611T221421.SAFE,/data2/yuyao/methane_emission/carbonmapper_data_l89_l2sp/GAO20240611t201214p0000-I/l8_LC08_L2SP_041036_20240612_20250616_02_T1.tif,77.560312,17.77
GAO20240611t201214p0000-J,https://api.carbonmapper.org/api/v1/catalog/asset/l3a-vis-ch4-mf-v002/2024/06/11/GAO20240611t201214p0000-J/GAO20240611t201214p0000-J_l3a-vis-ch4-mf-v002_plume.tif,https://api.carbonmapper.org/api/v1/catalog/asset/l3a-ime-ch4-mf-v1/2024/06/11/GAO20240611t201214p0000-J/GAO20240611t201214p0000-J_l3a-ime-ch4-mf-v1_ime-cmf-concentrations.tif,/data2/yuyao/methane_emission/data/raw_data_dir/S2B_MSIL2A_20240611T182919_N0510_R027_T11SLT_20240611T221421.SAFE,/data2/yuyao/methane_emission/carbonmapper_data_l89_l2sp/GAO20240611t201214p0000-J/l8_LC08_L2SP_041036_20240612_20250616_02_T1.tif,77.560312,17.77
GAO20240611t202024p0000-A,https://api.carbonmapper.org/api/v1/catalog/asset/l3a-vis-ch4-mf-v002/2024/06/11/GAO20240611t202024p0000-A/GAO20240611t202024p0000-A_l3a-vis-ch4-mf-v002_plume.tif,https://api.carbonmapper.org/api/v1/catalog/asset/l3a-ime-ch4-mf-v1/2024/06/11/GAO20240611t202024p0000-A/GAO20240611t202024p0000-A_l3a-ime-ch4-mf-v1_ime-cmf-concentrations.tif,/data2/yuyao/methane_emission/data/raw_data_dir/S2B_MSIL2A_20240611T182919_N0510_R027_T11SLT_20240611T221421.SAFE,/data2/yuyao/methane_emission/carbonmapper_data_l89_l2sp/GAO20240611t202024p0000-A/l8_LC08_L2SP_041036_20240612_20250616_02_T1.tif,77.560312,17.77
GAO20240611t202024p0000-C,https://api.carbonmapper.org/api/v1/catalog/asset/l3a-vis-ch4-mf-v002/2024/06/11/GAO20240611t202024p0000-C/GAO20240611t202024p0000-C_l3a-vis-ch4-mf-v002_plume.tif,https://api.carbonmapper.org/api/v1/catalog/asset/l3a-ime-ch4-mf-v1/2024/06/11/GAO20240611t202024p0000-C/GAO20240611t202024p0000-C_l3a-ime-ch4-mf-v1_ime-cmf-concentrations.tif,/data2/yuyao/methane_emission/data/raw_data_dir/S2B_MSIL2A_20240611T182919_N0510_R027_T11SLT_20240611T221421.SAFE,/data2/yuyao/methane_emission/carbonmapper_data_l89_l2sp/GAO20240611t202024p0000-C/l8_LC08_L2SP_041036_20240612_20250616_02_T1.tif,77.560312,17.77
GAO20240611t202024p0000-E,https://api.carbonmapper.org/api/v1/catalog/asset/l3a-vis-ch4-mf-v002/2024/06/11/GAO20240611t202024p0000-E/GAO20240611t202024p0000-E_l3a-vis-ch4-mf-v002_plume.tif,https://api.carbonmapper.org/api/v1/catalog/asset/l3a-ime-ch4-mf-v1/2024/06/11/GAO20240611t202024p0000-E/GAO20240611t202024p0000-E_l3a-ime-ch4-mf-v1_ime-cmf-concentrations.tif,/data2/yuyao/methane_emission/data/raw_data_dir/S2B_MSIL2A_20240611T182919_N0510_R027_T11SLT_20240611T221421.SAFE,/data2/yuyao/methane_emission/carbonmapper_data_l89_l2sp/GAO20240611t202024p0000-E/l8_LC08_L2SP_041036_20240612_20250616_02_T1.tif,77.560312,17.77
GAO20240611t202024p0000-F,https://api.carbonmapper.org/api/v1/catalog/asset/l3a-vis-ch4-mf-v002/2024/06/11/GAO20240611t202024p0000-F/GAO20240611t202024p0000-F_l3a-vis-ch4-mf-v002_plume.tif,https://api.carbonmapper.org/api/v1/catalog/asset/l3a-ime-ch4-mf-v1/2024/06/11/GAO20240611t202024p0000-F/GAO20240611t202024p0000-F_l3a-ime-ch4-mf-v1_ime-cmf-concentrations.tif,/data2/yuyao/methane_emission/data/raw_data_dir/S2B_MSIL2A_20240611T182919_N0510_R027_T11SLU_20240611T221421.SAFE,/data2/yuyao/methane_emission/carbonmapper_data_l89_l2sp/GAO20240611t202024p0000-F/l8_LC08_L2SP_041036_20240612_20250616_02_T1.tif,3.253712,17.77
GAO20240611t202024p0000-G,https://api.carbonmapper.org/api/v1/catalog/asset/l3a-vis-ch4-mf-v002/2024/06/11/GAO20240611t202024p0000-G/GAO20240611t202024p0000-G_l3a-vis-ch4-mf-v002_plume.tif,https://api.carbonmapper.org/api/v1/catalog/asset/l3a-ime-ch4-mf-v1/2024/06/11/GAO20240611t202024p0000-G/GAO20240611t202024p0000-G_l3a-ime-ch4-mf-v1_ime-cmf-concentrations.tif,/data2/yuyao/methane_emission/data/raw_data_dir/S2B_MSIL2A_20240611T182919_N0510_R027_T11SLT_20240611T221421.SAFE,/data2/yuyao/methane_emission/carbonmapper_data_l89_l2sp/GAO20240611t202024p0000-G/l8_LC08_L2SP_041036_20240612_20250616_02_T1.tif,77.560312,17.77
GAO20240611t202024p0000-H,https://api.carbonmapper.org/api/v1/catalog/asset/l3a-vis-ch4-mf-v002/2024/06/11/GAO20240611t202024p0000-H/GAO20240611t202024p0000-H_l3a-vis-ch4-mf-v002_plume.tif,https://api.carbonmapper.org/api/v1/catalog/asset/l3a-ime-ch4-mf-v1/2024/06/11/GAO20240611t202024p0000-H/GAO20240611t202024p0000-H_l3a-ime-ch4-mf-v1_ime-cmf-concentrations.tif,/data2/yuyao/methane_emission/data/raw_data_dir/S2B_MSIL2A_20240611T182919_N0510_R027_T11SLT_20240611T221421.SAFE,/data2/yuyao/methane_emission/carbonmapper_data_l89_l2sp/GAO20240611t202024p0000-H/l8_LC08_L2SP_041036_20240612_20250616_02_T1.tif,77.560312,17.77
GAO20240611t202024p0000-I,https://api.carbonmapper.org/api/v1/catalog/asset/l3a-vis-ch4-mf-v002/2024/06/11/GAO20240611t202024p0000-I/GAO20240611t202024p0000-I_l3a-vis-ch4-mf-v002_plume.tif,https://api.carbonmapper.org/api/v1/catalog/asset/l3a-ime-ch4-mf-v1/2024/06/11/GAO20240611t202024p0000-I/GAO20240611t202024p0000-I_l3a-ime-ch4-mf-v1_ime-cmf-concentrations.tif,/data2/yuyao/methane_emission/data/raw_data_dir/S2B_MSIL2A_20240611T182919_N0510_R027_T11SLT_20240611T221421.SAFE,/data2/yuyao/methane_emission/carbonmapper_data_l89_l2sp/GAO20240611t202024p0000-I/l8_LC08_L2SP_041036_20240612_20250616_02_T1.tif,77.560312,17.77
GAO20240611t202619p0000-A,https://api.carbonmapper.org/api/v1/catalog/asset/l3a-vis-ch4-mf-v002/2024/06/11/GAO20240611t202619p0000-A/GAO20240611t202619p0000-A_l3a-vis-ch4-mf-v002_plume.tif,https://api.carbonmapper.org/api/v1/catalog/asset/l3a-ime-ch4-mf-v1/2024/06/11/GAO20240611t202619p0000-A/GAO20240611t202619p0000-A_l3a-ime-ch4-mf-v1_ime-cmf-concentrations.tif,/data2/yuyao/methane_emission/data/raw_data_dir/S2B_MSIL2A_20240611T182919_N0510_R027_T11SLU_20240611T221421.SAFE,/data2/yuyao/methane_emission/carbonmapper_data_l89_l2sp/GAO20240611t202619p0000-A/l8_LC09_L2SP_042036_20240611_20240612_02_T1.tif,3.253712,47.86
GAO20240611t202619p0000-A,https://api.carbonmapper.org/api/v1/catalog/asset/l3a-vis-ch4-mf-v002/2024/06/11/GAO20240611t202619p0000-A/GAO20240611t202619p0000-A_l3a-vis-ch4-mf-v002_plume.tif,https://api.carbonmapper.org/api/v1/catalog/asset/l3a-ime-ch4-mf-v1/2024/06/11/GAO20240611t202619p0000-A/GAO20240611t202619p0000-A_l3a-ime-ch4-mf-v1_ime-cmf-concentrations.tif,/data2/yuyao/methane_emission/data/raw_data_dir/S2B_MSIL2A_20240611T182919_N0510_R027_T11SLU_20240611T221421.SAFE,/data2/yuyao/methane_emission/carbonmapper_data_l89_l2sp/GAO20240611t202619p0000-A/l8_LC08_L2SP_041036_20240612_20250616_02_T1.tif,3.253712,17.77
GAO20240611t202619p0000-B,https://api.carbonmapper.org/api/v1/catalog/asset/l3a-vis-ch4-mf-v002/2024/06/11/GAO20240611t202619p0000-B/GAO20240611t202619p0000-B_l3a-vis-ch4-mf-v002_plume.tif,https://api.carbonmapper.org/api/v1/catalog/asset/l3a-ime-ch4-mf-v1/2024/06/11/GAO20240611t202619p0000-B/GAO20240611t202619p0000-B_l3a-ime-ch4-mf-v1_ime-cmf-concentrations.tif,/data2/yuyao/methane_emission/data/raw_data_dir/S2B_MSIL2A_20240611T182919_N0510_R027_T11SLU_20240611T221421.SAFE,/data2/yuyao/methane_emission/carbonmapper_data_l89_l2sp/GAO20240611t202619p0000-B/l8_LC09_L2SP_042036_20240611_20240612_02_T1.tif,3.253712,47.86
GAO20240611t202619p0000-B,https://api.carbonmapper.org/api/v1/catalog/asset/l3a-vis-ch4-mf-v002/2024/06/11/GAO20240611t202619p0000-B/GAO20240611t202619p0000-B_l3a-vis-ch4-mf-v002_plume.tif,https://api.carbonmapper.org/api/v1/catalog/asset/l3a-ime-ch4-mf-v1/2024/06/11/GAO20240611t202619p0000-B/GAO20240611t202619p0000-B_l3a-ime-ch4-mf-v1_ime-cmf-concentrations.tif,/data2/yuyao/methane_emission/data/raw_data_dir/S2B_MSIL2A_20240611T182919_N0510_R027_T11SLU_20240611T221421.SAFE,/data2/yuyao/methane_emission/carbonmapper_data_l89_l2sp/GAO20240611t202619p0000-B/l8_LC08_L2SP_041036_20240612_20250616_02_T1.tif,3.253712,17.77
GAO20240611t202619p0000-C,https://api.carbonmapper.org/api/v1/catalog/asset/l3a-vis-ch4-mf-v002/2024/06/11/GAO20240611t202619p0000-C/GAO20240611t202619p0000-C_l3a-vis-ch4-mf-v002_plume.tif,https://api.carbonmapper.org/api/v1/catalog/asset/l3a-ime-ch4-mf-v1/2024/06/11/GAO20240611t202619p0000-C/GAO20240611t202619p0000-C_l3a-ime-ch4-mf-v1_ime-cmf-concentrations.tif,/data2/yuyao/methane_emission/data/raw_data_dir/S2B_MSIL2A_20240611T182919_N0510_R027_T11SLU_20240611T221421.SAFE,/data2/yuyao/methane_emission/carbonmapper_data_l89_l2sp/GAO20240611t202619p0000-C/l8_LC09_L2SP_042036_20240611_20240612_02_T1.tif,3.253712,47.86
GAO20240611t202619p0000-C,https://api.carbonmapper.org/api/v1/catalog/asset/l3a-vis-ch4-mf-v002/2024/06/11/GAO20240611t202619p0000-C/GAO20240611t202619p0000-C_l3a-vis-ch4-mf-v002_plume.tif,https://api.carbonmapper.org/api/v1/catalog/asset/l3a-ime-ch4-mf-v1/2024/06/11/GAO20240611t202619p0000-C/GAO20240611t202619p0000-C_l3a-ime-ch4-mf-v1_ime-cmf-concentrations.tif,/data2/yuyao/methane_emission/data/raw_data_dir/S2B_MSIL2A_20240611T182919_N0510_R027_T11SLU_20240611T221421.SAFE,/data2/yuyao/methane_emission/carbonmapper_data_l89_l2sp/GAO20240611t202619p0000-C/l8_LC08_L2SP_041036_20240612_20250616_02_T1.tif,3.253712,17.77
GAO20240611t203254p0000-A,https://api.carbonmapper.org/api/v1/catalog/asset/l3a-vis-ch4-mf-v002/2024/06/11/GAO20240611t203254p0000-A/GAO20240611t203254p0000-A_l3a-vis-ch4-mf-v002_plume.tif,https://api.carbonmapper.org/api/v1/catalog/asset/l3a-ime-ch4-mf-v1/2024/06/11/GAO20240611t203254p0000-A/GAO20240611t203254p0000-A_l3a-ime-ch4-mf-v1_ime-cmf-concentrations.tif,/data2/yuyao/methane_emission/data/raw_data_dir/S2B_MSIL2A_20240611T182919_N0510_R027_T11SLU_20240611T221421.SAFE,/data2/yuyao/methane_emission/carbonmapper_data_l89_l2sp/GAO20240611t203254p0000-A/l8_LC08_L2SP_041036_20240612_20250616_02_T1.tif,3.253712,17.77
GAO20240611t203254p0000-C,https://api.carbonmapper.org/api/v1/catalog/asset/l3a-vis-ch4-mf-v002/2024/06/11/GAO20240611t203254p0000-C/GAO20240611t203254p0000-C_l3a-vis-ch4-mf-v002_plume.tif,https://api.carbonmapper.org/api/v1/catalog/asset/l3a-ime-ch4-mf-v1/2024/06/11/GAO20240611t203254p0000-C/GAO20240611t203254p0000-C_l3a-ime-ch4-mf-v1_ime-cmf-concentrations.tif,/data2/yuyao/methane_emission/data/raw_data_dir/S2B_MSIL2A_20240611T182919_N0510_R027_T11SLU_20240611T221421.SAFE,/data2/yuyao/methane_emission/carbonmapper_data_l89_l2sp/GAO20240611t203254p0000-C/l8_LC08_L2SP_041036_20240612_20250616_02_T1.tif,3.253712,17.77
GAO20240611t203254p0000-E,https://api.carbonmapper.org/api/v1/catalog/asset/l3a-vis-ch4-mf-v002/2024/06/11/GAO20240611t203254p0000-E/GAO20240611t203254p0000-E_l3a-vis-ch4-mf-v002_plume.tif,https://api.carbonmapper.org/api/v1/catalog/asset/l3a-ime-ch4-mf-v1/2024/06/11/GAO20240611t203254p0000-E/GAO20240611t203254p0000-E_l3a-ime-ch4-mf-v1_ime-cmf-concentrations.tif,/data2/yuyao/methane_emission/data/raw_data_dir/S2B_MSIL2A_20240611T182919_N0510_R027_T11SLU_20240611T221421.SAFE,/data2/yuyao/methane_emission/carbonmapper_data_l89_l2sp/GAO20240611t203254p0000-E/l8_LC08_L2SP_041036_20240612_20250616_02_T1.tif,3.253712,17.77
GAO20240611t203254p0000-F,https://api.carbonmapper.org/api/v1/catalog/asset/l3a-vis-ch4-mf-v002/2024/06/11/GAO20240611t203254p0000-F/GAO20240611t203254p0000-F_l3a-vis-ch4-mf-v002_plume.tif,https://api.carbonmapper.org/api/v1/catalog/asset/l3a-ime-ch4-mf-v1/2024/06/11/GAO20240611t203254p0000-F/GAO20240611t203254p0000-F_l3a-ime-ch4-mf-v1_ime-cmf-concentrations.tif,/data2/yuyao/methane_emission/data/raw_data_dir/S2B_MSIL2A_20240611T182919_N0510_R027_T11SLU_20240611T221421.SAFE,/data2/yuyao/methane_emission/carbonmapper_data_l89_l2sp/GAO20240611t203254p0000-F/l8_LC08_L2SP_041036_20240612_20250616_02_T1.tif,3.253712,17.77
GAO20240611t203254p0000-G,https://api.carbonmapper.org/api/v1/catalog/asset/l3a-vis-ch4-mf-v002/2024/06/11/GAO20240611t203254p0000-G/GAO20240611t203254p0000-G_l3a-vis-ch4-mf-v002_plume.tif,https://api.carbonmapper.org/api/v1/catalog/asset/l3a-ime-ch4-mf-v1/2024/06/11/GAO20240611t203254p0000-G/GAO20240611t203254p0000-G_l3a-ime-ch4-mf-v1_ime-cmf-concentrations.tif,/data2/yuyao/methane_emission/data/raw_data_dir/S2B_MSIL2A_20240611T182919_N0510_R027_T11SLU_20240611T221421.SAFE,/data2/yuyao/methane_emission/carbonmapper_data_l89_l2sp/GAO20240611t203254p0000-G/l8_LC08_L2SP_041036_20240612_20250616_02_T1.tif,3.253712,17.77
GAO20240611t203734p0000-A,https://api.carbonmapper.org/api/v1/catalog/asset/l3a-vis-ch4-mf-v002/2024/06/11/GAO20240611t203734p0000-A/GAO20240611t203734p0000-A_l3a-vis-ch4-mf-v002_plume.tif,https://api.carbonmapper.org/api/v1/catalog/asset/l3a-ime-ch4-mf-v1/2024/06/11/GAO20240611t203734p0000-A/GAO20240611t203734p0000-A_l3a-ime-ch4-mf-v1_ime-cmf-concentrations.tif,/data2/yuyao/methane_emission/data/raw_data_dir/S2B_MSIL2A_20240611T182919_N0510_R027_T11SLT_20240611T221421.SAFE,/data2/yuyao/methane_emission/carbonmapper_data_l89_l2sp/GAO20240611t203734p0000-A/l8_LC08_L2SP_041036_20240612_20250616_02_T1.tif,77.560312,17.77
GAO20240611t203734p0000-B,https://api.carbonmapper.org/api/v1/catalog/asset/l3a-vis-ch4-mf-v002/2024/06/11/GAO20240611t203734p0000-B/GAO20240611t203734p0000-B_l3a-vis-ch4-mf-v002_plume.tif,https://api.carbonmapper.org/api/v1/catalog/asset/l3a-ime-ch4-mf-v1/2024/06/11/GAO20240611t203734p0000-B/GAO20240611t203734p0000-B_l3a-ime-ch4-mf-v1_ime-cmf-concentrations.tif,/data2/yuyao/methane_emission/data/raw_data_dir/S2B_MSIL2A_20240611T182919_N0510_R027_T11SLT_20240611T221421.SAFE,/data2/yuyao/methane_emission/carbonmapper_data_l89_l2sp/GAO20240611t203734p0000-B/l8_LC08_L2SP_041036_20240612_20250616_02_T1.tif,77.560312,17.77
GAO20240611t203734p0000-C,https://api.carbonmapper.org/api/v1/catalog/asset/l3a-vis-ch4-mf-v002/2024/06/11/GAO20240611t203734p0000-C/GAO20240611t203734p0000-C_l3a-vis-ch4-mf-v002_plume.tif,https://api.carbonmapper.org/api/v1/catalog/asset/l3a-ime-ch4-mf-v1/2024/06/11/GAO20240611t203734p0000-C/GAO20240611t203734p0000-C_l3a-ime-ch4-mf-v1_ime-cmf-concentrations.tif,/data2/yuyao/methane_emission/data/raw_data_dir/S2B_MSIL2A_20240611T182919_N0510_R027_T11SLT_20240611T221421.SAFE,/data2/yuyao/methane_emission/carbonmapper_data_l89_l2sp/GAO20240611t203734p0000-C/l8_LC08_L2SP_041036_20240612_20250616_02_T1.tif,77.560312,17.77
GAO20240611t203734p0000-F,https://api.carbonmapper.org/api/v1/catalog/asset/l3a-vis-ch4-mf-v002/2024/06/11/GAO20240611t203734p0000-F/GAO20240611t203734p0000-F_l3a-vis-ch4-mf-v002_plume.tif,https://api.carbonmapper.org/api/v1/catalog/asset/l3a-ime-ch4-mf-v1/2024/06/11/GAO20240611t203734p0000-F/GAO20240611t203734p0000-F_l3a-ime-ch4-mf-v1_ime-cmf-concentrations.tif,/data2/yuyao/methane_emission/data/raw_data_dir/S2B_MSIL2A_20240611T182919_N0510_R027_T11SLU_20240611T221421.SAFE,/data2/yuyao/methane_emission/carbonmapper_data_l89_l2sp/GAO20240611t203734p0000-F/l8_LC08_L2SP_041036_20240612_20250616_02_T1.tif,3.253712,17.77
GAO20240611t203734p0000-G,https://api.carbonmapper.org/api/v1/catalog/asset/l3a-vis-ch4-mf-v002/2024/06/11/GAO20240611t203734p0000-G/GAO20240611t203734p0000-G_l3a-vis-ch4-mf-v002_plume.tif,https://api.carbonmapper.org/api/v1/catalog/asset/l3a-ime-ch4-mf-v1/2024/06/11/GAO20240611t203734p0000-G/GAO20240611t203734p0000-G_l3a-ime-ch4-mf-v1_ime-cmf-concentrations.tif,/data2/yuyao/methane_emission/data/raw_data_dir/S2B_MSIL2A_20240611T182919_N0510_R027_T11SLU_20240611T221421.SAFE,/data2/yuyao/methane_emission/carbonmapper_data_l89_l2sp/GAO20240611t203734p0000-G/l8_LC08_L2SP_041036_20240612_20250616_02_T1.tif,3.253712,17.77
GAO20240611t204534p0000-A,https://api.carbonmapper.org/api/v1/catalog/asset/l3a-vis-ch4-mf-v002/2024/06/11/GAO20240611t204534p0000-A/GAO20240611t204534p0000-A_l3a-vis-ch4-mf-v002_plume.tif,https://api.carbonmapper.org/api/v1/catalog/asset/l3a-ime-ch4-mf-v1/2024/06/11/GAO20240611t204534p0000-A/GAO20240611t204534p0000-A_l3a-ime-ch4-mf-v1_ime-cmf-concentrations.tif,/data2/yuyao/methane_emission/data/raw_data_dir/S2B_MSIL2A_20240611T182919_N0510_R027_T11SLT_20240611T221421.SAFE,/data2/yuyao/methane_emission/carbonmapper_data_l89_l2sp/GAO20240611t204534p0000-A/l8_LC08_L2SP_041036_20240612_20250616_02_T1.tif,77.560312,17.77
GAO20240611t204534p0000-B,https://api.carbonmapper.org/api/v1/catalog/asset/l3a-vis-ch4-mf-v002/2024/06/11/GAO20240611t204534p0000-B/GAO20240611t204534p0000-B_l3a-vis-ch4-mf-v002_plume.tif,https://api.carbonmapper.org/api/v1/catalog/asset/l3a-ime-ch4-mf-v1/2024/06/11/GAO20240611t204534p0000-B/GAO20240611t204534p0000-B_l3a-ime-ch4-mf-v1_ime-cmf-concentrations.tif,/data2/yuyao/methane_emission/data/raw_data_dir/S2B_MSIL2A_20240611T182919_N0510_R027_T11SLT_20240611T221421.SAFE,/data2/yuyao/methane_emission/carbonmapper_data_l89_l2sp/GAO20240611t204534p0000-B/l8_LC08_L2SP_041036_20240612_20250616_02_T1.tif,77.560312,17.77
GAO20240611t204534p0000-C,https://api.carbonmapper.org/api/v1/catalog/asset/l3a-vis-ch4-mf-v002/2024/06/11/GAO20240611t204534p0000-C/GAO20240611t204534p0000-C_l3a-vis-ch4-mf-v002_plume.tif,https://api.carbonmapper.org/api/v1/catalog/asset/l3a-ime-ch4-mf-v1/2024/06/11/GAO20240611t204534p0000-C/GAO20240611t204534p0000-C_l3a-ime-ch4-mf-v1_ime-cmf-concentrations.tif,/data2/yuyao/methane_emission/data/raw_data_dir/S2B_MSIL2A_20240611T182919_N0510_R027_T11SLU_20240611T221421.SAFE,/data2/yuyao/methane_emission/carbonmapper_data_l89_l2sp/GAO20240611t204534p0000-C/l8_LC08_L2SP_041036_20240612_20250616_02_T1.tif,3.253712,17.77
GAO20240611t204534p0000-D,https://api.carbonmapper.org/api/v1/catalog/asset/l3a-vis-ch4-mf-v002/2024/06/11/GAO20240611t204534p0000-D/GAO20240611t204534p0000-D_l3a-vis-ch4-mf-v002_plume.tif,https://api.carbonmapper.org/api/v1/catalog/asset/l3a-ime-ch4-mf-v1/2024/06/11/GAO20240611t204534p0000-D/GAO20240611t204534p0000-D_l3a-ime-ch4-mf-v1_ime-cmf-concentrations.tif,/data2/yuyao/methane_emission/data/raw_data_dir/S2B_MSIL2A_20240611T182919_N0510_R027_T11SLU_20240611T221421.SAFE,/data2/yuyao/methane_emission/carbonmapper_data_l89_l2sp/GAO20240611t204534p0000-D/l8_LC08_L2SP_041036_20240612_20250616_02_T1.tif,3.253712,17.77
GAO20240611t204534p0000-E,https://api.carbonmapper.org/api/v1/catalog/asset/l3a-vis-ch4-mf-v002/2024/06/11/GAO20240611t204534p0000-E/GAO20240611t204534p0000-E_l3a-vis-ch4-mf-v002_plume.tif,https://api.carbonmapper.org/api/v1/catalog/asset/l3a-ime-ch4-mf-v1/2024/06/11/GAO20240611t204534p0000-E/GAO20240611t204534p0000-E_l3a-ime-ch4-mf-v1_ime-cmf-concentrations.tif,/data2/yuyao/methane_emission/data/raw_data_dir/S2B_MSIL2A_20240611T182919_N0510_R027_T11SLT_20240611T221421.SAFE,/data2/yuyao/methane_emission/carbonmapper_data_l89_l2sp/GAO20240611t204534p0000-E/l8_LC08_L2SP_041036_20240612_20250616_02_T1.tif,77.560312,17.77
GAO20240611t204534p0000-F,https://api.carbonmapper.org/api/v1/catalog/asset/l3a-vis-ch4-mf-v002/2024/06/11/GAO20240611t204534p0000-F/GAO20240611t204534p0000-F_l3a-vis-ch4-mf-v002_plume.tif,https://api.carbonmapper.org/api/v1/catalog/asset/l3a-ime-ch4-mf-v1/2024/06/11/GAO20240611t204534p0000-F/GAO20240611t204534p0000-F_l3a-ime-ch4-mf-v1_ime-cmf-concentrations.tif,/data2/yuyao/methane_emission/data/raw_data_dir/S2B_MSIL2A_20240611T182919_N0510_R027_T11SLU_20240611T221421.SAFE,/data2/yuyao/methane_emission/carbonmapper_data_l89_l2sp/GAO20240611t204534p0000-F/l8_LC08_L2SP_041036_20240612_20250616_02_T1.tif,3.253712,17.77
GAO20240611t205130p0000-A,https://api.carbonmapper.org/api/v1/catalog/asset/l3a-vis-ch4-mf-v002/2024/06/11/GAO20240611t205130p0000-A/GAO20240611t205130p0000-A_l3a-vis-ch4-mf-v002_plume.tif,https://api.carbonmapper.org/api/v1/catalog/asset/l3a-ime-ch4-mf-v1/2024/06/11/GAO20240611t205130p0000-A/GAO20240611t205130p0000-A_l3a-ime-ch4-mf-v1_ime-cmf-concentrations.tif,/data2/yuyao/methane_emission/data/raw_data_dir/S2B_MSIL2A_20240611T182919_N0510_R027_T11SLU_20240611T221421.SAFE,/data2/yuyao/methane_emission/carbonmapper_data_l89_l2sp/GAO20240611t205130p0000-A/l8_LC09_L2SP_042036_20240611_20240612_02_T1.tif,3.253712,47.86
GAO20240611t205130p0000-A,https://api.carbonmapper.org/api/v1/catalog/asset/l3a-vis-ch4-mf-v002/2024/06/11/GAO20240611t205130p0000-A/GAO20240611t205130p0000-A_l3a-vis-ch4-mf-v002_plume.tif,https://api.carbonmapper.org/api/v1/catalog/asset/l3a-ime-ch4-mf-v1/2024/06/11/GAO20240611t205130p0000-A/GAO20240611t205130p0000-A_l3a-ime-ch4-mf-v1_ime-cmf-concentrations.tif,/data2/yuyao/methane_emission/data/raw_data_dir/S2B_MSIL2A_20240611T182919_N0510_R027_T11SLU_20240611T221421.SAFE,/data2/yuyao/methane_emission/carbonmapper_data_l89_l2sp/GAO20240611t205130p0000-A/l8_LC08_L2SP_041036_20240612_20250616_02_T1.tif,3.253712,17.77
GAO20240611t205130p0000-C,https://api.carbonmapper.org/api/v1/catalog/asset/l3a-vis-ch4-mf-v002/2024/06/11/GAO20240611t205130p0000-C/GAO20240611t205130p0000-C_l3a-vis-ch4-mf-v002_plume.tif,https://api.carbonmapper.org/api/v1/catalog/asset/l3a-ime-ch4-mf-v1/2024/06/11/GAO20240611t205130p0000-C/GAO20240611t205130p0000-C_l3a-ime-ch4-mf-v1_ime-cmf-concentrations.tif,/data2/yuyao/methane_emission/data/raw_data_dir/S2B_MSIL2A_20240611T182919_N0510_R027_T11SLU_20240611T221421.SAFE,/data2/yuyao/methane_emission/carbonmapper_data_l89_l2sp/GAO20240611t205130p0000-C/l8_LC09_L2SP_042036_20240611_20240612_02_T1.tif,3.253712,47.86
GAO20240611t205130p0000-C,https://api.carbonmapper.org/api/v1/catalog/asset/l3a-vis-ch4-mf-v002/2024/06/11/GAO20240611t205130p0000-C/GAO20240611t205130p0000-C_l3a-vis-ch4-mf-v002_plume.tif,https://api.carbonmapper.org/api/v1/catalog/asset/l3a-ime-ch4-mf-v1/2024/06/11/GAO20240611t205130p0000-C/GAO20240611t205130p0000-C_l3a-ime-ch4-mf-v1_ime-cmf-concentrations.tif,/data2/yuyao/methane_emission/data/raw_data_dir/S2B_MSIL2A_20240611T182919_N0510_R027_T11SLU_20240611T221421.SAFE,/data2/yuyao/methane_emission/carbonmapper_data_l89_l2sp/GAO20240611t205130p0000-C/l8_LC08_L2SP_041036_20240612_20250616_02_T1.tif,3.253712,17.77
GAO20240611t205814p0000-A,https://api.carbonmapper.org/api/v1/catalog/asset/l3a-vis-ch4-mf-v002/2024/06/11/GAO20240611t205814p0000-A/GAO20240611t205814p0000-A_l3a-vis-ch4-mf-v002_plume.tif,https://api.carbonmapper.org/api/v1/catalog/asset/l3a-ime-ch4-mf-v1/2024/06/11/GAO20240611t205814p0000-A/GAO20240611t205814p0000-A_l3a-ime-ch4-mf-v1_ime-cmf-concentrations.tif,/data2/yuyao/methane_emission/data/raw_data_dir/S2B_MSIL2A_20240611T182919_N0510_R027_T11SLU_20240611T221421.SAFE,/data2/yuyao/methane_emission/carbonmapper_data_l89_l2sp/GAO20240611t205814p0000-A/l8_LC08_L2SP_041036_20240612_20250616_02_T1.tif,3.253712,17.77
GAO20240611t205814p0000-B,https://api.carbonmapper.org/api/v1/catalog/asset/l3a-vis-ch4-mf-v002/2024/06/11/GAO20240611t205814p0000-B/GAO20240611t205814p0000-B_l3a-vis-ch4-mf-v002_plume.tif,https://api.carbonmapper.org/api/v1/catalog/asset/l3a-ime-ch4-mf-v1/2024/06/11/GAO20240611t205814p0000-B/GAO20240611t205814p0000-B_l3a-ime-ch4-mf-v1_ime-cmf-concentrations.tif,/data2/yuyao/methane_emission/data/raw_data_dir/S2B_MSIL2A_20240611T182919_N0510_R027_T11SLU_20240611T221421.SAFE,/data2/yuyao/methane_emission/carbonmapper_data_l89_l2sp/GAO20240611t205814p0000-B/l8_LC08_L2SP_041036_20240612_20250616_02_T1.tif,3.253712,17.77
GAO20240611t205814p0000-D,https://api.carbonmapper.org/api/v1/catalog/asset/l3a-vis-ch4-mf-v002/2024/06/11/GAO20240611t205814p0000-D/GAO20240611t205814p0000-D_l3a-vis-ch4-mf-v002_plume.tif,https://api.carbonmapper.org/api/v1/catalog/asset/l3a-ime-ch4-mf-v1/2024/06/11/GAO20240611t205814p0000-D/GAO20240611t205814p0000-D_l3a-ime-ch4-mf-v1_ime-cmf-concentrations.tif,/data2/yuyao/methane_emission/data/raw_data_dir/S2B_MSIL2A_20240611T182919_N0510_R027_T11SLU_20240611T221421.SAFE,/data2/yuyao/methane_emission/carbonmapper_data_l89_l2sp/GAO20240611t205814p0000-D/l8_LC08_L2SP_041036_20240612_20250616_02_T1.tif,3.253712,17.77
GAO20240611t205814p0000-F,https://api.carbonmapper.org/api/v1/catalog/asset/l3a-vis-ch4-mf-v002/2024/06/11/GAO20240611t205814p0000-F/GAO20240611t205814p0000-F_l3a-vis-ch4-mf-v002_plume.tif,https://api.carbonmapper.org/api/v1/catalog/asset/l3a-ime-ch4-mf-v1/2024/06/11/GAO20240611t205814p0000-F/GAO20240611t205814p0000-F_l3a-ime-ch4-mf-v1_ime-cmf-concentrations.tif,/data2/yuyao/methane_emission/data/raw_data_dir/S2B_MSIL2A_20240611T182919_N0510_R027_T11SLU_20240611T221421.SAFE,/data2/yuyao/methane_emission/carbonmapper_data_l89_l2sp/GAO20240611t205814p0000-F/l8_LC08_L2SP_041036_20240612_20250616_02_T1.tif,3.253712,17.77
GAO20240611t210319p0000-A,https://api.carbonmapper.org/api/v1/catalog/asset/l3a-vis-ch4-mf-v002/2024/06/11/GAO20240611t210319p0000-A/GAO20240611t210319p0000-A_l3a-vis-ch4-mf-v002_plume.tif,https://api.carbonmapper.org/api/v1/catalog/asset/l3a-ime-ch4-mf-v1/2024/06/11/GAO20240611t210319p0000-A/GAO20240611t210319p0000-A_l3a-ime-ch4-mf-v1_ime-cmf-concentrations.tif,/data2/yuyao/methane_emission/data/raw_data_dir/S2B_MSIL2A_20240611T182919_N0510_R027_T11SLT_20240611T221421.SAFE,/data2/yuyao/methane_emission/carbonmapper_data_l89_l2sp/GAO20240611t210319p0000-A/l8_LC08_L2SP_041036_20240612_20250616_02_T1.tif,77.560312,17.77
GAO20240611t210319p0000-B,https://api.carbonmapper.org/api/v1/catalog/asset/l3a-vis-ch4-mf-v002/2024/06/11/GAO20240611t210319p0000-B/GAO20240611t210319p0000-B_l3a-vis-ch4-mf-v002_plume.tif,https://api.carbonmapper.org/api/v1/catalog/asset/l3a-ime-ch4-mf-v1/2024/06/11/GAO20240611t210319p0000-B/GAO20240611t210319p0000-B_l3a-ime-ch4-mf-v1_ime-cmf-concentrations.tif,/data2/yuyao/methane_emission/data/raw_data_dir/S2B_MSIL2A_20240611T182919_N0510_R027_T11SLT_20240611T221421.SAFE,/data2/yuyao/methane_emission/carbonmapper_data_l89_l2sp/GAO20240611t210319p0000-B/l8_LC08_L2SP_041036_20240612_20250616_02_T1.tif,77.560312,17.77
GAO20240611t210319p0000-C,https://api.carbonmapper.org/api/v1/catalog/asset/l3a-vis-ch4-mf-v002/2024/06/11/GAO20240611t210319p0000-C/GAO20240611t210319p0000-C_l3a-vis-ch4-mf-v002_plume.tif,https://api.carbonmapper.org/api/v1/catalog/asset/l3a-ime-ch4-mf-v1/2024/06/11/GAO20240611t210319p0000-C/GAO20240611t210319p0000-C_l3a-ime-ch4-mf-v1_ime-cmf-concentrations.tif,/data2/yuyao/methane_emission/data/raw_data_dir/S2B_MSIL2A_20240611T182919_N0510_R027_T11SLT_20240611T221421.SAFE,/data2/yuyao/methane_emission/carbonmapper_data_l89_l2sp/GAO20240611t210319p0000-C/l8_LC08_L2SP_041036_20240612_20250616_02_T1.tif,77.560312,17.77
GAO20240611t210319p0000-F,https://api.carbonmapper.org/api/v1/catalog/asset/l3a-vis-ch4-mf-v002/2024/06/11/GAO20240611t210319p0000-F/GAO20240611t210319p0000-F_l3a-vis-ch4-mf-v002_plume.tif,https://api.carbonmapper.org/api/v1/catalog/asset/l3a-ime-ch4-mf-v1/2024/06/11/GAO20240611t210319p0000-F/GAO20240611t210319p0000-F_l3a-ime-ch4-mf-v1_ime-cmf-concentrations.tif,/data2/yuyao/methane_emission/data/raw_data_dir/S2B_MSIL2A_20240611T182919_N0510_R027_T11SLT_20240611T221421.SAFE,/data2/yuyao/methane_emission/carbonmapper_data_l89_l2sp/GAO20240611t210319p0000-F/l8_LC08_L2SP_041036_20240612_20250616_02_T1.tif,77.560312,17.77
GAO20240611t211114p0000-A,https://api.carbonmapper.org/api/v1/catalog/asset/l3a-vis-ch4-mf-v002/2024/06/11/GAO20240611t211114p0000-A/GAO20240611t211114p0000-A_l3a-vis-ch4-mf-v002_plume.tif,https://api.carbonmapper.org/api/v1/catalog/asset/l3a-ime-ch4-mf-v1/2024/06/11/GAO20240611t211114p0000-A/GAO20240611t211114p0000-A_l3a-ime-ch4-mf-v1_ime-cmf-concentrations.tif,/data2/yuyao/methane_emission/data/raw_data_dir/S2B_MSIL2A_20240611T182919_N0510_R027_T11SLT_20240611T221421.SAFE,/data2/yuyao/methane_emission/carbonmapper_data_l89_l2sp/GAO20240611t211114p0000-A/l8_LC08_L2SP_041036_20240612_20250616_02_T1.tif,77.560312,17.77
GAO20240611t211114p0000-B,https://api.carbonmapper.org/api/v1/catalog/asset/l3a-vis-ch4-mf-v002/2024/06/11/GAO20240611t211114p0000-B/GAO20240611t211114p0000-B_l3a-vis-ch4-mf-v002_plume.tif,https://api.carbonmapper.org/api/v1/catalog/asset/l3a-ime-ch4-mf-v1/2024/06/11/GAO20240611t211114p0000-B/GAO20240611t211114p0000-B_l3a-ime-ch4-mf-v1_ime-cmf-concentrations.tif,/data2/yuyao/methane_emission/data/raw_data_dir/S2B_MSIL2A_20240611T182919_N0510_R027_T11SLT_20240611T221421.SAFE,/data2/yuyao/methane_emission/carbonmapper_data_l89_l2sp/GAO20240611t211114p0000-B/l8_LC08_L2SP_041036_20240612_20250616_02_T1.tif,77.560312,17.77
GAO20240611t211114p0000-C,https://api.carbonmapper.org/api/v1/catalog/asset/l3a-vis-ch4-mf-v002/2024/06/11/GAO20240611t211114p0000-C/GAO20240611t211114p0000-C_l3a-vis-ch4-mf-v002_plume.tif,https://api.carbonmapper.org/api/v1/catalog/asset/l3a-ime-ch4-mf-v1/2024/06/11/GAO20240611t211114p0000-C/GAO20240611t211114p0000-C_l3a-ime-ch4-mf-v1_ime-cmf-concentrations.tif,/data2/yuyao/methane_emission/data/raw_data_dir/S2B_MSIL2A_20240611T182919_N0510_R027_T11SLT_20240611T221421.SAFE,/data2/yuyao/methane_emission/carbonmapper_data_l89_l2sp/GAO20240611t211114p0000-C/l8_LC08_L2SP_041036_20240612_20250616_02_T1.tif,77.560312,17.77
GAO20240611t211114p0000-D,https://api.carbonmapper.org/api/v1/catalog/asset/l3a-vis-ch4-mf-v002/2024/06/11/GAO20240611t211114p0000-D/GAO20240611t211114p0000-D_l3a-vis-ch4-mf-v002_plume.tif,https://api.carbonmapper.org/api/v1/catalog/asset/l3a-ime-ch4-mf-v1/2024/06/11/GAO20240611t211114p0000-D/GAO20240611t211114p0000-D_l3a-ime-ch4-mf-v1_ime-cmf-concentrations.tif,/data2/yuyao/methane_emission/data/raw_data_dir/S2B_MSIL2A_20240611T182919_N0510_R027_T11SLT_20240611T221421.SAFE,/data2/yuyao/methane_emission/carbonmapper_data_l89_l2sp/GAO20240611t211114p0000-D/l8_LC08_L2SP_041036_20240612_20250616_02_T1.tif,77.560312,17.77
GAO20240611t211114p0000-E,https://api.carbonmapper.org/api/v1/catalog/asset/l3a-vis-ch4-mf-v002/2024/06/11/GAO20240611t211114p0000-E/GAO20240611t211114p0000-E_l3a-vis-ch4-mf-v002_plume.tif,https://api.carbonmapper.org/api/v1/catalog/asset/l3a-ime-ch4-mf-v1/2024/06/11/GAO20240611t211114p0000-E/GAO20240611t211114p0000-E_l3a-ime-ch4-mf-v1_ime-cmf-concentrations.tif,/data2/yuyao/methane_emission/data/raw_data_dir/S2B_MSIL2A_20240611T182919_N0510_R027_T11SLT_20240611T221421.SAFE,/data2/yuyao/methane_emission/carbonmapper_data_l89_l2sp/GAO20240611t211114p0000-E/l8_LC08_L2SP_041036_20240612_20250616_02_T1.tif,77.560312,17.77
GAO20240611t211739p0000-A,https://api.carbonmapper.org/api/v1/catalog/asset/l3a-vis-ch4-mf-v002/2024/06/11/GAO20240611t211739p0000-A/GAO20240611t211739p0000-A_l3a-vis-ch4-mf-v002_plume.tif,https://api.carbonmapper.org/api/v1/catalog/asset/l3a-ime-ch4-mf-v1/2024/06/11/GAO20240611t211739p0000-A/GAO20240611t211739p0000-A_l3a-ime-ch4-mf-v1_ime-cmf-concentrations.tif,/data2/yuyao/methane_emission/data/raw_data_dir/S2B_MSIL2A_20240611T182919_N0510_R027_T11SLU_20240611T221421.SAFE,/data2/yuyao/methane_emission/carbonmapper_data_l89_l2sp/GAO20240611t211739p0000-A/l8_LC09_L2SP_042036_20240611_20240612_02_T1.tif,3.253712,47.86
GAO20240611t211739p0000-A,https://api.carbonmapper.org/api/v1/catalog/asset/l3a-vis-ch4-mf-v002/2024/06/11/GAO20240611t211739p0000-A/GAO20240611t211739p0000-A_l3a-vis-ch4-mf-v002_plume.tif,https://api.carbonmapper.org/api/v1/catalog/asset/l3a-ime-ch4-mf-v1/2024/06/11/GAO20240611t211739p0000-A/GAO20240611t211739p0000-A_l3a-ime-ch4-mf-v1_ime-cmf-concentrations.tif,/data2/yuyao/methane_emission/data/raw_data_dir/S2B_MSIL2A_20240611T182919_N0510_R027_T11SLU_20240611T221421.SAFE,/data2/yuyao/methane_emission/carbonmapper_data_l89_l2sp/GAO20240611t211739p0000-A/l8_LC08_L2SP_041036_20240612_20250616_02_T1.tif,3.253712,17.77
GAO20240611t211739p0000-B,https://api.carbonmapper.org/api/v1/catalog/asset/l3a-vis-ch4-mf-v002/2024/06/11/GAO20240611t211739p0000-B/GAO20240611t211739p0000-B_l3a-vis-ch4-mf-v002_plume.tif,https://api.carbonmapper.org/api/v1/catalog/asset/l3a-ime-ch4-mf-v1/2024/06/11/GAO20240611t211739p0000-B/GAO20240611t211739p0000-B_l3a-ime-ch4-mf-v1_ime-cmf-concentrations.tif,/data2/yuyao/methane_emission/data/raw_data_dir/S2B_MSIL2A_20240611T182919_N0510_R027_T11SLU_20240611T221421.SAFE,/data2/yuyao/methane_emission/carbonmapper_data_l89_l2sp/GAO20240611t211739p0000-B/l8_LC09_L2SP_042036_20240611_20240612_02_T1.tif,3.253712,47.86
GAO20240611t211739p0000-B,https://api.carbonmapper.org/api/v1/catalog/asset/l3a-vis-ch4-mf-v002/2024/06/11/GAO20240611t211739p0000-B/GAO20240611t211739p0000-B_l3a-vis-ch4-mf-v002_plume.tif,https://api.carbonmapper.org/api/v1/catalog/asset/l3a-ime-ch4-mf-v1/2024/06/11/GAO20240611t211739p0000-B/GAO20240611t211739p0000-B_l3a-ime-ch4-mf-v1_ime-cmf-concentrations.tif,/data2/yuyao/methane_emission/data/raw_data_dir/S2B_MSIL2A_20240611T182919_N0510_R027_T11SLU_20240611T221421.SAFE,/data2/yuyao/methane_emission/carbonmapper_data_l89_l2sp/GAO20240611t211739p0000-B/l8_LC08_L2SP_041036_20240612_20250616_02_T1.tif,3.253712,17.77
GAO20240611t212434p0000-A,https://api.carbonmapper.org/api/v1/catalog/asset/l3a-vis-ch4-mf-v002/2024/06/11/GAO20240611t212434p0000-A/GAO20240611t212434p0000-A_l3a-vis-ch4-mf-v002_plume.tif,https://api.carbonmapper.org/api/v1/catalog/asset/l3a-ime-ch4-mf-v1/2024/06/11/GAO20240611t212434p0000-A/GAO20240611t212434p0000-A_l3a-ime-ch4-mf-v1_ime-cmf-concentrations.tif,/data2/yuyao/methane_emission/data/raw_data_dir/S2B_MSIL2A_20240611T182919_N0510_R027_T11SLU_20240611T221421.SAFE,/data2/yuyao/methane_emission/carbonmapper_data_l89_l2sp/GAO20240611t212434p0000-A/l8_LC08_L2SP_041036_20240612_20250616_02_T1.tif,3.253712,17.77
GAO20240611t212434p0000-B,https://api.carbonmapper.org/api/v1/catalog/asset/l3a-vis-ch4-mf-v002/2024/06/11/GAO20240611t212434p0000-B/GAO20240611t212434p0000-B_l3a-vis-ch4-mf-v002_plume.tif,https://api.carbonmapper.org/api/v1/catalog/asset/l3a-ime-ch4-mf-v1/2024/06/11/GAO20240611t212434p0000-B/GAO20240611t212434p0000-B_l3a-ime-ch4-mf-v1_ime-cmf-concentrations.tif,/data2/yuyao/methane_emission/data/raw_data_dir/S2B_MSIL2A_20240611T182919_N0510_R027_T11SLU_20240611T221421.SAFE,/data2/yuyao/methane_emission/carbonmapper_data_l89_l2sp/GAO20240611t212434p0000-B/l8_LC08_L2SP_041036_20240612_20250616_02_T1.tif,3.253712,17.77
GAO20240611t212434p0000-C,https://api.carbonmapper.org/api/v1/catalog/asset/l3a-vis-ch4-mf-v002/2024/06/11/GAO20240611t212434p0000-C/GAO20240611t212434p0000-C_l3a-vis-ch4-mf-v002_plume.tif,https://api.carbonmapper.org/api/v1/catalog/asset/l3a-ime-ch4-mf-v1/2024/06/11/GAO20240611t212434p0000-C/GAO20240611t212434p0000-C_l3a-ime-ch4-mf-v1_ime-cmf-concentrations.tif,/data2/yuyao/methane_emission/data/raw_data_dir/S2B_MSIL2A_20240611T182919_N0510_R027_T11SLU_20240611T221421.SAFE,/data2/yuyao/methane_emission/carbonmapper_data_l89_l2sp/GAO20240611t212434p0000-C/l8_LC08_L2SP_041036_20240612_20250616_02_T1.tif,3.253712,17.77
GAO20240611t212434p0000-E,https://api.carbonmapper.org/api/v1/catalog/asset/l3a-vis-ch4-mf-v002/2024/06/11/GAO20240611t212434p0000-E/GAO20240611t212434p0000-E_l3a-vis-ch4-mf-v002_plume.tif,https://api.carbonmapper.org/api/v1/catalog/asset/l3a-ime-ch4-mf-v1/2024/06/11/GAO20240611t212434p0000-E/GAO20240611t212434p0000-E_l3a-ime-ch4-mf-v1_ime-cmf-concentrations.tif,/data2/yuyao/methane_emission/data/raw_data_dir/S2B_MSIL2A_20240611T182919_N0510_R027_T11SLU_20240611T221421.SAFE,/data2/yuyao/methane_emission/carbonmapper_data_l89_l2sp/GAO20240611t212434p0000-E/l8_LC08_L2SP_041036_20240612_20250616_02_T1.tif,3.253712,17.77
GAO20240611t212434p0000-F,https://api.carbonmapper.org/api/v1/catalog/asset/l3a-vis-ch4-mf-v002/2024/06/11/GAO20240611t212434p0000-F/GAO20240611t212434p0000-F_l3a-vis-ch4-mf-v002_plume.tif,https://api.carbonmapper.org/api/v1/catalog/asset/l3a-ime-ch4-mf-v1/2024/06/11/GAO20240611t212434p0000-F/GAO20240611t212434p0000-F_l3a-ime-ch4-mf-v1_ime-cmf-concentrations.tif,/data2/yuyao/methane_emission/data/raw_data_dir/S2B_MSIL2A_20240611T182919_N0510_R027_T11SLU_20240611T221421.SAFE,/data2/yuyao/methane_emission/carbonmapper_data_l89_l2sp/GAO20240611t212434p0000-F/l8_LC08_L2SP_041036_20240612_20250616_02_T1.tif,3.253712,17.77
GAO20240611t212434p0000-H,https://api.carbonmapper.org/api/v1/catalog/asset/l3a-vis-ch4-mf-v002/2024/06/11/GAO20240611t212434p0000-H/GAO20240611t212434p0000-H_l3a-vis-ch4-mf-v002_plume.tif,https://api.carbonmapper.org/api/v1/catalog/asset/l3a-ime-ch4-mf-v1/2024/06/11/GAO20240611t212434p0000-H/GAO20240611t212434p0000-H_l3a-ime-ch4-mf-v1_ime-cmf-concentrations.tif,/data2/yuyao/methane_emission/data/raw_data_dir/S2B_MSIL2A_20240611T182919_N0510_R027_T11SLU_20240611T221421.SAFE,/data2/yuyao/methane_emission/carbonmapper_data_l89_l2sp/GAO20240611t212434p0000-H/l8_LC08_L2SP_041036_20240612_20250616_02_T1.tif,3.253712,17.77
GAO20240611t212911p0000-A,https://api.carbonmapper.org/api/v1/catalog/asset/l3a-vis-ch4-mf-v002/2024/06/11/GAO20240611t212911p0000-A/GAO20240611t212911p0000-A_l3a-vis-ch4-mf-v002_plume.tif,https://api.carbonmapper.org/api/v1/catalog/asset/l3a-ime-ch4-mf-v1/2024/06/11/GAO20240611t212911p0000-A/GAO20240611t212911p0000-A_l3a-ime-ch4-mf-v1_ime-cmf-concentrations.tif,/data2/yuyao/methane_emission/data/raw_data_dir/S2B_MSIL2A_20240611T182919_N0510_R027_T11SLT_20240611T221421.SAFE,/data2/yuyao/methane_emission/carbonmapper_data_l89_l2sp/GAO20240611t212911p0000-A/l8_LC08_L2SP_041036_20240612_20250616_02_T1.tif,77.560312,17.77
GAO20240611t212911p0000-B,https://api.carbonmapper.org/api/v1/catalog/asset/l3a-vis-ch4-mf-v002/2024/06/11/GAO20240611t212911p0000-B/GAO20240611t212911p0000-B_l3a-vis-ch4-mf-v002_plume.tif,https://api.carbonmapper.org/api/v1/catalog/asset/l3a-ime-ch4-mf-v1/2024/06/11/GAO20240611t212911p0000-B/GAO20240611t212911p0000-B_l3a-ime-ch4-mf-v1_ime-cmf-concentrations.tif,/data2/yuyao/methane_emission/data/raw_data_dir/S2B_MSIL2A_20240611T182919_N0510_R027_T11SLT_20240611T221421.SAFE,/data2/yuyao/methane_emission/carbonmapper_data_l89_l2sp/GAO20240611t212911p0000-B/l8_LC08_L2SP_041036_20240612_20250616_02_T1.tif,77.560312,17.77
GAO20240611t212911p0000-C,https://api.carbonmapper.org/api/v1/catalog/asset/l3a-vis-ch4-mf-v002/2024/06/11/GAO20240611t212911p0000-C/GAO20240611t212911p0000-C_l3a-vis-ch4-mf-v002_plume.tif,https://api.carbonmapper.org/api/v1/catalog/asset/l3a-ime-ch4-mf-v1/2024/06/11/GAO20240611t212911p0000-C/GAO20240611t212911p0000-C_l3a-ime-ch4-mf-v1_ime-cmf-concentrations.tif,/data2/yuyao/methane_emission/data/raw_data_dir/S2B_MSIL2A_20240611T182919_N0510_R027_T11SLU_20240611T221421.SAFE,/data2/yuyao/methane_emission/carbonmapper_data_l89_l2sp/GAO20240611t212911p0000-C/l8_LC08_L2SP_041036_20240612_20250616_02_T1.tif,3.253712,17.77
GAO20240611t212911p0000-D,https://api.carbonmapper.org/api/v1/catalog/asset/l3a-vis-ch4-mf-v002/2024/06/11/GAO20240611t212911p0000-D/GAO20240611t212911p0000-D_l3a-vis-ch4-mf-v002_plume.tif,https://api.carbonmapper.org/api/v1/catalog/asset/l3a-ime-ch4-mf-v1/2024/06/11/GAO20240611t212911p0000-D/GAO20240611t212911p0000-D_l3a-ime-ch4-mf-v1_ime-cmf-concentrations.tif,/data2/yuyao/methane_emission/data/raw_data_dir/S2B_MSIL2A_20240611T182919_N0510_R027_T11SLT_20240611T221421.SAFE,/data2/yuyao/methane_emission/carbonmapper_data_l89_l2sp/GAO20240611t212911p0000-D/l8_LC08_L2SP_041036_20240612_20250616_02_T1.tif,77.560312,17.77
GAO20240611t213705p0000-A,https://api.carbonmapper.org/api/v1/catalog/asset/l3a-vis-ch4-mf-v002/2024/06/11/GAO20240611t213705p0000-A/GAO20240611t213705p0000-A_l3a-vis-ch4-mf-v002_plume.tif,https://api.carbonmapper.org/api/v1/catalog/asset/l3a-ime-ch4-mf-v1/2024/06/11/GAO20240611t213705p0000-A/GAO20240611t213705p0000-A_l3a-ime-ch4-mf-v1_ime-cmf-concentrations.tif,/data2/yuyao/methane_emission/data/raw_data_dir/S2B_MSIL2A_20240611T182919_N0510_R027_T11SLT_20240611T221421.SAFE,/data2/yuyao/methane_emission/carbonmapper_data_l89_l2sp/GAO20240611t213705p0000-A/l8_LC08_L2SP_041036_20240612_20250616_02_T1.tif,77.560312,17.77
GAO20240611t213705p0000-B,https://api.carbonmapper.org/api/v1/catalog/asset/l3a-vis-ch4-mf-v002/2024/06/11/GAO20240611t213705p0000-B/GAO20240611t213705p0000-B_l3a-vis-ch4-mf-v002_plume.tif,https://api.carbonmapper.org/api/v1/catalog/asset/l3a-ime-ch4-mf-v1/2024/06/11/GAO20240611t213705p0000-B/GAO20240611t213705p0000-B_l3a-ime-ch4-mf-v1_ime-cmf-concentrations.tif,/data2/yuyao/methane_emission/data/raw_data_dir/S2B_MSIL2A_20240611T182919_N0510_R027_T11SLT_20240611T221421.SAFE,/data2/yuyao/methane_emission/carbonmapper_data_l89_l2sp/GAO20240611t213705p0000-B/l8_LC08_L2SP_041036_20240612_20250616_02_T1.tif,77.560312,17.77
GAO20240611t213705p0000-D,https://api.carbonmapper.org/api/v1/catalog/asset/l3a-vis-ch4-mf-v002/2024/06/11/GAO20240611t213705p0000-D/GAO20240611t213705p0000-D_l3a-vis-ch4-mf-v002_plume.tif,https://api.carbonmapper.org/api/v1/catalog/asset/l3a-ime-ch4-mf-v1/2024/06/11/GAO20240611t213705p0000-D/GAO20240611t213705p0000-D_l3a-ime-ch4-mf-v1_ime-cmf-concentrations.tif,/data2/yuyao/methane_emission/data/raw_data_dir/S2B_MSIL2A_20240611T182919_N0510_R027_T11SLU_20240611T221421.SAFE,/data2/yuyao/methane_emission/carbonmapper_data_l89_l2sp/GAO20240611t213705p0000-D/l8_LC08_L2SP_041036_20240612_20250616_02_T1.tif,3.253712,17.77
GAO20240611t213705p0000-E,https://api.carbonmapper.org/api/v1/catalog/asset/l3a-vis-ch4-mf-v002/2024/06/11/GAO20240611t213705p0000-E/GAO20240611t213705p0000-E_l3a-vis-ch4-mf-v002_plume.tif,https://api.carbonmapper.org/api/v1/catalog/asset/l3a-ime-ch4-mf-v1/2024/06/11/GAO20240611t213705p0000-E/GAO20240611t213705p0000-E_l3a-ime-ch4-mf-v1_ime-cmf-concentrations.tif,/data2/yuyao/methane_emission/data/raw_data_dir/S2B_MSIL2A_20240611T182919_N0510_R027_T11SLU_20240611T221421.SAFE,/data2/yuyao/methane_emission/carbonmapper_data_l89_l2sp/GAO20240611t213705p0000-E/l8_LC08_L2SP_041036_20240612_20250616_02_T1.tif,3.253712,17.77
GAO20240611t214309p0000-A,https://api.carbonmapper.org/api/v1/catalog/asset/l3a-vis-ch4-mf-v002/2024/06/11/GAO20240611t214309p0000-A/GAO20240611t214309p0000-A_l3a-vis-ch4-mf-v002_plume.tif,https://api.carbonmapper.org/api/v1/catalog/asset/l3a-ime-ch4-mf-v1/2024/06/11/GAO20240611t214309p0000-A/GAO20240611t214309p0000-A_l3a-ime-ch4-mf-v1_ime-cmf-concentrations.tif,/data2/yuyao/methane_emission/data/raw_data_dir/S2B_MSIL2A_20240611T182919_N0510_R027_T11SLU_20240611T221421.SAFE,/data2/yuyao/methane_emission/carbonmapper_data_l89_l2sp/GAO20240611t214309p0000-A/l8_LC09_L2SP_042036_20240611_20240612_02_T1.tif,3.253712,47.86
GAO20240611t214309p0000-A,https://api.carbonmapper.org/api/v1/catalog/asset/l3a-vis-ch4-mf-v002/2024/06/11/GAO20240611t214309p0000-A/GAO20240611t214309p0000-A_l3a-vis-ch4-mf-v002_plume.tif,https://api.carbonmapper.org/api/v1/catalog/asset/l3a-ime-ch4-mf-v1/2024/06/11/GAO20240611t214309p0000-A/GAO20240611t214309p0000-A_l3a-ime-ch4-mf-v1_ime-cmf-concentrations.tif,/data2/yuyao/methane_emission/data/raw_data_dir/S2B_MSIL2A_20240611T182919_N0510_R027_T11SLU_20240611T221421.SAFE,/data2/yuyao/methane_emission/carbonmapper_data_l89_l2sp/GAO20240611t214309p0000-A/l8_LC08_L2SP_041036_20240612_20250616_02_T1.tif,3.253712,17.77
GAO20240611t214309p0000-B,https://api.carbonmapper.org/api/v1/catalog/asset/l3a-vis-ch4-mf-v002/2024/06/11/GAO20240611t214309p0000-B/GAO20240611t214309p0000-B_l3a-vis-ch4-mf-v002_plume.tif,https://api.carbonmapper.org/api/v1/catalog/asset/l3a-ime-ch4-mf-v1/2024/06/11/GAO20240611t214309p0000-B/GAO20240611t214309p0000-B_l3a-ime-ch4-mf-v1_ime-cmf-concentrations.tif,/data2/yuyao/methane_emission/data/raw_data_dir/S2B_MSIL2A_20240611T182919_N0510_R027_T11SLU_20240611T221421.SAFE,/data2/yuyao/methane_emission/carbonmapper_data_l89_l2sp/GAO20240611t214309p0000-B/l8_LC09_L2SP_042036_20240611_20240612_02_T1.tif,3.253712,47.86
GAO20240611t214309p0000-B,https://api.carbonmapper.org/api/v1/catalog/asset/l3a-vis-ch4-mf-v002/2024/06/11/GAO20240611t214309p0000-B/GAO20240611t214309p0000-B_l3a-vis-ch4-mf-v002_plume.tif,https://api.carbonmapper.org/api/v1/catalog/asset/l3a-ime-ch4-mf-v1/2024/06/11/GAO20240611t214309p0000-B/GAO20240611t214309p0000-B_l3a-ime-ch4-mf-v1_ime-cmf-concentrations.tif,/data2/yuyao/methane_emission/data/raw_data_dir/S2B_MSIL2A_20240611T182919_N0510_R027_T11SLU_20240611T221421.SAFE,/data2/yuyao/methane_emission/carbonmapper_data_l89_l2sp/GAO20240611t214309p0000-B/l8_LC08_L2SP_041036_20240612_20250616_02_T1.tif,3.253712,17.77
GAO20240611t215009p0000-A,https://api.carbonmapper.org/api/v1/catalog/asset/l3a-vis-ch4-mf-v002/2024/06/11/GAO20240611t215009p0000-A/GAO20240611t215009p0000-A_l3a-vis-ch4-mf-v002_plume.tif,https://api.carbonmapper.org/api/v1/catalog/asset/l3a-ime-ch4-mf-v1/2024/06/11/GAO20240611t215009p0000-A/GAO20240611t215009p0000-A_l3a-ime-ch4-mf-v1_ime-cmf-concentrations.tif,/data2/yuyao/methane_emission/data/raw_data_dir/S2B_MSIL2A_20240611T182919_N0510_R027_T11SLU_20240611T221421.SAFE,/data2/yuyao/methane_emission/carbonmapper_data_l89_l2sp/GAO20240611t215009p0000-A/l8_LC08_L2SP_041036_20240612_20250616_02_T1.tif,3.253712,17.77
GAO20240611t215009p0000-D,https://api.carbonmapper.org/api/v1/catalog/asset/l3a-vis-ch4-mf-v002/2024/06/11/GAO20240611t215009p0000-D/GAO20240611t215009p0000-D_l3a-vis-ch4-mf-v002_plume.tif,https://api.carbonmapper.org/api/v1/catalog/asset/l3a-ime-ch4-mf-v1/2024/06/11/GAO20240611t215009p0000-D/GAO20240611t215009p0000-D_l3a-ime-ch4-mf-v1_ime-cmf-concentrations.tif,/data2/yuyao/methane_emission/data/raw_data_dir/S2B_MSIL2A_20240611T182919_N0510_R027_T11SLU_20240611T221421.SAFE,/data2/yuyao/methane_emission/carbonmapper_data_l89_l2sp/GAO20240611t215009p0000-D/l8_LC08_L2SP_041036_20240612_20250616_02_T1.tif,3.253712,17.77
GAO20240611t215009p0000-E,https://api.carbonmapper.org/api/v1/catalog/asset/l3a-vis-ch4-mf-v002/2024/06/11/GAO20240611t215009p0000-E/GAO20240611t215009p0000-E_l3a-vis-ch4-mf-v002_plume.tif,https://api.carbonmapper.org/api/v1/catalog/asset/l3a-ime-ch4-mf-v1/2024/06/11/GAO20240611t215009p0000-E/GAO20240611t215009p0000-E_l3a-ime-ch4-mf-v1_ime-cmf-concentrations.tif,/data2/yuyao/methane_emission/data/raw_data_dir/S2B_MSIL2A_20240611T182919_N0510_R027_T11SLU_20240611T221421.SAFE,/data2/yuyao/methane_emission/carbonmapper_data_l89_l2sp/GAO20240611t215009p0000-E/l8_LC08_L2SP_041036_20240612_20250616_02_T1.tif,3.253712,17.77
GAO20240611t215009p0000-F,https://api.carbonmapper.org/api/v1/catalog/asset/l3a-vis-ch4-mf-v002/2024/06/11/GAO20240611t215009p0000-F/GAO20240611t215009p0000-F_l3a-vis-ch4-mf-v002_plume.tif,https://api.carbonmapper.org/api/v1/catalog/asset/l3a-ime-ch4-mf-v1/2024/06/11/GAO20240611t215009p0000-F/GAO20240611t215009p0000-F_l3a-ime-ch4-mf-v1_ime-cmf-concentrations.tif,/data2/yuyao/methane_emission/data/raw_data_dir/S2B_MSIL2A_20240611T182919_N0510_R027_T11SLU_20240611T221421.SAFE,/data2/yuyao/methane_emission/carbonmapper_data_l89_l2sp/GAO20240611t215009p0000-F/l8_LC08_L2SP_041036_20240612_20250616_02_T1.tif,3.253712,17.77
GAO20240611t215500p0000-A,https://api.carbonmapper.org/api/v1/catalog/asset/l3a-vis-ch4-mf-v002/2024/06/11/GAO20240611t215500p0000-A/GAO20240611t215500p0000-A_l3a-vis-ch4-mf-v002_plume.tif,https://api.carbonmapper.org/api/v1/catalog/asset/l3a-ime-ch4-mf-v1/2024/06/11/GAO20240611t215500p0000-A/GAO20240611t215500p0000-A_l3a-ime-ch4-mf-v1_ime-cmf-concentrations.tif,/data2/yuyao/methane_emission/data/raw_data_dir/S2B_MSIL2A_20240611T182919_N0510_R027_T11SLU_20240611T221421.SAFE,/data2/yuyao/methane_emission/carbonmapper_data_l89_l2sp/GAO20240611t215500p0000-A/l8_LC08_L2SP_041036_20240612_20250616_02_T1.tif,3.253712,17.77
GAO20240611t215500p0000-B,https://api.carbonmapper.org/api/v1/catalog/asset/l3a-vis-ch4-mf-v002/2024/06/11/GAO20240611t215500p0000-B/GAO20240611t215500p0000-B_l3a-vis-ch4-mf-v002_plume.tif,https://api.carbonmapper.org/api/v1/catalog/asset/l3a-ime-ch4-mf-v1/2024/06/11/GAO20240611t215500p0000-B/GAO20240611t215500p0000-B_l3a-ime-ch4-mf-v1_ime-cmf-concentrations.tif,/data2/yuyao/methane_emission/data/raw_data_dir/S2B_MSIL2A_20240611T182919_N0510_R027_T11SLT_20240611T221421.SAFE,/data2/yuyao/methane_emission/carbonmapper_data_l89_l2sp/GAO20240611t215500p0000-B/l8_LC08_L2SP_041036_20240612_20250616_02_T1.tif,77.560312,17.77
GAO20240611t215500p0000-C,https://api.carbonmapper.org/api/v1/catalog/asset/l3a-vis-ch4-mf-v002/2024/06/11/GAO20240611t215500p0000-C/GAO20240611t215500p0000-C_l3a-vis-ch4-mf-v002_plume.tif,https://api.carbonmapper.org/api/v1/catalog/asset/l3a-ime-ch4-mf-v1/2024/06/11/GAO20240611t215500p0000-C/GAO20240611t215500p0000-C_l3a-ime-ch4-mf-v1_ime-cmf-concentrations.tif,/data2/yuyao/methane_emission/data/raw_data_dir/S2B_MSIL2A_20240611T182919_N0510_R027_T11SLT_20240611T221421.SAFE,/data2/yuyao/methane_emission/carbonmapper_data_l89_l2sp/GAO20240611t215500p0000-C/l8_LC08_L2SP_041036_20240612_20250616_02_T1.tif,77.560312,17.77
GAO20240611t215500p0000-F,https://api.carbonmapper.org/api/v1/catalog/asset/l3a-vis-ch4-mf-v002/2024/06/11/GAO20240611t215500p0000-F/GAO20240611t215500p0000-F_l3a-vis-ch4-mf-v002_plume.tif,https://api.carbonmapper.org/api/v1/catalog/asset/l3a-ime-ch4-mf-v1/2024/06/11/GAO20240611t215500p0000-F/GAO20240611t215500p0000-F_l3a-ime-ch4-mf-v1_ime-cmf-concentrations.tif,/data2/yuyao/methane_emission/data/raw_data_dir/S2B_MSIL2A_20240611T182919_N0510_R027_T11SLT_20240611T221421.SAFE,/data2/yuyao/methane_emission/carbonmapper_data_l89_l2sp/GAO20240611t215500p0000-F/l8_LC08_L2SP_041036_20240612_20250616_02_T1.tif,77.560312,17.77
GAO20240611t215500p0000-H,https://api.carbonmapper.org/api/v1/catalog/asset/l3a-vis-ch4-mf-v002/2024/06/11/GAO20240611t215500p0000-H/GAO20240611t215500p0000-H_l3a-vis-ch4-mf-v002_plume.tif,https://api.carbonmapper.org/api/v1/catalog/asset/l3a-ime-ch4-mf-v1/2024/06/11/GAO20240611t215500p0000-H/GAO20240611t215500p0000-H_l3a-ime-ch4-mf-v1_ime-cmf-concentrations.tif,/data2/yuyao/methane_emission/data/raw_data_dir/S2B_MSIL2A_20240611T182919_N0510_R027_T11SLU_20240611T221421.SAFE,/data2/yuyao/methane_emission/carbonmapper_data_l89_l2sp/GAO20240611t215500p0000-H/l8_LC08_L2SP_041036_20240612_20250616_02_T1.tif,3.253712,17.77
GAO20240611t220309p0000-B,https://api.carbonmapper.org/api/v1/catalog/asset/l3a-vis-ch4-mf-v002/2024/06/11/GAO20240611t220309p0000-B/GAO20240611t220309p0000-B_l3a-vis-ch4-mf-v002_plume.tif,https://api.carbonmapper.org/api/v1/catalog/asset/l3a-ime-ch4-mf-v1/2024/06/11/GAO20240611t220309p0000-B/GAO20240611t220309p0000-B_l3a-ime-ch4-mf-v1_ime-cmf-concentrations.tif,/data2/yuyao/methane_emission/data/raw_data_dir/S2B_MSIL2A_20240611T182919_N0510_R027_T11SLT_20240611T221421.SAFE,/data2/yuyao/methane_emission/carbonmapper_data_l89_l2sp/GAO20240611t220309p0000-B/l8_LC08_L2SP_041036_20240612_20250616_02_T1.tif,77.560312,17.77
GAO20240611t220309p0000-C,https://api.carbonmapper.org/api/v1/catalog/asset/l3a-vis-ch4-mf-v002/2024/06/11/GAO20240611t220309p0000-C/GAO20240611t220309p0000-C_l3a-vis-ch4-mf-v002_plume.tif,https://api.carbonmapper.org/api/v1/catalog/asset/l3a-ime-ch4-mf-v1/2024/06/11/GAO20240611t220309p0000-C/GAO20240611t220309p0000-C_l3a-ime-ch4-mf-v1_ime-cmf-concentrations.tif,/data2/yuyao/methane_emission/data/raw_data_dir/S2B_MSIL2A_20240611T182919_N0510_R027_T11SLU_20240611T221421.SAFE,/data2/yuyao/methane_emission/carbonmapper_data_l89_l2sp/GAO20240611t220309p0000-C/l8_LC08_L2SP_041036_20240612_20250616_02_T1.tif,3.253712,17.77
GAO20240611t220309p0000-D,https://api.carbonmapper.org/api/v1/catalog/asset/l3a-vis-ch4-mf-v002/2024/06/11/GAO20240611t220309p0000-D/GAO20240611t220309p0000-D_l3a-vis-ch4-mf-v002_plume.tif,https://api.carbonmapper.org/api/v1/catalog/asset/l3a-ime-ch4-mf-v1/2024/06/11/GAO20240611t220309p0000-D/GAO20240611t220309p0000-D_l3a-ime-ch4-mf-v1_ime-cmf-concentrations.tif,/data2/yuyao/methane_emission/data/raw_data_dir/S2B_MSIL2A_20240611T182919_N0510_R027_T11SLU_20240611T221421.SAFE,/data2/yuyao/methane_emission/carbonmapper_data_l89_l2sp/GAO20240611t220309p0000-D/l8_LC08_L2SP_041036_20240612_20250616_02_T1.tif,3.253712,17.77
GAO20240611t220924p0000-A,https://api.carbonmapper.org/api/v1/catalog/asset/l3a-vis-ch4-mf-v002/2024/06/11/GAO20240611t220924p0000-A/GAO20240611t220924p0000-A_l3a-vis-ch4-mf-v002_plume.tif,https://api.carbonmapper.org/api/v1/catalog/asset/l3a-ime-ch4-mf-v1/2024/06/11/GAO20240611t220924p0000-A/GAO20240611t220924p0000-A_l3a-ime-ch4-mf-v1_ime-cmf-concentrations.tif,/data2/yuyao/methane_emission/data/raw_data_dir/S2B_MSIL2A_20240611T182919_N0510_R027_T11SLU_20240611T221421.SAFE,/data2/yuyao/methane_emission/carbonmapper_data_l89_l2sp/GAO20240611t220924p0000-A/l8_LC09_L2SP_042036_20240611_20240612_02_T1.tif,3.253712,47.86
GAO20240611t220924p0000-A,https://api.carbonmapper.org/api/v1/catalog/asset/l3a-vis-ch4-mf-v002/2024/06/11/GAO20240611t220924p0000-A/GAO20240611t220924p0000-A_l3a-vis-ch4-mf-v002_plume.tif,https://api.carbonmapper.org/api/v1/catalog/asset/l3a-ime-ch4-mf-v1/2024/06/11/GAO20240611t220924p0000-A/GAO20240611t220924p0000-A_l3a-ime-ch4-mf-v1_ime-cmf-concentrations.tif,/data2/yuyao/methane_emission/data/raw_data_dir/S2B_MSIL2A_20240611T182919_N0510_R027_T11SLU_20240611T221421.SAFE,/data2/yuyao/methane_emission/carbonmapper_data_l89_l2sp/GAO20240611t220924p0000-A/l8_LC08_L2SP_041036_20240612_20250616_02_T1.tif,3.253712,17.77
GAO20240611t220924p0000-C,https://api.carbonmapper.org/api/v1/catalog/asset/l3a-vis-ch4-mf-v002/2024/06/11/GAO20240611t220924p0000-C/GAO20240611t220924p0000-C_l3a-vis-ch4-mf-v002_plume.tif,https://api.carbonmapper.org/api/v1/catalog/asset/l3a-ime-ch4-mf-v1/2024/06/11/GAO20240611t220924p0000-C/GAO20240611t220924p0000-C_l3a-ime-ch4-mf-v1_ime-cmf-concentrations.tif,/data2/yuyao/methane_emission/data/raw_data_dir/S2B_MSIL2A_20240611T182919_N0510_R027_T11SLU_20240611T221421.SAFE,/data2/yuyao/methane_emission/carbonmapper_data_l89_l2sp/GAO20240611t220924p0000-C/l8_LC09_L2SP_042036_20240611_20240612_02_T1.tif,3.253712,47.86
GAO20240611t220924p0000-C,https://api.carbonmapper.org/api/v1/catalog/asset/l3a-vis-ch4-mf-v002/2024/06/11/GAO20240611t220924p0000-C/GAO20240611t220924p0000-C_l3a-vis-ch4-mf-v002_plume.tif,https://api.carbonmapper.org/api/v1/catalog/asset/l3a-ime-ch4-mf-v1/2024/06/11/GAO20240611t220924p0000-C/GAO20240611t220924p0000-C_l3a-ime-ch4-mf-v1_ime-cmf-concentrations.tif,/data2/yuyao/methane_emission/data/raw_data_dir/S2B_MSIL2A_20240611T182919_N0510_R027_T11SLU_20240611T221421.SAFE,/data2/yuyao/methane_emission/carbonmapper_data_l89_l2sp/GAO20240611t220924p0000-C/l8_LC08_L2SP_041036_20240612_20250616_02_T1.tif,3.253712,17.77
GAO20240611t221549p0000-A,https://api.carbonmapper.org/api/v1/catalog/asset/l3a-vis-ch4-mf-v002/2024/06/11/GAO20240611t221549p0000-A/GAO20240611t221549p0000-A_l3a-vis-ch4-mf-v002_plume.tif,https://api.carbonmapper.org/api/v1/catalog/asset/l3a-ime-ch4-mf-v1/2024/06/11/GAO20240611t221549p0000-A/GAO20240611t221549p0000-A_l3a-ime-ch4-mf-v1_ime-cmf-concentrations.tif,/data2/yuyao/methane_emission/data/raw_data_dir/S2B_MSIL2A_20240611T182919_N0510_R027_T11SLU_20240611T221421.SAFE,/data2/yuyao/methane_emission/carbonmapper_data_l89_l2sp/GAO20240611t221549p0000-A/l8_LC08_L2SP_041036_20240612_20250616_02_T1.tif,3.253712,17.77
GAO20240611t221549p0000-D,https://api.carbonmapper.org/api/v1/catalog/asset/l3a-vis-ch4-mf-v002/2024/06/11/GAO20240611t221549p0000-D/GAO20240611t221549p0000-D_l3a-vis-ch4-mf-v002_plume.tif,https://api.carbonmapper.org/api/v1/catalog/asset/l3a-ime-ch4-mf-v1/2024/06/11/GAO20240611t221549p0000-D/GAO20240611t221549p0000-D_l3a-ime-ch4-mf-v1_ime-cmf-concentrations.tif,/data2/yuyao/methane_emission/data/raw_data_dir/S2B_MSIL2A_20240611T182919_N0510_R027_T11SLU_20240611T221421.SAFE,/data2/yuyao/methane_emission/carbonmapper_data_l89_l2sp/GAO20240611t221549p0000-D/l8_LC08_L2SP_041036_20240612_20250616_02_T1.tif,3.253712,17.77
GAO20240611t222106p0000-B,https://api.carbonmapper.org/api/v1/catalog/asset/l3a-vis-ch4-mf-v002/2024/06/11/GAO20240611t222106p0000-B/GAO20240611t222106p0000-B_l3a-vis-ch4-mf-v002_plume.tif,https://api.carbonmapper.org/api/v1/catalog/asset/l3a-ime-ch4-mf-v1/2024/06/11/GAO20240611t222106p0000-B/GAO20240611t222106p0000-B_l3a-ime-ch4-mf-v1_ime-cmf-concentrations.tif,/data2/yuyao/methane_emission/data/raw_data_dir/S2B_MSIL2A_20240611T182919_N0510_R027_T11SLT_20240611T221421.SAFE,/data2/yuyao/methane_emission/carbonmapper_data_l89_l2sp/GAO20240611t222106p0000-B/l8_LC08_L2SP_041036_20240612_20250616_02_T1.tif,77.560312,17.77
GAO20240611t222106p0000-C,https://api.carbonmapper.org/api/v1/catalog/asset/l3a-vis-ch4-mf-v002/2024/06/11/GAO20240611t222106p0000-C/GAO20240611t222106p0000-C_l3a-vis-ch4-mf-v002_plume.tif,https://api.carbonmapper.org/api/v1/catalog/asset/l3a-ime-ch4-mf-v1/2024/06/11/GAO20240611t222106p0000-C/GAO20240611t222106p0000-C_l3a-ime-ch4-mf-v1_ime-cmf-concentrations.tif,/data2/yuyao/methane_emission/data/raw_data_dir/S2B_MSIL2A_20240611T182919_N0510_R027_T11SLT_20240611T221421.SAFE,/data2/yuyao/methane_emission/carbonmapper_data_l89_l2sp/GAO20240611t222106p0000-C/l8_LC08_L2SP_041036_20240612_20250616_02_T1.tif,77.560312,17.77
GAO20240611t222106p0000-D,https://api.carbonmapper.org/api/v1/catalog/asset/l3a-vis-ch4-mf-v002/2024/06/11/GAO20240611t222106p0000-D/GAO20240611t222106p0000-D_l3a-vis-ch4-mf-v002_plume.tif,https://api.carbonmapper.org/api/v1/catalog/asset/l3a-ime-ch4-mf-v1/2024/06/11/GAO20240611t222106p0000-D/GAO20240611t222106p0000-D_l3a-ime-ch4-mf-v1_ime-cmf-concentrations.tif,/data2/yuyao/methane_emission/data/raw_data_dir/S2B_MSIL2A_20240611T182919_N0510_R027_T11SLT_20240611T221421.SAFE,/data2/yuyao/methane_emission/carbonmapper_data_l89_l2sp/GAO20240611t222106p0000-D/l8_LC08_L2SP_041036_20240612_20250616_02_T1.tif,77.560312,17.77
GAO20240611t222106p0000-E,https://api.carbonmapper.org/api/v1/catalog/asset/l3a-vis-ch4-mf-v002/2024/06/11/GAO20240611t222106p0000-E/GAO20240611t222106p0000-E_l3a-vis-ch4-mf-v002_plume.tif,https://api.carbonmapper.org/api/v1/catalog/asset/l3a-ime-ch4-mf-v1/2024/06/11/GAO20240611t222106p0000-E/GAO20240611t222106p0000-E_l3a-ime-ch4-mf-v1_ime-cmf-concentrations.tif,/data2/yuyao/methane_emission/data/raw_data_dir/S2B_MSIL2A_20240611T182919_N0510_R027_T11SLU_20240611T221421.SAFE,/data2/yuyao/methane_emission/carbonmapper_data_l89_l2sp/GAO20240611t222106p0000-E/l8_LC08_L2SP_041036_20240612_20250616_02_T1.tif,3.253712,17.77
GAO20240611t222106p0000-F,https://api.carbonmapper.org/api/v1/catalog/asset/l3a-vis-ch4-mf-v002/2024/06/11/GAO20240611t222106p0000-F/GAO20240611t222106p0000-F_l3a-vis-ch4-mf-v002_plume.tif,https://api.carbonmapper.org/api/v1/catalog/asset/l3a-ime-ch4-mf-v1/2024/06/11/GAO20240611t222106p0000-F/GAO20240611t222106p0000-F_l3a-ime-ch4-mf-v1_ime-cmf-concentrations.tif,/data2/yuyao/methane_emission/data/raw_data_dir/S2B_MSIL2A_20240611T182919_N0510_R027_T11SLT_20240611T221421.SAFE,/data2/yuyao/methane_emission/carbonmapper_data_l89_l2sp/GAO20240611t222106p0000-F/l8_LC08_L2SP_041036_20240612_20250616_02_T1.tif,77.560312,17.77
GAO20240611t222905p0000-A,https://api.carbonmapper.org/api/v1/catalog/asset/l3a-vis-ch4-mf-v002/2024/06/11/GAO20240611t222905p0000-A/GAO20240611t222905p0000-A_l3a-vis-ch4-mf-v002_plume.tif,https://api.carbonmapper.org/api/v1/catalog/asset/l3a-ime-ch4-mf-v1/2024/06/11/GAO20240611t222905p0000-A/GAO20240611t222905p0000-A_l3a-ime-ch4-mf-v1_ime-cmf-concentrations.tif,/data2/yuyao/methane_emission/data/raw_data_dir/S2B_MSIL2A_20240611T182919_N0510_R027_T11SLT_20240611T221421.SAFE,/data2/yuyao/methane_emission/carbonmapper_data_l89_l2sp/GAO20240611t222905p0000-A/l8_LC08_L2SP_041036_20240612_20250616_02_T1.tif,77.560312,17.77
GAO20240611t222905p0000-C,https://api.carbonmapper.org/api/v1/catalog/asset/l3a-vis-ch4-mf-v002/2024/06/11/GAO20240611t222905p0000-C/GAO20240611t222905p0000-C_l3a-vis-ch4-mf-v002_plume.tif,https://api.carbonmapper.org/api/v1/catalog/asset/l3a-ime-ch4-mf-v1/2024/06/11/GAO20240611t222905p0000-C/GAO20240611t222905p0000-C_l3a-ime-ch4-mf-v1_ime-cmf-concentrations.tif,/data2/yuyao/methane_emission/data/raw_data_dir/S2B_MSIL2A_20240611T182919_N0510_R027_T11SLT_20240611T221421.SAFE,/data2/yuyao/methane_emission/carbonmapper_data_l89_l2sp/GAO20240611t222905p0000-C/l8_LC08_L2SP_041036_20240612_20250616_02_T1.tif,77.560312,17.77
GAO20240611t222905p0000-E,https://api.carbonmapper.org/api/v1/catalog/asset/l3a-vis-ch4-mf-v002/2024/06/11/GAO20240611t222905p0000-E/GAO20240611t222905p0000-E_l3a-vis-ch4-mf-v002_plume.tif,https://api.carbonmapper.org/api/v1/catalog/asset/l3a-ime-ch4-mf-v1/2024/06/11/GAO20240611t222905p0000-E/GAO20240611t222905p0000-E_l3a-ime-ch4-mf-v1_ime-cmf-concentrations.tif,/data2/yuyao/methane_emission/data/raw_data_dir/S2B_MSIL2A_20240611T182919_N0510_R027_T11SLU_20240611T221421.SAFE,/data2/yuyao/methane_emission/carbonmapper_data_l89_l2sp/GAO20240611t222905p0000-E/l8_LC08_L2SP_041036_20240612_20250616_02_T1.tif,3.253712,17.77
GAO20240611t223539p0000-A,https://api.carbonmapper.org/api/v1/catalog/asset/l3a-vis-ch4-mf-v002/2024/06/11/GAO20240611t223539p0000-A/GAO20240611t223539p0000-A_l3a-vis-ch4-mf-v002_plume.tif,https://api.carbonmapper.org/api/v1/catalog/asset/l3a-ime-ch4-mf-v1/2024/06/11/GAO20240611t223539p0000-A/GAO20240611t223539p0000-A_l3a-ime-ch4-mf-v1_ime-cmf-concentrations.tif,/data2/yuyao/methane_emission/data/raw_data_dir/S2B_MSIL2A_20240611T182919_N0510_R027_T11SLU_20240611T221421.SAFE,/data2/yuyao/methane_emission/carbonmapper_data_l89_l2sp/GAO20240611t223539p0000-A/l8_LC09_L2SP_042036_20240611_20240612_02_T1.tif,3.253712,47.86
GAO20240611t223539p0000-A,https://api.carbonmapper.org/api/v1/catalog/asset/l3a-vis-ch4-mf-v002/2024/06/11/GAO20240611t223539p0000-A/GAO20240611t223539p0000-A_l3a-vis-ch4-mf-v002_plume.tif,https://api.carbonmapper.org/api/v1/catalog/asset/l3a-ime-ch4-mf-v1/2024/06/11/GAO20240611t223539p0000-A/GAO20240611t223539p0000-A_l3a-ime-ch4-mf-v1_ime-cmf-concentrations.tif,/data2/yuyao/methane_emission/data/raw_data_dir/S2B_MSIL2A_20240611T182919_N0510_R027_T11SLU_20240611T221421.SAFE,/data2/yuyao/methane_emission/carbonmapper_data_l89_l2sp/GAO20240611t223539p0000-A/l8_LC08_L2SP_041036_20240612_20250616_02_T1.tif,3.253712,17.77
GAO20240611t223539p0000-B,https://api.carbonmapper.org/api/v1/catalog/asset/l3a-vis-ch4-mf-v002/2024/06/11/GAO20240611t223539p0000-B/GAO20240611t223539p0000-B_l3a-vis-ch4-mf-v002_plume.tif,https://api.carbonmapper.org/api/v1/catalog/asset/l3a-ime-ch4-mf-v1/2024/06/11/GAO20240611t223539p0000-B/GAO20240611t223539p0000-B_l3a-ime-ch4-mf-v1_ime-cmf-concentrations.tif,/data2/yuyao/methane_emission/data/raw_data_dir/S2B_MSIL2A_20240611T182919_N0510_R027_T11SLU_20240611T221421.SAFE,/data2/yuyao/methane_emission/carbonmapper_data_l89_l2sp/GAO20240611t223539p0000-B/l8_LC09_L2SP_042036_20240611_20240612_02_T1.tif,3.253712,47.86
GAO20240611t223539p0000-B,https://api.carbonmapper.org/api/v1/catalog/asset/l3a-vis-ch4-mf-v002/2024/06/11/GAO20240611t223539p0000-B/GAO20240611t223539p0000-B_l3a-vis-ch4-mf-v002_plume.tif,https://api.carbonmapper.org/api/v1/catalog/asset/l3a-ime-ch4-mf-v1/2024/06/11/GAO20240611t223539p0000-B/GAO20240611t223539p0000-B_l3a-ime-ch4-mf-v1_ime-cmf-concentrations.tif,/data2/yuyao/methane_emission/data/raw_data_dir/S2B_MSIL2A_20240611T182919_N0510_R027_T11SLU_20240611T221421.SAFE,/data2/yuyao/methane_emission/carbonmapper_data_l89_l2sp/GAO20240611t223539p0000-B/l8_LC08_L2SP_041036_20240612_20250616_02_T1.tif,3.253712,17.77
GAO20240611t224204p0000-A,https://api.carbonmapper.org/api/v1/catalog/asset/l3a-vis-ch4-mf-v002/2024/06/11/GAO20240611t224204p0000-A/GAO20240611t224204p0000-A_l3a-vis-ch4-mf-v002_plume.tif,https://api.carbonmapper.org/api/v1/catalog/asset/l3a-ime-ch4-mf-v1/2024/06/11/GAO20240611t224204p0000-A/GAO20240611t224204p0000-A_l3a-ime-ch4-mf-v1_ime-cmf-concentrations.tif,/data2/yuyao/methane_emission/data/raw_data_dir/S2B_MSIL2A_20240611T182919_N0510_R027_T11SLU_20240611T221421.SAFE,/data2/yuyao/methane_emission/carbonmapper_data_l89_l2sp/GAO20240611t224204p0000-A/l8_LC08_L2SP_041036_20240612_20250616_02_T1.tif,3.253712,17.77
GAO20240611t224204p0000-C,https://api.carbonmapper.org/api/v1/catalog/asset/l3a-vis-ch4-mf-v002/2024/06/11/GAO20240611t224204p0000-C/GAO20240611t224204p0000-C_l3a-vis-ch4-mf-v002_plume.tif,https://api.carbonmapper.org/api/v1/catalog/asset/l3a-ime-ch4-mf-v1/2024/06/11/GAO20240611t224204p0000-C/GAO20240611t224204p0000-C_l3a-ime-ch4-mf-v1_ime-cmf-concentrations.tif,/data2/yuyao/methane_emission/data/raw_data_dir/S2B_MSIL2A_20240611T182919_N0510_R027_T11SLU_20240611T221421.SAFE,/data2/yuyao/methane_emission/carbonmapper_data_l89_l2sp/GAO20240611t224204p0000-C/l8_LC08_L2SP_041036_20240612_20250616_02_T1.tif,3.253712,17.77
GAO20240611t224204p0000-D,https://api.carbonmapper.org/api/v1/catalog/asset/l3a-vis-ch4-mf-v002/2024/06/11/GAO20240611t224204p0000-D/GAO20240611t224204p0000-D_l3a-vis-ch4-mf-v002_plume.tif,https://api.carbonmapper.org/api/v1/catalog/asset/l3a-ime-ch4-mf-v1/2024/06/11/GAO20240611t224204p0000-D/GAO20240611t224204p0000-D_l3a-ime-ch4-mf-v1_ime-cmf-concentrations.tif,/data2/yuyao/methane_emission/data/raw_data_dir/S2B_MSIL2A_20240611T182919_N0510_R027_T11SLU_20240611T221421.SAFE,/data2/yuyao/methane_emission/carbonmapper_data_l89_l2sp/GAO20240611t224204p0000-D/l8_LC08_L2SP_041036_20240612_20250616_02_T1.tif,3.253712,17.77
GAO20240611t224700p0000-A,https://api.carbonmapper.org/api/v1/catalog/asset/l3a-vis-ch4-mf-v002/2024/06/11/GAO20240611t224700p0000-A/GAO20240611t224700p0000-A_l3a-vis-ch4-mf-v002_plume.tif,https://api.carbonmapper.org/api/v1/catalog/asset/l3a-ime-ch4-mf-v1/2024/06/11/GAO20240611t224700p0000-A/GAO20240611t224700p0000-A_l3a-ime-ch4-mf-v1_ime-cmf-concentrations.tif,/data2/yuyao/methane_emission/data/raw_data_dir/S2B_MSIL2A_20240611T182919_N0510_R027_T11SLU_20240611T221421.SAFE,/data2/yuyao/methane_emission/carbonmapper_data_l89_l2sp/GAO20240611t224700p0000-A/l8_LC08_L2SP_041036_20240612_20250616_02_T1.tif,3.253712,17.77
GAO20240611t224700p0000-B,https://api.carbonmapper.org/api/v1/catalog/asset/l3a-vis-ch4-mf-v002/2024/06/11/GAO20240611t224700p0000-B/GAO20240611t224700p0000-B_l3a-vis-ch4-mf-v002_plume.tif,https://api.carbonmapper.org/api/v1/catalog/asset/l3a-ime-ch4-mf-v1/2024/06/11/GAO20240611t224700p0000-B/GAO20240611t224700p0000-B_l3a-ime-ch4-mf-v1_ime-cmf-concentrations.tif,/data2/yuyao/methane_emission/data/raw_data_dir/S2B_MSIL2A_20240611T182919_N0510_R027_T11SLT_20240611T221421.SAFE,/data2/yuyao/methane_emission/carbonmapper_data_l89_l2sp/GAO20240611t224700p0000-B/l8_LC08_L2SP_041036_20240612_20250616_02_T1.tif,77.560312,17.77
GAO20240611t224700p0000-C,https://api.carbonmapper.org/api/v1/catalog/asset/l3a-vis-ch4-mf-v002/2024/06/11/GAO20240611t224700p0000-C/GAO20240611t224700p0000-C_l3a-vis-ch4-mf-v002_plume.tif,https://api.carbonmapper.org/api/v1/catalog/asset/l3a-ime-ch4-mf-v1/2024/06/11/GAO20240611t224700p0000-C/GAO20240611t224700p0000-C_l3a-ime-ch4-mf-v1_ime-cmf-concentrations.tif,/data2/yuyao/methane_emission/data/raw_data_dir/S2B_MSIL2A_20240611T182919_N0510_R027_T11SLU_20240611T221421.SAFE,/data2/yuyao/methane_emission/carbonmapper_data_l89_l2sp/GAO20240611t224700p0000-C/l8_LC08_L2SP_041036_20240612_20250616_02_T1.tif,3.253712,17.77
GAO20240611t224700p0000-F,https://api.carbonmapper.org/api/v1/catalog/asset/l3a-vis-ch4-mf-v002/2024/06/11/GAO20240611t224700p0000-F/GAO20240611t224700p0000-F_l3a-vis-ch4-mf-v002_plume.tif,https://api.carbonmapper.org/api/v1/catalog/asset/l3a-ime-ch4-mf-v1/2024/06/11/GAO20240611t224700p0000-F/GAO20240611t224700p0000-F_l3a-ime-ch4-mf-v1_ime-cmf-concentrations.tif,/data2/yuyao/methane_emission/data/raw_data_dir/S2B_MSIL2A_20240611T182919_N0510_R027_T11SLU_20240611T221421.SAFE,/data2/yuyao/methane_emission/carbonmapper_data_l89_l2sp/GAO20240611t224700p0000-F/l8_LC08_L2SP_041036_20240612_20250616_02_T1.tif,3.253712,17.77
ang20160925t201200-A,https://api.carbonmapper.org/api/v1/catalog/asset/l3a-vis-ch4-mf-v002/2016/09/25/ang20160925t201200-A/ang20160925t201200-A_l3a-vis-ch4-mf-v002_plume.tif,https://api.carbonmapper.org/api/v1/catalog/asset/l3a-ch4-mf-v1/2016/09/25/ang20160925t201200-A/ang20160925t201200-A_l3a-ch4-mf-v1_concentrations.tif,/data2/yuyao/methane_emission/data/raw_data_dir/S2A_MSIL2A_20160926T183122_N0500_R027_T11SLU_20230929T205418.SAFE,/data2/yuyao/methane_emission/carbonmapper_data_l89_l2sp/ang20160925t201200-A/l8_LC08_L2SP_041036_20160926_20200906_02_T1.tif,0.003869,0.01
ang20160925t201200-C,https://api.carbonmapper.org/api/v1/catalog/asset/l3a-vis-ch4-mf-v002/2016/09/25/ang20160925t201200-C/ang20160925t201200-C_l3a-vis-ch4-mf-v002_plume.tif,https://api.carbonmapper.org/api/v1/catalog/asset/l3a-ch4-mf-v1/2016/09/25/ang20160925t201200-C/ang20160925t201200-C_l3a-ch4-mf-v1_concentrations.tif,/data2/yuyao/methane_emission/data/raw_data_dir/S2A_MSIL2A_20160926T183122_N0500_R027_T11SLU_20230929T205418.SAFE,/data2/yuyao/methane_emission/carbonmapper_data_l89_l2sp/ang20160925t201200-C/l8_LC08_L2SP_041036_20160926_20200906_02_T1.tif,0.003869,0.01
ang20161006t175913-A,https://api.carbonmapper.org/api/v1/catalog/asset/l3a-vis-ch4-mf-v002/2016/10/06/ang20161006t175913-A/ang20161006t175913-A_l3a-vis-ch4-mf-v002_plume.tif,https://api.carbonmapper.org/api/v1/catalog/asset/l3a-ch4-mf-v1/2016/10/06/ang20161006t175913-A/ang20161006t175913-A_l3a-ch4-mf-v1_concentrations.tif,/data2/yuyao/methane_emission/data/raw_data_dir/S2A_MSIL2A_20161006T184422_N0500_R027_T11SMT_20230922T114844.SAFE,/data2/yuyao/methane_emission/carbonmapper_data_l89_l2sp/ang20161006t175913-A/l8_LC08_L2SP_040037_20161005_20200906_02_T1.tif,0.0077669999999999,5.11
ang20161006t175913-A,https://api.carbonmapper.org/api/v1/catalog/asset/l3a-vis-ch4-mf-v002/2016/10/06/ang20161006t175913-A/ang20161006t175913-A_l3a-vis-ch4-mf-v002_plume.tif,https://api.carbonmapper.org/api/v1/catalog/asset/l3a-ch4-mf-v1/2016/10/06/ang20161006t175913-A/ang20161006t175913-A_l3a-ch4-mf-v1_concentrations.tif,/data2/yuyao/methane_emission/data/raw_data_dir/S2A_MSIL2A_20161006T184422_N0500_R027_T11SMT_20230922T114844.SAFE,/data2/yuyao/methane_emission/carbonmapper_data_l89_l2sp/ang20161006t175913-A/l8_LC08_L2SP_040036_20161005_20200906_02_T1.tif,0.0077669999999999,3.61
ang20161006t180917-A,https://api.carbonmapper.org/api/v1/catalog/asset/l3a-vis-ch4-mf-v002/2016/10/06/ang20161006t180917-A/ang20161006t180917-A_l3a-vis-ch4-mf-v002_plume.tif,https://api.carbonmapper.org/api/v1/catalog/asset/l3a-ch4-mf-v1/2016/10/06/ang20161006t180917-A/ang20161006t180917-A_l3a-ch4-mf-v1_concentrations.tif,/data2/yuyao/methane_emission/data/raw_data_dir/S2A_MSIL2A_20161006T184422_N0500_R027_T11SMT_20230922T114844.SAFE,/data2/yuyao/methane_emission/carbonmapper_data_l89_l2sp/ang20161006t180917-A/l8_LC08_L2SP_040037_20161005_20200906_02_T1.tif,0.0077669999999999,5.11
ang20161006t180917-A,https://api.carbonmapper.org/api/v1/catalog/asset/l3a-vis-ch4-mf-v002/2016/10/06/ang20161006t180917-A/ang20161006t180917-A_l3a-vis-ch4-mf-v002_plume.tif,https://api.carbonmapper.org/api/v1/catalog/asset/l3a-ch4-mf-v1/2016/10/06/ang20161006t180917-A/ang20161006t180917-A_l3a-ch4-mf-v1_concentrations.tif,/data2/yuyao/methane_emission/data/raw_data_dir/S2A_MSIL2A_20161006T184422_N0500_R027_T11SMT_20230922T114844.SAFE,/data2/yuyao/methane_emission/carbonmapper_data_l89_l2sp/ang20161006t180917-A/l8_LC08_L2SP_040036_20161005_20200906_02_T1.tif,0.0077669999999999,3.61
ang20161006t180917-B,https://api.carbonmapper.org/api/v1/catalog/asset/l3a-vis-ch4-mf-v002/2016/10/06/ang20161006t180917-B/ang20161006t180917-B_l3a-vis-ch4-mf-v002_plume.tif,https://api.carbonmapper.org/api/v1/catalog/asset/l3a-ch4-mf-v1/2016/10/06/ang20161006t180917-B/ang20161006t180917-B_l3a-ch4-mf-v1_concentrations.tif,/data2/yuyao/methane_emission/data/raw_data_dir/S2A_MSIL2A_20161006T184422_N0500_R027_T11SMT_20230922T114844.SAFE,/data2/yuyao/methane_emission/carbonmapper_data_l89_l2sp/ang20161006t180917-B/l8_LC08_L2SP_040037_20161005_20200906_02_T1.tif,0.0077669999999999,5.11
ang20161006t180917-B,https://api.carbonmapper.org/api/v1/catalog/asset/l3a-vis-ch4-mf-v002/2016/10/06/ang20161006t180917-B/ang20161006t180917-B_l3a-vis-ch4-mf-v002_plume.tif,https://api.carbonmapper.org/api/v1/catalog/asset/l3a-ch4-mf-v1/2016/10/06/ang20161006t180917-B/ang20161006t180917-B_l3a-ch4-mf-v1_concentrations.tif,/data2/yuyao/methane_emission/data/raw_data_dir/S2A_MSIL2A_20161006T184422_N0500_R027_T11SMT_20230922T114844.SAFE,/data2/yuyao/methane_emission/carbonmapper_data_l89_l2sp/ang20161006t180917-B/l8_LC08_L2SP_040036_20161005_20200906_02_T1.tif,0.0077669999999999,3.61
ang20161006t180917-C,https://api.carbonmapper.org/api/v1/catalog/asset/l3a-vis-ch4-mf-v002/2016/10/06/ang20161006t180917-C/ang20161006t180917-C_l3a-vis-ch4-mf-v002_plume.tif,,/data2/yuyao/methane_emission/data/raw_data_dir/S2A_MSIL2A_20161006T184422_N0500_R027_T11SMT_20230922T114844.SAFE,/data2/yuyao/methane_emission/carbonmapper_data_l89_l2sp/ang20161006t180917-C/l8_LC08_L2SP_040037_20161005_20200906_02_T1.tif,0.0077669999999999,5.11
ang20161006t180917-C,https://api.carbonmapper.org/api/v1/catalog/asset/l3a-vis-ch4-mf-v002/2016/10/06/ang20161006t180917-C/ang20161006t180917-C_l3a-vis-ch4-mf-v002_plume.tif,,/data2/yuyao/methane_emission/data/raw_data_dir/S2A_MSIL2A_20161006T184422_N0500_R027_T11SMT_20230922T114844.SAFE,/data2/yuyao/methane_emission/carbonmapper_data_l89_l2sp/ang20161006t180917-C/l8_LC08_L2SP_040036_20161005_20200906_02_T1.tif,0.0077669999999999,3.61
ang20161006t181839-B,https://api.carbonmapper.org/api/v1/catalog/asset/l3a-vis-ch4-mf-v002/2016/10/06/ang20161006t181839-B/ang20161006t181839-B_l3a-vis-ch4-mf-v002_plume.tif,https://api.carbonmapper.org/api/v1/catalog/asset/l3a-ch4-mf-v1/2016/10/06/ang20161006t181839-B/ang20161006t181839-B_l3a-ch4-mf-v1_concentrations.tif,/data2/yuyao/methane_emission/data/raw_data_dir/S2A_MSIL2A_20161006T184422_N0500_R027_T11SMT_20230922T114844.SAFE,/data2/yuyao/methane_emission/carbonmapper_data_l89_l2sp/ang20161006t181839-B/l8_LC08_L2SP_040037_20161005_20200906_02_T1.tif,0.0077669999999999,5.11
ang20161006t181839-B,https://api.carbonmapper.org/api/v1/catalog/asset/l3a-vis-ch4-mf-v002/2016/10/06/ang20161006t181839-B/ang20161006t181839-B_l3a-vis-ch4-mf-v002_plume.tif,https://api.carbonmapper.org/api/v1/catalog/asset/l3a-ch4-mf-v1/2016/10/06/ang20161006t181839-B/ang20161006t181839-B_l3a-ch4-mf-v1_concentrations.tif,/data2/yuyao/methane_emission/data/raw_data_dir/S2A_MSIL2A_20161006T184422_N0500_R027_T11SMT_20230922T114844.SAFE,/data2/yuyao/methane_emission/carbonmapper_data_l89_l2sp/ang20161006t181839-B/l8_LC08_L2SP_040036_20161005_20200906_02_T1.tif,0.0077669999999999,3.61
ang20170615t234922-A,https://api.carbonmapper.org/api/v1/catalog/asset/l3a-vis-ch4-mf-v002/2017/06/15/ang20170615t234922-A/ang20170615t234922-A_l3a-vis-ch4-mf-v002_plume.tif,,/data2/yuyao/methane_emission/data/raw_data_dir/S2A_MSIL2A_20170616T185431_N0500_R070_T11SLU_20230902T090912.SAFE,/data2/yuyao/methane_emission/carbonmapper_data_l89_l2sp/ang20170615t234922-A/l8_LC08_L2SP_042035_20170616_20200903_02_T1.tif,0.041466,1.12
ang20170615t234922-A,https://api.carbonmapper.org/api/v1/catalog/asset/l3a-vis-ch4-mf-v002/2017/06/15/ang20170615t234922-A/ang20170615t234922-A_l3a-vis-ch4-mf-v002_plume.tif,,/data2/yuyao/methane_emission/data/raw_data_dir/S2A_MSIL2A_20170616T185431_N0500_R070_T11SLU_20230902T090912.SAFE,/data2/yuyao/methane_emission/carbonmapper_data_l89_l2sp/ang20170615t234922-A/l8_LC08_L2SP_042036_20170616_20200903_02_T1.tif,0.041466,16.51
ang20170615t234922-A,https://api.carbonmapper.org/api/v1/catalog/asset/l3a-vis-ch4-mf-v002/2017/06/15/ang20170615t234922-A/ang20170615t234922-A_l3a-vis-ch4-mf-v002_plume.tif,,/data2/yuyao/methane_emission/data/raw_data_dir/S2A_MSIL2A_20170616T185431_N0500_R070_T11SKV_20230902T090912.SAFE,/data2/yuyao/methane_emission/carbonmapper_data_l89_l2sp/ang20170615t234922-A/l8_LC08_L2SP_042035_20170616_20200903_02_T1.tif,0.0877479999999999,1.12
ang20170615t234922-A,https://api.carbonmapper.org/api/v1/catalog/asset/l3a-vis-ch4-mf-v002/2017/06/15/ang20170615t234922-A/ang20170615t234922-A_l3a-vis-ch4-mf-v002_plume.tif,,/data2/yuyao/methane_emission/data/raw_data_dir/S2A_MSIL2A_20170616T185431_N0500_R070_T11SKV_20230902T090912.SAFE,/data2/yuyao/methane_emission/carbonmapper_data_l89_l2sp/ang20170615t234922-A/l8_LC08_L2SP_042036_20170616_20200903_02_T1.tif,0.0877479999999999,16.51
ang20170615t234922-A,https://api.carbonmapper.org/api/v1/catalog/asset/l3a-vis-ch4-mf-v002/2017/06/15/ang20170615t234922-A/ang20170615t234922-A_l3a-vis-ch4-mf-v002_plume.tif,,/data2/yuyao/methane_emission/data/raw_data_dir/S2A_MSIL2A_20170616T185431_N0500_R070_T11SKU_20230902T090912.SAFE,/data2/yuyao/methane_emission/carbonmapper_data_l89_l2sp/ang20170615t234922-A/l8_LC08_L2SP_042035_20170616_20200903_02_T1.tif,1.756106,1.12
ang20170615t234922-A,https://api.carbonmapper.org/api/v1/catalog/asset/l3a-vis-ch4-mf-v002/2017/06/15/ang20170615t234922-A/ang20170615t234922-A_l3a-vis-ch4-mf-v002_plume.tif,,/data2/yuyao/methane_emission/data/raw_data_dir/S2A_MSIL2A_20170616T185431_N0500_R070_T11SKU_20230902T090912.SAFE,/data2/yuyao/methane_emission/carbonmapper_data_l89_l2sp/ang20170615t234922-A/l8_LC08_L2SP_042036_20170616_20200903_02_T1.tif,1.756106,16.51
ang20170615t234922-C,https://api.carbonmapper.org/api/v1/catalog/asset/l3a-vis-ch4-mf-v002/2017/06/15/ang20170615t234922-C/ang20170615t234922-C_l3a-vis-ch4-mf-v002_plume.tif,,/data2/yuyao/methane_emission/data/raw_data_dir/S2A_MSIL2A_20170616T185431_N0500_R070_T11SLV_20230902T090912.SAFE,/data2/yuyao/methane_emission/carbonmapper_data_l89_l2sp/ang20170615t234922-C/l8_LC08_L2SP_042035_20170616_20200903_02_T1.tif,0.004553,1.12
ang20170615t234922-C,https://api.carbonmapper.org/api/v1/catalog/asset/l3a-vis-ch4-mf-v002/2017/06/15/ang20170615t234922-C/ang20170615t234922-C_l3a-vis-ch4-mf-v002_plume.tif,,/data2/yuyao/methane_emission/data/raw_data_dir/S2A_MSIL2A_20170616T185431_N0500_R070_T11SLV_20230902T090912.SAFE,/data2/yuyao/methane_emission/carbonmapper_data_l89_l2sp/ang20170615t234922-C/l8_LC08_L2SP_042036_20170616_20200903_02_T1.tif,0.004553,16.51
ang20170615t234922-C,https://api.carbonmapper.org/api/v1/catalog/asset/l3a-vis-ch4-mf-v002/2017/06/15/ang20170615t234922-C/ang20170615t234922-C_l3a-vis-ch4-mf-v002_plume.tif,,/data2/yuyao/methane_emission/data/raw_data_dir/S2A_MSIL2A_20170616T185431_N0500_R070_T11SKV_20230902T090912.SAFE,/data2/yuyao/methane_emission/carbonmapper_data_l89_l2sp/ang20170615t234922-C/l8_LC08_L2SP_042035_20170616_20200903_02_T1.tif,0.0877479999999999,1.12
ang20170615t234922-C,https://api.carbonmapper.org/api/v1/catalog/asset/l3a-vis-ch4-mf-v002/2017/06/15/ang20170615t234922-C/ang20170615t234922-C_l3a-vis-ch4-mf-v002_plume.tif,,/data2/yuyao/methane_emission/data/raw_data_dir/S2A_MSIL2A_20170616T185431_N0500_R070_T11SKV_20230902T090912.SAFE,/data2/yuyao/methane_emission/carbonmapper_data_l89_l2sp/ang20170615t234922-C/l8_LC08_L2SP_042036_20170616_20200903_02_T1.tif,0.0877479999999999,16.51
ang20170615t234922-D,https://api.carbonmapper.org/api/v1/catalog/asset/l3a-vis-ch4-mf-v002/2017/06/15/ang20170615t234922-D/ang20170615t234922-D_l3a-vis-ch4-mf-v002_plume.tif,,/data2/yuyao/methane_emission/data/raw_data_dir/S2A_MSIL2A_20170616T185431_N0500_R070_T11SLU_20230902T090912.SAFE,/data2/yuyao/methane_emission/carbonmapper_data_l89_l2sp/ang20170615t234922-D/l8_LC08_L2SP_042035_20170616_20200903_02_T1.tif,0.041466,1.12
ang20170615t234922-D,https://api.carbonmapper.org/api/v1/catalog/asset/l3a-vis-ch4-mf-v002/2017/06/15/ang20170615t234922-D/ang20170615t234922-D_l3a-vis-ch4-mf-v002_plume.tif,,/data2/yuyao/methane_emission/data/raw_data_dir/S2A_MSIL2A_20170616T185431_N0500_R070_T11SLU_20230902T090912.SAFE,/data2/yuyao/methane_emission/carbonmapper_data_l89_l2sp/ang20170615t234922-D/l8_LC08_L2SP_042036_20170616_20200903_02_T1.tif,0.041466,16.51
ang20170615t234922-D,https://api.carbonmapper.org/api/v1/catalog/asset/l3a-vis-ch4-mf-v002/2017/06/15/ang20170615t234922-D/ang20170615t234922-D_l3a-vis-ch4-mf-v002_plume.tif,,/data2/yuyao/methane_emission/data/raw_data_dir/S2A_MSIL2A_20170616T185431_N0500_R070_T11SLV_20230902T090912.SAFE,/data2/yuyao/methane_emission/carbonmapper_data_l89_l2sp/ang20170615t234922-D/l8_LC08_L2SP_042035_20170616_20200903_02_T1.tif,0.004553,1.12
ang20170615t234922-D,https://api.carbonmapper.org/api/v1/catalog/asset/l3a-vis-ch4-mf-v002/2017/06/15/ang20170615t234922-D/ang20170615t234922-D_l3a-vis-ch4-mf-v002_plume.tif,,/data2/yuyao/methane_emission/data/raw_data_dir/S2A_MSIL2A_20170616T185431_N0500_R070_T11SLV_20230902T090912.SAFE,/data2/yuyao/methane_emission/carbonmapper_data_l89_l2sp/ang20170615t234922-D/l8_LC08_L2SP_042036_20170616_20200903_02_T1.tif,0.004553,16.51
ang20170616t194729-B,https://api.carbonmapper.org/api/v1/catalog/asset/l3a-vis-ch4-mf-v002/2017/06/16/ang20170616t194729-B/ang20170616t194729-B_l3a-vis-ch4-mf-v002_plume.tif,,/data2/yuyao/methane_emission/data/raw_data_dir/S2A_MSIL2A_20170616T185431_N0500_R070_T11SLU_20230902T090912.SAFE,/data2/yuyao/methane_emission/carbonmapper_data_l89_l2sp/ang20170616t194729-B/l8_LC08_L2SP_042036_20170616_20200903_02_T1.tif,0.041466,16.51
ang20170616t195956-A,https://api.carbonmapper.org/api/v1/catalog/asset/l3a-vis-ch4-mf-v002/2017/06/16/ang20170616t195956-A/ang20170616t195956-A_l3a-vis-ch4-mf-v002_plume.tif,,/data2/yuyao/methane_emission/data/raw_data_dir/S2A_MSIL2A_20170616T185431_N0500_R070_T11SLU_20230902T090912.SAFE,/data2/yuyao/methane_emission/carbonmapper_data_l89_l2sp/ang20170616t195956-A/l8_LC08_L2SP_042036_20170616_20200903_02_T1.tif,0.041466,16.51
ang20170616t195956-E,https://api.carbonmapper.org/api/v1/catalog/asset/l3a-vis-ch4-mf-v002/2017/06/16/ang20170616t195956-E/ang20170616t195956-E_l3a-vis-ch4-mf-v002_plume.tif,,/data2/yuyao/methane_emission/data/raw_data_dir/S2A_MSIL2A_20170616T185431_N0500_R070_T11SKU_20230902T090912.SAFE,/data2/yuyao/methane_emission/carbonmapper_data_l89_l2sp/ang20170616t195956-E/l8_LC08_L2SP_042036_20170616_20200903_02_T1.tif,1.756106,16.51
ang20170616t200614-A,https://api.carbonmapper.org/api/v1/catalog/asset/l3a-vis-ch4-mf-v002/2017/06/16/ang20170616t200614-A/ang20170616t200614-A_l3a-vis-ch4-mf-v002_plume.tif,,/data2/yuyao/methane_emission/data/raw_data_dir/S2A_MSIL2A_20170616T185431_N0500_R070_T11SKU_20230902T090912.SAFE,/data2/yuyao/methane_emission/carbonmapper_data_l89_l2sp/ang20170616t200614-A/l8_LC08_L2SP_042036_20170616_20200903_02_T1.tif,1.756106,16.51
ang20170616t200614-C,https://api.carbonmapper.org/api/v1/catalog/asset/l3a-vis-ch4-mf-v002/2017/06/16/ang20170616t200614-C/ang20170616t200614-C_l3a-vis-ch4-mf-v002_plume.tif,,/data2/yuyao/methane_emission/data/raw_data_dir/S2A_MSIL2A_20170616T185431_N0500_R070_T11SKU_20230902T090912.SAFE,/data2/yuyao/methane_emission/carbonmapper_data_l89_l2sp/ang20170616t200614-C/l8_LC08_L2SP_042036_20170616_20200903_02_T1.tif,1.756106,16.51
ang20170616t200614-D,https://api.carbonmapper.org/api/v1/catalog/asset/l3a-vis-ch4-mf-v002/2017/06/16/ang20170616t200614-D/ang20170616t200614-D_l3a-vis-ch4-mf-v002_plume.tif,,/data2/yuyao/methane_emission/data/raw_data_dir/S2A_MSIL2A_20170616T185431_N0500_R070_T11SKU_20230902T090912.SAFE,/data2/yuyao/methane_emission/carbonmapper_data_l89_l2sp/ang20170616t200614-D/l8_LC08_L2SP_042036_20170616_20200903_02_T1.tif,1.756106,16.51
ang20170616t201635-C,https://api.carbonmapper.org/api/v1/catalog/asset/l3a-vis-ch4-mf-v002/2017/06/16/ang20170616t201635-C/ang20170616t201635-C_l3a-vis-ch4-mf-v002_plume.tif,,/data2/yuyao/methane_emission/data/raw_data_dir/S2A_MSIL2A_20170616T185431_N0500_R070_T11SKV_20230902T090912.SAFE,/data2/yuyao/methane_emission/carbonmapper_data_l89_l2sp/ang20170616t201635-C/l8_LC08_L2SP_042035_20170616_20200903_02_T1.tif,0.0877479999999999,1.12
ang20170616t202241-A,https://api.carbonmapper.org/api/v1/catalog/asset/l3a-vis-ch4-mf-v002/2017/06/16/ang20170616t202241-A/ang20170616t202241-A_l3a-vis-ch4-mf-v002_plume.tif,,/data2/yuyao/methane_emission/data/raw_data_dir/S2A_MSIL2A_20170616T185431_N0500_R070_T11SKV_20230902T090912.SAFE,/data2/yuyao/methane_emission/carbonmapper_data_l89_l2sp/ang20170616t202241-A/l8_LC08_L2SP_042035_20170616_20200903_02_T1.tif,0.0877479999999999,1.12
ang20170905t181208-A,https://api.carbonmapper.org/api/v1/catalog/asset/l3a-vis-ch4-mf-v002/2017/09/05/ang20170905t181208-A/ang20170905t181208-A_l3a-vis-ch4-mf-v002_plume.tif,https://api.carbonmapper.org/api/v1/catalog/asset/l3a-ch4-mf-v1/2017/09/05/ang20170905t181208-A/ang20170905t181208-A_l3a-ch4-mf-v1_concentrations.tif,/data2/yuyao/methane_emission/data/raw_data_dir/S2A_MSIL2A_20170904T185431_N0500_R070_T11SLV_20230830T141326.SAFE,/data2/yuyao/methane_emission/carbonmapper_data_l89_l2sp/ang20170905t181208-A/l8_LC08_L2SP_042035_20170904_20200903_02_T1.tif,36.653945,45.45
ang20170905t181208-B,https://api.carbonmapper.org/api/v1/catalog/asset/l3a-vis-ch4-mf-v002/2017/09/05/ang20170905t181208-B/ang20170905t181208-B_l3a-vis-ch4-mf-v002_plume.tif,https://api.carbonmapper.org/api/v1/catalog/asset/l3a-ch4-mf-v1/2017/09/05/ang20170905t181208-B/ang20170905t181208-B_l3a-ch4-mf-v1_concentrations.tif,/data2/yuyao/methane_emission/data/raw_data_dir/S2A_MSIL2A_20170904T185431_N0500_R070_T11SLV_20230830T141326.SAFE,/data2/yuyao/methane_emission/carbonmapper_data_l89_l2sp/ang20170905t181208-B/l8_LC08_L2SP_042035_20170904_20200903_02_T1.tif,36.653945,45.45
ang20170905t181928-A,https://api.carbonmapper.org/api/v1/catalog/asset/l3a-vis-ch4-mf-v002/2017/09/05/ang20170905t181928-A/ang20170905t181928-A_l3a-vis-ch4-mf-v002_plume.tif,https://api.carbonmapper.org/api/v1/catalog/asset/l3a-ch4-mf-v1/2017/09/05/ang20170905t181928-A/ang20170905t181928-A_l3a-ch4-mf-v1_concentrations.tif,/data2/yuyao/methane_emission/data/raw_data_dir/S2A_MSIL2A_20170904T185431_N0500_R070_T11SLV_20230830T141326.SAFE,/data2/yuyao/methane_emission/carbonmapper_data_l89_l2sp/ang20170905t181928-A/l8_LC08_L2SP_042035_20170904_20200903_02_T1.tif,36.653945,45.45
ang20170905t181928-B,https://api.carbonmapper.org/api/v1/catalog/asset/l3a-vis-ch4-mf-v002/2017/09/05/ang20170905t181928-B/ang20170905t181928-B_l3a-vis-ch4-mf-v002_plume.tif,https://api.carbonmapper.org/api/v1/catalog/asset/l3a-ch4-mf-v1/2017/09/05/ang20170905t181928-B/ang20170905t181928-B_l3a-ch4-mf-v1_concentrations.tif,/data2/yuyao/methane_emission/data/raw_data_dir/S2A_MSIL2A_20170904T185431_N0500_R070_T11SLV_20230830T141326.SAFE,/data2/yuyao/methane_emission/carbonmapper_data_l89_l2sp/ang20170905t181928-B/l8_LC08_L2SP_042035_20170904_20200903_02_T1.tif,36.653945,45.45
ang20170905t183328-A,https://api.carbonmapper.org/api/v1/catalog/asset/l3a-vis-ch4-mf-v002/2017/09/05/ang20170905t183328-A/ang20170905t183328-A_l3a-vis-ch4-mf-v002_plume.tif,,/data2/yuyao/methane_emission/data/raw_data_dir/S2A_MSIL2A_20170904T185431_N0500_R070_T11SLV_20230830T141326.SAFE,/data2/yuyao/methane_emission/carbonmapper_data_l89_l2sp/ang20170905t183328-A/l8_LC08_L2SP_042036_20170904_20200903_02_T1.tif,36.653945,68.11
ang20170905t183328-A,https://api.carbonmapper.org/api/v1/catalog/asset/l3a-vis-ch4-mf-v002/2017/09/05/ang20170905t183328-A/ang20170905t183328-A_l3a-vis-ch4-mf-v002_plume.tif,,/data2/yuyao/methane_emission/data/raw_data_dir/S2A_MSIL2A_20170904T185431_N0500_R070_T11SLV_20230830T141326.SAFE,/data2/yuyao/methane_emission/carbonmapper_data_l89_l2sp/ang20170905t183328-A/l8_LC08_L2SP_042035_20170904_20200903_02_T1.tif,36.653945,45.45
ang20170905t183328-B,https://api.carbonmapper.org/api/v1/catalog/asset/l3a-vis-ch4-mf-v002/2017/09/05/ang20170905t183328-B/ang20170905t183328-B_l3a-vis-ch4-mf-v002_plume.tif,https://api.carbonmapper.org/api/v1/catalog/asset/l3a-ch4-mf-v1/2017/09/05/ang20170905t183328-B/ang20170905t183328-B_l3a-ch4-mf-v1_concentrations.tif,/data2/yuyao/methane_emission/data/raw_data_dir/S2A_MSIL2A_20170904T185431_N0500_R070_T11SLV_20230830T141326.SAFE,/data2/yuyao/methane_emission/carbonmapper_data_l89_l2sp/ang20170905t183328-B/l8_LC08_L2SP_042035_20170904_20200903_02_T1.tif,36.653945,45.45
ang20170905t183328-B,https://api.carbonmapper.org/api/v1/catalog/asset/l3a-vis-ch4-mf-v002/2017/09/05/ang20170905t183328-B/ang20170905t183328-B_l3a-vis-ch4-mf-v002_plume.tif,https://api.carbonmapper.org/api/v1/catalog/asset/l3a-ch4-mf-v1/2017/09/05/ang20170905t183328-B/ang20170905t183328-B_l3a-ch4-mf-v1_concentrations.tif,/data2/yuyao/methane_emission/data/raw_data_dir/S2A_MSIL2A_20170904T185431_N0500_R070_T11SKV_20230830T141326.SAFE,/data2/yuyao/methane_emission/carbonmapper_data_l89_l2sp/ang20170905t183328-B/l8_LC08_L2SP_042035_20170904_20200903_02_T1.tif,51.26309400000001,45.45
ang20170920t182452-B,https://api.carbonmapper.org/api/v1/catalog/asset/l3a-vis-ch4-mf-v002/2017/09/20/ang20170920t182452-B/ang20170920t182452-B_l3a-vis-ch4-mf-v002_plume.tif,,/data2/yuyao/methane_emission/data/raw_data_dir/S2B_MSIL2A_20170919T185419_N0500_R070_T11SLV_20230804T011803.SAFE,/data2/yuyao/methane_emission/carbonmapper_data_l89_l2sp/ang20170920t182452-B/l8_LC08_L2SP_042035_20170920_20200903_02_T1.tif,71.367306,0.28
ang20170920t182452-B,https://api.carbonmapper.org/api/v1/catalog/asset/l3a-vis-ch4-mf-v002/2017/09/20/ang20170920t182452-B/ang20170920t182452-B_l3a-vis-ch4-mf-v002_plume.tif,,/data2/yuyao/methane_emission/data/raw_data_dir/S2B_MSIL2A_20170919T185419_N0500_R070_T11SLU_20230804T011803.SAFE,/data2/yuyao/methane_emission/carbonmapper_data_l89_l2sp/ang20170920t182452-B/l8_LC08_L2SP_042035_20170920_20200903_02_T1.tif,52.219969,0.28
ang20170920t182452-B,https://api.carbonmapper.org/api/v1/catalog/asset/l3a-vis-ch4-mf-v002/2017/09/20/ang20170920t182452-B/ang20170920t182452-B_l3a-vis-ch4-mf-v002_plume.tif,,/data2/yuyao/methane_emission/data/raw_data_dir/S2B_MSIL2A_20170919T185419_N0500_R070_T11SKV_20230804T011803.SAFE,/data2/yuyao/methane_emission/carbonmapper_data_l89_l2sp/ang20170920t182452-B/l8_LC08_L2SP_042035_20170920_20200903_02_T1.tif,11.108641,0.28
ang20170920t182452-C,https://api.carbonmapper.org/api/v1/catalog/asset/l3a-vis-ch4-mf-v002/2017/09/20/ang20170920t182452-C/ang20170920t182452-C_l3a-vis-ch4-mf-v002_plume.tif,,/data2/yuyao/methane_emission/data/raw_data_dir/S2B_MSIL2A_20170919T185419_N0500_R070_T11SLU_20230804T011803.SAFE,/data2/yuyao/methane_emission/carbonmapper_data_l89_l2sp/ang20170920t182452-C/l8_LC08_L2SP_042035_20170920_20200903_02_T1.tif,52.219969,0.28
ang20170920t182452-C,https://api.carbonmapper.org/api/v1/catalog/asset/l3a-vis-ch4-mf-v002/2017/09/20/ang20170920t182452-C/ang20170920t182452-C_l3a-vis-ch4-mf-v002_plume.tif,,/data2/yuyao/methane_emission/data/raw_data_dir/S2B_MSIL2A_20170919T185419_N0500_R070_T11SKV_20230804T011803.SAFE,/data2/yuyao/methane_emission/carbonmapper_data_l89_l2sp/ang20170920t182452-C/l8_LC08_L2SP_042035_20170920_20200903_02_T1.tif,11.108641,0.28
ang20170920t184730-A,https://api.carbonmapper.org/api/v1/catalog/asset/l3a-vis-ch4-mf-v002/2017/09/20/ang20170920t184730-A/ang20170920t184730-A_l3a-vis-ch4-mf-v002_plume.tif,,/data2/yuyao/methane_emission/data/raw_data_dir/S2A_MSIL2A_20170921T183041_N0500_R027_T11SLV_20231020T172534.SAFE,/data2/yuyao/methane_emission/carbonmapper_data_l89_l2sp/ang20170920t184730-A/l8_LC08_L2SP_042036_20170920_20200903_02_T1.tif,73.537594,9.46
ang20170920t184730-A,https://api.carbonmapper.org/api/v1/catalog/asset/l3a-vis-ch4-mf-v002/2017/09/20/ang20170920t184730-A/ang20170920t184730-A_l3a-vis-ch4-mf-v002_plume.tif,,/data2/yuyao/methane_emission/data/raw_data_dir/S2A_MSIL2A_20170921T183041_N0500_R027_T11SKU_20231020T172534.SAFE,/data2/yuyao/methane_emission/carbonmapper_data_l89_l2sp/ang20170920t184730-A/l8_LC08_L2SP_042036_20170920_20200903_02_T1.tif,51.326543,9.46
ang20170920t184730-A,https://api.carbonmapper.org/api/v1/catalog/asset/l3a-vis-ch4-mf-v002/2017/09/20/ang20170920t184730-A/ang20170920t184730-A_l3a-vis-ch4-mf-v002_plume.tif,,/data2/yuyao/methane_emission/data/raw_data_dir/S2A_MSIL2A_20170921T183041_N0500_R027_T11SKV_20231020T172534.SAFE,/data2/yuyao/methane_emission/carbonmapper_data_l89_l2sp/ang20170920t184730-A/l8_LC08_L2SP_042036_20170920_20200903_02_T1.tif,58.27493700000001,9.46
ang20171016t175348-A,https://api.carbonmapper.org/api/v1/catalog/asset/l3a-vis-ch4-mf-v002/2017/10/16/ang20171016t175348-A/ang20171016t175348-A_l3a-vis-ch4-mf-v002_plume.tif,https://api.carbonmapper.org/api/v1/catalog/asset/l3a-ch4-mf-v1/2017/10/16/ang20171016t175348-A/ang20171016t175348-A_l3a-ch4-mf-v1_concentrations.tif,/data2/yuyao/methane_emission/data/raw_data_dir/S2B_MSIL2A_20171016T184419_N0500_R027_T11SLT_20230727T034523.SAFE,/data2/yuyao/methane_emission/carbonmapper_data_l89_l2sp/ang20171016t175348-A/l8_LC08_L2SP_041036_20171015_20200902_02_T1.tif,0.560161,0.07
ang20171016t175348-B,https://api.carbonmapper.org/api/v1/catalog/asset/l3a-vis-ch4-mf-v002/2017/10/16/ang20171016t175348-B/ang20171016t175348-B_l3a-vis-ch4-mf-v002_plume.tif,,/data2/yuyao/methane_emission/data/raw_data_dir/S2B_MSIL2A_20171016T184419_N0500_R027_T11SLU_20230727T034523.SAFE,/data2/yuyao/methane_emission/carbonmapper_data_l89_l2sp/ang20171016t175348-B/l8_LC08_L2SP_041036_20171015_20200902_02_T1.tif,4.601809,0.07
ang20171016t175348-C,https://api.carbonmapper.org/api/v1/catalog/asset/l3a-vis-ch4-mf-v002/2017/10/16/ang20171016t175348-C/ang20171016t175348-C_l3a-vis-ch4-mf-v002_plume.tif,https://api.carbonmapper.org/api/v1/catalog/asset/l3a-ch4-mf-v1/2017/10/16/ang20171016t175348-C/ang20171016t175348-C_l3a-ch4-mf-v1_concentrations.tif,/data2/yuyao/methane_emission/data/raw_data_dir/S2B_MSIL2A_20171016T184419_N0500_R027_T11SLU_20230727T034523.SAFE,/data2/yuyao/methane_emission/carbonmapper_data_l89_l2sp/ang20171016t175348-C/l8_LC08_L2SP_041036_20171015_20200902_02_T1.tif,4.601809,0.07
ang20171016t175805-A,https://api.carbonmapper.org/api/v1/catalog/asset/l3a-ch4-mf-v1/2017/10/16/ang20171016t175805-A/ang20171016t175805-A_l3a-ch4-mf-v1_plume.tif,https://api.carbonmapper.org/api/v1/catalog/asset/l3a-ch4-mf-v1/2017/10/16/ang20171016t175805-A/ang20171016t175805-A_l3a-ch4-mf-v1_concentrations.tif,/data2/yuyao/methane_emission/data/raw_data_dir/S2B_MSIL2A_20171016T184419_N0500_R027_T11SLT_20230727T034523.SAFE,/data2/yuyao/methane_emission/carbonmapper_data_l89_l2sp/ang20171016t175805-A/l8_LC08_L2SP_041036_20171015_20200902_02_T1.tif,0.560161,0.07
ang20171016t175805-B,https://api.carbonmapper.org/api/v1/catalog/asset/l3a-vis-ch4-mf-v002/2017/10/16/ang20171016t175805-B/ang20171016t175805-B_l3a-vis-ch4-mf-v002_plume.tif,https://api.carbonmapper.org/api/v1/catalog/asset/l3a-ch4-mf-v1/2017/10/16/ang20171016t175805-B/ang20171016t175805-B_l3a-ch4-mf-v1_concentrations.tif,/data2/yuyao/methane_emission/data/raw_data_dir/S2B_MSIL2A_20171016T184419_N0500_R027_T11SLT_20230727T034523.SAFE,/data2/yuyao/methane_emission/carbonmapper_data_l89_l2sp/ang20171016t175805-B/l8_LC08_L2SP_041036_20171015_20200902_02_T1.tif,0.560161,0.07
ang20171016t180708-B,https://api.carbonmapper.org/api/v1/catalog/asset/l3a-vis-ch4-mf-v002/2017/10/16/ang20171016t180708-B/ang20171016t180708-B_l3a-vis-ch4-mf-v002_plume.tif,,/data2/yuyao/methane_emission/data/raw_data_dir/S2B_MSIL2A_20171016T184419_N0500_R027_T11SLT_20230727T034523.SAFE,/data2/yuyao/methane_emission/carbonmapper_data_l89_l2sp/ang20171016t180708-B/l8_LC08_L2SP_041036_20171015_20200902_02_T1.tif,0.560161,0.07
ang20180927t185506-A,https://api.carbonmapper.org/api/v1/catalog/asset/l3a-vis-ch4-mf-v002/2018/09/27/ang20180927t185506-A/ang20180927t185506-A_l3a-vis-ch4-mf-v002_plume.tif,,/data2/yuyao/methane_emission/data/raw_data_dir/S2B_MSIL2A_20180927T185129_N0500_R113_T10SEH_20230729T183245.SAFE,/data2/yuyao/methane_emission/carbonmapper_data_l89_l2sp/ang20180927t185506-A/l8_LC08_L2SP_045033_20180928_20200830_02_T1.tif,47.488311,49.05
ang20180927t185506-A,https://api.carbonmapper.org/api/v1/catalog/asset/l3a-vis-ch4-mf-v002/2018/09/27/ang20180927t185506-A/ang20180927t185506-A_l3a-vis-ch4-mf-v002_plume.tif,,/data2/yuyao/methane_emission/data/raw_data_dir/S2B_MSIL2A_20180927T185129_N0500_R113_T10SEH_20230729T183245.SAFE,/data2/yuyao/methane_emission/carbonmapper_data_l89_l2sp/ang20180927t185506-A/l8_LC08_L2SP_045034_20180928_20200830_02_T1.tif,47.488311,86.34
ang20181001t202630-B,https://api.carbonmapper.org/api/v1/catalog/asset/l3a-vis-ch4-mf-v002/2018/10/01/ang20181001t202630-B/ang20181001t202630-B_l3a-vis-ch4-mf-v002_plume.tif,,/data2/yuyao/methane_emission/data/raw_data_dir/S2B_MSIL2A_20181001T183149_N0500_R027_T11SLU_20230730T010902.SAFE,/data2/yuyao/methane_emission/carbonmapper_data_l89_l2sp/ang20181001t202630-B/l8_LC08_L2SP_041036_20181002_20200830_02_T1.tif,4.376468,51.64
ang20181001t203231-B,https://api.carbonmapper.org/api/v1/catalog/asset/l3a-vis-ch4-mf-v002/2018/10/01/ang20181001t203231-B/ang20181001t203231-B_l3a-vis-ch4-mf-v002_plume.tif,,/data2/yuyao/methane_emission/data/raw_data_dir/S2B_MSIL2A_20181001T183149_N0500_R027_T11SLU_20230730T010902.SAFE,/data2/yuyao/methane_emission/carbonmapper_data_l89_l2sp/ang20181001t203231-B/l8_LC08_L2SP_041036_20181002_20200830_02_T1.tif,4.376468,51.64
ang20181010t221412-A,https://api.carbonmapper.org/api/v1/catalog/asset/l3a-vis-ch4-mf-v002/2018/10/10/ang20181010t221412-A/ang20181010t221412-A_l3a-vis-ch4-mf-v002_plume.tif,,/data2/yuyao/methane_emission/data/raw_data_dir/S2B_MSIL2A_20181011T183259_N0500_R027_T11SMT_20230715T174551.SAFE,/data2/yuyao/methane_emission/carbonmapper_data_l89_l2sp/ang20181010t221412-A/l8_LC08_L2SP_040036_20181011_20200830_02_T1.tif,39.559284,18.27
ang20181010t221412-A,https://api.carbonmapper.org/api/v1/catalog/asset/l3a-vis-ch4-mf-v002/2018/10/10/ang20181010t221412-A/ang20181010t221412-A_l3a-vis-ch4-mf-v002_plume.tif,,/data2/yuyao/methane_emission/data/raw_data_dir/S2B_MSIL2A_20181011T183259_N0500_R027_T11SMT_20230715T174551.SAFE,/data2/yuyao/methane_emission/carbonmapper_data_l89_l2sp/ang20181010t221412-A/l8_LC08_L2SP_040037_20181011_20200830_02_T1.tif,39.559284,49.73
ang20181010t221412-B,https://api.carbonmapper.org/api/v1/catalog/asset/l3a-vis-ch4-mf-v002/2018/10/10/ang20181010t221412-B/ang20181010t221412-B_l3a-vis-ch4-mf-v002_plume.tif,,/data2/yuyao/methane_emission/data/raw_data_dir/S2B_MSIL2A_20181011T183259_N0500_R027_T11SMT_20230715T174551.SAFE,/data2/yuyao/methane_emission/carbonmapper_data_l89_l2sp/ang20181010t221412-B/l8_LC08_L2SP_040036_20181011_20200830_02_T1.tif,39.559284,18.27
ang20181010t221412-B,https://api.carbonmapper.org/api/v1/catalog/asset/l3a-vis-ch4-mf-v002/2018/10/10/ang20181010t221412-B/ang20181010t221412-B_l3a-vis-ch4-mf-v002_plume.tif,,/data2/yuyao/methane_emission/data/raw_data_dir/S2B_MSIL2A_20181011T183259_N0500_R027_T11SMT_20230715T174551.SAFE,/data2/yuyao/methane_emission/carbonmapper_data_l89_l2sp/ang20181010t221412-B/l8_LC08_L2SP_040037_20181011_20200830_02_T1.tif,39.559284,49.73
ang20181010t221412-C,https://api.carbonmapper.org/api/v1/catalog/asset/l3a-vis-ch4-mf-v002/2018/10/10/ang20181010t221412-C/ang20181010t221412-C_l3a-vis-ch4-mf-v002_plume.tif,,/data2/yuyao/methane_emission/data/raw_data_dir/S2B_MSIL2A_20181011T183259_N0500_R027_T11SMT_20230715T174551.SAFE,/data2/yuyao/methane_emission/carbonmapper_data_l89_l2sp/ang20181010t221412-C/l8_LC08_L2SP_040036_20181011_20200830_02_T1.tif,39.559284,18.27
ang20181010t221412-C,https://api.carbonmapper.org/api/v1/catalog/asset/l3a-vis-ch4-mf-v002/2018/10/10/ang20181010t221412-C/ang20181010t221412-C_l3a-vis-ch4-mf-v002_plume.tif,,/data2/yuyao/methane_emission/data/raw_data_dir/S2B_MSIL2A_20181011T183259_N0500_R027_T11SMT_20230715T174551.SAFE,/data2/yuyao/methane_emission/carbonmapper_data_l89_l2sp/ang20181010t221412-C/l8_LC08_L2SP_040037_20181011_20200830_02_T1.tif,39.559284,49.73
ang20190621t195346-A,https://api.carbonmapper.org/api/v1/catalog/asset/l3a-vis-ch4-mf-v002/2019/06/21/ang20190621t195346-A/ang20190621t195346-A_l3a-vis-ch4-mf-v002_plume.tif,,/data2/yuyao/methane_emission/data/raw_data_dir/S2A_MSIL2A_20190621T174911_N0500_R141_T13SBA_20230723T021357.SAFE,/data2/yuyao/methane_emission/carbonmapper_data_l89_l2sp/ang20190621t195346-A/l8_LC08_L2SP_035035_20190621_20200827_02_T1.tif,4.462318,0.42
ang20190621t195346-B,https://api.carbonmapper.org/api/v1/catalog/asset/l3a-vis-ch4-mf-v002/2019/06/21/ang20190621t195346-B/ang20190621t195346-B_l3a-vis-ch4-mf-v002_plume.tif,,/data2/yuyao/methane_emission/data/raw_data_dir/S2A_MSIL2A_20190621T174911_N0500_R141_T12SYF_20230723T021357.SAFE,/data2/yuyao/methane_emission/carbonmapper_data_l89_l2sp/ang20190621t195346-B/l8_LC08_L2SP_035035_20190621_20200827_02_T1.tif,5.930579,0.42
ang20190928t175550-1,https://api.carbonmapper.org/api/v1/catalog/asset/l3a-vis-ch4-mf-v002/2019/09/28/ang20190928t175550-1/ang20190928t175550-1_l3a-vis-ch4-mf-v002_plume.tif,,/data2/yuyao/methane_emission/data/raw_data_dir/S2B_MSIL2A_20190928T173109_N0500_R055_T13SER_20230628T131435.SAFE,/data2/yuyao/methane_emission/carbonmapper_data_l89_l2sp/ang20190928t175550-1/l8_LC08_L2SP_031038_20190929_20200825_02_T1.tif,1.151554,6.75
ang20190928t175550-2,https://api.carbonmapper.org/api/v1/catalog/asset/l3a-vis-ch4-mf-v002/2019/09/28/ang20190928t175550-2/ang20190928t175550-2_l3a-vis-ch4-mf-v002_plume.tif,,/data2/yuyao/methane_emission/data/raw_data_dir/S2B_MSIL2A_20190928T173109_N0500_R055_T13REQ_20230628T131435.SAFE,/data2/yuyao/methane_emission/carbonmapper_data_l89_l2sp/ang20190928t175550-2/l8_LC08_L2SP_031038_20190929_20200825_02_T1.tif,8.533163,6.75
ang20190928t175550-3,https://api.carbonmapper.org/api/v1/catalog/asset/l3a-vis-ch4-mf-v002/2019/09/28/ang20190928t175550-3/ang20190928t175550-3_l3a-vis-ch4-mf-v002_plume.tif,,/data2/yuyao/methane_emission/data/raw_data_dir/S2B_MSIL2A_20190928T173109_N0500_R055_T13REQ_20230628T131435.SAFE,/data2/yuyao/methane_emission/carbonmapper_data_l89_l2sp/ang20190928t175550-3/l8_LC08_L2SP_031038_20190929_20200825_02_T1.tif,8.533163,6.75
ang20190928t181405-A,https://api.carbonmapper.org/api/v1/catalog/asset/l3a-vis-ch4-mf-v002/2019/09/28/ang20190928t181405-A/ang20190928t181405-A_l3a-vis-ch4-mf-v002_plume.tif,https://api.carbonmapper.org/api/v1/catalog/asset/l3a-ch4-mf-v1/2019/09/28/ang20190928t181405-A/ang20190928t181405-A_l3a-ch4-mf-v1_concentrations.tif,/data2/yuyao/methane_emission/data/raw_data_dir/S2B_MSIL2A_20190928T173109_N0500_R055_T13SER_20230628T131435.SAFE,/data2/yuyao/methane_emission/carbonmapper_data_l89_l2sp/ang20190928t181405-A/l8_LC08_L2SP_031038_20190929_20200825_02_T1.tif,1.151554,6.75
ang20190928t183313-1,https://api.carbonmapper.org/api/v1/catalog/asset/l3a-vis-ch4-mf-v002/2019/09/28/ang20190928t183313-1/ang20190928t183313-1_l3a-vis-ch4-mf-v002_plume.tif,,/data2/yuyao/methane_emission/data/raw_data_dir/S2B_MSIL2A_20190928T173109_N0500_R055_T13SER_20230628T131435.SAFE,/data2/yuyao/methane_emission/carbonmapper_data_l89_l2sp/ang20190928t183313-1/l8_LC08_L2SP_031038_20190929_20200825_02_T1.tif,1.151554,6.75
ang20190928t183313-2,https://api.carbonmapper.org/api/v1/catalog/asset/l3a-vis-ch4-mf-v002/2019/09/28/ang20190928t183313-2/ang20190928t183313-2_l3a-vis-ch4-mf-v002_plume.tif,,/data2/yuyao/methane_emission/data/raw_data_dir/S2B_MSIL2A_20190928T173109_N0500_R055_T13SER_20230628T131435.SAFE,/data2/yuyao/methane_emission/carbonmapper_data_l89_l2sp/ang20190928t183313-2/l8_LC08_L2SP_031038_20190929_20200825_02_T1.tif,1.151554,6.75
ang20190928t183313-4,https://api.carbonmapper.org/api/v1/catalog/asset/l3a-vis-ch4-mf-v002/2019/09/28/ang20190928t183313-4/ang20190928t183313-4_l3a-vis-ch4-mf-v002_plume.tif,,/data2/yuyao/methane_emission/data/raw_data_dir/S2B_MSIL2A_20190928T173109_N0500_R055_T13SFR_20230628T131435.SAFE,/data2/yuyao/methane_emission/carbonmapper_data_l89_l2sp/ang20190928t183313-4/l8_LC08_L2SP_031038_20190929_20200825_02_T1.tif,11.875561,6.75
ang20190928t183313-A,https://api.carbonmapper.org/api/v1/catalog/asset/l3a-vis-ch4-mf-v002/2019/09/28/ang20190928t183313-A/ang20190928t183313-A_l3a-vis-ch4-mf-v002_plume.tif,https://api.carbonmapper.org/api/v1/catalog/asset/l3a-ch4-mf-v1/2019/09/28/ang20190928t183313-A/ang20190928t183313-A_l3a-ch4-mf-v1_concentrations.tif,/data2/yuyao/methane_emission/data/raw_data_dir/S2B_MSIL2A_20190928T173109_N0500_R055_T13SER_20230628T131435.SAFE,/data2/yuyao/methane_emission/carbonmapper_data_l89_l2sp/ang20190928t183313-A/l8_LC08_L2SP_031038_20190929_20200825_02_T1.tif,1.151554,6.75
ang20190928t183313-B,https://api.carbonmapper.org/api/v1/catalog/asset/l3a-vis-ch4-mf-v002/2019/09/28/ang20190928t183313-B/ang20190928t183313-B_l3a-vis-ch4-mf-v002_plume.tif,https://api.carbonmapper.org/api/v1/catalog/asset/l3a-ch4-mf-v1/2019/09/28/ang20190928t183313-B/ang20190928t183313-B_l3a-ch4-mf-v1_concentrations.tif,/data2/yuyao/methane_emission/data/raw_data_dir/S2B_MSIL2A_20190928T173109_N0500_R055_T13SER_20230628T131435.SAFE,/data2/yuyao/methane_emission/carbonmapper_data_l89_l2sp/ang20190928t183313-B/l8_LC08_L2SP_031038_20190929_20200825_02_T1.tif,1.151554,6.75
ang20190928t185111-A,https://api.carbonmapper.org/api/v1/catalog/asset/l3a-vis-ch4-mf-v002/2019/09/28/ang20190928t185111-A/ang20190928t185111-A_l3a-vis-ch4-mf-v002_plume.tif,https://api.carbonmapper.org/api/v1/catalog/asset/l3a-ch4-mf-v1/2019/09/28/ang20190928t185111-A/ang20190928t185111-A_l3a-ch4-mf-v1_concentrations.tif,/data2/yuyao/methane_emission/data/raw_data_dir/S2B_MSIL2A_20190928T173109_N0500_R055_T13SER_20230628T131435.SAFE,/data2/yuyao/methane_emission/carbonmapper_data_l89_l2sp/ang20190928t185111-A/l8_LC08_L2SP_031038_20190929_20200825_02_T1.tif,1.151554,6.75
ang20190928t185111-B,https://api.carbonmapper.org/api/v1/catalog/asset/l3a-vis-ch4-mf-v002/2019/09/28/ang20190928t185111-B/ang20190928t185111-B_l3a-vis-ch4-mf-v002_plume.tif,https://api.carbonmapper.org/api/v1/catalog/asset/l3a-ch4-mf-v1/2019/09/28/ang20190928t185111-B/ang20190928t185111-B_l3a-ch4-mf-v1_concentrations.tif,/data2/yuyao/methane_emission/data/raw_data_dir/S2B_MSIL2A_20190928T173109_N0500_R055_T13SER_20230628T131435.SAFE,/data2/yuyao/methane_emission/carbonmapper_data_l89_l2sp/ang20190928t185111-B/l8_LC08_L2SP_031038_20190929_20200825_02_T1.tif,1.151554,6.75
ang20190928t185111-C,https://api.carbonmapper.org/api/v1/catalog/asset/l3a-vis-ch4-mf-v002/2019/09/28/ang20190928t185111-C/ang20190928t185111-C_l3a-vis-ch4-mf-v002_plume.tif,https://api.carbonmapper.org/api/v1/catalog/asset/l3a-ch4-mf-v1/2019/09/28/ang20190928t185111-C/ang20190928t185111-C_l3a-ch4-mf-v1_concentrations.tif,/data2/yuyao/methane_emission/data/raw_data_dir/S2B_MSIL2A_20190928T173109_N0500_R055_T13SER_20230628T131435.SAFE,/data2/yuyao/methane_emission/carbonmapper_data_l89_l2sp/ang20190928t185111-C/l8_LC08_L2SP_031038_20190929_20200825_02_T1.tif,1.151554,6.75
ang20190928t185111-D,https://api.carbonmapper.org/api/v1/catalog/asset/l3a-vis-ch4-mf-v002/2019/09/28/ang20190928t185111-D/ang20190928t185111-D_l3a-vis-ch4-mf-v002_plume.tif,https://api.carbonmapper.org/api/v1/catalog/asset/l3a-ch4-mf-v1/2019/09/28/ang20190928t185111-D/ang20190928t185111-D_l3a-ch4-mf-v1_concentrations.tif,/data2/yuyao/methane_emission/data/raw_data_dir/S2B_MSIL2A_20190928T173109_N0500_R055_T13SER_20230628T131435.SAFE,/data2/yuyao/methane_emission/carbonmapper_data_l89_l2sp/ang20190928t185111-D/l8_LC08_L2SP_031038_20190929_20200825_02_T1.tif,1.151554,6.75
ang20190928t190948-1,https://api.carbonmapper.org/api/v1/catalog/asset/l3a-vis-ch4-mf-v002/2019/09/28/ang20190928t190948-1/ang20190928t190948-1_l3a-vis-ch4-mf-v002_plume.tif,,/data2/yuyao/methane_emission/data/raw_data_dir/S2B_MSIL2A_20190928T173109_N0500_R055_T13SER_20230628T131435.SAFE,/data2/yuyao/methane_emission/carbonmapper_data_l89_l2sp/ang20190928t190948-1/l8_LC08_L2SP_031038_20190929_20200825_02_T1.tif,1.151554,6.75
ang20190928t190948-2,https://api.carbonmapper.org/api/v1/catalog/asset/l3a-vis-ch4-mf-v002/2019/09/28/ang20190928t190948-2/ang20190928t190948-2_l3a-vis-ch4-mf-v002_plume.tif,,/data2/yuyao/methane_emission/data/raw_data_dir/S2B_MSIL2A_20190928T173109_N0500_R055_T13SER_20230628T131435.SAFE,/data2/yuyao/methane_emission/carbonmapper_data_l89_l2sp/ang20190928t190948-2/l8_LC08_L2SP_031038_20190929_20200825_02_T1.tif,1.151554,6.75
ang20190928t190948-4,https://api.carbonmapper.org/api/v1/catalog/asset/l3a-vis-ch4-mf-v002/2019/09/28/ang20190928t190948-4/ang20190928t190948-4_l3a-vis-ch4-mf-v002_plume.tif,,/data2/yuyao/methane_emission/data/raw_data_dir/S2B_MSIL2A_20190928T173109_N0500_R055_T13SER_20230628T131435.SAFE,/data2/yuyao/methane_emission/carbonmapper_data_l89_l2sp/ang20190928t190948-4/l8_LC08_L2SP_031038_20190929_20200825_02_T1.tif,1.151554,6.75
ang20190928t190948-5,https://api.carbonmapper.org/api/v1/catalog/asset/l3a-vis-ch4-mf-v002/2019/09/28/ang20190928t190948-5/ang20190928t190948-5_l3a-vis-ch4-mf-v002_plume.tif,,/data2/yuyao/methane_emission/data/raw_data_dir/S2B_MSIL2A_20190928T173109_N0500_R055_T13SER_20230628T131435.SAFE,/data2/yuyao/methane_emission/carbonmapper_data_l89_l2sp/ang20190928t190948-5/l8_LC08_L2SP_031038_20190929_20200825_02_T1.tif,1.151554,6.75
ang20190928t190948-A,https://api.carbonmapper.org/api/v1/catalog/asset/l3a-vis-ch4-mf-v002/2019/09/28/ang20190928t190948-A/ang20190928t190948-A_l3a-vis-ch4-mf-v002_plume.tif,https://api.carbonmapper.org/api/v1/catalog/asset/l3a-ch4-mf-v1/2019/09/28/ang20190928t190948-A/ang20190928t190948-A_l3a-ch4-mf-v1_concentrations.tif,/data2/yuyao/methane_emission/data/raw_data_dir/S2B_MSIL2A_20190928T173109_N0500_R055_T13SER_20230628T131435.SAFE,/data2/yuyao/methane_emission/carbonmapper_data_l89_l2sp/ang20190928t190948-A/l8_LC08_L2SP_031038_20190929_20200825_02_T1.tif,1.151554,6.75
ang20190928t193847-A,https://api.carbonmapper.org/api/v1/catalog/asset/l3a-vis-ch4-mf-v002/2019/09/28/ang20190928t193847-A/ang20190928t193847-A_l3a-vis-ch4-mf-v002_plume.tif,https://api.carbonmapper.org/api/v1/catalog/asset/l3a-ch4-mf-v1/2019/09/28/ang20190928t193847-A/ang20190928t193847-A_l3a-ch4-mf-v1_concentrations.tif,/data2/yuyao/methane_emission/data/raw_data_dir/S2B_MSIL2A_20190928T173109_N0500_R055_T13SES_20230628T131435.SAFE,/data2/yuyao/methane_emission/carbonmapper_data_l89_l2sp/ang20190928t193847-A/l8_LC08_L2SP_031037_20190929_20200825_02_T1.tif,10.771469,32.29
ang20190928t193847-B,https://api.carbonmapper.org/api/v1/catalog/asset/l3a-vis-ch4-mf-v002/2019/09/28/ang20190928t193847-B/ang20190928t193847-B_l3a-vis-ch4-mf-v002_plume.tif,https://api.carbonmapper.org/api/v1/catalog/asset/l3a-ch4-mf-v1/2019/09/28/ang20190928t193847-B/ang20190928t193847-B_l3a-ch4-mf-v1_concentrations.tif,/data2/yuyao/methane_emission/data/raw_data_dir/S2B_MSIL2A_20190928T173109_N0500_R055_T13SES_20230628T131435.SAFE,/data2/yuyao/methane_emission/carbonmapper_data_l89_l2sp/ang20190928t193847-B/l8_LC08_L2SP_031037_20190929_20200825_02_T1.tif,10.771469,32.29
ang20191022t151202-A,https://api.carbonmapper.org/api/v1/catalog/asset/l3a-vis-ch4-mf-v002/2019/10/22/ang20191022t151202-A/ang20191022t151202-A_l3a-vis-ch4-mf-v002_plume.tif,https://api.carbonmapper.org/api/v1/catalog/asset/l3a-ch4-mf-v1/2019/10/22/ang20191022t151202-A/ang20191022t151202-A_l3a-ch4-mf-v1_concentrations.tif,/data2/yuyao/methane_emission/data/raw_data_dir/S2B_MSIL2A_20191021T174349_N0500_R098_T13SER_20230616T024520.SAFE,/data2/yuyao/methane_emission/carbonmapper_data_l89_l2sp/ang20191022t151202-A/l8_LC08_L2SP_032038_20191022_20200825_02_T1.tif,0.005106,0.01
ang20191022t175031-1,https://api.carbonmapper.org/api/v1/catalog/asset/l3a-vis-ch4-mf-v002/2019/10/22/ang20191022t175031-1/ang20191022t175031-1_l3a-vis-ch4-mf-v002_plume.tif,,/data2/yuyao/methane_emission/data/raw_data_dir/S2A_MSIL2A_20191023T173401_N0500_R055_T13SER_20230713T224717.SAFE,/data2/yuyao/methane_emission/carbonmapper_data_l89_l2sp/ang20191022t175031-1/l8_LC08_L2SP_032038_20191022_20200825_02_T1.tif,0.007467,0.01
ang20191022t175031-A,https://api.carbonmapper.org/api/v1/catalog/asset/l3a-vis-ch4-mf-v002/2019/10/22/ang20191022t175031-A/ang20191022t175031-A_l3a-vis-ch4-mf-v002_plume.tif,https://api.carbonmapper.org/api/v1/catalog/asset/l3a-ch4-mf-v1/2019/10/22/ang20191022t175031-A/ang20191022t175031-A_l3a-ch4-mf-v1_concentrations.tif,/data2/yuyao/methane_emission/data/raw_data_dir/S2A_MSIL2A_20191023T173401_N0500_R055_T13SER_20230713T224717.SAFE,/data2/yuyao/methane_emission/carbonmapper_data_l89_l2sp/ang20191022t175031-A/l8_LC08_L2SP_032038_20191022_20200825_02_T1.tif,0.007467,0.01
ang20191022t184525-A,https://api.carbonmapper.org/api/v1/catalog/asset/l3a-vis-ch4-mf-v002/2019/10/22/ang20191022t184525-A/ang20191022t184525-A_l3a-vis-ch4-mf-v002_plume.tif,https://api.carbonmapper.org/api/v1/catalog/asset/l3a-ch4-mf-v1/2019/10/22/ang20191022t184525-A/ang20191022t184525-A_l3a-ch4-mf-v1_concentrations.tif,/data2/yuyao/methane_emission/data/raw_data_dir/S2A_MSIL2A_20191023T173401_N0500_R055_T13SER_20230713T224717.SAFE,/data2/yuyao/methane_emission/carbonmapper_data_l89_l2sp/ang20191022t184525-A/l8_LC08_L2SP_032038_20191022_20200825_02_T1.tif,0.007467,0.01
ang20191022t190019-1,https://api.carbonmapper.org/api/v1/catalog/asset/l3a-vis-ch4-mf-v002/2019/10/22/ang20191022t190019-1/ang20191022t190019-1_l3a-vis-ch4-mf-v002_plume.tif,,/data2/yuyao/methane_emission/data/raw_data_dir/S2A_MSIL2A_20191023T173401_N0500_R055_T13SER_20230713T224717.SAFE,/data2/yuyao/methane_emission/carbonmapper_data_l89_l2sp/ang20191022t190019-1/l8_LC08_L2SP_032038_20191022_20200825_02_T1.tif,0.007467,0.01
ang20191023t194035-7,https://api.carbonmapper.org/api/v1/catalog/asset/l3a-vis-ch4-mf-v002/2019/10/23/ang20191023t194035-7/ang20191023t194035-7_l3a-vis-ch4-mf-v002_plume.tif,https://api.carbonmapper.org/api/v1/catalog/asset/l3a-ch4-mf-v1/2019/10/23/ang20191023t194035-7/ang20191023t194035-7_l3a-ch4-mf-v1_concentrations.tif,/data2/yuyao/methane_emission/data/raw_data_dir/S2A_MSIL2A_20191023T173401_N0500_R055_T13SFR_20230713T224717.SAFE,/data2/yuyao/methane_emission/carbonmapper_data_l89_l2sp/ang20191023t194035-7/l8_LC08_L2SP_030038_20191024_20200825_02_T2.tif,0.003925,95.46
ang20191025t161146-1,https://api.carbonmapper.org/api/v1/catalog/asset/l3a-vis-ch4-mf-v002/2019/10/25/ang20191025t161146-1/ang20191025t161146-1_l3a-vis-ch4-mf-v002_plume.tif,,/data2/yuyao/methane_emission/data/raw_data_dir/S2B_MSIL2A_20191025T172409_N0500_R012_T14RKV_20230615T072908.SAFE,/data2/yuyao/methane_emission/carbonmapper_data_l89_l2sp/ang20191025t161146-1/l8_LC08_L2SP_030038_20191024_20200825_02_T2.tif,0.025159,95.46
ang20191025t163632-A,https://api.carbonmapper.org/api/v1/catalog/asset/l3a-vis-ch4-mf-v002/2019/10/25/ang20191025t163632-A/ang20191025t163632-A_l3a-vis-ch4-mf-v002_plume.tif,https://api.carbonmapper.org/api/v1/catalog/asset/l3a-ch4-mf-v1/2019/10/25/ang20191025t163632-A/ang20191025t163632-A_l3a-ch4-mf-v1_concentrations.tif,/data2/yuyao/methane_emission/data/raw_data_dir/S2B_MSIL2A_20191025T172409_N0500_R012_T14RKV_20230615T072908.SAFE,/data2/yuyao/methane_emission/carbonmapper_data_l89_l2sp/ang20191025t163632-A/l8_LC08_L2SP_030038_20191024_20200825_02_T2.tif,0.025159,95.46
ang20191025t165545-A,https://api.carbonmapper.org/api/v1/catalog/asset/l3a-vis-ch4-mf-v002/2019/10/25/ang20191025t165545-A/ang20191025t165545-A_l3a-vis-ch4-mf-v002_plume.tif,https://api.carbonmapper.org/api/v1/catalog/asset/l3a-ch4-mf-v1/2019/10/25/ang20191025t165545-A/ang20191025t165545-A_l3a-ch4-mf-v1_concentrations.tif,/data2/yuyao/methane_emission/data/raw_data_dir/S2B_MSIL2A_20191025T172409_N0500_R012_T14RKV_20230615T072908.SAFE,/data2/yuyao/methane_emission/carbonmapper_data_l89_l2sp/ang20191025t165545-A/l8_LC08_L2SP_030038_20191024_20200825_02_T2.tif,0.025159,95.46
ang20191025t171141-A,https://api.carbonmapper.org/api/v1/catalog/asset/l3a-vis-ch4-mf-v002/2019/10/25/ang20191025t171141-A/ang20191025t171141-A_l3a-vis-ch4-mf-v002_plume.tif,https://api.carbonmapper.org/api/v1/catalog/asset/l3a-ch4-mf-v1/2019/10/25/ang20191025t171141-A/ang20191025t171141-A_l3a-ch4-mf-v1_concentrations.tif,/data2/yuyao/methane_emission/data/raw_data_dir/S2B_MSIL2A_20191025T172409_N0500_R012_T14SKA_20230615T072908.SAFE,/data2/yuyao/methane_emission/carbonmapper_data_l89_l2sp/ang20191025t171141-A/l8_LC08_L2SP_030038_20191024_20200825_02_T2.tif,0.027644,95.46
ang20200709t200904-1,https://api.carbonmapper.org/api/v1/catalog/asset/l3a-vis-ch4-mf-v002/2020/07/09/ang20200709t200904-1/ang20200709t200904-1_l3a-vis-ch4-mf-v002_plume.tif,,/data2/yuyao/methane_emission/data/raw_data_dir/S2A_MSIL2A_20200710T183921_N0500_R070_T11SKA_20230322T220215.SAFE,/data2/yuyao/methane_emission/carbonmapper_data_l89_l2sp/ang20200709t200904-1/l8_LC08_L2SP_042035_20200710_20200912_02_T1.tif,42.824742,11.23
ang20200709t201958-1,https://api.carbonmapper.org/api/v1/catalog/asset/l3a-vis-ch4-mf-v002/2020/07/09/ang20200709t201958-1/ang20200709t201958-1_l3a-vis-ch4-mf-v002_plume.tif,,/data2/yuyao/methane_emission/data/raw_data_dir/S2A_MSIL2A_20200710T183921_N0500_R070_T11SKA_20230322T220215.SAFE,/data2/yuyao/methane_emission/carbonmapper_data_l89_l2sp/ang20200709t201958-1/l8_LC08_L2SP_042035_20200710_20200912_02_T1.tif,42.824742,11.23
ang20200709t203053-2,https://api.carbonmapper.org/api/v1/catalog/asset/l3a-vis-ch4-mf-v002/2020/07/09/ang20200709t203053-2/ang20200709t203053-2_l3a-vis-ch4-mf-v002_plume.tif,,/data2/yuyao/methane_emission/data/raw_data_dir/S2A_MSIL2A_20200710T183921_N0500_R070_T11SKA_20230322T220215.SAFE,/data2/yuyao/methane_emission/carbonmapper_data_l89_l2sp/ang20200709t203053-2/l8_LC08_L2SP_042035_20200710_20200912_02_T1.tif,42.824742,11.23
ang20200709t204216-1,https://api.carbonmapper.org/api/v1/catalog/asset/l3a-vis-ch4-mf-v002/2020/07/09/ang20200709t204216-1/ang20200709t204216-1_l3a-vis-ch4-mf-v002_plume.tif,,/data2/yuyao/methane_emission/data/raw_data_dir/S2A_MSIL2A_20200710T183921_N0500_R070_T11SKA_20230322T220215.SAFE,/data2/yuyao/methane_emission/carbonmapper_data_l89_l2sp/ang20200709t204216-1/l8_LC08_L2SP_042035_20200710_20200912_02_T1.tif,42.824742,11.23
ang20200709t204216-1,https://api.carbonmapper.org/api/v1/catalog/asset/l3a-vis-ch4-mf-v002/2020/07/09/ang20200709t204216-1/ang20200709t204216-1_l3a-vis-ch4-mf-v002_plume.tif,,/data2/yuyao/methane_emission/data/raw_data_dir/S2A_MSIL2A_20200710T183921_N0500_R070_T11SKV_20230322T220215.SAFE,/data2/yuyao/methane_emission/carbonmapper_data_l89_l2sp/ang20200709t204216-1/l8_LC08_L2SP_042035_20200710_20200912_02_T1.tif,13.370350000000002,11.23
ang20200709t204216-A,https://api.carbonmapper.org/api/v1/catalog/asset/l3a-vis-ch4-mf-v002/2020/07/09/ang20200709t204216-A/ang20200709t204216-A_l3a-vis-ch4-mf-v002_plume.tif,,/data2/yuyao/methane_emission/data/raw_data_dir/S2A_MSIL2A_20200710T183921_N0500_R070_T11SKA_20230322T220215.SAFE,/data2/yuyao/methane_emission/carbonmapper_data_l89_l2sp/ang20200709t204216-A/l8_LC08_L2SP_042035_20200710_20200912_02_T1.tif,42.824742,11.23
ang20200709t204216-B,https://api.carbonmapper.org/api/v1/catalog/asset/l3a-vis-ch4-mf-v002/2020/07/09/ang20200709t204216-B/ang20200709t204216-B_l3a-vis-ch4-mf-v002_plume.tif,,/data2/yuyao/methane_emission/data/raw_data_dir/S2A_MSIL2A_20200710T183921_N0500_R070_T11SKA_20230322T220215.SAFE,/data2/yuyao/methane_emission/carbonmapper_data_l89_l2sp/ang20200709t204216-B/l8_LC08_L2SP_042035_20200710_20200912_02_T1.tif,42.824742,11.23
ang20200709t204216-B,https://api.carbonmapper.org/api/v1/catalog/asset/l3a-vis-ch4-mf-v002/2020/07/09/ang20200709t204216-B/ang20200709t204216-B_l3a-vis-ch4-mf-v002_plume.tif,,/data2/yuyao/methane_emission/data/raw_data_dir/S2A_MSIL2A_20200710T183921_N0500_R070_T11SKV_20230322T220215.SAFE,/data2/yuyao/methane_emission/carbonmapper_data_l89_l2sp/ang20200709t204216-B/l8_LC08_L2SP_042035_20200710_20200912_02_T1.tif,13.370350000000002,11.23
ang20200709t205211-1,https://api.carbonmapper.org/api/v1/catalog/asset/l3a-vis-ch4-mf-v002/2020/07/09/ang20200709t205211-1/ang20200709t205211-1_l3a-vis-ch4-mf-v002_plume.tif,,/data2/yuyao/methane_emission/data/raw_data_dir/S2A_MSIL2A_20200710T183921_N0500_R070_T11SKA_20230322T220215.SAFE,/data2/yuyao/methane_emission/carbonmapper_data_l89_l2sp/ang20200709t205211-1/l8_LC08_L2SP_042035_20200710_20200912_02_T1.tif,42.824742,11.23
ang20200709t205211-1,https://api.carbonmapper.org/api/v1/catalog/asset/l3a-vis-ch4-mf-v002/2020/07/09/ang20200709t205211-1/ang20200709t205211-1_l3a-vis-ch4-mf-v002_plume.tif,,/data2/yuyao/methane_emission/data/raw_data_dir/S2A_MSIL2A_20200710T183921_N0500_R070_T11SLA_20230322T220215.SAFE,/data2/yuyao/methane_emission/carbonmapper_data_l89_l2sp/ang20200709t205211-1/l8_LC08_L2SP_042035_20200710_20200912_02_T1.tif,8.921139,11.23
ang20200709t205211-3,https://api.carbonmapper.org/api/v1/catalog/asset/l3a-vis-ch4-mf-v002/2020/07/09/ang20200709t205211-3/ang20200709t205211-3_l3a-vis-ch4-mf-v002_plume.tif,,/data2/yuyao/methane_emission/data/raw_data_dir/S2A_MSIL2A_20200710T183921_N0500_R070_T11SKA_20230322T220215.SAFE,/data2/yuyao/methane_emission/carbonmapper_data_l89_l2sp/ang20200709t205211-3/l8_LC08_L2SP_042035_20200710_20200912_02_T1.tif,42.824742,11.23
ang20200709t205211-3,https://api.carbonmapper.org/api/v1/catalog/asset/l3a-vis-ch4-mf-v002/2020/07/09/ang20200709t205211-3/ang20200709t205211-3_l3a-vis-ch4-mf-v002_plume.tif,,/data2/yuyao/methane_emission/data/raw_data_dir/S2A_MSIL2A_20200710T183921_N0500_R070_T11SKV_20230322T220215.SAFE,/data2/yuyao/methane_emission/carbonmapper_data_l89_l2sp/ang20200709t205211-3/l8_LC08_L2SP_042035_20200710_20200912_02_T1.tif,13.370350000000002,11.23
ang20200709t205211-5,https://api.carbonmapper.org/api/v1/catalog/asset/l3a-vis-ch4-mf-v002/2020/07/09/ang20200709t205211-5/ang20200709t205211-5_l3a-vis-ch4-mf-v002_plume.tif,,/data2/yuyao/methane_emission/data/raw_data_dir/S2A_MSIL2A_20200710T183921_N0500_R070_T11SKA_20230322T220215.SAFE,/data2/yuyao/methane_emission/carbonmapper_data_l89_l2sp/ang20200709t205211-5/l8_LC08_L2SP_042035_20200710_20200912_02_T1.tif,42.824742,11.23
ang20200709t205211-5,https://api.carbonmapper.org/api/v1/catalog/asset/l3a-vis-ch4-mf-v002/2020/07/09/ang20200709t205211-5/ang20200709t205211-5_l3a-vis-ch4-mf-v002_plume.tif,,/data2/yuyao/methane_emission/data/raw_data_dir/S2A_MSIL2A_20200710T183921_N0500_R070_T11SKV_20230322T220215.SAFE,/data2/yuyao/methane_emission/carbonmapper_data_l89_l2sp/ang20200709t205211-5/l8_LC08_L2SP_042035_20200710_20200912_02_T1.tif,13.370350000000002,11.23
ang20200709t205211-B,https://api.carbonmapper.org/api/v1/catalog/asset/l3a-vis-ch4-mf-v002/2020/07/09/ang20200709t205211-B/ang20200709t205211-B_l3a-vis-ch4-mf-v002_plume.tif,,/data2/yuyao/methane_emission/data/raw_data_dir/S2A_MSIL2A_20200710T183921_N0500_R070_T11SKA_20230322T220215.SAFE,/data2/yuyao/methane_emission/carbonmapper_data_l89_l2sp/ang20200709t205211-B/l8_LC08_L2SP_042035_20200710_20200912_02_T1.tif,42.824742,11.23
ang20200709t205211-B,https://api.carbonmapper.org/api/v1/catalog/asset/l3a-vis-ch4-mf-v002/2020/07/09/ang20200709t205211-B/ang20200709t205211-B_l3a-vis-ch4-mf-v002_plume.tif,,/data2/yuyao/methane_emission/data/raw_data_dir/S2A_MSIL2A_20200710T183921_N0500_R070_T11SLA_20230322T220215.SAFE,/data2/yuyao/methane_emission/carbonmapper_data_l89_l2sp/ang20200709t205211-B/l8_LC08_L2SP_042035_20200710_20200912_02_T1.tif,8.921139,11.23
ang20200709t205211-C,https://api.carbonmapper.org/api/v1/catalog/asset/l3a-vis-ch4-mf-v002/2020/07/09/ang20200709t205211-C/ang20200709t205211-C_l3a-vis-ch4-mf-v002_plume.tif,,/data2/yuyao/methane_emission/data/raw_data_dir/S2A_MSIL2A_20200710T183921_N0500_R070_T11SKA_20230322T220215.SAFE,/data2/yuyao/methane_emission/carbonmapper_data_l89_l2sp/ang20200709t205211-C/l8_LC08_L2SP_042035_20200710_20200912_02_T1.tif,42.824742,11.23
ang20200709t205211-C,https://api.carbonmapper.org/api/v1/catalog/asset/l3a-vis-ch4-mf-v002/2020/07/09/ang20200709t205211-C/ang20200709t205211-C_l3a-vis-ch4-mf-v002_plume.tif,,/data2/yuyao/methane_emission/data/raw_data_dir/S2A_MSIL2A_20200710T183921_N0500_R070_T11SLA_20230322T220215.SAFE,/data2/yuyao/methane_emission/carbonmapper_data_l89_l2sp/ang20200709t205211-C/l8_LC08_L2SP_042035_20200710_20200912_02_T1.tif,8.921139,11.23
ang20200709t205211-D,https://api.carbonmapper.org/api/v1/catalog/asset/l3a-vis-ch4-mf-v002/2020/07/09/ang20200709t205211-D/ang20200709t205211-D_l3a-vis-ch4-mf-v002_plume.tif,,/data2/yuyao/methane_emission/data/raw_data_dir/S2A_MSIL2A_20200710T183921_N0500_R070_T11SKA_20230322T220215.SAFE,/data2/yuyao/methane_emission/carbonmapper_data_l89_l2sp/ang20200709t205211-D/l8_LC08_L2SP_042035_20200710_20200912_02_T1.tif,42.824742,11.23
ang20200709t210220-1,https://api.carbonmapper.org/api/v1/catalog/asset/l3a-vis-ch4-mf-v002/2020/07/09/ang20200709t210220-1/ang20200709t210220-1_l3a-vis-ch4-mf-v002_plume.tif,,/data2/yuyao/methane_emission/data/raw_data_dir/S2A_MSIL2A_20200710T183921_N0500_R070_T11SKA_20230322T220215.SAFE,/data2/yuyao/methane_emission/carbonmapper_data_l89_l2sp/ang20200709t210220-1/l8_LC08_L2SP_042035_20200710_20200912_02_T1.tif,42.824742,11.23
ang20200709t210220-1,https://api.carbonmapper.org/api/v1/catalog/asset/l3a-vis-ch4-mf-v002/2020/07/09/ang20200709t210220-1/ang20200709t210220-1_l3a-vis-ch4-mf-v002_plume.tif,,/data2/yuyao/methane_emission/data/raw_data_dir/S2A_MSIL2A_20200710T183921_N0500_R070_T11SLA_20230322T220215.SAFE,/data2/yuyao/methane_emission/carbonmapper_data_l89_l2sp/ang20200709t210220-1/l8_LC08_L2SP_042035_20200710_20200912_02_T1.tif,8.921139,11.23
ang20200709t210220-2,https://api.carbonmapper.org/api/v1/catalog/asset/l3a-vis-ch4-mf-v002/2020/07/09/ang20200709t210220-2/ang20200709t210220-2_l3a-vis-ch4-mf-v002_plume.tif,,/data2/yuyao/methane_emission/data/raw_data_dir/S2A_MSIL2A_20200710T183921_N0500_R070_T11SKA_20230322T220215.SAFE,/data2/yuyao/methane_emission/carbonmapper_data_l89_l2sp/ang20200709t210220-2/l8_LC08_L2SP_042035_20200710_20200912_02_T1.tif,42.824742,11.23
ang20200709t210220-2,https://api.carbonmapper.org/api/v1/catalog/asset/l3a-vis-ch4-mf-v002/2020/07/09/ang20200709t210220-2/ang20200709t210220-2_l3a-vis-ch4-mf-v002_plume.tif,,/data2/yuyao/methane_emission/data/raw_data_dir/S2A_MSIL2A_20200710T183921_N0500_R070_T11SKV_20230322T220215.SAFE,/data2/yuyao/methane_emission/carbonmapper_data_l89_l2sp/ang20200709t210220-2/l8_LC08_L2SP_042035_20200710_20200912_02_T1.tif,13.370350000000002,11.23
ang20200709t210220-3,https://api.carbonmapper.org/api/v1/catalog/asset/l3a-vis-ch4-mf-v002/2020/07/09/ang20200709t210220-3/ang20200709t210220-3_l3a-vis-ch4-mf-v002_plume.tif,,/data2/yuyao/methane_emission/data/raw_data_dir/S2A_MSIL2A_20200710T183921_N0500_R070_T11SKA_20230322T220215.SAFE,/data2/yuyao/methane_emission/carbonmapper_data_l89_l2sp/ang20200709t210220-3/l8_LC08_L2SP_042035_20200710_20200912_02_T1.tif,42.824742,11.23
ang20200709t210220-3,https://api.carbonmapper.org/api/v1/catalog/asset/l3a-vis-ch4-mf-v002/2020/07/09/ang20200709t210220-3/ang20200709t210220-3_l3a-vis-ch4-mf-v002_plume.tif,,/data2/yuyao/methane_emission/data/raw_data_dir/S2A_MSIL2A_20200710T183921_N0500_R070_T11SKV_20230322T220215.SAFE,/data2/yuyao/methane_emission/carbonmapper_data_l89_l2sp/ang20200709t210220-3/l8_LC08_L2SP_042035_20200710_20200912_02_T1.tif,13.370350000000002,11.23
ang20200709t210220-4,https://api.carbonmapper.org/api/v1/catalog/asset/l3a-vis-ch4-mf-v002/2020/07/09/ang20200709t210220-4/ang20200709t210220-4_l3a-vis-ch4-mf-v002_plume.tif,,/data2/yuyao/methane_emission/data/raw_data_dir/S2A_MSIL2A_20200710T183921_N0500_R070_T11SKA_20230322T220215.SAFE,/data2/yuyao/methane_emission/carbonmapper_data_l89_l2sp/ang20200709t210220-4/l8_LC08_L2SP_042035_20200710_20200912_02_T1.tif,42.824742,11.23
ang20200709t210220-4,https://api.carbonmapper.org/api/v1/catalog/asset/l3a-vis-ch4-mf-v002/2020/07/09/ang20200709t210220-4/ang20200709t210220-4_l3a-vis-ch4-mf-v002_plume.tif,,/data2/yuyao/methane_emission/data/raw_data_dir/S2A_MSIL2A_20200710T183921_N0500_R070_T11SKV_20230322T220215.SAFE,/data2/yuyao/methane_emission/carbonmapper_data_l89_l2sp/ang20200709t210220-4/l8_LC08_L2SP_042035_20200710_20200912_02_T1.tif,13.370350000000002,11.23
ang20200709t210220-A,https://api.carbonmapper.org/api/v1/catalog/asset/l3a-vis-ch4-mf-v002/2020/07/09/ang20200709t210220-A/ang20200709t210220-A_l3a-vis-ch4-mf-v002_plume.tif,https://api.carbonmapper.org/api/v1/catalog/asset/l3a-ime-ch4-mf-v1/2020/07/09/ang20200709t210220-A/ang20200709t210220-A_l3a-ime-ch4-mf-v1_ime-cmf-concentrations.tif,/data2/yuyao/methane_emission/data/raw_data_dir/S2A_MSIL2A_20200710T183921_N0500_R070_T11SKA_20230322T220215.SAFE,/data2/yuyao/methane_emission/carbonmapper_data_l89_l2sp/ang20200709t210220-A/l8_LC08_L2SP_042035_20200710_20200912_02_T1.tif,42.824742,11.23
ang20200709t210220-A,https://api.carbonmapper.org/api/v1/catalog/asset/l3a-vis-ch4-mf-v002/2020/07/09/ang20200709t210220-A/ang20200709t210220-A_l3a-vis-ch4-mf-v002_plume.tif,https://api.carbonmapper.org/api/v1/catalog/asset/l3a-ime-ch4-mf-v1/2020/07/09/ang20200709t210220-A/ang20200709t210220-A_l3a-ime-ch4-mf-v1_ime-cmf-concentrations.tif,/data2/yuyao/methane_emission/data/raw_data_dir/S2A_MSIL2A_20200710T183921_N0500_R070_T11SLA_20230322T220215.SAFE,/data2/yuyao/methane_emission/carbonmapper_data_l89_l2sp/ang20200709t210220-A/l8_LC08_L2SP_042035_20200710_20200912_02_T1.tif,8.921139,11.23
ang20200709t210220-B,https://api.carbonmapper.org/api/v1/catalog/asset/l3a-vis-ch4-mf-v002/2020/07/09/ang20200709t210220-B/ang20200709t210220-B_l3a-vis-ch4-mf-v002_plume.tif,https://api.carbonmapper.org/api/v1/catalog/asset/l3a-ime-ch4-mf-v1/2020/07/09/ang20200709t210220-B/ang20200709t210220-B_l3a-ime-ch4-mf-v1_ime-cmf-concentrations.tif,/data2/yuyao/methane_emission/data/raw_data_dir/S2A_MSIL2A_20200710T183921_N0500_R070_T11SKA_20230322T220215.SAFE,/data2/yuyao/methane_emission/carbonmapper_data_l89_l2sp/ang20200709t210220-B/l8_LC08_L2SP_042035_20200710_20200912_02_T1.tif,42.824742,11.23
ang20200709t210220-B,https://api.carbonmapper.org/api/v1/catalog/asset/l3a-vis-ch4-mf-v002/2020/07/09/ang20200709t210220-B/ang20200709t210220-B_l3a-vis-ch4-mf-v002_plume.tif,https://api.carbonmapper.org/api/v1/catalog/asset/l3a-ime-ch4-mf-v1/2020/07/09/ang20200709t210220-B/ang20200709t210220-B_l3a-ime-ch4-mf-v1_ime-cmf-concentrations.tif,/data2/yuyao/methane_emission/data/raw_data_dir/S2A_MSIL2A_20200710T183921_N0500_R070_T11SLA_20230322T220215.SAFE,/data2/yuyao/methane_emission/carbonmapper_data_l89_l2sp/ang20200709t210220-B/l8_LC08_L2SP_042035_20200710_20200912_02_T1.tif,8.921139,11.23
ang20200709t210220-D,https://api.carbonmapper.org/api/v1/catalog/asset/l3a-vis-ch4-mf-v002/2020/07/09/ang20200709t210220-D/ang20200709t210220-D_l3a-vis-ch4-mf-v002_plume.tif,https://api.carbonmapper.org/api/v1/catalog/asset/l3a-ime-ch4-mf-v1/2020/07/09/ang20200709t210220-D/ang20200709t210220-D_l3a-ime-ch4-mf-v1_ime-cmf-concentrations.tif,/data2/yuyao/methane_emission/data/raw_data_dir/S2A_MSIL2A_20200710T183921_N0500_R070_T11SKA_20230322T220215.SAFE,/data2/yuyao/methane_emission/carbonmapper_data_l89_l2sp/ang20200709t210220-D/l8_LC08_L2SP_042035_20200710_20200912_02_T1.tif,42.824742,11.23
ang20200709t210220-D,https://api.carbonmapper.org/api/v1/catalog/asset/l3a-vis-ch4-mf-v002/2020/07/09/ang20200709t210220-D/ang20200709t210220-D_l3a-vis-ch4-mf-v002_plume.tif,https://api.carbonmapper.org/api/v1/catalog/asset/l3a-ime-ch4-mf-v1/2020/07/09/ang20200709t210220-D/ang20200709t210220-D_l3a-ime-ch4-mf-v1_ime-cmf-concentrations.tif,/data2/yuyao/methane_emission/data/raw_data_dir/S2A_MSIL2A_20200710T183921_N0500_R070_T11SLA_20230322T220215.SAFE,/data2/yuyao/methane_emission/carbonmapper_data_l89_l2sp/ang20200709t210220-D/l8_LC08_L2SP_042035_20200710_20200912_02_T1.tif,8.921139,11.23
ang20200709t210220-F,https://api.carbonmapper.org/api/v1/catalog/asset/l3a-vis-ch4-mf-v002/2020/07/09/ang20200709t210220-F/ang20200709t210220-F_l3a-vis-ch4-mf-v002_plume.tif,https://api.carbonmapper.org/api/v1/catalog/asset/l3a-ime-ch4-mf-v1/2020/07/09/ang20200709t210220-F/ang20200709t210220-F_l3a-ime-ch4-mf-v1_ime-cmf-concentrations.tif,/data2/yuyao/methane_emission/data/raw_data_dir/S2A_MSIL2A_20200710T183921_N0500_R070_T11SKA_20230322T220215.SAFE,/data2/yuyao/methane_emission/carbonmapper_data_l89_l2sp/ang20200709t210220-F/l8_LC08_L2SP_042035_20200710_20200912_02_T1.tif,42.824742,11.23
ang20200709t210220-F,https://api.carbonmapper.org/api/v1/catalog/asset/l3a-vis-ch4-mf-v002/2020/07/09/ang20200709t210220-F/ang20200709t210220-F_l3a-vis-ch4-mf-v002_plume.tif,https://api.carbonmapper.org/api/v1/catalog/asset/l3a-ime-ch4-mf-v1/2020/07/09/ang20200709t210220-F/ang20200709t210220-F_l3a-ime-ch4-mf-v1_ime-cmf-concentrations.tif,/data2/yuyao/methane_emission/data/raw_data_dir/S2A_MSIL2A_20200710T183921_N0500_R070_T11SKV_20230322T220215.SAFE,/data2/yuyao/methane_emission/carbonmapper_data_l89_l2sp/ang20200709t210220-F/l8_LC08_L2SP_042035_20200710_20200912_02_T1.tif,13.370350000000002,11.23
ang20200709t211401-1,https://api.carbonmapper.org/api/v1/catalog/asset/l3a-vis-ch4-mf-v002/2020/07/09/ang20200709t211401-1/ang20200709t211401-1_l3a-vis-ch4-mf-v002_plume.tif,https://api.carbonmapper.org/api/v1/catalog/asset/l3a-ch4-mf-v1/2020/07/09/ang20200709t211401-1/ang20200709t211401-1_l3a-ch4-mf-v1_concentrations.tif,/data2/yuyao/methane_emission/data/raw_data_dir/S2A_MSIL2A_20200710T183921_N0500_R070_T11SKA_20230322T220215.SAFE,/data2/yuyao/methane_emission/carbonmapper_data_l89_l2sp/ang20200709t211401-1/l8_LC08_L2SP_042035_20200710_20200912_02_T1.tif,42.824742,11.23
ang20200709t211401-1,https://api.carbonmapper.org/api/v1/catalog/asset/l3a-vis-ch4-mf-v002/2020/07/09/ang20200709t211401-1/ang20200709t211401-1_l3a-vis-ch4-mf-v002_plume.tif,https://api.carbonmapper.org/api/v1/catalog/asset/l3a-ch4-mf-v1/2020/07/09/ang20200709t211401-1/ang20200709t211401-1_l3a-ch4-mf-v1_concentrations.tif,/data2/yuyao/methane_emission/data/raw_data_dir/S2A_MSIL2A_20200710T183921_N0500_R070_T11SKV_20230322T220215.SAFE,/data2/yuyao/methane_emission/carbonmapper_data_l89_l2sp/ang20200709t211401-1/l8_LC08_L2SP_042035_20200710_20200912_02_T1.tif,13.370350000000002,11.23
ang20200709t212243-1,https://api.carbonmapper.org/api/v1/catalog/asset/l3a-vis-ch4-mf-v002/2020/07/09/ang20200709t212243-1/ang20200709t212243-1_l3a-vis-ch4-mf-v002_plume.tif,,/data2/yuyao/methane_emission/data/raw_data_dir/S2A_MSIL2A_20200710T183921_N0500_R070_T11SKV_20230322T220215.SAFE,/data2/yuyao/methane_emission/carbonmapper_data_l89_l2sp/ang20200709t212243-1/l8_LC08_L2SP_042035_20200710_20200912_02_T1.tif,13.370350000000002,11.23
ang20200709t212858-1,https://api.carbonmapper.org/api/v1/catalog/asset/l3a-vis-ch4-mf-v002/2020/07/09/ang20200709t212858-1/ang20200709t212858-1_l3a-vis-ch4-mf-v002_plume.tif,,/data2/yuyao/methane_emission/data/raw_data_dir/S2A_MSIL2A_20200710T183921_N0500_R070_T11SKV_20230322T220215.SAFE,/data2/yuyao/methane_emission/carbonmapper_data_l89_l2sp/ang20200709t212858-1/l8_LC08_L2SP_042035_20200710_20200912_02_T1.tif,13.370350000000002,11.23
ang20200709t213509-A,https://api.carbonmapper.org/api/v1/catalog/asset/l3a-vis-ch4-mf-v002/2020/07/09/ang20200709t213509-A/ang20200709t213509-A_l3a-vis-ch4-mf-v002_plume.tif,https://api.carbonmapper.org/api/v1/catalog/asset/l3a-ch4-mf-v1/2020/07/09/ang20200709t213509-A/ang20200709t213509-A_l3a-ch4-mf-v1_concentrations.tif,/data2/yuyao/methane_emission/data/raw_data_dir/S2A_MSIL2A_20200710T183921_N0500_R070_T11SLV_20230322T220215.SAFE,/data2/yuyao/methane_emission/carbonmapper_data_l89_l2sp/ang20200709t213509-A/l8_LC08_L2SP_042035_20200710_20200912_02_T1.tif,0.091212,11.23
ang20200709t214232-A,https://api.carbonmapper.org/api/v1/catalog/asset/l3a-vis-ch4-mf-v002/2020/07/09/ang20200709t214232-A/ang20200709t214232-A_l3a-vis-ch4-mf-v002_plume.tif,https://api.carbonmapper.org/api/v1/catalog/asset/l3a-ch4-mf-v1/2020/07/09/ang20200709t214232-A/ang20200709t214232-A_l3a-ch4-mf-v1_concentrations.tif,/data2/yuyao/methane_emission/data/raw_data_dir/S2A_MSIL2A_20200710T183921_N0500_R070_T11SLV_20230322T220215.SAFE,/data2/yuyao/methane_emission/carbonmapper_data_l89_l2sp/ang20200709t214232-A/l8_LC08_L2SP_042035_20200710_20200912_02_T1.tif,0.091212,11.23
ang20200709t214232-B,https://api.carbonmapper.org/api/v1/catalog/asset/l3a-vis-ch4-mf-v002/2020/07/09/ang20200709t214232-B/ang20200709t214232-B_l3a-vis-ch4-mf-v002_plume.tif,https://api.carbonmapper.org/api/v1/catalog/asset/l3a-ch4-mf-v1/2020/07/09/ang20200709t214232-B/ang20200709t214232-B_l3a-ch4-mf-v1_concentrations.tif,/data2/yuyao/methane_emission/data/raw_data_dir/S2A_MSIL2A_20200710T183921_N0500_R070_T11SLV_20230322T220215.SAFE,/data2/yuyao/methane_emission/carbonmapper_data_l89_l2sp/ang20200709t214232-B/l8_LC08_L2SP_042035_20200710_20200912_02_T1.tif,0.091212,11.23
ang20200709t214232-C,https://api.carbonmapper.org/api/v1/catalog/asset/l3a-vis-ch4-mf-v002/2020/07/09/ang20200709t214232-C/ang20200709t214232-C_l3a-vis-ch4-mf-v002_plume.tif,https://api.carbonmapper.org/api/v1/catalog/asset/l3a-ch4-mf-v1/2020/07/09/ang20200709t214232-C/ang20200709t214232-C_l3a-ch4-mf-v1_concentrations.tif,/data2/yuyao/methane_emission/data/raw_data_dir/S2A_MSIL2A_20200710T183921_N0500_R070_T11SLV_20230322T220215.SAFE,/data2/yuyao/methane_emission/carbonmapper_data_l89_l2sp/ang20200709t214232-C/l8_LC08_L2SP_042035_20200710_20200912_02_T1.tif,0.091212,11.23
ang20200709t215700-A,https://api.carbonmapper.org/api/v1/catalog/asset/l3a-vis-ch4-mf-v002/2020/07/09/ang20200709t215700-A/ang20200709t215700-A_l3a-vis-ch4-mf-v002_plume.tif,https://api.carbonmapper.org/api/v1/catalog/asset/l3a-ch4-mf-v1/2020/07/09/ang20200709t215700-A/ang20200709t215700-A_l3a-ch4-mf-v1_concentrations.tif,/data2/yuyao/methane_emission/data/raw_data_dir/S2A_MSIL2A_20200710T183921_N0500_R070_T11SLV_20230322T220215.SAFE,/data2/yuyao/methane_emission/carbonmapper_data_l89_l2sp/ang20200709t215700-A/l8_LC08_L2SP_042035_20200710_20200912_02_T1.tif,0.091212,11.23
ang20200709t215700-B,https://api.carbonmapper.org/api/v1/catalog/asset/l3a-vis-ch4-mf-v002/2020/07/09/ang20200709t215700-B/ang20200709t215700-B_l3a-vis-ch4-mf-v002_plume.tif,https://api.carbonmapper.org/api/v1/catalog/asset/l3a-ch4-mf-v1/2020/07/09/ang20200709t215700-B/ang20200709t215700-B_l3a-ch4-mf-v1_concentrations.tif,/data2/yuyao/methane_emission/data/raw_data_dir/S2A_MSIL2A_20200710T183921_N0500_R070_T11SLV_20230322T220215.SAFE,/data2/yuyao/methane_emission/carbonmapper_data_l89_l2sp/ang20200709t215700-B/l8_LC08_L2SP_042035_20200710_20200912_02_T1.tif,0.091212,11.23
ang20200709t221850-A,https://api.carbonmapper.org/api/v1/catalog/asset/l3a-vis-ch4-mf-v002/2020/07/09/ang20200709t221850-A/ang20200709t221850-A_l3a-vis-ch4-mf-v002_plume.tif,https://api.carbonmapper.org/api/v1/catalog/asset/l3a-ch4-mf-v1/2020/07/09/ang20200709t221850-A/ang20200709t221850-A_l3a-ch4-mf-v1_concentrations.tif,/data2/yuyao/methane_emission/data/raw_data_dir/S2A_MSIL2A_20200710T183921_N0500_R070_T11SLV_20230322T220215.SAFE,/data2/yuyao/methane_emission/carbonmapper_data_l89_l2sp/ang20200709t221850-A/l8_LC08_L2SP_042035_20200710_20200912_02_T1.tif,0.091212,11.23
ang20200709t223021-A,https://api.carbonmapper.org/api/v1/catalog/asset/l3a-vis-ch4-mf-v002/2020/07/09/ang20200709t223021-A/ang20200709t223021-A_l3a-vis-ch4-mf-v002_plume.tif,https://api.carbonmapper.org/api/v1/catalog/asset/l3a-ch4-mf-v1/2020/07/09/ang20200709t223021-A/ang20200709t223021-A_l3a-ch4-mf-v1_concentrations.tif,/data2/yuyao/methane_emission/data/raw_data_dir/S2A_MSIL2A_20200710T183921_N0500_R070_T11SLV_20230322T220215.SAFE,/data2/yuyao/methane_emission/carbonmapper_data_l89_l2sp/ang20200709t223021-A/l8_LC08_L2SP_042035_20200710_20200912_02_T1.tif,0.091212,11.23
ang20200709t223916-1,https://api.carbonmapper.org/api/v1/catalog/asset/l3a-vis-ch4-mf-v002/2020/07/09/ang20200709t223916-1/ang20200709t223916-1_l3a-vis-ch4-mf-v002_plume.tif,,/data2/yuyao/methane_emission/data/raw_data_dir/S2A_MSIL2A_20200710T183921_N0500_R070_T11SKU_20230322T220215.SAFE,/data2/yuyao/methane_emission/carbonmapper_data_l89_l2sp/ang20200709t223916-1/l8_LC08_L2SP_042035_20200710_20200912_02_T1.tif,7.902423,11.23
ang20200709t223916-1,https://api.carbonmapper.org/api/v1/catalog/asset/l3a-vis-ch4-mf-v002/2020/07/09/ang20200709t223916-1/ang20200709t223916-1_l3a-vis-ch4-mf-v002_plume.tif,,/data2/yuyao/methane_emission/data/raw_data_dir/S2A_MSIL2A_20200710T183921_N0500_R070_T11SKU_20230322T220215.SAFE,/data2/yuyao/methane_emission/carbonmapper_data_l89_l2sp/ang20200709t223916-1/l8_LC08_L2SP_042036_20200710_20200912_02_T1.tif,7.902423,25.33
ang20200709t223916-1,https://api.carbonmapper.org/api/v1/catalog/asset/l3a-vis-ch4-mf-v002/2020/07/09/ang20200709t223916-1/ang20200709t223916-1_l3a-vis-ch4-mf-v002_plume.tif,,/data2/yuyao/methane_emission/data/raw_data_dir/S2A_MSIL2A_20200710T183921_N0500_R070_T11SLU_20230322T220215.SAFE,/data2/yuyao/methane_emission/carbonmapper_data_l89_l2sp/ang20200709t223916-1/l8_LC08_L2SP_042035_20200710_20200912_02_T1.tif,0.040508,11.23
ang20200709t223916-1,https://api.carbonmapper.org/api/v1/catalog/asset/l3a-vis-ch4-mf-v002/2020/07/09/ang20200709t223916-1/ang20200709t223916-1_l3a-vis-ch4-mf-v002_plume.tif,,/data2/yuyao/methane_emission/data/raw_data_dir/S2A_MSIL2A_20200710T183921_N0500_R070_T11SLU_20230322T220215.SAFE,/data2/yuyao/methane_emission/carbonmapper_data_l89_l2sp/ang20200709t223916-1/l8_LC08_L2SP_042036_20200710_20200912_02_T1.tif,0.040508,25.33
ang20200709t223916-1,https://api.carbonmapper.org/api/v1/catalog/asset/l3a-vis-ch4-mf-v002/2020/07/09/ang20200709t223916-1/ang20200709t223916-1_l3a-vis-ch4-mf-v002_plume.tif,,/data2/yuyao/methane_emission/data/raw_data_dir/S2A_MSIL2A_20200710T183921_N0500_R070_T11SLV_20230322T220215.SAFE,/data2/yuyao/methane_emission/carbonmapper_data_l89_l2sp/ang20200709t223916-1/l8_LC08_L2SP_042035_20200710_20200912_02_T1.tif,0.091212,11.23
ang20200709t223916-1,https://api.carbonmapper.org/api/v1/catalog/asset/l3a-vis-ch4-mf-v002/2020/07/09/ang20200709t223916-1/ang20200709t223916-1_l3a-vis-ch4-mf-v002_plume.tif,,/data2/yuyao/methane_emission/data/raw_data_dir/S2A_MSIL2A_20200710T183921_N0500_R070_T11SLV_20230322T220215.SAFE,/data2/yuyao/methane_emission/carbonmapper_data_l89_l2sp/ang20200709t223916-1/l8_LC08_L2SP_042036_20200710_20200912_02_T1.tif,0.091212,25.33
ang20200709t223916-2,https://api.carbonmapper.org/api/v1/catalog/asset/l3a-vis-ch4-mf-v002/2020/07/09/ang20200709t223916-2/ang20200709t223916-2_l3a-vis-ch4-mf-v002_plume.tif,,/data2/yuyao/methane_emission/data/raw_data_dir/S2A_MSIL2A_20200710T183921_N0500_R070_T11SKU_20230322T220215.SAFE,/data2/yuyao/methane_emission/carbonmapper_data_l89_l2sp/ang20200709t223916-2/l8_LC08_L2SP_042035_20200710_20200912_02_T1.tif,7.902423,11.23
ang20200709t223916-2,https://api.carbonmapper.org/api/v1/catalog/asset/l3a-vis-ch4-mf-v002/2020/07/09/ang20200709t223916-2/ang20200709t223916-2_l3a-vis-ch4-mf-v002_plume.tif,,/data2/yuyao/methane_emission/data/raw_data_dir/S2A_MSIL2A_20200710T183921_N0500_R070_T11SKU_20230322T220215.SAFE,/data2/yuyao/methane_emission/carbonmapper_data_l89_l2sp/ang20200709t223916-2/l8_LC08_L2SP_042036_20200710_20200912_02_T1.tif,7.902423,25.33
ang20200709t223916-2,https://api.carbonmapper.org/api/v1/catalog/asset/l3a-vis-ch4-mf-v002/2020/07/09/ang20200709t223916-2/ang20200709t223916-2_l3a-vis-ch4-mf-v002_plume.tif,,/data2/yuyao/methane_emission/data/raw_data_dir/S2A_MSIL2A_20200710T183921_N0500_R070_T11SLV_20230322T220215.SAFE,/data2/yuyao/methane_emission/carbonmapper_data_l89_l2sp/ang20200709t223916-2/l8_LC08_L2SP_042035_20200710_20200912_02_T1.tif,0.091212,11.23
ang20200709t223916-2,https://api.carbonmapper.org/api/v1/catalog/asset/l3a-vis-ch4-mf-v002/2020/07/09/ang20200709t223916-2/ang20200709t223916-2_l3a-vis-ch4-mf-v002_plume.tif,,/data2/yuyao/methane_emission/data/raw_data_dir/S2A_MSIL2A_20200710T183921_N0500_R070_T11SLV_20230322T220215.SAFE,/data2/yuyao/methane_emission/carbonmapper_data_l89_l2sp/ang20200709t223916-2/l8_LC08_L2SP_042036_20200710_20200912_02_T1.tif,0.091212,25.33
ang20200709t223916-2,https://api.carbonmapper.org/api/v1/catalog/asset/l3a-vis-ch4-mf-v002/2020/07/09/ang20200709t223916-2/ang20200709t223916-2_l3a-vis-ch4-mf-v002_plume.tif,,/data2/yuyao/methane_emission/data/raw_data_dir/S2A_MSIL2A_20200710T183921_N0500_R070_T11SLU_20230322T220215.SAFE,/data2/yuyao/methane_emission/carbonmapper_data_l89_l2sp/ang20200709t223916-2/l8_LC08_L2SP_042035_20200710_20200912_02_T1.tif,0.040508,11.23
ang20200709t223916-2,https://api.carbonmapper.org/api/v1/catalog/asset/l3a-vis-ch4-mf-v002/2020/07/09/ang20200709t223916-2/ang20200709t223916-2_l3a-vis-ch4-mf-v002_plume.tif,,/data2/yuyao/methane_emission/data/raw_data_dir/S2A_MSIL2A_20200710T183921_N0500_R070_T11SLU_20230322T220215.SAFE,/data2/yuyao/methane_emission/carbonmapper_data_l89_l2sp/ang20200709t223916-2/l8_LC08_L2SP_042036_20200710_20200912_02_T1.tif,0.040508,25.33
ang20200709t224635-2,https://api.carbonmapper.org/api/v1/catalog/asset/l3a-vis-ch4-mf-v002/2020/07/09/ang20200709t224635-2/ang20200709t224635-2_l3a-vis-ch4-mf-v002_plume.tif,,/data2/yuyao/methane_emission/data/raw_data_dir/S2A_MSIL2A_20200710T183921_N0500_R070_T11SKU_20230322T220215.SAFE,/data2/yuyao/methane_emission/carbonmapper_data_l89_l2sp/ang20200709t224635-2/l8_LC08_L2SP_042035_20200710_20200912_02_T1.tif,7.902423,11.23
ang20200709t224635-2,https://api.carbonmapper.org/api/v1/catalog/asset/l3a-vis-ch4-mf-v002/2020/07/09/ang20200709t224635-2/ang20200709t224635-2_l3a-vis-ch4-mf-v002_plume.tif,,/data2/yuyao/methane_emission/data/raw_data_dir/S2A_MSIL2A_20200710T183921_N0500_R070_T11SKU_20230322T220215.SAFE,/data2/yuyao/methane_emission/carbonmapper_data_l89_l2sp/ang20200709t224635-2/l8_LC08_L2SP_042036_20200710_20200912_02_T1.tif,7.902423,25.33
ang20200709t224635-2,https://api.carbonmapper.org/api/v1/catalog/asset/l3a-vis-ch4-mf-v002/2020/07/09/ang20200709t224635-2/ang20200709t224635-2_l3a-vis-ch4-mf-v002_plume.tif,,/data2/yuyao/methane_emission/data/raw_data_dir/S2A_MSIL2A_20200710T183921_N0500_R070_T11SLU_20230322T220215.SAFE,/data2/yuyao/methane_emission/carbonmapper_data_l89_l2sp/ang20200709t224635-2/l8_LC08_L2SP_042035_20200710_20200912_02_T1.tif,0.040508,11.23
ang20200709t224635-2,https://api.carbonmapper.org/api/v1/catalog/asset/l3a-vis-ch4-mf-v002/2020/07/09/ang20200709t224635-2/ang20200709t224635-2_l3a-vis-ch4-mf-v002_plume.tif,,/data2/yuyao/methane_emission/data/raw_data_dir/S2A_MSIL2A_20200710T183921_N0500_R070_T11SLU_20230322T220215.SAFE,/data2/yuyao/methane_emission/carbonmapper_data_l89_l2sp/ang20200709t224635-2/l8_LC08_L2SP_042036_20200710_20200912_02_T1.tif,0.040508,25.33
ang20200709t224635-2,https://api.carbonmapper.org/api/v1/catalog/asset/l3a-vis-ch4-mf-v002/2020/07/09/ang20200709t224635-2/ang20200709t224635-2_l3a-vis-ch4-mf-v002_plume.tif,,/data2/yuyao/methane_emission/data/raw_data_dir/S2A_MSIL2A_20200710T183921_N0500_R070_T11SLV_20230322T220215.SAFE,/data2/yuyao/methane_emission/carbonmapper_data_l89_l2sp/ang20200709t224635-2/l8_LC08_L2SP_042035_20200710_20200912_02_T1.tif,0.091212,11.23
ang20200709t224635-2,https://api.carbonmapper.org/api/v1/catalog/asset/l3a-vis-ch4-mf-v002/2020/07/09/ang20200709t224635-2/ang20200709t224635-2_l3a-vis-ch4-mf-v002_plume.tif,,/data2/yuyao/methane_emission/data/raw_data_dir/S2A_MSIL2A_20200710T183921_N0500_R070_T11SLV_20230322T220215.SAFE,/data2/yuyao/methane_emission/carbonmapper_data_l89_l2sp/ang20200709t224635-2/l8_LC08_L2SP_042036_20200710_20200912_02_T1.tif,0.091212,25.33
ang20220324t182439-A,https://api.carbonmapper.org/api/v1/catalog/asset/l3a-vis-ch4-mf-v002/2022/03/24/ang20220324t182439-A/ang20220324t182439-A_l3a-vis-ch4-mf-v002_plume.tif,https://api.carbonmapper.org/api/v1/catalog/asset/l3a-ch4-mf-v1/2022/03/24/ang20220324t182439-A/ang20220324t182439-A_l3a-ch4-mf-v1_concentrations.tif,/data2/yuyao/methane_emission/data/raw_data_dir/S2B_MSIL2A_20220325T175909_N0510_R041_T12SYG_20240530T134935.SAFE,/data2/yuyao/methane_emission/carbonmapper_data_l89_l2sp/ang20220324t182439-A/l8_LC08_L2SP_035034_20220325_20220330_02_T1.tif,0.00093,1.15
ang20220324t182439-A,https://api.carbonmapper.org/api/v1/catalog/asset/l3a-vis-ch4-mf-v002/2022/03/24/ang20220324t182439-A/ang20220324t182439-A_l3a-vis-ch4-mf-v002_plume.tif,https://api.carbonmapper.org/api/v1/catalog/asset/l3a-ch4-mf-v1/2022/03/24/ang20220324t182439-A/ang20220324t182439-A_l3a-ch4-mf-v1_concentrations.tif,/data2/yuyao/methane_emission/data/raw_data_dir/S2B_MSIL2A_20220325T175909_N0510_R041_T13SBB_20240530T134935.SAFE,/data2/yuyao/methane_emission/carbonmapper_data_l89_l2sp/ang20220324t182439-A/l8_LC08_L2SP_035034_20220325_20220330_02_T1.tif,0.0036439999999999,1.15
ang20220324t191818-B,https://api.carbonmapper.org/api/v1/catalog/asset/l3a-vis-ch4-mf-v002/2022/03/24/ang20220324t191818-B/ang20220324t191818-B_l3a-vis-ch4-mf-v002_plume.tif,https://api.carbonmapper.org/api/v1/catalog/asset/l3a-ch4-mf-v1/2022/03/24/ang20220324t191818-B/ang20220324t191818-B_l3a-ch4-mf-v1_concentrations.tif,/data2/yuyao/methane_emission/data/raw_data_dir/S2B_MSIL2A_20220325T175909_N0510_R041_T13SBB_20240530T134935.SAFE,/data2/yuyao/methane_emission/carbonmapper_data_l89_l2sp/ang20220324t191818-B/l8_LC08_L2SP_035034_20220325_20220330_02_T1.tif,0.0036439999999999,1.15
ang20220324t191818-B,https://api.carbonmapper.org/api/v1/catalog/asset/l3a-vis-ch4-mf-v002/2022/03/24/ang20220324t191818-B/ang20220324t191818-B_l3a-vis-ch4-mf-v002_plume.tif,https://api.carbonmapper.org/api/v1/catalog/asset/l3a-ch4-mf-v1/2022/03/24/ang20220324t191818-B/ang20220324t191818-B_l3a-ch4-mf-v1_concentrations.tif,/data2/yuyao/methane_emission/data/raw_data_dir/S2B_MSIL2A_20220325T175909_N0510_R041_T12SYG_20240530T134935.SAFE,/data2/yuyao/methane_emission/carbonmapper_data_l89_l2sp/ang20220324t191818-B/l8_LC08_L2SP_035034_20220325_20220330_02_T1.tif,0.00093,1.15
ang20220324t193809-A,https://api.carbonmapper.org/api/v1/catalog/asset/l3a-vis-ch4-mf-v002/2022/03/24/ang20220324t193809-A/ang20220324t193809-A_l3a-vis-ch4-mf-v002_plume.tif,https://api.carbonmapper.org/api/v1/catalog/asset/l3a-ch4-mf-v1/2022/03/24/ang20220324t193809-A/ang20220324t193809-A_l3a-ch4-mf-v1_concentrations.tif,/data2/yuyao/methane_emission/data/raw_data_dir/S2B_MSIL2A_20220325T175909_N0510_R041_T13SBA_20240530T134935.SAFE,/data2/yuyao/methane_emission/carbonmapper_data_l89_l2sp/ang20220324t193809-A/l8_LC08_L2SP_035034_20220325_20220330_02_T1.tif,0.0,1.15
ang20220324t193809-A,https://api.carbonmapper.org/api/v1/catalog/asset/l3a-vis-ch4-mf-v002/2022/03/24/ang20220324t193809-A/ang20220324t193809-A_l3a-vis-ch4-mf-v002_plume.tif,https://api.carbonmapper.org/api/v1/catalog/asset/l3a-ch4-mf-v1/2022/03/24/ang20220324t193809-A/ang20220324t193809-A_l3a-ch4-mf-v1_concentrations.tif,/data2/yuyao/methane_emission/data/raw_data_dir/S2B_MSIL2A_20220325T175909_N0510_R041_T13SBB_20240530T134935.SAFE,/data2/yuyao/methane_emission/carbonmapper_data_l89_l2sp/ang20220324t193809-A/l8_LC08_L2SP_035034_20220325_20220330_02_T1.tif,0.0036439999999999,1.15
ang20220324t193809-A,https://api.carbonmapper.org/api/v1/catalog/asset/l3a-vis-ch4-mf-v002/2022/03/24/ang20220324t193809-A/ang20220324t193809-A_l3a-vis-ch4-mf-v002_plume.tif,https://api.carbonmapper.org/api/v1/catalog/asset/l3a-ch4-mf-v1/2022/03/24/ang20220324t193809-A/ang20220324t193809-A_l3a-ch4-mf-v1_concentrations.tif,/data2/yuyao/methane_emission/data/raw_data_dir/S2B_MSIL2A_20220325T175909_N0510_R041_T12SYG_20240530T134935.SAFE,/data2/yuyao/methane_emission/carbonmapper_data_l89_l2sp/ang20220324t193809-A/l8_LC08_L2SP_035034_20220325_20220330_02_T1.tif,0.00093,1.15
ang20220324t195537-A,https://api.carbonmapper.org/api/v1/catalog/asset/l3a-vis-ch4-mf-v002/2022/03/24/ang20220324t195537-A/ang20220324t195537-A_l3a-vis-ch4-mf-v002_plume.tif,https://api.carbonmapper.org/api/v1/catalog/asset/l3a-ch4-mf-v1/2022/03/24/ang20220324t195537-A/ang20220324t195537-A_l3a-ch4-mf-v1_concentrations.tif,/data2/yuyao/methane_emission/data/raw_data_dir/S2B_MSIL2A_20220325T175909_N0510_R041_T12SYG_20240530T134935.SAFE,/data2/yuyao/methane_emission/carbonmapper_data_l89_l2sp/ang20220324t195537-A/l8_LC08_L2SP_035034_20220325_20220330_02_T1.tif,0.00093,1.15
ang20220324t195537-A,https://api.carbonmapper.org/api/v1/catalog/asset/l3a-vis-ch4-mf-v002/2022/03/24/ang20220324t195537-A/ang20220324t195537-A_l3a-vis-ch4-mf-v002_plume.tif,https://api.carbonmapper.org/api/v1/catalog/asset/l3a-ch4-mf-v1/2022/03/24/ang20220324t195537-A/ang20220324t195537-A_l3a-ch4-mf-v1_concentrations.tif,/data2/yuyao/methane_emission/data/raw_data_dir/S2B_MSIL2A_20220325T175909_N0510_R041_T13SBB_20240530T134935.SAFE,/data2/yuyao/methane_emission/carbonmapper_data_l89_l2sp/ang20220324t195537-A/l8_LC08_L2SP_035034_20220325_20220330_02_T1.tif,0.0036439999999999,1.15
ang20220324t195537-E,https://api.carbonmapper.org/api/v1/catalog/asset/l3a-vis-ch4-mf-v002/2022/03/24/ang20220324t195537-E/ang20220324t195537-E_l3a-vis-ch4-mf-v002_plume.tif,https://api.carbonmapper.org/api/v1/catalog/asset/l3a-ch4-mf-v1/2022/03/24/ang20220324t195537-E/ang20220324t195537-E_l3a-ch4-mf-v1_concentrations.tif,/data2/yuyao/methane_emission/data/raw_data_dir/S2B_MSIL2A_20220325T175909_N0510_R041_T13SBB_20240530T134935.SAFE,/data2/yuyao/methane_emission/carbonmapper_data_l89_l2sp/ang20220324t195537-E/l8_LC08_L2SP_035034_20220325_20220330_02_T1.tif,0.0036439999999999,1.15
ang20220324t195537-E,https://api.carbonmapper.org/api/v1/catalog/asset/l3a-vis-ch4-mf-v002/2022/03/24/ang20220324t195537-E/ang20220324t195537-E_l3a-vis-ch4-mf-v002_plume.tif,https://api.carbonmapper.org/api/v1/catalog/asset/l3a-ch4-mf-v1/2022/03/24/ang20220324t195537-E/ang20220324t195537-E_l3a-ch4-mf-v1_concentrations.tif,/data2/yuyao/methane_emission/data/raw_data_dir/S2B_MSIL2A_20220325T175909_N0510_R041_T12SYG_20240530T134935.SAFE,/data2/yuyao/methane_emission/carbonmapper_data_l89_l2sp/ang20220324t195537-E/l8_LC08_L2SP_035034_20220325_20220330_02_T1.tif,0.00093,1.15
ang20220324t202850-A,https://api.carbonmapper.org/api/v1/catalog/asset/l3a-vis-ch4-mf-v002/2022/03/24/ang20220324t202850-A/ang20220324t202850-A_l3a-vis-ch4-mf-v002_plume.tif,https://api.carbonmapper.org/api/v1/catalog/asset/l3a-ch4-mf-v1/2022/03/24/ang20220324t202850-A/ang20220324t202850-A_l3a-ch4-mf-v1_concentrations.tif,/data2/yuyao/methane_emission/data/raw_data_dir/S2B_MSIL2A_20220325T175909_N0510_R041_T13SBB_20240530T134935.SAFE,/data2/yuyao/methane_emission/carbonmapper_data_l89_l2sp/ang20220324t202850-A/l8_LC08_L2SP_035034_20220325_20220330_02_T1.tif,0.0036439999999999,1.15
ang20220324t202850-A,https://api.carbonmapper.org/api/v1/catalog/asset/l3a-vis-ch4-mf-v002/2022/03/24/ang20220324t202850-A/ang20220324t202850-A_l3a-vis-ch4-mf-v002_plume.tif,https://api.carbonmapper.org/api/v1/catalog/asset/l3a-ch4-mf-v1/2022/03/24/ang20220324t202850-A/ang20220324t202850-A_l3a-ch4-mf-v1_concentrations.tif,/data2/yuyao/methane_emission/data/raw_data_dir/S2B_MSIL2A_20220325T175909_N0510_R041_T12SYG_20240530T134935.SAFE,/data2/yuyao/methane_emission/carbonmapper_data_l89_l2sp/ang20220324t202850-A/l8_LC08_L2SP_035034_20220325_20220330_02_T1.tif,0.00093,1.15
ang20220324t204413-A,https://api.carbonmapper.org/api/v1/catalog/asset/l3a-vis-ch4-mf-v002/2022/03/24/ang20220324t204413-A/ang20220324t204413-A_l3a-vis-ch4-mf-v002_plume.tif,https://api.carbonmapper.org/api/v1/catalog/asset/l3a-ch4-mf-v1/2022/03/24/ang20220324t204413-A/ang20220324t204413-A_l3a-ch4-mf-v1_concentrations.tif,/data2/yuyao/methane_emission/data/raw_data_dir/S2B_MSIL2A_20220325T175909_N0510_R041_T12SYG_20240530T134935.SAFE,/data2/yuyao/methane_emission/carbonmapper_data_l89_l2sp/ang20220324t204413-A/l8_LC08_L2SP_035034_20220325_20220330_02_T1.tif,0.00093,1.15
ang20220324t204413-A,https://api.carbonmapper.org/api/v1/catalog/asset/l3a-vis-ch4-mf-v002/2022/03/24/ang20220324t204413-A/ang20220324t204413-A_l3a-vis-ch4-mf-v002_plume.tif,https://api.carbonmapper.org/api/v1/catalog/asset/l3a-ch4-mf-v1/2022/03/24/ang20220324t204413-A/ang20220324t204413-A_l3a-ch4-mf-v1_concentrations.tif,/data2/yuyao/methane_emission/data/raw_data_dir/S2B_MSIL2A_20220325T175909_N0510_R041_T13SBB_20240530T134935.SAFE,/data2/yuyao/methane_emission/carbonmapper_data_l89_l2sp/ang20220324t204413-A/l8_LC08_L2SP_035034_20220325_20220330_02_T1.tif,0.0036439999999999,1.15
ang20220324t211235-A,https://api.carbonmapper.org/api/v1/catalog/asset/l3a-vis-ch4-mf-v002/2022/03/24/ang20220324t211235-A/ang20220324t211235-A_l3a-vis-ch4-mf-v002_plume.tif,https://api.carbonmapper.org/api/v1/catalog/asset/l3a-ch4-mf-v1/2022/03/24/ang20220324t211235-A/ang20220324t211235-A_l3a-ch4-mf-v1_concentrations.tif,/data2/yuyao/methane_emission/data/raw_data_dir/S2B_MSIL2A_20220325T175909_N0510_R041_T12SYG_20240530T134935.SAFE,/data2/yuyao/methane_emission/carbonmapper_data_l89_l2sp/ang20220324t211235-A/l8_LC08_L2SP_035034_20220325_20220330_02_T1.tif,0.00093,1.15
ang20220324t211235-A,https://api.carbonmapper.org/api/v1/catalog/asset/l3a-vis-ch4-mf-v002/2022/03/24/ang20220324t211235-A/ang20220324t211235-A_l3a-vis-ch4-mf-v002_plume.tif,https://api.carbonmapper.org/api/v1/catalog/asset/l3a-ch4-mf-v1/2022/03/24/ang20220324t211235-A/ang20220324t211235-A_l3a-ch4-mf-v1_concentrations.tif,/data2/yuyao/methane_emission/data/raw_data_dir/S2B_MSIL2A_20220325T175909_N0510_R041_T13SBB_20240530T134935.SAFE,/data2/yuyao/methane_emission/carbonmapper_data_l89_l2sp/ang20220324t211235-A/l8_LC08_L2SP_035034_20220325_20220330_02_T1.tif,0.0036439999999999,1.15
ang20220324t211235-B,https://api.carbonmapper.org/api/v1/catalog/asset/l3a-vis-ch4-mf-v002/2022/03/24/ang20220324t211235-B/ang20220324t211235-B_l3a-vis-ch4-mf-v002_plume.tif,https://api.carbonmapper.org/api/v1/catalog/asset/l3a-ch4-mf-v1/2022/03/24/ang20220324t211235-B/ang20220324t211235-B_l3a-ch4-mf-v1_concentrations.tif,/data2/yuyao/methane_emission/data/raw_data_dir/S2B_MSIL2A_20220325T175909_N0510_R041_T12SYG_20240530T134935.SAFE,/data2/yuyao/methane_emission/carbonmapper_data_l89_l2sp/ang20220324t211235-B/l8_LC08_L2SP_035034_20220325_20220330_02_T1.tif,0.00093,1.15
ang20220324t211235-B,https://api.carbonmapper.org/api/v1/catalog/asset/l3a-vis-ch4-mf-v002/2022/03/24/ang20220324t211235-B/ang20220324t211235-B_l3a-vis-ch4-mf-v002_plume.tif,https://api.carbonmapper.org/api/v1/catalog/asset/l3a-ch4-mf-v1/2022/03/24/ang20220324t211235-B/ang20220324t211235-B_l3a-ch4-mf-v1_concentrations.tif,/data2/yuyao/methane_emission/data/raw_data_dir/S2B_MSIL2A_20220325T175909_N0510_R041_T13SBB_20240530T134935.SAFE,/data2/yuyao/methane_emission/carbonmapper_data_l89_l2sp/ang20220324t211235-B/l8_LC08_L2SP_035034_20220325_20220330_02_T1.tif,0.0036439999999999,1.15
ang20220324t212542-A,https://api.carbonmapper.org/api/v1/catalog/asset/l3a-vis-ch4-mf-v002/2022/03/24/ang20220324t212542-A/ang20220324t212542-A_l3a-vis-ch4-mf-v002_plume.tif,https://api.carbonmapper.org/api/v1/catalog/asset/l3a-ch4-mf-v1/2022/03/24/ang20220324t212542-A/ang20220324t212542-A_l3a-ch4-mf-v1_concentrations.tif,/data2/yuyao/methane_emission/data/raw_data_dir/S2B_MSIL2A_20220325T175909_N0510_R041_T13SBB_20240530T134935.SAFE,/data2/yuyao/methane_emission/carbonmapper_data_l89_l2sp/ang20220324t212542-A/l8_LC08_L2SP_035034_20220325_20220330_02_T1.tif,0.0036439999999999,1.15
ang20220324t212542-A,https://api.carbonmapper.org/api/v1/catalog/asset/l3a-vis-ch4-mf-v002/2022/03/24/ang20220324t212542-A/ang20220324t212542-A_l3a-vis-ch4-mf-v002_plume.tif,https://api.carbonmapper.org/api/v1/catalog/asset/l3a-ch4-mf-v1/2022/03/24/ang20220324t212542-A/ang20220324t212542-A_l3a-ch4-mf-v1_concentrations.tif,/data2/yuyao/methane_emission/data/raw_data_dir/S2B_MSIL2A_20220325T175909_N0510_R041_T12SYG_20240530T134935.SAFE,/data2/yuyao/methane_emission/carbonmapper_data_l89_l2sp/ang20220324t212542-A/l8_LC08_L2SP_035034_20220325_20220330_02_T1.tif,0.00093,1.15
ang20220325t173925-A,https://api.carbonmapper.org/api/v1/catalog/asset/l3a-vis-ch4-mf-v002/2022/03/25/ang20220325t173925-A/ang20220325t173925-A_l3a-vis-ch4-mf-v002_plume.tif,https://api.carbonmapper.org/api/v1/catalog/asset/l3a-ch4-mf-v1/2022/03/25/ang20220325t173925-A/ang20220325t173925-A_l3a-ch4-mf-v1_concentrations.tif,/data2/yuyao/methane_emission/data/raw_data_dir/S2B_MSIL2A_20220325T175909_N0510_R041_T12SYF_20240530T134935.SAFE,/data2/yuyao/methane_emission/carbonmapper_data_l89_l2sp/ang20220325t173925-A/l8_LC08_L2SP_035034_20220325_20220330_02_T1.tif,0.001514,1.15
ang20220325t175529-A,https://api.carbonmapper.org/api/v1/catalog/asset/l3a-vis-ch4-mf-v002/2022/03/25/ang20220325t175529-A/ang20220325t175529-A_l3a-vis-ch4-mf-v002_plume.tif,https://api.carbonmapper.org/api/v1/catalog/asset/l3a-ch4-mf-v1/2022/03/25/ang20220325t175529-A/ang20220325t175529-A_l3a-ch4-mf-v1_concentrations.tif,/data2/yuyao/methane_emission/data/raw_data_dir/S2B_MSIL2A_20220325T175909_N0510_R041_T12SYF_20240530T134935.SAFE,/data2/yuyao/methane_emission/carbonmapper_data_l89_l2sp/ang20220325t175529-A/l8_LC08_L2SP_035035_20220325_20220330_02_T1.tif,0.001514,0.72
ang20220325t175529-B,https://api.carbonmapper.org/api/v1/catalog/asset/l3a-vis-ch4-mf-v002/2022/03/25/ang20220325t175529-B/ang20220325t175529-B_l3a-vis-ch4-mf-v002_plume.tif,https://api.carbonmapper.org/api/v1/catalog/asset/l3a-ch4-mf-v1/2022/03/25/ang20220325t175529-B/ang20220325t175529-B_l3a-ch4-mf-v1_concentrations.tif,/data2/yuyao/methane_emission/data/raw_data_dir/S2B_MSIL2A_20220325T175909_N0510_R041_T13SBA_20240530T134935.SAFE,/data2/yuyao/methane_emission/carbonmapper_data_l89_l2sp/ang20220325t175529-B/l8_LC08_L2SP_035035_20220325_20220330_02_T1.tif,0.0,0.72
ang20220325t175529-D,https://api.carbonmapper.org/api/v1/catalog/asset/l3a-vis-ch4-mf-v002/2022/03/25/ang20220325t175529-D/ang20220325t175529-D_l3a-vis-ch4-mf-v002_plume.tif,https://api.carbonmapper.org/api/v1/catalog/asset/l3a-ch4-mf-v1/2022/03/25/ang20220325t175529-D/ang20220325t175529-D_l3a-ch4-mf-v1_concentrations.tif,/data2/yuyao/methane_emission/data/raw_data_dir/S2B_MSIL2A_20220325T175909_N0510_R041_T13SBA_20240530T134935.SAFE,/data2/yuyao/methane_emission/carbonmapper_data_l89_l2sp/ang20220325t175529-D/l8_LC08_L2SP_035035_20220325_20220330_02_T1.tif,0.0,0.72
ang20220325t180940-A,https://api.carbonmapper.org/api/v1/catalog/asset/l3a-vis-ch4-mf-v002/2022/03/25/ang20220325t180940-A/ang20220325t180940-A_l3a-vis-ch4-mf-v002_plume.tif,https://api.carbonmapper.org/api/v1/catalog/asset/l3a-ch4-mf-v1/2022/03/25/ang20220325t180940-A/ang20220325t180940-A_l3a-ch4-mf-v1_concentrations.tif,/data2/yuyao/methane_emission/data/raw_data_dir/S2B_MSIL2A_20220325T175909_N0510_R041_T13SBA_20240530T134935.SAFE,/data2/yuyao/methane_emission/carbonmapper_data_l89_l2sp/ang20220325t180940-A/l8_LC08_L2SP_035035_20220325_20220330_02_T1.tif,0.0,0.72
ang20220325t180940-B,https://api.carbonmapper.org/api/v1/catalog/asset/l3a-vis-ch4-mf-v002/2022/03/25/ang20220325t180940-B/ang20220325t180940-B_l3a-vis-ch4-mf-v002_plume.tif,https://api.carbonmapper.org/api/v1/catalog/asset/l3a-ch4-mf-v1/2022/03/25/ang20220325t180940-B/ang20220325t180940-B_l3a-ch4-mf-v1_concentrations.tif,/data2/yuyao/methane_emission/data/raw_data_dir/S2B_MSIL2A_20220325T175909_N0510_R041_T13SBA_20240530T134935.SAFE,/data2/yuyao/methane_emission/carbonmapper_data_l89_l2sp/ang20220325t180940-B/l8_LC08_L2SP_035035_20220325_20220330_02_T1.tif,0.0,0.72
ang20220325t180940-B,https://api.carbonmapper.org/api/v1/catalog/asset/l3a-vis-ch4-mf-v002/2022/03/25/ang20220325t180940-B/ang20220325t180940-B_l3a-vis-ch4-mf-v002_plume.tif,https://api.carbonmapper.org/api/v1/catalog/asset/l3a-ch4-mf-v1/2022/03/25/ang20220325t180940-B/ang20220325t180940-B_l3a-ch4-mf-v1_concentrations.tif,/data2/yuyao/methane_emission/data/raw_data_dir/S2B_MSIL2A_20220325T175909_N0510_R041_T13SBA_20240530T134935.SAFE,/data2/yuyao/methane_emission/carbonmapper_data_l89_l2sp/ang20220325t180940-B/l8_LC09_L2SP_034035_20220326_20230424_02_T1.tif,0.0,2.99
ang20220325t182553-A,https://api.carbonmapper.org/api/v1/catalog/asset/l3a-vis-ch4-mf-v002/2022/03/25/ang20220325t182553-A/ang20220325t182553-A_l3a-vis-ch4-mf-v002_plume.tif,https://api.carbonmapper.org/api/v1/catalog/asset/l3a-ch4-mf-v1/2022/03/25/ang20220325t182553-A/ang20220325t182553-A_l3a-ch4-mf-v1_concentrations.tif,/data2/yuyao/methane_emission/data/raw_data_dir/S2B_MSIL2A_20220325T175909_N0510_R041_T13SBA_20240530T134935.SAFE,/data2/yuyao/methane_emission/carbonmapper_data_l89_l2sp/ang20220325t182553-A/l8_LC08_L2SP_035035_20220325_20220330_02_T1.tif,0.0,0.72
ang20220325t184019-A,https://api.carbonmapper.org/api/v1/catalog/asset/l3a-vis-ch4-mf-v002/2022/03/25/ang20220325t184019-A/ang20220325t184019-A_l3a-vis-ch4-mf-v002_plume.tif,https://api.carbonmapper.org/api/v1/catalog/asset/l3a-ch4-mf-v1/2022/03/25/ang20220325t184019-A/ang20220325t184019-A_l3a-ch4-mf-v1_concentrations.tif,/data2/yuyao/methane_emission/data/raw_data_dir/S2B_MSIL2A_20220325T175909_N0510_R041_T12SYF_20240530T134935.SAFE,/data2/yuyao/methane_emission/carbonmapper_data_l89_l2sp/ang20220325t184019-A/l8_LC08_L2SP_035035_20220325_20220330_02_T1.tif,0.001514,0.72
ang20220325t184019-B,https://api.carbonmapper.org/api/v1/catalog/asset/l3a-vis-ch4-mf-v002/2022/03/25/ang20220325t184019-B/ang20220325t184019-B_l3a-vis-ch4-mf-v002_plume.tif,https://api.carbonmapper.org/api/v1/catalog/asset/l3a-ch4-mf-v1/2022/03/25/ang20220325t184019-B/ang20220325t184019-B_l3a-ch4-mf-v1_concentrations.tif,/data2/yuyao/methane_emission/data/raw_data_dir/S2B_MSIL2A_20220325T175909_N0510_R041_T13SBA_20240530T134935.SAFE,/data2/yuyao/methane_emission/carbonmapper_data_l89_l2sp/ang20220325t184019-B/l8_LC08_L2SP_035035_20220325_20220330_02_T1.tif,0.0,0.72
ang20220325t185825-A,https://api.carbonmapper.org/api/v1/catalog/asset/l3a-vis-ch4-mf-v002/2022/03/25/ang20220325t185825-A/ang20220325t185825-A_l3a-vis-ch4-mf-v002_plume.tif,https://api.carbonmapper.org/api/v1/catalog/asset/l3a-ch4-mf-v1/2022/03/25/ang20220325t185825-A/ang20220325t185825-A_l3a-ch4-mf-v1_concentrations.tif,/data2/yuyao/methane_emission/data/raw_data_dir/S2B_MSIL2A_20220325T175909_N0510_R041_T13SBA_20240530T134935.SAFE,/data2/yuyao/methane_emission/carbonmapper_data_l89_l2sp/ang20220325t185825-A/l8_LC08_L2SP_035035_20220325_20220330_02_T1.tif,0.0,0.72
ang20220325t185825-A,https://api.carbonmapper.org/api/v1/catalog/asset/l3a-vis-ch4-mf-v002/2022/03/25/ang20220325t185825-A/ang20220325t185825-A_l3a-vis-ch4-mf-v002_plume.tif,https://api.carbonmapper.org/api/v1/catalog/asset/l3a-ch4-mf-v1/2022/03/25/ang20220325t185825-A/ang20220325t185825-A_l3a-ch4-mf-v1_concentrations.tif,/data2/yuyao/methane_emission/data/raw_data_dir/S2B_MSIL2A_20220325T175909_N0510_R041_T13SBA_20240530T134935.SAFE,/data2/yuyao/methane_emission/carbonmapper_data_l89_l2sp/ang20220325t185825-A/l8_LC09_L2SP_034035_20220326_20230424_02_T1.tif,0.0,2.99
ang20220325t191254-A,https://api.carbonmapper.org/api/v1/catalog/asset/l3a-vis-ch4-mf-v002/2022/03/25/ang20220325t191254-A/ang20220325t191254-A_l3a-vis-ch4-mf-v002_plume.tif,https://api.carbonmapper.org/api/v1/catalog/asset/l3a-ch4-mf-v1/2022/03/25/ang20220325t191254-A/ang20220325t191254-A_l3a-ch4-mf-v1_concentrations.tif,/data2/yuyao/methane_emission/data/raw_data_dir/S2B_MSIL2A_20220325T175909_N0510_R041_T13SBA_20240530T134935.SAFE,/data2/yuyao/methane_emission/carbonmapper_data_l89_l2sp/ang20220325t191254-A/l8_LC08_L2SP_035035_20220325_20220330_02_T1.tif,0.0,0.72
ang20220325t191254-A,https://api.carbonmapper.org/api/v1/catalog/asset/l3a-vis-ch4-mf-v002/2022/03/25/ang20220325t191254-A/ang20220325t191254-A_l3a-vis-ch4-mf-v002_plume.tif,https://api.carbonmapper.org/api/v1/catalog/asset/l3a-ch4-mf-v1/2022/03/25/ang20220325t191254-A/ang20220325t191254-A_l3a-ch4-mf-v1_concentrations.tif,/data2/yuyao/methane_emission/data/raw_data_dir/S2B_MSIL2A_20220325T175909_N0510_R041_T13SBA_20240530T134935.SAFE,/data2/yuyao/methane_emission/carbonmapper_data_l89_l2sp/ang20220325t191254-A/l8_LC09_L2SP_034035_20220326_20230424_02_T1.tif,0.0,2.99
ang20220325t192854-A,https://api.carbonmapper.org/api/v1/catalog/asset/l3a-vis-ch4-mf-v002/2022/03/25/ang20220325t192854-A/ang20220325t192854-A_l3a-vis-ch4-mf-v002_plume.tif,,/data2/yuyao/methane_emission/data/raw_data_dir/S2B_MSIL2A_20220325T175909_N0510_R041_T13SBA_20240530T134935.SAFE,/data2/yuyao/methane_emission/carbonmapper_data_l89_l2sp/ang20220325t192854-A/l8_LC08_L2SP_035035_20220325_20220330_02_T1.tif,0.0,0.72
ang20220325t192854-A,https://api.carbonmapper.org/api/v1/catalog/asset/l3a-vis-ch4-mf-v002/2022/03/25/ang20220325t192854-A/ang20220325t192854-A_l3a-vis-ch4-mf-v002_plume.tif,,/data2/yuyao/methane_emission/data/raw_data_dir/S2B_MSIL2A_20220325T175909_N0510_R041_T13SBA_20240530T134935.SAFE,/data2/yuyao/methane_emission/carbonmapper_data_l89_l2sp/ang20220325t192854-A/l8_LC09_L2SP_034035_20220326_20230424_02_T1.tif,0.0,2.99
ang20220325t192854-B,https://api.carbonmapper.org/api/v1/catalog/asset/l3a-vis-ch4-mf-v002/2022/03/25/ang20220325t192854-B/ang20220325t192854-B_l3a-vis-ch4-mf-v002_plume.tif,,/data2/yuyao/methane_emission/data/raw_data_dir/S2B_MSIL2A_20220325T175909_N0510_R041_T12SYF_20240530T134935.SAFE,/data2/yuyao/methane_emission/carbonmapper_data_l89_l2sp/ang20220325t192854-B/l8_LC08_L2SP_035035_20220325_20220330_02_T1.tif,0.001514,0.72
ang20220325t192854-B,https://api.carbonmapper.org/api/v1/catalog/asset/l3a-vis-ch4-mf-v002/2022/03/25/ang20220325t192854-B/ang20220325t192854-B_l3a-vis-ch4-mf-v002_plume.tif,,/data2/yuyao/methane_emission/data/raw_data_dir/S2B_MSIL2A_20220325T175909_N0510_R041_T12SYF_20240530T134935.SAFE,/data2/yuyao/methane_emission/carbonmapper_data_l89_l2sp/ang20220325t192854-B/l8_LC09_L2SP_034035_20220326_20230424_02_T1.tif,0.001514,2.99
ang20220325t192854-C,https://api.carbonmapper.org/api/v1/catalog/asset/l3a-vis-ch4-mf-v002/2022/03/25/ang20220325t192854-C/ang20220325t192854-C_l3a-vis-ch4-mf-v002_plume.tif,,/data2/yuyao/methane_emission/data/raw_data_dir/S2B_MSIL2A_20220325T175909_N0510_R041_T12SYF_20240530T134935.SAFE,/data2/yuyao/methane_emission/carbonmapper_data_l89_l2sp/ang20220325t192854-C/l8_LC08_L2SP_035035_20220325_20220330_02_T1.tif,0.001514,0.72
ang20220325t192854-C,https://api.carbonmapper.org/api/v1/catalog/asset/l3a-vis-ch4-mf-v002/2022/03/25/ang20220325t192854-C/ang20220325t192854-C_l3a-vis-ch4-mf-v002_plume.tif,,/data2/yuyao/methane_emission/data/raw_data_dir/S2B_MSIL2A_20220325T175909_N0510_R041_T12SYF_20240530T134935.SAFE,/data2/yuyao/methane_emission/carbonmapper_data_l89_l2sp/ang20220325t192854-C/l8_LC09_L2SP_034035_20220326_20230424_02_T1.tif,0.001514,2.99
ang20220530t184214-A,https://api.carbonmapper.org/api/v1/catalog/asset/l3a-vis-ch4-mf-v002/2022/05/30/ang20220530t184214-A/ang20220530t184214-A_l3a-vis-ch4-mf-v002_plume.tif,https://api.carbonmapper.org/api/v1/catalog/asset/l3a-ch4-mf-v1/2022/05/30/ang20220530t184214-A/ang20220530t184214-A_l3a-ch4-mf-v1_concentrations.tif,/data2/yuyao/methane_emission/data/raw_data_dir/S2A_MSIL2A_20220531T183931_N0510_R070_T11SLV_20240619T150031.SAFE,/data2/yuyao/methane_emission/carbonmapper_data_l89_l2sp/ang20220530t184214-A/l8_LC09_L2SP_041036_20220530_20230414_02_T1.tif,0.042698,0.06
ang20220530t185353-A,https://api.carbonmapper.org/api/v1/catalog/asset/l3a-vis-ch4-mf-v002/2022/05/30/ang20220530t185353-A/ang20220530t185353-A_l3a-vis-ch4-mf-v002_plume.tif,https://api.carbonmapper.org/api/v1/catalog/asset/l3a-ch4-mf-v1/2022/05/30/ang20220530t185353-A/ang20220530t185353-A_l3a-ch4-mf-v1_concentrations.tif,/data2/yuyao/methane_emission/data/raw_data_dir/S2A_MSIL2A_20220531T183931_N0510_R070_T11SLV_20240619T150031.SAFE,/data2/yuyao/methane_emission/carbonmapper_data_l89_l2sp/ang20220530t185353-A/l8_LC09_L2SP_041036_20220530_20230414_02_T1.tif,0.042698,0.06
ang20220530t192259-A,https://api.carbonmapper.org/api/v1/catalog/asset/l3a-vis-ch4-mf-v002/2022/05/30/ang20220530t192259-A/ang20220530t192259-A_l3a-vis-ch4-mf-v002_plume.tif,https://api.carbonmapper.org/api/v1/catalog/asset/l3a-ch4-mf-v1/2022/05/30/ang20220530t192259-A/ang20220530t192259-A_l3a-ch4-mf-v1_concentrations.tif,/data2/yuyao/methane_emission/data/raw_data_dir/S2A_MSIL2A_20220531T183931_N0510_R070_T11SLV_20240619T150031.SAFE,/data2/yuyao/methane_emission/carbonmapper_data_l89_l2sp/ang20220530t192259-A/l8_LC09_L2SP_041036_20220530_20230414_02_T1.tif,0.042698,0.06
ang20220530t201634-A,https://api.carbonmapper.org/api/v1/catalog/asset/l3a-vis-ch4-mf-v002/2022/05/30/ang20220530t201634-A/ang20220530t201634-A_l3a-vis-ch4-mf-v002_plume.tif,https://api.carbonmapper.org/api/v1/catalog/asset/l3a-ch4-mf-v1/2022/05/30/ang20220530t201634-A/ang20220530t201634-A_l3a-ch4-mf-v1_concentrations.tif,/data2/yuyao/methane_emission/data/raw_data_dir/S2A_MSIL2A_20220531T183931_N0510_R070_T11SKV_20240619T150031.SAFE,/data2/yuyao/methane_emission/carbonmapper_data_l89_l2sp/ang20220530t201634-A/l8_LC09_L2SP_041036_20220530_20230414_02_T1.tif,1.341867,0.06
ang20220530t201634-A,https://api.carbonmapper.org/api/v1/catalog/asset/l3a-vis-ch4-mf-v002/2022/05/30/ang20220530t201634-A/ang20220530t201634-A_l3a-vis-ch4-mf-v002_plume.tif,https://api.carbonmapper.org/api/v1/catalog/asset/l3a-ch4-mf-v1/2022/05/30/ang20220530t201634-A/ang20220530t201634-A_l3a-ch4-mf-v1_concentrations.tif,/data2/yuyao/methane_emission/data/raw_data_dir/S2A_MSIL2A_20220531T183931_N0510_R070_T11SLV_20240619T150031.SAFE,/data2/yuyao/methane_emission/carbonmapper_data_l89_l2sp/ang20220530t201634-A/l8_LC09_L2SP_041036_20220530_20230414_02_T1.tif,0.042698,0.06
ang20220530t204330-A,https://api.carbonmapper.org/api/v1/catalog/asset/l3a-vis-ch4-mf-v002/2022/05/30/ang20220530t204330-A/ang20220530t204330-A_l3a-vis-ch4-mf-v002_plume.tif,https://api.carbonmapper.org/api/v1/catalog/asset/l3a-ch4-mf-v1/2022/05/30/ang20220530t204330-A/ang20220530t204330-A_l3a-ch4-mf-v1_concentrations.tif,/data2/yuyao/methane_emission/data/raw_data_dir/S2A_MSIL2A_20220531T183931_N0510_R070_T11SLV_20240619T150031.SAFE,/data2/yuyao/methane_emission/carbonmapper_data_l89_l2sp/ang20220530t204330-A/l8_LC09_L2SP_041036_20220530_20230414_02_T1.tif,0.042698,0.06
ang20220530t212255-A,https://api.carbonmapper.org/api/v1/catalog/asset/l3a-vis-ch4-mf-v002/2022/05/30/ang20220530t212255-A/ang20220530t212255-A_l3a-vis-ch4-mf-v002_plume.tif,https://api.carbonmapper.org/api/v1/catalog/asset/l3a-ch4-mf-v1/2022/05/30/ang20220530t212255-A/ang20220530t212255-A_l3a-ch4-mf-v1_concentrations.tif,/data2/yuyao/methane_emission/data/raw_data_dir/S2A_MSIL2A_20220531T183931_N0510_R070_T11SKV_20240619T150031.SAFE,/data2/yuyao/methane_emission/carbonmapper_data_l89_l2sp/ang20220530t212255-A/l8_LC09_L2SP_041036_20220530_20230414_02_T1.tif,1.341867,0.06
ang20220530t212255-A,https://api.carbonmapper.org/api/v1/catalog/asset/l3a-vis-ch4-mf-v002/2022/05/30/ang20220530t212255-A/ang20220530t212255-A_l3a-vis-ch4-mf-v002_plume.tif,https://api.carbonmapper.org/api/v1/catalog/asset/l3a-ch4-mf-v1/2022/05/30/ang20220530t212255-A/ang20220530t212255-A_l3a-ch4-mf-v1_concentrations.tif,/data2/yuyao/methane_emission/data/raw_data_dir/S2A_MSIL2A_20220531T183931_N0510_R070_T11SLV_20240619T150031.SAFE,/data2/yuyao/methane_emission/carbonmapper_data_l89_l2sp/ang20220530t212255-A/l8_LC09_L2SP_041036_20220530_20230414_02_T1.tif,0.042698,0.06
ang20220607t201015-A,https://api.carbonmapper.org/api/v1/catalog/asset/l3a-vis-ch4-mf-v002/2022/06/07/ang20220607t201015-A/ang20220607t201015-A_l3a-vis-ch4-mf-v002_plume.tif,https://api.carbonmapper.org/api/v1/catalog/asset/l3a-ch4-mf-v1/2022/06/07/ang20220607t201015-A/ang20220607t201015-A_l3a-ch4-mf-v1_concentrations.tif,/data2/yuyao/methane_emission/data/raw_data_dir/S2A_MSIL2A_20220607T164851_N0510_R026_T15RTP_20240715T172242.SAFE,/data2/yuyao/methane_emission/carbonmapper_data_l89_l2sp/ang20220607t201015-A/l8_LC08_L2SP_025039_20220607_20220616_02_T1.tif,36.303425,27.02
ang20220607t201015-B,https://api.carbonmapper.org/api/v1/catalog/asset/l3a-vis-ch4-mf-v002/2022/06/07/ang20220607t201015-B/ang20220607t201015-B_l3a-vis-ch4-mf-v002_plume.tif,https://api.carbonmapper.org/api/v1/catalog/asset/l3a-ch4-mf-v1/2022/06/07/ang20220607t201015-B/ang20220607t201015-B_l3a-ch4-mf-v1_concentrations.tif,/data2/yuyao/methane_emission/data/raw_data_dir/S2A_MSIL2A_20220607T164851_N0510_R026_T15RTP_20240715T172242.SAFE,/data2/yuyao/methane_emission/carbonmapper_data_l89_l2sp/ang20220607t201015-B/l8_LC08_L2SP_025039_20220607_20220616_02_T1.tif,36.303425,27.02
ang20220607t201504-A,https://api.carbonmapper.org/api/v1/catalog/asset/l3a-vis-ch4-mf-v002/2022/06/07/ang20220607t201504-A/ang20220607t201504-A_l3a-vis-ch4-mf-v002_plume.tif,https://api.carbonmapper.org/api/v1/catalog/asset/l3a-ch4-mf-v1/2022/06/07/ang20220607t201504-A/ang20220607t201504-A_l3a-ch4-mf-v1_concentrations.tif,/data2/yuyao/methane_emission/data/raw_data_dir/S2A_MSIL2A_20220607T164851_N0510_R026_T15RTP_20240715T172242.SAFE,/data2/yuyao/methane_emission/carbonmapper_data_l89_l2sp/ang20220607t201504-A/l8_LC08_L2SP_025039_20220607_20220616_02_T1.tif,36.303425,27.02
ang20220607t201504-B,https://api.carbonmapper.org/api/v1/catalog/asset/l3a-vis-ch4-mf-v002/2022/06/07/ang20220607t201504-B/ang20220607t201504-B_l3a-vis-ch4-mf-v002_plume.tif,https://api.carbonmapper.org/api/v1/catalog/asset/l3a-ch4-mf-v1/2022/06/07/ang20220607t201504-B/ang20220607t201504-B_l3a-ch4-mf-v1_concentrations.tif,/data2/yuyao/methane_emission/data/raw_data_dir/S2A_MSIL2A_20220607T164851_N0510_R026_T15RTP_20240715T172242.SAFE,/data2/yuyao/methane_emission/carbonmapper_data_l89_l2sp/ang20220607t201504-B/l8_LC08_L2SP_025039_20220607_20220616_02_T1.tif,36.303425,27.02
ang20220627t163536-A,https://api.carbonmapper.org/api/v1/catalog/asset/l3a-vis-ch4-mf-v002/2022/06/27/ang20220627t163536-A/ang20220627t163536-A_l3a-vis-ch4-mf-v002_plume.tif,https://api.carbonmapper.org/api/v1/catalog/asset/l3a-ch4-mf-v1/2022/06/27/ang20220627t163536-A/ang20220627t163536-A_l3a-ch4-mf-v1_concentrations.tif,/data2/yuyao/methane_emission/data/raw_data_dir/S2A_MSIL2A_20220628T161841_N0510_R040_T17TLG_20240630T085903.SAFE,/data2/yuyao/methane_emission/carbonmapper_data_l89_l2sp/ang20220627t163536-A/l8_LC09_L2SP_020031_20220628_20230409_02_T1.tif,0.001951,0.38
ang20220627t163536-B,https://api.carbonmapper.org/api/v1/catalog/asset/l3a-vis-ch4-mf-v002/2022/06/27/ang20220627t163536-B/ang20220627t163536-B_l3a-vis-ch4-mf-v002_plume.tif,https://api.carbonmapper.org/api/v1/catalog/asset/l3a-ch4-mf-v1/2022/06/27/ang20220627t163536-B/ang20220627t163536-B_l3a-ch4-mf-v1_concentrations.tif,/data2/yuyao/methane_emission/data/raw_data_dir/S2A_MSIL2A_20220628T161841_N0510_R040_T17TLG_20240630T085903.SAFE,/data2/yuyao/methane_emission/carbonmapper_data_l89_l2sp/ang20220627t163536-B/l8_LC09_L2SP_020031_20220628_20230409_02_T1.tif,0.001951,0.38
ang20220630t135047-A,https://api.carbonmapper.org/api/v1/catalog/asset/l3a-vis-ch4-mf-v002/2022/06/30/ang20220630t135047-A/ang20220630t135047-A_l3a-vis-ch4-mf-v002_plume.tif,https://api.carbonmapper.org/api/v1/catalog/asset/l3a-ch4-mf-v1/2022/06/30/ang20220630t135047-A/ang20220630t135047-A_l3a-ch4-mf-v1_concentrations.tif,/data2/yuyao/methane_emission/data/raw_data_dir/S2B_MSIL2A_20220630T160829_N0510_R140_T17TMH_20240701T195920.SAFE,/data2/yuyao/methane_emission/carbonmapper_data_l89_l2sp/ang20220630t135047-A/l8_LC09_L2SP_018030_20220630_20230409_02_T1.tif,30.503452,35.41
ang20220630t135047-A,https://api.carbonmapper.org/api/v1/catalog/asset/l3a-vis-ch4-mf-v002/2022/06/30/ang20220630t135047-A/ang20220630t135047-A_l3a-vis-ch4-mf-v002_plume.tif,https://api.carbonmapper.org/api/v1/catalog/asset/l3a-ch4-mf-v1/2022/06/30/ang20220630t135047-A/ang20220630t135047-A_l3a-ch4-mf-v1_concentrations.tif,/data2/yuyao/methane_emission/data/raw_data_dir/S2B_MSIL2A_20220630T160829_N0510_R140_T17TMH_20240701T195920.SAFE,/data2/yuyao/methane_emission/carbonmapper_data_l89_l2sp/ang20220630t135047-A/l8_LC08_L2SP_019030_20220629_20220707_02_T1.tif,30.503452,49.16
ang20220630t165936-A,https://api.carbonmapper.org/api/v1/catalog/asset/l3a-vis-ch4-mf-v002/2022/06/30/ang20220630t165936-A/ang20220630t165936-A_l3a-vis-ch4-mf-v002_plume.tif,,/data2/yuyao/methane_emission/data/raw_data_dir/S2B_MSIL2A_20220630T160829_N0510_R140_T17TME_20240701T195920.SAFE,/data2/yuyao/methane_emission/carbonmapper_data_l89_l2sp/ang20220630t165936-A/l8_LC09_L2SP_018032_20220630_20230409_02_T1.tif,0.000564,0.02
ang20220630t165936-B,https://api.carbonmapper.org/api/v1/catalog/asset/l3a-vis-ch4-mf-v002/2022/06/30/ang20220630t165936-B/ang20220630t165936-B_l3a-vis-ch4-mf-v002_plume.tif,https://api.carbonmapper.org/api/v1/catalog/asset/l3a-ch4-mf-v1/2022/06/30/ang20220630t165936-B/ang20220630t165936-B_l3a-ch4-mf-v1_concentrations.tif,/data2/yuyao/methane_emission/data/raw_data_dir/S2B_MSIL2A_20220630T160829_N0510_R140_T17TME_20240701T195920.SAFE,/data2/yuyao/methane_emission/carbonmapper_data_l89_l2sp/ang20220630t165936-B/l8_LC09_L2SP_018032_20220630_20230409_02_T1.tif,0.000564,0.02
ang20220630t174841-A,https://api.carbonmapper.org/api/v1/catalog/asset/l3a-vis-ch4-mf-v002/2022/06/30/ang20220630t174841-A/ang20220630t174841-A_l3a-vis-ch4-mf-v002_plume.tif,https://api.carbonmapper.org/api/v1/catalog/asset/l3a-ch4-mf-v1/2022/06/30/ang20220630t174841-A/ang20220630t174841-A_l3a-ch4-mf-v1_concentrations.tif,/data2/yuyao/methane_emission/data/raw_data_dir/S2B_MSIL2A_20220630T160829_N0510_R140_T17TME_20240701T195920.SAFE,/data2/yuyao/methane_emission/carbonmapper_data_l89_l2sp/ang20220630t174841-A/l8_LC09_L2SP_018032_20220630_20230409_02_T1.tif,0.000564,0.02
ang20220630t200716-A,https://api.carbonmapper.org/api/v1/catalog/asset/l3a-vis-ch4-mf-v002/2022/06/30/ang20220630t200716-A/ang20220630t200716-A_l3a-vis-ch4-mf-v002_plume.tif,https://api.carbonmapper.org/api/v1/catalog/asset/l3a-ch4-mf-v1/2022/06/30/ang20220630t200716-A/ang20220630t200716-A_l3a-ch4-mf-v1_concentrations.tif,/data2/yuyao/methane_emission/data/raw_data_dir/S2B_MSIL2A_20220630T160829_N0510_R140_T17TME_20240701T195920.SAFE,/data2/yuyao/methane_emission/carbonmapper_data_l89_l2sp/ang20220630t200716-A/l8_LC09_L2SP_018032_20220630_20230409_02_T1.tif,0.000564,0.02
ang20220821t175340-A,https://api.carbonmapper.org/api/v1/catalog/asset/l3a-vis-ch4-mf-v002/2022/08/21/ang20220821t175340-A/ang20220821t175340-A_l3a-vis-ch4-mf-v002_plume.tif,https://api.carbonmapper.org/api/v1/catalog/asset/l3a-ch4-mf-v1/2022/08/21/ang20220821t175340-A/ang20220821t175340-A_l3a-ch4-mf-v1_concentrations.tif,/data2/yuyao/methane_emission/data/raw_data_dir/S2B_MSIL2A_20220821T182919_N0510_R027_T12UXE_20240720T095403.SAFE,/data2/yuyao/methane_emission/carbonmapper_data_l89_l2sp/ang20220821t175340-A/l8_LC09_L2SP_039023_20220820_20230401_02_T1.tif,73.044991,5.87
ang20220821t180910-B,https://api.carbonmapper.org/api/v1/catalog/asset/l3a-vis-ch4-mf-v002/2022/08/21/ang20220821t180910-B/ang20220821t180910-B_l3a-vis-ch4-mf-v002_plume.tif,https://api.carbonmapper.org/api/v1/catalog/asset/l3a-ch4-mf-v1/2022/08/21/ang20220821t180910-B/ang20220821t180910-B_l3a-ch4-mf-v1_concentrations.tif,/data2/yuyao/methane_emission/data/raw_data_dir/S2B_MSIL2A_20220821T182919_N0510_R027_T12UXE_20240720T095403.SAFE,/data2/yuyao/methane_emission/carbonmapper_data_l89_l2sp/ang20220821t180910-B/l8_LC09_L2SP_039023_20220820_20230401_02_T1.tif,73.044991,5.87
ang20220824t183643-A,https://api.carbonmapper.org/api/v1/catalog/asset/l3a-vis-ch4-mf-v002/2022/08/24/ang20220824t183643-A/ang20220824t183643-A_l3a-vis-ch4-mf-v002_plume.tif,https://api.carbonmapper.org/api/v1/catalog/asset/l3a-ch4-mf-v1/2022/08/24/ang20220824t183643-A/ang20220824t183643-A_l3a-ch4-mf-v1_concentrations.tif,/data2/yuyao/methane_emission/data/raw_data_dir/S2B_MSIL2A_20220824T183919_N0510_R070_T11UPV_20240714T204640.SAFE,/data2/yuyao/methane_emission/carbonmapper_data_l89_l2sp/ang20220824t183643-A/l8_LC08_L2SP_043023_20220824_20220924_02_T1.tif,0.009998,0.63
ang20220824t183643-A,https://api.carbonmapper.org/api/v1/catalog/asset/l3a-vis-ch4-mf-v002/2022/08/24/ang20220824t183643-A/ang20220824t183643-A_l3a-vis-ch4-mf-v002_plume.tif,https://api.carbonmapper.org/api/v1/catalog/asset/l3a-ch4-mf-v1/2022/08/24/ang20220824t183643-A/ang20220824t183643-A_l3a-ch4-mf-v1_concentrations.tif,/data2/yuyao/methane_emission/data/raw_data_dir/S2B_MSIL2A_20220824T183919_N0510_R070_T11UPV_20240714T204640.SAFE,/data2/yuyao/methane_emission/carbonmapper_data_l89_l2sp/ang20220824t183643-A/l8_LC09_L2SP_042023_20220825_20230401_02_T1.tif,0.009998,0.71
ang20220826t202657-A,https://api.carbonmapper.org/api/v1/catalog/asset/l3a-vis-ch4-mf-v002/2022/08/26/ang20220826t202657-A/ang20220826t202657-A_l3a-vis-ch4-mf-v002_plume.tif,,/data2/yuyao/methane_emission/data/raw_data_dir/S2A_MSIL2A_20220826T182931_N0510_R027_T12UWE_20240705T001926.SAFE,/data2/yuyao/methane_emission/carbonmapper_data_l89_l2sp/ang20220826t202657-A/l8_LC08_L2SP_041022_20220826_20220909_02_T1.tif,0.816869,0.0
ang20220826t202657-A,https://api.carbonmapper.org/api/v1/catalog/asset/l3a-vis-ch4-mf-v002/2022/08/26/ang20220826t202657-A/ang20220826t202657-A_l3a-vis-ch4-mf-v002_plume.tif,,/data2/yuyao/methane_emission/data/raw_data_dir/S2A_MSIL2A_20220826T182931_N0510_R027_T12UWE_20240705T001926.SAFE,/data2/yuyao/methane_emission/carbonmapper_data_l89_l2sp/ang20220826t202657-A/l8_LC09_L2SP_040022_20220827_20230401_02_T1.tif,0.816869,12.03
ang20220826t204445-A,https://api.carbonmapper.org/api/v1/catalog/asset/l3a-vis-ch4-mf-v002/2022/08/26/ang20220826t204445-A/ang20220826t204445-A_l3a-vis-ch4-mf-v002_plume.tif,,/data2/yuyao/methane_emission/data/raw_data_dir/S2A_MSIL2A_20220826T182931_N0510_R027_T12UWE_20240705T001926.SAFE,/data2/yuyao/methane_emission/carbonmapper_data_l89_l2sp/ang20220826t204445-A/l8_LC09_L2SP_040023_20220827_20230401_02_T1.tif,0.816869,29.83
ang20220826t210000-A,https://api.carbonmapper.org/api/v1/catalog/asset/l3a-vis-ch4-mf-v002/2022/08/26/ang20220826t210000-A/ang20220826t210000-A_l3a-vis-ch4-mf-v002_plume.tif,https://api.carbonmapper.org/api/v1/catalog/asset/l3a-ime-ch4-mf-v1/2022/08/26/ang20220826t210000-A/ang20220826t210000-A_l3a-ime-ch4-mf-v1_ime-cmf-concentrations.tif,/data2/yuyao/methane_emission/data/raw_data_dir/S2A_MSIL2A_20220826T182931_N0510_R027_T12UWE_20240705T001926.SAFE,/data2/yuyao/methane_emission/carbonmapper_data_l89_l2sp/ang20220826t210000-A/l8_LC09_L2SP_040023_20220827_20230401_02_T1.tif,0.816869,29.83
ang20220902t193554-B,https://api.carbonmapper.org/api/v1/catalog/asset/l3a-vis-ch4-mf-v002/2022/09/02/ang20220902t193554-B/ang20220902t193554-B_l3a-vis-ch4-mf-v002_plume.tif,https://api.carbonmapper.org/api/v1/catalog/asset/l3a-ch4-mf-v1/2022/09/02/ang20220902t193554-B/ang20220902t193554-B_l3a-ch4-mf-v1_concentrations.tif,/data2/yuyao/methane_emission/data/raw_data_dir/S2B_MSIL2A_20220903T183919_N0510_R070_T11UPR_20240722T080702.SAFE,/data2/yuyao/methane_emission/carbonmapper_data_l89_l2sp/ang20220902t193554-B/l8_LC08_L2SP_042025_20220902_20220913_02_T1.tif,0.038042,0.43
ang20220902t193554-C,https://api.carbonmapper.org/api/v1/catalog/asset/l3a-vis-ch4-mf-v002/2022/09/02/ang20220902t193554-C/ang20220902t193554-C_l3a-vis-ch4-mf-v002_plume.tif,https://api.carbonmapper.org/api/v1/catalog/asset/l3a-ch4-mf-v1/2022/09/02/ang20220902t193554-C/ang20220902t193554-C_l3a-ch4-mf-v1_concentrations.tif,/data2/yuyao/methane_emission/data/raw_data_dir/S2B_MSIL2A_20220903T183919_N0510_R070_T11UPR_20240722T080702.SAFE,/data2/yuyao/methane_emission/carbonmapper_data_l89_l2sp/ang20220902t193554-C/l8_LC08_L2SP_042025_20220902_20220913_02_T1.tif,0.038042,0.43
ang20220902t193554-D,https://api.carbonmapper.org/api/v1/catalog/asset/l3a-vis-ch4-mf-v002/2022/09/02/ang20220902t193554-D/ang20220902t193554-D_l3a-vis-ch4-mf-v002_plume.tif,https://api.carbonmapper.org/api/v1/catalog/asset/l3a-ch4-mf-v1/2022/09/02/ang20220902t193554-D/ang20220902t193554-D_l3a-ch4-mf-v1_concentrations.tif,/data2/yuyao/methane_emission/data/raw_data_dir/S2B_MSIL2A_20220903T183919_N0510_R070_T11UPR_20240722T080702.SAFE,/data2/yuyao/methane_emission/carbonmapper_data_l89_l2sp/ang20220902t193554-D/l8_LC08_L2SP_042025_20220902_20220913_02_T1.tif,0.038042,0.43
ang20220902t193554-E,https://api.carbonmapper.org/api/v1/catalog/asset/l3a-vis-ch4-mf-v002/2022/09/02/ang20220902t193554-E/ang20220902t193554-E_l3a-vis-ch4-mf-v002_plume.tif,https://api.carbonmapper.org/api/v1/catalog/asset/l3a-ch4-mf-v1/2022/09/02/ang20220902t193554-E/ang20220902t193554-E_l3a-ch4-mf-v1_concentrations.tif,/data2/yuyao/methane_emission/data/raw_data_dir/S2B_MSIL2A_20220903T183919_N0510_R070_T11UPR_20240722T080702.SAFE,/data2/yuyao/methane_emission/carbonmapper_data_l89_l2sp/ang20220902t193554-E/l8_LC08_L2SP_042025_20220902_20220913_02_T1.tif,0.038042,0.43
ang20220902t193554-F,https://api.carbonmapper.org/api/v1/catalog/asset/l3a-vis-ch4-mf-v002/2022/09/02/ang20220902t193554-F/ang20220902t193554-F_l3a-vis-ch4-mf-v002_plume.tif,https://api.carbonmapper.org/api/v1/catalog/asset/l3a-ch4-mf-v1/2022/09/02/ang20220902t193554-F/ang20220902t193554-F_l3a-ch4-mf-v1_concentrations.tif,/data2/yuyao/methane_emission/data/raw_data_dir/S2B_MSIL2A_20220903T183919_N0510_R070_T11UPR_20240722T080702.SAFE,/data2/yuyao/methane_emission/carbonmapper_data_l89_l2sp/ang20220902t193554-F/l8_LC08_L2SP_042025_20220902_20220913_02_T1.tif,0.038042,0.43
ang20220902t193554-G,https://api.carbonmapper.org/api/v1/catalog/asset/l3a-vis-ch4-mf-v002/2022/09/02/ang20220902t193554-G/ang20220902t193554-G_l3a-vis-ch4-mf-v002_plume.tif,https://api.carbonmapper.org/api/v1/catalog/asset/l3a-ch4-mf-v1/2022/09/02/ang20220902t193554-G/ang20220902t193554-G_l3a-ch4-mf-v1_concentrations.tif,/data2/yuyao/methane_emission/data/raw_data_dir/S2B_MSIL2A_20220903T183919_N0510_R070_T11UPR_20240722T080702.SAFE,/data2/yuyao/methane_emission/carbonmapper_data_l89_l2sp/ang20220902t193554-G/l8_LC08_L2SP_042025_20220902_20220913_02_T1.tif,0.038042,0.43
ang20220902t193554-H,https://api.carbonmapper.org/api/v1/catalog/asset/l3a-vis-ch4-mf-v002/2022/09/02/ang20220902t193554-H/ang20220902t193554-H_l3a-vis-ch4-mf-v002_plume.tif,https://api.carbonmapper.org/api/v1/catalog/asset/l3a-ch4-mf-v1/2022/09/02/ang20220902t193554-H/ang20220902t193554-H_l3a-ch4-mf-v1_concentrations.tif,/data2/yuyao/methane_emission/data/raw_data_dir/S2B_MSIL2A_20220903T183919_N0510_R070_T11UPR_20240722T080702.SAFE,/data2/yuyao/methane_emission/carbonmapper_data_l89_l2sp/ang20220902t193554-H/l8_LC08_L2SP_042025_20220902_20220913_02_T1.tif,0.038042,0.43
ang20220902t193554-I,https://api.carbonmapper.org/api/v1/catalog/asset/l3a-vis-ch4-mf-v002/2022/09/02/ang20220902t193554-I/ang20220902t193554-I_l3a-vis-ch4-mf-v002_plume.tif,https://api.carbonmapper.org/api/v1/catalog/asset/l3a-ch4-mf-v1/2022/09/02/ang20220902t193554-I/ang20220902t193554-I_l3a-ch4-mf-v1_concentrations.tif,/data2/yuyao/methane_emission/data/raw_data_dir/S2B_MSIL2A_20220903T183919_N0510_R070_T11UPR_20240722T080702.SAFE,/data2/yuyao/methane_emission/carbonmapper_data_l89_l2sp/ang20220902t193554-I/l8_LC08_L2SP_042025_20220902_20220913_02_T1.tif,0.038042,0.43
ang20220902t194201-A,https://api.carbonmapper.org/api/v1/catalog/asset/l3a-vis-ch4-mf-v002/2022/09/02/ang20220902t194201-A/ang20220902t194201-A_l3a-vis-ch4-mf-v002_plume.tif,https://api.carbonmapper.org/api/v1/catalog/asset/l3a-ch4-mf-v1/2022/09/02/ang20220902t194201-A/ang20220902t194201-A_l3a-ch4-mf-v1_concentrations.tif,/data2/yuyao/methane_emission/data/raw_data_dir/S2B_MSIL2A_20220903T183919_N0510_R070_T11UPR_20240722T080702.SAFE,/data2/yuyao/methane_emission/carbonmapper_data_l89_l2sp/ang20220902t194201-A/l8_LC08_L2SP_042025_20220902_20220913_02_T1.tif,0.038042,0.43
ang20230201t170953-A,https://api.carbonmapper.org/api/v1/catalog/asset/l3a-vis-ch4-mf-v002/2023/02/01/ang20230201t170953-A/ang20230201t170953-A_l3a-vis-ch4-mf-v002_plume.tif,https://api.carbonmapper.org/api/v1/catalog/asset/l3a-ch4-mf-v0/2023/02/01/ang20230201t170953-A/ang20230201t170953-A_l3a-ch4-mf-v0_concentrations.tif,/data2/yuyao/methane_emission/data/raw_data_dir/S2B_MSIL2A_20230202T143729_N0510_R096_T18HXE_20240815T163314.SAFE,/data2/yuyao/methane_emission/carbonmapper_data_l89_l2sp/ang20230201t170953-A/l8_LC09_L2SP_001085_20230202_20230311_02_T1.tif,0.022037,0.04
ang20230201t170953-A,https://api.carbonmapper.org/api/v1/catalog/asset/l3a-vis-ch4-mf-v002/2023/02/01/ang20230201t170953-A/ang20230201t170953-A_l3a-vis-ch4-mf-v002_plume.tif,https://api.carbonmapper.org/api/v1/catalog/asset/l3a-ch4-mf-v0/2023/02/01/ang20230201t170953-A/ang20230201t170953-A_l3a-ch4-mf-v0_concentrations.tif,/data2/yuyao/methane_emission/data/raw_data_dir/S2B_MSIL2A_20230202T143729_N0510_R096_T18HXE_20240815T163314.SAFE,/data2/yuyao/methane_emission/carbonmapper_data_l89_l2sp/ang20230201t170953-A/l8_LC09_L2SP_001086_20230202_20230311_02_T1.tif,0.022037,0.04
ang20230201t171405-A,https://api.carbonmapper.org/api/v1/catalog/asset/l3a-vis-ch4-mf-v002/2023/02/01/ang20230201t171405-A/ang20230201t171405-A_l3a-vis-ch4-mf-v002_plume.tif,https://api.carbonmapper.org/api/v1/catalog/asset/l3a-ch4-mf-v0/2023/02/01/ang20230201t171405-A/ang20230201t171405-A_l3a-ch4-mf-v0_concentrations.tif,/data2/yuyao/methane_emission/data/raw_data_dir/S2B_MSIL2A_20230202T143729_N0510_R096_T18HXE_20240815T163314.SAFE,/data2/yuyao/methane_emission/carbonmapper_data_l89_l2sp/ang20230201t171405-A/l8_LC09_L2SP_001085_20230202_20230311_02_T1.tif,0.022037,0.04
ang20230201t171405-A,https://api.carbonmapper.org/api/v1/catalog/asset/l3a-vis-ch4-mf-v002/2023/02/01/ang20230201t171405-A/ang20230201t171405-A_l3a-vis-ch4-mf-v002_plume.tif,https://api.carbonmapper.org/api/v1/catalog/asset/l3a-ch4-mf-v0/2023/02/01/ang20230201t171405-A/ang20230201t171405-A_l3a-ch4-mf-v0_concentrations.tif,/data2/yuyao/methane_emission/data/raw_data_dir/S2B_MSIL2A_20230202T143729_N0510_R096_T18HXE_20240815T163314.SAFE,/data2/yuyao/methane_emission/carbonmapper_data_l89_l2sp/ang20230201t171405-A/l8_LC09_L2SP_001086_20230202_20230311_02_T1.tif,0.022037,0.04
ang20230314t180409-A,https://api.carbonmapper.org/api/v1/catalog/asset/l3a-vis-ch4-mf-v002/2023/03/14/ang20230314t180409-A/ang20230314t180409-A_l3a-vis-ch4-mf-v002_plume.tif,https://api.carbonmapper.org/api/v1/catalog/asset/l3a-ch4-mf-v0/2023/03/14/ang20230314t180409-A/ang20230314t180409-A_l3a-ch4-mf-v0_concentrations.tif,/data2/yuyao/methane_emission/data/raw_data_dir/S2A_MSIL2A_20230314T152641_N0510_R025_T18PXS_20240821T042223.SAFE,/data2/yuyao/methane_emission/carbonmapper_data_l89_l2sp/ang20230314t180409-A/l8_LC08_L2SP_008053_20230315_20230321_02_T1.tif,45.265293,22.03
av320240416t204953-A,https://api.carbonmapper.org/api/v1/catalog/asset/l3a-vis-ch4-mfa-v3/2024/04/16/av320240416t204953-A/av320240416t204953-A_l3a-vis-ch4-mfa-v3_plume.tif,https://api.carbonmapper.org/api/v1/catalog/asset/l3a-ime-ch4-mfa-v3/2024/04/16/av320240416t204953-A/av320240416t204953-A_l3a-ime-ch4-mfa-v3_ime-cmf-concentrations.tif,/data2/yuyao/methane_emission/data/raw_data_dir/S2A_MSIL2A_20240417T182921_N0510_R027_T11SLT_20240418T004654.SAFE,/data2/yuyao/methane_emission/carbonmapper_data_l89_l2sp/av320240416t204953-A/l8_LC09_L2SP_041036_20240417_20240418_02_T1.tif,42.500174,23.98
av320240416t204953-A,https://api.carbonmapper.org/api/v1/catalog/asset/l3a-vis-ch4-mfa-v3/2024/04/16/av320240416t204953-A/av320240416t204953-A_l3a-vis-ch4-mfa-v3_plume.tif,https://api.carbonmapper.org/api/v1/catalog/asset/l3a-ime-ch4-mfa-v3/2024/04/16/av320240416t204953-A/av320240416t204953-A_l3a-ime-ch4-mfa-v3_ime-cmf-concentrations.tif,/data2/yuyao/methane_emission/data/raw_data_dir/S2A_MSIL2A_20240417T182921_N0510_R027_T11SLU_20240418T004654.SAFE,/data2/yuyao/methane_emission/carbonmapper_data_l89_l2sp/av320240416t204953-A/l8_LC09_L2SP_041036_20240417_20240418_02_T1.tif,38.865036,23.98
av320240416t204953-B,https://api.carbonmapper.org/api/v1/catalog/asset/l3a-vis-ch4-mfa-v3/2024/04/16/av320240416t204953-B/av320240416t204953-B_l3a-vis-ch4-mfa-v3_plume.tif,https://api.carbonmapper.org/api/v1/catalog/asset/l3a-ime-ch4-mfa-v3/2024/04/16/av320240416t204953-B/av320240416t204953-B_l3a-ime-ch4-mfa-v3_ime-cmf-concentrations.tif,/data2/yuyao/methane_emission/data/raw_data_dir/S2A_MSIL2A_20240417T182921_N0510_R027_T11SLT_20240418T004654.SAFE,/data2/yuyao/methane_emission/carbonmapper_data_l89_l2sp/av320240416t204953-B/l8_LC09_L2SP_041036_20240417_20240418_02_T1.tif,42.500174,23.98
av320240416t204953-B,https://api.carbonmapper.org/api/v1/catalog/asset/l3a-vis-ch4-mfa-v3/2024/04/16/av320240416t204953-B/av320240416t204953-B_l3a-vis-ch4-mfa-v3_plume.tif,https://api.carbonmapper.org/api/v1/catalog/asset/l3a-ime-ch4-mfa-v3/2024/04/16/av320240416t204953-B/av320240416t204953-B_l3a-ime-ch4-mfa-v3_ime-cmf-concentrations.tif,/data2/yuyao/methane_emission/data/raw_data_dir/S2A_MSIL2A_20240417T182921_N0510_R027_T11SLU_20240418T004654.SAFE,/data2/yuyao/methane_emission/carbonmapper_data_l89_l2sp/av320240416t204953-B/l8_LC09_L2SP_041036_20240417_20240418_02_T1.tif,38.865036,23.98
av320240416t204953-C,https://api.carbonmapper.org/api/v1/catalog/asset/l3a-vis-ch4-mfa-v3/2024/04/16/av320240416t204953-C/av320240416t204953-C_l3a-vis-ch4-mfa-v3_plume.tif,https://api.carbonmapper.org/api/v1/catalog/asset/l3a-ime-ch4-mfa-v3/2024/04/16/av320240416t204953-C/av320240416t204953-C_l3a-ime-ch4-mfa-v3_ime-cmf-concentrations.tif,/data2/yuyao/methane_emission/data/raw_data_dir/S2A_MSIL2A_20240417T182921_N0510_R027_T11SLU_20240418T004654.SAFE,/data2/yuyao/methane_emission/carbonmapper_data_l89_l2sp/av320240416t204953-C/l8_LC09_L2SP_041036_20240417_20240418_02_T1.tif,38.865036,23.98
av320240416t204953-C,https://api.carbonmapper.org/api/v1/catalog/asset/l3a-vis-ch4-mfa-v3/2024/04/16/av320240416t204953-C/av320240416t204953-C_l3a-vis-ch4-mfa-v3_plume.tif,https://api.carbonmapper.org/api/v1/catalog/asset/l3a-ime-ch4-mfa-v3/2024/04/16/av320240416t204953-C/av320240416t204953-C_l3a-ime-ch4-mfa-v3_ime-cmf-concentrations.tif,/data2/yuyao/methane_emission/data/raw_data_dir/S2A_MSIL2A_20240417T182921_N0510_R027_T11SLT_20240418T004654.SAFE,/data2/yuyao/methane_emission/carbonmapper_data_l89_l2sp/av320240416t204953-C/l8_LC09_L2SP_041036_20240417_20240418_02_T1.tif,42.500174,23.98
av320240416t204953-D,https://api.carbonmapper.org/api/v1/catalog/asset/l3a-vis-ch4-mfa-v3/2024/04/16/av320240416t204953-D/av320240416t204953-D_l3a-vis-ch4-mfa-v3_plume.tif,https://api.carbonmapper.org/api/v1/catalog/asset/l3a-ime-ch4-mfa-v3/2024/04/16/av320240416t204953-D/av320240416t204953-D_l3a-ime-ch4-mfa-v3_ime-cmf-concentrations.tif,/data2/yuyao/methane_emission/data/raw_data_dir/S2A_MSIL2A_20240417T182921_N0510_R027_T11SLU_20240418T004654.SAFE,/data2/yuyao/methane_emission/carbonmapper_data_l89_l2sp/av320240416t204953-D/l8_LC09_L2SP_041036_20240417_20240418_02_T1.tif,38.865036,23.98
av320240416t204953-D,https://api.carbonmapper.org/api/v1/catalog/asset/l3a-vis-ch4-mfa-v3/2024/04/16/av320240416t204953-D/av320240416t204953-D_l3a-vis-ch4-mfa-v3_plume.tif,https://api.carbonmapper.org/api/v1/catalog/asset/l3a-ime-ch4-mfa-v3/2024/04/16/av320240416t204953-D/av320240416t204953-D_l3a-ime-ch4-mfa-v3_ime-cmf-concentrations.tif,/data2/yuyao/methane_emission/data/raw_data_dir/S2A_MSIL2A_20240417T182921_N0510_R027_T11SLT_20240418T004654.SAFE,/data2/yuyao/methane_emission/carbonmapper_data_l89_l2sp/av320240416t204953-D/l8_LC09_L2SP_041036_20240417_20240418_02_T1.tif,42.500174,23.98
av320240416t205528-A,https://api.carbonmapper.org/api/v1/catalog/asset/l3a-vis-ch4-mfa-v3/2024/04/16/av320240416t205528-A/av320240416t205528-A_l3a-vis-ch4-mfa-v3_plume.tif,https://api.carbonmapper.org/api/v1/catalog/asset/l3a-ime-ch4-mfa-v3/2024/04/16/av320240416t205528-A/av320240416t205528-A_l3a-ime-ch4-mfa-v3_ime-cmf-concentrations.tif,/data2/yuyao/methane_emission/data/raw_data_dir/S2A_MSIL2A_20240417T182921_N0510_R027_T11SLU_20240418T004654.SAFE,/data2/yuyao/methane_emission/carbonmapper_data_l89_l2sp/av320240416t205528-A/l8_LC09_L2SP_041036_20240417_20240418_02_T1.tif,38.865036,23.98
av320240416t205528-A,https://api.carbonmapper.org/api/v1/catalog/asset/l3a-vis-ch4-mfa-v3/2024/04/16/av320240416t205528-A/av320240416t205528-A_l3a-vis-ch4-mfa-v3_plume.tif,https://api.carbonmapper.org/api/v1/catalog/asset/l3a-ime-ch4-mfa-v3/2024/04/16/av320240416t205528-A/av320240416t205528-A_l3a-ime-ch4-mfa-v3_ime-cmf-concentrations.tif,/data2/yuyao/methane_emission/data/raw_data_dir/S2A_MSIL2A_20240417T182921_N0510_R027_T11SLT_20240418T004654.SAFE,/data2/yuyao/methane_emission/carbonmapper_data_l89_l2sp/av320240416t205528-A/l8_LC09_L2SP_041036_20240417_20240418_02_T1.tif,42.500174,23.98
av320240416t205528-B,https://api.carbonmapper.org/api/v1/catalog/asset/l3a-vis-ch4-mfa-v3/2024/04/16/av320240416t205528-B/av320240416t205528-B_l3a-vis-ch4-mfa-v3_plume.tif,https://api.carbonmapper.org/api/v1/catalog/asset/l3a-ime-ch4-mfa-v3/2024/04/16/av320240416t205528-B/av320240416t205528-B_l3a-ime-ch4-mfa-v3_ime-cmf-concentrations.tif,/data2/yuyao/methane_emission/data/raw_data_dir/S2A_MSIL2A_20240417T182921_N0510_R027_T11SLT_20240418T004654.SAFE,/data2/yuyao/methane_emission/carbonmapper_data_l89_l2sp/av320240416t205528-B/l8_LC09_L2SP_041036_20240417_20240418_02_T1.tif,42.500174,23.98
av320240416t205528-B,https://api.carbonmapper.org/api/v1/catalog/asset/l3a-vis-ch4-mfa-v3/2024/04/16/av320240416t205528-B/av320240416t205528-B_l3a-vis-ch4-mfa-v3_plume.tif,https://api.carbonmapper.org/api/v1/catalog/asset/l3a-ime-ch4-mfa-v3/2024/04/16/av320240416t205528-B/av320240416t205528-B_l3a-ime-ch4-mfa-v3_ime-cmf-concentrations.tif,/data2/yuyao/methane_emission/data/raw_data_dir/S2A_MSIL2A_20240417T182921_N0510_R027_T11SLU_20240418T004654.SAFE,/data2/yuyao/methane_emission/carbonmapper_data_l89_l2sp/av320240416t205528-B/l8_LC09_L2SP_041036_20240417_20240418_02_T1.tif,38.865036,23.98
av320240416t205528-C,https://api.carbonmapper.org/api/v1/catalog/asset/l3a-vis-ch4-mfa-v3/2024/04/16/av320240416t205528-C/av320240416t205528-C_l3a-vis-ch4-mfa-v3_plume.tif,https://api.carbonmapper.org/api/v1/catalog/asset/l3a-ime-ch4-mfa-v3/2024/04/16/av320240416t205528-C/av320240416t205528-C_l3a-ime-ch4-mfa-v3_ime-cmf-concentrations.tif,/data2/yuyao/methane_emission/data/raw_data_dir/S2A_MSIL2A_20240417T182921_N0510_R027_T11SLU_20240418T004654.SAFE,/data2/yuyao/methane_emission/carbonmapper_data_l89_l2sp/av320240416t205528-C/l8_LC09_L2SP_041036_20240417_20240418_02_T1.tif,38.865036,23.98
av320240416t205528-C,https://api.carbonmapper.org/api/v1/catalog/asset/l3a-vis-ch4-mfa-v3/2024/04/16/av320240416t205528-C/av320240416t205528-C_l3a-vis-ch4-mfa-v3_plume.tif,https://api.carbonmapper.org/api/v1/catalog/asset/l3a-ime-ch4-mfa-v3/2024/04/16/av320240416t205528-C/av320240416t205528-C_l3a-ime-ch4-mfa-v3_ime-cmf-concentrations.tif,/data2/yuyao/methane_emission/data/raw_data_dir/S2A_MSIL2A_20240417T182921_N0510_R027_T11SLT_20240418T004654.SAFE,/data2/yuyao/methane_emission/carbonmapper_data_l89_l2sp/av320240416t205528-C/l8_LC09_L2SP_041036_20240417_20240418_02_T1.tif,42.500174,23.98
av320240416t205528-D,https://api.carbonmapper.org/api/v1/catalog/asset/l3a-vis-ch4-mfa-v3/2024/04/16/av320240416t205528-D/av320240416t205528-D_l3a-vis-ch4-mfa-v3_plume.tif,https://api.carbonmapper.org/api/v1/catalog/asset/l3a-ime-ch4-mfa-v3/2024/04/16/av320240416t205528-D/av320240416t205528-D_l3a-ime-ch4-mfa-v3_ime-cmf-concentrations.tif,/data2/yuyao/methane_emission/data/raw_data_dir/S2A_MSIL2A_20240417T182921_N0510_R027_T11SLT_20240418T004654.SAFE,/data2/yuyao/methane_emission/carbonmapper_data_l89_l2sp/av320240416t205528-D/l8_LC09_L2SP_041036_20240417_20240418_02_T1.tif,42.500174,23.98
av320240416t205528-D,https://api.carbonmapper.org/api/v1/catalog/asset/l3a-vis-ch4-mfa-v3/2024/04/16/av320240416t205528-D/av320240416t205528-D_l3a-vis-ch4-mfa-v3_plume.tif,https://api.carbonmapper.org/api/v1/catalog/asset/l3a-ime-ch4-mfa-v3/2024/04/16/av320240416t205528-D/av320240416t205528-D_l3a-ime-ch4-mfa-v3_ime-cmf-concentrations.tif,/data2/yuyao/methane_emission/data/raw_data_dir/S2A_MSIL2A_20240417T182921_N0510_R027_T11SLU_20240418T004654.SAFE,/data2/yuyao/methane_emission/carbonmapper_data_l89_l2sp/av320240416t205528-D/l8_LC09_L2SP_041036_20240417_20240418_02_T1.tif,38.865036,23.98
av320240416t205528-E,https://api.carbonmapper.org/api/v1/catalog/asset/l3a-vis-ch4-mfa-v3/2024/04/16/av320240416t205528-E/av320240416t205528-E_l3a-vis-ch4-mfa-v3_plume.tif,https://api.carbonmapper.org/api/v1/catalog/asset/l3a-ime-ch4-mfa-v3/2024/04/16/av320240416t205528-E/av320240416t205528-E_l3a-ime-ch4-mfa-v3_ime-cmf-concentrations.tif,/data2/yuyao/methane_emission/data/raw_data_dir/S2A_MSIL2A_20240417T182921_N0510_R027_T11SLT_20240418T004654.SAFE,/data2/yuyao/methane_emission/carbonmapper_data_l89_l2sp/av320240416t205528-E/l8_LC09_L2SP_041036_20240417_20240418_02_T1.tif,42.500174,23.98
av320240416t205528-E,https://api.carbonmapper.org/api/v1/catalog/asset/l3a-vis-ch4-mfa-v3/2024/04/16/av320240416t205528-E/av320240416t205528-E_l3a-vis-ch4-mfa-v3_plume.tif,https://api.carbonmapper.org/api/v1/catalog/asset/l3a-ime-ch4-mfa-v3/2024/04/16/av320240416t205528-E/av320240416t205528-E_l3a-ime-ch4-mfa-v3_ime-cmf-concentrations.tif,/data2/yuyao/methane_emission/data/raw_data_dir/S2A_MSIL2A_20240417T182921_N0510_R027_T11SLU_20240418T004654.SAFE,/data2/yuyao/methane_emission/carbonmapper_data_l89_l2sp/av320240416t205528-E/l8_LC09_L2SP_041036_20240417_20240418_02_T1.tif,38.865036,23.98
av320240416t210303-A,https://api.carbonmapper.org/api/v1/catalog/asset/l3a-vis-ch4-mfa-v3/2024/04/16/av320240416t210303-A/av320240416t210303-A_l3a-vis-ch4-mfa-v3_plume.tif,https://api.carbonmapper.org/api/v1/catalog/asset/l3a-ime-ch4-mfa-v3/2024/04/16/av320240416t210303-A/av320240416t210303-A_l3a-ime-ch4-mfa-v3_ime-cmf-concentrations.tif,/data2/yuyao/methane_emission/data/raw_data_dir/S2A_MSIL2A_20240417T182921_N0510_R027_T11SLT_20240418T004654.SAFE,/data2/yuyao/methane_emission/carbonmapper_data_l89_l2sp/av320240416t210303-A/l8_LC09_L2SP_041036_20240417_20240418_02_T1.tif,42.500174,23.98
av320240416t210303-A,https://api.carbonmapper.org/api/v1/catalog/asset/l3a-vis-ch4-mfa-v3/2024/04/16/av320240416t210303-A/av320240416t210303-A_l3a-vis-ch4-mfa-v3_plume.tif,https://api.carbonmapper.org/api/v1/catalog/asset/l3a-ime-ch4-mfa-v3/2024/04/16/av320240416t210303-A/av320240416t210303-A_l3a-ime-ch4-mfa-v3_ime-cmf-concentrations.tif,/data2/yuyao/methane_emission/data/raw_data_dir/S2A_MSIL2A_20240417T182921_N0510_R027_T11SLU_20240418T004654.SAFE,/data2/yuyao/methane_emission/carbonmapper_data_l89_l2sp/av320240416t210303-A/l8_LC09_L2SP_041036_20240417_20240418_02_T1.tif,38.865036,23.98
av320240416t210303-B,https://api.carbonmapper.org/api/v1/catalog/asset/l3a-vis-ch4-mfa-v3/2024/04/16/av320240416t210303-B/av320240416t210303-B_l3a-vis-ch4-mfa-v3_plume.tif,https://api.carbonmapper.org/api/v1/catalog/asset/l3a-ime-ch4-mfa-v3/2024/04/16/av320240416t210303-B/av320240416t210303-B_l3a-ime-ch4-mfa-v3_ime-cmf-concentrations.tif,/data2/yuyao/methane_emission/data/raw_data_dir/S2A_MSIL2A_20240417T182921_N0510_R027_T11SLU_20240418T004654.SAFE,/data2/yuyao/methane_emission/carbonmapper_data_l89_l2sp/av320240416t210303-B/l8_LC09_L2SP_041036_20240417_20240418_02_T1.tif,38.865036,23.98
av320240416t210303-B,https://api.carbonmapper.org/api/v1/catalog/asset/l3a-vis-ch4-mfa-v3/2024/04/16/av320240416t210303-B/av320240416t210303-B_l3a-vis-ch4-mfa-v3_plume.tif,https://api.carbonmapper.org/api/v1/catalog/asset/l3a-ime-ch4-mfa-v3/2024/04/16/av320240416t210303-B/av320240416t210303-B_l3a-ime-ch4-mfa-v3_ime-cmf-concentrations.tif,/data2/yuyao/methane_emission/data/raw_data_dir/S2A_MSIL2A_20240417T182921_N0510_R027_T11SLT_20240418T004654.SAFE,/data2/yuyao/methane_emission/carbonmapper_data_l89_l2sp/av320240416t210303-B/l8_LC09_L2SP_041036_20240417_20240418_02_T1.tif,42.500174,23.98
av320240416t210303-C,https://api.carbonmapper.org/api/v1/catalog/asset/l3a-vis-ch4-mfa-v3/2024/04/16/av320240416t210303-C/av320240416t210303-C_l3a-vis-ch4-mfa-v3_plume.tif,https://api.carbonmapper.org/api/v1/catalog/asset/l3a-ime-ch4-mfa-v3/2024/04/16/av320240416t210303-C/av320240416t210303-C_l3a-ime-ch4-mfa-v3_ime-cmf-concentrations.tif,/data2/yuyao/methane_emission/data/raw_data_dir/S2A_MSIL2A_20240417T182921_N0510_R027_T11SLT_20240418T004654.SAFE,/data2/yuyao/methane_emission/carbonmapper_data_l89_l2sp/av320240416t210303-C/l8_LC09_L2SP_041036_20240417_20240418_02_T1.tif,42.500174,23.98
av320240416t210303-C,https://api.carbonmapper.org/api/v1/catalog/asset/l3a-vis-ch4-mfa-v3/2024/04/16/av320240416t210303-C/av320240416t210303-C_l3a-vis-ch4-mfa-v3_plume.tif,https://api.carbonmapper.org/api/v1/catalog/asset/l3a-ime-ch4-mfa-v3/2024/04/16/av320240416t210303-C/av320240416t210303-C_l3a-ime-ch4-mfa-v3_ime-cmf-concentrations.tif,/data2/yuyao/methane_emission/data/raw_data_dir/S2A_MSIL2A_20240417T182921_N0510_R027_T11SLU_20240418T004654.SAFE,/data2/yuyao/methane_emission/carbonmapper_data_l89_l2sp/av320240416t210303-C/l8_LC09_L2SP_041036_20240417_20240418_02_T1.tif,38.865036,23.98
av320240416t210303-D,https://api.carbonmapper.org/api/v1/catalog/asset/l3a-vis-ch4-mfa-v3/2024/04/16/av320240416t210303-D/av320240416t210303-D_l3a-vis-ch4-mfa-v3_plume.tif,https://api.carbonmapper.org/api/v1/catalog/asset/l3a-ime-ch4-mfa-v3/2024/04/16/av320240416t210303-D/av320240416t210303-D_l3a-ime-ch4-mfa-v3_ime-cmf-concentrations.tif,/data2/yuyao/methane_emission/data/raw_data_dir/S2A_MSIL2A_20240417T182921_N0510_R027_T11SLU_20240418T004654.SAFE,/data2/yuyao/methane_emission/carbonmapper_data_l89_l2sp/av320240416t210303-D/l8_LC09_L2SP_041036_20240417_20240418_02_T1.tif,38.865036,23.98
av320240416t210303-D,https://api.carbonmapper.org/api/v1/catalog/asset/l3a-vis-ch4-mfa-v3/2024/04/16/av320240416t210303-D/av320240416t210303-D_l3a-vis-ch4-mfa-v3_plume.tif,https://api.carbonmapper.org/api/v1/catalog/asset/l3a-ime-ch4-mfa-v3/2024/04/16/av320240416t210303-D/av320240416t210303-D_l3a-ime-ch4-mfa-v3_ime-cmf-concentrations.tif,/data2/yuyao/methane_emission/data/raw_data_dir/S2A_MSIL2A_20240417T182921_N0510_R027_T11SLT_20240418T004654.SAFE,/data2/yuyao/methane_emission/carbonmapper_data_l89_l2sp/av320240416t210303-D/l8_LC09_L2SP_041036_20240417_20240418_02_T1.tif,42.500174,23.98
av320240416t210303-E,https://api.carbonmapper.org/api/v1/catalog/asset/l3a-vis-ch4-mfa-v3/2024/04/16/av320240416t210303-E/av320240416t210303-E_l3a-vis-ch4-mfa-v3_plume.tif,https://api.carbonmapper.org/api/v1/catalog/asset/l3a-ime-ch4-mfa-v3/2024/04/16/av320240416t210303-E/av320240416t210303-E_l3a-ime-ch4-mfa-v3_ime-cmf-concentrations.tif,/data2/yuyao/methane_emission/data/raw_data_dir/S2A_MSIL2A_20240417T182921_N0510_R027_T11SLT_20240418T004654.SAFE,/data2/yuyao/methane_emission/carbonmapper_data_l89_l2sp/av320240416t210303-E/l8_LC09_L2SP_041036_20240417_20240418_02_T1.tif,42.500174,23.98
av320240416t210303-E,https://api.carbonmapper.org/api/v1/catalog/asset/l3a-vis-ch4-mfa-v3/2024/04/16/av320240416t210303-E/av320240416t210303-E_l3a-vis-ch4-mfa-v3_plume.tif,https://api.carbonmapper.org/api/v1/catalog/asset/l3a-ime-ch4-mfa-v3/2024/04/16/av320240416t210303-E/av320240416t210303-E_l3a-ime-ch4-mfa-v3_ime-cmf-concentrations.tif,/data2/yuyao/methane_emission/data/raw_data_dir/S2A_MSIL2A_20240417T182921_N0510_R027_T11SLU_20240418T004654.SAFE,/data2/yuyao/methane_emission/carbonmapper_data_l89_l2sp/av320240416t210303-E/l8_LC09_L2SP_041036_20240417_20240418_02_T1.tif,38.865036,23.98
av320240416t211002-A,https://api.carbonmapper.org/api/v1/catalog/asset/l3a-vis-ch4-mfa-v3/2024/04/16/av320240416t211002-A/av320240416t211002-A_l3a-vis-ch4-mfa-v3_plume.tif,https://api.carbonmapper.org/api/v1/catalog/asset/l3a-ime-ch4-mfa-v3/2024/04/16/av320240416t211002-A/av320240416t211002-A_l3a-ime-ch4-mfa-v3_ime-cmf-concentrations.tif,/data2/yuyao/methane_emission/data/raw_data_dir/S2A_MSIL2A_20240417T182921_N0510_R027_T11SLT_20240418T004654.SAFE,/data2/yuyao/methane_emission/carbonmapper_data_l89_l2sp/av320240416t211002-A/l8_LC09_L2SP_041036_20240417_20240418_02_T1.tif,42.500174,23.98
av320240416t211002-A,https://api.carbonmapper.org/api/v1/catalog/asset/l3a-vis-ch4-mfa-v3/2024/04/16/av320240416t211002-A/av320240416t211002-A_l3a-vis-ch4-mfa-v3_plume.tif,https://api.carbonmapper.org/api/v1/catalog/asset/l3a-ime-ch4-mfa-v3/2024/04/16/av320240416t211002-A/av320240416t211002-A_l3a-ime-ch4-mfa-v3_ime-cmf-concentrations.tif,/data2/yuyao/methane_emission/data/raw_data_dir/S2A_MSIL2A_20240417T182921_N0510_R027_T11SLU_20240418T004654.SAFE,/data2/yuyao/methane_emission/carbonmapper_data_l89_l2sp/av320240416t211002-A/l8_LC09_L2SP_041036_20240417_20240418_02_T1.tif,38.865036,23.98
av320240416t211002-B,https://api.carbonmapper.org/api/v1/catalog/asset/l3a-vis-ch4-mfa-v3/2024/04/16/av320240416t211002-B/av320240416t211002-B_l3a-vis-ch4-mfa-v3_plume.tif,https://api.carbonmapper.org/api/v1/catalog/asset/l3a-ime-ch4-mfa-v3/2024/04/16/av320240416t211002-B/av320240416t211002-B_l3a-ime-ch4-mfa-v3_ime-cmf-concentrations.tif,/data2/yuyao/methane_emission/data/raw_data_dir/S2A_MSIL2A_20240417T182921_N0510_R027_T11SLU_20240418T004654.SAFE,/data2/yuyao/methane_emission/carbonmapper_data_l89_l2sp/av320240416t211002-B/l8_LC09_L2SP_041036_20240417_20240418_02_T1.tif,38.865036,23.98
av320240416t211002-B,https://api.carbonmapper.org/api/v1/catalog/asset/l3a-vis-ch4-mfa-v3/2024/04/16/av320240416t211002-B/av320240416t211002-B_l3a-vis-ch4-mfa-v3_plume.tif,https://api.carbonmapper.org/api/v1/catalog/asset/l3a-ime-ch4-mfa-v3/2024/04/16/av320240416t211002-B/av320240416t211002-B_l3a-ime-ch4-mfa-v3_ime-cmf-concentrations.tif,/data2/yuyao/methane_emission/data/raw_data_dir/S2A_MSIL2A_20240417T182921_N0510_R027_T11SLT_20240418T004654.SAFE,/data2/yuyao/methane_emission/carbonmapper_data_l89_l2sp/av320240416t211002-B/l8_LC09_L2SP_041036_20240417_20240418_02_T1.tif,42.500174,23.98
av320240416t211002-C,https://api.carbonmapper.org/api/v1/catalog/asset/l3a-vis-ch4-mfa-v3/2024/04/16/av320240416t211002-C/av320240416t211002-C_l3a-vis-ch4-mfa-v3_plume.tif,https://api.carbonmapper.org/api/v1/catalog/asset/l3a-ime-ch4-mfa-v3/2024/04/16/av320240416t211002-C/av320240416t211002-C_l3a-ime-ch4-mfa-v3_ime-cmf-concentrations.tif,/data2/yuyao/methane_emission/data/raw_data_dir/S2A_MSIL2A_20240417T182921_N0510_R027_T11SLU_20240418T004654.SAFE,/data2/yuyao/methane_emission/carbonmapper_data_l89_l2sp/av320240416t211002-C/l8_LC09_L2SP_041036_20240417_20240418_02_T1.tif,38.865036,23.98
av320240416t211002-C,https://api.carbonmapper.org/api/v1/catalog/asset/l3a-vis-ch4-mfa-v3/2024/04/16/av320240416t211002-C/av320240416t211002-C_l3a-vis-ch4-mfa-v3_plume.tif,https://api.carbonmapper.org/api/v1/catalog/asset/l3a-ime-ch4-mfa-v3/2024/04/16/av320240416t211002-C/av320240416t211002-C_l3a-ime-ch4-mfa-v3_ime-cmf-concentrations.tif,/data2/yuyao/methane_emission/data/raw_data_dir/S2A_MSIL2A_20240417T182921_N0510_R027_T11SLT_20240418T004654.SAFE,/data2/yuyao/methane_emission/carbonmapper_data_l89_l2sp/av320240416t211002-C/l8_LC09_L2SP_041036_20240417_20240418_02_T1.tif,42.500174,23.98
av320240416t211002-D,https://api.carbonmapper.org/api/v1/catalog/asset/l3a-vis-ch4-mfa-v3/2024/04/16/av320240416t211002-D/av320240416t211002-D_l3a-vis-ch4-mfa-v3_plume.tif,https://api.carbonmapper.org/api/v1/catalog/asset/l3a-ime-ch4-mfa-v3/2024/04/16/av320240416t211002-D/av320240416t211002-D_l3a-ime-ch4-mfa-v3_ime-cmf-concentrations.tif,/data2/yuyao/methane_emission/data/raw_data_dir/S2A_MSIL2A_20240417T182921_N0510_R027_T11SLT_20240418T004654.SAFE,/data2/yuyao/methane_emission/carbonmapper_data_l89_l2sp/av320240416t211002-D/l8_LC09_L2SP_041036_20240417_20240418_02_T1.tif,42.500174,23.98
av320240416t211002-D,https://api.carbonmapper.org/api/v1/catalog/asset/l3a-vis-ch4-mfa-v3/2024/04/16/av320240416t211002-D/av320240416t211002-D_l3a-vis-ch4-mfa-v3_plume.tif,https://api.carbonmapper.org/api/v1/catalog/asset/l3a-ime-ch4-mfa-v3/2024/04/16/av320240416t211002-D/av320240416t211002-D_l3a-ime-ch4-mfa-v3_ime-cmf-concentrations.tif,/data2/yuyao/methane_emission/data/raw_data_dir/S2A_MSIL2A_20240417T182921_N0510_R027_T11SLU_20240418T004654.SAFE,/data2/yuyao/methane_emission/carbonmapper_data_l89_l2sp/av320240416t211002-D/l8_LC09_L2SP_041036_20240417_20240418_02_T1.tif,38.865036,23.98
av320240416t211002-E,https://api.carbonmapper.org/api/v1/catalog/asset/l3a-vis-ch4-mfa-v3/2024/04/16/av320240416t211002-E/av320240416t211002-E_l3a-vis-ch4-mfa-v3_plume.tif,https://api.carbonmapper.org/api/v1/catalog/asset/l3a-ime-ch4-mfa-v3/2024/04/16/av320240416t211002-E/av320240416t211002-E_l3a-ime-ch4-mfa-v3_ime-cmf-concentrations.tif,/data2/yuyao/methane_emission/data/raw_data_dir/S2A_MSIL2A_20240417T182921_N0510_R027_T11SLU_20240418T004654.SAFE,/data2/yuyao/methane_emission/carbonmapper_data_l89_l2sp/av320240416t211002-E/l8_LC09_L2SP_041036_20240417_20240418_02_T1.tif,38.865036,23.98
av320240416t211002-E,https://api.carbonmapper.org/api/v1/catalog/asset/l3a-vis-ch4-mfa-v3/2024/04/16/av320240416t211002-E/av320240416t211002-E_l3a-vis-ch4-mfa-v3_plume.tif,https://api.carbonmapper.org/api/v1/catalog/asset/l3a-ime-ch4-mfa-v3/2024/04/16/av320240416t211002-E/av320240416t211002-E_l3a-ime-ch4-mfa-v3_ime-cmf-concentrations.tif,/data2/yuyao/methane_emission/data/raw_data_dir/S2A_MSIL2A_20240417T182921_N0510_R027_T11SLT_20240418T004654.SAFE,/data2/yuyao/methane_emission/carbonmapper_data_l89_l2sp/av320240416t211002-E/l8_LC09_L2SP_041036_20240417_20240418_02_T1.tif,42.500174,23.98
av320240416t211002-F,https://api.carbonmapper.org/api/v1/catalog/asset/l3a-vis-ch4-mfa-v3/2024/04/16/av320240416t211002-F/av320240416t211002-F_l3a-vis-ch4-mfa-v3_plume.tif,https://api.carbonmapper.org/api/v1/catalog/asset/l3a-ime-ch4-mfa-v3/2024/04/16/av320240416t211002-F/av320240416t211002-F_l3a-ime-ch4-mfa-v3_ime-cmf-concentrations.tif,/data2/yuyao/methane_emission/data/raw_data_dir/S2A_MSIL2A_20240417T182921_N0510_R027_T11SLT_20240418T004654.SAFE,/data2/yuyao/methane_emission/carbonmapper_data_l89_l2sp/av320240416t211002-F/l8_LC09_L2SP_041036_20240417_20240418_02_T1.tif,42.500174,23.98
av320240416t211002-F,https://api.carbonmapper.org/api/v1/catalog/asset/l3a-vis-ch4-mfa-v3/2024/04/16/av320240416t211002-F/av320240416t211002-F_l3a-vis-ch4-mfa-v3_plume.tif,https://api.carbonmapper.org/api/v1/catalog/asset/l3a-ime-ch4-mfa-v3/2024/04/16/av320240416t211002-F/av320240416t211002-F_l3a-ime-ch4-mfa-v3_ime-cmf-concentrations.tif,/data2/yuyao/methane_emission/data/raw_data_dir/S2A_MSIL2A_20240417T182921_N0510_R027_T11SLU_20240418T004654.SAFE,/data2/yuyao/methane_emission/carbonmapper_data_l89_l2sp/av320240416t211002-F/l8_LC09_L2SP_041036_20240417_20240418_02_T1.tif,38.865036,23.98
av320240416t211535-A,https://api.carbonmapper.org/api/v1/catalog/asset/l3a-vis-ch4-mfa-v3/2024/04/16/av320240416t211535-A/av320240416t211535-A_l3a-vis-ch4-mfa-v3_plume.tif,https://api.carbonmapper.org/api/v1/catalog/asset/l3a-ime-ch4-mfa-v3/2024/04/16/av320240416t211535-A/av320240416t211535-A_l3a-ime-ch4-mfa-v3_ime-cmf-concentrations.tif,/data2/yuyao/methane_emission/data/raw_data_dir/S2A_MSIL2A_20240417T182921_N0510_R027_T11SLT_20240418T004654.SAFE,/data2/yuyao/methane_emission/carbonmapper_data_l89_l2sp/av320240416t211535-A/l8_LC09_L2SP_041036_20240417_20240418_02_T1.tif,42.500174,23.98
av320240416t211535-A,https://api.carbonmapper.org/api/v1/catalog/asset/l3a-vis-ch4-mfa-v3/2024/04/16/av320240416t211535-A/av320240416t211535-A_l3a-vis-ch4-mfa-v3_plume.tif,https://api.carbonmapper.org/api/v1/catalog/asset/l3a-ime-ch4-mfa-v3/2024/04/16/av320240416t211535-A/av320240416t211535-A_l3a-ime-ch4-mfa-v3_ime-cmf-concentrations.tif,/data2/yuyao/methane_emission/data/raw_data_dir/S2A_MSIL2A_20240417T182921_N0510_R027_T11SLU_20240418T004654.SAFE,/data2/yuyao/methane_emission/carbonmapper_data_l89_l2sp/av320240416t211535-A/l8_LC09_L2SP_041036_20240417_20240418_02_T1.tif,38.865036,23.98
av320240416t211535-B,https://api.carbonmapper.org/api/v1/catalog/asset/l3a-vis-ch4-mfa-v3/2024/04/16/av320240416t211535-B/av320240416t211535-B_l3a-vis-ch4-mfa-v3_plume.tif,https://api.carbonmapper.org/api/v1/catalog/asset/l3a-ime-ch4-mfa-v3/2024/04/16/av320240416t211535-B/av320240416t211535-B_l3a-ime-ch4-mfa-v3_ime-cmf-concentrations.tif,/data2/yuyao/methane_emission/data/raw_data_dir/S2A_MSIL2A_20240417T182921_N0510_R027_T11SLU_20240418T004654.SAFE,/data2/yuyao/methane_emission/carbonmapper_data_l89_l2sp/av320240416t211535-B/l8_LC09_L2SP_041036_20240417_20240418_02_T1.tif,38.865036,23.98
av320240416t211535-B,https://api.carbonmapper.org/api/v1/catalog/asset/l3a-vis-ch4-mfa-v3/2024/04/16/av320240416t211535-B/av320240416t211535-B_l3a-vis-ch4-mfa-v3_plume.tif,https://api.carbonmapper.org/api/v1/catalog/asset/l3a-ime-ch4-mfa-v3/2024/04/16/av320240416t211535-B/av320240416t211535-B_l3a-ime-ch4-mfa-v3_ime-cmf-concentrations.tif,/data2/yuyao/methane_emission/data/raw_data_dir/S2A_MSIL2A_20240417T182921_N0510_R027_T11SLT_20240418T004654.SAFE,/data2/yuyao/methane_emission/carbonmapper_data_l89_l2sp/av320240416t211535-B/l8_LC09_L2SP_041036_20240417_20240418_02_T1.tif,42.500174,23.98
av320240416t211535-C,https://api.carbonmapper.org/api/v1/catalog/asset/l3a-vis-ch4-mfa-v3/2024/04/16/av320240416t211535-C/av320240416t211535-C_l3a-vis-ch4-mfa-v3_plume.tif,https://api.carbonmapper.org/api/v1/catalog/asset/l3a-ime-ch4-mfa-v3/2024/04/16/av320240416t211535-C/av320240416t211535-C_l3a-ime-ch4-mfa-v3_ime-cmf-concentrations.tif,/data2/yuyao/methane_emission/data/raw_data_dir/S2A_MSIL2A_20240417T182921_N0510_R027_T11SLU_20240418T004654.SAFE,/data2/yuyao/methane_emission/carbonmapper_data_l89_l2sp/av320240416t211535-C/l8_LC09_L2SP_041036_20240417_20240418_02_T1.tif,38.865036,23.98
av320240416t211535-C,https://api.carbonmapper.org/api/v1/catalog/asset/l3a-vis-ch4-mfa-v3/2024/04/16/av320240416t211535-C/av320240416t211535-C_l3a-vis-ch4-mfa-v3_plume.tif,https://api.carbonmapper.org/api/v1/catalog/asset/l3a-ime-ch4-mfa-v3/2024/04/16/av320240416t211535-C/av320240416t211535-C_l3a-ime-ch4-mfa-v3_ime-cmf-concentrations.tif,/data2/yuyao/methane_emission/data/raw_data_dir/S2A_MSIL2A_20240417T182921_N0510_R027_T11SLT_20240418T004654.SAFE,/data2/yuyao/methane_emission/carbonmapper_data_l89_l2sp/av320240416t211535-C/l8_LC09_L2SP_041036_20240417_20240418_02_T1.tif,42.500174,23.98
av320240416t211535-D,https://api.carbonmapper.org/api/v1/catalog/asset/l3a-vis-ch4-mfa-v3/2024/04/16/av320240416t211535-D/av320240416t211535-D_l3a-vis-ch4-mfa-v3_plume.tif,https://api.carbonmapper.org/api/v1/catalog/asset/l3a-ime-ch4-mfa-v3/2024/04/16/av320240416t211535-D/av320240416t211535-D_l3a-ime-ch4-mfa-v3_ime-cmf-concentrations.tif,/data2/yuyao/methane_emission/data/raw_data_dir/S2A_MSIL2A_20240417T182921_N0510_R027_T11SLT_20240418T004654.SAFE,/data2/yuyao/methane_emission/carbonmapper_data_l89_l2sp/av320240416t211535-D/l8_LC09_L2SP_041036_20240417_20240418_02_T1.tif,42.500174,23.98
av320240416t211535-D,https://api.carbonmapper.org/api/v1/catalog/asset/l3a-vis-ch4-mfa-v3/2024/04/16/av320240416t211535-D/av320240416t211535-D_l3a-vis-ch4-mfa-v3_plume.tif,https://api.carbonmapper.org/api/v1/catalog/asset/l3a-ime-ch4-mfa-v3/2024/04/16/av320240416t211535-D/av320240416t211535-D_l3a-ime-ch4-mfa-v3_ime-cmf-concentrations.tif,/data2/yuyao/methane_emission/data/raw_data_dir/S2A_MSIL2A_20240417T182921_N0510_R027_T11SLU_20240418T004654.SAFE,/data2/yuyao/methane_emission/carbonmapper_data_l89_l2sp/av320240416t211535-D/l8_LC09_L2SP_041036_20240417_20240418_02_T1.tif,38.865036,23.98
av320240416t211535-E,https://api.carbonmapper.org/api/v1/catalog/asset/l3a-vis-ch4-mfa-v3/2024/04/16/av320240416t211535-E/av320240416t211535-E_l3a-vis-ch4-mfa-v3_plume.tif,https://api.carbonmapper.org/api/v1/catalog/asset/l3a-ime-ch4-mfa-v3/2024/04/16/av320240416t211535-E/av320240416t211535-E_l3a-ime-ch4-mfa-v3_ime-cmf-concentrations.tif,/data2/yuyao/methane_emission/data/raw_data_dir/S2A_MSIL2A_20240417T182921_N0510_R027_T11SLT_20240418T004654.SAFE,/data2/yuyao/methane_emission/carbonmapper_data_l89_l2sp/av320240416t211535-E/l8_LC09_L2SP_041036_20240417_20240418_02_T1.tif,42.500174,23.98
av320240416t211535-E,https://api.carbonmapper.org/api/v1/catalog/asset/l3a-vis-ch4-mfa-v3/2024/04/16/av320240416t211535-E/av320240416t211535-E_l3a-vis-ch4-mfa-v3_plume.tif,https://api.carbonmapper.org/api/v1/catalog/asset/l3a-ime-ch4-mfa-v3/2024/04/16/av320240416t211535-E/av320240416t211535-E_l3a-ime-ch4-mfa-v3_ime-cmf-concentrations.tif,/data2/yuyao/methane_emission/data/raw_data_dir/S2A_MSIL2A_20240417T182921_N0510_R027_T11SLU_20240418T004654.SAFE,/data2/yuyao/methane_emission/carbonmapper_data_l89_l2sp/av320240416t211535-E/l8_LC09_L2SP_041036_20240417_20240418_02_T1.tif,38.865036,23.98
av320240416t211535-H,https://api.carbonmapper.org/api/v1/catalog/asset/l3a-vis-ch4-mfa-v3/2024/04/16/av320240416t211535-H/av320240416t211535-H_l3a-vis-ch4-mfa-v3_plume.tif,https://api.carbonmapper.org/api/v1/catalog/asset/l3a-ime-ch4-mfa-v3/2024/04/16/av320240416t211535-H/av320240416t211535-H_l3a-ime-ch4-mfa-v3_ime-cmf-concentrations.tif,/data2/yuyao/methane_emission/data/raw_data_dir/S2A_MSIL2A_20240417T182921_N0510_R027_T11SLT_20240418T004654.SAFE,/data2/yuyao/methane_emission/carbonmapper_data_l89_l2sp/av320240416t211535-H/l8_LC09_L2SP_041036_20240417_20240418_02_T1.tif,42.500174,23.98
av320240416t211535-H,https://api.carbonmapper.org/api/v1/catalog/asset/l3a-vis-ch4-mfa-v3/2024/04/16/av320240416t211535-H/av320240416t211535-H_l3a-vis-ch4-mfa-v3_plume.tif,https://api.carbonmapper.org/api/v1/catalog/asset/l3a-ime-ch4-mfa-v3/2024/04/16/av320240416t211535-H/av320240416t211535-H_l3a-ime-ch4-mfa-v3_ime-cmf-concentrations.tif,/data2/yuyao/methane_emission/data/raw_data_dir/S2A_MSIL2A_20240417T182921_N0510_R027_T11SLU_20240418T004654.SAFE,/data2/yuyao/methane_emission/carbonmapper_data_l89_l2sp/av320240416t211535-H/l8_LC09_L2SP_041036_20240417_20240418_02_T1.tif,38.865036,23.98
av320240416t211535-I,https://api.carbonmapper.org/api/v1/catalog/asset/l3a-vis-ch4-mfa-v3/2024/04/16/av320240416t211535-I/av320240416t211535-I_l3a-vis-ch4-mfa-v3_plume.tif,https://api.carbonmapper.org/api/v1/catalog/asset/l3a-ime-ch4-mfa-v3/2024/04/16/av320240416t211535-I/av320240416t211535-I_l3a-ime-ch4-mfa-v3_ime-cmf-concentrations.tif,/data2/yuyao/methane_emission/data/raw_data_dir/S2A_MSIL2A_20240417T182921_N0510_R027_T11SLT_20240418T004654.SAFE,/data2/yuyao/methane_emission/carbonmapper_data_l89_l2sp/av320240416t211535-I/l8_LC09_L2SP_041036_20240417_20240418_02_T1.tif,42.500174,23.98
av320240416t211535-I,https://api.carbonmapper.org/api/v1/catalog/asset/l3a-vis-ch4-mfa-v3/2024/04/16/av320240416t211535-I/av320240416t211535-I_l3a-vis-ch4-mfa-v3_plume.tif,https://api.carbonmapper.org/api/v1/catalog/asset/l3a-ime-ch4-mfa-v3/2024/04/16/av320240416t211535-I/av320240416t211535-I_l3a-ime-ch4-mfa-v3_ime-cmf-concentrations.tif,/data2/yuyao/methane_emission/data/raw_data_dir/S2A_MSIL2A_20240417T182921_N0510_R027_T11SLU_20240418T004654.SAFE,/data2/yuyao/methane_emission/carbonmapper_data_l89_l2sp/av320240416t211535-I/l8_LC09_L2SP_041036_20240417_20240418_02_T1.tif,38.865036,23.98
av320240416t211535-J,https://api.carbonmapper.org/api/v1/catalog/asset/l3a-vis-ch4-mfa-v3/2024/04/16/av320240416t211535-J/av320240416t211535-J_l3a-vis-ch4-mfa-v3_plume.tif,https://api.carbonmapper.org/api/v1/catalog/asset/l3a-ime-ch4-mfa-v3/2024/04/16/av320240416t211535-J/av320240416t211535-J_l3a-ime-ch4-mfa-v3_ime-cmf-concentrations.tif,/data2/yuyao/methane_emission/data/raw_data_dir/S2A_MSIL2A_20240417T182921_N0510_R027_T11SLU_20240418T004654.SAFE,/data2/yuyao/methane_emission/carbonmapper_data_l89_l2sp/av320240416t211535-J/l8_LC09_L2SP_041036_20240417_20240418_02_T1.tif,38.865036,23.98
av320240416t211535-J,https://api.carbonmapper.org/api/v1/catalog/asset/l3a-vis-ch4-mfa-v3/2024/04/16/av320240416t211535-J/av320240416t211535-J_l3a-vis-ch4-mfa-v3_plume.tif,https://api.carbonmapper.org/api/v1/catalog/asset/l3a-ime-ch4-mfa-v3/2024/04/16/av320240416t211535-J/av320240416t211535-J_l3a-ime-ch4-mfa-v3_ime-cmf-concentrations.tif,/data2/yuyao/methane_emission/data/raw_data_dir/S2A_MSIL2A_20240417T182921_N0510_R027_T11SLT_20240418T004654.SAFE,/data2/yuyao/methane_emission/carbonmapper_data_l89_l2sp/av320240416t211535-J/l8_LC09_L2SP_041036_20240417_20240418_02_T1.tif,42.500174,23.98
av320240416t211535-L,https://api.carbonmapper.org/api/v1/catalog/asset/l3a-vis-ch4-mfa-v3/2024/04/16/av320240416t211535-L/av320240416t211535-L_l3a-vis-ch4-mfa-v3_plume.tif,https://api.carbonmapper.org/api/v1/catalog/asset/l3a-ime-ch4-mfa-v3/2024/04/16/av320240416t211535-L/av320240416t211535-L_l3a-ime-ch4-mfa-v3_ime-cmf-concentrations.tif,/data2/yuyao/methane_emission/data/raw_data_dir/S2A_MSIL2A_20240417T182921_N0510_R027_T11SLU_20240418T004654.SAFE,/data2/yuyao/methane_emission/carbonmapper_data_l89_l2sp/av320240416t211535-L/l8_LC09_L2SP_041036_20240417_20240418_02_T1.tif,38.865036,23.98
av320240416t211535-L,https://api.carbonmapper.org/api/v1/catalog/asset/l3a-vis-ch4-mfa-v3/2024/04/16/av320240416t211535-L/av320240416t211535-L_l3a-vis-ch4-mfa-v3_plume.tif,https://api.carbonmapper.org/api/v1/catalog/asset/l3a-ime-ch4-mfa-v3/2024/04/16/av320240416t211535-L/av320240416t211535-L_l3a-ime-ch4-mfa-v3_ime-cmf-concentrations.tif,/data2/yuyao/methane_emission/data/raw_data_dir/S2A_MSIL2A_20240417T182921_N0510_R027_T11SLT_20240418T004654.SAFE,/data2/yuyao/methane_emission/carbonmapper_data_l89_l2sp/av320240416t211535-L/l8_LC09_L2SP_041036_20240417_20240418_02_T1.tif,42.500174,23.98
av320240416t221813-A,https://api.carbonmapper.org/api/v1/catalog/asset/l3a-vis-ch4-mfa-v3/2024/04/16/av320240416t221813-A/av320240416t221813-A_l3a-vis-ch4-mfa-v3_plume.tif,https://api.carbonmapper.org/api/v1/catalog/asset/l3a-ime-ch4-mfa-v3/2024/04/16/av320240416t221813-A/av320240416t221813-A_l3a-ime-ch4-mfa-v3_ime-cmf-concentrations.tif,/data2/yuyao/methane_emission/data/raw_data_dir/S2A_MSIL2A_20240417T182921_N0510_R027_T11SLT_20240418T004654.SAFE,/data2/yuyao/methane_emission/carbonmapper_data_l89_l2sp/av320240416t221813-A/l8_LC09_L2SP_041036_20240417_20240418_02_T1.tif,42.500174,23.98
av320240416t221813-A,https://api.carbonmapper.org/api/v1/catalog/asset/l3a-vis-ch4-mfa-v3/2024/04/16/av320240416t221813-A/av320240416t221813-A_l3a-vis-ch4-mfa-v3_plume.tif,https://api.carbonmapper.org/api/v1/catalog/asset/l3a-ime-ch4-mfa-v3/2024/04/16/av320240416t221813-A/av320240416t221813-A_l3a-ime-ch4-mfa-v3_ime-cmf-concentrations.tif,/data2/yuyao/methane_emission/data/raw_data_dir/S2A_MSIL2A_20240417T182921_N0510_R027_T11SLU_20240418T004654.SAFE,/data2/yuyao/methane_emission/carbonmapper_data_l89_l2sp/av320240416t221813-A/l8_LC09_L2SP_041036_20240417_20240418_02_T1.tif,38.865036,23.98
av320240416t221813-B,https://api.carbonmapper.org/api/v1/catalog/asset/l3a-vis-ch4-mfa-v3/2024/04/16/av320240416t221813-B/av320240416t221813-B_l3a-vis-ch4-mfa-v3_plume.tif,https://api.carbonmapper.org/api/v1/catalog/asset/l3a-ime-ch4-mfa-v3/2024/04/16/av320240416t221813-B/av320240416t221813-B_l3a-ime-ch4-mfa-v3_ime-cmf-concentrations.tif,/data2/yuyao/methane_emission/data/raw_data_dir/S2A_MSIL2A_20240417T182921_N0510_R027_T11SLT_20240418T004654.SAFE,/data2/yuyao/methane_emission/carbonmapper_data_l89_l2sp/av320240416t221813-B/l8_LC09_L2SP_041036_20240417_20240418_02_T1.tif,42.500174,23.98
av320240416t221813-B,https://api.carbonmapper.org/api/v1/catalog/asset/l3a-vis-ch4-mfa-v3/2024/04/16/av320240416t221813-B/av320240416t221813-B_l3a-vis-ch4-mfa-v3_plume.tif,https://api.carbonmapper.org/api/v1/catalog/asset/l3a-ime-ch4-mfa-v3/2024/04/16/av320240416t221813-B/av320240416t221813-B_l3a-ime-ch4-mfa-v3_ime-cmf-concentrations.tif,/data2/yuyao/methane_emission/data/raw_data_dir/S2A_MSIL2A_20240417T182921_N0510_R027_T11SLU_20240418T004654.SAFE,/data2/yuyao/methane_emission/carbonmapper_data_l89_l2sp/av320240416t221813-B/l8_LC09_L2SP_041036_20240417_20240418_02_T1.tif,38.865036,23.98
av320240416t221813-C,https://api.carbonmapper.org/api/v1/catalog/asset/l3a-vis-ch4-mfa-v3/2024/04/16/av320240416t221813-C/av320240416t221813-C_l3a-vis-ch4-mfa-v3_plume.tif,https://api.carbonmapper.org/api/v1/catalog/asset/l3a-ime-ch4-mfa-v3/2024/04/16/av320240416t221813-C/av320240416t221813-C_l3a-ime-ch4-mfa-v3_ime-cmf-concentrations.tif,/data2/yuyao/methane_emission/data/raw_data_dir/S2A_MSIL2A_20240417T182921_N0510_R027_T11SLT_20240418T004654.SAFE,/data2/yuyao/methane_emission/carbonmapper_data_l89_l2sp/av320240416t221813-C/l8_LC09_L2SP_041036_20240417_20240418_02_T1.tif,42.500174,23.98
av320240416t221813-C,https://api.carbonmapper.org/api/v1/catalog/asset/l3a-vis-ch4-mfa-v3/2024/04/16/av320240416t221813-C/av320240416t221813-C_l3a-vis-ch4-mfa-v3_plume.tif,https://api.carbonmapper.org/api/v1/catalog/asset/l3a-ime-ch4-mfa-v3/2024/04/16/av320240416t221813-C/av320240416t221813-C_l3a-ime-ch4-mfa-v3_ime-cmf-concentrations.tif,/data2/yuyao/methane_emission/data/raw_data_dir/S2A_MSIL2A_20240417T182921_N0510_R027_T11SLU_20240418T004654.SAFE,/data2/yuyao/methane_emission/carbonmapper_data_l89_l2sp/av320240416t221813-C/l8_LC09_L2SP_041036_20240417_20240418_02_T1.tif,38.865036,23.98
av320240416t221813-D,https://api.carbonmapper.org/api/v1/catalog/asset/l3a-vis-ch4-mfa-v3/2024/04/16/av320240416t221813-D/av320240416t221813-D_l3a-vis-ch4-mfa-v3_plume.tif,https://api.carbonmapper.org/api/v1/catalog/asset/l3a-ime-ch4-mfa-v3/2024/04/16/av320240416t221813-D/av320240416t221813-D_l3a-ime-ch4-mfa-v3_ime-cmf-concentrations.tif,/data2/yuyao/methane_emission/data/raw_data_dir/S2A_MSIL2A_20240417T182921_N0510_R027_T11SLT_20240418T004654.SAFE,/data2/yuyao/methane_emission/carbonmapper_data_l89_l2sp/av320240416t221813-D/l8_LC09_L2SP_041036_20240417_20240418_02_T1.tif,42.500174,23.98
av320240416t221813-D,https://api.carbonmapper.org/api/v1/catalog/asset/l3a-vis-ch4-mfa-v3/2024/04/16/av320240416t221813-D/av320240416t221813-D_l3a-vis-ch4-mfa-v3_plume.tif,https://api.carbonmapper.org/api/v1/catalog/asset/l3a-ime-ch4-mfa-v3/2024/04/16/av320240416t221813-D/av320240416t221813-D_l3a-ime-ch4-mfa-v3_ime-cmf-concentrations.tif,/data2/yuyao/methane_emission/data/raw_data_dir/S2A_MSIL2A_20240417T182921_N0510_R027_T11SLU_20240418T004654.SAFE,/data2/yuyao/methane_emission/carbonmapper_data_l89_l2sp/av320240416t221813-D/l8_LC09_L2SP_041036_20240417_20240418_02_T1.tif,38.865036,23.98
av320240416t221813-E,https://api.carbonmapper.org/api/v1/catalog/asset/l3a-vis-ch4-mfa-v3/2024/04/16/av320240416t221813-E/av320240416t221813-E_l3a-vis-ch4-mfa-v3_plume.tif,https://api.carbonmapper.org/api/v1/catalog/asset/l3a-ime-ch4-mfa-v3/2024/04/16/av320240416t221813-E/av320240416t221813-E_l3a-ime-ch4-mfa-v3_ime-cmf-concentrations.tif,/data2/yuyao/methane_emission/data/raw_data_dir/S2A_MSIL2A_20240417T182921_N0510_R027_T11SLU_20240418T004654.SAFE,/data2/yuyao/methane_emission/carbonmapper_data_l89_l2sp/av320240416t221813-E/l8_LC09_L2SP_041036_20240417_20240418_02_T1.tif,38.865036,23.98
av320240416t221813-E,https://api.carbonmapper.org/api/v1/catalog/asset/l3a-vis-ch4-mfa-v3/2024/04/16/av320240416t221813-E/av320240416t221813-E_l3a-vis-ch4-mfa-v3_plume.tif,https://api.carbonmapper.org/api/v1/catalog/asset/l3a-ime-ch4-mfa-v3/2024/04/16/av320240416t221813-E/av320240416t221813-E_l3a-ime-ch4-mfa-v3_ime-cmf-concentrations.tif,/data2/yuyao/methane_emission/data/raw_data_dir/S2A_MSIL2A_20240417T182921_N0510_R027_T11SLT_20240418T004654.SAFE,/data2/yuyao/methane_emission/carbonmapper_data_l89_l2sp/av320240416t221813-E/l8_LC09_L2SP_041036_20240417_20240418_02_T1.tif,42.500174,23.98
av320240416t221813-F,https://api.carbonmapper.org/api/v1/catalog/asset/l3a-vis-ch4-mfa-v3/2024/04/16/av320240416t221813-F/av320240416t221813-F_l3a-vis-ch4-mfa-v3_plume.tif,https://api.carbonmapper.org/api/v1/catalog/asset/l3a-ime-ch4-mfa-v3/2024/04/16/av320240416t221813-F/av320240416t221813-F_l3a-ime-ch4-mfa-v3_ime-cmf-concentrations.tif,/data2/yuyao/methane_emission/data/raw_data_dir/S2A_MSIL2A_20240417T182921_N0510_R027_T11SLU_20240418T004654.SAFE,/data2/yuyao/methane_emission/carbonmapper_data_l89_l2sp/av320240416t221813-F/l8_LC09_L2SP_041036_20240417_20240418_02_T1.tif,38.865036,23.98
av320240416t221813-F,https://api.carbonmapper.org/api/v1/catalog/asset/l3a-vis-ch4-mfa-v3/2024/04/16/av320240416t221813-F/av320240416t221813-F_l3a-vis-ch4-mfa-v3_plume.tif,https://api.carbonmapper.org/api/v1/catalog/asset/l3a-ime-ch4-mfa-v3/2024/04/16/av320240416t221813-F/av320240416t221813-F_l3a-ime-ch4-mfa-v3_ime-cmf-concentrations.tif,/data2/yuyao/methane_emission/data/raw_data_dir/S2A_MSIL2A_20240417T182921_N0510_R027_T11SLT_20240418T004654.SAFE,/data2/yuyao/methane_emission/carbonmapper_data_l89_l2sp/av320240416t221813-F/l8_LC09_L2SP_041036_20240417_20240418_02_T1.tif,42.500174,23.98
av320240416t221813-G,https://api.carbonmapper.org/api/v1/catalog/asset/l3a-vis-ch4-mfa-v3/2024/04/16/av320240416t221813-G/av320240416t221813-G_l3a-vis-ch4-mfa-v3_plume.tif,https://api.carbonmapper.org/api/v1/catalog/asset/l3a-ime-ch4-mfa-v3/2024/04/16/av320240416t221813-G/av320240416t221813-G_l3a-ime-ch4-mfa-v3_ime-cmf-concentrations.tif,/data2/yuyao/methane_emission/data/raw_data_dir/S2A_MSIL2A_20240417T182921_N0510_R027_T11SLU_20240418T004654.SAFE,/data2/yuyao/methane_emission/carbonmapper_data_l89_l2sp/av320240416t221813-G/l8_LC09_L2SP_041036_20240417_20240418_02_T1.tif,38.865036,23.98
av320240416t221813-G,https://api.carbonmapper.org/api/v1/catalog/asset/l3a-vis-ch4-mfa-v3/2024/04/16/av320240416t221813-G/av320240416t221813-G_l3a-vis-ch4-mfa-v3_plume.tif,https://api.carbonmapper.org/api/v1/catalog/asset/l3a-ime-ch4-mfa-v3/2024/04/16/av320240416t221813-G/av320240416t221813-G_l3a-ime-ch4-mfa-v3_ime-cmf-concentrations.tif,/data2/yuyao/methane_emission/data/raw_data_dir/S2A_MSIL2A_20240417T182921_N0510_R027_T11SLT_20240418T004654.SAFE,/data2/yuyao/methane_emission/carbonmapper_data_l89_l2sp/av320240416t221813-G/l8_LC09_L2SP_041036_20240417_20240418_02_T1.tif,42.500174,23.98
av320240416t221813-H,https://api.carbonmapper.org/api/v1/catalog/asset/l3a-vis-ch4-mfa-v3/2024/04/16/av320240416t221813-H/av320240416t221813-H_l3a-vis-ch4-mfa-v3_plume.tif,https://api.carbonmapper.org/api/v1/catalog/asset/l3a-ime-ch4-mfa-v3/2024/04/16/av320240416t221813-H/av320240416t221813-H_l3a-ime-ch4-mfa-v3_ime-cmf-concentrations.tif,/data2/yuyao/methane_emission/data/raw_data_dir/S2A_MSIL2A_20240417T182921_N0510_R027_T11SLU_20240418T004654.SAFE,/data2/yuyao/methane_emission/carbonmapper_data_l89_l2sp/av320240416t221813-H/l8_LC09_L2SP_041036_20240417_20240418_02_T1.tif,38.865036,23.98
av320240416t221813-H,https://api.carbonmapper.org/api/v1/catalog/asset/l3a-vis-ch4-mfa-v3/2024/04/16/av320240416t221813-H/av320240416t221813-H_l3a-vis-ch4-mfa-v3_plume.tif,https://api.carbonmapper.org/api/v1/catalog/asset/l3a-ime-ch4-mfa-v3/2024/04/16/av320240416t221813-H/av320240416t221813-H_l3a-ime-ch4-mfa-v3_ime-cmf-concentrations.tif,/data2/yuyao/methane_emission/data/raw_data_dir/S2A_MSIL2A_20240417T182921_N0510_R027_T11SLT_20240418T004654.SAFE,/data2/yuyao/methane_emission/carbonmapper_data_l89_l2sp/av320240416t221813-H/l8_LC09_L2SP_041036_20240417_20240418_02_T1.tif,42.500174,23.98
av320240416t221813-J,https://api.carbonmapper.org/api/v1/catalog/asset/l3a-vis-ch4-mfa-v3/2024/04/16/av320240416t221813-J/av320240416t221813-J_l3a-vis-ch4-mfa-v3_plume.tif,https://api.carbonmapper.org/api/v1/catalog/asset/l3a-ime-ch4-mfa-v3/2024/04/16/av320240416t221813-J/av320240416t221813-J_l3a-ime-ch4-mfa-v3_ime-cmf-concentrations.tif,/data2/yuyao/methane_emission/data/raw_data_dir/S2A_MSIL2A_20240417T182921_N0510_R027_T11SLT_20240418T004654.SAFE,/data2/yuyao/methane_emission/carbonmapper_data_l89_l2sp/av320240416t221813-J/l8_LC09_L2SP_041036_20240417_20240418_02_T1.tif,42.500174,23.98
av320240416t221813-J,https://api.carbonmapper.org/api/v1/catalog/asset/l3a-vis-ch4-mfa-v3/2024/04/16/av320240416t221813-J/av320240416t221813-J_l3a-vis-ch4-mfa-v3_plume.tif,https://api.carbonmapper.org/api/v1/catalog/asset/l3a-ime-ch4-mfa-v3/2024/04/16/av320240416t221813-J/av320240416t221813-J_l3a-ime-ch4-mfa-v3_ime-cmf-concentrations.tif,/data2/yuyao/methane_emission/data/raw_data_dir/S2A_MSIL2A_20240417T182921_N0510_R027_T11SLU_20240418T004654.SAFE,/data2/yuyao/methane_emission/carbonmapper_data_l89_l2sp/av320240416t221813-J/l8_LC09_L2SP_041036_20240417_20240418_02_T1.tif,38.865036,23.98
av320240721t185446-A,https://api.carbonmapper.org/api/v1/catalog/asset/l3a-vis-ch4-mfa-v3/2024/07/21/av320240721t185446-A/av320240721t185446-A_l3a-vis-ch4-mfa-v3_plume.tif,https://api.carbonmapper.org/api/v1/catalog/asset/l3a-ime-ch4-mfa-v3/2024/07/21/av320240721t185446-A/av320240721t185446-A_l3a-ime-ch4-mfa-v3_ime-cmf-concentrations.tif,/data2/yuyao/methane_emission/data/raw_data_dir/S2B_MSIL2A_20240721T182919_N0510_R027_T11SLT_20240721T220053.SAFE,/data2/yuyao/methane_emission/carbonmapper_data_l89_l2sp/av320240721t185446-A/l8_LC09_L2SP_041036_20240722_20240723_02_T1.tif,5.154021,0.36
av320240721t185446-B,https://api.carbonmapper.org/api/v1/catalog/asset/l3a-vis-ch4-mfa-v3/2024/07/21/av320240721t185446-B/av320240721t185446-B_l3a-vis-ch4-mfa-v3_plume.tif,https://api.carbonmapper.org/api/v1/catalog/asset/l3a-ime-ch4-mfa-v3/2024/07/21/av320240721t185446-B/av320240721t185446-B_l3a-ime-ch4-mfa-v3_ime-cmf-concentrations.tif,/data2/yuyao/methane_emission/data/raw_data_dir/S2B_MSIL2A_20240721T182919_N0510_R027_T11SLT_20240721T220053.SAFE,/data2/yuyao/methane_emission/carbonmapper_data_l89_l2sp/av320240721t185446-B/l8_LC09_L2SP_041036_20240722_20240723_02_T1.tif,5.154021,0.36
av320240721t185446-C,https://api.carbonmapper.org/api/v1/catalog/asset/l3a-vis-ch4-mfa-v3/2024/07/21/av320240721t185446-C/av320240721t185446-C_l3a-vis-ch4-mfa-v3_plume.tif,https://api.carbonmapper.org/api/v1/catalog/asset/l3a-ime-ch4-mfa-v3/2024/07/21/av320240721t185446-C/av320240721t185446-C_l3a-ime-ch4-mfa-v3_ime-cmf-concentrations.tif,/data2/yuyao/methane_emission/data/raw_data_dir/S2B_MSIL2A_20240721T182919_N0510_R027_T11SLT_20240721T220053.SAFE,/data2/yuyao/methane_emission/carbonmapper_data_l89_l2sp/av320240721t185446-C/l8_LC09_L2SP_041036_20240722_20240723_02_T1.tif,5.154021,0.36
av320240721t185446-D,https://api.carbonmapper.org/api/v1/catalog/asset/l3a-vis-ch4-mfa-v3/2024/07/21/av320240721t185446-D/av320240721t185446-D_l3a-vis-ch4-mfa-v3_plume.tif,https://api.carbonmapper.org/api/v1/catalog/asset/l3a-ime-ch4-mfa-v3/2024/07/21/av320240721t185446-D/av320240721t185446-D_l3a-ime-ch4-mfa-v3_ime-cmf-concentrations.tif,/data2/yuyao/methane_emission/data/raw_data_dir/S2B_MSIL2A_20240721T182919_N0510_R027_T11SLU_20240721T220053.SAFE,/data2/yuyao/methane_emission/carbonmapper_data_l89_l2sp/av320240721t185446-D/l8_LC09_L2SP_041036_20240722_20240723_02_T1.tif,2.945846,0.36
av320240721t185446-E,https://api.carbonmapper.org/api/v1/catalog/asset/l3a-vis-ch4-mfa-v3/2024/07/21/av320240721t185446-E/av320240721t185446-E_l3a-vis-ch4-mfa-v3_plume.tif,https://api.carbonmapper.org/api/v1/catalog/asset/l3a-ime-ch4-mfa-v3/2024/07/21/av320240721t185446-E/av320240721t185446-E_l3a-ime-ch4-mfa-v3_ime-cmf-concentrations.tif,/data2/yuyao/methane_emission/data/raw_data_dir/S2B_MSIL2A_20240721T182919_N0510_R027_T11SLU_20240721T220053.SAFE,/data2/yuyao/methane_emission/carbonmapper_data_l89_l2sp/av320240721t185446-E/l8_LC09_L2SP_041036_20240722_20240723_02_T1.tif,2.945846,0.36
av320240721t185446-F,https://api.carbonmapper.org/api/v1/catalog/asset/l3a-vis-ch4-mfa-v3/2024/07/21/av320240721t185446-F/av320240721t185446-F_l3a-vis-ch4-mfa-v3_plume.tif,https://api.carbonmapper.org/api/v1/catalog/asset/l3a-ime-ch4-mfa-v3/2024/07/21/av320240721t185446-F/av320240721t185446-F_l3a-ime-ch4-mfa-v3_ime-cmf-concentrations.tif,/data2/yuyao/methane_emission/data/raw_data_dir/S2B_MSIL2A_20240721T182919_N0510_R027_T11SLU_20240721T220053.SAFE,/data2/yuyao/methane_emission/carbonmapper_data_l89_l2sp/av320240721t185446-F/l8_LC09_L2SP_041036_20240722_20240723_02_T1.tif,2.945846,0.36
av320240829t183939-C,https://api.carbonmapper.org/api/v1/catalog/asset/l3a-vis-ch4-mfa-v3/2024/08/29/av320240829t183939-C/av320240829t183939-C_l3a-vis-ch4-mfa-v3_plume.tif,https://api.carbonmapper.org/api/v1/catalog/asset/l3a-ime-ch4-mfa-v3/2024/08/29/av320240829t183939-C/av320240829t183939-C_l3a-ime-ch4-mfa-v3_ime-cmf-concentrations.tif,/data2/yuyao/methane_emission/data/raw_data_dir/S2B_MSIL2A_20240830T182919_N0511_R027_T11SLU_20240830T235532.SAFE,/data2/yuyao/methane_emission/carbonmapper_data_l89_l2sp/av320240829t183939-C/l8_LC09_L2SP_042036_20240830_20240831_02_T1.tif,0.124422,41.31
av320240829t183939-D,https://api.carbonmapper.org/api/v1/catalog/asset/l3a-vis-ch4-mfa-v3/2024/08/29/av320240829t183939-D/av320240829t183939-D_l3a-vis-ch4-mfa-v3_plume.tif,https://api.carbonmapper.org/api/v1/catalog/asset/l3a-ime-ch4-mfa-v3/2024/08/29/av320240829t183939-D/av320240829t183939-D_l3a-ime-ch4-mfa-v3_ime-cmf-concentrations.tif,/data2/yuyao/methane_emission/data/raw_data_dir/S2B_MSIL2A_20240830T182919_N0511_R027_T11SLU_20240830T235532.SAFE,/data2/yuyao/methane_emission/carbonmapper_data_l89_l2sp/av320240829t183939-D/l8_LC09_L2SP_042036_20240830_20240831_02_T1.tif,0.124422,41.31
av320240829t183939-E,https://api.carbonmapper.org/api/v1/catalog/asset/l3a-vis-ch4-mfa-v3/2024/08/29/av320240829t183939-E/av320240829t183939-E_l3a-vis-ch4-mfa-v3_plume.tif,https://api.carbonmapper.org/api/v1/catalog/asset/l3a-ime-ch4-mfa-v3/2024/08/29/av320240829t183939-E/av320240829t183939-E_l3a-ime-ch4-mfa-v3_ime-cmf-concentrations.tif,/data2/yuyao/methane_emission/data/raw_data_dir/S2B_MSIL2A_20240830T182919_N0511_R027_T11SLU_20240830T235532.SAFE,/data2/yuyao/methane_emission/carbonmapper_data_l89_l2sp/av320240829t183939-E/l8_LC09_L2SP_042036_20240830_20240831_02_T1.tif,0.124422,41.31
av320240829t183939-F,https://api.carbonmapper.org/api/v1/catalog/asset/l3a-vis-ch4-mfa-v3/2024/08/29/av320240829t183939-F/av320240829t183939-F_l3a-vis-ch4-mfa-v3_plume.tif,https://api.carbonmapper.org/api/v1/catalog/asset/l3a-ime-ch4-mfa-v3/2024/08/29/av320240829t183939-F/av320240829t183939-F_l3a-ime-ch4-mfa-v3_ime-cmf-concentrations.tif,/data2/yuyao/methane_emission/data/raw_data_dir/S2B_MSIL2A_20240830T182919_N0511_R027_T11SLU_20240830T235532.SAFE,/data2/yuyao/methane_emission/carbonmapper_data_l89_l2sp/av320240829t183939-F/l8_LC09_L2SP_042036_20240830_20240831_02_T1.tif,0.124422,41.31
av320240829t183939-G,https://api.carbonmapper.org/api/v1/catalog/asset/l3a-vis-ch4-mfa-v3/2024/08/29/av320240829t183939-G/av320240829t183939-G_l3a-vis-ch4-mfa-v3_plume.tif,https://api.carbonmapper.org/api/v1/catalog/asset/l3a-ime-ch4-mfa-v3/2024/08/29/av320240829t183939-G/av320240829t183939-G_l3a-ime-ch4-mfa-v3_ime-cmf-concentrations.tif,/data2/yuyao/methane_emission/data/raw_data_dir/S2B_MSIL2A_20240830T182919_N0511_R027_T11SLU_20240830T235532.SAFE,/data2/yuyao/methane_emission/carbonmapper_data_l89_l2sp/av320240829t183939-G/l8_LC09_L2SP_042036_20240830_20240831_02_T1.tif,0.124422,41.31
av320240829t183939-H,https://api.carbonmapper.org/api/v1/catalog/asset/l3a-vis-ch4-mfa-v3/2024/08/29/av320240829t183939-H/av320240829t183939-H_l3a-vis-ch4-mfa-v3_plume.tif,https://api.carbonmapper.org/api/v1/catalog/asset/l3a-ime-ch4-mfa-v3/2024/08/29/av320240829t183939-H/av320240829t183939-H_l3a-ime-ch4-mfa-v3_ime-cmf-concentrations.tif,/data2/yuyao/methane_emission/data/raw_data_dir/S2B_MSIL2A_20240830T182919_N0511_R027_T11SLU_20240830T235532.SAFE,/data2/yuyao/methane_emission/carbonmapper_data_l89_l2sp/av320240829t183939-H/l8_LC09_L2SP_042036_20240830_20240831_02_T1.tif,0.124422,41.31
av320240829t211158-D,https://api.carbonmapper.org/api/v1/catalog/asset/l3a-vis-ch4-mfa-v3/2024/08/29/av320240829t211158-D/av320240829t211158-D_l3a-vis-ch4-mfa-v3_plume.tif,https://api.carbonmapper.org/api/v1/catalog/asset/l3a-ime-ch4-mfa-v3/2024/08/29/av320240829t211158-D/av320240829t211158-D_l3a-ime-ch4-mfa-v3_ime-cmf-concentrations.tif,/data2/yuyao/methane_emission/data/raw_data_dir/S2B_MSIL2A_20240830T182919_N0511_R027_T11SLU_20240830T235532.SAFE,/data2/yuyao/methane_emission/carbonmapper_data_l89_l2sp/av320240829t211158-D/l8_LC09_L2SP_042036_20240830_20240831_02_T1.tif,0.124422,41.31
av320240829t211158-E,https://api.carbonmapper.org/api/v1/catalog/asset/l3a-vis-ch4-mfa-v3/2024/08/29/av320240829t211158-E/av320240829t211158-E_l3a-vis-ch4-mfa-v3_plume.tif,https://api.carbonmapper.org/api/v1/catalog/asset/l3a-ime-ch4-mfa-v3/2024/08/29/av320240829t211158-E/av320240829t211158-E_l3a-ime-ch4-mfa-v3_ime-cmf-concentrations.tif,/data2/yuyao/methane_emission/data/raw_data_dir/S2B_MSIL2A_20240830T182919_N0511_R027_T11SLU_20240830T235532.SAFE,/data2/yuyao/methane_emission/carbonmapper_data_l89_l2sp/av320240829t211158-E/l8_LC09_L2SP_042036_20240830_20240831_02_T1.tif,0.124422,41.31
av320240829t211158-F,https://api.carbonmapper.org/api/v1/catalog/asset/l3a-vis-ch4-mfa-v3/2024/08/29/av320240829t211158-F/av320240829t211158-F_l3a-vis-ch4-mfa-v3_plume.tif,https://api.carbonmapper.org/api/v1/catalog/asset/l3a-ime-ch4-mfa-v3/2024/08/29/av320240829t211158-F/av320240829t211158-F_l3a-ime-ch4-mfa-v3_ime-cmf-concentrations.tif,/data2/yuyao/methane_emission/data/raw_data_dir/S2B_MSIL2A_20240830T182919_N0511_R027_T11SLU_20240830T235532.SAFE,/data2/yuyao/methane_emission/carbonmapper_data_l89_l2sp/av320240829t211158-F/l8_LC09_L2SP_042036_20240830_20240831_02_T1.tif,0.124422,41.31
av320240829t211158-G,https://api.carbonmapper.org/api/v1/catalog/asset/l3a-vis-ch4-mfa-v3/2024/08/29/av320240829t211158-G/av320240829t211158-G_l3a-vis-ch4-mfa-v3_plume.tif,https://api.carbonmapper.org/api/v1/catalog/asset/l3a-ime-ch4-mfa-v3/2024/08/29/av320240829t211158-G/av320240829t211158-G_l3a-ime-ch4-mfa-v3_ime-cmf-concentrations.tif,/data2/yuyao/methane_emission/data/raw_data_dir/S2B_MSIL2A_20240830T182919_N0511_R027_T11SLU_20240830T235532.SAFE,/data2/yuyao/methane_emission/carbonmapper_data_l89_l2sp/av320240829t211158-G/l8_LC09_L2SP_042036_20240830_20240831_02_T1.tif,0.124422,41.31
av320241014t190915-A,https://api.carbonmapper.org/api/v1/catalog/asset/l3a-vis-ch4-mfa-v3/2024/10/14/av320241014t190915-A/av320241014t190915-A_l3a-vis-ch4-mfa-v3_plume.tif,https://api.carbonmapper.org/api/v1/catalog/asset/l3a-ime-ch4-mfa-v3/2024/10/14/av320241014t190915-A/av320241014t190915-A_l3a-ime-ch4-mfa-v3_ime-cmf-concentrations.tif,/data2/yuyao/methane_emission/data/raw_data_dir/S2B_MSIL2A_20241015T185249_N0511_R113_T10SEG_20241015T225017.SAFE,/data2/yuyao/methane_emission/carbonmapper_data_l89_l2sp/av320241014t190915-A/l8_LC09_L2SP_044034_20241015_20241016_02_T1.tif,27.080584,29.56
av320241014t190915-B,https://api.carbonmapper.org/api/v1/catalog/asset/l3a-vis-ch4-mfa-v3/2024/10/14/av320241014t190915-B/av320241014t190915-B_l3a-vis-ch4-mfa-v3_plume.tif,https://api.carbonmapper.org/api/v1/catalog/asset/l3a-ime-ch4-mfa-v3/2024/10/14/av320241014t190915-B/av320241014t190915-B_l3a-ime-ch4-mfa-v3_ime-cmf-concentrations.tif,/data2/yuyao/methane_emission/data/raw_data_dir/S2B_MSIL2A_20241015T185249_N0511_R113_T10SEG_20241015T225017.SAFE,/data2/yuyao/methane_emission/carbonmapper_data_l89_l2sp/av320241014t190915-B/l8_LC09_L2SP_044034_20241015_20241016_02_T1.tif,27.080584,29.56
av320241014t190915-C,https://api.carbonmapper.org/api/v1/catalog/asset/l3a-vis-ch4-mfa-v3/2024/10/14/av320241014t190915-C/av320241014t190915-C_l3a-vis-ch4-mfa-v3_plume.tif,https://api.carbonmapper.org/api/v1/catalog/asset/l3a-ime-ch4-mfa-v3/2024/10/14/av320241014t190915-C/av320241014t190915-C_l3a-ime-ch4-mfa-v3_ime-cmf-concentrations.tif,/data2/yuyao/methane_emission/data/raw_data_dir/S2B_MSIL2A_20241015T185249_N0511_R113_T10SEG_20241015T225017.SAFE,/data2/yuyao/methane_emission/carbonmapper_data_l89_l2sp/av320241014t190915-C/l8_LC09_L2SP_044034_20241015_20241016_02_T1.tif,27.080584,29.56
av320241014t190915-D,https://api.carbonmapper.org/api/v1/catalog/asset/l3a-vis-ch4-mfa-v3/2024/10/14/av320241014t190915-D/av320241014t190915-D_l3a-vis-ch4-mfa-v3_plume.tif,https://api.carbonmapper.org/api/v1/catalog/asset/l3a-ime-ch4-mfa-v3/2024/10/14/av320241014t190915-D/av320241014t190915-D_l3a-ime-ch4-mfa-v3_ime-cmf-concentrations.tif,/data2/yuyao/methane_emission/data/raw_data_dir/S2B_MSIL2A_20241015T185249_N0511_R113_T10SEG_20241015T225017.SAFE,/data2/yuyao/methane_emission/carbonmapper_data_l89_l2sp/av320241014t190915-D/l8_LC09_L2SP_044034_20241015_20241016_02_T1.tif,27.080584,29.56
av320241014t191628-A,https://api.carbonmapper.org/api/v1/catalog/asset/l3a-vis-ch4-mfa-v3/2024/10/14/av320241014t191628-A/av320241014t191628-A_l3a-vis-ch4-mfa-v3_plume.tif,https://api.carbonmapper.org/api/v1/catalog/asset/l3a-ime-ch4-mfa-v3/2024/10/14/av320241014t191628-A/av320241014t191628-A_l3a-ime-ch4-mfa-v3_ime-cmf-concentrations.tif,/data2/yuyao/methane_emission/data/raw_data_dir/S2B_MSIL2A_20241015T185249_N0511_R113_T10SEG_20241015T225017.SAFE,/data2/yuyao/methane_emission/carbonmapper_data_l89_l2sp/av320241014t191628-A/l8_LC09_L2SP_044034_20241015_20241016_02_T1.tif,27.080584,29.56
av320241014t191628-B,https://api.carbonmapper.org/api/v1/catalog/asset/l3a-vis-ch4-mfa-v3/2024/10/14/av320241014t191628-B/av320241014t191628-B_l3a-vis-ch4-mfa-v3_plume.tif,https://api.carbonmapper.org/api/v1/catalog/asset/l3a-ime-ch4-mfa-v3/2024/10/14/av320241014t191628-B/av320241014t191628-B_l3a-ime-ch4-mfa-v3_ime-cmf-concentrations.tif,/data2/yuyao/methane_emission/data/raw_data_dir/S2B_MSIL2A_20241015T185249_N0511_R113_T10SEG_20241015T225017.SAFE,/data2/yuyao/methane_emission/carbonmapper_data_l89_l2sp/av320241014t191628-B/l8_LC09_L2SP_044034_20241015_20241016_02_T1.tif,27.080584,29.56
av320241014t191628-C,https://api.carbonmapper.org/api/v1/catalog/asset/l3a-vis-ch4-mfa-v3/2024/10/14/av320241014t191628-C/av320241014t191628-C_l3a-vis-ch4-mfa-v3_plume.tif,https://api.carbonmapper.org/api/v1/catalog/asset/l3a-ime-ch4-mfa-v3/2024/10/14/av320241014t191628-C/av320241014t191628-C_l3a-ime-ch4-mfa-v3_ime-cmf-concentrations.tif,/data2/yuyao/methane_emission/data/raw_data_dir/S2B_MSIL2A_20241015T185249_N0511_R113_T10SEG_20241015T225017.SAFE,/data2/yuyao/methane_emission/carbonmapper_data_l89_l2sp/av320241014t191628-C/l8_LC09_L2SP_044034_20241015_20241016_02_T1.tif,27.080584,29.56
av320241014t193616-A,https://api.carbonmapper.org/api/v1/catalog/asset/l3a-vis-ch4-mfa-v3/2024/10/14/av320241014t193616-A/av320241014t193616-A_l3a-vis-ch4-mfa-v3_plume.tif,https://api.carbonmapper.org/api/v1/catalog/asset/l3a-ime-ch4-mfa-v3/2024/10/14/av320241014t193616-A/av320241014t193616-A_l3a-ime-ch4-mfa-v3_ime-cmf-concentrations.tif,/data2/yuyao/methane_emission/data/raw_data_dir/S2B_MSIL2A_20241015T185249_N0511_R113_T10SFH_20241015T225017.SAFE,/data2/yuyao/methane_emission/carbonmapper_data_l89_l2sp/av320241014t193616-A/l8_LC09_L2SP_044033_20241015_20241016_02_T1.tif,0.000975,0.02
av320241014t194057-A,https://api.carbonmapper.org/api/v1/catalog/asset/l3a-vis-ch4-mfa-v3/2024/10/14/av320241014t194057-A/av320241014t194057-A_l3a-vis-ch4-mfa-v3_plume.tif,https://api.carbonmapper.org/api/v1/catalog/asset/l3a-ime-ch4-mfa-v3/2024/10/14/av320241014t194057-A/av320241014t194057-A_l3a-ime-ch4-mfa-v3_ime-cmf-concentrations.tif,/data2/yuyao/methane_emission/data/raw_data_dir/S2B_MSIL2A_20241015T185249_N0511_R113_T10SFH_20241015T225017.SAFE,/data2/yuyao/methane_emission/carbonmapper_data_l89_l2sp/av320241014t194057-A/l8_LC09_L2SP_044033_20241015_20241016_02_T1.tif,0.000975,0.02
av320241014t195948-A,https://api.carbonmapper.org/api/v1/catalog/asset/l3a-vis-ch4-mfa-v3/2024/10/14/av320241014t195948-A/av320241014t195948-A_l3a-vis-ch4-mfa-v3_plume.tif,https://api.carbonmapper.org/api/v1/catalog/asset/l3a-ime-ch4-mfa-v3/2024/10/14/av320241014t195948-A/av320241014t195948-A_l3a-ime-ch4-mfa-v3_ime-cmf-concentrations.tif,/data2/yuyao/methane_emission/data/raw_data_dir/S2B_MSIL2A_20241015T185249_N0511_R113_T10SEG_20241015T225017.SAFE,/data2/yuyao/methane_emission/carbonmapper_data_l89_l2sp/av320241014t195948-A/l8_LC09_L2SP_044034_20241015_20241016_02_T1.tif,27.080584,29.56
av320241014t195948-B,https://api.carbonmapper.org/api/v1/catalog/asset/l3a-vis-ch4-mfa-v3/2024/10/14/av320241014t195948-B/av320241014t195948-B_l3a-vis-ch4-mfa-v3_plume.tif,https://api.carbonmapper.org/api/v1/catalog/asset/l3a-ime-ch4-mfa-v3/2024/10/14/av320241014t195948-B/av320241014t195948-B_l3a-ime-ch4-mfa-v3_ime-cmf-concentrations.tif,/data2/yuyao/methane_emission/data/raw_data_dir/S2B_MSIL2A_20241015T185249_N0511_R113_T10SEG_20241015T225017.SAFE,/data2/yuyao/methane_emission/carbonmapper_data_l89_l2sp/av320241014t195948-B/l8_LC09_L2SP_044034_20241015_20241016_02_T1.tif,27.080584,29.56
av320241014t195948-C,https://api.carbonmapper.org/api/v1/catalog/asset/l3a-vis-ch4-mfa-v3/2024/10/14/av320241014t195948-C/av320241014t195948-C_l3a-vis-ch4-mfa-v3_plume.tif,https://api.carbonmapper.org/api/v1/catalog/asset/l3a-ime-ch4-mfa-v3/2024/10/14/av320241014t195948-C/av320241014t195948-C_l3a-ime-ch4-mfa-v3_ime-cmf-concentrations.tif,/data2/yuyao/methane_emission/data/raw_data_dir/S2B_MSIL2A_20241015T185249_N0511_R113_T10SEG_20241015T225017.SAFE,/data2/yuyao/methane_emission/carbonmapper_data_l89_l2sp/av320241014t195948-C/l8_LC09_L2SP_044034_20241015_20241016_02_T1.tif,27.080584,29.56
av320241014t195948-D,https://api.carbonmapper.org/api/v1/catalog/asset/l3a-vis-ch4-mfa-v3/2024/10/14/av320241014t195948-D/av320241014t195948-D_l3a-vis-ch4-mfa-v3_plume.tif,https://api.carbonmapper.org/api/v1/catalog/asset/l3a-ime-ch4-mfa-v3/2024/10/14/av320241014t195948-D/av320241014t195948-D_l3a-ime-ch4-mfa-v3_ime-cmf-concentrations.tif,/data2/yuyao/methane_emission/data/raw_data_dir/S2B_MSIL2A_20241015T185249_N0511_R113_T10SEG_20241015T225017.SAFE,/data2/yuyao/methane_emission/carbonmapper_data_l89_l2sp/av320241014t195948-D/l8_LC09_L2SP_044034_20241015_20241016_02_T1.tif,27.080584,29.56
av320241014t195948-E,https://api.carbonmapper.org/api/v1/catalog/asset/l3a-vis-ch4-mfa-v3/2024/10/14/av320241014t195948-E/av320241014t195948-E_l3a-vis-ch4-mfa-v3_plume.tif,https://api.carbonmapper.org/api/v1/catalog/asset/l3a-ime-ch4-mfa-v3/2024/10/14/av320241014t195948-E/av320241014t195948-E_l3a-ime-ch4-mfa-v3_ime-cmf-concentrations.tif,/data2/yuyao/methane_emission/data/raw_data_dir/S2B_MSIL2A_20241015T185249_N0511_R113_T10SEG_20241015T225017.SAFE,/data2/yuyao/methane_emission/carbonmapper_data_l89_l2sp/av320241014t195948-E/l8_LC09_L2SP_044034_20241015_20241016_02_T1.tif,27.080584,29.56
av320250723t162202-A,https://api.carbonmapper.org/api/v1/catalog/asset/l3a-vis-ch4-mfa-v3/2025/07/23/av320250723t162202-A/av320250723t162202-A_l3a-vis-ch4-mfa-v3_plume.tif,https://api.carbonmapper.org/api/v1/catalog/asset/l3a-ime-ch4-mfa-v3/2025/07/23/av320250723t162202-A/av320250723t162202-A_l3a-ime-ch4-mfa-v3_ime-cmf-concentrations.tif,/data2/yuyao/methane_emission/data/raw_data_dir/S2B_MSIL2A_20250724T160829_N0511_R140_T17TNE_20250724T201909.SAFE,/data2/yuyao/methane_emission/carbonmapper_data_l89_l2sp/av320250723t162202-A/l8_LC09_L2SP_018032_20250724_20250727_02_T1.tif,23.519883,11.83
av320250723t162202-B,https://api.carbonmapper.org/api/v1/catalog/asset/l3a-vis-ch4-mfa-v3/2025/07/23/av320250723t162202-B/av320250723t162202-B_l3a-vis-ch4-mfa-v3_plume.tif,https://api.carbonmapper.org/api/v1/catalog/asset/l3a-ime-ch4-mfa-v3/2025/07/23/av320250723t162202-B/av320250723t162202-B_l3a-ime-ch4-mfa-v3_ime-cmf-concentrations.tif,/data2/yuyao/methane_emission/data/raw_data_dir/S2B_MSIL2A_20250724T160829_N0511_R140_T17TNE_20250724T201909.SAFE,/data2/yuyao/methane_emission/carbonmapper_data_l89_l2sp/av320250723t162202-B/l8_LC09_L2SP_018032_20250724_20250727_02_T1.tif,23.519883,11.83
av320250723t162202-C,https://api.carbonmapper.org/api/v1/catalog/asset/l3a-vis-ch4-mfa-v3/2025/07/23/av320250723t162202-C/av320250723t162202-C_l3a-vis-ch4-mfa-v3_plume.tif,https://api.carbonmapper.org/api/v1/catalog/asset/l3a-ime-ch4-mfa-v3/2025/07/23/av320250723t162202-C/av320250723t162202-C_l3a-ime-ch4-mfa-v3_ime-cmf-concentrations.tif,/data2/yuyao/methane_emission/data/raw_data_dir/S2B_MSIL2A_20250724T160829_N0511_R140_T17TNE_20250724T201909.SAFE,/data2/yuyao/methane_emission/carbonmapper_data_l89_l2sp/av320250723t162202-C/l8_LC09_L2SP_018032_20250724_20250727_02_T1.tif,23.519883,11.83
av320250723t164136-A,https://api.carbonmapper.org/api/v1/catalog/asset/l3a-vis-ch4-mfa-v3/2025/07/23/av320250723t164136-A/av320250723t164136-A_l3a-vis-ch4-mfa-v3_plume.tif,https://api.carbonmapper.org/api/v1/catalog/asset/l3a-ime-ch4-mfa-v3/2025/07/23/av320250723t164136-A/av320250723t164136-A_l3a-ime-ch4-mfa-v3_ime-cmf-concentrations.tif,/data2/yuyao/methane_emission/data/raw_data_dir/S2B_MSIL2A_20250724T160829_N0511_R140_T17TNE_20250724T201909.SAFE,/data2/yuyao/methane_emission/carbonmapper_data_l89_l2sp/av320250723t164136-A/l8_LC09_L2SP_018032_20250724_20250727_02_T1.tif,23.519883,11.83
av320250723t164136-I,https://api.carbonmapper.org/api/v1/catalog/asset/l3a-vis-ch4-mfa-v3/2025/07/23/av320250723t164136-I/av320250723t164136-I_l3a-vis-ch4-mfa-v3_plume.tif,https://api.carbonmapper.org/api/v1/catalog/asset/l3a-ime-ch4-mfa-v3/2025/07/23/av320250723t164136-I/av320250723t164136-I_l3a-ime-ch4-mfa-v3_ime-cmf-concentrations.tif,/data2/yuyao/methane_emission/data/raw_data_dir/S2B_MSIL2A_20250724T160829_N0511_R140_T17TNE_20250724T201909.SAFE,/data2/yuyao/methane_emission/carbonmapper_data_l89_l2sp/av320250723t164136-I/l8_LC09_L2SP_018032_20250724_20250727_02_T1.tif,23.519883,11.83
av320250723t170211-J,https://api.carbonmapper.org/api/v1/catalog/asset/l3a-vis-ch4-mfa-v3/2025/07/23/av320250723t170211-J/av320250723t170211-J_l3a-vis-ch4-mfa-v3_plume.tif,https://api.carbonmapper.org/api/v1/catalog/asset/l3a-ime-ch4-mfa-v3/2025/07/23/av320250723t170211-J/av320250723t170211-J_l3a-ime-ch4-mfa-v3_ime-cmf-concentrations.tif,/data2/yuyao/methane_emission/data/raw_data_dir/S2B_MSIL2A_20250724T160829_N0511_R140_T17SND_20250724T201909.SAFE,/data2/yuyao/methane_emission/carbonmapper_data_l89_l2sp/av320250723t170211-J/l8_LC09_L2SP_018032_20250724_20250727_02_T1.tif,11.417931,11.83
av320250723t170211-J,https://api.carbonmapper.org/api/v1/catalog/asset/l3a-vis-ch4-mfa-v3/2025/07/23/av320250723t170211-J/av320250723t170211-J_l3a-vis-ch4-mfa-v3_plume.tif,https://api.carbonmapper.org/api/v1/catalog/asset/l3a-ime-ch4-mfa-v3/2025/07/23/av320250723t170211-J/av320250723t170211-J_l3a-ime-ch4-mfa-v3_ime-cmf-concentrations.tif,/data2/yuyao/methane_emission/data/raw_data_dir/S2B_MSIL2A_20250724T160829_N0511_R140_T17SND_20250724T201909.SAFE,/data2/yuyao/methane_emission/carbonmapper_data_l89_l2sp/av320250723t170211-J/l8_LC09_L2SP_018033_20250724_20250727_02_T1.tif,11.417931,8.07
av320250723t174230-G,https://api.carbonmapper.org/api/v1/catalog/asset/l3a-vis-ch4-mfa-v3/2025/07/23/av320250723t174230-G/av320250723t174230-G_l3a-vis-ch4-mfa-v3_plume.tif,https://api.carbonmapper.org/api/v1/catalog/asset/l3a-ime-ch4-mfa-v3/2025/07/23/av320250723t174230-G/av320250723t174230-G_l3a-ime-ch4-mfa-v3_ime-cmf-concentrations.tif,/data2/yuyao/methane_emission/data/raw_data_dir/S2B_MSIL2A_20250724T160829_N0511_R140_T17SND_20250724T201909.SAFE,/data2/yuyao/methane_emission/carbonmapper_data_l89_l2sp/av320250723t174230-G/l8_LC09_L2SP_018033_20250724_20250727_02_T1.tif,11.417931,8.07
av320250723t174230-H,https://api.carbonmapper.org/api/v1/catalog/asset/l3a-vis-ch4-mfa-v3/2025/07/23/av320250723t174230-H/av320250723t174230-H_l3a-vis-ch4-mfa-v3_plume.tif,https://api.carbonmapper.org/api/v1/catalog/asset/l3a-ime-ch4-mfa-v3/2025/07/23/av320250723t174230-H/av320250723t174230-H_l3a-ime-ch4-mfa-v3_ime-cmf-concentrations.tif,/data2/yuyao/methane_emission/data/raw_data_dir/S2B_MSIL2A_20250724T160829_N0511_R140_T17SND_20250724T201909.SAFE,/data2/yuyao/methane_emission/carbonmapper_data_l89_l2sp/av320250723t174230-H/l8_LC09_L2SP_018033_20250724_20250727_02_T1.tif,11.417931,8.07
av320250723t174230-I,https://api.carbonmapper.org/api/v1/catalog/asset/l3a-vis-ch4-mfa-v3/2025/07/23/av320250723t174230-I/av320250723t174230-I_l3a-vis-ch4-mfa-v3_plume.tif,https://api.carbonmapper.org/api/v1/catalog/asset/l3a-ime-ch4-mfa-v3/2025/07/23/av320250723t174230-I/av320250723t174230-I_l3a-ime-ch4-mfa-v3_ime-cmf-concentrations.tif,/data2/yuyao/methane_emission/data/raw_data_dir/S2B_MSIL2A_20250724T160829_N0511_R140_T17SND_20250724T201909.SAFE,/data2/yuyao/methane_emission/carbonmapper_data_l89_l2sp/av320250723t174230-I/l8_LC09_L2SP_018033_20250724_20250727_02_T1.tif,11.417931,8.07
av320250724t152229-A,https://api.carbonmapper.org/api/v1/catalog/asset/l3a-vis-ch4-mfa-v3/2025/07/24/av320250724t152229-A/av320250724t152229-A_l3a-vis-ch4-mfa-v3_plume.tif,https://api.carbonmapper.org/api/v1/catalog/asset/l3a-ime-ch4-mfa-v3/2025/07/24/av320250724t152229-A/av320250724t152229-A_l3a-ime-ch4-mfa-v3_ime-cmf-concentrations.tif,/data2/yuyao/methane_emission/data/raw_data_dir/S2B_MSIL2A_20250724T160829_N0511_R140_T17SND_20250724T201909.SAFE,/data2/yuyao/methane_emission/carbonmapper_data_l89_l2sp/av320250724t152229-A/l8_LC09_L2SP_018033_20250724_20250727_02_T1.tif,11.417931,8.07
av320250724t160634-A,https://api.carbonmapper.org/api/v1/catalog/asset/l3a-vis-ch4-mfa-v3/2025/07/24/av320250724t160634-A/av320250724t160634-A_l3a-vis-ch4-mfa-v3_plume.tif,https://api.carbonmapper.org/api/v1/catalog/asset/l3a-ime-ch4-mfa-v3/2025/07/24/av320250724t160634-A/av320250724t160634-A_l3a-ime-ch4-mfa-v3_ime-cmf-concentrations.tif,/data2/yuyao/methane_emission/data/raw_data_dir/S2B_MSIL2A_20250724T160829_N0511_R140_T17SND_20250724T201909.SAFE,/data2/yuyao/methane_emission/carbonmapper_data_l89_l2sp/av320250724t160634-A/l8_LC09_L2SP_018033_20250724_20250727_02_T1.tif,11.417931,8.07
av320250724t160634-A,https://api.carbonmapper.org/api/v1/catalog/asset/l3a-vis-ch4-mfa-v3/2025/07/24/av320250724t160634-A/av320250724t160634-A_l3a-vis-ch4-mfa-v3_plume.tif,https://api.carbonmapper.org/api/v1/catalog/asset/l3a-ime-ch4-mfa-v3/2025/07/24/av320250724t160634-A/av320250724t160634-A_l3a-ime-ch4-mfa-v3_ime-cmf-concentrations.tif,/data2/yuyao/methane_emission/data/raw_data_dir/S2B_MSIL2A_20250724T160829_N0511_R140_T17SND_20250724T201909.SAFE,/data2/yuyao/methane_emission/carbonmapper_data_l89_l2sp/av320250724t160634-A/l8_LC08_L2SP_017033_20250725_20250731_02_T1.tif,11.417931,43.27
av320250724t160634-C,https://api.carbonmapper.org/api/v1/catalog/asset/l3a-vis-ch4-mfa-v3/2025/07/24/av320250724t160634-C/av320250724t160634-C_l3a-vis-ch4-mfa-v3_plume.tif,https://api.carbonmapper.org/api/v1/catalog/asset/l3a-ime-ch4-mfa-v3/2025/07/24/av320250724t160634-C/av320250724t160634-C_l3a-ime-ch4-mfa-v3_ime-cmf-concentrations.tif,/data2/yuyao/methane_emission/data/raw_data_dir/S2B_MSIL2A_20250724T160829_N0511_R140_T17SND_20250724T201909.SAFE,/data2/yuyao/methane_emission/carbonmapper_data_l89_l2sp/av320250724t160634-C/l8_LC09_L2SP_018032_20250724_20250727_02_T1.tif,11.417931,11.83
av320250724t160634-C,https://api.carbonmapper.org/api/v1/catalog/asset/l3a-vis-ch4-mfa-v3/2025/07/24/av320250724t160634-C/av320250724t160634-C_l3a-vis-ch4-mfa-v3_plume.tif,https://api.carbonmapper.org/api/v1/catalog/asset/l3a-ime-ch4-mfa-v3/2025/07/24/av320250724t160634-C/av320250724t160634-C_l3a-ime-ch4-mfa-v3_ime-cmf-concentrations.tif,/data2/yuyao/methane_emission/data/raw_data_dir/S2B_MSIL2A_20250724T160829_N0511_R140_T17SND_20250724T201909.SAFE,/data2/yuyao/methane_emission/carbonmapper_data_l89_l2sp/av320250724t160634-C/l8_LC08_L2SP_017032_20250725_20250731_02_T1.tif,11.417931,59.72
av320250724t172859-A,https://api.carbonmapper.org/api/v1/catalog/asset/l3a-vis-ch4-mfa-v3/2025/07/24/av320250724t172859-A/av320250724t172859-A_l3a-vis-ch4-mfa-v3_plume.tif,https://api.carbonmapper.org/api/v1/catalog/asset/l3a-ime-ch4-mfa-v3/2025/07/24/av320250724t172859-A/av320250724t172859-A_l3a-ime-ch4-mfa-v3_ime-cmf-concentrations.tif,/data2/yuyao/methane_emission/data/raw_data_dir/S2B_MSIL2A_20250724T160829_N0511_R140_T17TNE_20250724T201909.SAFE,/data2/yuyao/methane_emission/carbonmapper_data_l89_l2sp/av320250724t172859-A/l8_LC09_L2SP_018032_20250724_20250727_02_T1.tif,23.519883,11.83
av320250724t172859-A,https://api.carbonmapper.org/api/v1/catalog/asset/l3a-vis-ch4-mfa-v3/2025/07/24/av320250724t172859-A/av320250724t172859-A_l3a-vis-ch4-mfa-v3_plume.tif,https://api.carbonmapper.org/api/v1/catalog/asset/l3a-ime-ch4-mfa-v3/2025/07/24/av320250724t172859-A/av320250724t172859-A_l3a-ime-ch4-mfa-v3_ime-cmf-concentrations.tif,/data2/yuyao/methane_emission/data/raw_data_dir/S2B_MSIL2A_20250724T160829_N0511_R140_T17TNE_20250724T201909.SAFE,/data2/yuyao/methane_emission/carbonmapper_data_l89_l2sp/av320250724t172859-A/l8_LC08_L2SP_017032_20250725_20250731_02_T1.tif,23.519883,59.72
av320250724t172859-D,https://api.carbonmapper.org/api/v1/catalog/asset/l3a-vis-ch4-mfa-v3/2025/07/24/av320250724t172859-D/av320250724t172859-D_l3a-vis-ch4-mfa-v3_plume.tif,https://api.carbonmapper.org/api/v1/catalog/asset/l3a-ime-ch4-mfa-v3/2025/07/24/av320250724t172859-D/av320250724t172859-D_l3a-ime-ch4-mfa-v3_ime-cmf-concentrations.tif,/data2/yuyao/methane_emission/data/raw_data_dir/S2B_MSIL2A_20250724T160829_N0511_R140_T17TNE_20250724T201909.SAFE,/data2/yuyao/methane_emission/carbonmapper_data_l89_l2sp/av320250724t172859-D/l8_LC09_L2SP_018032_20250724_20250727_02_T1.tif,23.519883,11.83
av320250724t172859-D,https://api.carbonmapper.org/api/v1/catalog/asset/l3a-vis-ch4-mfa-v3/2025/07/24/av320250724t172859-D/av320250724t172859-D_l3a-vis-ch4-mfa-v3_plume.tif,https://api.carbonmapper.org/api/v1/catalog/asset/l3a-ime-ch4-mfa-v3/2025/07/24/av320250724t172859-D/av320250724t172859-D_l3a-ime-ch4-mfa-v3_ime-cmf-concentrations.tif,/data2/yuyao/methane_emission/data/raw_data_dir/S2B_MSIL2A_20250724T160829_N0511_R140_T17TNE_20250724T201909.SAFE,/data2/yuyao/methane_emission/carbonmapper_data_l89_l2sp/av320250724t172859-D/l8_LC08_L2SP_017032_20250725_20250731_02_T1.tif,23.519883,59.72
av320250724t175125-D,https://api.carbonmapper.org/api/v1/catalog/asset/l3a-vis-ch4-mfa-v3/2025/07/24/av320250724t175125-D/av320250724t175125-D_l3a-vis-ch4-mfa-v3_plume.tif,https://api.carbonmapper.org/api/v1/catalog/asset/l3a-ime-ch4-mfa-v3/2025/07/24/av320250724t175125-D/av320250724t175125-D_l3a-ime-ch4-mfa-v3_ime-cmf-concentrations.tif,/data2/yuyao/methane_emission/data/raw_data_dir/S2B_MSIL2A_20250724T160829_N0511_R140_T17TNE_20250724T201909.SAFE,/data2/yuyao/methane_emission/carbonmapper_data_l89_l2sp/av320250724t175125-D/l8_LC09_L2SP_018032_20250724_20250727_02_T1.tif,23.519883,11.83
av320250724t175125-D,https://api.carbonmapper.org/api/v1/catalog/asset/l3a-vis-ch4-mfa-v3/2025/07/24/av320250724t175125-D/av320250724t175125-D_l3a-vis-ch4-mfa-v3_plume.tif,https://api.carbonmapper.org/api/v1/catalog/asset/l3a-ime-ch4-mfa-v3/2025/07/24/av320250724t175125-D/av320250724t175125-D_l3a-ime-ch4-mfa-v3_ime-cmf-concentrations.tif,/data2/yuyao/methane_emission/data/raw_data_dir/S2B_MSIL2A_20250724T160829_N0511_R140_T17TNE_20250724T201909.SAFE,/data2/yuyao/methane_emission/carbonmapper_data_l89_l2sp/av320250724t175125-D/l8_LC08_L2SP_017032_20250725_20250731_02_T1.tif,23.519883,59.72
av320250724t175125-E,https://api.carbonmapper.org/api/v1/catalog/asset/l3a-vis-ch4-mfa-v3/2025/07/24/av320250724t175125-E/av320250724t175125-E_l3a-vis-ch4-mfa-v3_plume.tif,https://api.carbonmapper.org/api/v1/catalog/asset/l3a-ime-ch4-mfa-v3/2025/07/24/av320250724t175125-E/av320250724t175125-E_l3a-ime-ch4-mfa-v3_ime-cmf-concentrations.tif,/data2/yuyao/methane_emission/data/raw_data_dir/S2B_MSIL2A_20250724T160829_N0511_R140_T17TNE_20250724T201909.SAFE,/data2/yuyao/methane_emission/carbonmapper_data_l89_l2sp/av320250724t175125-E/l8_LC09_L2SP_018032_20250724_20250727_02_T1.tif,23.519883,11.83
av320250724t175125-E,https://api.carbonmapper.org/api/v1/catalog/asset/l3a-vis-ch4-mfa-v3/2025/07/24/av320250724t175125-E/av320250724t175125-E_l3a-vis-ch4-mfa-v3_plume.tif,https://api.carbonmapper.org/api/v1/catalog/asset/l3a-ime-ch4-mfa-v3/2025/07/24/av320250724t175125-E/av320250724t175125-E_l3a-ime-ch4-mfa-v3_ime-cmf-concentrations.tif,/data2/yuyao/methane_emission/data/raw_data_dir/S2B_MSIL2A_20250724T160829_N0511_R140_T17TNE_20250724T201909.SAFE,/data2/yuyao/methane_emission/carbonmapper_data_l89_l2sp/av320250724t175125-E/l8_LC08_L2SP_017032_20250725_20250731_02_T1.tif,23.519883,59.72
av320250724t181108-B,https://api.carbonmapper.org/api/v1/catalog/asset/l3a-vis-ch4-mfa-v3/2025/07/24/av320250724t181108-B/av320250724t181108-B_l3a-vis-ch4-mfa-v3_plume.tif,https://api.carbonmapper.org/api/v1/catalog/asset/l3a-ime-ch4-mfa-v3/2025/07/24/av320250724t181108-B/av320250724t181108-B_l3a-ime-ch4-mfa-v3_ime-cmf-concentrations.tif,/data2/yuyao/methane_emission/data/raw_data_dir/S2B_MSIL2A_20250724T160829_N0511_R140_T17TNE_20250724T201909.SAFE,/data2/yuyao/methane_emission/carbonmapper_data_l89_l2sp/av320250724t181108-B/l8_LC09_L2SP_018032_20250724_20250727_02_T1.tif,23.519883,11.83
av320250724t181108-B,https://api.carbonmapper.org/api/v1/catalog/asset/l3a-vis-ch4-mfa-v3/2025/07/24/av320250724t181108-B/av320250724t181108-B_l3a-vis-ch4-mfa-v3_plume.tif,https://api.carbonmapper.org/api/v1/catalog/asset/l3a-ime-ch4-mfa-v3/2025/07/24/av320250724t181108-B/av320250724t181108-B_l3a-ime-ch4-mfa-v3_ime-cmf-concentrations.tif,/data2/yuyao/methane_emission/data/raw_data_dir/S2B_MSIL2A_20250724T160829_N0511_R140_T17TNE_20250724T201909.SAFE,/data2/yuyao/methane_emission/carbonmapper_data_l89_l2sp/av320250724t181108-B/l8_LC08_L2SP_017032_20250725_20250731_02_T1.tif,23.519883,59.72
av320250724t181108-D,https://api.carbonmapper.org/api/v1/catalog/asset/l3a-vis-ch4-mfa-v3/2025/07/24/av320250724t181108-D/av320250724t181108-D_l3a-vis-ch4-mfa-v3_plume.tif,https://api.carbonmapper.org/api/v1/catalog/asset/l3a-ime-ch4-mfa-v3/2025/07/24/av320250724t181108-D/av320250724t181108-D_l3a-ime-ch4-mfa-v3_ime-cmf-concentrations.tif,/data2/yuyao/methane_emission/data/raw_data_dir/S2B_MSIL2A_20250724T160829_N0511_R140_T17TNE_20250724T201909.SAFE,/data2/yuyao/methane_emission/carbonmapper_data_l89_l2sp/av320250724t181108-D/l8_LC09_L2SP_018032_20250724_20250727_02_T1.tif,23.519883,11.83
av320250724t181108-D,https://api.carbonmapper.org/api/v1/catalog/asset/l3a-vis-ch4-mfa-v3/2025/07/24/av320250724t181108-D/av320250724t181108-D_l3a-vis-ch4-mfa-v3_plume.tif,https://api.carbonmapper.org/api/v1/catalog/asset/l3a-ime-ch4-mfa-v3/2025/07/24/av320250724t181108-D/av320250724t181108-D_l3a-ime-ch4-mfa-v3_ime-cmf-concentrations.tif,/data2/yuyao/methane_emission/data/raw_data_dir/S2B_MSIL2A_20250724T160829_N0511_R140_T17TNE_20250724T201909.SAFE,/data2/yuyao/methane_emission/carbonmapper_data_l89_l2sp/av320250724t181108-D/l8_LC08_L2SP_017032_20250725_20250731_02_T1.tif,23.519883,59.72
av320250724t181108-E,https://api.carbonmapper.org/api/v1/catalog/asset/l3a-vis-ch4-mfa-v3/2025/07/24/av320250724t181108-E/av320250724t181108-E_l3a-vis-ch4-mfa-v3_plume.tif,https://api.carbonmapper.org/api/v1/catalog/asset/l3a-ime-ch4-mfa-v3/2025/07/24/av320250724t181108-E/av320250724t181108-E_l3a-ime-ch4-mfa-v3_ime-cmf-concentrations.tif,/data2/yuyao/methane_emission/data/raw_data_dir/S2B_MSIL2A_20250724T160829_N0511_R140_T17TNE_20250724T201909.SAFE,/data2/yuyao/methane_emission/carbonmapper_data_l89_l2sp/av320250724t181108-E/l8_LC09_L2SP_018032_20250724_20250727_02_T1.tif,23.519883,11.83
av320250724t181108-E,https://api.carbonmapper.org/api/v1/catalog/asset/l3a-vis-ch4-mfa-v3/2025/07/24/av320250724t181108-E/av320250724t181108-E_l3a-vis-ch4-mfa-v3_plume.tif,https://api.carbonmapper.org/api/v1/catalog/asset/l3a-ime-ch4-mfa-v3/2025/07/24/av320250724t181108-E/av320250724t181108-E_l3a-ime-ch4-mfa-v3_ime-cmf-concentrations.tif,/data2/yuyao/methane_emission/data/raw_data_dir/S2B_MSIL2A_20250724T160829_N0511_R140_T17TNE_20250724T201909.SAFE,/data2/yuyao/methane_emission/carbonmapper_data_l89_l2sp/av320250724t181108-E/l8_LC08_L2SP_017032_20250725_20250731_02_T1.tif,23.519883,59.72
av320250724t183341-A,https://api.carbonmapper.org/api/v1/catalog/asset/l3a-vis-ch4-mfa-v3/2025/07/24/av320250724t183341-A/av320250724t183341-A_l3a-vis-ch4-mfa-v3_plume.tif,https://api.carbonmapper.org/api/v1/catalog/asset/l3a-ime-ch4-mfa-v3/2025/07/24/av320250724t183341-A/av320250724t183341-A_l3a-ime-ch4-mfa-v3_ime-cmf-concentrations.tif,/data2/yuyao/methane_emission/data/raw_data_dir/S2B_MSIL2A_20250724T160829_N0511_R140_T17TNE_20250724T201909.SAFE,/data2/yuyao/methane_emission/carbonmapper_data_l89_l2sp/av320250724t183341-A/l8_LC09_L2SP_018032_20250724_20250727_02_T1.tif,23.519883,11.83
av320250724t183341-A,https://api.carbonmapper.org/api/v1/catalog/asset/l3a-vis-ch4-mfa-v3/2025/07/24/av320250724t183341-A/av320250724t183341-A_l3a-vis-ch4-mfa-v3_plume.tif,https://api.carbonmapper.org/api/v1/catalog/asset/l3a-ime-ch4-mfa-v3/2025/07/24/av320250724t183341-A/av320250724t183341-A_l3a-ime-ch4-mfa-v3_ime-cmf-concentrations.tif,/data2/yuyao/methane_emission/data/raw_data_dir/S2B_MSIL2A_20250724T160829_N0511_R140_T17TNE_20250724T201909.SAFE,/data2/yuyao/methane_emission/carbonmapper_data_l89_l2sp/av320250724t183341-A/l8_LC08_L2SP_017032_20250725_20250731_02_T1.tif,23.519883,59.72
av320250724t183341-C,https://api.carbonmapper.org/api/v1/catalog/asset/l3a-vis-ch4-mfa-v3/2025/07/24/av320250724t183341-C/av320250724t183341-C_l3a-vis-ch4-mfa-v3_plume.tif,https://api.carbonmapper.org/api/v1/catalog/asset/l3a-ime-ch4-mfa-v3/2025/07/24/av320250724t183341-C/av320250724t183341-C_l3a-ime-ch4-mfa-v3_ime-cmf-concentrations.tif,/data2/yuyao/methane_emission/data/raw_data_dir/S2B_MSIL2A_20250724T160829_N0511_R140_T17TNE_20250724T201909.SAFE,/data2/yuyao/methane_emission/carbonmapper_data_l89_l2sp/av320250724t183341-C/l8_LC09_L2SP_018032_20250724_20250727_02_T1.tif,23.519883,11.83
av320250724t183341-C,https://api.carbonmapper.org/api/v1/catalog/asset/l3a-vis-ch4-mfa-v3/2025/07/24/av320250724t183341-C/av320250724t183341-C_l3a-vis-ch4-mfa-v3_plume.tif,https://api.carbonmapper.org/api/v1/catalog/asset/l3a-ime-ch4-mfa-v3/2025/07/24/av320250724t183341-C/av320250724t183341-C_l3a-ime-ch4-mfa-v3_ime-cmf-concentrations.tif,/data2/yuyao/methane_emission/data/raw_data_dir/S2B_MSIL2A_20250724T160829_N0511_R140_T17TNE_20250724T201909.SAFE,/data2/yuyao/methane_emission/carbonmapper_data_l89_l2sp/av320250724t183341-C/l8_LC08_L2SP_017032_20250725_20250731_02_T1.tif,23.519883,59.72
av320250724t183341-D,https://api.carbonmapper.org/api/v1/catalog/asset/l3a-vis-ch4-mfa-v3/2025/07/24/av320250724t183341-D/av320250724t183341-D_l3a-vis-ch4-mfa-v3_plume.tif,https://api.carbonmapper.org/api/v1/catalog/asset/l3a-ime-ch4-mfa-v3/2025/07/24/av320250724t183341-D/av320250724t183341-D_l3a-ime-ch4-mfa-v3_ime-cmf-concentrations.tif,/data2/yuyao/methane_emission/data/raw_data_dir/S2B_MSIL2A_20250724T160829_N0511_R140_T17TNE_20250724T201909.SAFE,/data2/yuyao/methane_emission/carbonmapper_data_l89_l2sp/av320250724t183341-D/l8_LC09_L2SP_018032_20250724_20250727_02_T1.tif,23.519883,11.83
av320250724t183341-D,https://api.carbonmapper.org/api/v1/catalog/asset/l3a-vis-ch4-mfa-v3/2025/07/24/av320250724t183341-D/av320250724t183341-D_l3a-vis-ch4-mfa-v3_plume.tif,https://api.carbonmapper.org/api/v1/catalog/asset/l3a-ime-ch4-mfa-v3/2025/07/24/av320250724t183341-D/av320250724t183341-D_l3a-ime-ch4-mfa-v3_ime-cmf-concentrations.tif,/data2/yuyao/methane_emission/data/raw_data_dir/S2B_MSIL2A_20250724T160829_N0511_R140_T17TNE_20250724T201909.SAFE,/data2/yuyao/methane_emission/carbonmapper_data_l89_l2sp/av320250724t183341-D/l8_LC08_L2SP_017032_20250725_20250731_02_T1.tif,23.519883,59.72
av320250724t183341-E,https://api.carbonmapper.org/api/v1/catalog/asset/l3a-vis-ch4-mfa-v3/2025/07/24/av320250724t183341-E/av320250724t183341-E_l3a-vis-ch4-mfa-v3_plume.tif,https://api.carbonmapper.org/api/v1/catalog/asset/l3a-ime-ch4-mfa-v3/2025/07/24/av320250724t183341-E/av320250724t183341-E_l3a-ime-ch4-mfa-v3_ime-cmf-concentrations.tif,/data2/yuyao/methane_emission/data/raw_data_dir/S2B_MSIL2A_20250724T160829_N0511_R140_T17TNE_20250724T201909.SAFE,/data2/yuyao/methane_emission/carbonmapper_data_l89_l2sp/av320250724t183341-E/l8_LC09_L2SP_018032_20250724_20250727_02_T1.tif,23.519883,11.83
av320250724t183341-E,https://api.carbonmapper.org/api/v1/catalog/asset/l3a-vis-ch4-mfa-v3/2025/07/24/av320250724t183341-E/av320250724t183341-E_l3a-vis-ch4-mfa-v3_plume.tif,https://api.carbonmapper.org/api/v1/catalog/asset/l3a-ime-ch4-mfa-v3/2025/07/24/av320250724t183341-E/av320250724t183341-E_l3a-ime-ch4-mfa-v3_ime-cmf-concentrations.tif,/data2/yuyao/methane_emission/data/raw_data_dir/S2B_MSIL2A_20250724T160829_N0511_R140_T17TNE_20250724T201909.SAFE,/data2/yuyao/methane_emission/carbonmapper_data_l89_l2sp/av320250724t183341-E/l8_LC08_L2SP_017032_20250725_20250731_02_T1.tif,23.519883,59.72
av320250724t183341-F,https://api.carbonmapper.org/api/v1/catalog/asset/l3a-vis-ch4-mfa-v3/2025/07/24/av320250724t183341-F/av320250724t183341-F_l3a-vis-ch4-mfa-v3_plume.tif,https://api.carbonmapper.org/api/v1/catalog/asset/l3a-ime-ch4-mfa-v3/2025/07/24/av320250724t183341-F/av320250724t183341-F_l3a-ime-ch4-mfa-v3_ime-cmf-concentrations.tif,/data2/yuyao/methane_emission/data/raw_data_dir/S2B_MSIL2A_20250724T160829_N0511_R140_T17TNE_20250724T201909.SAFE,/data2/yuyao/methane_emission/carbonmapper_data_l89_l2sp/av320250724t183341-F/l8_LC09_L2SP_018032_20250724_20250727_02_T1.tif,23.519883,11.83
av320250724t183341-F,https://api.carbonmapper.org/api/v1/catalog/asset/l3a-vis-ch4-mfa-v3/2025/07/24/av320250724t183341-F/av320250724t183341-F_l3a-vis-ch4-mfa-v3_plume.tif,https://api.carbonmapper.org/api/v1/catalog/asset/l3a-ime-ch4-mfa-v3/2025/07/24/av320250724t183341-F/av320250724t183341-F_l3a-ime-ch4-mfa-v3_ime-cmf-concentrations.tif,/data2/yuyao/methane_emission/data/raw_data_dir/S2B_MSIL2A_20250724T160829_N0511_R140_T17TNE_20250724T201909.SAFE,/data2/yuyao/methane_emission/carbonmapper_data_l89_l2sp/av320250724t183341-F/l8_LC08_L2SP_017032_20250725_20250731_02_T1.tif,23.519883,59.72
av320250724t185337-D,https://api.carbonmapper.org/api/v1/catalog/asset/l3a-vis-ch4-mfa-v3/2025/07/24/av320250724t185337-D/av320250724t185337-D_l3a-vis-ch4-mfa-v3_plume.tif,https://api.carbonmapper.org/api/v1/catalog/asset/l3a-ime-ch4-mfa-v3/2025/07/24/av320250724t185337-D/av320250724t185337-D_l3a-ime-ch4-mfa-v3_ime-cmf-concentrations.tif,/data2/yuyao/methane_emission/data/raw_data_dir/S2B_MSIL2A_20250724T160829_N0511_R140_T17TNE_20250724T201909.SAFE,/data2/yuyao/methane_emission/carbonmapper_data_l89_l2sp/av320250724t185337-D/l8_LC09_L2SP_018032_20250724_20250727_02_T1.tif,23.519883,11.83
av320250724t185337-D,https://api.carbonmapper.org/api/v1/catalog/asset/l3a-vis-ch4-mfa-v3/2025/07/24/av320250724t185337-D/av320250724t185337-D_l3a-vis-ch4-mfa-v3_plume.tif,https://api.carbonmapper.org/api/v1/catalog/asset/l3a-ime-ch4-mfa-v3/2025/07/24/av320250724t185337-D/av320250724t185337-D_l3a-ime-ch4-mfa-v3_ime-cmf-concentrations.tif,/data2/yuyao/methane_emission/data/raw_data_dir/S2B_MSIL2A_20250724T160829_N0511_R140_T17TNE_20250724T201909.SAFE,/data2/yuyao/methane_emission/carbonmapper_data_l89_l2sp/av320250724t185337-D/l8_LC08_L2SP_017032_20250725_20250731_02_T1.tif,23.519883,59.72
av320250724t185337-E,https://api.carbonmapper.org/api/v1/catalog/asset/l3a-vis-ch4-mfa-v3/2025/07/24/av320250724t185337-E/av320250724t185337-E_l3a-vis-ch4-mfa-v3_plume.tif,https://api.carbonmapper.org/api/v1/catalog/asset/l3a-ime-ch4-mfa-v3/2025/07/24/av320250724t185337-E/av320250724t185337-E_l3a-ime-ch4-mfa-v3_ime-cmf-concentrations.tif,/data2/yuyao/methane_emission/data/raw_data_dir/S2B_MSIL2A_20250724T160829_N0511_R140_T17TNE_20250724T201909.SAFE,/data2/yuyao/methane_emission/carbonmapper_data_l89_l2sp/av320250724t185337-E/l8_LC09_L2SP_018032_20250724_20250727_02_T1.tif,23.519883,11.83
av320250724t185337-E,https://api.carbonmapper.org/api/v1/catalog/asset/l3a-vis-ch4-mfa-v3/2025/07/24/av320250724t185337-E/av320250724t185337-E_l3a-vis-ch4-mfa-v3_plume.tif,https://api.carbonmapper.org/api/v1/catalog/asset/l3a-ime-ch4-mfa-v3/2025/07/24/av320250724t185337-E/av320250724t185337-E_l3a-ime-ch4-mfa-v3_ime-cmf-concentrations.tif,/data2/yuyao/methane_emission/data/raw_data_dir/S2B_MSIL2A_20250724T160829_N0511_R140_T17TNE_20250724T201909.SAFE,/data2/yuyao/methane_emission/carbonmapper_data_l89_l2sp/av320250724t185337-E/l8_LC08_L2SP_017032_20250725_20250731_02_T1.tif,23.519883,59.72
av320250724t185337-G,https://api.carbonmapper.org/api/v1/catalog/asset/l3a-vis-ch4-mfa-v3/2025/07/24/av320250724t185337-G/av320250724t185337-G_l3a-vis-ch4-mfa-v3_plume.tif,https://api.carbonmapper.org/api/v1/catalog/asset/l3a-ime-ch4-mfa-v3/2025/07/24/av320250724t185337-G/av320250724t185337-G_l3a-ime-ch4-mfa-v3_ime-cmf-concentrations.tif,/data2/yuyao/methane_emission/data/raw_data_dir/S2B_MSIL2A_20250724T160829_N0511_R140_T17TNE_20250724T201909.SAFE,/data2/yuyao/methane_emission/carbonmapper_data_l89_l2sp/av320250724t185337-G/l8_LC09_L2SP_018032_20250724_20250727_02_T1.tif,23.519883,11.83
av320250724t185337-G,https://api.carbonmapper.org/api/v1/catalog/asset/l3a-vis-ch4-mfa-v3/2025/07/24/av320250724t185337-G/av320250724t185337-G_l3a-vis-ch4-mfa-v3_plume.tif,https://api.carbonmapper.org/api/v1/catalog/asset/l3a-ime-ch4-mfa-v3/2025/07/24/av320250724t185337-G/av320250724t185337-G_l3a-ime-ch4-mfa-v3_ime-cmf-concentrations.tif,/data2/yuyao/methane_emission/data/raw_data_dir/S2B_MSIL2A_20250724T160829_N0511_R140_T17TNE_20250724T201909.SAFE,/data2/yuyao/methane_emission/carbonmapper_data_l89_l2sp/av320250724t185337-G/l8_LC08_L2SP_017032_20250725_20250731_02_T1.tif,23.519883,59.72
av320250803t151829-L,https://api.carbonmapper.org/api/v1/catalog/asset/l3a-vis-ch4-mfa-v3/2025/08/03/av320250803t151829-L/av320250803t151829-L_l3a-vis-ch4-mfa-v3_plume.tif,https://api.carbonmapper.org/api/v1/catalog/asset/l3a-ime-ch4-mfa-v3/2025/08/03/av320250803t151829-L/av320250803t151829-L_l3a-ime-ch4-mfa-v3_ime-cmf-concentrations.tif,/data2/yuyao/methane_emission/data/raw_data_dir/S2B_MSIL2A_20250803T160829_N0511_R140_T17SND_20250803T212823.SAFE,/data2/yuyao/methane_emission/carbonmapper_data_l89_l2sp/av320250803t151829-L/l8_LC09_L2SP_017033_20250802_20250803_02_T1.tif,15.069698,80.25
av320250803t151829-M,https://api.carbonmapper.org/api/v1/catalog/asset/l3a-vis-ch4-mfa-v3/2025/08/03/av320250803t151829-M/av320250803t151829-M_l3a-vis-ch4-mfa-v3_plume.tif,https://api.carbonmapper.org/api/v1/catalog/asset/l3a-ime-ch4-mfa-v3/2025/08/03/av320250803t151829-M/av320250803t151829-M_l3a-ime-ch4-mfa-v3_ime-cmf-concentrations.tif,/data2/yuyao/methane_emission/data/raw_data_dir/S2B_MSIL2A_20250803T160829_N0511_R140_T17SND_20250803T212823.SAFE,/data2/yuyao/methane_emission/carbonmapper_data_l89_l2sp/av320250803t151829-M/l8_LC09_L2SP_017033_20250802_20250803_02_T1.tif,15.069698,80.25
av320250803t151829-N,https://api.carbonmapper.org/api/v1/catalog/asset/l3a-vis-ch4-mfa-v3/2025/08/03/av320250803t151829-N/av320250803t151829-N_l3a-vis-ch4-mfa-v3_plume.tif,https://api.carbonmapper.org/api/v1/catalog/asset/l3a-ime-ch4-mfa-v3/2025/08/03/av320250803t151829-N/av320250803t151829-N_l3a-ime-ch4-mfa-v3_ime-cmf-concentrations.tif,/data2/yuyao/methane_emission/data/raw_data_dir/S2B_MSIL2A_20250803T160829_N0511_R140_T17SND_20250803T212823.SAFE,/data2/yuyao/methane_emission/carbonmapper_data_l89_l2sp/av320250803t151829-N/l8_LC09_L2SP_017033_20250802_20250803_02_T1.tif,15.069698,80.25
av320250803t154118-C,https://api.carbonmapper.org/api/v1/catalog/asset/l3a-vis-ch4-mfa-v3/2025/08/03/av320250803t154118-C/av320250803t154118-C_l3a-vis-ch4-mfa-v3_plume.tif,https://api.carbonmapper.org/api/v1/catalog/asset/l3a-ime-ch4-mfa-v3/2025/08/03/av320250803t154118-C/av320250803t154118-C_l3a-ime-ch4-mfa-v3_ime-cmf-concentrations.tif,/data2/yuyao/methane_emission/data/raw_data_dir/S2B_MSIL2A_20250803T160829_N0511_R140_T17SND_20250803T212823.SAFE,/data2/yuyao/methane_emission/carbonmapper_data_l89_l2sp/av320250803t154118-C/l8_LC09_L2SP_017033_20250802_20250803_02_T1.tif,15.069698,80.25
av320250803t154118-E,https://api.carbonmapper.org/api/v1/catalog/asset/l3a-vis-ch4-mfa-v3/2025/08/03/av320250803t154118-E/av320250803t154118-E_l3a-vis-ch4-mfa-v3_plume.tif,https://api.carbonmapper.org/api/v1/catalog/asset/l3a-ime-ch4-mfa-v3/2025/08/03/av320250803t154118-E/av320250803t154118-E_l3a-ime-ch4-mfa-v3_ime-cmf-concentrations.tif,/data2/yuyao/methane_emission/data/raw_data_dir/S2B_MSIL2A_20250803T160829_N0511_R140_T17SND_20250803T212823.SAFE,/data2/yuyao/methane_emission/carbonmapper_data_l89_l2sp/av320250803t154118-E/l8_LC09_L2SP_017033_20250802_20250803_02_T1.tif,15.069698,80.25
av320250803t154118-F,https://api.carbonmapper.org/api/v1/catalog/asset/l3a-vis-ch4-mfa-v3/2025/08/03/av320250803t154118-F/av320250803t154118-F_l3a-vis-ch4-mfa-v3_plume.tif,https://api.carbonmapper.org/api/v1/catalog/asset/l3a-ime-ch4-mfa-v3/2025/08/03/av320250803t154118-F/av320250803t154118-F_l3a-ime-ch4-mfa-v3_ime-cmf-concentrations.tif,/data2/yuyao/methane_emission/data/raw_data_dir/S2B_MSIL2A_20250803T160829_N0511_R140_T17SND_20250803T212823.SAFE,/data2/yuyao/methane_emission/carbonmapper_data_l89_l2sp/av320250803t154118-F/l8_LC09_L2SP_017033_20250802_20250803_02_T1.tif,15.069698,80.25
av320250803t154118-G,https://api.carbonmapper.org/api/v1/catalog/asset/l3a-vis-ch4-mfa-v3/2025/08/03/av320250803t154118-G/av320250803t154118-G_l3a-vis-ch4-mfa-v3_plume.tif,https://api.carbonmapper.org/api/v1/catalog/asset/l3a-ime-ch4-mfa-v3/2025/08/03/av320250803t154118-G/av320250803t154118-G_l3a-ime-ch4-mfa-v3_ime-cmf-concentrations.tif,/data2/yuyao/methane_emission/data/raw_data_dir/S2B_MSIL2A_20250803T160829_N0511_R140_T17SND_20250803T212823.SAFE,/data2/yuyao/methane_emission/carbonmapper_data_l89_l2sp/av320250803t154118-G/l8_LC09_L2SP_017033_20250802_20250803_02_T1.tif,15.069698,80.25
av320250803t154118-G,https://api.carbonmapper.org/api/v1/catalog/asset/l3a-vis-ch4-mfa-v3/2025/08/03/av320250803t154118-G/av320250803t154118-G_l3a-vis-ch4-mfa-v3_plume.tif,https://api.carbonmapper.org/api/v1/catalog/asset/l3a-ime-ch4-mfa-v3/2025/08/03/av320250803t154118-G/av320250803t154118-G_l3a-ime-ch4-mfa-v3_ime-cmf-concentrations.tif,/data2/yuyao/methane_emission/data/raw_data_dir/S2B_MSIL2A_20250803T160829_N0511_R140_T17SND_20250803T212823.SAFE,/data2/yuyao/methane_emission/carbonmapper_data_l89_l2sp/av320250803t154118-G/l8_LC09_L2SP_017032_20250802_20250803_02_T1.tif,15.069698,42.44
av320250803t154118-J,https://api.carbonmapper.org/api/v1/catalog/asset/l3a-vis-ch4-mfa-v3/2025/08/03/av320250803t154118-J/av320250803t154118-J_l3a-vis-ch4-mfa-v3_plume.tif,https://api.carbonmapper.org/api/v1/catalog/asset/l3a-ime-ch4-mfa-v3/2025/08/03/av320250803t154118-J/av320250803t154118-J_l3a-ime-ch4-mfa-v3_ime-cmf-concentrations.tif,/data2/yuyao/methane_emission/data/raw_data_dir/S2B_MSIL2A_20250803T160829_N0511_R140_T17TNE_20250803T212823.SAFE,/data2/yuyao/methane_emission/carbonmapper_data_l89_l2sp/av320250803t154118-J/l8_LC09_L2SP_017033_20250802_20250803_02_T1.tif,0.100335,80.25
av320250803t154118-J,https://api.carbonmapper.org/api/v1/catalog/asset/l3a-vis-ch4-mfa-v3/2025/08/03/av320250803t154118-J/av320250803t154118-J_l3a-vis-ch4-mfa-v3_plume.tif,https://api.carbonmapper.org/api/v1/catalog/asset/l3a-ime-ch4-mfa-v3/2025/08/03/av320250803t154118-J/av320250803t154118-J_l3a-ime-ch4-mfa-v3_ime-cmf-concentrations.tif,/data2/yuyao/methane_emission/data/raw_data_dir/S2B_MSIL2A_20250803T160829_N0511_R140_T17TNE_20250803T212823.SAFE,/data2/yuyao/methane_emission/carbonmapper_data_l89_l2sp/av320250803t154118-J/l8_LC09_L2SP_017032_20250802_20250803_02_T1.tif,0.100335,42.44
av320250803t154118-K,https://api.carbonmapper.org/api/v1/catalog/asset/l3a-vis-ch4-mfa-v3/2025/08/03/av320250803t154118-K/av320250803t154118-K_l3a-vis-ch4-mfa-v3_plume.tif,https://api.carbonmapper.org/api/v1/catalog/asset/l3a-ime-ch4-mfa-v3/2025/08/03/av320250803t154118-K/av320250803t154118-K_l3a-ime-ch4-mfa-v3_ime-cmf-concentrations.tif,/data2/yuyao/methane_emission/data/raw_data_dir/S2B_MSIL2A_20250803T160829_N0511_R140_T17TNE_20250803T212823.SAFE,/data2/yuyao/methane_emission/carbonmapper_data_l89_l2sp/av320250803t154118-K/l8_LC09_L2SP_017033_20250802_20250803_02_T1.tif,0.100335,80.25
av320250803t154118-K,https://api.carbonmapper.org/api/v1/catalog/asset/l3a-vis-ch4-mfa-v3/2025/08/03/av320250803t154118-K/av320250803t154118-K_l3a-vis-ch4-mfa-v3_plume.tif,https://api.carbonmapper.org/api/v1/catalog/asset/l3a-ime-ch4-mfa-v3/2025/08/03/av320250803t154118-K/av320250803t154118-K_l3a-ime-ch4-mfa-v3_ime-cmf-concentrations.tif,/data2/yuyao/methane_emission/data/raw_data_dir/S2B_MSIL2A_20250803T160829_N0511_R140_T17TNE_20250803T212823.SAFE,/data2/yuyao/methane_emission/carbonmapper_data_l89_l2sp/av320250803t154118-K/l8_LC09_L2SP_017032_20250802_20250803_02_T1.tif,0.100335,42.44
av320250803t154118-L,https://api.carbonmapper.org/api/v1/catalog/asset/l3a-vis-ch4-mfa-v3/2025/08/03/av320250803t154118-L/av320250803t154118-L_l3a-vis-ch4-mfa-v3_plume.tif,https://api.carbonmapper.org/api/v1/catalog/asset/l3a-ime-ch4-mfa-v3/2025/08/03/av320250803t154118-L/av320250803t154118-L_l3a-ime-ch4-mfa-v3_ime-cmf-concentrations.tif,/data2/yuyao/methane_emission/data/raw_data_dir/S2B_MSIL2A_20250803T160829_N0511_R140_T17TNE_20250803T212823.SAFE,/data2/yuyao/methane_emission/carbonmapper_data_l89_l2sp/av320250803t154118-L/l8_LC09_L2SP_017033_20250802_20250803_02_T1.tif,0.100335,80.25
av320250803t154118-L,https://api.carbonmapper.org/api/v1/catalog/asset/l3a-vis-ch4-mfa-v3/2025/08/03/av320250803t154118-L/av320250803t154118-L_l3a-vis-ch4-mfa-v3_plume.tif,https://api.carbonmapper.org/api/v1/catalog/asset/l3a-ime-ch4-mfa-v3/2025/08/03/av320250803t154118-L/av320250803t154118-L_l3a-ime-ch4-mfa-v3_ime-cmf-concentrations.tif,/data2/yuyao/methane_emission/data/raw_data_dir/S2B_MSIL2A_20250803T160829_N0511_R140_T17TNE_20250803T212823.SAFE,/data2/yuyao/methane_emission/carbonmapper_data_l89_l2sp/av320250803t154118-L/l8_LC09_L2SP_017032_20250802_20250803_02_T1.tif,0.100335,42.44
av320250803t154118-M,https://api.carbonmapper.org/api/v1/catalog/asset/l3a-vis-ch4-mfa-v3/2025/08/03/av320250803t154118-M/av320250803t154118-M_l3a-vis-ch4-mfa-v3_plume.tif,https://api.carbonmapper.org/api/v1/catalog/asset/l3a-ime-ch4-mfa-v3/2025/08/03/av320250803t154118-M/av320250803t154118-M_l3a-ime-ch4-mfa-v3_ime-cmf-concentrations.tif,/data2/yuyao/methane_emission/data/raw_data_dir/S2B_MSIL2A_20250803T160829_N0511_R140_T17TNE_20250803T212823.SAFE,/data2/yuyao/methane_emission/carbonmapper_data_l89_l2sp/av320250803t154118-M/l8_LC09_L2SP_017033_20250802_20250803_02_T1.tif,0.100335,80.25
av320250803t154118-M,https://api.carbonmapper.org/api/v1/catalog/asset/l3a-vis-ch4-mfa-v3/2025/08/03/av320250803t154118-M/av320250803t154118-M_l3a-vis-ch4-mfa-v3_plume.tif,https://api.carbonmapper.org/api/v1/catalog/asset/l3a-ime-ch4-mfa-v3/2025/08/03/av320250803t154118-M/av320250803t154118-M_l3a-ime-ch4-mfa-v3_ime-cmf-concentrations.tif,/data2/yuyao/methane_emission/data/raw_data_dir/S2B_MSIL2A_20250803T160829_N0511_R140_T17TNE_20250803T212823.SAFE,/data2/yuyao/methane_emission/carbonmapper_data_l89_l2sp/av320250803t154118-M/l8_LC09_L2SP_017032_20250802_20250803_02_T1.tif,0.100335,42.44
av320250803t154118-N,https://api.carbonmapper.org/api/v1/catalog/asset/l3a-vis-ch4-mfa-v3/2025/08/03/av320250803t154118-N/av320250803t154118-N_l3a-vis-ch4-mfa-v3_plume.tif,https://api.carbonmapper.org/api/v1/catalog/asset/l3a-ime-ch4-mfa-v3/2025/08/03/av320250803t154118-N/av320250803t154118-N_l3a-ime-ch4-mfa-v3_ime-cmf-concentrations.tif,/data2/yuyao/methane_emission/data/raw_data_dir/S2B_MSIL2A_20250803T160829_N0511_R140_T17SND_20250803T201426.SAFE,/data2/yuyao/methane_emission/carbonmapper_data_l89_l2sp/av320250803t154118-N/l8_LC09_L2SP_017033_20250802_20250803_02_T1.tif,0.424884,80.25
av320250803t154118-N,https://api.carbonmapper.org/api/v1/catalog/asset/l3a-vis-ch4-mfa-v3/2025/08/03/av320250803t154118-N/av320250803t154118-N_l3a-vis-ch4-mfa-v3_plume.tif,https://api.carbonmapper.org/api/v1/catalog/asset/l3a-ime-ch4-mfa-v3/2025/08/03/av320250803t154118-N/av320250803t154118-N_l3a-ime-ch4-mfa-v3_ime-cmf-concentrations.tif,/data2/yuyao/methane_emission/data/raw_data_dir/S2B_MSIL2A_20250803T160829_N0511_R140_T17SND_20250803T201426.SAFE,/data2/yuyao/methane_emission/carbonmapper_data_l89_l2sp/av320250803t154118-N/l8_LC09_L2SP_017032_20250802_20250803_02_T1.tif,0.424884,42.44
av320250803t154118-O,https://api.carbonmapper.org/api/v1/catalog/asset/l3a-vis-ch4-mfa-v3/2025/08/03/av320250803t154118-O/av320250803t154118-O_l3a-vis-ch4-mfa-v3_plume.tif,https://api.carbonmapper.org/api/v1/catalog/asset/l3a-ime-ch4-mfa-v3/2025/08/03/av320250803t154118-O/av320250803t154118-O_l3a-ime-ch4-mfa-v3_ime-cmf-concentrations.tif,/data2/yuyao/methane_emission/data/raw_data_dir/S2B_MSIL2A_20250803T160829_N0511_R140_T17TNE_20250803T201426.SAFE,/data2/yuyao/methane_emission/carbonmapper_data_l89_l2sp/av320250803t154118-O/l8_LC09_L2SP_017033_20250802_20250803_02_T1.tif,0.013958,80.25
av320250803t154118-O,https://api.carbonmapper.org/api/v1/catalog/asset/l3a-vis-ch4-mfa-v3/2025/08/03/av320250803t154118-O/av320250803t154118-O_l3a-vis-ch4-mfa-v3_plume.tif,https://api.carbonmapper.org/api/v1/catalog/asset/l3a-ime-ch4-mfa-v3/2025/08/03/av320250803t154118-O/av320250803t154118-O_l3a-ime-ch4-mfa-v3_ime-cmf-concentrations.tif,/data2/yuyao/methane_emission/data/raw_data_dir/S2B_MSIL2A_20250803T160829_N0511_R140_T17TNE_20250803T201426.SAFE,/data2/yuyao/methane_emission/carbonmapper_data_l89_l2sp/av320250803t154118-O/l8_LC09_L2SP_017032_20250802_20250803_02_T1.tif,0.013958,42.44
av320250803t154118-Q,https://api.carbonmapper.org/api/v1/catalog/asset/l3a-vis-ch4-mfa-v3/2025/08/03/av320250803t154118-Q/av320250803t154118-Q_l3a-vis-ch4-mfa-v3_plume.tif,https://api.carbonmapper.org/api/v1/catalog/asset/l3a-ime-ch4-mfa-v3/2025/08/03/av320250803t154118-Q/av320250803t154118-Q_l3a-ime-ch4-mfa-v3_ime-cmf-concentrations.tif,/data2/yuyao/methane_emission/data/raw_data_dir/S2B_MSIL2A_20250803T160829_N0511_R140_T17TNE_20250803T201426.SAFE,/data2/yuyao/methane_emission/carbonmapper_data_l89_l2sp/av320250803t154118-Q/l8_LC09_L2SP_017032_20250802_20250803_02_T1.tif,0.013958,42.44
av320250917t184127-A,https://api.carbonmapper.org/api/v1/catalog/asset/l3a-vis-ch4-mfa-v3/2025/09/17/av320250917t184127-A/av320250917t184127-A_l3a-vis-ch4-mfa-v3_plume.tif,https://api.carbonmapper.org/api/v1/catalog/asset/l3a-ime-ch4-mfa-v3/2025/09/17/av320250917t184127-A/av320250917t184127-A_l3a-ime-ch4-mfa-v3_ime-cmf-concentrations.tif,/data2/yuyao/methane_emission/data/raw_data_dir/S2B_MSIL2A_20250917T183919_N0511_R070_T10SFG_20250917T234521.SAFE,/data2/yuyao/methane_emission/carbonmapper_data_l89_l2sp/av320250917t184127-A/l8_LC08_L2SP_043034_20250917_20250929_02_T1.tif,1.321729,2.01
emi20220815t105833p07011-D,https://api.carbonmapper.org/api/v1/catalog/asset/l3a-vis-ch4-mfa-v3/2022/08/15/emi20220815t105833p07011-D/emi20220815t105833p07011-D_l3a-vis-ch4-mfa-v3_plume.tif,https://api.carbonmapper.org/api/v1/catalog/asset/l3a-ime-ch4-mfa-v3/2022/08/15/emi20220815t105833p07011-D/emi20220815t105833p07011-D_l3a-ime-ch4-mfa-v3_ime-cmf-concentrations.tif,/data2/yuyao/methane_emission/data/raw_data_dir/S2A_MSIL2A_20220815T071631_N0510_R006_T40SBJ_20240713T210110.SAFE,/data2/yuyao/methane_emission/carbonmapper_data_l89_l2sp/emi20220815t105833p07011-D/l8_LC09_L2SP_164032_20220816_20230402_02_T1.tif,0.142619,0.0
emi20220815t105833p07011-D,https://api.carbonmapper.org/api/v1/catalog/asset/l3a-vis-ch4-mfa-v3/2022/08/15/emi20220815t105833p07011-D/emi20220815t105833p07011-D_l3a-vis-ch4-mfa-v3_plume.tif,https://api.carbonmapper.org/api/v1/catalog/asset/l3a-ime-ch4-mfa-v3/2022/08/15/emi20220815t105833p07011-D/emi20220815t105833p07011-D_l3a-ime-ch4-mfa-v3_ime-cmf-concentrations.tif,/data2/yuyao/methane_emission/data/raw_data_dir/S2A_MSIL2A_20220815T071631_N0510_R006_T40SBJ_20240713T210110.SAFE,/data2/yuyao/methane_emission/carbonmapper_data_l89_l2sp/emi20220815t105833p07011-D/l8_LC09_L2SP_164033_20220816_20230402_02_T1.tif,0.142619,0.0
emi20220815t105833p07011-E,https://api.carbonmapper.org/api/v1/catalog/asset/l3a-vis-ch4-mfa-v3/2022/08/15/emi20220815t105833p07011-E/emi20220815t105833p07011-E_l3a-vis-ch4-mfa-v3_plume.tif,https://api.carbonmapper.org/api/v1/catalog/asset/l3a-ime-ch4-mfa-v3/2022/08/15/emi20220815t105833p07011-E/emi20220815t105833p07011-E_l3a-ime-ch4-mfa-v3_ime-cmf-concentrations.tif,/data2/yuyao/methane_emission/data/raw_data_dir/S2A_MSIL2A_20220815T071631_N0510_R006_T40SBJ_20240713T210110.SAFE,/data2/yuyao/methane_emission/carbonmapper_data_l89_l2sp/emi20220815t105833p07011-E/l8_LC09_L2SP_164032_20220816_20230402_02_T1.tif,0.142619,0.0
emi20220815t105833p07011-E,https://api.carbonmapper.org/api/v1/catalog/asset/l3a-vis-ch4-mfa-v3/2022/08/15/emi20220815t105833p07011-E/emi20220815t105833p07011-E_l3a-vis-ch4-mfa-v3_plume.tif,https://api.carbonmapper.org/api/v1/catalog/asset/l3a-ime-ch4-mfa-v3/2022/08/15/emi20220815t105833p07011-E/emi20220815t105833p07011-E_l3a-ime-ch4-mfa-v3_ime-cmf-concentrations.tif,/data2/yuyao/methane_emission/data/raw_data_dir/S2A_MSIL2A_20220815T071631_N0510_R006_T40SBJ_20240713T210110.SAFE,/data2/yuyao/methane_emission/carbonmapper_data_l89_l2sp/emi20220815t105833p07011-E/l8_LC09_L2SP_164033_20220816_20230402_02_T1.tif,0.142619,0.0
emi20220815t105833p07011-G,https://api.carbonmapper.org/api/v1/catalog/asset/l3a-vis-ch4-mfa-v3/2022/08/15/emi20220815t105833p07011-G/emi20220815t105833p07011-G_l3a-vis-ch4-mfa-v3_plume.tif,https://api.carbonmapper.org/api/v1/catalog/asset/l3a-ime-ch4-mfa-v3/2022/08/15/emi20220815t105833p07011-G/emi20220815t105833p07011-G_l3a-ime-ch4-mfa-v3_ime-cmf-concentrations.tif,/data2/yuyao/methane_emission/data/raw_data_dir/S2A_MSIL2A_20220815T071631_N0510_R006_T40SBJ_20240713T210110.SAFE,/data2/yuyao/methane_emission/carbonmapper_data_l89_l2sp/emi20220815t105833p07011-G/l8_LC09_L2SP_164032_20220816_20230402_02_T1.tif,0.142619,0.0
emi20220815t105833p07011-G,https://api.carbonmapper.org/api/v1/catalog/asset/l3a-vis-ch4-mfa-v3/2022/08/15/emi20220815t105833p07011-G/emi20220815t105833p07011-G_l3a-vis-ch4-mfa-v3_plume.tif,https://api.carbonmapper.org/api/v1/catalog/asset/l3a-ime-ch4-mfa-v3/2022/08/15/emi20220815t105833p07011-G/emi20220815t105833p07011-G_l3a-ime-ch4-mfa-v3_ime-cmf-concentrations.tif,/data2/yuyao/methane_emission/data/raw_data_dir/S2A_MSIL2A_20220815T071631_N0510_R006_T40SBJ_20240713T210110.SAFE,/data2/yuyao/methane_emission/carbonmapper_data_l89_l2sp/emi20220815t105833p07011-G/l8_LC09_L2SP_164033_20220816_20230402_02_T1.tif,0.142619,0.0
emi20220815t105833p07011-L,https://api.carbonmapper.org/api/v1/catalog/asset/l3a-vis-ch4-mfa-v3/2022/08/15/emi20220815t105833p07011-L/emi20220815t105833p07011-L_l3a-vis-ch4-mfa-v3_plume.tif,https://api.carbonmapper.org/api/v1/catalog/asset/l3a-ime-ch4-mfa-v3/2022/08/15/emi20220815t105833p07011-L/emi20220815t105833p07011-L_l3a-ime-ch4-mfa-v3_ime-cmf-concentrations.tif,/data2/yuyao/methane_emission/data/raw_data_dir/S2A_MSIL2A_20220815T071631_N0510_R006_T40SBJ_20240713T210110.SAFE,/data2/yuyao/methane_emission/carbonmapper_data_l89_l2sp/emi20220815t105833p07011-L/l8_LC09_L2SP_164032_20220816_20230402_02_T1.tif,0.142619,0.0
emi20220815t105833p07011-L,https://api.carbonmapper.org/api/v1/catalog/asset/l3a-vis-ch4-mfa-v3/2022/08/15/emi20220815t105833p07011-L/emi20220815t105833p07011-L_l3a-vis-ch4-mfa-v3_plume.tif,https://api.carbonmapper.org/api/v1/catalog/asset/l3a-ime-ch4-mfa-v3/2022/08/15/emi20220815t105833p07011-L/emi20220815t105833p07011-L_l3a-ime-ch4-mfa-v3_ime-cmf-concentrations.tif,/data2/yuyao/methane_emission/data/raw_data_dir/S2A_MSIL2A_20220815T071631_N0510_R006_T40SBJ_20240713T210110.SAFE,/data2/yuyao/methane_emission/carbonmapper_data_l89_l2sp/emi20220815t105833p07011-L/l8_LC09_L2SP_164033_20220816_20230402_02_T1.tif,0.142619,0.0
emi20220815t105833p07011-M,https://api.carbonmapper.org/api/v1/catalog/asset/l3a-vis-ch4-mfa-v3/2022/08/15/emi20220815t105833p07011-M/emi20220815t105833p07011-M_l3a-vis-ch4-mfa-v3_plume.tif,https://api.carbonmapper.org/api/v1/catalog/asset/l3a-ime-ch4-mfa-v3/2022/08/15/emi20220815t105833p07011-M/emi20220815t105833p07011-M_l3a-ime-ch4-mfa-v3_ime-cmf-concentrations.tif,/data2/yuyao/methane_emission/data/raw_data_dir/S2A_MSIL2A_20220815T071631_N0510_R006_T40SBJ_20240713T210110.SAFE,/data2/yuyao/methane_emission/carbonmapper_data_l89_l2sp/emi20220815t105833p07011-M/l8_LC09_L2SP_164032_20220816_20230402_02_T1.tif,0.142619,0.0
emi20220815t105833p07011-M,https://api.carbonmapper.org/api/v1/catalog/asset/l3a-vis-ch4-mfa-v3/2022/08/15/emi20220815t105833p07011-M/emi20220815t105833p07011-M_l3a-vis-ch4-mfa-v3_plume.tif,https://api.carbonmapper.org/api/v1/catalog/asset/l3a-ime-ch4-mfa-v3/2022/08/15/emi20220815t105833p07011-M/emi20220815t105833p07011-M_l3a-ime-ch4-mfa-v3_ime-cmf-concentrations.tif,/data2/yuyao/methane_emission/data/raw_data_dir/S2A_MSIL2A_20220815T071631_N0510_R006_T40SBJ_20240713T210110.SAFE,/data2/yuyao/methane_emission/carbonmapper_data_l89_l2sp/emi20220815t105833p07011-M/l8_LC09_L2SP_164033_20220816_20230402_02_T1.tif,0.142619,0.0
emi20220815t105833p07011-N,https://api.carbonmapper.org/api/v1/catalog/asset/l3a-vis-ch4-mfa-v3/2022/08/15/emi20220815t105833p07011-N/emi20220815t105833p07011-N_l3a-vis-ch4-mfa-v3_plume.tif,https://api.carbonmapper.org/api/v1/catalog/asset/l3a-ime-ch4-mfa-v3/2022/08/15/emi20220815t105833p07011-N/emi20220815t105833p07011-N_l3a-ime-ch4-mfa-v3_ime-cmf-concentrations.tif,/data2/yuyao/methane_emission/data/raw_data_dir/S2A_MSIL2A_20220815T071631_N0510_R006_T40SBJ_20240713T210110.SAFE,/data2/yuyao/methane_emission/carbonmapper_data_l89_l2sp/emi20220815t105833p07011-N/l8_LC09_L2SP_164032_20220816_20230402_02_T1.tif,0.142619,0.0
emi20220815t105833p07011-N,https://api.carbonmapper.org/api/v1/catalog/asset/l3a-vis-ch4-mfa-v3/2022/08/15/emi20220815t105833p07011-N/emi20220815t105833p07011-N_l3a-vis-ch4-mfa-v3_plume.tif,https://api.carbonmapper.org/api/v1/catalog/asset/l3a-ime-ch4-mfa-v3/2022/08/15/emi20220815t105833p07011-N/emi20220815t105833p07011-N_l3a-ime-ch4-mfa-v3_ime-cmf-concentrations.tif,/data2/yuyao/methane_emission/data/raw_data_dir/S2A_MSIL2A_20220815T071631_N0510_R006_T40SBJ_20240713T210110.SAFE,/data2/yuyao/methane_emission/carbonmapper_data_l89_l2sp/emi20220815t105833p07011-N/l8_LC09_L2SP_164033_20220816_20230402_02_T1.tif,0.142619,0.0
emi20220815t105833p07011-R,https://api.carbonmapper.org/api/v1/catalog/asset/l3a-vis-ch4-mfa-v3/2022/08/15/emi20220815t105833p07011-R/emi20220815t105833p07011-R_l3a-vis-ch4-mfa-v3_plume.tif,https://api.carbonmapper.org/api/v1/catalog/asset/l3a-ime-ch4-mfa-v3/2022/08/15/emi20220815t105833p07011-R/emi20220815t105833p07011-R_l3a-ime-ch4-mfa-v3_ime-cmf-concentrations.tif,/data2/yuyao/methane_emission/data/raw_data_dir/S2A_MSIL2A_20220815T071631_N0510_R006_T40SBJ_20240713T210110.SAFE,/data2/yuyao/methane_emission/carbonmapper_data_l89_l2sp/emi20220815t105833p07011-R/l8_LC09_L2SP_164032_20220816_20230402_02_T1.tif,0.142619,0.0
emi20220815t105833p07011-R,https://api.carbonmapper.org/api/v1/catalog/asset/l3a-vis-ch4-mfa-v3/2022/08/15/emi20220815t105833p07011-R/emi20220815t105833p07011-R_l3a-vis-ch4-mfa-v3_plume.tif,https://api.carbonmapper.org/api/v1/catalog/asset/l3a-ime-ch4-mfa-v3/2022/08/15/emi20220815t105833p07011-R/emi20220815t105833p07011-R_l3a-ime-ch4-mfa-v3_ime-cmf-concentrations.tif,/data2/yuyao/methane_emission/data/raw_data_dir/S2A_MSIL2A_20220815T071631_N0510_R006_T40SBJ_20240713T210110.SAFE,/data2/yuyao/methane_emission/carbonmapper_data_l89_l2sp/emi20220815t105833p07011-R/l8_LC09_L2SP_164033_20220816_20230402_02_T1.tif,0.142619,0.0
emi20220901t034318p03002-E,https://api.carbonmapper.org/api/v1/catalog/asset/l3a-vis-ch4-mfa-v3/2022/09/01/emi20220901t034318p03002-E/emi20220901t034318p03002-E_l3a-vis-ch4-mfa-v3_plume.tif,https://api.carbonmapper.org/api/v1/catalog/asset/l3a-ime-ch4-mfa-v3/2022/09/01/emi20220901t034318p03002-E/emi20220901t034318p03002-E_l3a-ime-ch4-mfa-v3_ime-cmf-concentrations.tif,/data2/yuyao/methane_emission/data/raw_data_dir/S2B_MSIL2A_20220901T061629_N0510_R034_T42STH_20240730T180233.SAFE,/data2/yuyao/methane_emission/carbonmapper_data_l89_l2sp/emi20220901t034318p03002-E/l8_LC08_L2SP_156033_20220901_20220910_02_T1.tif,0.005049,0.0
emi20220901t034318p03002-H,https://api.carbonmapper.org/api/v1/catalog/asset/l3a-vis-ch4-mfa-v3/2022/09/01/emi20220901t034318p03002-H/emi20220901t034318p03002-H_l3a-vis-ch4-mfa-v3_plume.tif,https://api.carbonmapper.org/api/v1/catalog/asset/l3a-ime-ch4-mfa-v3/2022/09/01/emi20220901t034318p03002-H/emi20220901t034318p03002-H_l3a-ime-ch4-mfa-v3_ime-cmf-concentrations.tif,/data2/yuyao/methane_emission/data/raw_data_dir/S2B_MSIL2A_20220901T061629_N0510_R034_T42STH_20240730T180233.SAFE,/data2/yuyao/methane_emission/carbonmapper_data_l89_l2sp/emi20220901t034318p03002-H/l8_LC08_L2SP_156033_20220901_20220910_02_T1.tif,0.005049,0.0
emi20220901t034318p03002-I,https://api.carbonmapper.org/api/v1/catalog/asset/l3a-vis-ch4-mfa-v3/2022/09/01/emi20220901t034318p03002-I/emi20220901t034318p03002-I_l3a-vis-ch4-mfa-v3_plume.tif,https://api.carbonmapper.org/api/v1/catalog/asset/l3a-ime-ch4-mfa-v3/2022/09/01/emi20220901t034318p03002-I/emi20220901t034318p03002-I_l3a-ime-ch4-mfa-v3_ime-cmf-concentrations.tif,/data2/yuyao/methane_emission/data/raw_data_dir/S2B_MSIL2A_20220901T061629_N0510_R034_T42STH_20240730T180233.SAFE,/data2/yuyao/methane_emission/carbonmapper_data_l89_l2sp/emi20220901t034318p03002-I/l8_LC08_L2SP_156033_20220901_20220910_02_T1.tif,0.005049,0.0
emi20220901t034318p03002-J,https://api.carbonmapper.org/api/v1/catalog/asset/l3a-vis-ch4-mfa-v3/2022/09/01/emi20220901t034318p03002-J/emi20220901t034318p03002-J_l3a-vis-ch4-mfa-v3_plume.tif,https://api.carbonmapper.org/api/v1/catalog/asset/l3a-ime-ch4-mfa-v3/2022/09/01/emi20220901t034318p03002-J/emi20220901t034318p03002-J_l3a-ime-ch4-mfa-v3_ime-cmf-concentrations.tif,/data2/yuyao/methane_emission/data/raw_data_dir/S2B_MSIL2A_20220901T061629_N0510_R034_T42STH_20240730T180233.SAFE,/data2/yuyao/methane_emission/carbonmapper_data_l89_l2sp/emi20220901t034318p03002-J/l8_LC08_L2SP_156033_20220901_20220910_02_T1.tif,0.005049,0.0
emi20220901t034318p03002-K,https://api.carbonmapper.org/api/v1/catalog/asset/l3a-vis-ch4-mfa-v3/2022/09/01/emi20220901t034318p03002-K/emi20220901t034318p03002-K_l3a-vis-ch4-mfa-v3_plume.tif,https://api.carbonmapper.org/api/v1/catalog/asset/l3a-ime-ch4-mfa-v3/2022/09/01/emi20220901t034318p03002-K/emi20220901t034318p03002-K_l3a-ime-ch4-mfa-v3_ime-cmf-concentrations.tif,/data2/yuyao/methane_emission/data/raw_data_dir/S2B_MSIL2A_20220901T061629_N0510_R034_T42STH_20240730T180233.SAFE,/data2/yuyao/methane_emission/carbonmapper_data_l89_l2sp/emi20220901t034318p03002-K/l8_LC08_L2SP_156033_20220901_20220910_02_T1.tif,0.005049,0.0
emi20220901t034318p03002-M,https://api.carbonmapper.org/api/v1/catalog/asset/l3a-vis-ch4-mfa-v3/2022/09/01/emi20220901t034318p03002-M/emi20220901t034318p03002-M_l3a-vis-ch4-mfa-v3_plume.tif,https://api.carbonmapper.org/api/v1/catalog/asset/l3a-ime-ch4-mfa-v3/2022/09/01/emi20220901t034318p03002-M/emi20220901t034318p03002-M_l3a-ime-ch4-mfa-v3_ime-cmf-concentrations.tif,/data2/yuyao/methane_emission/data/raw_data_dir/S2B_MSIL2A_20220901T061629_N0510_R034_T42STH_20240730T180233.SAFE,/data2/yuyao/methane_emission/carbonmapper_data_l89_l2sp/emi20220901t034318p03002-M/l8_LC08_L2SP_156033_20220901_20220910_02_T1.tif,0.005049,0.0
emi20230202t071646p05059-B,https://api.carbonmapper.org/api/v1/catalog/asset/l3a-vis-ch4-mfa-v3/2023/02/02/emi20230202t071646p05059-B/emi20230202t071646p05059-B_l3a-vis-ch4-mfa-v3_plume.tif,https://api.carbonmapper.org/api/v1/catalog/asset/l3a-ime-ch4-mfa-v3/2023/02/02/emi20230202t071646p05059-B/emi20230202t071646p05059-B_l3a-ime-ch4-mfa-v3_ime-cmf-concentrations.tif,/data2/yuyao/methane_emission/data/raw_data_dir/S2A_MSIL2A_20230202T051031_N0510_R019_T45TUK_20240815T145214.SAFE,/data2/yuyao/methane_emission/carbonmapper_data_l89_l2sp/emi20230202t071646p05059-B/l8_LC09_L2SP_145029_20230203_20230311_02_T1.tif,4.618036,49.64
emi20230205t171244p12006-B,https://api.carbonmapper.org/api/v1/catalog/asset/l3a-vis-ch4-mfa-v3/2023/02/05/emi20230205t171244p12006-B/emi20230205t171244p12006-B_l3a-vis-ch4-mfa-v3_plume.tif,https://api.carbonmapper.org/api/v1/catalog/asset/l3a-ime-ch4-mfa-v3/2023/02/05/emi20230205t171244p12006-B/emi20230205t171244p12006-B_l3a-ime-ch4-mfa-v3_ime-cmf-concentrations.tif,/data2/yuyao/methane_emission/data/raw_data_dir/S2A_MSIL2A_20230204T173521_N0510_R055_T13SER_20240816T205246.SAFE,/data2/yuyao/methane_emission/carbonmapper_data_l89_l2sp/emi20230205t171244p12006-B/l8_LC09_L2SP_031038_20230204_20230311_02_T1.tif,0.016315,0.06
emi20230205t171244p12006-G,https://api.carbonmapper.org/api/v1/catalog/asset/l3a-vis-ch4-mfa-v3/2023/02/05/emi20230205t171244p12006-G/emi20230205t171244p12006-G_l3a-vis-ch4-mfa-v3_plume.tif,https://api.carbonmapper.org/api/v1/catalog/asset/l3a-ime-ch4-mfa-v3/2023/02/05/emi20230205t171244p12006-G/emi20230205t171244p12006-G_l3a-ime-ch4-mfa-v3_ime-cmf-concentrations.tif,/data2/yuyao/methane_emission/data/raw_data_dir/S2A_MSIL2A_20230204T173521_N0510_R055_T13SER_20240816T205246.SAFE,/data2/yuyao/methane_emission/carbonmapper_data_l89_l2sp/emi20230205t171244p12006-G/l8_LC09_L2SP_031038_20230204_20230311_02_T1.tif,0.016315,0.06
emi20230205t171255p12007-E,https://api.carbonmapper.org/api/v1/catalog/asset/l3a-vis-ch4-mfa-v3/2023/02/05/emi20230205t171255p12007-E/emi20230205t171255p12007-E_l3a-vis-ch4-mfa-v3_plume.tif,https://api.carbonmapper.org/api/v1/catalog/asset/l3a-ime-ch4-mfa-v3/2023/02/05/emi20230205t171255p12007-E/emi20230205t171255p12007-E_l3a-ime-ch4-mfa-v3_ime-cmf-concentrations.tif,/data2/yuyao/methane_emission/data/raw_data_dir/S2A_MSIL2A_20230204T173521_N0510_R055_T13SER_20240816T205246.SAFE,/data2/yuyao/methane_emission/carbonmapper_data_l89_l2sp/emi20230205t171255p12007-E/l8_LC09_L2SP_031038_20230204_20230311_02_T1.tif,0.016315,0.06
emi20230205t171255p12007-E,https://api.carbonmapper.org/api/v1/catalog/asset/l3a-vis-ch4-mfa-v3/2023/02/05/emi20230205t171255p12007-E/emi20230205t171255p12007-E_l3a-vis-ch4-mfa-v3_plume.tif,https://api.carbonmapper.org/api/v1/catalog/asset/l3a-ime-ch4-mfa-v3/2023/02/05/emi20230205t171255p12007-E/emi20230205t171255p12007-E_l3a-ime-ch4-mfa-v3_ime-cmf-concentrations.tif,/data2/yuyao/methane_emission/data/raw_data_dir/S2A_MSIL2A_20230204T173521_N0510_R055_T13SER_20240816T205246.SAFE,/data2/yuyao/methane_emission/carbonmapper_data_l89_l2sp/emi20230205t171255p12007-E/l8_LC09_L2SP_031037_20230204_20230311_02_T1.tif,0.016315,14.92
emi20230205t171255p12007-G,https://api.carbonmapper.org/api/v1/catalog/asset/l3a-vis-ch4-mfa-v3/2023/02/05/emi20230205t171255p12007-G/emi20230205t171255p12007-G_l3a-vis-ch4-mfa-v3_plume.tif,https://api.carbonmapper.org/api/v1/catalog/asset/l3a-ime-ch4-mfa-v3/2023/02/05/emi20230205t171255p12007-G/emi20230205t171255p12007-G_l3a-ime-ch4-mfa-v3_ime-cmf-concentrations.tif,/data2/yuyao/methane_emission/data/raw_data_dir/S2A_MSIL2A_20230204T173521_N0510_R055_T13SER_20240816T205246.SAFE,/data2/yuyao/methane_emission/carbonmapper_data_l89_l2sp/emi20230205t171255p12007-G/l8_LC09_L2SP_031038_20230204_20230311_02_T1.tif,0.016315,0.06
emi20230205t171255p12007-G,https://api.carbonmapper.org/api/v1/catalog/asset/l3a-vis-ch4-mfa-v3/2023/02/05/emi20230205t171255p12007-G/emi20230205t171255p12007-G_l3a-vis-ch4-mfa-v3_plume.tif,https://api.carbonmapper.org/api/v1/catalog/asset/l3a-ime-ch4-mfa-v3/2023/02/05/emi20230205t171255p12007-G/emi20230205t171255p12007-G_l3a-ime-ch4-mfa-v3_ime-cmf-concentrations.tif,/data2/yuyao/methane_emission/data/raw_data_dir/S2A_MSIL2A_20230204T173521_N0510_R055_T13SER_20240816T205246.SAFE,/data2/yuyao/methane_emission/carbonmapper_data_l89_l2sp/emi20230205t171255p12007-G/l8_LC09_L2SP_031037_20230204_20230311_02_T1.tif,0.016315,14.92
emi20230205t171255p12007-H,https://api.carbonmapper.org/api/v1/catalog/asset/l3a-vis-ch4-mfa-v3/2023/02/05/emi20230205t171255p12007-H/emi20230205t171255p12007-H_l3a-vis-ch4-mfa-v3_plume.tif,https://api.carbonmapper.org/api/v1/catalog/asset/l3a-ime-ch4-mfa-v3/2023/02/05/emi20230205t171255p12007-H/emi20230205t171255p12007-H_l3a-ime-ch4-mfa-v3_ime-cmf-concentrations.tif,/data2/yuyao/methane_emission/data/raw_data_dir/S2A_MSIL2A_20230204T173521_N0510_R055_T13SER_20240816T205246.SAFE,/data2/yuyao/methane_emission/carbonmapper_data_l89_l2sp/emi20230205t171255p12007-H/l8_LC09_L2SP_031038_20230204_20230311_02_T1.tif,0.016315,0.06
emi20230205t171255p12007-I,https://api.carbonmapper.org/api/v1/catalog/asset/l3a-vis-ch4-mfa-v3/2023/02/05/emi20230205t171255p12007-I/emi20230205t171255p12007-I_l3a-vis-ch4-mfa-v3_plume.tif,https://api.carbonmapper.org/api/v1/catalog/asset/l3a-ime-ch4-mfa-v3/2023/02/05/emi20230205t171255p12007-I/emi20230205t171255p12007-I_l3a-ime-ch4-mfa-v3_ime-cmf-concentrations.tif,/data2/yuyao/methane_emission/data/raw_data_dir/S2A_MSIL2A_20230204T173521_N0510_R055_T13SER_20240816T205246.SAFE,/data2/yuyao/methane_emission/carbonmapper_data_l89_l2sp/emi20230205t171255p12007-I/l8_LC09_L2SP_031038_20230204_20230311_02_T1.tif,0.016315,0.06
emi20230205t171255p12007-L,https://api.carbonmapper.org/api/v1/catalog/asset/l3a-vis-ch4-mfa-v3/2023/02/05/emi20230205t171255p12007-L/emi20230205t171255p12007-L_l3a-vis-ch4-mfa-v3_plume.tif,https://api.carbonmapper.org/api/v1/catalog/asset/l3a-ime-ch4-mfa-v3/2023/02/05/emi20230205t171255p12007-L/emi20230205t171255p12007-L_l3a-ime-ch4-mfa-v3_ime-cmf-concentrations.tif,/data2/yuyao/methane_emission/data/raw_data_dir/S2A_MSIL2A_20230204T173521_N0510_R055_T13SER_20240816T205246.SAFE,/data2/yuyao/methane_emission/carbonmapper_data_l89_l2sp/emi20230205t171255p12007-L/l8_LC09_L2SP_031038_20230204_20230311_02_T1.tif,0.016315,0.06
emi20230205t171255p12007-M,https://api.carbonmapper.org/api/v1/catalog/asset/l3a-vis-ch4-mfa-v3/2023/02/05/emi20230205t171255p12007-M/emi20230205t171255p12007-M_l3a-vis-ch4-mfa-v3_plume.tif,https://api.carbonmapper.org/api/v1/catalog/asset/l3a-ime-ch4-mfa-v3/2023/02/05/emi20230205t171255p12007-M/emi20230205t171255p12007-M_l3a-ime-ch4-mfa-v3_ime-cmf-concentrations.tif,/data2/yuyao/methane_emission/data/raw_data_dir/S2A_MSIL2A_20230204T173521_N0510_R055_T13SER_20240816T205246.SAFE,/data2/yuyao/methane_emission/carbonmapper_data_l89_l2sp/emi20230205t171255p12007-M/l8_LC09_L2SP_031038_20230204_20230311_02_T1.tif,0.016315,0.06
emi20230205t171255p12007-N,https://api.carbonmapper.org/api/v1/catalog/asset/l3a-vis-ch4-mfa-v3/2023/02/05/emi20230205t171255p12007-N/emi20230205t171255p12007-N_l3a-vis-ch4-mfa-v3_plume.tif,https://api.carbonmapper.org/api/v1/catalog/asset/l3a-ime-ch4-mfa-v3/2023/02/05/emi20230205t171255p12007-N/emi20230205t171255p12007-N_l3a-ime-ch4-mfa-v3_ime-cmf-concentrations.tif,/data2/yuyao/methane_emission/data/raw_data_dir/S2A_MSIL2A_20230204T173521_N0510_R055_T13SER_20240816T205246.SAFE,/data2/yuyao/methane_emission/carbonmapper_data_l89_l2sp/emi20230205t171255p12007-N/l8_LC09_L2SP_031038_20230204_20230311_02_T1.tif,0.016315,0.06
emi20230327t120957p08046-A,https://api.carbonmapper.org/api/v1/catalog/asset/l3a-vis-ch4-mfa-v3/2023/03/27/emi20230327t120957p08046-A/emi20230327t120957p08046-A_l3a-vis-ch4-mfa-v3_plume.tif,https://api.carbonmapper.org/api/v1/catalog/asset/l3a-ime-ch4-mfa-v3/2023/03/27/emi20230327t120957p08046-A/emi20230327t120957p08046-A_l3a-ime-ch4-mfa-v3_ime-cmf-concentrations.tif,/data2/yuyao/methane_emission/data/raw_data_dir/S2A_MSIL2A_20230328T080601_N0510_R078_T37SDU_20240829T122239.SAFE,/data2/yuyao/methane_emission/carbonmapper_data_l89_l2sp/emi20230327t120957p08046-A/l8_LC09_L2SP_173036_20230327_20230329_02_T1.tif,0.160089,3.94
emi20230327t120957p08046-A,https://api.carbonmapper.org/api/v1/catalog/asset/l3a-vis-ch4-mfa-v3/2023/03/27/emi20230327t120957p08046-A/emi20230327t120957p08046-A_l3a-vis-ch4-mfa-v3_plume.tif,https://api.carbonmapper.org/api/v1/catalog/asset/l3a-ime-ch4-mfa-v3/2023/03/27/emi20230327t120957p08046-A/emi20230327t120957p08046-A_l3a-ime-ch4-mfa-v3_ime-cmf-concentrations.tif,/data2/yuyao/methane_emission/data/raw_data_dir/S2A_MSIL2A_20230328T080601_N0510_R078_T37SDU_20240829T122239.SAFE,/data2/yuyao/methane_emission/carbonmapper_data_l89_l2sp/emi20230327t120957p08046-A/l8_LC08_L2SP_172036_20230328_20230405_02_T1.tif,0.160089,0.01
emi20230418t060625p04019-B,https://api.carbonmapper.org/api/v1/catalog/asset/l3a-vis-ch4-mfa-v3/2023/04/18/emi20230418t060625p04019-B/emi20230418t060625p04019-B_l3a-vis-ch4-mfa-v3_plume.tif,https://api.carbonmapper.org/api/v1/catalog/asset/l3a-ime-ch4-mfa-v3/2023/04/18/emi20230418t060625p04019-B/emi20230418t060625p04019-B_l3a-ime-ch4-mfa-v3_ime-cmf-concentrations.tif,/data2/yuyao/methane_emission/data/raw_data_dir/S2B_MSIL2A_20230418T032519_N0510_R018_T49SDB_20240905T080204.SAFE,/data2/yuyao/methane_emission/carbonmapper_data_l89_l2sp/emi20230418t060625p04019-B/l8_LC09_L2SP_126034_20230419_20230421_02_T1.tif,25.200191,0.01
emi20230418t060625p04019-C,https://api.carbonmapper.org/api/v1/catalog/asset/l3a-vis-ch4-mfa-v3/2023/04/18/emi20230418t060625p04019-C/emi20230418t060625p04019-C_l3a-vis-ch4-mfa-v3_plume.tif,https://api.carbonmapper.org/api/v1/catalog/asset/l3a-ime-ch4-mfa-v3/2023/04/18/emi20230418t060625p04019-C/emi20230418t060625p04019-C_l3a-ime-ch4-mfa-v3_ime-cmf-concentrations.tif,/data2/yuyao/methane_emission/data/raw_data_dir/S2B_MSIL2A_20230418T032519_N0510_R018_T49SDB_20240905T080204.SAFE,/data2/yuyao/methane_emission/carbonmapper_data_l89_l2sp/emi20230418t060625p04019-C/l8_LC09_L2SP_126034_20230419_20230421_02_T1.tif,25.200191,0.01
emi20230418t060625p04019-D,https://api.carbonmapper.org/api/v1/catalog/asset/l3a-vis-ch4-mfa-v3/2023/04/18/emi20230418t060625p04019-D/emi20230418t060625p04019-D_l3a-vis-ch4-mfa-v3_plume.tif,https://api.carbonmapper.org/api/v1/catalog/asset/l3a-ime-ch4-mfa-v3/2023/04/18/emi20230418t060625p04019-D/emi20230418t060625p04019-D_l3a-ime-ch4-mfa-v3_ime-cmf-concentrations.tif,/data2/yuyao/methane_emission/data/raw_data_dir/S2B_MSIL2A_20230418T032519_N0510_R018_T49SDB_20240905T080204.SAFE,/data2/yuyao/methane_emission/carbonmapper_data_l89_l2sp/emi20230418t060625p04019-D/l8_LC09_L2SP_126034_20230419_20230421_02_T1.tif,25.200191,0.01
emi20230418t060625p04019-E,https://api.carbonmapper.org/api/v1/catalog/asset/l3a-vis-ch4-mfa-v3/2023/04/18/emi20230418t060625p04019-E/emi20230418t060625p04019-E_l3a-vis-ch4-mfa-v3_plume.tif,https://api.carbonmapper.org/api/v1/catalog/asset/l3a-ime-ch4-mfa-v3/2023/04/18/emi20230418t060625p04019-E/emi20230418t060625p04019-E_l3a-ime-ch4-mfa-v3_ime-cmf-concentrations.tif,/data2/yuyao/methane_emission/data/raw_data_dir/S2B_MSIL2A_20230418T032519_N0510_R018_T49SDB_20240905T080204.SAFE,/data2/yuyao/methane_emission/carbonmapper_data_l89_l2sp/emi20230418t060625p04019-E/l8_LC09_L2SP_126034_20230419_20230421_02_T1.tif,25.200191,0.01
emi20230418t060625p04019-F,https://api.carbonmapper.org/api/v1/catalog/asset/l3a-vis-ch4-mfa-v3/2023/04/18/emi20230418t060625p04019-F/emi20230418t060625p04019-F_l3a-vis-ch4-mfa-v3_plume.tif,https://api.carbonmapper.org/api/v1/catalog/asset/l3a-ime-ch4-mfa-v3/2023/04/18/emi20230418t060625p04019-F/emi20230418t060625p04019-F_l3a-ime-ch4-mfa-v3_ime-cmf-concentrations.tif,/data2/yuyao/methane_emission/data/raw_data_dir/S2B_MSIL2A_20230418T032519_N0510_R018_T49SDB_20240905T080204.SAFE,/data2/yuyao/methane_emission/carbonmapper_data_l89_l2sp/emi20230418t060625p04019-F/l8_LC09_L2SP_126034_20230419_20230421_02_T1.tif,25.200191,0.01
emi20230418t060625p04019-G,https://api.carbonmapper.org/api/v1/catalog/asset/l3a-vis-ch4-mfa-v3/2023/04/18/emi20230418t060625p04019-G/emi20230418t060625p04019-G_l3a-vis-ch4-mfa-v3_plume.tif,https://api.carbonmapper.org/api/v1/catalog/asset/l3a-ime-ch4-mfa-v3/2023/04/18/emi20230418t060625p04019-G/emi20230418t060625p04019-G_l3a-ime-ch4-mfa-v3_ime-cmf-concentrations.tif,/data2/yuyao/methane_emission/data/raw_data_dir/S2B_MSIL2A_20230418T032519_N0510_R018_T49SDB_20240905T080204.SAFE,/data2/yuyao/methane_emission/carbonmapper_data_l89_l2sp/emi20230418t060625p04019-G/l8_LC09_L2SP_126034_20230419_20230421_02_T1.tif,25.200191,0.01
emi20230426t055703p04008-A,https://api.carbonmapper.org/api/v1/catalog/asset/l3a-vis-ch4-mfa-v3/2023/04/26/emi20230426t055703p04008-A/emi20230426t055703p04008-A_l3a-vis-ch4-mfa-v3_plume.tif,https://api.carbonmapper.org/api/v1/catalog/asset/l3a-ime-ch4-mfa-v3/2023/04/26/emi20230426t055703p04008-A/emi20230426t055703p04008-A_l3a-ime-ch4-mfa-v3_ime-cmf-concentrations.tif,/data2/yuyao/methane_emission/data/raw_data_dir/S2B_MSIL2A_20230425T063629_N0510_R120_T41TLE_20240901T173441.SAFE,/data2/yuyao/methane_emission/carbonmapper_data_l89_l2sp/emi20230426t055703p04008-A/l8_LC09_L2SP_159032_20230426_20230428_02_T1.tif,19.859098,0.01
emi20230426t055703p04008-B,https://api.carbonmapper.org/api/v1/catalog/asset/l3a-vis-ch4-mfa-v3/2023/04/26/emi20230426t055703p04008-B/emi20230426t055703p04008-B_l3a-vis-ch4-mfa-v3_plume.tif,https://api.carbonmapper.org/api/v1/catalog/asset/l3a-ime-ch4-mfa-v3/2023/04/26/emi20230426t055703p04008-B/emi20230426t055703p04008-B_l3a-ime-ch4-mfa-v3_ime-cmf-concentrations.tif,/data2/yuyao/methane_emission/data/raw_data_dir/S2B_MSIL2A_20230425T063629_N0510_R120_T41TLE_20240901T173441.SAFE,/data2/yuyao/methane_emission/carbonmapper_data_l89_l2sp/emi20230426t055703p04008-B/l8_LC09_L2SP_159032_20230426_20230428_02_T1.tif,19.859098,0.01
emi20230426t055703p04008-C,https://api.carbonmapper.org/api/v1/catalog/asset/l3a-vis-ch4-mfa-v3/2023/04/26/emi20230426t055703p04008-C/emi20230426t055703p04008-C_l3a-vis-ch4-mfa-v3_plume.tif,https://api.carbonmapper.org/api/v1/catalog/asset/l3a-ime-ch4-mfa-v3/2023/04/26/emi20230426t055703p04008-C/emi20230426t055703p04008-C_l3a-ime-ch4-mfa-v3_ime-cmf-concentrations.tif,/data2/yuyao/methane_emission/data/raw_data_dir/S2B_MSIL2A_20230425T063629_N0510_R120_T41TLE_20240901T173441.SAFE,/data2/yuyao/methane_emission/carbonmapper_data_l89_l2sp/emi20230426t055703p04008-C/l8_LC09_L2SP_159032_20230426_20230428_02_T1.tif,19.859098,0.01
emi20230430t055608p04011-A,https://api.carbonmapper.org/api/v1/catalog/asset/l3a-vis-ch4-mfa-v3/2023/04/30/emi20230430t055608p04011-A/emi20230430t055608p04011-A_l3a-vis-ch4-mfa-v3_plume.tif,https://api.carbonmapper.org/api/v1/catalog/asset/l3a-ime-ch4-mfa-v3/2023/04/30/emi20230430t055608p04011-A/emi20230430t055608p04011-A_l3a-ime-ch4-mfa-v3_ime-cmf-concentrations.tif,/data2/yuyao/methane_emission/data/raw_data_dir/S2A_MSIL2A_20230429T070621_N0510_R106_T39RXN_20240901T174214.SAFE,/data2/yuyao/methane_emission/carbonmapper_data_l89_l2sp/emi20230430t055608p04011-A/l8_LC08_L2SP_163039_20230430_20230509_02_T1.tif,14.691541,0.49
emi20230602t180406p12005-B,https://api.carbonmapper.org/api/v1/catalog/asset/l3a-vis-ch4-mfa-v3/2023/06/02/emi20230602t180406p12005-B/emi20230602t180406p12005-B_l3a-vis-ch4-mfa-v3_plume.tif,https://api.carbonmapper.org/api/v1/catalog/asset/l3a-ime-ch4-mfa-v3/2023/06/02/emi20230602t180406p12005-B/emi20230602t180406p12005-B_l3a-ime-ch4-mfa-v3_ime-cmf-concentrations.tif,/data2/yuyao/methane_emission/data/raw_data_dir/S2A_MSIL2A_20230602T164841_N0510_R026_T15RTP_20240911T113129.SAFE,/data2/yuyao/methane_emission/carbonmapper_data_l89_l2sp/emi20230602t180406p12005-B/l8_LC09_L2SP_025039_20230602_20230604_02_T1.tif,12.048764,12.72
emi20230607t062420p04037-D,https://api.carbonmapper.org/api/v1/catalog/asset/l3a-vis-ch4-mfa-v3/2023/06/07/emi20230607t062420p04037-D/emi20230607t062420p04037-D_l3a-vis-ch4-mfa-v3_plume.tif,https://api.carbonmapper.org/api/v1/catalog/asset/l3a-ime-ch4-mfa-v3/2023/06/07/emi20230607t062420p04037-D/emi20230607t062420p04037-D_l3a-ime-ch4-mfa-v3_ime-cmf-concentrations.tif,/data2/yuyao/methane_emission/data/raw_data_dir/S2A_MSIL2A_20230606T062631_N0510_R077_T41SPC_20240925T122222.SAFE,/data2/yuyao/methane_emission/carbonmapper_data_l89_l2sp/emi20230607t062420p04037-D/l8_LC08_L2SP_157033_20230607_20230614_02_T1.tif,0.008723,3.1
emi20230607t062420p04037-D,https://api.carbonmapper.org/api/v1/catalog/asset/l3a-vis-ch4-mfa-v3/2023/06/07/emi20230607t062420p04037-D/emi20230607t062420p04037-D_l3a-vis-ch4-mfa-v3_plume.tif,https://api.carbonmapper.org/api/v1/catalog/asset/l3a-ime-ch4-mfa-v3/2023/06/07/emi20230607t062420p04037-D/emi20230607t062420p04037-D_l3a-ime-ch4-mfa-v3_ime-cmf-concentrations.tif,/data2/yuyao/methane_emission/data/raw_data_dir/S2A_MSIL2A_20230606T062631_N0510_R077_T41SPC_20240925T122222.SAFE,/data2/yuyao/methane_emission/carbonmapper_data_l89_l2sp/emi20230607t062420p04037-D/l8_LC09_L2SP_156033_20230608_20230610_02_T1.tif,0.008723,0.01
emi20230613t111348p07023-G,https://api.carbonmapper.org/api/v1/catalog/asset/l3a-vis-ch4-mfa-v3/2023/06/13/emi20230613t111348p07023-G/emi20230613t111348p07023-G_l3a-vis-ch4-mfa-v3_plume.tif,https://api.carbonmapper.org/api/v1/catalog/asset/l3a-ime-ch4-mfa-v3/2023/06/13/emi20230613t111348p07023-G/emi20230613t111348p07023-G_l3a-ime-ch4-mfa-v3_ime-cmf-concentrations.tif,/data2/yuyao/methane_emission/data/raw_data_dir/S2B_MSIL2A_20230614T063629_N0510_R120_T41SLA_20240909T142949.SAFE,/data2/yuyao/methane_emission/carbonmapper_data_l89_l2sp/emi20230613t111348p07023-G/l8_LC08_L2SP_158034_20230614_20230622_02_T1.tif,6.3e-05,0.0
emi20230613t111348p07023-G,https://api.carbonmapper.org/api/v1/catalog/asset/l3a-vis-ch4-mfa-v3/2023/06/13/emi20230613t111348p07023-G/emi20230613t111348p07023-G_l3a-vis-ch4-mfa-v3_plume.tif,https://api.carbonmapper.org/api/v1/catalog/asset/l3a-ime-ch4-mfa-v3/2023/06/13/emi20230613t111348p07023-G/emi20230613t111348p07023-G_l3a-ime-ch4-mfa-v3_ime-cmf-concentrations.tif,/data2/yuyao/methane_emission/data/raw_data_dir/S2B_MSIL2A_20230614T063629_N0510_R120_T41SLA_20240909T142949.SAFE,/data2/yuyao/methane_emission/carbonmapper_data_l89_l2sp/emi20230613t111348p07023-G/l8_LC08_L2SP_158035_20230614_20230622_02_T1.tif,6.3e-05,0.02
emi20230613t111348p07023-H,https://api.carbonmapper.org/api/v1/catalog/asset/l3a-vis-ch4-mfa-v3/2023/06/13/emi20230613t111348p07023-H/emi20230613t111348p07023-H_l3a-vis-ch4-mfa-v3_plume.tif,https://api.carbonmapper.org/api/v1/catalog/asset/l3a-ime-ch4-mfa-v3/2023/06/13/emi20230613t111348p07023-H/emi20230613t111348p07023-H_l3a-ime-ch4-mfa-v3_ime-cmf-concentrations.tif,/data2/yuyao/methane_emission/data/raw_data_dir/S2B_MSIL2A_20230614T063629_N0510_R120_T41SLA_20240909T142949.SAFE,/data2/yuyao/methane_emission/carbonmapper_data_l89_l2sp/emi20230613t111348p07023-H/l8_LC08_L2SP_158035_20230614_20230622_02_T1.tif,6.3e-05,0.02
emi20230613t111348p07023-I,https://api.carbonmapper.org/api/v1/catalog/asset/l3a-vis-ch4-mfa-v3/2023/06/13/emi20230613t111348p07023-I/emi20230613t111348p07023-I_l3a-vis-ch4-mfa-v3_plume.tif,https://api.carbonmapper.org/api/v1/catalog/asset/l3a-ime-ch4-mfa-v3/2023/06/13/emi20230613t111348p07023-I/emi20230613t111348p07023-I_l3a-ime-ch4-mfa-v3_ime-cmf-concentrations.tif,/data2/yuyao/methane_emission/data/raw_data_dir/S2B_MSIL2A_20230614T063629_N0510_R120_T41SLA_20240909T142949.SAFE,/data2/yuyao/methane_emission/carbonmapper_data_l89_l2sp/emi20230613t111348p07023-I/l8_LC08_L2SP_158035_20230614_20230622_02_T1.tif,6.3e-05,0.02
emi20230620t193656p13024-D,https://api.carbonmapper.org/api/v1/catalog/asset/l3a-vis-ch4-mfa-v3/2023/06/20/emi20230620t193656p13024-D/emi20230620t193656p13024-D_l3a-vis-ch4-mfa-v3_plume.tif,https://api.carbonmapper.org/api/v1/catalog/asset/l3a-ime-ch4-mfa-v3/2023/06/20/emi20230620t193656p13024-D/emi20230620t193656p13024-D_l3a-ime-ch4-mfa-v3_ime-cmf-concentrations.tif,/data2/yuyao/methane_emission/data/raw_data_dir/S2A_MSIL2A_20230621T173051_N0510_R012_T14SKA_20240928T070241.SAFE,/data2/yuyao/methane_emission/carbonmapper_data_l89_l2sp/emi20230620t193656p13024-D/l8_LC09_L2SP_030038_20230621_20230623_02_T1.tif,52.919418,37.27
emi20230620t193656p13024-E,https://api.carbonmapper.org/api/v1/catalog/asset/l3a-vis-ch4-mfa-v3/2023/06/20/emi20230620t193656p13024-E/emi20230620t193656p13024-E_l3a-vis-ch4-mfa-v3_plume.tif,https://api.carbonmapper.org/api/v1/catalog/asset/l3a-ime-ch4-mfa-v3/2023/06/20/emi20230620t193656p13024-E/emi20230620t193656p13024-E_l3a-ime-ch4-mfa-v3_ime-cmf-concentrations.tif,/data2/yuyao/methane_emission/data/raw_data_dir/S2A_MSIL2A_20230621T173051_N0510_R012_T14SKA_20240928T070241.SAFE,/data2/yuyao/methane_emission/carbonmapper_data_l89_l2sp/emi20230620t193656p13024-E/l8_LC09_L2SP_030037_20230621_20230623_02_T1.tif,52.919418,1.08
emi20230620t193656p13024-E,https://api.carbonmapper.org/api/v1/catalog/asset/l3a-vis-ch4-mfa-v3/2023/06/20/emi20230620t193656p13024-E/emi20230620t193656p13024-E_l3a-vis-ch4-mfa-v3_plume.tif,https://api.carbonmapper.org/api/v1/catalog/asset/l3a-ime-ch4-mfa-v3/2023/06/20/emi20230620t193656p13024-E/emi20230620t193656p13024-E_l3a-ime-ch4-mfa-v3_ime-cmf-concentrations.tif,/data2/yuyao/methane_emission/data/raw_data_dir/S2A_MSIL2A_20230621T173051_N0510_R012_T14SKA_20240928T070241.SAFE,/data2/yuyao/methane_emission/carbonmapper_data_l89_l2sp/emi20230620t193656p13024-E/l8_LC09_L2SP_030038_20230621_20230623_02_T1.tif,52.919418,37.27
emi20230620t193656p13024-H,https://api.carbonmapper.org/api/v1/catalog/asset/l3a-vis-ch4-mfa-v3/2023/06/20/emi20230620t193656p13024-H/emi20230620t193656p13024-H_l3a-vis-ch4-mfa-v3_plume.tif,https://api.carbonmapper.org/api/v1/catalog/asset/l3a-ime-ch4-mfa-v3/2023/06/20/emi20230620t193656p13024-H/emi20230620t193656p13024-H_l3a-ime-ch4-mfa-v3_ime-cmf-concentrations.tif,/data2/yuyao/methane_emission/data/raw_data_dir/S2A_MSIL2A_20230621T173051_N0510_R012_T14SKA_20240928T070241.SAFE,/data2/yuyao/methane_emission/carbonmapper_data_l89_l2sp/emi20230620t193656p13024-H/l8_LC09_L2SP_030038_20230621_20230623_02_T1.tif,52.919418,37.27
emi20230620t193708p13025-A,https://api.carbonmapper.org/api/v1/catalog/asset/l3a-vis-ch4-mfa-v3/2023/06/20/emi20230620t193708p13025-A/emi20230620t193708p13025-A_l3a-vis-ch4-mfa-v3_plume.tif,https://api.carbonmapper.org/api/v1/catalog/asset/l3a-ime-ch4-mfa-v3/2023/06/20/emi20230620t193708p13025-A/emi20230620t193708p13025-A_l3a-ime-ch4-mfa-v3_ime-cmf-concentrations.tif,/data2/yuyao/methane_emission/data/raw_data_dir/S2A_MSIL2A_20230621T173051_N0510_R012_T14RKV_20240928T070241.SAFE,/data2/yuyao/methane_emission/carbonmapper_data_l89_l2sp/emi20230620t193708p13025-A/l8_LC09_L2SP_030038_20230621_20230623_02_T1.tif,59.678048,37.27
emi20230620t193708p13025-C,https://api.carbonmapper.org/api/v1/catalog/asset/l3a-vis-ch4-mfa-v3/2023/06/20/emi20230620t193708p13025-C/emi20230620t193708p13025-C_l3a-vis-ch4-mfa-v3_plume.tif,https://api.carbonmapper.org/api/v1/catalog/asset/l3a-ime-ch4-mfa-v3/2023/06/20/emi20230620t193708p13025-C/emi20230620t193708p13025-C_l3a-ime-ch4-mfa-v3_ime-cmf-concentrations.tif,/data2/yuyao/methane_emission/data/raw_data_dir/S2A_MSIL2A_20230621T173051_N0510_R012_T14RKV_20240928T070241.SAFE,/data2/yuyao/methane_emission/carbonmapper_data_l89_l2sp/emi20230620t193708p13025-C/l8_LC09_L2SP_030038_20230621_20230623_02_T1.tif,59.678048,37.27
emi20230620t193708p13025-D,https://api.carbonmapper.org/api/v1/catalog/asset/l3a-vis-ch4-mfa-v3/2023/06/20/emi20230620t193708p13025-D/emi20230620t193708p13025-D_l3a-vis-ch4-mfa-v3_plume.tif,https://api.carbonmapper.org/api/v1/catalog/asset/l3a-ime-ch4-mfa-v3/2023/06/20/emi20230620t193708p13025-D/emi20230620t193708p13025-D_l3a-ime-ch4-mfa-v3_ime-cmf-concentrations.tif,/data2/yuyao/methane_emission/data/raw_data_dir/S2A_MSIL2A_20230621T173051_N0510_R012_T14RKV_20240928T070241.SAFE,/data2/yuyao/methane_emission/carbonmapper_data_l89_l2sp/emi20230620t193708p13025-D/l8_LC09_L2SP_030038_20230621_20230623_02_T1.tif,59.678048,37.27
emi20230620t193708p13025-F,https://api.carbonmapper.org/api/v1/catalog/asset/l3a-vis-ch4-mfa-v3/2023/06/20/emi20230620t193708p13025-F/emi20230620t193708p13025-F_l3a-vis-ch4-mfa-v3_plume.tif,https://api.carbonmapper.org/api/v1/catalog/asset/l3a-ime-ch4-mfa-v3/2023/06/20/emi20230620t193708p13025-F/emi20230620t193708p13025-F_l3a-ime-ch4-mfa-v3_ime-cmf-concentrations.tif,/data2/yuyao/methane_emission/data/raw_data_dir/S2A_MSIL2A_20230621T173051_N0510_R012_T14RKV_20240928T070241.SAFE,/data2/yuyao/methane_emission/carbonmapper_data_l89_l2sp/emi20230620t193708p13025-F/l8_LC09_L2SP_030038_20230621_20230623_02_T1.tif,59.678048,37.27
emi20230624t070624p05011-A,https://api.carbonmapper.org/api/v1/catalog/asset/l3a-vis-ch4-mfa-v3/2023/06/24/emi20230624t070624p05011-A/emi20230624t070624p05011-A_l3a-vis-ch4-mfa-v3_plume.tif,https://api.carbonmapper.org/api/v1/catalog/asset/l3a-ime-ch4-mfa-v3/2023/06/24/emi20230624t070624p05011-A/emi20230624t070624p05011-A_l3a-ime-ch4-mfa-v3_ime-cmf-concentrations.tif,/data2/yuyao/methane_emission/data/raw_data_dir/S2B_MSIL2A_20230623T070629_N0510_R106_T39SYD_20240928T151925.SAFE,/data2/yuyao/methane_emission/carbonmapper_data_l89_l2sp/emi20230624t070624p05011-A/l8_LC08_L2SP_164032_20230624_20230630_02_T1.tif,0.406966,48.09
emi20230624t070624p05011-A,https://api.carbonmapper.org/api/v1/catalog/asset/l3a-vis-ch4-mfa-v3/2023/06/24/emi20230624t070624p05011-A/emi20230624t070624p05011-A_l3a-vis-ch4-mfa-v3_plume.tif,https://api.carbonmapper.org/api/v1/catalog/asset/l3a-ime-ch4-mfa-v3/2023/06/24/emi20230624t070624p05011-A/emi20230624t070624p05011-A_l3a-ime-ch4-mfa-v3_ime-cmf-concentrations.tif,/data2/yuyao/methane_emission/data/raw_data_dir/S2B_MSIL2A_20230623T070629_N0510_R106_T39SYD_20240928T151925.SAFE,/data2/yuyao/methane_emission/carbonmapper_data_l89_l2sp/emi20230624t070624p05011-A/l8_LC09_L2SP_163033_20230625_20230627_02_T1.tif,0.406966,2.4
emi20230624t070624p05011-B,https://api.carbonmapper.org/api/v1/catalog/asset/l3a-vis-ch4-mfa-v3/2023/06/24/emi20230624t070624p05011-B/emi20230624t070624p05011-B_l3a-vis-ch4-mfa-v3_plume.tif,https://api.carbonmapper.org/api/v1/catalog/asset/l3a-ime-ch4-mfa-v3/2023/06/24/emi20230624t070624p05011-B/emi20230624t070624p05011-B_l3a-ime-ch4-mfa-v3_ime-cmf-concentrations.tif,/data2/yuyao/methane_emission/data/raw_data_dir/S2B_MSIL2A_20230623T070629_N0510_R106_T39SYD_20240928T151925.SAFE,/data2/yuyao/methane_emission/carbonmapper_data_l89_l2sp/emi20230624t070624p05011-B/l8_LC08_L2SP_164032_20230624_20230630_02_T1.tif,0.406966,48.09
emi20230624t070624p05011-B,https://api.carbonmapper.org/api/v1/catalog/asset/l3a-vis-ch4-mfa-v3/2023/06/24/emi20230624t070624p05011-B/emi20230624t070624p05011-B_l3a-vis-ch4-mfa-v3_plume.tif,https://api.carbonmapper.org/api/v1/catalog/asset/l3a-ime-ch4-mfa-v3/2023/06/24/emi20230624t070624p05011-B/emi20230624t070624p05011-B_l3a-ime-ch4-mfa-v3_ime-cmf-concentrations.tif,/data2/yuyao/methane_emission/data/raw_data_dir/S2B_MSIL2A_20230623T070629_N0510_R106_T39SYD_20240928T151925.SAFE,/data2/yuyao/methane_emission/carbonmapper_data_l89_l2sp/emi20230624t070624p05011-B/l8_LC09_L2SP_163033_20230625_20230627_02_T1.tif,0.406966,2.4
emi20230626t101232p07010-A,https://api.carbonmapper.org/api/v1/catalog/asset/l3a-vis-ch4-mfa-v3/2023/06/26/emi20230626t101232p07010-A/emi20230626t101232p07010-A_l3a-vis-ch4-mfa-v3_plume.tif,https://api.carbonmapper.org/api/v1/catalog/asset/l3a-ime-ch4-mfa-v3/2023/06/26/emi20230626t101232p07010-A/emi20230626t101232p07010-A_l3a-ime-ch4-mfa-v3_ime-cmf-concentrations.tif,/data2/yuyao/methane_emission/data/raw_data_dir/S2A_MSIL2A_20230625T101601_N0510_R065_T32SKA_20240910T125018.SAFE,/data2/yuyao/methane_emission/carbonmapper_data_l89_l2sp/emi20230626t101232p07010-A/l8_LC09_L2SP_193038_20230627_20230629_02_T1.tif,0.004084,0.0
emi20230626t101232p07010-A,https://api.carbonmapper.org/api/v1/catalog/asset/l3a-vis-ch4-mfa-v3/2023/06/26/emi20230626t101232p07010-A/emi20230626t101232p07010-A_l3a-vis-ch4-mfa-v3_plume.tif,https://api.carbonmapper.org/api/v1/catalog/asset/l3a-ime-ch4-mfa-v3/2023/06/26/emi20230626t101232p07010-A/emi20230626t101232p07010-A_l3a-ime-ch4-mfa-v3_ime-cmf-concentrations.tif,/data2/yuyao/methane_emission/data/raw_data_dir/S2B_MSIL2A_20230627T100559_N0510_R022_T32SKA_20240911T191840.SAFE,/data2/yuyao/methane_emission/carbonmapper_data_l89_l2sp/emi20230626t101232p07010-A/l8_LC09_L2SP_193038_20230627_20230629_02_T1.tif,0.003552,0.0
emi20230626t101232p07010-B,https://api.carbonmapper.org/api/v1/catalog/asset/l3a-vis-ch4-mfa-v3/2023/06/26/emi20230626t101232p07010-B/emi20230626t101232p07010-B_l3a-vis-ch4-mfa-v3_plume.tif,https://api.carbonmapper.org/api/v1/catalog/asset/l3a-ime-ch4-mfa-v3/2023/06/26/emi20230626t101232p07010-B/emi20230626t101232p07010-B_l3a-ime-ch4-mfa-v3_ime-cmf-concentrations.tif,/data2/yuyao/methane_emission/data/raw_data_dir/S2A_MSIL2A_20230625T101601_N0510_R065_T32SKA_20240910T125018.SAFE,/data2/yuyao/methane_emission/carbonmapper_data_l89_l2sp/emi20230626t101232p07010-B/l8_LC09_L2SP_193038_20230627_20230629_02_T1.tif,0.004084,0.0
emi20230626t101232p07010-B,https://api.carbonmapper.org/api/v1/catalog/asset/l3a-vis-ch4-mfa-v3/2023/06/26/emi20230626t101232p07010-B/emi20230626t101232p07010-B_l3a-vis-ch4-mfa-v3_plume.tif,https://api.carbonmapper.org/api/v1/catalog/asset/l3a-ime-ch4-mfa-v3/2023/06/26/emi20230626t101232p07010-B/emi20230626t101232p07010-B_l3a-ime-ch4-mfa-v3_ime-cmf-concentrations.tif,/data2/yuyao/methane_emission/data/raw_data_dir/S2B_MSIL2A_20230627T100559_N0510_R022_T32SKA_20240911T191840.SAFE,/data2/yuyao/methane_emission/carbonmapper_data_l89_l2sp/emi20230626t101232p07010-B/l8_LC09_L2SP_193038_20230627_20230629_02_T1.tif,0.003552,0.0
emi20230626t101232p07010-C,https://api.carbonmapper.org/api/v1/catalog/asset/l3a-vis-ch4-mfa-v3/2023/06/26/emi20230626t101232p07010-C/emi20230626t101232p07010-C_l3a-vis-ch4-mfa-v3_plume.tif,https://api.carbonmapper.org/api/v1/catalog/asset/l3a-ime-ch4-mfa-v3/2023/06/26/emi20230626t101232p07010-C/emi20230626t101232p07010-C_l3a-ime-ch4-mfa-v3_ime-cmf-concentrations.tif,/data2/yuyao/methane_emission/data/raw_data_dir/S2A_MSIL2A_20230625T101601_N0510_R065_T32SKA_20240910T125018.SAFE,/data2/yuyao/methane_emission/carbonmapper_data_l89_l2sp/emi20230626t101232p07010-C/l8_LC09_L2SP_193038_20230627_20230629_02_T1.tif,0.004084,0.0
emi20230626t101232p07010-C,https://api.carbonmapper.org/api/v1/catalog/asset/l3a-vis-ch4-mfa-v3/2023/06/26/emi20230626t101232p07010-C/emi20230626t101232p07010-C_l3a-vis-ch4-mfa-v3_plume.tif,https://api.carbonmapper.org/api/v1/catalog/asset/l3a-ime-ch4-mfa-v3/2023/06/26/emi20230626t101232p07010-C/emi20230626t101232p07010-C_l3a-ime-ch4-mfa-v3_ime-cmf-concentrations.tif,/data2/yuyao/methane_emission/data/raw_data_dir/S2B_MSIL2A_20230627T100559_N0510_R022_T32SKA_20240911T191840.SAFE,/data2/yuyao/methane_emission/carbonmapper_data_l89_l2sp/emi20230626t101232p07010-C/l8_LC09_L2SP_193038_20230627_20230629_02_T1.tif,0.003552,0.0
emi20230725t100701p07013-A,https://api.carbonmapper.org/api/v1/catalog/asset/l3a-vis-ch4-mfa-v3/2023/07/25/emi20230725t100701p07013-A/emi20230725t100701p07013-A_l3a-vis-ch4-mfa-v3_plume.tif,https://api.carbonmapper.org/api/v1/catalog/asset/l3a-ime-ch4-mfa-v3/2023/07/25/emi20230725t100701p07013-A/emi20230725t100701p07013-A_l3a-ime-ch4-mfa-v3_ime-cmf-concentrations.tif,/data2/yuyao/methane_emission/data/raw_data_dir/S2B_MSIL2A_20230726T053649_N0510_R005_T43SDR_20240927T143904.SAFE,/data2/yuyao/methane_emission/carbonmapper_data_l89_l2sp/emi20230725t100701p07013-A/l8_LC09_L2SP_149038_20230725_20230802_02_T2.tif,73.335111,100.0
emi20230725t113927p08036-C,https://api.carbonmapper.org/api/v1/catalog/asset/l3a-vis-ch4-mfa-v3/2023/07/25/emi20230725t113927p08036-C/emi20230725t113927p08036-C_l3a-vis-ch4-mfa-v3_plume.tif,https://api.carbonmapper.org/api/v1/catalog/asset/l3a-ime-ch4-mfa-v3/2023/07/25/emi20230725t113927p08036-C/emi20230725t113927p08036-C_l3a-ime-ch4-mfa-v3_ime-cmf-concentrations.tif,/data2/yuyao/methane_emission/data/raw_data_dir/S2B_MSIL2A_20230726T071629_N0510_R006_T39RUQ_20240928T034152.SAFE,/data2/yuyao/methane_emission/carbonmapper_data_l89_l2sp/emi20230725t113927p08036-C/l8_LC09_L2SP_165039_20230725_20230802_02_T1.tif,15.394165999999998,0.0
emi20230731t191846p13016-A,https://api.carbonmapper.org/api/v1/catalog/asset/l3a-vis-ch4-mfa-v3/2023/07/31/emi20230731t191846p13016-A/emi20230731t191846p13016-A_l3a-vis-ch4-mfa-v3_plume.tif,https://api.carbonmapper.org/api/v1/catalog/asset/l3a-ime-ch4-mfa-v3/2023/07/31/emi20230731t191846p13016-A/emi20230731t191846p13016-A_l3a-ime-ch4-mfa-v3_ime-cmf-concentrations.tif,/data2/yuyao/methane_emission/data/raw_data_dir/S2A_MSIL2A_20230731T171901_N0510_R012_T14SKA_20241021T023018.SAFE,/data2/yuyao/methane_emission/carbonmapper_data_l89_l2sp/emi20230731t191846p13016-A/l8_LC08_L2SP_030038_20230731_20230805_02_T1.tif,6.586604,2.26
emi20230731t191846p13016-B,https://api.carbonmapper.org/api/v1/catalog/asset/l3a-vis-ch4-mfa-v3/2023/07/31/emi20230731t191846p13016-B/emi20230731t191846p13016-B_l3a-vis-ch4-mfa-v3_plume.tif,https://api.carbonmapper.org/api/v1/catalog/asset/l3a-ime-ch4-mfa-v3/2023/07/31/emi20230731t191846p13016-B/emi20230731t191846p13016-B_l3a-ime-ch4-mfa-v3_ime-cmf-concentrations.tif,/data2/yuyao/methane_emission/data/raw_data_dir/S2A_MSIL2A_20230731T171901_N0510_R012_T14SKA_20241021T023018.SAFE,/data2/yuyao/methane_emission/carbonmapper_data_l89_l2sp/emi20230731t191846p13016-B/l8_LC08_L2SP_030038_20230731_20230805_02_T1.tif,6.586604,2.26
emi20230731t191846p13016-B,https://api.carbonmapper.org/api/v1/catalog/asset/l3a-vis-ch4-mfa-v3/2023/07/31/emi20230731t191846p13016-B/emi20230731t191846p13016-B_l3a-vis-ch4-mfa-v3_plume.tif,https://api.carbonmapper.org/api/v1/catalog/asset/l3a-ime-ch4-mfa-v3/2023/07/31/emi20230731t191846p13016-B/emi20230731t191846p13016-B_l3a-ime-ch4-mfa-v3_ime-cmf-concentrations.tif,/data2/yuyao/methane_emission/data/raw_data_dir/S2A_MSIL2A_20230731T171901_N0510_R012_T14SKA_20241021T023018.SAFE,/data2/yuyao/methane_emission/carbonmapper_data_l89_l2sp/emi20230731t191846p13016-B/l8_LC09_L2SP_029038_20230801_20230803_02_T1.tif,6.586604,0.0
emi20230731t191846p13016-C,https://api.carbonmapper.org/api/v1/catalog/asset/l3a-vis-ch4-mfa-v3/2023/07/31/emi20230731t191846p13016-C/emi20230731t191846p13016-C_l3a-vis-ch4-mfa-v3_plume.tif,https://api.carbonmapper.org/api/v1/catalog/asset/l3a-ime-ch4-mfa-v3/2023/07/31/emi20230731t191846p13016-C/emi20230731t191846p13016-C_l3a-ime-ch4-mfa-v3_ime-cmf-concentrations.tif,/data2/yuyao/methane_emission/data/raw_data_dir/S2A_MSIL2A_20230731T171901_N0510_R012_T14SKA_20241021T023018.SAFE,/data2/yuyao/methane_emission/carbonmapper_data_l89_l2sp/emi20230731t191846p13016-C/l8_LC08_L2SP_030038_20230731_20230805_02_T1.tif,6.586604,2.26
emi20230731t191846p13016-F,https://api.carbonmapper.org/api/v1/catalog/asset/l3a-vis-ch4-mfa-v3/2023/07/31/emi20230731t191846p13016-F/emi20230731t191846p13016-F_l3a-vis-ch4-mfa-v3_plume.tif,https://api.carbonmapper.org/api/v1/catalog/asset/l3a-ime-ch4-mfa-v3/2023/07/31/emi20230731t191846p13016-F/emi20230731t191846p13016-F_l3a-ime-ch4-mfa-v3_ime-cmf-concentrations.tif,/data2/yuyao/methane_emission/data/raw_data_dir/S2A_MSIL2A_20230731T171901_N0510_R012_T14SKA_20241021T023018.SAFE,/data2/yuyao/methane_emission/carbonmapper_data_l89_l2sp/emi20230731t191846p13016-F/l8_LC08_L2SP_030038_20230731_20230805_02_T1.tif,6.586604,2.26
emi20230731t191846p13016-G,https://api.carbonmapper.org/api/v1/catalog/asset/l3a-vis-ch4-mfa-v3/2023/07/31/emi20230731t191846p13016-G/emi20230731t191846p13016-G_l3a-vis-ch4-mfa-v3_plume.tif,https://api.carbonmapper.org/api/v1/catalog/asset/l3a-ime-ch4-mfa-v3/2023/07/31/emi20230731t191846p13016-G/emi20230731t191846p13016-G_l3a-ime-ch4-mfa-v3_ime-cmf-concentrations.tif,/data2/yuyao/methane_emission/data/raw_data_dir/S2A_MSIL2A_20230731T171901_N0510_R012_T14SKA_20241021T023018.SAFE,/data2/yuyao/methane_emission/carbonmapper_data_l89_l2sp/emi20230731t191846p13016-G/l8_LC08_L2SP_030038_20230731_20230805_02_T1.tif,6.586604,2.26
emi20230823t092349p06005-A,https://api.carbonmapper.org/api/v1/catalog/asset/l3a-vis-ch4-mfa-v3/2023/08/23/emi20230823t092349p06005-A/emi20230823t092349p06005-A_l3a-vis-ch4-mfa-v3_plume.tif,https://api.carbonmapper.org/api/v1/catalog/asset/l3a-ime-ch4-mfa-v3/2023/08/23/emi20230823t092349p06005-A/emi20230823t092349p06005-A_l3a-ime-ch4-mfa-v3_ime-cmf-concentrations.tif,/data2/yuyao/methane_emission/data/raw_data_dir/S2B_MSIL2A_20230823T081609_N0510_R121_T36RXV_20241019T103516.SAFE,/data2/yuyao/methane_emission/carbonmapper_data_l89_l2sp/emi20230823t092349p06005-A/l8_LC08_L2SP_175038_20230824_20230826_02_T1.tif,0.012389,9.62
emi20230823t092349p06005-C,https://api.carbonmapper.org/api/v1/catalog/asset/l3a-vis-ch4-mfa-v3/2023/08/23/emi20230823t092349p06005-C/emi20230823t092349p06005-C_l3a-vis-ch4-mfa-v3_plume.tif,https://api.carbonmapper.org/api/v1/catalog/asset/l3a-ime-ch4-mfa-v3/2023/08/23/emi20230823t092349p06005-C/emi20230823t092349p06005-C_l3a-ime-ch4-mfa-v3_ime-cmf-concentrations.tif,/data2/yuyao/methane_emission/data/raw_data_dir/S2B_MSIL2A_20230823T081609_N0510_R121_T36RXV_20241019T103516.SAFE,/data2/yuyao/methane_emission/carbonmapper_data_l89_l2sp/emi20230823t092349p06005-C/l8_LC08_L2SP_175038_20230824_20230826_02_T1.tif,0.012389,9.62
emi20230824t175337p12023-A,https://api.carbonmapper.org/api/v1/catalog/asset/l3a-vis-ch4-mfa-v3/2023/08/24/emi20230824t175337p12023-A/emi20230824t175337p12023-A_l3a-vis-ch4-mfa-v3_plume.tif,https://api.carbonmapper.org/api/v1/catalog/asset/l3a-ime-ch4-mfa-v3/2023/08/24/emi20230824t175337p12023-A/emi20230824t175337p12023-A_l3a-ime-ch4-mfa-v3_ime-cmf-concentrations.tif,/data2/yuyao/methane_emission/data/raw_data_dir/S2B_MSIL2A_20230825T171859_N0510_R012_T13SGR_20241017T081533.SAFE,/data2/yuyao/methane_emission/carbonmapper_data_l89_l2sp/emi20230824t175337p12023-A/l8_LC09_L2SP_030038_20230824_20230826_02_T1.tif,0.174521,5.34
emi20230824t175337p12023-A,https://api.carbonmapper.org/api/v1/catalog/asset/l3a-vis-ch4-mfa-v3/2023/08/24/emi20230824t175337p12023-A/emi20230824t175337p12023-A_l3a-vis-ch4-mfa-v3_plume.tif,https://api.carbonmapper.org/api/v1/catalog/asset/l3a-ime-ch4-mfa-v3/2023/08/24/emi20230824t175337p12023-A/emi20230824t175337p12023-A_l3a-ime-ch4-mfa-v3_ime-cmf-concentrations.tif,/data2/yuyao/methane_emission/data/raw_data_dir/S2B_MSIL2A_20230825T171859_N0510_R012_T14SKA_20241017T081533.SAFE,/data2/yuyao/methane_emission/carbonmapper_data_l89_l2sp/emi20230824t175337p12023-A/l8_LC09_L2SP_030038_20230824_20230826_02_T1.tif,0.004419,5.34
emi20230824t175337p12023-B,https://api.carbonmapper.org/api/v1/catalog/asset/l3a-vis-ch4-mfa-v3/2023/08/24/emi20230824t175337p12023-B/emi20230824t175337p12023-B_l3a-vis-ch4-mfa-v3_plume.tif,https://api.carbonmapper.org/api/v1/catalog/asset/l3a-ime-ch4-mfa-v3/2023/08/24/emi20230824t175337p12023-B/emi20230824t175337p12023-B_l3a-ime-ch4-mfa-v3_ime-cmf-concentrations.tif,/data2/yuyao/methane_emission/data/raw_data_dir/S2B_MSIL2A_20230825T171859_N0510_R012_T13SGR_20241017T081533.SAFE,/data2/yuyao/methane_emission/carbonmapper_data_l89_l2sp/emi20230824t175337p12023-B/l8_LC09_L2SP_030038_20230824_20230826_02_T1.tif,0.174521,5.34
emi20230824t175337p12023-B,https://api.carbonmapper.org/api/v1/catalog/asset/l3a-vis-ch4-mfa-v3/2023/08/24/emi20230824t175337p12023-B/emi20230824t175337p12023-B_l3a-vis-ch4-mfa-v3_plume.tif,https://api.carbonmapper.org/api/v1/catalog/asset/l3a-ime-ch4-mfa-v3/2023/08/24/emi20230824t175337p12023-B/emi20230824t175337p12023-B_l3a-ime-ch4-mfa-v3_ime-cmf-concentrations.tif,/data2/yuyao/methane_emission/data/raw_data_dir/S2B_MSIL2A_20230825T171859_N0510_R012_T14SKA_20241017T081533.SAFE,/data2/yuyao/methane_emission/carbonmapper_data_l89_l2sp/emi20230824t175337p12023-B/l8_LC09_L2SP_030038_20230824_20230826_02_T1.tif,0.004419,5.34
emi20230824t175337p12023-C,https://api.carbonmapper.org/api/v1/catalog/asset/l3a-vis-ch4-mfa-v3/2023/08/24/emi20230824t175337p12023-C/emi20230824t175337p12023-C_l3a-vis-ch4-mfa-v3_plume.tif,https://api.carbonmapper.org/api/v1/catalog/asset/l3a-ime-ch4-mfa-v3/2023/08/24/emi20230824t175337p12023-C/emi20230824t175337p12023-C_l3a-ime-ch4-mfa-v3_ime-cmf-concentrations.tif,/data2/yuyao/methane_emission/data/raw_data_dir/S2B_MSIL2A_20230825T171859_N0510_R012_T13SGR_20241017T081533.SAFE,/data2/yuyao/methane_emission/carbonmapper_data_l89_l2sp/emi20230824t175337p12023-C/l8_LC09_L2SP_030038_20230824_20230826_02_T1.tif,0.174521,5.34
emi20230824t175337p12023-C,https://api.carbonmapper.org/api/v1/catalog/asset/l3a-vis-ch4-mfa-v3/2023/08/24/emi20230824t175337p12023-C/emi20230824t175337p12023-C_l3a-vis-ch4-mfa-v3_plume.tif,https://api.carbonmapper.org/api/v1/catalog/asset/l3a-ime-ch4-mfa-v3/2023/08/24/emi20230824t175337p12023-C/emi20230824t175337p12023-C_l3a-ime-ch4-mfa-v3_ime-cmf-concentrations.tif,/data2/yuyao/methane_emission/data/raw_data_dir/S2B_MSIL2A_20230825T171859_N0510_R012_T14SKA_20241017T081533.SAFE,/data2/yuyao/methane_emission/carbonmapper_data_l89_l2sp/emi20230824t175337p12023-C/l8_LC09_L2SP_030038_20230824_20230826_02_T1.tif,0.004419,5.34
emi20230824t175337p12023-D,https://api.carbonmapper.org/api/v1/catalog/asset/l3a-vis-ch4-mfa-v3/2023/08/24/emi20230824t175337p12023-D/emi20230824t175337p12023-D_l3a-vis-ch4-mfa-v3_plume.tif,https://api.carbonmapper.org/api/v1/catalog/asset/l3a-ime-ch4-mfa-v3/2023/08/24/emi20230824t175337p12023-D/emi20230824t175337p12023-D_l3a-ime-ch4-mfa-v3_ime-cmf-concentrations.tif,/data2/yuyao/methane_emission/data/raw_data_dir/S2B_MSIL2A_20230825T171859_N0510_R012_T13SGS_20241017T081533.SAFE,/data2/yuyao/methane_emission/carbonmapper_data_l89_l2sp/emi20230824t175337p12023-D/l8_LC09_L2SP_030038_20230824_20230826_02_T1.tif,0.024233,5.34
emi20230824t175337p12023-D,https://api.carbonmapper.org/api/v1/catalog/asset/l3a-vis-ch4-mfa-v3/2023/08/24/emi20230824t175337p12023-D/emi20230824t175337p12023-D_l3a-vis-ch4-mfa-v3_plume.tif,https://api.carbonmapper.org/api/v1/catalog/asset/l3a-ime-ch4-mfa-v3/2023/08/24/emi20230824t175337p12023-D/emi20230824t175337p12023-D_l3a-ime-ch4-mfa-v3_ime-cmf-concentrations.tif,/data2/yuyao/methane_emission/data/raw_data_dir/S2B_MSIL2A_20230825T171859_N0510_R012_T14SKA_20241017T081533.SAFE,/data2/yuyao/methane_emission/carbonmapper_data_l89_l2sp/emi20230824t175337p12023-D/l8_LC09_L2SP_030038_20230824_20230826_02_T1.tif,0.004419,5.34
emi20230824t175337p12023-E,https://api.carbonmapper.org/api/v1/catalog/asset/l3a-vis-ch4-mfa-v3/2023/08/24/emi20230824t175337p12023-E/emi20230824t175337p12023-E_l3a-vis-ch4-mfa-v3_plume.tif,https://api.carbonmapper.org/api/v1/catalog/asset/l3a-ime-ch4-mfa-v3/2023/08/24/emi20230824t175337p12023-E/emi20230824t175337p12023-E_l3a-ime-ch4-mfa-v3_ime-cmf-concentrations.tif,/data2/yuyao/methane_emission/data/raw_data_dir/S2B_MSIL2A_20230825T171859_N0510_R012_T14SKA_20241017T081533.SAFE,/data2/yuyao/methane_emission/carbonmapper_data_l89_l2sp/emi20230824t175337p12023-E/l8_LC09_L2SP_030038_20230824_20230826_02_T1.tif,0.004419,5.34
emi20230824t175337p12023-E,https://api.carbonmapper.org/api/v1/catalog/asset/l3a-vis-ch4-mfa-v3/2023/08/24/emi20230824t175337p12023-E/emi20230824t175337p12023-E_l3a-vis-ch4-mfa-v3_plume.tif,https://api.carbonmapper.org/api/v1/catalog/asset/l3a-ime-ch4-mfa-v3/2023/08/24/emi20230824t175337p12023-E/emi20230824t175337p12023-E_l3a-ime-ch4-mfa-v3_ime-cmf-concentrations.tif,/data2/yuyao/methane_emission/data/raw_data_dir/S2B_MSIL2A_20230825T171859_N0510_R012_T13SGR_20241017T081533.SAFE,/data2/yuyao/methane_emission/carbonmapper_data_l89_l2sp/emi20230824t175337p12023-E/l8_LC09_L2SP_030038_20230824_20230826_02_T1.tif,0.174521,5.34
emi20230824t175337p12023-F,https://api.carbonmapper.org/api/v1/catalog/asset/l3a-vis-ch4-mfa-v3/2023/08/24/emi20230824t175337p12023-F/emi20230824t175337p12023-F_l3a-vis-ch4-mfa-v3_plume.tif,https://api.carbonmapper.org/api/v1/catalog/asset/l3a-ime-ch4-mfa-v3/2023/08/24/emi20230824t175337p12023-F/emi20230824t175337p12023-F_l3a-ime-ch4-mfa-v3_ime-cmf-concentrations.tif,/data2/yuyao/methane_emission/data/raw_data_dir/S2B_MSIL2A_20230825T171859_N0510_R012_T13SGR_20241017T081533.SAFE,/data2/yuyao/methane_emission/carbonmapper_data_l89_l2sp/emi20230824t175337p12023-F/l8_LC09_L2SP_030038_20230824_20230826_02_T1.tif,0.174521,5.34
emi20230824t175337p12023-F,https://api.carbonmapper.org/api/v1/catalog/asset/l3a-vis-ch4-mfa-v3/2023/08/24/emi20230824t175337p12023-F/emi20230824t175337p12023-F_l3a-vis-ch4-mfa-v3_plume.tif,https://api.carbonmapper.org/api/v1/catalog/asset/l3a-ime-ch4-mfa-v3/2023/08/24/emi20230824t175337p12023-F/emi20230824t175337p12023-F_l3a-ime-ch4-mfa-v3_ime-cmf-concentrations.tif,/data2/yuyao/methane_emission/data/raw_data_dir/S2B_MSIL2A_20230825T171859_N0510_R012_T14SKA_20241017T081533.SAFE,/data2/yuyao/methane_emission/carbonmapper_data_l89_l2sp/emi20230824t175337p12023-F/l8_LC09_L2SP_030038_20230824_20230826_02_T1.tif,0.004419,5.34
emi20230824t175349p12024-A,https://api.carbonmapper.org/api/v1/catalog/asset/l3a-vis-ch4-mfa-v3/2023/08/24/emi20230824t175349p12024-A/emi20230824t175349p12024-A_l3a-vis-ch4-mfa-v3_plume.tif,https://api.carbonmapper.org/api/v1/catalog/asset/l3a-ime-ch4-mfa-v3/2023/08/24/emi20230824t175349p12024-A/emi20230824t175349p12024-A_l3a-ime-ch4-mfa-v3_ime-cmf-concentrations.tif,/data2/yuyao/methane_emission/data/raw_data_dir/S2B_MSIL2A_20230825T171859_N0510_R012_T14SKA_20241017T081533.SAFE,/data2/yuyao/methane_emission/carbonmapper_data_l89_l2sp/emi20230824t175349p12024-A/l8_LC09_L2SP_030038_20230824_20230826_02_T1.tif,0.004419,5.34
emi20230824t175349p12024-A,https://api.carbonmapper.org/api/v1/catalog/asset/l3a-vis-ch4-mfa-v3/2023/08/24/emi20230824t175349p12024-A/emi20230824t175349p12024-A_l3a-vis-ch4-mfa-v3_plume.tif,https://api.carbonmapper.org/api/v1/catalog/asset/l3a-ime-ch4-mfa-v3/2023/08/24/emi20230824t175349p12024-A/emi20230824t175349p12024-A_l3a-ime-ch4-mfa-v3_ime-cmf-concentrations.tif,/data2/yuyao/methane_emission/data/raw_data_dir/S2B_MSIL2A_20230825T171859_N0510_R012_T13SGR_20241017T081533.SAFE,/data2/yuyao/methane_emission/carbonmapper_data_l89_l2sp/emi20230824t175349p12024-A/l8_LC09_L2SP_030038_20230824_20230826_02_T1.tif,0.174521,5.34
emi20230824t175349p12024-B,https://api.carbonmapper.org/api/v1/catalog/asset/l3a-vis-ch4-mfa-v3/2023/08/24/emi20230824t175349p12024-B/emi20230824t175349p12024-B_l3a-vis-ch4-mfa-v3_plume.tif,https://api.carbonmapper.org/api/v1/catalog/asset/l3a-ime-ch4-mfa-v3/2023/08/24/emi20230824t175349p12024-B/emi20230824t175349p12024-B_l3a-ime-ch4-mfa-v3_ime-cmf-concentrations.tif,/data2/yuyao/methane_emission/data/raw_data_dir/S2B_MSIL2A_20230825T171859_N0510_R012_T13SGR_20241017T081533.SAFE,/data2/yuyao/methane_emission/carbonmapper_data_l89_l2sp/emi20230824t175349p12024-B/l8_LC09_L2SP_030038_20230824_20230826_02_T1.tif,0.174521,5.34
emi20230824t175349p12024-B,https://api.carbonmapper.org/api/v1/catalog/asset/l3a-vis-ch4-mfa-v3/2023/08/24/emi20230824t175349p12024-B/emi20230824t175349p12024-B_l3a-vis-ch4-mfa-v3_plume.tif,https://api.carbonmapper.org/api/v1/catalog/asset/l3a-ime-ch4-mfa-v3/2023/08/24/emi20230824t175349p12024-B/emi20230824t175349p12024-B_l3a-ime-ch4-mfa-v3_ime-cmf-concentrations.tif,/data2/yuyao/methane_emission/data/raw_data_dir/S2B_MSIL2A_20230825T171859_N0510_R012_T14SKA_20241017T081533.SAFE,/data2/yuyao/methane_emission/carbonmapper_data_l89_l2sp/emi20230824t175349p12024-B/l8_LC09_L2SP_030038_20230824_20230826_02_T1.tif,0.004419,5.34
emi20230824t175349p12024-C,https://api.carbonmapper.org/api/v1/catalog/asset/l3a-vis-ch4-mfa-v3/2023/08/24/emi20230824t175349p12024-C/emi20230824t175349p12024-C_l3a-vis-ch4-mfa-v3_plume.tif,https://api.carbonmapper.org/api/v1/catalog/asset/l3a-ime-ch4-mfa-v3/2023/08/24/emi20230824t175349p12024-C/emi20230824t175349p12024-C_l3a-ime-ch4-mfa-v3_ime-cmf-concentrations.tif,/data2/yuyao/methane_emission/data/raw_data_dir/S2B_MSIL2A_20230825T171859_N0510_R012_T14SKA_20241017T081533.SAFE,/data2/yuyao/methane_emission/carbonmapper_data_l89_l2sp/emi20230824t175349p12024-C/l8_LC09_L2SP_030038_20230824_20230826_02_T1.tif,0.004419,5.34
emi20230824t175349p12024-C,https://api.carbonmapper.org/api/v1/catalog/asset/l3a-vis-ch4-mfa-v3/2023/08/24/emi20230824t175349p12024-C/emi20230824t175349p12024-C_l3a-vis-ch4-mfa-v3_plume.tif,https://api.carbonmapper.org/api/v1/catalog/asset/l3a-ime-ch4-mfa-v3/2023/08/24/emi20230824t175349p12024-C/emi20230824t175349p12024-C_l3a-ime-ch4-mfa-v3_ime-cmf-concentrations.tif,/data2/yuyao/methane_emission/data/raw_data_dir/S2B_MSIL2A_20230825T171859_N0510_R012_T13SGR_20241017T081533.SAFE,/data2/yuyao/methane_emission/carbonmapper_data_l89_l2sp/emi20230824t175349p12024-C/l8_LC09_L2SP_030038_20230824_20230826_02_T1.tif,0.174521,5.34
emi20230824t175349p12024-D,https://api.carbonmapper.org/api/v1/catalog/asset/l3a-vis-ch4-mfa-v3/2023/08/24/emi20230824t175349p12024-D/emi20230824t175349p12024-D_l3a-vis-ch4-mfa-v3_plume.tif,https://api.carbonmapper.org/api/v1/catalog/asset/l3a-ime-ch4-mfa-v3/2023/08/24/emi20230824t175349p12024-D/emi20230824t175349p12024-D_l3a-ime-ch4-mfa-v3_ime-cmf-concentrations.tif,/data2/yuyao/methane_emission/data/raw_data_dir/S2B_MSIL2A_20230825T171859_N0510_R012_T13SGR_20241017T081533.SAFE,/data2/yuyao/methane_emission/carbonmapper_data_l89_l2sp/emi20230824t175349p12024-D/l8_LC09_L2SP_030038_20230824_20230826_02_T1.tif,0.174521,5.34
emi20230824t175349p12024-D,https://api.carbonmapper.org/api/v1/catalog/asset/l3a-vis-ch4-mfa-v3/2023/08/24/emi20230824t175349p12024-D/emi20230824t175349p12024-D_l3a-vis-ch4-mfa-v3_plume.tif,https://api.carbonmapper.org/api/v1/catalog/asset/l3a-ime-ch4-mfa-v3/2023/08/24/emi20230824t175349p12024-D/emi20230824t175349p12024-D_l3a-ime-ch4-mfa-v3_ime-cmf-concentrations.tif,/data2/yuyao/methane_emission/data/raw_data_dir/S2B_MSIL2A_20230825T171859_N0510_R012_T14SKA_20241017T081533.SAFE,/data2/yuyao/methane_emission/carbonmapper_data_l89_l2sp/emi20230824t175349p12024-D/l8_LC09_L2SP_030038_20230824_20230826_02_T1.tif,0.004419,5.34
emi20230826t100604p07003-B,https://api.carbonmapper.org/api/v1/catalog/asset/l3a-vis-ch4-mfa-v3/2023/08/26/emi20230826t100604p07003-B/emi20230826t100604p07003-B_l3a-vis-ch4-mfa-v3_plume.tif,https://api.carbonmapper.org/api/v1/catalog/asset/l3a-ime-ch4-mfa-v3/2023/08/26/emi20230826t100604p07003-B/emi20230826t100604p07003-B_l3a-ime-ch4-mfa-v3_ime-cmf-concentrations.tif,/data2/yuyao/methane_emission/data/raw_data_dir/S2B_MSIL2A_20230825T103629_N0510_R008_T30SYE_20241015T164304.SAFE,/data2/yuyao/methane_emission/carbonmapper_data_l89_l2sp/emi20230826t100604p07003-B/l8_LC08_L2SP_198035_20230825_20230905_02_T1.tif,0.002848,0.07
emi20230926t114119p08039-A,https://api.carbonmapper.org/api/v1/catalog/asset/l3a-vis-ch4-mfa-v3/2023/09/26/emi20230926t114119p08039-A/emi20230926t114119p08039-A_l3a-vis-ch4-mfa-v3_plume.tif,https://api.carbonmapper.org/api/v1/catalog/asset/l3a-ime-ch4-mfa-v3/2023/09/26/emi20230926t114119p08039-A/emi20230926t114119p08039-A_l3a-ime-ch4-mfa-v3_ime-cmf-concentrations.tif,/data2/yuyao/methane_emission/data/raw_data_dir/S2A_MSIL2A_20230927T081711_N0510_R121_T36RYV_20241101T161748.SAFE,/data2/yuyao/methane_emission/carbonmapper_data_l89_l2sp/emi20230926t114119p08039-A/l8_LC09_L2SP_174039_20230926_20230928_02_T1.tif,0.249624,0.0
emi20230926t114131p08040-A,https://api.carbonmapper.org/api/v1/catalog/asset/l3a-vis-ch4-mfa-v3/2023/09/26/emi20230926t114131p08040-A/emi20230926t114131p08040-A_l3a-vis-ch4-mfa-v3_plume.tif,https://api.carbonmapper.org/api/v1/catalog/asset/l3a-ime-ch4-mfa-v3/2023/09/26/emi20230926t114131p08040-A/emi20230926t114131p08040-A_l3a-ime-ch4-mfa-v3_ime-cmf-concentrations.tif,/data2/yuyao/methane_emission/data/raw_data_dir/S2A_MSIL2A_20230927T081711_N0510_R121_T36RYV_20241101T161748.SAFE,/data2/yuyao/methane_emission/carbonmapper_data_l89_l2sp/emi20230926t114131p08040-A/l8_LC09_L2SP_174038_20230926_20230928_02_T1.tif,0.249624,0.64
emi20231007t060739p04016-B,https://api.carbonmapper.org/api/v1/catalog/asset/l3a-vis-ch4-mfa-v3/2023/10/07/emi20231007t060739p04016-B/emi20231007t060739p04016-B_l3a-vis-ch4-mfa-v3_plume.tif,https://api.carbonmapper.org/api/v1/catalog/asset/l3a-ime-ch4-mfa-v3/2023/10/07/emi20231007t060739p04016-B/emi20231007t060739p04016-B_l3a-ime-ch4-mfa-v3_ime-cmf-concentrations.tif,/data2/yuyao/methane_emission/data/raw_data_dir/S2A_MSIL2A_20231006T070741_N0510_R106_T39RWN_20241028T154708.SAFE,/data2/yuyao/methane_emission/carbonmapper_data_l89_l2sp/emi20231007t060739p04016-B/l8_LC08_L2SP_163039_20231007_20231011_02_T1.tif,0.00063,0.04
emi20231007t152631p10005-B,https://api.carbonmapper.org/api/v1/catalog/asset/l3a-vis-ch4-mfa-v3/2023/10/07/emi20231007t152631p10005-B/emi20231007t152631p10005-B_l3a-vis-ch4-mfa-v3_plume.tif,https://api.carbonmapper.org/api/v1/catalog/asset/l3a-ime-ch4-mfa-v3/2023/10/07/emi20231007t152631p10005-B/emi20231007t152631p10005-B_l3a-ime-ch4-mfa-v3_ime-cmf-concentrations.tif,/data2/yuyao/methane_emission/data/raw_data_dir/S2B_MSIL2A_20231006T162049_N0510_R040_T16SGC_20241102T110801.SAFE,/data2/yuyao/methane_emission/carbonmapper_data_l89_l2sp/emi20231007t152631p10005-B/l8_LC08_L2SP_019036_20231006_20231011_02_T1.tif,79.100865,79.71
emi20231007t152631p10005-C,https://api.carbonmapper.org/api/v1/catalog/asset/l3a-vis-ch4-mfa-v3/2023/10/07/emi20231007t152631p10005-C/emi20231007t152631p10005-C_l3a-vis-ch4-mfa-v3_plume.tif,https://api.carbonmapper.org/api/v1/catalog/asset/l3a-ime-ch4-mfa-v3/2023/10/07/emi20231007t152631p10005-C/emi20231007t152631p10005-C_l3a-ime-ch4-mfa-v3_ime-cmf-concentrations.tif,/data2/yuyao/methane_emission/data/raw_data_dir/S2B_MSIL2A_20231006T162049_N0510_R040_T17SKT_20241102T110801.SAFE,/data2/yuyao/methane_emission/carbonmapper_data_l89_l2sp/emi20231007t152631p10005-C/l8_LC08_L2SP_019036_20231006_20231011_02_T1.tif,62.2091,79.71
emi20231007t152631p10005-C,https://api.carbonmapper.org/api/v1/catalog/asset/l3a-vis-ch4-mfa-v3/2023/10/07/emi20231007t152631p10005-C/emi20231007t152631p10005-C_l3a-vis-ch4-mfa-v3_plume.tif,https://api.carbonmapper.org/api/v1/catalog/asset/l3a-ime-ch4-mfa-v3/2023/10/07/emi20231007t152631p10005-C/emi20231007t152631p10005-C_l3a-ime-ch4-mfa-v3_ime-cmf-concentrations.tif,/data2/yuyao/methane_emission/data/raw_data_dir/S2B_MSIL2A_20231006T162049_N0510_R040_T16SGC_20241102T110801.SAFE,/data2/yuyao/methane_emission/carbonmapper_data_l89_l2sp/emi20231007t152631p10005-C/l8_LC08_L2SP_019036_20231006_20231011_02_T1.tif,79.100865,79.71
emi20231007t152631p10005-E,https://api.carbonmapper.org/api/v1/catalog/asset/l3a-vis-ch4-mfa-v3/2023/10/07/emi20231007t152631p10005-E/emi20231007t152631p10005-E_l3a-vis-ch4-mfa-v3_plume.tif,https://api.carbonmapper.org/api/v1/catalog/asset/l3a-ime-ch4-mfa-v3/2023/10/07/emi20231007t152631p10005-E/emi20231007t152631p10005-E_l3a-ime-ch4-mfa-v3_ime-cmf-concentrations.tif,/data2/yuyao/methane_emission/data/raw_data_dir/S2B_MSIL2A_20231006T162049_N0510_R040_T16SGC_20241102T110801.SAFE,/data2/yuyao/methane_emission/carbonmapper_data_l89_l2sp/emi20231007t152631p10005-E/l8_LC08_L2SP_019036_20231006_20231011_02_T1.tif,79.100865,79.71
emi20231028t070116p05004-A,https://api.carbonmapper.org/api/v1/catalog/asset/l3a-vis-ch4-mfa-v3/2023/10/28/emi20231028t070116p05004-A/emi20231028t070116p05004-A_l3a-vis-ch4-mfa-v3_plume.tif,https://api.carbonmapper.org/api/v1/catalog/asset/l3a-ime-ch4-mfa-v3/2023/10/28/emi20231028t070116p05004-A/emi20231028t070116p05004-A_l3a-ime-ch4-mfa-v3_ime-cmf-concentrations.tif,/data2/yuyao/methane_emission/data/raw_data_dir/S2A_MSIL2A_20231027T082031_N0510_R121_T37SBS_20241108T013446.SAFE,/data2/yuyao/methane_emission/carbonmapper_data_l89_l2sp/emi20231028t070116p05004-A/l8_LC09_L2SP_174037_20231028_20231029_02_T1.tif,71.939057,4.27
emi20231028t161900p11009-A,https://api.carbonmapper.org/api/v1/catalog/asset/l3a-vis-ch4-mfa-v3/2023/10/28/emi20231028t161900p11009-A/emi20231028t161900p11009-A_l3a-vis-ch4-mfa-v3_plume.tif,https://api.carbonmapper.org/api/v1/catalog/asset/l3a-ime-ch4-mfa-v3/2023/10/28/emi20231028t161900p11009-A/emi20231028t161900p11009-A_l3a-ime-ch4-mfa-v3_ime-cmf-concentrations.tif,/data2/yuyao/methane_emission/data/raw_data_dir/S2B_MSIL2A_20231027T173429_N0510_R055_T13RFQ_20241103T095240.SAFE,/data2/yuyao/methane_emission/carbonmapper_data_l89_l2sp/emi20231028t161900p11009-A/l8_LC09_L2SP_030039_20231027_20231028_02_T1.tif,0.671504,35.58
emi20231028t161900p11009-A,https://api.carbonmapper.org/api/v1/catalog/asset/l3a-vis-ch4-mfa-v3/2023/10/28/emi20231028t161900p11009-A/emi20231028t161900p11009-A_l3a-vis-ch4-mfa-v3_plume.tif,https://api.carbonmapper.org/api/v1/catalog/asset/l3a-ime-ch4-mfa-v3/2023/10/28/emi20231028t161900p11009-A/emi20231028t161900p11009-A_l3a-ime-ch4-mfa-v3_ime-cmf-concentrations.tif,/data2/yuyao/methane_emission/data/raw_data_dir/S2B_MSIL2A_20231027T173429_N0510_R055_T13RFQ_20241103T095240.SAFE,/data2/yuyao/methane_emission/carbonmapper_data_l89_l2sp/emi20231028t161900p11009-A/l8_LC09_L2SP_030038_20231027_20231028_02_T1.tif,0.671504,32.91
emi20231028t161900p11009-B,https://api.carbonmapper.org/api/v1/catalog/asset/l3a-vis-ch4-mfa-v3/2023/10/28/emi20231028t161900p11009-B/emi20231028t161900p11009-B_l3a-vis-ch4-mfa-v3_plume.tif,https://api.carbonmapper.org/api/v1/catalog/asset/l3a-ime-ch4-mfa-v3/2023/10/28/emi20231028t161900p11009-B/emi20231028t161900p11009-B_l3a-ime-ch4-mfa-v3_ime-cmf-concentrations.tif,/data2/yuyao/methane_emission/data/raw_data_dir/S2B_MSIL2A_20231027T173429_N0510_R055_T13RFQ_20241103T095240.SAFE,/data2/yuyao/methane_emission/carbonmapper_data_l89_l2sp/emi20231028t161900p11009-B/l8_LC09_L2SP_030038_20231027_20231028_02_T1.tif,0.671504,32.91
emi20231028t161900p11009-F,https://api.carbonmapper.org/api/v1/catalog/asset/l3a-vis-ch4-mfa-v3/2023/10/28/emi20231028t161900p11009-F/emi20231028t161900p11009-F_l3a-vis-ch4-mfa-v3_plume.tif,https://api.carbonmapper.org/api/v1/catalog/asset/l3a-ime-ch4-mfa-v3/2023/10/28/emi20231028t161900p11009-F/emi20231028t161900p11009-F_l3a-ime-ch4-mfa-v3_ime-cmf-concentrations.tif,/data2/yuyao/methane_emission/data/raw_data_dir/S2B_MSIL2A_20231027T173429_N0510_R055_T13SFR_20241103T095240.SAFE,/data2/yuyao/methane_emission/carbonmapper_data_l89_l2sp/emi20231028t161900p11009-F/l8_LC09_L2SP_030038_20231027_20231028_02_T1.tif,0.310072,32.91
emi20231223t123006p08006-A,https://api.carbonmapper.org/api/v1/catalog/asset/l3a-vis-ch4-mfa-v3/2023/12/23/emi20231223t123006p08006-A/emi20231223t123006p08006-A_l3a-vis-ch4-mfa-v3_plume.tif,https://api.carbonmapper.org/api/v1/catalog/asset/l3a-ime-ch4-mfa-v3/2023/12/23/emi20231223t123006p08006-A/emi20231223t123006p08006-A_l3a-ime-ch4-mfa-v3_ime-cmf-concentrations.tif,/data2/yuyao/methane_emission/data/raw_data_dir/S2A_MSIL2A_20231223T095421_N0510_R079_T31NHG_20231223T125950.SAFE,/data2/yuyao/methane_emission/carbonmapper_data_l89_l2sp/emi20231223t123006p08006-A/l8_LC09_L2SP_189056_20231224_20231225_02_T1.tif,40.842807,4.57
emi20240413t075328p05021-A,https://api.carbonmapper.org/api/v1/catalog/asset/l3a-vis-ch4-mfa-v3/2024/04/13/emi20240413t075328p05021-A/emi20240413t075328p05021-A_l3a-vis-ch4-mfa-v3_plume.tif,https://api.carbonmapper.org/api/v1/catalog/asset/l3a-ime-ch4-mfa-v3/2024/04/13/emi20240413t075328p05021-A/emi20240413t075328p05021-A_l3a-ime-ch4-mfa-v3_ime-cmf-concentrations.tif,/data2/yuyao/methane_emission/data/raw_data_dir/S2A_MSIL2A_20240414T045701_N0510_R119_T45TWJ_20240414T100755.SAFE,/data2/yuyao/methane_emission/carbonmapper_data_l89_l2sp/emi20240413t075328p05021-A/l8_LC08_L2SP_142030_20240413_20240419_02_T1.tif,55.497813,25.27
emi20240522t084531p06018-A,https://api.carbonmapper.org/api/v1/catalog/asset/l3a-vis-ch4-mfa-v3/2024/05/22/emi20240522t084531p06018-A/emi20240522t084531p06018-A_l3a-vis-ch4-mfa-v3_plume.tif,https://api.carbonmapper.org/api/v1/catalog/asset/l3a-ime-ch4-mfa-v3/2024/05/22/emi20240522t084531p06018-A/emi20240522t084531p06018-A_l3a-ime-ch4-mfa-v3_ime-cmf-concentrations.tif,/data2/yuyao/methane_emission/data/raw_data_dir/S2B_MSIL2A_20240522T032519_N0510_R018_T49SCB_20240522T054602.SAFE,/data2/yuyao/methane_emission/carbonmapper_data_l89_l2sp/emi20240522t084531p06018-A/l8_LC08_L2SP_127034_20240522_20240605_02_T1.tif,0.003079,0.01
