plume_id,plume_dt,s2_dt,l8_dt,scene_id,s2_path,l8_path,max_diff_seconds
GAO20230824t172827p0000-A,2023-08-24T17:28:27+00:00,2023-08-25T17:18:59.024000+00:00,2023-08-24T17:21:01.323725+00:00,LC09_L2SP_030038_20230824_20230826_02_T1,../carbonmapper_data_s2_l2a/GAO20230824t172827p0000-A/s2_20230825T171859Z.tif,../carbonmapper_data_l89_l2sp/GAO20230824t172827p0000-A/l8_LC09_L2SP_030038_20230824_20230826_02_T1.tif,85832
GAO20230824t172827p0000-A,2023-08-24T17:28:27+00:00,2023-08-25T17:18:59.024000+00:00,2023-08-24T17:21:01.323725+00:00,LC09_L2SP_030038_20230824_20230826_02_T1,../carbonmapper_data_s2_l2a/GAO20230824t172827p0000-A/s2_20230825T171859Z.tif,../carbonmapper_data_l89_l2sp/GAO20230824t172827p0000-A/l8_LC09_L2SP_030038_20230824_20230826_02_T1.tif,85832
GAO20230824t172827p0000-B,2023-08-24T17:28:27+00:00,2023-08-25T17:18:59.024000+00:00,2023-08-24T17:21:01.323725+00:00,LC09_L2SP_030038_20230824_20230826_02_T1,../carbonmapper_data_s2_l2a/GAO20230824t172827p0000-B/s2_20230825T171859Z.tif,../carbonmapper_data_l89_l2sp/GAO20230824t172827p0000-B/l8_LC09_L2SP_030038_20230824_20230826_02_T1.tif,85832
GAO20230824t172827p0000-B,2023-08-24T17:28:27+00:00,2023-08-25T17:18:59.024000+00:00,2023-08-24T17:21:01.323725+00:00,LC09_L2SP_030038_20230824_20230826_02_T1,../carbonmapper_data_s2_l2a/GAO20230824t172827p0000-B/s2_20230825T171859Z.tif,../carbonmapper_data_l89_l2sp/GAO20230824t172827p0000-B/l8_LC09_L2SP_030038_20230824_20230826_02_T1.tif,85832
GAO20230824t172827p0000-C,2023-08-24T17:28:27+00:00,2023-08-25T17:18:59.024000+00:00,2023-08-24T17:21:01.323725+00:00,LC09_L2SP_030038_20230824_20230826_02_T1,../carbonmapper_data_s2_l2a/GAO20230824t172827p0000-C/s2_20230825T171859Z.tif,../carbonmapper_data_l89_l2sp/GAO20230824t172827p0000-C/l8_LC09_L2SP_030038_20230824_20230826_02_T1.tif,85832
GAO20230824t172827p0000-C,2023-08-24T17:28:27+00:00,2023-08-25T17:18:59.024000+00:00,2023-08-24T17:21:01.323725+00:00,LC09_L2SP_030038_20230824_20230826_02_T1,../carbonmapper_data_s2_l2a/GAO20230824t172827p0000-C/s2_20230825T171859Z.tif,../carbonmapper_data_l89_l2sp/GAO20230824t172827p0000-C/l8_LC09_L2SP_030038_20230824_20230826_02_T1.tif,85832
GAO20230824t172827p0000-D,2023-08-24T17:28:27+00:00,2023-08-25T17:18:59.024000+00:00,2023-08-24T17:21:01.323725+00:00,LC09_L2SP_030038_20230824_20230826_02_T1,../carbonmapper_data_s2_l2a/GAO20230824t172827p0000-D/s2_20230825T171859Z.tif,../carbonmapper_data_l89_l2sp/GAO20230824t172827p0000-D/l8_LC09_L2SP_030038_20230824_20230826_02_T1.tif,85832
GAO20230824t172827p0000-D,2023-08-24T17:28:27+00:00,2023-08-25T17:18:59.024000+00:00,2023-08-24T17:21:01.323725+00:00,LC09_L2SP_030038_20230824_20230826_02_T1,../carbonmapper_data_s2_l2a/GAO20230824t172827p0000-D/s2_20230825T171859Z.tif,../carbonmapper_data_l89_l2sp/GAO20230824t172827p0000-D/l8_LC09_L2SP_030038_20230824_20230826_02_T1.tif,85832
GAO20230824t172827p0000-E,2023-08-24T17:28:27+00:00,2023-08-25T17:18:59.024000+00:00,2023-08-24T17:21:01.323725+00:00,LC09_L2SP_030038_20230824_20230826_02_T1,../carbonmapper_data_s2_l2a/GAO20230824t172827p0000-E/s2_20230825T171859Z.tif,../carbonmapper_data_l89_l2sp/GAO20230824t172827p0000-E/l8_LC09_L2SP_030038_20230824_20230826_02_T1.tif,85832
GAO20230824t172827p0000-E,2023-08-24T17:28:27+00:00,2023-08-25T17:18:59.024000+00:00,2023-08-24T17:21:01.323725+00:00,LC09_L2SP_030038_20230824_20230826_02_T1,../carbonmapper_data_s2_l2a/GAO20230824t172827p0000-E/s2_20230825T171859Z.tif,../carbonmapper_data_l89_l2sp/GAO20230824t172827p0000-E/l8_LC09_L2SP_030038_20230824_20230826_02_T1.tif,85832
GAO20230824t172827p0000-F,2023-08-24T17:28:27+00:00,2023-08-25T17:18:59.024000+00:00,2023-08-24T17:21:01.323725+00:00,LC09_L2SP_030038_20230824_20230826_02_T1,../carbonmapper_data_s2_l2a/GAO20230824t172827p0000-F/s2_20230825T171859Z.tif,../carbonmapper_data_l89_l2sp/GAO20230824t172827p0000-F/l8_LC09_L2SP_030038_20230824_20230826_02_T1.tif,85832
GAO20230824t172827p0000-F,2023-08-24T17:28:27+00:00,2023-08-25T17:18:59.024000+00:00,2023-08-24T17:21:01.323725+00:00,LC09_L2SP_030038_20230824_20230826_02_T1,../carbonmapper_data_s2_l2a/GAO20230824t172827p0000-F/s2_20230825T171859Z.tif,../carbonmapper_data_l89_l2sp/GAO20230824t172827p0000-F/l8_LC09_L2SP_030038_20230824_20230826_02_T1.tif,85832
GAO20230824t172827p0000-G,2023-08-24T17:28:27+00:00,2023-08-25T17:18:59.024000+00:00,2023-08-24T17:21:01.323725+00:00,LC09_L2SP_030038_20230824_20230826_02_T1,../carbonmapper_data_s2_l2a/GAO20230824t172827p0000-G/s2_20230825T171859Z.tif,../carbonmapper_data_l89_l2sp/GAO20230824t172827p0000-G/l8_LC09_L2SP_030038_20230824_20230826_02_T1.tif,85832
GAO20230824t172827p0000-G,2023-08-24T17:28:27+00:00,2023-08-25T17:18:59.024000+00:00,2023-08-24T17:21:01.323725+00:00,LC09_L2SP_030038_20230824_20230826_02_T1,../carbonmapper_data_s2_l2a/GAO20230824t172827p0000-G/s2_20230825T171859Z.tif,../carbonmapper_data_l89_l2sp/GAO20230824t172827p0000-G/l8_LC09_L2SP_030038_20230824_20230826_02_T1.tif,85832
GAO20230824t172827p0000-H,2023-08-24T17:28:27+00:00,2023-08-25T17:18:59.024000+00:00,2023-08-24T17:21:01.323725+00:00,LC09_L2SP_030038_20230824_20230826_02_T1,../carbonmapper_data_s2_l2a/GAO20230824t172827p0000-H/s2_20230825T171859Z.tif,../carbonmapper_data_l89_l2sp/GAO20230824t172827p0000-H/l8_LC09_L2SP_030038_20230824_20230826_02_T1.tif,85832
GAO20230824t172827p0000-H,2023-08-24T17:28:27+00:00,2023-08-25T17:18:59.024000+00:00,2023-08-24T17:21:01.323725+00:00,LC09_L2SP_030038_20230824_20230826_02_T1,../carbonmapper_data_s2_l2a/GAO20230824t172827p0000-H/s2_20230825T171859Z.tif,../carbonmapper_data_l89_l2sp/GAO20230824t172827p0000-H/l8_LC09_L2SP_030038_20230824_20230826_02_T1.tif,85832
GAO20230824t173950p0000-A,2023-08-24T17:39:50+00:00,2023-08-25T17:18:59.024000+00:00,2023-08-24T17:21:01.323725+00:00,LC09_L2SP_030038_20230824_20230826_02_T1,../carbonmapper_data_s2_l2a/GAO20230824t173950p0000-A/s2_20230825T171859Z.tif,../carbonmapper_data_l89_l2sp/GAO20230824t173950p0000-A/l8_LC09_L2SP_030038_20230824_20230826_02_T1.tif,85149
GAO20230824t173950p0000-A,2023-08-24T17:39:50+00:00,2023-08-25T17:18:59.024000+00:00,2023-08-24T17:21:01.323725+00:00,LC09_L2SP_030038_20230824_20230826_02_T1,../carbonmapper_data_s2_l2a/GAO20230824t173950p0000-A/s2_20230825T171859Z.tif,../carbonmapper_data_l89_l2sp/GAO20230824t173950p0000-A/l8_LC09_L2SP_030038_20230824_20230826_02_T1.tif,85149
GAO20230824t173950p0000-B,2023-08-24T17:39:50+00:00,2023-08-25T17:18:59.024000+00:00,2023-08-24T17:21:01.323725+00:00,LC09_L2SP_030038_20230824_20230826_02_T1,../carbonmapper_data_s2_l2a/GAO20230824t173950p0000-B/s2_20230825T171859Z.tif,../carbonmapper_data_l89_l2sp/GAO20230824t173950p0000-B/l8_LC09_L2SP_030038_20230824_20230826_02_T1.tif,85149
GAO20230824t173950p0000-B,2023-08-24T17:39:50+00:00,2023-08-25T17:18:59.024000+00:00,2023-08-24T17:21:01.323725+00:00,LC09_L2SP_030038_20230824_20230826_02_T1,../carbonmapper_data_s2_l2a/GAO20230824t173950p0000-B/s2_20230825T171859Z.tif,../carbonmapper_data_l89_l2sp/GAO20230824t173950p0000-B/l8_LC09_L2SP_030038_20230824_20230826_02_T1.tif,85149
GAO20230824t173950p0000-C,2023-08-24T17:39:50+00:00,2023-08-25T17:18:59.024000+00:00,2023-08-24T17:21:01.323725+00:00,LC09_L2SP_030038_20230824_20230826_02_T1,../carbonmapper_data_s2_l2a/GAO20230824t173950p0000-C/s2_20230825T171859Z.tif,../carbonmapper_data_l89_l2sp/GAO20230824t173950p0000-C/l8_LC09_L2SP_030038_20230824_20230826_02_T1.tif,85149
GAO20230824t173950p0000-C,2023-08-24T17:39:50+00:00,2023-08-25T17:18:59.024000+00:00,2023-08-24T17:21:01.323725+00:00,LC09_L2SP_030038_20230824_20230826_02_T1,../carbonmapper_data_s2_l2a/GAO20230824t173950p0000-C/s2_20230825T171859Z.tif,../carbonmapper_data_l89_l2sp/GAO20230824t173950p0000-C/l8_LC09_L2SP_030038_20230824_20230826_02_T1.tif,85149
GAO20230824t173950p0000-D,2023-08-24T17:39:50+00:00,2023-08-25T17:18:59.024000+00:00,2023-08-24T17:21:01.323725+00:00,LC09_L2SP_030038_20230824_20230826_02_T1,../carbonmapper_data_s2_l2a/GAO20230824t173950p0000-D/s2_20230825T171859Z.tif,../carbonmapper_data_l89_l2sp/GAO20230824t173950p0000-D/l8_LC09_L2SP_030038_20230824_20230826_02_T1.tif,85149
GAO20230824t173950p0000-D,2023-08-24T17:39:50+00:00,2023-08-25T17:18:59.024000+00:00,2023-08-24T17:21:01.323725+00:00,LC09_L2SP_030038_20230824_20230826_02_T1,../carbonmapper_data_s2_l2a/GAO20230824t173950p0000-D/s2_20230825T171859Z.tif,../carbonmapper_data_l89_l2sp/GAO20230824t173950p0000-D/l8_LC09_L2SP_030038_20230824_20230826_02_T1.tif,85149
GAO20230824t173950p0000-E,2023-08-24T17:39:50+00:00,2023-08-25T17:18:59.024000+00:00,2023-08-24T17:21:01.323725+00:00,LC09_L2SP_030038_20230824_20230826_02_T1,../carbonmapper_data_s2_l2a/GAO20230824t173950p0000-E/s2_20230825T171859Z.tif,../carbonmapper_data_l89_l2sp/GAO20230824t173950p0000-E/l8_LC09_L2SP_030038_20230824_20230826_02_T1.tif,85149
GAO20230824t173950p0000-E,2023-08-24T17:39:50+00:00,2023-08-25T17:18:59.024000+00:00,2023-08-24T17:21:01.323725+00:00,LC09_L2SP_030038_20230824_20230826_02_T1,../carbonmapper_data_s2_l2a/GAO20230824t173950p0000-E/s2_20230825T171859Z.tif,../carbonmapper_data_l89_l2sp/GAO20230824t173950p0000-E/l8_LC09_L2SP_030038_20230824_20230826_02_T1.tif,85149
GAO20230824t173950p0000-F,2023-08-24T17:39:50+00:00,2023-08-25T17:18:59.024000+00:00,2023-08-24T17:21:01.323725+00:00,LC09_L2SP_030038_20230824_20230826_02_T1,../carbonmapper_data_s2_l2a/GAO20230824t173950p0000-F/s2_20230825T171859Z.tif,../carbonmapper_data_l89_l2sp/GAO20230824t173950p0000-F/l8_LC09_L2SP_030038_20230824_20230826_02_T1.tif,85149
GAO20230824t173950p0000-F,2023-08-24T17:39:50+00:00,2023-08-25T17:18:59.024000+00:00,2023-08-24T17:21:01.323725+00:00,LC09_L2SP_030038_20230824_20230826_02_T1,../carbonmapper_data_s2_l2a/GAO20230824t173950p0000-F/s2_20230825T171859Z.tif,../carbonmapper_data_l89_l2sp/GAO20230824t173950p0000-F/l8_LC09_L2SP_030038_20230824_20230826_02_T1.tif,85149
GAO20230824t173950p0000-G,2023-08-24T17:39:50+00:00,2023-08-25T17:18:59.024000+00:00,2023-08-24T17:21:01.323725+00:00,LC09_L2SP_030038_20230824_20230826_02_T1,../carbonmapper_data_s2_l2a/GAO20230824t173950p0000-G/s2_20230825T171859Z.tif,../carbonmapper_data_l89_l2sp/GAO20230824t173950p0000-G/l8_LC09_L2SP_030038_20230824_20230826_02_T1.tif,85149
GAO20230824t173950p0000-G,2023-08-24T17:39:50+00:00,2023-08-25T17:18:59.024000+00:00,2023-08-24T17:21:01.323725+00:00,LC09_L2SP_030038_20230824_20230826_02_T1,../carbonmapper_data_s2_l2a/GAO20230824t173950p0000-G/s2_20230825T171859Z.tif,../carbonmapper_data_l89_l2sp/GAO20230824t173950p0000-G/l8_LC09_L2SP_030038_20230824_20230826_02_T1.tif,85149
GAO20230824t173950p0000-H,2023-08-24T17:39:50+00:00,2023-08-25T17:18:59.024000+00:00,2023-08-24T17:21:01.323725+00:00,LC09_L2SP_030038_20230824_20230826_02_T1,../carbonmapper_data_s2_l2a/GAO20230824t173950p0000-H/s2_20230825T171859Z.tif,../carbonmapper_data_l89_l2sp/GAO20230824t173950p0000-H/l8_LC09_L2SP_030038_20230824_20230826_02_T1.tif,85149
GAO20230824t173950p0000-H,2023-08-24T17:39:50+00:00,2023-08-25T17:18:59.024000+00:00,2023-08-24T17:21:01.323725+00:00,LC09_L2SP_030038_20230824_20230826_02_T1,../carbonmapper_data_s2_l2a/GAO20230824t173950p0000-H/s2_20230825T171859Z.tif,../carbonmapper_data_l89_l2sp/GAO20230824t173950p0000-H/l8_LC09_L2SP_030038_20230824_20230826_02_T1.tif,85149
GAO20230824t173950p0000-I,2023-08-24T17:39:50+00:00,2023-08-25T17:18:59.024000+00:00,2023-08-24T17:21:01.323725+00:00,LC09_L2SP_030038_20230824_20230826_02_T1,../carbonmapper_data_s2_l2a/GAO20230824t173950p0000-I/s2_20230825T171859Z.tif,../carbonmapper_data_l89_l2sp/GAO20230824t173950p0000-I/l8_LC09_L2SP_030038_20230824_20230826_02_T1.tif,85149
GAO20230824t173950p0000-I,2023-08-24T17:39:50+00:00,2023-08-25T17:18:59.024000+00:00,2023-08-24T17:21:01.323725+00:00,LC09_L2SP_030038_20230824_20230826_02_T1,../carbonmapper_data_s2_l2a/GAO20230824t173950p0000-I/s2_20230825T171859Z.tif,../carbonmapper_data_l89_l2sp/GAO20230824t173950p0000-I/l8_LC09_L2SP_030038_20230824_20230826_02_T1.tif,85149
GAO20230824t174552p0000-A,2023-08-24T17:45:52+00:00,2023-08-25T17:18:59.024000+00:00,2023-08-24T17:21:01.323725+00:00,LC09_L2SP_030038_20230824_20230826_02_T1,../carbonmapper_data_s2_l2a/GAO20230824t174552p0000-A/s2_20230825T171859Z.tif,../carbonmapper_data_l89_l2sp/GAO20230824t174552p0000-A/l8_LC09_L2SP_030038_20230824_20230826_02_T1.tif,84787
GAO20230824t174552p0000-A,2023-08-24T17:45:52+00:00,2023-08-25T17:18:59.024000+00:00,2023-08-24T17:21:01.323725+00:00,LC09_L2SP_030038_20230824_20230826_02_T1,../carbonmapper_data_s2_l2a/GAO20230824t174552p0000-A/s2_20230825T171859Z.tif,../carbonmapper_data_l89_l2sp/GAO20230824t174552p0000-A/l8_LC09_L2SP_030038_20230824_20230826_02_T1.tif,84787
GAO20230824t174552p0000-B,2023-08-24T17:45:52+00:00,2023-08-25T17:18:59.024000+00:00,2023-08-24T17:21:01.323725+00:00,LC09_L2SP_030038_20230824_20230826_02_T1,../carbonmapper_data_s2_l2a/GAO20230824t174552p0000-B/s2_20230825T171859Z.tif,../carbonmapper_data_l89_l2sp/GAO20230824t174552p0000-B/l8_LC09_L2SP_030038_20230824_20230826_02_T1.tif,84787
GAO20230824t174552p0000-B,2023-08-24T17:45:52+00:00,2023-08-25T17:18:59.024000+00:00,2023-08-24T17:21:01.323725+00:00,LC09_L2SP_030038_20230824_20230826_02_T1,../carbonmapper_data_s2_l2a/GAO20230824t174552p0000-B/s2_20230825T171859Z.tif,../carbonmapper_data_l89_l2sp/GAO20230824t174552p0000-B/l8_LC09_L2SP_030038_20230824_20230826_02_T1.tif,84787
GAO20230824t174552p0000-C,2023-08-24T17:45:52+00:00,2023-08-25T17:18:59.024000+00:00,2023-08-24T17:21:01.323725+00:00,LC09_L2SP_030038_20230824_20230826_02_T1,../carbonmapper_data_s2_l2a/GAO20230824t174552p0000-C/s2_20230825T171859Z.tif,../carbonmapper_data_l89_l2sp/GAO20230824t174552p0000-C/l8_LC09_L2SP_030038_20230824_20230826_02_T1.tif,84787
GAO20230824t174552p0000-C,2023-08-24T17:45:52+00:00,2023-08-25T17:18:59.024000+00:00,2023-08-24T17:21:01.323725+00:00,LC09_L2SP_030038_20230824_20230826_02_T1,../carbonmapper_data_s2_l2a/GAO20230824t174552p0000-C/s2_20230825T171859Z.tif,../carbonmapper_data_l89_l2sp/GAO20230824t174552p0000-C/l8_LC09_L2SP_030038_20230824_20230826_02_T1.tif,84787
GAO20230824t174552p0000-D,2023-08-24T17:45:52+00:00,2023-08-25T17:18:59.024000+00:00,2023-08-24T17:21:01.323725+00:00,LC09_L2SP_030038_20230824_20230826_02_T1,../carbonmapper_data_s2_l2a/GAO20230824t174552p0000-D/s2_20230825T171859Z.tif,../carbonmapper_data_l89_l2sp/GAO20230824t174552p0000-D/l8_LC09_L2SP_030038_20230824_20230826_02_T1.tif,84787
GAO20230824t174552p0000-D,2023-08-24T17:45:52+00:00,2023-08-25T17:18:59.024000+00:00,2023-08-24T17:21:01.323725+00:00,LC09_L2SP_030038_20230824_20230826_02_T1,../carbonmapper_data_s2_l2a/GAO20230824t174552p0000-D/s2_20230825T171859Z.tif,../carbonmapper_data_l89_l2sp/GAO20230824t174552p0000-D/l8_LC09_L2SP_030038_20230824_20230826_02_T1.tif,84787
GAO20230824t174552p0000-E,2023-08-24T17:45:52+00:00,2023-08-25T17:18:59.024000+00:00,2023-08-24T17:21:01.323725+00:00,LC09_L2SP_030038_20230824_20230826_02_T1,../carbonmapper_data_s2_l2a/GAO20230824t174552p0000-E/s2_20230825T171859Z.tif,../carbonmapper_data_l89_l2sp/GAO20230824t174552p0000-E/l8_LC09_L2SP_030038_20230824_20230826_02_T1.tif,84787
GAO20230824t174552p0000-E,2023-08-24T17:45:52+00:00,2023-08-25T17:18:59.024000+00:00,2023-08-24T17:21:01.323725+00:00,LC09_L2SP_030038_20230824_20230826_02_T1,../carbonmapper_data_s2_l2a/GAO20230824t174552p0000-E/s2_20230825T171859Z.tif,../carbonmapper_data_l89_l2sp/GAO20230824t174552p0000-E/l8_LC09_L2SP_030038_20230824_20230826_02_T1.tif,84787
GAO20230824t174552p0000-F,2023-08-24T17:45:52+00:00,2023-08-25T17:18:59.024000+00:00,2023-08-24T17:21:01.323725+00:00,LC09_L2SP_030038_20230824_20230826_02_T1,../carbonmapper_data_s2_l2a/GAO20230824t174552p0000-F/s2_20230825T171859Z.tif,../carbonmapper_data_l89_l2sp/GAO20230824t174552p0000-F/l8_LC09_L2SP_030038_20230824_20230826_02_T1.tif,84787
GAO20230824t174552p0000-F,2023-08-24T17:45:52+00:00,2023-08-25T17:18:59.024000+00:00,2023-08-24T17:21:01.323725+00:00,LC09_L2SP_030038_20230824_20230826_02_T1,../carbonmapper_data_s2_l2a/GAO20230824t174552p0000-F/s2_20230825T171859Z.tif,../carbonmapper_data_l89_l2sp/GAO20230824t174552p0000-F/l8_LC09_L2SP_030038_20230824_20230826_02_T1.tif,84787
GAO20230824t174552p0000-G,2023-08-24T17:45:52+00:00,2023-08-25T17:18:59.024000+00:00,2023-08-24T17:21:01.323725+00:00,LC09_L2SP_030038_20230824_20230826_02_T1,../carbonmapper_data_s2_l2a/GAO20230824t174552p0000-G/s2_20230825T171859Z.tif,../carbonmapper_data_l89_l2sp/GAO20230824t174552p0000-G/l8_LC09_L2SP_030038_20230824_20230826_02_T1.tif,84787
GAO20230824t174552p0000-G,2023-08-24T17:45:52+00:00,2023-08-25T17:18:59.024000+00:00,2023-08-24T17:21:01.323725+00:00,LC09_L2SP_030038_20230824_20230826_02_T1,../carbonmapper_data_s2_l2a/GAO20230824t174552p0000-G/s2_20230825T171859Z.tif,../carbonmapper_data_l89_l2sp/GAO20230824t174552p0000-G/l8_LC09_L2SP_030038_20230824_20230826_02_T1.tif,84787
GAO20230824t174552p0000-H,2023-08-24T17:45:52+00:00,2023-08-25T17:18:59.024000+00:00,2023-08-24T17:21:01.323725+00:00,LC09_L2SP_030038_20230824_20230826_02_T1,../carbonmapper_data_s2_l2a/GAO20230824t174552p0000-H/s2_20230825T171859Z.tif,../carbonmapper_data_l89_l2sp/GAO20230824t174552p0000-H/l8_LC09_L2SP_030038_20230824_20230826_02_T1.tif,84787
GAO20230824t174552p0000-H,2023-08-24T17:45:52+00:00,2023-08-25T17:18:59.024000+00:00,2023-08-24T17:21:01.323725+00:00,LC09_L2SP_030038_20230824_20230826_02_T1,../carbonmapper_data_s2_l2a/GAO20230824t174552p0000-H/s2_20230825T171859Z.tif,../carbonmapper_data_l89_l2sp/GAO20230824t174552p0000-H/l8_LC09_L2SP_030038_20230824_20230826_02_T1.tif,84787
GAO20230824t174552p0000-I,2023-08-24T17:45:52+00:00,2023-08-25T17:18:59.024000+00:00,2023-08-24T17:21:01.323725+00:00,LC09_L2SP_030038_20230824_20230826_02_T1,../carbonmapper_data_s2_l2a/GAO20230824t174552p0000-I/s2_20230825T171859Z.tif,../carbonmapper_data_l89_l2sp/GAO20230824t174552p0000-I/l8_LC09_L2SP_030038_20230824_20230826_02_T1.tif,84787
GAO20230824t174552p0000-I,2023-08-24T17:45:52+00:00,2023-08-25T17:18:59.024000+00:00,2023-08-24T17:21:01.323725+00:00,LC09_L2SP_030038_20230824_20230826_02_T1,../carbonmapper_data_s2_l2a/GAO20230824t174552p0000-I/s2_20230825T171859Z.tif,../carbonmapper_data_l89_l2sp/GAO20230824t174552p0000-I/l8_LC09_L2SP_030038_20230824_20230826_02_T1.tif,84787
GAO20230824t174552p0000-J,2023-08-24T17:45:52+00:00,2023-08-25T17:18:59.024000+00:00,2023-08-24T17:21:01.323725+00:00,LC09_L2SP_030038_20230824_20230826_02_T1,../carbonmapper_data_s2_l2a/GAO20230824t174552p0000-J/s2_20230825T171859Z.tif,../carbonmapper_data_l89_l2sp/GAO20230824t174552p0000-J/l8_LC09_L2SP_030038_20230824_20230826_02_T1.tif,84787
GAO20230824t174552p0000-J,2023-08-24T17:45:52+00:00,2023-08-25T17:18:59.024000+00:00,2023-08-24T17:21:01.323725+00:00,LC09_L2SP_030038_20230824_20230826_02_T1,../carbonmapper_data_s2_l2a/GAO20230824t174552p0000-J/s2_20230825T171859Z.tif,../carbonmapper_data_l89_l2sp/GAO20230824t174552p0000-J/l8_LC09_L2SP_030038_20230824_20230826_02_T1.tif,84787
GAO20230824t175220p0000-A,2023-08-24T17:52:20+00:00,2023-08-25T17:18:59.024000+00:00,2023-08-24T17:21:01.323725+00:00,LC09_L2SP_030038_20230824_20230826_02_T1,../carbonmapper_data_s2_l2a/GAO20230824t175220p0000-A/s2_20230825T171859Z.tif,../carbonmapper_data_l89_l2sp/GAO20230824t175220p0000-A/l8_LC09_L2SP_030038_20230824_20230826_02_T1.tif,84399
GAO20230824t175220p0000-A,2023-08-24T17:52:20+00:00,2023-08-25T17:18:59.024000+00:00,2023-08-24T17:21:01.323725+00:00,LC09_L2SP_030038_20230824_20230826_02_T1,../carbonmapper_data_s2_l2a/GAO20230824t175220p0000-A/s2_20230825T171859Z.tif,../carbonmapper_data_l89_l2sp/GAO20230824t175220p0000-A/l8_LC09_L2SP_030038_20230824_20230826_02_T1.tif,84399
GAO20230824t175220p0000-B,2023-08-24T17:52:20+00:00,2023-08-25T17:18:59.024000+00:00,2023-08-24T17:21:01.323725+00:00,LC09_L2SP_030038_20230824_20230826_02_T1,../carbonmapper_data_s2_l2a/GAO20230824t175220p0000-B/s2_20230825T171859Z.tif,../carbonmapper_data_l89_l2sp/GAO20230824t175220p0000-B/l8_LC09_L2SP_030038_20230824_20230826_02_T1.tif,84399
GAO20230824t175220p0000-B,2023-08-24T17:52:20+00:00,2023-08-25T17:18:59.024000+00:00,2023-08-24T17:21:01.323725+00:00,LC09_L2SP_030038_20230824_20230826_02_T1,../carbonmapper_data_s2_l2a/GAO20230824t175220p0000-B/s2_20230825T171859Z.tif,../carbonmapper_data_l89_l2sp/GAO20230824t175220p0000-B/l8_LC09_L2SP_030038_20230824_20230826_02_T1.tif,84399
GAO20230824t175220p0000-C,2023-08-24T17:52:20+00:00,2023-08-25T17:18:59.024000+00:00,2023-08-24T17:21:01.323725+00:00,LC09_L2SP_030038_20230824_20230826_02_T1,../carbonmapper_data_s2_l2a/GAO20230824t175220p0000-C/s2_20230825T171859Z.tif,../carbonmapper_data_l89_l2sp/GAO20230824t175220p0000-C/l8_LC09_L2SP_030038_20230824_20230826_02_T1.tif,84399
GAO20230824t175220p0000-C,2023-08-24T17:52:20+00:00,2023-08-25T17:18:59.024000+00:00,2023-08-24T17:21:01.323725+00:00,LC09_L2SP_030038_20230824_20230826_02_T1,../carbonmapper_data_s2_l2a/GAO20230824t175220p0000-C/s2_20230825T171859Z.tif,../carbonmapper_data_l89_l2sp/GAO20230824t175220p0000-C/l8_LC09_L2SP_030038_20230824_20230826_02_T1.tif,84399
GAO20230824t175220p0000-D,2023-08-24T17:52:20+00:00,2023-08-25T17:18:59.024000+00:00,2023-08-24T17:21:01.323725+00:00,LC09_L2SP_030038_20230824_20230826_02_T1,../carbonmapper_data_s2_l2a/GAO20230824t175220p0000-D/s2_20230825T171859Z.tif,../carbonmapper_data_l89_l2sp/GAO20230824t175220p0000-D/l8_LC09_L2SP_030038_20230824_20230826_02_T1.tif,84399
GAO20230824t175220p0000-D,2023-08-24T17:52:20+00:00,2023-08-25T17:18:59.024000+00:00,2023-08-24T17:21:01.323725+00:00,LC09_L2SP_030038_20230824_20230826_02_T1,../carbonmapper_data_s2_l2a/GAO20230824t175220p0000-D/s2_20230825T171859Z.tif,../carbonmapper_data_l89_l2sp/GAO20230824t175220p0000-D/l8_LC09_L2SP_030038_20230824_20230826_02_T1.tif,84399
GAO20230824t175220p0000-E,2023-08-24T17:52:20+00:00,2023-08-25T17:18:59.024000+00:00,2023-08-24T17:21:01.323725+00:00,LC09_L2SP_030038_20230824_20230826_02_T1,../carbonmapper_data_s2_l2a/GAO20230824t175220p0000-E/s2_20230825T171859Z.tif,../carbonmapper_data_l89_l2sp/GAO20230824t175220p0000-E/l8_LC09_L2SP_030038_20230824_20230826_02_T1.tif,84399
GAO20230824t175220p0000-E,2023-08-24T17:52:20+00:00,2023-08-25T17:18:59.024000+00:00,2023-08-24T17:21:01.323725+00:00,LC09_L2SP_030038_20230824_20230826_02_T1,../carbonmapper_data_s2_l2a/GAO20230824t175220p0000-E/s2_20230825T171859Z.tif,../carbonmapper_data_l89_l2sp/GAO20230824t175220p0000-E/l8_LC09_L2SP_030038_20230824_20230826_02_T1.tif,84399
GAO20230824t175220p0000-F,2023-08-24T17:52:20+00:00,2023-08-25T17:18:59.024000+00:00,2023-08-24T17:21:01.323725+00:00,LC09_L2SP_030038_20230824_20230826_02_T1,../carbonmapper_data_s2_l2a/GAO20230824t175220p0000-F/s2_20230825T171859Z.tif,../carbonmapper_data_l89_l2sp/GAO20230824t175220p0000-F/l8_LC09_L2SP_030038_20230824_20230826_02_T1.tif,84399
GAO20230824t175220p0000-F,2023-08-24T17:52:20+00:00,2023-08-25T17:18:59.024000+00:00,2023-08-24T17:21:01.323725+00:00,LC09_L2SP_030038_20230824_20230826_02_T1,../carbonmapper_data_s2_l2a/GAO20230824t175220p0000-F/s2_20230825T171859Z.tif,../carbonmapper_data_l89_l2sp/GAO20230824t175220p0000-F/l8_LC09_L2SP_030038_20230824_20230826_02_T1.tif,84399
GAO20230824t175220p0000-G,2023-08-24T17:52:20+00:00,2023-08-25T17:18:59.024000+00:00,2023-08-24T17:21:01.323725+00:00,LC09_L2SP_030038_20230824_20230826_02_T1,../carbonmapper_data_s2_l2a/GAO20230824t175220p0000-G/s2_20230825T171859Z.tif,../carbonmapper_data_l89_l2sp/GAO20230824t175220p0000-G/l8_LC09_L2SP_030038_20230824_20230826_02_T1.tif,84399
GAO20230824t175220p0000-G,2023-08-24T17:52:20+00:00,2023-08-25T17:18:59.024000+00:00,2023-08-24T17:21:01.323725+00:00,LC09_L2SP_030038_20230824_20230826_02_T1,../carbonmapper_data_s2_l2a/GAO20230824t175220p0000-G/s2_20230825T171859Z.tif,../carbonmapper_data_l89_l2sp/GAO20230824t175220p0000-G/l8_LC09_L2SP_030038_20230824_20230826_02_T1.tif,84399
GAO20230824t175220p0000-H,2023-08-24T17:52:20+00:00,2023-08-25T17:18:59.024000+00:00,2023-08-24T17:21:01.323725+00:00,LC09_L2SP_030038_20230824_20230826_02_T1,../carbonmapper_data_s2_l2a/GAO20230824t175220p0000-H/s2_20230825T171859Z.tif,../carbonmapper_data_l89_l2sp/GAO20230824t175220p0000-H/l8_LC09_L2SP_030038_20230824_20230826_02_T1.tif,84399
GAO20230824t175220p0000-H,2023-08-24T17:52:20+00:00,2023-08-25T17:18:59.024000+00:00,2023-08-24T17:21:01.323725+00:00,LC09_L2SP_030038_20230824_20230826_02_T1,../carbonmapper_data_s2_l2a/GAO20230824t175220p0000-H/s2_20230825T171859Z.tif,../carbonmapper_data_l89_l2sp/GAO20230824t175220p0000-H/l8_LC09_L2SP_030038_20230824_20230826_02_T1.tif,84399
GAO20230824t175220p0000-I,2023-08-24T17:52:20+00:00,2023-08-25T17:18:59.024000+00:00,2023-08-24T17:21:01.323725+00:00,LC09_L2SP_030038_20230824_20230826_02_T1,../carbonmapper_data_s2_l2a/GAO20230824t175220p0000-I/s2_20230825T171859Z.tif,../carbonmapper_data_l89_l2sp/GAO20230824t175220p0000-I/l8_LC09_L2SP_030038_20230824_20230826_02_T1.tif,84399
GAO20230824t175220p0000-I,2023-08-24T17:52:20+00:00,2023-08-25T17:18:59.024000+00:00,2023-08-24T17:21:01.323725+00:00,LC09_L2SP_030038_20230824_20230826_02_T1,../carbonmapper_data_s2_l2a/GAO20230824t175220p0000-I/s2_20230825T171859Z.tif,../carbonmapper_data_l89_l2sp/GAO20230824t175220p0000-I/l8_LC09_L2SP_030038_20230824_20230826_02_T1.tif,84399
GAO20230824t175835p0000-A,2023-08-24T17:58:35+00:00,2023-08-25T17:18:59.024000+00:00,2023-08-24T17:21:01.323725+00:00,LC09_L2SP_030038_20230824_20230826_02_T1,../carbonmapper_data_s2_l2a/GAO20230824t175835p0000-A/s2_20230825T171859Z.tif,../carbonmapper_data_l89_l2sp/GAO20230824t175835p0000-A/l8_LC09_L2SP_030038_20230824_20230826_02_T1.tif,84024
GAO20230824t175835p0000-A,2023-08-24T17:58:35+00:00,2023-08-25T17:18:59.024000+00:00,2023-08-24T17:21:01.323725+00:00,LC09_L2SP_030038_20230824_20230826_02_T1,../carbonmapper_data_s2_l2a/GAO20230824t175835p0000-A/s2_20230825T171859Z.tif,../carbonmapper_data_l89_l2sp/GAO20230824t175835p0000-A/l8_LC09_L2SP_030038_20230824_20230826_02_T1.tif,84024
GAO20230824t175835p0000-B,2023-08-24T17:58:35+00:00,2023-08-25T17:18:59.024000+00:00,2023-08-24T17:21:01.323725+00:00,LC09_L2SP_030038_20230824_20230826_02_T1,../carbonmapper_data_s2_l2a/GAO20230824t175835p0000-B/s2_20230825T171859Z.tif,../carbonmapper_data_l89_l2sp/GAO20230824t175835p0000-B/l8_LC09_L2SP_030038_20230824_20230826_02_T1.tif,84024
GAO20230824t175835p0000-B,2023-08-24T17:58:35+00:00,2023-08-25T17:18:59.024000+00:00,2023-08-24T17:21:01.323725+00:00,LC09_L2SP_030038_20230824_20230826_02_T1,../carbonmapper_data_s2_l2a/GAO20230824t175835p0000-B/s2_20230825T171859Z.tif,../carbonmapper_data_l89_l2sp/GAO20230824t175835p0000-B/l8_LC09_L2SP_030038_20230824_20230826_02_T1.tif,84024
GAO20230824t175835p0000-C,2023-08-24T17:58:35+00:00,2023-08-25T17:18:59.024000+00:00,2023-08-24T17:21:01.323725+00:00,LC09_L2SP_030038_20230824_20230826_02_T1,../carbonmapper_data_s2_l2a/GAO20230824t175835p0000-C/s2_20230825T171859Z.tif,../carbonmapper_data_l89_l2sp/GAO20230824t175835p0000-C/l8_LC09_L2SP_030038_20230824_20230826_02_T1.tif,84024
GAO20230824t175835p0000-C,2023-08-24T17:58:35+00:00,2023-08-25T17:18:59.024000+00:00,2023-08-24T17:21:01.323725+00:00,LC09_L2SP_030038_20230824_20230826_02_T1,../carbonmapper_data_s2_l2a/GAO20230824t175835p0000-C/s2_20230825T171859Z.tif,../carbonmapper_data_l89_l2sp/GAO20230824t175835p0000-C/l8_LC09_L2SP_030038_20230824_20230826_02_T1.tif,84024
GAO20230824t175835p0000-D,2023-08-24T17:58:35+00:00,2023-08-25T17:18:59.024000+00:00,2023-08-24T17:21:01.323725+00:00,LC09_L2SP_030038_20230824_20230826_02_T1,../carbonmapper_data_s2_l2a/GAO20230824t175835p0000-D/s2_20230825T171859Z.tif,../carbonmapper_data_l89_l2sp/GAO20230824t175835p0000-D/l8_LC09_L2SP_030038_20230824_20230826_02_T1.tif,84024
GAO20230824t175835p0000-D,2023-08-24T17:58:35+00:00,2023-08-25T17:18:59.024000+00:00,2023-08-24T17:21:01.323725+00:00,LC09_L2SP_030038_20230824_20230826_02_T1,../carbonmapper_data_s2_l2a/GAO20230824t175835p0000-D/s2_20230825T171859Z.tif,../carbonmapper_data_l89_l2sp/GAO20230824t175835p0000-D/l8_LC09_L2SP_030038_20230824_20230826_02_T1.tif,84024
GAO20230824t175835p0000-E,2023-08-24T17:58:35+00:00,2023-08-25T17:18:59.024000+00:00,2023-08-24T17:21:01.323725+00:00,LC09_L2SP_030038_20230824_20230826_02_T1,../carbonmapper_data_s2_l2a/GAO20230824t175835p0000-E/s2_20230825T171859Z.tif,../carbonmapper_data_l89_l2sp/GAO20230824t175835p0000-E/l8_LC09_L2SP_030038_20230824_20230826_02_T1.tif,84024
GAO20230824t175835p0000-E,2023-08-24T17:58:35+00:00,2023-08-25T17:18:59.024000+00:00,2023-08-24T17:21:01.323725+00:00,LC09_L2SP_030038_20230824_20230826_02_T1,../carbonmapper_data_s2_l2a/GAO20230824t175835p0000-E/s2_20230825T171859Z.tif,../carbonmapper_data_l89_l2sp/GAO20230824t175835p0000-E/l8_LC09_L2SP_030038_20230824_20230826_02_T1.tif,84024
GAO20230824t175835p0000-F,2023-08-24T17:58:35+00:00,2023-08-25T17:18:59.024000+00:00,2023-08-24T17:21:01.323725+00:00,LC09_L2SP_030038_20230824_20230826_02_T1,../carbonmapper_data_s2_l2a/GAO20230824t175835p0000-F/s2_20230825T171859Z.tif,../carbonmapper_data_l89_l2sp/GAO20230824t175835p0000-F/l8_LC09_L2SP_030038_20230824_20230826_02_T1.tif,84024
GAO20230824t175835p0000-F,2023-08-24T17:58:35+00:00,2023-08-25T17:18:59.024000+00:00,2023-08-24T17:21:01.323725+00:00,LC09_L2SP_030038_20230824_20230826_02_T1,../carbonmapper_data_s2_l2a/GAO20230824t175835p0000-F/s2_20230825T171859Z.tif,../carbonmapper_data_l89_l2sp/GAO20230824t175835p0000-F/l8_LC09_L2SP_030038_20230824_20230826_02_T1.tif,84024
GAO20230824t175835p0000-G,2023-08-24T17:58:35+00:00,2023-08-25T17:18:59.024000+00:00,2023-08-24T17:21:01.323725+00:00,LC09_L2SP_030038_20230824_20230826_02_T1,../carbonmapper_data_s2_l2a/GAO20230824t175835p0000-G/s2_20230825T171859Z.tif,../carbonmapper_data_l89_l2sp/GAO20230824t175835p0000-G/l8_LC09_L2SP_030038_20230824_20230826_02_T1.tif,84024
GAO20230824t175835p0000-G,2023-08-24T17:58:35+00:00,2023-08-25T17:18:59.024000+00:00,2023-08-24T17:21:01.323725+00:00,LC09_L2SP_030038_20230824_20230826_02_T1,../carbonmapper_data_s2_l2a/GAO20230824t175835p0000-G/s2_20230825T171859Z.tif,../carbonmapper_data_l89_l2sp/GAO20230824t175835p0000-G/l8_LC09_L2SP_030038_20230824_20230826_02_T1.tif,84024
GAO20230824t175835p0000-H,2023-08-24T17:58:35+00:00,2023-08-25T17:18:59.024000+00:00,2023-08-24T17:21:01.323725+00:00,LC09_L2SP_030038_20230824_20230826_02_T1,../carbonmapper_data_s2_l2a/GAO20230824t175835p0000-H/s2_20230825T171859Z.tif,../carbonmapper_data_l89_l2sp/GAO20230824t175835p0000-H/l8_LC09_L2SP_030038_20230824_20230826_02_T1.tif,84024
GAO20230824t175835p0000-H,2023-08-24T17:58:35+00:00,2023-08-25T17:18:59.024000+00:00,2023-08-24T17:21:01.323725+00:00,LC09_L2SP_030038_20230824_20230826_02_T1,../carbonmapper_data_s2_l2a/GAO20230824t175835p0000-H/s2_20230825T171859Z.tif,../carbonmapper_data_l89_l2sp/GAO20230824t175835p0000-H/l8_LC09_L2SP_030038_20230824_20230826_02_T1.tif,84024
GAO20230824t175835p0000-I,2023-08-24T17:58:35+00:00,2023-08-25T17:18:59.024000+00:00,2023-08-24T17:21:01.323725+00:00,LC09_L2SP_030038_20230824_20230826_02_T1,../carbonmapper_data_s2_l2a/GAO20230824t175835p0000-I/s2_20230825T171859Z.tif,../carbonmapper_data_l89_l2sp/GAO20230824t175835p0000-I/l8_LC09_L2SP_030038_20230824_20230826_02_T1.tif,84024
GAO20230824t175835p0000-I,2023-08-24T17:58:35+00:00,2023-08-25T17:18:59.024000+00:00,2023-08-24T17:21:01.323725+00:00,LC09_L2SP_030038_20230824_20230826_02_T1,../carbonmapper_data_s2_l2a/GAO20230824t175835p0000-I/s2_20230825T171859Z.tif,../carbonmapper_data_l89_l2sp/GAO20230824t175835p0000-I/l8_LC09_L2SP_030038_20230824_20230826_02_T1.tif,84024
GAO20230824t175835p0000-J,2023-08-24T17:58:35+00:00,2023-08-25T17:18:59.024000+00:00,2023-08-24T17:21:01.323725+00:00,LC09_L2SP_030038_20230824_20230826_02_T1,../carbonmapper_data_s2_l2a/GAO20230824t175835p0000-J/s2_20230825T171859Z.tif,../carbonmapper_data_l89_l2sp/GAO20230824t175835p0000-J/l8_LC09_L2SP_030038_20230824_20230826_02_T1.tif,84024
GAO20230824t175835p0000-J,2023-08-24T17:58:35+00:00,2023-08-25T17:18:59.024000+00:00,2023-08-24T17:21:01.323725+00:00,LC09_L2SP_030038_20230824_20230826_02_T1,../carbonmapper_data_s2_l2a/GAO20230824t175835p0000-J/s2_20230825T171859Z.tif,../carbonmapper_data_l89_l2sp/GAO20230824t175835p0000-J/l8_LC09_L2SP_030038_20230824_20230826_02_T1.tif,84024
GAO20230824t175835p0000-K,2023-08-24T17:58:35+00:00,2023-08-25T17:18:59.024000+00:00,2023-08-24T17:21:01.323725+00:00,LC09_L2SP_030038_20230824_20230826_02_T1,../carbonmapper_data_s2_l2a/GAO20230824t175835p0000-K/s2_20230825T171859Z.tif,../carbonmapper_data_l89_l2sp/GAO20230824t175835p0000-K/l8_LC09_L2SP_030038_20230824_20230826_02_T1.tif,84024
GAO20230824t175835p0000-K,2023-08-24T17:58:35+00:00,2023-08-25T17:18:59.024000+00:00,2023-08-24T17:21:01.323725+00:00,LC09_L2SP_030038_20230824_20230826_02_T1,../carbonmapper_data_s2_l2a/GAO20230824t175835p0000-K/s2_20230825T171859Z.tif,../carbonmapper_data_l89_l2sp/GAO20230824t175835p0000-K/l8_LC09_L2SP_030038_20230824_20230826_02_T1.tif,84024
GAO20230824t175835p0000-L,2023-08-24T17:58:35+00:00,2023-08-25T17:18:59.024000+00:00,2023-08-24T17:21:01.323725+00:00,LC09_L2SP_030038_20230824_20230826_02_T1,../carbonmapper_data_s2_l2a/GAO20230824t175835p0000-L/s2_20230825T171859Z.tif,../carbonmapper_data_l89_l2sp/GAO20230824t175835p0000-L/l8_LC09_L2SP_030038_20230824_20230826_02_T1.tif,84024
GAO20230824t175835p0000-L,2023-08-24T17:58:35+00:00,2023-08-25T17:18:59.024000+00:00,2023-08-24T17:21:01.323725+00:00,LC09_L2SP_030038_20230824_20230826_02_T1,../carbonmapper_data_s2_l2a/GAO20230824t175835p0000-L/s2_20230825T171859Z.tif,../carbonmapper_data_l89_l2sp/GAO20230824t175835p0000-L/l8_LC09_L2SP_030038_20230824_20230826_02_T1.tif,84024
GAO20230824t180435p0000-B,2023-08-24T18:04:35+00:00,2023-08-25T17:18:59.024000+00:00,2023-08-24T17:21:01.323725+00:00,LC09_L2SP_030038_20230824_20230826_02_T1,../carbonmapper_data_s2_l2a/GAO20230824t180435p0000-B/s2_20230825T171859Z.tif,../carbonmapper_data_l89_l2sp/GAO20230824t180435p0000-B/l8_LC09_L2SP_030038_20230824_20230826_02_T1.tif,83664
GAO20230824t180435p0000-B,2023-08-24T18:04:35+00:00,2023-08-25T17:18:59.024000+00:00,2023-08-24T17:21:01.323725+00:00,LC09_L2SP_030038_20230824_20230826_02_T1,../carbonmapper_data_s2_l2a/GAO20230824t180435p0000-B/s2_20230825T171859Z.tif,../carbonmapper_data_l89_l2sp/GAO20230824t180435p0000-B/l8_LC09_L2SP_030038_20230824_20230826_02_T1.tif,83664
GAO20230824t180435p0000-C,2023-08-24T18:04:35+00:00,2023-08-25T17:18:59.024000+00:00,2023-08-24T17:21:01.323725+00:00,LC09_L2SP_030038_20230824_20230826_02_T1,../carbonmapper_data_s2_l2a/GAO20230824t180435p0000-C/s2_20230825T171859Z.tif,../carbonmapper_data_l89_l2sp/GAO20230824t180435p0000-C/l8_LC09_L2SP_030038_20230824_20230826_02_T1.tif,83664
GAO20230824t180435p0000-C,2023-08-24T18:04:35+00:00,2023-08-25T17:18:59.024000+00:00,2023-08-24T17:21:01.323725+00:00,LC09_L2SP_030038_20230824_20230826_02_T1,../carbonmapper_data_s2_l2a/GAO20230824t180435p0000-C/s2_20230825T171859Z.tif,../carbonmapper_data_l89_l2sp/GAO20230824t180435p0000-C/l8_LC09_L2SP_030038_20230824_20230826_02_T1.tif,83664
GAO20230824t180435p0000-D,2023-08-24T18:04:35+00:00,2023-08-25T17:18:59.024000+00:00,2023-08-24T17:21:01.323725+00:00,LC09_L2SP_030038_20230824_20230826_02_T1,../carbonmapper_data_s2_l2a/GAO20230824t180435p0000-D/s2_20230825T171859Z.tif,../carbonmapper_data_l89_l2sp/GAO20230824t180435p0000-D/l8_LC09_L2SP_030038_20230824_20230826_02_T1.tif,83664
GAO20230824t180435p0000-D,2023-08-24T18:04:35+00:00,2023-08-25T17:18:59.024000+00:00,2023-08-24T17:21:01.323725+00:00,LC09_L2SP_030038_20230824_20230826_02_T1,../carbonmapper_data_s2_l2a/GAO20230824t180435p0000-D/s2_20230825T171859Z.tif,../carbonmapper_data_l89_l2sp/GAO20230824t180435p0000-D/l8_LC09_L2SP_030038_20230824_20230826_02_T1.tif,83664
GAO20230824t180435p0000-E,2023-08-24T18:04:35+00:00,2023-08-25T17:18:59.024000+00:00,2023-08-24T17:21:01.323725+00:00,LC09_L2SP_030038_20230824_20230826_02_T1,../carbonmapper_data_s2_l2a/GAO20230824t180435p0000-E/s2_20230825T171859Z.tif,../carbonmapper_data_l89_l2sp/GAO20230824t180435p0000-E/l8_LC09_L2SP_030038_20230824_20230826_02_T1.tif,83664
GAO20230824t180435p0000-E,2023-08-24T18:04:35+00:00,2023-08-25T17:18:59.024000+00:00,2023-08-24T17:21:01.323725+00:00,LC09_L2SP_030038_20230824_20230826_02_T1,../carbonmapper_data_s2_l2a/GAO20230824t180435p0000-E/s2_20230825T171859Z.tif,../carbonmapper_data_l89_l2sp/GAO20230824t180435p0000-E/l8_LC09_L2SP_030038_20230824_20230826_02_T1.tif,83664
GAO20230824t180435p0000-F,2023-08-24T18:04:35+00:00,2023-08-25T17:18:59.024000+00:00,2023-08-24T17:21:01.323725+00:00,LC09_L2SP_030038_20230824_20230826_02_T1,../carbonmapper_data_s2_l2a/GAO20230824t180435p0000-F/s2_20230825T171859Z.tif,../carbonmapper_data_l89_l2sp/GAO20230824t180435p0000-F/l8_LC09_L2SP_030038_20230824_20230826_02_T1.tif,83664
GAO20230824t180435p0000-F,2023-08-24T18:04:35+00:00,2023-08-25T17:18:59.024000+00:00,2023-08-24T17:21:01.323725+00:00,LC09_L2SP_030038_20230824_20230826_02_T1,../carbonmapper_data_s2_l2a/GAO20230824t180435p0000-F/s2_20230825T171859Z.tif,../carbonmapper_data_l89_l2sp/GAO20230824t180435p0000-F/l8_LC09_L2SP_030038_20230824_20230826_02_T1.tif,83664
GAO20230824t180435p0000-H,2023-08-24T18:04:35+00:00,2023-08-25T17:18:59.024000+00:00,2023-08-24T17:21:01.323725+00:00,LC09_L2SP_030038_20230824_20230826_02_T1,../carbonmapper_data_s2_l2a/GAO20230824t180435p0000-H/s2_20230825T171859Z.tif,../carbonmapper_data_l89_l2sp/GAO20230824t180435p0000-H/l8_LC09_L2SP_030038_20230824_20230826_02_T1.tif,83664
GAO20230824t180435p0000-H,2023-08-24T18:04:35+00:00,2023-08-25T17:18:59.024000+00:00,2023-08-24T17:21:01.323725+00:00,LC09_L2SP_030038_20230824_20230826_02_T1,../carbonmapper_data_s2_l2a/GAO20230824t180435p0000-H/s2_20230825T171859Z.tif,../carbonmapper_data_l89_l2sp/GAO20230824t180435p0000-H/l8_LC09_L2SP_030038_20230824_20230826_02_T1.tif,83664
GAO20230824t180435p0000-I,2023-08-24T18:04:35+00:00,2023-08-25T17:18:59.024000+00:00,2023-08-24T17:21:01.323725+00:00,LC09_L2SP_030038_20230824_20230826_02_T1,../carbonmapper_data_s2_l2a/GAO20230824t180435p0000-I/s2_20230825T171859Z.tif,../carbonmapper_data_l89_l2sp/GAO20230824t180435p0000-I/l8_LC09_L2SP_030038_20230824_20230826_02_T1.tif,83664
GAO20230824t180435p0000-I,2023-08-24T18:04:35+00:00,2023-08-25T17:18:59.024000+00:00,2023-08-24T17:21:01.323725+00:00,LC09_L2SP_030038_20230824_20230826_02_T1,../carbonmapper_data_s2_l2a/GAO20230824t180435p0000-I/s2_20230825T171859Z.tif,../carbonmapper_data_l89_l2sp/GAO20230824t180435p0000-I/l8_LC09_L2SP_030038_20230824_20230826_02_T1.tif,83664
GAO20230824t180435p0000-J,2023-08-24T18:04:35+00:00,2023-08-25T17:18:59.024000+00:00,2023-08-24T17:21:01.323725+00:00,LC09_L2SP_030038_20230824_20230826_02_T1,../carbonmapper_data_s2_l2a/GAO20230824t180435p0000-J/s2_20230825T171859Z.tif,../carbonmapper_data_l89_l2sp/GAO20230824t180435p0000-J/l8_LC09_L2SP_030038_20230824_20230826_02_T1.tif,83664
GAO20230824t180435p0000-J,2023-08-24T18:04:35+00:00,2023-08-25T17:18:59.024000+00:00,2023-08-24T17:21:01.323725+00:00,LC09_L2SP_030038_20230824_20230826_02_T1,../carbonmapper_data_s2_l2a/GAO20230824t180435p0000-J/s2_20230825T171859Z.tif,../carbonmapper_data_l89_l2sp/GAO20230824t180435p0000-J/l8_LC09_L2SP_030038_20230824_20230826_02_T1.tif,83664
GAO20230824t180435p0000-K,2023-08-24T18:04:35+00:00,2023-08-25T17:18:59.024000+00:00,2023-08-24T17:21:01.323725+00:00,LC09_L2SP_030038_20230824_20230826_02_T1,../carbonmapper_data_s2_l2a/GAO20230824t180435p0000-K/s2_20230825T171859Z.tif,../carbonmapper_data_l89_l2sp/GAO20230824t180435p0000-K/l8_LC09_L2SP_030038_20230824_20230826_02_T1.tif,83664
GAO20230824t180435p0000-K,2023-08-24T18:04:35+00:00,2023-08-25T17:18:59.024000+00:00,2023-08-24T17:21:01.323725+00:00,LC09_L2SP_030038_20230824_20230826_02_T1,../carbonmapper_data_s2_l2a/GAO20230824t180435p0000-K/s2_20230825T171859Z.tif,../carbonmapper_data_l89_l2sp/GAO20230824t180435p0000-K/l8_LC09_L2SP_030038_20230824_20230826_02_T1.tif,83664
GAO20230824t180435p0000-L,2023-08-24T18:04:35+00:00,2023-08-25T17:18:59.024000+00:00,2023-08-24T17:21:01.323725+00:00,LC09_L2SP_030038_20230824_20230826_02_T1,../carbonmapper_data_s2_l2a/GAO20230824t180435p0000-L/s2_20230825T171859Z.tif,../carbonmapper_data_l89_l2sp/GAO20230824t180435p0000-L/l8_LC09_L2SP_030038_20230824_20230826_02_T1.tif,83664
GAO20230824t180435p0000-L,2023-08-24T18:04:35+00:00,2023-08-25T17:18:59.024000+00:00,2023-08-24T17:21:01.323725+00:00,LC09_L2SP_030038_20230824_20230826_02_T1,../carbonmapper_data_s2_l2a/GAO20230824t180435p0000-L/s2_20230825T171859Z.tif,../carbonmapper_data_l89_l2sp/GAO20230824t180435p0000-L/l8_LC09_L2SP_030038_20230824_20230826_02_T1.tif,83664
GAO20230824t180435p0000-M,2023-08-24T18:04:35+00:00,2023-08-25T17:18:59.024000+00:00,2023-08-24T17:21:01.323725+00:00,LC09_L2SP_030038_20230824_20230826_02_T1,../carbonmapper_data_s2_l2a/GAO20230824t180435p0000-M/s2_20230825T171859Z.tif,../carbonmapper_data_l89_l2sp/GAO20230824t180435p0000-M/l8_LC09_L2SP_030038_20230824_20230826_02_T1.tif,83664
GAO20230824t180435p0000-M,2023-08-24T18:04:35+00:00,2023-08-25T17:18:59.024000+00:00,2023-08-24T17:21:01.323725+00:00,LC09_L2SP_030038_20230824_20230826_02_T1,../carbonmapper_data_s2_l2a/GAO20230824t180435p0000-M/s2_20230825T171859Z.tif,../carbonmapper_data_l89_l2sp/GAO20230824t180435p0000-M/l8_LC09_L2SP_030038_20230824_20230826_02_T1.tif,83664
GAO20230824t180435p0000-N,2023-08-24T18:04:35+00:00,2023-08-25T17:18:59.024000+00:00,2023-08-24T17:21:01.323725+00:00,LC09_L2SP_030038_20230824_20230826_02_T1,../carbonmapper_data_s2_l2a/GAO20230824t180435p0000-N/s2_20230825T171859Z.tif,../carbonmapper_data_l89_l2sp/GAO20230824t180435p0000-N/l8_LC09_L2SP_030038_20230824_20230826_02_T1.tif,83664
GAO20230824t180435p0000-N,2023-08-24T18:04:35+00:00,2023-08-25T17:18:59.024000+00:00,2023-08-24T17:21:01.323725+00:00,LC09_L2SP_030038_20230824_20230826_02_T1,../carbonmapper_data_s2_l2a/GAO20230824t180435p0000-N/s2_20230825T171859Z.tif,../carbonmapper_data_l89_l2sp/GAO20230824t180435p0000-N/l8_LC09_L2SP_030038_20230824_20230826_02_T1.tif,83664
GAO20230824t180435p0000-O,2023-08-24T18:04:35+00:00,2023-08-25T17:18:59.024000+00:00,2023-08-24T17:21:01.323725+00:00,LC09_L2SP_030038_20230824_20230826_02_T1,../carbonmapper_data_s2_l2a/GAO20230824t180435p0000-O/s2_20230825T171859Z.tif,../carbonmapper_data_l89_l2sp/GAO20230824t180435p0000-O/l8_LC09_L2SP_030038_20230824_20230826_02_T1.tif,83664
GAO20230824t180435p0000-O,2023-08-24T18:04:35+00:00,2023-08-25T17:18:59.024000+00:00,2023-08-24T17:21:01.323725+00:00,LC09_L2SP_030038_20230824_20230826_02_T1,../carbonmapper_data_s2_l2a/GAO20230824t180435p0000-O/s2_20230825T171859Z.tif,../carbonmapper_data_l89_l2sp/GAO20230824t180435p0000-O/l8_LC09_L2SP_030038_20230824_20230826_02_T1.tif,83664
GAO20230824t180435p0000-P,2023-08-24T18:04:35+00:00,2023-08-25T17:18:59.024000+00:00,2023-08-24T17:21:01.323725+00:00,LC09_L2SP_030038_20230824_20230826_02_T1,../carbonmapper_data_s2_l2a/GAO20230824t180435p0000-P/s2_20230825T171859Z.tif,../carbonmapper_data_l89_l2sp/GAO20230824t180435p0000-P/l8_LC09_L2SP_030038_20230824_20230826_02_T1.tif,83664
GAO20230824t180435p0000-P,2023-08-24T18:04:35+00:00,2023-08-25T17:18:59.024000+00:00,2023-08-24T17:21:01.323725+00:00,LC09_L2SP_030038_20230824_20230826_02_T1,../carbonmapper_data_s2_l2a/GAO20230824t180435p0000-P/s2_20230825T171859Z.tif,../carbonmapper_data_l89_l2sp/GAO20230824t180435p0000-P/l8_LC09_L2SP_030038_20230824_20230826_02_T1.tif,83664
GAO20230824t181850p0000-A,2023-08-24T18:18:50+00:00,2023-08-25T17:18:59.024000+00:00,2023-08-24T17:21:01.323725+00:00,LC09_L2SP_030038_20230824_20230826_02_T1,../carbonmapper_data_s2_l2a/GAO20230824t181850p0000-A/s2_20230825T171859Z.tif,../carbonmapper_data_l89_l2sp/GAO20230824t181850p0000-A/l8_LC09_L2SP_030038_20230824_20230826_02_T1.tif,82809
GAO20230824t181850p0000-A,2023-08-24T18:18:50+00:00,2023-08-25T17:18:59.024000+00:00,2023-08-24T17:21:01.323725+00:00,LC09_L2SP_030038_20230824_20230826_02_T1,../carbonmapper_data_s2_l2a/GAO20230824t181850p0000-A/s2_20230825T171859Z.tif,../carbonmapper_data_l89_l2sp/GAO20230824t181850p0000-A/l8_LC09_L2SP_030038_20230824_20230826_02_T1.tif,82809
GAO20230824t181850p0000-B,2023-08-24T18:18:50+00:00,2023-08-25T17:18:59.024000+00:00,2023-08-24T17:21:01.323725+00:00,LC09_L2SP_030038_20230824_20230826_02_T1,../carbonmapper_data_s2_l2a/GAO20230824t181850p0000-B/s2_20230825T171859Z.tif,../carbonmapper_data_l89_l2sp/GAO20230824t181850p0000-B/l8_LC09_L2SP_030038_20230824_20230826_02_T1.tif,82809
GAO20230824t181850p0000-B,2023-08-24T18:18:50+00:00,2023-08-25T17:18:59.024000+00:00,2023-08-24T17:21:01.323725+00:00,LC09_L2SP_030038_20230824_20230826_02_T1,../carbonmapper_data_s2_l2a/GAO20230824t181850p0000-B/s2_20230825T171859Z.tif,../carbonmapper_data_l89_l2sp/GAO20230824t181850p0000-B/l8_LC09_L2SP_030038_20230824_20230826_02_T1.tif,82809
GAO20230824t181850p0000-C,2023-08-24T18:18:50+00:00,2023-08-25T17:18:59.024000+00:00,2023-08-24T17:21:01.323725+00:00,LC09_L2SP_030038_20230824_20230826_02_T1,../carbonmapper_data_s2_l2a/GAO20230824t181850p0000-C/s2_20230825T171859Z.tif,../carbonmapper_data_l89_l2sp/GAO20230824t181850p0000-C/l8_LC09_L2SP_030038_20230824_20230826_02_T1.tif,82809
GAO20230824t181850p0000-C,2023-08-24T18:18:50+00:00,2023-08-25T17:18:59.024000+00:00,2023-08-24T17:21:01.323725+00:00,LC09_L2SP_030038_20230824_20230826_02_T1,../carbonmapper_data_s2_l2a/GAO20230824t181850p0000-C/s2_20230825T171859Z.tif,../carbonmapper_data_l89_l2sp/GAO20230824t181850p0000-C/l8_LC09_L2SP_030038_20230824_20230826_02_T1.tif,82809
GAO20230824t181850p0000-D,2023-08-24T18:18:50+00:00,2023-08-25T17:18:59.024000+00:00,2023-08-24T17:21:01.323725+00:00,LC09_L2SP_030038_20230824_20230826_02_T1,../carbonmapper_data_s2_l2a/GAO20230824t181850p0000-D/s2_20230825T171859Z.tif,../carbonmapper_data_l89_l2sp/GAO20230824t181850p0000-D/l8_LC09_L2SP_030038_20230824_20230826_02_T1.tif,82809
GAO20230824t181850p0000-D,2023-08-24T18:18:50+00:00,2023-08-25T17:18:59.024000+00:00,2023-08-24T17:21:01.323725+00:00,LC09_L2SP_030038_20230824_20230826_02_T1,../carbonmapper_data_s2_l2a/GAO20230824t181850p0000-D/s2_20230825T171859Z.tif,../carbonmapper_data_l89_l2sp/GAO20230824t181850p0000-D/l8_LC09_L2SP_030038_20230824_20230826_02_T1.tif,82809
GAO20230824t181850p0000-E,2023-08-24T18:18:50+00:00,2023-08-25T17:18:59.024000+00:00,2023-08-24T17:21:01.323725+00:00,LC09_L2SP_030038_20230824_20230826_02_T1,../carbonmapper_data_s2_l2a/GAO20230824t181850p0000-E/s2_20230825T171859Z.tif,../carbonmapper_data_l89_l2sp/GAO20230824t181850p0000-E/l8_LC09_L2SP_030038_20230824_20230826_02_T1.tif,82809
GAO20230824t181850p0000-E,2023-08-24T18:18:50+00:00,2023-08-25T17:18:59.024000+00:00,2023-08-24T17:21:01.323725+00:00,LC09_L2SP_030038_20230824_20230826_02_T1,../carbonmapper_data_s2_l2a/GAO20230824t181850p0000-E/s2_20230825T171859Z.tif,../carbonmapper_data_l89_l2sp/GAO20230824t181850p0000-E/l8_LC09_L2SP_030038_20230824_20230826_02_T1.tif,82809
GAO20230824t181850p0000-F,2023-08-24T18:18:50+00:00,2023-08-25T17:18:59.024000+00:00,2023-08-24T17:21:01.323725+00:00,LC09_L2SP_030038_20230824_20230826_02_T1,../carbonmapper_data_s2_l2a/GAO20230824t181850p0000-F/s2_20230825T171859Z.tif,../carbonmapper_data_l89_l2sp/GAO20230824t181850p0000-F/l8_LC09_L2SP_030038_20230824_20230826_02_T1.tif,82809
GAO20230824t181850p0000-F,2023-08-24T18:18:50+00:00,2023-08-25T17:18:59.024000+00:00,2023-08-24T17:21:01.323725+00:00,LC09_L2SP_030038_20230824_20230826_02_T1,../carbonmapper_data_s2_l2a/GAO20230824t181850p0000-F/s2_20230825T171859Z.tif,../carbonmapper_data_l89_l2sp/GAO20230824t181850p0000-F/l8_LC09_L2SP_030038_20230824_20230826_02_T1.tif,82809
GAO20230824t181850p0000-G,2023-08-24T18:18:50+00:00,2023-08-25T17:18:59.024000+00:00,2023-08-24T17:21:01.323725+00:00,LC09_L2SP_030038_20230824_20230826_02_T1,../carbonmapper_data_s2_l2a/GAO20230824t181850p0000-G/s2_20230825T171859Z.tif,../carbonmapper_data_l89_l2sp/GAO20230824t181850p0000-G/l8_LC09_L2SP_030038_20230824_20230826_02_T1.tif,82809
GAO20230824t181850p0000-G,2023-08-24T18:18:50+00:00,2023-08-25T17:18:59.024000+00:00,2023-08-24T17:21:01.323725+00:00,LC09_L2SP_030038_20230824_20230826_02_T1,../carbonmapper_data_s2_l2a/GAO20230824t181850p0000-G/s2_20230825T171859Z.tif,../carbonmapper_data_l89_l2sp/GAO20230824t181850p0000-G/l8_LC09_L2SP_030038_20230824_20230826_02_T1.tif,82809
GAO20230824t181850p0000-H,2023-08-24T18:18:50+00:00,2023-08-25T17:18:59.024000+00:00,2023-08-24T17:21:01.323725+00:00,LC09_L2SP_030038_20230824_20230826_02_T1,../carbonmapper_data_s2_l2a/GAO20230824t181850p0000-H/s2_20230825T171859Z.tif,../carbonmapper_data_l89_l2sp/GAO20230824t181850p0000-H/l8_LC09_L2SP_030038_20230824_20230826_02_T1.tif,82809
GAO20230824t181850p0000-H,2023-08-24T18:18:50+00:00,2023-08-25T17:18:59.024000+00:00,2023-08-24T17:21:01.323725+00:00,LC09_L2SP_030038_20230824_20230826_02_T1,../carbonmapper_data_s2_l2a/GAO20230824t181850p0000-H/s2_20230825T171859Z.tif,../carbonmapper_data_l89_l2sp/GAO20230824t181850p0000-H/l8_LC09_L2SP_030038_20230824_20230826_02_T1.tif,82809
GAO20230824t181850p0000-I,2023-08-24T18:18:50+00:00,2023-08-25T17:18:59.024000+00:00,2023-08-24T17:21:01.323725+00:00,LC09_L2SP_030038_20230824_20230826_02_T1,../carbonmapper_data_s2_l2a/GAO20230824t181850p0000-I/s2_20230825T171859Z.tif,../carbonmapper_data_l89_l2sp/GAO20230824t181850p0000-I/l8_LC09_L2SP_030038_20230824_20230826_02_T1.tif,82809
GAO20230824t181850p0000-I,2023-08-24T18:18:50+00:00,2023-08-25T17:18:59.024000+00:00,2023-08-24T17:21:01.323725+00:00,LC09_L2SP_030038_20230824_20230826_02_T1,../carbonmapper_data_s2_l2a/GAO20230824t181850p0000-I/s2_20230825T171859Z.tif,../carbonmapper_data_l89_l2sp/GAO20230824t181850p0000-I/l8_LC09_L2SP_030038_20230824_20230826_02_T1.tif,82809
GAO20230824t182756p0000-A,2023-08-24T18:27:56+00:00,2023-08-25T17:18:59.024000+00:00,2023-08-24T17:21:01.323725+00:00,LC09_L2SP_030038_20230824_20230826_02_T1,../carbonmapper_data_s2_l2a/GAO20230824t182756p0000-A/s2_20230825T171859Z.tif,../carbonmapper_data_l89_l2sp/GAO20230824t182756p0000-A/l8_LC09_L2SP_030038_20230824_20230826_02_T1.tif,82263
GAO20230824t182756p0000-A,2023-08-24T18:27:56+00:00,2023-08-25T17:18:59.024000+00:00,2023-08-24T17:21:01.323725+00:00,LC09_L2SP_030038_20230824_20230826_02_T1,../carbonmapper_data_s2_l2a/GAO20230824t182756p0000-A/s2_20230825T171859Z.tif,../carbonmapper_data_l89_l2sp/GAO20230824t182756p0000-A/l8_LC09_L2SP_030038_20230824_20230826_02_T1.tif,82263
GAO20230824t182756p0000-B,2023-08-24T18:27:56+00:00,2023-08-25T17:18:59.024000+00:00,2023-08-24T17:21:01.323725+00:00,LC09_L2SP_030038_20230824_20230826_02_T1,../carbonmapper_data_s2_l2a/GAO20230824t182756p0000-B/s2_20230825T171859Z.tif,../carbonmapper_data_l89_l2sp/GAO20230824t182756p0000-B/l8_LC09_L2SP_030038_20230824_20230826_02_T1.tif,82263
GAO20230824t182756p0000-B,2023-08-24T18:27:56+00:00,2023-08-25T17:18:59.024000+00:00,2023-08-24T17:21:01.323725+00:00,LC09_L2SP_030038_20230824_20230826_02_T1,../carbonmapper_data_s2_l2a/GAO20230824t182756p0000-B/s2_20230825T171859Z.tif,../carbonmapper_data_l89_l2sp/GAO20230824t182756p0000-B/l8_LC09_L2SP_030038_20230824_20230826_02_T1.tif,82263
GAO20230824t182756p0000-C,2023-08-24T18:27:56+00:00,2023-08-25T17:18:59.024000+00:00,2023-08-24T17:21:01.323725+00:00,LC09_L2SP_030038_20230824_20230826_02_T1,../carbonmapper_data_s2_l2a/GAO20230824t182756p0000-C/s2_20230825T171859Z.tif,../carbonmapper_data_l89_l2sp/GAO20230824t182756p0000-C/l8_LC09_L2SP_030038_20230824_20230826_02_T1.tif,82263
GAO20230824t182756p0000-C,2023-08-24T18:27:56+00:00,2023-08-25T17:18:59.024000+00:00,2023-08-24T17:21:01.323725+00:00,LC09_L2SP_030038_20230824_20230826_02_T1,../carbonmapper_data_s2_l2a/GAO20230824t182756p0000-C/s2_20230825T171859Z.tif,../carbonmapper_data_l89_l2sp/GAO20230824t182756p0000-C/l8_LC09_L2SP_030038_20230824_20230826_02_T1.tif,82263
GAO20230824t182756p0000-D,2023-08-24T18:27:56+00:00,2023-08-25T17:18:59.024000+00:00,2023-08-24T17:21:01.323725+00:00,LC09_L2SP_030038_20230824_20230826_02_T1,../carbonmapper_data_s2_l2a/GAO20230824t182756p0000-D/s2_20230825T171859Z.tif,../carbonmapper_data_l89_l2sp/GAO20230824t182756p0000-D/l8_LC09_L2SP_030038_20230824_20230826_02_T1.tif,82263
GAO20230824t182756p0000-D,2023-08-24T18:27:56+00:00,2023-08-25T17:18:59.024000+00:00,2023-08-24T17:21:01.323725+00:00,LC09_L2SP_030038_20230824_20230826_02_T1,../carbonmapper_data_s2_l2a/GAO20230824t182756p0000-D/s2_20230825T171859Z.tif,../carbonmapper_data_l89_l2sp/GAO20230824t182756p0000-D/l8_LC09_L2SP_030038_20230824_20230826_02_T1.tif,82263
GAO20230824t182756p0000-E,2023-08-24T18:27:56+00:00,2023-08-25T17:18:59.024000+00:00,2023-08-24T17:21:01.323725+00:00,LC09_L2SP_030038_20230824_20230826_02_T1,../carbonmapper_data_s2_l2a/GAO20230824t182756p0000-E/s2_20230825T171859Z.tif,../carbonmapper_data_l89_l2sp/GAO20230824t182756p0000-E/l8_LC09_L2SP_030038_20230824_20230826_02_T1.tif,82263
GAO20230824t182756p0000-E,2023-08-24T18:27:56+00:00,2023-08-25T17:18:59.024000+00:00,2023-08-24T17:21:01.323725+00:00,LC09_L2SP_030038_20230824_20230826_02_T1,../carbonmapper_data_s2_l2a/GAO20230824t182756p0000-E/s2_20230825T171859Z.tif,../carbonmapper_data_l89_l2sp/GAO20230824t182756p0000-E/l8_LC09_L2SP_030038_20230824_20230826_02_T1.tif,82263
GAO20230824t182756p0000-F,2023-08-24T18:27:56+00:00,2023-08-25T17:18:59.024000+00:00,2023-08-24T17:21:01.323725+00:00,LC09_L2SP_030038_20230824_20230826_02_T1,../carbonmapper_data_s2_l2a/GAO20230824t182756p0000-F/s2_20230825T171859Z.tif,../carbonmapper_data_l89_l2sp/GAO20230824t182756p0000-F/l8_LC09_L2SP_030038_20230824_20230826_02_T1.tif,82263
GAO20230824t182756p0000-F,2023-08-24T18:27:56+00:00,2023-08-25T17:18:59.024000+00:00,2023-08-24T17:21:01.323725+00:00,LC09_L2SP_030038_20230824_20230826_02_T1,../carbonmapper_data_s2_l2a/GAO20230824t182756p0000-F/s2_20230825T171859Z.tif,../carbonmapper_data_l89_l2sp/GAO20230824t182756p0000-F/l8_LC09_L2SP_030038_20230824_20230826_02_T1.tif,82263
GAO20230824t182756p0000-G,2023-08-24T18:27:56+00:00,2023-08-25T17:18:59.024000+00:00,2023-08-24T17:21:01.323725+00:00,LC09_L2SP_030038_20230824_20230826_02_T1,../carbonmapper_data_s2_l2a/GAO20230824t182756p0000-G/s2_20230825T171859Z.tif,../carbonmapper_data_l89_l2sp/GAO20230824t182756p0000-G/l8_LC09_L2SP_030038_20230824_20230826_02_T1.tif,82263
GAO20230824t182756p0000-G,2023-08-24T18:27:56+00:00,2023-08-25T17:18:59.024000+00:00,2023-08-24T17:21:01.323725+00:00,LC09_L2SP_030038_20230824_20230826_02_T1,../carbonmapper_data_s2_l2a/GAO20230824t182756p0000-G/s2_20230825T171859Z.tif,../carbonmapper_data_l89_l2sp/GAO20230824t182756p0000-G/l8_LC09_L2SP_030038_20230824_20230826_02_T1.tif,82263
GAO20230824t182756p0000-H,2023-08-24T18:27:56+00:00,2023-08-25T17:18:59.024000+00:00,2023-08-24T17:21:01.323725+00:00,LC09_L2SP_030038_20230824_20230826_02_T1,../carbonmapper_data_s2_l2a/GAO20230824t182756p0000-H/s2_20230825T171859Z.tif,../carbonmapper_data_l89_l2sp/GAO20230824t182756p0000-H/l8_LC09_L2SP_030038_20230824_20230826_02_T1.tif,82263
GAO20230824t182756p0000-H,2023-08-24T18:27:56+00:00,2023-08-25T17:18:59.024000+00:00,2023-08-24T17:21:01.323725+00:00,LC09_L2SP_030038_20230824_20230826_02_T1,../carbonmapper_data_s2_l2a/GAO20230824t182756p0000-H/s2_20230825T171859Z.tif,../carbonmapper_data_l89_l2sp/GAO20230824t182756p0000-H/l8_LC09_L2SP_030038_20230824_20230826_02_T1.tif,82263
GAO20230824t182756p0000-I,2023-08-24T18:27:56+00:00,2023-08-25T17:18:59.024000+00:00,2023-08-24T17:21:01.323725+00:00,LC09_L2SP_030038_20230824_20230826_02_T1,../carbonmapper_data_s2_l2a/GAO20230824t182756p0000-I/s2_20230825T171859Z.tif,../carbonmapper_data_l89_l2sp/GAO20230824t182756p0000-I/l8_LC09_L2SP_030038_20230824_20230826_02_T1.tif,82263
GAO20230824t182756p0000-I,2023-08-24T18:27:56+00:00,2023-08-25T17:18:59.024000+00:00,2023-08-24T17:21:01.323725+00:00,LC09_L2SP_030038_20230824_20230826_02_T1,../carbonmapper_data_s2_l2a/GAO20230824t182756p0000-I/s2_20230825T171859Z.tif,../carbonmapper_data_l89_l2sp/GAO20230824t182756p0000-I/l8_LC09_L2SP_030038_20230824_20230826_02_T1.tif,82263
GAO20230824t183712p0000-B,2023-08-24T18:37:12+00:00,2023-08-25T17:18:59.024000+00:00,2023-08-24T17:21:01.323725+00:00,LC09_L2SP_030038_20230824_20230826_02_T1,../carbonmapper_data_s2_l2a/GAO20230824t183712p0000-B/s2_20230825T171859Z.tif,../carbonmapper_data_l89_l2sp/GAO20230824t183712p0000-B/l8_LC09_L2SP_030038_20230824_20230826_02_T1.tif,81707
GAO20230824t183712p0000-B,2023-08-24T18:37:12+00:00,2023-08-25T17:18:59.024000+00:00,2023-08-24T17:21:01.323725+00:00,LC09_L2SP_030038_20230824_20230826_02_T1,../carbonmapper_data_s2_l2a/GAO20230824t183712p0000-B/s2_20230825T171859Z.tif,../carbonmapper_data_l89_l2sp/GAO20230824t183712p0000-B/l8_LC09_L2SP_030038_20230824_20230826_02_T1.tif,81707
GAO20230824t183712p0000-C,2023-08-24T18:37:12+00:00,2023-08-25T17:18:59.024000+00:00,2023-08-24T17:21:01.323725+00:00,LC09_L2SP_030038_20230824_20230826_02_T1,../carbonmapper_data_s2_l2a/GAO20230824t183712p0000-C/s2_20230825T171859Z.tif,../carbonmapper_data_l89_l2sp/GAO20230824t183712p0000-C/l8_LC09_L2SP_030038_20230824_20230826_02_T1.tif,81707
GAO20230824t183712p0000-C,2023-08-24T18:37:12+00:00,2023-08-25T17:18:59.024000+00:00,2023-08-24T17:21:01.323725+00:00,LC09_L2SP_030038_20230824_20230826_02_T1,../carbonmapper_data_s2_l2a/GAO20230824t183712p0000-C/s2_20230825T171859Z.tif,../carbonmapper_data_l89_l2sp/GAO20230824t183712p0000-C/l8_LC09_L2SP_030038_20230824_20230826_02_T1.tif,81707
GAO20230824t183712p0000-D,2023-08-24T18:37:12+00:00,2023-08-25T17:18:59.024000+00:00,2023-08-24T17:21:01.323725+00:00,LC09_L2SP_030038_20230824_20230826_02_T1,../carbonmapper_data_s2_l2a/GAO20230824t183712p0000-D/s2_20230825T171859Z.tif,../carbonmapper_data_l89_l2sp/GAO20230824t183712p0000-D/l8_LC09_L2SP_030038_20230824_20230826_02_T1.tif,81707
GAO20230824t183712p0000-D,2023-08-24T18:37:12+00:00,2023-08-25T17:18:59.024000+00:00,2023-08-24T17:21:01.323725+00:00,LC09_L2SP_030038_20230824_20230826_02_T1,../carbonmapper_data_s2_l2a/GAO20230824t183712p0000-D/s2_20230825T171859Z.tif,../carbonmapper_data_l89_l2sp/GAO20230824t183712p0000-D/l8_LC09_L2SP_030038_20230824_20230826_02_T1.tif,81707
GAO20230824t183712p0000-E,2023-08-24T18:37:12+00:00,2023-08-25T17:18:59.024000+00:00,2023-08-24T17:21:01.323725+00:00,LC09_L2SP_030038_20230824_20230826_02_T1,../carbonmapper_data_s2_l2a/GAO20230824t183712p0000-E/s2_20230825T171859Z.tif,../carbonmapper_data_l89_l2sp/GAO20230824t183712p0000-E/l8_LC09_L2SP_030038_20230824_20230826_02_T1.tif,81707
GAO20230824t183712p0000-E,2023-08-24T18:37:12+00:00,2023-08-25T17:18:59.024000+00:00,2023-08-24T17:21:01.323725+00:00,LC09_L2SP_030038_20230824_20230826_02_T1,../carbonmapper_data_s2_l2a/GAO20230824t183712p0000-E/s2_20230825T171859Z.tif,../carbonmapper_data_l89_l2sp/GAO20230824t183712p0000-E/l8_LC09_L2SP_030038_20230824_20230826_02_T1.tif,81707
GAO20230824t183712p0000-F,2023-08-24T18:37:12+00:00,2023-08-25T17:18:59.024000+00:00,2023-08-24T17:21:01.323725+00:00,LC09_L2SP_030038_20230824_20230826_02_T1,../carbonmapper_data_s2_l2a/GAO20230824t183712p0000-F/s2_20230825T171859Z.tif,../carbonmapper_data_l89_l2sp/GAO20230824t183712p0000-F/l8_LC09_L2SP_030038_20230824_20230826_02_T1.tif,81707
GAO20230824t183712p0000-F,2023-08-24T18:37:12+00:00,2023-08-25T17:18:59.024000+00:00,2023-08-24T17:21:01.323725+00:00,LC09_L2SP_030038_20230824_20230826_02_T1,../carbonmapper_data_s2_l2a/GAO20230824t183712p0000-F/s2_20230825T171859Z.tif,../carbonmapper_data_l89_l2sp/GAO20230824t183712p0000-F/l8_LC09_L2SP_030038_20230824_20230826_02_T1.tif,81707
GAO20230824t183712p0000-G,2023-08-24T18:37:12+00:00,2023-08-25T17:18:59.024000+00:00,2023-08-24T17:21:01.323725+00:00,LC09_L2SP_030038_20230824_20230826_02_T1,../carbonmapper_data_s2_l2a/GAO20230824t183712p0000-G/s2_20230825T171859Z.tif,../carbonmapper_data_l89_l2sp/GAO20230824t183712p0000-G/l8_LC09_L2SP_030038_20230824_20230826_02_T1.tif,81707
GAO20230824t183712p0000-G,2023-08-24T18:37:12+00:00,2023-08-25T17:18:59.024000+00:00,2023-08-24T17:21:01.323725+00:00,LC09_L2SP_030038_20230824_20230826_02_T1,../carbonmapper_data_s2_l2a/GAO20230824t183712p0000-G/s2_20230825T171859Z.tif,../carbonmapper_data_l89_l2sp/GAO20230824t183712p0000-G/l8_LC09_L2SP_030038_20230824_20230826_02_T1.tif,81707
GAO20230824t183712p0000-H,2023-08-24T18:37:12+00:00,2023-08-25T17:18:59.024000+00:00,2023-08-24T17:21:01.323725+00:00,LC09_L2SP_030038_20230824_20230826_02_T1,../carbonmapper_data_s2_l2a/GAO20230824t183712p0000-H/s2_20230825T171859Z.tif,../carbonmapper_data_l89_l2sp/GAO20230824t183712p0000-H/l8_LC09_L2SP_030038_20230824_20230826_02_T1.tif,81707
GAO20230824t183712p0000-H,2023-08-24T18:37:12+00:00,2023-08-25T17:18:59.024000+00:00,2023-08-24T17:21:01.323725+00:00,LC09_L2SP_030038_20230824_20230826_02_T1,../carbonmapper_data_s2_l2a/GAO20230824t183712p0000-H/s2_20230825T171859Z.tif,../carbonmapper_data_l89_l2sp/GAO20230824t183712p0000-H/l8_LC09_L2SP_030038_20230824_20230826_02_T1.tif,81707
GAO20230824t183712p0000-J,2023-08-24T18:37:12+00:00,2023-08-25T17:18:59.024000+00:00,2023-08-24T17:21:01.323725+00:00,LC09_L2SP_030038_20230824_20230826_02_T1,../carbonmapper_data_s2_l2a/GAO20230824t183712p0000-J/s2_20230825T171859Z.tif,../carbonmapper_data_l89_l2sp/GAO20230824t183712p0000-J/l8_LC09_L2SP_030038_20230824_20230826_02_T1.tif,81707
GAO20230824t183712p0000-J,2023-08-24T18:37:12+00:00,2023-08-25T17:18:59.024000+00:00,2023-08-24T17:21:01.323725+00:00,LC09_L2SP_030038_20230824_20230826_02_T1,../carbonmapper_data_s2_l2a/GAO20230824t183712p0000-J/s2_20230825T171859Z.tif,../carbonmapper_data_l89_l2sp/GAO20230824t183712p0000-J/l8_LC09_L2SP_030038_20230824_20230826_02_T1.tif,81707
GAO20230824t183712p0000-K,2023-08-24T18:37:12+00:00,2023-08-25T17:18:59.024000+00:00,2023-08-24T17:21:01.323725+00:00,LC09_L2SP_030038_20230824_20230826_02_T1,../carbonmapper_data_s2_l2a/GAO20230824t183712p0000-K/s2_20230825T171859Z.tif,../carbonmapper_data_l89_l2sp/GAO20230824t183712p0000-K/l8_LC09_L2SP_030038_20230824_20230826_02_T1.tif,81707
GAO20230824t183712p0000-K,2023-08-24T18:37:12+00:00,2023-08-25T17:18:59.024000+00:00,2023-08-24T17:21:01.323725+00:00,LC09_L2SP_030038_20230824_20230826_02_T1,../carbonmapper_data_s2_l2a/GAO20230824t183712p0000-K/s2_20230825T171859Z.tif,../carbonmapper_data_l89_l2sp/GAO20230824t183712p0000-K/l8_LC09_L2SP_030038_20230824_20230826_02_T1.tif,81707
GAO20230824t185535p0000-A,2023-08-24T18:55:35+00:00,2023-08-25T17:18:59.024000+00:00,2023-08-24T17:21:01.323725+00:00,LC09_L2SP_030038_20230824_20230826_02_T1,../carbonmapper_data_s2_l2a/GAO20230824t185535p0000-A/s2_20230825T171859Z.tif,../carbonmapper_data_l89_l2sp/GAO20230824t185535p0000-A/l8_LC09_L2SP_030038_20230824_20230826_02_T1.tif,80604
GAO20230824t185535p0000-A,2023-08-24T18:55:35+00:00,2023-08-25T17:18:59.024000+00:00,2023-08-24T17:21:01.323725+00:00,LC09_L2SP_030038_20230824_20230826_02_T1,../carbonmapper_data_s2_l2a/GAO20230824t185535p0000-A/s2_20230825T171859Z.tif,../carbonmapper_data_l89_l2sp/GAO20230824t185535p0000-A/l8_LC09_L2SP_030038_20230824_20230826_02_T1.tif,80604
GAO20230824t185535p0000-B,2023-08-24T18:55:35+00:00,2023-08-25T17:18:59.024000+00:00,2023-08-24T17:21:01.323725+00:00,LC09_L2SP_030038_20230824_20230826_02_T1,../carbonmapper_data_s2_l2a/GAO20230824t185535p0000-B/s2_20230825T171859Z.tif,../carbonmapper_data_l89_l2sp/GAO20230824t185535p0000-B/l8_LC09_L2SP_030038_20230824_20230826_02_T1.tif,80604
GAO20230824t185535p0000-B,2023-08-24T18:55:35+00:00,2023-08-25T17:18:59.024000+00:00,2023-08-24T17:21:01.323725+00:00,LC09_L2SP_030038_20230824_20230826_02_T1,../carbonmapper_data_s2_l2a/GAO20230824t185535p0000-B/s2_20230825T171859Z.tif,../carbonmapper_data_l89_l2sp/GAO20230824t185535p0000-B/l8_LC09_L2SP_030038_20230824_20230826_02_T1.tif,80604
GAO20230824t185535p0000-C,2023-08-24T18:55:35+00:00,2023-08-25T17:18:59.024000+00:00,2023-08-24T17:21:01.323725+00:00,LC09_L2SP_030038_20230824_20230826_02_T1,../carbonmapper_data_s2_l2a/GAO20230824t185535p0000-C/s2_20230825T171859Z.tif,../carbonmapper_data_l89_l2sp/GAO20230824t185535p0000-C/l8_LC09_L2SP_030038_20230824_20230826_02_T1.tif,80604
GAO20230824t185535p0000-C,2023-08-24T18:55:35+00:00,2023-08-25T17:18:59.024000+00:00,2023-08-24T17:21:01.323725+00:00,LC09_L2SP_030038_20230824_20230826_02_T1,../carbonmapper_data_s2_l2a/GAO20230824t185535p0000-C/s2_20230825T171859Z.tif,../carbonmapper_data_l89_l2sp/GAO20230824t185535p0000-C/l8_LC09_L2SP_030038_20230824_20230826_02_T1.tif,80604
GAO20230824t185535p0000-D,2023-08-24T18:55:35+00:00,2023-08-25T17:18:59.024000+00:00,2023-08-24T17:21:01.323725+00:00,LC09_L2SP_030038_20230824_20230826_02_T1,../carbonmapper_data_s2_l2a/GAO20230824t185535p0000-D/s2_20230825T171859Z.tif,../carbonmapper_data_l89_l2sp/GAO20230824t185535p0000-D/l8_LC09_L2SP_030038_20230824_20230826_02_T1.tif,80604
GAO20230824t185535p0000-D,2023-08-24T18:55:35+00:00,2023-08-25T17:18:59.024000+00:00,2023-08-24T17:21:01.323725+00:00,LC09_L2SP_030038_20230824_20230826_02_T1,../carbonmapper_data_s2_l2a/GAO20230824t185535p0000-D/s2_20230825T171859Z.tif,../carbonmapper_data_l89_l2sp/GAO20230824t185535p0000-D/l8_LC09_L2SP_030038_20230824_20230826_02_T1.tif,80604
GAO20230824t185535p0000-E,2023-08-24T18:55:35+00:00,2023-08-25T17:18:59.024000+00:00,2023-08-24T17:21:01.323725+00:00,LC09_L2SP_030038_20230824_20230826_02_T1,../carbonmapper_data_s2_l2a/GAO20230824t185535p0000-E/s2_20230825T171859Z.tif,../carbonmapper_data_l89_l2sp/GAO20230824t185535p0000-E/l8_LC09_L2SP_030038_20230824_20230826_02_T1.tif,80604
GAO20230824t185535p0000-E,2023-08-24T18:55:35+00:00,2023-08-25T17:18:59.024000+00:00,2023-08-24T17:21:01.323725+00:00,LC09_L2SP_030038_20230824_20230826_02_T1,../carbonmapper_data_s2_l2a/GAO20230824t185535p0000-E/s2_20230825T171859Z.tif,../carbonmapper_data_l89_l2sp/GAO20230824t185535p0000-E/l8_LC09_L2SP_030038_20230824_20230826_02_T1.tif,80604
GAO20230824t185535p0000-F,2023-08-24T18:55:35+00:00,2023-08-25T17:18:59.024000+00:00,2023-08-24T17:21:01.323725+00:00,LC09_L2SP_030038_20230824_20230826_02_T1,../carbonmapper_data_s2_l2a/GAO20230824t185535p0000-F/s2_20230825T171859Z.tif,../carbonmapper_data_l89_l2sp/GAO20230824t185535p0000-F/l8_LC09_L2SP_030038_20230824_20230826_02_T1.tif,80604
GAO20230824t185535p0000-F,2023-08-24T18:55:35+00:00,2023-08-25T17:18:59.024000+00:00,2023-08-24T17:21:01.323725+00:00,LC09_L2SP_030038_20230824_20230826_02_T1,../carbonmapper_data_s2_l2a/GAO20230824t185535p0000-F/s2_20230825T171859Z.tif,../carbonmapper_data_l89_l2sp/GAO20230824t185535p0000-F/l8_LC09_L2SP_030038_20230824_20230826_02_T1.tif,80604
GAO20230824t185535p0000-G,2023-08-24T18:55:35+00:00,2023-08-25T17:18:59.024000+00:00,2023-08-24T17:21:01.323725+00:00,LC09_L2SP_030038_20230824_20230826_02_T1,../carbonmapper_data_s2_l2a/GAO20230824t185535p0000-G/s2_20230825T171859Z.tif,../carbonmapper_data_l89_l2sp/GAO20230824t185535p0000-G/l8_LC09_L2SP_030038_20230824_20230826_02_T1.tif,80604
GAO20230824t185535p0000-G,2023-08-24T18:55:35+00:00,2023-08-25T17:18:59.024000+00:00,2023-08-24T17:21:01.323725+00:00,LC09_L2SP_030038_20230824_20230826_02_T1,../carbonmapper_data_s2_l2a/GAO20230824t185535p0000-G/s2_20230825T171859Z.tif,../carbonmapper_data_l89_l2sp/GAO20230824t185535p0000-G/l8_LC09_L2SP_030038_20230824_20230826_02_T1.tif,80604
GAO20230824t185535p0000-H,2023-08-24T18:55:35+00:00,2023-08-25T17:18:59.024000+00:00,2023-08-24T17:21:01.323725+00:00,LC09_L2SP_030038_20230824_20230826_02_T1,../carbonmapper_data_s2_l2a/GAO20230824t185535p0000-H/s2_20230825T171859Z.tif,../carbonmapper_data_l89_l2sp/GAO20230824t185535p0000-H/l8_LC09_L2SP_030038_20230824_20230826_02_T1.tif,80604
GAO20230824t185535p0000-H,2023-08-24T18:55:35+00:00,2023-08-25T17:18:59.024000+00:00,2023-08-24T17:21:01.323725+00:00,LC09_L2SP_030038_20230824_20230826_02_T1,../carbonmapper_data_s2_l2a/GAO20230824t185535p0000-H/s2_20230825T171859Z.tif,../carbonmapper_data_l89_l2sp/GAO20230824t185535p0000-H/l8_LC09_L2SP_030038_20230824_20230826_02_T1.tif,80604
GAO20230825t163030p0000-A,2023-08-25T16:30:30+00:00,2023-08-25T17:18:59.024000+00:00,2023-08-24T17:21:01.323725+00:00,LC09_L2SP_030038_20230824_20230826_02_T1,../carbonmapper_data_s2_l2a/GAO20230825t163030p0000-A/s2_20230825T171859Z.tif,../carbonmapper_data_l89_l2sp/GAO20230825t163030p0000-A/l8_LC09_L2SP_030038_20230824_20230826_02_T1.tif,83368
GAO20230825t164346p0000-C,2023-08-25T16:43:46+00:00,2023-08-25T17:18:59.024000+00:00,2023-08-24T17:21:01.323725+00:00,LC09_L2SP_030038_20230824_20230826_02_T1,../carbonmapper_data_s2_l2a/GAO20230825t164346p0000-C/s2_20230825T171859Z.tif,../carbonmapper_data_l89_l2sp/GAO20230825t164346p0000-C/l8_LC09_L2SP_030038_20230824_20230826_02_T1.tif,84164
GAO20230825t165735p0000-A,2023-08-25T16:57:35+00:00,2023-08-25T17:18:59.024000+00:00,2023-08-24T17:21:01.323725+00:00,LC09_L2SP_030038_20230824_20230826_02_T1,../carbonmapper_data_s2_l2a/GAO20230825t165735p0000-A/s2_20230825T171859Z.tif,../carbonmapper_data_l89_l2sp/GAO20230825t165735p0000-A/l8_LC09_L2SP_030038_20230824_20230826_02_T1.tif,84993
GAO20230825t165735p0000-B,2023-08-25T16:57:35+00:00,2023-08-25T17:18:59.024000+00:00,2023-08-24T17:21:01.323725+00:00,LC09_L2SP_030038_20230824_20230826_02_T1,../carbonmapper_data_s2_l2a/GAO20230825t165735p0000-B/s2_20230825T171859Z.tif,../carbonmapper_data_l89_l2sp/GAO20230825t165735p0000-B/l8_LC09_L2SP_030038_20230824_20230826_02_T1.tif,84993
GAO20230825t170410p0000-A,2023-08-25T17:04:10+00:00,2023-08-25T17:18:59.024000+00:00,2023-08-24T17:21:01.323725+00:00,LC09_L2SP_030038_20230824_20230826_02_T1,../carbonmapper_data_s2_l2a/GAO20230825t170410p0000-A/s2_20230825T171859Z.tif,../carbonmapper_data_l89_l2sp/GAO20230825t170410p0000-A/l8_LC09_L2SP_030038_20230824_20230826_02_T1.tif,85388
GAO20230825t171035p0000-A,2023-08-25T17:10:35+00:00,2023-08-25T17:18:59.024000+00:00,2023-08-24T17:21:01.323725+00:00,LC09_L2SP_030038_20230824_20230826_02_T1,../carbonmapper_data_s2_l2a/GAO20230825t171035p0000-A/s2_20230825T171859Z.tif,../carbonmapper_data_l89_l2sp/GAO20230825t171035p0000-A/l8_LC09_L2SP_030038_20230824_20230826_02_T1.tif,85773
GAO20230825t171710p0000-D,2023-08-25T17:17:10+00:00,2023-08-25T17:18:59.024000+00:00,2023-08-24T17:21:01.323725+00:00,LC09_L2SP_030038_20230824_20230826_02_T1,../carbonmapper_data_s2_l2a/GAO20230825t171710p0000-D/s2_20230825T171859Z.tif,../carbonmapper_data_l89_l2sp/GAO20230825t171710p0000-D/l8_LC09_L2SP_030038_20230824_20230826_02_T1.tif,86168
GAO20230825t171710p0000-E,2023-08-25T17:17:10+00:00,2023-08-25T17:18:59.024000+00:00,2023-08-24T17:21:01.323725+00:00,LC09_L2SP_030038_20230824_20230826_02_T1,../carbonmapper_data_s2_l2a/GAO20230825t171710p0000-E/s2_20230825T171859Z.tif,../carbonmapper_data_l89_l2sp/GAO20230825t171710p0000-E/l8_LC09_L2SP_030038_20230824_20230826_02_T1.tif,86168
GAO20230912t181313p0000-A,2023-09-12T18:13:13+00:00,2023-09-13T17:49:09.024000+00:00,2023-09-13T17:43:31.575642+00:00,LC08_L2SP_034032_20230913_20230919_02_T1,../carbonmapper_data_s2_l2a/GAO20230912t181313p0000-A/s2_20230913T174909Z.tif,../carbonmapper_data_l89_l2sp/GAO20230912t181313p0000-A/l8_LC08_L2SP_034032_20230913_20230919_02_T1.tif,84956
GAO20230912t183548p0000-A,2023-09-12T18:35:48+00:00,2023-09-13T17:49:09.024000+00:00,2023-09-13T17:43:31.575642+00:00,LC08_L2SP_034032_20230913_20230919_02_T1,../carbonmapper_data_s2_l2a/GAO20230912t183548p0000-A/s2_20230913T174909Z.tif,../carbonmapper_data_l89_l2sp/GAO20230912t183548p0000-A/l8_LC08_L2SP_034032_20230913_20230919_02_T1.tif,83601
GAO20230912t193133p0000-A,2023-09-12T19:31:33+00:00,2023-09-13T17:49:09.024000+00:00,2023-09-13T17:43:31.575642+00:00,LC08_L2SP_034032_20230913_20230919_02_T1,../carbonmapper_data_s2_l2a/GAO20230912t193133p0000-A/s2_20230913T174909Z.tif,../carbonmapper_data_l89_l2sp/GAO20230912t193133p0000-A/l8_LC08_L2SP_034032_20230913_20230919_02_T1.tif,80256
GAO20230912t193133p0000-A,2023-09-12T19:31:33+00:00,2023-09-13T17:49:09.024000+00:00,2023-09-13T17:43:31.575642+00:00,LC08_L2SP_034032_20230913_20230919_02_T1,../carbonmapper_data_s2_l2a/GAO20230912t193133p0000-A/s2_20230913T174909Z.tif,../carbonmapper_data_l89_l2sp/GAO20230912t193133p0000-A/l8_LC08_L2SP_034032_20230913_20230919_02_T1.tif,80256
GAO20230912t193133p0000-B,2023-09-12T19:31:33+00:00,2023-09-13T17:49:09.024000+00:00,2023-09-13T17:43:31.575642+00:00,LC08_L2SP_034032_20230913_20230919_02_T1,../carbonmapper_data_s2_l2a/GAO20230912t193133p0000-B/s2_20230913T174909Z.tif,../carbonmapper_data_l89_l2sp/GAO20230912t193133p0000-B/l8_LC08_L2SP_034032_20230913_20230919_02_T1.tif,80256
GAO20230912t194153p0000-A,2023-09-12T19:41:53+00:00,2023-09-13T17:49:09.024000+00:00,2023-09-13T17:43:31.575642+00:00,LC08_L2SP_034032_20230913_20230919_02_T1,../carbonmapper_data_s2_l2a/GAO20230912t194153p0000-A/s2_20230913T174909Z.tif,../carbonmapper_data_l89_l2sp/GAO20230912t194153p0000-A/l8_LC08_L2SP_034032_20230913_20230919_02_T1.tif,79636
GAO20230912t194153p0000-A,2023-09-12T19:41:53+00:00,2023-09-13T17:49:09.024000+00:00,2023-09-13T17:43:31.575642+00:00,LC08_L2SP_034032_20230913_20230919_02_T1,../carbonmapper_data_s2_l2a/GAO20230912t194153p0000-A/s2_20230913T174909Z.tif,../carbonmapper_data_l89_l2sp/GAO20230912t194153p0000-A/l8_LC08_L2SP_034032_20230913_20230919_02_T1.tif,79636
GAO20230920t182805p0000-A,2023-09-20T18:28:05+00:00,2023-09-20T17:39:29.024000+00:00,2023-09-21T17:43:32.626743+00:00,LC09_L2SP_034032_20230921_20230923_02_T1,../carbonmapper_data_s2_l2a/GAO20230920t182805p0000-A/s2_20230920T173929Z.tif,../carbonmapper_data_l89_l2sp/GAO20230920t182805p0000-A/l8_LC09_L2SP_034032_20230921_20230923_02_T1.tif,83727
GAO20230927t173235p0000-A,2023-09-27T17:32:35+00:00,2023-09-26T18:00:19.024000+00:00,2023-09-27T17:55:57.345674+00:00,LC08_L2SP_036032_20230927_20231003_02_T1,../carbonmapper_data_s2_l2a/GAO20230927t173235p0000-A/s2_20230926T180019Z.tif,../carbonmapper_data_l89_l2sp/GAO20230927t173235p0000-A/l8_LC08_L2SP_036032_20230927_20231003_02_T1.tif,84735
GAO20230927t173235p0000-A,2023-09-27T17:32:35+00:00,2023-09-26T18:00:19.024000+00:00,2023-09-27T17:55:57.345674+00:00,LC08_L2SP_036032_20230927_20231003_02_T1,../carbonmapper_data_s2_l2a/GAO20230927t173235p0000-A/s2_20230926T180019Z.tif,../carbonmapper_data_l89_l2sp/GAO20230927t173235p0000-A/l8_LC08_L2SP_036032_20230927_20231003_02_T1.tif,84735
GAO20230927t173919p0000-A,2023-09-27T17:39:19+00:00,2023-09-26T18:00:19.024000+00:00,2023-09-27T17:55:57.345674+00:00,LC08_L2SP_036032_20230927_20231003_02_T1,../carbonmapper_data_s2_l2a/GAO20230927t173919p0000-A/s2_20230926T180019Z.tif,../carbonmapper_data_l89_l2sp/GAO20230927t173919p0000-A/l8_LC08_L2SP_036032_20230927_20231003_02_T1.tif,85139
GAO20230927t173919p0000-A,2023-09-27T17:39:19+00:00,2023-09-26T18:00:19.024000+00:00,2023-09-27T17:55:57.345674+00:00,LC08_L2SP_036032_20230927_20231003_02_T1,../carbonmapper_data_s2_l2a/GAO20230927t173919p0000-A/s2_20230926T180019Z.tif,../carbonmapper_data_l89_l2sp/GAO20230927t173919p0000-A/l8_LC08_L2SP_036032_20230927_20231003_02_T1.tif,85139
GAO20230927t174624p0000-A,2023-09-27T17:46:24+00:00,2023-09-26T18:00:19.024000+00:00,2023-09-27T17:55:57.345674+00:00,LC08_L2SP_036032_20230927_20231003_02_T1,../carbonmapper_data_s2_l2a/GAO20230927t174624p0000-A/s2_20230926T180019Z.tif,../carbonmapper_data_l89_l2sp/GAO20230927t174624p0000-A/l8_LC08_L2SP_036032_20230927_20231003_02_T1.tif,85564
GAO20230927t174624p0000-A,2023-09-27T17:46:24+00:00,2023-09-26T18:00:19.024000+00:00,2023-09-27T17:55:57.345674+00:00,LC08_L2SP_036032_20230927_20231003_02_T1,../carbonmapper_data_s2_l2a/GAO20230927t174624p0000-A/s2_20230926T180019Z.tif,../carbonmapper_data_l89_l2sp/GAO20230927t174624p0000-A/l8_LC08_L2SP_036032_20230927_20231003_02_T1.tif,85564
GAO20230927t175340p0000-A,2023-09-27T17:53:40+00:00,2023-09-26T18:00:19.024000+00:00,2023-09-27T17:55:57.345674+00:00,LC08_L2SP_036032_20230927_20231003_02_T1,../carbonmapper_data_s2_l2a/GAO20230927t175340p0000-A/s2_20230926T180019Z.tif,../carbonmapper_data_l89_l2sp/GAO20230927t175340p0000-A/l8_LC08_L2SP_036032_20230927_20231003_02_T1.tif,86000
GAO20230927t175340p0000-A,2023-09-27T17:53:40+00:00,2023-09-26T18:00:19.024000+00:00,2023-09-28T17:49:39.903191+00:00,LC09_L2SP_035032_20230928_20230930_02_T1,../carbonmapper_data_s2_l2a/GAO20230927t175340p0000-A/s2_20230926T180019Z.tif,../carbonmapper_data_l89_l2sp/GAO20230927t175340p0000-A/l8_LC09_L2SP_035032_20230928_20230930_02_T1.tif,86159
GAO20230927t175340p0000-A,2023-09-27T17:53:40+00:00,2023-09-26T18:00:19.024000+00:00,2023-09-27T17:55:57.345674+00:00,LC08_L2SP_036032_20230927_20231003_02_T1,../carbonmapper_data_s2_l2a/GAO20230927t175340p0000-A/s2_20230926T180019Z.tif,../carbonmapper_data_l89_l2sp/GAO20230927t175340p0000-A/l8_LC08_L2SP_036032_20230927_20231003_02_T1.tif,86000
GAO20230927t175340p0000-A,2023-09-27T17:53:40+00:00,2023-09-26T18:00:19.024000+00:00,2023-09-28T17:49:39.903191+00:00,LC09_L2SP_035032_20230928_20230930_02_T1,../carbonmapper_data_s2_l2a/GAO20230927t175340p0000-A/s2_20230926T180019Z.tif,../carbonmapper_data_l89_l2sp/GAO20230927t175340p0000-A/l8_LC09_L2SP_035032_20230928_20230930_02_T1.tif,86159
GAO20230927t175340p0000-A,2023-09-27T17:53:40+00:00,2023-09-26T18:00:19.024000+00:00,2023-09-27T17:55:57.345674+00:00,LC08_L2SP_036032_20230927_20231003_02_T1,../carbonmapper_data_s2_l2a/GAO20230927t175340p0000-A/s2_20230926T180019Z.tif,../carbonmapper_data_l89_l2sp/GAO20230927t175340p0000-A/l8_LC08_L2SP_036032_20230927_20231003_02_T1.tif,86000
GAO20230927t175340p0000-A,2023-09-27T17:53:40+00:00,2023-09-26T18:00:19.024000+00:00,2023-09-28T17:49:39.903191+00:00,LC09_L2SP_035032_20230928_20230930_02_T1,../carbonmapper_data_s2_l2a/GAO20230927t175340p0000-A/s2_20230926T180019Z.tif,../carbonmapper_data_l89_l2sp/GAO20230927t175340p0000-A/l8_LC09_L2SP_035032_20230928_20230930_02_T1.tif,86159
GAO20230929t170607p0000-A,2023-09-29T17:06:07+00:00,2023-09-28T17:51:21.024000+00:00,2023-09-29T17:43:36.201844+00:00,LC08_L2SP_034032_20230929_20231003_02_T1,../carbonmapper_data_s2_l2a/GAO20230929t170607p0000-A/s2_20230928T175121Z.tif,../carbonmapper_data_l89_l2sp/GAO20230929t170607p0000-A/l8_LC08_L2SP_034032_20230929_20231003_02_T1.tif,83685
GAO20230929t171732p0000-A,2023-09-29T17:17:32+00:00,2023-09-28T17:51:21.024000+00:00,2023-09-29T17:43:36.201844+00:00,LC08_L2SP_034032_20230929_20231003_02_T1,../carbonmapper_data_s2_l2a/GAO20230929t171732p0000-A/s2_20230928T175121Z.tif,../carbonmapper_data_l89_l2sp/GAO20230929t171732p0000-A/l8_LC08_L2SP_034032_20230929_20231003_02_T1.tif,84370
GAO20230929t171732p0000-A,2023-09-29T17:17:32+00:00,2023-09-28T17:51:21.024000+00:00,2023-09-29T17:43:36.201844+00:00,LC08_L2SP_034032_20230929_20231003_02_T1,../carbonmapper_data_s2_l2a/GAO20230929t171732p0000-A/s2_20230928T175121Z.tif,../carbonmapper_data_l89_l2sp/GAO20230929t171732p0000-A/l8_LC08_L2SP_034032_20230929_20231003_02_T1.tif,84370
GAO20231005t193008p0000-A,2023-10-05T19:30:08+00:00,2023-10-06T18:01:29.024000+00:00,2023-10-05T17:56:21.131258+00:00,LC09_L2SP_036033_20231005_20231006_02_T1,../carbonmapper_data_s2_l2a/GAO20231005t193008p0000-A/s2_20231006T180129Z.tif,../carbonmapper_data_l89_l2sp/GAO20231005t193008p0000-A/l8_LC09_L2SP_036033_20231005_20231006_02_T1.tif,81081
GAO20231005t193008p0000-A,2023-10-05T19:30:08+00:00,2023-10-06T18:01:29.024000+00:00,2023-10-06T17:50:10.759933+00:00,LC08_L2SP_035033_20231006_20231011_02_T1,../carbonmapper_data_s2_l2a/GAO20231005t193008p0000-A/s2_20231006T180129Z.tif,../carbonmapper_data_l89_l2sp/GAO20231005t193008p0000-A/l8_LC08_L2SP_035033_20231006_20231011_02_T1.tif,81081
GAO20240415t183808p0000-A,2024-04-15T18:38:08+00:00,2024-04-15T18:39:19.024000+00:00,2024-04-16T18:34:01.483595+00:00,LC08_L2SP_042036_20240416_20240423_02_T1,../carbonmapper_data_s2_l2a/GAO20240415t183808p0000-A/s2_20240415T183919Z.tif,../carbonmapper_data_l89_l2sp/GAO20240415t183808p0000-A/l8_LC08_L2SP_042036_20240416_20240423_02_T1.tif,86153
GAO20240415t183808p0000-B,2024-04-15T18:38:08+00:00,2024-04-15T18:39:19.024000+00:00,2024-04-16T18:34:01.483595+00:00,LC08_L2SP_042036_20240416_20240423_02_T1,../carbonmapper_data_s2_l2a/GAO20240415t183808p0000-B/s2_20240415T183919Z.tif,../carbonmapper_data_l89_l2sp/GAO20240415t183808p0000-B/l8_LC08_L2SP_042036_20240416_20240423_02_T1.tif,86153
GAO20240415t183808p0000-D,2024-04-15T18:38:08+00:00,2024-04-15T18:39:19.024000+00:00,2024-04-16T18:34:01.483595+00:00,LC08_L2SP_042036_20240416_20240423_02_T1,../carbonmapper_data_s2_l2a/GAO20240415t183808p0000-D/s2_20240415T183919Z.tif,../carbonmapper_data_l89_l2sp/GAO20240415t183808p0000-D/l8_LC08_L2SP_042036_20240416_20240423_02_T1.tif,86153
GAO20240415t190413p0000-A,2024-04-15T19:04:13+00:00,2024-04-15T18:39:19.024000+00:00,2024-04-16T18:34:01.483595+00:00,LC08_L2SP_042036_20240416_20240423_02_T1,../carbonmapper_data_s2_l2a/GAO20240415t190413p0000-A/s2_20240415T183919Z.tif,../carbonmapper_data_l89_l2sp/GAO20240415t190413p0000-A/l8_LC08_L2SP_042036_20240416_20240423_02_T1.tif,84588
GAO20240415t190413p0000-C,2024-04-15T19:04:13+00:00,2024-04-15T18:39:19.024000+00:00,2024-04-16T18:34:01.483595+00:00,LC08_L2SP_042036_20240416_20240423_02_T1,../carbonmapper_data_s2_l2a/GAO20240415t190413p0000-C/s2_20240415T183919Z.tif,../carbonmapper_data_l89_l2sp/GAO20240415t190413p0000-C/l8_LC08_L2SP_042036_20240416_20240423_02_T1.tif,84588
GAO20240415t190413p0000-D,2024-04-15T19:04:13+00:00,2024-04-15T18:39:19.024000+00:00,2024-04-16T18:34:01.483595+00:00,LC08_L2SP_042036_20240416_20240423_02_T1,../carbonmapper_data_s2_l2a/GAO20240415t190413p0000-D/s2_20240415T183919Z.tif,../carbonmapper_data_l89_l2sp/GAO20240415t190413p0000-D/l8_LC08_L2SP_042036_20240416_20240423_02_T1.tif,84588
GAO20240415t190413p0000-E,2024-04-15T19:04:13+00:00,2024-04-15T18:39:19.024000+00:00,2024-04-16T18:34:01.483595+00:00,LC08_L2SP_042036_20240416_20240423_02_T1,../carbonmapper_data_s2_l2a/GAO20240415t190413p0000-E/s2_20240415T183919Z.tif,../carbonmapper_data_l89_l2sp/GAO20240415t190413p0000-E/l8_LC08_L2SP_042036_20240416_20240423_02_T1.tif,84588
GAO20240415t193148p0000-A,2024-04-15T19:31:48+00:00,2024-04-15T18:39:19.024000+00:00,2024-04-16T18:34:01.483595+00:00,LC08_L2SP_042036_20240416_20240423_02_T1,../carbonmapper_data_s2_l2a/GAO20240415t193148p0000-A/s2_20240415T183919Z.tif,../carbonmapper_data_l89_l2sp/GAO20240415t193148p0000-A/l8_LC08_L2SP_042036_20240416_20240423_02_T1.tif,82933
GAO20240415t193148p0000-B,2024-04-15T19:31:48+00:00,2024-04-15T18:39:19.024000+00:00,2024-04-16T18:34:01.483595+00:00,LC08_L2SP_042036_20240416_20240423_02_T1,../carbonmapper_data_s2_l2a/GAO20240415t193148p0000-B/s2_20240415T183919Z.tif,../carbonmapper_data_l89_l2sp/GAO20240415t193148p0000-B/l8_LC08_L2SP_042036_20240416_20240423_02_T1.tif,82933
GAO20240415t193148p0000-C,2024-04-15T19:31:48+00:00,2024-04-15T18:39:19.024000+00:00,2024-04-16T18:34:01.483595+00:00,LC08_L2SP_042036_20240416_20240423_02_T1,../carbonmapper_data_s2_l2a/GAO20240415t193148p0000-C/s2_20240415T183919Z.tif,../carbonmapper_data_l89_l2sp/GAO20240415t193148p0000-C/l8_LC08_L2SP_042036_20240416_20240423_02_T1.tif,82933
GAO20240416t172936p0000-A,2024-04-16T17:29:36+00:00,2024-04-15T18:39:19.024000+00:00,2024-04-16T18:34:01.483595+00:00,LC08_L2SP_042036_20240416_20240423_02_T1,../carbonmapper_data_s2_l2a/GAO20240416t172936p0000-A/s2_20240415T183919Z.tif,../carbonmapper_data_l89_l2sp/GAO20240416t172936p0000-A/l8_LC08_L2SP_042036_20240416_20240423_02_T1.tif,82216
GAO20240416t172936p0000-B,2024-04-16T17:29:36+00:00,2024-04-15T18:39:19.024000+00:00,2024-04-16T18:34:01.483595+00:00,LC08_L2SP_042036_20240416_20240423_02_T1,../carbonmapper_data_s2_l2a/GAO20240416t172936p0000-B/s2_20240415T183919Z.tif,../carbonmapper_data_l89_l2sp/GAO20240416t172936p0000-B/l8_LC08_L2SP_042036_20240416_20240423_02_T1.tif,82216
GAO20240416t184420p0000-A,2024-04-16T18:44:20+00:00,2024-04-17T18:29:21.024000+00:00,2024-04-17T18:28:10.039483+00:00,LC09_L2SP_041036_20240417_20240418_02_T1,../carbonmapper_data_s2_l2a/GAO20240416t184420p0000-A/s2_20240417T182921Z.tif,../carbonmapper_data_l89_l2sp/GAO20240416t184420p0000-A/l8_LC09_L2SP_041036_20240417_20240418_02_T1.tif,85501
GAO20240416t184420p0000-A,2024-04-16T18:44:20+00:00,2024-04-17T18:29:21.024000+00:00,2024-04-17T18:28:10.039483+00:00,LC09_L2SP_041036_20240417_20240418_02_T1,../carbonmapper_data_s2_l2a/GAO20240416t184420p0000-A/s2_20240417T182921Z.tif,../carbonmapper_data_l89_l2sp/GAO20240416t184420p0000-A/l8_LC09_L2SP_041036_20240417_20240418_02_T1.tif,85501
GAO20240416t184420p0000-B,2024-04-16T18:44:20+00:00,2024-04-17T18:29:21.024000+00:00,2024-04-17T18:28:10.039483+00:00,LC09_L2SP_041036_20240417_20240418_02_T1,../carbonmapper_data_s2_l2a/GAO20240416t184420p0000-B/s2_20240417T182921Z.tif,../carbonmapper_data_l89_l2sp/GAO20240416t184420p0000-B/l8_LC09_L2SP_041036_20240417_20240418_02_T1.tif,85501
GAO20240416t184420p0000-B,2024-04-16T18:44:20+00:00,2024-04-17T18:29:21.024000+00:00,2024-04-17T18:28:10.039483+00:00,LC09_L2SP_041036_20240417_20240418_02_T1,../carbonmapper_data_s2_l2a/GAO20240416t184420p0000-B/s2_20240417T182921Z.tif,../carbonmapper_data_l89_l2sp/GAO20240416t184420p0000-B/l8_LC09_L2SP_041036_20240417_20240418_02_T1.tif,85501
GAO20240416t184420p0000-C,2024-04-16T18:44:20+00:00,2024-04-17T18:29:21.024000+00:00,2024-04-17T18:28:10.039483+00:00,LC09_L2SP_041036_20240417_20240418_02_T1,../carbonmapper_data_s2_l2a/GAO20240416t184420p0000-C/s2_20240417T182921Z.tif,../carbonmapper_data_l89_l2sp/GAO20240416t184420p0000-C/l8_LC09_L2SP_041036_20240417_20240418_02_T1.tif,85501
GAO20240416t184420p0000-C,2024-04-16T18:44:20+00:00,2024-04-17T18:29:21.024000+00:00,2024-04-17T18:28:10.039483+00:00,LC09_L2SP_041036_20240417_20240418_02_T1,../carbonmapper_data_s2_l2a/GAO20240416t184420p0000-C/s2_20240417T182921Z.tif,../carbonmapper_data_l89_l2sp/GAO20240416t184420p0000-C/l8_LC09_L2SP_041036_20240417_20240418_02_T1.tif,85501
GAO20240416t184420p0000-D,2024-04-16T18:44:20+00:00,2024-04-17T18:29:21.024000+00:00,2024-04-17T18:28:10.039483+00:00,LC09_L2SP_041036_20240417_20240418_02_T1,../carbonmapper_data_s2_l2a/GAO20240416t184420p0000-D/s2_20240417T182921Z.tif,../carbonmapper_data_l89_l2sp/GAO20240416t184420p0000-D/l8_LC09_L2SP_041036_20240417_20240418_02_T1.tif,85501
GAO20240416t184420p0000-D,2024-04-16T18:44:20+00:00,2024-04-17T18:29:21.024000+00:00,2024-04-17T18:28:10.039483+00:00,LC09_L2SP_041036_20240417_20240418_02_T1,../carbonmapper_data_s2_l2a/GAO20240416t184420p0000-D/s2_20240417T182921Z.tif,../carbonmapper_data_l89_l2sp/GAO20240416t184420p0000-D/l8_LC09_L2SP_041036_20240417_20240418_02_T1.tif,85501
GAO20240416t184420p0000-E,2024-04-16T18:44:20+00:00,2024-04-17T18:29:21.024000+00:00,2024-04-17T18:28:10.039483+00:00,LC09_L2SP_041036_20240417_20240418_02_T1,../carbonmapper_data_s2_l2a/GAO20240416t184420p0000-E/s2_20240417T182921Z.tif,../carbonmapper_data_l89_l2sp/GAO20240416t184420p0000-E/l8_LC09_L2SP_041036_20240417_20240418_02_T1.tif,85501
GAO20240416t184420p0000-E,2024-04-16T18:44:20+00:00,2024-04-17T18:29:21.024000+00:00,2024-04-17T18:28:10.039483+00:00,LC09_L2SP_041036_20240417_20240418_02_T1,../carbonmapper_data_s2_l2a/GAO20240416t184420p0000-E/s2_20240417T182921Z.tif,../carbonmapper_data_l89_l2sp/GAO20240416t184420p0000-E/l8_LC09_L2SP_041036_20240417_20240418_02_T1.tif,85501
GAO20240416t184915p0000-A,2024-04-16T18:49:15+00:00,2024-04-17T18:29:21.024000+00:00,2024-04-17T18:28:10.039483+00:00,LC09_L2SP_041036_20240417_20240418_02_T1,../carbonmapper_data_s2_l2a/GAO20240416t184915p0000-A/s2_20240417T182921Z.tif,../carbonmapper_data_l89_l2sp/GAO20240416t184915p0000-A/l8_LC09_L2SP_041036_20240417_20240418_02_T1.tif,85206
GAO20240416t184915p0000-B,2024-04-16T18:49:15+00:00,2024-04-17T18:29:21.024000+00:00,2024-04-17T18:28:10.039483+00:00,LC09_L2SP_041036_20240417_20240418_02_T1,../carbonmapper_data_s2_l2a/GAO20240416t184915p0000-B/s2_20240417T182921Z.tif,../carbonmapper_data_l89_l2sp/GAO20240416t184915p0000-B/l8_LC09_L2SP_041036_20240417_20240418_02_T1.tif,85206
GAO20240416t184915p0000-C,2024-04-16T18:49:15+00:00,2024-04-17T18:29:21.024000+00:00,2024-04-17T18:28:10.039483+00:00,LC09_L2SP_041036_20240417_20240418_02_T1,../carbonmapper_data_s2_l2a/GAO20240416t184915p0000-C/s2_20240417T182921Z.tif,../carbonmapper_data_l89_l2sp/GAO20240416t184915p0000-C/l8_LC09_L2SP_041036_20240417_20240418_02_T1.tif,85206
GAO20240416t184915p0000-D,2024-04-16T18:49:15+00:00,2024-04-17T18:29:21.024000+00:00,2024-04-17T18:28:10.039483+00:00,LC09_L2SP_041036_20240417_20240418_02_T1,../carbonmapper_data_s2_l2a/GAO20240416t184915p0000-D/s2_20240417T182921Z.tif,../carbonmapper_data_l89_l2sp/GAO20240416t184915p0000-D/l8_LC09_L2SP_041036_20240417_20240418_02_T1.tif,85206
GAO20240416t184915p0000-E,2024-04-16T18:49:15+00:00,2024-04-17T18:29:21.024000+00:00,2024-04-17T18:28:10.039483+00:00,LC09_L2SP_041036_20240417_20240418_02_T1,../carbonmapper_data_s2_l2a/GAO20240416t184915p0000-E/s2_20240417T182921Z.tif,../carbonmapper_data_l89_l2sp/GAO20240416t184915p0000-E/l8_LC09_L2SP_041036_20240417_20240418_02_T1.tif,85206
GAO20240416t184915p0000-F,2024-04-16T18:49:15+00:00,2024-04-17T18:29:21.024000+00:00,2024-04-17T18:28:10.039483+00:00,LC09_L2SP_041036_20240417_20240418_02_T1,../carbonmapper_data_s2_l2a/GAO20240416t184915p0000-F/s2_20240417T182921Z.tif,../carbonmapper_data_l89_l2sp/GAO20240416t184915p0000-F/l8_LC09_L2SP_041036_20240417_20240418_02_T1.tif,85206
GAO20240416t184915p0000-G,2024-04-16T18:49:15+00:00,2024-04-17T18:29:21.024000+00:00,2024-04-17T18:28:10.039483+00:00,LC09_L2SP_041036_20240417_20240418_02_T1,../carbonmapper_data_s2_l2a/GAO20240416t184915p0000-G/s2_20240417T182921Z.tif,../carbonmapper_data_l89_l2sp/GAO20240416t184915p0000-G/l8_LC09_L2SP_041036_20240417_20240418_02_T1.tif,85206
GAO20240416t184915p0000-H,2024-04-16T18:49:15+00:00,2024-04-17T18:29:21.024000+00:00,2024-04-17T18:28:10.039483+00:00,LC09_L2SP_041036_20240417_20240418_02_T1,../carbonmapper_data_s2_l2a/GAO20240416t184915p0000-H/s2_20240417T182921Z.tif,../carbonmapper_data_l89_l2sp/GAO20240416t184915p0000-H/l8_LC09_L2SP_041036_20240417_20240418_02_T1.tif,85206
GAO20240416t184915p0000-I,2024-04-16T18:49:15+00:00,2024-04-17T18:29:21.024000+00:00,2024-04-17T18:28:10.039483+00:00,LC09_L2SP_041036_20240417_20240418_02_T1,../carbonmapper_data_s2_l2a/GAO20240416t184915p0000-I/s2_20240417T182921Z.tif,../carbonmapper_data_l89_l2sp/GAO20240416t184915p0000-I/l8_LC09_L2SP_041036_20240417_20240418_02_T1.tif,85206
GAO20240416t185545p0000-A,2024-04-16T18:55:45+00:00,2024-04-17T18:29:21.024000+00:00,2024-04-16T18:34:01.483595+00:00,LC08_L2SP_042036_20240416_20240423_02_T1,../carbonmapper_data_s2_l2a/GAO20240416t185545p0000-A/s2_20240417T182921Z.tif,../carbonmapper_data_l89_l2sp/GAO20240416t185545p0000-A/l8_LC08_L2SP_042036_20240416_20240423_02_T1.tif,84816
GAO20240416t185545p0000-A,2024-04-16T18:55:45+00:00,2024-04-17T18:29:21.024000+00:00,2024-04-17T18:28:10.039483+00:00,LC09_L2SP_041036_20240417_20240418_02_T1,../carbonmapper_data_s2_l2a/GAO20240416t185545p0000-A/s2_20240417T182921Z.tif,../carbonmapper_data_l89_l2sp/GAO20240416t185545p0000-A/l8_LC09_L2SP_041036_20240417_20240418_02_T1.tif,84816
GAO20240416t185545p0000-B,2024-04-16T18:55:45+00:00,2024-04-17T18:29:21.024000+00:00,2024-04-16T18:34:01.483595+00:00,LC08_L2SP_042036_20240416_20240423_02_T1,../carbonmapper_data_s2_l2a/GAO20240416t185545p0000-B/s2_20240417T182921Z.tif,../carbonmapper_data_l89_l2sp/GAO20240416t185545p0000-B/l8_LC08_L2SP_042036_20240416_20240423_02_T1.tif,84816
GAO20240416t185545p0000-B,2024-04-16T18:55:45+00:00,2024-04-17T18:29:21.024000+00:00,2024-04-17T18:28:10.039483+00:00,LC09_L2SP_041036_20240417_20240418_02_T1,../carbonmapper_data_s2_l2a/GAO20240416t185545p0000-B/s2_20240417T182921Z.tif,../carbonmapper_data_l89_l2sp/GAO20240416t185545p0000-B/l8_LC09_L2SP_041036_20240417_20240418_02_T1.tif,84816
GAO20240416t185545p0000-C,2024-04-16T18:55:45+00:00,2024-04-17T18:29:21.024000+00:00,2024-04-16T18:34:01.483595+00:00,LC08_L2SP_042036_20240416_20240423_02_T1,../carbonmapper_data_s2_l2a/GAO20240416t185545p0000-C/s2_20240417T182921Z.tif,../carbonmapper_data_l89_l2sp/GAO20240416t185545p0000-C/l8_LC08_L2SP_042036_20240416_20240423_02_T1.tif,84816
GAO20240416t185545p0000-C,2024-04-16T18:55:45+00:00,2024-04-17T18:29:21.024000+00:00,2024-04-17T18:28:10.039483+00:00,LC09_L2SP_041036_20240417_20240418_02_T1,../carbonmapper_data_s2_l2a/GAO20240416t185545p0000-C/s2_20240417T182921Z.tif,../carbonmapper_data_l89_l2sp/GAO20240416t185545p0000-C/l8_LC09_L2SP_041036_20240417_20240418_02_T1.tif,84816
GAO20240416t185545p0000-D,2024-04-16T18:55:45+00:00,2024-04-17T18:29:21.024000+00:00,2024-04-16T18:34:01.483595+00:00,LC08_L2SP_042036_20240416_20240423_02_T1,../carbonmapper_data_s2_l2a/GAO20240416t185545p0000-D/s2_20240417T182921Z.tif,../carbonmapper_data_l89_l2sp/GAO20240416t185545p0000-D/l8_LC08_L2SP_042036_20240416_20240423_02_T1.tif,84816
GAO20240416t185545p0000-D,2024-04-16T18:55:45+00:00,2024-04-17T18:29:21.024000+00:00,2024-04-17T18:28:10.039483+00:00,LC09_L2SP_041036_20240417_20240418_02_T1,../carbonmapper_data_s2_l2a/GAO20240416t185545p0000-D/s2_20240417T182921Z.tif,../carbonmapper_data_l89_l2sp/GAO20240416t185545p0000-D/l8_LC09_L2SP_041036_20240417_20240418_02_T1.tif,84816
GAO20240416t190205p0000-D,2024-04-16T19:02:05+00:00,2024-04-17T18:29:21.024000+00:00,2024-04-17T18:28:10.039483+00:00,LC09_L2SP_041036_20240417_20240418_02_T1,../carbonmapper_data_s2_l2a/GAO20240416t190205p0000-D/s2_20240417T182921Z.tif,../carbonmapper_data_l89_l2sp/GAO20240416t190205p0000-D/l8_LC09_L2SP_041036_20240417_20240418_02_T1.tif,84436
GAO20240416t190205p0000-D,2024-04-16T19:02:05+00:00,2024-04-17T18:29:21.024000+00:00,2024-04-17T18:28:10.039483+00:00,LC09_L2SP_041036_20240417_20240418_02_T1,../carbonmapper_data_s2_l2a/GAO20240416t190205p0000-D/s2_20240417T182921Z.tif,../carbonmapper_data_l89_l2sp/GAO20240416t190205p0000-D/l8_LC09_L2SP_041036_20240417_20240418_02_T1.tif,84436
GAO20240416t190205p0000-E,2024-04-16T19:02:05+00:00,2024-04-17T18:29:21.024000+00:00,2024-04-17T18:28:10.039483+00:00,LC09_L2SP_041036_20240417_20240418_02_T1,../carbonmapper_data_s2_l2a/GAO20240416t190205p0000-E/s2_20240417T182921Z.tif,../carbonmapper_data_l89_l2sp/GAO20240416t190205p0000-E/l8_LC09_L2SP_041036_20240417_20240418_02_T1.tif,84436
GAO20240416t190205p0000-E,2024-04-16T19:02:05+00:00,2024-04-17T18:29:21.024000+00:00,2024-04-17T18:28:10.039483+00:00,LC09_L2SP_041036_20240417_20240418_02_T1,../carbonmapper_data_s2_l2a/GAO20240416t190205p0000-E/s2_20240417T182921Z.tif,../carbonmapper_data_l89_l2sp/GAO20240416t190205p0000-E/l8_LC09_L2SP_041036_20240417_20240418_02_T1.tif,84436
GAO20240416t190205p0000-G,2024-04-16T19:02:05+00:00,2024-04-17T18:29:21.024000+00:00,2024-04-17T18:28:10.039483+00:00,LC09_L2SP_041036_20240417_20240418_02_T1,../carbonmapper_data_s2_l2a/GAO20240416t190205p0000-G/s2_20240417T182921Z.tif,../carbonmapper_data_l89_l2sp/GAO20240416t190205p0000-G/l8_LC09_L2SP_041036_20240417_20240418_02_T1.tif,84436
GAO20240416t190205p0000-G,2024-04-16T19:02:05+00:00,2024-04-17T18:29:21.024000+00:00,2024-04-17T18:28:10.039483+00:00,LC09_L2SP_041036_20240417_20240418_02_T1,../carbonmapper_data_s2_l2a/GAO20240416t190205p0000-G/s2_20240417T182921Z.tif,../carbonmapper_data_l89_l2sp/GAO20240416t190205p0000-G/l8_LC09_L2SP_041036_20240417_20240418_02_T1.tif,84436
GAO20240416t190205p0000-H,2024-04-16T19:02:05+00:00,2024-04-17T18:29:21.024000+00:00,2024-04-17T18:28:10.039483+00:00,LC09_L2SP_041036_20240417_20240418_02_T1,../carbonmapper_data_s2_l2a/GAO20240416t190205p0000-H/s2_20240417T182921Z.tif,../carbonmapper_data_l89_l2sp/GAO20240416t190205p0000-H/l8_LC09_L2SP_041036_20240417_20240418_02_T1.tif,84436
GAO20240416t190205p0000-H,2024-04-16T19:02:05+00:00,2024-04-17T18:29:21.024000+00:00,2024-04-17T18:28:10.039483+00:00,LC09_L2SP_041036_20240417_20240418_02_T1,../carbonmapper_data_s2_l2a/GAO20240416t190205p0000-H/s2_20240417T182921Z.tif,../carbonmapper_data_l89_l2sp/GAO20240416t190205p0000-H/l8_LC09_L2SP_041036_20240417_20240418_02_T1.tif,84436
GAO20240416t190205p0000-I,2024-04-16T19:02:05+00:00,2024-04-17T18:29:21.024000+00:00,2024-04-17T18:28:10.039483+00:00,LC09_L2SP_041036_20240417_20240418_02_T1,../carbonmapper_data_s2_l2a/GAO20240416t190205p0000-I/s2_20240417T182921Z.tif,../carbonmapper_data_l89_l2sp/GAO20240416t190205p0000-I/l8_LC09_L2SP_041036_20240417_20240418_02_T1.tif,84436
GAO20240416t190205p0000-I,2024-04-16T19:02:05+00:00,2024-04-17T18:29:21.024000+00:00,2024-04-17T18:28:10.039483+00:00,LC09_L2SP_041036_20240417_20240418_02_T1,../carbonmapper_data_s2_l2a/GAO20240416t190205p0000-I/s2_20240417T182921Z.tif,../carbonmapper_data_l89_l2sp/GAO20240416t190205p0000-I/l8_LC09_L2SP_041036_20240417_20240418_02_T1.tif,84436
GAO20240416t190205p0000-J,2024-04-16T19:02:05+00:00,2024-04-17T18:29:21.024000+00:00,2024-04-17T18:28:10.039483+00:00,LC09_L2SP_041036_20240417_20240418_02_T1,../carbonmapper_data_s2_l2a/GAO20240416t190205p0000-J/s2_20240417T182921Z.tif,../carbonmapper_data_l89_l2sp/GAO20240416t190205p0000-J/l8_LC09_L2SP_041036_20240417_20240418_02_T1.tif,84436
GAO20240416t190205p0000-J,2024-04-16T19:02:05+00:00,2024-04-17T18:29:21.024000+00:00,2024-04-17T18:28:10.039483+00:00,LC09_L2SP_041036_20240417_20240418_02_T1,../carbonmapper_data_s2_l2a/GAO20240416t190205p0000-J/s2_20240417T182921Z.tif,../carbonmapper_data_l89_l2sp/GAO20240416t190205p0000-J/l8_LC09_L2SP_041036_20240417_20240418_02_T1.tif,84436
GAO20240416t190730p0000-A,2024-04-16T19:07:30+00:00,2024-04-17T18:29:21.024000+00:00,2024-04-17T18:28:10.039483+00:00,LC09_L2SP_041036_20240417_20240418_02_T1,../carbonmapper_data_s2_l2a/GAO20240416t190730p0000-A/s2_20240417T182921Z.tif,../carbonmapper_data_l89_l2sp/GAO20240416t190730p0000-A/l8_LC09_L2SP_041036_20240417_20240418_02_T1.tif,84111
GAO20240416t190730p0000-A,2024-04-16T19:07:30+00:00,2024-04-17T18:29:21.024000+00:00,2024-04-17T18:28:10.039483+00:00,LC09_L2SP_041036_20240417_20240418_02_T1,../carbonmapper_data_s2_l2a/GAO20240416t190730p0000-A/s2_20240417T182921Z.tif,../carbonmapper_data_l89_l2sp/GAO20240416t190730p0000-A/l8_LC09_L2SP_041036_20240417_20240418_02_T1.tif,84111
GAO20240416t190730p0000-C,2024-04-16T19:07:30+00:00,2024-04-17T18:29:21.024000+00:00,2024-04-17T18:28:10.039483+00:00,LC09_L2SP_041036_20240417_20240418_02_T1,../carbonmapper_data_s2_l2a/GAO20240416t190730p0000-C/s2_20240417T182921Z.tif,../carbonmapper_data_l89_l2sp/GAO20240416t190730p0000-C/l8_LC09_L2SP_041036_20240417_20240418_02_T1.tif,84111
GAO20240416t190730p0000-C,2024-04-16T19:07:30+00:00,2024-04-17T18:29:21.024000+00:00,2024-04-17T18:28:10.039483+00:00,LC09_L2SP_041036_20240417_20240418_02_T1,../carbonmapper_data_s2_l2a/GAO20240416t190730p0000-C/s2_20240417T182921Z.tif,../carbonmapper_data_l89_l2sp/GAO20240416t190730p0000-C/l8_LC09_L2SP_041036_20240417_20240418_02_T1.tif,84111
GAO20240416t190730p0000-D,2024-04-16T19:07:30+00:00,2024-04-17T18:29:21.024000+00:00,2024-04-17T18:28:10.039483+00:00,LC09_L2SP_041036_20240417_20240418_02_T1,../carbonmapper_data_s2_l2a/GAO20240416t190730p0000-D/s2_20240417T182921Z.tif,../carbonmapper_data_l89_l2sp/GAO20240416t190730p0000-D/l8_LC09_L2SP_041036_20240417_20240418_02_T1.tif,84111
GAO20240416t190730p0000-D,2024-04-16T19:07:30+00:00,2024-04-17T18:29:21.024000+00:00,2024-04-17T18:28:10.039483+00:00,LC09_L2SP_041036_20240417_20240418_02_T1,../carbonmapper_data_s2_l2a/GAO20240416t190730p0000-D/s2_20240417T182921Z.tif,../carbonmapper_data_l89_l2sp/GAO20240416t190730p0000-D/l8_LC09_L2SP_041036_20240417_20240418_02_T1.tif,84111
GAO20240416t190730p0000-E,2024-04-16T19:07:30+00:00,2024-04-17T18:29:21.024000+00:00,2024-04-17T18:28:10.039483+00:00,LC09_L2SP_041036_20240417_20240418_02_T1,../carbonmapper_data_s2_l2a/GAO20240416t190730p0000-E/s2_20240417T182921Z.tif,../carbonmapper_data_l89_l2sp/GAO20240416t190730p0000-E/l8_LC09_L2SP_041036_20240417_20240418_02_T1.tif,84111
GAO20240416t190730p0000-E,2024-04-16T19:07:30+00:00,2024-04-17T18:29:21.024000+00:00,2024-04-17T18:28:10.039483+00:00,LC09_L2SP_041036_20240417_20240418_02_T1,../carbonmapper_data_s2_l2a/GAO20240416t190730p0000-E/s2_20240417T182921Z.tif,../carbonmapper_data_l89_l2sp/GAO20240416t190730p0000-E/l8_LC09_L2SP_041036_20240417_20240418_02_T1.tif,84111
GAO20240416t190730p0000-F,2024-04-16T19:07:30+00:00,2024-04-17T18:29:21.024000+00:00,2024-04-17T18:28:10.039483+00:00,LC09_L2SP_041036_20240417_20240418_02_T1,../carbonmapper_data_s2_l2a/GAO20240416t190730p0000-F/s2_20240417T182921Z.tif,../carbonmapper_data_l89_l2sp/GAO20240416t190730p0000-F/l8_LC09_L2SP_041036_20240417_20240418_02_T1.tif,84111
GAO20240416t190730p0000-F,2024-04-16T19:07:30+00:00,2024-04-17T18:29:21.024000+00:00,2024-04-17T18:28:10.039483+00:00,LC09_L2SP_041036_20240417_20240418_02_T1,../carbonmapper_data_s2_l2a/GAO20240416t190730p0000-F/s2_20240417T182921Z.tif,../carbonmapper_data_l89_l2sp/GAO20240416t190730p0000-F/l8_LC09_L2SP_041036_20240417_20240418_02_T1.tif,84111
GAO20240416t190730p0000-G,2024-04-16T19:07:30+00:00,2024-04-17T18:29:21.024000+00:00,2024-04-17T18:28:10.039483+00:00,LC09_L2SP_041036_20240417_20240418_02_T1,../carbonmapper_data_s2_l2a/GAO20240416t190730p0000-G/s2_20240417T182921Z.tif,../carbonmapper_data_l89_l2sp/GAO20240416t190730p0000-G/l8_LC09_L2SP_041036_20240417_20240418_02_T1.tif,84111
GAO20240416t190730p0000-G,2024-04-16T19:07:30+00:00,2024-04-17T18:29:21.024000+00:00,2024-04-17T18:28:10.039483+00:00,LC09_L2SP_041036_20240417_20240418_02_T1,../carbonmapper_data_s2_l2a/GAO20240416t190730p0000-G/s2_20240417T182921Z.tif,../carbonmapper_data_l89_l2sp/GAO20240416t190730p0000-G/l8_LC09_L2SP_041036_20240417_20240418_02_T1.tif,84111
GAO20240416t191456p0000-A,2024-04-16T19:14:56+00:00,2024-04-17T18:29:21.024000+00:00,2024-04-17T18:28:10.039483+00:00,LC09_L2SP_041036_20240417_20240418_02_T1,../carbonmapper_data_s2_l2a/GAO20240416t191456p0000-A/s2_20240417T182921Z.tif,../carbonmapper_data_l89_l2sp/GAO20240416t191456p0000-A/l8_LC09_L2SP_041036_20240417_20240418_02_T1.tif,83665
GAO20240416t191456p0000-C,2024-04-16T19:14:56+00:00,2024-04-17T18:29:21.024000+00:00,2024-04-17T18:28:10.039483+00:00,LC09_L2SP_041036_20240417_20240418_02_T1,../carbonmapper_data_s2_l2a/GAO20240416t191456p0000-C/s2_20240417T182921Z.tif,../carbonmapper_data_l89_l2sp/GAO20240416t191456p0000-C/l8_LC09_L2SP_041036_20240417_20240418_02_T1.tif,83665
GAO20240416t191456p0000-E,2024-04-16T19:14:56+00:00,2024-04-17T18:29:21.024000+00:00,2024-04-17T18:28:10.039483+00:00,LC09_L2SP_041036_20240417_20240418_02_T1,../carbonmapper_data_s2_l2a/GAO20240416t191456p0000-E/s2_20240417T182921Z.tif,../carbonmapper_data_l89_l2sp/GAO20240416t191456p0000-E/l8_LC09_L2SP_041036_20240417_20240418_02_T1.tif,83665
GAO20240416t191456p0000-F,2024-04-16T19:14:56+00:00,2024-04-17T18:29:21.024000+00:00,2024-04-17T18:28:10.039483+00:00,LC09_L2SP_041036_20240417_20240418_02_T1,../carbonmapper_data_s2_l2a/GAO20240416t191456p0000-F/s2_20240417T182921Z.tif,../carbonmapper_data_l89_l2sp/GAO20240416t191456p0000-F/l8_LC09_L2SP_041036_20240417_20240418_02_T1.tif,83665
GAO20240416t191456p0000-G,2024-04-16T19:14:56+00:00,2024-04-17T18:29:21.024000+00:00,2024-04-17T18:28:10.039483+00:00,LC09_L2SP_041036_20240417_20240418_02_T1,../carbonmapper_data_s2_l2a/GAO20240416t191456p0000-G/s2_20240417T182921Z.tif,../carbonmapper_data_l89_l2sp/GAO20240416t191456p0000-G/l8_LC09_L2SP_041036_20240417_20240418_02_T1.tif,83665
GAO20240416t191456p0000-H,2024-04-16T19:14:56+00:00,2024-04-17T18:29:21.024000+00:00,2024-04-17T18:28:10.039483+00:00,LC09_L2SP_041036_20240417_20240418_02_T1,../carbonmapper_data_s2_l2a/GAO20240416t191456p0000-H/s2_20240417T182921Z.tif,../carbonmapper_data_l89_l2sp/GAO20240416t191456p0000-H/l8_LC09_L2SP_041036_20240417_20240418_02_T1.tif,83665
GAO20240416t191456p0000-I,2024-04-16T19:14:56+00:00,2024-04-17T18:29:21.024000+00:00,2024-04-17T18:28:10.039483+00:00,LC09_L2SP_041036_20240417_20240418_02_T1,../carbonmapper_data_s2_l2a/GAO20240416t191456p0000-I/s2_20240417T182921Z.tif,../carbonmapper_data_l89_l2sp/GAO20240416t191456p0000-I/l8_LC09_L2SP_041036_20240417_20240418_02_T1.tif,83665
GAO20240416t191456p0000-J,2024-04-16T19:14:56+00:00,2024-04-17T18:29:21.024000+00:00,2024-04-17T18:28:10.039483+00:00,LC09_L2SP_041036_20240417_20240418_02_T1,../carbonmapper_data_s2_l2a/GAO20240416t191456p0000-J/s2_20240417T182921Z.tif,../carbonmapper_data_l89_l2sp/GAO20240416t191456p0000-J/l8_LC09_L2SP_041036_20240417_20240418_02_T1.tif,83665
GAO20240416t191456p0000-K,2024-04-16T19:14:56+00:00,2024-04-17T18:29:21.024000+00:00,2024-04-17T18:28:10.039483+00:00,LC09_L2SP_041036_20240417_20240418_02_T1,../carbonmapper_data_s2_l2a/GAO20240416t191456p0000-K/s2_20240417T182921Z.tif,../carbonmapper_data_l89_l2sp/GAO20240416t191456p0000-K/l8_LC09_L2SP_041036_20240417_20240418_02_T1.tif,83665
GAO20240416t191456p0000-L,2024-04-16T19:14:56+00:00,2024-04-17T18:29:21.024000+00:00,2024-04-17T18:28:10.039483+00:00,LC09_L2SP_041036_20240417_20240418_02_T1,../carbonmapper_data_s2_l2a/GAO20240416t191456p0000-L/s2_20240417T182921Z.tif,../carbonmapper_data_l89_l2sp/GAO20240416t191456p0000-L/l8_LC09_L2SP_041036_20240417_20240418_02_T1.tif,83665
GAO20240416t191456p0000-M,2024-04-16T19:14:56+00:00,2024-04-17T18:29:21.024000+00:00,2024-04-17T18:28:10.039483+00:00,LC09_L2SP_041036_20240417_20240418_02_T1,../carbonmapper_data_s2_l2a/GAO20240416t191456p0000-M/s2_20240417T182921Z.tif,../carbonmapper_data_l89_l2sp/GAO20240416t191456p0000-M/l8_LC09_L2SP_041036_20240417_20240418_02_T1.tif,83665
GAO20240416t192110p0000-A,2024-04-16T19:21:10+00:00,2024-04-17T18:29:21.024000+00:00,2024-04-16T18:34:01.483595+00:00,LC08_L2SP_042036_20240416_20240423_02_T1,../carbonmapper_data_s2_l2a/GAO20240416t192110p0000-A/s2_20240417T182921Z.tif,../carbonmapper_data_l89_l2sp/GAO20240416t192110p0000-A/l8_LC08_L2SP_042036_20240416_20240423_02_T1.tif,83291
GAO20240416t192110p0000-A,2024-04-16T19:21:10+00:00,2024-04-17T18:29:21.024000+00:00,2024-04-17T18:28:10.039483+00:00,LC09_L2SP_041036_20240417_20240418_02_T1,../carbonmapper_data_s2_l2a/GAO20240416t192110p0000-A/s2_20240417T182921Z.tif,../carbonmapper_data_l89_l2sp/GAO20240416t192110p0000-A/l8_LC09_L2SP_041036_20240417_20240418_02_T1.tif,83291
GAO20240416t192110p0000-B,2024-04-16T19:21:10+00:00,2024-04-17T18:29:21.024000+00:00,2024-04-16T18:34:01.483595+00:00,LC08_L2SP_042036_20240416_20240423_02_T1,../carbonmapper_data_s2_l2a/GAO20240416t192110p0000-B/s2_20240417T182921Z.tif,../carbonmapper_data_l89_l2sp/GAO20240416t192110p0000-B/l8_LC08_L2SP_042036_20240416_20240423_02_T1.tif,83291
GAO20240416t192110p0000-B,2024-04-16T19:21:10+00:00,2024-04-17T18:29:21.024000+00:00,2024-04-17T18:28:10.039483+00:00,LC09_L2SP_041036_20240417_20240418_02_T1,../carbonmapper_data_s2_l2a/GAO20240416t192110p0000-B/s2_20240417T182921Z.tif,../carbonmapper_data_l89_l2sp/GAO20240416t192110p0000-B/l8_LC09_L2SP_041036_20240417_20240418_02_T1.tif,83291
GAO20240416t192110p0000-C,2024-04-16T19:21:10+00:00,2024-04-17T18:29:21.024000+00:00,2024-04-16T18:34:01.483595+00:00,LC08_L2SP_042036_20240416_20240423_02_T1,../carbonmapper_data_s2_l2a/GAO20240416t192110p0000-C/s2_20240417T182921Z.tif,../carbonmapper_data_l89_l2sp/GAO20240416t192110p0000-C/l8_LC08_L2SP_042036_20240416_20240423_02_T1.tif,83291
GAO20240416t192110p0000-C,2024-04-16T19:21:10+00:00,2024-04-17T18:29:21.024000+00:00,2024-04-17T18:28:10.039483+00:00,LC09_L2SP_041036_20240417_20240418_02_T1,../carbonmapper_data_s2_l2a/GAO20240416t192110p0000-C/s2_20240417T182921Z.tif,../carbonmapper_data_l89_l2sp/GAO20240416t192110p0000-C/l8_LC09_L2SP_041036_20240417_20240418_02_T1.tif,83291
GAO20240416t192110p0000-D,2024-04-16T19:21:10+00:00,2024-04-17T18:29:21.024000+00:00,2024-04-16T18:34:01.483595+00:00,LC08_L2SP_042036_20240416_20240423_02_T1,../carbonmapper_data_s2_l2a/GAO20240416t192110p0000-D/s2_20240417T182921Z.tif,../carbonmapper_data_l89_l2sp/GAO20240416t192110p0000-D/l8_LC08_L2SP_042036_20240416_20240423_02_T1.tif,83291
GAO20240416t192110p0000-D,2024-04-16T19:21:10+00:00,2024-04-17T18:29:21.024000+00:00,2024-04-17T18:28:10.039483+00:00,LC09_L2SP_041036_20240417_20240418_02_T1,../carbonmapper_data_s2_l2a/GAO20240416t192110p0000-D/s2_20240417T182921Z.tif,../carbonmapper_data_l89_l2sp/GAO20240416t192110p0000-D/l8_LC09_L2SP_041036_20240417_20240418_02_T1.tif,83291
GAO20240416t192755p0000-A,2024-04-16T19:27:55+00:00,2024-04-17T18:29:21.024000+00:00,2024-04-17T18:28:10.039483+00:00,LC09_L2SP_041036_20240417_20240418_02_T1,../carbonmapper_data_s2_l2a/GAO20240416t192755p0000-A/s2_20240417T182921Z.tif,../carbonmapper_data_l89_l2sp/GAO20240416t192755p0000-A/l8_LC09_L2SP_041036_20240417_20240418_02_T1.tif,82886
GAO20240416t192755p0000-A,2024-04-16T19:27:55+00:00,2024-04-17T18:29:21.024000+00:00,2024-04-17T18:28:10.039483+00:00,LC09_L2SP_041036_20240417_20240418_02_T1,../carbonmapper_data_s2_l2a/GAO20240416t192755p0000-A/s2_20240417T182921Z.tif,../carbonmapper_data_l89_l2sp/GAO20240416t192755p0000-A/l8_LC09_L2SP_041036_20240417_20240418_02_T1.tif,82886
GAO20240416t192755p0000-D,2024-04-16T19:27:55+00:00,2024-04-17T18:29:21.024000+00:00,2024-04-17T18:28:10.039483+00:00,LC09_L2SP_041036_20240417_20240418_02_T1,../carbonmapper_data_s2_l2a/GAO20240416t192755p0000-D/s2_20240417T182921Z.tif,../carbonmapper_data_l89_l2sp/GAO20240416t192755p0000-D/l8_LC09_L2SP_041036_20240417_20240418_02_T1.tif,82886
GAO20240416t192755p0000-D,2024-04-16T19:27:55+00:00,2024-04-17T18:29:21.024000+00:00,2024-04-17T18:28:10.039483+00:00,LC09_L2SP_041036_20240417_20240418_02_T1,../carbonmapper_data_s2_l2a/GAO20240416t192755p0000-D/s2_20240417T182921Z.tif,../carbonmapper_data_l89_l2sp/GAO20240416t192755p0000-D/l8_LC09_L2SP_041036_20240417_20240418_02_T1.tif,82886
GAO20240416t192755p0000-E,2024-04-16T19:27:55+00:00,2024-04-17T18:29:21.024000+00:00,2024-04-17T18:28:10.039483+00:00,LC09_L2SP_041036_20240417_20240418_02_T1,../carbonmapper_data_s2_l2a/GAO20240416t192755p0000-E/s2_20240417T182921Z.tif,../carbonmapper_data_l89_l2sp/GAO20240416t192755p0000-E/l8_LC09_L2SP_041036_20240417_20240418_02_T1.tif,82886
GAO20240416t192755p0000-E,2024-04-16T19:27:55+00:00,2024-04-17T18:29:21.024000+00:00,2024-04-17T18:28:10.039483+00:00,LC09_L2SP_041036_20240417_20240418_02_T1,../carbonmapper_data_s2_l2a/GAO20240416t192755p0000-E/s2_20240417T182921Z.tif,../carbonmapper_data_l89_l2sp/GAO20240416t192755p0000-E/l8_LC09_L2SP_041036_20240417_20240418_02_T1.tif,82886
GAO20240416t192755p0000-F,2024-04-16T19:27:55+00:00,2024-04-17T18:29:21.024000+00:00,2024-04-17T18:28:10.039483+00:00,LC09_L2SP_041036_20240417_20240418_02_T1,../carbonmapper_data_s2_l2a/GAO20240416t192755p0000-F/s2_20240417T182921Z.tif,../carbonmapper_data_l89_l2sp/GAO20240416t192755p0000-F/l8_LC09_L2SP_041036_20240417_20240418_02_T1.tif,82886
GAO20240416t192755p0000-F,2024-04-16T19:27:55+00:00,2024-04-17T18:29:21.024000+00:00,2024-04-17T18:28:10.039483+00:00,LC09_L2SP_041036_20240417_20240418_02_T1,../carbonmapper_data_s2_l2a/GAO20240416t192755p0000-F/s2_20240417T182921Z.tif,../carbonmapper_data_l89_l2sp/GAO20240416t192755p0000-F/l8_LC09_L2SP_041036_20240417_20240418_02_T1.tif,82886
GAO20240416t192755p0000-G,2024-04-16T19:27:55+00:00,2024-04-17T18:29:21.024000+00:00,2024-04-17T18:28:10.039483+00:00,LC09_L2SP_041036_20240417_20240418_02_T1,../carbonmapper_data_s2_l2a/GAO20240416t192755p0000-G/s2_20240417T182921Z.tif,../carbonmapper_data_l89_l2sp/GAO20240416t192755p0000-G/l8_LC09_L2SP_041036_20240417_20240418_02_T1.tif,82886
GAO20240416t192755p0000-G,2024-04-16T19:27:55+00:00,2024-04-17T18:29:21.024000+00:00,2024-04-17T18:28:10.039483+00:00,LC09_L2SP_041036_20240417_20240418_02_T1,../carbonmapper_data_s2_l2a/GAO20240416t192755p0000-G/s2_20240417T182921Z.tif,../carbonmapper_data_l89_l2sp/GAO20240416t192755p0000-G/l8_LC09_L2SP_041036_20240417_20240418_02_T1.tif,82886
GAO20240416t192755p0000-H,2024-04-16T19:27:55+00:00,2024-04-17T18:29:21.024000+00:00,2024-04-17T18:28:10.039483+00:00,LC09_L2SP_041036_20240417_20240418_02_T1,../carbonmapper_data_s2_l2a/GAO20240416t192755p0000-H/s2_20240417T182921Z.tif,../carbonmapper_data_l89_l2sp/GAO20240416t192755p0000-H/l8_LC09_L2SP_041036_20240417_20240418_02_T1.tif,82886
GAO20240416t192755p0000-H,2024-04-16T19:27:55+00:00,2024-04-17T18:29:21.024000+00:00,2024-04-17T18:28:10.039483+00:00,LC09_L2SP_041036_20240417_20240418_02_T1,../carbonmapper_data_s2_l2a/GAO20240416t192755p0000-H/s2_20240417T182921Z.tif,../carbonmapper_data_l89_l2sp/GAO20240416t192755p0000-H/l8_LC09_L2SP_041036_20240417_20240418_02_T1.tif,82886
GAO20240416t192755p0000-I,2024-04-16T19:27:55+00:00,2024-04-17T18:29:21.024000+00:00,2024-04-17T18:28:10.039483+00:00,LC09_L2SP_041036_20240417_20240418_02_T1,../carbonmapper_data_s2_l2a/GAO20240416t192755p0000-I/s2_20240417T182921Z.tif,../carbonmapper_data_l89_l2sp/GAO20240416t192755p0000-I/l8_LC09_L2SP_041036_20240417_20240418_02_T1.tif,82886
GAO20240416t192755p0000-I,2024-04-16T19:27:55+00:00,2024-04-17T18:29:21.024000+00:00,2024-04-17T18:28:10.039483+00:00,LC09_L2SP_041036_20240417_20240418_02_T1,../carbonmapper_data_s2_l2a/GAO20240416t192755p0000-I/s2_20240417T182921Z.tif,../carbonmapper_data_l89_l2sp/GAO20240416t192755p0000-I/l8_LC09_L2SP_041036_20240417_20240418_02_T1.tif,82886
GAO20240416t192755p0000-J,2024-04-16T19:27:55+00:00,2024-04-17T18:29:21.024000+00:00,2024-04-17T18:28:10.039483+00:00,LC09_L2SP_041036_20240417_20240418_02_T1,../carbonmapper_data_s2_l2a/GAO20240416t192755p0000-J/s2_20240417T182921Z.tif,../carbonmapper_data_l89_l2sp/GAO20240416t192755p0000-J/l8_LC09_L2SP_041036_20240417_20240418_02_T1.tif,82886
GAO20240416t192755p0000-J,2024-04-16T19:27:55+00:00,2024-04-17T18:29:21.024000+00:00,2024-04-17T18:28:10.039483+00:00,LC09_L2SP_041036_20240417_20240418_02_T1,../carbonmapper_data_s2_l2a/GAO20240416t192755p0000-J/s2_20240417T182921Z.tif,../carbonmapper_data_l89_l2sp/GAO20240416t192755p0000-J/l8_LC09_L2SP_041036_20240417_20240418_02_T1.tif,82886
GAO20240416t192755p0000-L,2024-04-16T19:27:55+00:00,2024-04-17T18:29:21.024000+00:00,2024-04-17T18:28:10.039483+00:00,LC09_L2SP_041036_20240417_20240418_02_T1,../carbonmapper_data_s2_l2a/GAO20240416t192755p0000-L/s2_20240417T182921Z.tif,../carbonmapper_data_l89_l2sp/GAO20240416t192755p0000-L/l8_LC09_L2SP_041036_20240417_20240418_02_T1.tif,82886
GAO20240416t192755p0000-L,2024-04-16T19:27:55+00:00,2024-04-17T18:29:21.024000+00:00,2024-04-17T18:28:10.039483+00:00,LC09_L2SP_041036_20240417_20240418_02_T1,../carbonmapper_data_s2_l2a/GAO20240416t192755p0000-L/s2_20240417T182921Z.tif,../carbonmapper_data_l89_l2sp/GAO20240416t192755p0000-L/l8_LC09_L2SP_041036_20240417_20240418_02_T1.tif,82886
GAO20240416t192755p0000-M,2024-04-16T19:27:55+00:00,2024-04-17T18:29:21.024000+00:00,2024-04-17T18:28:10.039483+00:00,LC09_L2SP_041036_20240417_20240418_02_T1,../carbonmapper_data_s2_l2a/GAO20240416t192755p0000-M/s2_20240417T182921Z.tif,../carbonmapper_data_l89_l2sp/GAO20240416t192755p0000-M/l8_LC09_L2SP_041036_20240417_20240418_02_T1.tif,82886
GAO20240416t192755p0000-M,2024-04-16T19:27:55+00:00,2024-04-17T18:29:21.024000+00:00,2024-04-17T18:28:10.039483+00:00,LC09_L2SP_041036_20240417_20240418_02_T1,../carbonmapper_data_s2_l2a/GAO20240416t192755p0000-M/s2_20240417T182921Z.tif,../carbonmapper_data_l89_l2sp/GAO20240416t192755p0000-M/l8_LC09_L2SP_041036_20240417_20240418_02_T1.tif,82886
GAO20240416t193330p0000-A,2024-04-16T19:33:30+00:00,2024-04-17T18:29:21.024000+00:00,2024-04-17T18:28:10.039483+00:00,LC09_L2SP_041036_20240417_20240418_02_T1,../carbonmapper_data_s2_l2a/GAO20240416t193330p0000-A/s2_20240417T182921Z.tif,../carbonmapper_data_l89_l2sp/GAO20240416t193330p0000-A/l8_LC09_L2SP_041036_20240417_20240418_02_T1.tif,82551
GAO20240416t193330p0000-A,2024-04-16T19:33:30+00:00,2024-04-17T18:29:21.024000+00:00,2024-04-17T18:28:10.039483+00:00,LC09_L2SP_041036_20240417_20240418_02_T1,../carbonmapper_data_s2_l2a/GAO20240416t193330p0000-A/s2_20240417T182921Z.tif,../carbonmapper_data_l89_l2sp/GAO20240416t193330p0000-A/l8_LC09_L2SP_041036_20240417_20240418_02_T1.tif,82551
GAO20240416t193330p0000-C,2024-04-16T19:33:30+00:00,2024-04-17T18:29:21.024000+00:00,2024-04-17T18:28:10.039483+00:00,LC09_L2SP_041036_20240417_20240418_02_T1,../carbonmapper_data_s2_l2a/GAO20240416t193330p0000-C/s2_20240417T182921Z.tif,../carbonmapper_data_l89_l2sp/GAO20240416t193330p0000-C/l8_LC09_L2SP_041036_20240417_20240418_02_T1.tif,82551
GAO20240416t193330p0000-C,2024-04-16T19:33:30+00:00,2024-04-17T18:29:21.024000+00:00,2024-04-17T18:28:10.039483+00:00,LC09_L2SP_041036_20240417_20240418_02_T1,../carbonmapper_data_s2_l2a/GAO20240416t193330p0000-C/s2_20240417T182921Z.tif,../carbonmapper_data_l89_l2sp/GAO20240416t193330p0000-C/l8_LC09_L2SP_041036_20240417_20240418_02_T1.tif,82551
GAO20240416t193330p0000-D,2024-04-16T19:33:30+00:00,2024-04-17T18:29:21.024000+00:00,2024-04-17T18:28:10.039483+00:00,LC09_L2SP_041036_20240417_20240418_02_T1,../carbonmapper_data_s2_l2a/GAO20240416t193330p0000-D/s2_20240417T182921Z.tif,../carbonmapper_data_l89_l2sp/GAO20240416t193330p0000-D/l8_LC09_L2SP_041036_20240417_20240418_02_T1.tif,82551
GAO20240416t193330p0000-D,2024-04-16T19:33:30+00:00,2024-04-17T18:29:21.024000+00:00,2024-04-17T18:28:10.039483+00:00,LC09_L2SP_041036_20240417_20240418_02_T1,../carbonmapper_data_s2_l2a/GAO20240416t193330p0000-D/s2_20240417T182921Z.tif,../carbonmapper_data_l89_l2sp/GAO20240416t193330p0000-D/l8_LC09_L2SP_041036_20240417_20240418_02_T1.tif,82551
GAO20240416t193330p0000-G,2024-04-16T19:33:30+00:00,2024-04-17T18:29:21.024000+00:00,2024-04-17T18:28:10.039483+00:00,LC09_L2SP_041036_20240417_20240418_02_T1,../carbonmapper_data_s2_l2a/GAO20240416t193330p0000-G/s2_20240417T182921Z.tif,../carbonmapper_data_l89_l2sp/GAO20240416t193330p0000-G/l8_LC09_L2SP_041036_20240417_20240418_02_T1.tif,82551
GAO20240416t193330p0000-G,2024-04-16T19:33:30+00:00,2024-04-17T18:29:21.024000+00:00,2024-04-17T18:28:10.039483+00:00,LC09_L2SP_041036_20240417_20240418_02_T1,../carbonmapper_data_s2_l2a/GAO20240416t193330p0000-G/s2_20240417T182921Z.tif,../carbonmapper_data_l89_l2sp/GAO20240416t193330p0000-G/l8_LC09_L2SP_041036_20240417_20240418_02_T1.tif,82551
GAO20240416t193330p0000-H,2024-04-16T19:33:30+00:00,2024-04-17T18:29:21.024000+00:00,2024-04-17T18:28:10.039483+00:00,LC09_L2SP_041036_20240417_20240418_02_T1,../carbonmapper_data_s2_l2a/GAO20240416t193330p0000-H/s2_20240417T182921Z.tif,../carbonmapper_data_l89_l2sp/GAO20240416t193330p0000-H/l8_LC09_L2SP_041036_20240417_20240418_02_T1.tif,82551
GAO20240416t193330p0000-H,2024-04-16T19:33:30+00:00,2024-04-17T18:29:21.024000+00:00,2024-04-17T18:28:10.039483+00:00,LC09_L2SP_041036_20240417_20240418_02_T1,../carbonmapper_data_s2_l2a/GAO20240416t193330p0000-H/s2_20240417T182921Z.tif,../carbonmapper_data_l89_l2sp/GAO20240416t193330p0000-H/l8_LC09_L2SP_041036_20240417_20240418_02_T1.tif,82551
GAO20240416t193330p0000-J,2024-04-16T19:33:30+00:00,2024-04-17T18:29:21.024000+00:00,2024-04-17T18:28:10.039483+00:00,LC09_L2SP_041036_20240417_20240418_02_T1,../carbonmapper_data_s2_l2a/GAO20240416t193330p0000-J/s2_20240417T182921Z.tif,../carbonmapper_data_l89_l2sp/GAO20240416t193330p0000-J/l8_LC09_L2SP_041036_20240417_20240418_02_T1.tif,82551
GAO20240416t193330p0000-J,2024-04-16T19:33:30+00:00,2024-04-17T18:29:21.024000+00:00,2024-04-17T18:28:10.039483+00:00,LC09_L2SP_041036_20240417_20240418_02_T1,../carbonmapper_data_s2_l2a/GAO20240416t193330p0000-J/s2_20240417T182921Z.tif,../carbonmapper_data_l89_l2sp/GAO20240416t193330p0000-J/l8_LC09_L2SP_041036_20240417_20240418_02_T1.tif,82551
GAO20240416t193330p0000-K,2024-04-16T19:33:30+00:00,2024-04-17T18:29:21.024000+00:00,2024-04-17T18:28:10.039483+00:00,LC09_L2SP_041036_20240417_20240418_02_T1,../carbonmapper_data_s2_l2a/GAO20240416t193330p0000-K/s2_20240417T182921Z.tif,../carbonmapper_data_l89_l2sp/GAO20240416t193330p0000-K/l8_LC09_L2SP_041036_20240417_20240418_02_T1.tif,82551
GAO20240416t193330p0000-K,2024-04-16T19:33:30+00:00,2024-04-17T18:29:21.024000+00:00,2024-04-17T18:28:10.039483+00:00,LC09_L2SP_041036_20240417_20240418_02_T1,../carbonmapper_data_s2_l2a/GAO20240416t193330p0000-K/s2_20240417T182921Z.tif,../carbonmapper_data_l89_l2sp/GAO20240416t193330p0000-K/l8_LC09_L2SP_041036_20240417_20240418_02_T1.tif,82551
GAO20240416t194050p0000-A,2024-04-16T19:40:50+00:00,2024-04-17T18:29:21.024000+00:00,2024-04-17T18:28:10.039483+00:00,LC09_L2SP_041036_20240417_20240418_02_T1,../carbonmapper_data_s2_l2a/GAO20240416t194050p0000-A/s2_20240417T182921Z.tif,../carbonmapper_data_l89_l2sp/GAO20240416t194050p0000-A/l8_LC09_L2SP_041036_20240417_20240418_02_T1.tif,82111
GAO20240416t194050p0000-B,2024-04-16T19:40:50+00:00,2024-04-17T18:29:21.024000+00:00,2024-04-17T18:28:10.039483+00:00,LC09_L2SP_041036_20240417_20240418_02_T1,../carbonmapper_data_s2_l2a/GAO20240416t194050p0000-B/s2_20240417T182921Z.tif,../carbonmapper_data_l89_l2sp/GAO20240416t194050p0000-B/l8_LC09_L2SP_041036_20240417_20240418_02_T1.tif,82111
GAO20240416t194050p0000-C,2024-04-16T19:40:50+00:00,2024-04-17T18:29:21.024000+00:00,2024-04-17T18:28:10.039483+00:00,LC09_L2SP_041036_20240417_20240418_02_T1,../carbonmapper_data_s2_l2a/GAO20240416t194050p0000-C/s2_20240417T182921Z.tif,../carbonmapper_data_l89_l2sp/GAO20240416t194050p0000-C/l8_LC09_L2SP_041036_20240417_20240418_02_T1.tif,82111
GAO20240416t194050p0000-D,2024-04-16T19:40:50+00:00,2024-04-17T18:29:21.024000+00:00,2024-04-17T18:28:10.039483+00:00,LC09_L2SP_041036_20240417_20240418_02_T1,../carbonmapper_data_s2_l2a/GAO20240416t194050p0000-D/s2_20240417T182921Z.tif,../carbonmapper_data_l89_l2sp/GAO20240416t194050p0000-D/l8_LC09_L2SP_041036_20240417_20240418_02_T1.tif,82111
GAO20240416t194050p0000-E,2024-04-16T19:40:50+00:00,2024-04-17T18:29:21.024000+00:00,2024-04-17T18:28:10.039483+00:00,LC09_L2SP_041036_20240417_20240418_02_T1,../carbonmapper_data_s2_l2a/GAO20240416t194050p0000-E/s2_20240417T182921Z.tif,../carbonmapper_data_l89_l2sp/GAO20240416t194050p0000-E/l8_LC09_L2SP_041036_20240417_20240418_02_T1.tif,82111
GAO20240416t194050p0000-F,2024-04-16T19:40:50+00:00,2024-04-17T18:29:21.024000+00:00,2024-04-17T18:28:10.039483+00:00,LC09_L2SP_041036_20240417_20240418_02_T1,../carbonmapper_data_s2_l2a/GAO20240416t194050p0000-F/s2_20240417T182921Z.tif,../carbonmapper_data_l89_l2sp/GAO20240416t194050p0000-F/l8_LC09_L2SP_041036_20240417_20240418_02_T1.tif,82111
GAO20240416t194050p0000-G,2024-04-16T19:40:50+00:00,2024-04-17T18:29:21.024000+00:00,2024-04-17T18:28:10.039483+00:00,LC09_L2SP_041036_20240417_20240418_02_T1,../carbonmapper_data_s2_l2a/GAO20240416t194050p0000-G/s2_20240417T182921Z.tif,../carbonmapper_data_l89_l2sp/GAO20240416t194050p0000-G/l8_LC09_L2SP_041036_20240417_20240418_02_T1.tif,82111
GAO20240416t194050p0000-H,2024-04-16T19:40:50+00:00,2024-04-17T18:29:21.024000+00:00,2024-04-17T18:28:10.039483+00:00,LC09_L2SP_041036_20240417_20240418_02_T1,../carbonmapper_data_s2_l2a/GAO20240416t194050p0000-H/s2_20240417T182921Z.tif,../carbonmapper_data_l89_l2sp/GAO20240416t194050p0000-H/l8_LC09_L2SP_041036_20240417_20240418_02_T1.tif,82111
GAO20240416t194050p0000-I,2024-04-16T19:40:50+00:00,2024-04-17T18:29:21.024000+00:00,2024-04-17T18:28:10.039483+00:00,LC09_L2SP_041036_20240417_20240418_02_T1,../carbonmapper_data_s2_l2a/GAO20240416t194050p0000-I/s2_20240417T182921Z.tif,../carbonmapper_data_l89_l2sp/GAO20240416t194050p0000-I/l8_LC09_L2SP_041036_20240417_20240418_02_T1.tif,82111
GAO20240416t194050p0000-J,2024-04-16T19:40:50+00:00,2024-04-17T18:29:21.024000+00:00,2024-04-17T18:28:10.039483+00:00,LC09_L2SP_041036_20240417_20240418_02_T1,../carbonmapper_data_s2_l2a/GAO20240416t194050p0000-J/s2_20240417T182921Z.tif,../carbonmapper_data_l89_l2sp/GAO20240416t194050p0000-J/l8_LC09_L2SP_041036_20240417_20240418_02_T1.tif,82111
GAO20240416t194050p0000-L,2024-04-16T19:40:50+00:00,2024-04-17T18:29:21.024000+00:00,2024-04-17T18:28:10.039483+00:00,LC09_L2SP_041036_20240417_20240418_02_T1,../carbonmapper_data_s2_l2a/GAO20240416t194050p0000-L/s2_20240417T182921Z.tif,../carbonmapper_data_l89_l2sp/GAO20240416t194050p0000-L/l8_LC09_L2SP_041036_20240417_20240418_02_T1.tif,82111
GAO20240416t194050p0000-M,2024-04-16T19:40:50+00:00,2024-04-17T18:29:21.024000+00:00,2024-04-17T18:28:10.039483+00:00,LC09_L2SP_041036_20240417_20240418_02_T1,../carbonmapper_data_s2_l2a/GAO20240416t194050p0000-M/s2_20240417T182921Z.tif,../carbonmapper_data_l89_l2sp/GAO20240416t194050p0000-M/l8_LC09_L2SP_041036_20240417_20240418_02_T1.tif,82111
GAO20240416t194715p0000-A,2024-04-16T19:47:15+00:00,2024-04-17T18:29:21.024000+00:00,2024-04-16T18:34:01.483595+00:00,LC08_L2SP_042036_20240416_20240423_02_T1,../carbonmapper_data_s2_l2a/GAO20240416t194715p0000-A/s2_20240417T182921Z.tif,../carbonmapper_data_l89_l2sp/GAO20240416t194715p0000-A/l8_LC08_L2SP_042036_20240416_20240423_02_T1.tif,81726
GAO20240416t194715p0000-A,2024-04-16T19:47:15+00:00,2024-04-17T18:29:21.024000+00:00,2024-04-17T18:28:10.039483+00:00,LC09_L2SP_041036_20240417_20240418_02_T1,../carbonmapper_data_s2_l2a/GAO20240416t194715p0000-A/s2_20240417T182921Z.tif,../carbonmapper_data_l89_l2sp/GAO20240416t194715p0000-A/l8_LC09_L2SP_041036_20240417_20240418_02_T1.tif,81726
GAO20240416t194715p0000-B,2024-04-16T19:47:15+00:00,2024-04-17T18:29:21.024000+00:00,2024-04-16T18:34:01.483595+00:00,LC08_L2SP_042036_20240416_20240423_02_T1,../carbonmapper_data_s2_l2a/GAO20240416t194715p0000-B/s2_20240417T182921Z.tif,../carbonmapper_data_l89_l2sp/GAO20240416t194715p0000-B/l8_LC08_L2SP_042036_20240416_20240423_02_T1.tif,81726
GAO20240416t194715p0000-B,2024-04-16T19:47:15+00:00,2024-04-17T18:29:21.024000+00:00,2024-04-17T18:28:10.039483+00:00,LC09_L2SP_041036_20240417_20240418_02_T1,../carbonmapper_data_s2_l2a/GAO20240416t194715p0000-B/s2_20240417T182921Z.tif,../carbonmapper_data_l89_l2sp/GAO20240416t194715p0000-B/l8_LC09_L2SP_041036_20240417_20240418_02_T1.tif,81726
GAO20240416t194715p0000-C,2024-04-16T19:47:15+00:00,2024-04-17T18:29:21.024000+00:00,2024-04-16T18:34:01.483595+00:00,LC08_L2SP_042036_20240416_20240423_02_T1,../carbonmapper_data_s2_l2a/GAO20240416t194715p0000-C/s2_20240417T182921Z.tif,../carbonmapper_data_l89_l2sp/GAO20240416t194715p0000-C/l8_LC08_L2SP_042036_20240416_20240423_02_T1.tif,81726
GAO20240416t194715p0000-C,2024-04-16T19:47:15+00:00,2024-04-17T18:29:21.024000+00:00,2024-04-17T18:28:10.039483+00:00,LC09_L2SP_041036_20240417_20240418_02_T1,../carbonmapper_data_s2_l2a/GAO20240416t194715p0000-C/s2_20240417T182921Z.tif,../carbonmapper_data_l89_l2sp/GAO20240416t194715p0000-C/l8_LC09_L2SP_041036_20240417_20240418_02_T1.tif,81726
GAO20240416t194715p0000-D,2024-04-16T19:47:15+00:00,2024-04-17T18:29:21.024000+00:00,2024-04-16T18:34:01.483595+00:00,LC08_L2SP_042036_20240416_20240423_02_T1,../carbonmapper_data_s2_l2a/GAO20240416t194715p0000-D/s2_20240417T182921Z.tif,../carbonmapper_data_l89_l2sp/GAO20240416t194715p0000-D/l8_LC08_L2SP_042036_20240416_20240423_02_T1.tif,81726
GAO20240416t194715p0000-D,2024-04-16T19:47:15+00:00,2024-04-17T18:29:21.024000+00:00,2024-04-17T18:28:10.039483+00:00,LC09_L2SP_041036_20240417_20240418_02_T1,../carbonmapper_data_s2_l2a/GAO20240416t194715p0000-D/s2_20240417T182921Z.tif,../carbonmapper_data_l89_l2sp/GAO20240416t194715p0000-D/l8_LC09_L2SP_041036_20240417_20240418_02_T1.tif,81726
GAO20240416t194715p0000-F,2024-04-16T19:47:15+00:00,2024-04-17T18:29:21.024000+00:00,2024-04-16T18:34:01.483595+00:00,LC08_L2SP_042036_20240416_20240423_02_T1,../carbonmapper_data_s2_l2a/GAO20240416t194715p0000-F/s2_20240417T182921Z.tif,../carbonmapper_data_l89_l2sp/GAO20240416t194715p0000-F/l8_LC08_L2SP_042036_20240416_20240423_02_T1.tif,81726
GAO20240416t194715p0000-F,2024-04-16T19:47:15+00:00,2024-04-17T18:29:21.024000+00:00,2024-04-17T18:28:10.039483+00:00,LC09_L2SP_041036_20240417_20240418_02_T1,../carbonmapper_data_s2_l2a/GAO20240416t194715p0000-F/s2_20240417T182921Z.tif,../carbonmapper_data_l89_l2sp/GAO20240416t194715p0000-F/l8_LC09_L2SP_041036_20240417_20240418_02_T1.tif,81726
GAO20240416t195330p0000-A,2024-04-16T19:53:30+00:00,2024-04-17T18:29:21.024000+00:00,2024-04-17T18:28:10.039483+00:00,LC09_L2SP_041036_20240417_20240418_02_T1,../carbonmapper_data_s2_l2a/GAO20240416t195330p0000-A/s2_20240417T182921Z.tif,../carbonmapper_data_l89_l2sp/GAO20240416t195330p0000-A/l8_LC09_L2SP_041036_20240417_20240418_02_T1.tif,81351
GAO20240416t195330p0000-A,2024-04-16T19:53:30+00:00,2024-04-17T18:29:21.024000+00:00,2024-04-17T18:28:10.039483+00:00,LC09_L2SP_041036_20240417_20240418_02_T1,../carbonmapper_data_s2_l2a/GAO20240416t195330p0000-A/s2_20240417T182921Z.tif,../carbonmapper_data_l89_l2sp/GAO20240416t195330p0000-A/l8_LC09_L2SP_041036_20240417_20240418_02_T1.tif,81351
GAO20240416t195330p0000-C,2024-04-16T19:53:30+00:00,2024-04-17T18:29:21.024000+00:00,2024-04-17T18:28:10.039483+00:00,LC09_L2SP_041036_20240417_20240418_02_T1,../carbonmapper_data_s2_l2a/GAO20240416t195330p0000-C/s2_20240417T182921Z.tif,../carbonmapper_data_l89_l2sp/GAO20240416t195330p0000-C/l8_LC09_L2SP_041036_20240417_20240418_02_T1.tif,81351
GAO20240416t195330p0000-C,2024-04-16T19:53:30+00:00,2024-04-17T18:29:21.024000+00:00,2024-04-17T18:28:10.039483+00:00,LC09_L2SP_041036_20240417_20240418_02_T1,../carbonmapper_data_s2_l2a/GAO20240416t195330p0000-C/s2_20240417T182921Z.tif,../carbonmapper_data_l89_l2sp/GAO20240416t195330p0000-C/l8_LC09_L2SP_041036_20240417_20240418_02_T1.tif,81351
GAO20240416t195330p0000-D,2024-04-16T19:53:30+00:00,2024-04-17T18:29:21.024000+00:00,2024-04-17T18:28:10.039483+00:00,LC09_L2SP_041036_20240417_20240418_02_T1,../carbonmapper_data_s2_l2a/GAO20240416t195330p0000-D/s2_20240417T182921Z.tif,../carbonmapper_data_l89_l2sp/GAO20240416t195330p0000-D/l8_LC09_L2SP_041036_20240417_20240418_02_T1.tif,81351
GAO20240416t195330p0000-D,2024-04-16T19:53:30+00:00,2024-04-17T18:29:21.024000+00:00,2024-04-17T18:28:10.039483+00:00,LC09_L2SP_041036_20240417_20240418_02_T1,../carbonmapper_data_s2_l2a/GAO20240416t195330p0000-D/s2_20240417T182921Z.tif,../carbonmapper_data_l89_l2sp/GAO20240416t195330p0000-D/l8_LC09_L2SP_041036_20240417_20240418_02_T1.tif,81351
GAO20240416t195330p0000-E,2024-04-16T19:53:30+00:00,2024-04-17T18:29:21.024000+00:00,2024-04-17T18:28:10.039483+00:00,LC09_L2SP_041036_20240417_20240418_02_T1,../carbonmapper_data_s2_l2a/GAO20240416t195330p0000-E/s2_20240417T182921Z.tif,../carbonmapper_data_l89_l2sp/GAO20240416t195330p0000-E/l8_LC09_L2SP_041036_20240417_20240418_02_T1.tif,81351
GAO20240416t195330p0000-E,2024-04-16T19:53:30+00:00,2024-04-17T18:29:21.024000+00:00,2024-04-17T18:28:10.039483+00:00,LC09_L2SP_041036_20240417_20240418_02_T1,../carbonmapper_data_s2_l2a/GAO20240416t195330p0000-E/s2_20240417T182921Z.tif,../carbonmapper_data_l89_l2sp/GAO20240416t195330p0000-E/l8_LC09_L2SP_041036_20240417_20240418_02_T1.tif,81351
GAO20240416t195330p0000-F,2024-04-16T19:53:30+00:00,2024-04-17T18:29:21.024000+00:00,2024-04-17T18:28:10.039483+00:00,LC09_L2SP_041036_20240417_20240418_02_T1,../carbonmapper_data_s2_l2a/GAO20240416t195330p0000-F/s2_20240417T182921Z.tif,../carbonmapper_data_l89_l2sp/GAO20240416t195330p0000-F/l8_LC09_L2SP_041036_20240417_20240418_02_T1.tif,81351
GAO20240416t195330p0000-F,2024-04-16T19:53:30+00:00,2024-04-17T18:29:21.024000+00:00,2024-04-17T18:28:10.039483+00:00,LC09_L2SP_041036_20240417_20240418_02_T1,../carbonmapper_data_s2_l2a/GAO20240416t195330p0000-F/s2_20240417T182921Z.tif,../carbonmapper_data_l89_l2sp/GAO20240416t195330p0000-F/l8_LC09_L2SP_041036_20240417_20240418_02_T1.tif,81351
GAO20240416t195330p0000-G,2024-04-16T19:53:30+00:00,2024-04-17T18:29:21.024000+00:00,2024-04-17T18:28:10.039483+00:00,LC09_L2SP_041036_20240417_20240418_02_T1,../carbonmapper_data_s2_l2a/GAO20240416t195330p0000-G/s2_20240417T182921Z.tif,../carbonmapper_data_l89_l2sp/GAO20240416t195330p0000-G/l8_LC09_L2SP_041036_20240417_20240418_02_T1.tif,81351
GAO20240416t195330p0000-G,2024-04-16T19:53:30+00:00,2024-04-17T18:29:21.024000+00:00,2024-04-17T18:28:10.039483+00:00,LC09_L2SP_041036_20240417_20240418_02_T1,../carbonmapper_data_s2_l2a/GAO20240416t195330p0000-G/s2_20240417T182921Z.tif,../carbonmapper_data_l89_l2sp/GAO20240416t195330p0000-G/l8_LC09_L2SP_041036_20240417_20240418_02_T1.tif,81351
GAO20240416t195330p0000-H,2024-04-16T19:53:30+00:00,2024-04-17T18:29:21.024000+00:00,2024-04-17T18:28:10.039483+00:00,LC09_L2SP_041036_20240417_20240418_02_T1,../carbonmapper_data_s2_l2a/GAO20240416t195330p0000-H/s2_20240417T182921Z.tif,../carbonmapper_data_l89_l2sp/GAO20240416t195330p0000-H/l8_LC09_L2SP_041036_20240417_20240418_02_T1.tif,81351
GAO20240416t195330p0000-H,2024-04-16T19:53:30+00:00,2024-04-17T18:29:21.024000+00:00,2024-04-17T18:28:10.039483+00:00,LC09_L2SP_041036_20240417_20240418_02_T1,../carbonmapper_data_s2_l2a/GAO20240416t195330p0000-H/s2_20240417T182921Z.tif,../carbonmapper_data_l89_l2sp/GAO20240416t195330p0000-H/l8_LC09_L2SP_041036_20240417_20240418_02_T1.tif,81351
GAO20240416t195330p0000-I,2024-04-16T19:53:30+00:00,2024-04-17T18:29:21.024000+00:00,2024-04-17T18:28:10.039483+00:00,LC09_L2SP_041036_20240417_20240418_02_T1,../carbonmapper_data_s2_l2a/GAO20240416t195330p0000-I/s2_20240417T182921Z.tif,../carbonmapper_data_l89_l2sp/GAO20240416t195330p0000-I/l8_LC09_L2SP_041036_20240417_20240418_02_T1.tif,81351
GAO20240416t195330p0000-I,2024-04-16T19:53:30+00:00,2024-04-17T18:29:21.024000+00:00,2024-04-17T18:28:10.039483+00:00,LC09_L2SP_041036_20240417_20240418_02_T1,../carbonmapper_data_s2_l2a/GAO20240416t195330p0000-I/s2_20240417T182921Z.tif,../carbonmapper_data_l89_l2sp/GAO20240416t195330p0000-I/l8_LC09_L2SP_041036_20240417_20240418_02_T1.tif,81351
GAO20240416t195330p0000-L,2024-04-16T19:53:30+00:00,2024-04-17T18:29:21.024000+00:00,2024-04-17T18:28:10.039483+00:00,LC09_L2SP_041036_20240417_20240418_02_T1,../carbonmapper_data_s2_l2a/GAO20240416t195330p0000-L/s2_20240417T182921Z.tif,../carbonmapper_data_l89_l2sp/GAO20240416t195330p0000-L/l8_LC09_L2SP_041036_20240417_20240418_02_T1.tif,81351
GAO20240416t195330p0000-L,2024-04-16T19:53:30+00:00,2024-04-17T18:29:21.024000+00:00,2024-04-17T18:28:10.039483+00:00,LC09_L2SP_041036_20240417_20240418_02_T1,../carbonmapper_data_s2_l2a/GAO20240416t195330p0000-L/s2_20240417T182921Z.tif,../carbonmapper_data_l89_l2sp/GAO20240416t195330p0000-L/l8_LC09_L2SP_041036_20240417_20240418_02_T1.tif,81351
GAO20240416t195905p0000-A,2024-04-16T19:59:05+00:00,2024-04-17T18:29:21.024000+00:00,2024-04-17T18:28:10.039483+00:00,LC09_L2SP_041036_20240417_20240418_02_T1,../carbonmapper_data_s2_l2a/GAO20240416t195905p0000-A/s2_20240417T182921Z.tif,../carbonmapper_data_l89_l2sp/GAO20240416t195905p0000-A/l8_LC09_L2SP_041036_20240417_20240418_02_T1.tif,81016
GAO20240416t195905p0000-A,2024-04-16T19:59:05+00:00,2024-04-17T18:29:21.024000+00:00,2024-04-17T18:28:10.039483+00:00,LC09_L2SP_041036_20240417_20240418_02_T1,../carbonmapper_data_s2_l2a/GAO20240416t195905p0000-A/s2_20240417T182921Z.tif,../carbonmapper_data_l89_l2sp/GAO20240416t195905p0000-A/l8_LC09_L2SP_041036_20240417_20240418_02_T1.tif,81016
GAO20240416t195905p0000-C,2024-04-16T19:59:05+00:00,2024-04-17T18:29:21.024000+00:00,2024-04-17T18:28:10.039483+00:00,LC09_L2SP_041036_20240417_20240418_02_T1,../carbonmapper_data_s2_l2a/GAO20240416t195905p0000-C/s2_20240417T182921Z.tif,../carbonmapper_data_l89_l2sp/GAO20240416t195905p0000-C/l8_LC09_L2SP_041036_20240417_20240418_02_T1.tif,81016
GAO20240416t195905p0000-C,2024-04-16T19:59:05+00:00,2024-04-17T18:29:21.024000+00:00,2024-04-17T18:28:10.039483+00:00,LC09_L2SP_041036_20240417_20240418_02_T1,../carbonmapper_data_s2_l2a/GAO20240416t195905p0000-C/s2_20240417T182921Z.tif,../carbonmapper_data_l89_l2sp/GAO20240416t195905p0000-C/l8_LC09_L2SP_041036_20240417_20240418_02_T1.tif,81016
GAO20240416t195905p0000-D,2024-04-16T19:59:05+00:00,2024-04-17T18:29:21.024000+00:00,2024-04-17T18:28:10.039483+00:00,LC09_L2SP_041036_20240417_20240418_02_T1,../carbonmapper_data_s2_l2a/GAO20240416t195905p0000-D/s2_20240417T182921Z.tif,../carbonmapper_data_l89_l2sp/GAO20240416t195905p0000-D/l8_LC09_L2SP_041036_20240417_20240418_02_T1.tif,81016
GAO20240416t195905p0000-D,2024-04-16T19:59:05+00:00,2024-04-17T18:29:21.024000+00:00,2024-04-17T18:28:10.039483+00:00,LC09_L2SP_041036_20240417_20240418_02_T1,../carbonmapper_data_s2_l2a/GAO20240416t195905p0000-D/s2_20240417T182921Z.tif,../carbonmapper_data_l89_l2sp/GAO20240416t195905p0000-D/l8_LC09_L2SP_041036_20240417_20240418_02_T1.tif,81016
GAO20240416t195905p0000-E,2024-04-16T19:59:05+00:00,2024-04-17T18:29:21.024000+00:00,2024-04-17T18:28:10.039483+00:00,LC09_L2SP_041036_20240417_20240418_02_T1,../carbonmapper_data_s2_l2a/GAO20240416t195905p0000-E/s2_20240417T182921Z.tif,../carbonmapper_data_l89_l2sp/GAO20240416t195905p0000-E/l8_LC09_L2SP_041036_20240417_20240418_02_T1.tif,81016
GAO20240416t195905p0000-E,2024-04-16T19:59:05+00:00,2024-04-17T18:29:21.024000+00:00,2024-04-17T18:28:10.039483+00:00,LC09_L2SP_041036_20240417_20240418_02_T1,../carbonmapper_data_s2_l2a/GAO20240416t195905p0000-E/s2_20240417T182921Z.tif,../carbonmapper_data_l89_l2sp/GAO20240416t195905p0000-E/l8_LC09_L2SP_041036_20240417_20240418_02_T1.tif,81016
GAO20240416t195905p0000-F,2024-04-16T19:59:05+00:00,2024-04-17T18:29:21.024000+00:00,2024-04-17T18:28:10.039483+00:00,LC09_L2SP_041036_20240417_20240418_02_T1,../carbonmapper_data_s2_l2a/GAO20240416t195905p0000-F/s2_20240417T182921Z.tif,../carbonmapper_data_l89_l2sp/GAO20240416t195905p0000-F/l8_LC09_L2SP_041036_20240417_20240418_02_T1.tif,81016
GAO20240416t195905p0000-F,2024-04-16T19:59:05+00:00,2024-04-17T18:29:21.024000+00:00,2024-04-17T18:28:10.039483+00:00,LC09_L2SP_041036_20240417_20240418_02_T1,../carbonmapper_data_s2_l2a/GAO20240416t195905p0000-F/s2_20240417T182921Z.tif,../carbonmapper_data_l89_l2sp/GAO20240416t195905p0000-F/l8_LC09_L2SP_041036_20240417_20240418_02_T1.tif,81016
GAO20240416t200615p0000-A,2024-04-16T20:06:15+00:00,2024-04-17T18:29:21.024000+00:00,2024-04-17T18:28:10.039483+00:00,LC09_L2SP_041036_20240417_20240418_02_T1,../carbonmapper_data_s2_l2a/GAO20240416t200615p0000-A/s2_20240417T182921Z.tif,../carbonmapper_data_l89_l2sp/GAO20240416t200615p0000-A/l8_LC09_L2SP_041036_20240417_20240418_02_T1.tif,80586
GAO20240416t200615p0000-B,2024-04-16T20:06:15+00:00,2024-04-17T18:29:21.024000+00:00,2024-04-17T18:28:10.039483+00:00,LC09_L2SP_041036_20240417_20240418_02_T1,../carbonmapper_data_s2_l2a/GAO20240416t200615p0000-B/s2_20240417T182921Z.tif,../carbonmapper_data_l89_l2sp/GAO20240416t200615p0000-B/l8_LC09_L2SP_041036_20240417_20240418_02_T1.tif,80586
GAO20240416t200615p0000-C,2024-04-16T20:06:15+00:00,2024-04-17T18:29:21.024000+00:00,2024-04-17T18:28:10.039483+00:00,LC09_L2SP_041036_20240417_20240418_02_T1,../carbonmapper_data_s2_l2a/GAO20240416t200615p0000-C/s2_20240417T182921Z.tif,../carbonmapper_data_l89_l2sp/GAO20240416t200615p0000-C/l8_LC09_L2SP_041036_20240417_20240418_02_T1.tif,80586
GAO20240416t200615p0000-D,2024-04-16T20:06:15+00:00,2024-04-17T18:29:21.024000+00:00,2024-04-17T18:28:10.039483+00:00,LC09_L2SP_041036_20240417_20240418_02_T1,../carbonmapper_data_s2_l2a/GAO20240416t200615p0000-D/s2_20240417T182921Z.tif,../carbonmapper_data_l89_l2sp/GAO20240416t200615p0000-D/l8_LC09_L2SP_041036_20240417_20240418_02_T1.tif,80586
GAO20240416t200615p0000-E,2024-04-16T20:06:15+00:00,2024-04-17T18:29:21.024000+00:00,2024-04-17T18:28:10.039483+00:00,LC09_L2SP_041036_20240417_20240418_02_T1,../carbonmapper_data_s2_l2a/GAO20240416t200615p0000-E/s2_20240417T182921Z.tif,../carbonmapper_data_l89_l2sp/GAO20240416t200615p0000-E/l8_LC09_L2SP_041036_20240417_20240418_02_T1.tif,80586
GAO20240416t200615p0000-F,2024-04-16T20:06:15+00:00,2024-04-17T18:29:21.024000+00:00,2024-04-17T18:28:10.039483+00:00,LC09_L2SP_041036_20240417_20240418_02_T1,../carbonmapper_data_s2_l2a/GAO20240416t200615p0000-F/s2_20240417T182921Z.tif,../carbonmapper_data_l89_l2sp/GAO20240416t200615p0000-F/l8_LC09_L2SP_041036_20240417_20240418_02_T1.tif,80586
GAO20240416t200615p0000-G,2024-04-16T20:06:15+00:00,2024-04-17T18:29:21.024000+00:00,2024-04-17T18:28:10.039483+00:00,LC09_L2SP_041036_20240417_20240418_02_T1,../carbonmapper_data_s2_l2a/GAO20240416t200615p0000-G/s2_20240417T182921Z.tif,../carbonmapper_data_l89_l2sp/GAO20240416t200615p0000-G/l8_LC09_L2SP_041036_20240417_20240418_02_T1.tif,80586
GAO20240416t200615p0000-H,2024-04-16T20:06:15+00:00,2024-04-17T18:29:21.024000+00:00,2024-04-17T18:28:10.039483+00:00,LC09_L2SP_041036_20240417_20240418_02_T1,../carbonmapper_data_s2_l2a/GAO20240416t200615p0000-H/s2_20240417T182921Z.tif,../carbonmapper_data_l89_l2sp/GAO20240416t200615p0000-H/l8_LC09_L2SP_041036_20240417_20240418_02_T1.tif,80586
GAO20240416t200615p0000-I,2024-04-16T20:06:15+00:00,2024-04-17T18:29:21.024000+00:00,2024-04-17T18:28:10.039483+00:00,LC09_L2SP_041036_20240417_20240418_02_T1,../carbonmapper_data_s2_l2a/GAO20240416t200615p0000-I/s2_20240417T182921Z.tif,../carbonmapper_data_l89_l2sp/GAO20240416t200615p0000-I/l8_LC09_L2SP_041036_20240417_20240418_02_T1.tif,80586
GAO20240416t200615p0000-J,2024-04-16T20:06:15+00:00,2024-04-17T18:29:21.024000+00:00,2024-04-17T18:28:10.039483+00:00,LC09_L2SP_041036_20240417_20240418_02_T1,../carbonmapper_data_s2_l2a/GAO20240416t200615p0000-J/s2_20240417T182921Z.tif,../carbonmapper_data_l89_l2sp/GAO20240416t200615p0000-J/l8_LC09_L2SP_041036_20240417_20240418_02_T1.tif,80586
GAO20240416t200615p0000-K,2024-04-16T20:06:15+00:00,2024-04-17T18:29:21.024000+00:00,2024-04-17T18:28:10.039483+00:00,LC09_L2SP_041036_20240417_20240418_02_T1,../carbonmapper_data_s2_l2a/GAO20240416t200615p0000-K/s2_20240417T182921Z.tif,../carbonmapper_data_l89_l2sp/GAO20240416t200615p0000-K/l8_LC09_L2SP_041036_20240417_20240418_02_T1.tif,80586
GAO20240416t200615p0000-L,2024-04-16T20:06:15+00:00,2024-04-17T18:29:21.024000+00:00,2024-04-17T18:28:10.039483+00:00,LC09_L2SP_041036_20240417_20240418_02_T1,../carbonmapper_data_s2_l2a/GAO20240416t200615p0000-L/s2_20240417T182921Z.tif,../carbonmapper_data_l89_l2sp/GAO20240416t200615p0000-L/l8_LC09_L2SP_041036_20240417_20240418_02_T1.tif,80586
GAO20240416t200615p0000-M,2024-04-16T20:06:15+00:00,2024-04-17T18:29:21.024000+00:00,2024-04-17T18:28:10.039483+00:00,LC09_L2SP_041036_20240417_20240418_02_T1,../carbonmapper_data_s2_l2a/GAO20240416t200615p0000-M/s2_20240417T182921Z.tif,../carbonmapper_data_l89_l2sp/GAO20240416t200615p0000-M/l8_LC09_L2SP_041036_20240417_20240418_02_T1.tif,80586
GAO20240416t201220p0000-A,2024-04-16T20:12:20+00:00,2024-04-17T18:29:21.024000+00:00,2024-04-16T18:34:01.483595+00:00,LC08_L2SP_042036_20240416_20240423_02_T1,../carbonmapper_data_s2_l2a/GAO20240416t201220p0000-A/s2_20240417T182921Z.tif,../carbonmapper_data_l89_l2sp/GAO20240416t201220p0000-A/l8_LC08_L2SP_042036_20240416_20240423_02_T1.tif,80221
GAO20240416t201220p0000-A,2024-04-16T20:12:20+00:00,2024-04-17T18:29:21.024000+00:00,2024-04-17T18:28:10.039483+00:00,LC09_L2SP_041036_20240417_20240418_02_T1,../carbonmapper_data_s2_l2a/GAO20240416t201220p0000-A/s2_20240417T182921Z.tif,../carbonmapper_data_l89_l2sp/GAO20240416t201220p0000-A/l8_LC09_L2SP_041036_20240417_20240418_02_T1.tif,80221
GAO20240416t201220p0000-B,2024-04-16T20:12:20+00:00,2024-04-17T18:29:21.024000+00:00,2024-04-16T18:34:01.483595+00:00,LC08_L2SP_042036_20240416_20240423_02_T1,../carbonmapper_data_s2_l2a/GAO20240416t201220p0000-B/s2_20240417T182921Z.tif,../carbonmapper_data_l89_l2sp/GAO20240416t201220p0000-B/l8_LC08_L2SP_042036_20240416_20240423_02_T1.tif,80221
GAO20240416t201220p0000-B,2024-04-16T20:12:20+00:00,2024-04-17T18:29:21.024000+00:00,2024-04-17T18:28:10.039483+00:00,LC09_L2SP_041036_20240417_20240418_02_T1,../carbonmapper_data_s2_l2a/GAO20240416t201220p0000-B/s2_20240417T182921Z.tif,../carbonmapper_data_l89_l2sp/GAO20240416t201220p0000-B/l8_LC09_L2SP_041036_20240417_20240418_02_T1.tif,80221
GAO20240416t201905p0000-A,2024-04-16T20:19:05+00:00,2024-04-17T18:29:21.024000+00:00,2024-04-17T18:28:10.039483+00:00,LC09_L2SP_041036_20240417_20240418_02_T1,../carbonmapper_data_s2_l2a/GAO20240416t201905p0000-A/s2_20240417T182921Z.tif,../carbonmapper_data_l89_l2sp/GAO20240416t201905p0000-A/l8_LC09_L2SP_041036_20240417_20240418_02_T1.tif,79816
GAO20240416t201905p0000-A,2024-04-16T20:19:05+00:00,2024-04-17T18:29:21.024000+00:00,2024-04-17T18:28:10.039483+00:00,LC09_L2SP_041036_20240417_20240418_02_T1,../carbonmapper_data_s2_l2a/GAO20240416t201905p0000-A/s2_20240417T182921Z.tif,../carbonmapper_data_l89_l2sp/GAO20240416t201905p0000-A/l8_LC09_L2SP_041036_20240417_20240418_02_T1.tif,79816
GAO20240416t201905p0000-B,2024-04-16T20:19:05+00:00,2024-04-17T18:29:21.024000+00:00,2024-04-17T18:28:10.039483+00:00,LC09_L2SP_041036_20240417_20240418_02_T1,../carbonmapper_data_s2_l2a/GAO20240416t201905p0000-B/s2_20240417T182921Z.tif,../carbonmapper_data_l89_l2sp/GAO20240416t201905p0000-B/l8_LC09_L2SP_041036_20240417_20240418_02_T1.tif,79816
GAO20240416t201905p0000-B,2024-04-16T20:19:05+00:00,2024-04-17T18:29:21.024000+00:00,2024-04-17T18:28:10.039483+00:00,LC09_L2SP_041036_20240417_20240418_02_T1,../carbonmapper_data_s2_l2a/GAO20240416t201905p0000-B/s2_20240417T182921Z.tif,../carbonmapper_data_l89_l2sp/GAO20240416t201905p0000-B/l8_LC09_L2SP_041036_20240417_20240418_02_T1.tif,79816
GAO20240416t201905p0000-D,2024-04-16T20:19:05+00:00,2024-04-17T18:29:21.024000+00:00,2024-04-17T18:28:10.039483+00:00,LC09_L2SP_041036_20240417_20240418_02_T1,../carbonmapper_data_s2_l2a/GAO20240416t201905p0000-D/s2_20240417T182921Z.tif,../carbonmapper_data_l89_l2sp/GAO20240416t201905p0000-D/l8_LC09_L2SP_041036_20240417_20240418_02_T1.tif,79816
GAO20240416t201905p0000-D,2024-04-16T20:19:05+00:00,2024-04-17T18:29:21.024000+00:00,2024-04-17T18:28:10.039483+00:00,LC09_L2SP_041036_20240417_20240418_02_T1,../carbonmapper_data_s2_l2a/GAO20240416t201905p0000-D/s2_20240417T182921Z.tif,../carbonmapper_data_l89_l2sp/GAO20240416t201905p0000-D/l8_LC09_L2SP_041036_20240417_20240418_02_T1.tif,79816
GAO20240416t201905p0000-E,2024-04-16T20:19:05+00:00,2024-04-17T18:29:21.024000+00:00,2024-04-17T18:28:10.039483+00:00,LC09_L2SP_041036_20240417_20240418_02_T1,../carbonmapper_data_s2_l2a/GAO20240416t201905p0000-E/s2_20240417T182921Z.tif,../carbonmapper_data_l89_l2sp/GAO20240416t201905p0000-E/l8_LC09_L2SP_041036_20240417_20240418_02_T1.tif,79816
GAO20240416t201905p0000-E,2024-04-16T20:19:05+00:00,2024-04-17T18:29:21.024000+00:00,2024-04-17T18:28:10.039483+00:00,LC09_L2SP_041036_20240417_20240418_02_T1,../carbonmapper_data_s2_l2a/GAO20240416t201905p0000-E/s2_20240417T182921Z.tif,../carbonmapper_data_l89_l2sp/GAO20240416t201905p0000-E/l8_LC09_L2SP_041036_20240417_20240418_02_T1.tif,79816
GAO20240416t201905p0000-F,2024-04-16T20:19:05+00:00,2024-04-17T18:29:21.024000+00:00,2024-04-17T18:28:10.039483+00:00,LC09_L2SP_041036_20240417_20240418_02_T1,../carbonmapper_data_s2_l2a/GAO20240416t201905p0000-F/s2_20240417T182921Z.tif,../carbonmapper_data_l89_l2sp/GAO20240416t201905p0000-F/l8_LC09_L2SP_041036_20240417_20240418_02_T1.tif,79816
GAO20240416t201905p0000-F,2024-04-16T20:19:05+00:00,2024-04-17T18:29:21.024000+00:00,2024-04-17T18:28:10.039483+00:00,LC09_L2SP_041036_20240417_20240418_02_T1,../carbonmapper_data_s2_l2a/GAO20240416t201905p0000-F/s2_20240417T182921Z.tif,../carbonmapper_data_l89_l2sp/GAO20240416t201905p0000-F/l8_LC09_L2SP_041036_20240417_20240418_02_T1.tif,79816
GAO20240416t201905p0000-G,2024-04-16T20:19:05+00:00,2024-04-17T18:29:21.024000+00:00,2024-04-17T18:28:10.039483+00:00,LC09_L2SP_041036_20240417_20240418_02_T1,../carbonmapper_data_s2_l2a/GAO20240416t201905p0000-G/s2_20240417T182921Z.tif,../carbonmapper_data_l89_l2sp/GAO20240416t201905p0000-G/l8_LC09_L2SP_041036_20240417_20240418_02_T1.tif,79816
GAO20240416t201905p0000-G,2024-04-16T20:19:05+00:00,2024-04-17T18:29:21.024000+00:00,2024-04-17T18:28:10.039483+00:00,LC09_L2SP_041036_20240417_20240418_02_T1,../carbonmapper_data_s2_l2a/GAO20240416t201905p0000-G/s2_20240417T182921Z.tif,../carbonmapper_data_l89_l2sp/GAO20240416t201905p0000-G/l8_LC09_L2SP_041036_20240417_20240418_02_T1.tif,79816
GAO20240416t201905p0000-H,2024-04-16T20:19:05+00:00,2024-04-17T18:29:21.024000+00:00,2024-04-17T18:28:10.039483+00:00,LC09_L2SP_041036_20240417_20240418_02_T1,../carbonmapper_data_s2_l2a/GAO20240416t201905p0000-H/s2_20240417T182921Z.tif,../carbonmapper_data_l89_l2sp/GAO20240416t201905p0000-H/l8_LC09_L2SP_041036_20240417_20240418_02_T1.tif,79816
GAO20240416t201905p0000-H,2024-04-16T20:19:05+00:00,2024-04-17T18:29:21.024000+00:00,2024-04-17T18:28:10.039483+00:00,LC09_L2SP_041036_20240417_20240418_02_T1,../carbonmapper_data_s2_l2a/GAO20240416t201905p0000-H/s2_20240417T182921Z.tif,../carbonmapper_data_l89_l2sp/GAO20240416t201905p0000-H/l8_LC09_L2SP_041036_20240417_20240418_02_T1.tif,79816
GAO20240416t201905p0000-I,2024-04-16T20:19:05+00:00,2024-04-17T18:29:21.024000+00:00,2024-04-17T18:28:10.039483+00:00,LC09_L2SP_041036_20240417_20240418_02_T1,../carbonmapper_data_s2_l2a/GAO20240416t201905p0000-I/s2_20240417T182921Z.tif,../carbonmapper_data_l89_l2sp/GAO20240416t201905p0000-I/l8_LC09_L2SP_041036_20240417_20240418_02_T1.tif,79816
GAO20240416t201905p0000-I,2024-04-16T20:19:05+00:00,2024-04-17T18:29:21.024000+00:00,2024-04-17T18:28:10.039483+00:00,LC09_L2SP_041036_20240417_20240418_02_T1,../carbonmapper_data_s2_l2a/GAO20240416t201905p0000-I/s2_20240417T182921Z.tif,../carbonmapper_data_l89_l2sp/GAO20240416t201905p0000-I/l8_LC09_L2SP_041036_20240417_20240418_02_T1.tif,79816
GAO20240416t201905p0000-J,2024-04-16T20:19:05+00:00,2024-04-17T18:29:21.024000+00:00,2024-04-17T18:28:10.039483+00:00,LC09_L2SP_041036_20240417_20240418_02_T1,../carbonmapper_data_s2_l2a/GAO20240416t201905p0000-J/s2_20240417T182921Z.tif,../carbonmapper_data_l89_l2sp/GAO20240416t201905p0000-J/l8_LC09_L2SP_041036_20240417_20240418_02_T1.tif,79816
GAO20240416t201905p0000-J,2024-04-16T20:19:05+00:00,2024-04-17T18:29:21.024000+00:00,2024-04-17T18:28:10.039483+00:00,LC09_L2SP_041036_20240417_20240418_02_T1,../carbonmapper_data_s2_l2a/GAO20240416t201905p0000-J/s2_20240417T182921Z.tif,../carbonmapper_data_l89_l2sp/GAO20240416t201905p0000-J/l8_LC09_L2SP_041036_20240417_20240418_02_T1.tif,79816
GAO20240416t202440p0000-A,2024-04-16T20:24:40+00:00,2024-04-17T18:29:21.024000+00:00,2024-04-17T18:28:10.039483+00:00,LC09_L2SP_041036_20240417_20240418_02_T1,../carbonmapper_data_s2_l2a/GAO20240416t202440p0000-A/s2_20240417T182921Z.tif,../carbonmapper_data_l89_l2sp/GAO20240416t202440p0000-A/l8_LC09_L2SP_041036_20240417_20240418_02_T1.tif,79481
GAO20240416t202440p0000-A,2024-04-16T20:24:40+00:00,2024-04-17T18:29:21.024000+00:00,2024-04-17T18:28:10.039483+00:00,LC09_L2SP_041036_20240417_20240418_02_T1,../carbonmapper_data_s2_l2a/GAO20240416t202440p0000-A/s2_20240417T182921Z.tif,../carbonmapper_data_l89_l2sp/GAO20240416t202440p0000-A/l8_LC09_L2SP_041036_20240417_20240418_02_T1.tif,79481
GAO20240416t202440p0000-B,2024-04-16T20:24:40+00:00,2024-04-17T18:29:21.024000+00:00,2024-04-17T18:28:10.039483+00:00,LC09_L2SP_041036_20240417_20240418_02_T1,../carbonmapper_data_s2_l2a/GAO20240416t202440p0000-B/s2_20240417T182921Z.tif,../carbonmapper_data_l89_l2sp/GAO20240416t202440p0000-B/l8_LC09_L2SP_041036_20240417_20240418_02_T1.tif,79481
GAO20240416t202440p0000-B,2024-04-16T20:24:40+00:00,2024-04-17T18:29:21.024000+00:00,2024-04-17T18:28:10.039483+00:00,LC09_L2SP_041036_20240417_20240418_02_T1,../carbonmapper_data_s2_l2a/GAO20240416t202440p0000-B/s2_20240417T182921Z.tif,../carbonmapper_data_l89_l2sp/GAO20240416t202440p0000-B/l8_LC09_L2SP_041036_20240417_20240418_02_T1.tif,79481
GAO20240416t202440p0000-C,2024-04-16T20:24:40+00:00,2024-04-17T18:29:21.024000+00:00,2024-04-17T18:28:10.039483+00:00,LC09_L2SP_041036_20240417_20240418_02_T1,../carbonmapper_data_s2_l2a/GAO20240416t202440p0000-C/s2_20240417T182921Z.tif,../carbonmapper_data_l89_l2sp/GAO20240416t202440p0000-C/l8_LC09_L2SP_041036_20240417_20240418_02_T1.tif,79481
GAO20240416t202440p0000-C,2024-04-16T20:24:40+00:00,2024-04-17T18:29:21.024000+00:00,2024-04-17T18:28:10.039483+00:00,LC09_L2SP_041036_20240417_20240418_02_T1,../carbonmapper_data_s2_l2a/GAO20240416t202440p0000-C/s2_20240417T182921Z.tif,../carbonmapper_data_l89_l2sp/GAO20240416t202440p0000-C/l8_LC09_L2SP_041036_20240417_20240418_02_T1.tif,79481
GAO20240416t202440p0000-D,2024-04-16T20:24:40+00:00,2024-04-17T18:29:21.024000+00:00,2024-04-17T18:28:10.039483+00:00,LC09_L2SP_041036_20240417_20240418_02_T1,../carbonmapper_data_s2_l2a/GAO20240416t202440p0000-D/s2_20240417T182921Z.tif,../carbonmapper_data_l89_l2sp/GAO20240416t202440p0000-D/l8_LC09_L2SP_041036_20240417_20240418_02_T1.tif,79481
GAO20240416t202440p0000-D,2024-04-16T20:24:40+00:00,2024-04-17T18:29:21.024000+00:00,2024-04-17T18:28:10.039483+00:00,LC09_L2SP_041036_20240417_20240418_02_T1,../carbonmapper_data_s2_l2a/GAO20240416t202440p0000-D/s2_20240417T182921Z.tif,../carbonmapper_data_l89_l2sp/GAO20240416t202440p0000-D/l8_LC09_L2SP_041036_20240417_20240418_02_T1.tif,79481
GAO20240416t202440p0000-F,2024-04-16T20:24:40+00:00,2024-04-17T18:29:21.024000+00:00,2024-04-17T18:28:10.039483+00:00,LC09_L2SP_041036_20240417_20240418_02_T1,../carbonmapper_data_s2_l2a/GAO20240416t202440p0000-F/s2_20240417T182921Z.tif,../carbonmapper_data_l89_l2sp/GAO20240416t202440p0000-F/l8_LC09_L2SP_041036_20240417_20240418_02_T1.tif,79481
GAO20240416t202440p0000-F,2024-04-16T20:24:40+00:00,2024-04-17T18:29:21.024000+00:00,2024-04-17T18:28:10.039483+00:00,LC09_L2SP_041036_20240417_20240418_02_T1,../carbonmapper_data_s2_l2a/GAO20240416t202440p0000-F/s2_20240417T182921Z.tif,../carbonmapper_data_l89_l2sp/GAO20240416t202440p0000-F/l8_LC09_L2SP_041036_20240417_20240418_02_T1.tif,79481
GAO20240416t202440p0000-G,2024-04-16T20:24:40+00:00,2024-04-17T18:29:21.024000+00:00,2024-04-17T18:28:10.039483+00:00,LC09_L2SP_041036_20240417_20240418_02_T1,../carbonmapper_data_s2_l2a/GAO20240416t202440p0000-G/s2_20240417T182921Z.tif,../carbonmapper_data_l89_l2sp/GAO20240416t202440p0000-G/l8_LC09_L2SP_041036_20240417_20240418_02_T1.tif,79481
GAO20240416t202440p0000-G,2024-04-16T20:24:40+00:00,2024-04-17T18:29:21.024000+00:00,2024-04-17T18:28:10.039483+00:00,LC09_L2SP_041036_20240417_20240418_02_T1,../carbonmapper_data_s2_l2a/GAO20240416t202440p0000-G/s2_20240417T182921Z.tif,../carbonmapper_data_l89_l2sp/GAO20240416t202440p0000-G/l8_LC09_L2SP_041036_20240417_20240418_02_T1.tif,79481
GAO20240416t203155p0000-A,2024-04-16T20:31:55+00:00,2024-04-17T18:29:21.024000+00:00,2024-04-17T18:28:10.039483+00:00,LC09_L2SP_041036_20240417_20240418_02_T1,../carbonmapper_data_s2_l2a/GAO20240416t203155p0000-A/s2_20240417T182921Z.tif,../carbonmapper_data_l89_l2sp/GAO20240416t203155p0000-A/l8_LC09_L2SP_041036_20240417_20240418_02_T1.tif,79046
GAO20240416t203155p0000-B,2024-04-16T20:31:55+00:00,2024-04-17T18:29:21.024000+00:00,2024-04-17T18:28:10.039483+00:00,LC09_L2SP_041036_20240417_20240418_02_T1,../carbonmapper_data_s2_l2a/GAO20240416t203155p0000-B/s2_20240417T182921Z.tif,../carbonmapper_data_l89_l2sp/GAO20240416t203155p0000-B/l8_LC09_L2SP_041036_20240417_20240418_02_T1.tif,79046
GAO20240416t203155p0000-D,2024-04-16T20:31:55+00:00,2024-04-17T18:29:21.024000+00:00,2024-04-17T18:28:10.039483+00:00,LC09_L2SP_041036_20240417_20240418_02_T1,../carbonmapper_data_s2_l2a/GAO20240416t203155p0000-D/s2_20240417T182921Z.tif,../carbonmapper_data_l89_l2sp/GAO20240416t203155p0000-D/l8_LC09_L2SP_041036_20240417_20240418_02_T1.tif,79046
GAO20240416t203155p0000-E,2024-04-16T20:31:55+00:00,2024-04-17T18:29:21.024000+00:00,2024-04-17T18:28:10.039483+00:00,LC09_L2SP_041036_20240417_20240418_02_T1,../carbonmapper_data_s2_l2a/GAO20240416t203155p0000-E/s2_20240417T182921Z.tif,../carbonmapper_data_l89_l2sp/GAO20240416t203155p0000-E/l8_LC09_L2SP_041036_20240417_20240418_02_T1.tif,79046
GAO20240416t203155p0000-F,2024-04-16T20:31:55+00:00,2024-04-17T18:29:21.024000+00:00,2024-04-17T18:28:10.039483+00:00,LC09_L2SP_041036_20240417_20240418_02_T1,../carbonmapper_data_s2_l2a/GAO20240416t203155p0000-F/s2_20240417T182921Z.tif,../carbonmapper_data_l89_l2sp/GAO20240416t203155p0000-F/l8_LC09_L2SP_041036_20240417_20240418_02_T1.tif,79046
GAO20240416t203155p0000-H,2024-04-16T20:31:55+00:00,2024-04-17T18:29:21.024000+00:00,2024-04-17T18:28:10.039483+00:00,LC09_L2SP_041036_20240417_20240418_02_T1,../carbonmapper_data_s2_l2a/GAO20240416t203155p0000-H/s2_20240417T182921Z.tif,../carbonmapper_data_l89_l2sp/GAO20240416t203155p0000-H/l8_LC09_L2SP_041036_20240417_20240418_02_T1.tif,79046
GAO20240416t203155p0000-I,2024-04-16T20:31:55+00:00,2024-04-17T18:29:21.024000+00:00,2024-04-17T18:28:10.039483+00:00,LC09_L2SP_041036_20240417_20240418_02_T1,../carbonmapper_data_s2_l2a/GAO20240416t203155p0000-I/s2_20240417T182921Z.tif,../carbonmapper_data_l89_l2sp/GAO20240416t203155p0000-I/l8_LC09_L2SP_041036_20240417_20240418_02_T1.tif,79046
GAO20240416t203155p0000-J,2024-04-16T20:31:55+00:00,2024-04-17T18:29:21.024000+00:00,2024-04-17T18:28:10.039483+00:00,LC09_L2SP_041036_20240417_20240418_02_T1,../carbonmapper_data_s2_l2a/GAO20240416t203155p0000-J/s2_20240417T182921Z.tif,../carbonmapper_data_l89_l2sp/GAO20240416t203155p0000-J/l8_LC09_L2SP_041036_20240417_20240418_02_T1.tif,79046
GAO20240416t203155p0000-K,2024-04-16T20:31:55+00:00,2024-04-17T18:29:21.024000+00:00,2024-04-17T18:28:10.039483+00:00,LC09_L2SP_041036_20240417_20240418_02_T1,../carbonmapper_data_s2_l2a/GAO20240416t203155p0000-K/s2_20240417T182921Z.tif,../carbonmapper_data_l89_l2sp/GAO20240416t203155p0000-K/l8_LC09_L2SP_041036_20240417_20240418_02_T1.tif,79046
GAO20240416t203155p0000-L,2024-04-16T20:31:55+00:00,2024-04-17T18:29:21.024000+00:00,2024-04-17T18:28:10.039483+00:00,LC09_L2SP_041036_20240417_20240418_02_T1,../carbonmapper_data_s2_l2a/GAO20240416t203155p0000-L/s2_20240417T182921Z.tif,../carbonmapper_data_l89_l2sp/GAO20240416t203155p0000-L/l8_LC09_L2SP_041036_20240417_20240418_02_T1.tif,79046
GAO20240416t203155p0000-N,2024-04-16T20:31:55+00:00,2024-04-17T18:29:21.024000+00:00,2024-04-17T18:28:10.039483+00:00,LC09_L2SP_041036_20240417_20240418_02_T1,../carbonmapper_data_s2_l2a/GAO20240416t203155p0000-N/s2_20240417T182921Z.tif,../carbonmapper_data_l89_l2sp/GAO20240416t203155p0000-N/l8_LC09_L2SP_041036_20240417_20240418_02_T1.tif,79046
GAO20240416t203810p0000-A,2024-04-16T20:38:10+00:00,2024-04-17T18:29:21.024000+00:00,2024-04-16T18:34:01.483595+00:00,LC08_L2SP_042036_20240416_20240423_02_T1,../carbonmapper_data_s2_l2a/GAO20240416t203810p0000-A/s2_20240417T182921Z.tif,../carbonmapper_data_l89_l2sp/GAO20240416t203810p0000-A/l8_LC08_L2SP_042036_20240416_20240423_02_T1.tif,78671
GAO20240416t203810p0000-A,2024-04-16T20:38:10+00:00,2024-04-17T18:29:21.024000+00:00,2024-04-17T18:28:10.039483+00:00,LC09_L2SP_041036_20240417_20240418_02_T1,../carbonmapper_data_s2_l2a/GAO20240416t203810p0000-A/s2_20240417T182921Z.tif,../carbonmapper_data_l89_l2sp/GAO20240416t203810p0000-A/l8_LC09_L2SP_041036_20240417_20240418_02_T1.tif,78671
GAO20240416t204435p0000-A,2024-04-16T20:44:35+00:00,2024-04-17T18:29:21.024000+00:00,2024-04-17T18:28:10.039483+00:00,LC09_L2SP_041036_20240417_20240418_02_T1,../carbonmapper_data_s2_l2a/GAO20240416t204435p0000-A/s2_20240417T182921Z.tif,../carbonmapper_data_l89_l2sp/GAO20240416t204435p0000-A/l8_LC09_L2SP_041036_20240417_20240418_02_T1.tif,78286
GAO20240416t204435p0000-A,2024-04-16T20:44:35+00:00,2024-04-17T18:29:21.024000+00:00,2024-04-17T18:28:10.039483+00:00,LC09_L2SP_041036_20240417_20240418_02_T1,../carbonmapper_data_s2_l2a/GAO20240416t204435p0000-A/s2_20240417T182921Z.tif,../carbonmapper_data_l89_l2sp/GAO20240416t204435p0000-A/l8_LC09_L2SP_041036_20240417_20240418_02_T1.tif,78286
GAO20240416t204435p0000-C,2024-04-16T20:44:35+00:00,2024-04-17T18:29:21.024000+00:00,2024-04-17T18:28:10.039483+00:00,LC09_L2SP_041036_20240417_20240418_02_T1,../carbonmapper_data_s2_l2a/GAO20240416t204435p0000-C/s2_20240417T182921Z.tif,../carbonmapper_data_l89_l2sp/GAO20240416t204435p0000-C/l8_LC09_L2SP_041036_20240417_20240418_02_T1.tif,78286
GAO20240416t204435p0000-C,2024-04-16T20:44:35+00:00,2024-04-17T18:29:21.024000+00:00,2024-04-17T18:28:10.039483+00:00,LC09_L2SP_041036_20240417_20240418_02_T1,../carbonmapper_data_s2_l2a/GAO20240416t204435p0000-C/s2_20240417T182921Z.tif,../carbonmapper_data_l89_l2sp/GAO20240416t204435p0000-C/l8_LC09_L2SP_041036_20240417_20240418_02_T1.tif,78286
GAO20240416t204435p0000-D,2024-04-16T20:44:35+00:00,2024-04-17T18:29:21.024000+00:00,2024-04-17T18:28:10.039483+00:00,LC09_L2SP_041036_20240417_20240418_02_T1,../carbonmapper_data_s2_l2a/GAO20240416t204435p0000-D/s2_20240417T182921Z.tif,../carbonmapper_data_l89_l2sp/GAO20240416t204435p0000-D/l8_LC09_L2SP_041036_20240417_20240418_02_T1.tif,78286
GAO20240416t204435p0000-D,2024-04-16T20:44:35+00:00,2024-04-17T18:29:21.024000+00:00,2024-04-17T18:28:10.039483+00:00,LC09_L2SP_041036_20240417_20240418_02_T1,../carbonmapper_data_s2_l2a/GAO20240416t204435p0000-D/s2_20240417T182921Z.tif,../carbonmapper_data_l89_l2sp/GAO20240416t204435p0000-D/l8_LC09_L2SP_041036_20240417_20240418_02_T1.tif,78286
GAO20240416t204435p0000-E,2024-04-16T20:44:35+00:00,2024-04-17T18:29:21.024000+00:00,2024-04-17T18:28:10.039483+00:00,LC09_L2SP_041036_20240417_20240418_02_T1,../carbonmapper_data_s2_l2a/GAO20240416t204435p0000-E/s2_20240417T182921Z.tif,../carbonmapper_data_l89_l2sp/GAO20240416t204435p0000-E/l8_LC09_L2SP_041036_20240417_20240418_02_T1.tif,78286
GAO20240416t204435p0000-E,2024-04-16T20:44:35+00:00,2024-04-17T18:29:21.024000+00:00,2024-04-17T18:28:10.039483+00:00,LC09_L2SP_041036_20240417_20240418_02_T1,../carbonmapper_data_s2_l2a/GAO20240416t204435p0000-E/s2_20240417T182921Z.tif,../carbonmapper_data_l89_l2sp/GAO20240416t204435p0000-E/l8_LC09_L2SP_041036_20240417_20240418_02_T1.tif,78286
GAO20240416t204435p0000-F,2024-04-16T20:44:35+00:00,2024-04-17T18:29:21.024000+00:00,2024-04-17T18:28:10.039483+00:00,LC09_L2SP_041036_20240417_20240418_02_T1,../carbonmapper_data_s2_l2a/GAO20240416t204435p0000-F/s2_20240417T182921Z.tif,../carbonmapper_data_l89_l2sp/GAO20240416t204435p0000-F/l8_LC09_L2SP_041036_20240417_20240418_02_T1.tif,78286
GAO20240416t204435p0000-F,2024-04-16T20:44:35+00:00,2024-04-17T18:29:21.024000+00:00,2024-04-17T18:28:10.039483+00:00,LC09_L2SP_041036_20240417_20240418_02_T1,../carbonmapper_data_s2_l2a/GAO20240416t204435p0000-F/s2_20240417T182921Z.tif,../carbonmapper_data_l89_l2sp/GAO20240416t204435p0000-F/l8_LC09_L2SP_041036_20240417_20240418_02_T1.tif,78286
GAO20240416t205015p0000-A,2024-04-16T20:50:15+00:00,2024-04-17T18:29:21.024000+00:00,2024-04-17T18:28:10.039483+00:00,LC09_L2SP_041036_20240417_20240418_02_T1,../carbonmapper_data_s2_l2a/GAO20240416t205015p0000-A/s2_20240417T182921Z.tif,../carbonmapper_data_l89_l2sp/GAO20240416t205015p0000-A/l8_LC09_L2SP_041036_20240417_20240418_02_T1.tif,77946
GAO20240416t205015p0000-A,2024-04-16T20:50:15+00:00,2024-04-17T18:29:21.024000+00:00,2024-04-17T18:28:10.039483+00:00,LC09_L2SP_041036_20240417_20240418_02_T1,../carbonmapper_data_s2_l2a/GAO20240416t205015p0000-A/s2_20240417T182921Z.tif,../carbonmapper_data_l89_l2sp/GAO20240416t205015p0000-A/l8_LC09_L2SP_041036_20240417_20240418_02_T1.tif,77946
GAO20240416t205015p0000-B,2024-04-16T20:50:15+00:00,2024-04-17T18:29:21.024000+00:00,2024-04-17T18:28:10.039483+00:00,LC09_L2SP_041036_20240417_20240418_02_T1,../carbonmapper_data_s2_l2a/GAO20240416t205015p0000-B/s2_20240417T182921Z.tif,../carbonmapper_data_l89_l2sp/GAO20240416t205015p0000-B/l8_LC09_L2SP_041036_20240417_20240418_02_T1.tif,77946
GAO20240416t205015p0000-B,2024-04-16T20:50:15+00:00,2024-04-17T18:29:21.024000+00:00,2024-04-17T18:28:10.039483+00:00,LC09_L2SP_041036_20240417_20240418_02_T1,../carbonmapper_data_s2_l2a/GAO20240416t205015p0000-B/s2_20240417T182921Z.tif,../carbonmapper_data_l89_l2sp/GAO20240416t205015p0000-B/l8_LC09_L2SP_041036_20240417_20240418_02_T1.tif,77946
GAO20240416t205015p0000-C,2024-04-16T20:50:15+00:00,2024-04-17T18:29:21.024000+00:00,2024-04-17T18:28:10.039483+00:00,LC09_L2SP_041036_20240417_20240418_02_T1,../carbonmapper_data_s2_l2a/GAO20240416t205015p0000-C/s2_20240417T182921Z.tif,../carbonmapper_data_l89_l2sp/GAO20240416t205015p0000-C/l8_LC09_L2SP_041036_20240417_20240418_02_T1.tif,77946
GAO20240416t205015p0000-C,2024-04-16T20:50:15+00:00,2024-04-17T18:29:21.024000+00:00,2024-04-17T18:28:10.039483+00:00,LC09_L2SP_041036_20240417_20240418_02_T1,../carbonmapper_data_s2_l2a/GAO20240416t205015p0000-C/s2_20240417T182921Z.tif,../carbonmapper_data_l89_l2sp/GAO20240416t205015p0000-C/l8_LC09_L2SP_041036_20240417_20240418_02_T1.tif,77946
GAO20240416t205015p0000-E,2024-04-16T20:50:15+00:00,2024-04-17T18:29:21.024000+00:00,2024-04-17T18:28:10.039483+00:00,LC09_L2SP_041036_20240417_20240418_02_T1,../carbonmapper_data_s2_l2a/GAO20240416t205015p0000-E/s2_20240417T182921Z.tif,../carbonmapper_data_l89_l2sp/GAO20240416t205015p0000-E/l8_LC09_L2SP_041036_20240417_20240418_02_T1.tif,77946
GAO20240416t205015p0000-E,2024-04-16T20:50:15+00:00,2024-04-17T18:29:21.024000+00:00,2024-04-17T18:28:10.039483+00:00,LC09_L2SP_041036_20240417_20240418_02_T1,../carbonmapper_data_s2_l2a/GAO20240416t205015p0000-E/s2_20240417T182921Z.tif,../carbonmapper_data_l89_l2sp/GAO20240416t205015p0000-E/l8_LC09_L2SP_041036_20240417_20240418_02_T1.tif,77946
GAO20240416t205745p0000-A,2024-04-16T20:57:45+00:00,2024-04-17T18:29:21.024000+00:00,2024-04-17T18:28:10.039483+00:00,LC09_L2SP_041036_20240417_20240418_02_T1,../carbonmapper_data_s2_l2a/GAO20240416t205745p0000-A/s2_20240417T182921Z.tif,../carbonmapper_data_l89_l2sp/GAO20240416t205745p0000-A/l8_LC09_L2SP_041036_20240417_20240418_02_T1.tif,77496
GAO20240416t205745p0000-B,2024-04-16T20:57:45+00:00,2024-04-17T18:29:21.024000+00:00,2024-04-17T18:28:10.039483+00:00,LC09_L2SP_041036_20240417_20240418_02_T1,../carbonmapper_data_s2_l2a/GAO20240416t205745p0000-B/s2_20240417T182921Z.tif,../carbonmapper_data_l89_l2sp/GAO20240416t205745p0000-B/l8_LC09_L2SP_041036_20240417_20240418_02_T1.tif,77496
GAO20240416t205745p0000-C,2024-04-16T20:57:45+00:00,2024-04-17T18:29:21.024000+00:00,2024-04-17T18:28:10.039483+00:00,LC09_L2SP_041036_20240417_20240418_02_T1,../carbonmapper_data_s2_l2a/GAO20240416t205745p0000-C/s2_20240417T182921Z.tif,../carbonmapper_data_l89_l2sp/GAO20240416t205745p0000-C/l8_LC09_L2SP_041036_20240417_20240418_02_T1.tif,77496
GAO20240416t205745p0000-E,2024-04-16T20:57:45+00:00,2024-04-17T18:29:21.024000+00:00,2024-04-17T18:28:10.039483+00:00,LC09_L2SP_041036_20240417_20240418_02_T1,../carbonmapper_data_s2_l2a/GAO20240416t205745p0000-E/s2_20240417T182921Z.tif,../carbonmapper_data_l89_l2sp/GAO20240416t205745p0000-E/l8_LC09_L2SP_041036_20240417_20240418_02_T1.tif,77496
GAO20240416t205745p0000-F,2024-04-16T20:57:45+00:00,2024-04-17T18:29:21.024000+00:00,2024-04-17T18:28:10.039483+00:00,LC09_L2SP_041036_20240417_20240418_02_T1,../carbonmapper_data_s2_l2a/GAO20240416t205745p0000-F/s2_20240417T182921Z.tif,../carbonmapper_data_l89_l2sp/GAO20240416t205745p0000-F/l8_LC09_L2SP_041036_20240417_20240418_02_T1.tif,77496
GAO20240416t205745p0000-G,2024-04-16T20:57:45+00:00,2024-04-17T18:29:21.024000+00:00,2024-04-17T18:28:10.039483+00:00,LC09_L2SP_041036_20240417_20240418_02_T1,../carbonmapper_data_s2_l2a/GAO20240416t205745p0000-G/s2_20240417T182921Z.tif,../carbonmapper_data_l89_l2sp/GAO20240416t205745p0000-G/l8_LC09_L2SP_041036_20240417_20240418_02_T1.tif,77496
GAO20240416t205745p0000-H,2024-04-16T20:57:45+00:00,2024-04-17T18:29:21.024000+00:00,2024-04-17T18:28:10.039483+00:00,LC09_L2SP_041036_20240417_20240418_02_T1,../carbonmapper_data_s2_l2a/GAO20240416t205745p0000-H/s2_20240417T182921Z.tif,../carbonmapper_data_l89_l2sp/GAO20240416t205745p0000-H/l8_LC09_L2SP_041036_20240417_20240418_02_T1.tif,77496
GAO20240416t205745p0000-I,2024-04-16T20:57:45+00:00,2024-04-17T18:29:21.024000+00:00,2024-04-17T18:28:10.039483+00:00,LC09_L2SP_041036_20240417_20240418_02_T1,../carbonmapper_data_s2_l2a/GAO20240416t205745p0000-I/s2_20240417T182921Z.tif,../carbonmapper_data_l89_l2sp/GAO20240416t205745p0000-I/l8_LC09_L2SP_041036_20240417_20240418_02_T1.tif,77496
GAO20240416t205745p0000-J,2024-04-16T20:57:45+00:00,2024-04-17T18:29:21.024000+00:00,2024-04-17T18:28:10.039483+00:00,LC09_L2SP_041036_20240417_20240418_02_T1,../carbonmapper_data_s2_l2a/GAO20240416t205745p0000-J/s2_20240417T182921Z.tif,../carbonmapper_data_l89_l2sp/GAO20240416t205745p0000-J/l8_LC09_L2SP_041036_20240417_20240418_02_T1.tif,77496
GAO20240416t205745p0000-K,2024-04-16T20:57:45+00:00,2024-04-17T18:29:21.024000+00:00,2024-04-17T18:28:10.039483+00:00,LC09_L2SP_041036_20240417_20240418_02_T1,../carbonmapper_data_s2_l2a/GAO20240416t205745p0000-K/s2_20240417T182921Z.tif,../carbonmapper_data_l89_l2sp/GAO20240416t205745p0000-K/l8_LC09_L2SP_041036_20240417_20240418_02_T1.tif,77496
GAO20240416t205745p0000-L,2024-04-16T20:57:45+00:00,2024-04-17T18:29:21.024000+00:00,2024-04-17T18:28:10.039483+00:00,LC09_L2SP_041036_20240417_20240418_02_T1,../carbonmapper_data_s2_l2a/GAO20240416t205745p0000-L/s2_20240417T182921Z.tif,../carbonmapper_data_l89_l2sp/GAO20240416t205745p0000-L/l8_LC09_L2SP_041036_20240417_20240418_02_T1.tif,77496
GAO20240416t211710p0000-A,2024-04-16T21:17:10+00:00,2024-04-17T18:29:21.024000+00:00,2024-04-16T18:34:01.483595+00:00,LC08_L2SP_042036_20240416_20240423_02_T1,../carbonmapper_data_s2_l2a/GAO20240416t211710p0000-A/s2_20240417T182921Z.tif,../carbonmapper_data_l89_l2sp/GAO20240416t211710p0000-A/l8_LC08_L2SP_042036_20240416_20240423_02_T1.tif,76331
GAO20240416t211710p0000-A,2024-04-16T21:17:10+00:00,2024-04-17T18:29:21.024000+00:00,2024-04-17T18:28:10.039483+00:00,LC09_L2SP_041036_20240417_20240418_02_T1,../carbonmapper_data_s2_l2a/GAO20240416t211710p0000-A/s2_20240417T182921Z.tif,../carbonmapper_data_l89_l2sp/GAO20240416t211710p0000-A/l8_LC09_L2SP_041036_20240417_20240418_02_T1.tif,76331
GAO20240416t212801p0000-A,2024-04-16T21:28:01+00:00,2024-04-17T18:29:21.024000+00:00,2024-04-16T18:34:01.483595+00:00,LC08_L2SP_042036_20240416_20240423_02_T1,../carbonmapper_data_s2_l2a/GAO20240416t212801p0000-A/s2_20240417T182921Z.tif,../carbonmapper_data_l89_l2sp/GAO20240416t212801p0000-A/l8_LC08_L2SP_042036_20240416_20240423_02_T1.tif,75680
GAO20240416t212801p0000-A,2024-04-16T21:28:01+00:00,2024-04-17T18:29:21.024000+00:00,2024-04-17T18:28:10.039483+00:00,LC09_L2SP_041036_20240417_20240418_02_T1,../carbonmapper_data_s2_l2a/GAO20240416t212801p0000-A/s2_20240417T182921Z.tif,../carbonmapper_data_l89_l2sp/GAO20240416t212801p0000-A/l8_LC09_L2SP_041036_20240417_20240418_02_T1.tif,75680
GAO20240417t172703p0000-A,2024-04-17T17:27:03+00:00,2024-04-17T18:29:21.024000+00:00,2024-04-16T18:34:01.483595+00:00,LC08_L2SP_042036_20240416_20240423_02_T1,../carbonmapper_data_s2_l2a/GAO20240417t172703p0000-A/s2_20240417T182921Z.tif,../carbonmapper_data_l89_l2sp/GAO20240417t172703p0000-A/l8_LC08_L2SP_042036_20240416_20240423_02_T1.tif,82381
GAO20240417t172703p0000-A,2024-04-17T17:27:03+00:00,2024-04-17T18:29:21.024000+00:00,2024-04-17T18:28:10.039483+00:00,LC09_L2SP_041036_20240417_20240418_02_T1,../carbonmapper_data_s2_l2a/GAO20240417t172703p0000-A/s2_20240417T182921Z.tif,../carbonmapper_data_l89_l2sp/GAO20240417t172703p0000-A/l8_LC09_L2SP_041036_20240417_20240418_02_T1.tif,3738
GAO20240417t172703p0000-B,2024-04-17T17:27:03+00:00,2024-04-17T18:29:21.024000+00:00,2024-04-16T18:34:01.483595+00:00,LC08_L2SP_042036_20240416_20240423_02_T1,../carbonmapper_data_s2_l2a/GAO20240417t172703p0000-B/s2_20240417T182921Z.tif,../carbonmapper_data_l89_l2sp/GAO20240417t172703p0000-B/l8_LC08_L2SP_042036_20240416_20240423_02_T1.tif,82381
GAO20240417t172703p0000-B,2024-04-17T17:27:03+00:00,2024-04-17T18:29:21.024000+00:00,2024-04-17T18:28:10.039483+00:00,LC09_L2SP_041036_20240417_20240418_02_T1,../carbonmapper_data_s2_l2a/GAO20240417t172703p0000-B/s2_20240417T182921Z.tif,../carbonmapper_data_l89_l2sp/GAO20240417t172703p0000-B/l8_LC09_L2SP_041036_20240417_20240418_02_T1.tif,3738
GAO20240417t173333p0000-B,2024-04-17T17:33:33+00:00,2024-04-17T18:29:21.024000+00:00,2024-04-17T18:28:10.039483+00:00,LC09_L2SP_041036_20240417_20240418_02_T1,../carbonmapper_data_s2_l2a/GAO20240417t173333p0000-B/s2_20240417T182921Z.tif,../carbonmapper_data_l89_l2sp/GAO20240417t173333p0000-B/l8_LC09_L2SP_041036_20240417_20240418_02_T1.tif,3348
GAO20240417t173333p0000-D,2024-04-17T17:33:33+00:00,2024-04-17T18:29:21.024000+00:00,2024-04-17T18:28:10.039483+00:00,LC09_L2SP_041036_20240417_20240418_02_T1,../carbonmapper_data_s2_l2a/GAO20240417t173333p0000-D/s2_20240417T182921Z.tif,../carbonmapper_data_l89_l2sp/GAO20240417t173333p0000-D/l8_LC09_L2SP_041036_20240417_20240418_02_T1.tif,3348
GAO20240417t173333p0000-E,2024-04-17T17:33:33+00:00,2024-04-17T18:29:21.024000+00:00,2024-04-17T18:28:10.039483+00:00,LC09_L2SP_041036_20240417_20240418_02_T1,../carbonmapper_data_s2_l2a/GAO20240417t173333p0000-E/s2_20240417T182921Z.tif,../carbonmapper_data_l89_l2sp/GAO20240417t173333p0000-E/l8_LC09_L2SP_041036_20240417_20240418_02_T1.tif,3348
GAO20240417t173333p0000-F,2024-04-17T17:33:33+00:00,2024-04-17T18:29:21.024000+00:00,2024-04-17T18:28:10.039483+00:00,LC09_L2SP_041036_20240417_20240418_02_T1,../carbonmapper_data_s2_l2a/GAO20240417t173333p0000-F/s2_20240417T182921Z.tif,../carbonmapper_data_l89_l2sp/GAO20240417t173333p0000-F/l8_LC09_L2SP_041036_20240417_20240418_02_T1.tif,3348
GAO20240417t173333p0000-G,2024-04-17T17:33:33+00:00,2024-04-17T18:29:21.024000+00:00,2024-04-17T18:28:10.039483+00:00,LC09_L2SP_041036_20240417_20240418_02_T1,../carbonmapper_data_s2_l2a/GAO20240417t173333p0000-G/s2_20240417T182921Z.tif,../carbonmapper_data_l89_l2sp/GAO20240417t173333p0000-G/l8_LC09_L2SP_041036_20240417_20240418_02_T1.tif,3348
GAO20240417t173333p0000-H,2024-04-17T17:33:33+00:00,2024-04-17T18:29:21.024000+00:00,2024-04-17T18:28:10.039483+00:00,LC09_L2SP_041036_20240417_20240418_02_T1,../carbonmapper_data_s2_l2a/GAO20240417t173333p0000-H/s2_20240417T182921Z.tif,../carbonmapper_data_l89_l2sp/GAO20240417t173333p0000-H/l8_LC09_L2SP_041036_20240417_20240418_02_T1.tif,3348
GAO20240417t173333p0000-I,2024-04-17T17:33:33+00:00,2024-04-17T18:29:21.024000+00:00,2024-04-17T18:28:10.039483+00:00,LC09_L2SP_041036_20240417_20240418_02_T1,../carbonmapper_data_s2_l2a/GAO20240417t173333p0000-I/s2_20240417T182921Z.tif,../carbonmapper_data_l89_l2sp/GAO20240417t173333p0000-I/l8_LC09_L2SP_041036_20240417_20240418_02_T1.tif,3348
GAO20240417t173913p0000-A,2024-04-17T17:39:13+00:00,2024-04-17T18:29:21.024000+00:00,2024-04-17T18:28:10.039483+00:00,LC09_L2SP_041036_20240417_20240418_02_T1,../carbonmapper_data_s2_l2a/GAO20240417t173913p0000-A/s2_20240417T182921Z.tif,../carbonmapper_data_l89_l2sp/GAO20240417t173913p0000-A/l8_LC09_L2SP_041036_20240417_20240418_02_T1.tif,3008
GAO20240417t173913p0000-B,2024-04-17T17:39:13+00:00,2024-04-17T18:29:21.024000+00:00,2024-04-17T18:28:10.039483+00:00,LC09_L2SP_041036_20240417_20240418_02_T1,../carbonmapper_data_s2_l2a/GAO20240417t173913p0000-B/s2_20240417T182921Z.tif,../carbonmapper_data_l89_l2sp/GAO20240417t173913p0000-B/l8_LC09_L2SP_041036_20240417_20240418_02_T1.tif,3008
GAO20240417t173913p0000-D,2024-04-17T17:39:13+00:00,2024-04-17T18:29:21.024000+00:00,2024-04-17T18:28:10.039483+00:00,LC09_L2SP_041036_20240417_20240418_02_T1,../carbonmapper_data_s2_l2a/GAO20240417t173913p0000-D/s2_20240417T182921Z.tif,../carbonmapper_data_l89_l2sp/GAO20240417t173913p0000-D/l8_LC09_L2SP_041036_20240417_20240418_02_T1.tif,3008
GAO20240417t173913p0000-E,2024-04-17T17:39:13+00:00,2024-04-17T18:29:21.024000+00:00,2024-04-17T18:28:10.039483+00:00,LC09_L2SP_041036_20240417_20240418_02_T1,../carbonmapper_data_s2_l2a/GAO20240417t173913p0000-E/s2_20240417T182921Z.tif,../carbonmapper_data_l89_l2sp/GAO20240417t173913p0000-E/l8_LC09_L2SP_041036_20240417_20240418_02_T1.tif,3008
GAO20240417t173913p0000-F,2024-04-17T17:39:13+00:00,2024-04-17T18:29:21.024000+00:00,2024-04-17T18:28:10.039483+00:00,LC09_L2SP_041036_20240417_20240418_02_T1,../carbonmapper_data_s2_l2a/GAO20240417t173913p0000-F/s2_20240417T182921Z.tif,../carbonmapper_data_l89_l2sp/GAO20240417t173913p0000-F/l8_LC09_L2SP_041036_20240417_20240418_02_T1.tif,3008
GAO20240417t173913p0000-G,2024-04-17T17:39:13+00:00,2024-04-17T18:29:21.024000+00:00,2024-04-17T18:28:10.039483+00:00,LC09_L2SP_041036_20240417_20240418_02_T1,../carbonmapper_data_s2_l2a/GAO20240417t173913p0000-G/s2_20240417T182921Z.tif,../carbonmapper_data_l89_l2sp/GAO20240417t173913p0000-G/l8_LC09_L2SP_041036_20240417_20240418_02_T1.tif,3008
GAO20240417t173913p0000-I,2024-04-17T17:39:13+00:00,2024-04-17T18:29:21.024000+00:00,2024-04-17T18:28:10.039483+00:00,LC09_L2SP_041036_20240417_20240418_02_T1,../carbonmapper_data_s2_l2a/GAO20240417t173913p0000-I/s2_20240417T182921Z.tif,../carbonmapper_data_l89_l2sp/GAO20240417t173913p0000-I/l8_LC09_L2SP_041036_20240417_20240418_02_T1.tif,3008
GAO20240417t173913p0000-J,2024-04-17T17:39:13+00:00,2024-04-17T18:29:21.024000+00:00,2024-04-17T18:28:10.039483+00:00,LC09_L2SP_041036_20240417_20240418_02_T1,../carbonmapper_data_s2_l2a/GAO20240417t173913p0000-J/s2_20240417T182921Z.tif,../carbonmapper_data_l89_l2sp/GAO20240417t173913p0000-J/l8_LC09_L2SP_041036_20240417_20240418_02_T1.tif,3008
GAO20240417t174653p0000-A,2024-04-17T17:46:53+00:00,2024-04-17T18:29:21.024000+00:00,2024-04-17T18:28:10.039483+00:00,LC09_L2SP_041036_20240417_20240418_02_T1,../carbonmapper_data_s2_l2a/GAO20240417t174653p0000-A/s2_20240417T182921Z.tif,../carbonmapper_data_l89_l2sp/GAO20240417t174653p0000-A/l8_LC09_L2SP_041036_20240417_20240418_02_T1.tif,2548
GAO20240417t174653p0000-B,2024-04-17T17:46:53+00:00,2024-04-17T18:29:21.024000+00:00,2024-04-17T18:28:10.039483+00:00,LC09_L2SP_041036_20240417_20240418_02_T1,../carbonmapper_data_s2_l2a/GAO20240417t174653p0000-B/s2_20240417T182921Z.tif,../carbonmapper_data_l89_l2sp/GAO20240417t174653p0000-B/l8_LC09_L2SP_041036_20240417_20240418_02_T1.tif,2548
GAO20240417t174653p0000-C,2024-04-17T17:46:53+00:00,2024-04-17T18:29:21.024000+00:00,2024-04-17T18:28:10.039483+00:00,LC09_L2SP_041036_20240417_20240418_02_T1,../carbonmapper_data_s2_l2a/GAO20240417t174653p0000-C/s2_20240417T182921Z.tif,../carbonmapper_data_l89_l2sp/GAO20240417t174653p0000-C/l8_LC09_L2SP_041036_20240417_20240418_02_T1.tif,2548
GAO20240417t174653p0000-D,2024-04-17T17:46:53+00:00,2024-04-17T18:29:21.024000+00:00,2024-04-17T18:28:10.039483+00:00,LC09_L2SP_041036_20240417_20240418_02_T1,../carbonmapper_data_s2_l2a/GAO20240417t174653p0000-D/s2_20240417T182921Z.tif,../carbonmapper_data_l89_l2sp/GAO20240417t174653p0000-D/l8_LC09_L2SP_041036_20240417_20240418_02_T1.tif,2548
GAO20240417t174653p0000-E,2024-04-17T17:46:53+00:00,2024-04-17T18:29:21.024000+00:00,2024-04-17T18:28:10.039483+00:00,LC09_L2SP_041036_20240417_20240418_02_T1,../carbonmapper_data_s2_l2a/GAO20240417t174653p0000-E/s2_20240417T182921Z.tif,../carbonmapper_data_l89_l2sp/GAO20240417t174653p0000-E/l8_LC09_L2SP_041036_20240417_20240418_02_T1.tif,2548
GAO20240417t174653p0000-F,2024-04-17T17:46:53+00:00,2024-04-17T18:29:21.024000+00:00,2024-04-17T18:28:10.039483+00:00,LC09_L2SP_041036_20240417_20240418_02_T1,../carbonmapper_data_s2_l2a/GAO20240417t174653p0000-F/s2_20240417T182921Z.tif,../carbonmapper_data_l89_l2sp/GAO20240417t174653p0000-F/l8_LC09_L2SP_041036_20240417_20240418_02_T1.tif,2548
GAO20240417t174653p0000-G,2024-04-17T17:46:53+00:00,2024-04-17T18:29:21.024000+00:00,2024-04-17T18:28:10.039483+00:00,LC09_L2SP_041036_20240417_20240418_02_T1,../carbonmapper_data_s2_l2a/GAO20240417t174653p0000-G/s2_20240417T182921Z.tif,../carbonmapper_data_l89_l2sp/GAO20240417t174653p0000-G/l8_LC09_L2SP_041036_20240417_20240418_02_T1.tif,2548
GAO20240417t174653p0000-H,2024-04-17T17:46:53+00:00,2024-04-17T18:29:21.024000+00:00,2024-04-17T18:28:10.039483+00:00,LC09_L2SP_041036_20240417_20240418_02_T1,../carbonmapper_data_s2_l2a/GAO20240417t174653p0000-H/s2_20240417T182921Z.tif,../carbonmapper_data_l89_l2sp/GAO20240417t174653p0000-H/l8_LC09_L2SP_041036_20240417_20240418_02_T1.tif,2548
GAO20240513t173253p0000-A,2024-05-13T17:32:53+00:00,2024-05-14T17:28:59.024000+00:00,2024-05-13T17:26:52.546400+00:00,LC09_L2SP_031038_20240513_20240514_02_T1,../carbonmapper_data_s2_l2a/GAO20240513t173253p0000-A/s2_20240514T172859Z.tif,../carbonmapper_data_l89_l2sp/GAO20240513t173253p0000-A/l8_LC09_L2SP_031038_20240513_20240514_02_T1.tif,86166
GAO20240513t174613p0000-A,2024-05-13T17:46:13+00:00,2024-05-14T17:28:59.024000+00:00,2024-05-13T17:26:52.546400+00:00,LC09_L2SP_031038_20240513_20240514_02_T1,../carbonmapper_data_s2_l2a/GAO20240513t174613p0000-A/s2_20240514T172859Z.tif,../carbonmapper_data_l89_l2sp/GAO20240513t174613p0000-A/l8_LC09_L2SP_031038_20240513_20240514_02_T1.tif,85366
GAO20240513t174613p0000-A,2024-05-13T17:46:13+00:00,2024-05-14T17:28:59.024000+00:00,2024-05-13T17:26:52.546400+00:00,LC09_L2SP_031038_20240513_20240514_02_T1,../carbonmapper_data_s2_l2a/GAO20240513t174613p0000-A/s2_20240514T172859Z.tif,../carbonmapper_data_l89_l2sp/GAO20240513t174613p0000-A/l8_LC09_L2SP_031038_20240513_20240514_02_T1.tif,85366
GAO20240513t174613p0000-B,2024-05-13T17:46:13+00:00,2024-05-14T17:28:59.024000+00:00,2024-05-13T17:26:52.546400+00:00,LC09_L2SP_031038_20240513_20240514_02_T1,../carbonmapper_data_s2_l2a/GAO20240513t174613p0000-B/s2_20240514T172859Z.tif,../carbonmapper_data_l89_l2sp/GAO20240513t174613p0000-B/l8_LC09_L2SP_031038_20240513_20240514_02_T1.tif,85366
GAO20240513t174613p0000-B,2024-05-13T17:46:13+00:00,2024-05-14T17:28:59.024000+00:00,2024-05-13T17:26:52.546400+00:00,LC09_L2SP_031038_20240513_20240514_02_T1,../carbonmapper_data_s2_l2a/GAO20240513t174613p0000-B/s2_20240514T172859Z.tif,../carbonmapper_data_l89_l2sp/GAO20240513t174613p0000-B/l8_LC09_L2SP_031038_20240513_20240514_02_T1.tif,85366
GAO20240513t174613p0000-C,2024-05-13T17:46:13+00:00,2024-05-14T17:28:59.024000+00:00,2024-05-13T17:26:52.546400+00:00,LC09_L2SP_031038_20240513_20240514_02_T1,../carbonmapper_data_s2_l2a/GAO20240513t174613p0000-C/s2_20240514T172859Z.tif,../carbonmapper_data_l89_l2sp/GAO20240513t174613p0000-C/l8_LC09_L2SP_031038_20240513_20240514_02_T1.tif,85366
GAO20240513t174613p0000-C,2024-05-13T17:46:13+00:00,2024-05-14T17:28:59.024000+00:00,2024-05-13T17:26:52.546400+00:00,LC09_L2SP_031038_20240513_20240514_02_T1,../carbonmapper_data_s2_l2a/GAO20240513t174613p0000-C/s2_20240514T172859Z.tif,../carbonmapper_data_l89_l2sp/GAO20240513t174613p0000-C/l8_LC09_L2SP_031038_20240513_20240514_02_T1.tif,85366
GAO20240513t174613p0000-D,2024-05-13T17:46:13+00:00,2024-05-14T17:28:59.024000+00:00,2024-05-13T17:26:52.546400+00:00,LC09_L2SP_031038_20240513_20240514_02_T1,../carbonmapper_data_s2_l2a/GAO20240513t174613p0000-D/s2_20240514T172859Z.tif,../carbonmapper_data_l89_l2sp/GAO20240513t174613p0000-D/l8_LC09_L2SP_031038_20240513_20240514_02_T1.tif,85366
GAO20240513t174613p0000-D,2024-05-13T17:46:13+00:00,2024-05-14T17:28:59.024000+00:00,2024-05-13T17:26:52.546400+00:00,LC09_L2SP_031038_20240513_20240514_02_T1,../carbonmapper_data_s2_l2a/GAO20240513t174613p0000-D/s2_20240514T172859Z.tif,../carbonmapper_data_l89_l2sp/GAO20240513t174613p0000-D/l8_LC09_L2SP_031038_20240513_20240514_02_T1.tif,85366
GAO20240513t174613p0000-F,2024-05-13T17:46:13+00:00,2024-05-14T17:28:59.024000+00:00,2024-05-13T17:26:52.546400+00:00,LC09_L2SP_031038_20240513_20240514_02_T1,../carbonmapper_data_s2_l2a/GAO20240513t174613p0000-F/s2_20240514T172859Z.tif,../carbonmapper_data_l89_l2sp/GAO20240513t174613p0000-F/l8_LC09_L2SP_031038_20240513_20240514_02_T1.tif,85366
GAO20240513t174613p0000-F,2024-05-13T17:46:13+00:00,2024-05-14T17:28:59.024000+00:00,2024-05-13T17:26:52.546400+00:00,LC09_L2SP_031038_20240513_20240514_02_T1,../carbonmapper_data_s2_l2a/GAO20240513t174613p0000-F/s2_20240514T172859Z.tif,../carbonmapper_data_l89_l2sp/GAO20240513t174613p0000-F/l8_LC09_L2SP_031038_20240513_20240514_02_T1.tif,85366
GAO20240513t175458p0000-B,2024-05-13T17:54:58+00:00,2024-05-14T17:28:59.024000+00:00,2024-05-13T17:26:52.546400+00:00,LC09_L2SP_031038_20240513_20240514_02_T1,../carbonmapper_data_s2_l2a/GAO20240513t175458p0000-B/s2_20240514T172859Z.tif,../carbonmapper_data_l89_l2sp/GAO20240513t175458p0000-B/l8_LC09_L2SP_031038_20240513_20240514_02_T1.tif,84841
GAO20240513t175458p0000-B,2024-05-13T17:54:58+00:00,2024-05-14T17:28:59.024000+00:00,2024-05-13T17:26:52.546400+00:00,LC09_L2SP_031038_20240513_20240514_02_T1,../carbonmapper_data_s2_l2a/GAO20240513t175458p0000-B/s2_20240514T172859Z.tif,../carbonmapper_data_l89_l2sp/GAO20240513t175458p0000-B/l8_LC09_L2SP_031038_20240513_20240514_02_T1.tif,84841
GAO20240513t175458p0000-C,2024-05-13T17:54:58+00:00,2024-05-14T17:28:59.024000+00:00,2024-05-13T17:26:52.546400+00:00,LC09_L2SP_031038_20240513_20240514_02_T1,../carbonmapper_data_s2_l2a/GAO20240513t175458p0000-C/s2_20240514T172859Z.tif,../carbonmapper_data_l89_l2sp/GAO20240513t175458p0000-C/l8_LC09_L2SP_031038_20240513_20240514_02_T1.tif,84841
GAO20240513t175458p0000-C,2024-05-13T17:54:58+00:00,2024-05-14T17:28:59.024000+00:00,2024-05-13T17:26:52.546400+00:00,LC09_L2SP_031038_20240513_20240514_02_T1,../carbonmapper_data_s2_l2a/GAO20240513t175458p0000-C/s2_20240514T172859Z.tif,../carbonmapper_data_l89_l2sp/GAO20240513t175458p0000-C/l8_LC09_L2SP_031038_20240513_20240514_02_T1.tif,84841
GAO20240513t175458p0000-D,2024-05-13T17:54:58+00:00,2024-05-14T17:28:59.024000+00:00,2024-05-13T17:26:52.546400+00:00,LC09_L2SP_031038_20240513_20240514_02_T1,../carbonmapper_data_s2_l2a/GAO20240513t175458p0000-D/s2_20240514T172859Z.tif,../carbonmapper_data_l89_l2sp/GAO20240513t175458p0000-D/l8_LC09_L2SP_031038_20240513_20240514_02_T1.tif,84841
GAO20240513t175458p0000-D,2024-05-13T17:54:58+00:00,2024-05-14T17:28:59.024000+00:00,2024-05-13T17:26:52.546400+00:00,LC09_L2SP_031038_20240513_20240514_02_T1,../carbonmapper_data_s2_l2a/GAO20240513t175458p0000-D/s2_20240514T172859Z.tif,../carbonmapper_data_l89_l2sp/GAO20240513t175458p0000-D/l8_LC09_L2SP_031038_20240513_20240514_02_T1.tif,84841
GAO20240513t175458p0000-E,2024-05-13T17:54:58+00:00,2024-05-14T17:28:59.024000+00:00,2024-05-13T17:26:52.546400+00:00,LC09_L2SP_031038_20240513_20240514_02_T1,../carbonmapper_data_s2_l2a/GAO20240513t175458p0000-E/s2_20240514T172859Z.tif,../carbonmapper_data_l89_l2sp/GAO20240513t175458p0000-E/l8_LC09_L2SP_031038_20240513_20240514_02_T1.tif,84841
GAO20240513t175458p0000-E,2024-05-13T17:54:58+00:00,2024-05-14T17:28:59.024000+00:00,2024-05-13T17:26:52.546400+00:00,LC09_L2SP_031038_20240513_20240514_02_T1,../carbonmapper_data_s2_l2a/GAO20240513t175458p0000-E/s2_20240514T172859Z.tif,../carbonmapper_data_l89_l2sp/GAO20240513t175458p0000-E/l8_LC09_L2SP_031038_20240513_20240514_02_T1.tif,84841
GAO20240513t175458p0000-G,2024-05-13T17:54:58+00:00,2024-05-14T17:28:59.024000+00:00,2024-05-13T17:26:52.546400+00:00,LC09_L2SP_031038_20240513_20240514_02_T1,../carbonmapper_data_s2_l2a/GAO20240513t175458p0000-G/s2_20240514T172859Z.tif,../carbonmapper_data_l89_l2sp/GAO20240513t175458p0000-G/l8_LC09_L2SP_031038_20240513_20240514_02_T1.tif,84841
GAO20240513t175458p0000-G,2024-05-13T17:54:58+00:00,2024-05-14T17:28:59.024000+00:00,2024-05-13T17:26:52.546400+00:00,LC09_L2SP_031038_20240513_20240514_02_T1,../carbonmapper_data_s2_l2a/GAO20240513t175458p0000-G/s2_20240514T172859Z.tif,../carbonmapper_data_l89_l2sp/GAO20240513t175458p0000-G/l8_LC09_L2SP_031038_20240513_20240514_02_T1.tif,84841
GAO20240513t175458p0000-H,2024-05-13T17:54:58+00:00,2024-05-14T17:28:59.024000+00:00,2024-05-13T17:26:52.546400+00:00,LC09_L2SP_031038_20240513_20240514_02_T1,../carbonmapper_data_s2_l2a/GAO20240513t175458p0000-H/s2_20240514T172859Z.tif,../carbonmapper_data_l89_l2sp/GAO20240513t175458p0000-H/l8_LC09_L2SP_031038_20240513_20240514_02_T1.tif,84841
GAO20240513t175458p0000-H,2024-05-13T17:54:58+00:00,2024-05-14T17:28:59.024000+00:00,2024-05-13T17:26:52.546400+00:00,LC09_L2SP_031038_20240513_20240514_02_T1,../carbonmapper_data_s2_l2a/GAO20240513t175458p0000-H/s2_20240514T172859Z.tif,../carbonmapper_data_l89_l2sp/GAO20240513t175458p0000-H/l8_LC09_L2SP_031038_20240513_20240514_02_T1.tif,84841
GAO20240513t175458p0000-J,2024-05-13T17:54:58+00:00,2024-05-14T17:28:59.024000+00:00,2024-05-13T17:26:52.546400+00:00,LC09_L2SP_031038_20240513_20240514_02_T1,../carbonmapper_data_s2_l2a/GAO20240513t175458p0000-J/s2_20240514T172859Z.tif,../carbonmapper_data_l89_l2sp/GAO20240513t175458p0000-J/l8_LC09_L2SP_031038_20240513_20240514_02_T1.tif,84841
GAO20240513t175458p0000-J,2024-05-13T17:54:58+00:00,2024-05-14T17:28:59.024000+00:00,2024-05-13T17:26:52.546400+00:00,LC09_L2SP_031038_20240513_20240514_02_T1,../carbonmapper_data_s2_l2a/GAO20240513t175458p0000-J/s2_20240514T172859Z.tif,../carbonmapper_data_l89_l2sp/GAO20240513t175458p0000-J/l8_LC09_L2SP_031038_20240513_20240514_02_T1.tif,84841
GAO20240513t180403p0000-A,2024-05-13T18:04:03+00:00,2024-05-14T17:28:59.024000+00:00,2024-05-13T17:26:52.546400+00:00,LC09_L2SP_031038_20240513_20240514_02_T1,../carbonmapper_data_s2_l2a/GAO20240513t180403p0000-A/s2_20240514T172859Z.tif,../carbonmapper_data_l89_l2sp/GAO20240513t180403p0000-A/l8_LC09_L2SP_031038_20240513_20240514_02_T1.tif,84296
GAO20240513t180403p0000-A,2024-05-13T18:04:03+00:00,2024-05-14T17:28:59.024000+00:00,2024-05-13T17:26:52.546400+00:00,LC09_L2SP_031038_20240513_20240514_02_T1,../carbonmapper_data_s2_l2a/GAO20240513t180403p0000-A/s2_20240514T172859Z.tif,../carbonmapper_data_l89_l2sp/GAO20240513t180403p0000-A/l8_LC09_L2SP_031038_20240513_20240514_02_T1.tif,84296
GAO20240513t180403p0000-B,2024-05-13T18:04:03+00:00,2024-05-14T17:28:59.024000+00:00,2024-05-13T17:26:52.546400+00:00,LC09_L2SP_031038_20240513_20240514_02_T1,../carbonmapper_data_s2_l2a/GAO20240513t180403p0000-B/s2_20240514T172859Z.tif,../carbonmapper_data_l89_l2sp/GAO20240513t180403p0000-B/l8_LC09_L2SP_031038_20240513_20240514_02_T1.tif,84296
GAO20240513t180403p0000-B,2024-05-13T18:04:03+00:00,2024-05-14T17:28:59.024000+00:00,2024-05-13T17:26:52.546400+00:00,LC09_L2SP_031038_20240513_20240514_02_T1,../carbonmapper_data_s2_l2a/GAO20240513t180403p0000-B/s2_20240514T172859Z.tif,../carbonmapper_data_l89_l2sp/GAO20240513t180403p0000-B/l8_LC09_L2SP_031038_20240513_20240514_02_T1.tif,84296
GAO20240513t180403p0000-C,2024-05-13T18:04:03+00:00,2024-05-14T17:28:59.024000+00:00,2024-05-13T17:26:52.546400+00:00,LC09_L2SP_031038_20240513_20240514_02_T1,../carbonmapper_data_s2_l2a/GAO20240513t180403p0000-C/s2_20240514T172859Z.tif,../carbonmapper_data_l89_l2sp/GAO20240513t180403p0000-C/l8_LC09_L2SP_031038_20240513_20240514_02_T1.tif,84296
GAO20240513t180403p0000-C,2024-05-13T18:04:03+00:00,2024-05-14T17:28:59.024000+00:00,2024-05-13T17:26:52.546400+00:00,LC09_L2SP_031038_20240513_20240514_02_T1,../carbonmapper_data_s2_l2a/GAO20240513t180403p0000-C/s2_20240514T172859Z.tif,../carbonmapper_data_l89_l2sp/GAO20240513t180403p0000-C/l8_LC09_L2SP_031038_20240513_20240514_02_T1.tif,84296
GAO20240513t180403p0000-D,2024-05-13T18:04:03+00:00,2024-05-14T17:28:59.024000+00:00,2024-05-13T17:26:52.546400+00:00,LC09_L2SP_031038_20240513_20240514_02_T1,../carbonmapper_data_s2_l2a/GAO20240513t180403p0000-D/s2_20240514T172859Z.tif,../carbonmapper_data_l89_l2sp/GAO20240513t180403p0000-D/l8_LC09_L2SP_031038_20240513_20240514_02_T1.tif,84296
GAO20240513t180403p0000-E,2024-05-13T18:04:03+00:00,2024-05-14T17:28:59.024000+00:00,2024-05-13T17:26:52.546400+00:00,LC09_L2SP_031038_20240513_20240514_02_T1,../carbonmapper_data_s2_l2a/GAO20240513t180403p0000-E/s2_20240514T172859Z.tif,../carbonmapper_data_l89_l2sp/GAO20240513t180403p0000-E/l8_LC09_L2SP_031038_20240513_20240514_02_T1.tif,84296
GAO20240513t180403p0000-F,2024-05-13T18:04:03+00:00,2024-05-14T17:28:59.024000+00:00,2024-05-13T17:26:52.546400+00:00,LC09_L2SP_031038_20240513_20240514_02_T1,../carbonmapper_data_s2_l2a/GAO20240513t180403p0000-F/s2_20240514T172859Z.tif,../carbonmapper_data_l89_l2sp/GAO20240513t180403p0000-F/l8_LC09_L2SP_031038_20240513_20240514_02_T1.tif,84296
GAO20240513t180403p0000-F,2024-05-13T18:04:03+00:00,2024-05-14T17:28:59.024000+00:00,2024-05-13T17:26:52.546400+00:00,LC09_L2SP_031038_20240513_20240514_02_T1,../carbonmapper_data_s2_l2a/GAO20240513t180403p0000-F/s2_20240514T172859Z.tif,../carbonmapper_data_l89_l2sp/GAO20240513t180403p0000-F/l8_LC09_L2SP_031038_20240513_20240514_02_T1.tif,84296
GAO20240513t180403p0000-G,2024-05-13T18:04:03+00:00,2024-05-14T17:28:59.024000+00:00,2024-05-13T17:26:52.546400+00:00,LC09_L2SP_031038_20240513_20240514_02_T1,../carbonmapper_data_s2_l2a/GAO20240513t180403p0000-G/s2_20240514T172859Z.tif,../carbonmapper_data_l89_l2sp/GAO20240513t180403p0000-G/l8_LC09_L2SP_031038_20240513_20240514_02_T1.tif,84296
GAO20240513t180403p0000-G,2024-05-13T18:04:03+00:00,2024-05-14T17:28:59.024000+00:00,2024-05-13T17:26:52.546400+00:00,LC09_L2SP_031038_20240513_20240514_02_T1,../carbonmapper_data_s2_l2a/GAO20240513t180403p0000-G/s2_20240514T172859Z.tif,../carbonmapper_data_l89_l2sp/GAO20240513t180403p0000-G/l8_LC09_L2SP_031038_20240513_20240514_02_T1.tif,84296
GAO20240513t180403p0000-H,2024-05-13T18:04:03+00:00,2024-05-14T17:28:59.024000+00:00,2024-05-13T17:26:52.546400+00:00,LC09_L2SP_031038_20240513_20240514_02_T1,../carbonmapper_data_s2_l2a/GAO20240513t180403p0000-H/s2_20240514T172859Z.tif,../carbonmapper_data_l89_l2sp/GAO20240513t180403p0000-H/l8_LC09_L2SP_031038_20240513_20240514_02_T1.tif,84296
GAO20240513t180403p0000-I,2024-05-13T18:04:03+00:00,2024-05-14T17:28:59.024000+00:00,2024-05-13T17:26:52.546400+00:00,LC09_L2SP_031038_20240513_20240514_02_T1,../carbonmapper_data_s2_l2a/GAO20240513t180403p0000-I/s2_20240514T172859Z.tif,../carbonmapper_data_l89_l2sp/GAO20240513t180403p0000-I/l8_LC09_L2SP_031038_20240513_20240514_02_T1.tif,84296
GAO20240513t181158p0000-A,2024-05-13T18:11:58+00:00,2024-05-14T17:28:59.024000+00:00,2024-05-13T17:26:52.546400+00:00,LC09_L2SP_031038_20240513_20240514_02_T1,../carbonmapper_data_s2_l2a/GAO20240513t181158p0000-A/s2_20240514T172859Z.tif,../carbonmapper_data_l89_l2sp/GAO20240513t181158p0000-A/l8_LC09_L2SP_031038_20240513_20240514_02_T1.tif,83821
GAO20240513t181158p0000-C,2024-05-13T18:11:58+00:00,2024-05-14T17:28:59.024000+00:00,2024-05-13T17:26:52.546400+00:00,LC09_L2SP_031038_20240513_20240514_02_T1,../carbonmapper_data_s2_l2a/GAO20240513t181158p0000-C/s2_20240514T172859Z.tif,../carbonmapper_data_l89_l2sp/GAO20240513t181158p0000-C/l8_LC09_L2SP_031038_20240513_20240514_02_T1.tif,83821
GAO20240513t181158p0000-D,2024-05-13T18:11:58+00:00,2024-05-14T17:28:59.024000+00:00,2024-05-13T17:26:52.546400+00:00,LC09_L2SP_031038_20240513_20240514_02_T1,../carbonmapper_data_s2_l2a/GAO20240513t181158p0000-D/s2_20240514T172859Z.tif,../carbonmapper_data_l89_l2sp/GAO20240513t181158p0000-D/l8_LC09_L2SP_031038_20240513_20240514_02_T1.tif,83821
GAO20240513t181158p0000-F,2024-05-13T18:11:58+00:00,2024-05-14T17:28:59.024000+00:00,2024-05-13T17:26:52.546400+00:00,LC09_L2SP_031038_20240513_20240514_02_T1,../carbonmapper_data_s2_l2a/GAO20240513t181158p0000-F/s2_20240514T172859Z.tif,../carbonmapper_data_l89_l2sp/GAO20240513t181158p0000-F/l8_LC09_L2SP_031038_20240513_20240514_02_T1.tif,83821
GAO20240513t181158p0000-G,2024-05-13T18:11:58+00:00,2024-05-14T17:28:59.024000+00:00,2024-05-13T17:26:52.546400+00:00,LC09_L2SP_031038_20240513_20240514_02_T1,../carbonmapper_data_s2_l2a/GAO20240513t181158p0000-G/s2_20240514T172859Z.tif,../carbonmapper_data_l89_l2sp/GAO20240513t181158p0000-G/l8_LC09_L2SP_031038_20240513_20240514_02_T1.tif,83821
GAO20240513t181158p0000-H,2024-05-13T18:11:58+00:00,2024-05-14T17:28:59.024000+00:00,2024-05-13T17:26:52.546400+00:00,LC09_L2SP_031038_20240513_20240514_02_T1,../carbonmapper_data_s2_l2a/GAO20240513t181158p0000-H/s2_20240514T172859Z.tif,../carbonmapper_data_l89_l2sp/GAO20240513t181158p0000-H/l8_LC09_L2SP_031038_20240513_20240514_02_T1.tif,83821
GAO20240513t181158p0000-I,2024-05-13T18:11:58+00:00,2024-05-14T17:28:59.024000+00:00,2024-05-13T17:26:52.546400+00:00,LC09_L2SP_031038_20240513_20240514_02_T1,../carbonmapper_data_s2_l2a/GAO20240513t181158p0000-I/s2_20240514T172859Z.tif,../carbonmapper_data_l89_l2sp/GAO20240513t181158p0000-I/l8_LC09_L2SP_031038_20240513_20240514_02_T1.tif,83821
GAO20240513t181158p0000-J,2024-05-13T18:11:58+00:00,2024-05-14T17:28:59.024000+00:00,2024-05-13T17:26:52.546400+00:00,LC09_L2SP_031038_20240513_20240514_02_T1,../carbonmapper_data_s2_l2a/GAO20240513t181158p0000-J/s2_20240514T172859Z.tif,../carbonmapper_data_l89_l2sp/GAO20240513t181158p0000-J/l8_LC09_L2SP_031038_20240513_20240514_02_T1.tif,83821
GAO20240513t181158p0000-K,2024-05-13T18:11:58+00:00,2024-05-14T17:28:59.024000+00:00,2024-05-13T17:26:52.546400+00:00,LC09_L2SP_031038_20240513_20240514_02_T1,../carbonmapper_data_s2_l2a/GAO20240513t181158p0000-K/s2_20240514T172859Z.tif,../carbonmapper_data_l89_l2sp/GAO20240513t181158p0000-K/l8_LC09_L2SP_031038_20240513_20240514_02_T1.tif,83821
GAO20240513t181158p0000-L,2024-05-13T18:11:58+00:00,2024-05-14T17:28:59.024000+00:00,2024-05-13T17:26:52.546400+00:00,LC09_L2SP_031038_20240513_20240514_02_T1,../carbonmapper_data_s2_l2a/GAO20240513t181158p0000-L/s2_20240514T172859Z.tif,../carbonmapper_data_l89_l2sp/GAO20240513t181158p0000-L/l8_LC09_L2SP_031038_20240513_20240514_02_T1.tif,83821
GAO20240513t182140p0000-A,2024-05-13T18:21:40+00:00,2024-05-14T17:28:59.024000+00:00,2024-05-13T17:26:52.546400+00:00,LC09_L2SP_031038_20240513_20240514_02_T1,../carbonmapper_data_s2_l2a/GAO20240513t182140p0000-A/s2_20240514T172859Z.tif,../carbonmapper_data_l89_l2sp/GAO20240513t182140p0000-A/l8_LC09_L2SP_031038_20240513_20240514_02_T1.tif,83239
GAO20240513t182140p0000-B,2024-05-13T18:21:40+00:00,2024-05-14T17:28:59.024000+00:00,2024-05-13T17:26:52.546400+00:00,LC09_L2SP_031038_20240513_20240514_02_T1,../carbonmapper_data_s2_l2a/GAO20240513t182140p0000-B/s2_20240514T172859Z.tif,../carbonmapper_data_l89_l2sp/GAO20240513t182140p0000-B/l8_LC09_L2SP_031038_20240513_20240514_02_T1.tif,83239
GAO20240513t182140p0000-C,2024-05-13T18:21:40+00:00,2024-05-14T17:28:59.024000+00:00,2024-05-13T17:26:52.546400+00:00,LC09_L2SP_031038_20240513_20240514_02_T1,../carbonmapper_data_s2_l2a/GAO20240513t182140p0000-C/s2_20240514T172859Z.tif,../carbonmapper_data_l89_l2sp/GAO20240513t182140p0000-C/l8_LC09_L2SP_031038_20240513_20240514_02_T1.tif,83239
GAO20240513t182140p0000-D,2024-05-13T18:21:40+00:00,2024-05-14T17:28:59.024000+00:00,2024-05-13T17:26:52.546400+00:00,LC09_L2SP_031038_20240513_20240514_02_T1,../carbonmapper_data_s2_l2a/GAO20240513t182140p0000-D/s2_20240514T172859Z.tif,../carbonmapper_data_l89_l2sp/GAO20240513t182140p0000-D/l8_LC09_L2SP_031038_20240513_20240514_02_T1.tif,83239
GAO20240513t182140p0000-E,2024-05-13T18:21:40+00:00,2024-05-14T17:28:59.024000+00:00,2024-05-13T17:26:52.546400+00:00,LC09_L2SP_031038_20240513_20240514_02_T1,../carbonmapper_data_s2_l2a/GAO20240513t182140p0000-E/s2_20240514T172859Z.tif,../carbonmapper_data_l89_l2sp/GAO20240513t182140p0000-E/l8_LC09_L2SP_031038_20240513_20240514_02_T1.tif,83239
GAO20240513t182140p0000-F,2024-05-13T18:21:40+00:00,2024-05-14T17:28:59.024000+00:00,2024-05-13T17:26:52.546400+00:00,LC09_L2SP_031038_20240513_20240514_02_T1,../carbonmapper_data_s2_l2a/GAO20240513t182140p0000-F/s2_20240514T172859Z.tif,../carbonmapper_data_l89_l2sp/GAO20240513t182140p0000-F/l8_LC09_L2SP_031038_20240513_20240514_02_T1.tif,83239
GAO20240513t182140p0000-I,2024-05-13T18:21:40+00:00,2024-05-14T17:28:59.024000+00:00,2024-05-13T17:26:52.546400+00:00,LC09_L2SP_031038_20240513_20240514_02_T1,../carbonmapper_data_s2_l2a/GAO20240513t182140p0000-I/s2_20240514T172859Z.tif,../carbonmapper_data_l89_l2sp/GAO20240513t182140p0000-I/l8_LC09_L2SP_031038_20240513_20240514_02_T1.tif,83239
GAO20240513t182140p0000-J,2024-05-13T18:21:40+00:00,2024-05-14T17:28:59.024000+00:00,2024-05-13T17:26:52.546400+00:00,LC09_L2SP_031038_20240513_20240514_02_T1,../carbonmapper_data_s2_l2a/GAO20240513t182140p0000-J/s2_20240514T172859Z.tif,../carbonmapper_data_l89_l2sp/GAO20240513t182140p0000-J/l8_LC09_L2SP_031038_20240513_20240514_02_T1.tif,83239
GAO20240513t182140p0000-K,2024-05-13T18:21:40+00:00,2024-05-14T17:28:59.024000+00:00,2024-05-13T17:26:52.546400+00:00,LC09_L2SP_031038_20240513_20240514_02_T1,../carbonmapper_data_s2_l2a/GAO20240513t182140p0000-K/s2_20240514T172859Z.tif,../carbonmapper_data_l89_l2sp/GAO20240513t182140p0000-K/l8_LC09_L2SP_031038_20240513_20240514_02_T1.tif,83239
GAO20240514t152310p0000-C,2024-05-14T15:23:10+00:00,2024-05-14T17:28:59.024000+00:00,2024-05-13T17:26:52.546400+00:00,LC09_L2SP_031038_20240513_20240514_02_T1,../carbonmapper_data_s2_l2a/GAO20240514t152310p0000-C/s2_20240514T172859Z.tif,../carbonmapper_data_l89_l2sp/GAO20240514t152310p0000-C/l8_LC09_L2SP_031038_20240513_20240514_02_T1.tif,78977
GAO20240514t152310p0000-D,2024-05-14T15:23:10+00:00,2024-05-14T17:28:59.024000+00:00,2024-05-13T17:26:52.546400+00:00,LC09_L2SP_031038_20240513_20240514_02_T1,../carbonmapper_data_s2_l2a/GAO20240514t152310p0000-D/s2_20240514T172859Z.tif,../carbonmapper_data_l89_l2sp/GAO20240514t152310p0000-D/l8_LC09_L2SP_031038_20240513_20240514_02_T1.tif,78977
GAO20240514t152310p0000-E,2024-05-14T15:23:10+00:00,2024-05-14T17:28:59.024000+00:00,2024-05-13T17:26:52.546400+00:00,LC09_L2SP_031038_20240513_20240514_02_T1,../carbonmapper_data_s2_l2a/GAO20240514t152310p0000-E/s2_20240514T172859Z.tif,../carbonmapper_data_l89_l2sp/GAO20240514t152310p0000-E/l8_LC09_L2SP_031038_20240513_20240514_02_T1.tif,78977
GAO20240514t152310p0000-F,2024-05-14T15:23:10+00:00,2024-05-14T17:28:59.024000+00:00,2024-05-13T17:26:52.546400+00:00,LC09_L2SP_031038_20240513_20240514_02_T1,../carbonmapper_data_s2_l2a/GAO20240514t152310p0000-F/s2_20240514T172859Z.tif,../carbonmapper_data_l89_l2sp/GAO20240514t152310p0000-F/l8_LC09_L2SP_031038_20240513_20240514_02_T1.tif,78977
GAO20240514t152310p0000-G,2024-05-14T15:23:10+00:00,2024-05-14T17:28:59.024000+00:00,2024-05-13T17:26:52.546400+00:00,LC09_L2SP_031038_20240513_20240514_02_T1,../carbonmapper_data_s2_l2a/GAO20240514t152310p0000-G/s2_20240514T172859Z.tif,../carbonmapper_data_l89_l2sp/GAO20240514t152310p0000-G/l8_LC09_L2SP_031038_20240513_20240514_02_T1.tif,78977
GAO20240514t152310p0000-H,2024-05-14T15:23:10+00:00,2024-05-14T17:28:59.024000+00:00,2024-05-13T17:26:52.546400+00:00,LC09_L2SP_031038_20240513_20240514_02_T1,../carbonmapper_data_s2_l2a/GAO20240514t152310p0000-H/s2_20240514T172859Z.tif,../carbonmapper_data_l89_l2sp/GAO20240514t152310p0000-H/l8_LC09_L2SP_031038_20240513_20240514_02_T1.tif,78977
GAO20240514t152310p0000-K,2024-05-14T15:23:10+00:00,2024-05-14T17:28:59.024000+00:00,2024-05-13T17:26:52.546400+00:00,LC09_L2SP_031038_20240513_20240514_02_T1,../carbonmapper_data_s2_l2a/GAO20240514t152310p0000-K/s2_20240514T172859Z.tif,../carbonmapper_data_l89_l2sp/GAO20240514t152310p0000-K/l8_LC09_L2SP_031038_20240513_20240514_02_T1.tif,78977
GAO20240514t152310p0000-M,2024-05-14T15:23:10+00:00,2024-05-14T17:28:59.024000+00:00,2024-05-13T17:26:52.546400+00:00,LC09_L2SP_031038_20240513_20240514_02_T1,../carbonmapper_data_s2_l2a/GAO20240514t152310p0000-M/s2_20240514T172859Z.tif,../carbonmapper_data_l89_l2sp/GAO20240514t152310p0000-M/l8_LC09_L2SP_031038_20240513_20240514_02_T1.tif,78977
GAO20240514t152310p0000-N,2024-05-14T15:23:10+00:00,2024-05-14T17:28:59.024000+00:00,2024-05-13T17:26:52.546400+00:00,LC09_L2SP_031038_20240513_20240514_02_T1,../carbonmapper_data_s2_l2a/GAO20240514t152310p0000-N/s2_20240514T172859Z.tif,../carbonmapper_data_l89_l2sp/GAO20240514t152310p0000-N/l8_LC09_L2SP_031038_20240513_20240514_02_T1.tif,78977
GAO20240514t152310p0000-O,2024-05-14T15:23:10+00:00,2024-05-14T17:28:59.024000+00:00,2024-05-13T17:26:52.546400+00:00,LC09_L2SP_031038_20240513_20240514_02_T1,../carbonmapper_data_s2_l2a/GAO20240514t152310p0000-O/s2_20240514T172859Z.tif,../carbonmapper_data_l89_l2sp/GAO20240514t152310p0000-O/l8_LC09_L2SP_031038_20240513_20240514_02_T1.tif,78977
GAO20240514t152310p0000-P,2024-05-14T15:23:10+00:00,2024-05-14T17:28:59.024000+00:00,2024-05-13T17:26:52.546400+00:00,LC09_L2SP_031038_20240513_20240514_02_T1,../carbonmapper_data_s2_l2a/GAO20240514t152310p0000-P/s2_20240514T172859Z.tif,../carbonmapper_data_l89_l2sp/GAO20240514t152310p0000-P/l8_LC09_L2SP_031038_20240513_20240514_02_T1.tif,78977
GAO20240514t152310p0000-R,2024-05-14T15:23:10+00:00,2024-05-14T17:28:59.024000+00:00,2024-05-13T17:26:52.546400+00:00,LC09_L2SP_031038_20240513_20240514_02_T1,../carbonmapper_data_s2_l2a/GAO20240514t152310p0000-R/s2_20240514T172859Z.tif,../carbonmapper_data_l89_l2sp/GAO20240514t152310p0000-R/l8_LC09_L2SP_031038_20240513_20240514_02_T1.tif,78977
GAO20240514t152310p0000-S,2024-05-14T15:23:10+00:00,2024-05-14T17:28:59.024000+00:00,2024-05-13T17:26:52.546400+00:00,LC09_L2SP_031038_20240513_20240514_02_T1,../carbonmapper_data_s2_l2a/GAO20240514t152310p0000-S/s2_20240514T172859Z.tif,../carbonmapper_data_l89_l2sp/GAO20240514t152310p0000-S/l8_LC09_L2SP_031038_20240513_20240514_02_T1.tif,78977
GAO20240514t153110p0000-A,2024-05-14T15:31:10+00:00,2024-05-14T17:28:59.024000+00:00,2024-05-13T17:26:52.546400+00:00,LC09_L2SP_031038_20240513_20240514_02_T1,../carbonmapper_data_s2_l2a/GAO20240514t153110p0000-A/s2_20240514T172859Z.tif,../carbonmapper_data_l89_l2sp/GAO20240514t153110p0000-A/l8_LC09_L2SP_031038_20240513_20240514_02_T1.tif,79457
GAO20240514t153110p0000-C,2024-05-14T15:31:10+00:00,2024-05-14T17:28:59.024000+00:00,2024-05-13T17:26:52.546400+00:00,LC09_L2SP_031038_20240513_20240514_02_T1,../carbonmapper_data_s2_l2a/GAO20240514t153110p0000-C/s2_20240514T172859Z.tif,../carbonmapper_data_l89_l2sp/GAO20240514t153110p0000-C/l8_LC09_L2SP_031038_20240513_20240514_02_T1.tif,79457
GAO20240514t153110p0000-F,2024-05-14T15:31:10+00:00,2024-05-14T17:28:59.024000+00:00,2024-05-13T17:26:52.546400+00:00,LC09_L2SP_031038_20240513_20240514_02_T1,../carbonmapper_data_s2_l2a/GAO20240514t153110p0000-F/s2_20240514T172859Z.tif,../carbonmapper_data_l89_l2sp/GAO20240514t153110p0000-F/l8_LC09_L2SP_031038_20240513_20240514_02_T1.tif,79457
GAO20240514t153110p0000-G,2024-05-14T15:31:10+00:00,2024-05-14T17:28:59.024000+00:00,2024-05-13T17:26:52.546400+00:00,LC09_L2SP_031038_20240513_20240514_02_T1,../carbonmapper_data_s2_l2a/GAO20240514t153110p0000-G/s2_20240514T172859Z.tif,../carbonmapper_data_l89_l2sp/GAO20240514t153110p0000-G/l8_LC09_L2SP_031038_20240513_20240514_02_T1.tif,79457
GAO20240514t153110p0000-H,2024-05-14T15:31:10+00:00,2024-05-14T17:28:59.024000+00:00,2024-05-13T17:26:52.546400+00:00,LC09_L2SP_031038_20240513_20240514_02_T1,../carbonmapper_data_s2_l2a/GAO20240514t153110p0000-H/s2_20240514T172859Z.tif,../carbonmapper_data_l89_l2sp/GAO20240514t153110p0000-H/l8_LC09_L2SP_031038_20240513_20240514_02_T1.tif,79457
GAO20240514t153110p0000-I,2024-05-14T15:31:10+00:00,2024-05-14T17:28:59.024000+00:00,2024-05-13T17:26:52.546400+00:00,LC09_L2SP_031038_20240513_20240514_02_T1,../carbonmapper_data_s2_l2a/GAO20240514t153110p0000-I/s2_20240514T172859Z.tif,../carbonmapper_data_l89_l2sp/GAO20240514t153110p0000-I/l8_LC09_L2SP_031038_20240513_20240514_02_T1.tif,79457
GAO20240514t153110p0000-J,2024-05-14T15:31:10+00:00,2024-05-14T17:28:59.024000+00:00,2024-05-13T17:26:52.546400+00:00,LC09_L2SP_031038_20240513_20240514_02_T1,../carbonmapper_data_s2_l2a/GAO20240514t153110p0000-J/s2_20240514T172859Z.tif,../carbonmapper_data_l89_l2sp/GAO20240514t153110p0000-J/l8_LC09_L2SP_031038_20240513_20240514_02_T1.tif,79457
GAO20240514t153110p0000-L,2024-05-14T15:31:10+00:00,2024-05-14T17:28:59.024000+00:00,2024-05-13T17:26:52.546400+00:00,LC09_L2SP_031038_20240513_20240514_02_T1,../carbonmapper_data_s2_l2a/GAO20240514t153110p0000-L/s2_20240514T172859Z.tif,../carbonmapper_data_l89_l2sp/GAO20240514t153110p0000-L/l8_LC09_L2SP_031038_20240513_20240514_02_T1.tif,79457
GAO20240514t153110p0000-M,2024-05-14T15:31:10+00:00,2024-05-14T17:28:59.024000+00:00,2024-05-13T17:26:52.546400+00:00,LC09_L2SP_031038_20240513_20240514_02_T1,../carbonmapper_data_s2_l2a/GAO20240514t153110p0000-M/s2_20240514T172859Z.tif,../carbonmapper_data_l89_l2sp/GAO20240514t153110p0000-M/l8_LC09_L2SP_031038_20240513_20240514_02_T1.tif,79457
GAO20240514t153940p0000-D,2024-05-14T15:39:40+00:00,2024-05-14T17:28:59.024000+00:00,2024-05-13T17:26:52.546400+00:00,LC09_L2SP_031038_20240513_20240514_02_T1,../carbonmapper_data_s2_l2a/GAO20240514t153940p0000-D/s2_20240514T172859Z.tif,../carbonmapper_data_l89_l2sp/GAO20240514t153940p0000-D/l8_LC09_L2SP_031038_20240513_20240514_02_T1.tif,79967
GAO20240514t153940p0000-E,2024-05-14T15:39:40+00:00,2024-05-14T17:28:59.024000+00:00,2024-05-13T17:26:52.546400+00:00,LC09_L2SP_031038_20240513_20240514_02_T1,../carbonmapper_data_s2_l2a/GAO20240514t153940p0000-E/s2_20240514T172859Z.tif,../carbonmapper_data_l89_l2sp/GAO20240514t153940p0000-E/l8_LC09_L2SP_031038_20240513_20240514_02_T1.tif,79967
GAO20240514t153940p0000-G,2024-05-14T15:39:40+00:00,2024-05-14T17:28:59.024000+00:00,2024-05-13T17:26:52.546400+00:00,LC09_L2SP_031038_20240513_20240514_02_T1,../carbonmapper_data_s2_l2a/GAO20240514t153940p0000-G/s2_20240514T172859Z.tif,../carbonmapper_data_l89_l2sp/GAO20240514t153940p0000-G/l8_LC09_L2SP_031038_20240513_20240514_02_T1.tif,79967
GAO20240514t153940p0000-H,2024-05-14T15:39:40+00:00,2024-05-14T17:28:59.024000+00:00,2024-05-13T17:26:52.546400+00:00,LC09_L2SP_031038_20240513_20240514_02_T1,../carbonmapper_data_s2_l2a/GAO20240514t153940p0000-H/s2_20240514T172859Z.tif,../carbonmapper_data_l89_l2sp/GAO20240514t153940p0000-H/l8_LC09_L2SP_031038_20240513_20240514_02_T1.tif,79967
GAO20240514t153940p0000-I,2024-05-14T15:39:40+00:00,2024-05-14T17:28:59.024000+00:00,2024-05-13T17:26:52.546400+00:00,LC09_L2SP_031038_20240513_20240514_02_T1,../carbonmapper_data_s2_l2a/GAO20240514t153940p0000-I/s2_20240514T172859Z.tif,../carbonmapper_data_l89_l2sp/GAO20240514t153940p0000-I/l8_LC09_L2SP_031038_20240513_20240514_02_T1.tif,79967
GAO20240514t153940p0000-K,2024-05-14T15:39:40+00:00,2024-05-14T17:28:59.024000+00:00,2024-05-13T17:26:52.546400+00:00,LC09_L2SP_031038_20240513_20240514_02_T1,../carbonmapper_data_s2_l2a/GAO20240514t153940p0000-K/s2_20240514T172859Z.tif,../carbonmapper_data_l89_l2sp/GAO20240514t153940p0000-K/l8_LC09_L2SP_031038_20240513_20240514_02_T1.tif,79967
GAO20240514t153940p0000-N,2024-05-14T15:39:40+00:00,2024-05-14T17:28:59.024000+00:00,2024-05-13T17:26:52.546400+00:00,LC09_L2SP_031038_20240513_20240514_02_T1,../carbonmapper_data_s2_l2a/GAO20240514t153940p0000-N/s2_20240514T172859Z.tif,../carbonmapper_data_l89_l2sp/GAO20240514t153940p0000-N/l8_LC09_L2SP_031038_20240513_20240514_02_T1.tif,79967
GAO20240514t153940p0000-P,2024-05-14T15:39:40+00:00,2024-05-14T17:28:59.024000+00:00,2024-05-13T17:26:52.546400+00:00,LC09_L2SP_031038_20240513_20240514_02_T1,../carbonmapper_data_s2_l2a/GAO20240514t153940p0000-P/s2_20240514T172859Z.tif,../carbonmapper_data_l89_l2sp/GAO20240514t153940p0000-P/l8_LC09_L2SP_031038_20240513_20240514_02_T1.tif,79967
GAO20240514t153940p0000-Q,2024-05-14T15:39:40+00:00,2024-05-14T17:28:59.024000+00:00,2024-05-13T17:26:52.546400+00:00,LC09_L2SP_031038_20240513_20240514_02_T1,../carbonmapper_data_s2_l2a/GAO20240514t153940p0000-Q/s2_20240514T172859Z.tif,../carbonmapper_data_l89_l2sp/GAO20240514t153940p0000-Q/l8_LC09_L2SP_031038_20240513_20240514_02_T1.tif,79967
GAO20240514t154756p0000-A,2024-05-14T15:47:56+00:00,2024-05-14T17:28:59.024000+00:00,2024-05-13T17:26:52.546400+00:00,LC09_L2SP_031038_20240513_20240514_02_T1,../carbonmapper_data_s2_l2a/GAO20240514t154756p0000-A/s2_20240514T172859Z.tif,../carbonmapper_data_l89_l2sp/GAO20240514t154756p0000-A/l8_LC09_L2SP_031038_20240513_20240514_02_T1.tif,80463
GAO20240514t154756p0000-C,2024-05-14T15:47:56+00:00,2024-05-14T17:28:59.024000+00:00,2024-05-13T17:26:52.546400+00:00,LC09_L2SP_031038_20240513_20240514_02_T1,../carbonmapper_data_s2_l2a/GAO20240514t154756p0000-C/s2_20240514T172859Z.tif,../carbonmapper_data_l89_l2sp/GAO20240514t154756p0000-C/l8_LC09_L2SP_031038_20240513_20240514_02_T1.tif,80463
GAO20240514t154756p0000-E,2024-05-14T15:47:56+00:00,2024-05-14T17:28:59.024000+00:00,2024-05-13T17:26:52.546400+00:00,LC09_L2SP_031038_20240513_20240514_02_T1,../carbonmapper_data_s2_l2a/GAO20240514t154756p0000-E/s2_20240514T172859Z.tif,../carbonmapper_data_l89_l2sp/GAO20240514t154756p0000-E/l8_LC09_L2SP_031038_20240513_20240514_02_T1.tif,80463
GAO20240514t154756p0000-F,2024-05-14T15:47:56+00:00,2024-05-14T17:28:59.024000+00:00,2024-05-13T17:26:52.546400+00:00,LC09_L2SP_031038_20240513_20240514_02_T1,../carbonmapper_data_s2_l2a/GAO20240514t154756p0000-F/s2_20240514T172859Z.tif,../carbonmapper_data_l89_l2sp/GAO20240514t154756p0000-F/l8_LC09_L2SP_031038_20240513_20240514_02_T1.tif,80463
GAO20240514t154756p0000-G,2024-05-14T15:47:56+00:00,2024-05-14T17:28:59.024000+00:00,2024-05-13T17:26:52.546400+00:00,LC09_L2SP_031038_20240513_20240514_02_T1,../carbonmapper_data_s2_l2a/GAO20240514t154756p0000-G/s2_20240514T172859Z.tif,../carbonmapper_data_l89_l2sp/GAO20240514t154756p0000-G/l8_LC09_L2SP_031038_20240513_20240514_02_T1.tif,80463
GAO20240514t154756p0000-H,2024-05-14T15:47:56+00:00,2024-05-14T17:28:59.024000+00:00,2024-05-13T17:26:52.546400+00:00,LC09_L2SP_031038_20240513_20240514_02_T1,../carbonmapper_data_s2_l2a/GAO20240514t154756p0000-H/s2_20240514T172859Z.tif,../carbonmapper_data_l89_l2sp/GAO20240514t154756p0000-H/l8_LC09_L2SP_031038_20240513_20240514_02_T1.tif,80463
GAO20240514t154756p0000-I,2024-05-14T15:47:56+00:00,2024-05-14T17:28:59.024000+00:00,2024-05-13T17:26:52.546400+00:00,LC09_L2SP_031038_20240513_20240514_02_T1,../carbonmapper_data_s2_l2a/GAO20240514t154756p0000-I/s2_20240514T172859Z.tif,../carbonmapper_data_l89_l2sp/GAO20240514t154756p0000-I/l8_LC09_L2SP_031038_20240513_20240514_02_T1.tif,80463
GAO20240514t154756p0000-J,2024-05-14T15:47:56+00:00,2024-05-14T17:28:59.024000+00:00,2024-05-13T17:26:52.546400+00:00,LC09_L2SP_031038_20240513_20240514_02_T1,../carbonmapper_data_s2_l2a/GAO20240514t154756p0000-J/s2_20240514T172859Z.tif,../carbonmapper_data_l89_l2sp/GAO20240514t154756p0000-J/l8_LC09_L2SP_031038_20240513_20240514_02_T1.tif,80463
GAO20240514t154756p0000-N,2024-05-14T15:47:56+00:00,2024-05-14T17:28:59.024000+00:00,2024-05-13T17:26:52.546400+00:00,LC09_L2SP_031038_20240513_20240514_02_T1,../carbonmapper_data_s2_l2a/GAO20240514t154756p0000-N/s2_20240514T172859Z.tif,../carbonmapper_data_l89_l2sp/GAO20240514t154756p0000-N/l8_LC09_L2SP_031038_20240513_20240514_02_T1.tif,80463
GAO20240514t154756p0000-O,2024-05-14T15:47:56+00:00,2024-05-14T17:28:59.024000+00:00,2024-05-13T17:26:52.546400+00:00,LC09_L2SP_031038_20240513_20240514_02_T1,../carbonmapper_data_s2_l2a/GAO20240514t154756p0000-O/s2_20240514T172859Z.tif,../carbonmapper_data_l89_l2sp/GAO20240514t154756p0000-O/l8_LC09_L2SP_031038_20240513_20240514_02_T1.tif,80463
GAO20240514t154756p0000-R,2024-05-14T15:47:56+00:00,2024-05-14T17:28:59.024000+00:00,2024-05-13T17:26:52.546400+00:00,LC09_L2SP_031038_20240513_20240514_02_T1,../carbonmapper_data_s2_l2a/GAO20240514t154756p0000-R/s2_20240514T172859Z.tif,../carbonmapper_data_l89_l2sp/GAO20240514t154756p0000-R/l8_LC09_L2SP_031038_20240513_20240514_02_T1.tif,80463
GAO20240514t155616p0000-A,2024-05-14T15:56:16+00:00,2024-05-14T17:28:59.024000+00:00,2024-05-13T17:26:52.546400+00:00,LC09_L2SP_031038_20240513_20240514_02_T1,../carbonmapper_data_s2_l2a/GAO20240514t155616p0000-A/s2_20240514T172859Z.tif,../carbonmapper_data_l89_l2sp/GAO20240514t155616p0000-A/l8_LC09_L2SP_031038_20240513_20240514_02_T1.tif,80963
GAO20240514t155616p0000-G,2024-05-14T15:56:16+00:00,2024-05-14T17:28:59.024000+00:00,2024-05-13T17:26:52.546400+00:00,LC09_L2SP_031038_20240513_20240514_02_T1,../carbonmapper_data_s2_l2a/GAO20240514t155616p0000-G/s2_20240514T172859Z.tif,../carbonmapper_data_l89_l2sp/GAO20240514t155616p0000-G/l8_LC09_L2SP_031038_20240513_20240514_02_T1.tif,80963
GAO20240514t155616p0000-I,2024-05-14T15:56:16+00:00,2024-05-14T17:28:59.024000+00:00,2024-05-13T17:26:52.546400+00:00,LC09_L2SP_031038_20240513_20240514_02_T1,../carbonmapper_data_s2_l2a/GAO20240514t155616p0000-I/s2_20240514T172859Z.tif,../carbonmapper_data_l89_l2sp/GAO20240514t155616p0000-I/l8_LC09_L2SP_031038_20240513_20240514_02_T1.tif,80963
GAO20240514t155616p0000-J,2024-05-14T15:56:16+00:00,2024-05-14T17:28:59.024000+00:00,2024-05-13T17:26:52.546400+00:00,LC09_L2SP_031038_20240513_20240514_02_T1,../carbonmapper_data_s2_l2a/GAO20240514t155616p0000-J/s2_20240514T172859Z.tif,../carbonmapper_data_l89_l2sp/GAO20240514t155616p0000-J/l8_LC09_L2SP_031038_20240513_20240514_02_T1.tif,80963
GAO20240514t155616p0000-L,2024-05-14T15:56:16+00:00,2024-05-14T17:28:59.024000+00:00,2024-05-13T17:26:52.546400+00:00,LC09_L2SP_031038_20240513_20240514_02_T1,../carbonmapper_data_s2_l2a/GAO20240514t155616p0000-L/s2_20240514T172859Z.tif,../carbonmapper_data_l89_l2sp/GAO20240514t155616p0000-L/l8_LC09_L2SP_031038_20240513_20240514_02_T1.tif,80963
GAO20240514t155616p0000-M,2024-05-14T15:56:16+00:00,2024-05-14T17:28:59.024000+00:00,2024-05-13T17:26:52.546400+00:00,LC09_L2SP_031038_20240513_20240514_02_T1,../carbonmapper_data_s2_l2a/GAO20240514t155616p0000-M/s2_20240514T172859Z.tif,../carbonmapper_data_l89_l2sp/GAO20240514t155616p0000-M/l8_LC09_L2SP_031038_20240513_20240514_02_T1.tif,80963
GAO20240514t155616p0000-P,2024-05-14T15:56:16+00:00,2024-05-14T17:28:59.024000+00:00,2024-05-13T17:26:52.546400+00:00,LC09_L2SP_031038_20240513_20240514_02_T1,../carbonmapper_data_s2_l2a/GAO20240514t155616p0000-P/s2_20240514T172859Z.tif,../carbonmapper_data_l89_l2sp/GAO20240514t155616p0000-P/l8_LC09_L2SP_031038_20240513_20240514_02_T1.tif,80963
GAO20240514t155616p0000-Q,2024-05-14T15:56:16+00:00,2024-05-14T17:28:59.024000+00:00,2024-05-13T17:26:52.546400+00:00,LC09_L2SP_031038_20240513_20240514_02_T1,../carbonmapper_data_s2_l2a/GAO20240514t155616p0000-Q/s2_20240514T172859Z.tif,../carbonmapper_data_l89_l2sp/GAO20240514t155616p0000-Q/l8_LC09_L2SP_031038_20240513_20240514_02_T1.tif,80963
GAO20240514t155616p0000-R,2024-05-14T15:56:16+00:00,2024-05-14T17:28:59.024000+00:00,2024-05-13T17:26:52.546400+00:00,LC09_L2SP_031038_20240513_20240514_02_T1,../carbonmapper_data_s2_l2a/GAO20240514t155616p0000-R/s2_20240514T172859Z.tif,../carbonmapper_data_l89_l2sp/GAO20240514t155616p0000-R/l8_LC09_L2SP_031038_20240513_20240514_02_T1.tif,80963
GAO20240514t155616p0000-S,2024-05-14T15:56:16+00:00,2024-05-14T17:28:59.024000+00:00,2024-05-13T17:26:52.546400+00:00,LC09_L2SP_031038_20240513_20240514_02_T1,../carbonmapper_data_s2_l2a/GAO20240514t155616p0000-S/s2_20240514T172859Z.tif,../carbonmapper_data_l89_l2sp/GAO20240514t155616p0000-S/l8_LC09_L2SP_031038_20240513_20240514_02_T1.tif,80963
GAO20240514t160455p0000-E,2024-05-14T16:04:55+00:00,2024-05-14T17:28:59.024000+00:00,2024-05-13T17:26:52.546400+00:00,LC09_L2SP_031038_20240513_20240514_02_T1,../carbonmapper_data_s2_l2a/GAO20240514t160455p0000-E/s2_20240514T172859Z.tif,../carbonmapper_data_l89_l2sp/GAO20240514t160455p0000-E/l8_LC09_L2SP_031038_20240513_20240514_02_T1.tif,81482
GAO20240514t160455p0000-J,2024-05-14T16:04:55+00:00,2024-05-14T17:28:59.024000+00:00,2024-05-13T17:26:52.546400+00:00,LC09_L2SP_031038_20240513_20240514_02_T1,../carbonmapper_data_s2_l2a/GAO20240514t160455p0000-J/s2_20240514T172859Z.tif,../carbonmapper_data_l89_l2sp/GAO20240514t160455p0000-J/l8_LC09_L2SP_031038_20240513_20240514_02_T1.tif,81482
GAO20240514t160455p0000-K,2024-05-14T16:04:55+00:00,2024-05-14T17:28:59.024000+00:00,2024-05-13T17:26:52.546400+00:00,LC09_L2SP_031038_20240513_20240514_02_T1,../carbonmapper_data_s2_l2a/GAO20240514t160455p0000-K/s2_20240514T172859Z.tif,../carbonmapper_data_l89_l2sp/GAO20240514t160455p0000-K/l8_LC09_L2SP_031038_20240513_20240514_02_T1.tif,81482
GAO20240514t160455p0000-U,2024-05-14T16:04:55+00:00,2024-05-14T17:28:59.024000+00:00,2024-05-13T17:26:52.546400+00:00,LC09_L2SP_031038_20240513_20240514_02_T1,../carbonmapper_data_s2_l2a/GAO20240514t160455p0000-U/s2_20240514T172859Z.tif,../carbonmapper_data_l89_l2sp/GAO20240514t160455p0000-U/l8_LC09_L2SP_031038_20240513_20240514_02_T1.tif,81482
GAO20240514t160455p0000-V,2024-05-14T16:04:55+00:00,2024-05-14T17:28:59.024000+00:00,2024-05-13T17:26:52.546400+00:00,LC09_L2SP_031038_20240513_20240514_02_T1,../carbonmapper_data_s2_l2a/GAO20240514t160455p0000-V/s2_20240514T172859Z.tif,../carbonmapper_data_l89_l2sp/GAO20240514t160455p0000-V/l8_LC09_L2SP_031038_20240513_20240514_02_T1.tif,81482
GAO20240514t161405p0000-CC,2024-05-14T16:14:05+00:00,2024-05-14T17:28:59.024000+00:00,2024-05-13T17:26:52.546400+00:00,LC09_L2SP_031038_20240513_20240514_02_T1,../carbonmapper_data_s2_l2a/GAO20240514t161405p0000-CC/s2_20240514T172859Z.tif,../carbonmapper_data_l89_l2sp/GAO20240514t161405p0000-CC/l8_LC09_L2SP_031038_20240513_20240514_02_T1.tif,82032
GAO20240514t161405p0000-CG,2024-05-14T16:14:05+00:00,2024-05-14T17:28:59.024000+00:00,2024-05-13T17:26:52.546400+00:00,LC09_L2SP_031038_20240513_20240514_02_T1,../carbonmapper_data_s2_l2a/GAO20240514t161405p0000-CG/s2_20240514T172859Z.tif,../carbonmapper_data_l89_l2sp/GAO20240514t161405p0000-CG/l8_LC09_L2SP_031038_20240513_20240514_02_T1.tif,82032
GAO20240514t161405p0000-CH,2024-05-14T16:14:05+00:00,2024-05-14T17:28:59.024000+00:00,2024-05-13T17:26:52.546400+00:00,LC09_L2SP_031038_20240513_20240514_02_T1,../carbonmapper_data_s2_l2a/GAO20240514t161405p0000-CH/s2_20240514T172859Z.tif,../carbonmapper_data_l89_l2sp/GAO20240514t161405p0000-CH/l8_LC09_L2SP_031038_20240513_20240514_02_T1.tif,82032
GAO20240514t161405p0000-CI,2024-05-14T16:14:05+00:00,2024-05-14T17:28:59.024000+00:00,2024-05-13T17:26:52.546400+00:00,LC09_L2SP_031038_20240513_20240514_02_T1,../carbonmapper_data_s2_l2a/GAO20240514t161405p0000-CI/s2_20240514T172859Z.tif,../carbonmapper_data_l89_l2sp/GAO20240514t161405p0000-CI/l8_LC09_L2SP_031038_20240513_20240514_02_T1.tif,82032
GAO20240514t161405p0000-CJ,2024-05-14T16:14:05+00:00,2024-05-14T17:28:59.024000+00:00,2024-05-13T17:26:52.546400+00:00,LC09_L2SP_031038_20240513_20240514_02_T1,../carbonmapper_data_s2_l2a/GAO20240514t161405p0000-CJ/s2_20240514T172859Z.tif,../carbonmapper_data_l89_l2sp/GAO20240514t161405p0000-CJ/l8_LC09_L2SP_031038_20240513_20240514_02_T1.tif,82032
GAO20240514t161405p0000-J,2024-05-14T16:14:05+00:00,2024-05-14T17:28:59.024000+00:00,2024-05-13T17:26:52.546400+00:00,LC09_L2SP_031038_20240513_20240514_02_T1,../carbonmapper_data_s2_l2a/GAO20240514t161405p0000-J/s2_20240514T172859Z.tif,../carbonmapper_data_l89_l2sp/GAO20240514t161405p0000-J/l8_LC09_L2SP_031038_20240513_20240514_02_T1.tif,82032
GAO20240514t161405p0000-K,2024-05-14T16:14:05+00:00,2024-05-14T17:28:59.024000+00:00,2024-05-13T17:26:52.546400+00:00,LC09_L2SP_031038_20240513_20240514_02_T1,../carbonmapper_data_s2_l2a/GAO20240514t161405p0000-K/s2_20240514T172859Z.tif,../carbonmapper_data_l89_l2sp/GAO20240514t161405p0000-K/l8_LC09_L2SP_031038_20240513_20240514_02_T1.tif,82032
GAO20240514t161405p0000-R,2024-05-14T16:14:05+00:00,2024-05-14T17:28:59.024000+00:00,2024-05-13T17:26:52.546400+00:00,LC09_L2SP_031038_20240513_20240514_02_T1,../carbonmapper_data_s2_l2a/GAO20240514t161405p0000-R/s2_20240514T172859Z.tif,../carbonmapper_data_l89_l2sp/GAO20240514t161405p0000-R/l8_LC09_L2SP_031038_20240513_20240514_02_T1.tif,82032
GAO20240514t161405p0000-W,2024-05-14T16:14:05+00:00,2024-05-14T17:28:59.024000+00:00,2024-05-13T17:26:52.546400+00:00,LC09_L2SP_031038_20240513_20240514_02_T1,../carbonmapper_data_s2_l2a/GAO20240514t161405p0000-W/s2_20240514T172859Z.tif,../carbonmapper_data_l89_l2sp/GAO20240514t161405p0000-W/l8_LC09_L2SP_031038_20240513_20240514_02_T1.tif,82032
GAO20240514t162306p0000-C,2024-05-14T16:23:06+00:00,2024-05-14T17:28:59.024000+00:00,2024-05-13T17:26:52.546400+00:00,LC09_L2SP_031038_20240513_20240514_02_T1,../carbonmapper_data_s2_l2a/GAO20240514t162306p0000-C/s2_20240514T172859Z.tif,../carbonmapper_data_l89_l2sp/GAO20240514t162306p0000-C/l8_LC09_L2SP_031038_20240513_20240514_02_T1.tif,82573
GAO20240514t162306p0000-N,2024-05-14T16:23:06+00:00,2024-05-14T17:28:59.024000+00:00,2024-05-13T17:26:52.546400+00:00,LC09_L2SP_031038_20240513_20240514_02_T1,../carbonmapper_data_s2_l2a/GAO20240514t162306p0000-N/s2_20240514T172859Z.tif,../carbonmapper_data_l89_l2sp/GAO20240514t162306p0000-N/l8_LC09_L2SP_031038_20240513_20240514_02_T1.tif,82573
GAO20240514t162306p0000-O,2024-05-14T16:23:06+00:00,2024-05-14T17:28:59.024000+00:00,2024-05-13T17:26:52.546400+00:00,LC09_L2SP_031038_20240513_20240514_02_T1,../carbonmapper_data_s2_l2a/GAO20240514t162306p0000-O/s2_20240514T172859Z.tif,../carbonmapper_data_l89_l2sp/GAO20240514t162306p0000-O/l8_LC09_L2SP_031038_20240513_20240514_02_T1.tif,82573
GAO20240514t162306p0000-T,2024-05-14T16:23:06+00:00,2024-05-14T17:28:59.024000+00:00,2024-05-13T17:26:52.546400+00:00,LC09_L2SP_031038_20240513_20240514_02_T1,../carbonmapper_data_s2_l2a/GAO20240514t162306p0000-T/s2_20240514T172859Z.tif,../carbonmapper_data_l89_l2sp/GAO20240514t162306p0000-T/l8_LC09_L2SP_031038_20240513_20240514_02_T1.tif,82573
GAO20240514t163230p0000-H,2024-05-14T16:32:30+00:00,2024-05-14T17:28:59.024000+00:00,2024-05-13T17:26:52.546400+00:00,LC09_L2SP_031038_20240513_20240514_02_T1,../carbonmapper_data_s2_l2a/GAO20240514t163230p0000-H/s2_20240514T172859Z.tif,../carbonmapper_data_l89_l2sp/GAO20240514t163230p0000-H/l8_LC09_L2SP_031038_20240513_20240514_02_T1.tif,83137
GAO20240514t163230p0000-K,2024-05-14T16:32:30+00:00,2024-05-14T17:28:59.024000+00:00,2024-05-13T17:26:52.546400+00:00,LC09_L2SP_031038_20240513_20240514_02_T1,../carbonmapper_data_s2_l2a/GAO20240514t163230p0000-K/s2_20240514T172859Z.tif,../carbonmapper_data_l89_l2sp/GAO20240514t163230p0000-K/l8_LC09_L2SP_031038_20240513_20240514_02_T1.tif,83137
GAO20240514t163230p0000-L,2024-05-14T16:32:30+00:00,2024-05-14T17:28:59.024000+00:00,2024-05-13T17:26:52.546400+00:00,LC09_L2SP_031038_20240513_20240514_02_T1,../carbonmapper_data_s2_l2a/GAO20240514t163230p0000-L/s2_20240514T172859Z.tif,../carbonmapper_data_l89_l2sp/GAO20240514t163230p0000-L/l8_LC09_L2SP_031038_20240513_20240514_02_T1.tif,83137
GAO20240514t163230p0000-M,2024-05-14T16:32:30+00:00,2024-05-14T17:28:59.024000+00:00,2024-05-13T17:26:52.546400+00:00,LC09_L2SP_031038_20240513_20240514_02_T1,../carbonmapper_data_s2_l2a/GAO20240514t163230p0000-M/s2_20240514T172859Z.tif,../carbonmapper_data_l89_l2sp/GAO20240514t163230p0000-M/l8_LC09_L2SP_031038_20240513_20240514_02_T1.tif,83137
GAO20240514t163230p0000-N,2024-05-14T16:32:30+00:00,2024-05-14T17:28:59.024000+00:00,2024-05-13T17:26:52.546400+00:00,LC09_L2SP_031038_20240513_20240514_02_T1,../carbonmapper_data_s2_l2a/GAO20240514t163230p0000-N/s2_20240514T172859Z.tif,../carbonmapper_data_l89_l2sp/GAO20240514t163230p0000-N/l8_LC09_L2SP_031038_20240513_20240514_02_T1.tif,83137
GAO20240514t163230p0000-Q,2024-05-14T16:32:30+00:00,2024-05-14T17:28:59.024000+00:00,2024-05-13T17:26:52.546400+00:00,LC09_L2SP_031038_20240513_20240514_02_T1,../carbonmapper_data_s2_l2a/GAO20240514t163230p0000-Q/s2_20240514T172859Z.tif,../carbonmapper_data_l89_l2sp/GAO20240514t163230p0000-Q/l8_LC09_L2SP_031038_20240513_20240514_02_T1.tif,83137
GAO20240514t163230p0000-S,2024-05-14T16:32:30+00:00,2024-05-14T17:28:59.024000+00:00,2024-05-13T17:26:52.546400+00:00,LC09_L2SP_031038_20240513_20240514_02_T1,../carbonmapper_data_s2_l2a/GAO20240514t163230p0000-S/s2_20240514T172859Z.tif,../carbonmapper_data_l89_l2sp/GAO20240514t163230p0000-S/l8_LC09_L2SP_031038_20240513_20240514_02_T1.tif,83137
GAO20240514t163230p0000-T,2024-05-14T16:32:30+00:00,2024-05-14T17:28:59.024000+00:00,2024-05-13T17:26:52.546400+00:00,LC09_L2SP_031038_20240513_20240514_02_T1,../carbonmapper_data_s2_l2a/GAO20240514t163230p0000-T/s2_20240514T172859Z.tif,../carbonmapper_data_l89_l2sp/GAO20240514t163230p0000-T/l8_LC09_L2SP_031038_20240513_20240514_02_T1.tif,83137
GAO20240514t164120p0000-C,2024-05-14T16:41:20+00:00,2024-05-14T17:28:59.024000+00:00,2024-05-13T17:26:52.546400+00:00,LC09_L2SP_031038_20240513_20240514_02_T1,../carbonmapper_data_s2_l2a/GAO20240514t164120p0000-C/s2_20240514T172859Z.tif,../carbonmapper_data_l89_l2sp/GAO20240514t164120p0000-C/l8_LC09_L2SP_031038_20240513_20240514_02_T1.tif,83667
GAO20240514t164120p0000-N,2024-05-14T16:41:20+00:00,2024-05-14T17:28:59.024000+00:00,2024-05-13T17:26:52.546400+00:00,LC09_L2SP_031038_20240513_20240514_02_T1,../carbonmapper_data_s2_l2a/GAO20240514t164120p0000-N/s2_20240514T172859Z.tif,../carbonmapper_data_l89_l2sp/GAO20240514t164120p0000-N/l8_LC09_L2SP_031038_20240513_20240514_02_T1.tif,83667
GAO20240514t164120p0000-T,2024-05-14T16:41:20+00:00,2024-05-14T17:28:59.024000+00:00,2024-05-13T17:26:52.546400+00:00,LC09_L2SP_031038_20240513_20240514_02_T1,../carbonmapper_data_s2_l2a/GAO20240514t164120p0000-T/s2_20240514T172859Z.tif,../carbonmapper_data_l89_l2sp/GAO20240514t164120p0000-T/l8_LC09_L2SP_031038_20240513_20240514_02_T1.tif,83667
GAO20240514t164120p0000-V,2024-05-14T16:41:20+00:00,2024-05-14T17:28:59.024000+00:00,2024-05-13T17:26:52.546400+00:00,LC09_L2SP_031038_20240513_20240514_02_T1,../carbonmapper_data_s2_l2a/GAO20240514t164120p0000-V/s2_20240514T172859Z.tif,../carbonmapper_data_l89_l2sp/GAO20240514t164120p0000-V/l8_LC09_L2SP_031038_20240513_20240514_02_T1.tif,83667
GAO20240514t164120p0000-W,2024-05-14T16:41:20+00:00,2024-05-14T17:28:59.024000+00:00,2024-05-13T17:26:52.546400+00:00,LC09_L2SP_031038_20240513_20240514_02_T1,../carbonmapper_data_s2_l2a/GAO20240514t164120p0000-W/s2_20240514T172859Z.tif,../carbonmapper_data_l89_l2sp/GAO20240514t164120p0000-W/l8_LC09_L2SP_031038_20240513_20240514_02_T1.tif,83667
GAO20240514t165025p0000-C,2024-05-14T16:50:25+00:00,2024-05-14T17:28:59.024000+00:00,2024-05-13T17:26:52.546400+00:00,LC09_L2SP_031038_20240513_20240514_02_T1,../carbonmapper_data_s2_l2a/GAO20240514t165025p0000-C/s2_20240514T172859Z.tif,../carbonmapper_data_l89_l2sp/GAO20240514t165025p0000-C/l8_LC09_L2SP_031038_20240513_20240514_02_T1.tif,84212
GAO20240514t165025p0000-G,2024-05-14T16:50:25+00:00,2024-05-14T17:28:59.024000+00:00,2024-05-13T17:26:52.546400+00:00,LC09_L2SP_031038_20240513_20240514_02_T1,../carbonmapper_data_s2_l2a/GAO20240514t165025p0000-G/s2_20240514T172859Z.tif,../carbonmapper_data_l89_l2sp/GAO20240514t165025p0000-G/l8_LC09_L2SP_031038_20240513_20240514_02_T1.tif,84212
GAO20240514t165025p0000-M,2024-05-14T16:50:25+00:00,2024-05-14T17:28:59.024000+00:00,2024-05-13T17:26:52.546400+00:00,LC09_L2SP_031038_20240513_20240514_02_T1,../carbonmapper_data_s2_l2a/GAO20240514t165025p0000-M/s2_20240514T172859Z.tif,../carbonmapper_data_l89_l2sp/GAO20240514t165025p0000-M/l8_LC09_L2SP_031038_20240513_20240514_02_T1.tif,84212
GAO20240514t165025p0000-O,2024-05-14T16:50:25+00:00,2024-05-14T17:28:59.024000+00:00,2024-05-13T17:26:52.546400+00:00,LC09_L2SP_031038_20240513_20240514_02_T1,../carbonmapper_data_s2_l2a/GAO20240514t165025p0000-O/s2_20240514T172859Z.tif,../carbonmapper_data_l89_l2sp/GAO20240514t165025p0000-O/l8_LC09_L2SP_031038_20240513_20240514_02_T1.tif,84212
GAO20240514t165911p0000-A,2024-05-14T16:59:11+00:00,2024-05-14T17:28:59.024000+00:00,2024-05-13T17:26:52.546400+00:00,LC09_L2SP_031038_20240513_20240514_02_T1,../carbonmapper_data_s2_l2a/GAO20240514t165911p0000-A/s2_20240514T172859Z.tif,../carbonmapper_data_l89_l2sp/GAO20240514t165911p0000-A/l8_LC09_L2SP_031038_20240513_20240514_02_T1.tif,84738
GAO20240514t165911p0000-B,2024-05-14T16:59:11+00:00,2024-05-14T17:28:59.024000+00:00,2024-05-13T17:26:52.546400+00:00,LC09_L2SP_031038_20240513_20240514_02_T1,../carbonmapper_data_s2_l2a/GAO20240514t165911p0000-B/s2_20240514T172859Z.tif,../carbonmapper_data_l89_l2sp/GAO20240514t165911p0000-B/l8_LC09_L2SP_031038_20240513_20240514_02_T1.tif,84738
GAO20240514t165911p0000-G,2024-05-14T16:59:11+00:00,2024-05-14T17:28:59.024000+00:00,2024-05-13T17:26:52.546400+00:00,LC09_L2SP_031038_20240513_20240514_02_T1,../carbonmapper_data_s2_l2a/GAO20240514t165911p0000-G/s2_20240514T172859Z.tif,../carbonmapper_data_l89_l2sp/GAO20240514t165911p0000-G/l8_LC09_L2SP_031038_20240513_20240514_02_T1.tif,84738
GAO20240514t165911p0000-H,2024-05-14T16:59:11+00:00,2024-05-14T17:28:59.024000+00:00,2024-05-13T17:26:52.546400+00:00,LC09_L2SP_031038_20240513_20240514_02_T1,../carbonmapper_data_s2_l2a/GAO20240514t165911p0000-H/s2_20240514T172859Z.tif,../carbonmapper_data_l89_l2sp/GAO20240514t165911p0000-H/l8_LC09_L2SP_031038_20240513_20240514_02_T1.tif,84738
GAO20240514t165911p0000-I,2024-05-14T16:59:11+00:00,2024-05-14T17:28:59.024000+00:00,2024-05-13T17:26:52.546400+00:00,LC09_L2SP_031038_20240513_20240514_02_T1,../carbonmapper_data_s2_l2a/GAO20240514t165911p0000-I/s2_20240514T172859Z.tif,../carbonmapper_data_l89_l2sp/GAO20240514t165911p0000-I/l8_LC09_L2SP_031038_20240513_20240514_02_T1.tif,84738
GAO20240514t165911p0000-M,2024-05-14T16:59:11+00:00,2024-05-14T17:28:59.024000+00:00,2024-05-13T17:26:52.546400+00:00,LC09_L2SP_031038_20240513_20240514_02_T1,../carbonmapper_data_s2_l2a/GAO20240514t165911p0000-M/s2_20240514T172859Z.tif,../carbonmapper_data_l89_l2sp/GAO20240514t165911p0000-M/l8_LC09_L2SP_031038_20240513_20240514_02_T1.tif,84738
GAO20240514t165911p0000-N,2024-05-14T16:59:11+00:00,2024-05-14T17:28:59.024000+00:00,2024-05-13T17:26:52.546400+00:00,LC09_L2SP_031038_20240513_20240514_02_T1,../carbonmapper_data_s2_l2a/GAO20240514t165911p0000-N/s2_20240514T172859Z.tif,../carbonmapper_data_l89_l2sp/GAO20240514t165911p0000-N/l8_LC09_L2SP_031038_20240513_20240514_02_T1.tif,84738
GAO20240514t165911p0000-R,2024-05-14T16:59:11+00:00,2024-05-14T17:28:59.024000+00:00,2024-05-13T17:26:52.546400+00:00,LC09_L2SP_031038_20240513_20240514_02_T1,../carbonmapper_data_s2_l2a/GAO20240514t165911p0000-R/s2_20240514T172859Z.tif,../carbonmapper_data_l89_l2sp/GAO20240514t165911p0000-R/l8_LC09_L2SP_031038_20240513_20240514_02_T1.tif,84738
GAO20240514t165911p0000-S,2024-05-14T16:59:11+00:00,2024-05-14T17:28:59.024000+00:00,2024-05-13T17:26:52.546400+00:00,LC09_L2SP_031038_20240513_20240514_02_T1,../carbonmapper_data_s2_l2a/GAO20240514t165911p0000-S/s2_20240514T172859Z.tif,../carbonmapper_data_l89_l2sp/GAO20240514t165911p0000-S/l8_LC09_L2SP_031038_20240513_20240514_02_T1.tif,84738
GAO20240514t170815p0000-A,2024-05-14T17:08:15+00:00,2024-05-14T17:28:59.024000+00:00,2024-05-13T17:26:52.546400+00:00,LC09_L2SP_031038_20240513_20240514_02_T1,../carbonmapper_data_s2_l2a/GAO20240514t170815p0000-A/s2_20240514T172859Z.tif,../carbonmapper_data_l89_l2sp/GAO20240514t170815p0000-A/l8_LC09_L2SP_031038_20240513_20240514_02_T1.tif,85282
GAO20240514t170815p0000-C,2024-05-14T17:08:15+00:00,2024-05-14T17:28:59.024000+00:00,2024-05-13T17:26:52.546400+00:00,LC09_L2SP_031038_20240513_20240514_02_T1,../carbonmapper_data_s2_l2a/GAO20240514t170815p0000-C/s2_20240514T172859Z.tif,../carbonmapper_data_l89_l2sp/GAO20240514t170815p0000-C/l8_LC09_L2SP_031038_20240513_20240514_02_T1.tif,85282
GAO20240514t171655p0000-A,2024-05-14T17:16:55+00:00,2024-05-14T17:28:59.024000+00:00,2024-05-13T17:26:52.546400+00:00,LC09_L2SP_031038_20240513_20240514_02_T1,../carbonmapper_data_s2_l2a/GAO20240514t171655p0000-A/s2_20240514T172859Z.tif,../carbonmapper_data_l89_l2sp/GAO20240514t171655p0000-A/l8_LC09_L2SP_031038_20240513_20240514_02_T1.tif,85802
GAO20240514t171655p0000-C,2024-05-14T17:16:55+00:00,2024-05-14T17:28:59.024000+00:00,2024-05-13T17:26:52.546400+00:00,LC09_L2SP_031038_20240513_20240514_02_T1,../carbonmapper_data_s2_l2a/GAO20240514t171655p0000-C/s2_20240514T172859Z.tif,../carbonmapper_data_l89_l2sp/GAO20240514t171655p0000-C/l8_LC09_L2SP_031038_20240513_20240514_02_T1.tif,85802
GAO20240514t172600p0000-B,2024-05-14T17:26:00+00:00,2024-05-14T17:28:59.024000+00:00,2024-05-13T17:26:52.546400+00:00,LC09_L2SP_031038_20240513_20240514_02_T1,../carbonmapper_data_s2_l2a/GAO20240514t172600p0000-B/s2_20240514T172859Z.tif,../carbonmapper_data_l89_l2sp/GAO20240514t172600p0000-B/l8_LC09_L2SP_031038_20240513_20240514_02_T1.tif,86347
GAO20240609t195426p0000-B,2024-06-09T19:54:26+00:00,2024-06-09T18:39:21.024000+00:00,2024-06-10T18:39:22.585302+00:00,LC08_L2SP_043035_20240610_20250617_02_T1,../carbonmapper_data_s2_l2a/GAO20240609t195426p0000-B/s2_20240609T183921Z.tif,../carbonmapper_data_l89_l2sp/GAO20240609t195426p0000-B/l8_LC08_L2SP_043035_20240610_20250617_02_T1.tif,81896
GAO20240611t190449p0000-A,2024-06-11T19:04:49+00:00,2024-06-11T18:29:19.024000+00:00,2024-06-12T18:27:24.135240+00:00,LC08_L2SP_041036_20240612_20250616_02_T1,../carbonmapper_data_s2_l2a/GAO20240611t190449p0000-A/s2_20240611T182919Z.tif,../carbonmapper_data_l89_l2sp/GAO20240611t190449p0000-A/l8_LC08_L2SP_041036_20240612_20250616_02_T1.tif,84155
GAO20240611t190449p0000-B,2024-06-11T19:04:49+00:00,2024-06-11T18:29:19.024000+00:00,2024-06-12T18:27:24.135240+00:00,LC08_L2SP_041036_20240612_20250616_02_T1,../carbonmapper_data_s2_l2a/GAO20240611t190449p0000-B/s2_20240611T182919Z.tif,../carbonmapper_data_l89_l2sp/GAO20240611t190449p0000-B/l8_LC08_L2SP_041036_20240612_20250616_02_T1.tif,84155
GAO20240611t190449p0000-C,2024-06-11T19:04:49+00:00,2024-06-11T18:29:19.024000+00:00,2024-06-12T18:27:24.135240+00:00,LC08_L2SP_041036_20240612_20250616_02_T1,../carbonmapper_data_s2_l2a/GAO20240611t190449p0000-C/s2_20240611T182919Z.tif,../carbonmapper_data_l89_l2sp/GAO20240611t190449p0000-C/l8_LC08_L2SP_041036_20240612_20250616_02_T1.tif,84155
GAO20240611t190449p0000-D,2024-06-11T19:04:49+00:00,2024-06-11T18:29:19.024000+00:00,2024-06-12T18:27:24.135240+00:00,LC08_L2SP_041036_20240612_20250616_02_T1,../carbonmapper_data_s2_l2a/GAO20240611t190449p0000-D/s2_20240611T182919Z.tif,../carbonmapper_data_l89_l2sp/GAO20240611t190449p0000-D/l8_LC08_L2SP_041036_20240612_20250616_02_T1.tif,84155
GAO20240611t190449p0000-E,2024-06-11T19:04:49+00:00,2024-06-11T18:29:19.024000+00:00,2024-06-12T18:27:24.135240+00:00,LC08_L2SP_041036_20240612_20250616_02_T1,../carbonmapper_data_s2_l2a/GAO20240611t190449p0000-E/s2_20240611T182919Z.tif,../carbonmapper_data_l89_l2sp/GAO20240611t190449p0000-E/l8_LC08_L2SP_041036_20240612_20250616_02_T1.tif,84155
GAO20240611t190949p0000-A,2024-06-11T19:09:49+00:00,2024-06-11T18:29:19.024000+00:00,2024-06-12T18:27:24.135240+00:00,LC08_L2SP_041036_20240612_20250616_02_T1,../carbonmapper_data_s2_l2a/GAO20240611t190949p0000-A/s2_20240611T182919Z.tif,../carbonmapper_data_l89_l2sp/GAO20240611t190949p0000-A/l8_LC08_L2SP_041036_20240612_20250616_02_T1.tif,83855
GAO20240611t190949p0000-B,2024-06-11T19:09:49+00:00,2024-06-11T18:29:19.024000+00:00,2024-06-12T18:27:24.135240+00:00,LC08_L2SP_041036_20240612_20250616_02_T1,../carbonmapper_data_s2_l2a/GAO20240611t190949p0000-B/s2_20240611T182919Z.tif,../carbonmapper_data_l89_l2sp/GAO20240611t190949p0000-B/l8_LC08_L2SP_041036_20240612_20250616_02_T1.tif,83855
GAO20240611t190949p0000-C,2024-06-11T19:09:49+00:00,2024-06-11T18:29:19.024000+00:00,2024-06-12T18:27:24.135240+00:00,LC08_L2SP_041036_20240612_20250616_02_T1,../carbonmapper_data_s2_l2a/GAO20240611t190949p0000-C/s2_20240611T182919Z.tif,../carbonmapper_data_l89_l2sp/GAO20240611t190949p0000-C/l8_LC08_L2SP_041036_20240612_20250616_02_T1.tif,83855
GAO20240611t190949p0000-H,2024-06-11T19:09:49+00:00,2024-06-11T18:29:19.024000+00:00,2024-06-12T18:27:24.135240+00:00,LC08_L2SP_041036_20240612_20250616_02_T1,../carbonmapper_data_s2_l2a/GAO20240611t190949p0000-H/s2_20240611T182919Z.tif,../carbonmapper_data_l89_l2sp/GAO20240611t190949p0000-H/l8_LC08_L2SP_041036_20240612_20250616_02_T1.tif,83855
GAO20240611t191919p0000-B,2024-06-11T19:19:19+00:00,2024-06-11T18:29:19.024000+00:00,2024-06-12T18:27:24.135240+00:00,LC08_L2SP_041036_20240612_20250616_02_T1,../carbonmapper_data_s2_l2a/GAO20240611t191919p0000-B/s2_20240611T182919Z.tif,../carbonmapper_data_l89_l2sp/GAO20240611t191919p0000-B/l8_LC08_L2SP_041036_20240612_20250616_02_T1.tif,83285
GAO20240611t192314p0000-A,2024-06-11T19:23:14+00:00,2024-06-11T18:29:19.024000+00:00,2024-06-12T18:27:24.135240+00:00,LC08_L2SP_041036_20240612_20250616_02_T1,../carbonmapper_data_s2_l2a/GAO20240611t192314p0000-A/s2_20240611T182919Z.tif,../carbonmapper_data_l89_l2sp/GAO20240611t192314p0000-A/l8_LC08_L2SP_041036_20240612_20250616_02_T1.tif,83050
GAO20240611t192314p0000-B,2024-06-11T19:23:14+00:00,2024-06-11T18:29:19.024000+00:00,2024-06-12T18:27:24.135240+00:00,LC08_L2SP_041036_20240612_20250616_02_T1,../carbonmapper_data_s2_l2a/GAO20240611t192314p0000-B/s2_20240611T182919Z.tif,../carbonmapper_data_l89_l2sp/GAO20240611t192314p0000-B/l8_LC08_L2SP_041036_20240612_20250616_02_T1.tif,83050
GAO20240611t192314p0000-D,2024-06-11T19:23:14+00:00,2024-06-11T18:29:19.024000+00:00,2024-06-12T18:27:24.135240+00:00,LC08_L2SP_041036_20240612_20250616_02_T1,../carbonmapper_data_s2_l2a/GAO20240611t192314p0000-D/s2_20240611T182919Z.tif,../carbonmapper_data_l89_l2sp/GAO20240611t192314p0000-D/l8_LC08_L2SP_041036_20240612_20250616_02_T1.tif,83050
GAO20240611t192314p0000-F,2024-06-11T19:23:14+00:00,2024-06-11T18:29:19.024000+00:00,2024-06-12T18:27:24.135240+00:00,LC08_L2SP_041036_20240612_20250616_02_T1,../carbonmapper_data_s2_l2a/GAO20240611t192314p0000-F/s2_20240611T182919Z.tif,../carbonmapper_data_l89_l2sp/GAO20240611t192314p0000-F/l8_LC08_L2SP_041036_20240612_20250616_02_T1.tif,83050
GAO20240611t192314p0000-H,2024-06-11T19:23:14+00:00,2024-06-11T18:29:19.024000+00:00,2024-06-12T18:27:24.135240+00:00,LC08_L2SP_041036_20240612_20250616_02_T1,../carbonmapper_data_s2_l2a/GAO20240611t192314p0000-H/s2_20240611T182919Z.tif,../carbonmapper_data_l89_l2sp/GAO20240611t192314p0000-H/l8_LC08_L2SP_041036_20240612_20250616_02_T1.tif,83050
GAO20240611t192759p0000-A,2024-06-11T19:27:59+00:00,2024-06-11T18:29:19.024000+00:00,2024-06-12T18:27:24.135240+00:00,LC08_L2SP_041036_20240612_20250616_02_T1,../carbonmapper_data_s2_l2a/GAO20240611t192759p0000-A/s2_20240611T182919Z.tif,../carbonmapper_data_l89_l2sp/GAO20240611t192759p0000-A/l8_LC08_L2SP_041036_20240612_20250616_02_T1.tif,82765
GAO20240611t192759p0000-B,2024-06-11T19:27:59+00:00,2024-06-11T18:29:19.024000+00:00,2024-06-12T18:27:24.135240+00:00,LC08_L2SP_041036_20240612_20250616_02_T1,../carbonmapper_data_s2_l2a/GAO20240611t192759p0000-B/s2_20240611T182919Z.tif,../carbonmapper_data_l89_l2sp/GAO20240611t192759p0000-B/l8_LC08_L2SP_041036_20240612_20250616_02_T1.tif,82765
GAO20240611t192759p0000-C,2024-06-11T19:27:59+00:00,2024-06-11T18:29:19.024000+00:00,2024-06-12T18:27:24.135240+00:00,LC08_L2SP_041036_20240612_20250616_02_T1,../carbonmapper_data_s2_l2a/GAO20240611t192759p0000-C/s2_20240611T182919Z.tif,../carbonmapper_data_l89_l2sp/GAO20240611t192759p0000-C/l8_LC08_L2SP_041036_20240612_20250616_02_T1.tif,82765
GAO20240611t192759p0000-E,2024-06-11T19:27:59+00:00,2024-06-11T18:29:19.024000+00:00,2024-06-12T18:27:24.135240+00:00,LC08_L2SP_041036_20240612_20250616_02_T1,../carbonmapper_data_s2_l2a/GAO20240611t192759p0000-E/s2_20240611T182919Z.tif,../carbonmapper_data_l89_l2sp/GAO20240611t192759p0000-E/l8_LC08_L2SP_041036_20240612_20250616_02_T1.tif,82765
GAO20240611t192759p0000-F,2024-06-11T19:27:59+00:00,2024-06-11T18:29:19.024000+00:00,2024-06-12T18:27:24.135240+00:00,LC08_L2SP_041036_20240612_20250616_02_T1,../carbonmapper_data_s2_l2a/GAO20240611t192759p0000-F/s2_20240611T182919Z.tif,../carbonmapper_data_l89_l2sp/GAO20240611t192759p0000-F/l8_LC08_L2SP_041036_20240612_20250616_02_T1.tif,82765
GAO20240611t192759p0000-G,2024-06-11T19:27:59+00:00,2024-06-11T18:29:19.024000+00:00,2024-06-12T18:27:24.135240+00:00,LC08_L2SP_041036_20240612_20250616_02_T1,../carbonmapper_data_s2_l2a/GAO20240611t192759p0000-G/s2_20240611T182919Z.tif,../carbonmapper_data_l89_l2sp/GAO20240611t192759p0000-G/l8_LC08_L2SP_041036_20240612_20250616_02_T1.tif,82765
GAO20240611t192759p0000-H,2024-06-11T19:27:59+00:00,2024-06-11T18:29:19.024000+00:00,2024-06-12T18:27:24.135240+00:00,LC08_L2SP_041036_20240612_20250616_02_T1,../carbonmapper_data_s2_l2a/GAO20240611t192759p0000-H/s2_20240611T182919Z.tif,../carbonmapper_data_l89_l2sp/GAO20240611t192759p0000-H/l8_LC08_L2SP_041036_20240612_20250616_02_T1.tif,82765
GAO20240611t192759p0000-I,2024-06-11T19:27:59+00:00,2024-06-11T18:29:19.024000+00:00,2024-06-12T18:27:24.135240+00:00,LC08_L2SP_041036_20240612_20250616_02_T1,../carbonmapper_data_s2_l2a/GAO20240611t192759p0000-I/s2_20240611T182919Z.tif,../carbonmapper_data_l89_l2sp/GAO20240611t192759p0000-I/l8_LC08_L2SP_041036_20240612_20250616_02_T1.tif,82765
GAO20240611t193749p0000-C,2024-06-11T19:37:49+00:00,2024-06-11T18:29:19.024000+00:00,2024-06-12T18:27:24.135240+00:00,LC08_L2SP_041036_20240612_20250616_02_T1,../carbonmapper_data_s2_l2a/GAO20240611t193749p0000-C/s2_20240611T182919Z.tif,../carbonmapper_data_l89_l2sp/GAO20240611t193749p0000-C/l8_LC08_L2SP_041036_20240612_20250616_02_T1.tif,82175
GAO20240611t193749p0000-D,2024-06-11T19:37:49+00:00,2024-06-11T18:29:19.024000+00:00,2024-06-12T18:27:24.135240+00:00,LC08_L2SP_041036_20240612_20250616_02_T1,../carbonmapper_data_s2_l2a/GAO20240611t193749p0000-D/s2_20240611T182919Z.tif,../carbonmapper_data_l89_l2sp/GAO20240611t193749p0000-D/l8_LC08_L2SP_041036_20240612_20250616_02_T1.tif,82175
GAO20240611t193749p0000-H,2024-06-11T19:37:49+00:00,2024-06-11T18:29:19.024000+00:00,2024-06-12T18:27:24.135240+00:00,LC08_L2SP_041036_20240612_20250616_02_T1,../carbonmapper_data_s2_l2a/GAO20240611t193749p0000-H/s2_20240611T182919Z.tif,../carbonmapper_data_l89_l2sp/GAO20240611t193749p0000-H/l8_LC08_L2SP_041036_20240612_20250616_02_T1.tif,82175
GAO20240611t193749p0000-I,2024-06-11T19:37:49+00:00,2024-06-11T18:29:19.024000+00:00,2024-06-12T18:27:24.135240+00:00,LC08_L2SP_041036_20240612_20250616_02_T1,../carbonmapper_data_s2_l2a/GAO20240611t193749p0000-I/s2_20240611T182919Z.tif,../carbonmapper_data_l89_l2sp/GAO20240611t193749p0000-I/l8_LC08_L2SP_041036_20240612_20250616_02_T1.tif,82175
GAO20240611t193749p0000-J,2024-06-11T19:37:49+00:00,2024-06-11T18:29:19.024000+00:00,2024-06-12T18:27:24.135240+00:00,LC08_L2SP_041036_20240612_20250616_02_T1,../carbonmapper_data_s2_l2a/GAO20240611t193749p0000-J/s2_20240611T182919Z.tif,../carbonmapper_data_l89_l2sp/GAO20240611t193749p0000-J/l8_LC08_L2SP_041036_20240612_20250616_02_T1.tif,82175
GAO20240611t194144p0000-A,2024-06-11T19:41:44+00:00,2024-06-11T18:29:19.024000+00:00,2024-06-12T18:27:24.135240+00:00,LC08_L2SP_041036_20240612_20250616_02_T1,../carbonmapper_data_s2_l2a/GAO20240611t194144p0000-A/s2_20240611T182919Z.tif,../carbonmapper_data_l89_l2sp/GAO20240611t194144p0000-A/l8_LC08_L2SP_041036_20240612_20250616_02_T1.tif,81940
GAO20240611t194144p0000-B,2024-06-11T19:41:44+00:00,2024-06-11T18:29:19.024000+00:00,2024-06-12T18:27:24.135240+00:00,LC08_L2SP_041036_20240612_20250616_02_T1,../carbonmapper_data_s2_l2a/GAO20240611t194144p0000-B/s2_20240611T182919Z.tif,../carbonmapper_data_l89_l2sp/GAO20240611t194144p0000-B/l8_LC08_L2SP_041036_20240612_20250616_02_T1.tif,81940
GAO20240611t194144p0000-C,2024-06-11T19:41:44+00:00,2024-06-11T18:29:19.024000+00:00,2024-06-12T18:27:24.135240+00:00,LC08_L2SP_041036_20240612_20250616_02_T1,../carbonmapper_data_s2_l2a/GAO20240611t194144p0000-C/s2_20240611T182919Z.tif,../carbonmapper_data_l89_l2sp/GAO20240611t194144p0000-C/l8_LC08_L2SP_041036_20240612_20250616_02_T1.tif,81940
GAO20240611t194144p0000-D,2024-06-11T19:41:44+00:00,2024-06-11T18:29:19.024000+00:00,2024-06-12T18:27:24.135240+00:00,LC08_L2SP_041036_20240612_20250616_02_T1,../carbonmapper_data_s2_l2a/GAO20240611t194144p0000-D/s2_20240611T182919Z.tif,../carbonmapper_data_l89_l2sp/GAO20240611t194144p0000-D/l8_LC08_L2SP_041036_20240612_20250616_02_T1.tif,81940
GAO20240611t194144p0000-E,2024-06-11T19:41:44+00:00,2024-06-11T18:29:19.024000+00:00,2024-06-12T18:27:24.135240+00:00,LC08_L2SP_041036_20240612_20250616_02_T1,../carbonmapper_data_s2_l2a/GAO20240611t194144p0000-E/s2_20240611T182919Z.tif,../carbonmapper_data_l89_l2sp/GAO20240611t194144p0000-E/l8_LC08_L2SP_041036_20240612_20250616_02_T1.tif,81940
GAO20240611t194144p0000-F,2024-06-11T19:41:44+00:00,2024-06-11T18:29:19.024000+00:00,2024-06-12T18:27:24.135240+00:00,LC08_L2SP_041036_20240612_20250616_02_T1,../carbonmapper_data_s2_l2a/GAO20240611t194144p0000-F/s2_20240611T182919Z.tif,../carbonmapper_data_l89_l2sp/GAO20240611t194144p0000-F/l8_LC08_L2SP_041036_20240612_20250616_02_T1.tif,81940
GAO20240611t194634p0000-A,2024-06-11T19:46:34+00:00,2024-06-11T18:29:19.024000+00:00,2024-06-12T18:27:24.135240+00:00,LC08_L2SP_041036_20240612_20250616_02_T1,../carbonmapper_data_s2_l2a/GAO20240611t194634p0000-A/s2_20240611T182919Z.tif,../carbonmapper_data_l89_l2sp/GAO20240611t194634p0000-A/l8_LC08_L2SP_041036_20240612_20250616_02_T1.tif,81650
GAO20240611t194634p0000-B,2024-06-11T19:46:34+00:00,2024-06-11T18:29:19.024000+00:00,2024-06-12T18:27:24.135240+00:00,LC08_L2SP_041036_20240612_20250616_02_T1,../carbonmapper_data_s2_l2a/GAO20240611t194634p0000-B/s2_20240611T182919Z.tif,../carbonmapper_data_l89_l2sp/GAO20240611t194634p0000-B/l8_LC08_L2SP_041036_20240612_20250616_02_T1.tif,81650
GAO20240611t194634p0000-D,2024-06-11T19:46:34+00:00,2024-06-11T18:29:19.024000+00:00,2024-06-12T18:27:24.135240+00:00,LC08_L2SP_041036_20240612_20250616_02_T1,../carbonmapper_data_s2_l2a/GAO20240611t194634p0000-D/s2_20240611T182919Z.tif,../carbonmapper_data_l89_l2sp/GAO20240611t194634p0000-D/l8_LC08_L2SP_041036_20240612_20250616_02_T1.tif,81650
GAO20240611t194634p0000-E,2024-06-11T19:46:34+00:00,2024-06-11T18:29:19.024000+00:00,2024-06-12T18:27:24.135240+00:00,LC08_L2SP_041036_20240612_20250616_02_T1,../carbonmapper_data_s2_l2a/GAO20240611t194634p0000-E/s2_20240611T182919Z.tif,../carbonmapper_data_l89_l2sp/GAO20240611t194634p0000-E/l8_LC08_L2SP_041036_20240612_20250616_02_T1.tif,81650
GAO20240611t194634p0000-F,2024-06-11T19:46:34+00:00,2024-06-11T18:29:19.024000+00:00,2024-06-12T18:27:24.135240+00:00,LC08_L2SP_041036_20240612_20250616_02_T1,../carbonmapper_data_s2_l2a/GAO20240611t194634p0000-F/s2_20240611T182919Z.tif,../carbonmapper_data_l89_l2sp/GAO20240611t194634p0000-F/l8_LC08_L2SP_041036_20240612_20250616_02_T1.tif,81650
GAO20240611t195436p0000-A,2024-06-11T19:54:36+00:00,2024-06-11T18:29:19.024000+00:00,2024-06-12T18:27:24.135240+00:00,LC08_L2SP_041036_20240612_20250616_02_T1,../carbonmapper_data_s2_l2a/GAO20240611t195436p0000-A/s2_20240611T182919Z.tif,../carbonmapper_data_l89_l2sp/GAO20240611t195436p0000-A/l8_LC08_L2SP_041036_20240612_20250616_02_T1.tif,81168
GAO20240611t195436p0000-B,2024-06-11T19:54:36+00:00,2024-06-11T18:29:19.024000+00:00,2024-06-12T18:27:24.135240+00:00,LC08_L2SP_041036_20240612_20250616_02_T1,../carbonmapper_data_s2_l2a/GAO20240611t195436p0000-B/s2_20240611T182919Z.tif,../carbonmapper_data_l89_l2sp/GAO20240611t195436p0000-B/l8_LC08_L2SP_041036_20240612_20250616_02_T1.tif,81168
GAO20240611t195436p0000-C,2024-06-11T19:54:36+00:00,2024-06-11T18:29:19.024000+00:00,2024-06-12T18:27:24.135240+00:00,LC08_L2SP_041036_20240612_20250616_02_T1,../carbonmapper_data_s2_l2a/GAO20240611t195436p0000-C/s2_20240611T182919Z.tif,../carbonmapper_data_l89_l2sp/GAO20240611t195436p0000-C/l8_LC08_L2SP_041036_20240612_20250616_02_T1.tif,81168
GAO20240611t195436p0000-D,2024-06-11T19:54:36+00:00,2024-06-11T18:29:19.024000+00:00,2024-06-12T18:27:24.135240+00:00,LC08_L2SP_041036_20240612_20250616_02_T1,../carbonmapper_data_s2_l2a/GAO20240611t195436p0000-D/s2_20240611T182919Z.tif,../carbonmapper_data_l89_l2sp/GAO20240611t195436p0000-D/l8_LC08_L2SP_041036_20240612_20250616_02_T1.tif,81168
GAO20240611t195436p0000-F,2024-06-11T19:54:36+00:00,2024-06-11T18:29:19.024000+00:00,2024-06-12T18:27:24.135240+00:00,LC08_L2SP_041036_20240612_20250616_02_T1,../carbonmapper_data_s2_l2a/GAO20240611t195436p0000-F/s2_20240611T182919Z.tif,../carbonmapper_data_l89_l2sp/GAO20240611t195436p0000-F/l8_LC08_L2SP_041036_20240612_20250616_02_T1.tif,81168
GAO20240611t200050p0000-A,2024-06-11T20:00:50+00:00,2024-06-11T18:29:19.024000+00:00,2024-06-11T18:33:48.471923+00:00,LC09_L2SP_042036_20240611_20240612_02_T1,../carbonmapper_data_s2_l2a/GAO20240611t200050p0000-A/s2_20240611T182919Z.tif,../carbonmapper_data_l89_l2sp/GAO20240611t200050p0000-A/l8_LC09_L2SP_042036_20240611_20240612_02_T1.tif,5490
GAO20240611t200050p0000-A,2024-06-11T20:00:50+00:00,2024-06-11T18:29:19.024000+00:00,2024-06-12T18:27:24.135240+00:00,LC08_L2SP_041036_20240612_20250616_02_T1,../carbonmapper_data_s2_l2a/GAO20240611t200050p0000-A/s2_20240611T182919Z.tif,../carbonmapper_data_l89_l2sp/GAO20240611t200050p0000-A/l8_LC08_L2SP_041036_20240612_20250616_02_T1.tif,80794
GAO20240611t200050p0000-B,2024-06-11T20:00:50+00:00,2024-06-11T18:29:19.024000+00:00,2024-06-11T18:33:48.471923+00:00,LC09_L2SP_042036_20240611_20240612_02_T1,../carbonmapper_data_s2_l2a/GAO20240611t200050p0000-B/s2_20240611T182919Z.tif,../carbonmapper_data_l89_l2sp/GAO20240611t200050p0000-B/l8_LC09_L2SP_042036_20240611_20240612_02_T1.tif,5490
GAO20240611t200050p0000-B,2024-06-11T20:00:50+00:00,2024-06-11T18:29:19.024000+00:00,2024-06-12T18:27:24.135240+00:00,LC08_L2SP_041036_20240612_20250616_02_T1,../carbonmapper_data_s2_l2a/GAO20240611t200050p0000-B/s2_20240611T182919Z.tif,../carbonmapper_data_l89_l2sp/GAO20240611t200050p0000-B/l8_LC08_L2SP_041036_20240612_20250616_02_T1.tif,80794
GAO20240611t200050p0000-C,2024-06-11T20:00:50+00:00,2024-06-11T18:29:19.024000+00:00,2024-06-11T18:33:48.471923+00:00,LC09_L2SP_042036_20240611_20240612_02_T1,../carbonmapper_data_s2_l2a/GAO20240611t200050p0000-C/s2_20240611T182919Z.tif,../carbonmapper_data_l89_l2sp/GAO20240611t200050p0000-C/l8_LC09_L2SP_042036_20240611_20240612_02_T1.tif,5490
GAO20240611t200050p0000-C,2024-06-11T20:00:50+00:00,2024-06-11T18:29:19.024000+00:00,2024-06-12T18:27:24.135240+00:00,LC08_L2SP_041036_20240612_20250616_02_T1,../carbonmapper_data_s2_l2a/GAO20240611t200050p0000-C/s2_20240611T182919Z.tif,../carbonmapper_data_l89_l2sp/GAO20240611t200050p0000-C/l8_LC08_L2SP_041036_20240612_20250616_02_T1.tif,80794
GAO20240611t200739p0000-A,2024-06-11T20:07:39+00:00,2024-06-11T18:29:19.024000+00:00,2024-06-12T18:27:24.135240+00:00,LC08_L2SP_041036_20240612_20250616_02_T1,../carbonmapper_data_s2_l2a/GAO20240611t200739p0000-A/s2_20240611T182919Z.tif,../carbonmapper_data_l89_l2sp/GAO20240611t200739p0000-A/l8_LC08_L2SP_041036_20240612_20250616_02_T1.tif,80385
GAO20240611t200739p0000-C,2024-06-11T20:07:39+00:00,2024-06-11T18:29:19.024000+00:00,2024-06-12T18:27:24.135240+00:00,LC08_L2SP_041036_20240612_20250616_02_T1,../carbonmapper_data_s2_l2a/GAO20240611t200739p0000-C/s2_20240611T182919Z.tif,../carbonmapper_data_l89_l2sp/GAO20240611t200739p0000-C/l8_LC08_L2SP_041036_20240612_20250616_02_T1.tif,80385
GAO20240611t200739p0000-D,2024-06-11T20:07:39+00:00,2024-06-11T18:29:19.024000+00:00,2024-06-12T18:27:24.135240+00:00,LC08_L2SP_041036_20240612_20250616_02_T1,../carbonmapper_data_s2_l2a/GAO20240611t200739p0000-D/s2_20240611T182919Z.tif,../carbonmapper_data_l89_l2sp/GAO20240611t200739p0000-D/l8_LC08_L2SP_041036_20240612_20250616_02_T1.tif,80385
GAO20240611t200739p0000-E,2024-06-11T20:07:39+00:00,2024-06-11T18:29:19.024000+00:00,2024-06-12T18:27:24.135240+00:00,LC08_L2SP_041036_20240612_20250616_02_T1,../carbonmapper_data_s2_l2a/GAO20240611t200739p0000-E/s2_20240611T182919Z.tif,../carbonmapper_data_l89_l2sp/GAO20240611t200739p0000-E/l8_LC08_L2SP_041036_20240612_20250616_02_T1.tif,80385
GAO20240611t201214p0000-A,2024-06-11T20:12:14+00:00,2024-06-11T18:29:19.024000+00:00,2024-06-12T18:27:24.135240+00:00,LC08_L2SP_041036_20240612_20250616_02_T1,../carbonmapper_data_s2_l2a/GAO20240611t201214p0000-A/s2_20240611T182919Z.tif,../carbonmapper_data_l89_l2sp/GAO20240611t201214p0000-A/l8_LC08_L2SP_041036_20240612_20250616_02_T1.tif,80110
GAO20240611t201214p0000-D,2024-06-11T20:12:14+00:00,2024-06-11T18:29:19.024000+00:00,2024-06-12T18:27:24.135240+00:00,LC08_L2SP_041036_20240612_20250616_02_T1,../carbonmapper_data_s2_l2a/GAO20240611t201214p0000-D/s2_20240611T182919Z.tif,../carbonmapper_data_l89_l2sp/GAO20240611t201214p0000-D/l8_LC08_L2SP_041036_20240612_20250616_02_T1.tif,80110
GAO20240611t201214p0000-E,2024-06-11T20:12:14+00:00,2024-06-11T18:29:19.024000+00:00,2024-06-12T18:27:24.135240+00:00,LC08_L2SP_041036_20240612_20250616_02_T1,../carbonmapper_data_s2_l2a/GAO20240611t201214p0000-E/s2_20240611T182919Z.tif,../carbonmapper_data_l89_l2sp/GAO20240611t201214p0000-E/l8_LC08_L2SP_041036_20240612_20250616_02_T1.tif,80110
GAO20240611t201214p0000-F,2024-06-11T20:12:14+00:00,2024-06-11T18:29:19.024000+00:00,2024-06-12T18:27:24.135240+00:00,LC08_L2SP_041036_20240612_20250616_02_T1,../carbonmapper_data_s2_l2a/GAO20240611t201214p0000-F/s2_20240611T182919Z.tif,../carbonmapper_data_l89_l2sp/GAO20240611t201214p0000-F/l8_LC08_L2SP_041036_20240612_20250616_02_T1.tif,80110
GAO20240611t201214p0000-G,2024-06-11T20:12:14+00:00,2024-06-11T18:29:19.024000+00:00,2024-06-12T18:27:24.135240+00:00,LC08_L2SP_041036_20240612_20250616_02_T1,../carbonmapper_data_s2_l2a/GAO20240611t201214p0000-G/s2_20240611T182919Z.tif,../carbonmapper_data_l89_l2sp/GAO20240611t201214p0000-G/l8_LC08_L2SP_041036_20240612_20250616_02_T1.tif,80110
GAO20240611t201214p0000-I,2024-06-11T20:12:14+00:00,2024-06-11T18:29:19.024000+00:00,2024-06-12T18:27:24.135240+00:00,LC08_L2SP_041036_20240612_20250616_02_T1,../carbonmapper_data_s2_l2a/GAO20240611t201214p0000-I/s2_20240611T182919Z.tif,../carbonmapper_data_l89_l2sp/GAO20240611t201214p0000-I/l8_LC08_L2SP_041036_20240612_20250616_02_T1.tif,80110
GAO20240611t201214p0000-J,2024-06-11T20:12:14+00:00,2024-06-11T18:29:19.024000+00:00,2024-06-12T18:27:24.135240+00:00,LC08_L2SP_041036_20240612_20250616_02_T1,../carbonmapper_data_s2_l2a/GAO20240611t201214p0000-J/s2_20240611T182919Z.tif,../carbonmapper_data_l89_l2sp/GAO20240611t201214p0000-J/l8_LC08_L2SP_041036_20240612_20250616_02_T1.tif,80110
GAO20240611t202024p0000-A,2024-06-11T20:20:24+00:00,2024-06-11T18:29:19.024000+00:00,2024-06-12T18:27:24.135240+00:00,LC08_L2SP_041036_20240612_20250616_02_T1,../carbonmapper_data_s2_l2a/GAO20240611t202024p0000-A/s2_20240611T182919Z.tif,../carbonmapper_data_l89_l2sp/GAO20240611t202024p0000-A/l8_LC08_L2SP_041036_20240612_20250616_02_T1.tif,79620
GAO20240611t202024p0000-C,2024-06-11T20:20:24+00:00,2024-06-11T18:29:19.024000+00:00,2024-06-12T18:27:24.135240+00:00,LC08_L2SP_041036_20240612_20250616_02_T1,../carbonmapper_data_s2_l2a/GAO20240611t202024p0000-C/s2_20240611T182919Z.tif,../carbonmapper_data_l89_l2sp/GAO20240611t202024p0000-C/l8_LC08_L2SP_041036_20240612_20250616_02_T1.tif,79620
GAO20240611t202024p0000-E,2024-06-11T20:20:24+00:00,2024-06-11T18:29:19.024000+00:00,2024-06-12T18:27:24.135240+00:00,LC08_L2SP_041036_20240612_20250616_02_T1,../carbonmapper_data_s2_l2a/GAO20240611t202024p0000-E/s2_20240611T182919Z.tif,../carbonmapper_data_l89_l2sp/GAO20240611t202024p0000-E/l8_LC08_L2SP_041036_20240612_20250616_02_T1.tif,79620
GAO20240611t202024p0000-F,2024-06-11T20:20:24+00:00,2024-06-11T18:29:19.024000+00:00,2024-06-12T18:27:24.135240+00:00,LC08_L2SP_041036_20240612_20250616_02_T1,../carbonmapper_data_s2_l2a/GAO20240611t202024p0000-F/s2_20240611T182919Z.tif,../carbonmapper_data_l89_l2sp/GAO20240611t202024p0000-F/l8_LC08_L2SP_041036_20240612_20250616_02_T1.tif,79620
GAO20240611t202024p0000-G,2024-06-11T20:20:24+00:00,2024-06-11T18:29:19.024000+00:00,2024-06-12T18:27:24.135240+00:00,LC08_L2SP_041036_20240612_20250616_02_T1,../carbonmapper_data_s2_l2a/GAO20240611t202024p0000-G/s2_20240611T182919Z.tif,../carbonmapper_data_l89_l2sp/GAO20240611t202024p0000-G/l8_LC08_L2SP_041036_20240612_20250616_02_T1.tif,79620
GAO20240611t202024p0000-H,2024-06-11T20:20:24+00:00,2024-06-11T18:29:19.024000+00:00,2024-06-12T18:27:24.135240+00:00,LC08_L2SP_041036_20240612_20250616_02_T1,../carbonmapper_data_s2_l2a/GAO20240611t202024p0000-H/s2_20240611T182919Z.tif,../carbonmapper_data_l89_l2sp/GAO20240611t202024p0000-H/l8_LC08_L2SP_041036_20240612_20250616_02_T1.tif,79620
GAO20240611t202024p0000-I,2024-06-11T20:20:24+00:00,2024-06-11T18:29:19.024000+00:00,2024-06-12T18:27:24.135240+00:00,LC08_L2SP_041036_20240612_20250616_02_T1,../carbonmapper_data_s2_l2a/GAO20240611t202024p0000-I/s2_20240611T182919Z.tif,../carbonmapper_data_l89_l2sp/GAO20240611t202024p0000-I/l8_LC08_L2SP_041036_20240612_20250616_02_T1.tif,79620
GAO20240611t202619p0000-A,2024-06-11T20:26:19+00:00,2024-06-11T18:29:19.024000+00:00,2024-06-11T18:33:48.471923+00:00,LC09_L2SP_042036_20240611_20240612_02_T1,../carbonmapper_data_s2_l2a/GAO20240611t202619p0000-A/s2_20240611T182919Z.tif,../carbonmapper_data_l89_l2sp/GAO20240611t202619p0000-A/l8_LC09_L2SP_042036_20240611_20240612_02_T1.tif,7019
GAO20240611t202619p0000-A,2024-06-11T20:26:19+00:00,2024-06-11T18:29:19.024000+00:00,2024-06-12T18:27:24.135240+00:00,LC08_L2SP_041036_20240612_20250616_02_T1,../carbonmapper_data_s2_l2a/GAO20240611t202619p0000-A/s2_20240611T182919Z.tif,../carbonmapper_data_l89_l2sp/GAO20240611t202619p0000-A/l8_LC08_L2SP_041036_20240612_20250616_02_T1.tif,79265
GAO20240611t202619p0000-B,2024-06-11T20:26:19+00:00,2024-06-11T18:29:19.024000+00:00,2024-06-11T18:33:48.471923+00:00,LC09_L2SP_042036_20240611_20240612_02_T1,../carbonmapper_data_s2_l2a/GAO20240611t202619p0000-B/s2_20240611T182919Z.tif,../carbonmapper_data_l89_l2sp/GAO20240611t202619p0000-B/l8_LC09_L2SP_042036_20240611_20240612_02_T1.tif,7019
GAO20240611t202619p0000-B,2024-06-11T20:26:19+00:00,2024-06-11T18:29:19.024000+00:00,2024-06-12T18:27:24.135240+00:00,LC08_L2SP_041036_20240612_20250616_02_T1,../carbonmapper_data_s2_l2a/GAO20240611t202619p0000-B/s2_20240611T182919Z.tif,../carbonmapper_data_l89_l2sp/GAO20240611t202619p0000-B/l8_LC08_L2SP_041036_20240612_20250616_02_T1.tif,79265
GAO20240611t202619p0000-C,2024-06-11T20:26:19+00:00,2024-06-11T18:29:19.024000+00:00,2024-06-11T18:33:48.471923+00:00,LC09_L2SP_042036_20240611_20240612_02_T1,../carbonmapper_data_s2_l2a/GAO20240611t202619p0000-C/s2_20240611T182919Z.tif,../carbonmapper_data_l89_l2sp/GAO20240611t202619p0000-C/l8_LC09_L2SP_042036_20240611_20240612_02_T1.tif,7019
GAO20240611t202619p0000-C,2024-06-11T20:26:19+00:00,2024-06-11T18:29:19.024000+00:00,2024-06-12T18:27:24.135240+00:00,LC08_L2SP_041036_20240612_20250616_02_T1,../carbonmapper_data_s2_l2a/GAO20240611t202619p0000-C/s2_20240611T182919Z.tif,../carbonmapper_data_l89_l2sp/GAO20240611t202619p0000-C/l8_LC08_L2SP_041036_20240612_20250616_02_T1.tif,79265
GAO20240611t203254p0000-A,2024-06-11T20:32:54+00:00,2024-06-11T18:29:19.024000+00:00,2024-06-12T18:27:24.135240+00:00,LC08_L2SP_041036_20240612_20250616_02_T1,../carbonmapper_data_s2_l2a/GAO20240611t203254p0000-A/s2_20240611T182919Z.tif,../carbonmapper_data_l89_l2sp/GAO20240611t203254p0000-A/l8_LC08_L2SP_041036_20240612_20250616_02_T1.tif,78870
GAO20240611t203254p0000-C,2024-06-11T20:32:54+00:00,2024-06-11T18:29:19.024000+00:00,2024-06-12T18:27:24.135240+00:00,LC08_L2SP_041036_20240612_20250616_02_T1,../carbonmapper_data_s2_l2a/GAO20240611t203254p0000-C/s2_20240611T182919Z.tif,../carbonmapper_data_l89_l2sp/GAO20240611t203254p0000-C/l8_LC08_L2SP_041036_20240612_20250616_02_T1.tif,78870
GAO20240611t203254p0000-E,2024-06-11T20:32:54+00:00,2024-06-11T18:29:19.024000+00:00,2024-06-12T18:27:24.135240+00:00,LC08_L2SP_041036_20240612_20250616_02_T1,../carbonmapper_data_s2_l2a/GAO20240611t203254p0000-E/s2_20240611T182919Z.tif,../carbonmapper_data_l89_l2sp/GAO20240611t203254p0000-E/l8_LC08_L2SP_041036_20240612_20250616_02_T1.tif,78870
GAO20240611t203254p0000-F,2024-06-11T20:32:54+00:00,2024-06-11T18:29:19.024000+00:00,2024-06-12T18:27:24.135240+00:00,LC08_L2SP_041036_20240612_20250616_02_T1,../carbonmapper_data_s2_l2a/GAO20240611t203254p0000-F/s2_20240611T182919Z.tif,../carbonmapper_data_l89_l2sp/GAO20240611t203254p0000-F/l8_LC08_L2SP_041036_20240612_20250616_02_T1.tif,78870
GAO20240611t203254p0000-G,2024-06-11T20:32:54+00:00,2024-06-11T18:29:19.024000+00:00,2024-06-12T18:27:24.135240+00:00,LC08_L2SP_041036_20240612_20250616_02_T1,../carbonmapper_data_s2_l2a/GAO20240611t203254p0000-G/s2_20240611T182919Z.tif,../carbonmapper_data_l89_l2sp/GAO20240611t203254p0000-G/l8_LC08_L2SP_041036_20240612_20250616_02_T1.tif,78870
GAO20240611t203734p0000-A,2024-06-11T20:37:34+00:00,2024-06-11T18:29:19.024000+00:00,2024-06-12T18:27:24.135240+00:00,LC08_L2SP_041036_20240612_20250616_02_T1,../carbonmapper_data_s2_l2a/GAO20240611t203734p0000-A/s2_20240611T182919Z.tif,../carbonmapper_data_l89_l2sp/GAO20240611t203734p0000-A/l8_LC08_L2SP_041036_20240612_20250616_02_T1.tif,78590
GAO20240611t203734p0000-B,2024-06-11T20:37:34+00:00,2024-06-11T18:29:19.024000+00:00,2024-06-12T18:27:24.135240+00:00,LC08_L2SP_041036_20240612_20250616_02_T1,../carbonmapper_data_s2_l2a/GAO20240611t203734p0000-B/s2_20240611T182919Z.tif,../carbonmapper_data_l89_l2sp/GAO20240611t203734p0000-B/l8_LC08_L2SP_041036_20240612_20250616_02_T1.tif,78590
GAO20240611t203734p0000-C,2024-06-11T20:37:34+00:00,2024-06-11T18:29:19.024000+00:00,2024-06-12T18:27:24.135240+00:00,LC08_L2SP_041036_20240612_20250616_02_T1,../carbonmapper_data_s2_l2a/GAO20240611t203734p0000-C/s2_20240611T182919Z.tif,../carbonmapper_data_l89_l2sp/GAO20240611t203734p0000-C/l8_LC08_L2SP_041036_20240612_20250616_02_T1.tif,78590
GAO20240611t203734p0000-F,2024-06-11T20:37:34+00:00,2024-06-11T18:29:19.024000+00:00,2024-06-12T18:27:24.135240+00:00,LC08_L2SP_041036_20240612_20250616_02_T1,../carbonmapper_data_s2_l2a/GAO20240611t203734p0000-F/s2_20240611T182919Z.tif,../carbonmapper_data_l89_l2sp/GAO20240611t203734p0000-F/l8_LC08_L2SP_041036_20240612_20250616_02_T1.tif,78590
GAO20240611t203734p0000-G,2024-06-11T20:37:34+00:00,2024-06-11T18:29:19.024000+00:00,2024-06-12T18:27:24.135240+00:00,LC08_L2SP_041036_20240612_20250616_02_T1,../carbonmapper_data_s2_l2a/GAO20240611t203734p0000-G/s2_20240611T182919Z.tif,../carbonmapper_data_l89_l2sp/GAO20240611t203734p0000-G/l8_LC08_L2SP_041036_20240612_20250616_02_T1.tif,78590
GAO20240611t204534p0000-A,2024-06-11T20:45:34+00:00,2024-06-11T18:29:19.024000+00:00,2024-06-12T18:27:24.135240+00:00,LC08_L2SP_041036_20240612_20250616_02_T1,../carbonmapper_data_s2_l2a/GAO20240611t204534p0000-A/s2_20240611T182919Z.tif,../carbonmapper_data_l89_l2sp/GAO20240611t204534p0000-A/l8_LC08_L2SP_041036_20240612_20250616_02_T1.tif,78110
GAO20240611t204534p0000-B,2024-06-11T20:45:34+00:00,2024-06-11T18:29:19.024000+00:00,2024-06-12T18:27:24.135240+00:00,LC08_L2SP_041036_20240612_20250616_02_T1,../carbonmapper_data_s2_l2a/GAO20240611t204534p0000-B/s2_20240611T182919Z.tif,../carbonmapper_data_l89_l2sp/GAO20240611t204534p0000-B/l8_LC08_L2SP_041036_20240612_20250616_02_T1.tif,78110
GAO20240611t204534p0000-C,2024-06-11T20:45:34+00:00,2024-06-11T18:29:19.024000+00:00,2024-06-12T18:27:24.135240+00:00,LC08_L2SP_041036_20240612_20250616_02_T1,../carbonmapper_data_s2_l2a/GAO20240611t204534p0000-C/s2_20240611T182919Z.tif,../carbonmapper_data_l89_l2sp/GAO20240611t204534p0000-C/l8_LC08_L2SP_041036_20240612_20250616_02_T1.tif,78110
GAO20240611t204534p0000-D,2024-06-11T20:45:34+00:00,2024-06-11T18:29:19.024000+00:00,2024-06-12T18:27:24.135240+00:00,LC08_L2SP_041036_20240612_20250616_02_T1,../carbonmapper_data_s2_l2a/GAO20240611t204534p0000-D/s2_20240611T182919Z.tif,../carbonmapper_data_l89_l2sp/GAO20240611t204534p0000-D/l8_LC08_L2SP_041036_20240612_20250616_02_T1.tif,78110
GAO20240611t204534p0000-E,2024-06-11T20:45:34+00:00,2024-06-11T18:29:19.024000+00:00,2024-06-12T18:27:24.135240+00:00,LC08_L2SP_041036_20240612_20250616_02_T1,../carbonmapper_data_s2_l2a/GAO20240611t204534p0000-E/s2_20240611T182919Z.tif,../carbonmapper_data_l89_l2sp/GAO20240611t204534p0000-E/l8_LC08_L2SP_041036_20240612_20250616_02_T1.tif,78110
GAO20240611t204534p0000-F,2024-06-11T20:45:34+00:00,2024-06-11T18:29:19.024000+00:00,2024-06-12T18:27:24.135240+00:00,LC08_L2SP_041036_20240612_20250616_02_T1,../carbonmapper_data_s2_l2a/GAO20240611t204534p0000-F/s2_20240611T182919Z.tif,../carbonmapper_data_l89_l2sp/GAO20240611t204534p0000-F/l8_LC08_L2SP_041036_20240612_20250616_02_T1.tif,78110
GAO20240611t205130p0000-A,2024-06-11T20:51:30+00:00,2024-06-11T18:29:19.024000+00:00,2024-06-11T18:33:48.471923+00:00,LC09_L2SP_042036_20240611_20240612_02_T1,../carbonmapper_data_s2_l2a/GAO20240611t205130p0000-A/s2_20240611T182919Z.tif,../carbonmapper_data_l89_l2sp/GAO20240611t205130p0000-A/l8_LC09_L2SP_042036_20240611_20240612_02_T1.tif,8530
GAO20240611t205130p0000-A,2024-06-11T20:51:30+00:00,2024-06-11T18:29:19.024000+00:00,2024-06-12T18:27:24.135240+00:00,LC08_L2SP_041036_20240612_20250616_02_T1,../carbonmapper_data_s2_l2a/GAO20240611t205130p0000-A/s2_20240611T182919Z.tif,../carbonmapper_data_l89_l2sp/GAO20240611t205130p0000-A/l8_LC08_L2SP_041036_20240612_20250616_02_T1.tif,77754
GAO20240611t205130p0000-C,2024-06-11T20:51:30+00:00,2024-06-11T18:29:19.024000+00:00,2024-06-11T18:33:48.471923+00:00,LC09_L2SP_042036_20240611_20240612_02_T1,../carbonmapper_data_s2_l2a/GAO20240611t205130p0000-C/s2_20240611T182919Z.tif,../carbonmapper_data_l89_l2sp/GAO20240611t205130p0000-C/l8_LC09_L2SP_042036_20240611_20240612_02_T1.tif,8530
GAO20240611t205130p0000-C,2024-06-11T20:51:30+00:00,2024-06-11T18:29:19.024000+00:00,2024-06-12T18:27:24.135240+00:00,LC08_L2SP_041036_20240612_20250616_02_T1,../carbonmapper_data_s2_l2a/GAO20240611t205130p0000-C/s2_20240611T182919Z.tif,../carbonmapper_data_l89_l2sp/GAO20240611t205130p0000-C/l8_LC08_L2SP_041036_20240612_20250616_02_T1.tif,77754
GAO20240611t205814p0000-A,2024-06-11T20:58:14+00:00,2024-06-11T18:29:19.024000+00:00,2024-06-12T18:27:24.135240+00:00,LC08_L2SP_041036_20240612_20250616_02_T1,../carbonmapper_data_s2_l2a/GAO20240611t205814p0000-A/s2_20240611T182919Z.tif,../carbonmapper_data_l89_l2sp/GAO20240611t205814p0000-A/l8_LC08_L2SP_041036_20240612_20250616_02_T1.tif,77350
GAO20240611t205814p0000-B,2024-06-11T20:58:14+00:00,2024-06-11T18:29:19.024000+00:00,2024-06-12T18:27:24.135240+00:00,LC08_L2SP_041036_20240612_20250616_02_T1,../carbonmapper_data_s2_l2a/GAO20240611t205814p0000-B/s2_20240611T182919Z.tif,../carbonmapper_data_l89_l2sp/GAO20240611t205814p0000-B/l8_LC08_L2SP_041036_20240612_20250616_02_T1.tif,77350
GAO20240611t205814p0000-D,2024-06-11T20:58:14+00:00,2024-06-11T18:29:19.024000+00:00,2024-06-12T18:27:24.135240+00:00,LC08_L2SP_041036_20240612_20250616_02_T1,../carbonmapper_data_s2_l2a/GAO20240611t205814p0000-D/s2_20240611T182919Z.tif,../carbonmapper_data_l89_l2sp/GAO20240611t205814p0000-D/l8_LC08_L2SP_041036_20240612_20250616_02_T1.tif,77350
GAO20240611t205814p0000-F,2024-06-11T20:58:14+00:00,2024-06-11T18:29:19.024000+00:00,2024-06-12T18:27:24.135240+00:00,LC08_L2SP_041036_20240612_20250616_02_T1,../carbonmapper_data_s2_l2a/GAO20240611t205814p0000-F/s2_20240611T182919Z.tif,../carbonmapper_data_l89_l2sp/GAO20240611t205814p0000-F/l8_LC08_L2SP_041036_20240612_20250616_02_T1.tif,77350
GAO20240611t210319p0000-A,2024-06-11T21:03:19+00:00,2024-06-11T18:29:19.024000+00:00,2024-06-12T18:27:24.135240+00:00,LC08_L2SP_041036_20240612_20250616_02_T1,../carbonmapper_data_s2_l2a/GAO20240611t210319p0000-A/s2_20240611T182919Z.tif,../carbonmapper_data_l89_l2sp/GAO20240611t210319p0000-A/l8_LC08_L2SP_041036_20240612_20250616_02_T1.tif,77045
GAO20240611t210319p0000-B,2024-06-11T21:03:19+00:00,2024-06-11T18:29:19.024000+00:00,2024-06-12T18:27:24.135240+00:00,LC08_L2SP_041036_20240612_20250616_02_T1,../carbonmapper_data_s2_l2a/GAO20240611t210319p0000-B/s2_20240611T182919Z.tif,../carbonmapper_data_l89_l2sp/GAO20240611t210319p0000-B/l8_LC08_L2SP_041036_20240612_20250616_02_T1.tif,77045
GAO20240611t210319p0000-C,2024-06-11T21:03:19+00:00,2024-06-11T18:29:19.024000+00:00,2024-06-12T18:27:24.135240+00:00,LC08_L2SP_041036_20240612_20250616_02_T1,../carbonmapper_data_s2_l2a/GAO20240611t210319p0000-C/s2_20240611T182919Z.tif,../carbonmapper_data_l89_l2sp/GAO20240611t210319p0000-C/l8_LC08_L2SP_041036_20240612_20250616_02_T1.tif,77045
GAO20240611t210319p0000-F,2024-06-11T21:03:19+00:00,2024-06-11T18:29:19.024000+00:00,2024-06-12T18:27:24.135240+00:00,LC08_L2SP_041036_20240612_20250616_02_T1,../carbonmapper_data_s2_l2a/GAO20240611t210319p0000-F/s2_20240611T182919Z.tif,../carbonmapper_data_l89_l2sp/GAO20240611t210319p0000-F/l8_LC08_L2SP_041036_20240612_20250616_02_T1.tif,77045
GAO20240611t211114p0000-A,2024-06-11T21:11:14+00:00,2024-06-11T18:29:19.024000+00:00,2024-06-12T18:27:24.135240+00:00,LC08_L2SP_041036_20240612_20250616_02_T1,../carbonmapper_data_s2_l2a/GAO20240611t211114p0000-A/s2_20240611T182919Z.tif,../carbonmapper_data_l89_l2sp/GAO20240611t211114p0000-A/l8_LC08_L2SP_041036_20240612_20250616_02_T1.tif,76570
GAO20240611t211114p0000-B,2024-06-11T21:11:14+00:00,2024-06-11T18:29:19.024000+00:00,2024-06-12T18:27:24.135240+00:00,LC08_L2SP_041036_20240612_20250616_02_T1,../carbonmapper_data_s2_l2a/GAO20240611t211114p0000-B/s2_20240611T182919Z.tif,../carbonmapper_data_l89_l2sp/GAO20240611t211114p0000-B/l8_LC08_L2SP_041036_20240612_20250616_02_T1.tif,76570
GAO20240611t211114p0000-C,2024-06-11T21:11:14+00:00,2024-06-11T18:29:19.024000+00:00,2024-06-12T18:27:24.135240+00:00,LC08_L2SP_041036_20240612_20250616_02_T1,../carbonmapper_data_s2_l2a/GAO20240611t211114p0000-C/s2_20240611T182919Z.tif,../carbonmapper_data_l89_l2sp/GAO20240611t211114p0000-C/l8_LC08_L2SP_041036_20240612_20250616_02_T1.tif,76570
GAO20240611t211114p0000-D,2024-06-11T21:11:14+00:00,2024-06-11T18:29:19.024000+00:00,2024-06-12T18:27:24.135240+00:00,LC08_L2SP_041036_20240612_20250616_02_T1,../carbonmapper_data_s2_l2a/GAO20240611t211114p0000-D/s2_20240611T182919Z.tif,../carbonmapper_data_l89_l2sp/GAO20240611t211114p0000-D/l8_LC08_L2SP_041036_20240612_20250616_02_T1.tif,76570
GAO20240611t211114p0000-E,2024-06-11T21:11:14+00:00,2024-06-11T18:29:19.024000+00:00,2024-06-12T18:27:24.135240+00:00,LC08_L2SP_041036_20240612_20250616_02_T1,../carbonmapper_data_s2_l2a/GAO20240611t211114p0000-E/s2_20240611T182919Z.tif,../carbonmapper_data_l89_l2sp/GAO20240611t211114p0000-E/l8_LC08_L2SP_041036_20240612_20250616_02_T1.tif,76570
GAO20240611t211739p0000-A,2024-06-11T21:17:39+00:00,2024-06-11T18:29:19.024000+00:00,2024-06-11T18:33:48.471923+00:00,LC09_L2SP_042036_20240611_20240612_02_T1,../carbonmapper_data_s2_l2a/GAO20240611t211739p0000-A/s2_20240611T182919Z.tif,../carbonmapper_data_l89_l2sp/GAO20240611t211739p0000-A/l8_LC09_L2SP_042036_20240611_20240612_02_T1.tif,10099
GAO20240611t211739p0000-A,2024-06-11T21:17:39+00:00,2024-06-11T18:29:19.024000+00:00,2024-06-12T18:27:24.135240+00:00,LC08_L2SP_041036_20240612_20250616_02_T1,../carbonmapper_data_s2_l2a/GAO20240611t211739p0000-A/s2_20240611T182919Z.tif,../carbonmapper_data_l89_l2sp/GAO20240611t211739p0000-A/l8_LC08_L2SP_041036_20240612_20250616_02_T1.tif,76185
GAO20240611t211739p0000-B,2024-06-11T21:17:39+00:00,2024-06-11T18:29:19.024000+00:00,2024-06-11T18:33:48.471923+00:00,LC09_L2SP_042036_20240611_20240612_02_T1,../carbonmapper_data_s2_l2a/GAO20240611t211739p0000-B/s2_20240611T182919Z.tif,../carbonmapper_data_l89_l2sp/GAO20240611t211739p0000-B/l8_LC09_L2SP_042036_20240611_20240612_02_T1.tif,10099
GAO20240611t211739p0000-B,2024-06-11T21:17:39+00:00,2024-06-11T18:29:19.024000+00:00,2024-06-12T18:27:24.135240+00:00,LC08_L2SP_041036_20240612_20250616_02_T1,../carbonmapper_data_s2_l2a/GAO20240611t211739p0000-B/s2_20240611T182919Z.tif,../carbonmapper_data_l89_l2sp/GAO20240611t211739p0000-B/l8_LC08_L2SP_041036_20240612_20250616_02_T1.tif,76185
GAO20240611t212434p0000-A,2024-06-11T21:24:34+00:00,2024-06-11T18:29:19.024000+00:00,2024-06-12T18:27:24.135240+00:00,LC08_L2SP_041036_20240612_20250616_02_T1,../carbonmapper_data_s2_l2a/GAO20240611t212434p0000-A/s2_20240611T182919Z.tif,../carbonmapper_data_l89_l2sp/GAO20240611t212434p0000-A/l8_LC08_L2SP_041036_20240612_20250616_02_T1.tif,75770
GAO20240611t212434p0000-B,2024-06-11T21:24:34+00:00,2024-06-11T18:29:19.024000+00:00,2024-06-12T18:27:24.135240+00:00,LC08_L2SP_041036_20240612_20250616_02_T1,../carbonmapper_data_s2_l2a/GAO20240611t212434p0000-B/s2_20240611T182919Z.tif,../carbonmapper_data_l89_l2sp/GAO20240611t212434p0000-B/l8_LC08_L2SP_041036_20240612_20250616_02_T1.tif,75770
GAO20240611t212434p0000-C,2024-06-11T21:24:34+00:00,2024-06-11T18:29:19.024000+00:00,2024-06-12T18:27:24.135240+00:00,LC08_L2SP_041036_20240612_20250616_02_T1,../carbonmapper_data_s2_l2a/GAO20240611t212434p0000-C/s2_20240611T182919Z.tif,../carbonmapper_data_l89_l2sp/GAO20240611t212434p0000-C/l8_LC08_L2SP_041036_20240612_20250616_02_T1.tif,75770
GAO20240611t212434p0000-E,2024-06-11T21:24:34+00:00,2024-06-11T18:29:19.024000+00:00,2024-06-12T18:27:24.135240+00:00,LC08_L2SP_041036_20240612_20250616_02_T1,../carbonmapper_data_s2_l2a/GAO20240611t212434p0000-E/s2_20240611T182919Z.tif,../carbonmapper_data_l89_l2sp/GAO20240611t212434p0000-E/l8_LC08_L2SP_041036_20240612_20250616_02_T1.tif,75770
GAO20240611t212434p0000-F,2024-06-11T21:24:34+00:00,2024-06-11T18:29:19.024000+00:00,2024-06-12T18:27:24.135240+00:00,LC08_L2SP_041036_20240612_20250616_02_T1,../carbonmapper_data_s2_l2a/GAO20240611t212434p0000-F/s2_20240611T182919Z.tif,../carbonmapper_data_l89_l2sp/GAO20240611t212434p0000-F/l8_LC08_L2SP_041036_20240612_20250616_02_T1.tif,75770
GAO20240611t212434p0000-H,2024-06-11T21:24:34+00:00,2024-06-11T18:29:19.024000+00:00,2024-06-12T18:27:24.135240+00:00,LC08_L2SP_041036_20240612_20250616_02_T1,../carbonmapper_data_s2_l2a/GAO20240611t212434p0000-H/s2_20240611T182919Z.tif,../carbonmapper_data_l89_l2sp/GAO20240611t212434p0000-H/l8_LC08_L2SP_041036_20240612_20250616_02_T1.tif,75770
GAO20240611t212911p0000-A,2024-06-11T21:29:11+00:00,2024-06-11T18:29:19.024000+00:00,2024-06-12T18:27:24.135240+00:00,LC08_L2SP_041036_20240612_20250616_02_T1,../carbonmapper_data_s2_l2a/GAO20240611t212911p0000-A/s2_20240611T182919Z.tif,../carbonmapper_data_l89_l2sp/GAO20240611t212911p0000-A/l8_LC08_L2SP_041036_20240612_20250616_02_T1.tif,75493
GAO20240611t212911p0000-B,2024-06-11T21:29:11+00:00,2024-06-11T18:29:19.024000+00:00,2024-06-12T18:27:24.135240+00:00,LC08_L2SP_041036_20240612_20250616_02_T1,../carbonmapper_data_s2_l2a/GAO20240611t212911p0000-B/s2_20240611T182919Z.tif,../carbonmapper_data_l89_l2sp/GAO20240611t212911p0000-B/l8_LC08_L2SP_041036_20240612_20250616_02_T1.tif,75493
GAO20240611t212911p0000-C,2024-06-11T21:29:11+00:00,2024-06-11T18:29:19.024000+00:00,2024-06-12T18:27:24.135240+00:00,LC08_L2SP_041036_20240612_20250616_02_T1,../carbonmapper_data_s2_l2a/GAO20240611t212911p0000-C/s2_20240611T182919Z.tif,../carbonmapper_data_l89_l2sp/GAO20240611t212911p0000-C/l8_LC08_L2SP_041036_20240612_20250616_02_T1.tif,75493
GAO20240611t212911p0000-D,2024-06-11T21:29:11+00:00,2024-06-11T18:29:19.024000+00:00,2024-06-12T18:27:24.135240+00:00,LC08_L2SP_041036_20240612_20250616_02_T1,../carbonmapper_data_s2_l2a/GAO20240611t212911p0000-D/s2_20240611T182919Z.tif,../carbonmapper_data_l89_l2sp/GAO20240611t212911p0000-D/l8_LC08_L2SP_041036_20240612_20250616_02_T1.tif,75493
GAO20240611t213705p0000-A,2024-06-11T21:37:05+00:00,2024-06-11T18:29:19.024000+00:00,2024-06-12T18:27:24.135240+00:00,LC08_L2SP_041036_20240612_20250616_02_T1,../carbonmapper_data_s2_l2a/GAO20240611t213705p0000-A/s2_20240611T182919Z.tif,../carbonmapper_data_l89_l2sp/GAO20240611t213705p0000-A/l8_LC08_L2SP_041036_20240612_20250616_02_T1.tif,75019
GAO20240611t213705p0000-B,2024-06-11T21:37:05+00:00,2024-06-11T18:29:19.024000+00:00,2024-06-12T18:27:24.135240+00:00,LC08_L2SP_041036_20240612_20250616_02_T1,../carbonmapper_data_s2_l2a/GAO20240611t213705p0000-B/s2_20240611T182919Z.tif,../carbonmapper_data_l89_l2sp/GAO20240611t213705p0000-B/l8_LC08_L2SP_041036_20240612_20250616_02_T1.tif,75019
GAO20240611t213705p0000-D,2024-06-11T21:37:05+00:00,2024-06-11T18:29:19.024000+00:00,2024-06-12T18:27:24.135240+00:00,LC08_L2SP_041036_20240612_20250616_02_T1,../carbonmapper_data_s2_l2a/GAO20240611t213705p0000-D/s2_20240611T182919Z.tif,../carbonmapper_data_l89_l2sp/GAO20240611t213705p0000-D/l8_LC08_L2SP_041036_20240612_20250616_02_T1.tif,75019
GAO20240611t213705p0000-E,2024-06-11T21:37:05+00:00,2024-06-11T18:29:19.024000+00:00,2024-06-12T18:27:24.135240+00:00,LC08_L2SP_041036_20240612_20250616_02_T1,../carbonmapper_data_s2_l2a/GAO20240611t213705p0000-E/s2_20240611T182919Z.tif,../carbonmapper_data_l89_l2sp/GAO20240611t213705p0000-E/l8_LC08_L2SP_041036_20240612_20250616_02_T1.tif,75019
GAO20240611t214309p0000-A,2024-06-11T21:43:09+00:00,2024-06-11T18:29:19.024000+00:00,2024-06-11T18:33:48.471923+00:00,LC09_L2SP_042036_20240611_20240612_02_T1,../carbonmapper_data_s2_l2a/GAO20240611t214309p0000-A/s2_20240611T182919Z.tif,../carbonmapper_data_l89_l2sp/GAO20240611t214309p0000-A/l8_LC09_L2SP_042036_20240611_20240612_02_T1.tif,11629
GAO20240611t214309p0000-A,2024-06-11T21:43:09+00:00,2024-06-11T18:29:19.024000+00:00,2024-06-12T18:27:24.135240+00:00,LC08_L2SP_041036_20240612_20250616_02_T1,../carbonmapper_data_s2_l2a/GAO20240611t214309p0000-A/s2_20240611T182919Z.tif,../carbonmapper_data_l89_l2sp/GAO20240611t214309p0000-A/l8_LC08_L2SP_041036_20240612_20250616_02_T1.tif,74655
GAO20240611t214309p0000-B,2024-06-11T21:43:09+00:00,2024-06-11T18:29:19.024000+00:00,2024-06-11T18:33:48.471923+00:00,LC09_L2SP_042036_20240611_20240612_02_T1,../carbonmapper_data_s2_l2a/GAO20240611t214309p0000-B/s2_20240611T182919Z.tif,../carbonmapper_data_l89_l2sp/GAO20240611t214309p0000-B/l8_LC09_L2SP_042036_20240611_20240612_02_T1.tif,11629
GAO20240611t214309p0000-B,2024-06-11T21:43:09+00:00,2024-06-11T18:29:19.024000+00:00,2024-06-12T18:27:24.135240+00:00,LC08_L2SP_041036_20240612_20250616_02_T1,../carbonmapper_data_s2_l2a/GAO20240611t214309p0000-B/s2_20240611T182919Z.tif,../carbonmapper_data_l89_l2sp/GAO20240611t214309p0000-B/l8_LC08_L2SP_041036_20240612_20250616_02_T1.tif,74655
GAO20240611t215009p0000-A,2024-06-11T21:50:09+00:00,2024-06-11T18:29:19.024000+00:00,2024-06-12T18:27:24.135240+00:00,LC08_L2SP_041036_20240612_20250616_02_T1,../carbonmapper_data_s2_l2a/GAO20240611t215009p0000-A/s2_20240611T182919Z.tif,../carbonmapper_data_l89_l2sp/GAO20240611t215009p0000-A/l8_LC08_L2SP_041036_20240612_20250616_02_T1.tif,74235
GAO20240611t215009p0000-D,2024-06-11T21:50:09+00:00,2024-06-11T18:29:19.024000+00:00,2024-06-12T18:27:24.135240+00:00,LC08_L2SP_041036_20240612_20250616_02_T1,../carbonmapper_data_s2_l2a/GAO20240611t215009p0000-D/s2_20240611T182919Z.tif,../carbonmapper_data_l89_l2sp/GAO20240611t215009p0000-D/l8_LC08_L2SP_041036_20240612_20250616_02_T1.tif,74235
GAO20240611t215009p0000-E,2024-06-11T21:50:09+00:00,2024-06-11T18:29:19.024000+00:00,2024-06-12T18:27:24.135240+00:00,LC08_L2SP_041036_20240612_20250616_02_T1,../carbonmapper_data_s2_l2a/GAO20240611t215009p0000-E/s2_20240611T182919Z.tif,../carbonmapper_data_l89_l2sp/GAO20240611t215009p0000-E/l8_LC08_L2SP_041036_20240612_20250616_02_T1.tif,74235
GAO20240611t215009p0000-F,2024-06-11T21:50:09+00:00,2024-06-11T18:29:19.024000+00:00,2024-06-12T18:27:24.135240+00:00,LC08_L2SP_041036_20240612_20250616_02_T1,../carbonmapper_data_s2_l2a/GAO20240611t215009p0000-F/s2_20240611T182919Z.tif,../carbonmapper_data_l89_l2sp/GAO20240611t215009p0000-F/l8_LC08_L2SP_041036_20240612_20250616_02_T1.tif,74235
GAO20240611t215500p0000-A,2024-06-11T21:55:00+00:00,2024-06-11T18:29:19.024000+00:00,2024-06-12T18:27:24.135240+00:00,LC08_L2SP_041036_20240612_20250616_02_T1,../carbonmapper_data_s2_l2a/GAO20240611t215500p0000-A/s2_20240611T182919Z.tif,../carbonmapper_data_l89_l2sp/GAO20240611t215500p0000-A/l8_LC08_L2SP_041036_20240612_20250616_02_T1.tif,73944
GAO20240611t215500p0000-B,2024-06-11T21:55:00+00:00,2024-06-11T18:29:19.024000+00:00,2024-06-12T18:27:24.135240+00:00,LC08_L2SP_041036_20240612_20250616_02_T1,../carbonmapper_data_s2_l2a/GAO20240611t215500p0000-B/s2_20240611T182919Z.tif,../carbonmapper_data_l89_l2sp/GAO20240611t215500p0000-B/l8_LC08_L2SP_041036_20240612_20250616_02_T1.tif,73944
GAO20240611t215500p0000-C,2024-06-11T21:55:00+00:00,2024-06-11T18:29:19.024000+00:00,2024-06-12T18:27:24.135240+00:00,LC08_L2SP_041036_20240612_20250616_02_T1,../carbonmapper_data_s2_l2a/GAO20240611t215500p0000-C/s2_20240611T182919Z.tif,../carbonmapper_data_l89_l2sp/GAO20240611t215500p0000-C/l8_LC08_L2SP_041036_20240612_20250616_02_T1.tif,73944
GAO20240611t215500p0000-F,2024-06-11T21:55:00+00:00,2024-06-11T18:29:19.024000+00:00,2024-06-12T18:27:24.135240+00:00,LC08_L2SP_041036_20240612_20250616_02_T1,../carbonmapper_data_s2_l2a/GAO20240611t215500p0000-F/s2_20240611T182919Z.tif,../carbonmapper_data_l89_l2sp/GAO20240611t215500p0000-F/l8_LC08_L2SP_041036_20240612_20250616_02_T1.tif,73944
GAO20240611t215500p0000-H,2024-06-11T21:55:00+00:00,2024-06-11T18:29:19.024000+00:00,2024-06-12T18:27:24.135240+00:00,LC08_L2SP_041036_20240612_20250616_02_T1,../carbonmapper_data_s2_l2a/GAO20240611t215500p0000-H/s2_20240611T182919Z.tif,../carbonmapper_data_l89_l2sp/GAO20240611t215500p0000-H/l8_LC08_L2SP_041036_20240612_20250616_02_T1.tif,73944
GAO20240611t220309p0000-B,2024-06-11T22:03:09+00:00,2024-06-11T18:29:19.024000+00:00,2024-06-12T18:27:24.135240+00:00,LC08_L2SP_041036_20240612_20250616_02_T1,../carbonmapper_data_s2_l2a/GAO20240611t220309p0000-B/s2_20240611T182919Z.tif,../carbonmapper_data_l89_l2sp/GAO20240611t220309p0000-B/l8_LC08_L2SP_041036_20240612_20250616_02_T1.tif,73455
GAO20240611t220309p0000-C,2024-06-11T22:03:09+00:00,2024-06-11T18:29:19.024000+00:00,2024-06-12T18:27:24.135240+00:00,LC08_L2SP_041036_20240612_20250616_02_T1,../carbonmapper_data_s2_l2a/GAO20240611t220309p0000-C/s2_20240611T182919Z.tif,../carbonmapper_data_l89_l2sp/GAO20240611t220309p0000-C/l8_LC08_L2SP_041036_20240612_20250616_02_T1.tif,73455
GAO20240611t220309p0000-D,2024-06-11T22:03:09+00:00,2024-06-11T18:29:19.024000+00:00,2024-06-12T18:27:24.135240+00:00,LC08_L2SP_041036_20240612_20250616_02_T1,../carbonmapper_data_s2_l2a/GAO20240611t220309p0000-D/s2_20240611T182919Z.tif,../carbonmapper_data_l89_l2sp/GAO20240611t220309p0000-D/l8_LC08_L2SP_041036_20240612_20250616_02_T1.tif,73455
GAO20240611t220924p0000-A,2024-06-11T22:09:24+00:00,2024-06-11T18:29:19.024000+00:00,2024-06-11T18:33:48.471923+00:00,LC09_L2SP_042036_20240611_20240612_02_T1,../carbonmapper_data_s2_l2a/GAO20240611t220924p0000-A/s2_20240611T182919Z.tif,../carbonmapper_data_l89_l2sp/GAO20240611t220924p0000-A/l8_LC09_L2SP_042036_20240611_20240612_02_T1.tif,13204
GAO20240611t220924p0000-A,2024-06-11T22:09:24+00:00,2024-06-11T18:29:19.024000+00:00,2024-06-12T18:27:24.135240+00:00,LC08_L2SP_041036_20240612_20250616_02_T1,../carbonmapper_data_s2_l2a/GAO20240611t220924p0000-A/s2_20240611T182919Z.tif,../carbonmapper_data_l89_l2sp/GAO20240611t220924p0000-A/l8_LC08_L2SP_041036_20240612_20250616_02_T1.tif,73080
GAO20240611t220924p0000-C,2024-06-11T22:09:24+00:00,2024-06-11T18:29:19.024000+00:00,2024-06-11T18:33:48.471923+00:00,LC09_L2SP_042036_20240611_20240612_02_T1,../carbonmapper_data_s2_l2a/GAO20240611t220924p0000-C/s2_20240611T182919Z.tif,../carbonmapper_data_l89_l2sp/GAO20240611t220924p0000-C/l8_LC09_L2SP_042036_20240611_20240612_02_T1.tif,13204
GAO20240611t220924p0000-C,2024-06-11T22:09:24+00:00,2024-06-11T18:29:19.024000+00:00,2024-06-12T18:27:24.135240+00:00,LC08_L2SP_041036_20240612_20250616_02_T1,../carbonmapper_data_s2_l2a/GAO20240611t220924p0000-C/s2_20240611T182919Z.tif,../carbonmapper_data_l89_l2sp/GAO20240611t220924p0000-C/l8_LC08_L2SP_041036_20240612_20250616_02_T1.tif,73080
GAO20240611t221549p0000-A,2024-06-11T22:15:49+00:00,2024-06-11T18:29:19.024000+00:00,2024-06-12T18:27:24.135240+00:00,LC08_L2SP_041036_20240612_20250616_02_T1,../carbonmapper_data_s2_l2a/GAO20240611t221549p0000-A/s2_20240611T182919Z.tif,../carbonmapper_data_l89_l2sp/GAO20240611t221549p0000-A/l8_LC08_L2SP_041036_20240612_20250616_02_T1.tif,72695
GAO20240611t221549p0000-D,2024-06-11T22:15:49+00:00,2024-06-11T18:29:19.024000+00:00,2024-06-12T18:27:24.135240+00:00,LC08_L2SP_041036_20240612_20250616_02_T1,../carbonmapper_data_s2_l2a/GAO20240611t221549p0000-D/s2_20240611T182919Z.tif,../carbonmapper_data_l89_l2sp/GAO20240611t221549p0000-D/l8_LC08_L2SP_041036_20240612_20250616_02_T1.tif,72695
GAO20240611t222106p0000-B,2024-06-11T22:21:06+00:00,2024-06-11T18:29:19.024000+00:00,2024-06-12T18:27:24.135240+00:00,LC08_L2SP_041036_20240612_20250616_02_T1,../carbonmapper_data_s2_l2a/GAO20240611t222106p0000-B/s2_20240611T182919Z.tif,../carbonmapper_data_l89_l2sp/GAO20240611t222106p0000-B/l8_LC08_L2SP_041036_20240612_20250616_02_T1.tif,72378
GAO20240611t222106p0000-C,2024-06-11T22:21:06+00:00,2024-06-11T18:29:19.024000+00:00,2024-06-12T18:27:24.135240+00:00,LC08_L2SP_041036_20240612_20250616_02_T1,../carbonmapper_data_s2_l2a/GAO20240611t222106p0000-C/s2_20240611T182919Z.tif,../carbonmapper_data_l89_l2sp/GAO20240611t222106p0000-C/l8_LC08_L2SP_041036_20240612_20250616_02_T1.tif,72378
GAO20240611t222106p0000-D,2024-06-11T22:21:06+00:00,2024-06-11T18:29:19.024000+00:00,2024-06-12T18:27:24.135240+00:00,LC08_L2SP_041036_20240612_20250616_02_T1,../carbonmapper_data_s2_l2a/GAO20240611t222106p0000-D/s2_20240611T182919Z.tif,../carbonmapper_data_l89_l2sp/GAO20240611t222106p0000-D/l8_LC08_L2SP_041036_20240612_20250616_02_T1.tif,72378
GAO20240611t222106p0000-E,2024-06-11T22:21:06+00:00,2024-06-11T18:29:19.024000+00:00,2024-06-12T18:27:24.135240+00:00,LC08_L2SP_041036_20240612_20250616_02_T1,../carbonmapper_data_s2_l2a/GAO20240611t222106p0000-E/s2_20240611T182919Z.tif,../carbonmapper_data_l89_l2sp/GAO20240611t222106p0000-E/l8_LC08_L2SP_041036_20240612_20250616_02_T1.tif,72378
GAO20240611t222106p0000-F,2024-06-11T22:21:06+00:00,2024-06-11T18:29:19.024000+00:00,2024-06-12T18:27:24.135240+00:00,LC08_L2SP_041036_20240612_20250616_02_T1,../carbonmapper_data_s2_l2a/GAO20240611t222106p0000-F/s2_20240611T182919Z.tif,../carbonmapper_data_l89_l2sp/GAO20240611t222106p0000-F/l8_LC08_L2SP_041036_20240612_20250616_02_T1.tif,72378
GAO20240611t222905p0000-A,2024-06-11T22:29:05+00:00,2024-06-11T18:29:19.024000+00:00,2024-06-12T18:27:24.135240+00:00,LC08_L2SP_041036_20240612_20250616_02_T1,../carbonmapper_data_s2_l2a/GAO20240611t222905p0000-A/s2_20240611T182919Z.tif,../carbonmapper_data_l89_l2sp/GAO20240611t222905p0000-A/l8_LC08_L2SP_041036_20240612_20250616_02_T1.tif,71899
GAO20240611t222905p0000-C,2024-06-11T22:29:05+00:00,2024-06-11T18:29:19.024000+00:00,2024-06-12T18:27:24.135240+00:00,LC08_L2SP_041036_20240612_20250616_02_T1,../carbonmapper_data_s2_l2a/GAO20240611t222905p0000-C/s2_20240611T182919Z.tif,../carbonmapper_data_l89_l2sp/GAO20240611t222905p0000-C/l8_LC08_L2SP_041036_20240612_20250616_02_T1.tif,71899
GAO20240611t222905p0000-E,2024-06-11T22:29:05+00:00,2024-06-11T18:29:19.024000+00:00,2024-06-12T18:27:24.135240+00:00,LC08_L2SP_041036_20240612_20250616_02_T1,../carbonmapper_data_s2_l2a/GAO20240611t222905p0000-E/s2_20240611T182919Z.tif,../carbonmapper_data_l89_l2sp/GAO20240611t222905p0000-E/l8_LC08_L2SP_041036_20240612_20250616_02_T1.tif,71899
GAO20240611t223539p0000-A,2024-06-11T22:35:39+00:00,2024-06-11T18:29:19.024000+00:00,2024-06-11T18:33:48.471923+00:00,LC09_L2SP_042036_20240611_20240612_02_T1,../carbonmapper_data_s2_l2a/GAO20240611t223539p0000-A/s2_20240611T182919Z.tif,../carbonmapper_data_l89_l2sp/GAO20240611t223539p0000-A/l8_LC09_L2SP_042036_20240611_20240612_02_T1.tif,14779
GAO20240611t223539p0000-A,2024-06-11T22:35:39+00:00,2024-06-11T18:29:19.024000+00:00,2024-06-12T18:27:24.135240+00:00,LC08_L2SP_041036_20240612_20250616_02_T1,../carbonmapper_data_s2_l2a/GAO20240611t223539p0000-A/s2_20240611T182919Z.tif,../carbonmapper_data_l89_l2sp/GAO20240611t223539p0000-A/l8_LC08_L2SP_041036_20240612_20250616_02_T1.tif,71505
GAO20240611t223539p0000-B,2024-06-11T22:35:39+00:00,2024-06-11T18:29:19.024000+00:00,2024-06-11T18:33:48.471923+00:00,LC09_L2SP_042036_20240611_20240612_02_T1,../carbonmapper_data_s2_l2a/GAO20240611t223539p0000-B/s2_20240611T182919Z.tif,../carbonmapper_data_l89_l2sp/GAO20240611t223539p0000-B/l8_LC09_L2SP_042036_20240611_20240612_02_T1.tif,14779
GAO20240611t223539p0000-B,2024-06-11T22:35:39+00:00,2024-06-11T18:29:19.024000+00:00,2024-06-12T18:27:24.135240+00:00,LC08_L2SP_041036_20240612_20250616_02_T1,../carbonmapper_data_s2_l2a/GAO20240611t223539p0000-B/s2_20240611T182919Z.tif,../carbonmapper_data_l89_l2sp/GAO20240611t223539p0000-B/l8_LC08_L2SP_041036_20240612_20250616_02_T1.tif,71505
GAO20240611t224204p0000-A,2024-06-11T22:42:04+00:00,2024-06-11T18:29:19.024000+00:00,2024-06-12T18:27:24.135240+00:00,LC08_L2SP_041036_20240612_20250616_02_T1,../carbonmapper_data_s2_l2a/GAO20240611t224204p0000-A/s2_20240611T182919Z.tif,../carbonmapper_data_l89_l2sp/GAO20240611t224204p0000-A/l8_LC08_L2SP_041036_20240612_20250616_02_T1.tif,71120
GAO20240611t224204p0000-C,2024-06-11T22:42:04+00:00,2024-06-11T18:29:19.024000+00:00,2024-06-12T18:27:24.135240+00:00,LC08_L2SP_041036_20240612_20250616_02_T1,../carbonmapper_data_s2_l2a/GAO20240611t224204p0000-C/s2_20240611T182919Z.tif,../carbonmapper_data_l89_l2sp/GAO20240611t224204p0000-C/l8_LC08_L2SP_041036_20240612_20250616_02_T1.tif,71120
GAO20240611t224204p0000-D,2024-06-11T22:42:04+00:00,2024-06-11T18:29:19.024000+00:00,2024-06-12T18:27:24.135240+00:00,LC08_L2SP_041036_20240612_20250616_02_T1,../carbonmapper_data_s2_l2a/GAO20240611t224204p0000-D/s2_20240611T182919Z.tif,../carbonmapper_data_l89_l2sp/GAO20240611t224204p0000-D/l8_LC08_L2SP_041036_20240612_20250616_02_T1.tif,71120
GAO20240611t224700p0000-A,2024-06-11T22:47:00+00:00,2024-06-11T18:29:19.024000+00:00,2024-06-12T18:27:24.135240+00:00,LC08_L2SP_041036_20240612_20250616_02_T1,../carbonmapper_data_s2_l2a/GAO20240611t224700p0000-A/s2_20240611T182919Z.tif,../carbonmapper_data_l89_l2sp/GAO20240611t224700p0000-A/l8_LC08_L2SP_041036_20240612_20250616_02_T1.tif,70824
GAO20240611t224700p0000-B,2024-06-11T22:47:00+00:00,2024-06-11T18:29:19.024000+00:00,2024-06-12T18:27:24.135240+00:00,LC08_L2SP_041036_20240612_20250616_02_T1,../carbonmapper_data_s2_l2a/GAO20240611t224700p0000-B/s2_20240611T182919Z.tif,../carbonmapper_data_l89_l2sp/GAO20240611t224700p0000-B/l8_LC08_L2SP_041036_20240612_20250616_02_T1.tif,70824
GAO20240611t224700p0000-C,2024-06-11T22:47:00+00:00,2024-06-11T18:29:19.024000+00:00,2024-06-12T18:27:24.135240+00:00,LC08_L2SP_041036_20240612_20250616_02_T1,../carbonmapper_data_s2_l2a/GAO20240611t224700p0000-C/s2_20240611T182919Z.tif,../carbonmapper_data_l89_l2sp/GAO20240611t224700p0000-C/l8_LC08_L2SP_041036_20240612_20250616_02_T1.tif,70824
GAO20240611t224700p0000-F,2024-06-11T22:47:00+00:00,2024-06-11T18:29:19.024000+00:00,2024-06-12T18:27:24.135240+00:00,LC08_L2SP_041036_20240612_20250616_02_T1,../carbonmapper_data_s2_l2a/GAO20240611t224700p0000-F/s2_20240611T182919Z.tif,../carbonmapper_data_l89_l2sp/GAO20240611t224700p0000-F/l8_LC08_L2SP_041036_20240612_20250616_02_T1.tif,70824
ang20160925t201200-A,2016-09-25T20:12:00+00:00,2016-09-26T18:31:22.026000+00:00,2016-09-26T18:28:33.952205+00:00,LC08_L2SP_041036_20160926_20200906_02_T1,../carbonmapper_data_s2_l2a/ang20160925t201200-A/s2_20160926T183122Z.tif,../carbonmapper_data_l89_l2sp/ang20160925t201200-A/l8_LC08_L2SP_041036_20160926_20200906_02_T1.tif,80362
ang20160925t201200-C,2016-09-25T20:12:00+00:00,2016-09-26T18:31:22.026000+00:00,2016-09-26T18:28:33.952205+00:00,LC08_L2SP_041036_20160926_20200906_02_T1,../carbonmapper_data_s2_l2a/ang20160925t201200-C/s2_20160926T183122Z.tif,../carbonmapper_data_l89_l2sp/ang20160925t201200-C/l8_LC08_L2SP_041036_20160926_20200906_02_T1.tif,80362
ang20161006t175913-A,2016-10-06T17:59:13+00:00,2016-10-06T18:44:22.026000+00:00,2016-10-05T18:22:25.752109+00:00,LC08_L2SP_040036_20161005_20200906_02_T1,../carbonmapper_data_s2_l2a/ang20161006t175913-A/s2_20161006T184422Z.tif,../carbonmapper_data_l89_l2sp/ang20161006t175913-A/l8_LC08_L2SP_040036_20161005_20200906_02_T1.tif,85007
ang20161006t175913-A,2016-10-06T17:59:13+00:00,2016-10-06T18:44:22.026000+00:00,2016-10-05T18:22:49.634675+00:00,LC08_L2SP_040037_20161005_20200906_02_T1,../carbonmapper_data_s2_l2a/ang20161006t175913-A/s2_20161006T184422Z.tif,../carbonmapper_data_l89_l2sp/ang20161006t175913-A/l8_LC08_L2SP_040037_20161005_20200906_02_T1.tif,84983
ang20161006t180917-A,2016-10-06T18:09:17+00:00,2016-10-06T18:44:22.026000+00:00,2016-10-05T18:22:25.752109+00:00,LC08_L2SP_040036_20161005_20200906_02_T1,../carbonmapper_data_s2_l2a/ang20161006t180917-A/s2_20161006T184422Z.tif,../carbonmapper_data_l89_l2sp/ang20161006t180917-A/l8_LC08_L2SP_040036_20161005_20200906_02_T1.tif,85611
ang20161006t180917-A,2016-10-06T18:09:17+00:00,2016-10-06T18:44:22.026000+00:00,2016-10-05T18:22:49.634675+00:00,LC08_L2SP_040037_20161005_20200906_02_T1,../carbonmapper_data_s2_l2a/ang20161006t180917-A/s2_20161006T184422Z.tif,../carbonmapper_data_l89_l2sp/ang20161006t180917-A/l8_LC08_L2SP_040037_20161005_20200906_02_T1.tif,85587
ang20161006t180917-B,2016-10-06T18:09:17+00:00,2016-10-06T18:44:22.026000+00:00,2016-10-05T18:22:25.752109+00:00,LC08_L2SP_040036_20161005_20200906_02_T1,../carbonmapper_data_s2_l2a/ang20161006t180917-B/s2_20161006T184422Z.tif,../carbonmapper_data_l89_l2sp/ang20161006t180917-B/l8_LC08_L2SP_040036_20161005_20200906_02_T1.tif,85611
ang20161006t180917-B,2016-10-06T18:09:17+00:00,2016-10-06T18:44:22.026000+00:00,2016-10-05T18:22:49.634675+00:00,LC08_L2SP_040037_20161005_20200906_02_T1,../carbonmapper_data_s2_l2a/ang20161006t180917-B/s2_20161006T184422Z.tif,../carbonmapper_data_l89_l2sp/ang20161006t180917-B/l8_LC08_L2SP_040037_20161005_20200906_02_T1.tif,85587
ang20161006t180917-C,2016-10-06T18:09:17+00:00,2016-10-06T18:44:22.026000+00:00,2016-10-05T18:22:25.752109+00:00,LC08_L2SP_040036_20161005_20200906_02_T1,../carbonmapper_data_s2_l2a/ang20161006t180917-C/s2_20161006T184422Z.tif,../carbonmapper_data_l89_l2sp/ang20161006t180917-C/l8_LC08_L2SP_040036_20161005_20200906_02_T1.tif,85611
ang20161006t180917-C,2016-10-06T18:09:17+00:00,2016-10-06T18:44:22.026000+00:00,2016-10-05T18:22:49.634675+00:00,LC08_L2SP_040037_20161005_20200906_02_T1,../carbonmapper_data_s2_l2a/ang20161006t180917-C/s2_20161006T184422Z.tif,../carbonmapper_data_l89_l2sp/ang20161006t180917-C/l8_LC08_L2SP_040037_20161005_20200906_02_T1.tif,85587
ang20161006t181839-B,2016-10-06T18:18:39+00:00,2016-10-06T18:44:22.026000+00:00,2016-10-05T18:22:25.752109+00:00,LC08_L2SP_040036_20161005_20200906_02_T1,../carbonmapper_data_s2_l2a/ang20161006t181839-B/s2_20161006T184422Z.tif,../carbonmapper_data_l89_l2sp/ang20161006t181839-B/l8_LC08_L2SP_040036_20161005_20200906_02_T1.tif,86173
ang20161006t181839-B,2016-10-06T18:18:39+00:00,2016-10-06T18:44:22.026000+00:00,2016-10-05T18:22:49.634675+00:00,LC08_L2SP_040037_20161005_20200906_02_T1,../carbonmapper_data_s2_l2a/ang20161006t181839-B/s2_20161006T184422Z.tif,../carbonmapper_data_l89_l2sp/ang20161006t181839-B/l8_LC08_L2SP_040037_20161005_20200906_02_T1.tif,86149
ang20170615t234922-A,2017-06-15T23:49:22+00:00,2017-06-16T18:54:31.026000+00:00,2017-06-16T18:33:49.824986+00:00,LC08_L2SP_042035_20170616_20200903_02_T1,../carbonmapper_data_s2_l2a/ang20170615t234922-A/s2_20170616T185431Z.tif,../carbonmapper_data_l89_l2sp/ang20170615t234922-A/l8_LC08_L2SP_042035_20170616_20200903_02_T1.tif,68709
ang20170615t234922-A,2017-06-15T23:49:22+00:00,2017-06-16T18:54:31.026000+00:00,2017-06-16T18:34:13.720260+00:00,LC08_L2SP_042036_20170616_20200903_02_T1,../carbonmapper_data_s2_l2a/ang20170615t234922-A/s2_20170616T185431Z.tif,../carbonmapper_data_l89_l2sp/ang20170615t234922-A/l8_LC08_L2SP_042036_20170616_20200903_02_T1.tif,68709
ang20170615t234922-A,2017-06-15T23:49:22+00:00,2017-06-16T18:54:31.026000+00:00,2017-06-16T18:33:49.824986+00:00,LC08_L2SP_042035_20170616_20200903_02_T1,../carbonmapper_data_s2_l2a/ang20170615t234922-A/s2_20170616T185431Z.tif,../carbonmapper_data_l89_l2sp/ang20170615t234922-A/l8_LC08_L2SP_042035_20170616_20200903_02_T1.tif,68709
ang20170615t234922-A,2017-06-15T23:49:22+00:00,2017-06-16T18:54:31.026000+00:00,2017-06-16T18:34:13.720260+00:00,LC08_L2SP_042036_20170616_20200903_02_T1,../carbonmapper_data_s2_l2a/ang20170615t234922-A/s2_20170616T185431Z.tif,../carbonmapper_data_l89_l2sp/ang20170615t234922-A/l8_LC08_L2SP_042036_20170616_20200903_02_T1.tif,68709
ang20170615t234922-A,2017-06-15T23:49:22+00:00,2017-06-16T18:54:31.026000+00:00,2017-06-16T18:33:49.824986+00:00,LC08_L2SP_042035_20170616_20200903_02_T1,../carbonmapper_data_s2_l2a/ang20170615t234922-A/s2_20170616T185431Z.tif,../carbonmapper_data_l89_l2sp/ang20170615t234922-A/l8_LC08_L2SP_042035_20170616_20200903_02_T1.tif,68709
ang20170615t234922-A,2017-06-15T23:49:22+00:00,2017-06-16T18:54:31.026000+00:00,2017-06-16T18:34:13.720260+00:00,LC08_L2SP_042036_20170616_20200903_02_T1,../carbonmapper_data_s2_l2a/ang20170615t234922-A/s2_20170616T185431Z.tif,../carbonmapper_data_l89_l2sp/ang20170615t234922-A/l8_LC08_L2SP_042036_20170616_20200903_02_T1.tif,68709
ang20170615t234922-C,2017-06-15T23:49:22+00:00,2017-06-16T18:54:31.026000+00:00,2017-06-16T18:33:49.824986+00:00,LC08_L2SP_042035_20170616_20200903_02_T1,../carbonmapper_data_s2_l2a/ang20170615t234922-C/s2_20170616T185431Z.tif,../carbonmapper_data_l89_l2sp/ang20170615t234922-C/l8_LC08_L2SP_042035_20170616_20200903_02_T1.tif,68709
ang20170615t234922-C,2017-06-15T23:49:22+00:00,2017-06-16T18:54:31.026000+00:00,2017-06-16T18:34:13.720260+00:00,LC08_L2SP_042036_20170616_20200903_02_T1,../carbonmapper_data_s2_l2a/ang20170615t234922-C/s2_20170616T185431Z.tif,../carbonmapper_data_l89_l2sp/ang20170615t234922-C/l8_LC08_L2SP_042036_20170616_20200903_02_T1.tif,68709
ang20170615t234922-C,2017-06-15T23:49:22+00:00,2017-06-16T18:54:31.026000+00:00,2017-06-16T18:33:49.824986+00:00,LC08_L2SP_042035_20170616_20200903_02_T1,../carbonmapper_data_s2_l2a/ang20170615t234922-C/s2_20170616T185431Z.tif,../carbonmapper_data_l89_l2sp/ang20170615t234922-C/l8_LC08_L2SP_042035_20170616_20200903_02_T1.tif,68709
ang20170615t234922-C,2017-06-15T23:49:22+00:00,2017-06-16T18:54:31.026000+00:00,2017-06-16T18:34:13.720260+00:00,LC08_L2SP_042036_20170616_20200903_02_T1,../carbonmapper_data_s2_l2a/ang20170615t234922-C/s2_20170616T185431Z.tif,../carbonmapper_data_l89_l2sp/ang20170615t234922-C/l8_LC08_L2SP_042036_20170616_20200903_02_T1.tif,68709
ang20170615t234922-D,2017-06-15T23:49:22+00:00,2017-06-16T18:54:31.026000+00:00,2017-06-16T18:33:49.824986+00:00,LC08_L2SP_042035_20170616_20200903_02_T1,../carbonmapper_data_s2_l2a/ang20170615t234922-D/s2_20170616T185431Z.tif,../carbonmapper_data_l89_l2sp/ang20170615t234922-D/l8_LC08_L2SP_042035_20170616_20200903_02_T1.tif,68709
ang20170615t234922-D,2017-06-15T23:49:22+00:00,2017-06-16T18:54:31.026000+00:00,2017-06-16T18:34:13.720260+00:00,LC08_L2SP_042036_20170616_20200903_02_T1,../carbonmapper_data_s2_l2a/ang20170615t234922-D/s2_20170616T185431Z.tif,../carbonmapper_data_l89_l2sp/ang20170615t234922-D/l8_LC08_L2SP_042036_20170616_20200903_02_T1.tif,68709
ang20170615t234922-D,2017-06-15T23:49:22+00:00,2017-06-16T18:54:31.026000+00:00,2017-06-16T18:33:49.824986+00:00,LC08_L2SP_042035_20170616_20200903_02_T1,../carbonmapper_data_s2_l2a/ang20170615t234922-D/s2_20170616T185431Z.tif,../carbonmapper_data_l89_l2sp/ang20170615t234922-D/l8_LC08_L2SP_042035_20170616_20200903_02_T1.tif,68709
ang20170615t234922-D,2017-06-15T23:49:22+00:00,2017-06-16T18:54:31.026000+00:00,2017-06-16T18:34:13.720260+00:00,LC08_L2SP_042036_20170616_20200903_02_T1,../carbonmapper_data_s2_l2a/ang20170615t234922-D/s2_20170616T185431Z.tif,../carbonmapper_data_l89_l2sp/ang20170615t234922-D/l8_LC08_L2SP_042036_20170616_20200903_02_T1.tif,68709
ang20170616t194729-B,2017-06-16T19:47:29+00:00,2017-06-16T18:54:31.026000+00:00,2017-06-16T18:34:13.720260+00:00,LC08_L2SP_042036_20170616_20200903_02_T1,../carbonmapper_data_s2_l2a/ang20170616t194729-B/s2_20170616T185431Z.tif,../carbonmapper_data_l89_l2sp/ang20170616t194729-B/l8_LC08_L2SP_042036_20170616_20200903_02_T1.tif,4395
ang20170616t195956-A,2017-06-16T19:59:56+00:00,2017-06-16T18:54:31.026000+00:00,2017-06-16T18:34:13.720260+00:00,LC08_L2SP_042036_20170616_20200903_02_T1,../carbonmapper_data_s2_l2a/ang20170616t195956-A/s2_20170616T185431Z.tif,../carbonmapper_data_l89_l2sp/ang20170616t195956-A/l8_LC08_L2SP_042036_20170616_20200903_02_T1.tif,5142
ang20170616t195956-E,2017-06-16T19:59:56+00:00,2017-06-16T18:54:31.026000+00:00,2017-06-16T18:34:13.720260+00:00,LC08_L2SP_042036_20170616_20200903_02_T1,../carbonmapper_data_s2_l2a/ang20170616t195956-E/s2_20170616T185431Z.tif,../carbonmapper_data_l89_l2sp/ang20170616t195956-E/l8_LC08_L2SP_042036_20170616_20200903_02_T1.tif,5142
ang20170616t200614-A,2017-06-16T20:06:14+00:00,2017-06-16T18:54:31.026000+00:00,2017-06-16T18:34:13.720260+00:00,LC08_L2SP_042036_20170616_20200903_02_T1,../carbonmapper_data_s2_l2a/ang20170616t200614-A/s2_20170616T185431Z.tif,../carbonmapper_data_l89_l2sp/ang20170616t200614-A/l8_LC08_L2SP_042036_20170616_20200903_02_T1.tif,5520
ang20170616t200614-C,2017-06-16T20:06:14+00:00,2017-06-16T18:54:31.026000+00:00,2017-06-16T18:34:13.720260+00:00,LC08_L2SP_042036_20170616_20200903_02_T1,../carbonmapper_data_s2_l2a/ang20170616t200614-C/s2_20170616T185431Z.tif,../carbonmapper_data_l89_l2sp/ang20170616t200614-C/l8_LC08_L2SP_042036_20170616_20200903_02_T1.tif,5520
ang20170616t200614-D,2017-06-16T20:06:14+00:00,2017-06-16T18:54:31.026000+00:00,2017-06-16T18:34:13.720260+00:00,LC08_L2SP_042036_20170616_20200903_02_T1,../carbonmapper_data_s2_l2a/ang20170616t200614-D/s2_20170616T185431Z.tif,../carbonmapper_data_l89_l2sp/ang20170616t200614-D/l8_LC08_L2SP_042036_20170616_20200903_02_T1.tif,5520
ang20170616t201635-C,2017-06-16T20:16:35+00:00,2017-06-16T18:54:31.026000+00:00,2017-06-16T18:33:49.824986+00:00,LC08_L2SP_042035_20170616_20200903_02_T1,../carbonmapper_data_s2_l2a/ang20170616t201635-C/s2_20170616T185431Z.tif,../carbonmapper_data_l89_l2sp/ang20170616t201635-C/l8_LC08_L2SP_042035_20170616_20200903_02_T1.tif,6165
ang20170616t202241-A,2017-06-16T20:22:41+00:00,2017-06-16T18:54:31.026000+00:00,2017-06-16T18:33:49.824986+00:00,LC08_L2SP_042035_20170616_20200903_02_T1,../carbonmapper_data_s2_l2a/ang20170616t202241-A/s2_20170616T185431Z.tif,../carbonmapper_data_l89_l2sp/ang20170616t202241-A/l8_LC08_L2SP_042035_20170616_20200903_02_T1.tif,6531
ang20170905t181208-A,2017-09-05T18:12:08+00:00,2017-09-04T18:54:31.026000+00:00,2017-09-04T18:34:13.563624+00:00,LC08_L2SP_042035_20170904_20200903_02_T1,../carbonmapper_data_s2_l2a/ang20170905t181208-A/s2_20170904T185431Z.tif,../carbonmapper_data_l89_l2sp/ang20170905t181208-A/l8_LC08_L2SP_042035_20170904_20200903_02_T1.tif,85074
ang20170905t181208-B,2017-09-05T18:12:08+00:00,2017-09-04T18:54:31.026000+00:00,2017-09-04T18:34:13.563624+00:00,LC08_L2SP_042035_20170904_20200903_02_T1,../carbonmapper_data_s2_l2a/ang20170905t181208-B/s2_20170904T185431Z.tif,../carbonmapper_data_l89_l2sp/ang20170905t181208-B/l8_LC08_L2SP_042035_20170904_20200903_02_T1.tif,85074
ang20170905t181928-A,2017-09-05T18:19:28+00:00,2017-09-04T18:54:31.026000+00:00,2017-09-04T18:34:13.563624+00:00,LC08_L2SP_042035_20170904_20200903_02_T1,../carbonmapper_data_s2_l2a/ang20170905t181928-A/s2_20170904T185431Z.tif,../carbonmapper_data_l89_l2sp/ang20170905t181928-A/l8_LC08_L2SP_042035_20170904_20200903_02_T1.tif,85514
ang20170905t181928-B,2017-09-05T18:19:28+00:00,2017-09-04T18:54:31.026000+00:00,2017-09-04T18:34:13.563624+00:00,LC08_L2SP_042035_20170904_20200903_02_T1,../carbonmapper_data_s2_l2a/ang20170905t181928-B/s2_20170904T185431Z.tif,../carbonmapper_data_l89_l2sp/ang20170905t181928-B/l8_LC08_L2SP_042035_20170904_20200903_02_T1.tif,85514
ang20170905t183328-A,2017-09-05T18:33:28+00:00,2017-09-04T18:54:31.026000+00:00,2017-09-04T18:34:13.563624+00:00,LC08_L2SP_042035_20170904_20200903_02_T1,../carbonmapper_data_s2_l2a/ang20170905t183328-A/s2_20170904T185431Z.tif,../carbonmapper_data_l89_l2sp/ang20170905t183328-A/l8_LC08_L2SP_042035_20170904_20200903_02_T1.tif,86354
ang20170905t183328-A,2017-09-05T18:33:28+00:00,2017-09-04T18:54:31.026000+00:00,2017-09-04T18:34:37.450426+00:00,LC08_L2SP_042036_20170904_20200903_02_T1,../carbonmapper_data_s2_l2a/ang20170905t183328-A/s2_20170904T185431Z.tif,../carbonmapper_data_l89_l2sp/ang20170905t183328-A/l8_LC08_L2SP_042036_20170904_20200903_02_T1.tif,86330
ang20170905t183328-B,2017-09-05T18:33:28+00:00,2017-09-04T18:54:31.026000+00:00,2017-09-04T18:34:13.563624+00:00,LC08_L2SP_042035_20170904_20200903_02_T1,../carbonmapper_data_s2_l2a/ang20170905t183328-B/s2_20170904T185431Z.tif,../carbonmapper_data_l89_l2sp/ang20170905t183328-B/l8_LC08_L2SP_042035_20170904_20200903_02_T1.tif,86354
ang20170905t183328-B,2017-09-05T18:33:28+00:00,2017-09-04T18:54:31.026000+00:00,2017-09-04T18:34:13.563624+00:00,LC08_L2SP_042035_20170904_20200903_02_T1,../carbonmapper_data_s2_l2a/ang20170905t183328-B/s2_20170904T185431Z.tif,../carbonmapper_data_l89_l2sp/ang20170905t183328-B/l8_LC08_L2SP_042035_20170904_20200903_02_T1.tif,86354
ang20170920t182452-B,2017-09-20T18:24:52+00:00,2017-09-19T18:54:19.027000+00:00,2017-09-20T18:34:16.564407+00:00,LC08_L2SP_042035_20170920_20200903_02_T1,../carbonmapper_data_s2_l2a/ang20170920t182452-B/s2_20170919T185419Z.tif,../carbonmapper_data_l89_l2sp/ang20170920t182452-B/l8_LC08_L2SP_042035_20170920_20200903_02_T1.tif,84632
ang20170920t182452-B,2017-09-20T18:24:52+00:00,2017-09-19T18:54:19.027000+00:00,2017-09-20T18:34:16.564407+00:00,LC08_L2SP_042035_20170920_20200903_02_T1,../carbonmapper_data_s2_l2a/ang20170920t182452-B/s2_20170919T185419Z.tif,../carbonmapper_data_l89_l2sp/ang20170920t182452-B/l8_LC08_L2SP_042035_20170920_20200903_02_T1.tif,84632
ang20170920t182452-B,2017-09-20T18:24:52+00:00,2017-09-19T18:54:19.027000+00:00,2017-09-20T18:34:16.564407+00:00,LC08_L2SP_042035_20170920_20200903_02_T1,../carbonmapper_data_s2_l2a/ang20170920t182452-B/s2_20170919T185419Z.tif,../carbonmapper_data_l89_l2sp/ang20170920t182452-B/l8_LC08_L2SP_042035_20170920_20200903_02_T1.tif,84632
ang20170920t182452-C,2017-09-20T18:24:52+00:00,2017-09-19T18:54:19.027000+00:00,2017-09-20T18:34:16.564407+00:00,LC08_L2SP_042035_20170920_20200903_02_T1,../carbonmapper_data_s2_l2a/ang20170920t182452-C/s2_20170919T185419Z.tif,../carbonmapper_data_l89_l2sp/ang20170920t182452-C/l8_LC08_L2SP_042035_20170920_20200903_02_T1.tif,84632
ang20170920t182452-C,2017-09-20T18:24:52+00:00,2017-09-19T18:54:19.027000+00:00,2017-09-20T18:34:16.564407+00:00,LC08_L2SP_042035_20170920_20200903_02_T1,../carbonmapper_data_s2_l2a/ang20170920t182452-C/s2_20170919T185419Z.tif,../carbonmapper_data_l89_l2sp/ang20170920t182452-C/l8_LC08_L2SP_042035_20170920_20200903_02_T1.tif,84632
ang20170920t184730-A,2017-09-20T18:47:30+00:00,2017-09-21T18:30:41.026000+00:00,2017-09-20T18:34:40.459682+00:00,LC08_L2SP_042036_20170920_20200903_02_T1,../carbonmapper_data_s2_l2a/ang20170920t184730-A/s2_20170921T183041Z.tif,../carbonmapper_data_l89_l2sp/ang20170920t184730-A/l8_LC08_L2SP_042036_20170920_20200903_02_T1.tif,85391
ang20170920t184730-A,2017-09-20T18:47:30+00:00,2017-09-21T18:30:41.026000+00:00,2017-09-20T18:34:40.459682+00:00,LC08_L2SP_042036_20170920_20200903_02_T1,../carbonmapper_data_s2_l2a/ang20170920t184730-A/s2_20170921T183041Z.tif,../carbonmapper_data_l89_l2sp/ang20170920t184730-A/l8_LC08_L2SP_042036_20170920_20200903_02_T1.tif,85391
ang20170920t184730-A,2017-09-20T18:47:30+00:00,2017-09-21T18:30:41.026000+00:00,2017-09-20T18:34:40.459682+00:00,LC08_L2SP_042036_20170920_20200903_02_T1,../carbonmapper_data_s2_l2a/ang20170920t184730-A/s2_20170921T183041Z.tif,../carbonmapper_data_l89_l2sp/ang20170920t184730-A/l8_LC08_L2SP_042036_20170920_20200903_02_T1.tif,85391
ang20171016t175348-A,2017-10-16T17:53:48+00:00,2017-10-16T18:44:19.027000+00:00,2017-10-15T18:28:37.647252+00:00,LC08_L2SP_041036_20171015_20200902_02_T1,../carbonmapper_data_s2_l2a/ang20171016t175348-A/s2_20171016T184419Z.tif,../carbonmapper_data_l89_l2sp/ang20171016t175348-A/l8_LC08_L2SP_041036_20171015_20200902_02_T1.tif,84310
ang20171016t175348-B,2017-10-16T17:53:48+00:00,2017-10-16T18:44:19.027000+00:00,2017-10-15T18:28:37.647252+00:00,LC08_L2SP_041036_20171015_20200902_02_T1,../carbonmapper_data_s2_l2a/ang20171016t175348-B/s2_20171016T184419Z.tif,../carbonmapper_data_l89_l2sp/ang20171016t175348-B/l8_LC08_L2SP_041036_20171015_20200902_02_T1.tif,84310
ang20171016t175348-C,2017-10-16T17:53:48+00:00,2017-10-16T18:44:19.027000+00:00,2017-10-15T18:28:37.647252+00:00,LC08_L2SP_041036_20171015_20200902_02_T1,../carbonmapper_data_s2_l2a/ang20171016t175348-C/s2_20171016T184419Z.tif,../carbonmapper_data_l89_l2sp/ang20171016t175348-C/l8_LC08_L2SP_041036_20171015_20200902_02_T1.tif,84310
ang20171016t175805-A,2017-10-16T17:58:05+00:00,2017-10-16T18:44:19.027000+00:00,2017-10-15T18:28:37.647252+00:00,LC08_L2SP_041036_20171015_20200902_02_T1,../carbonmapper_data_s2_l2a/ang20171016t175805-A/s2_20171016T184419Z.tif,../carbonmapper_data_l89_l2sp/ang20171016t175805-A/l8_LC08_L2SP_041036_20171015_20200902_02_T1.tif,84567
ang20171016t175805-B,2017-10-16T17:58:05+00:00,2017-10-16T18:44:19.027000+00:00,2017-10-15T18:28:37.647252+00:00,LC08_L2SP_041036_20171015_20200902_02_T1,../carbonmapper_data_s2_l2a/ang20171016t175805-B/s2_20171016T184419Z.tif,../carbonmapper_data_l89_l2sp/ang20171016t175805-B/l8_LC08_L2SP_041036_20171015_20200902_02_T1.tif,84567
ang20171016t180708-B,2017-10-16T18:07:08+00:00,2017-10-16T18:44:19.027000+00:00,2017-10-15T18:28:37.647252+00:00,LC08_L2SP_041036_20171015_20200902_02_T1,../carbonmapper_data_s2_l2a/ang20171016t180708-B/s2_20171016T184419Z.tif,../carbonmapper_data_l89_l2sp/ang20171016t180708-B/l8_LC08_L2SP_041036_20171015_20200902_02_T1.tif,85110
ang20180927t185506-A,2018-09-27T18:55:06+00:00,2018-09-27T18:51:29.025000+00:00,2018-09-28T18:51:34.675200+00:00,LC08_L2SP_045033_20180928_20200830_02_T1,../carbonmapper_data_s2_l2a/ang20180927t185506-A/s2_20180927T185129Z.tif,../carbonmapper_data_l89_l2sp/ang20180927t185506-A/l8_LC08_L2SP_045033_20180928_20200830_02_T1.tif,86188
ang20180927t185506-A,2018-09-27T18:55:06+00:00,2018-09-27T18:51:29.025000+00:00,2018-09-28T18:51:58.557767+00:00,LC08_L2SP_045034_20180928_20200830_02_T1,../carbonmapper_data_s2_l2a/ang20180927t185506-A/s2_20180927T185129Z.tif,../carbonmapper_data_l89_l2sp/ang20180927t185506-A/l8_LC08_L2SP_045034_20180928_20200830_02_T1.tif,86212
ang20181001t202630-B,2018-10-01T20:26:30+00:00,2018-10-01T18:31:49.024000+00:00,2018-10-02T18:28:05.082859+00:00,LC08_L2SP_041036_20181002_20200830_02_T1,../carbonmapper_data_s2_l2a/ang20181001t202630-B/s2_20181001T183149Z.tif,../carbonmapper_data_l89_l2sp/ang20181001t202630-B/l8_LC08_L2SP_041036_20181002_20200830_02_T1.tif,79295
ang20181001t203231-B,2018-10-01T20:32:31+00:00,2018-10-01T18:31:49.024000+00:00,2018-10-02T18:28:05.082859+00:00,LC08_L2SP_041036_20181002_20200830_02_T1,../carbonmapper_data_s2_l2a/ang20181001t203231-B/s2_20181001T183149Z.tif,../carbonmapper_data_l89_l2sp/ang20181001t203231-B/l8_LC08_L2SP_041036_20181002_20200830_02_T1.tif,78934
ang20181010t221412-A,2018-10-10T22:14:12+00:00,2018-10-11T18:32:59.024000+00:00,2018-10-11T18:22:22.185158+00:00,LC08_L2SP_040037_20181011_20200830_02_T1,../carbonmapper_data_s2_l2a/ang20181010t221412-A/s2_20181011T183259Z.tif,../carbonmapper_data_l89_l2sp/ang20181010t221412-A/l8_LC08_L2SP_040037_20181011_20200830_02_T1.tif,73127
ang20181010t221412-A,2018-10-10T22:14:12+00:00,2018-10-11T18:32:59.024000+00:00,2018-10-11T18:21:58.298355+00:00,LC08_L2SP_040036_20181011_20200830_02_T1,../carbonmapper_data_s2_l2a/ang20181010t221412-A/s2_20181011T183259Z.tif,../carbonmapper_data_l89_l2sp/ang20181010t221412-A/l8_LC08_L2SP_040036_20181011_20200830_02_T1.tif,73127
ang20181010t221412-B,2018-10-10T22:14:12+00:00,2018-10-11T18:32:59.024000+00:00,2018-10-11T18:22:22.185158+00:00,LC08_L2SP_040037_20181011_20200830_02_T1,../carbonmapper_data_s2_l2a/ang20181010t221412-B/s2_20181011T183259Z.tif,../carbonmapper_data_l89_l2sp/ang20181010t221412-B/l8_LC08_L2SP_040037_20181011_20200830_02_T1.tif,73127
ang20181010t221412-B,2018-10-10T22:14:12+00:00,2018-10-11T18:32:59.024000+00:00,2018-10-11T18:21:58.298355+00:00,LC08_L2SP_040036_20181011_20200830_02_T1,../carbonmapper_data_s2_l2a/ang20181010t221412-B/s2_20181011T183259Z.tif,../carbonmapper_data_l89_l2sp/ang20181010t221412-B/l8_LC08_L2SP_040036_20181011_20200830_02_T1.tif,73127
ang20181010t221412-C,2018-10-10T22:14:12+00:00,2018-10-11T18:32:59.024000+00:00,2018-10-11T18:22:22.185158+00:00,LC08_L2SP_040037_20181011_20200830_02_T1,../carbonmapper_data_s2_l2a/ang20181010t221412-C/s2_20181011T183259Z.tif,../carbonmapper_data_l89_l2sp/ang20181010t221412-C/l8_LC08_L2SP_040037_20181011_20200830_02_T1.tif,73127
ang20181010t221412-C,2018-10-10T22:14:12+00:00,2018-10-11T18:32:59.024000+00:00,2018-10-11T18:21:58.298355+00:00,LC08_L2SP_040036_20181011_20200830_02_T1,../carbonmapper_data_s2_l2a/ang20181010t221412-C/s2_20181011T183259Z.tif,../carbonmapper_data_l89_l2sp/ang20181010t221412-C/l8_LC08_L2SP_040036_20181011_20200830_02_T1.tif,73127
ang20190621t195346-A,2019-06-21T19:53:46+00:00,2019-06-21T17:49:11.024000+00:00,2019-06-21T17:50:42.924953+00:00,LC08_L2SP_035035_20190621_20200827_02_T1,../carbonmapper_data_s2_l2a/ang20190621t195346-A/s2_20190621T174911Z.tif,../carbonmapper_data_l89_l2sp/ang20190621t195346-A/l8_LC08_L2SP_035035_20190621_20200827_02_T1.tif,7474
ang20190621t195346-B,2019-06-21T19:53:46+00:00,2019-06-21T17:49:11.024000+00:00,2019-06-21T17:50:42.924953+00:00,LC08_L2SP_035035_20190621_20200827_02_T1,../carbonmapper_data_s2_l2a/ang20190621t195346-B/s2_20190621T174911Z.tif,../carbonmapper_data_l89_l2sp/ang20190621t195346-B/l8_LC08_L2SP_035035_20190621_20200827_02_T1.tif,7474
ang20190928t175550-1,2019-09-28T17:55:50+00:00,2019-09-28T17:31:09.024000+00:00,2019-09-29T17:27:40.592894+00:00,LC08_L2SP_031038_20190929_20200825_02_T1,../carbonmapper_data_s2_l2a/ang20190928t175550-1/s2_20190928T173109Z.tif,../carbonmapper_data_l89_l2sp/ang20190928t175550-1/l8_LC08_L2SP_031038_20190929_20200825_02_T1.tif,84710
ang20190928t175550-2,2019-09-28T17:55:50+00:00,2019-09-28T17:31:09.024000+00:00,2019-09-29T17:27:40.592894+00:00,LC08_L2SP_031038_20190929_20200825_02_T1,../carbonmapper_data_s2_l2a/ang20190928t175550-2/s2_20190928T173109Z.tif,../carbonmapper_data_l89_l2sp/ang20190928t175550-2/l8_LC08_L2SP_031038_20190929_20200825_02_T1.tif,84710
ang20190928t175550-3,2019-09-28T17:55:50+00:00,2019-09-28T17:31:09.024000+00:00,2019-09-29T17:27:40.592894+00:00,LC08_L2SP_031038_20190929_20200825_02_T1,../carbonmapper_data_s2_l2a/ang20190928t175550-3/s2_20190928T173109Z.tif,../carbonmapper_data_l89_l2sp/ang20190928t175550-3/l8_LC08_L2SP_031038_20190929_20200825_02_T1.tif,84710
ang20190928t181405-A,2019-09-28T18:14:05+00:00,2019-09-28T17:31:09.024000+00:00,2019-09-29T17:27:40.592894+00:00,LC08_L2SP_031038_20190929_20200825_02_T1,../carbonmapper_data_s2_l2a/ang20190928t181405-A/s2_20190928T173109Z.tif,../carbonmapper_data_l89_l2sp/ang20190928t181405-A/l8_LC08_L2SP_031038_20190929_20200825_02_T1.tif,83615
ang20190928t183313-1,2019-09-28T18:33:13+00:00,2019-09-28T17:31:09.024000+00:00,2019-09-29T17:27:40.592894+00:00,LC08_L2SP_031038_20190929_20200825_02_T1,../carbonmapper_data_s2_l2a/ang20190928t183313-1/s2_20190928T173109Z.tif,../carbonmapper_data_l89_l2sp/ang20190928t183313-1/l8_LC08_L2SP_031038_20190929_20200825_02_T1.tif,82467
ang20190928t183313-2,2019-09-28T18:33:13+00:00,2019-09-28T17:31:09.024000+00:00,2019-09-29T17:27:40.592894+00:00,LC08_L2SP_031038_20190929_20200825_02_T1,../carbonmapper_data_s2_l2a/ang20190928t183313-2/s2_20190928T173109Z.tif,../carbonmapper_data_l89_l2sp/ang20190928t183313-2/l8_LC08_L2SP_031038_20190929_20200825_02_T1.tif,82467
ang20190928t183313-4,2019-09-28T18:33:13+00:00,2019-09-28T17:31:09.024000+00:00,2019-09-29T17:27:40.592894+00:00,LC08_L2SP_031038_20190929_20200825_02_T1,../carbonmapper_data_s2_l2a/ang20190928t183313-4/s2_20190928T173109Z.tif,../carbonmapper_data_l89_l2sp/ang20190928t183313-4/l8_LC08_L2SP_031038_20190929_20200825_02_T1.tif,82467
ang20190928t183313-A,2019-09-28T18:33:13+00:00,2019-09-28T17:31:09.024000+00:00,2019-09-29T17:27:40.592894+00:00,LC08_L2SP_031038_20190929_20200825_02_T1,../carbonmapper_data_s2_l2a/ang20190928t183313-A/s2_20190928T173109Z.tif,../carbonmapper_data_l89_l2sp/ang20190928t183313-A/l8_LC08_L2SP_031038_20190929_20200825_02_T1.tif,82467
ang20190928t183313-B,2019-09-28T18:33:13+00:00,2019-09-28T17:31:09.024000+00:00,2019-09-29T17:27:40.592894+00:00,LC08_L2SP_031038_20190929_20200825_02_T1,../carbonmapper_data_s2_l2a/ang20190928t183313-B/s2_20190928T173109Z.tif,../carbonmapper_data_l89_l2sp/ang20190928t183313-B/l8_LC08_L2SP_031038_20190929_20200825_02_T1.tif,82467
ang20190928t185111-A,2019-09-28T18:51:11+00:00,2019-09-28T17:31:09.024000+00:00,2019-09-29T17:27:40.592894+00:00,LC08_L2SP_031038_20190929_20200825_02_T1,../carbonmapper_data_s2_l2a/ang20190928t185111-A/s2_20190928T173109Z.tif,../carbonmapper_data_l89_l2sp/ang20190928t185111-A/l8_LC08_L2SP_031038_20190929_20200825_02_T1.tif,81389
ang20190928t185111-B,2019-09-28T18:51:11+00:00,2019-09-28T17:31:09.024000+00:00,2019-09-29T17:27:40.592894+00:00,LC08_L2SP_031038_20190929_20200825_02_T1,../carbonmapper_data_s2_l2a/ang20190928t185111-B/s2_20190928T173109Z.tif,../carbonmapper_data_l89_l2sp/ang20190928t185111-B/l8_LC08_L2SP_031038_20190929_20200825_02_T1.tif,81389
ang20190928t185111-C,2019-09-28T18:51:11+00:00,2019-09-28T17:31:09.024000+00:00,2019-09-29T17:27:40.592894+00:00,LC08_L2SP_031038_20190929_20200825_02_T1,../carbonmapper_data_s2_l2a/ang20190928t185111-C/s2_20190928T173109Z.tif,../carbonmapper_data_l89_l2sp/ang20190928t185111-C/l8_LC08_L2SP_031038_20190929_20200825_02_T1.tif,81389
ang20190928t185111-D,2019-09-28T18:51:11+00:00,2019-09-28T17:31:09.024000+00:00,2019-09-29T17:27:40.592894+00:00,LC08_L2SP_031038_20190929_20200825_02_T1,../carbonmapper_data_s2_l2a/ang20190928t185111-D/s2_20190928T173109Z.tif,../carbonmapper_data_l89_l2sp/ang20190928t185111-D/l8_LC08_L2SP_031038_20190929_20200825_02_T1.tif,81389
ang20190928t190948-1,2019-09-28T19:09:48+00:00,2019-09-28T17:31:09.024000+00:00,2019-09-29T17:27:40.592894+00:00,LC08_L2SP_031038_20190929_20200825_02_T1,../carbonmapper_data_s2_l2a/ang20190928t190948-1/s2_20190928T173109Z.tif,../carbonmapper_data_l89_l2sp/ang20190928t190948-1/l8_LC08_L2SP_031038_20190929_20200825_02_T1.tif,80272
ang20190928t190948-2,2019-09-28T19:09:48+00:00,2019-09-28T17:31:09.024000+00:00,2019-09-29T17:27:40.592894+00:00,LC08_L2SP_031038_20190929_20200825_02_T1,../carbonmapper_data_s2_l2a/ang20190928t190948-2/s2_20190928T173109Z.tif,../carbonmapper_data_l89_l2sp/ang20190928t190948-2/l8_LC08_L2SP_031038_20190929_20200825_02_T1.tif,80272
ang20190928t190948-4,2019-09-28T19:09:48+00:00,2019-09-28T17:31:09.024000+00:00,2019-09-29T17:27:40.592894+00:00,LC08_L2SP_031038_20190929_20200825_02_T1,../carbonmapper_data_s2_l2a/ang20190928t190948-4/s2_20190928T173109Z.tif,../carbonmapper_data_l89_l2sp/ang20190928t190948-4/l8_LC08_L2SP_031038_20190929_20200825_02_T1.tif,80272
ang20190928t190948-5,2019-09-28T19:09:48+00:00,2019-09-28T17:31:09.024000+00:00,2019-09-29T17:27:40.592894+00:00,LC08_L2SP_031038_20190929_20200825_02_T1,../carbonmapper_data_s2_l2a/ang20190928t190948-5/s2_20190928T173109Z.tif,../carbonmapper_data_l89_l2sp/ang20190928t190948-5/l8_LC08_L2SP_031038_20190929_20200825_02_T1.tif,80272
ang20190928t190948-A,2019-09-28T19:09:48+00:00,2019-09-28T17:31:09.024000+00:00,2019-09-29T17:27:40.592894+00:00,LC08_L2SP_031038_20190929_20200825_02_T1,../carbonmapper_data_s2_l2a/ang20190928t190948-A/s2_20190928T173109Z.tif,../carbonmapper_data_l89_l2sp/ang20190928t190948-A/l8_LC08_L2SP_031038_20190929_20200825_02_T1.tif,80272
ang20190928t193847-A,2019-09-28T19:38:47+00:00,2019-09-28T17:31:09.024000+00:00,2019-09-29T17:27:16.701854+00:00,LC08_L2SP_031037_20190929_20200825_02_T1,../carbonmapper_data_s2_l2a/ang20190928t193847-A/s2_20190928T173109Z.tif,../carbonmapper_data_l89_l2sp/ang20190928t193847-A/l8_LC08_L2SP_031037_20190929_20200825_02_T1.tif,78509
ang20190928t193847-B,2019-09-28T19:38:47+00:00,2019-09-28T17:31:09.024000+00:00,2019-09-29T17:27:16.701854+00:00,LC08_L2SP_031037_20190929_20200825_02_T1,../carbonmapper_data_s2_l2a/ang20190928t193847-B/s2_20190928T173109Z.tif,../carbonmapper_data_l89_l2sp/ang20190928t193847-B/l8_LC08_L2SP_031037_20190929_20200825_02_T1.tif,78509
ang20191022t151202-A,2019-10-22T15:12:02+00:00,2019-10-21T17:43:49.024000+00:00,2019-10-22T17:33:54.301605+00:00,LC08_L2SP_032038_20191022_20200825_02_T1,../carbonmapper_data_s2_l2a/ang20191022t151202-A/s2_20191021T174349Z.tif,../carbonmapper_data_l89_l2sp/ang20191022t151202-A/l8_LC08_L2SP_032038_20191022_20200825_02_T1.tif,77292
ang20191022t175031-1,2019-10-22T17:50:31+00:00,2019-10-23T17:34:01.024000+00:00,2019-10-22T17:33:54.301605+00:00,LC08_L2SP_032038_20191022_20200825_02_T1,../carbonmapper_data_s2_l2a/ang20191022t175031-1/s2_20191023T173401Z.tif,../carbonmapper_data_l89_l2sp/ang20191022t175031-1/l8_LC08_L2SP_032038_20191022_20200825_02_T1.tif,85410
ang20191022t175031-A,2019-10-22T17:50:31+00:00,2019-10-23T17:34:01.024000+00:00,2019-10-22T17:33:54.301605+00:00,LC08_L2SP_032038_20191022_20200825_02_T1,../carbonmapper_data_s2_l2a/ang20191022t175031-A/s2_20191023T173401Z.tif,../carbonmapper_data_l89_l2sp/ang20191022t175031-A/l8_LC08_L2SP_032038_20191022_20200825_02_T1.tif,85410
ang20191022t184525-A,2019-10-22T18:45:25+00:00,2019-10-23T17:34:01.024000+00:00,2019-10-22T17:33:54.301605+00:00,LC08_L2SP_032038_20191022_20200825_02_T1,../carbonmapper_data_s2_l2a/ang20191022t184525-A/s2_20191023T173401Z.tif,../carbonmapper_data_l89_l2sp/ang20191022t184525-A/l8_LC08_L2SP_032038_20191022_20200825_02_T1.tif,82116
ang20191022t190019-1,2019-10-22T19:00:19+00:00,2019-10-23T17:34:01.024000+00:00,2019-10-22T17:33:54.301605+00:00,LC08_L2SP_032038_20191022_20200825_02_T1,../carbonmapper_data_s2_l2a/ang20191022t190019-1/s2_20191023T173401Z.tif,../carbonmapper_data_l89_l2sp/ang20191022t190019-1/l8_LC08_L2SP_032038_20191022_20200825_02_T1.tif,81222
ang20191023t194035-7,2019-10-23T19:40:35+00:00,2019-10-23T17:34:01.024000+00:00,2019-10-24T17:21:32.669192+00:00,LC08_L2SP_030038_20191024_20200825_02_T2,../carbonmapper_data_s2_l2a/ang20191023t194035-7/s2_20191023T173401Z.tif,../carbonmapper_data_l89_l2sp/ang20191023t194035-7/l8_LC08_L2SP_030038_20191024_20200825_02_T2.tif,78057
ang20191025t161146-1,2019-10-25T16:11:46+00:00,2019-10-25T17:24:09.024000+00:00,2019-10-24T17:21:32.669192+00:00,LC08_L2SP_030038_20191024_20200825_02_T2,../carbonmapper_data_s2_l2a/ang20191025t161146-1/s2_20191025T172409Z.tif,../carbonmapper_data_l89_l2sp/ang20191025t161146-1/l8_LC08_L2SP_030038_20191024_20200825_02_T2.tif,82213
ang20191025t163632-A,2019-10-25T16:36:32+00:00,2019-10-25T17:24:09.024000+00:00,2019-10-24T17:21:32.669192+00:00,LC08_L2SP_030038_20191024_20200825_02_T2,../carbonmapper_data_s2_l2a/ang20191025t163632-A/s2_20191025T172409Z.tif,../carbonmapper_data_l89_l2sp/ang20191025t163632-A/l8_LC08_L2SP_030038_20191024_20200825_02_T2.tif,83699
ang20191025t165545-A,2019-10-25T16:55:45+00:00,2019-10-25T17:24:09.024000+00:00,2019-10-24T17:21:32.669192+00:00,LC08_L2SP_030038_20191024_20200825_02_T2,../carbonmapper_data_s2_l2a/ang20191025t165545-A/s2_20191025T172409Z.tif,../carbonmapper_data_l89_l2sp/ang20191025t165545-A/l8_LC08_L2SP_030038_20191024_20200825_02_T2.tif,84852
ang20191025t171141-A,2019-10-25T17:11:41+00:00,2019-10-25T17:24:09.024000+00:00,2019-10-24T17:21:32.669192+00:00,LC08_L2SP_030038_20191024_20200825_02_T2,../carbonmapper_data_s2_l2a/ang20191025t171141-A/s2_20191025T172409Z.tif,../carbonmapper_data_l89_l2sp/ang20191025t171141-A/l8_LC08_L2SP_030038_20191024_20200825_02_T2.tif,85808
ang20200709t200904-1,2020-07-09T20:09:04+00:00,2020-07-10T18:39:21.024000+00:00,2020-07-10T18:33:57.717504+00:00,LC08_L2SP_042035_20200710_20200912_02_T1,../carbonmapper_data_s2_l2a/ang20200709t200904-1/s2_20200710T183921Z.tif,../carbonmapper_data_l89_l2sp/ang20200709t200904-1/l8_LC08_L2SP_042035_20200710_20200912_02_T1.tif,81017
ang20200709t201958-1,2020-07-09T20:19:58+00:00,2020-07-10T18:39:21.024000+00:00,2020-07-10T18:33:57.717504+00:00,LC08_L2SP_042035_20200710_20200912_02_T1,../carbonmapper_data_s2_l2a/ang20200709t201958-1/s2_20200710T183921Z.tif,../carbonmapper_data_l89_l2sp/ang20200709t201958-1/l8_LC08_L2SP_042035_20200710_20200912_02_T1.tif,80363
ang20200709t203053-2,2020-07-09T20:30:53+00:00,2020-07-10T18:39:21.024000+00:00,2020-07-10T18:33:57.717504+00:00,LC08_L2SP_042035_20200710_20200912_02_T1,../carbonmapper_data_s2_l2a/ang20200709t203053-2/s2_20200710T183921Z.tif,../carbonmapper_data_l89_l2sp/ang20200709t203053-2/l8_LC08_L2SP_042035_20200710_20200912_02_T1.tif,79708
ang20200709t204216-1,2020-07-09T20:42:16+00:00,2020-07-10T18:39:21.024000+00:00,2020-07-10T18:33:57.717504+00:00,LC08_L2SP_042035_20200710_20200912_02_T1,../carbonmapper_data_s2_l2a/ang20200709t204216-1/s2_20200710T183921Z.tif,../carbonmapper_data_l89_l2sp/ang20200709t204216-1/l8_LC08_L2SP_042035_20200710_20200912_02_T1.tif,79025
ang20200709t204216-1,2020-07-09T20:42:16+00:00,2020-07-10T18:39:21.024000+00:00,2020-07-10T18:33:57.717504+00:00,LC08_L2SP_042035_20200710_20200912_02_T1,../carbonmapper_data_s2_l2a/ang20200709t204216-1/s2_20200710T183921Z.tif,../carbonmapper_data_l89_l2sp/ang20200709t204216-1/l8_LC08_L2SP_042035_20200710_20200912_02_T1.tif,79025
ang20200709t204216-A,2020-07-09T20:42:16+00:00,2020-07-10T18:39:21.024000+00:00,2020-07-10T18:33:57.717504+00:00,LC08_L2SP_042035_20200710_20200912_02_T1,../carbonmapper_data_s2_l2a/ang20200709t204216-A/s2_20200710T183921Z.tif,../carbonmapper_data_l89_l2sp/ang20200709t204216-A/l8_LC08_L2SP_042035_20200710_20200912_02_T1.tif,79025
ang20200709t204216-B,2020-07-09T20:42:16+00:00,2020-07-10T18:39:21.024000+00:00,2020-07-10T18:33:57.717504+00:00,LC08_L2SP_042035_20200710_20200912_02_T1,../carbonmapper_data_s2_l2a/ang20200709t204216-B/s2_20200710T183921Z.tif,../carbonmapper_data_l89_l2sp/ang20200709t204216-B/l8_LC08_L2SP_042035_20200710_20200912_02_T1.tif,79025
ang20200709t204216-B,2020-07-09T20:42:16+00:00,2020-07-10T18:39:21.024000+00:00,2020-07-10T18:33:57.717504+00:00,LC08_L2SP_042035_20200710_20200912_02_T1,../carbonmapper_data_s2_l2a/ang20200709t204216-B/s2_20200710T183921Z.tif,../carbonmapper_data_l89_l2sp/ang20200709t204216-B/l8_LC08_L2SP_042035_20200710_20200912_02_T1.tif,79025
ang20200709t205211-1,2020-07-09T20:52:11+00:00,2020-07-10T18:39:21.024000+00:00,2020-07-10T18:33:57.717504+00:00,LC08_L2SP_042035_20200710_20200912_02_T1,../carbonmapper_data_s2_l2a/ang20200709t205211-1/s2_20200710T183921Z.tif,../carbonmapper_data_l89_l2sp/ang20200709t205211-1/l8_LC08_L2SP_042035_20200710_20200912_02_T1.tif,78430
ang20200709t205211-1,2020-07-09T20:52:11+00:00,2020-07-10T18:39:21.024000+00:00,2020-07-10T18:33:57.717504+00:00,LC08_L2SP_042035_20200710_20200912_02_T1,../carbonmapper_data_s2_l2a/ang20200709t205211-1/s2_20200710T183921Z.tif,../carbonmapper_data_l89_l2sp/ang20200709t205211-1/l8_LC08_L2SP_042035_20200710_20200912_02_T1.tif,78430
ang20200709t205211-3,2020-07-09T20:52:11+00:00,2020-07-10T18:39:21.024000+00:00,2020-07-10T18:33:57.717504+00:00,LC08_L2SP_042035_20200710_20200912_02_T1,../carbonmapper_data_s2_l2a/ang20200709t205211-3/s2_20200710T183921Z.tif,../carbonmapper_data_l89_l2sp/ang20200709t205211-3/l8_LC08_L2SP_042035_20200710_20200912_02_T1.tif,78430
ang20200709t205211-3,2020-07-09T20:52:11+00:00,2020-07-10T18:39:21.024000+00:00,2020-07-10T18:33:57.717504+00:00,LC08_L2SP_042035_20200710_20200912_02_T1,../carbonmapper_data_s2_l2a/ang20200709t205211-3/s2_20200710T183921Z.tif,../carbonmapper_data_l89_l2sp/ang20200709t205211-3/l8_LC08_L2SP_042035_20200710_20200912_02_T1.tif,78430
ang20200709t205211-5,2020-07-09T20:52:11+00:00,2020-07-10T18:39:21.024000+00:00,2020-07-10T18:33:57.717504+00:00,LC08_L2SP_042035_20200710_20200912_02_T1,../carbonmapper_data_s2_l2a/ang20200709t205211-5/s2_20200710T183921Z.tif,../carbonmapper_data_l89_l2sp/ang20200709t205211-5/l8_LC08_L2SP_042035_20200710_20200912_02_T1.tif,78430
ang20200709t205211-5,2020-07-09T20:52:11+00:00,2020-07-10T18:39:21.024000+00:00,2020-07-10T18:33:57.717504+00:00,LC08_L2SP_042035_20200710_20200912_02_T1,../carbonmapper_data_s2_l2a/ang20200709t205211-5/s2_20200710T183921Z.tif,../carbonmapper_data_l89_l2sp/ang20200709t205211-5/l8_LC08_L2SP_042035_20200710_20200912_02_T1.tif,78430
ang20200709t205211-B,2020-07-09T20:52:11+00:00,2020-07-10T18:39:21.024000+00:00,2020-07-10T18:33:57.717504+00:00,LC08_L2SP_042035_20200710_20200912_02_T1,../carbonmapper_data_s2_l2a/ang20200709t205211-B/s2_20200710T183921Z.tif,../carbonmapper_data_l89_l2sp/ang20200709t205211-B/l8_LC08_L2SP_042035_20200710_20200912_02_T1.tif,78430
ang20200709t205211-B,2020-07-09T20:52:11+00:00,2020-07-10T18:39:21.024000+00:00,2020-07-10T18:33:57.717504+00:00,LC08_L2SP_042035_20200710_20200912_02_T1,../carbonmapper_data_s2_l2a/ang20200709t205211-B/s2_20200710T183921Z.tif,../carbonmapper_data_l89_l2sp/ang20200709t205211-B/l8_LC08_L2SP_042035_20200710_20200912_02_T1.tif,78430
ang20200709t205211-C,2020-07-09T20:52:11+00:00,2020-07-10T18:39:21.024000+00:00,2020-07-10T18:33:57.717504+00:00,LC08_L2SP_042035_20200710_20200912_02_T1,../carbonmapper_data_s2_l2a/ang20200709t205211-C/s2_20200710T183921Z.tif,../carbonmapper_data_l89_l2sp/ang20200709t205211-C/l8_LC08_L2SP_042035_20200710_20200912_02_T1.tif,78430
ang20200709t205211-C,2020-07-09T20:52:11+00:00,2020-07-10T18:39:21.024000+00:00,2020-07-10T18:33:57.717504+00:00,LC08_L2SP_042035_20200710_20200912_02_T1,../carbonmapper_data_s2_l2a/ang20200709t205211-C/s2_20200710T183921Z.tif,../carbonmapper_data_l89_l2sp/ang20200709t205211-C/l8_LC08_L2SP_042035_20200710_20200912_02_T1.tif,78430
ang20200709t205211-D,2020-07-09T20:52:11+00:00,2020-07-10T18:39:21.024000+00:00,2020-07-10T18:33:57.717504+00:00,LC08_L2SP_042035_20200710_20200912_02_T1,../carbonmapper_data_s2_l2a/ang20200709t205211-D/s2_20200710T183921Z.tif,../carbonmapper_data_l89_l2sp/ang20200709t205211-D/l8_LC08_L2SP_042035_20200710_20200912_02_T1.tif,78430
ang20200709t210220-1,2020-07-09T21:02:20+00:00,2020-07-10T18:39:21.024000+00:00,2020-07-10T18:33:57.717504+00:00,LC08_L2SP_042035_20200710_20200912_02_T1,../carbonmapper_data_s2_l2a/ang20200709t210220-1/s2_20200710T183921Z.tif,../carbonmapper_data_l89_l2sp/ang20200709t210220-1/l8_LC08_L2SP_042035_20200710_20200912_02_T1.tif,77821
ang20200709t210220-1,2020-07-09T21:02:20+00:00,2020-07-10T18:39:21.024000+00:00,2020-07-10T18:33:57.717504+00:00,LC08_L2SP_042035_20200710_20200912_02_T1,../carbonmapper_data_s2_l2a/ang20200709t210220-1/s2_20200710T183921Z.tif,../carbonmapper_data_l89_l2sp/ang20200709t210220-1/l8_LC08_L2SP_042035_20200710_20200912_02_T1.tif,77821
ang20200709t210220-2,2020-07-09T21:02:20+00:00,2020-07-10T18:39:21.024000+00:00,2020-07-10T18:33:57.717504+00:00,LC08_L2SP_042035_20200710_20200912_02_T1,../carbonmapper_data_s2_l2a/ang20200709t210220-2/s2_20200710T183921Z.tif,../carbonmapper_data_l89_l2sp/ang20200709t210220-2/l8_LC08_L2SP_042035_20200710_20200912_02_T1.tif,77821
ang20200709t210220-2,2020-07-09T21:02:20+00:00,2020-07-10T18:39:21.024000+00:00,2020-07-10T18:33:57.717504+00:00,LC08_L2SP_042035_20200710_20200912_02_T1,../carbonmapper_data_s2_l2a/ang20200709t210220-2/s2_20200710T183921Z.tif,../carbonmapper_data_l89_l2sp/ang20200709t210220-2/l8_LC08_L2SP_042035_20200710_20200912_02_T1.tif,77821
ang20200709t210220-3,2020-07-09T21:02:20+00:00,2020-07-10T18:39:21.024000+00:00,2020-07-10T18:33:57.717504+00:00,LC08_L2SP_042035_20200710_20200912_02_T1,../carbonmapper_data_s2_l2a/ang20200709t210220-3/s2_20200710T183921Z.tif,../carbonmapper_data_l89_l2sp/ang20200709t210220-3/l8_LC08_L2SP_042035_20200710_20200912_02_T1.tif,77821
ang20200709t210220-3,2020-07-09T21:02:20+00:00,2020-07-10T18:39:21.024000+00:00,2020-07-10T18:33:57.717504+00:00,LC08_L2SP_042035_20200710_20200912_02_T1,../carbonmapper_data_s2_l2a/ang20200709t210220-3/s2_20200710T183921Z.tif,../carbonmapper_data_l89_l2sp/ang20200709t210220-3/l8_LC08_L2SP_042035_20200710_20200912_02_T1.tif,77821
ang20200709t210220-4,2020-07-09T21:02:20+00:00,2020-07-10T18:39:21.024000+00:00,2020-07-10T18:33:57.717504+00:00,LC08_L2SP_042035_20200710_20200912_02_T1,../carbonmapper_data_s2_l2a/ang20200709t210220-4/s2_20200710T183921Z.tif,../carbonmapper_data_l89_l2sp/ang20200709t210220-4/l8_LC08_L2SP_042035_20200710_20200912_02_T1.tif,77821
ang20200709t210220-4,2020-07-09T21:02:20+00:00,2020-07-10T18:39:21.024000+00:00,2020-07-10T18:33:57.717504+00:00,LC08_L2SP_042035_20200710_20200912_02_T1,../carbonmapper_data_s2_l2a/ang20200709t210220-4/s2_20200710T183921Z.tif,../carbonmapper_data_l89_l2sp/ang20200709t210220-4/l8_LC08_L2SP_042035_20200710_20200912_02_T1.tif,77821
ang20200709t210220-A,2020-07-09T21:02:20+00:00,2020-07-10T18:39:21.024000+00:00,2020-07-10T18:33:57.717504+00:00,LC08_L2SP_042035_20200710_20200912_02_T1,../carbonmapper_data_s2_l2a/ang20200709t210220-A/s2_20200710T183921Z.tif,../carbonmapper_data_l89_l2sp/ang20200709t210220-A/l8_LC08_L2SP_042035_20200710_20200912_02_T1.tif,77821
ang20200709t210220-A,2020-07-09T21:02:20+00:00,2020-07-10T18:39:21.024000+00:00,2020-07-10T18:33:57.717504+00:00,LC08_L2SP_042035_20200710_20200912_02_T1,../carbonmapper_data_s2_l2a/ang20200709t210220-A/s2_20200710T183921Z.tif,../carbonmapper_data_l89_l2sp/ang20200709t210220-A/l8_LC08_L2SP_042035_20200710_20200912_02_T1.tif,77821
ang20200709t210220-B,2020-07-09T21:02:20+00:00,2020-07-10T18:39:21.024000+00:00,2020-07-10T18:33:57.717504+00:00,LC08_L2SP_042035_20200710_20200912_02_T1,../carbonmapper_data_s2_l2a/ang20200709t210220-B/s2_20200710T183921Z.tif,../carbonmapper_data_l89_l2sp/ang20200709t210220-B/l8_LC08_L2SP_042035_20200710_20200912_02_T1.tif,77821
ang20200709t210220-B,2020-07-09T21:02:20+00:00,2020-07-10T18:39:21.024000+00:00,2020-07-10T18:33:57.717504+00:00,LC08_L2SP_042035_20200710_20200912_02_T1,../carbonmapper_data_s2_l2a/ang20200709t210220-B/s2_20200710T183921Z.tif,../carbonmapper_data_l89_l2sp/ang20200709t210220-B/l8_LC08_L2SP_042035_20200710_20200912_02_T1.tif,77821
ang20200709t210220-D,2020-07-09T21:02:20+00:00,2020-07-10T18:39:21.024000+00:00,2020-07-10T18:33:57.717504+00:00,LC08_L2SP_042035_20200710_20200912_02_T1,../carbonmapper_data_s2_l2a/ang20200709t210220-D/s2_20200710T183921Z.tif,../carbonmapper_data_l89_l2sp/ang20200709t210220-D/l8_LC08_L2SP_042035_20200710_20200912_02_T1.tif,77821
ang20200709t210220-D,2020-07-09T21:02:20+00:00,2020-07-10T18:39:21.024000+00:00,2020-07-10T18:33:57.717504+00:00,LC08_L2SP_042035_20200710_20200912_02_T1,../carbonmapper_data_s2_l2a/ang20200709t210220-D/s2_20200710T183921Z.tif,../carbonmapper_data_l89_l2sp/ang20200709t210220-D/l8_LC08_L2SP_042035_20200710_20200912_02_T1.tif,77821
ang20200709t210220-F,2020-07-09T21:02:20+00:00,2020-07-10T18:39:21.024000+00:00,2020-07-10T18:33:57.717504+00:00,LC08_L2SP_042035_20200710_20200912_02_T1,../carbonmapper_data_s2_l2a/ang20200709t210220-F/s2_20200710T183921Z.tif,../carbonmapper_data_l89_l2sp/ang20200709t210220-F/l8_LC08_L2SP_042035_20200710_20200912_02_T1.tif,77821
ang20200709t210220-F,2020-07-09T21:02:20+00:00,2020-07-10T18:39:21.024000+00:00,2020-07-10T18:33:57.717504+00:00,LC08_L2SP_042035_20200710_20200912_02_T1,../carbonmapper_data_s2_l2a/ang20200709t210220-F/s2_20200710T183921Z.tif,../carbonmapper_data_l89_l2sp/ang20200709t210220-F/l8_LC08_L2SP_042035_20200710_20200912_02_T1.tif,77821
ang20200709t211401-1,2020-07-09T21:14:01+00:00,2020-07-10T18:39:21.024000+00:00,2020-07-10T18:33:57.717504+00:00,LC08_L2SP_042035_20200710_20200912_02_T1,../carbonmapper_data_s2_l2a/ang20200709t211401-1/s2_20200710T183921Z.tif,../carbonmapper_data_l89_l2sp/ang20200709t211401-1/l8_LC08_L2SP_042035_20200710_20200912_02_T1.tif,77120
ang20200709t211401-1,2020-07-09T21:14:01+00:00,2020-07-10T18:39:21.024000+00:00,2020-07-10T18:33:57.717504+00:00,LC08_L2SP_042035_20200710_20200912_02_T1,../carbonmapper_data_s2_l2a/ang20200709t211401-1/s2_20200710T183921Z.tif,../carbonmapper_data_l89_l2sp/ang20200709t211401-1/l8_LC08_L2SP_042035_20200710_20200912_02_T1.tif,77120
ang20200709t212243-1,2020-07-09T21:22:43+00:00,2020-07-10T18:39:21.024000+00:00,2020-07-10T18:33:57.717504+00:00,LC08_L2SP_042035_20200710_20200912_02_T1,../carbonmapper_data_s2_l2a/ang20200709t212243-1/s2_20200710T183921Z.tif,../carbonmapper_data_l89_l2sp/ang20200709t212243-1/l8_LC08_L2SP_042035_20200710_20200912_02_T1.tif,76598
ang20200709t212858-1,2020-07-09T21:28:58+00:00,2020-07-10T18:39:21.024000+00:00,2020-07-10T18:33:57.717504+00:00,LC08_L2SP_042035_20200710_20200912_02_T1,../carbonmapper_data_s2_l2a/ang20200709t212858-1/s2_20200710T183921Z.tif,../carbonmapper_data_l89_l2sp/ang20200709t212858-1/l8_LC08_L2SP_042035_20200710_20200912_02_T1.tif,76223
ang20200709t213509-A,2020-07-09T21:35:09+00:00,2020-07-10T18:39:21.024000+00:00,2020-07-10T18:33:57.717504+00:00,LC08_L2SP_042035_20200710_20200912_02_T1,../carbonmapper_data_s2_l2a/ang20200709t213509-A/s2_20200710T183921Z.tif,../carbonmapper_data_l89_l2sp/ang20200709t213509-A/l8_LC08_L2SP_042035_20200710_20200912_02_T1.tif,75852
ang20200709t214232-A,2020-07-09T21:42:32+00:00,2020-07-10T18:39:21.024000+00:00,2020-07-10T18:33:57.717504+00:00,LC08_L2SP_042035_20200710_20200912_02_T1,../carbonmapper_data_s2_l2a/ang20200709t214232-A/s2_20200710T183921Z.tif,../carbonmapper_data_l89_l2sp/ang20200709t214232-A/l8_LC08_L2SP_042035_20200710_20200912_02_T1.tif,75409
ang20200709t214232-B,2020-07-09T21:42:32+00:00,2020-07-10T18:39:21.024000+00:00,2020-07-10T18:33:57.717504+00:00,LC08_L2SP_042035_20200710_20200912_02_T1,../carbonmapper_data_s2_l2a/ang20200709t214232-B/s2_20200710T183921Z.tif,../carbonmapper_data_l89_l2sp/ang20200709t214232-B/l8_LC08_L2SP_042035_20200710_20200912_02_T1.tif,75409
ang20200709t214232-C,2020-07-09T21:42:32+00:00,2020-07-10T18:39:21.024000+00:00,2020-07-10T18:33:57.717504+00:00,LC08_L2SP_042035_20200710_20200912_02_T1,../carbonmapper_data_s2_l2a/ang20200709t214232-C/s2_20200710T183921Z.tif,../carbonmapper_data_l89_l2sp/ang20200709t214232-C/l8_LC08_L2SP_042035_20200710_20200912_02_T1.tif,75409
ang20200709t215700-A,2020-07-09T21:57:00+00:00,2020-07-10T18:39:21.024000+00:00,2020-07-10T18:33:57.717504+00:00,LC08_L2SP_042035_20200710_20200912_02_T1,../carbonmapper_data_s2_l2a/ang20200709t215700-A/s2_20200710T183921Z.tif,../carbonmapper_data_l89_l2sp/ang20200709t215700-A/l8_LC08_L2SP_042035_20200710_20200912_02_T1.tif,74541
ang20200709t215700-B,2020-07-09T21:57:00+00:00,2020-07-10T18:39:21.024000+00:00,2020-07-10T18:33:57.717504+00:00,LC08_L2SP_042035_20200710_20200912_02_T1,../carbonmapper_data_s2_l2a/ang20200709t215700-B/s2_20200710T183921Z.tif,../carbonmapper_data_l89_l2sp/ang20200709t215700-B/l8_LC08_L2SP_042035_20200710_20200912_02_T1.tif,74541
ang20200709t221850-A,2020-07-09T22:18:50+00:00,2020-07-10T18:39:21.024000+00:00,2020-07-10T18:33:57.717504+00:00,LC08_L2SP_042035_20200710_20200912_02_T1,../carbonmapper_data_s2_l2a/ang20200709t221850-A/s2_20200710T183921Z.tif,../carbonmapper_data_l89_l2sp/ang20200709t221850-A/l8_LC08_L2SP_042035_20200710_20200912_02_T1.tif,73231
ang20200709t223021-A,2020-07-09T22:30:21+00:00,2020-07-10T18:39:21.024000+00:00,2020-07-10T18:33:57.717504+00:00,LC08_L2SP_042035_20200710_20200912_02_T1,../carbonmapper_data_s2_l2a/ang20200709t223021-A/s2_20200710T183921Z.tif,../carbonmapper_data_l89_l2sp/ang20200709t223021-A/l8_LC08_L2SP_042035_20200710_20200912_02_T1.tif,72540
ang20200709t223916-1,2020-07-09T22:39:16+00:00,2020-07-10T18:39:21.024000+00:00,2020-07-10T18:33:57.717504+00:00,LC08_L2SP_042035_20200710_20200912_02_T1,../carbonmapper_data_s2_l2a/ang20200709t223916-1/s2_20200710T183921Z.tif,../carbonmapper_data_l89_l2sp/ang20200709t223916-1/l8_LC08_L2SP_042035_20200710_20200912_02_T1.tif,72005
ang20200709t223916-1,2020-07-09T22:39:16+00:00,2020-07-10T18:39:21.024000+00:00,2020-07-10T18:34:21.612780+00:00,LC08_L2SP_042036_20200710_20200912_02_T1,../carbonmapper_data_s2_l2a/ang20200709t223916-1/s2_20200710T183921Z.tif,../carbonmapper_data_l89_l2sp/ang20200709t223916-1/l8_LC08_L2SP_042036_20200710_20200912_02_T1.tif,72005
ang20200709t223916-1,2020-07-09T22:39:16+00:00,2020-07-10T18:39:21.024000+00:00,2020-07-10T18:33:57.717504+00:00,LC08_L2SP_042035_20200710_20200912_02_T1,../carbonmapper_data_s2_l2a/ang20200709t223916-1/s2_20200710T183921Z.tif,../carbonmapper_data_l89_l2sp/ang20200709t223916-1/l8_LC08_L2SP_042035_20200710_20200912_02_T1.tif,72005
ang20200709t223916-1,2020-07-09T22:39:16+00:00,2020-07-10T18:39:21.024000+00:00,2020-07-10T18:34:21.612780+00:00,LC08_L2SP_042036_20200710_20200912_02_T1,../carbonmapper_data_s2_l2a/ang20200709t223916-1/s2_20200710T183921Z.tif,../carbonmapper_data_l89_l2sp/ang20200709t223916-1/l8_LC08_L2SP_042036_20200710_20200912_02_T1.tif,72005
ang20200709t223916-1,2020-07-09T22:39:16+00:00,2020-07-10T18:39:21.024000+00:00,2020-07-10T18:33:57.717504+00:00,LC08_L2SP_042035_20200710_20200912_02_T1,../carbonmapper_data_s2_l2a/ang20200709t223916-1/s2_20200710T183921Z.tif,../carbonmapper_data_l89_l2sp/ang20200709t223916-1/l8_LC08_L2SP_042035_20200710_20200912_02_T1.tif,72005
ang20200709t223916-1,2020-07-09T22:39:16+00:00,2020-07-10T18:39:21.024000+00:00,2020-07-10T18:34:21.612780+00:00,LC08_L2SP_042036_20200710_20200912_02_T1,../carbonmapper_data_s2_l2a/ang20200709t223916-1/s2_20200710T183921Z.tif,../carbonmapper_data_l89_l2sp/ang20200709t223916-1/l8_LC08_L2SP_042036_20200710_20200912_02_T1.tif,72005
ang20200709t223916-2,2020-07-09T22:39:16+00:00,2020-07-10T18:39:21.024000+00:00,2020-07-10T18:33:57.717504+00:00,LC08_L2SP_042035_20200710_20200912_02_T1,../carbonmapper_data_s2_l2a/ang20200709t223916-2/s2_20200710T183921Z.tif,../carbonmapper_data_l89_l2sp/ang20200709t223916-2/l8_LC08_L2SP_042035_20200710_20200912_02_T1.tif,72005
ang20200709t223916-2,2020-07-09T22:39:16+00:00,2020-07-10T18:39:21.024000+00:00,2020-07-10T18:34:21.612780+00:00,LC08_L2SP_042036_20200710_20200912_02_T1,../carbonmapper_data_s2_l2a/ang20200709t223916-2/s2_20200710T183921Z.tif,../carbonmapper_data_l89_l2sp/ang20200709t223916-2/l8_LC08_L2SP_042036_20200710_20200912_02_T1.tif,72005
ang20200709t223916-2,2020-07-09T22:39:16+00:00,2020-07-10T18:39:21.024000+00:00,2020-07-10T18:33:57.717504+00:00,LC08_L2SP_042035_20200710_20200912_02_T1,../carbonmapper_data_s2_l2a/ang20200709t223916-2/s2_20200710T183921Z.tif,../carbonmapper_data_l89_l2sp/ang20200709t223916-2/l8_LC08_L2SP_042035_20200710_20200912_02_T1.tif,72005
ang20200709t223916-2,2020-07-09T22:39:16+00:00,2020-07-10T18:39:21.024000+00:00,2020-07-10T18:34:21.612780+00:00,LC08_L2SP_042036_20200710_20200912_02_T1,../carbonmapper_data_s2_l2a/ang20200709t223916-2/s2_20200710T183921Z.tif,../carbonmapper_data_l89_l2sp/ang20200709t223916-2/l8_LC08_L2SP_042036_20200710_20200912_02_T1.tif,72005
ang20200709t223916-2,2020-07-09T22:39:16+00:00,2020-07-10T18:39:21.024000+00:00,2020-07-10T18:33:57.717504+00:00,LC08_L2SP_042035_20200710_20200912_02_T1,../carbonmapper_data_s2_l2a/ang20200709t223916-2/s2_20200710T183921Z.tif,../carbonmapper_data_l89_l2sp/ang20200709t223916-2/l8_LC08_L2SP_042035_20200710_20200912_02_T1.tif,72005
ang20200709t223916-2,2020-07-09T22:39:16+00:00,2020-07-10T18:39:21.024000+00:00,2020-07-10T18:34:21.612780+00:00,LC08_L2SP_042036_20200710_20200912_02_T1,../carbonmapper_data_s2_l2a/ang20200709t223916-2/s2_20200710T183921Z.tif,../carbonmapper_data_l89_l2sp/ang20200709t223916-2/l8_LC08_L2SP_042036_20200710_20200912_02_T1.tif,72005
ang20200709t224635-2,2020-07-09T22:46:35+00:00,2020-07-10T18:39:21.024000+00:00,2020-07-10T18:33:57.717504+00:00,LC08_L2SP_042035_20200710_20200912_02_T1,../carbonmapper_data_s2_l2a/ang20200709t224635-2/s2_20200710T183921Z.tif,../carbonmapper_data_l89_l2sp/ang20200709t224635-2/l8_LC08_L2SP_042035_20200710_20200912_02_T1.tif,71566
ang20200709t224635-2,2020-07-09T22:46:35+00:00,2020-07-10T18:39:21.024000+00:00,2020-07-10T18:34:21.612780+00:00,LC08_L2SP_042036_20200710_20200912_02_T1,../carbonmapper_data_s2_l2a/ang20200709t224635-2/s2_20200710T183921Z.tif,../carbonmapper_data_l89_l2sp/ang20200709t224635-2/l8_LC08_L2SP_042036_20200710_20200912_02_T1.tif,71566
ang20200709t224635-2,2020-07-09T22:46:35+00:00,2020-07-10T18:39:21.024000+00:00,2020-07-10T18:33:57.717504+00:00,LC08_L2SP_042035_20200710_20200912_02_T1,../carbonmapper_data_s2_l2a/ang20200709t224635-2/s2_20200710T183921Z.tif,../carbonmapper_data_l89_l2sp/ang20200709t224635-2/l8_LC08_L2SP_042035_20200710_20200912_02_T1.tif,71566
ang20200709t224635-2,2020-07-09T22:46:35+00:00,2020-07-10T18:39:21.024000+00:00,2020-07-10T18:34:21.612780+00:00,LC08_L2SP_042036_20200710_20200912_02_T1,../carbonmapper_data_s2_l2a/ang20200709t224635-2/s2_20200710T183921Z.tif,../carbonmapper_data_l89_l2sp/ang20200709t224635-2/l8_LC08_L2SP_042036_20200710_20200912_02_T1.tif,71566
ang20200709t224635-2,2020-07-09T22:46:35+00:00,2020-07-10T18:39:21.024000+00:00,2020-07-10T18:33:57.717504+00:00,LC08_L2SP_042035_20200710_20200912_02_T1,../carbonmapper_data_s2_l2a/ang20200709t224635-2/s2_20200710T183921Z.tif,../carbonmapper_data_l89_l2sp/ang20200709t224635-2/l8_LC08_L2SP_042035_20200710_20200912_02_T1.tif,71566
ang20200709t224635-2,2020-07-09T22:46:35+00:00,2020-07-10T18:39:21.024000+00:00,2020-07-10T18:34:21.612780+00:00,LC08_L2SP_042036_20200710_20200912_02_T1,../carbonmapper_data_s2_l2a/ang20200709t224635-2/s2_20200710T183921Z.tif,../carbonmapper_data_l89_l2sp/ang20200709t224635-2/l8_LC08_L2SP_042036_20200710_20200912_02_T1.tif,71566
ang20220324t182439-A,2022-03-24T18:24:39+00:00,2022-03-25T17:59:09.024000+00:00,2022-03-25T17:50:15.406881+00:00,LC08_L2SP_035034_20220325_20220330_02_T1,../carbonmapper_data_s2_l2a/ang20220324t182439-A/s2_20220325T175909Z.tif,../carbonmapper_data_l89_l2sp/ang20220324t182439-A/l8_LC08_L2SP_035034_20220325_20220330_02_T1.tif,84870
ang20220324t182439-A,2022-03-24T18:24:39+00:00,2022-03-25T17:59:09.024000+00:00,2022-03-25T17:50:15.406881+00:00,LC08_L2SP_035034_20220325_20220330_02_T1,../carbonmapper_data_s2_l2a/ang20220324t182439-A/s2_20220325T175909Z.tif,../carbonmapper_data_l89_l2sp/ang20220324t182439-A/l8_LC08_L2SP_035034_20220325_20220330_02_T1.tif,84870
ang20220324t191818-B,2022-03-24T19:18:18+00:00,2022-03-25T17:59:09.024000+00:00,2022-03-25T17:50:15.406881+00:00,LC08_L2SP_035034_20220325_20220330_02_T1,../carbonmapper_data_s2_l2a/ang20220324t191818-B/s2_20220325T175909Z.tif,../carbonmapper_data_l89_l2sp/ang20220324t191818-B/l8_LC08_L2SP_035034_20220325_20220330_02_T1.tif,81651
ang20220324t191818-B,2022-03-24T19:18:18+00:00,2022-03-25T17:59:09.024000+00:00,2022-03-25T17:50:15.406881+00:00,LC08_L2SP_035034_20220325_20220330_02_T1,../carbonmapper_data_s2_l2a/ang20220324t191818-B/s2_20220325T175909Z.tif,../carbonmapper_data_l89_l2sp/ang20220324t191818-B/l8_LC08_L2SP_035034_20220325_20220330_02_T1.tif,81651
ang20220324t193809-A,2022-03-24T19:38:09+00:00,2022-03-25T17:59:09.024000+00:00,2022-03-25T17:50:15.406881+00:00,LC08_L2SP_035034_20220325_20220330_02_T1,../carbonmapper_data_s2_l2a/ang20220324t193809-A/s2_20220325T175909Z.tif,../carbonmapper_data_l89_l2sp/ang20220324t193809-A/l8_LC08_L2SP_035034_20220325_20220330_02_T1.tif,80460
ang20220324t193809-A,2022-03-24T19:38:09+00:00,2022-03-25T17:59:09.024000+00:00,2022-03-25T17:50:15.406881+00:00,LC08_L2SP_035034_20220325_20220330_02_T1,../carbonmapper_data_s2_l2a/ang20220324t193809-A/s2_20220325T175909Z.tif,../carbonmapper_data_l89_l2sp/ang20220324t193809-A/l8_LC08_L2SP_035034_20220325_20220330_02_T1.tif,80460
ang20220324t193809-A,2022-03-24T19:38:09+00:00,2022-03-25T17:59:09.024000+00:00,2022-03-25T17:50:15.406881+00:00,LC08_L2SP_035034_20220325_20220330_02_T1,../carbonmapper_data_s2_l2a/ang20220324t193809-A/s2_20220325T175909Z.tif,../carbonmapper_data_l89_l2sp/ang20220324t193809-A/l8_LC08_L2SP_035034_20220325_20220330_02_T1.tif,80460
ang20220324t195537-A,2022-03-24T19:55:37+00:00,2022-03-25T17:59:09.024000+00:00,2022-03-25T17:50:15.406881+00:00,LC08_L2SP_035034_20220325_20220330_02_T1,../carbonmapper_data_s2_l2a/ang20220324t195537-A/s2_20220325T175909Z.tif,../carbonmapper_data_l89_l2sp/ang20220324t195537-A/l8_LC08_L2SP_035034_20220325_20220330_02_T1.tif,79412
ang20220324t195537-A,2022-03-24T19:55:37+00:00,2022-03-25T17:59:09.024000+00:00,2022-03-25T17:50:15.406881+00:00,LC08_L2SP_035034_20220325_20220330_02_T1,../carbonmapper_data_s2_l2a/ang20220324t195537-A/s2_20220325T175909Z.tif,../carbonmapper_data_l89_l2sp/ang20220324t195537-A/l8_LC08_L2SP_035034_20220325_20220330_02_T1.tif,79412
ang20220324t195537-E,2022-03-24T19:55:37+00:00,2022-03-25T17:59:09.024000+00:00,2022-03-25T17:50:15.406881+00:00,LC08_L2SP_035034_20220325_20220330_02_T1,../carbonmapper_data_s2_l2a/ang20220324t195537-E/s2_20220325T175909Z.tif,../carbonmapper_data_l89_l2sp/ang20220324t195537-E/l8_LC08_L2SP_035034_20220325_20220330_02_T1.tif,79412
ang20220324t195537-E,2022-03-24T19:55:37+00:00,2022-03-25T17:59:09.024000+00:00,2022-03-25T17:50:15.406881+00:00,LC08_L2SP_035034_20220325_20220330_02_T1,../carbonmapper_data_s2_l2a/ang20220324t195537-E/s2_20220325T175909Z.tif,../carbonmapper_data_l89_l2sp/ang20220324t195537-E/l8_LC08_L2SP_035034_20220325_20220330_02_T1.tif,79412
ang20220324t202850-A,2022-03-24T20:28:50+00:00,2022-03-25T17:59:09.024000+00:00,2022-03-25T17:50:15.406881+00:00,LC08_L2SP_035034_20220325_20220330_02_T1,../carbonmapper_data_s2_l2a/ang20220324t202850-A/s2_20220325T175909Z.tif,../carbonmapper_data_l89_l2sp/ang20220324t202850-A/l8_LC08_L2SP_035034_20220325_20220330_02_T1.tif,77419
ang20220324t202850-A,2022-03-24T20:28:50+00:00,2022-03-25T17:59:09.024000+00:00,2022-03-25T17:50:15.406881+00:00,LC08_L2SP_035034_20220325_20220330_02_T1,../carbonmapper_data_s2_l2a/ang20220324t202850-A/s2_20220325T175909Z.tif,../carbonmapper_data_l89_l2sp/ang20220324t202850-A/l8_LC08_L2SP_035034_20220325_20220330_02_T1.tif,77419
ang20220324t204413-A,2022-03-24T20:44:13+00:00,2022-03-25T17:59:09.024000+00:00,2022-03-25T17:50:15.406881+00:00,LC08_L2SP_035034_20220325_20220330_02_T1,../carbonmapper_data_s2_l2a/ang20220324t204413-A/s2_20220325T175909Z.tif,../carbonmapper_data_l89_l2sp/ang20220324t204413-A/l8_LC08_L2SP_035034_20220325_20220330_02_T1.tif,76496
ang20220324t204413-A,2022-03-24T20:44:13+00:00,2022-03-25T17:59:09.024000+00:00,2022-03-25T17:50:15.406881+00:00,LC08_L2SP_035034_20220325_20220330_02_T1,../carbonmapper_data_s2_l2a/ang20220324t204413-A/s2_20220325T175909Z.tif,../carbonmapper_data_l89_l2sp/ang20220324t204413-A/l8_LC08_L2SP_035034_20220325_20220330_02_T1.tif,76496
ang20220324t211235-A,2022-03-24T21:12:35+00:00,2022-03-25T17:59:09.024000+00:00,2022-03-25T17:50:15.406881+00:00,LC08_L2SP_035034_20220325_20220330_02_T1,../carbonmapper_data_s2_l2a/ang20220324t211235-A/s2_20220325T175909Z.tif,../carbonmapper_data_l89_l2sp/ang20220324t211235-A/l8_LC08_L2SP_035034_20220325_20220330_02_T1.tif,74794
ang20220324t211235-A,2022-03-24T21:12:35+00:00,2022-03-25T17:59:09.024000+00:00,2022-03-25T17:50:15.406881+00:00,LC08_L2SP_035034_20220325_20220330_02_T1,../carbonmapper_data_s2_l2a/ang20220324t211235-A/s2_20220325T175909Z.tif,../carbonmapper_data_l89_l2sp/ang20220324t211235-A/l8_LC08_L2SP_035034_20220325_20220330_02_T1.tif,74794
ang20220324t211235-B,2022-03-24T21:12:35+00:00,2022-03-25T17:59:09.024000+00:00,2022-03-25T17:50:15.406881+00:00,LC08_L2SP_035034_20220325_20220330_02_T1,../carbonmapper_data_s2_l2a/ang20220324t211235-B/s2_20220325T175909Z.tif,../carbonmapper_data_l89_l2sp/ang20220324t211235-B/l8_LC08_L2SP_035034_20220325_20220330_02_T1.tif,74794
ang20220324t211235-B,2022-03-24T21:12:35+00:00,2022-03-25T17:59:09.024000+00:00,2022-03-25T17:50:15.406881+00:00,LC08_L2SP_035034_20220325_20220330_02_T1,../carbonmapper_data_s2_l2a/ang20220324t211235-B/s2_20220325T175909Z.tif,../carbonmapper_data_l89_l2sp/ang20220324t211235-B/l8_LC08_L2SP_035034_20220325_20220330_02_T1.tif,74794
ang20220324t212542-A,2022-03-24T21:25:42+00:00,2022-03-25T17:59:09.024000+00:00,2022-03-25T17:50:15.406881+00:00,LC08_L2SP_035034_20220325_20220330_02_T1,../carbonmapper_data_s2_l2a/ang20220324t212542-A/s2_20220325T175909Z.tif,../carbonmapper_data_l89_l2sp/ang20220324t212542-A/l8_LC08_L2SP_035034_20220325_20220330_02_T1.tif,74007
ang20220324t212542-A,2022-03-24T21:25:42+00:00,2022-03-25T17:59:09.024000+00:00,2022-03-25T17:50:15.406881+00:00,LC08_L2SP_035034_20220325_20220330_02_T1,../carbonmapper_data_s2_l2a/ang20220324t212542-A/s2_20220325T175909Z.tif,../carbonmapper_data_l89_l2sp/ang20220324t212542-A/l8_LC08_L2SP_035034_20220325_20220330_02_T1.tif,74007
ang20220325t173925-A,2022-03-25T17:39:25+00:00,2022-03-25T17:59:09.024000+00:00,2022-03-25T17:50:15.406881+00:00,LC08_L2SP_035034_20220325_20220330_02_T1,../carbonmapper_data_s2_l2a/ang20220325t173925-A/s2_20220325T175909Z.tif,../carbonmapper_data_l89_l2sp/ang20220325t173925-A/l8_LC08_L2SP_035034_20220325_20220330_02_T1.tif,1184
ang20220325t175529-A,2022-03-25T17:55:29+00:00,2022-03-25T17:59:09.024000+00:00,2022-03-25T17:50:39.293685+00:00,LC08_L2SP_035035_20220325_20220330_02_T1,../carbonmapper_data_s2_l2a/ang20220325t175529-A/s2_20220325T175909Z.tif,../carbonmapper_data_l89_l2sp/ang20220325t175529-A/l8_LC08_L2SP_035035_20220325_20220330_02_T1.tif,289
ang20220325t175529-B,2022-03-25T17:55:29+00:00,2022-03-25T17:59:09.024000+00:00,2022-03-25T17:50:39.293685+00:00,LC08_L2SP_035035_20220325_20220330_02_T1,../carbonmapper_data_s2_l2a/ang20220325t175529-B/s2_20220325T175909Z.tif,../carbonmapper_data_l89_l2sp/ang20220325t175529-B/l8_LC08_L2SP_035035_20220325_20220330_02_T1.tif,289
ang20220325t175529-D,2022-03-25T17:55:29+00:00,2022-03-25T17:59:09.024000+00:00,2022-03-25T17:50:39.293685+00:00,LC08_L2SP_035035_20220325_20220330_02_T1,../carbonmapper_data_s2_l2a/ang20220325t175529-D/s2_20220325T175909Z.tif,../carbonmapper_data_l89_l2sp/ang20220325t175529-D/l8_LC08_L2SP_035035_20220325_20220330_02_T1.tif,289
ang20220325t180940-A,2022-03-25T18:09:40+00:00,2022-03-25T17:59:09.024000+00:00,2022-03-25T17:50:39.293685+00:00,LC08_L2SP_035035_20220325_20220330_02_T1,../carbonmapper_data_s2_l2a/ang20220325t180940-A/s2_20220325T175909Z.tif,../carbonmapper_data_l89_l2sp/ang20220325t180940-A/l8_LC08_L2SP_035035_20220325_20220330_02_T1.tif,1140
ang20220325t180940-B,2022-03-25T18:09:40+00:00,2022-03-25T17:59:09.024000+00:00,2022-03-25T17:50:39.293685+00:00,LC08_L2SP_035035_20220325_20220330_02_T1,../carbonmapper_data_s2_l2a/ang20220325t180940-B/s2_20220325T175909Z.tif,../carbonmapper_data_l89_l2sp/ang20220325t180940-B/l8_LC08_L2SP_035035_20220325_20220330_02_T1.tif,1140
ang20220325t180940-B,2022-03-25T18:09:40+00:00,2022-03-25T17:59:09.024000+00:00,2022-03-26T17:44:37.195215+00:00,LC09_L2SP_034035_20220326_20230424_02_T1,../carbonmapper_data_s2_l2a/ang20220325t180940-B/s2_20220325T175909Z.tif,../carbonmapper_data_l89_l2sp/ang20220325t180940-B/l8_LC09_L2SP_034035_20220326_20230424_02_T1.tif,84897
ang20220325t182553-A,2022-03-25T18:25:53+00:00,2022-03-25T17:59:09.024000+00:00,2022-03-25T17:50:39.293685+00:00,LC08_L2SP_035035_20220325_20220330_02_T1,../carbonmapper_data_s2_l2a/ang20220325t182553-A/s2_20220325T175909Z.tif,../carbonmapper_data_l89_l2sp/ang20220325t182553-A/l8_LC08_L2SP_035035_20220325_20220330_02_T1.tif,2113
ang20220325t184019-A,2022-03-25T18:40:19+00:00,2022-03-25T17:59:09.024000+00:00,2022-03-25T17:50:39.293685+00:00,LC08_L2SP_035035_20220325_20220330_02_T1,../carbonmapper_data_s2_l2a/ang20220325t184019-A/s2_20220325T175909Z.tif,../carbonmapper_data_l89_l2sp/ang20220325t184019-A/l8_LC08_L2SP_035035_20220325_20220330_02_T1.tif,2979
ang20220325t184019-B,2022-03-25T18:40:19+00:00,2022-03-25T17:59:09.024000+00:00,2022-03-25T17:50:39.293685+00:00,LC08_L2SP_035035_20220325_20220330_02_T1,../carbonmapper_data_s2_l2a/ang20220325t184019-B/s2_20220325T175909Z.tif,../carbonmapper_data_l89_l2sp/ang20220325t184019-B/l8_LC08_L2SP_035035_20220325_20220330_02_T1.tif,2979
ang20220325t185825-A,2022-03-25T18:58:25+00:00,2022-03-25T17:59:09.024000+00:00,2022-03-25T17:50:39.293685+00:00,LC08_L2SP_035035_20220325_20220330_02_T1,../carbonmapper_data_s2_l2a/ang20220325t185825-A/s2_20220325T175909Z.tif,../carbonmapper_data_l89_l2sp/ang20220325t185825-A/l8_LC08_L2SP_035035_20220325_20220330_02_T1.tif,4065
ang20220325t185825-A,2022-03-25T18:58:25+00:00,2022-03-25T17:59:09.024000+00:00,2022-03-26T17:44:37.195215+00:00,LC09_L2SP_034035_20220326_20230424_02_T1,../carbonmapper_data_s2_l2a/ang20220325t185825-A/s2_20220325T175909Z.tif,../carbonmapper_data_l89_l2sp/ang20220325t185825-A/l8_LC09_L2SP_034035_20220326_20230424_02_T1.tif,81972
ang20220325t191254-A,2022-03-25T19:12:54+00:00,2022-03-25T17:59:09.024000+00:00,2022-03-25T17:50:39.293685+00:00,LC08_L2SP_035035_20220325_20220330_02_T1,../carbonmapper_data_s2_l2a/ang20220325t191254-A/s2_20220325T175909Z.tif,../carbonmapper_data_l89_l2sp/ang20220325t191254-A/l8_LC08_L2SP_035035_20220325_20220330_02_T1.tif,4934
ang20220325t191254-A,2022-03-25T19:12:54+00:00,2022-03-25T17:59:09.024000+00:00,2022-03-26T17:44:37.195215+00:00,LC09_L2SP_034035_20220326_20230424_02_T1,../carbonmapper_data_s2_l2a/ang20220325t191254-A/s2_20220325T175909Z.tif,../carbonmapper_data_l89_l2sp/ang20220325t191254-A/l8_LC09_L2SP_034035_20220326_20230424_02_T1.tif,81103
ang20220325t192854-A,2022-03-25T19:28:54+00:00,2022-03-25T17:59:09.024000+00:00,2022-03-25T17:50:39.293685+00:00,LC08_L2SP_035035_20220325_20220330_02_T1,../carbonmapper_data_s2_l2a/ang20220325t192854-A/s2_20220325T175909Z.tif,../carbonmapper_data_l89_l2sp/ang20220325t192854-A/l8_LC08_L2SP_035035_20220325_20220330_02_T1.tif,5894
ang20220325t192854-A,2022-03-25T19:28:54+00:00,2022-03-25T17:59:09.024000+00:00,2022-03-26T17:44:37.195215+00:00,LC09_L2SP_034035_20220326_20230424_02_T1,../carbonmapper_data_s2_l2a/ang20220325t192854-A/s2_20220325T175909Z.tif,../carbonmapper_data_l89_l2sp/ang20220325t192854-A/l8_LC09_L2SP_034035_20220326_20230424_02_T1.tif,80143
ang20220325t192854-B,2022-03-25T19:28:54+00:00,2022-03-25T17:59:09.024000+00:00,2022-03-25T17:50:39.293685+00:00,LC08_L2SP_035035_20220325_20220330_02_T1,../carbonmapper_data_s2_l2a/ang20220325t192854-B/s2_20220325T175909Z.tif,../carbonmapper_data_l89_l2sp/ang20220325t192854-B/l8_LC08_L2SP_035035_20220325_20220330_02_T1.tif,5894
ang20220325t192854-B,2022-03-25T19:28:54+00:00,2022-03-25T17:59:09.024000+00:00,2022-03-26T17:44:37.195215+00:00,LC09_L2SP_034035_20220326_20230424_02_T1,../carbonmapper_data_s2_l2a/ang20220325t192854-B/s2_20220325T175909Z.tif,../carbonmapper_data_l89_l2sp/ang20220325t192854-B/l8_LC09_L2SP_034035_20220326_20230424_02_T1.tif,80143
ang20220325t192854-C,2022-03-25T19:28:54+00:00,2022-03-25T17:59:09.024000+00:00,2022-03-25T17:50:39.293685+00:00,LC08_L2SP_035035_20220325_20220330_02_T1,../carbonmapper_data_s2_l2a/ang20220325t192854-C/s2_20220325T175909Z.tif,../carbonmapper_data_l89_l2sp/ang20220325t192854-C/l8_LC08_L2SP_035035_20220325_20220330_02_T1.tif,5894
ang20220325t192854-C,2022-03-25T19:28:54+00:00,2022-03-25T17:59:09.024000+00:00,2022-03-26T17:44:37.195215+00:00,LC09_L2SP_034035_20220326_20230424_02_T1,../carbonmapper_data_s2_l2a/ang20220325t192854-C/s2_20220325T175909Z.tif,../carbonmapper_data_l89_l2sp/ang20220325t192854-C/l8_LC09_L2SP_034035_20220326_20230424_02_T1.tif,80143
ang20220520t192905-B,2022-05-20T19:29:05+00:00,2022-05-21T18:39:31+00:00,2022-05-21T18:33:37.643080+00:00,LC09_L2SP_042035_20220521_20230416_02_T1,../carbonmapper_data_s2_l2a/ang20220520t192905-B/s2_20220521T183931Z.tif,../carbonmapper_data_l89_l2sp/ang20220520t192905-B/l8_LC09_L2SP_042035_20220521_20230416_02_T1.tif,83426
ang20220520t192905-B,2022-05-20T19:29:05+00:00,2022-05-21T18:39:31+00:00,2022-05-21T18:34:01.529860+00:00,LC09_L2SP_042036_20220521_20230416_02_T1,../carbonmapper_data_s2_l2a/ang20220520t192905-B/s2_20220521T183931Z.tif,../carbonmapper_data_l89_l2sp/ang20220520t192905-B/l8_LC09_L2SP_042036_20220521_20230416_02_T1.tif,83426
ang20220520t193549-A,2022-05-20T19:35:49+00:00,2022-05-21T18:39:31+00:00,2022-05-21T18:33:37.643080+00:00,LC09_L2SP_042035_20220521_20230416_02_T1,../carbonmapper_data_s2_l2a/ang20220520t193549-A/s2_20220521T183931Z.tif,../carbonmapper_data_l89_l2sp/ang20220520t193549-A/l8_LC09_L2SP_042035_20220521_20230416_02_T1.tif,83022
ang20220520t193549-A,2022-05-20T19:35:49+00:00,2022-05-21T18:39:31+00:00,2022-05-21T18:34:01.529860+00:00,LC09_L2SP_042036_20220521_20230416_02_T1,../carbonmapper_data_s2_l2a/ang20220520t193549-A/s2_20220521T183931Z.tif,../carbonmapper_data_l89_l2sp/ang20220520t193549-A/l8_LC09_L2SP_042036_20220521_20230416_02_T1.tif,83022
ang20220520t193549-B,2022-05-20T19:35:49+00:00,2022-05-21T18:39:31+00:00,2022-05-21T18:33:37.643080+00:00,LC09_L2SP_042035_20220521_20230416_02_T1,../carbonmapper_data_s2_l2a/ang20220520t193549-B/s2_20220521T183931Z.tif,../carbonmapper_data_l89_l2sp/ang20220520t193549-B/l8_LC09_L2SP_042035_20220521_20230416_02_T1.tif,83022
ang20220520t193549-B,2022-05-20T19:35:49+00:00,2022-05-21T18:39:31+00:00,2022-05-21T18:34:01.529860+00:00,LC09_L2SP_042036_20220521_20230416_02_T1,../carbonmapper_data_s2_l2a/ang20220520t193549-B/s2_20220521T183931Z.tif,../carbonmapper_data_l89_l2sp/ang20220520t193549-B/l8_LC09_L2SP_042036_20220521_20230416_02_T1.tif,83022
ang20220520t193549-D,2022-05-20T19:35:49+00:00,2022-05-21T18:39:31+00:00,2022-05-21T18:33:37.643080+00:00,LC09_L2SP_042035_20220521_20230416_02_T1,../carbonmapper_data_s2_l2a/ang20220520t193549-D/s2_20220521T183931Z.tif,../carbonmapper_data_l89_l2sp/ang20220520t193549-D/l8_LC09_L2SP_042035_20220521_20230416_02_T1.tif,83022
ang20220520t193549-D,2022-05-20T19:35:49+00:00,2022-05-21T18:39:31+00:00,2022-05-21T18:34:01.529860+00:00,LC09_L2SP_042036_20220521_20230416_02_T1,../carbonmapper_data_s2_l2a/ang20220520t193549-D/s2_20220521T183931Z.tif,../carbonmapper_data_l89_l2sp/ang20220520t193549-D/l8_LC09_L2SP_042036_20220521_20230416_02_T1.tif,83022
ang20220520t194728-A,2022-05-20T19:47:28+00:00,2022-05-21T18:39:31+00:00,2022-05-21T18:33:37.643080+00:00,LC09_L2SP_042035_20220521_20230416_02_T1,../carbonmapper_data_s2_l2a/ang20220520t194728-A/s2_20220521T183931Z.tif,../carbonmapper_data_l89_l2sp/ang20220520t194728-A/l8_LC09_L2SP_042035_20220521_20230416_02_T1.tif,82323
ang20220520t194728-A,2022-05-20T19:47:28+00:00,2022-05-21T18:39:31+00:00,2022-05-21T18:34:01.529860+00:00,LC09_L2SP_042036_20220521_20230416_02_T1,../carbonmapper_data_s2_l2a/ang20220520t194728-A/s2_20220521T183931Z.tif,../carbonmapper_data_l89_l2sp/ang20220520t194728-A/l8_LC09_L2SP_042036_20220521_20230416_02_T1.tif,82323
ang20220520t194728-A,2022-05-20T19:47:28+00:00,2022-05-21T18:39:31+00:00,2022-05-21T18:33:37.643080+00:00,LC09_L2SP_042035_20220521_20230416_02_T1,../carbonmapper_data_s2_l2a/ang20220520t194728-A/s2_20220521T183931Z.tif,../carbonmapper_data_l89_l2sp/ang20220520t194728-A/l8_LC09_L2SP_042035_20220521_20230416_02_T1.tif,82323
ang20220520t194728-A,2022-05-20T19:47:28+00:00,2022-05-21T18:39:31+00:00,2022-05-21T18:34:01.529860+00:00,LC09_L2SP_042036_20220521_20230416_02_T1,../carbonmapper_data_s2_l2a/ang20220520t194728-A/s2_20220521T183931Z.tif,../carbonmapper_data_l89_l2sp/ang20220520t194728-A/l8_LC09_L2SP_042036_20220521_20230416_02_T1.tif,82323
ang20220520t194728-B,2022-05-20T19:47:28+00:00,2022-05-21T18:39:31+00:00,2022-05-21T18:33:37.643080+00:00,LC09_L2SP_042035_20220521_20230416_02_T1,../carbonmapper_data_s2_l2a/ang20220520t194728-B/s2_20220521T183931Z.tif,../carbonmapper_data_l89_l2sp/ang20220520t194728-B/l8_LC09_L2SP_042035_20220521_20230416_02_T1.tif,82323
ang20220520t194728-B,2022-05-20T19:47:28+00:00,2022-05-21T18:39:31+00:00,2022-05-21T18:34:01.529860+00:00,LC09_L2SP_042036_20220521_20230416_02_T1,../carbonmapper_data_s2_l2a/ang20220520t194728-B/s2_20220521T183931Z.tif,../carbonmapper_data_l89_l2sp/ang20220520t194728-B/l8_LC09_L2SP_042036_20220521_20230416_02_T1.tif,82323
ang20220520t194728-B,2022-05-20T19:47:28+00:00,2022-05-21T18:39:31+00:00,2022-05-21T18:33:37.643080+00:00,LC09_L2SP_042035_20220521_20230416_02_T1,../carbonmapper_data_s2_l2a/ang20220520t194728-B/s2_20220521T183931Z.tif,../carbonmapper_data_l89_l2sp/ang20220520t194728-B/l8_LC09_L2SP_042035_20220521_20230416_02_T1.tif,82323
ang20220520t194728-B,2022-05-20T19:47:28+00:00,2022-05-21T18:39:31+00:00,2022-05-21T18:34:01.529860+00:00,LC09_L2SP_042036_20220521_20230416_02_T1,../carbonmapper_data_s2_l2a/ang20220520t194728-B/s2_20220521T183931Z.tif,../carbonmapper_data_l89_l2sp/ang20220520t194728-B/l8_LC09_L2SP_042036_20220521_20230416_02_T1.tif,82323
ang20220520t194728-C,2022-05-20T19:47:28+00:00,2022-05-21T18:39:31+00:00,2022-05-21T18:33:37.643080+00:00,LC09_L2SP_042035_20220521_20230416_02_T1,../carbonmapper_data_s2_l2a/ang20220520t194728-C/s2_20220521T183931Z.tif,../carbonmapper_data_l89_l2sp/ang20220520t194728-C/l8_LC09_L2SP_042035_20220521_20230416_02_T1.tif,82323
ang20220520t194728-C,2022-05-20T19:47:28+00:00,2022-05-21T18:39:31+00:00,2022-05-21T18:34:01.529860+00:00,LC09_L2SP_042036_20220521_20230416_02_T1,../carbonmapper_data_s2_l2a/ang20220520t194728-C/s2_20220521T183931Z.tif,../carbonmapper_data_l89_l2sp/ang20220520t194728-C/l8_LC09_L2SP_042036_20220521_20230416_02_T1.tif,82323
ang20220520t194728-C,2022-05-20T19:47:28+00:00,2022-05-21T18:39:31+00:00,2022-05-21T18:33:37.643080+00:00,LC09_L2SP_042035_20220521_20230416_02_T1,../carbonmapper_data_s2_l2a/ang20220520t194728-C/s2_20220521T183931Z.tif,../carbonmapper_data_l89_l2sp/ang20220520t194728-C/l8_LC09_L2SP_042035_20220521_20230416_02_T1.tif,82323
ang20220520t194728-C,2022-05-20T19:47:28+00:00,2022-05-21T18:39:31+00:00,2022-05-21T18:34:01.529860+00:00,LC09_L2SP_042036_20220521_20230416_02_T1,../carbonmapper_data_s2_l2a/ang20220520t194728-C/s2_20220521T183931Z.tif,../carbonmapper_data_l89_l2sp/ang20220520t194728-C/l8_LC09_L2SP_042036_20220521_20230416_02_T1.tif,82323
ang20220520t195513-A,2022-05-20T19:55:13+00:00,2022-05-21T18:39:31+00:00,2022-05-21T18:33:37.643080+00:00,LC09_L2SP_042035_20220521_20230416_02_T1,../carbonmapper_data_s2_l2a/ang20220520t195513-A/s2_20220521T183931Z.tif,../carbonmapper_data_l89_l2sp/ang20220520t195513-A/l8_LC09_L2SP_042035_20220521_20230416_02_T1.tif,81858
ang20220520t195513-A,2022-05-20T19:55:13+00:00,2022-05-21T18:39:31+00:00,2022-05-21T18:34:01.529860+00:00,LC09_L2SP_042036_20220521_20230416_02_T1,../carbonmapper_data_s2_l2a/ang20220520t195513-A/s2_20220521T183931Z.tif,../carbonmapper_data_l89_l2sp/ang20220520t195513-A/l8_LC09_L2SP_042036_20220521_20230416_02_T1.tif,81858
ang20220520t195513-A,2022-05-20T19:55:13+00:00,2022-05-21T18:39:31+00:00,2022-05-21T18:33:37.643080+00:00,LC09_L2SP_042035_20220521_20230416_02_T1,../carbonmapper_data_s2_l2a/ang20220520t195513-A/s2_20220521T183931Z.tif,../carbonmapper_data_l89_l2sp/ang20220520t195513-A/l8_LC09_L2SP_042035_20220521_20230416_02_T1.tif,81858
ang20220520t195513-A,2022-05-20T19:55:13+00:00,2022-05-21T18:39:31+00:00,2022-05-21T18:34:01.529860+00:00,LC09_L2SP_042036_20220521_20230416_02_T1,../carbonmapper_data_s2_l2a/ang20220520t195513-A/s2_20220521T183931Z.tif,../carbonmapper_data_l89_l2sp/ang20220520t195513-A/l8_LC09_L2SP_042036_20220521_20230416_02_T1.tif,81858
ang20220520t195513-B,2022-05-20T19:55:13+00:00,2022-05-21T18:39:31+00:00,2022-05-21T18:34:01.529860+00:00,LC09_L2SP_042036_20220521_20230416_02_T1,../carbonmapper_data_s2_l2a/ang20220520t195513-B/s2_20220521T183931Z.tif,../carbonmapper_data_l89_l2sp/ang20220520t195513-B/l8_LC09_L2SP_042036_20220521_20230416_02_T1.tif,81858
ang20220520t195513-C,2022-05-20T19:55:13+00:00,2022-05-21T18:39:31+00:00,2022-05-21T18:34:01.529860+00:00,LC09_L2SP_042036_20220521_20230416_02_T1,../carbonmapper_data_s2_l2a/ang20220520t195513-C/s2_20220521T183931Z.tif,../carbonmapper_data_l89_l2sp/ang20220520t195513-C/l8_LC09_L2SP_042036_20220521_20230416_02_T1.tif,81858
ang20220520t201527-A,2022-05-20T20:15:27+00:00,2022-05-21T18:39:31+00:00,2022-05-21T18:33:37.643080+00:00,LC09_L2SP_042035_20220521_20230416_02_T1,../carbonmapper_data_s2_l2a/ang20220520t201527-A/s2_20220521T183931Z.tif,../carbonmapper_data_l89_l2sp/ang20220520t201527-A/l8_LC09_L2SP_042035_20220521_20230416_02_T1.tif,80644
ang20220520t201527-B,2022-05-20T20:15:27+00:00,2022-05-21T18:39:31+00:00,2022-05-21T18:33:37.643080+00:00,LC09_L2SP_042035_20220521_20230416_02_T1,../carbonmapper_data_s2_l2a/ang20220520t201527-B/s2_20220521T183931Z.tif,../carbonmapper_data_l89_l2sp/ang20220520t201527-B/l8_LC09_L2SP_042035_20220521_20230416_02_T1.tif,80644
ang20220520t201527-C,2022-05-20T20:15:27+00:00,2022-05-21T18:39:31+00:00,2022-05-21T18:33:37.643080+00:00,LC09_L2SP_042035_20220521_20230416_02_T1,../carbonmapper_data_s2_l2a/ang20220520t201527-C/s2_20220521T183931Z.tif,../carbonmapper_data_l89_l2sp/ang20220520t201527-C/l8_LC09_L2SP_042035_20220521_20230416_02_T1.tif,80644
ang20220520t202701-A,2022-05-20T20:27:01+00:00,2022-05-21T18:39:31+00:00,2022-05-21T18:33:37.643080+00:00,LC09_L2SP_042035_20220521_20230416_02_T1,../carbonmapper_data_s2_l2a/ang20220520t202701-A/s2_20220521T183931Z.tif,../carbonmapper_data_l89_l2sp/ang20220520t202701-A/l8_LC09_L2SP_042035_20220521_20230416_02_T1.tif,79950
ang20220520t202701-B,2022-05-20T20:27:01+00:00,2022-05-21T18:39:31+00:00,2022-05-21T18:33:37.643080+00:00,LC09_L2SP_042035_20220521_20230416_02_T1,../carbonmapper_data_s2_l2a/ang20220520t202701-B/s2_20220521T183931Z.tif,../carbonmapper_data_l89_l2sp/ang20220520t202701-B/l8_LC09_L2SP_042035_20220521_20230416_02_T1.tif,79950
ang20220520t202701-C,2022-05-20T20:27:01+00:00,2022-05-21T18:39:31+00:00,2022-05-21T18:33:37.643080+00:00,LC09_L2SP_042035_20220521_20230416_02_T1,../carbonmapper_data_s2_l2a/ang20220520t202701-C/s2_20220521T183931Z.tif,../carbonmapper_data_l89_l2sp/ang20220520t202701-C/l8_LC09_L2SP_042035_20220521_20230416_02_T1.tif,79950
ang20220520t203154-A,2022-05-20T20:31:54+00:00,2022-05-21T18:39:31+00:00,2022-05-21T18:33:37.643080+00:00,LC09_L2SP_042035_20220521_20230416_02_T1,../carbonmapper_data_s2_l2a/ang20220520t203154-A/s2_20220521T183931Z.tif,../carbonmapper_data_l89_l2sp/ang20220520t203154-A/l8_LC09_L2SP_042035_20220521_20230416_02_T1.tif,79657
ang20220520t203626-A,2022-05-20T20:36:26+00:00,2022-05-21T18:39:31+00:00,2022-05-21T18:33:37.643080+00:00,LC09_L2SP_042035_20220521_20230416_02_T1,../carbonmapper_data_s2_l2a/ang20220520t203626-A/s2_20220521T183931Z.tif,../carbonmapper_data_l89_l2sp/ang20220520t203626-A/l8_LC09_L2SP_042035_20220521_20230416_02_T1.tif,79385
ang20220520t204322-A,2022-05-20T20:43:22+00:00,2022-05-21T18:39:31+00:00,2022-05-21T18:33:37.643080+00:00,LC09_L2SP_042035_20220521_20230416_02_T1,../carbonmapper_data_s2_l2a/ang20220520t204322-A/s2_20220521T183931Z.tif,../carbonmapper_data_l89_l2sp/ang20220520t204322-A/l8_LC09_L2SP_042035_20220521_20230416_02_T1.tif,78969
ang20220520t204740-A,2022-05-20T20:47:40+00:00,2022-05-21T18:39:31+00:00,2022-05-21T18:33:37.643080+00:00,LC09_L2SP_042035_20220521_20230416_02_T1,../carbonmapper_data_s2_l2a/ang20220520t204740-A/s2_20220521T183931Z.tif,../carbonmapper_data_l89_l2sp/ang20220520t204740-A/l8_LC09_L2SP_042035_20220521_20230416_02_T1.tif,78711
ang20220523t181247-A,2022-05-23T18:12:47+00:00,2022-05-23T18:29:19+00:00,2022-05-22T18:27:52.668206+00:00,LC08_L2SP_041035_20220522_20220525_02_T1,../carbonmapper_data_s2_l2a/ang20220523t181247-A/s2_20220523T182919Z.tif,../carbonmapper_data_l89_l2sp/ang20220523t181247-A/l8_LC08_L2SP_041035_20220522_20220525_02_T1.tif,85494
ang20220523t181247-A,2022-05-23T18:12:47+00:00,2022-05-23T18:29:19+00:00,2022-05-22T18:28:16.559245+00:00,LC08_L2SP_041036_20220522_20220525_02_T1,../carbonmapper_data_s2_l2a/ang20220523t181247-A/s2_20220523T182919Z.tif,../carbonmapper_data_l89_l2sp/ang20220523t181247-A/l8_LC08_L2SP_041036_20220522_20220525_02_T1.tif,85470
ang20220530t184214-A,2022-05-30T18:42:14+00:00,2022-05-31T18:39:31.024000+00:00,2022-05-30T18:27:51.299670+00:00,LC09_L2SP_041036_20220530_20230414_02_T1,../carbonmapper_data_s2_l2a/ang20220530t184214-A/s2_20220531T183931Z.tif,../carbonmapper_data_l89_l2sp/ang20220530t184214-A/l8_LC09_L2SP_041036_20220530_20230414_02_T1.tif,86237
ang20220530t185353-A,2022-05-30T18:53:53+00:00,2022-05-31T18:39:31.024000+00:00,2022-05-30T18:27:51.299670+00:00,LC09_L2SP_041036_20220530_20230414_02_T1,../carbonmapper_data_s2_l2a/ang20220530t185353-A/s2_20220531T183931Z.tif,../carbonmapper_data_l89_l2sp/ang20220530t185353-A/l8_LC09_L2SP_041036_20220530_20230414_02_T1.tif,85538
ang20220530t192259-A,2022-05-30T19:22:59+00:00,2022-05-31T18:39:31.024000+00:00,2022-05-30T18:27:51.299670+00:00,LC09_L2SP_041036_20220530_20230414_02_T1,../carbonmapper_data_s2_l2a/ang20220530t192259-A/s2_20220531T183931Z.tif,../carbonmapper_data_l89_l2sp/ang20220530t192259-A/l8_LC09_L2SP_041036_20220530_20230414_02_T1.tif,83792
ang20220530t201634-A,2022-05-30T20:16:34+00:00,2022-05-31T18:39:31.024000+00:00,2022-05-30T18:27:51.299670+00:00,LC09_L2SP_041036_20220530_20230414_02_T1,../carbonmapper_data_s2_l2a/ang20220530t201634-A/s2_20220531T183931Z.tif,../carbonmapper_data_l89_l2sp/ang20220530t201634-A/l8_LC09_L2SP_041036_20220530_20230414_02_T1.tif,80577
ang20220530t201634-A,2022-05-30T20:16:34+00:00,2022-05-31T18:39:31.024000+00:00,2022-05-30T18:27:51.299670+00:00,LC09_L2SP_041036_20220530_20230414_02_T1,../carbonmapper_data_s2_l2a/ang20220530t201634-A/s2_20220531T183931Z.tif,../carbonmapper_data_l89_l2sp/ang20220530t201634-A/l8_LC09_L2SP_041036_20220530_20230414_02_T1.tif,80577
ang20220530t204330-A,2022-05-30T20:43:30+00:00,2022-05-31T18:39:31.024000+00:00,2022-05-30T18:27:51.299670+00:00,LC09_L2SP_041036_20220530_20230414_02_T1,../carbonmapper_data_s2_l2a/ang20220530t204330-A/s2_20220531T183931Z.tif,../carbonmapper_data_l89_l2sp/ang20220530t204330-A/l8_LC09_L2SP_041036_20220530_20230414_02_T1.tif,78961
ang20220530t212255-A,2022-05-30T21:22:55+00:00,2022-05-31T18:39:31.024000+00:00,2022-05-30T18:27:51.299670+00:00,LC09_L2SP_041036_20220530_20230414_02_T1,../carbonmapper_data_s2_l2a/ang20220530t212255-A/s2_20220531T183931Z.tif,../carbonmapper_data_l89_l2sp/ang20220530t212255-A/l8_LC09_L2SP_041036_20220530_20230414_02_T1.tif,76596
ang20220530t212255-A,2022-05-30T21:22:55+00:00,2022-05-31T18:39:31.024000+00:00,2022-05-30T18:27:51.299670+00:00,LC09_L2SP_041036_20220530_20230414_02_T1,../carbonmapper_data_s2_l2a/ang20220530t212255-A/s2_20220531T183931Z.tif,../carbonmapper_data_l89_l2sp/ang20220530t212255-A/l8_LC09_L2SP_041036_20220530_20230414_02_T1.tif,76596
ang20220607t201015-A,2022-06-07T20:10:15+00:00,2022-06-07T16:48:51.024000+00:00,2022-06-07T16:50:43.878459+00:00,LC08_L2SP_025039_20220607_20220616_02_T1,../carbonmapper_data_s2_l2a/ang20220607t201015-A/s2_20220607T164851Z.tif,../carbonmapper_data_l89_l2sp/ang20220607t201015-A/l8_LC08_L2SP_025039_20220607_20220616_02_T1.tif,12083
ang20220607t201015-B,2022-06-07T20:10:15+00:00,2022-06-07T16:48:51.024000+00:00,2022-06-07T16:50:43.878459+00:00,LC08_L2SP_025039_20220607_20220616_02_T1,../carbonmapper_data_s2_l2a/ang20220607t201015-B/s2_20220607T164851Z.tif,../carbonmapper_data_l89_l2sp/ang20220607t201015-B/l8_LC08_L2SP_025039_20220607_20220616_02_T1.tif,12083
ang20220607t201504-A,2022-06-07T20:15:04+00:00,2022-06-07T16:48:51.024000+00:00,2022-06-07T16:50:43.878459+00:00,LC08_L2SP_025039_20220607_20220616_02_T1,../carbonmapper_data_s2_l2a/ang20220607t201504-A/s2_20220607T164851Z.tif,../carbonmapper_data_l89_l2sp/ang20220607t201504-A/l8_LC08_L2SP_025039_20220607_20220616_02_T1.tif,12372
ang20220607t201504-B,2022-06-07T20:15:04+00:00,2022-06-07T16:48:51.024000+00:00,2022-06-07T16:50:43.878459+00:00,LC08_L2SP_025039_20220607_20220616_02_T1,../carbonmapper_data_s2_l2a/ang20220607t201504-B/s2_20220607T164851Z.tif,../carbonmapper_data_l89_l2sp/ang20220607t201504-B/l8_LC08_L2SP_025039_20220607_20220616_02_T1.tif,12372
ang20220627t163536-A,2022-06-27T16:35:36+00:00,2022-06-28T16:18:41.024000+00:00,2022-06-28T16:16:26.182314+00:00,LC09_L2SP_020031_20220628_20230409_02_T1,../carbonmapper_data_s2_l2a/ang20220627t163536-A/s2_20220628T161841Z.tif,../carbonmapper_data_l89_l2sp/ang20220627t163536-A/l8_LC09_L2SP_020031_20220628_20230409_02_T1.tif,85385
ang20220627t163536-B,2022-06-27T16:35:36+00:00,2022-06-28T16:18:41.024000+00:00,2022-06-28T16:16:26.182314+00:00,LC09_L2SP_020031_20220628_20230409_02_T1,../carbonmapper_data_s2_l2a/ang20220627t163536-B/s2_20220628T161841Z.tif,../carbonmapper_data_l89_l2sp/ang20220627t163536-B/l8_LC09_L2SP_020031_20220628_20230409_02_T1.tif,85385
ang20220630t135047-A,2022-06-30T13:50:47+00:00,2022-06-30T16:08:29.024000+00:00,2022-06-30T16:03:40.347508+00:00,LC09_L2SP_018030_20220630_20230409_02_T1,../carbonmapper_data_s2_l2a/ang20220630t135047-A/s2_20220630T160829Z.tif,../carbonmapper_data_l89_l2sp/ang20220630t135047-A/l8_LC09_L2SP_018030_20220630_20230409_02_T1.tif,8262
ang20220630t135047-A,2022-06-30T13:50:47+00:00,2022-06-30T16:08:29.024000+00:00,2022-06-29T16:10:13.208017+00:00,LC08_L2SP_019030_20220629_20220707_02_T1,../carbonmapper_data_s2_l2a/ang20220630t135047-A/s2_20220630T160829Z.tif,../carbonmapper_data_l89_l2sp/ang20220630t135047-A/l8_LC08_L2SP_019030_20220629_20220707_02_T1.tif,78033
ang20220630t165936-A,2022-06-30T16:59:36+00:00,2022-06-30T16:08:29.024000+00:00,2022-06-30T16:04:28.125302+00:00,LC09_L2SP_018032_20220630_20230409_02_T1,../carbonmapper_data_s2_l2a/ang20220630t165936-A/s2_20220630T160829Z.tif,../carbonmapper_data_l89_l2sp/ang20220630t165936-A/l8_LC09_L2SP_018032_20220630_20230409_02_T1.tif,3307
ang20220630t165936-B,2022-06-30T16:59:36+00:00,2022-06-30T16:08:29.024000+00:00,2022-06-30T16:04:28.125302+00:00,LC09_L2SP_018032_20220630_20230409_02_T1,../carbonmapper_data_s2_l2a/ang20220630t165936-B/s2_20220630T160829Z.tif,../carbonmapper_data_l89_l2sp/ang20220630t165936-B/l8_LC09_L2SP_018032_20220630_20230409_02_T1.tif,3307
ang20220630t174841-A,2022-06-30T17:48:41+00:00,2022-06-30T16:08:29.024000+00:00,2022-06-30T16:04:28.125302+00:00,LC09_L2SP_018032_20220630_20230409_02_T1,../carbonmapper_data_s2_l2a/ang20220630t174841-A/s2_20220630T160829Z.tif,../carbonmapper_data_l89_l2sp/ang20220630t174841-A/l8_LC09_L2SP_018032_20220630_20230409_02_T1.tif,6252
ang20220630t200716-A,2022-06-30T20:07:16+00:00,2022-06-30T16:08:29.024000+00:00,2022-06-30T16:04:28.125302+00:00,LC09_L2SP_018032_20220630_20230409_02_T1,../carbonmapper_data_s2_l2a/ang20220630t200716-A/s2_20220630T160829Z.tif,../carbonmapper_data_l89_l2sp/ang20220630t200716-A/l8_LC09_L2SP_018032_20220630_20230409_02_T1.tif,14567
ang20220821t175340-A,2022-08-21T17:53:40+00:00,2022-08-21T18:29:19.024000+00:00,2022-08-20T18:11:01.224215+00:00,LC09_L2SP_039023_20220820_20230401_02_T1,../carbonmapper_data_s2_l2a/ang20220821t175340-A/s2_20220821T182919Z.tif,../carbonmapper_data_l89_l2sp/ang20220821t175340-A/l8_LC09_L2SP_039023_20220820_20230401_02_T1.tif,85358
ang20220821t180910-B,2022-08-21T18:09:10+00:00,2022-08-21T18:29:19.024000+00:00,2022-08-20T18:11:01.224215+00:00,LC09_L2SP_039023_20220820_20230401_02_T1,../carbonmapper_data_s2_l2a/ang20220821t180910-B/s2_20220821T182919Z.tif,../carbonmapper_data_l89_l2sp/ang20220821t180910-B/l8_LC09_L2SP_039023_20220820_20230401_02_T1.tif,86288
ang20220824t183643-A,2022-08-24T18:36:43+00:00,2022-08-24T18:39:19.024000+00:00,2022-08-25T18:29:34.342478+00:00,LC09_L2SP_042023_20220825_20230401_02_T1,../carbonmapper_data_s2_l2a/ang20220824t183643-A/s2_20220824T183919Z.tif,../carbonmapper_data_l89_l2sp/ang20220824t183643-A/l8_LC09_L2SP_042023_20220825_20230401_02_T1.tif,85971
ang20220824t183643-A,2022-08-24T18:36:43+00:00,2022-08-24T18:39:19.024000+00:00,2022-08-24T18:36:03.445761+00:00,LC08_L2SP_043023_20220824_20220924_02_T1,../carbonmapper_data_s2_l2a/ang20220824t183643-A/s2_20220824T183919Z.tif,../carbonmapper_data_l89_l2sp/ang20220824t183643-A/l8_LC08_L2SP_043023_20220824_20220924_02_T1.tif,156
ang20220826t202657-A,2022-08-26T20:26:57+00:00,2022-08-26T18:29:31.024000+00:00,2022-08-26T18:23:17.884300+00:00,LC08_L2SP_041022_20220826_20220909_02_T1,../carbonmapper_data_s2_l2a/ang20220826t202657-A/s2_20220826T182931Z.tif,../carbonmapper_data_l89_l2sp/ang20220826t202657-A/l8_LC08_L2SP_041022_20220826_20220909_02_T1.tif,7419
ang20220826t202657-A,2022-08-26T20:26:57+00:00,2022-08-26T18:29:31.024000+00:00,2022-08-27T18:16:48.977802+00:00,LC09_L2SP_040022_20220827_20230401_02_T1,../carbonmapper_data_s2_l2a/ang20220826t202657-A/s2_20220826T182931Z.tif,../carbonmapper_data_l89_l2sp/ang20220826t202657-A/l8_LC09_L2SP_040022_20220827_20230401_02_T1.tif,78591
ang20220826t204445-A,2022-08-26T20:44:45+00:00,2022-08-26T18:29:31.024000+00:00,2022-08-27T18:17:12.860345+00:00,LC09_L2SP_040023_20220827_20230401_02_T1,../carbonmapper_data_s2_l2a/ang20220826t204445-A/s2_20220826T182931Z.tif,../carbonmapper_data_l89_l2sp/ang20220826t204445-A/l8_LC09_L2SP_040023_20220827_20230401_02_T1.tif,77547
ang20220826t210000-A,2022-08-26T21:00:00+00:00,2022-08-26T18:29:31.024000+00:00,2022-08-27T18:17:12.860345+00:00,LC09_L2SP_040023_20220827_20230401_02_T1,../carbonmapper_data_s2_l2a/ang20220826t210000-A/s2_20220826T182931Z.tif,../carbonmapper_data_l89_l2sp/ang20220826t210000-A/l8_LC09_L2SP_040023_20220827_20230401_02_T1.tif,76632
ang20220902t193554-B,2022-09-02T19:35:54+00:00,2022-09-03T18:39:19.024000+00:00,2022-09-02T18:30:39.521045+00:00,LC08_L2SP_042025_20220902_20220913_02_T1,../carbonmapper_data_s2_l2a/ang20220902t193554-B/s2_20220903T183919Z.tif,../carbonmapper_data_l89_l2sp/ang20220902t193554-B/l8_LC08_L2SP_042025_20220902_20220913_02_T1.tif,83005
ang20220902t193554-C,2022-09-02T19:35:54+00:00,2022-09-03T18:39:19.024000+00:00,2022-09-02T18:30:39.521045+00:00,LC08_L2SP_042025_20220902_20220913_02_T1,../carbonmapper_data_s2_l2a/ang20220902t193554-C/s2_20220903T183919Z.tif,../carbonmapper_data_l89_l2sp/ang20220902t193554-C/l8_LC08_L2SP_042025_20220902_20220913_02_T1.tif,83005
ang20220902t193554-D,2022-09-02T19:35:54+00:00,2022-09-03T18:39:19.024000+00:00,2022-09-02T18:30:39.521045+00:00,LC08_L2SP_042025_20220902_20220913_02_T1,../carbonmapper_data_s2_l2a/ang20220902t193554-D/s2_20220903T183919Z.tif,../carbonmapper_data_l89_l2sp/ang20220902t193554-D/l8_LC08_L2SP_042025_20220902_20220913_02_T1.tif,83005
ang20220902t193554-E,2022-09-02T19:35:54+00:00,2022-09-03T18:39:19.024000+00:00,2022-09-02T18:30:39.521045+00:00,LC08_L2SP_042025_20220902_20220913_02_T1,../carbonmapper_data_s2_l2a/ang20220902t193554-E/s2_20220903T183919Z.tif,../carbonmapper_data_l89_l2sp/ang20220902t193554-E/l8_LC08_L2SP_042025_20220902_20220913_02_T1.tif,83005
ang20220902t193554-F,2022-09-02T19:35:54+00:00,2022-09-03T18:39:19.024000+00:00,2022-09-02T18:30:39.521045+00:00,LC08_L2SP_042025_20220902_20220913_02_T1,../carbonmapper_data_s2_l2a/ang20220902t193554-F/s2_20220903T183919Z.tif,../carbonmapper_data_l89_l2sp/ang20220902t193554-F/l8_LC08_L2SP_042025_20220902_20220913_02_T1.tif,83005
ang20220902t193554-G,2022-09-02T19:35:54+00:00,2022-09-03T18:39:19.024000+00:00,2022-09-02T18:30:39.521045+00:00,LC08_L2SP_042025_20220902_20220913_02_T1,../carbonmapper_data_s2_l2a/ang20220902t193554-G/s2_20220903T183919Z.tif,../carbonmapper_data_l89_l2sp/ang20220902t193554-G/l8_LC08_L2SP_042025_20220902_20220913_02_T1.tif,83005
ang20220902t193554-H,2022-09-02T19:35:54+00:00,2022-09-03T18:39:19.024000+00:00,2022-09-02T18:30:39.521045+00:00,LC08_L2SP_042025_20220902_20220913_02_T1,../carbonmapper_data_s2_l2a/ang20220902t193554-H/s2_20220903T183919Z.tif,../carbonmapper_data_l89_l2sp/ang20220902t193554-H/l8_LC08_L2SP_042025_20220902_20220913_02_T1.tif,83005
ang20220902t193554-I,2022-09-02T19:35:54+00:00,2022-09-03T18:39:19.024000+00:00,2022-09-02T18:30:39.521045+00:00,LC08_L2SP_042025_20220902_20220913_02_T1,../carbonmapper_data_s2_l2a/ang20220902t193554-I/s2_20220903T183919Z.tif,../carbonmapper_data_l89_l2sp/ang20220902t193554-I/l8_LC08_L2SP_042025_20220902_20220913_02_T1.tif,83005
ang20220902t194201-A,2022-09-02T19:42:01+00:00,2022-09-03T18:39:19.024000+00:00,2022-09-02T18:30:39.521045+00:00,LC08_L2SP_042025_20220902_20220913_02_T1,../carbonmapper_data_s2_l2a/ang20220902t194201-A/s2_20220903T183919Z.tif,../carbonmapper_data_l89_l2sp/ang20220902t194201-A/l8_LC08_L2SP_042025_20220902_20220913_02_T1.tif,82638
ang20230201t170953-A,2023-02-01T17:09:53+00:00,2023-02-02T14:37:29.024000+00:00,2023-02-02T14:41:08.192163+00:00,LC09_L2SP_001085_20230202_20230311_02_T1,../carbonmapper_data_s2_l2a/ang20230201t170953-A/s2_20230202T143729Z.tif,../carbonmapper_data_l89_l2sp/ang20230201t170953-A/l8_LC09_L2SP_001085_20230202_20230311_02_T1.tif,77475
ang20230201t170953-A,2023-02-01T17:09:53+00:00,2023-02-02T14:37:29.024000+00:00,2023-02-02T14:41:32.146719+00:00,LC09_L2SP_001086_20230202_20230311_02_T1,../carbonmapper_data_s2_l2a/ang20230201t170953-A/s2_20230202T143729Z.tif,../carbonmapper_data_l89_l2sp/ang20230201t170953-A/l8_LC09_L2SP_001086_20230202_20230311_02_T1.tif,77499
ang20230201t171405-A,2023-02-01T17:14:05+00:00,2023-02-02T14:37:29.024000+00:00,2023-02-02T14:41:08.192163+00:00,LC09_L2SP_001085_20230202_20230311_02_T1,../carbonmapper_data_s2_l2a/ang20230201t171405-A/s2_20230202T143729Z.tif,../carbonmapper_data_l89_l2sp/ang20230201t171405-A/l8_LC09_L2SP_001085_20230202_20230311_02_T1.tif,77223
ang20230201t171405-A,2023-02-01T17:14:05+00:00,2023-02-02T14:37:29.024000+00:00,2023-02-02T14:41:32.146719+00:00,LC09_L2SP_001086_20230202_20230311_02_T1,../carbonmapper_data_s2_l2a/ang20230201t171405-A/s2_20230202T143729Z.tif,../carbonmapper_data_l89_l2sp/ang20230201t171405-A/l8_LC09_L2SP_001086_20230202_20230311_02_T1.tif,77247
ang20230314t180409-A,2023-03-14T18:04:09+00:00,2023-03-14T15:26:41.024000+00:00,2023-03-15T15:11:06.716339+00:00,LC08_L2SP_008053_20230315_20230321_02_T1,../carbonmapper_data_s2_l2a/ang20230314t180409-A/s2_20230314T152641Z.tif,../carbonmapper_data_l89_l2sp/ang20230314t180409-A/l8_LC08_L2SP_008053_20230315_20230321_02_T1.tif,76017
av320240416t204953-A,2024-04-16T20:49:53+00:00,2024-04-17T18:29:21.024000+00:00,2024-04-17T18:28:10.039483+00:00,LC09_L2SP_041036_20240417_20240418_02_T1,../carbonmapper_data_s2_l2a/av320240416t204953-A/s2_20240417T182921Z.tif,../carbonmapper_data_l89_l2sp/av320240416t204953-A/l8_LC09_L2SP_041036_20240417_20240418_02_T1.tif,77968
av320240416t204953-A,2024-04-16T20:49:53+00:00,2024-04-17T18:29:21.024000+00:00,2024-04-17T18:28:10.039483+00:00,LC09_L2SP_041036_20240417_20240418_02_T1,../carbonmapper_data_s2_l2a/av320240416t204953-A/s2_20240417T182921Z.tif,../carbonmapper_data_l89_l2sp/av320240416t204953-A/l8_LC09_L2SP_041036_20240417_20240418_02_T1.tif,77968
av320240416t204953-B,2024-04-16T20:49:53+00:00,2024-04-17T18:29:21.024000+00:00,2024-04-17T18:28:10.039483+00:00,LC09_L2SP_041036_20240417_20240418_02_T1,../carbonmapper_data_s2_l2a/av320240416t204953-B/s2_20240417T182921Z.tif,../carbonmapper_data_l89_l2sp/av320240416t204953-B/l8_LC09_L2SP_041036_20240417_20240418_02_T1.tif,77968
av320240416t204953-B,2024-04-16T20:49:53+00:00,2024-04-17T18:29:21.024000+00:00,2024-04-17T18:28:10.039483+00:00,LC09_L2SP_041036_20240417_20240418_02_T1,../carbonmapper_data_s2_l2a/av320240416t204953-B/s2_20240417T182921Z.tif,../carbonmapper_data_l89_l2sp/av320240416t204953-B/l8_LC09_L2SP_041036_20240417_20240418_02_T1.tif,77968
av320240416t204953-C,2024-04-16T20:49:53+00:00,2024-04-17T18:29:21.024000+00:00,2024-04-17T18:28:10.039483+00:00,LC09_L2SP_041036_20240417_20240418_02_T1,../carbonmapper_data_s2_l2a/av320240416t204953-C/s2_20240417T182921Z.tif,../carbonmapper_data_l89_l2sp/av320240416t204953-C/l8_LC09_L2SP_041036_20240417_20240418_02_T1.tif,77968
av320240416t204953-C,2024-04-16T20:49:53+00:00,2024-04-17T18:29:21.024000+00:00,2024-04-17T18:28:10.039483+00:00,LC09_L2SP_041036_20240417_20240418_02_T1,../carbonmapper_data_s2_l2a/av320240416t204953-C/s2_20240417T182921Z.tif,../carbonmapper_data_l89_l2sp/av320240416t204953-C/l8_LC09_L2SP_041036_20240417_20240418_02_T1.tif,77968
av320240416t204953-D,2024-04-16T20:49:53+00:00,2024-04-17T18:29:21.024000+00:00,2024-04-17T18:28:10.039483+00:00,LC09_L2SP_041036_20240417_20240418_02_T1,../carbonmapper_data_s2_l2a/av320240416t204953-D/s2_20240417T182921Z.tif,../carbonmapper_data_l89_l2sp/av320240416t204953-D/l8_LC09_L2SP_041036_20240417_20240418_02_T1.tif,77968
av320240416t204953-D,2024-04-16T20:49:53+00:00,2024-04-17T18:29:21.024000+00:00,2024-04-17T18:28:10.039483+00:00,LC09_L2SP_041036_20240417_20240418_02_T1,../carbonmapper_data_s2_l2a/av320240416t204953-D/s2_20240417T182921Z.tif,../carbonmapper_data_l89_l2sp/av320240416t204953-D/l8_LC09_L2SP_041036_20240417_20240418_02_T1.tif,77968
av320240416t205528-A,2024-04-16T20:55:28+00:00,2024-04-17T18:29:21.024000+00:00,2024-04-17T18:28:10.039483+00:00,LC09_L2SP_041036_20240417_20240418_02_T1,../carbonmapper_data_s2_l2a/av320240416t205528-A/s2_20240417T182921Z.tif,../carbonmapper_data_l89_l2sp/av320240416t205528-A/l8_LC09_L2SP_041036_20240417_20240418_02_T1.tif,77633
av320240416t205528-A,2024-04-16T20:55:28+00:00,2024-04-17T18:29:21.024000+00:00,2024-04-17T18:28:10.039483+00:00,LC09_L2SP_041036_20240417_20240418_02_T1,../carbonmapper_data_s2_l2a/av320240416t205528-A/s2_20240417T182921Z.tif,../carbonmapper_data_l89_l2sp/av320240416t205528-A/l8_LC09_L2SP_041036_20240417_20240418_02_T1.tif,77633
av320240416t205528-B,2024-04-16T20:55:28+00:00,2024-04-17T18:29:21.024000+00:00,2024-04-17T18:28:10.039483+00:00,LC09_L2SP_041036_20240417_20240418_02_T1,../carbonmapper_data_s2_l2a/av320240416t205528-B/s2_20240417T182921Z.tif,../carbonmapper_data_l89_l2sp/av320240416t205528-B/l8_LC09_L2SP_041036_20240417_20240418_02_T1.tif,77633
av320240416t205528-B,2024-04-16T20:55:28+00:00,2024-04-17T18:29:21.024000+00:00,2024-04-17T18:28:10.039483+00:00,LC09_L2SP_041036_20240417_20240418_02_T1,../carbonmapper_data_s2_l2a/av320240416t205528-B/s2_20240417T182921Z.tif,../carbonmapper_data_l89_l2sp/av320240416t205528-B/l8_LC09_L2SP_041036_20240417_20240418_02_T1.tif,77633
av320240416t205528-C,2024-04-16T20:55:28+00:00,2024-04-17T18:29:21.024000+00:00,2024-04-17T18:28:10.039483+00:00,LC09_L2SP_041036_20240417_20240418_02_T1,../carbonmapper_data_s2_l2a/av320240416t205528-C/s2_20240417T182921Z.tif,../carbonmapper_data_l89_l2sp/av320240416t205528-C/l8_LC09_L2SP_041036_20240417_20240418_02_T1.tif,77633
av320240416t205528-C,2024-04-16T20:55:28+00:00,2024-04-17T18:29:21.024000+00:00,2024-04-17T18:28:10.039483+00:00,LC09_L2SP_041036_20240417_20240418_02_T1,../carbonmapper_data_s2_l2a/av320240416t205528-C/s2_20240417T182921Z.tif,../carbonmapper_data_l89_l2sp/av320240416t205528-C/l8_LC09_L2SP_041036_20240417_20240418_02_T1.tif,77633
av320240416t205528-D,2024-04-16T20:55:28+00:00,2024-04-17T18:29:21.024000+00:00,2024-04-17T18:28:10.039483+00:00,LC09_L2SP_041036_20240417_20240418_02_T1,../carbonmapper_data_s2_l2a/av320240416t205528-D/s2_20240417T182921Z.tif,../carbonmapper_data_l89_l2sp/av320240416t205528-D/l8_LC09_L2SP_041036_20240417_20240418_02_T1.tif,77633
av320240416t205528-D,2024-04-16T20:55:28+00:00,2024-04-17T18:29:21.024000+00:00,2024-04-17T18:28:10.039483+00:00,LC09_L2SP_041036_20240417_20240418_02_T1,../carbonmapper_data_s2_l2a/av320240416t205528-D/s2_20240417T182921Z.tif,../carbonmapper_data_l89_l2sp/av320240416t205528-D/l8_LC09_L2SP_041036_20240417_20240418_02_T1.tif,77633
av320240416t205528-E,2024-04-16T20:55:28+00:00,2024-04-17T18:29:21.024000+00:00,2024-04-17T18:28:10.039483+00:00,LC09_L2SP_041036_20240417_20240418_02_T1,../carbonmapper_data_s2_l2a/av320240416t205528-E/s2_20240417T182921Z.tif,../carbonmapper_data_l89_l2sp/av320240416t205528-E/l8_LC09_L2SP_041036_20240417_20240418_02_T1.tif,77633
av320240416t205528-E,2024-04-16T20:55:28+00:00,2024-04-17T18:29:21.024000+00:00,2024-04-17T18:28:10.039483+00:00,LC09_L2SP_041036_20240417_20240418_02_T1,../carbonmapper_data_s2_l2a/av320240416t205528-E/s2_20240417T182921Z.tif,../carbonmapper_data_l89_l2sp/av320240416t205528-E/l8_LC09_L2SP_041036_20240417_20240418_02_T1.tif,77633
av320240416t210303-A,2024-04-16T21:03:03+00:00,2024-04-17T18:29:21.024000+00:00,2024-04-17T18:28:10.039483+00:00,LC09_L2SP_041036_20240417_20240418_02_T1,../carbonmapper_data_s2_l2a/av320240416t210303-A/s2_20240417T182921Z.tif,../carbonmapper_data_l89_l2sp/av320240416t210303-A/l8_LC09_L2SP_041036_20240417_20240418_02_T1.tif,77178
av320240416t210303-A,2024-04-16T21:03:03+00:00,2024-04-17T18:29:21.024000+00:00,2024-04-17T18:28:10.039483+00:00,LC09_L2SP_041036_20240417_20240418_02_T1,../carbonmapper_data_s2_l2a/av320240416t210303-A/s2_20240417T182921Z.tif,../carbonmapper_data_l89_l2sp/av320240416t210303-A/l8_LC09_L2SP_041036_20240417_20240418_02_T1.tif,77178
av320240416t210303-B,2024-04-16T21:03:03+00:00,2024-04-17T18:29:21.024000+00:00,2024-04-17T18:28:10.039483+00:00,LC09_L2SP_041036_20240417_20240418_02_T1,../carbonmapper_data_s2_l2a/av320240416t210303-B/s2_20240417T182921Z.tif,../carbonmapper_data_l89_l2sp/av320240416t210303-B/l8_LC09_L2SP_041036_20240417_20240418_02_T1.tif,77178
av320240416t210303-B,2024-04-16T21:03:03+00:00,2024-04-17T18:29:21.024000+00:00,2024-04-17T18:28:10.039483+00:00,LC09_L2SP_041036_20240417_20240418_02_T1,../carbonmapper_data_s2_l2a/av320240416t210303-B/s2_20240417T182921Z.tif,../carbonmapper_data_l89_l2sp/av320240416t210303-B/l8_LC09_L2SP_041036_20240417_20240418_02_T1.tif,77178
av320240416t210303-C,2024-04-16T21:03:03+00:00,2024-04-17T18:29:21.024000+00:00,2024-04-17T18:28:10.039483+00:00,LC09_L2SP_041036_20240417_20240418_02_T1,../carbonmapper_data_s2_l2a/av320240416t210303-C/s2_20240417T182921Z.tif,../carbonmapper_data_l89_l2sp/av320240416t210303-C/l8_LC09_L2SP_041036_20240417_20240418_02_T1.tif,77178
av320240416t210303-C,2024-04-16T21:03:03+00:00,2024-04-17T18:29:21.024000+00:00,2024-04-17T18:28:10.039483+00:00,LC09_L2SP_041036_20240417_20240418_02_T1,../carbonmapper_data_s2_l2a/av320240416t210303-C/s2_20240417T182921Z.tif,../carbonmapper_data_l89_l2sp/av320240416t210303-C/l8_LC09_L2SP_041036_20240417_20240418_02_T1.tif,77178
av320240416t210303-D,2024-04-16T21:03:03+00:00,2024-04-17T18:29:21.024000+00:00,2024-04-17T18:28:10.039483+00:00,LC09_L2SP_041036_20240417_20240418_02_T1,../carbonmapper_data_s2_l2a/av320240416t210303-D/s2_20240417T182921Z.tif,../carbonmapper_data_l89_l2sp/av320240416t210303-D/l8_LC09_L2SP_041036_20240417_20240418_02_T1.tif,77178
av320240416t210303-D,2024-04-16T21:03:03+00:00,2024-04-17T18:29:21.024000+00:00,2024-04-17T18:28:10.039483+00:00,LC09_L2SP_041036_20240417_20240418_02_T1,../carbonmapper_data_s2_l2a/av320240416t210303-D/s2_20240417T182921Z.tif,../carbonmapper_data_l89_l2sp/av320240416t210303-D/l8_LC09_L2SP_041036_20240417_20240418_02_T1.tif,77178
av320240416t210303-E,2024-04-16T21:03:03+00:00,2024-04-17T18:29:21.024000+00:00,2024-04-17T18:28:10.039483+00:00,LC09_L2SP_041036_20240417_20240418_02_T1,../carbonmapper_data_s2_l2a/av320240416t210303-E/s2_20240417T182921Z.tif,../carbonmapper_data_l89_l2sp/av320240416t210303-E/l8_LC09_L2SP_041036_20240417_20240418_02_T1.tif,77178
av320240416t210303-E,2024-04-16T21:03:03+00:00,2024-04-17T18:29:21.024000+00:00,2024-04-17T18:28:10.039483+00:00,LC09_L2SP_041036_20240417_20240418_02_T1,../carbonmapper_data_s2_l2a/av320240416t210303-E/s2_20240417T182921Z.tif,../carbonmapper_data_l89_l2sp/av320240416t210303-E/l8_LC09_L2SP_041036_20240417_20240418_02_T1.tif,77178
av320240416t211002-A,2024-04-16T21:10:02+00:00,2024-04-17T18:29:21.024000+00:00,2024-04-17T18:28:10.039483+00:00,LC09_L2SP_041036_20240417_20240418_02_T1,../carbonmapper_data_s2_l2a/av320240416t211002-A/s2_20240417T182921Z.tif,../carbonmapper_data_l89_l2sp/av320240416t211002-A/l8_LC09_L2SP_041036_20240417_20240418_02_T1.tif,76759
av320240416t211002-A,2024-04-16T21:10:02+00:00,2024-04-17T18:29:21.024000+00:00,2024-04-17T18:28:10.039483+00:00,LC09_L2SP_041036_20240417_20240418_02_T1,../carbonmapper_data_s2_l2a/av320240416t211002-A/s2_20240417T182921Z.tif,../carbonmapper_data_l89_l2sp/av320240416t211002-A/l8_LC09_L2SP_041036_20240417_20240418_02_T1.tif,76759
av320240416t211002-B,2024-04-16T21:10:02+00:00,2024-04-17T18:29:21.024000+00:00,2024-04-17T18:28:10.039483+00:00,LC09_L2SP_041036_20240417_20240418_02_T1,../carbonmapper_data_s2_l2a/av320240416t211002-B/s2_20240417T182921Z.tif,../carbonmapper_data_l89_l2sp/av320240416t211002-B/l8_LC09_L2SP_041036_20240417_20240418_02_T1.tif,76759
av320240416t211002-B,2024-04-16T21:10:02+00:00,2024-04-17T18:29:21.024000+00:00,2024-04-17T18:28:10.039483+00:00,LC09_L2SP_041036_20240417_20240418_02_T1,../carbonmapper_data_s2_l2a/av320240416t211002-B/s2_20240417T182921Z.tif,../carbonmapper_data_l89_l2sp/av320240416t211002-B/l8_LC09_L2SP_041036_20240417_20240418_02_T1.tif,76759
av320240416t211002-C,2024-04-16T21:10:02+00:00,2024-04-17T18:29:21.024000+00:00,2024-04-17T18:28:10.039483+00:00,LC09_L2SP_041036_20240417_20240418_02_T1,../carbonmapper_data_s2_l2a/av320240416t211002-C/s2_20240417T182921Z.tif,../carbonmapper_data_l89_l2sp/av320240416t211002-C/l8_LC09_L2SP_041036_20240417_20240418_02_T1.tif,76759
av320240416t211002-C,2024-04-16T21:10:02+00:00,2024-04-17T18:29:21.024000+00:00,2024-04-17T18:28:10.039483+00:00,LC09_L2SP_041036_20240417_20240418_02_T1,../carbonmapper_data_s2_l2a/av320240416t211002-C/s2_20240417T182921Z.tif,../carbonmapper_data_l89_l2sp/av320240416t211002-C/l8_LC09_L2SP_041036_20240417_20240418_02_T1.tif,76759
av320240416t211002-D,2024-04-16T21:10:02+00:00,2024-04-17T18:29:21.024000+00:00,2024-04-17T18:28:10.039483+00:00,LC09_L2SP_041036_20240417_20240418_02_T1,../carbonmapper_data_s2_l2a/av320240416t211002-D/s2_20240417T182921Z.tif,../carbonmapper_data_l89_l2sp/av320240416t211002-D/l8_LC09_L2SP_041036_20240417_20240418_02_T1.tif,76759
av320240416t211002-D,2024-04-16T21:10:02+00:00,2024-04-17T18:29:21.024000+00:00,2024-04-17T18:28:10.039483+00:00,LC09_L2SP_041036_20240417_20240418_02_T1,../carbonmapper_data_s2_l2a/av320240416t211002-D/s2_20240417T182921Z.tif,../carbonmapper_data_l89_l2sp/av320240416t211002-D/l8_LC09_L2SP_041036_20240417_20240418_02_T1.tif,76759
av320240416t211002-E,2024-04-16T21:10:02+00:00,2024-04-17T18:29:21.024000+00:00,2024-04-17T18:28:10.039483+00:00,LC09_L2SP_041036_20240417_20240418_02_T1,../carbonmapper_data_s2_l2a/av320240416t211002-E/s2_20240417T182921Z.tif,../carbonmapper_data_l89_l2sp/av320240416t211002-E/l8_LC09_L2SP_041036_20240417_20240418_02_T1.tif,76759
av320240416t211002-E,2024-04-16T21:10:02+00:00,2024-04-17T18:29:21.024000+00:00,2024-04-17T18:28:10.039483+00:00,LC09_L2SP_041036_20240417_20240418_02_T1,../carbonmapper_data_s2_l2a/av320240416t211002-E/s2_20240417T182921Z.tif,../carbonmapper_data_l89_l2sp/av320240416t211002-E/l8_LC09_L2SP_041036_20240417_20240418_02_T1.tif,76759
av320240416t211002-F,2024-04-16T21:10:02+00:00,2024-04-17T18:29:21.024000+00:00,2024-04-17T18:28:10.039483+00:00,LC09_L2SP_041036_20240417_20240418_02_T1,../carbonmapper_data_s2_l2a/av320240416t211002-F/s2_20240417T182921Z.tif,../carbonmapper_data_l89_l2sp/av320240416t211002-F/l8_LC09_L2SP_041036_20240417_20240418_02_T1.tif,76759
av320240416t211002-F,2024-04-16T21:10:02+00:00,2024-04-17T18:29:21.024000+00:00,2024-04-17T18:28:10.039483+00:00,LC09_L2SP_041036_20240417_20240418_02_T1,../carbonmapper_data_s2_l2a/av320240416t211002-F/s2_20240417T182921Z.tif,../carbonmapper_data_l89_l2sp/av320240416t211002-F/l8_LC09_L2SP_041036_20240417_20240418_02_T1.tif,76759
av320240416t211535-A,2024-04-16T21:15:35+00:00,2024-04-17T18:29:21.024000+00:00,2024-04-17T18:28:10.039483+00:00,LC09_L2SP_041036_20240417_20240418_02_T1,../carbonmapper_data_s2_l2a/av320240416t211535-A/s2_20240417T182921Z.tif,../carbonmapper_data_l89_l2sp/av320240416t211535-A/l8_LC09_L2SP_041036_20240417_20240418_02_T1.tif,76426
av320240416t211535-A,2024-04-16T21:15:35+00:00,2024-04-17T18:29:21.024000+00:00,2024-04-17T18:28:10.039483+00:00,LC09_L2SP_041036_20240417_20240418_02_T1,../carbonmapper_data_s2_l2a/av320240416t211535-A/s2_20240417T182921Z.tif,../carbonmapper_data_l89_l2sp/av320240416t211535-A/l8_LC09_L2SP_041036_20240417_20240418_02_T1.tif,76426
av320240416t211535-B,2024-04-16T21:15:35+00:00,2024-04-17T18:29:21.024000+00:00,2024-04-17T18:28:10.039483+00:00,LC09_L2SP_041036_20240417_20240418_02_T1,../carbonmapper_data_s2_l2a/av320240416t211535-B/s2_20240417T182921Z.tif,../carbonmapper_data_l89_l2sp/av320240416t211535-B/l8_LC09_L2SP_041036_20240417_20240418_02_T1.tif,76426
av320240416t211535-B,2024-04-16T21:15:35+00:00,2024-04-17T18:29:21.024000+00:00,2024-04-17T18:28:10.039483+00:00,LC09_L2SP_041036_20240417_20240418_02_T1,../carbonmapper_data_s2_l2a/av320240416t211535-B/s2_20240417T182921Z.tif,../carbonmapper_data_l89_l2sp/av320240416t211535-B/l8_LC09_L2SP_041036_20240417_20240418_02_T1.tif,76426
av320240416t211535-C,2024-04-16T21:15:35+00:00,2024-04-17T18:29:21.024000+00:00,2024-04-17T18:28:10.039483+00:00,LC09_L2SP_041036_20240417_20240418_02_T1,../carbonmapper_data_s2_l2a/av320240416t211535-C/s2_20240417T182921Z.tif,../carbonmapper_data_l89_l2sp/av320240416t211535-C/l8_LC09_L2SP_041036_20240417_20240418_02_T1.tif,76426
av320240416t211535-C,2024-04-16T21:15:35+00:00,2024-04-17T18:29:21.024000+00:00,2024-04-17T18:28:10.039483+00:00,LC09_L2SP_041036_20240417_20240418_02_T1,../carbonmapper_data_s2_l2a/av320240416t211535-C/s2_20240417T182921Z.tif,../carbonmapper_data_l89_l2sp/av320240416t211535-C/l8_LC09_L2SP_041036_20240417_20240418_02_T1.tif,76426
av320240416t211535-D,2024-04-16T21:15:35+00:00,2024-04-17T18:29:21.024000+00:00,2024-04-17T18:28:10.039483+00:00,LC09_L2SP_041036_20240417_20240418_02_T1,../carbonmapper_data_s2_l2a/av320240416t211535-D/s2_20240417T182921Z.tif,../carbonmapper_data_l89_l2sp/av320240416t211535-D/l8_LC09_L2SP_041036_20240417_20240418_02_T1.tif,76426
av320240416t211535-D,2024-04-16T21:15:35+00:00,2024-04-17T18:29:21.024000+00:00,2024-04-17T18:28:10.039483+00:00,LC09_L2SP_041036_20240417_20240418_02_T1,../carbonmapper_data_s2_l2a/av320240416t211535-D/s2_20240417T182921Z.tif,../carbonmapper_data_l89_l2sp/av320240416t211535-D/l8_LC09_L2SP_041036_20240417_20240418_02_T1.tif,76426
av320240416t211535-E,2024-04-16T21:15:35+00:00,2024-04-17T18:29:21.024000+00:00,2024-04-17T18:28:10.039483+00:00,LC09_L2SP_041036_20240417_20240418_02_T1,../carbonmapper_data_s2_l2a/av320240416t211535-E/s2_20240417T182921Z.tif,../carbonmapper_data_l89_l2sp/av320240416t211535-E/l8_LC09_L2SP_041036_20240417_20240418_02_T1.tif,76426
av320240416t211535-E,2024-04-16T21:15:35+00:00,2024-04-17T18:29:21.024000+00:00,2024-04-17T18:28:10.039483+00:00,LC09_L2SP_041036_20240417_20240418_02_T1,../carbonmapper_data_s2_l2a/av320240416t211535-E/s2_20240417T182921Z.tif,../carbonmapper_data_l89_l2sp/av320240416t211535-E/l8_LC09_L2SP_041036_20240417_20240418_02_T1.tif,76426
av320240416t211535-H,2024-04-16T21:15:35+00:00,2024-04-17T18:29:21.024000+00:00,2024-04-17T18:28:10.039483+00:00,LC09_L2SP_041036_20240417_20240418_02_T1,../carbonmapper_data_s2_l2a/av320240416t211535-H/s2_20240417T182921Z.tif,../carbonmapper_data_l89_l2sp/av320240416t211535-H/l8_LC09_L2SP_041036_20240417_20240418_02_T1.tif,76426
av320240416t211535-H,2024-04-16T21:15:35+00:00,2024-04-17T18:29:21.024000+00:00,2024-04-17T18:28:10.039483+00:00,LC09_L2SP_041036_20240417_20240418_02_T1,../carbonmapper_data_s2_l2a/av320240416t211535-H/s2_20240417T182921Z.tif,../carbonmapper_data_l89_l2sp/av320240416t211535-H/l8_LC09_L2SP_041036_20240417_20240418_02_T1.tif,76426
av320240416t211535-I,2024-04-16T21:15:35+00:00,2024-04-17T18:29:21.024000+00:00,2024-04-17T18:28:10.039483+00:00,LC09_L2SP_041036_20240417_20240418_02_T1,../carbonmapper_data_s2_l2a/av320240416t211535-I/s2_20240417T182921Z.tif,../carbonmapper_data_l89_l2sp/av320240416t211535-I/l8_LC09_L2SP_041036_20240417_20240418_02_T1.tif,76426
av320240416t211535-I,2024-04-16T21:15:35+00:00,2024-04-17T18:29:21.024000+00:00,2024-04-17T18:28:10.039483+00:00,LC09_L2SP_041036_20240417_20240418_02_T1,../carbonmapper_data_s2_l2a/av320240416t211535-I/s2_20240417T182921Z.tif,../carbonmapper_data_l89_l2sp/av320240416t211535-I/l8_LC09_L2SP_041036_20240417_20240418_02_T1.tif,76426
av320240416t211535-J,2024-04-16T21:15:35+00:00,2024-04-17T18:29:21.024000+00:00,2024-04-17T18:28:10.039483+00:00,LC09_L2SP_041036_20240417_20240418_02_T1,../carbonmapper_data_s2_l2a/av320240416t211535-J/s2_20240417T182921Z.tif,../carbonmapper_data_l89_l2sp/av320240416t211535-J/l8_LC09_L2SP_041036_20240417_20240418_02_T1.tif,76426
av320240416t211535-J,2024-04-16T21:15:35+00:00,2024-04-17T18:29:21.024000+00:00,2024-04-17T18:28:10.039483+00:00,LC09_L2SP_041036_20240417_20240418_02_T1,../carbonmapper_data_s2_l2a/av320240416t211535-J/s2_20240417T182921Z.tif,../carbonmapper_data_l89_l2sp/av320240416t211535-J/l8_LC09_L2SP_041036_20240417_20240418_02_T1.tif,76426
av320240416t211535-L,2024-04-16T21:15:35+00:00,2024-04-17T18:29:21.024000+00:00,2024-04-17T18:28:10.039483+00:00,LC09_L2SP_041036_20240417_20240418_02_T1,../carbonmapper_data_s2_l2a/av320240416t211535-L/s2_20240417T182921Z.tif,../carbonmapper_data_l89_l2sp/av320240416t211535-L/l8_LC09_L2SP_041036_20240417_20240418_02_T1.tif,76426
av320240416t211535-L,2024-04-16T21:15:35+00:00,2024-04-17T18:29:21.024000+00:00,2024-04-17T18:28:10.039483+00:00,LC09_L2SP_041036_20240417_20240418_02_T1,../carbonmapper_data_s2_l2a/av320240416t211535-L/s2_20240417T182921Z.tif,../carbonmapper_data_l89_l2sp/av320240416t211535-L/l8_LC09_L2SP_041036_20240417_20240418_02_T1.tif,76426
av320240416t221813-A,2024-04-16T22:18:13+00:00,2024-04-17T18:29:21.024000+00:00,2024-04-17T18:28:10.039483+00:00,LC09_L2SP_041036_20240417_20240418_02_T1,../carbonmapper_data_s2_l2a/av320240416t221813-A/s2_20240417T182921Z.tif,../carbonmapper_data_l89_l2sp/av320240416t221813-A/l8_LC09_L2SP_041036_20240417_20240418_02_T1.tif,72668
av320240416t221813-A,2024-04-16T22:18:13+00:00,2024-04-17T18:29:21.024000+00:00,2024-04-17T18:28:10.039483+00:00,LC09_L2SP_041036_20240417_20240418_02_T1,../carbonmapper_data_s2_l2a/av320240416t221813-A/s2_20240417T182921Z.tif,../carbonmapper_data_l89_l2sp/av320240416t221813-A/l8_LC09_L2SP_041036_20240417_20240418_02_T1.tif,72668
av320240416t221813-B,2024-04-16T22:18:13+00:00,2024-04-17T18:29:21.024000+00:00,2024-04-17T18:28:10.039483+00:00,LC09_L2SP_041036_20240417_20240418_02_T1,../carbonmapper_data_s2_l2a/av320240416t221813-B/s2_20240417T182921Z.tif,../carbonmapper_data_l89_l2sp/av320240416t221813-B/l8_LC09_L2SP_041036_20240417_20240418_02_T1.tif,72668
av320240416t221813-B,2024-04-16T22:18:13+00:00,2024-04-17T18:29:21.024000+00:00,2024-04-17T18:28:10.039483+00:00,LC09_L2SP_041036_20240417_20240418_02_T1,../carbonmapper_data_s2_l2a/av320240416t221813-B/s2_20240417T182921Z.tif,../carbonmapper_data_l89_l2sp/av320240416t221813-B/l8_LC09_L2SP_041036_20240417_20240418_02_T1.tif,72668
av320240416t221813-C,2024-04-16T22:18:13+00:00,2024-04-17T18:29:21.024000+00:00,2024-04-17T18:28:10.039483+00:00,LC09_L2SP_041036_20240417_20240418_02_T1,../carbonmapper_data_s2_l2a/av320240416t221813-C/s2_20240417T182921Z.tif,../carbonmapper_data_l89_l2sp/av320240416t221813-C/l8_LC09_L2SP_041036_20240417_20240418_02_T1.tif,72668
av320240416t221813-C,2024-04-16T22:18:13+00:00,2024-04-17T18:29:21.024000+00:00,2024-04-17T18:28:10.039483+00:00,LC09_L2SP_041036_20240417_20240418_02_T1,../carbonmapper_data_s2_l2a/av320240416t221813-C/s2_20240417T182921Z.tif,../carbonmapper_data_l89_l2sp/av320240416t221813-C/l8_LC09_L2SP_041036_20240417_20240418_02_T1.tif,72668
av320240416t221813-D,2024-04-16T22:18:13+00:00,2024-04-17T18:29:21.024000+00:00,2024-04-17T18:28:10.039483+00:00,LC09_L2SP_041036_20240417_20240418_02_T1,../carbonmapper_data_s2_l2a/av320240416t221813-D/s2_20240417T182921Z.tif,../carbonmapper_data_l89_l2sp/av320240416t221813-D/l8_LC09_L2SP_041036_20240417_20240418_02_T1.tif,72668
av320240416t221813-D,2024-04-16T22:18:13+00:00,2024-04-17T18:29:21.024000+00:00,2024-04-17T18:28:10.039483+00:00,LC09_L2SP_041036_20240417_20240418_02_T1,../carbonmapper_data_s2_l2a/av320240416t221813-D/s2_20240417T182921Z.tif,../carbonmapper_data_l89_l2sp/av320240416t221813-D/l8_LC09_L2SP_041036_20240417_20240418_02_T1.tif,72668
av320240416t221813-E,2024-04-16T22:18:13+00:00,2024-04-17T18:29:21.024000+00:00,2024-04-17T18:28:10.039483+00:00,LC09_L2SP_041036_20240417_20240418_02_T1,../carbonmapper_data_s2_l2a/av320240416t221813-E/s2_20240417T182921Z.tif,../carbonmapper_data_l89_l2sp/av320240416t221813-E/l8_LC09_L2SP_041036_20240417_20240418_02_T1.tif,72668
av320240416t221813-E,2024-04-16T22:18:13+00:00,2024-04-17T18:29:21.024000+00:00,2024-04-17T18:28:10.039483+00:00,LC09_L2SP_041036_20240417_20240418_02_T1,../carbonmapper_data_s2_l2a/av320240416t221813-E/s2_20240417T182921Z.tif,../carbonmapper_data_l89_l2sp/av320240416t221813-E/l8_LC09_L2SP_041036_20240417_20240418_02_T1.tif,72668
av320240416t221813-F,2024-04-16T22:18:13+00:00,2024-04-17T18:29:21.024000+00:00,2024-04-17T18:28:10.039483+00:00,LC09_L2SP_041036_20240417_20240418_02_T1,../carbonmapper_data_s2_l2a/av320240416t221813-F/s2_20240417T182921Z.tif,../carbonmapper_data_l89_l2sp/av320240416t221813-F/l8_LC09_L2SP_041036_20240417_20240418_02_T1.tif,72668
av320240416t221813-F,2024-04-16T22:18:13+00:00,2024-04-17T18:29:21.024000+00:00,2024-04-17T18:28:10.039483+00:00,LC09_L2SP_041036_20240417_20240418_02_T1,../carbonmapper_data_s2_l2a/av320240416t221813-F/s2_20240417T182921Z.tif,../carbonmapper_data_l89_l2sp/av320240416t221813-F/l8_LC09_L2SP_041036_20240417_20240418_02_T1.tif,72668
av320240416t221813-G,2024-04-16T22:18:13+00:00,2024-04-17T18:29:21.024000+00:00,2024-04-17T18:28:10.039483+00:00,LC09_L2SP_041036_20240417_20240418_02_T1,../carbonmapper_data_s2_l2a/av320240416t221813-G/s2_20240417T182921Z.tif,../carbonmapper_data_l89_l2sp/av320240416t221813-G/l8_LC09_L2SP_041036_20240417_20240418_02_T1.tif,72668
av320240416t221813-G,2024-04-16T22:18:13+00:00,2024-04-17T18:29:21.024000+00:00,2024-04-17T18:28:10.039483+00:00,LC09_L2SP_041036_20240417_20240418_02_T1,../carbonmapper_data_s2_l2a/av320240416t221813-G/s2_20240417T182921Z.tif,../carbonmapper_data_l89_l2sp/av320240416t221813-G/l8_LC09_L2SP_041036_20240417_20240418_02_T1.tif,72668
av320240416t221813-H,2024-04-16T22:18:13+00:00,2024-04-17T18:29:21.024000+00:00,2024-04-17T18:28:10.039483+00:00,LC09_L2SP_041036_20240417_20240418_02_T1,../carbonmapper_data_s2_l2a/av320240416t221813-H/s2_20240417T182921Z.tif,../carbonmapper_data_l89_l2sp/av320240416t221813-H/l8_LC09_L2SP_041036_20240417_20240418_02_T1.tif,72668
av320240416t221813-H,2024-04-16T22:18:13+00:00,2024-04-17T18:29:21.024000+00:00,2024-04-17T18:28:10.039483+00:00,LC09_L2SP_041036_20240417_20240418_02_T1,../carbonmapper_data_s2_l2a/av320240416t221813-H/s2_20240417T182921Z.tif,../carbonmapper_data_l89_l2sp/av320240416t221813-H/l8_LC09_L2SP_041036_20240417_20240418_02_T1.tif,72668
av320240416t221813-J,2024-04-16T22:18:13+00:00,2024-04-17T18:29:21.024000+00:00,2024-04-17T18:28:10.039483+00:00,LC09_L2SP_041036_20240417_20240418_02_T1,../carbonmapper_data_s2_l2a/av320240416t221813-J/s2_20240417T182921Z.tif,../carbonmapper_data_l89_l2sp/av320240416t221813-J/l8_LC09_L2SP_041036_20240417_20240418_02_T1.tif,72668
av320240416t221813-J,2024-04-16T22:18:13+00:00,2024-04-17T18:29:21.024000+00:00,2024-04-17T18:28:10.039483+00:00,LC09_L2SP_041036_20240417_20240418_02_T1,../carbonmapper_data_s2_l2a/av320240416t221813-J/s2_20240417T182921Z.tif,../carbonmapper_data_l89_l2sp/av320240416t221813-J/l8_LC09_L2SP_041036_20240417_20240418_02_T1.tif,72668
av320240721t185446-A,2024-07-21T18:54:46+00:00,2024-07-21T18:29:19.024000+00:00,2024-07-22T18:27:46.404260+00:00,LC09_L2SP_041036_20240722_20240723_02_T1,../carbonmapper_data_s2_l2a/av320240721t185446-A/s2_20240721T182919Z.tif,../carbonmapper_data_l89_l2sp/av320240721t185446-A/l8_LC09_L2SP_041036_20240722_20240723_02_T1.tif,84780
av320240721t185446-B,2024-07-21T18:54:46+00:00,2024-07-21T18:29:19.024000+00:00,2024-07-22T18:27:46.404260+00:00,LC09_L2SP_041036_20240722_20240723_02_T1,../carbonmapper_data_s2_l2a/av320240721t185446-B/s2_20240721T182919Z.tif,../carbonmapper_data_l89_l2sp/av320240721t185446-B/l8_LC09_L2SP_041036_20240722_20240723_02_T1.tif,84780
av320240721t185446-C,2024-07-21T18:54:46+00:00,2024-07-21T18:29:19.024000+00:00,2024-07-22T18:27:46.404260+00:00,LC09_L2SP_041036_20240722_20240723_02_T1,../carbonmapper_data_s2_l2a/av320240721t185446-C/s2_20240721T182919Z.tif,../carbonmapper_data_l89_l2sp/av320240721t185446-C/l8_LC09_L2SP_041036_20240722_20240723_02_T1.tif,84780
av320240721t185446-D,2024-07-21T18:54:46+00:00,2024-07-21T18:29:19.024000+00:00,2024-07-22T18:27:46.404260+00:00,LC09_L2SP_041036_20240722_20240723_02_T1,../carbonmapper_data_s2_l2a/av320240721t185446-D/s2_20240721T182919Z.tif,../carbonmapper_data_l89_l2sp/av320240721t185446-D/l8_LC09_L2SP_041036_20240722_20240723_02_T1.tif,84780
av320240721t185446-E,2024-07-21T18:54:46+00:00,2024-07-21T18:29:19.024000+00:00,2024-07-22T18:27:46.404260+00:00,LC09_L2SP_041036_20240722_20240723_02_T1,../carbonmapper_data_s2_l2a/av320240721t185446-E/s2_20240721T182919Z.tif,../carbonmapper_data_l89_l2sp/av320240721t185446-E/l8_LC09_L2SP_041036_20240722_20240723_02_T1.tif,84780
av320240721t185446-F,2024-07-21T18:54:46+00:00,2024-07-21T18:29:19.024000+00:00,2024-07-22T18:27:46.404260+00:00,LC09_L2SP_041036_20240722_20240723_02_T1,../carbonmapper_data_s2_l2a/av320240721t185446-F/s2_20240721T182919Z.tif,../carbonmapper_data_l89_l2sp/av320240721t185446-F/l8_LC09_L2SP_041036_20240722_20240723_02_T1.tif,84780
av320240829t183939-C,2024-08-29T18:39:39+00:00,2024-08-30T18:29:19.024000+00:00,2024-08-30T18:34:17.240672+00:00,LC09_L2SP_042036_20240830_20240831_02_T1,../carbonmapper_data_s2_l2a/av320240829t183939-C/s2_20240830T182919Z.tif,../carbonmapper_data_l89_l2sp/av320240829t183939-C/l8_LC09_L2SP_042036_20240830_20240831_02_T1.tif,86078
av320240829t183939-D,2024-08-29T18:39:39+00:00,2024-08-30T18:29:19.024000+00:00,2024-08-30T18:34:17.240672+00:00,LC09_L2SP_042036_20240830_20240831_02_T1,../carbonmapper_data_s2_l2a/av320240829t183939-D/s2_20240830T182919Z.tif,../carbonmapper_data_l89_l2sp/av320240829t183939-D/l8_LC09_L2SP_042036_20240830_20240831_02_T1.tif,86078
av320240829t183939-E,2024-08-29T18:39:39+00:00,2024-08-30T18:29:19.024000+00:00,2024-08-30T18:34:17.240672+00:00,LC09_L2SP_042036_20240830_20240831_02_T1,../carbonmapper_data_s2_l2a/av320240829t183939-E/s2_20240830T182919Z.tif,../carbonmapper_data_l89_l2sp/av320240829t183939-E/l8_LC09_L2SP_042036_20240830_20240831_02_T1.tif,86078
av320240829t183939-F,2024-08-29T18:39:39+00:00,2024-08-30T18:29:19.024000+00:00,2024-08-30T18:34:17.240672+00:00,LC09_L2SP_042036_20240830_20240831_02_T1,../carbonmapper_data_s2_l2a/av320240829t183939-F/s2_20240830T182919Z.tif,../carbonmapper_data_l89_l2sp/av320240829t183939-F/l8_LC09_L2SP_042036_20240830_20240831_02_T1.tif,86078
av320240829t183939-G,2024-08-29T18:39:39+00:00,2024-08-30T18:29:19.024000+00:00,2024-08-30T18:34:17.240672+00:00,LC09_L2SP_042036_20240830_20240831_02_T1,../carbonmapper_data_s2_l2a/av320240829t183939-G/s2_20240830T182919Z.tif,../carbonmapper_data_l89_l2sp/av320240829t183939-G/l8_LC09_L2SP_042036_20240830_20240831_02_T1.tif,86078
av320240829t183939-H,2024-08-29T18:39:39+00:00,2024-08-30T18:29:19.024000+00:00,2024-08-30T18:34:17.240672+00:00,LC09_L2SP_042036_20240830_20240831_02_T1,../carbonmapper_data_s2_l2a/av320240829t183939-H/s2_20240830T182919Z.tif,../carbonmapper_data_l89_l2sp/av320240829t183939-H/l8_LC09_L2SP_042036_20240830_20240831_02_T1.tif,86078
av320240829t211158-D,2024-08-29T21:11:58+00:00,2024-08-30T18:29:19.024000+00:00,2024-08-30T18:34:17.240672+00:00,LC09_L2SP_042036_20240830_20240831_02_T1,../carbonmapper_data_s2_l2a/av320240829t211158-D/s2_20240830T182919Z.tif,../carbonmapper_data_l89_l2sp/av320240829t211158-D/l8_LC09_L2SP_042036_20240830_20240831_02_T1.tif,76939
av320240829t211158-E,2024-08-29T21:11:58+00:00,2024-08-30T18:29:19.024000+00:00,2024-08-30T18:34:17.240672+00:00,LC09_L2SP_042036_20240830_20240831_02_T1,../carbonmapper_data_s2_l2a/av320240829t211158-E/s2_20240830T182919Z.tif,../carbonmapper_data_l89_l2sp/av320240829t211158-E/l8_LC09_L2SP_042036_20240830_20240831_02_T1.tif,76939
av320240829t211158-F,2024-08-29T21:11:58+00:00,2024-08-30T18:29:19.024000+00:00,2024-08-30T18:34:17.240672+00:00,LC09_L2SP_042036_20240830_20240831_02_T1,../carbonmapper_data_s2_l2a/av320240829t211158-F/s2_20240830T182919Z.tif,../carbonmapper_data_l89_l2sp/av320240829t211158-F/l8_LC09_L2SP_042036_20240830_20240831_02_T1.tif,76939
av320240829t211158-G,2024-08-29T21:11:58+00:00,2024-08-30T18:29:19.024000+00:00,2024-08-30T18:34:17.240672+00:00,LC09_L2SP_042036_20240830_20240831_02_T1,../carbonmapper_data_s2_l2a/av320240829t211158-G/s2_20240830T182919Z.tif,../carbonmapper_data_l89_l2sp/av320240829t211158-G/l8_LC09_L2SP_042036_20240830_20240831_02_T1.tif,76939
av320241014t190915-A,2024-10-14T19:09:15+00:00,2024-10-15T18:52:49.024000+00:00,2024-10-15T18:46:06.987901+00:00,LC09_L2SP_044034_20241015_20241016_02_T1,../carbonmapper_data_s2_l2a/av320241014t190915-A/s2_20241015T185249Z.tif,../carbonmapper_data_l89_l2sp/av320241014t190915-A/l8_LC09_L2SP_044034_20241015_20241016_02_T1.tif,85414
av320241014t190915-B,2024-10-14T19:09:15+00:00,2024-10-15T18:52:49.024000+00:00,2024-10-15T18:46:06.987901+00:00,LC09_L2SP_044034_20241015_20241016_02_T1,../carbonmapper_data_s2_l2a/av320241014t190915-B/s2_20241015T185249Z.tif,../carbonmapper_data_l89_l2sp/av320241014t190915-B/l8_LC09_L2SP_044034_20241015_20241016_02_T1.tif,85414
av320241014t190915-C,2024-10-14T19:09:15+00:00,2024-10-15T18:52:49.024000+00:00,2024-10-15T18:46:06.987901+00:00,LC09_L2SP_044034_20241015_20241016_02_T1,../carbonmapper_data_s2_l2a/av320241014t190915-C/s2_20241015T185249Z.tif,../carbonmapper_data_l89_l2sp/av320241014t190915-C/l8_LC09_L2SP_044034_20241015_20241016_02_T1.tif,85414
av320241014t190915-D,2024-10-14T19:09:15+00:00,2024-10-15T18:52:49.024000+00:00,2024-10-15T18:46:06.987901+00:00,LC09_L2SP_044034_20241015_20241016_02_T1,../carbonmapper_data_s2_l2a/av320241014t190915-D/s2_20241015T185249Z.tif,../carbonmapper_data_l89_l2sp/av320241014t190915-D/l8_LC09_L2SP_044034_20241015_20241016_02_T1.tif,85414
av320241014t191628-A,2024-10-14T19:16:28+00:00,2024-10-15T18:52:49.024000+00:00,2024-10-15T18:46:06.987901+00:00,LC09_L2SP_044034_20241015_20241016_02_T1,../carbonmapper_data_s2_l2a/av320241014t191628-A/s2_20241015T185249Z.tif,../carbonmapper_data_l89_l2sp/av320241014t191628-A/l8_LC09_L2SP_044034_20241015_20241016_02_T1.tif,84981
av320241014t191628-B,2024-10-14T19:16:28+00:00,2024-10-15T18:52:49.024000+00:00,2024-10-15T18:46:06.987901+00:00,LC09_L2SP_044034_20241015_20241016_02_T1,../carbonmapper_data_s2_l2a/av320241014t191628-B/s2_20241015T185249Z.tif,../carbonmapper_data_l89_l2sp/av320241014t191628-B/l8_LC09_L2SP_044034_20241015_20241016_02_T1.tif,84981
av320241014t191628-C,2024-10-14T19:16:28+00:00,2024-10-15T18:52:49.024000+00:00,2024-10-15T18:46:06.987901+00:00,LC09_L2SP_044034_20241015_20241016_02_T1,../carbonmapper_data_s2_l2a/av320241014t191628-C/s2_20241015T185249Z.tif,../carbonmapper_data_l89_l2sp/av320241014t191628-C/l8_LC09_L2SP_044034_20241015_20241016_02_T1.tif,84981
av320241014t193616-A,2024-10-14T19:36:16+00:00,2024-10-15T18:52:49.024000+00:00,2024-10-15T18:45:43.096886+00:00,LC09_L2SP_044033_20241015_20241016_02_T1,../carbonmapper_data_s2_l2a/av320241014t193616-A/s2_20241015T185249Z.tif,../carbonmapper_data_l89_l2sp/av320241014t193616-A/l8_LC09_L2SP_044033_20241015_20241016_02_T1.tif,83793
av320241014t194057-A,2024-10-14T19:40:57+00:00,2024-10-15T18:52:49.024000+00:00,2024-10-15T18:45:43.096886+00:00,LC09_L2SP_044033_20241015_20241016_02_T1,../carbonmapper_data_s2_l2a/av320241014t194057-A/s2_20241015T185249Z.tif,../carbonmapper_data_l89_l2sp/av320241014t194057-A/l8_LC09_L2SP_044033_20241015_20241016_02_T1.tif,83512
av320241014t195948-A,2024-10-14T19:59:48+00:00,2024-10-15T18:52:49.024000+00:00,2024-10-15T18:46:06.987901+00:00,LC09_L2SP_044034_20241015_20241016_02_T1,../carbonmapper_data_s2_l2a/av320241014t195948-A/s2_20241015T185249Z.tif,../carbonmapper_data_l89_l2sp/av320241014t195948-A/l8_LC09_L2SP_044034_20241015_20241016_02_T1.tif,82381
av320241014t195948-B,2024-10-14T19:59:48+00:00,2024-10-15T18:52:49.024000+00:00,2024-10-15T18:46:06.987901+00:00,LC09_L2SP_044034_20241015_20241016_02_T1,../carbonmapper_data_s2_l2a/av320241014t195948-B/s2_20241015T185249Z.tif,../carbonmapper_data_l89_l2sp/av320241014t195948-B/l8_LC09_L2SP_044034_20241015_20241016_02_T1.tif,82381
av320241014t195948-C,2024-10-14T19:59:48+00:00,2024-10-15T18:52:49.024000+00:00,2024-10-15T18:46:06.987901+00:00,LC09_L2SP_044034_20241015_20241016_02_T1,../carbonmapper_data_s2_l2a/av320241014t195948-C/s2_20241015T185249Z.tif,../carbonmapper_data_l89_l2sp/av320241014t195948-C/l8_LC09_L2SP_044034_20241015_20241016_02_T1.tif,82381
av320241014t195948-D,2024-10-14T19:59:48+00:00,2024-10-15T18:52:49.024000+00:00,2024-10-15T18:46:06.987901+00:00,LC09_L2SP_044034_20241015_20241016_02_T1,../carbonmapper_data_s2_l2a/av320241014t195948-D/s2_20241015T185249Z.tif,../carbonmapper_data_l89_l2sp/av320241014t195948-D/l8_LC09_L2SP_044034_20241015_20241016_02_T1.tif,82381
av320241014t195948-E,2024-10-14T19:59:48+00:00,2024-10-15T18:52:49.024000+00:00,2024-10-15T18:46:06.987901+00:00,LC09_L2SP_044034_20241015_20241016_02_T1,../carbonmapper_data_s2_l2a/av320241014t195948-E/s2_20241015T185249Z.tif,../carbonmapper_data_l89_l2sp/av320241014t195948-E/l8_LC09_L2SP_044034_20241015_20241016_02_T1.tif,82381
av320250723t162202-A,2025-07-23T16:22:02+00:00,2025-07-24T16:08:29.024000+00:00,2025-07-24T16:04:27.469087+00:00,LC09_L2SP_018032_20250724_20250727_02_T1,../carbonmapper_data_s2_l2a/av320250723t162202-A/s2_20250724T160829Z.tif,../carbonmapper_data_l89_l2sp/av320250723t162202-A/l8_LC09_L2SP_018032_20250724_20250727_02_T1.tif,85587
av320250723t162202-B,2025-07-23T16:22:02+00:00,2025-07-24T16:08:29.024000+00:00,2025-07-24T16:04:27.469087+00:00,LC09_L2SP_018032_20250724_20250727_02_T1,../carbonmapper_data_s2_l2a/av320250723t162202-B/s2_20250724T160829Z.tif,../carbonmapper_data_l89_l2sp/av320250723t162202-B/l8_LC09_L2SP_018032_20250724_20250727_02_T1.tif,85587
av320250723t162202-C,2025-07-23T16:22:02+00:00,2025-07-24T16:08:29.024000+00:00,2025-07-24T16:04:27.469087+00:00,LC09_L2SP_018032_20250724_20250727_02_T1,../carbonmapper_data_s2_l2a/av320250723t162202-C/s2_20250724T160829Z.tif,../carbonmapper_data_l89_l2sp/av320250723t162202-C/l8_LC09_L2SP_018032_20250724_20250727_02_T1.tif,85587
av320250723t164136-A,2025-07-23T16:41:36+00:00,2025-07-24T16:08:29.024000+00:00,2025-07-24T16:04:27.469087+00:00,LC09_L2SP_018032_20250724_20250727_02_T1,../carbonmapper_data_s2_l2a/av320250723t164136-A/s2_20250724T160829Z.tif,../carbonmapper_data_l89_l2sp/av320250723t164136-A/l8_LC09_L2SP_018032_20250724_20250727_02_T1.tif,84413
av320250723t164136-I,2025-07-23T16:41:36+00:00,2025-07-24T16:08:29.024000+00:00,2025-07-24T16:04:27.469087+00:00,LC09_L2SP_018032_20250724_20250727_02_T1,../carbonmapper_data_s2_l2a/av320250723t164136-I/s2_20250724T160829Z.tif,../carbonmapper_data_l89_l2sp/av320250723t164136-I/l8_LC09_L2SP_018032_20250724_20250727_02_T1.tif,84413
av320250723t170211-J,2025-07-23T17:02:11+00:00,2025-07-24T16:08:29.024000+00:00,2025-07-24T16:04:51.351630+00:00,LC09_L2SP_018033_20250724_20250727_02_T1,../carbonmapper_data_s2_l2a/av320250723t170211-J/s2_20250724T160829Z.tif,../carbonmapper_data_l89_l2sp/av320250723t170211-J/l8_LC09_L2SP_018033_20250724_20250727_02_T1.tif,83178
av320250723t170211-J,2025-07-23T17:02:11+00:00,2025-07-24T16:08:29.024000+00:00,2025-07-24T16:04:27.469087+00:00,LC09_L2SP_018032_20250724_20250727_02_T1,../carbonmapper_data_s2_l2a/av320250723t170211-J/s2_20250724T160829Z.tif,../carbonmapper_data_l89_l2sp/av320250723t170211-J/l8_LC09_L2SP_018032_20250724_20250727_02_T1.tif,83178
av320250723t174230-G,2025-07-23T17:42:30+00:00,2025-07-24T16:08:29.024000+00:00,2025-07-24T16:04:51.351630+00:00,LC09_L2SP_018033_20250724_20250727_02_T1,../carbonmapper_data_s2_l2a/av320250723t174230-G/s2_20250724T160829Z.tif,../carbonmapper_data_l89_l2sp/av320250723t174230-G/l8_LC09_L2SP_018033_20250724_20250727_02_T1.tif,80759
av320250723t174230-H,2025-07-23T17:42:30+00:00,2025-07-24T16:08:29.024000+00:00,2025-07-24T16:04:51.351630+00:00,LC09_L2SP_018033_20250724_20250727_02_T1,../carbonmapper_data_s2_l2a/av320250723t174230-H/s2_20250724T160829Z.tif,../carbonmapper_data_l89_l2sp/av320250723t174230-H/l8_LC09_L2SP_018033_20250724_20250727_02_T1.tif,80759
av320250723t174230-I,2025-07-23T17:42:30+00:00,2025-07-24T16:08:29.024000+00:00,2025-07-24T16:04:51.351630+00:00,LC09_L2SP_018033_20250724_20250727_02_T1,../carbonmapper_data_s2_l2a/av320250723t174230-I/s2_20250724T160829Z.tif,../carbonmapper_data_l89_l2sp/av320250723t174230-I/l8_LC09_L2SP_018033_20250724_20250727_02_T1.tif,80759
av320250724t152229-A,2025-07-24T15:22:29+00:00,2025-07-24T16:08:29.024000+00:00,2025-07-24T16:04:51.351630+00:00,LC09_L2SP_018033_20250724_20250727_02_T1,../carbonmapper_data_s2_l2a/av320250724t152229-A/s2_20250724T160829Z.tif,../carbonmapper_data_l89_l2sp/av320250724t152229-A/l8_LC09_L2SP_018033_20250724_20250727_02_T1.tif,2760
av320250724t160634-A,2025-07-24T16:06:34+00:00,2025-07-24T16:08:29.024000+00:00,2025-07-24T16:04:51.351630+00:00,LC09_L2SP_018033_20250724_20250727_02_T1,../carbonmapper_data_s2_l2a/av320250724t160634-A/s2_20250724T160829Z.tif,../carbonmapper_data_l89_l2sp/av320250724t160634-A/l8_LC09_L2SP_018033_20250724_20250727_02_T1.tif,115
av320250724t160634-A,2025-07-24T16:06:34+00:00,2025-07-24T16:08:29.024000+00:00,2025-07-25T15:58:41.686185+00:00,LC08_L2SP_017033_20250725_20250731_02_T1,../carbonmapper_data_s2_l2a/av320250724t160634-A/s2_20250724T160829Z.tif,../carbonmapper_data_l89_l2sp/av320250724t160634-A/l8_LC08_L2SP_017033_20250725_20250731_02_T1.tif,85927
av320250724t160634-C,2025-07-24T16:06:34+00:00,2025-07-24T16:08:29.024000+00:00,2025-07-25T15:58:17.799381+00:00,LC08_L2SP_017032_20250725_20250731_02_T1,../carbonmapper_data_s2_l2a/av320250724t160634-C/s2_20250724T160829Z.tif,../carbonmapper_data_l89_l2sp/av320250724t160634-C/l8_LC08_L2SP_017032_20250725_20250731_02_T1.tif,85903
av320250724t160634-C,2025-07-24T16:06:34+00:00,2025-07-24T16:08:29.024000+00:00,2025-07-24T16:04:27.469087+00:00,LC09_L2SP_018032_20250724_20250727_02_T1,../carbonmapper_data_s2_l2a/av320250724t160634-C/s2_20250724T160829Z.tif,../carbonmapper_data_l89_l2sp/av320250724t160634-C/l8_LC09_L2SP_018032_20250724_20250727_02_T1.tif,126
av320250724t172859-A,2025-07-24T17:28:59+00:00,2025-07-24T16:08:29.024000+00:00,2025-07-25T15:58:17.799381+00:00,LC08_L2SP_017032_20250725_20250731_02_T1,../carbonmapper_data_s2_l2a/av320250724t172859-A/s2_20250724T160829Z.tif,../carbonmapper_data_l89_l2sp/av320250724t172859-A/l8_LC08_L2SP_017032_20250725_20250731_02_T1.tif,80958
av320250724t172859-A,2025-07-24T17:28:59+00:00,2025-07-24T16:08:29.024000+00:00,2025-07-24T16:04:27.469087+00:00,LC09_L2SP_018032_20250724_20250727_02_T1,../carbonmapper_data_s2_l2a/av320250724t172859-A/s2_20250724T160829Z.tif,../carbonmapper_data_l89_l2sp/av320250724t172859-A/l8_LC09_L2SP_018032_20250724_20250727_02_T1.tif,5071
av320250724t172859-D,2025-07-24T17:28:59+00:00,2025-07-24T16:08:29.024000+00:00,2025-07-25T15:58:17.799381+00:00,LC08_L2SP_017032_20250725_20250731_02_T1,../carbonmapper_data_s2_l2a/av320250724t172859-D/s2_20250724T160829Z.tif,../carbonmapper_data_l89_l2sp/av320250724t172859-D/l8_LC08_L2SP_017032_20250725_20250731_02_T1.tif,80958
av320250724t172859-D,2025-07-24T17:28:59+00:00,2025-07-24T16:08:29.024000+00:00,2025-07-24T16:04:27.469087+00:00,LC09_L2SP_018032_20250724_20250727_02_T1,../carbonmapper_data_s2_l2a/av320250724t172859-D/s2_20250724T160829Z.tif,../carbonmapper_data_l89_l2sp/av320250724t172859-D/l8_LC09_L2SP_018032_20250724_20250727_02_T1.tif,5071
av320250724t175125-D,2025-07-24T17:51:25+00:00,2025-07-24T16:08:29.024000+00:00,2025-07-25T15:58:17.799381+00:00,LC08_L2SP_017032_20250725_20250731_02_T1,../carbonmapper_data_s2_l2a/av320250724t175125-D/s2_20250724T160829Z.tif,../carbonmapper_data_l89_l2sp/av320250724t175125-D/l8_LC08_L2SP_017032_20250725_20250731_02_T1.tif,79612
av320250724t175125-D,2025-07-24T17:51:25+00:00,2025-07-24T16:08:29.024000+00:00,2025-07-24T16:04:27.469087+00:00,LC09_L2SP_018032_20250724_20250727_02_T1,../carbonmapper_data_s2_l2a/av320250724t175125-D/s2_20250724T160829Z.tif,../carbonmapper_data_l89_l2sp/av320250724t175125-D/l8_LC09_L2SP_018032_20250724_20250727_02_T1.tif,6417
av320250724t175125-E,2025-07-24T17:51:25+00:00,2025-07-24T16:08:29.024000+00:00,2025-07-25T15:58:17.799381+00:00,LC08_L2SP_017032_20250725_20250731_02_T1,../carbonmapper_data_s2_l2a/av320250724t175125-E/s2_20250724T160829Z.tif,../carbonmapper_data_l89_l2sp/av320250724t175125-E/l8_LC08_L2SP_017032_20250725_20250731_02_T1.tif,79612
av320250724t175125-E,2025-07-24T17:51:25+00:00,2025-07-24T16:08:29.024000+00:00,2025-07-24T16:04:27.469087+00:00,LC09_L2SP_018032_20250724_20250727_02_T1,../carbonmapper_data_s2_l2a/av320250724t175125-E/s2_20250724T160829Z.tif,../carbonmapper_data_l89_l2sp/av320250724t175125-E/l8_LC09_L2SP_018032_20250724_20250727_02_T1.tif,6417
av320250724t181108-B,2025-07-24T18:11:08+00:00,2025-07-24T16:08:29.024000+00:00,2025-07-25T15:58:17.799381+00:00,LC08_L2SP_017032_20250725_20250731_02_T1,../carbonmapper_data_s2_l2a/av320250724t181108-B/s2_20250724T160829Z.tif,../carbonmapper_data_l89_l2sp/av320250724t181108-B/l8_LC08_L2SP_017032_20250725_20250731_02_T1.tif,78429
av320250724t181108-B,2025-07-24T18:11:08+00:00,2025-07-24T16:08:29.024000+00:00,2025-07-24T16:04:27.469087+00:00,LC09_L2SP_018032_20250724_20250727_02_T1,../carbonmapper_data_s2_l2a/av320250724t181108-B/s2_20250724T160829Z.tif,../carbonmapper_data_l89_l2sp/av320250724t181108-B/l8_LC09_L2SP_018032_20250724_20250727_02_T1.tif,7600
av320250724t181108-D,2025-07-24T18:11:08+00:00,2025-07-24T16:08:29.024000+00:00,2025-07-25T15:58:17.799381+00:00,LC08_L2SP_017032_20250725_20250731_02_T1,../carbonmapper_data_s2_l2a/av320250724t181108-D/s2_20250724T160829Z.tif,../carbonmapper_data_l89_l2sp/av320250724t181108-D/l8_LC08_L2SP_017032_20250725_20250731_02_T1.tif,78429
av320250724t181108-D,2025-07-24T18:11:08+00:00,2025-07-24T16:08:29.024000+00:00,2025-07-24T16:04:27.469087+00:00,LC09_L2SP_018032_20250724_20250727_02_T1,../carbonmapper_data_s2_l2a/av320250724t181108-D/s2_20250724T160829Z.tif,../carbonmapper_data_l89_l2sp/av320250724t181108-D/l8_LC09_L2SP_018032_20250724_20250727_02_T1.tif,7600
av320250724t181108-E,2025-07-24T18:11:08+00:00,2025-07-24T16:08:29.024000+00:00,2025-07-25T15:58:17.799381+00:00,LC08_L2SP_017032_20250725_20250731_02_T1,../carbonmapper_data_s2_l2a/av320250724t181108-E/s2_20250724T160829Z.tif,../carbonmapper_data_l89_l2sp/av320250724t181108-E/l8_LC08_L2SP_017032_20250725_20250731_02_T1.tif,78429
av320250724t181108-E,2025-07-24T18:11:08+00:00,2025-07-24T16:08:29.024000+00:00,2025-07-24T16:04:27.469087+00:00,LC09_L2SP_018032_20250724_20250727_02_T1,../carbonmapper_data_s2_l2a/av320250724t181108-E/s2_20250724T160829Z.tif,../carbonmapper_data_l89_l2sp/av320250724t181108-E/l8_LC09_L2SP_018032_20250724_20250727_02_T1.tif,7600
av320250724t183341-A,2025-07-24T18:33:41+00:00,2025-07-24T16:08:29.024000+00:00,2025-07-25T15:58:17.799381+00:00,LC08_L2SP_017032_20250725_20250731_02_T1,../carbonmapper_data_s2_l2a/av320250724t183341-A/s2_20250724T160829Z.tif,../carbonmapper_data_l89_l2sp/av320250724t183341-A/l8_LC08_L2SP_017032_20250725_20250731_02_T1.tif,77076
av320250724t183341-A,2025-07-24T18:33:41+00:00,2025-07-24T16:08:29.024000+00:00,2025-07-24T16:04:27.469087+00:00,LC09_L2SP_018032_20250724_20250727_02_T1,../carbonmapper_data_s2_l2a/av320250724t183341-A/s2_20250724T160829Z.tif,../carbonmapper_data_l89_l2sp/av320250724t183341-A/l8_LC09_L2SP_018032_20250724_20250727_02_T1.tif,8953
av320250724t183341-C,2025-07-24T18:33:41+00:00,2025-07-24T16:08:29.024000+00:00,2025-07-25T15:58:17.799381+00:00,LC08_L2SP_017032_20250725_20250731_02_T1,../carbonmapper_data_s2_l2a/av320250724t183341-C/s2_20250724T160829Z.tif,../carbonmapper_data_l89_l2sp/av320250724t183341-C/l8_LC08_L2SP_017032_20250725_20250731_02_T1.tif,77076
av320250724t183341-C,2025-07-24T18:33:41+00:00,2025-07-24T16:08:29.024000+00:00,2025-07-24T16:04:27.469087+00:00,LC09_L2SP_018032_20250724_20250727_02_T1,../carbonmapper_data_s2_l2a/av320250724t183341-C/s2_20250724T160829Z.tif,../carbonmapper_data_l89_l2sp/av320250724t183341-C/l8_LC09_L2SP_018032_20250724_20250727_02_T1.tif,8953
av320250724t183341-D,2025-07-24T18:33:41+00:00,2025-07-24T16:08:29.024000+00:00,2025-07-25T15:58:17.799381+00:00,LC08_L2SP_017032_20250725_20250731_02_T1,../carbonmapper_data_s2_l2a/av320250724t183341-D/s2_20250724T160829Z.tif,../carbonmapper_data_l89_l2sp/av320250724t183341-D/l8_LC08_L2SP_017032_20250725_20250731_02_T1.tif,77076
av320250724t183341-D,2025-07-24T18:33:41+00:00,2025-07-24T16:08:29.024000+00:00,2025-07-24T16:04:27.469087+00:00,LC09_L2SP_018032_20250724_20250727_02_T1,../carbonmapper_data_s2_l2a/av320250724t183341-D/s2_20250724T160829Z.tif,../carbonmapper_data_l89_l2sp/av320250724t183341-D/l8_LC09_L2SP_018032_20250724_20250727_02_T1.tif,8953
av320250724t183341-E,2025-07-24T18:33:41+00:00,2025-07-24T16:08:29.024000+00:00,2025-07-25T15:58:17.799381+00:00,LC08_L2SP_017032_20250725_20250731_02_T1,../carbonmapper_data_s2_l2a/av320250724t183341-E/s2_20250724T160829Z.tif,../carbonmapper_data_l89_l2sp/av320250724t183341-E/l8_LC08_L2SP_017032_20250725_20250731_02_T1.tif,77076
av320250724t183341-E,2025-07-24T18:33:41+00:00,2025-07-24T16:08:29.024000+00:00,2025-07-24T16:04:27.469087+00:00,LC09_L2SP_018032_20250724_20250727_02_T1,../carbonmapper_data_s2_l2a/av320250724t183341-E/s2_20250724T160829Z.tif,../carbonmapper_data_l89_l2sp/av320250724t183341-E/l8_LC09_L2SP_018032_20250724_20250727_02_T1.tif,8953
av320250724t183341-F,2025-07-24T18:33:41+00:00,2025-07-24T16:08:29.024000+00:00,2025-07-25T15:58:17.799381+00:00,LC08_L2SP_017032_20250725_20250731_02_T1,../carbonmapper_data_s2_l2a/av320250724t183341-F/s2_20250724T160829Z.tif,../carbonmapper_data_l89_l2sp/av320250724t183341-F/l8_LC08_L2SP_017032_20250725_20250731_02_T1.tif,77076
av320250724t183341-F,2025-07-24T18:33:41+00:00,2025-07-24T16:08:29.024000+00:00,2025-07-24T16:04:27.469087+00:00,LC09_L2SP_018032_20250724_20250727_02_T1,../carbonmapper_data_s2_l2a/av320250724t183341-F/s2_20250724T160829Z.tif,../carbonmapper_data_l89_l2sp/av320250724t183341-F/l8_LC09_L2SP_018032_20250724_20250727_02_T1.tif,8953
av320250724t185337-D,2025-07-24T18:53:37+00:00,2025-07-24T16:08:29.024000+00:00,2025-07-25T15:58:17.799381+00:00,LC08_L2SP_017032_20250725_20250731_02_T1,../carbonmapper_data_s2_l2a/av320250724t185337-D/s2_20250724T160829Z.tif,../carbonmapper_data_l89_l2sp/av320250724t185337-D/l8_LC08_L2SP_017032_20250725_20250731_02_T1.tif,75880
av320250724t185337-D,2025-07-24T18:53:37+00:00,2025-07-24T16:08:29.024000+00:00,2025-07-24T16:04:27.469087+00:00,LC09_L2SP_018032_20250724_20250727_02_T1,../carbonmapper_data_s2_l2a/av320250724t185337-D/s2_20250724T160829Z.tif,../carbonmapper_data_l89_l2sp/av320250724t185337-D/l8_LC09_L2SP_018032_20250724_20250727_02_T1.tif,10149
av320250724t185337-E,2025-07-24T18:53:37+00:00,2025-07-24T16:08:29.024000+00:00,2025-07-25T15:58:17.799381+00:00,LC08_L2SP_017032_20250725_20250731_02_T1,../carbonmapper_data_s2_l2a/av320250724t185337-E/s2_20250724T160829Z.tif,../carbonmapper_data_l89_l2sp/av320250724t185337-E/l8_LC08_L2SP_017032_20250725_20250731_02_T1.tif,75880
av320250724t185337-E,2025-07-24T18:53:37+00:00,2025-07-24T16:08:29.024000+00:00,2025-07-24T16:04:27.469087+00:00,LC09_L2SP_018032_20250724_20250727_02_T1,../carbonmapper_data_s2_l2a/av320250724t185337-E/s2_20250724T160829Z.tif,../carbonmapper_data_l89_l2sp/av320250724t185337-E/l8_LC09_L2SP_018032_20250724_20250727_02_T1.tif,10149
av320250724t185337-G,2025-07-24T18:53:37+00:00,2025-07-24T16:08:29.024000+00:00,2025-07-25T15:58:17.799381+00:00,LC08_L2SP_017032_20250725_20250731_02_T1,../carbonmapper_data_s2_l2a/av320250724t185337-G/s2_20250724T160829Z.tif,../carbonmapper_data_l89_l2sp/av320250724t185337-G/l8_LC08_L2SP_017032_20250725_20250731_02_T1.tif,75880
av320250724t185337-G,2025-07-24T18:53:37+00:00,2025-07-24T16:08:29.024000+00:00,2025-07-24T16:04:27.469087+00:00,LC09_L2SP_018032_20250724_20250727_02_T1,../carbonmapper_data_s2_l2a/av320250724t185337-G/s2_20250724T160829Z.tif,../carbonmapper_data_l89_l2sp/av320250724t185337-G/l8_LC09_L2SP_018032_20250724_20250727_02_T1.tif,10149
av320250803t151829-L,2025-08-03T15:18:29+00:00,2025-08-03T16:08:29.024000+00:00,2025-08-02T15:58:43.379518+00:00,LC09_L2SP_017033_20250802_20250803_02_T1,../carbonmapper_data_s2_l2a/av320250803t151829-L/s2_20250803T160829Z.tif,../carbonmapper_data_l89_l2sp/av320250803t151829-L/l8_LC09_L2SP_017033_20250802_20250803_02_T1.tif,83985
av320250803t151829-M,2025-08-03T15:18:29+00:00,2025-08-03T16:08:29.024000+00:00,2025-08-02T15:58:43.379518+00:00,LC09_L2SP_017033_20250802_20250803_02_T1,../carbonmapper_data_s2_l2a/av320250803t151829-M/s2_20250803T160829Z.tif,../carbonmapper_data_l89_l2sp/av320250803t151829-M/l8_LC09_L2SP_017033_20250802_20250803_02_T1.tif,83985
av320250803t151829-N,2025-08-03T15:18:29+00:00,2025-08-03T16:08:29.024000+00:00,2025-08-02T15:58:43.379518+00:00,LC09_L2SP_017033_20250802_20250803_02_T1,../carbonmapper_data_s2_l2a/av320250803t151829-N/s2_20250803T160829Z.tif,../carbonmapper_data_l89_l2sp/av320250803t151829-N/l8_LC09_L2SP_017033_20250802_20250803_02_T1.tif,83985
av320250803t154118-C,2025-08-03T15:41:18+00:00,2025-08-03T16:08:29.024000+00:00,2025-08-02T15:58:43.379518+00:00,LC09_L2SP_017033_20250802_20250803_02_T1,../carbonmapper_data_s2_l2a/av320250803t154118-C/s2_20250803T160829Z.tif,../carbonmapper_data_l89_l2sp/av320250803t154118-C/l8_LC09_L2SP_017033_20250802_20250803_02_T1.tif,85354
av320250803t154118-E,2025-08-03T15:41:18+00:00,2025-08-03T16:08:29.024000+00:00,2025-08-02T15:58:43.379518+00:00,LC09_L2SP_017033_20250802_20250803_02_T1,../carbonmapper_data_s2_l2a/av320250803t154118-E/s2_20250803T160829Z.tif,../carbonmapper_data_l89_l2sp/av320250803t154118-E/l8_LC09_L2SP_017033_20250802_20250803_02_T1.tif,85354
av320250803t154118-F,2025-08-03T15:41:18+00:00,2025-08-03T16:08:29.024000+00:00,2025-08-02T15:58:43.379518+00:00,LC09_L2SP_017033_20250802_20250803_02_T1,../carbonmapper_data_s2_l2a/av320250803t154118-F/s2_20250803T160829Z.tif,../carbonmapper_data_l89_l2sp/av320250803t154118-F/l8_LC09_L2SP_017033_20250802_20250803_02_T1.tif,85354
av320250803t154118-G,2025-08-03T15:41:18+00:00,2025-08-03T16:08:29.024000+00:00,2025-08-02T15:58:43.379518+00:00,LC09_L2SP_017033_20250802_20250803_02_T1,../carbonmapper_data_s2_l2a/av320250803t154118-G/s2_20250803T160829Z.tif,../carbonmapper_data_l89_l2sp/av320250803t154118-G/l8_LC09_L2SP_017033_20250802_20250803_02_T1.tif,85354
av320250803t154118-G,2025-08-03T15:41:18+00:00,2025-08-03T16:08:29.024000+00:00,2025-08-02T15:58:19.484267+00:00,LC09_L2SP_017032_20250802_20250803_02_T1,../carbonmapper_data_s2_l2a/av320250803t154118-G/s2_20250803T160829Z.tif,../carbonmapper_data_l89_l2sp/av320250803t154118-G/l8_LC09_L2SP_017032_20250802_20250803_02_T1.tif,85378
av320250803t154118-J,2025-08-03T15:41:18+00:00,2025-08-03T16:08:29.024000+00:00,2025-08-02T15:58:43.379518+00:00,LC09_L2SP_017033_20250802_20250803_02_T1,../carbonmapper_data_s2_l2a/av320250803t154118-J/s2_20250803T160829Z.tif,../carbonmapper_data_l89_l2sp/av320250803t154118-J/l8_LC09_L2SP_017033_20250802_20250803_02_T1.tif,85354
av320250803t154118-J,2025-08-03T15:41:18+00:00,2025-08-03T16:08:29.024000+00:00,2025-08-02T15:58:19.484267+00:00,LC09_L2SP_017032_20250802_20250803_02_T1,../carbonmapper_data_s2_l2a/av320250803t154118-J/s2_20250803T160829Z.tif,../carbonmapper_data_l89_l2sp/av320250803t154118-J/l8_LC09_L2SP_017032_20250802_20250803_02_T1.tif,85378
av320250803t154118-K,2025-08-03T15:41:18+00:00,2025-08-03T16:08:29.024000+00:00,2025-08-02T15:58:43.379518+00:00,LC09_L2SP_017033_20250802_20250803_02_T1,../carbonmapper_data_s2_l2a/av320250803t154118-K/s2_20250803T160829Z.tif,../carbonmapper_data_l89_l2sp/av320250803t154118-K/l8_LC09_L2SP_017033_20250802_20250803_02_T1.tif,85354
av320250803t154118-K,2025-08-03T15:41:18+00:00,2025-08-03T16:08:29.024000+00:00,2025-08-02T15:58:19.484267+00:00,LC09_L2SP_017032_20250802_20250803_02_T1,../carbonmapper_data_s2_l2a/av320250803t154118-K/s2_20250803T160829Z.tif,../carbonmapper_data_l89_l2sp/av320250803t154118-K/l8_LC09_L2SP_017032_20250802_20250803_02_T1.tif,85378
av320250803t154118-L,2025-08-03T15:41:18+00:00,2025-08-03T16:08:29.024000+00:00,2025-08-02T15:58:43.379518+00:00,LC09_L2SP_017033_20250802_20250803_02_T1,../carbonmapper_data_s2_l2a/av320250803t154118-L/s2_20250803T160829Z.tif,../carbonmapper_data_l89_l2sp/av320250803t154118-L/l8_LC09_L2SP_017033_20250802_20250803_02_T1.tif,85354
av320250803t154118-L,2025-08-03T15:41:18+00:00,2025-08-03T16:08:29.024000+00:00,2025-08-02T15:58:19.484267+00:00,LC09_L2SP_017032_20250802_20250803_02_T1,../carbonmapper_data_s2_l2a/av320250803t154118-L/s2_20250803T160829Z.tif,../carbonmapper_data_l89_l2sp/av320250803t154118-L/l8_LC09_L2SP_017032_20250802_20250803_02_T1.tif,85378
av320250803t154118-M,2025-08-03T15:41:18+00:00,2025-08-03T16:08:29.024000+00:00,2025-08-02T15:58:43.379518+00:00,LC09_L2SP_017033_20250802_20250803_02_T1,../carbonmapper_data_s2_l2a/av320250803t154118-M/s2_20250803T160829Z.tif,../carbonmapper_data_l89_l2sp/av320250803t154118-M/l8_LC09_L2SP_017033_20250802_20250803_02_T1.tif,85354
av320250803t154118-M,2025-08-03T15:41:18+00:00,2025-08-03T16:08:29.024000+00:00,2025-08-02T15:58:19.484267+00:00,LC09_L2SP_017032_20250802_20250803_02_T1,../carbonmapper_data_s2_l2a/av320250803t154118-M/s2_20250803T160829Z.tif,../carbonmapper_data_l89_l2sp/av320250803t154118-M/l8_LC09_L2SP_017032_20250802_20250803_02_T1.tif,85378
av320250803t154118-N,2025-08-03T15:41:18+00:00,2025-08-03T16:08:29.024000+00:00,2025-08-02T15:58:43.379518+00:00,LC09_L2SP_017033_20250802_20250803_02_T1,../carbonmapper_data_s2_l2a/av320250803t154118-N/s2_20250803T160829Z.tif,../carbonmapper_data_l89_l2sp/av320250803t154118-N/l8_LC09_L2SP_017033_20250802_20250803_02_T1.tif,85354
av320250803t154118-N,2025-08-03T15:41:18+00:00,2025-08-03T16:08:29.024000+00:00,2025-08-02T15:58:19.484267+00:00,LC09_L2SP_017032_20250802_20250803_02_T1,../carbonmapper_data_s2_l2a/av320250803t154118-N/s2_20250803T160829Z.tif,../carbonmapper_data_l89_l2sp/av320250803t154118-N/l8_LC09_L2SP_017032_20250802_20250803_02_T1.tif,85378
av320250803t154118-O,2025-08-03T15:41:18+00:00,2025-08-03T16:08:29.024000+00:00,2025-08-02T15:58:43.379518+00:00,LC09_L2SP_017033_20250802_20250803_02_T1,../carbonmapper_data_s2_l2a/av320250803t154118-O/s2_20250803T160829Z.tif,../carbonmapper_data_l89_l2sp/av320250803t154118-O/l8_LC09_L2SP_017033_20250802_20250803_02_T1.tif,85354
av320250803t154118-O,2025-08-03T15:41:18+00:00,2025-08-03T16:08:29.024000+00:00,2025-08-02T15:58:19.484267+00:00,LC09_L2SP_017032_20250802_20250803_02_T1,../carbonmapper_data_s2_l2a/av320250803t154118-O/s2_20250803T160829Z.tif,../carbonmapper_data_l89_l2sp/av320250803t154118-O/l8_LC09_L2SP_017032_20250802_20250803_02_T1.tif,85378
av320250803t154118-Q,2025-08-03T15:41:18+00:00,2025-08-03T16:08:29.024000+00:00,2025-08-02T15:58:19.484267+00:00,LC09_L2SP_017032_20250802_20250803_02_T1,../carbonmapper_data_s2_l2a/av320250803t154118-Q/s2_20250803T160829Z.tif,../carbonmapper_data_l89_l2sp/av320250803t154118-Q/l8_LC09_L2SP_017032_20250802_20250803_02_T1.tif,85378
av320250917t184127-A,2025-09-17T18:41:27+00:00,2025-09-17T18:39:19.024000+00:00,2025-09-17T18:40:06.073990+00:00,LC08_L2SP_043034_20250917_20250929_02_T1,../carbonmapper_data_s2_l2a/av320250917t184127-A/s2_20250917T183919Z.tif,../carbonmapper_data_l89_l2sp/av320250917t184127-A/l8_LC08_L2SP_043034_20250917_20250929_02_T1.tif,127
emi20220815t105833p07011-D,2022-08-15T10:58:33+00:00,2022-08-15T07:16:31.024000+00:00,2022-08-16T07:07:06.871668+00:00,LC09_L2SP_164032_20220816_20230402_02_T1,../carbonmapper_data_s2_l2a/emi20220815t105833p07011-D/s2_20220815T071631Z.tif,../carbonmapper_data_l89_l2sp/emi20220815t105833p07011-D/l8_LC09_L2SP_164032_20220816_20230402_02_T1.tif,72513
emi20220815t105833p07011-D,2022-08-15T10:58:33+00:00,2022-08-15T07:16:31.024000+00:00,2022-08-16T07:07:30.754210+00:00,LC09_L2SP_164033_20220816_20230402_02_T1,../carbonmapper_data_s2_l2a/emi20220815t105833p07011-D/s2_20220815T071631Z.tif,../carbonmapper_data_l89_l2sp/emi20220815t105833p07011-D/l8_LC09_L2SP_164033_20220816_20230402_02_T1.tif,72537
emi20220815t105833p07011-E,2022-08-15T10:58:33+00:00,2022-08-15T07:16:31.024000+00:00,2022-08-16T07:07:06.871668+00:00,LC09_L2SP_164032_20220816_20230402_02_T1,../carbonmapper_data_s2_l2a/emi20220815t105833p07011-E/s2_20220815T071631Z.tif,../carbonmapper_data_l89_l2sp/emi20220815t105833p07011-E/l8_LC09_L2SP_164032_20220816_20230402_02_T1.tif,72513
emi20220815t105833p07011-E,2022-08-15T10:58:33+00:00,2022-08-15T07:16:31.024000+00:00,2022-08-16T07:07:30.754210+00:00,LC09_L2SP_164033_20220816_20230402_02_T1,../carbonmapper_data_s2_l2a/emi20220815t105833p07011-E/s2_20220815T071631Z.tif,../carbonmapper_data_l89_l2sp/emi20220815t105833p07011-E/l8_LC09_L2SP_164033_20220816_20230402_02_T1.tif,72537
emi20220815t105833p07011-G,2022-08-15T10:58:33+00:00,2022-08-15T07:16:31.024000+00:00,2022-08-16T07:07:06.871668+00:00,LC09_L2SP_164032_20220816_20230402_02_T1,../carbonmapper_data_s2_l2a/emi20220815t105833p07011-G/s2_20220815T071631Z.tif,../carbonmapper_data_l89_l2sp/emi20220815t105833p07011-G/l8_LC09_L2SP_164032_20220816_20230402_02_T1.tif,72513
emi20220815t105833p07011-G,2022-08-15T10:58:33+00:00,2022-08-15T07:16:31.024000+00:00,2022-08-16T07:07:30.754210+00:00,LC09_L2SP_164033_20220816_20230402_02_T1,../carbonmapper_data_s2_l2a/emi20220815t105833p07011-G/s2_20220815T071631Z.tif,../carbonmapper_data_l89_l2sp/emi20220815t105833p07011-G/l8_LC09_L2SP_164033_20220816_20230402_02_T1.tif,72537
emi20220815t105833p07011-L,2022-08-15T10:58:33+00:00,2022-08-15T07:16:31.024000+00:00,2022-08-16T07:07:06.871668+00:00,LC09_L2SP_164032_20220816_20230402_02_T1,../carbonmapper_data_s2_l2a/emi20220815t105833p07011-L/s2_20220815T071631Z.tif,../carbonmapper_data_l89_l2sp/emi20220815t105833p07011-L/l8_LC09_L2SP_164032_20220816_20230402_02_T1.tif,72513
emi20220815t105833p07011-L,2022-08-15T10:58:33+00:00,2022-08-15T07:16:31.024000+00:00,2022-08-16T07:07:30.754210+00:00,LC09_L2SP_164033_20220816_20230402_02_T1,../carbonmapper_data_s2_l2a/emi20220815t105833p07011-L/s2_20220815T071631Z.tif,../carbonmapper_data_l89_l2sp/emi20220815t105833p07011-L/l8_LC09_L2SP_164033_20220816_20230402_02_T1.tif,72537
emi20220815t105833p07011-M,2022-08-15T10:58:33+00:00,2022-08-15T07:16:31.024000+00:00,2022-08-16T07:07:06.871668+00:00,LC09_L2SP_164032_20220816_20230402_02_T1,../carbonmapper_data_s2_l2a/emi20220815t105833p07011-M/s2_20220815T071631Z.tif,../carbonmapper_data_l89_l2sp/emi20220815t105833p07011-M/l8_LC09_L2SP_164032_20220816_20230402_02_T1.tif,72513
emi20220815t105833p07011-M,2022-08-15T10:58:33+00:00,2022-08-15T07:16:31.024000+00:00,2022-08-16T07:07:30.754210+00:00,LC09_L2SP_164033_20220816_20230402_02_T1,../carbonmapper_data_s2_l2a/emi20220815t105833p07011-M/s2_20220815T071631Z.tif,../carbonmapper_data_l89_l2sp/emi20220815t105833p07011-M/l8_LC09_L2SP_164033_20220816_20230402_02_T1.tif,72537
emi20220815t105833p07011-N,2022-08-15T10:58:33+00:00,2022-08-15T07:16:31.024000+00:00,2022-08-16T07:07:06.871668+00:00,LC09_L2SP_164032_20220816_20230402_02_T1,../carbonmapper_data_s2_l2a/emi20220815t105833p07011-N/s2_20220815T071631Z.tif,../carbonmapper_data_l89_l2sp/emi20220815t105833p07011-N/l8_LC09_L2SP_164032_20220816_20230402_02_T1.tif,72513
emi20220815t105833p07011-N,2022-08-15T10:58:33+00:00,2022-08-15T07:16:31.024000+00:00,2022-08-16T07:07:30.754210+00:00,LC09_L2SP_164033_20220816_20230402_02_T1,../carbonmapper_data_s2_l2a/emi20220815t105833p07011-N/s2_20220815T071631Z.tif,../carbonmapper_data_l89_l2sp/emi20220815t105833p07011-N/l8_LC09_L2SP_164033_20220816_20230402_02_T1.tif,72537
emi20220815t105833p07011-R,2022-08-15T10:58:33+00:00,2022-08-15T07:16:31.024000+00:00,2022-08-16T07:07:06.871668+00:00,LC09_L2SP_164032_20220816_20230402_02_T1,../carbonmapper_data_s2_l2a/emi20220815t105833p07011-R/s2_20220815T071631Z.tif,../carbonmapper_data_l89_l2sp/emi20220815t105833p07011-R/l8_LC09_L2SP_164032_20220816_20230402_02_T1.tif,72513
emi20220815t105833p07011-R,2022-08-15T10:58:33+00:00,2022-08-15T07:16:31.024000+00:00,2022-08-16T07:07:30.754210+00:00,LC09_L2SP_164033_20220816_20230402_02_T1,../carbonmapper_data_s2_l2a/emi20220815t105833p07011-R/s2_20220815T071631Z.tif,../carbonmapper_data_l89_l2sp/emi20220815t105833p07011-R/l8_LC09_L2SP_164033_20220816_20230402_02_T1.tif,72537
emi20220901t034318p03002-E,2022-09-01T03:43:18+00:00,2022-09-01T06:16:29.024000+00:00,2022-09-01T06:18:23.685809+00:00,LC08_L2SP_156033_20220901_20220910_02_T1,../carbonmapper_data_s2_l2a/emi20220901t034318p03002-E/s2_20220901T061629Z.tif,../carbonmapper_data_l89_l2sp/emi20220901t034318p03002-E/l8_LC08_L2SP_156033_20220901_20220910_02_T1.tif,9305
emi20220901t034318p03002-H,2022-09-01T03:43:18+00:00,2022-09-01T06:16:29.024000+00:00,2022-09-01T06:18:23.685809+00:00,LC08_L2SP_156033_20220901_20220910_02_T1,../carbonmapper_data_s2_l2a/emi20220901t034318p03002-H/s2_20220901T061629Z.tif,../carbonmapper_data_l89_l2sp/emi20220901t034318p03002-H/l8_LC08_L2SP_156033_20220901_20220910_02_T1.tif,9305
emi20220901t034318p03002-I,2022-09-01T03:43:18+00:00,2022-09-01T06:16:29.024000+00:00,2022-09-01T06:18:23.685809+00:00,LC08_L2SP_156033_20220901_20220910_02_T1,../carbonmapper_data_s2_l2a/emi20220901t034318p03002-I/s2_20220901T061629Z.tif,../carbonmapper_data_l89_l2sp/emi20220901t034318p03002-I/l8_LC08_L2SP_156033_20220901_20220910_02_T1.tif,9305
emi20220901t034318p03002-J,2022-09-01T03:43:18+00:00,2022-09-01T06:16:29.024000+00:00,2022-09-01T06:18:23.685809+00:00,LC08_L2SP_156033_20220901_20220910_02_T1,../carbonmapper_data_s2_l2a/emi20220901t034318p03002-J/s2_20220901T061629Z.tif,../carbonmapper_data_l89_l2sp/emi20220901t034318p03002-J/l8_LC08_L2SP_156033_20220901_20220910_02_T1.tif,9305
emi20220901t034318p03002-K,2022-09-01T03:43:18+00:00,2022-09-01T06:16:29.024000+00:00,2022-09-01T06:18:23.685809+00:00,LC08_L2SP_156033_20220901_20220910_02_T1,../carbonmapper_data_s2_l2a/emi20220901t034318p03002-K/s2_20220901T061629Z.tif,../carbonmapper_data_l89_l2sp/emi20220901t034318p03002-K/l8_LC08_L2SP_156033_20220901_20220910_02_T1.tif,9305
emi20220901t034318p03002-M,2022-09-01T03:43:18+00:00,2022-09-01T06:16:29.024000+00:00,2022-09-01T06:18:23.685809+00:00,LC08_L2SP_156033_20220901_20220910_02_T1,../carbonmapper_data_s2_l2a/emi20220901t034318p03002-M/s2_20220901T061629Z.tif,../carbonmapper_data_l89_l2sp/emi20220901t034318p03002-M/l8_LC08_L2SP_156033_20220901_20220910_02_T1.tif,9305
emi20230202t071646p05059-B,2023-02-02T07:16:46+00:00,2023-02-02T05:10:31.024000+00:00,2023-02-03T05:08:46.748463+00:00,LC09_L2SP_145029_20230203_20230311_02_T1,../carbonmapper_data_s2_l2a/emi20230202t071646p05059-B/s2_20230202T051031Z.tif,../carbonmapper_data_l89_l2sp/emi20230202t071646p05059-B/l8_LC09_L2SP_145029_20230203_20230311_02_T1.tif,78720
emi20230205t171244p12006-B,2023-02-05T17:12:44+00:00,2023-02-04T17:35:21.024000+00:00,2023-02-04T17:27:49.567392+00:00,LC09_L2SP_031038_20230204_20230311_02_T1,../carbonmapper_data_s2_l2a/emi20230205t171244p12006-B/s2_20230204T173521Z.tif,../carbonmapper_data_l89_l2sp/emi20230205t171244p12006-B/l8_LC09_L2SP_031038_20230204_20230311_02_T1.tif,85494
emi20230205t171244p12006-G,2023-02-05T17:12:44+00:00,2023-02-04T17:35:21.024000+00:00,2023-02-04T17:27:49.567392+00:00,LC09_L2SP_031038_20230204_20230311_02_T1,../carbonmapper_data_s2_l2a/emi20230205t171244p12006-G/s2_20230204T173521Z.tif,../carbonmapper_data_l89_l2sp/emi20230205t171244p12006-G/l8_LC09_L2SP_031038_20230204_20230311_02_T1.tif,85494
emi20230205t171255p12007-E,2023-02-05T17:12:55+00:00,2023-02-04T17:35:21.024000+00:00,2023-02-04T17:27:49.567392+00:00,LC09_L2SP_031038_20230204_20230311_02_T1,../carbonmapper_data_s2_l2a/emi20230205t171255p12007-E/s2_20230204T173521Z.tif,../carbonmapper_data_l89_l2sp/emi20230205t171255p12007-E/l8_LC09_L2SP_031038_20230204_20230311_02_T1.tif,85505
emi20230205t171255p12007-E,2023-02-05T17:12:55+00:00,2023-02-04T17:35:21.024000+00:00,2023-02-04T17:27:25.676378+00:00,LC09_L2SP_031037_20230204_20230311_02_T1,../carbonmapper_data_s2_l2a/emi20230205t171255p12007-E/s2_20230204T173521Z.tif,../carbonmapper_data_l89_l2sp/emi20230205t171255p12007-E/l8_LC09_L2SP_031037_20230204_20230311_02_T1.tif,85529
emi20230205t171255p12007-G,2023-02-05T17:12:55+00:00,2023-02-04T17:35:21.024000+00:00,2023-02-04T17:27:49.567392+00:00,LC09_L2SP_031038_20230204_20230311_02_T1,../carbonmapper_data_s2_l2a/emi20230205t171255p12007-G/s2_20230204T173521Z.tif,../carbonmapper_data_l89_l2sp/emi20230205t171255p12007-G/l8_LC09_L2SP_031038_20230204_20230311_02_T1.tif,85505
emi20230205t171255p12007-G,2023-02-05T17:12:55+00:00,2023-02-04T17:35:21.024000+00:00,2023-02-04T17:27:25.676378+00:00,LC09_L2SP_031037_20230204_20230311_02_T1,../carbonmapper_data_s2_l2a/emi20230205t171255p12007-G/s2_20230204T173521Z.tif,../carbonmapper_data_l89_l2sp/emi20230205t171255p12007-G/l8_LC09_L2SP_031037_20230204_20230311_02_T1.tif,85529
emi20230205t171255p12007-H,2023-02-05T17:12:55+00:00,2023-02-04T17:35:21.024000+00:00,2023-02-04T17:27:49.567392+00:00,LC09_L2SP_031038_20230204_20230311_02_T1,../carbonmapper_data_s2_l2a/emi20230205t171255p12007-H/s2_20230204T173521Z.tif,../carbonmapper_data_l89_l2sp/emi20230205t171255p12007-H/l8_LC09_L2SP_031038_20230204_20230311_02_T1.tif,85505
emi20230205t171255p12007-I,2023-02-05T17:12:55+00:00,2023-02-04T17:35:21.024000+00:00,2023-02-04T17:27:49.567392+00:00,LC09_L2SP_031038_20230204_20230311_02_T1,../carbonmapper_data_s2_l2a/emi20230205t171255p12007-I/s2_20230204T173521Z.tif,../carbonmapper_data_l89_l2sp/emi20230205t171255p12007-I/l8_LC09_L2SP_031038_20230204_20230311_02_T1.tif,85505
emi20230205t171255p12007-L,2023-02-05T17:12:55+00:00,2023-02-04T17:35:21.024000+00:00,2023-02-04T17:27:49.567392+00:00,LC09_L2SP_031038_20230204_20230311_02_T1,../carbonmapper_data_s2_l2a/emi20230205t171255p12007-L/s2_20230204T173521Z.tif,../carbonmapper_data_l89_l2sp/emi20230205t171255p12007-L/l8_LC09_L2SP_031038_20230204_20230311_02_T1.tif,85505
emi20230205t171255p12007-M,2023-02-05T17:12:55+00:00,2023-02-04T17:35:21.024000+00:00,2023-02-04T17:27:49.567392+00:00,LC09_L2SP_031038_20230204_20230311_02_T1,../carbonmapper_data_s2_l2a/emi20230205t171255p12007-M/s2_20230204T173521Z.tif,../carbonmapper_data_l89_l2sp/emi20230205t171255p12007-M/l8_LC09_L2SP_031038_20230204_20230311_02_T1.tif,85505
emi20230205t171255p12007-N,2023-02-05T17:12:55+00:00,2023-02-04T17:35:21.024000+00:00,2023-02-04T17:27:49.567392+00:00,LC09_L2SP_031038_20230204_20230311_02_T1,../carbonmapper_data_s2_l2a/emi20230205t171255p12007-N/s2_20230204T173521Z.tif,../carbonmapper_data_l89_l2sp/emi20230205t171255p12007-N/l8_LC09_L2SP_031038_20230204_20230311_02_T1.tif,85505
emi20230327t120957p08046-A,2023-03-27T12:09:57+00:00,2023-03-28T08:06:01.024000+00:00,2023-03-28T07:57:45.791749+00:00,LC08_L2SP_172036_20230328_20230405_02_T1,../carbonmapper_data_s2_l2a/emi20230327t120957p08046-A/s2_20230328T080601Z.tif,../carbonmapper_data_l89_l2sp/emi20230327t120957p08046-A/l8_LC08_L2SP_172036_20230328_20230405_02_T1.tif,71764
emi20230327t120957p08046-A,2023-03-27T12:09:57+00:00,2023-03-28T08:06:01.024000+00:00,2023-03-27T08:04:07.765332+00:00,LC09_L2SP_173036_20230327_20230329_02_T1,../carbonmapper_data_s2_l2a/emi20230327t120957p08046-A/s2_20230328T080601Z.tif,../carbonmapper_data_l89_l2sp/emi20230327t120957p08046-A/l8_LC09_L2SP_173036_20230327_20230329_02_T1.tif,71764
emi20230418t060625p04019-B,2023-04-18T06:06:25+00:00,2023-04-18T03:25:19.024000+00:00,2023-04-19T03:12:42.679433+00:00,LC09_L2SP_126034_20230419_20230421_02_T1,../carbonmapper_data_s2_l2a/emi20230418t060625p04019-B/s2_20230418T032519Z.tif,../carbonmapper_data_l89_l2sp/emi20230418t060625p04019-B/l8_LC09_L2SP_126034_20230419_20230421_02_T1.tif,75977
emi20230418t060625p04019-C,2023-04-18T06:06:25+00:00,2023-04-18T03:25:19.024000+00:00,2023-04-19T03:12:42.679433+00:00,LC09_L2SP_126034_20230419_20230421_02_T1,../carbonmapper_data_s2_l2a/emi20230418t060625p04019-C/s2_20230418T032519Z.tif,../carbonmapper_data_l89_l2sp/emi20230418t060625p04019-C/l8_LC09_L2SP_126034_20230419_20230421_02_T1.tif,75977
emi20230418t060625p04019-D,2023-04-18T06:06:25+00:00,2023-04-18T03:25:19.024000+00:00,2023-04-19T03:12:42.679433+00:00,LC09_L2SP_126034_20230419_20230421_02_T1,../carbonmapper_data_s2_l2a/emi20230418t060625p04019-D/s2_20230418T032519Z.tif,../carbonmapper_data_l89_l2sp/emi20230418t060625p04019-D/l8_LC09_L2SP_126034_20230419_20230421_02_T1.tif,75977
emi20230418t060625p04019-E,2023-04-18T06:06:25+00:00,2023-04-18T03:25:19.024000+00:00,2023-04-19T03:12:42.679433+00:00,LC09_L2SP_126034_20230419_20230421_02_T1,../carbonmapper_data_s2_l2a/emi20230418t060625p04019-E/s2_20230418T032519Z.tif,../carbonmapper_data_l89_l2sp/emi20230418t060625p04019-E/l8_LC09_L2SP_126034_20230419_20230421_02_T1.tif,75977
emi20230418t060625p04019-F,2023-04-18T06:06:25+00:00,2023-04-18T03:25:19.024000+00:00,2023-04-19T03:12:42.679433+00:00,LC09_L2SP_126034_20230419_20230421_02_T1,../carbonmapper_data_s2_l2a/emi20230418t060625p04019-F/s2_20230418T032519Z.tif,../carbonmapper_data_l89_l2sp/emi20230418t060625p04019-F/l8_LC09_L2SP_126034_20230419_20230421_02_T1.tif,75977
emi20230418t060625p04019-G,2023-04-18T06:06:25+00:00,2023-04-18T03:25:19.024000+00:00,2023-04-19T03:12:42.679433+00:00,LC09_L2SP_126034_20230419_20230421_02_T1,../carbonmapper_data_s2_l2a/emi20230418t060625p04019-G/s2_20230418T032519Z.tif,../carbonmapper_data_l89_l2sp/emi20230418t060625p04019-G/l8_LC09_L2SP_126034_20230419_20230421_02_T1.tif,75977
emi20230426t055703p04008-A,2023-04-26T05:57:03+00:00,2023-04-25T06:36:29.024000+00:00,2023-04-26T06:35:48.705421+00:00,LC09_L2SP_159032_20230426_20230428_02_T1,../carbonmapper_data_s2_l2a/emi20230426t055703p04008-A/s2_20230425T063629Z.tif,../carbonmapper_data_l89_l2sp/emi20230426t055703p04008-A/l8_LC09_L2SP_159032_20230426_20230428_02_T1.tif,84033
emi20230426t055703p04008-B,2023-04-26T05:57:03+00:00,2023-04-25T06:36:29.024000+00:00,2023-04-26T06:35:48.705421+00:00,LC09_L2SP_159032_20230426_20230428_02_T1,../carbonmapper_data_s2_l2a/emi20230426t055703p04008-B/s2_20230425T063629Z.tif,../carbonmapper_data_l89_l2sp/emi20230426t055703p04008-B/l8_LC09_L2SP_159032_20230426_20230428_02_T1.tif,84033
emi20230426t055703p04008-C,2023-04-26T05:57:03+00:00,2023-04-25T06:36:29.024000+00:00,2023-04-26T06:35:48.705421+00:00,LC09_L2SP_159032_20230426_20230428_02_T1,../carbonmapper_data_s2_l2a/emi20230426t055703p04008-C/s2_20230425T063629Z.tif,../carbonmapper_data_l89_l2sp/emi20230426t055703p04008-C/l8_LC09_L2SP_159032_20230426_20230428_02_T1.tif,84033
emi20230430t055608p04011-A,2023-04-30T05:56:08+00:00,2023-04-29T07:06:21.024000+00:00,2023-04-30T07:03:00.137009+00:00,LC08_L2SP_163039_20230430_20230509_02_T1,../carbonmapper_data_s2_l2a/emi20230430t055608p04011-A/s2_20230429T070621Z.tif,../carbonmapper_data_l89_l2sp/emi20230430t055608p04011-A/l8_LC08_L2SP_163039_20230430_20230509_02_T1.tif,82186
emi20230602t180406p12005-B,2023-06-02T18:04:06+00:00,2023-06-02T16:48:41.024000+00:00,2023-06-02T16:50:06.552819+00:00,LC09_L2SP_025039_20230602_20230604_02_T1,../carbonmapper_data_s2_l2a/emi20230602t180406p12005-B/s2_20230602T164841Z.tif,../carbonmapper_data_l89_l2sp/emi20230602t180406p12005-B/l8_LC09_L2SP_025039_20230602_20230604_02_T1.tif,4524
emi20230607t062420p04037-D,2023-06-07T06:24:20+00:00,2023-06-06T06:26:31.024000+00:00,2023-06-07T06:23:26.145345+00:00,LC08_L2SP_157033_20230607_20230614_02_T1,../carbonmapper_data_s2_l2a/emi20230607t062420p04037-D/s2_20230606T062631Z.tif,../carbonmapper_data_l89_l2sp/emi20230607t062420p04037-D/l8_LC08_L2SP_157033_20230607_20230614_02_T1.tif,86268
emi20230607t062420p04037-D,2023-06-07T06:24:20+00:00,2023-06-06T06:26:31.024000+00:00,2023-06-08T06:17:17.300292+00:00,LC09_L2SP_156033_20230608_20230610_02_T1,../carbonmapper_data_s2_l2a/emi20230607t062420p04037-D/s2_20230606T062631Z.tif,../carbonmapper_data_l89_l2sp/emi20230607t062420p04037-D/l8_LC09_L2SP_156033_20230608_20230610_02_T1.tif,86268
emi20230613t111348p07023-G,2023-06-13T11:13:48+00:00,2023-06-14T06:36:29.024000+00:00,2023-06-14T06:30:04.770339+00:00,LC08_L2SP_158034_20230614_20230622_02_T1,../carbonmapper_data_s2_l2a/emi20230613t111348p07023-G/s2_20230614T063629Z.tif,../carbonmapper_data_l89_l2sp/emi20230613t111348p07023-G/l8_LC08_L2SP_158034_20230614_20230622_02_T1.tif,69761
emi20230613t111348p07023-G,2023-06-13T11:13:48+00:00,2023-06-14T06:36:29.024000+00:00,2023-06-14T06:30:28.661379+00:00,LC08_L2SP_158035_20230614_20230622_02_T1,../carbonmapper_data_s2_l2a/emi20230613t111348p07023-G/s2_20230614T063629Z.tif,../carbonmapper_data_l89_l2sp/emi20230613t111348p07023-G/l8_LC08_L2SP_158035_20230614_20230622_02_T1.tif,69761
emi20230613t111348p07023-H,2023-06-13T11:13:48+00:00,2023-06-14T06:36:29.024000+00:00,2023-06-14T06:30:28.661379+00:00,LC08_L2SP_158035_20230614_20230622_02_T1,../carbonmapper_data_s2_l2a/emi20230613t111348p07023-H/s2_20230614T063629Z.tif,../carbonmapper_data_l89_l2sp/emi20230613t111348p07023-H/l8_LC08_L2SP_158035_20230614_20230622_02_T1.tif,69761
emi20230613t111348p07023-I,2023-06-13T11:13:48+00:00,2023-06-14T06:36:29.024000+00:00,2023-06-14T06:30:28.661379+00:00,LC08_L2SP_158035_20230614_20230622_02_T1,../carbonmapper_data_s2_l2a/emi20230613t111348p07023-I/s2_20230614T063629Z.tif,../carbonmapper_data_l89_l2sp/emi20230613t111348p07023-I/l8_LC08_L2SP_158035_20230614_20230622_02_T1.tif,69761
emi20230620t193656p13024-D,2023-06-20T19:36:56+00:00,2023-06-21T17:30:51.024000+00:00,2023-06-21T17:20:28.391037+00:00,LC09_L2SP_030038_20230621_20230623_02_T1,../carbonmapper_data_s2_l2a/emi20230620t193656p13024-D/s2_20230621T173051Z.tif,../carbonmapper_data_l89_l2sp/emi20230620t193656p13024-D/l8_LC09_L2SP_030038_20230621_20230623_02_T1.tif,78835
emi20230620t193656p13024-E,2023-06-20T19:36:56+00:00,2023-06-21T17:30:51.024000+00:00,2023-06-21T17:20:04.500023+00:00,LC09_L2SP_030037_20230621_20230623_02_T1,../carbonmapper_data_s2_l2a/emi20230620t193656p13024-E/s2_20230621T173051Z.tif,../carbonmapper_data_l89_l2sp/emi20230620t193656p13024-E/l8_LC09_L2SP_030037_20230621_20230623_02_T1.tif,78835
emi20230620t193656p13024-E,2023-06-20T19:36:56+00:00,2023-06-21T17:30:51.024000+00:00,2023-06-21T17:20:28.391037+00:00,LC09_L2SP_030038_20230621_20230623_02_T1,../carbonmapper_data_s2_l2a/emi20230620t193656p13024-E/s2_20230621T173051Z.tif,../carbonmapper_data_l89_l2sp/emi20230620t193656p13024-E/l8_LC09_L2SP_030038_20230621_20230623_02_T1.tif,78835
emi20230620t193656p13024-H,2023-06-20T19:36:56+00:00,2023-06-21T17:30:51.024000+00:00,2023-06-21T17:20:28.391037+00:00,LC09_L2SP_030038_20230621_20230623_02_T1,../carbonmapper_data_s2_l2a/emi20230620t193656p13024-H/s2_20230621T173051Z.tif,../carbonmapper_data_l89_l2sp/emi20230620t193656p13024-H/l8_LC09_L2SP_030038_20230621_20230623_02_T1.tif,78835
emi20230620t193708p13025-A,2023-06-20T19:37:08+00:00,2023-06-21T17:30:51.024000+00:00,2023-06-21T17:20:28.391037+00:00,LC09_L2SP_030038_20230621_20230623_02_T1,../carbonmapper_data_s2_l2a/emi20230620t193708p13025-A/s2_20230621T173051Z.tif,../carbonmapper_data_l89_l2sp/emi20230620t193708p13025-A/l8_LC09_L2SP_030038_20230621_20230623_02_T1.tif,78823
emi20230620t193708p13025-C,2023-06-20T19:37:08+00:00,2023-06-21T17:30:51.024000+00:00,2023-06-21T17:20:28.391037+00:00,LC09_L2SP_030038_20230621_20230623_02_T1,../carbonmapper_data_s2_l2a/emi20230620t193708p13025-C/s2_20230621T173051Z.tif,../carbonmapper_data_l89_l2sp/emi20230620t193708p13025-C/l8_LC09_L2SP_030038_20230621_20230623_02_T1.tif,78823
emi20230620t193708p13025-D,2023-06-20T19:37:08+00:00,2023-06-21T17:30:51.024000+00:00,2023-06-21T17:20:28.391037+00:00,LC09_L2SP_030038_20230621_20230623_02_T1,../carbonmapper_data_s2_l2a/emi20230620t193708p13025-D/s2_20230621T173051Z.tif,../carbonmapper_data_l89_l2sp/emi20230620t193708p13025-D/l8_LC09_L2SP_030038_20230621_20230623_02_T1.tif,78823
emi20230620t193708p13025-F,2023-06-20T19:37:08+00:00,2023-06-21T17:30:51.024000+00:00,2023-06-21T17:20:28.391037+00:00,LC09_L2SP_030038_20230621_20230623_02_T1,../carbonmapper_data_s2_l2a/emi20230620t193708p13025-F/s2_20230621T173051Z.tif,../carbonmapper_data_l89_l2sp/emi20230620t193708p13025-F/l8_LC09_L2SP_030038_20230621_20230623_02_T1.tif,78823
emi20230624t070624p05011-A,2023-06-24T07:06:24+00:00,2023-06-23T07:06:29.024000+00:00,2023-06-24T07:06:24.503207+00:00,LC08_L2SP_164032_20230624_20230630_02_T1,../carbonmapper_data_s2_l2a/emi20230624t070624p05011-A/s2_20230623T070629Z.tif,../carbonmapper_data_l89_l2sp/emi20230624t070624p05011-A/l8_LC08_L2SP_164032_20230624_20230630_02_T1.tif,86394
emi20230624t070624p05011-A,2023-06-24T07:06:24+00:00,2023-06-23T07:06:29.024000+00:00,2023-06-25T07:00:26.532640+00:00,LC09_L2SP_163033_20230625_20230627_02_T1,../carbonmapper_data_s2_l2a/emi20230624t070624p05011-A/s2_20230623T070629Z.tif,../carbonmapper_data_l89_l2sp/emi20230624t070624p05011-A/l8_LC09_L2SP_163033_20230625_20230627_02_T1.tif,86394
emi20230624t070624p05011-B,2023-06-24T07:06:24+00:00,2023-06-23T07:06:29.024000+00:00,2023-06-24T07:06:24.503207+00:00,LC08_L2SP_164032_20230624_20230630_02_T1,../carbonmapper_data_s2_l2a/emi20230624t070624p05011-B/s2_20230623T070629Z.tif,../carbonmapper_data_l89_l2sp/emi20230624t070624p05011-B/l8_LC08_L2SP_164032_20230624_20230630_02_T1.tif,86394
emi20230624t070624p05011-B,2023-06-24T07:06:24+00:00,2023-06-23T07:06:29.024000+00:00,2023-06-25T07:00:26.532640+00:00,LC09_L2SP_163033_20230625_20230627_02_T1,../carbonmapper_data_s2_l2a/emi20230624t070624p05011-B/s2_20230623T070629Z.tif,../carbonmapper_data_l89_l2sp/emi20230624t070624p05011-B/l8_LC09_L2SP_163033_20230625_20230627_02_T1.tif,86394
emi20230626t101232p07010-A,2023-06-26T10:12:32+00:00,2023-06-25T10:16:01.025000+00:00,2023-06-27T10:07:53.769318+00:00,LC09_L2SP_193038_20230627_20230629_02_T1,../carbonmapper_data_s2_l2a/emi20230626t101232p07010-A/s2_20230625T101601Z.tif,../carbonmapper_data_l89_l2sp/emi20230626t101232p07010-A/l8_LC09_L2SP_193038_20230627_20230629_02_T1.tif,86190
emi20230626t101232p07010-A,2023-06-26T10:12:32+00:00,2023-06-27T10:05:59.025000+00:00,2023-06-27T10:07:53.769318+00:00,LC09_L2SP_193038_20230627_20230629_02_T1,../carbonmapper_data_s2_l2a/emi20230626t101232p07010-A/s2_20230627T100559Z.tif,../carbonmapper_data_l89_l2sp/emi20230626t101232p07010-A/l8_LC09_L2SP_193038_20230627_20230629_02_T1.tif,86121
emi20230626t101232p07010-B,2023-06-26T10:12:32+00:00,2023-06-25T10:16:01.025000+00:00,2023-06-27T10:07:53.769318+00:00,LC09_L2SP_193038_20230627_20230629_02_T1,../carbonmapper_data_s2_l2a/emi20230626t101232p07010-B/s2_20230625T101601Z.tif,../carbonmapper_data_l89_l2sp/emi20230626t101232p07010-B/l8_LC09_L2SP_193038_20230627_20230629_02_T1.tif,86190
emi20230626t101232p07010-B,2023-06-26T10:12:32+00:00,2023-06-27T10:05:59.025000+00:00,2023-06-27T10:07:53.769318+00:00,LC09_L2SP_193038_20230627_20230629_02_T1,../carbonmapper_data_s2_l2a/emi20230626t101232p07010-B/s2_20230627T100559Z.tif,../carbonmapper_data_l89_l2sp/emi20230626t101232p07010-B/l8_LC09_L2SP_193038_20230627_20230629_02_T1.tif,86121
emi20230626t101232p07010-C,2023-06-26T10:12:32+00:00,2023-06-25T10:16:01.025000+00:00,2023-06-27T10:07:53.769318+00:00,LC09_L2SP_193038_20230627_20230629_02_T1,../carbonmapper_data_s2_l2a/emi20230626t101232p07010-C/s2_20230625T101601Z.tif,../carbonmapper_data_l89_l2sp/emi20230626t101232p07010-C/l8_LC09_L2SP_193038_20230627_20230629_02_T1.tif,86190
emi20230626t101232p07010-C,2023-06-26T10:12:32+00:00,2023-06-27T10:05:59.025000+00:00,2023-06-27T10:07:53.769318+00:00,LC09_L2SP_193038_20230627_20230629_02_T1,../carbonmapper_data_s2_l2a/emi20230626t101232p07010-C/s2_20230627T100559Z.tif,../carbonmapper_data_l89_l2sp/emi20230626t101232p07010-C/l8_LC09_L2SP_193038_20230627_20230629_02_T1.tif,86121
emi20230725t100701p07013-A,2023-07-25T10:07:01+00:00,2023-07-26T05:36:49.024000+00:00,2023-07-25T05:36:10.579536+00:00,LC09_L2SP_149038_20230725_20230802_02_T2,../carbonmapper_data_s2_l2a/emi20230725t100701p07013-A/s2_20230726T053649Z.tif,../carbonmapper_data_l89_l2sp/emi20230725t100701p07013-A/l8_LC09_L2SP_149038_20230725_20230802_02_T2.tif,70188
emi20230725t113927p08036-C,2023-07-25T11:39:27+00:00,2023-07-26T07:16:29.024000+00:00,2023-07-25T07:15:27.651724+00:00,LC09_L2SP_165039_20230725_20230802_02_T1,../carbonmapper_data_s2_l2a/emi20230725t113927p08036-C/s2_20230726T071629Z.tif,../carbonmapper_data_l89_l2sp/emi20230725t113927p08036-C/l8_LC09_L2SP_165039_20230725_20230802_02_T1.tif,70622
emi20230731t191846p13016-A,2023-07-31T19:18:46+00:00,2023-07-31T17:19:01.024000+00:00,2023-07-31T17:20:59.139380+00:00,LC08_L2SP_030038_20230731_20230805_02_T1,../carbonmapper_data_s2_l2a/emi20230731t191846p13016-A/s2_20230731T171901Z.tif,../carbonmapper_data_l89_l2sp/emi20230731t191846p13016-A/l8_LC08_L2SP_030038_20230731_20230805_02_T1.tif,7184
emi20230731t191846p13016-B,2023-07-31T19:18:46+00:00,2023-07-31T17:19:01.024000+00:00,2023-07-31T17:20:59.139380+00:00,LC08_L2SP_030038_20230731_20230805_02_T1,../carbonmapper_data_s2_l2a/emi20230731t191846p13016-B/s2_20230731T171901Z.tif,../carbonmapper_data_l89_l2sp/emi20230731t191846p13016-B/l8_LC08_L2SP_030038_20230731_20230805_02_T1.tif,7184
emi20230731t191846p13016-B,2023-07-31T19:18:46+00:00,2023-07-31T17:19:01.024000+00:00,2023-08-01T17:14:40.541227+00:00,LC09_L2SP_029038_20230801_20230803_02_T1,../carbonmapper_data_s2_l2a/emi20230731t191846p13016-B/s2_20230731T171901Z.tif,../carbonmapper_data_l89_l2sp/emi20230731t191846p13016-B/l8_LC09_L2SP_029038_20230801_20230803_02_T1.tif,78954
emi20230731t191846p13016-C,2023-07-31T19:18:46+00:00,2023-07-31T17:19:01.024000+00:00,2023-07-31T17:20:59.139380+00:00,LC08_L2SP_030038_20230731_20230805_02_T1,../carbonmapper_data_s2_l2a/emi20230731t191846p13016-C/s2_20230731T171901Z.tif,../carbonmapper_data_l89_l2sp/emi20230731t191846p13016-C/l8_LC08_L2SP_030038_20230731_20230805_02_T1.tif,7184
emi20230731t191846p13016-F,2023-07-31T19:18:46+00:00,2023-07-31T17:19:01.024000+00:00,2023-07-31T17:20:59.139380+00:00,LC08_L2SP_030038_20230731_20230805_02_T1,../carbonmapper_data_s2_l2a/emi20230731t191846p13016-F/s2_20230731T171901Z.tif,../carbonmapper_data_l89_l2sp/emi20230731t191846p13016-F/l8_LC08_L2SP_030038_20230731_20230805_02_T1.tif,7184
emi20230731t191846p13016-G,2023-07-31T19:18:46+00:00,2023-07-31T17:19:01.024000+00:00,2023-07-31T17:20:59.139380+00:00,LC08_L2SP_030038_20230731_20230805_02_T1,../carbonmapper_data_s2_l2a/emi20230731t191846p13016-G/s2_20230731T171901Z.tif,../carbonmapper_data_l89_l2sp/emi20230731t191846p13016-G/l8_LC08_L2SP_030038_20230731_20230805_02_T1.tif,7184
emi20230823t092349p06005-A,2023-08-23T09:23:49+00:00,2023-08-23T08:16:09.024000+00:00,2023-08-24T08:17:16.635986+00:00,LC08_L2SP_175038_20230824_20230826_02_T1,../carbonmapper_data_s2_l2a/emi20230823t092349p06005-A/s2_20230823T081609Z.tif,../carbonmapper_data_l89_l2sp/emi20230823t092349p06005-A/l8_LC08_L2SP_175038_20230824_20230826_02_T1.tif,82407
emi20230823t092349p06005-C,2023-08-23T09:23:49+00:00,2023-08-23T08:16:09.024000+00:00,2023-08-24T08:17:16.635986+00:00,LC08_L2SP_175038_20230824_20230826_02_T1,../carbonmapper_data_s2_l2a/emi20230823t092349p06005-C/s2_20230823T081609Z.tif,../carbonmapper_data_l89_l2sp/emi20230823t092349p06005-C/l8_LC08_L2SP_175038_20230824_20230826_02_T1.tif,82407
emi20230824t175337p12023-A,2023-08-24T17:53:37+00:00,2023-08-25T17:18:59.024000+00:00,2023-08-24T17:21:01.323725+00:00,LC09_L2SP_030038_20230824_20230826_02_T1,../carbonmapper_data_s2_l2a/emi20230824t175337p12023-A/s2_20230825T171859Z.tif,../carbonmapper_data_l89_l2sp/emi20230824t175337p12023-A/l8_LC09_L2SP_030038_20230824_20230826_02_T1.tif,84322
emi20230824t175337p12023-A,2023-08-24T17:53:37+00:00,2023-08-25T17:18:59.024000+00:00,2023-08-24T17:21:01.323725+00:00,LC09_L2SP_030038_20230824_20230826_02_T1,../carbonmapper_data_s2_l2a/emi20230824t175337p12023-A/s2_20230825T171859Z.tif,../carbonmapper_data_l89_l2sp/emi20230824t175337p12023-A/l8_LC09_L2SP_030038_20230824_20230826_02_T1.tif,84322
emi20230824t175337p12023-B,2023-08-24T17:53:37+00:00,2023-08-25T17:18:59.024000+00:00,2023-08-24T17:21:01.323725+00:00,LC09_L2SP_030038_20230824_20230826_02_T1,../carbonmapper_data_s2_l2a/emi20230824t175337p12023-B/s2_20230825T171859Z.tif,../carbonmapper_data_l89_l2sp/emi20230824t175337p12023-B/l8_LC09_L2SP_030038_20230824_20230826_02_T1.tif,84322
emi20230824t175337p12023-B,2023-08-24T17:53:37+00:00,2023-08-25T17:18:59.024000+00:00,2023-08-24T17:21:01.323725+00:00,LC09_L2SP_030038_20230824_20230826_02_T1,../carbonmapper_data_s2_l2a/emi20230824t175337p12023-B/s2_20230825T171859Z.tif,../carbonmapper_data_l89_l2sp/emi20230824t175337p12023-B/l8_LC09_L2SP_030038_20230824_20230826_02_T1.tif,84322
emi20230824t175337p12023-C,2023-08-24T17:53:37+00:00,2023-08-25T17:18:59.024000+00:00,2023-08-24T17:21:01.323725+00:00,LC09_L2SP_030038_20230824_20230826_02_T1,../carbonmapper_data_s2_l2a/emi20230824t175337p12023-C/s2_20230825T171859Z.tif,../carbonmapper_data_l89_l2sp/emi20230824t175337p12023-C/l8_LC09_L2SP_030038_20230824_20230826_02_T1.tif,84322
emi20230824t175337p12023-C,2023-08-24T17:53:37+00:00,2023-08-25T17:18:59.024000+00:00,2023-08-24T17:21:01.323725+00:00,LC09_L2SP_030038_20230824_20230826_02_T1,../carbonmapper_data_s2_l2a/emi20230824t175337p12023-C/s2_20230825T171859Z.tif,../carbonmapper_data_l89_l2sp/emi20230824t175337p12023-C/l8_LC09_L2SP_030038_20230824_20230826_02_T1.tif,84322
emi20230824t175337p12023-D,2023-08-24T17:53:37+00:00,2023-08-25T17:18:59.024000+00:00,2023-08-24T17:21:01.323725+00:00,LC09_L2SP_030038_20230824_20230826_02_T1,../carbonmapper_data_s2_l2a/emi20230824t175337p12023-D/s2_20230825T171859Z.tif,../carbonmapper_data_l89_l2sp/emi20230824t175337p12023-D/l8_LC09_L2SP_030038_20230824_20230826_02_T1.tif,84322
emi20230824t175337p12023-D,2023-08-24T17:53:37+00:00,2023-08-25T17:18:59.024000+00:00,2023-08-24T17:21:01.323725+00:00,LC09_L2SP_030038_20230824_20230826_02_T1,../carbonmapper_data_s2_l2a/emi20230824t175337p12023-D/s2_20230825T171859Z.tif,../carbonmapper_data_l89_l2sp/emi20230824t175337p12023-D/l8_LC09_L2SP_030038_20230824_20230826_02_T1.tif,84322
emi20230824t175337p12023-E,2023-08-24T17:53:37+00:00,2023-08-25T17:18:59.024000+00:00,2023-08-24T17:21:01.323725+00:00,LC09_L2SP_030038_20230824_20230826_02_T1,../carbonmapper_data_s2_l2a/emi20230824t175337p12023-E/s2_20230825T171859Z.tif,../carbonmapper_data_l89_l2sp/emi20230824t175337p12023-E/l8_LC09_L2SP_030038_20230824_20230826_02_T1.tif,84322
emi20230824t175337p12023-E,2023-08-24T17:53:37+00:00,2023-08-25T17:18:59.024000+00:00,2023-08-24T17:21:01.323725+00:00,LC09_L2SP_030038_20230824_20230826_02_T1,../carbonmapper_data_s2_l2a/emi20230824t175337p12023-E/s2_20230825T171859Z.tif,../carbonmapper_data_l89_l2sp/emi20230824t175337p12023-E/l8_LC09_L2SP_030038_20230824_20230826_02_T1.tif,84322
emi20230824t175337p12023-F,2023-08-24T17:53:37+00:00,2023-08-25T17:18:59.024000+00:00,2023-08-24T17:21:01.323725+00:00,LC09_L2SP_030038_20230824_20230826_02_T1,../carbonmapper_data_s2_l2a/emi20230824t175337p12023-F/s2_20230825T171859Z.tif,../carbonmapper_data_l89_l2sp/emi20230824t175337p12023-F/l8_LC09_L2SP_030038_20230824_20230826_02_T1.tif,84322
emi20230824t175337p12023-F,2023-08-24T17:53:37+00:00,2023-08-25T17:18:59.024000+00:00,2023-08-24T17:21:01.323725+00:00,LC09_L2SP_030038_20230824_20230826_02_T1,../carbonmapper_data_s2_l2a/emi20230824t175337p12023-F/s2_20230825T171859Z.tif,../carbonmapper_data_l89_l2sp/emi20230824t175337p12023-F/l8_LC09_L2SP_030038_20230824_20230826_02_T1.tif,84322
emi20230824t175349p12024-A,2023-08-24T17:53:49+00:00,2023-08-25T17:18:59.024000+00:00,2023-08-24T17:21:01.323725+00:00,LC09_L2SP_030038_20230824_20230826_02_T1,../carbonmapper_data_s2_l2a/emi20230824t175349p12024-A/s2_20230825T171859Z.tif,../carbonmapper_data_l89_l2sp/emi20230824t175349p12024-A/l8_LC09_L2SP_030038_20230824_20230826_02_T1.tif,84310
emi20230824t175349p12024-A,2023-08-24T17:53:49+00:00,2023-08-25T17:18:59.024000+00:00,2023-08-24T17:21:01.323725+00:00,LC09_L2SP_030038_20230824_20230826_02_T1,../carbonmapper_data_s2_l2a/emi20230824t175349p12024-A/s2_20230825T171859Z.tif,../carbonmapper_data_l89_l2sp/emi20230824t175349p12024-A/l8_LC09_L2SP_030038_20230824_20230826_02_T1.tif,84310
emi20230824t175349p12024-B,2023-08-24T17:53:49+00:00,2023-08-25T17:18:59.024000+00:00,2023-08-24T17:21:01.323725+00:00,LC09_L2SP_030038_20230824_20230826_02_T1,../carbonmapper_data_s2_l2a/emi20230824t175349p12024-B/s2_20230825T171859Z.tif,../carbonmapper_data_l89_l2sp/emi20230824t175349p12024-B/l8_LC09_L2SP_030038_20230824_20230826_02_T1.tif,84310
emi20230824t175349p12024-B,2023-08-24T17:53:49+00:00,2023-08-25T17:18:59.024000+00:00,2023-08-24T17:21:01.323725+00:00,LC09_L2SP_030038_20230824_20230826_02_T1,../carbonmapper_data_s2_l2a/emi20230824t175349p12024-B/s2_20230825T171859Z.tif,../carbonmapper_data_l89_l2sp/emi20230824t175349p12024-B/l8_LC09_L2SP_030038_20230824_20230826_02_T1.tif,84310
emi20230824t175349p12024-C,2023-08-24T17:53:49+00:00,2023-08-25T17:18:59.024000+00:00,2023-08-24T17:21:01.323725+00:00,LC09_L2SP_030038_20230824_20230826_02_T1,../carbonmapper_data_s2_l2a/emi20230824t175349p12024-C/s2_20230825T171859Z.tif,../carbonmapper_data_l89_l2sp/emi20230824t175349p12024-C/l8_LC09_L2SP_030038_20230824_20230826_02_T1.tif,84310
emi20230824t175349p12024-C,2023-08-24T17:53:49+00:00,2023-08-25T17:18:59.024000+00:00,2023-08-24T17:21:01.323725+00:00,LC09_L2SP_030038_20230824_20230826_02_T1,../carbonmapper_data_s2_l2a/emi20230824t175349p12024-C/s2_20230825T171859Z.tif,../carbonmapper_data_l89_l2sp/emi20230824t175349p12024-C/l8_LC09_L2SP_030038_20230824_20230826_02_T1.tif,84310
emi20230824t175349p12024-D,2023-08-24T17:53:49+00:00,2023-08-25T17:18:59.024000+00:00,2023-08-24T17:21:01.323725+00:00,LC09_L2SP_030038_20230824_20230826_02_T1,../carbonmapper_data_s2_l2a/emi20230824t175349p12024-D/s2_20230825T171859Z.tif,../carbonmapper_data_l89_l2sp/emi20230824t175349p12024-D/l8_LC09_L2SP_030038_20230824_20230826_02_T1.tif,84310
emi20230824t175349p12024-D,2023-08-24T17:53:49+00:00,2023-08-25T17:18:59.024000+00:00,2023-08-24T17:21:01.323725+00:00,LC09_L2SP_030038_20230824_20230826_02_T1,../carbonmapper_data_s2_l2a/emi20230824t175349p12024-D/s2_20230825T171859Z.tif,../carbonmapper_data_l89_l2sp/emi20230824t175349p12024-D/l8_LC09_L2SP_030038_20230824_20230826_02_T1.tif,84310
emi20230826t100604p07003-B,2023-08-26T10:06:04+00:00,2023-08-25T10:36:29.024000+00:00,2023-08-25T10:38:13.913445+00:00,LC08_L2SP_198035_20230825_20230905_02_T1,../carbonmapper_data_s2_l2a/emi20230826t100604p07003-B/s2_20230825T103629Z.tif,../carbonmapper_data_l89_l2sp/emi20230826t100604p07003-B/l8_LC08_L2SP_198035_20230825_20230905_02_T1.tif,84574
emi20230926t114119p08039-A,2023-09-26T11:41:19+00:00,2023-09-27T08:17:11.024000+00:00,2023-09-26T08:11:30.836125+00:00,LC09_L2SP_174039_20230926_20230928_02_T1,../carbonmapper_data_s2_l2a/emi20230926t114119p08039-A/s2_20230927T081711Z.tif,../carbonmapper_data_l89_l2sp/emi20230926t114119p08039-A/l8_LC09_L2SP_174039_20230926_20230928_02_T1.tif,74152
emi20230926t114131p08040-A,2023-09-26T11:41:31+00:00,2023-09-27T08:17:11.024000+00:00,2023-09-26T08:11:06.940874+00:00,LC09_L2SP_174038_20230926_20230928_02_T1,../carbonmapper_data_s2_l2a/emi20230926t114131p08040-A/s2_20230927T081711Z.tif,../carbonmapper_data_l89_l2sp/emi20230926t114131p08040-A/l8_LC09_L2SP_174038_20230926_20230928_02_T1.tif,74140
emi20231007t060739p04016-B,2023-10-07T06:07:39+00:00,2023-10-06T07:07:41.024000+00:00,2023-10-07T07:03:38.825066+00:00,LC08_L2SP_163039_20231007_20231011_02_T1,../carbonmapper_data_s2_l2a/emi20231007t060739p04016-B/s2_20231006T070741Z.tif,../carbonmapper_data_l89_l2sp/emi20231007t060739p04016-B/l8_LC08_L2SP_163039_20231007_20231011_02_T1.tif,82797
emi20231007t152631p10005-B,2023-10-07T15:26:31+00:00,2023-10-06T16:20:49.024000+00:00,2023-10-06T16:12:29.207637+00:00,LC08_L2SP_019036_20231006_20231011_02_T1,../carbonmapper_data_s2_l2a/emi20231007t152631p10005-B/s2_20231006T162049Z.tif,../carbonmapper_data_l89_l2sp/emi20231007t152631p10005-B/l8_LC08_L2SP_019036_20231006_20231011_02_T1.tif,83641
emi20231007t152631p10005-C,2023-10-07T15:26:31+00:00,2023-10-06T16:20:49.024000+00:00,2023-10-06T16:12:29.207637+00:00,LC08_L2SP_019036_20231006_20231011_02_T1,../carbonmapper_data_s2_l2a/emi20231007t152631p10005-C/s2_20231006T162049Z.tif,../carbonmapper_data_l89_l2sp/emi20231007t152631p10005-C/l8_LC08_L2SP_019036_20231006_20231011_02_T1.tif,83641
emi20231007t152631p10005-C,2023-10-07T15:26:31+00:00,2023-10-06T16:20:49.024000+00:00,2023-10-06T16:12:29.207637+00:00,LC08_L2SP_019036_20231006_20231011_02_T1,../carbonmapper_data_s2_l2a/emi20231007t152631p10005-C/s2_20231006T162049Z.tif,../carbonmapper_data_l89_l2sp/emi20231007t152631p10005-C/l8_LC08_L2SP_019036_20231006_20231011_02_T1.tif,83641
emi20231007t152631p10005-E,2023-10-07T15:26:31+00:00,2023-10-06T16:20:49.024000+00:00,2023-10-06T16:12:29.207637+00:00,LC08_L2SP_019036_20231006_20231011_02_T1,../carbonmapper_data_s2_l2a/emi20231007t152631p10005-E/s2_20231006T162049Z.tif,../carbonmapper_data_l89_l2sp/emi20231007t152631p10005-E/l8_LC08_L2SP_019036_20231006_20231011_02_T1.tif,83641
emi20231028t070116p05004-A,2023-10-28T07:01:16+00:00,2023-10-27T08:20:31.024000+00:00,2023-10-28T08:10:54.405225+00:00,LC09_L2SP_174037_20231028_20231029_02_T1,../carbonmapper_data_s2_l2a/emi20231028t070116p05004-A/s2_20231027T082031Z.tif,../carbonmapper_data_l89_l2sp/emi20231028t070116p05004-A/l8_LC09_L2SP_174037_20231028_20231029_02_T1.tif,81644
emi20231028t161900p11009-A,2023-10-28T16:19:00+00:00,2023-10-27T17:34:29.024000+00:00,2023-10-27T17:21:45.272332+00:00,LC09_L2SP_030039_20231027_20231028_02_T1,../carbonmapper_data_s2_l2a/emi20231028t161900p11009-A/s2_20231027T173429Z.tif,../carbonmapper_data_l89_l2sp/emi20231028t161900p11009-A/l8_LC09_L2SP_030039_20231027_20231028_02_T1.tif,82634
emi20231028t161900p11009-A,2023-10-28T16:19:00+00:00,2023-10-27T17:34:29.024000+00:00,2023-10-27T17:21:21.377081+00:00,LC09_L2SP_030038_20231027_20231028_02_T1,../carbonmapper_data_s2_l2a/emi20231028t161900p11009-A/s2_20231027T173429Z.tif,../carbonmapper_data_l89_l2sp/emi20231028t161900p11009-A/l8_LC09_L2SP_030038_20231027_20231028_02_T1.tif,82658
emi20231028t161900p11009-B,2023-10-28T16:19:00+00:00,2023-10-27T17:34:29.024000+00:00,2023-10-27T17:21:21.377081+00:00,LC09_L2SP_030038_20231027_20231028_02_T1,../carbonmapper_data_s2_l2a/emi20231028t161900p11009-B/s2_20231027T173429Z.tif,../carbonmapper_data_l89_l2sp/emi20231028t161900p11009-B/l8_LC09_L2SP_030038_20231027_20231028_02_T1.tif,82658
emi20231028t161900p11009-F,2023-10-28T16:19:00+00:00,2023-10-27T17:34:29.024000+00:00,2023-10-27T17:21:21.377081+00:00,LC09_L2SP_030038_20231027_20231028_02_T1,../carbonmapper_data_s2_l2a/emi20231028t161900p11009-F/s2_20231027T173429Z.tif,../carbonmapper_data_l89_l2sp/emi20231028t161900p11009-F/l8_LC09_L2SP_030038_20231027_20231028_02_T1.tif,82658
emi20231223t123006p08006-A,2023-12-23T12:30:06+00:00,2023-12-23T09:54:21.024000+00:00,2023-12-24T09:51:19.400529+00:00,LC09_L2SP_189056_20231224_20231225_02_T1,../carbonmapper_data_s2_l2a/emi20231223t123006p08006-A/s2_20231223T095421Z.tif,../carbonmapper_data_l89_l2sp/emi20231223t123006p08006-A/l8_LC09_L2SP_189056_20231224_20231225_02_T1.tif,76873
emi20240413t075328p05021-A,2024-04-13T07:53:28+00:00,2024-04-14T04:57:01.024000+00:00,2024-04-13T04:49:42.549822+00:00,LC08_L2SP_142030_20240413_20240419_02_T1,../carbonmapper_data_s2_l2a/emi20240413t075328p05021-A/s2_20240414T045701Z.tif,../carbonmapper_data_l89_l2sp/emi20240413t075328p05021-A/l8_LC08_L2SP_142030_20240413_20240419_02_T1.tif,75813
emi20240522t084531p06018-A,2024-05-22T08:45:31+00:00,2024-05-22T03:25:19.024000+00:00,2024-05-22T03:18:07.670027+00:00,LC08_L2SP_127034_20240522_20240605_02_T1,../carbonmapper_data_s2_l2a/emi20240522t084531p06018-A/s2_20240522T032519Z.tif,../carbonmapper_data_l89_l2sp/emi20240522t084531p06018-A/l8_LC08_L2SP_127034_20240522_20240605_02_T1.tif,19643
