plume_id,plume_latitude,plume_longitude,datetime,ipcc_sector,gas,emission_cmf_type,plume_bounds,instrument,mission_phase,published_at,modified,emission_version,processing_software,gsd,sensitivity_mode,off_nadir,emission_auto,emission_uncertainty_auto,wind_speed_avg_auto,wind_speed_std_auto,wind_direction_avg_auto,wind_direction_std_auto,wind_source_auto,platform,provider,plume_tif,plume_png,con_tif,rgb_tif,rgb_png,has_emit,emit_granule_id,sim_path,mask_path
GAO20230819t193458p0000-A,31.746851847553984,-102.21322906794684,2023-08-19 19:34:58+00:00,Oil & Gas (1B2),CH4,mf,"[-102.21688792402999, 31.745117851262727, -102.21075373377042, 31.750289234418858]",GAO,production,2023-12-08 17:02:07.183144+00:00,2025-03-25 22:57:48.288792+00:00,v1,,,,,200.74445563327475,72.20085767770715,5.87890625,0.29345703125,144.30876953878467,7.809151641848605,hrrr,Global Airborne Observatory,ASU GDCS,https://api.carbonmapper.org/api/v1/catalog/asset/l3a-vis-ch4-mf-v002/2023/08/19/GAO20230819t193458p0000-A/GAO20230819t193458p0000-A_l3a-vis-ch4-mf-v002_plume.tif,https://api.carbonmapper.org/api/v1/catalog/asset/l3a-vis-ch4-mf-v002/2023/08/19/GAO20230819t193458p0000-A/GAO20230819t193458p0000-A_l3a-vis-ch4-mf-v002_plume.png,,https://api.carbonmapper.org/api/v1/catalog/asset/l3a-vis-ch4-mf-v002/2023/08/19/GAO20230819t193458p0000-A/GAO20230819t193458p0000-A_l3a-vis-ch4-mf-v002_rgb.tif,https://api.carbonmapper.org/api/v1/catalog/asset/l3a-vis-ch4-mf-v002/2023/08/19/GAO20230819t193458p0000-A/GAO20230819t193458p0000-A_l3a-vis-ch4-mf-v002_rgb.png,1,EMIT_L2A_RFL_001_20230820T192855_2323213_028,/mnt/engg-leung/Research_No9_Methane_Emissions/Yuyao/raw_data_dir_l89_L2SR/EMIT_simulated_landsat9/GAO20230819t193458p0000-A_sim_L9.tif,/mnt/engg-leung/Research_No9_Methane_Emissions/Yuyao/Dataset/data_dir_l89_L2SR/plume_masks_l89_512/GAO20230819t193458p0000-A/mask_30m_512.tif
GAO20230819t193458p0000-G,31.7248685480959,-102.19324981565464,2023-08-19 19:34:58+00:00,Oil & Gas (1B2),CH4,mf,"[-102.19697220350402, 31.723174581892827, -102.19083952480892, 31.728345915546715]",GAO,production,2024-01-02 20:41:48.002533+00:00,2025-03-25 22:52:24.452050+00:00,v1,,,,,,,5.921875,0.292724609375,144.5216118937006,7.985495561555069,hrrr,Global Airborne Observatory,ASU GDCS,https://api.carbonmapper.org/api/v1/catalog/asset/l3a-vis-ch4-mf-v002/2023/08/19/GAO20230819t193458p0000-G/GAO20230819t193458p0000-G_l3a-vis-ch4-mf-v002_plume.tif,https://api.carbonmapper.org/api/v1/catalog/asset/l3a-vis-ch4-mf-v002/2023/08/19/GAO20230819t193458p0000-G/GAO20230819t193458p0000-G_l3a-vis-ch4-mf-v002_plume.png,,https://api.carbonmapper.org/api/v1/catalog/asset/l3a-vis-ch4-mf-v002/2023/08/19/GAO20230819t193458p0000-G/GAO20230819t193458p0000-G_l3a-vis-ch4-mf-v002_rgb.tif,https://api.carbonmapper.org/api/v1/catalog/asset/l3a-vis-ch4-mf-v002/2023/08/19/GAO20230819t193458p0000-G/GAO20230819t193458p0000-G_l3a-vis-ch4-mf-v002_rgb.png,1,EMIT_L2A_RFL_001_20230820T192855_2323213_028,/mnt/engg-leung/Research_No9_Methane_Emissions/Yuyao/raw_data_dir_l89_L2SR/EMIT_simulated_landsat9/GAO20230819t193458p0000-G_sim_L9.tif,/mnt/engg-leung/Research_No9_Methane_Emissions/Yuyao/Dataset/data_dir_l89_L2SR/plume_masks_l89_512/GAO20230819t193458p0000-G/mask_30m_512.tif
GAO20230819t193458p0000-N,31.63584931782005,-102.18619567693774,2023-08-19 19:34:58+00:00,Oil & Gas (1B2),CH4,mf,"[-102.1893975627873, 31.633284839552648, -102.183270649295, 31.638501284598544]",GAO,production,2024-01-02 20:41:48.078550+00:00,2025-03-25 23:31:43.601875+00:00,v1,,,,,,,5.96875,0.267578125,143.429000192552,9.099763456018712,hrrr,Global Airborne Observatory,ASU GDCS,https://api.carbonmapper.org/api/v1/catalog/asset/l3a-vis-ch4-mf-v002/2023/08/19/GAO20230819t193458p0000-N/GAO20230819t193458p0000-N_l3a-vis-ch4-mf-v002_plume.tif,https://api.carbonmapper.org/api/v1/catalog/asset/l3a-vis-ch4-mf-v002/2023/08/19/GAO20230819t193458p0000-N/GAO20230819t193458p0000-N_l3a-vis-ch4-mf-v002_plume.png,,https://api.carbonmapper.org/api/v1/catalog/asset/l3a-vis-ch4-mf-v002/2023/08/19/GAO20230819t193458p0000-N/GAO20230819t193458p0000-N_l3a-vis-ch4-mf-v002_rgb.tif,https://api.carbonmapper.org/api/v1/catalog/asset/l3a-vis-ch4-mf-v002/2023/08/19/GAO20230819t193458p0000-N/GAO20230819t193458p0000-N_l3a-vis-ch4-mf-v002_rgb.png,1,EMIT_L2A_RFL_001_20230820T192855_2323213_028,/mnt/engg-leung/Research_No9_Methane_Emissions/Yuyao/raw_data_dir_l89_L2SR/EMIT_simulated_landsat9/GAO20230819t193458p0000-N_sim_L9.tif,/mnt/engg-leung/Research_No9_Methane_Emissions/Yuyao/Dataset/data_dir_l89_L2SR/plume_masks_l89_512/GAO20230819t193458p0000-N/mask_30m_512.tif
GAO20230819t193458p0000-T,31.69866693034433,-102.1950057518928,2023-08-19 19:34:58+00:00,Oil & Gas (1B2),CH4,mf,"[-102.1986343766213, 31.695979970664315, -102.19255632724096, 31.701196289563534]",GAO,production,2024-01-02 20:41:48.534489+00:00,2025-03-25 22:54:44.202098+00:00,v1,,,,,,,5.953125,0.28564453125,144.43055725097656,8.425210952758789,hrrr,Global Airborne Observatory,ASU GDCS,https://api.carbonmapper.org/api/v1/catalog/asset/l3a-vis-ch4-mf-v002/2023/08/19/GAO20230819t193458p0000-T/GAO20230819t193458p0000-T_l3a-vis-ch4-mf-v002_plume.tif,https://api.carbonmapper.org/api/v1/catalog/asset/l3a-vis-ch4-mf-v002/2023/08/19/GAO20230819t193458p0000-T/GAO20230819t193458p0000-T_l3a-vis-ch4-mf-v002_plume.png,,https://api.carbonmapper.org/api/v1/catalog/asset/l3a-vis-ch4-mf-v002/2023/08/19/GAO20230819t193458p0000-T/GAO20230819t193458p0000-T_l3a-vis-ch4-mf-v002_rgb.tif,https://api.carbonmapper.org/api/v1/catalog/asset/l3a-vis-ch4-mf-v002/2023/08/19/GAO20230819t193458p0000-T/GAO20230819t193458p0000-T_l3a-vis-ch4-mf-v002_rgb.png,1,EMIT_L2A_RFL_001_20230820T192855_2323213_028,/mnt/engg-leung/Research_No9_Methane_Emissions/Yuyao/raw_data_dir_l89_L2SR/EMIT_simulated_landsat9/GAO20230819t193458p0000-T_sim_L9.tif,/mnt/engg-leung/Research_No9_Methane_Emissions/Yuyao/Dataset/data_dir_l89_L2SR/plume_masks_l89_512/GAO20230819t193458p0000-T/mask_30m_512.tif
GAO20230819t194058p0000-A,31.764483073715223,-102.2269995233079,2023-08-19 19:40:58+00:00,Oil & Gas (1B2),CH4,mf,"[-102.2320048316837, 31.763575871714835, -102.22322482613095, 31.77104057293858]",GAO,production,2023-12-08 17:02:17.481776+00:00,2025-03-25 22:34:43.580817+00:00,v1,,,,,399.49527003182845,84.4198279782328,5.81640625,0.3037109375,144.33296206882486,8.229969601757356,hrrr,Global Airborne Observatory,ASU GDCS,https://api.carbonmapper.org/api/v1/catalog/asset/l3a-vis-ch4-mf-v002/2023/08/19/GAO20230819t194058p0000-A/GAO20230819t194058p0000-A_l3a-vis-ch4-mf-v002_plume.tif,https://api.carbonmapper.org/api/v1/catalog/asset/l3a-vis-ch4-mf-v002/2023/08/19/GAO20230819t194058p0000-A/GAO20230819t194058p0000-A_l3a-vis-ch4-mf-v002_plume.png,,https://api.carbonmapper.org/api/v1/catalog/asset/l3a-vis-ch4-mf-v002/2023/08/19/GAO20230819t194058p0000-A/GAO20230819t194058p0000-A_l3a-vis-ch4-mf-v002_rgb.tif,https://api.carbonmapper.org/api/v1/catalog/asset/l3a-vis-ch4-mf-v002/2023/08/19/GAO20230819t194058p0000-A/GAO20230819t194058p0000-A_l3a-vis-ch4-mf-v002_rgb.png,1,EMIT_L2A_RFL_001_20230820T192855_2323213_028,/mnt/engg-leung/Research_No9_Methane_Emissions/Yuyao/raw_data_dir_l89_L2SR/EMIT_simulated_landsat9/GAO20230819t194058p0000-A_sim_L9.tif,/mnt/engg-leung/Research_No9_Methane_Emissions/Yuyao/Dataset/data_dir_l89_L2SR/plume_masks_l89_512/GAO20230819t194058p0000-A/mask_30m_512.tif
GAO20230819t194058p0000-B,31.74689069530669,-102.2132920818718,2023-08-19 19:40:58+00:00,Oil & Gas (1B2),CH4,mf,"[-102.2166349240599, 31.744752869764223, -102.21055363789742, 31.74996922090955]",GAO,production,2023-12-08 17:02:07.227522+00:00,2025-03-25 22:57:40.146606+00:00,v1,,,,,,,5.87890625,0.29345703125,144.30876953878467,7.809151641848605,hrrr,Global Airborne Observatory,ASU GDCS,https://api.carbonmapper.org/api/v1/catalog/asset/l3a-vis-ch4-mf-v002/2023/08/19/GAO20230819t194058p0000-B/GAO20230819t194058p0000-B_l3a-vis-ch4-mf-v002_plume.tif,https://api.carbonmapper.org/api/v1/catalog/asset/l3a-vis-ch4-mf-v002/2023/08/19/GAO20230819t194058p0000-B/GAO20230819t194058p0000-B_l3a-vis-ch4-mf-v002_plume.png,,https://api.carbonmapper.org/api/v1/catalog/asset/l3a-vis-ch4-mf-v002/2023/08/19/GAO20230819t194058p0000-B/GAO20230819t194058p0000-B_l3a-vis-ch4-mf-v002_rgb.tif,https://api.carbonmapper.org/api/v1/catalog/asset/l3a-vis-ch4-mf-v002/2023/08/19/GAO20230819t194058p0000-B/GAO20230819t194058p0000-B_l3a-vis-ch4-mf-v002_rgb.png,1,EMIT_L2A_RFL_001_20230820T192855_2323213_028,/mnt/engg-leung/Research_No9_Methane_Emissions/Yuyao/raw_data_dir_l89_L2SR/EMIT_simulated_landsat9/GAO20230819t194058p0000-B_sim_L9.tif,/mnt/engg-leung/Research_No9_Methane_Emissions/Yuyao/Dataset/data_dir_l89_L2SR/plume_masks_l89_512/GAO20230819t194058p0000-B/mask_30m_512.tif
GAO20230819t194058p0000-F,31.69410045523273,-102.21413015904216,2023-08-19 19:40:58+00:00,Oil & Gas (1B2),CH4,mf,"[-102.21811102988246, 31.69185163107288, -102.21198033139504, 31.697023041406798]",GAO,production,2024-01-02 20:41:47.968845+00:00,2025-03-25 22:35:35.979442+00:00,v1,,,,,,,5.953125,0.28564453125,144.43578373659022,8.435721954461656,hrrr,Global Airborne Observatory,ASU GDCS,https://api.carbonmapper.org/api/v1/catalog/asset/l3a-vis-ch4-mf-v002/2023/08/19/GAO20230819t194058p0000-F/GAO20230819t194058p0000-F_l3a-vis-ch4-mf-v002_plume.tif,https://api.carbonmapper.org/api/v1/catalog/asset/l3a-vis-ch4-mf-v002/2023/08/19/GAO20230819t194058p0000-F/GAO20230819t194058p0000-F_l3a-vis-ch4-mf-v002_plume.png,,https://api.carbonmapper.org/api/v1/catalog/asset/l3a-vis-ch4-mf-v002/2023/08/19/GAO20230819t194058p0000-F/GAO20230819t194058p0000-F_l3a-vis-ch4-mf-v002_rgb.tif,https://api.carbonmapper.org/api/v1/catalog/asset/l3a-vis-ch4-mf-v002/2023/08/19/GAO20230819t194058p0000-F/GAO20230819t194058p0000-F_l3a-vis-ch4-mf-v002_rgb.png,1,EMIT_L2A_RFL_001_20230820T192855_2323213_028,/mnt/engg-leung/Research_No9_Methane_Emissions/Yuyao/raw_data_dir_l89_L2SR/EMIT_simulated_landsat9/GAO20230819t194058p0000-F_sim_L9.tif,/mnt/engg-leung/Research_No9_Methane_Emissions/Yuyao/Dataset/data_dir_l89_L2SR/plume_masks_l89_512/GAO20230819t194058p0000-F/mask_30m_512.tif
GAO20230819t194733p0000-A,31.78479418801315,-102.24497736190662,2023-08-19 19:47:33+00:00,Oil & Gas (1B2),CH4,mf,"[-102.24845410834604, 31.782054221794443, -102.24231722871556, 31.787270776432]",GAO,production,2024-01-02 20:41:47.901973+00:00,2025-03-25 23:31:35.415370+00:00,v1,,,,,42.757650070024255,2.16530976046713,5.78515625,0.29296875,144.41600350875387,8.248110580668888,hrrr,Global Airborne Observatory,ASU GDCS,https://api.carbonmapper.org/api/v1/catalog/asset/l3a-vis-ch4-mf-v002/2023/08/19/GAO20230819t194733p0000-A/GAO20230819t194733p0000-A_l3a-vis-ch4-mf-v002_plume.tif,https://api.carbonmapper.org/api/v1/catalog/asset/l3a-vis-ch4-mf-v002/2023/08/19/GAO20230819t194733p0000-A/GAO20230819t194733p0000-A_l3a-vis-ch4-mf-v002_plume.png,,https://api.carbonmapper.org/api/v1/catalog/asset/l3a-vis-ch4-mf-v002/2023/08/19/GAO20230819t194733p0000-A/GAO20230819t194733p0000-A_l3a-vis-ch4-mf-v002_rgb.tif,https://api.carbonmapper.org/api/v1/catalog/asset/l3a-vis-ch4-mf-v002/2023/08/19/GAO20230819t194733p0000-A/GAO20230819t194733p0000-A_l3a-vis-ch4-mf-v002_rgb.png,1,EMIT_L2A_RFL_001_20230820T192855_2323213_028,/mnt/engg-leung/Research_No9_Methane_Emissions/Yuyao/raw_data_dir_l89_L2SR/EMIT_simulated_landsat9/GAO20230819t194733p0000-A_sim_L9.tif,/mnt/engg-leung/Research_No9_Methane_Emissions/Yuyao/Dataset/data_dir_l89_L2SR/plume_masks_l89_512/GAO20230819t194733p0000-A/mask_30m_512.tif
GAO20230819t194733p0000-F,31.70411721427556,-102.25289720480906,2023-08-19 19:47:33+00:00,Oil & Gas (1B2),CH4,mf,"[-102.25641018938528, 31.702060236982433, -102.25027853844092, 31.70727685117011]",GAO,production,2024-01-02 20:41:47.936140+00:00,2025-03-25 22:57:16.560728+00:00,v1,,,,,30.89573505816229,12.338987355000176,5.921875,0.308349609375,143.99743585603713,8.563344496246726,hrrr,Global Airborne Observatory,ASU GDCS,https://api.carbonmapper.org/api/v1/catalog/asset/l3a-vis-ch4-mf-v002/2023/08/19/GAO20230819t194733p0000-F/GAO20230819t194733p0000-F_l3a-vis-ch4-mf-v002_plume.tif,https://api.carbonmapper.org/api/v1/catalog/asset/l3a-vis-ch4-mf-v002/2023/08/19/GAO20230819t194733p0000-F/GAO20230819t194733p0000-F_l3a-vis-ch4-mf-v002_plume.png,,https://api.carbonmapper.org/api/v1/catalog/asset/l3a-vis-ch4-mf-v002/2023/08/19/GAO20230819t194733p0000-F/GAO20230819t194733p0000-F_l3a-vis-ch4-mf-v002_rgb.tif,https://api.carbonmapper.org/api/v1/catalog/asset/l3a-vis-ch4-mf-v002/2023/08/19/GAO20230819t194733p0000-F/GAO20230819t194733p0000-F_l3a-vis-ch4-mf-v002_rgb.png,1,EMIT_L2A_RFL_001_20230820T192855_2323213_028,/mnt/engg-leung/Research_No9_Methane_Emissions/Yuyao/raw_data_dir_l89_L2SR/EMIT_simulated_landsat9/GAO20230819t194733p0000-F_sim_L9.tif,/mnt/engg-leung/Research_No9_Methane_Emissions/Yuyao/Dataset/data_dir_l89_L2SR/plume_masks_l89_512/GAO20230819t194733p0000-F/mask_30m_512.tif
GAO20230819t195323p0000-C,31.67432435392068,-102.24898357319114,2023-08-19 19:53:23+00:00,Oil & Gas (1B2),CH4,mf,"[-102.25229065691535, 31.671854059796683, -102.2462141368314, 31.677025454521065]",GAO,production,2023-12-08 17:02:51.926211+00:00,2025-03-25 23:31:14.471711+00:00,v1,,,,,,,5.94140625,0.27587890625,143.10160190487662,9.218771618047452,hrrr,Global Airborne Observatory,ASU GDCS,https://api.carbonmapper.org/api/v1/catalog/asset/l3a-vis-ch4-mf-v002/2023/08/19/GAO20230819t195323p0000-C/GAO20230819t195323p0000-C_l3a-vis-ch4-mf-v002_plume.tif,https://api.carbonmapper.org/api/v1/catalog/asset/l3a-vis-ch4-mf-v002/2023/08/19/GAO20230819t195323p0000-C/GAO20230819t195323p0000-C_l3a-vis-ch4-mf-v002_plume.png,,https://api.carbonmapper.org/api/v1/catalog/asset/l3a-vis-ch4-mf-v002/2023/08/19/GAO20230819t195323p0000-C/GAO20230819t195323p0000-C_l3a-vis-ch4-mf-v002_rgb.tif,https://api.carbonmapper.org/api/v1/catalog/asset/l3a-vis-ch4-mf-v002/2023/08/19/GAO20230819t195323p0000-C/GAO20230819t195323p0000-C_l3a-vis-ch4-mf-v002_rgb.png,1,EMIT_L2A_RFL_001_20230820T192855_2323213_028,/mnt/engg-leung/Research_No9_Methane_Emissions/Yuyao/raw_data_dir_l89_L2SR/EMIT_simulated_landsat9/GAO20230819t195323p0000-C_sim_L9.tif,/mnt/engg-leung/Research_No9_Methane_Emissions/Yuyao/Dataset/data_dir_l89_L2SR/plume_masks_l89_512/GAO20230819t195323p0000-C/mask_30m_512.tif
GAO20230819t195323p0000-F,31.734471323407817,-102.28065710889518,2023-08-19 19:53:23+00:00,Oil & Gas (1B2),CH4,mf,"[-102.28402066881044, 31.731823893233916, -102.27788696963935, 31.737040574752907]",GAO,production,2023-12-08 17:02:43.055597+00:00,2025-03-25 23:31:41.989222+00:00,v1,,,,,292.5242070800173,61.14776654909628,5.8828125,0.3125,144.04904476540577,8.406949855785474,hrrr,Global Airborne Observatory,ASU GDCS,https://api.carbonmapper.org/api/v1/catalog/asset/l3a-vis-ch4-mf-v002/2023/08/19/GAO20230819t195323p0000-F/GAO20230819t195323p0000-F_l3a-vis-ch4-mf-v002_plume.tif,https://api.carbonmapper.org/api/v1/catalog/asset/l3a-vis-ch4-mf-v002/2023/08/19/GAO20230819t195323p0000-F/GAO20230819t195323p0000-F_l3a-vis-ch4-mf-v002_plume.png,,https://api.carbonmapper.org/api/v1/catalog/asset/l3a-vis-ch4-mf-v002/2023/08/19/GAO20230819t195323p0000-F/GAO20230819t195323p0000-F_l3a-vis-ch4-mf-v002_rgb.tif,https://api.carbonmapper.org/api/v1/catalog/asset/l3a-vis-ch4-mf-v002/2023/08/19/GAO20230819t195323p0000-F/GAO20230819t195323p0000-F_l3a-vis-ch4-mf-v002_rgb.png,1,EMIT_L2A_RFL_001_20230820T192855_2323213_028,/mnt/engg-leung/Research_No9_Methane_Emissions/Yuyao/raw_data_dir_l89_L2SR/EMIT_simulated_landsat9/GAO20230819t195323p0000-F_sim_L9.tif,/mnt/engg-leung/Research_No9_Methane_Emissions/Yuyao/Dataset/data_dir_l89_L2SR/plume_masks_l89_512/GAO20230819t195323p0000-F/mask_30m_512.tif
GAO20230819t195323p0000-G,31.82106838274889,-102.27049719036977,2023-08-19 19:53:23+00:00,Oil & Gas (1B2),CH4,mf,"[-102.27387705268141, 31.818627737416243, -102.26779074756013, 31.823844224307667]",GAO,production,2024-01-02 20:41:48.044993+00:00,2025-03-25 23:31:42.119848+00:00,v1,,,,,,,5.8828125,0.31787109375,144.4224648677087,8.417130907144129,hrrr,Global Airborne Observatory,ASU GDCS,https://api.carbonmapper.org/api/v1/catalog/asset/l3a-vis-ch4-mf-v002/2023/08/19/GAO20230819t195323p0000-G/GAO20230819t195323p0000-G_l3a-vis-ch4-mf-v002_plume.tif,https://api.carbonmapper.org/api/v1/catalog/asset/l3a-vis-ch4-mf-v002/2023/08/19/GAO20230819t195323p0000-G/GAO20230819t195323p0000-G_l3a-vis-ch4-mf-v002_plume.png,,https://api.carbonmapper.org/api/v1/catalog/asset/l3a-vis-ch4-mf-v002/2023/08/19/GAO20230819t195323p0000-G/GAO20230819t195323p0000-G_l3a-vis-ch4-mf-v002_rgb.tif,https://api.carbonmapper.org/api/v1/catalog/asset/l3a-vis-ch4-mf-v002/2023/08/19/GAO20230819t195323p0000-G/GAO20230819t195323p0000-G_l3a-vis-ch4-mf-v002_rgb.png,1,EMIT_L2A_RFL_001_20230820T192855_2323213_028,/mnt/engg-leung/Research_No9_Methane_Emissions/Yuyao/raw_data_dir_l89_L2SR/EMIT_simulated_landsat9/GAO20230819t195323p0000-G_sim_L9.tif,/mnt/engg-leung/Research_No9_Methane_Emissions/Yuyao/Dataset/data_dir_l89_L2SR/plume_masks_l89_512/GAO20230819t195323p0000-G/mask_30m_512.tif
GAO20230819t200018p0000-A,31.66173513869974,-102.2971558599184,2023-08-19 20:00:18+00:00,Oil & Gas (1B2),CH4,mf,"[-102.30036528448532, 31.65935458921136, -102.29428941189865, 31.66452612876479]",GAO,production,2024-01-02 20:41:47.860322+00:00,2025-03-25 22:55:04.316857+00:00,v1,,,,,199.39854356604243,29.1305913777656,6.1953125,0.36669921875,136.33410021106624,6.062419965493362,hrrr,Global Airborne Observatory,ASU GDCS,https://api.carbonmapper.org/api/v1/catalog/asset/l3a-vis-ch4-mf-v002/2023/08/19/GAO20230819t200018p0000-A/GAO20230819t200018p0000-A_l3a-vis-ch4-mf-v002_plume.tif,https://api.carbonmapper.org/api/v1/catalog/asset/l3a-vis-ch4-mf-v002/2023/08/19/GAO20230819t200018p0000-A/GAO20230819t200018p0000-A_l3a-vis-ch4-mf-v002_plume.png,,https://api.carbonmapper.org/api/v1/catalog/asset/l3a-vis-ch4-mf-v002/2023/08/19/GAO20230819t200018p0000-A/GAO20230819t200018p0000-A_l3a-vis-ch4-mf-v002_rgb.tif,https://api.carbonmapper.org/api/v1/catalog/asset/l3a-vis-ch4-mf-v002/2023/08/19/GAO20230819t200018p0000-A/GAO20230819t200018p0000-A_l3a-vis-ch4-mf-v002_rgb.png,1,EMIT_L2A_RFL_001_20230820T192855_2323213_028,/mnt/engg-leung/Research_No9_Methane_Emissions/Yuyao/raw_data_dir_l89_L2SR/EMIT_simulated_landsat9/GAO20230819t200018p0000-A_sim_L9.tif,/mnt/engg-leung/Research_No9_Methane_Emissions/Yuyao/Dataset/data_dir_l89_L2SR/plume_masks_l89_512/GAO20230819t200018p0000-A/mask_30m_512.tif
GAO20230819t200018p0000-B,31.73447496103782,-102.28060001262276,2023-08-19 20:00:18+00:00,Oil & Gas (1B2),CH4,mf,"[-102.28401671340721, 31.731959103270775, -102.27788315498495, 31.737130688435435]",GAO,production,2023-12-08 17:02:43.011290+00:00,2025-03-25 23:33:43.615918+00:00,v1,,,,,,,6.25390625,0.386474609375,136.31576798333393,6.683457373573029,hrrr,Global Airborne Observatory,ASU GDCS,https://api.carbonmapper.org/api/v1/catalog/asset/l3a-vis-ch4-mf-v002/2023/08/19/GAO20230819t200018p0000-B/GAO20230819t200018p0000-B_l3a-vis-ch4-mf-v002_plume.tif,https://api.carbonmapper.org/api/v1/catalog/asset/l3a-vis-ch4-mf-v002/2023/08/19/GAO20230819t200018p0000-B/GAO20230819t200018p0000-B_l3a-vis-ch4-mf-v002_plume.png,,https://api.carbonmapper.org/api/v1/catalog/asset/l3a-vis-ch4-mf-v002/2023/08/19/GAO20230819t200018p0000-B/GAO20230819t200018p0000-B_l3a-vis-ch4-mf-v002_rgb.tif,https://api.carbonmapper.org/api/v1/catalog/asset/l3a-vis-ch4-mf-v002/2023/08/19/GAO20230819t200018p0000-B/GAO20230819t200018p0000-B_l3a-vis-ch4-mf-v002_rgb.png,1,EMIT_L2A_RFL_001_20230820T192855_2323213_028,/mnt/engg-leung/Research_No9_Methane_Emissions/Yuyao/raw_data_dir_l89_L2SR/EMIT_simulated_landsat9/GAO20230819t200018p0000-B_sim_L9.tif,/mnt/engg-leung/Research_No9_Methane_Emissions/Yuyao/Dataset/data_dir_l89_L2SR/plume_masks_l89_512/GAO20230819t200018p0000-B/mask_30m_512.tif
GAO20230819t200018p0000-C,31.75806434338257,-102.28672678854456,2023-08-19 20:00:18+00:00,Oil & Gas (1B2),CH4,mf,"[-102.29159859038123, 31.75601854981025, -102.28551631286172, 31.761235116472022]",GAO,production,2023-12-08 17:02:25.712513+00:00,2025-03-25 22:55:59.803768+00:00,v1,,,,,837.9291122622063,397.0512157082804,6.234375,0.37255859375,136.60366045684995,5.831890220931209,hrrr,Global Airborne Observatory,ASU GDCS,https://api.carbonmapper.org/api/v1/catalog/asset/l3a-vis-ch4-mf-v002/2023/08/19/GAO20230819t200018p0000-C/GAO20230819t200018p0000-C_l3a-vis-ch4-mf-v002_plume.tif,https://api.carbonmapper.org/api/v1/catalog/asset/l3a-vis-ch4-mf-v002/2023/08/19/GAO20230819t200018p0000-C/GAO20230819t200018p0000-C_l3a-vis-ch4-mf-v002_plume.png,,https://api.carbonmapper.org/api/v1/catalog/asset/l3a-vis-ch4-mf-v002/2023/08/19/GAO20230819t200018p0000-C/GAO20230819t200018p0000-C_l3a-vis-ch4-mf-v002_rgb.tif,https://api.carbonmapper.org/api/v1/catalog/asset/l3a-vis-ch4-mf-v002/2023/08/19/GAO20230819t200018p0000-C/GAO20230819t200018p0000-C_l3a-vis-ch4-mf-v002_rgb.png,1,EMIT_L2A_RFL_001_20230820T192855_2323213_028,/mnt/engg-leung/Research_No9_Methane_Emissions/Yuyao/raw_data_dir_l89_L2SR/EMIT_simulated_landsat9/GAO20230819t200018p0000-C_sim_L9.tif,/mnt/engg-leung/Research_No9_Methane_Emissions/Yuyao/Dataset/data_dir_l89_L2SR/plume_masks_l89_512/GAO20230819t200018p0000-C/mask_30m_512.tif
GAO20230820t160517p0000-A,31.75800794526748,-102.28662017703437,2023-08-20 16:05:17+00:00,Oil & Gas (1B2),CH4,mf,"[-102.29096328408225, 31.756093961787972, -102.28482796634925, 31.761310652453883]",GAO,production,2024-01-02 20:41:48.606943+00:00,2025-03-25 22:54:46.594954+00:00,v1,,,,,451.8703085458872,74.24073464998978,6.42578125,0.2142333984375,143.74495108317845,9.137099495168634,hrrr,Global Airborne Observatory,ASU GDCS,https://api.carbonmapper.org/api/v1/catalog/asset/l3a-vis-ch4-mf-v002/2023/08/20/GAO20230820t160517p0000-A/GAO20230820t160517p0000-A_l3a-vis-ch4-mf-v002_plume.tif,https://api.carbonmapper.org/api/v1/catalog/asset/l3a-vis-ch4-mf-v002/2023/08/20/GAO20230820t160517p0000-A/GAO20230820t160517p0000-A_l3a-vis-ch4-mf-v002_plume.png,,https://api.carbonmapper.org/api/v1/catalog/asset/l3a-vis-ch4-mf-v002/2023/08/20/GAO20230820t160517p0000-A/GAO20230820t160517p0000-A_l3a-vis-ch4-mf-v002_rgb.tif,https://api.carbonmapper.org/api/v1/catalog/asset/l3a-vis-ch4-mf-v002/2023/08/20/GAO20230820t160517p0000-A/GAO20230820t160517p0000-A_l3a-vis-ch4-mf-v002_rgb.png,1,EMIT_L2A_RFL_001_20230820T192855_2323213_028,/mnt/engg-leung/Research_No9_Methane_Emissions/Yuyao/raw_data_dir_l89_L2SR/EMIT_simulated_landsat9/GAO20230820t160517p0000-A_sim_L9.tif,/mnt/engg-leung/Research_No9_Methane_Emissions/Yuyao/Dataset/data_dir_l89_L2SR/plume_masks_l89_512/GAO20230820t160517p0000-A/mask_30m_512.tif
GAO20230820t161142p0000-A,31.734435498583466,-102.280631053932,2023-08-20 16:11:42+00:00,Oil & Gas (1B2),CH4,mf,"[-102.28380566954013, 31.731955819546013, -102.27772498603846, 31.737172374435023]",GAO,production,2024-01-02 20:41:48.486279+00:00,2025-03-25 23:30:32.905301+00:00,v1,,,,,,,6.41796875,0.201416015625,143.51116736826725,9.628034324016156,hrrr,Global Airborne Observatory,ASU GDCS,https://api.carbonmapper.org/api/v1/catalog/asset/l3a-vis-ch4-mf-v002/2023/08/20/GAO20230820t161142p0000-A/GAO20230820t161142p0000-A_l3a-vis-ch4-mf-v002_plume.tif,https://api.carbonmapper.org/api/v1/catalog/asset/l3a-vis-ch4-mf-v002/2023/08/20/GAO20230820t161142p0000-A/GAO20230820t161142p0000-A_l3a-vis-ch4-mf-v002_plume.png,,https://api.carbonmapper.org/api/v1/catalog/asset/l3a-vis-ch4-mf-v002/2023/08/20/GAO20230820t161142p0000-A/GAO20230820t161142p0000-A_l3a-vis-ch4-mf-v002_rgb.tif,https://api.carbonmapper.org/api/v1/catalog/asset/l3a-vis-ch4-mf-v002/2023/08/20/GAO20230820t161142p0000-A/GAO20230820t161142p0000-A_l3a-vis-ch4-mf-v002_rgb.png,1,EMIT_L2A_RFL_001_20230820T192855_2323213_028,/mnt/engg-leung/Research_No9_Methane_Emissions/Yuyao/raw_data_dir_l89_L2SR/EMIT_simulated_landsat9/GAO20230820t161142p0000-A_sim_L9.tif,/mnt/engg-leung/Research_No9_Methane_Emissions/Yuyao/Dataset/data_dir_l89_L2SR/plume_masks_l89_512/GAO20230820t161142p0000-A/mask_30m_512.tif
GAO20230820t161142p0000-B,31.674366932473788,-102.24888679471148,2023-08-20 16:11:42+00:00,Oil & Gas (1B2),CH4,mf,"[-102.25218412415812, 31.671895563214964, -102.24605446446742, 31.67711217855739]",GAO,production,2024-01-02 20:41:48.570306+00:00,2025-03-25 22:54:44.703055+00:00,v1,,,,,320.2462234693925,129.434587683062,6.44140625,0.298095703125,143.74723236636123,8.737794482780892,hrrr,Global Airborne Observatory,ASU GDCS,https://api.carbonmapper.org/api/v1/catalog/asset/l3a-vis-ch4-mf-v002/2023/08/20/GAO20230820t161142p0000-B/GAO20230820t161142p0000-B_l3a-vis-ch4-mf-v002_plume.tif,https://api.carbonmapper.org/api/v1/catalog/asset/l3a-vis-ch4-mf-v002/2023/08/20/GAO20230820t161142p0000-B/GAO20230820t161142p0000-B_l3a-vis-ch4-mf-v002_plume.png,,https://api.carbonmapper.org/api/v1/catalog/asset/l3a-vis-ch4-mf-v002/2023/08/20/GAO20230820t161142p0000-B/GAO20230820t161142p0000-B_l3a-vis-ch4-mf-v002_rgb.tif,https://api.carbonmapper.org/api/v1/catalog/asset/l3a-vis-ch4-mf-v002/2023/08/20/GAO20230820t161142p0000-B/GAO20230820t161142p0000-B_l3a-vis-ch4-mf-v002_rgb.png,1,EMIT_L2A_RFL_001_20230820T192855_2323213_028,/mnt/engg-leung/Research_No9_Methane_Emissions/Yuyao/raw_data_dir_l89_L2SR/EMIT_simulated_landsat9/GAO20230820t161142p0000-B_sim_L9.tif,/mnt/engg-leung/Research_No9_Methane_Emissions/Yuyao/Dataset/data_dir_l89_L2SR/plume_masks_l89_512/GAO20230820t161142p0000-B/mask_30m_512.tif
GAO20230820t161902p0000-A,31.784821809516984,-102.24496458558453,2023-08-20 16:19:02+00:00,Oil & Gas (1B2),CH4,mf,"[-102.24844726977953, 31.78228077399937, -102.24236342624165, 31.787497202715677]",GAO,production,2024-01-02 20:41:48.399217+00:00,2025-03-25 22:54:36.092576+00:00,v1,,,,,179.15206873124532,67.15068537750146,6.32421875,0.09613037109375,142.39504615599546,11.605959038711054,hrrr,Global Airborne Observatory,ASU GDCS,https://api.carbonmapper.org/api/v1/catalog/asset/l3a-vis-ch4-mf-v002/2023/08/20/GAO20230820t161902p0000-A/GAO20230820t161902p0000-A_l3a-vis-ch4-mf-v002_plume.tif,https://api.carbonmapper.org/api/v1/catalog/asset/l3a-vis-ch4-mf-v002/2023/08/20/GAO20230820t161902p0000-A/GAO20230820t161902p0000-A_l3a-vis-ch4-mf-v002_plume.png,,https://api.carbonmapper.org/api/v1/catalog/asset/l3a-vis-ch4-mf-v002/2023/08/20/GAO20230820t161902p0000-A/GAO20230820t161902p0000-A_l3a-vis-ch4-mf-v002_rgb.tif,https://api.carbonmapper.org/api/v1/catalog/asset/l3a-vis-ch4-mf-v002/2023/08/20/GAO20230820t161902p0000-A/GAO20230820t161902p0000-A_l3a-vis-ch4-mf-v002_rgb.png,1,EMIT_L2A_RFL_001_20230820T192855_2323213_028,/mnt/engg-leung/Research_No9_Methane_Emissions/Yuyao/raw_data_dir_l89_L2SR/EMIT_simulated_landsat9/GAO20230820t161902p0000-A_sim_L9.tif,/mnt/engg-leung/Research_No9_Methane_Emissions/Yuyao/Dataset/data_dir_l89_L2SR/plume_masks_l89_512/GAO20230820t161902p0000-A/mask_30m_512.tif
GAO20230820t161902p0000-B,31.674369351183984,-102.24877495391372,2023-08-20 16:19:02+00:00,Oil & Gas (1B2),CH4,mf,"[-102.25206795684615, 31.672255050792366, -102.24599141149513, 31.67742644468844]",GAO,production,2024-01-02 20:41:48.441531+00:00,2025-03-25 22:54:39.677327+00:00,v1,,,,,354.85231055456643,51.54159049134548,6.44140625,0.298095703125,143.74723236636123,8.737794482780892,hrrr,Global Airborne Observatory,ASU GDCS,https://api.carbonmapper.org/api/v1/catalog/asset/l3a-vis-ch4-mf-v002/2023/08/20/GAO20230820t161902p0000-B/GAO20230820t161902p0000-B_l3a-vis-ch4-mf-v002_plume.tif,https://api.carbonmapper.org/api/v1/catalog/asset/l3a-vis-ch4-mf-v002/2023/08/20/GAO20230820t161902p0000-B/GAO20230820t161902p0000-B_l3a-vis-ch4-mf-v002_plume.png,,https://api.carbonmapper.org/api/v1/catalog/asset/l3a-vis-ch4-mf-v002/2023/08/20/GAO20230820t161902p0000-B/GAO20230820t161902p0000-B_l3a-vis-ch4-mf-v002_rgb.tif,https://api.carbonmapper.org/api/v1/catalog/asset/l3a-vis-ch4-mf-v002/2023/08/20/GAO20230820t161902p0000-B/GAO20230820t161902p0000-B_l3a-vis-ch4-mf-v002_rgb.png,1,EMIT_L2A_RFL_001_20230820T192855_2323213_028,/mnt/engg-leung/Research_No9_Methane_Emissions/Yuyao/raw_data_dir_l89_L2SR/EMIT_simulated_landsat9/GAO20230820t161902p0000-B_sim_L9.tif,/mnt/engg-leung/Research_No9_Methane_Emissions/Yuyao/Dataset/data_dir_l89_L2SR/plume_masks_l89_512/GAO20230820t161902p0000-B/mask_30m_512.tif
GAO20230820t161902p0000-C,31.704137196347503,-102.25289685528476,2023-08-20 16:19:02+00:00,Oil & Gas (1B2),CH4,mf,"[-102.25640737278091, 31.702151610095544, -102.25032872181731, 31.707368098214307]",GAO,production,2024-01-02 22:39:31.659569+00:00,2025-03-25 22:44:05.693836+00:00,v1,,,,,296.9695155387771,85.77217687813655,6.4453125,0.2418212890625,143.697085117475,9.168409503073516,hrrr,Global Airborne Observatory,ASU GDCS,https://api.carbonmapper.org/api/v1/catalog/asset/l3a-vis-ch4-mf-v002/2023/08/20/GAO20230820t161902p0000-C/GAO20230820t161902p0000-C_l3a-vis-ch4-mf-v002_plume.tif,https://api.carbonmapper.org/api/v1/catalog/asset/l3a-vis-ch4-mf-v002/2023/08/20/GAO20230820t161902p0000-C/GAO20230820t161902p0000-C_l3a-vis-ch4-mf-v002_plume.png,,https://api.carbonmapper.org/api/v1/catalog/asset/l3a-vis-ch4-mf-v002/2023/08/20/GAO20230820t161902p0000-C/GAO20230820t161902p0000-C_l3a-vis-ch4-mf-v002_rgb.tif,https://api.carbonmapper.org/api/v1/catalog/asset/l3a-vis-ch4-mf-v002/2023/08/20/GAO20230820t161902p0000-C/GAO20230820t161902p0000-C_l3a-vis-ch4-mf-v002_rgb.png,1,EMIT_L2A_RFL_001_20230820T192855_2323213_028,/mnt/engg-leung/Research_No9_Methane_Emissions/Yuyao/raw_data_dir_l89_L2SR/EMIT_simulated_landsat9/GAO20230820t161902p0000-C_sim_L9.tif,/mnt/engg-leung/Research_No9_Methane_Emissions/Yuyao/Dataset/data_dir_l89_L2SR/plume_masks_l89_512/GAO20230820t161902p0000-C/mask_30m_512.tif
GAO20230820t162503p0000-A,31.764434138695776,-102.22705737131618,2023-08-20 16:25:03+00:00,Oil & Gas (1B2),CH4,mf,"[-102.2316040992089, 31.762978847158465, -102.2255215730713, 31.76819523471875]",GAO,production,2024-01-02 20:41:48.309769+00:00,2025-03-25 22:54:26.741964+00:00,v1,,,,,357.0079302066813,95.83761150667426,6.35546875,0.128173828125,142.5803491881779,11.233124519942074,hrrr,Global Airborne Observatory,ASU GDCS,https://api.carbonmapper.org/api/v1/catalog/asset/l3a-vis-ch4-mf-v002/2023/08/20/GAO20230820t162503p0000-A/GAO20230820t162503p0000-A_l3a-vis-ch4-mf-v002_plume.tif,https://api.carbonmapper.org/api/v1/catalog/asset/l3a-vis-ch4-mf-v002/2023/08/20/GAO20230820t162503p0000-A/GAO20230820t162503p0000-A_l3a-vis-ch4-mf-v002_plume.png,,https://api.carbonmapper.org/api/v1/catalog/asset/l3a-vis-ch4-mf-v002/2023/08/20/GAO20230820t162503p0000-A/GAO20230820t162503p0000-A_l3a-vis-ch4-mf-v002_rgb.tif,https://api.carbonmapper.org/api/v1/catalog/asset/l3a-vis-ch4-mf-v002/2023/08/20/GAO20230820t162503p0000-A/GAO20230820t162503p0000-A_l3a-vis-ch4-mf-v002_rgb.png,1,EMIT_L2A_RFL_001_20230820T192855_2323213_028,/mnt/engg-leung/Research_No9_Methane_Emissions/Yuyao/raw_data_dir_l89_L2SR/EMIT_simulated_landsat9/GAO20230820t162503p0000-A_sim_L9.tif,/mnt/engg-leung/Research_No9_Methane_Emissions/Yuyao/Dataset/data_dir_l89_L2SR/plume_masks_l89_512/GAO20230820t162503p0000-A/mask_30m_512.tif
GAO20230820t162503p0000-B,31.746809396941146,-102.2133780313122,2023-08-20 16:25:03+00:00,Oil & Gas (1B2),CH4,mf,"[-102.21711889966687, 31.744447870879547, -102.21103778005602, 31.74961913013927]",GAO,production,2024-01-02 20:41:48.352409+00:00,2025-03-25 22:54:29.486035+00:00,v1,,,,,121.04007905026248,6.5265725733889735,6.3515625,0.2349853515625,141.96391095520593,11.75364049679179,hrrr,Global Airborne Observatory,ASU GDCS,https://api.carbonmapper.org/api/v1/catalog/asset/l3a-vis-ch4-mf-v002/2023/08/20/GAO20230820t162503p0000-B/GAO20230820t162503p0000-B_l3a-vis-ch4-mf-v002_plume.tif,https://api.carbonmapper.org/api/v1/catalog/asset/l3a-vis-ch4-mf-v002/2023/08/20/GAO20230820t162503p0000-B/GAO20230820t162503p0000-B_l3a-vis-ch4-mf-v002_plume.png,,https://api.carbonmapper.org/api/v1/catalog/asset/l3a-vis-ch4-mf-v002/2023/08/20/GAO20230820t162503p0000-B/GAO20230820t162503p0000-B_l3a-vis-ch4-mf-v002_rgb.tif,https://api.carbonmapper.org/api/v1/catalog/asset/l3a-vis-ch4-mf-v002/2023/08/20/GAO20230820t162503p0000-B/GAO20230820t162503p0000-B_l3a-vis-ch4-mf-v002_rgb.png,1,EMIT_L2A_RFL_001_20230820T192855_2323213_028,/mnt/engg-leung/Research_No9_Methane_Emissions/Yuyao/raw_data_dir_l89_L2SR/EMIT_simulated_landsat9/GAO20230820t162503p0000-B_sim_L9.tif,/mnt/engg-leung/Research_No9_Methane_Emissions/Yuyao/Dataset/data_dir_l89_L2SR/plume_masks_l89_512/GAO20230820t162503p0000-B/mask_30m_512.tif
GAO20230820t163227p0000-A,31.746809419220227,-102.21323038592791,2023-08-20 16:32:27+00:00,Oil & Gas (1B2),CH4,mf,"[-102.2166512623733, 31.744210938704843, -102.21051713254559, 31.749382321561797]",GAO,production,2024-01-02 22:39:31.800630+00:00,2025-03-25 22:30:57.071101+00:00,v1,,,,,185.76203830344176,98.85014790406088,6.3515625,0.2349853515625,141.96391095520593,11.75364049679179,hrrr,Global Airborne Observatory,ASU GDCS,https://api.carbonmapper.org/api/v1/catalog/asset/l3a-vis-ch4-mf-v002/2023/08/20/GAO20230820t163227p0000-A/GAO20230820t163227p0000-A_l3a-vis-ch4-mf-v002_plume.tif,https://api.carbonmapper.org/api/v1/catalog/asset/l3a-vis-ch4-mf-v002/2023/08/20/GAO20230820t163227p0000-A/GAO20230820t163227p0000-A_l3a-vis-ch4-mf-v002_plume.png,,https://api.carbonmapper.org/api/v1/catalog/asset/l3a-vis-ch4-mf-v002/2023/08/20/GAO20230820t163227p0000-A/GAO20230820t163227p0000-A_l3a-vis-ch4-mf-v002_rgb.tif,https://api.carbonmapper.org/api/v1/catalog/asset/l3a-vis-ch4-mf-v002/2023/08/20/GAO20230820t163227p0000-A/GAO20230820t163227p0000-A_l3a-vis-ch4-mf-v002_rgb.png,1,EMIT_L2A_RFL_001_20230820T192855_2323213_028,/mnt/engg-leung/Research_No9_Methane_Emissions/Yuyao/raw_data_dir_l89_L2SR/EMIT_simulated_landsat9/GAO20230820t163227p0000-A_sim_L9.tif,/mnt/engg-leung/Research_No9_Methane_Emissions/Yuyao/Dataset/data_dir_l89_L2SR/plume_masks_l89_512/GAO20230820t163227p0000-A/mask_30m_512.tif
GAO20230820t163227p0000-B,31.635808957806333,-102.18630058618136,2023-08-20 16:32:27+00:00,Oil & Gas (1B2),CH4,mf,"[-102.18997142243181, 31.633477862244508, -102.18384464402654, 31.638649214435482]",GAO,production,2024-01-02 20:41:48.268053+00:00,2025-03-25 22:54:25.665540+00:00,v1,,,,,161.57143376504476,13.37412437597993,6.20703125,0.47607421875,143.04976076907622,9.398096764362425,hrrr,Global Airborne Observatory,ASU GDCS,https://api.carbonmapper.org/api/v1/catalog/asset/l3a-vis-ch4-mf-v002/2023/08/20/GAO20230820t163227p0000-B/GAO20230820t163227p0000-B_l3a-vis-ch4-mf-v002_plume.tif,https://api.carbonmapper.org/api/v1/catalog/asset/l3a-vis-ch4-mf-v002/2023/08/20/GAO20230820t163227p0000-B/GAO20230820t163227p0000-B_l3a-vis-ch4-mf-v002_plume.png,,https://api.carbonmapper.org/api/v1/catalog/asset/l3a-vis-ch4-mf-v002/2023/08/20/GAO20230820t163227p0000-B/GAO20230820t163227p0000-B_l3a-vis-ch4-mf-v002_rgb.tif,https://api.carbonmapper.org/api/v1/catalog/asset/l3a-vis-ch4-mf-v002/2023/08/20/GAO20230820t163227p0000-B/GAO20230820t163227p0000-B_l3a-vis-ch4-mf-v002_rgb.png,1,EMIT_L2A_RFL_001_20230820T192855_2323213_028,/mnt/engg-leung/Research_No9_Methane_Emissions/Yuyao/raw_data_dir_l89_L2SR/EMIT_simulated_landsat9/GAO20230820t163227p0000-B_sim_L9.tif,/mnt/engg-leung/Research_No9_Methane_Emissions/Yuyao/Dataset/data_dir_l89_L2SR/plume_masks_l89_512/GAO20230820t163227p0000-B/mask_30m_512.tif
GAO20230820t163912p0000-A,31.81185295912232,-102.179445285401,2023-08-20 16:39:12+00:00,Oil & Gas (1B2),CH4,mf,"[-102.18321295509125, 31.809932534068608, -102.17707461715435, 31.815103788359732]",GAO,production,2023-12-04 18:37:41.583928+00:00,2025-03-25 23:00:21.238117+00:00,v1,,,,,576.7978898783371,135.45015976508662,6.27734375,0.1873779296875,141.02332560460346,13.293995711011291,hrrr,Global Airborne Observatory,ASU GDCS,https://api.carbonmapper.org/api/v1/catalog/asset/l3a-vis-ch4-mf-v002/2023/08/20/GAO20230820t163912p0000-A/GAO20230820t163912p0000-A_l3a-vis-ch4-mf-v002_plume.tif,https://api.carbonmapper.org/api/v1/catalog/asset/l3a-vis-ch4-mf-v002/2023/08/20/GAO20230820t163912p0000-A/GAO20230820t163912p0000-A_l3a-vis-ch4-mf-v002_plume.png,,https://api.carbonmapper.org/api/v1/catalog/asset/l3a-vis-ch4-mf-v002/2023/08/20/GAO20230820t163912p0000-A/GAO20230820t163912p0000-A_l3a-vis-ch4-mf-v002_rgb.tif,https://api.carbonmapper.org/api/v1/catalog/asset/l3a-vis-ch4-mf-v002/2023/08/20/GAO20230820t163912p0000-A/GAO20230820t163912p0000-A_l3a-vis-ch4-mf-v002_rgb.png,1,EMIT_L2A_RFL_001_20230820T192855_2323213_028,/mnt/engg-leung/Research_No9_Methane_Emissions/Yuyao/raw_data_dir_l89_L2SR/EMIT_simulated_landsat9/GAO20230820t163912p0000-A_sim_L9.tif,/mnt/engg-leung/Research_No9_Methane_Emissions/Yuyao/Dataset/data_dir_l89_L2SR/plume_masks_l89_512/GAO20230820t163912p0000-A/mask_30m_512.tif
GAO20230820t163912p0000-B,31.719726908777574,-102.16678205347183,2023-08-20 16:39:12+00:00,Oil & Gas (1B2),CH4,mf,"[-102.17013770317834, 31.71748766041302, -102.16405835561115, 31.722703883541044]",GAO,production,2024-01-02 22:39:31.749245+00:00,2025-03-25 22:54:11.071557+00:00,v1,,,,,214.45043574325288,29.42345279067924,6.3046875,0.385009765625,141.26921241472394,12.107847469163618,hrrr,Global Airborne Observatory,ASU GDCS,https://api.carbonmapper.org/api/v1/catalog/asset/l3a-vis-ch4-mf-v002/2023/08/20/GAO20230820t163912p0000-B/GAO20230820t163912p0000-B_l3a-vis-ch4-mf-v002_plume.tif,https://api.carbonmapper.org/api/v1/catalog/asset/l3a-vis-ch4-mf-v002/2023/08/20/GAO20230820t163912p0000-B/GAO20230820t163912p0000-B_l3a-vis-ch4-mf-v002_plume.png,,https://api.carbonmapper.org/api/v1/catalog/asset/l3a-vis-ch4-mf-v002/2023/08/20/GAO20230820t163912p0000-B/GAO20230820t163912p0000-B_l3a-vis-ch4-mf-v002_rgb.tif,https://api.carbonmapper.org/api/v1/catalog/asset/l3a-vis-ch4-mf-v002/2023/08/20/GAO20230820t163912p0000-B/GAO20230820t163912p0000-B_l3a-vis-ch4-mf-v002_rgb.png,1,EMIT_L2A_RFL_001_20230820T192855_2323213_028,/mnt/engg-leung/Research_No9_Methane_Emissions/Yuyao/raw_data_dir_l89_L2SR/EMIT_simulated_landsat9/GAO20230820t163912p0000-B_sim_L9.tif,/mnt/engg-leung/Research_No9_Methane_Emissions/Yuyao/Dataset/data_dir_l89_L2SR/plume_masks_l89_512/GAO20230820t163912p0000-B/mask_30m_512.tif
GAO20230820t163912p0000-C,31.706874754779463,-102.16211412111376,2023-08-20 16:39:12+00:00,Oil & Gas (1B2),CH4,mf,"[-102.16847274884482, 31.704556751932948, -102.16112550728866, 31.710852315769205]",GAO,production,2024-01-02 20:41:48.222304+00:00,2025-03-25 22:54:14.350503+00:00,v1,,,,,590.4759276965889,142.0031445555333,6.26953125,0.45263671875,141.64253689437848,11.368659720551728,hrrr,Global Airborne Observatory,ASU GDCS,https://api.carbonmapper.org/api/v1/catalog/asset/l3a-vis-ch4-mf-v002/2023/08/20/GAO20230820t163912p0000-C/GAO20230820t163912p0000-C_l3a-vis-ch4-mf-v002_plume.tif,https://api.carbonmapper.org/api/v1/catalog/asset/l3a-vis-ch4-mf-v002/2023/08/20/GAO20230820t163912p0000-C/GAO20230820t163912p0000-C_l3a-vis-ch4-mf-v002_plume.png,,https://api.carbonmapper.org/api/v1/catalog/asset/l3a-vis-ch4-mf-v002/2023/08/20/GAO20230820t163912p0000-C/GAO20230820t163912p0000-C_l3a-vis-ch4-mf-v002_rgb.tif,https://api.carbonmapper.org/api/v1/catalog/asset/l3a-vis-ch4-mf-v002/2023/08/20/GAO20230820t163912p0000-C/GAO20230820t163912p0000-C_l3a-vis-ch4-mf-v002_rgb.png,1,EMIT_L2A_RFL_001_20230820T192855_2323213_028,/mnt/engg-leung/Research_No9_Methane_Emissions/Yuyao/raw_data_dir_l89_L2SR/EMIT_simulated_landsat9/GAO20230820t163912p0000-C_sim_L9.tif,/mnt/engg-leung/Research_No9_Methane_Emissions/Yuyao/Dataset/data_dir_l89_L2SR/plume_masks_l89_512/GAO20230820t163912p0000-C/mask_30m_512.tif
GAO20230820t163912p0000-D,31.663513251761927,-102.15869111090038,2023-08-20 16:39:12+00:00,Oil & Gas (1B2),CH4,mf,"[-102.16639622958503, 31.66176890527255, -102.15746746847462, 31.669323446865615]",GAO,production,2023-12-04 18:38:58.537781+00:00,2025-03-25 22:54:17.640987+00:00,v1,,,,,530.2284357780859,149.03687582240246,6.203125,0.505859375,142.0534274144681,10.602374912214724,hrrr,Global Airborne Observatory,ASU GDCS,https://api.carbonmapper.org/api/v1/catalog/asset/l3a-vis-ch4-mf-v002/2023/08/20/GAO20230820t163912p0000-D/GAO20230820t163912p0000-D_l3a-vis-ch4-mf-v002_plume.tif,https://api.carbonmapper.org/api/v1/catalog/asset/l3a-vis-ch4-mf-v002/2023/08/20/GAO20230820t163912p0000-D/GAO20230820t163912p0000-D_l3a-vis-ch4-mf-v002_plume.png,,https://api.carbonmapper.org/api/v1/catalog/asset/l3a-vis-ch4-mf-v002/2023/08/20/GAO20230820t163912p0000-D/GAO20230820t163912p0000-D_l3a-vis-ch4-mf-v002_rgb.tif,https://api.carbonmapper.org/api/v1/catalog/asset/l3a-vis-ch4-mf-v002/2023/08/20/GAO20230820t163912p0000-D/GAO20230820t163912p0000-D_l3a-vis-ch4-mf-v002_rgb.png,1,EMIT_L2A_RFL_001_20230820T192855_2323213_028,/mnt/engg-leung/Research_No9_Methane_Emissions/Yuyao/raw_data_dir_l89_L2SR/EMIT_simulated_landsat9/GAO20230820t163912p0000-D_sim_L9.tif,/mnt/engg-leung/Research_No9_Methane_Emissions/Yuyao/Dataset/data_dir_l89_L2SR/plume_masks_l89_512/GAO20230820t163912p0000-D/mask_30m_512.tif
GAO20230820t164622p0000-A,31.70691554301149,-102.1621067416506,2023-08-20 16:46:22+00:00,Oil & Gas (1B2),CH4,mf,"[-102.16809696744052, 31.704728392303398, -102.16106715807506, 31.710753899535494]",GAO,production,2023-12-04 18:38:27.365690+00:00,2025-03-25 22:54:01.064213+00:00,v1,,,,,562.4047347842366,63.02724154993814,6.26953125,0.45263671875,141.64253689437848,11.368659720551728,hrrr,Global Airborne Observatory,ASU GDCS,https://api.carbonmapper.org/api/v1/catalog/asset/l3a-vis-ch4-mf-v002/2023/08/20/GAO20230820t164622p0000-A/GAO20230820t164622p0000-A_l3a-vis-ch4-mf-v002_plume.tif,https://api.carbonmapper.org/api/v1/catalog/asset/l3a-vis-ch4-mf-v002/2023/08/20/GAO20230820t164622p0000-A/GAO20230820t164622p0000-A_l3a-vis-ch4-mf-v002_plume.png,,https://api.carbonmapper.org/api/v1/catalog/asset/l3a-vis-ch4-mf-v002/2023/08/20/GAO20230820t164622p0000-A/GAO20230820t164622p0000-A_l3a-vis-ch4-mf-v002_rgb.tif,https://api.carbonmapper.org/api/v1/catalog/asset/l3a-vis-ch4-mf-v002/2023/08/20/GAO20230820t164622p0000-A/GAO20230820t164622p0000-A_l3a-vis-ch4-mf-v002_rgb.png,1,EMIT_L2A_RFL_001_20230820T192855_2323213_028,/mnt/engg-leung/Research_No9_Methane_Emissions/Yuyao/raw_data_dir_l89_L2SR/EMIT_simulated_landsat9/GAO20230820t164622p0000-A_sim_L9.tif,/mnt/engg-leung/Research_No9_Methane_Emissions/Yuyao/Dataset/data_dir_l89_L2SR/plume_masks_l89_512/GAO20230820t164622p0000-A/mask_30m_512.tif
GAO20230820t164622p0000-B,31.69970282941722,-102.15637220827104,2023-08-20 16:46:22+00:00,Oil & Gas (1B2),CH4,mf,"[-102.16658323232203, 31.697077874719884, -102.15490246430987, 31.707060748102837]",GAO,production,2023-12-04 18:38:37.720681+00:00,2025-03-25 22:54:04.555551+00:00,v1,,,,,512.4399244744075,189.82516822956256,6.26953125,0.45263671875,141.64253689437848,11.368659720551728,hrrr,Global Airborne Observatory,ASU GDCS,https://api.carbonmapper.org/api/v1/catalog/asset/l3a-vis-ch4-mf-v002/2023/08/20/GAO20230820t164622p0000-B/GAO20230820t164622p0000-B_l3a-vis-ch4-mf-v002_plume.tif,https://api.carbonmapper.org/api/v1/catalog/asset/l3a-vis-ch4-mf-v002/2023/08/20/GAO20230820t164622p0000-B/GAO20230820t164622p0000-B_l3a-vis-ch4-mf-v002_plume.png,,https://api.carbonmapper.org/api/v1/catalog/asset/l3a-vis-ch4-mf-v002/2023/08/20/GAO20230820t164622p0000-B/GAO20230820t164622p0000-B_l3a-vis-ch4-mf-v002_rgb.tif,https://api.carbonmapper.org/api/v1/catalog/asset/l3a-vis-ch4-mf-v002/2023/08/20/GAO20230820t164622p0000-B/GAO20230820t164622p0000-B_l3a-vis-ch4-mf-v002_rgb.png,1,EMIT_L2A_RFL_001_20230820T192855_2323213_028,/mnt/engg-leung/Research_No9_Methane_Emissions/Yuyao/raw_data_dir_l89_L2SR/EMIT_simulated_landsat9/GAO20230820t164622p0000-B_sim_L9.tif,/mnt/engg-leung/Research_No9_Methane_Emissions/Yuyao/Dataset/data_dir_l89_L2SR/plume_masks_l89_512/GAO20230820t164622p0000-B/mask_30m_512.tif
GAO20230820t164622p0000-C,31.663588050290954,-102.15868784462408,2023-08-20 16:46:22+00:00,Oil & Gas (1B2),CH4,mf,"[-102.16319626801334, 31.661379881559604, -102.15706776031624, 31.66655114083415]",GAO,production,2023-12-04 18:38:58.487892+00:00,2025-03-25 22:54:05.261784+00:00,v1,,,,,583.5640329694436,300.3735797667444,6.203125,0.505859375,142.0534274144681,10.602374912214724,hrrr,Global Airborne Observatory,ASU GDCS,https://api.carbonmapper.org/api/v1/catalog/asset/l3a-vis-ch4-mf-v002/2023/08/20/GAO20230820t164622p0000-C/GAO20230820t164622p0000-C_l3a-vis-ch4-mf-v002_plume.tif,https://api.carbonmapper.org/api/v1/catalog/asset/l3a-vis-ch4-mf-v002/2023/08/20/GAO20230820t164622p0000-C/GAO20230820t164622p0000-C_l3a-vis-ch4-mf-v002_plume.png,,https://api.carbonmapper.org/api/v1/catalog/asset/l3a-vis-ch4-mf-v002/2023/08/20/GAO20230820t164622p0000-C/GAO20230820t164622p0000-C_l3a-vis-ch4-mf-v002_rgb.tif,https://api.carbonmapper.org/api/v1/catalog/asset/l3a-vis-ch4-mf-v002/2023/08/20/GAO20230820t164622p0000-C/GAO20230820t164622p0000-C_l3a-vis-ch4-mf-v002_rgb.png,1,EMIT_L2A_RFL_001_20230820T192855_2323213_028,/mnt/engg-leung/Research_No9_Methane_Emissions/Yuyao/raw_data_dir_l89_L2SR/EMIT_simulated_landsat9/GAO20230820t164622p0000-C_sim_L9.tif,/mnt/engg-leung/Research_No9_Methane_Emissions/Yuyao/Dataset/data_dir_l89_L2SR/plume_masks_l89_512/GAO20230820t164622p0000-C/mask_30m_512.tif
GAO20230820t165237p0000-C,31.74806820549506,-102.12988577705768,2023-08-20 16:52:37+00:00,Oil & Gas (1B2),CH4,mf,"[-102.13461881384363, 31.74559341115402, -102.12853776295469, 31.75080951314656]",GAO,production,2023-12-04 18:38:18.557521+00:00,2025-03-25 22:53:46.332324+00:00,v1,,,,,182.6713968725396,119.19996903077164,6.26953125,0.387939453125,140.32211106365327,13.424617824995524,hrrr,Global Airborne Observatory,ASU GDCS,https://api.carbonmapper.org/api/v1/catalog/asset/l3a-vis-ch4-mf-v002/2023/08/20/GAO20230820t165237p0000-C/GAO20230820t165237p0000-C_l3a-vis-ch4-mf-v002_plume.tif,https://api.carbonmapper.org/api/v1/catalog/asset/l3a-vis-ch4-mf-v002/2023/08/20/GAO20230820t165237p0000-C/GAO20230820t165237p0000-C_l3a-vis-ch4-mf-v002_plume.png,,https://api.carbonmapper.org/api/v1/catalog/asset/l3a-vis-ch4-mf-v002/2023/08/20/GAO20230820t165237p0000-C/GAO20230820t165237p0000-C_l3a-vis-ch4-mf-v002_rgb.tif,https://api.carbonmapper.org/api/v1/catalog/asset/l3a-vis-ch4-mf-v002/2023/08/20/GAO20230820t165237p0000-C/GAO20230820t165237p0000-C_l3a-vis-ch4-mf-v002_rgb.png,1,EMIT_L2A_RFL_001_20230820T192855_2323213_028,/mnt/engg-leung/Research_No9_Methane_Emissions/Yuyao/raw_data_dir_l89_L2SR/EMIT_simulated_landsat9/GAO20230820t165237p0000-C_sim_L9.tif,/mnt/engg-leung/Research_No9_Methane_Emissions/Yuyao/Dataset/data_dir_l89_L2SR/plume_masks_l89_512/GAO20230820t165237p0000-C/mask_30m_512.tif
GAO20230820t165237p0000-D,31.687413057526456,-102.12684325303223,2023-08-20 16:52:37+00:00,Oil & Gas (1B2),CH4,mf,"[-102.13042146980244, 31.684948955772327, -102.1243445280718, 31.690119979923008]",GAO,production,2023-12-04 18:38:47.652131+00:00,2025-03-25 22:30:46.895950+00:00,v1,,,,,168.7604400857893,57.35824041140839,6.1953125,0.50537109375,140.6496186343554,12.419089637534787,hrrr,Global Airborne Observatory,ASU GDCS,https://api.carbonmapper.org/api/v1/catalog/asset/l3a-vis-ch4-mf-v002/2023/08/20/GAO20230820t165237p0000-D/GAO20230820t165237p0000-D_l3a-vis-ch4-mf-v002_plume.tif,https://api.carbonmapper.org/api/v1/catalog/asset/l3a-vis-ch4-mf-v002/2023/08/20/GAO20230820t165237p0000-D/GAO20230820t165237p0000-D_l3a-vis-ch4-mf-v002_plume.png,,https://api.carbonmapper.org/api/v1/catalog/asset/l3a-vis-ch4-mf-v002/2023/08/20/GAO20230820t165237p0000-D/GAO20230820t165237p0000-D_l3a-vis-ch4-mf-v002_rgb.tif,https://api.carbonmapper.org/api/v1/catalog/asset/l3a-vis-ch4-mf-v002/2023/08/20/GAO20230820t165237p0000-D/GAO20230820t165237p0000-D_l3a-vis-ch4-mf-v002_rgb.png,1,EMIT_L2A_RFL_001_20230820T192855_2323213_028,/mnt/engg-leung/Research_No9_Methane_Emissions/Yuyao/raw_data_dir_l89_L2SR/EMIT_simulated_landsat9/GAO20230820t165237p0000-D_sim_L9.tif,/mnt/engg-leung/Research_No9_Methane_Emissions/Yuyao/Dataset/data_dir_l89_L2SR/plume_masks_l89_512/GAO20230820t165237p0000-D/mask_30m_512.tif
GAO20230820t165949p0000-A,31.79664367052241,-102.12211844051048,2023-08-20 16:59:49+00:00,Oil & Gas (1B2),CH4,mf,"[-102.13357671426418, 31.792642772235137, -102.12003251248767, 31.80419905309672]",GAO,production,2023-12-04 18:37:51.690459+00:00,2025-03-25 22:45:37.774587+00:00,v1,,,,,561.2985143329951,55.9172932856172,6.19921875,0.358642578125,140.13134388013484,14.164047279877732,hrrr,Global Airborne Observatory,ASU GDCS,https://api.carbonmapper.org/api/v1/catalog/asset/l3a-vis-ch4-mf-v002/2023/08/20/GAO20230820t165949p0000-A/GAO20230820t165949p0000-A_l3a-vis-ch4-mf-v002_plume.tif,https://api.carbonmapper.org/api/v1/catalog/asset/l3a-vis-ch4-mf-v002/2023/08/20/GAO20230820t165949p0000-A/GAO20230820t165949p0000-A_l3a-vis-ch4-mf-v002_plume.png,,https://api.carbonmapper.org/api/v1/catalog/asset/l3a-vis-ch4-mf-v002/2023/08/20/GAO20230820t165949p0000-A/GAO20230820t165949p0000-A_l3a-vis-ch4-mf-v002_rgb.tif,https://api.carbonmapper.org/api/v1/catalog/asset/l3a-vis-ch4-mf-v002/2023/08/20/GAO20230820t165949p0000-A/GAO20230820t165949p0000-A_l3a-vis-ch4-mf-v002_rgb.png,1,EMIT_L2A_RFL_001_20230820T192855_2323213_028,/mnt/engg-leung/Research_No9_Methane_Emissions/Yuyao/raw_data_dir_l89_L2SR/EMIT_simulated_landsat9/GAO20230820t165949p0000-A_sim_L9.tif,/mnt/engg-leung/Research_No9_Methane_Emissions/Yuyao/Dataset/data_dir_l89_L2SR/plume_masks_l89_512/GAO20230820t165949p0000-A/mask_30m_512.tif
GAO20230820t170612p0000-A,31.620470196642444,-102.08328113790634,2023-08-20 17:06:12+00:00,Oil & Gas (1B2),CH4,mf,"[-102.0992882089401, 31.61553976178492, -102.0807529807357, 31.631322741641643]",GAO,production,2023-12-04 18:40:57.130456+00:00,2025-03-25 22:31:47.497389+00:00,v1,,,,,1211.2617140365228,230.86825306856653,6.57421875,0.78271484375,128.2160105711559,8.490021266087705,hrrr,Global Airborne Observatory,ASU GDCS,https://api.carbonmapper.org/api/v1/catalog/asset/l3a-vis-ch4-mf-v002/2023/08/20/GAO20230820t170612p0000-A/GAO20230820t170612p0000-A_l3a-vis-ch4-mf-v002_plume.tif,https://api.carbonmapper.org/api/v1/catalog/asset/l3a-vis-ch4-mf-v002/2023/08/20/GAO20230820t170612p0000-A/GAO20230820t170612p0000-A_l3a-vis-ch4-mf-v002_plume.png,,https://api.carbonmapper.org/api/v1/catalog/asset/l3a-vis-ch4-mf-v002/2023/08/20/GAO20230820t170612p0000-A/GAO20230820t170612p0000-A_l3a-vis-ch4-mf-v002_rgb.tif,https://api.carbonmapper.org/api/v1/catalog/asset/l3a-vis-ch4-mf-v002/2023/08/20/GAO20230820t170612p0000-A/GAO20230820t170612p0000-A_l3a-vis-ch4-mf-v002_rgb.png,1,EMIT_L2A_RFL_001_20230820T192855_2323213_028,/mnt/engg-leung/Research_No9_Methane_Emissions/Yuyao/raw_data_dir_l89_L2SR/EMIT_simulated_landsat9/GAO20230820t170612p0000-A_sim_L9.tif,/mnt/engg-leung/Research_No9_Methane_Emissions/Yuyao/Dataset/data_dir_l89_L2SR/plume_masks_l89_512/GAO20230820t170612p0000-A/mask_30m_512.tif
GAO20230820t170612p0000-B,31.70036025010174,-102.08147290098836,2023-08-20 17:06:12+00:00,Oil & Gas (1B2),CH4,mf,"[-102.0976012671077, 31.695211339614026, -102.07868014544538, 31.71126411241716]",GAO,production,2023-12-04 18:39:07.894809+00:00,2025-03-25 23:02:51.847678+00:00,v1,,,,,993.4149476048048,121.7831707990997,6.6328125,0.6875,126.53074335572528,9.947127158510666,hrrr,Global Airborne Observatory,ASU GDCS,https://api.carbonmapper.org/api/v1/catalog/asset/l3a-vis-ch4-mf-v002/2023/08/20/GAO20230820t170612p0000-B/GAO20230820t170612p0000-B_l3a-vis-ch4-mf-v002_plume.tif,https://api.carbonmapper.org/api/v1/catalog/asset/l3a-vis-ch4-mf-v002/2023/08/20/GAO20230820t170612p0000-B/GAO20230820t170612p0000-B_l3a-vis-ch4-mf-v002_plume.png,,https://api.carbonmapper.org/api/v1/catalog/asset/l3a-vis-ch4-mf-v002/2023/08/20/GAO20230820t170612p0000-B/GAO20230820t170612p0000-B_l3a-vis-ch4-mf-v002_rgb.tif,https://api.carbonmapper.org/api/v1/catalog/asset/l3a-vis-ch4-mf-v002/2023/08/20/GAO20230820t170612p0000-B/GAO20230820t170612p0000-B_l3a-vis-ch4-mf-v002_rgb.png,1,EMIT_L2A_RFL_001_20230820T192855_2323213_028,/mnt/engg-leung/Research_No9_Methane_Emissions/Yuyao/raw_data_dir_l89_L2SR/EMIT_simulated_landsat9/GAO20230820t170612p0000-B_sim_L9.tif,/mnt/engg-leung/Research_No9_Methane_Emissions/Yuyao/Dataset/data_dir_l89_L2SR/plume_masks_l89_512/GAO20230820t170612p0000-B/mask_30m_512.tif
GAO20230820t171933p0000-B,31.731708783201668,-102.04211908405873,2023-08-20 17:19:33+00:00,Oil & Gas (1B2),CH4,mf,"[-102.04740131164712, 31.729127971505765, -102.04079297252099, 31.73474848330767]",GAO,production,2024-01-19 20:59:15.868894+00:00,2025-03-25 22:59:15.004008+00:00,v1,,,,,134.6303155053377,52.618087835829215,6.59375,0.66162109375,126.89229258925072,9.911158470580467,hrrr,Global Airborne Observatory,ASU GDCS,https://api.carbonmapper.org/api/v1/catalog/asset/l3a-vis-ch4-mf-v002/2023/08/20/GAO20230820t171933p0000-B/GAO20230820t171933p0000-B_l3a-vis-ch4-mf-v002_plume.tif,https://api.carbonmapper.org/api/v1/catalog/asset/l3a-vis-ch4-mf-v002/2023/08/20/GAO20230820t171933p0000-B/GAO20230820t171933p0000-B_l3a-vis-ch4-mf-v002_plume.png,,https://api.carbonmapper.org/api/v1/catalog/asset/l3a-vis-ch4-mf-v002/2023/08/20/GAO20230820t171933p0000-B/GAO20230820t171933p0000-B_l3a-vis-ch4-mf-v002_rgb.tif,https://api.carbonmapper.org/api/v1/catalog/asset/l3a-vis-ch4-mf-v002/2023/08/20/GAO20230820t171933p0000-B/GAO20230820t171933p0000-B_l3a-vis-ch4-mf-v002_rgb.png,1,EMIT_L2A_RFL_001_20230820T192855_2323213_028,/mnt/engg-leung/Research_No9_Methane_Emissions/Yuyao/raw_data_dir_l89_L2SR/EMIT_simulated_landsat9/GAO20230820t171933p0000-B_sim_L9.tif,/mnt/engg-leung/Research_No9_Methane_Emissions/Yuyao/Dataset/data_dir_l89_L2SR/plume_masks_l89_512/GAO20230820t171933p0000-B/mask_30m_512.tif
GAO20230820t172652p0000-A,31.795198606108546,-102.02821440580604,2023-08-20 17:26:52+00:00,Oil & Gas (1B2),CH4,mf,"[-102.03726845509692, 31.79196654952912, -102.02637044325941, 31.80118406986668]",GAO,production,2023-12-04 18:33:46.349458+00:00,2025-03-25 22:53:25.290534+00:00,v1,,,,,880.70619509664,132.75769566201194,6.5078125,0.66015625,127.18700159155844,10.6929242855948,hrrr,Global Airborne Observatory,ASU GDCS,https://api.carbonmapper.org/api/v1/catalog/asset/l3a-vis-ch4-mf-v002/2023/08/20/GAO20230820t172652p0000-A/GAO20230820t172652p0000-A_l3a-vis-ch4-mf-v002_plume.tif,https://api.carbonmapper.org/api/v1/catalog/asset/l3a-vis-ch4-mf-v002/2023/08/20/GAO20230820t172652p0000-A/GAO20230820t172652p0000-A_l3a-vis-ch4-mf-v002_plume.png,,https://api.carbonmapper.org/api/v1/catalog/asset/l3a-vis-ch4-mf-v002/2023/08/20/GAO20230820t172652p0000-A/GAO20230820t172652p0000-A_l3a-vis-ch4-mf-v002_rgb.tif,https://api.carbonmapper.org/api/v1/catalog/asset/l3a-vis-ch4-mf-v002/2023/08/20/GAO20230820t172652p0000-A/GAO20230820t172652p0000-A_l3a-vis-ch4-mf-v002_rgb.png,1,EMIT_L2A_RFL_001_20230820T192855_2323213_028,/mnt/engg-leung/Research_No9_Methane_Emissions/Yuyao/raw_data_dir_l89_L2SR/EMIT_simulated_landsat9/GAO20230820t172652p0000-A_sim_L9.tif,/mnt/engg-leung/Research_No9_Methane_Emissions/Yuyao/Dataset/data_dir_l89_L2SR/plume_masks_l89_512/GAO20230820t172652p0000-A/mask_30m_512.tif
GAO20230820t173312p0000-A,31.633629971904146,-101.9791141701537,2023-08-20 17:33:12+00:00,Oil & Gas (1B2),CH4,mf,"[-101.98299374421308, 31.631500241535324, -101.97686785953125, 31.636670949336267]",GAO,production,2023-12-04 18:40:48.474317+00:00,2025-03-25 22:59:46.965393+00:00,v1,,,,,450.3709032602818,111.56574228301405,6.546875,0.927734375,126.32627481273175,9.655924291303,hrrr,Global Airborne Observatory,ASU GDCS,https://api.carbonmapper.org/api/v1/catalog/asset/l3a-vis-ch4-mf-v002/2023/08/20/GAO20230820t173312p0000-A/GAO20230820t173312p0000-A_l3a-vis-ch4-mf-v002_plume.tif,https://api.carbonmapper.org/api/v1/catalog/asset/l3a-vis-ch4-mf-v002/2023/08/20/GAO20230820t173312p0000-A/GAO20230820t173312p0000-A_l3a-vis-ch4-mf-v002_plume.png,,https://api.carbonmapper.org/api/v1/catalog/asset/l3a-vis-ch4-mf-v002/2023/08/20/GAO20230820t173312p0000-A/GAO20230820t173312p0000-A_l3a-vis-ch4-mf-v002_rgb.tif,https://api.carbonmapper.org/api/v1/catalog/asset/l3a-vis-ch4-mf-v002/2023/08/20/GAO20230820t173312p0000-A/GAO20230820t173312p0000-A_l3a-vis-ch4-mf-v002_rgb.png,1,EMIT_L2A_RFL_001_20230820T192855_2323213_028,/mnt/engg-leung/Research_No9_Methane_Emissions/Yuyao/raw_data_dir_l89_L2SR/EMIT_simulated_landsat9/GAO20230820t173312p0000-A_sim_L9.tif,/mnt/engg-leung/Research_No9_Methane_Emissions/Yuyao/Dataset/data_dir_l89_L2SR/plume_masks_l89_512/GAO20230820t173312p0000-A/mask_30m_512.tif
GAO20230820t174012p0000-A,31.662123299490787,-101.97475876804036,2023-08-20 17:40:12+00:00,Oil & Gas (1B2),CH4,mf,"[-101.97885306227768, 31.660121552097817, -101.97277814526507, 31.66533719684687]",GAO,production,2023-12-04 18:39:29.268502+00:00,2025-03-25 22:53:22.888741+00:00,v1,,,,,71.8640152225754,11.96846737207895,6.65234375,0.89501953125,127.36309752873971,9.363278665647613,hrrr,Global Airborne Observatory,ASU GDCS,https://api.carbonmapper.org/api/v1/catalog/asset/l3a-vis-ch4-mf-v002/2023/08/20/GAO20230820t174012p0000-A/GAO20230820t174012p0000-A_l3a-vis-ch4-mf-v002_plume.tif,https://api.carbonmapper.org/api/v1/catalog/asset/l3a-vis-ch4-mf-v002/2023/08/20/GAO20230820t174012p0000-A/GAO20230820t174012p0000-A_l3a-vis-ch4-mf-v002_plume.png,,https://api.carbonmapper.org/api/v1/catalog/asset/l3a-vis-ch4-mf-v002/2023/08/20/GAO20230820t174012p0000-A/GAO20230820t174012p0000-A_l3a-vis-ch4-mf-v002_rgb.tif,https://api.carbonmapper.org/api/v1/catalog/asset/l3a-vis-ch4-mf-v002/2023/08/20/GAO20230820t174012p0000-A/GAO20230820t174012p0000-A_l3a-vis-ch4-mf-v002_rgb.png,1,EMIT_L2A_RFL_001_20230820T192855_2323213_028,/mnt/engg-leung/Research_No9_Methane_Emissions/Yuyao/raw_data_dir_l89_L2SR/EMIT_simulated_landsat9/GAO20230820t174012p0000-A_sim_L9.tif,/mnt/engg-leung/Research_No9_Methane_Emissions/Yuyao/Dataset/data_dir_l89_L2SR/plume_masks_l89_512/GAO20230820t174012p0000-A/mask_30m_512.tif
GAO20230820t174012p0000-B,31.6336337650254,-101.97900882245608,2023-08-20 17:40:12+00:00,Oil & Gas (1B2),CH4,mf,"[-101.9829440029279, 31.631408898263015, -101.97681812440862, 31.63657960594162]",GAO,production,2023-12-04 18:40:48.438551+00:00,2025-03-25 22:53:24.637992+00:00,v1,,,,,287.781862385908,115.79813314715076,6.546875,0.927734375,126.32627481273175,9.655924291303,hrrr,Global Airborne Observatory,ASU GDCS,https://api.carbonmapper.org/api/v1/catalog/asset/l3a-vis-ch4-mf-v002/2023/08/20/GAO20230820t174012p0000-B/GAO20230820t174012p0000-B_l3a-vis-ch4-mf-v002_plume.tif,https://api.carbonmapper.org/api/v1/catalog/asset/l3a-vis-ch4-mf-v002/2023/08/20/GAO20230820t174012p0000-B/GAO20230820t174012p0000-B_l3a-vis-ch4-mf-v002_plume.png,,https://api.carbonmapper.org/api/v1/catalog/asset/l3a-vis-ch4-mf-v002/2023/08/20/GAO20230820t174012p0000-B/GAO20230820t174012p0000-B_l3a-vis-ch4-mf-v002_rgb.tif,https://api.carbonmapper.org/api/v1/catalog/asset/l3a-vis-ch4-mf-v002/2023/08/20/GAO20230820t174012p0000-B/GAO20230820t174012p0000-B_l3a-vis-ch4-mf-v002_rgb.png,1,EMIT_L2A_RFL_001_20230820T192855_2323213_028,/mnt/engg-leung/Research_No9_Methane_Emissions/Yuyao/raw_data_dir_l89_L2SR/EMIT_simulated_landsat9/GAO20230820t174012p0000-B_sim_L9.tif,/mnt/engg-leung/Research_No9_Methane_Emissions/Yuyao/Dataset/data_dir_l89_L2SR/plume_masks_l89_512/GAO20230820t174012p0000-B/mask_30m_512.tif
GAO20230820t174622p0000-A,31.6682199765544,-101.95299794181744,2023-08-20 17:46:22+00:00,Oil & Gas (1B2),CH4,mf,"[-101.96225710498628, 31.666129757594767, -101.95158545617223, 31.675212184245524]",GAO,production,2023-12-04 18:40:07.629540+00:00,2025-03-25 22:45:26.500513+00:00,v1,,,,,473.2465631284885,210.6738014552249,6.62890625,0.9775390625,127.46064629046585,9.515513401884254,hrrr,Global Airborne Observatory,ASU GDCS,https://api.carbonmapper.org/api/v1/catalog/asset/l3a-vis-ch4-mf-v002/2023/08/20/GAO20230820t174622p0000-A/GAO20230820t174622p0000-A_l3a-vis-ch4-mf-v002_plume.tif,https://api.carbonmapper.org/api/v1/catalog/asset/l3a-vis-ch4-mf-v002/2023/08/20/GAO20230820t174622p0000-A/GAO20230820t174622p0000-A_l3a-vis-ch4-mf-v002_plume.png,,https://api.carbonmapper.org/api/v1/catalog/asset/l3a-vis-ch4-mf-v002/2023/08/20/GAO20230820t174622p0000-A/GAO20230820t174622p0000-A_l3a-vis-ch4-mf-v002_rgb.tif,https://api.carbonmapper.org/api/v1/catalog/asset/l3a-vis-ch4-mf-v002/2023/08/20/GAO20230820t174622p0000-A/GAO20230820t174622p0000-A_l3a-vis-ch4-mf-v002_rgb.png,1,EMIT_L2A_RFL_001_20230820T192855_2323213_028,/mnt/engg-leung/Research_No9_Methane_Emissions/Yuyao/raw_data_dir_l89_L2SR/EMIT_simulated_landsat9/GAO20230820t174622p0000-A_sim_L9.tif,/mnt/engg-leung/Research_No9_Methane_Emissions/Yuyao/Dataset/data_dir_l89_L2SR/plume_masks_l89_512/GAO20230820t174622p0000-A/mask_30m_512.tif
GAO20230820t175332p0000-B,31.685111251605026,-101.93669772198366,2023-08-20 17:53:32+00:00,Oil & Gas (1B2),CH4,mf,"[-101.94098493290302, 31.68333744009576, -101.93490850654827, 31.688553076613893]",GAO,production,2023-12-04 18:40:16.318231+00:00,2025-03-25 22:59:37.288140+00:00,v1,,,,,779.1155349042826,217.53141965077447,6.62890625,0.9775390625,127.46064629046585,9.515513401884254,hrrr,Global Airborne Observatory,ASU GDCS,https://api.carbonmapper.org/api/v1/catalog/asset/l3a-vis-ch4-mf-v002/2023/08/20/GAO20230820t175332p0000-B/GAO20230820t175332p0000-B_l3a-vis-ch4-mf-v002_plume.tif,https://api.carbonmapper.org/api/v1/catalog/asset/l3a-vis-ch4-mf-v002/2023/08/20/GAO20230820t175332p0000-B/GAO20230820t175332p0000-B_l3a-vis-ch4-mf-v002_plume.png,,https://api.carbonmapper.org/api/v1/catalog/asset/l3a-vis-ch4-mf-v002/2023/08/20/GAO20230820t175332p0000-B/GAO20230820t175332p0000-B_l3a-vis-ch4-mf-v002_rgb.tif,https://api.carbonmapper.org/api/v1/catalog/asset/l3a-vis-ch4-mf-v002/2023/08/20/GAO20230820t175332p0000-B/GAO20230820t175332p0000-B_l3a-vis-ch4-mf-v002_rgb.png,1,EMIT_L2A_RFL_001_20230820T192855_2323213_028,/mnt/engg-leung/Research_No9_Methane_Emissions/Yuyao/raw_data_dir_l89_L2SR/EMIT_simulated_landsat9/GAO20230820t175332p0000-B_sim_L9.tif,/mnt/engg-leung/Research_No9_Methane_Emissions/Yuyao/Dataset/data_dir_l89_L2SR/plume_masks_l89_512/GAO20230820t175332p0000-B/mask_30m_512.tif
GAO20230820t175332p0000-C,32.07845258077825,-101.95413722530336,2023-08-20 17:53:32+00:00,Oil & Gas (1B2),CH4,mf,"[-101.95768219417916, 32.075676684216624, -101.95152719833874, 32.08084699742816]",GAO,production,2024-01-02 20:39:23.195269+00:00,2025-03-25 22:55:39.974921+00:00,v1,,,,,,,6.46875,0.77685546875,128.63183248782624,12.85562688737524,hrrr,Global Airborne Observatory,ASU GDCS,https://api.carbonmapper.org/api/v1/catalog/asset/l3a-vis-ch4-mf-v002/2023/08/20/GAO20230820t175332p0000-C/GAO20230820t175332p0000-C_l3a-vis-ch4-mf-v002_plume.tif,https://api.carbonmapper.org/api/v1/catalog/asset/l3a-vis-ch4-mf-v002/2023/08/20/GAO20230820t175332p0000-C/GAO20230820t175332p0000-C_l3a-vis-ch4-mf-v002_plume.png,,https://api.carbonmapper.org/api/v1/catalog/asset/l3a-vis-ch4-mf-v002/2023/08/20/GAO20230820t175332p0000-C/GAO20230820t175332p0000-C_l3a-vis-ch4-mf-v002_rgb.tif,https://api.carbonmapper.org/api/v1/catalog/asset/l3a-vis-ch4-mf-v002/2023/08/20/GAO20230820t175332p0000-C/GAO20230820t175332p0000-C_l3a-vis-ch4-mf-v002_rgb.png,1,EMIT_L2A_RFL_001_20230820T192855_2323213_028,/mnt/engg-leung/Research_No9_Methane_Emissions/Yuyao/raw_data_dir_l89_L2SR/EMIT_simulated_landsat9/GAO20230820t175332p0000-C_sim_L9.tif,/mnt/engg-leung/Research_No9_Methane_Emissions/Yuyao/Dataset/data_dir_l89_L2SR/plume_masks_l89_512/GAO20230820t175332p0000-C/mask_30m_512.tif
GAO20230820t175332p0000-D,31.97105917359943,-101.96868703984497,2023-08-20 17:53:32+00:00,Oil & Gas (1B2),CH4,mf,"[-101.97520487251752, 31.966011494746628, -101.96312090069854, 31.976262508521202]",GAO,production,2024-01-19 21:13:44.325928+00:00,2025-03-25 22:59:16.923229+00:00,v1,,,,,314.9352391645738,36.62315091800157,6.4453125,0.74951171875,128.29674340714544,11.75712533978606,hrrr,Global Airborne Observatory,ASU GDCS,https://api.carbonmapper.org/api/v1/catalog/asset/l3a-vis-ch4-mf-v1/2023/08/20/GAO20230820t175332p0000-D/GAO20230820t175332p0000-D_l3a-vis-ch4-mf-v1_plume.tif,https://api.carbonmapper.org/api/v1/catalog/asset/l3a-vis-ch4-mf-v1/2023/08/20/GAO20230820t175332p0000-D/GAO20230820t175332p0000-D_l3a-vis-ch4-mf-v1_plume.png,,https://api.carbonmapper.org/api/v1/catalog/asset/l3a-vis-ch4-mf-v1/2023/08/20/GAO20230820t175332p0000-D/GAO20230820t175332p0000-D_l3a-vis-ch4-mf-v1_rgb.tif,https://api.carbonmapper.org/api/v1/catalog/asset/l3a-vis-ch4-mf-v1/2023/08/20/GAO20230820t175332p0000-D/GAO20230820t175332p0000-D_l3a-vis-ch4-mf-v1_rgb.png,1,EMIT_L2A_RFL_001_20230820T192855_2323213_028,/mnt/engg-leung/Research_No9_Methane_Emissions/Yuyao/raw_data_dir_l89_L2SR/EMIT_simulated_landsat9/GAO20230820t175332p0000-D_sim_L9.tif,/mnt/engg-leung/Research_No9_Methane_Emissions/Yuyao/Dataset/data_dir_l89_L2SR/plume_masks_l89_512/GAO20230820t175332p0000-D/mask_30m_512.tif
GAO20230820t180952p0000-A,31.861667942216783,-101.91051152379303,2023-08-20 18:09:52+00:00,Oil & Gas (1B2),CH4,mf,"[-101.91430504565835, 31.85972857825803, -101.90821736050118, 31.86489896543396]",GAO,production,2024-01-02 20:39:22.518055+00:00,2025-03-25 22:40:35.804714+00:00,v1,,,,,279.5803137883016,79.8361045638595,7.3671875,1.412109375,123.35562063701812,7.162321279489484,hrrr,Global Airborne Observatory,ASU GDCS,https://api.carbonmapper.org/api/v1/catalog/asset/l3a-vis-ch4-mf-v002/2023/08/20/GAO20230820t180952p0000-A/GAO20230820t180952p0000-A_l3a-vis-ch4-mf-v002_plume.tif,https://api.carbonmapper.org/api/v1/catalog/asset/l3a-vis-ch4-mf-v002/2023/08/20/GAO20230820t180952p0000-A/GAO20230820t180952p0000-A_l3a-vis-ch4-mf-v002_plume.png,,https://api.carbonmapper.org/api/v1/catalog/asset/l3a-vis-ch4-mf-v002/2023/08/20/GAO20230820t180952p0000-A/GAO20230820t180952p0000-A_l3a-vis-ch4-mf-v002_rgb.tif,https://api.carbonmapper.org/api/v1/catalog/asset/l3a-vis-ch4-mf-v002/2023/08/20/GAO20230820t180952p0000-A/GAO20230820t180952p0000-A_l3a-vis-ch4-mf-v002_rgb.png,1,EMIT_L2A_RFL_001_20230820T192855_2323213_028,/mnt/engg-leung/Research_No9_Methane_Emissions/Yuyao/raw_data_dir_l89_L2SR/EMIT_simulated_landsat9/GAO20230820t180952p0000-A_sim_L9.tif,/mnt/engg-leung/Research_No9_Methane_Emissions/Yuyao/Dataset/data_dir_l89_L2SR/plume_masks_l89_512/GAO20230820t180952p0000-A/mask_30m_512.tif
GAO20230820t180952p0000-D,31.910260401543283,-101.9325761175389,2023-08-20 18:09:52+00:00,Oil & Gas (1B2),CH4,mf,"[-101.94158788940643, 31.908176443346257, -101.93104766190689, 31.917168526330922]",GAO,production,2024-01-02 20:39:22.567379+00:00,2025-03-25 22:40:40.925524+00:00,v1,,,,,211.9020869101512,54.58764651837748,7.171875,1.2119140625,123.01606461262011,7.030731326889081,hrrr,Global Airborne Observatory,ASU GDCS,https://api.carbonmapper.org/api/v1/catalog/asset/l3a-vis-ch4-mf-v002/2023/08/20/GAO20230820t180952p0000-D/GAO20230820t180952p0000-D_l3a-vis-ch4-mf-v002_plume.tif,https://api.carbonmapper.org/api/v1/catalog/asset/l3a-vis-ch4-mf-v002/2023/08/20/GAO20230820t180952p0000-D/GAO20230820t180952p0000-D_l3a-vis-ch4-mf-v002_plume.png,,https://api.carbonmapper.org/api/v1/catalog/asset/l3a-vis-ch4-mf-v002/2023/08/20/GAO20230820t180952p0000-D/GAO20230820t180952p0000-D_l3a-vis-ch4-mf-v002_rgb.tif,https://api.carbonmapper.org/api/v1/catalog/asset/l3a-vis-ch4-mf-v002/2023/08/20/GAO20230820t180952p0000-D/GAO20230820t180952p0000-D_l3a-vis-ch4-mf-v002_rgb.png,1,EMIT_L2A_RFL_001_20230820T192855_2323213_028,/mnt/engg-leung/Research_No9_Methane_Emissions/Yuyao/raw_data_dir_l89_L2SR/EMIT_simulated_landsat9/GAO20230820t180952p0000-D_sim_L9.tif,/mnt/engg-leung/Research_No9_Methane_Emissions/Yuyao/Dataset/data_dir_l89_L2SR/plume_masks_l89_512/GAO20230820t180952p0000-D/mask_30m_512.tif
GAO20230820t180952p0000-E,31.98047300273685,-101.93528022417148,2023-08-20 18:09:52+00:00,Oil & Gas (1B2),CH4,mf,"[-101.93864792385187, 31.977933942467157, -101.93255237440928, 31.983104359532145]",GAO,production,2024-01-02 20:39:22.605369+00:00,2025-03-25 22:40:41.043911+00:00,v1,,,,,91.70650845405288,28.33416892593888,7.15234375,1.19140625,125.05682951397154,7.371624729461259,hrrr,Global Airborne Observatory,ASU GDCS,https://api.carbonmapper.org/api/v1/catalog/asset/l3a-vis-ch4-mf-v002/2023/08/20/GAO20230820t180952p0000-E/GAO20230820t180952p0000-E_l3a-vis-ch4-mf-v002_plume.tif,https://api.carbonmapper.org/api/v1/catalog/asset/l3a-vis-ch4-mf-v002/2023/08/20/GAO20230820t180952p0000-E/GAO20230820t180952p0000-E_l3a-vis-ch4-mf-v002_plume.png,,https://api.carbonmapper.org/api/v1/catalog/asset/l3a-vis-ch4-mf-v002/2023/08/20/GAO20230820t180952p0000-E/GAO20230820t180952p0000-E_l3a-vis-ch4-mf-v002_rgb.tif,https://api.carbonmapper.org/api/v1/catalog/asset/l3a-vis-ch4-mf-v002/2023/08/20/GAO20230820t180952p0000-E/GAO20230820t180952p0000-E_l3a-vis-ch4-mf-v002_rgb.png,1,EMIT_L2A_RFL_001_20230820T192855_2323213_028,/mnt/engg-leung/Research_No9_Methane_Emissions/Yuyao/raw_data_dir_l89_L2SR/EMIT_simulated_landsat9/GAO20230820t180952p0000-E_sim_L9.tif,/mnt/engg-leung/Research_No9_Methane_Emissions/Yuyao/Dataset/data_dir_l89_L2SR/plume_masks_l89_512/GAO20230820t180952p0000-E/mask_30m_512.tif
GAO20230820t180952p0001-A,31.64692271827489,-101.90559213768088,2023-08-20 18:09:52+00:00,Oil & Gas (1B2),CH4,mf,"[-101.91017305516124, 31.645852431906643, -101.90409932961387, 31.65102289518051]",GAO,production,2023-12-04 18:40:37.093758+00:00,2025-03-25 22:59:26.256366+00:00,v1,,,,,254.66275624818127,74.25334472175545,7.67578125,1.9130859375,123.96088468050796,5.80505059692024,hrrr,Global Airborne Observatory,ASU GDCS,https://api.carbonmapper.org/api/v1/catalog/asset/l3a-vis-ch4-mf-v002/2023/08/20/GAO20230820t180952p0001-A/GAO20230820t180952p0001-A_l3a-vis-ch4-mf-v002_plume.tif,https://api.carbonmapper.org/api/v1/catalog/asset/l3a-vis-ch4-mf-v002/2023/08/20/GAO20230820t180952p0001-A/GAO20230820t180952p0001-A_l3a-vis-ch4-mf-v002_plume.png,,https://api.carbonmapper.org/api/v1/catalog/asset/l3a-vis-ch4-mf-v002/2023/08/20/GAO20230820t180952p0001-A/GAO20230820t180952p0001-A_l3a-vis-ch4-mf-v002_rgb.tif,https://api.carbonmapper.org/api/v1/catalog/asset/l3a-vis-ch4-mf-v002/2023/08/20/GAO20230820t180952p0001-A/GAO20230820t180952p0001-A_l3a-vis-ch4-mf-v002_rgb.png,1,EMIT_L2A_RFL_001_20230820T192855_2323213_028,/mnt/engg-leung/Research_No9_Methane_Emissions/Yuyao/raw_data_dir_l89_L2SR/EMIT_simulated_landsat9/GAO20230820t180952p0001-A_sim_L9.tif,/mnt/engg-leung/Research_No9_Methane_Emissions/Yuyao/Dataset/data_dir_l89_L2SR/plume_masks_l89_512/GAO20230820t180952p0001-A/mask_30m_512.tif
GAO20230820t183002p0000-A,31.632448432378325,-101.87914266620731,2023-08-20 18:30:02+00:00,Oil & Gas (1B2),CH4,mf,"[-101.88285814176871, 31.630581355384976, -101.87673285610447, 31.6357516086608]",GAO,production,2024-01-02 20:39:22.348638+00:00,2025-03-25 22:38:55.582582+00:00,v1,,,,,360.3677285130091,88.1918450823375,7.59375,1.8583984375,123.22729504289192,5.864648369769043,hrrr,Global Airborne Observatory,ASU GDCS,https://api.carbonmapper.org/api/v1/catalog/asset/l3a-vis-ch4-mf-v002/2023/08/20/GAO20230820t183002p0000-A/GAO20230820t183002p0000-A_l3a-vis-ch4-mf-v002_plume.tif,https://api.carbonmapper.org/api/v1/catalog/asset/l3a-vis-ch4-mf-v002/2023/08/20/GAO20230820t183002p0000-A/GAO20230820t183002p0000-A_l3a-vis-ch4-mf-v002_plume.png,,https://api.carbonmapper.org/api/v1/catalog/asset/l3a-vis-ch4-mf-v002/2023/08/20/GAO20230820t183002p0000-A/GAO20230820t183002p0000-A_l3a-vis-ch4-mf-v002_rgb.tif,https://api.carbonmapper.org/api/v1/catalog/asset/l3a-vis-ch4-mf-v002/2023/08/20/GAO20230820t183002p0000-A/GAO20230820t183002p0000-A_l3a-vis-ch4-mf-v002_rgb.png,1,EMIT_L2A_RFL_001_20230820T192855_2323213_028,/mnt/engg-leung/Research_No9_Methane_Emissions/Yuyao/raw_data_dir_l89_L2SR/EMIT_simulated_landsat9/GAO20230820t183002p0000-A_sim_L9.tif,/mnt/engg-leung/Research_No9_Methane_Emissions/Yuyao/Dataset/data_dir_l89_L2SR/plume_masks_l89_512/GAO20230820t183002p0000-A/mask_30m_512.tif
GAO20230820t183002p0000-C,31.86163534261325,-101.91042953809718,2023-08-20 18:30:02+00:00,Oil & Gas (1B2),CH4,mf,"[-101.91372749114493, 31.859624386792806, -101.90763981505857, 31.864794772108162]",GAO,production,2024-01-02 20:39:22.421340+00:00,2025-03-25 23:32:49.669862+00:00,v1,,,,,329.311085949914,99.28202118074194,7.3671875,1.412109375,123.35562063701812,7.162321279489484,hrrr,Global Airborne Observatory,ASU GDCS,https://api.carbonmapper.org/api/v1/catalog/asset/l3a-vis-ch4-mf-v002/2023/08/20/GAO20230820t183002p0000-C/GAO20230820t183002p0000-C_l3a-vis-ch4-mf-v002_plume.tif,https://api.carbonmapper.org/api/v1/catalog/asset/l3a-vis-ch4-mf-v002/2023/08/20/GAO20230820t183002p0000-C/GAO20230820t183002p0000-C_l3a-vis-ch4-mf-v002_plume.png,,https://api.carbonmapper.org/api/v1/catalog/asset/l3a-vis-ch4-mf-v002/2023/08/20/GAO20230820t183002p0000-C/GAO20230820t183002p0000-C_l3a-vis-ch4-mf-v002_rgb.tif,https://api.carbonmapper.org/api/v1/catalog/asset/l3a-vis-ch4-mf-v002/2023/08/20/GAO20230820t183002p0000-C/GAO20230820t183002p0000-C_l3a-vis-ch4-mf-v002_rgb.png,1,EMIT_L2A_RFL_001_20230820T192855_2323213_028,/mnt/engg-leung/Research_No9_Methane_Emissions/Yuyao/raw_data_dir_l89_L2SR/EMIT_simulated_landsat9/GAO20230820t183002p0000-C_sim_L9.tif,/mnt/engg-leung/Research_No9_Methane_Emissions/Yuyao/Dataset/data_dir_l89_L2SR/plume_masks_l89_512/GAO20230820t183002p0000-C/mask_30m_512.tif
GAO20230820t184553p0000-A,32.339773915549685,-101.91373994054044,2023-08-20 18:45:53+00:00,Oil & Gas (1B2),CH4,mf,"[-101.91787380075579, 32.33779576365219, -101.91170117857496, 32.343010918385936]",GAO,production,2024-01-02 22:39:31.566901+00:00,2025-03-25 23:33:00.824466+00:00,v1,,,,,,,7.21484375,0.8876953125,123.5725747658144,7.607691218708707,hrrr,Global Airborne Observatory,ASU GDCS,https://api.carbonmapper.org/api/v1/catalog/asset/l3a-vis-ch4-mf-v002/2023/08/20/GAO20230820t184553p0000-A/GAO20230820t184553p0000-A_l3a-vis-ch4-mf-v002_plume.tif,https://api.carbonmapper.org/api/v1/catalog/asset/l3a-vis-ch4-mf-v002/2023/08/20/GAO20230820t184553p0000-A/GAO20230820t184553p0000-A_l3a-vis-ch4-mf-v002_plume.png,,https://api.carbonmapper.org/api/v1/catalog/asset/l3a-vis-ch4-mf-v002/2023/08/20/GAO20230820t184553p0000-A/GAO20230820t184553p0000-A_l3a-vis-ch4-mf-v002_rgb.tif,https://api.carbonmapper.org/api/v1/catalog/asset/l3a-vis-ch4-mf-v002/2023/08/20/GAO20230820t184553p0000-A/GAO20230820t184553p0000-A_l3a-vis-ch4-mf-v002_rgb.png,1,EMIT_L2A_RFL_001_20230820T192843_2323213_027,/mnt/engg-leung/Research_No9_Methane_Emissions/Yuyao/raw_data_dir_l89_L2SR/EMIT_simulated_landsat9/GAO20230820t184553p0000-A_sim_L9.tif,/mnt/engg-leung/Research_No9_Methane_Emissions/Yuyao/Dataset/data_dir_l89_L2SR/plume_masks_l89_512/GAO20230820t184553p0000-A/mask_30m_512.tif
GAO20230820t184553p0000-C,32.29454401711294,-101.9181411851584,2023-08-20 18:45:53+00:00,Oil & Gas (1B2),CH4,mf,"[-101.92169868981928, 32.29226947445295, -101.91558217145486, 32.29748478576274]",GAO,production,2024-01-02 22:39:31.614148+00:00,2025-03-25 22:39:10.291676+00:00,v1,,,,,,,7.27734375,0.91015625,124.70384533766529,9.217244870494348,hrrr,Global Airborne Observatory,ASU GDCS,https://api.carbonmapper.org/api/v1/catalog/asset/l3a-vis-ch4-mf-v002/2023/08/20/GAO20230820t184553p0000-C/GAO20230820t184553p0000-C_l3a-vis-ch4-mf-v002_plume.tif,https://api.carbonmapper.org/api/v1/catalog/asset/l3a-vis-ch4-mf-v002/2023/08/20/GAO20230820t184553p0000-C/GAO20230820t184553p0000-C_l3a-vis-ch4-mf-v002_plume.png,,https://api.carbonmapper.org/api/v1/catalog/asset/l3a-vis-ch4-mf-v002/2023/08/20/GAO20230820t184553p0000-C/GAO20230820t184553p0000-C_l3a-vis-ch4-mf-v002_rgb.tif,https://api.carbonmapper.org/api/v1/catalog/asset/l3a-vis-ch4-mf-v002/2023/08/20/GAO20230820t184553p0000-C/GAO20230820t184553p0000-C_l3a-vis-ch4-mf-v002_rgb.png,1,EMIT_L2A_RFL_001_20230820T192843_2323213_027,/mnt/engg-leung/Research_No9_Methane_Emissions/Yuyao/raw_data_dir_l89_L2SR/EMIT_simulated_landsat9/GAO20230820t184553p0000-C_sim_L9.tif,/mnt/engg-leung/Research_No9_Methane_Emissions/Yuyao/Dataset/data_dir_l89_L2SR/plume_masks_l89_512/GAO20230820t184553p0000-C/mask_30m_512.tif
GAO20230820t184553p0000-D,32.243692274729185,-101.90540845704555,2023-08-20 18:45:53+00:00,Oil & Gas (1B2),CH4,mf,"[-101.9119590451977, 32.24122734533142, -101.90260349136958, 32.24909506068941]",GAO,production,2024-01-02 20:39:22.385274+00:00,2025-03-25 22:55:24.487707+00:00,v1,,,,,341.9078153285544,116.1284438541954,7.4765625,0.828125,125.78420367944288,7.172584117806515,hrrr,Global Airborne Observatory,ASU GDCS,https://api.carbonmapper.org/api/v1/catalog/asset/l3a-vis-ch4-mf-v002/2023/08/20/GAO20230820t184553p0000-D/GAO20230820t184553p0000-D_l3a-vis-ch4-mf-v002_plume.tif,https://api.carbonmapper.org/api/v1/catalog/asset/l3a-vis-ch4-mf-v002/2023/08/20/GAO20230820t184553p0000-D/GAO20230820t184553p0000-D_l3a-vis-ch4-mf-v002_plume.png,,https://api.carbonmapper.org/api/v1/catalog/asset/l3a-vis-ch4-mf-v002/2023/08/20/GAO20230820t184553p0000-D/GAO20230820t184553p0000-D_l3a-vis-ch4-mf-v002_rgb.tif,https://api.carbonmapper.org/api/v1/catalog/asset/l3a-vis-ch4-mf-v002/2023/08/20/GAO20230820t184553p0000-D/GAO20230820t184553p0000-D_l3a-vis-ch4-mf-v002_rgb.png,1,EMIT_L2A_RFL_001_20230820T192855_2323213_028,/mnt/engg-leung/Research_No9_Methane_Emissions/Yuyao/raw_data_dir_l89_L2SR/EMIT_simulated_landsat9/GAO20230820t184553p0000-D_sim_L9.tif,/mnt/engg-leung/Research_No9_Methane_Emissions/Yuyao/Dataset/data_dir_l89_L2SR/plume_masks_l89_512/GAO20230820t184553p0000-D/mask_30m_512.tif
GAO20230820t184553p0000-E,32.212222395536486,-101.91300547698614,2023-08-20 18:45:53+00:00,Oil & Gas (1B2),CH4,mf,"[-101.91898495761622, 32.210789492581924, -101.91186438314574, 32.21676900261307]",GAO,production,2024-01-02 20:39:22.464288+00:00,2025-03-25 22:39:12.030032+00:00,v1,,,,,517.9421095271437,196.3415531452573,7.44921875,0.79052734375,125.84667258959182,6.82915692443755,hrrr,Global Airborne Observatory,ASU GDCS,https://api.carbonmapper.org/api/v1/catalog/asset/l3a-vis-ch4-mf-v002/2023/08/20/GAO20230820t184553p0000-E/GAO20230820t184553p0000-E_l3a-vis-ch4-mf-v002_plume.tif,https://api.carbonmapper.org/api/v1/catalog/asset/l3a-vis-ch4-mf-v002/2023/08/20/GAO20230820t184553p0000-E/GAO20230820t184553p0000-E_l3a-vis-ch4-mf-v002_plume.png,,https://api.carbonmapper.org/api/v1/catalog/asset/l3a-vis-ch4-mf-v002/2023/08/20/GAO20230820t184553p0000-E/GAO20230820t184553p0000-E_l3a-vis-ch4-mf-v002_rgb.tif,https://api.carbonmapper.org/api/v1/catalog/asset/l3a-vis-ch4-mf-v002/2023/08/20/GAO20230820t184553p0000-E/GAO20230820t184553p0000-E_l3a-vis-ch4-mf-v002_rgb.png,1,EMIT_L2A_RFL_001_20230820T192855_2323213_028,/mnt/engg-leung/Research_No9_Methane_Emissions/Yuyao/raw_data_dir_l89_L2SR/EMIT_simulated_landsat9/GAO20230820t184553p0000-E_sim_L9.tif,/mnt/engg-leung/Research_No9_Methane_Emissions/Yuyao/Dataset/data_dir_l89_L2SR/plume_masks_l89_512/GAO20230820t184553p0000-E/mask_30m_512.tif
GAO20230820t184553p0000-F,32.02558553805359,-101.88995609418944,2023-08-20 18:45:53+00:00,Oil & Gas (1B2),CH4,mf,"[-101.89322369764997, 32.023171117976254, -101.88707245687696, 32.0283412425509]",GAO,production,2024-01-02 20:39:23.120374+00:00,2025-03-25 22:54:49.443679+00:00,v1,,,,,274.8906017385005,49.06547690627838,7.27734375,1.23046875,123.89823818544062,8.322663475104358,hrrr,Global Airborne Observatory,ASU GDCS,https://api.carbonmapper.org/api/v1/catalog/asset/l3a-vis-ch4-mf-v002/2023/08/20/GAO20230820t184553p0000-F/GAO20230820t184553p0000-F_l3a-vis-ch4-mf-v002_plume.tif,https://api.carbonmapper.org/api/v1/catalog/asset/l3a-vis-ch4-mf-v002/2023/08/20/GAO20230820t184553p0000-F/GAO20230820t184553p0000-F_l3a-vis-ch4-mf-v002_plume.png,,https://api.carbonmapper.org/api/v1/catalog/asset/l3a-vis-ch4-mf-v002/2023/08/20/GAO20230820t184553p0000-F/GAO20230820t184553p0000-F_l3a-vis-ch4-mf-v002_rgb.tif,https://api.carbonmapper.org/api/v1/catalog/asset/l3a-vis-ch4-mf-v002/2023/08/20/GAO20230820t184553p0000-F/GAO20230820t184553p0000-F_l3a-vis-ch4-mf-v002_rgb.png,1,EMIT_L2A_RFL_001_20230820T192855_2323213_028,/mnt/engg-leung/Research_No9_Methane_Emissions/Yuyao/raw_data_dir_l89_L2SR/EMIT_simulated_landsat9/GAO20230820t184553p0000-F_sim_L9.tif,/mnt/engg-leung/Research_No9_Methane_Emissions/Yuyao/Dataset/data_dir_l89_L2SR/plume_masks_l89_512/GAO20230820t184553p0000-F/mask_30m_512.tif
GAO20230820t184553p0000-G,31.89633214186292,-101.87285984045924,2023-08-20 18:45:53+00:00,Oil & Gas (1B2),CH4,mf,"[-101.88054589649177, 31.89249179302853, -101.868472238007, 31.90274225257041]",GAO,production,2024-01-19 20:59:15.829230+00:00,2025-03-25 22:41:19.974091+00:00,v1,,,,,415.4102430081776,103.8043525497252,7.25,1.3505859375,124.23864115329572,8.254053084296222,hrrr,Global Airborne Observatory,ASU GDCS,https://api.carbonmapper.org/api/v1/catalog/asset/l3a-vis-ch4-mf-v1/2023/08/20/GAO20230820t184553p0000-G/GAO20230820t184553p0000-G_l3a-vis-ch4-mf-v1_plume.tif,https://api.carbonmapper.org/api/v1/catalog/asset/l3a-vis-ch4-mf-v1/2023/08/20/GAO20230820t184553p0000-G/GAO20230820t184553p0000-G_l3a-vis-ch4-mf-v1_plume.png,,https://api.carbonmapper.org/api/v1/catalog/asset/l3a-vis-ch4-mf-v1/2023/08/20/GAO20230820t184553p0000-G/GAO20230820t184553p0000-G_l3a-vis-ch4-mf-v1_rgb.tif,https://api.carbonmapper.org/api/v1/catalog/asset/l3a-vis-ch4-mf-v1/2023/08/20/GAO20230820t184553p0000-G/GAO20230820t184553p0000-G_l3a-vis-ch4-mf-v1_rgb.png,1,EMIT_L2A_RFL_001_20230820T192855_2323213_028,/mnt/engg-leung/Research_No9_Methane_Emissions/Yuyao/raw_data_dir_l89_L2SR/EMIT_simulated_landsat9/GAO20230820t184553p0000-G_sim_L9.tif,/mnt/engg-leung/Research_No9_Methane_Emissions/Yuyao/Dataset/data_dir_l89_L2SR/plume_masks_l89_512/GAO20230820t184553p0000-G/mask_30m_512.tif
GAO20230820t184553p0000-I,32.24439085360348,-101.90251559931902,2023-08-20 18:45:53+00:00,Oil & Gas (1B2),CH4,mf,"[-101.9082298052394, 32.24348134949334, -101.9015320062335, 32.249146094386155]",GAO,production,2024-01-02 20:39:22.641095+00:00,2025-03-25 22:40:47.269790+00:00,v1,,,,,135.61329653509196,37.233750004962246,7.4765625,0.828125,125.78420367944288,7.172584117806515,hrrr,Global Airborne Observatory,ASU GDCS,https://api.carbonmapper.org/api/v1/catalog/asset/l3a-vis-ch4-mf-v002/2023/08/20/GAO20230820t184553p0000-I/GAO20230820t184553p0000-I_l3a-vis-ch4-mf-v002_plume.tif,https://api.carbonmapper.org/api/v1/catalog/asset/l3a-vis-ch4-mf-v002/2023/08/20/GAO20230820t184553p0000-I/GAO20230820t184553p0000-I_l3a-vis-ch4-mf-v002_plume.png,,https://api.carbonmapper.org/api/v1/catalog/asset/l3a-vis-ch4-mf-v002/2023/08/20/GAO20230820t184553p0000-I/GAO20230820t184553p0000-I_l3a-vis-ch4-mf-v002_rgb.tif,https://api.carbonmapper.org/api/v1/catalog/asset/l3a-vis-ch4-mf-v002/2023/08/20/GAO20230820t184553p0000-I/GAO20230820t184553p0000-I_l3a-vis-ch4-mf-v002_rgb.png,1,EMIT_L2A_RFL_001_20230820T192855_2323213_028,/mnt/engg-leung/Research_No9_Methane_Emissions/Yuyao/raw_data_dir_l89_L2SR/EMIT_simulated_landsat9/GAO20230820t184553p0000-I_sim_L9.tif,/mnt/engg-leung/Research_No9_Methane_Emissions/Yuyao/Dataset/data_dir_l89_L2SR/plume_masks_l89_512/GAO20230820t184553p0000-I/mask_30m_512.tif
GAO20230820t184553p0000-L,31.884457435689058,-101.87389360781702,2023-08-20 18:45:53+00:00,Oil & Gas (1B2),CH4,mf,"[-101.8765841897184, 31.881842697421707, -101.87049520168696, 31.887012950184953]",GAO,production,2024-01-02 20:39:22.692932+00:00,2025-03-25 22:41:15.704856+00:00,v1,,,,,58.80129529241205,31.133593086025183,7.25,1.3505859375,124.23864115329572,8.254053084296222,hrrr,Global Airborne Observatory,ASU GDCS,https://api.carbonmapper.org/api/v1/catalog/asset/l3a-vis-ch4-mf-v002/2023/08/20/GAO20230820t184553p0000-L/GAO20230820t184553p0000-L_l3a-vis-ch4-mf-v002_plume.tif,https://api.carbonmapper.org/api/v1/catalog/asset/l3a-vis-ch4-mf-v002/2023/08/20/GAO20230820t184553p0000-L/GAO20230820t184553p0000-L_l3a-vis-ch4-mf-v002_plume.png,,https://api.carbonmapper.org/api/v1/catalog/asset/l3a-vis-ch4-mf-v002/2023/08/20/GAO20230820t184553p0000-L/GAO20230820t184553p0000-L_l3a-vis-ch4-mf-v002_rgb.tif,https://api.carbonmapper.org/api/v1/catalog/asset/l3a-vis-ch4-mf-v002/2023/08/20/GAO20230820t184553p0000-L/GAO20230820t184553p0000-L_l3a-vis-ch4-mf-v002_rgb.png,1,EMIT_L2A_RFL_001_20230820T192855_2323213_028,/mnt/engg-leung/Research_No9_Methane_Emissions/Yuyao/raw_data_dir_l89_L2SR/EMIT_simulated_landsat9/GAO20230820t184553p0000-L_sim_L9.tif,/mnt/engg-leung/Research_No9_Methane_Emissions/Yuyao/Dataset/data_dir_l89_L2SR/plume_masks_l89_512/GAO20230820t184553p0000-L/mask_30m_512.tif
GAO20230820t190642p0000-A,32.092183892860746,-101.82304094412804,2023-08-20 19:06:42+00:00,Oil & Gas (1B2),CH4,mf,"[-101.8265803678109, 32.08976768689035, -101.82042494568684, 32.09493756101405]",GAO,production,2024-01-02 20:39:22.739409+00:00,2025-03-25 22:51:24.919992+00:00,v1,,,,,749.2494801520694,166.1915416968004,7.7421875,0.459716796875,133.78602983930128,6.247647254071834,hrrr,Global Airborne Observatory,ASU GDCS,https://api.carbonmapper.org/api/v1/catalog/asset/l3a-vis-ch4-mf-v002/2023/08/20/GAO20230820t190642p0000-A/GAO20230820t190642p0000-A_l3a-vis-ch4-mf-v002_plume.tif,https://api.carbonmapper.org/api/v1/catalog/asset/l3a-vis-ch4-mf-v002/2023/08/20/GAO20230820t190642p0000-A/GAO20230820t190642p0000-A_l3a-vis-ch4-mf-v002_plume.png,,https://api.carbonmapper.org/api/v1/catalog/asset/l3a-vis-ch4-mf-v002/2023/08/20/GAO20230820t190642p0000-A/GAO20230820t190642p0000-A_l3a-vis-ch4-mf-v002_rgb.tif,https://api.carbonmapper.org/api/v1/catalog/asset/l3a-vis-ch4-mf-v002/2023/08/20/GAO20230820t190642p0000-A/GAO20230820t190642p0000-A_l3a-vis-ch4-mf-v002_rgb.png,1,EMIT_L2A_RFL_001_20230820T192855_2323213_028,/mnt/engg-leung/Research_No9_Methane_Emissions/Yuyao/raw_data_dir_l89_L2SR/EMIT_simulated_landsat9/GAO20230820t190642p0000-A_sim_L9.tif,/mnt/engg-leung/Research_No9_Methane_Emissions/Yuyao/Dataset/data_dir_l89_L2SR/plume_masks_l89_512/GAO20230820t190642p0000-A/mask_30m_512.tif
GAO20230820t190642p0000-B,31.95191700214784,-101.79346160885106,2023-08-20 19:06:42+00:00,Oil & Gas (1B2),CH4,mf,"[-101.79672758956542, 31.94967977423652, -101.7906344607048, 31.954849728859344]",GAO,production,2024-01-02 20:39:22.773369+00:00,2025-03-25 22:56:39.831064+00:00,v1,,,,,460.2348758000352,44.64881386999134,7.91015625,0.36669921875,127.95449628821444,6.553305398468227,hrrr,Global Airborne Observatory,ASU GDCS,https://api.carbonmapper.org/api/v1/catalog/asset/l3a-vis-ch4-mf-v002/2023/08/20/GAO20230820t190642p0000-B/GAO20230820t190642p0000-B_l3a-vis-ch4-mf-v002_plume.tif,https://api.carbonmapper.org/api/v1/catalog/asset/l3a-vis-ch4-mf-v002/2023/08/20/GAO20230820t190642p0000-B/GAO20230820t190642p0000-B_l3a-vis-ch4-mf-v002_plume.png,,https://api.carbonmapper.org/api/v1/catalog/asset/l3a-vis-ch4-mf-v002/2023/08/20/GAO20230820t190642p0000-B/GAO20230820t190642p0000-B_l3a-vis-ch4-mf-v002_rgb.tif,https://api.carbonmapper.org/api/v1/catalog/asset/l3a-vis-ch4-mf-v002/2023/08/20/GAO20230820t190642p0000-B/GAO20230820t190642p0000-B_l3a-vis-ch4-mf-v002_rgb.png,1,EMIT_L2A_RFL_001_20230820T192855_2323213_028,/mnt/engg-leung/Research_No9_Methane_Emissions/Yuyao/raw_data_dir_l89_L2SR/EMIT_simulated_landsat9/GAO20230820t190642p0000-B_sim_L9.tif,/mnt/engg-leung/Research_No9_Methane_Emissions/Yuyao/Dataset/data_dir_l89_L2SR/plume_masks_l89_512/GAO20230820t190642p0000-B/mask_30m_512.tif
GAO20230820t190642p0000-C,31.907445501098262,-101.78359405466828,2023-08-20 19:06:42+00:00,Oil & Gas (1B2),CH4,mf,"[-101.78712809501029, 31.9049900465349, -101.78098498503147, 31.910204942473456]",GAO,production,2024-01-02 20:39:22.809177+00:00,2025-03-25 22:51:30.563719+00:00,v1,,,,,397.397815857226,176.23382297572812,8.046875,0.41455078125,129.02639885579956,5.606153262067698,hrrr,Global Airborne Observatory,ASU GDCS,https://api.carbonmapper.org/api/v1/catalog/asset/l3a-vis-ch4-mf-v002/2023/08/20/GAO20230820t190642p0000-C/GAO20230820t190642p0000-C_l3a-vis-ch4-mf-v002_plume.tif,https://api.carbonmapper.org/api/v1/catalog/asset/l3a-vis-ch4-mf-v002/2023/08/20/GAO20230820t190642p0000-C/GAO20230820t190642p0000-C_l3a-vis-ch4-mf-v002_plume.png,,https://api.carbonmapper.org/api/v1/catalog/asset/l3a-vis-ch4-mf-v002/2023/08/20/GAO20230820t190642p0000-C/GAO20230820t190642p0000-C_l3a-vis-ch4-mf-v002_rgb.tif,https://api.carbonmapper.org/api/v1/catalog/asset/l3a-vis-ch4-mf-v002/2023/08/20/GAO20230820t190642p0000-C/GAO20230820t190642p0000-C_l3a-vis-ch4-mf-v002_rgb.png,1,EMIT_L2A_RFL_001_20230820T192855_2323213_028,/mnt/engg-leung/Research_No9_Methane_Emissions/Yuyao/raw_data_dir_l89_L2SR/EMIT_simulated_landsat9/GAO20230820t190642p0000-C_sim_L9.tif,/mnt/engg-leung/Research_No9_Methane_Emissions/Yuyao/Dataset/data_dir_l89_L2SR/plume_masks_l89_512/GAO20230820t190642p0000-C/mask_30m_512.tif
GAO20230820t190642p0000-D,31.88897743146425,-101.78591993624886,2023-08-20 19:06:42+00:00,Oil & Gas (1B2),CH4,mf,"[-101.79225546893065, 31.88325805955938, -101.78007766276949, 31.893642925294678]",GAO,production,2024-01-19 21:13:44.221798+00:00,2025-03-25 22:41:53.000734+00:00,v1,,,,,913.2238971205484,113.13901193072618,7.9921875,0.429931640625,128.71029770101137,4.886069116257217,hrrr,Global Airborne Observatory,ASU GDCS,https://api.carbonmapper.org/api/v1/catalog/asset/l3a-vis-ch4-mf-v1/2023/08/20/GAO20230820t190642p0000-D/GAO20230820t190642p0000-D_l3a-vis-ch4-mf-v1_plume.tif,https://api.carbonmapper.org/api/v1/catalog/asset/l3a-vis-ch4-mf-v1/2023/08/20/GAO20230820t190642p0000-D/GAO20230820t190642p0000-D_l3a-vis-ch4-mf-v1_plume.png,,https://api.carbonmapper.org/api/v1/catalog/asset/l3a-vis-ch4-mf-v1/2023/08/20/GAO20230820t190642p0000-D/GAO20230820t190642p0000-D_l3a-vis-ch4-mf-v1_rgb.tif,https://api.carbonmapper.org/api/v1/catalog/asset/l3a-vis-ch4-mf-v1/2023/08/20/GAO20230820t190642p0000-D/GAO20230820t190642p0000-D_l3a-vis-ch4-mf-v1_rgb.png,1,EMIT_L2A_RFL_001_20230820T192855_2323213_028,/mnt/engg-leung/Research_No9_Methane_Emissions/Yuyao/raw_data_dir_l89_L2SR/EMIT_simulated_landsat9/GAO20230820t190642p0000-D_sim_L9.tif,/mnt/engg-leung/Research_No9_Methane_Emissions/Yuyao/Dataset/data_dir_l89_L2SR/plume_masks_l89_512/GAO20230820t190642p0000-D/mask_30m_512.tif
GAO20230820t190642p0000-E,31.85489951042021,-101.78605911572988,2023-08-20 19:06:42+00:00,Oil & Gas (1B2),CH4,mf,"[-101.79077559631929, 31.853196954216994, -101.78468868099034, 31.858412009949088]",GAO,production,2024-01-02 20:39:22.843955+00:00,2025-03-25 22:41:55.029042+00:00,v1,,,,,655.9840421098543,178.93033751201676,8.2109375,0.52197265625,128.61722954338077,5.129180257490978,hrrr,Global Airborne Observatory,ASU GDCS,https://api.carbonmapper.org/api/v1/catalog/asset/l3a-vis-ch4-mf-v002/2023/08/20/GAO20230820t190642p0000-E/GAO20230820t190642p0000-E_l3a-vis-ch4-mf-v002_plume.tif,https://api.carbonmapper.org/api/v1/catalog/asset/l3a-vis-ch4-mf-v002/2023/08/20/GAO20230820t190642p0000-E/GAO20230820t190642p0000-E_l3a-vis-ch4-mf-v002_plume.png,,https://api.carbonmapper.org/api/v1/catalog/asset/l3a-vis-ch4-mf-v002/2023/08/20/GAO20230820t190642p0000-E/GAO20230820t190642p0000-E_l3a-vis-ch4-mf-v002_rgb.tif,https://api.carbonmapper.org/api/v1/catalog/asset/l3a-vis-ch4-mf-v002/2023/08/20/GAO20230820t190642p0000-E/GAO20230820t190642p0000-E_l3a-vis-ch4-mf-v002_rgb.png,1,EMIT_L2A_RFL_001_20230820T192855_2323213_028,/mnt/engg-leung/Research_No9_Methane_Emissions/Yuyao/raw_data_dir_l89_L2SR/EMIT_simulated_landsat9/GAO20230820t190642p0000-E_sim_L9.tif,/mnt/engg-leung/Research_No9_Methane_Emissions/Yuyao/Dataset/data_dir_l89_L2SR/plume_masks_l89_512/GAO20230820t190642p0000-E/mask_30m_512.tif
GAO20230820t190642p0000-F,31.86062625429335,-101.78803143100426,2023-08-20 19:06:42+00:00,,CH4,mf,"[-101.79123705545535, 31.858167285034256, -101.78514996053235, 31.863337258482982]",GAO,production,2024-01-02 20:39:22.880397+00:00,2025-03-25 22:56:47.188948+00:00,v1,,,,,576.0496559283818,122.2975640413198,8.0859375,0.4775390625,128.5968345985191,4.626066722780973,hrrr,Global Airborne Observatory,ASU GDCS,https://api.carbonmapper.org/api/v1/catalog/asset/l3a-vis-ch4-mf-v002/2023/08/20/GAO20230820t190642p0000-F/GAO20230820t190642p0000-F_l3a-vis-ch4-mf-v002_plume.tif,https://api.carbonmapper.org/api/v1/catalog/asset/l3a-vis-ch4-mf-v002/2023/08/20/GAO20230820t190642p0000-F/GAO20230820t190642p0000-F_l3a-vis-ch4-mf-v002_plume.png,,https://api.carbonmapper.org/api/v1/catalog/asset/l3a-vis-ch4-mf-v002/2023/08/20/GAO20230820t190642p0000-F/GAO20230820t190642p0000-F_l3a-vis-ch4-mf-v002_rgb.tif,https://api.carbonmapper.org/api/v1/catalog/asset/l3a-vis-ch4-mf-v002/2023/08/20/GAO20230820t190642p0000-F/GAO20230820t190642p0000-F_l3a-vis-ch4-mf-v002_rgb.png,1,EMIT_L2A_RFL_001_20230820T192855_2323213_028,/mnt/engg-leung/Research_No9_Methane_Emissions/Yuyao/raw_data_dir_l89_L2SR/EMIT_simulated_landsat9/GAO20230820t190642p0000-F_sim_L9.tif,/mnt/engg-leung/Research_No9_Methane_Emissions/Yuyao/Dataset/data_dir_l89_L2SR/plume_masks_l89_512/GAO20230820t190642p0000-F/mask_30m_512.tif
GAO20230820t190642p0000-G,31.843935916503668,-101.77830221945224,2023-08-20 19:06:42+00:00,Oil & Gas (1B2),CH4,mf,"[-101.78039627391003, 31.84184518356001, -101.77425736942007, 31.84706008225153]",GAO,production,2024-01-02 20:39:22.914640+00:00,2025-03-25 22:51:33.602341+00:00,v1,,,,,431.8668579925728,54.29602969017393,8.1953125,0.492919921875,128.63076697831573,5.273069650232557,hrrr,Global Airborne Observatory,ASU GDCS,https://api.carbonmapper.org/api/v1/catalog/asset/l3a-vis-ch4-mf-v002/2023/08/20/GAO20230820t190642p0000-G/GAO20230820t190642p0000-G_l3a-vis-ch4-mf-v002_plume.tif,https://api.carbonmapper.org/api/v1/catalog/asset/l3a-vis-ch4-mf-v002/2023/08/20/GAO20230820t190642p0000-G/GAO20230820t190642p0000-G_l3a-vis-ch4-mf-v002_plume.png,,https://api.carbonmapper.org/api/v1/catalog/asset/l3a-vis-ch4-mf-v002/2023/08/20/GAO20230820t190642p0000-G/GAO20230820t190642p0000-G_l3a-vis-ch4-mf-v002_rgb.tif,https://api.carbonmapper.org/api/v1/catalog/asset/l3a-vis-ch4-mf-v002/2023/08/20/GAO20230820t190642p0000-G/GAO20230820t190642p0000-G_l3a-vis-ch4-mf-v002_rgb.png,1,EMIT_L2A_RFL_001_20230820T192855_2323213_028,/mnt/engg-leung/Research_No9_Methane_Emissions/Yuyao/raw_data_dir_l89_L2SR/EMIT_simulated_landsat9/GAO20230820t190642p0000-G_sim_L9.tif,/mnt/engg-leung/Research_No9_Methane_Emissions/Yuyao/Dataset/data_dir_l89_L2SR/plume_masks_l89_512/GAO20230820t190642p0000-G/mask_30m_512.tif
GAO20230820t190642p0000-I,31.83266210539152,-101.78381652279056,2023-08-20 19:06:42+00:00,Oil & Gas (1B2),CH4,mf,"[-101.78749530650249, 31.830529828032077, -101.78135712023816, 31.835744756091035]",GAO,production,2024-01-02 20:39:22.957388+00:00,2025-03-25 22:42:09.489299+00:00,v1,,,,,916.7757796297072,58.2798113953471,8.2109375,0.52197265625,128.61722954338077,5.129180257490978,hrrr,Global Airborne Observatory,ASU GDCS,https://api.carbonmapper.org/api/v1/catalog/asset/l3a-vis-ch4-mf-v002/2023/08/20/GAO20230820t190642p0000-I/GAO20230820t190642p0000-I_l3a-vis-ch4-mf-v002_plume.tif,https://api.carbonmapper.org/api/v1/catalog/asset/l3a-vis-ch4-mf-v002/2023/08/20/GAO20230820t190642p0000-I/GAO20230820t190642p0000-I_l3a-vis-ch4-mf-v002_plume.png,,https://api.carbonmapper.org/api/v1/catalog/asset/l3a-vis-ch4-mf-v002/2023/08/20/GAO20230820t190642p0000-I/GAO20230820t190642p0000-I_l3a-vis-ch4-mf-v002_rgb.tif,https://api.carbonmapper.org/api/v1/catalog/asset/l3a-vis-ch4-mf-v002/2023/08/20/GAO20230820t190642p0000-I/GAO20230820t190642p0000-I_l3a-vis-ch4-mf-v002_rgb.png,1,EMIT_L2A_RFL_001_20230820T192855_2323213_028,/mnt/engg-leung/Research_No9_Methane_Emissions/Yuyao/raw_data_dir_l89_L2SR/EMIT_simulated_landsat9/GAO20230820t190642p0000-I_sim_L9.tif,/mnt/engg-leung/Research_No9_Methane_Emissions/Yuyao/Dataset/data_dir_l89_L2SR/plume_masks_l89_512/GAO20230820t190642p0000-I/mask_30m_512.tif
GAO20230820t190642p0000-J,31.73293915738373,-101.7886909606342,2023-08-20 19:06:42+00:00,Oil & Gas (1B2),CH4,mf,"[-101.79314217201176, 31.731318473377964, -101.78701049670637, 31.736533462105847]",GAO,production,2024-01-02 20:39:22.993313+00:00,2025-03-25 22:34:31.100008+00:00,v1,,,,,520.2525852197396,178.90651407034375,8.796875,0.60009765625,128.47723798615218,3.6719751997609182,hrrr,Global Airborne Observatory,ASU GDCS,https://api.carbonmapper.org/api/v1/catalog/asset/l3a-vis-ch4-mf-v002/2023/08/20/GAO20230820t190642p0000-J/GAO20230820t190642p0000-J_l3a-vis-ch4-mf-v002_plume.tif,https://api.carbonmapper.org/api/v1/catalog/asset/l3a-vis-ch4-mf-v002/2023/08/20/GAO20230820t190642p0000-J/GAO20230820t190642p0000-J_l3a-vis-ch4-mf-v002_plume.png,,https://api.carbonmapper.org/api/v1/catalog/asset/l3a-vis-ch4-mf-v002/2023/08/20/GAO20230820t190642p0000-J/GAO20230820t190642p0000-J_l3a-vis-ch4-mf-v002_rgb.tif,https://api.carbonmapper.org/api/v1/catalog/asset/l3a-vis-ch4-mf-v002/2023/08/20/GAO20230820t190642p0000-J/GAO20230820t190642p0000-J_l3a-vis-ch4-mf-v002_rgb.png,1,EMIT_L2A_RFL_001_20230820T192855_2323213_028,/mnt/engg-leung/Research_No9_Methane_Emissions/Yuyao/raw_data_dir_l89_L2SR/EMIT_simulated_landsat9/GAO20230820t190642p0000-J_sim_L9.tif,/mnt/engg-leung/Research_No9_Methane_Emissions/Yuyao/Dataset/data_dir_l89_L2SR/plume_masks_l89_512/GAO20230820t190642p0000-J/mask_30m_512.tif
GAO20230820t190642p0000-K,31.6800977228321,-101.7705231042572,2023-08-20 19:06:42+00:00,Oil & Gas (1B2),CH4,mf,"[-101.77682936186639, 31.67505482032145, -101.76473155760998, 31.68534996251809]",GAO,production,2024-01-19 21:13:44.266421+00:00,2025-03-25 22:51:40.870082+00:00,v1,,,,,,,8.8046875,0.481689453125,128.29775427514258,3.9267438795075607,hrrr,Global Airborne Observatory,ASU GDCS,https://api.carbonmapper.org/api/v1/catalog/asset/l3a-vis-ch4-mf-v1/2023/08/20/GAO20230820t190642p0000-K/GAO20230820t190642p0000-K_l3a-vis-ch4-mf-v1_plume.tif,https://api.carbonmapper.org/api/v1/catalog/asset/l3a-vis-ch4-mf-v1/2023/08/20/GAO20230820t190642p0000-K/GAO20230820t190642p0000-K_l3a-vis-ch4-mf-v1_plume.png,,https://api.carbonmapper.org/api/v1/catalog/asset/l3a-vis-ch4-mf-v1/2023/08/20/GAO20230820t190642p0000-K/GAO20230820t190642p0000-K_l3a-vis-ch4-mf-v1_rgb.tif,https://api.carbonmapper.org/api/v1/catalog/asset/l3a-vis-ch4-mf-v1/2023/08/20/GAO20230820t190642p0000-K/GAO20230820t190642p0000-K_l3a-vis-ch4-mf-v1_rgb.png,1,EMIT_L2A_RFL_001_20230820T192855_2323213_028,/mnt/engg-leung/Research_No9_Methane_Emissions/Yuyao/raw_data_dir_l89_L2SR/EMIT_simulated_landsat9/GAO20230820t190642p0000-K_sim_L9.tif,/mnt/engg-leung/Research_No9_Methane_Emissions/Yuyao/Dataset/data_dir_l89_L2SR/plume_masks_l89_512/GAO20230820t190642p0000-K/mask_30m_512.tif
GAO20230820t190642p0000-L,31.64799997372404,-101.76691561408089,2023-08-20 19:06:42+00:00,Oil & Gas (1B2),CH4,mf,"[-101.77285337249009, 31.643715741593688, -101.76086542086001, 31.653965800981688]",GAO,production,2024-01-19 21:13:44.296685+00:00,2025-03-25 22:42:10.111299+00:00,v1,,,,,424.7323871941667,92.4051106838655,8.8359375,0.5771484375,128.67340101911495,4.654496574954264,hrrr,Global Airborne Observatory,ASU GDCS,https://api.carbonmapper.org/api/v1/catalog/asset/l3a-vis-ch4-mf-v1/2023/08/20/GAO20230820t190642p0000-L/GAO20230820t190642p0000-L_l3a-vis-ch4-mf-v1_plume.tif,https://api.carbonmapper.org/api/v1/catalog/asset/l3a-vis-ch4-mf-v1/2023/08/20/GAO20230820t190642p0000-L/GAO20230820t190642p0000-L_l3a-vis-ch4-mf-v1_plume.png,,https://api.carbonmapper.org/api/v1/catalog/asset/l3a-vis-ch4-mf-v1/2023/08/20/GAO20230820t190642p0000-L/GAO20230820t190642p0000-L_l3a-vis-ch4-mf-v1_rgb.tif,https://api.carbonmapper.org/api/v1/catalog/asset/l3a-vis-ch4-mf-v1/2023/08/20/GAO20230820t190642p0000-L/GAO20230820t190642p0000-L_l3a-vis-ch4-mf-v1_rgb.png,1,EMIT_L2A_RFL_001_20230820T192855_2323213_028,/mnt/engg-leung/Research_No9_Methane_Emissions/Yuyao/raw_data_dir_l89_L2SR/EMIT_simulated_landsat9/GAO20230820t190642p0000-L_sim_L9.tif,/mnt/engg-leung/Research_No9_Methane_Emissions/Yuyao/Dataset/data_dir_l89_L2SR/plume_masks_l89_512/GAO20230820t190642p0000-L/mask_30m_512.tif
GAO20230820t190642p0000-M,31.80173253370792,-101.77993985611494,2023-08-20 19:06:42+00:00,Oil & Gas (1B2),CH4,mf,"[-101.78606848551301, 31.796730985161382, -101.773954820024, 31.807026091627964]",GAO,production,2024-01-19 21:13:44.382418+00:00,2025-03-25 23:01:30.196256+00:00,v1,,,,,,,8.4453125,0.71728515625,129.26852416992188,5.237689971923828,hrrr,Global Airborne Observatory,ASU GDCS,https://api.carbonmapper.org/api/v1/catalog/asset/l3a-vis-ch4-mf-v1/2023/08/20/GAO20230820t190642p0000-M/GAO20230820t190642p0000-M_l3a-vis-ch4-mf-v1_plume.tif,https://api.carbonmapper.org/api/v1/catalog/asset/l3a-vis-ch4-mf-v1/2023/08/20/GAO20230820t190642p0000-M/GAO20230820t190642p0000-M_l3a-vis-ch4-mf-v1_plume.png,,https://api.carbonmapper.org/api/v1/catalog/asset/l3a-vis-ch4-mf-v1/2023/08/20/GAO20230820t190642p0000-M/GAO20230820t190642p0000-M_l3a-vis-ch4-mf-v1_rgb.tif,https://api.carbonmapper.org/api/v1/catalog/asset/l3a-vis-ch4-mf-v1/2023/08/20/GAO20230820t190642p0000-M/GAO20230820t190642p0000-M_l3a-vis-ch4-mf-v1_rgb.png,1,EMIT_L2A_RFL_001_20230820T192855_2323213_028,/mnt/engg-leung/Research_No9_Methane_Emissions/Yuyao/raw_data_dir_l89_L2SR/EMIT_simulated_landsat9/GAO20230820t190642p0000-M_sim_L9.tif,/mnt/engg-leung/Research_No9_Methane_Emissions/Yuyao/Dataset/data_dir_l89_L2SR/plume_masks_l89_512/GAO20230820t190642p0000-M/mask_30m_512.tif
GAO20230820t191647p0000-A,31.907447906907464,-101.78359213189871,2023-08-20 19:16:47+00:00,Oil & Gas (1B2),CH4,mf,"[-101.78690124773038, 31.905434967181957, -101.78081092067994, 31.910649987681214]",GAO,production,2023-12-04 18:49:20.728281+00:00,2025-03-25 22:51:18.704951+00:00,v1,,,,,360.00065783002475,96.26340530965872,8.046875,0.41455078125,129.02639885579956,5.606153262067698,hrrr,Global Airborne Observatory,ASU GDCS,https://api.carbonmapper.org/api/v1/catalog/asset/l3a-vis-ch4-mf-v002/2023/08/20/GAO20230820t191647p0000-A/GAO20230820t191647p0000-A_l3a-vis-ch4-mf-v002_plume.tif,https://api.carbonmapper.org/api/v1/catalog/asset/l3a-vis-ch4-mf-v002/2023/08/20/GAO20230820t191647p0000-A/GAO20230820t191647p0000-A_l3a-vis-ch4-mf-v002_plume.png,,https://api.carbonmapper.org/api/v1/catalog/asset/l3a-vis-ch4-mf-v002/2023/08/20/GAO20230820t191647p0000-A/GAO20230820t191647p0000-A_l3a-vis-ch4-mf-v002_rgb.tif,https://api.carbonmapper.org/api/v1/catalog/asset/l3a-vis-ch4-mf-v002/2023/08/20/GAO20230820t191647p0000-A/GAO20230820t191647p0000-A_l3a-vis-ch4-mf-v002_rgb.png,1,EMIT_L2A_RFL_001_20230820T192855_2323213_028,/mnt/engg-leung/Research_No9_Methane_Emissions/Yuyao/raw_data_dir_l89_L2SR/EMIT_simulated_landsat9/GAO20230820t191647p0000-A_sim_L9.tif,/mnt/engg-leung/Research_No9_Methane_Emissions/Yuyao/Dataset/data_dir_l89_L2SR/plume_masks_l89_512/GAO20230820t191647p0000-A/mask_30m_512.tif
GAO20230820t191647p0000-B,31.88893946368421,-101.78593523346346,2023-08-20 19:16:47+00:00,Oil & Gas (1B2),CH4,mf,"[-101.78835225524101, 31.886493734947592, -101.78226316610673, 31.891708768383094]",GAO,production,2023-12-04 18:49:36.768288+00:00,2025-03-25 23:04:37.609726+00:00,v1,,,,,,,7.9921875,0.429931640625,128.71029770101137,4.886069116257217,hrrr,Global Airborne Observatory,ASU GDCS,https://api.carbonmapper.org/api/v1/catalog/asset/l3a-vis-ch4-mf-v002/2023/08/20/GAO20230820t191647p0000-B/GAO20230820t191647p0000-B_l3a-vis-ch4-mf-v002_plume.tif,https://api.carbonmapper.org/api/v1/catalog/asset/l3a-vis-ch4-mf-v002/2023/08/20/GAO20230820t191647p0000-B/GAO20230820t191647p0000-B_l3a-vis-ch4-mf-v002_plume.png,,https://api.carbonmapper.org/api/v1/catalog/asset/l3a-vis-ch4-mf-v002/2023/08/20/GAO20230820t191647p0000-B/GAO20230820t191647p0000-B_l3a-vis-ch4-mf-v002_rgb.tif,https://api.carbonmapper.org/api/v1/catalog/asset/l3a-vis-ch4-mf-v002/2023/08/20/GAO20230820t191647p0000-B/GAO20230820t191647p0000-B_l3a-vis-ch4-mf-v002_rgb.png,1,EMIT_L2A_RFL_001_20230820T192855_2323213_028,/mnt/engg-leung/Research_No9_Methane_Emissions/Yuyao/raw_data_dir_l89_L2SR/EMIT_simulated_landsat9/GAO20230820t191647p0000-B_sim_L9.tif,/mnt/engg-leung/Research_No9_Methane_Emissions/Yuyao/Dataset/data_dir_l89_L2SR/plume_masks_l89_512/GAO20230820t191647p0000-B/mask_30m_512.tif
GAO20230820t191647p0000-C,31.844951262965424,-101.77240671695012,2023-08-20 19:16:47+00:00,Oil & Gas (1B2),CH4,mf,"[-101.78137466071382, 31.842143242527335, -101.76830273856142, 31.85324723565748]",GAO,production,2023-12-04 18:44:58.949385+00:00,2025-03-25 22:41:39.460983+00:00,v1,,,,,1772.975332813784,276.5692405331998,8.1953125,0.492919921875,128.63076697831573,5.273069650232557,hrrr,Global Airborne Observatory,ASU GDCS,https://api.carbonmapper.org/api/v1/catalog/asset/l3a-vis-ch4-mf-v002/2023/08/20/GAO20230820t191647p0000-C/GAO20230820t191647p0000-C_l3a-vis-ch4-mf-v002_plume.tif,https://api.carbonmapper.org/api/v1/catalog/asset/l3a-vis-ch4-mf-v002/2023/08/20/GAO20230820t191647p0000-C/GAO20230820t191647p0000-C_l3a-vis-ch4-mf-v002_plume.png,,https://api.carbonmapper.org/api/v1/catalog/asset/l3a-vis-ch4-mf-v002/2023/08/20/GAO20230820t191647p0000-C/GAO20230820t191647p0000-C_l3a-vis-ch4-mf-v002_rgb.tif,https://api.carbonmapper.org/api/v1/catalog/asset/l3a-vis-ch4-mf-v002/2023/08/20/GAO20230820t191647p0000-C/GAO20230820t191647p0000-C_l3a-vis-ch4-mf-v002_rgb.png,1,EMIT_L2A_RFL_001_20230820T192855_2323213_028,/mnt/engg-leung/Research_No9_Methane_Emissions/Yuyao/raw_data_dir_l89_L2SR/EMIT_simulated_landsat9/GAO20230820t191647p0000-C_sim_L9.tif,/mnt/engg-leung/Research_No9_Methane_Emissions/Yuyao/Dataset/data_dir_l89_L2SR/plume_masks_l89_512/GAO20230820t191647p0000-C/mask_30m_512.tif
GAO20230820t191647p0000-D,31.843935158959184,-101.77851533069644,2023-08-20 19:16:47+00:00,Oil & Gas (1B2),CH4,mf,"[-101.78061044993497, 31.841760701552076, -101.77431278141444, 31.847110468671602]",GAO,production,2023-12-04 18:45:23.451084+00:00,2025-03-25 22:41:42.771864+00:00,v1,,,,,353.91587503820466,71.19521625825797,8.1953125,0.492919921875,128.63076697831573,5.273069650232557,hrrr,Global Airborne Observatory,ASU GDCS,https://api.carbonmapper.org/api/v1/catalog/asset/l3a-vis-ch4-mf-v002/2023/08/20/GAO20230820t191647p0000-D/GAO20230820t191647p0000-D_l3a-vis-ch4-mf-v002_plume.tif,https://api.carbonmapper.org/api/v1/catalog/asset/l3a-vis-ch4-mf-v002/2023/08/20/GAO20230820t191647p0000-D/GAO20230820t191647p0000-D_l3a-vis-ch4-mf-v002_plume.png,,https://api.carbonmapper.org/api/v1/catalog/asset/l3a-vis-ch4-mf-v002/2023/08/20/GAO20230820t191647p0000-D/GAO20230820t191647p0000-D_l3a-vis-ch4-mf-v002_rgb.tif,https://api.carbonmapper.org/api/v1/catalog/asset/l3a-vis-ch4-mf-v002/2023/08/20/GAO20230820t191647p0000-D/GAO20230820t191647p0000-D_l3a-vis-ch4-mf-v002_rgb.png,1,EMIT_L2A_RFL_001_20230820T192855_2323213_028,/mnt/engg-leung/Research_No9_Methane_Emissions/Yuyao/raw_data_dir_l89_L2SR/EMIT_simulated_landsat9/GAO20230820t191647p0000-D_sim_L9.tif,/mnt/engg-leung/Research_No9_Methane_Emissions/Yuyao/Dataset/data_dir_l89_L2SR/plume_masks_l89_512/GAO20230820t191647p0000-D/mask_30m_512.tif
GAO20230820t191647p0000-E,31.7969688747322,-101.7646767971044,2023-08-20 19:16:47+00:00,Oil & Gas (1B2),CH4,mf,"[-101.77108665272931, 31.795224294729866, -101.7635757016003, 31.80160790661832]",GAO,production,2023-12-04 18:43:02.397968+00:00,2025-03-25 22:51:21.578941+00:00,v1,,,,,570.100700687281,106.03249860833276,8.40625,0.68505859375,129.9421359782015,5.334316051286089,hrrr,Global Airborne Observatory,ASU GDCS,https://api.carbonmapper.org/api/v1/catalog/asset/l3a-vis-ch4-mf-v002/2023/08/20/GAO20230820t191647p0000-E/GAO20230820t191647p0000-E_l3a-vis-ch4-mf-v002_plume.tif,https://api.carbonmapper.org/api/v1/catalog/asset/l3a-vis-ch4-mf-v002/2023/08/20/GAO20230820t191647p0000-E/GAO20230820t191647p0000-E_l3a-vis-ch4-mf-v002_plume.png,,https://api.carbonmapper.org/api/v1/catalog/asset/l3a-vis-ch4-mf-v002/2023/08/20/GAO20230820t191647p0000-E/GAO20230820t191647p0000-E_l3a-vis-ch4-mf-v002_rgb.tif,https://api.carbonmapper.org/api/v1/catalog/asset/l3a-vis-ch4-mf-v002/2023/08/20/GAO20230820t191647p0000-E/GAO20230820t191647p0000-E_l3a-vis-ch4-mf-v002_rgb.png,1,EMIT_L2A_RFL_001_20230820T192855_2323213_028,/mnt/engg-leung/Research_No9_Methane_Emissions/Yuyao/raw_data_dir_l89_L2SR/EMIT_simulated_landsat9/GAO20230820t191647p0000-E_sim_L9.tif,/mnt/engg-leung/Research_No9_Methane_Emissions/Yuyao/Dataset/data_dir_l89_L2SR/plume_masks_l89_512/GAO20230820t191647p0000-E/mask_30m_512.tif
GAO20230820t191647p0000-F,31.77202662994977,-101.75667939204816,2023-08-20 19:16:47+00:00,Oil & Gas (1B2),CH4,mf,"[-101.76607722700196, 31.769131477929353, -101.75518363129304, 31.778392493109724]",GAO,production,2023-12-04 18:42:21.724573+00:00,2025-03-25 22:51:22.292050+00:00,v1,,,,,298.388450612211,65.61595476693212,8.59375,0.65234375,130.35756174390002,4.467149322086576,hrrr,Global Airborne Observatory,ASU GDCS,https://api.carbonmapper.org/api/v1/catalog/asset/l3a-vis-ch4-mf-v002/2023/08/20/GAO20230820t191647p0000-F/GAO20230820t191647p0000-F_l3a-vis-ch4-mf-v002_plume.tif,https://api.carbonmapper.org/api/v1/catalog/asset/l3a-vis-ch4-mf-v002/2023/08/20/GAO20230820t191647p0000-F/GAO20230820t191647p0000-F_l3a-vis-ch4-mf-v002_plume.png,,https://api.carbonmapper.org/api/v1/catalog/asset/l3a-vis-ch4-mf-v002/2023/08/20/GAO20230820t191647p0000-F/GAO20230820t191647p0000-F_l3a-vis-ch4-mf-v002_rgb.tif,https://api.carbonmapper.org/api/v1/catalog/asset/l3a-vis-ch4-mf-v002/2023/08/20/GAO20230820t191647p0000-F/GAO20230820t191647p0000-F_l3a-vis-ch4-mf-v002_rgb.png,1,EMIT_L2A_RFL_001_20230820T192855_2323213_028,/mnt/engg-leung/Research_No9_Methane_Emissions/Yuyao/raw_data_dir_l89_L2SR/EMIT_simulated_landsat9/GAO20230820t191647p0000-F_sim_L9.tif,/mnt/engg-leung/Research_No9_Methane_Emissions/Yuyao/Dataset/data_dir_l89_L2SR/plume_masks_l89_512/GAO20230820t191647p0000-F/mask_30m_512.tif
GAO20230820t191647p0000-G,31.77380060476781,-101.75905754235482,2023-08-20 19:16:47+00:00,Oil & Gas (1B2),CH4,mf,"[-101.76596707508415, 31.769263783700882, -101.75517938085775, 31.778389806241172]",GAO,production,2023-12-04 18:42:21.797130+00:00,2025-03-25 22:51:23.552705+00:00,v1,,,,,638.5002064764473,182.97332453023296,8.59375,0.65234375,130.35756174390002,4.467149322086576,hrrr,Global Airborne Observatory,ASU GDCS,https://api.carbonmapper.org/api/v1/catalog/asset/l3a-vis-ch4-mf-v002/2023/08/20/GAO20230820t191647p0000-G/GAO20230820t191647p0000-G_l3a-vis-ch4-mf-v002_plume.tif,https://api.carbonmapper.org/api/v1/catalog/asset/l3a-vis-ch4-mf-v002/2023/08/20/GAO20230820t191647p0000-G/GAO20230820t191647p0000-G_l3a-vis-ch4-mf-v002_plume.png,,https://api.carbonmapper.org/api/v1/catalog/asset/l3a-vis-ch4-mf-v002/2023/08/20/GAO20230820t191647p0000-G/GAO20230820t191647p0000-G_l3a-vis-ch4-mf-v002_rgb.tif,https://api.carbonmapper.org/api/v1/catalog/asset/l3a-vis-ch4-mf-v002/2023/08/20/GAO20230820t191647p0000-G/GAO20230820t191647p0000-G_l3a-vis-ch4-mf-v002_rgb.png,1,EMIT_L2A_RFL_001_20230820T192855_2323213_028,/mnt/engg-leung/Research_No9_Methane_Emissions/Yuyao/raw_data_dir_l89_L2SR/EMIT_simulated_landsat9/GAO20230820t191647p0000-G_sim_L9.tif,/mnt/engg-leung/Research_No9_Methane_Emissions/Yuyao/Dataset/data_dir_l89_L2SR/plume_masks_l89_512/GAO20230820t191647p0000-G/mask_30m_512.tif
GAO20230820t192807p0000-A,31.90744709045623,-101.78355786849862,2023-08-20 19:28:07+00:00,Oil & Gas (1B2),CH4,mf,"[-101.7875844776533, 31.90554253626397, -101.7814413291988, 31.910757433556235]",GAO,production,2023-12-04 18:49:20.475734+00:00,2025-03-25 22:51:05.253031+00:00,v1,,,,,462.9998041603649,85.35984186952332,8.046875,0.41455078125,129.02639885579956,5.606153262067698,hrrr,Global Airborne Observatory,ASU GDCS,https://api.carbonmapper.org/api/v1/catalog/asset/l3a-vis-ch4-mf-v002/2023/08/20/GAO20230820t192807p0000-A/GAO20230820t192807p0000-A_l3a-vis-ch4-mf-v002_plume.tif,https://api.carbonmapper.org/api/v1/catalog/asset/l3a-vis-ch4-mf-v002/2023/08/20/GAO20230820t192807p0000-A/GAO20230820t192807p0000-A_l3a-vis-ch4-mf-v002_plume.png,,https://api.carbonmapper.org/api/v1/catalog/asset/l3a-vis-ch4-mf-v002/2023/08/20/GAO20230820t192807p0000-A/GAO20230820t192807p0000-A_l3a-vis-ch4-mf-v002_rgb.tif,https://api.carbonmapper.org/api/v1/catalog/asset/l3a-vis-ch4-mf-v002/2023/08/20/GAO20230820t192807p0000-A/GAO20230820t192807p0000-A_l3a-vis-ch4-mf-v002_rgb.png,1,EMIT_L2A_RFL_001_20230820T192855_2323213_028,/mnt/engg-leung/Research_No9_Methane_Emissions/Yuyao/raw_data_dir_l89_L2SR/EMIT_simulated_landsat9/GAO20230820t192807p0000-A_sim_L9.tif,/mnt/engg-leung/Research_No9_Methane_Emissions/Yuyao/Dataset/data_dir_l89_L2SR/plume_masks_l89_512/GAO20230820t192807p0000-A/mask_30m_512.tif
GAO20230820t192807p0000-B,31.844907753664074,-101.77225607479792,2023-08-20 19:28:07+00:00,Oil & Gas (1B2),CH4,mf,"[-101.78402377864981, 31.84329129744237, -101.7687813509321, 31.85623874407358]",GAO,production,2023-12-04 18:44:58.916273+00:00,2025-03-25 22:51:05.741588+00:00,v1,,,,,979.2778103053226,152.43760579384883,8.1953125,0.492919921875,128.63076697831573,5.273069650232557,hrrr,Global Airborne Observatory,ASU GDCS,https://api.carbonmapper.org/api/v1/catalog/asset/l3a-vis-ch4-mf-v002/2023/08/20/GAO20230820t192807p0000-B/GAO20230820t192807p0000-B_l3a-vis-ch4-mf-v002_plume.tif,https://api.carbonmapper.org/api/v1/catalog/asset/l3a-vis-ch4-mf-v002/2023/08/20/GAO20230820t192807p0000-B/GAO20230820t192807p0000-B_l3a-vis-ch4-mf-v002_plume.png,,https://api.carbonmapper.org/api/v1/catalog/asset/l3a-vis-ch4-mf-v002/2023/08/20/GAO20230820t192807p0000-B/GAO20230820t192807p0000-B_l3a-vis-ch4-mf-v002_rgb.tif,https://api.carbonmapper.org/api/v1/catalog/asset/l3a-vis-ch4-mf-v002/2023/08/20/GAO20230820t192807p0000-B/GAO20230820t192807p0000-B_l3a-vis-ch4-mf-v002_rgb.png,1,EMIT_L2A_RFL_001_20230820T192855_2323213_028,/mnt/engg-leung/Research_No9_Methane_Emissions/Yuyao/raw_data_dir_l89_L2SR/EMIT_simulated_landsat9/GAO20230820t192807p0000-B_sim_L9.tif,/mnt/engg-leung/Research_No9_Methane_Emissions/Yuyao/Dataset/data_dir_l89_L2SR/plume_masks_l89_512/GAO20230820t192807p0000-B/mask_30m_512.tif
GAO20230820t192807p0000-C,31.8439745868521,-101.778409013629,2023-08-20 19:28:07+00:00,Oil & Gas (1B2),CH4,mf,"[-101.7813506700036, 31.841734044248312, -101.77526469182038, 31.846903990397728]",GAO,production,2023-12-04 18:45:23.418518+00:00,2025-03-25 22:41:27.110863+00:00,v1,,,,,356.35099031785205,44.90311997225504,8.1953125,0.492919921875,128.63076697831573,5.273069650232557,hrrr,Global Airborne Observatory,ASU GDCS,https://api.carbonmapper.org/api/v1/catalog/asset/l3a-vis-ch4-mf-v002/2023/08/20/GAO20230820t192807p0000-C/GAO20230820t192807p0000-C_l3a-vis-ch4-mf-v002_plume.tif,https://api.carbonmapper.org/api/v1/catalog/asset/l3a-vis-ch4-mf-v002/2023/08/20/GAO20230820t192807p0000-C/GAO20230820t192807p0000-C_l3a-vis-ch4-mf-v002_plume.png,,https://api.carbonmapper.org/api/v1/catalog/asset/l3a-vis-ch4-mf-v002/2023/08/20/GAO20230820t192807p0000-C/GAO20230820t192807p0000-C_l3a-vis-ch4-mf-v002_rgb.tif,https://api.carbonmapper.org/api/v1/catalog/asset/l3a-vis-ch4-mf-v002/2023/08/20/GAO20230820t192807p0000-C/GAO20230820t192807p0000-C_l3a-vis-ch4-mf-v002_rgb.png,1,EMIT_L2A_RFL_001_20230820T192855_2323213_028,/mnt/engg-leung/Research_No9_Methane_Emissions/Yuyao/raw_data_dir_l89_L2SR/EMIT_simulated_landsat9/GAO20230820t192807p0000-C_sim_L9.tif,/mnt/engg-leung/Research_No9_Methane_Emissions/Yuyao/Dataset/data_dir_l89_L2SR/plume_masks_l89_512/GAO20230820t192807p0000-C/mask_30m_512.tif
GAO20230820t192807p0000-D,31.79692955176408,-101.76462328883012,2023-08-20 19:28:07+00:00,Oil & Gas (1B2),CH4,mf,"[-101.77199584002317, 31.794841821541397, -101.76342683429941, 31.802124676416856]",GAO,production,2023-12-04 18:43:02.364312+00:00,2025-03-25 22:51:11.068044+00:00,v1,,,,,479.3742337394905,150.0553510628275,8.40625,0.68505859375,129.9421359782015,5.334316051286089,hrrr,Global Airborne Observatory,ASU GDCS,https://api.carbonmapper.org/api/v1/catalog/asset/l3a-vis-ch4-mf-v002/2023/08/20/GAO20230820t192807p0000-D/GAO20230820t192807p0000-D_l3a-vis-ch4-mf-v002_plume.tif,https://api.carbonmapper.org/api/v1/catalog/asset/l3a-vis-ch4-mf-v002/2023/08/20/GAO20230820t192807p0000-D/GAO20230820t192807p0000-D_l3a-vis-ch4-mf-v002_plume.png,,https://api.carbonmapper.org/api/v1/catalog/asset/l3a-vis-ch4-mf-v002/2023/08/20/GAO20230820t192807p0000-D/GAO20230820t192807p0000-D_l3a-vis-ch4-mf-v002_rgb.tif,https://api.carbonmapper.org/api/v1/catalog/asset/l3a-vis-ch4-mf-v002/2023/08/20/GAO20230820t192807p0000-D/GAO20230820t192807p0000-D_l3a-vis-ch4-mf-v002_rgb.png,1,EMIT_L2A_RFL_001_20230820T192855_2323213_028,/mnt/engg-leung/Research_No9_Methane_Emissions/Yuyao/raw_data_dir_l89_L2SR/EMIT_simulated_landsat9/GAO20230820t192807p0000-D_sim_L9.tif,/mnt/engg-leung/Research_No9_Methane_Emissions/Yuyao/Dataset/data_dir_l89_L2SR/plume_masks_l89_512/GAO20230820t192807p0000-D/mask_30m_512.tif
GAO20230820t192807p0000-E,31.771977712868804,-101.75663644524668,2023-08-20 19:28:07+00:00,Oil & Gas (1B2),CH4,mf,"[-101.76179921008641, 31.771050852951166, -101.75550625699006, 31.776445663365337]",GAO,production,2023-12-04 18:42:21.667353+00:00,2025-03-25 22:51:12.625619+00:00,v1,,,,,266.2854416349496,64.24601307105324,8.59375,0.65234375,130.35756174390002,4.467149322086576,hrrr,Global Airborne Observatory,ASU GDCS,https://api.carbonmapper.org/api/v1/catalog/asset/l3a-vis-ch4-mf-v002/2023/08/20/GAO20230820t192807p0000-E/GAO20230820t192807p0000-E_l3a-vis-ch4-mf-v002_plume.tif,https://api.carbonmapper.org/api/v1/catalog/asset/l3a-vis-ch4-mf-v002/2023/08/20/GAO20230820t192807p0000-E/GAO20230820t192807p0000-E_l3a-vis-ch4-mf-v002_plume.png,,https://api.carbonmapper.org/api/v1/catalog/asset/l3a-vis-ch4-mf-v002/2023/08/20/GAO20230820t192807p0000-E/GAO20230820t192807p0000-E_l3a-vis-ch4-mf-v002_rgb.tif,https://api.carbonmapper.org/api/v1/catalog/asset/l3a-vis-ch4-mf-v002/2023/08/20/GAO20230820t192807p0000-E/GAO20230820t192807p0000-E_l3a-vis-ch4-mf-v002_rgb.png,1,EMIT_L2A_RFL_001_20230820T192855_2323213_028,/mnt/engg-leung/Research_No9_Methane_Emissions/Yuyao/raw_data_dir_l89_L2SR/EMIT_simulated_landsat9/GAO20230820t192807p0000-E_sim_L9.tif,/mnt/engg-leung/Research_No9_Methane_Emissions/Yuyao/Dataset/data_dir_l89_L2SR/plume_masks_l89_512/GAO20230820t192807p0000-E/mask_30m_512.tif
GAO20230820t192807p0000-F,31.77379781830037,-101.75900471279392,2023-08-20 19:28:07+00:00,Oil & Gas (1B2),CH4,mf,"[-101.76179921008641, 31.771050852951166, -101.75550625699006, 31.776445663365337]",GAO,production,2023-12-04 18:42:21.699926+00:00,2025-03-25 22:56:14.989708+00:00,v1,,,,,341.38872646574964,84.48475695457351,8.59375,0.65234375,130.35756174390002,4.467149322086576,hrrr,Global Airborne Observatory,ASU GDCS,https://api.carbonmapper.org/api/v1/catalog/asset/l3a-vis-ch4-mf-v002/2023/08/20/GAO20230820t192807p0000-F/GAO20230820t192807p0000-F_l3a-vis-ch4-mf-v002_plume.tif,https://api.carbonmapper.org/api/v1/catalog/asset/l3a-vis-ch4-mf-v002/2023/08/20/GAO20230820t192807p0000-F/GAO20230820t192807p0000-F_l3a-vis-ch4-mf-v002_plume.png,,https://api.carbonmapper.org/api/v1/catalog/asset/l3a-vis-ch4-mf-v002/2023/08/20/GAO20230820t192807p0000-F/GAO20230820t192807p0000-F_l3a-vis-ch4-mf-v002_rgb.tif,https://api.carbonmapper.org/api/v1/catalog/asset/l3a-vis-ch4-mf-v002/2023/08/20/GAO20230820t192807p0000-F/GAO20230820t192807p0000-F_l3a-vis-ch4-mf-v002_rgb.png,1,EMIT_L2A_RFL_001_20230820T192855_2323213_028,/mnt/engg-leung/Research_No9_Methane_Emissions/Yuyao/raw_data_dir_l89_L2SR/EMIT_simulated_landsat9/GAO20230820t192807p0000-F_sim_L9.tif,/mnt/engg-leung/Research_No9_Methane_Emissions/Yuyao/Dataset/data_dir_l89_L2SR/plume_masks_l89_512/GAO20230820t192807p0000-F/mask_30m_512.tif
GAO20230820t192807p0000-G,31.85227632153316,-101.7767830490788,2023-08-20 19:28:07+00:00,Oil & Gas (1B2),CH4,mf,"[-101.78113522152842, 31.850969772314354, -101.77499586048359, 31.856139589260593]",GAO,production,2023-12-04 18:45:55.443014+00:00,2025-03-25 23:02:47.727980+00:00,v1,,,,,145.30512233508054,9.509553195712842,8.1953125,0.492919921875,128.63076697831573,5.273069650232557,hrrr,Global Airborne Observatory,ASU GDCS,https://api.carbonmapper.org/api/v1/catalog/asset/l3a-vis-ch4-mf-v002/2023/08/20/GAO20230820t192807p0000-G/GAO20230820t192807p0000-G_l3a-vis-ch4-mf-v002_plume.tif,https://api.carbonmapper.org/api/v1/catalog/asset/l3a-vis-ch4-mf-v002/2023/08/20/GAO20230820t192807p0000-G/GAO20230820t192807p0000-G_l3a-vis-ch4-mf-v002_plume.png,,https://api.carbonmapper.org/api/v1/catalog/asset/l3a-vis-ch4-mf-v002/2023/08/20/GAO20230820t192807p0000-G/GAO20230820t192807p0000-G_l3a-vis-ch4-mf-v002_rgb.tif,https://api.carbonmapper.org/api/v1/catalog/asset/l3a-vis-ch4-mf-v002/2023/08/20/GAO20230820t192807p0000-G/GAO20230820t192807p0000-G_l3a-vis-ch4-mf-v002_rgb.png,1,EMIT_L2A_RFL_001_20230820T192855_2323213_028,/mnt/engg-leung/Research_No9_Methane_Emissions/Yuyao/raw_data_dir_l89_L2SR/EMIT_simulated_landsat9/GAO20230820t192807p0000-G_sim_L9.tif,/mnt/engg-leung/Research_No9_Methane_Emissions/Yuyao/Dataset/data_dir_l89_L2SR/plume_masks_l89_512/GAO20230820t192807p0000-G/mask_30m_512.tif
GAO20230820t193517p0000-A,31.907502375215145,-101.7835946612371,2023-08-20 19:35:17+00:00,Oil & Gas (1B2),CH4,mf,"[-101.78810306731869, 31.90582601010832, -101.78201270970956, 31.911041034612293]",GAO,production,2023-12-04 18:49:20.761740+00:00,2025-03-25 22:55:53.874390+00:00,v1,,,,,249.09773014194988,128.26913107707009,8.046875,0.41455078125,129.02639885579956,5.606153262067698,hrrr,Global Airborne Observatory,ASU GDCS,https://api.carbonmapper.org/api/v1/catalog/asset/l3a-vis-ch4-mf-v002/2023/08/20/GAO20230820t193517p0000-A/GAO20230820t193517p0000-A_l3a-vis-ch4-mf-v002_plume.tif,https://api.carbonmapper.org/api/v1/catalog/asset/l3a-vis-ch4-mf-v002/2023/08/20/GAO20230820t193517p0000-A/GAO20230820t193517p0000-A_l3a-vis-ch4-mf-v002_plume.png,,https://api.carbonmapper.org/api/v1/catalog/asset/l3a-vis-ch4-mf-v002/2023/08/20/GAO20230820t193517p0000-A/GAO20230820t193517p0000-A_l3a-vis-ch4-mf-v002_rgb.tif,https://api.carbonmapper.org/api/v1/catalog/asset/l3a-vis-ch4-mf-v002/2023/08/20/GAO20230820t193517p0000-A/GAO20230820t193517p0000-A_l3a-vis-ch4-mf-v002_rgb.png,1,EMIT_L2A_RFL_001_20230820T192855_2323213_028,/mnt/engg-leung/Research_No9_Methane_Emissions/Yuyao/raw_data_dir_l89_L2SR/EMIT_simulated_landsat9/GAO20230820t193517p0000-A_sim_L9.tif,/mnt/engg-leung/Research_No9_Methane_Emissions/Yuyao/Dataset/data_dir_l89_L2SR/plume_masks_l89_512/GAO20230820t193517p0000-A/mask_30m_512.tif
GAO20230820t193517p0000-B,31.88893374033369,-101.7858885810757,2023-08-20 19:35:17+00:00,Oil & Gas (1B2),CH4,mf,"[-101.78824510892116, 31.88653613962548, -101.7821561653933, 31.89170609113114]",GAO,production,2023-12-04 18:49:36.802150+00:00,2025-03-25 22:55:55.914391+00:00,v1,,,,,603.8594051528783,61.50388566686875,7.9921875,0.429931640625,128.71029770101137,4.886069116257217,hrrr,Global Airborne Observatory,ASU GDCS,https://api.carbonmapper.org/api/v1/catalog/asset/l3a-vis-ch4-mf-v002/2023/08/20/GAO20230820t193517p0000-B/GAO20230820t193517p0000-B_l3a-vis-ch4-mf-v002_plume.tif,https://api.carbonmapper.org/api/v1/catalog/asset/l3a-vis-ch4-mf-v002/2023/08/20/GAO20230820t193517p0000-B/GAO20230820t193517p0000-B_l3a-vis-ch4-mf-v002_plume.png,,https://api.carbonmapper.org/api/v1/catalog/asset/l3a-vis-ch4-mf-v002/2023/08/20/GAO20230820t193517p0000-B/GAO20230820t193517p0000-B_l3a-vis-ch4-mf-v002_rgb.tif,https://api.carbonmapper.org/api/v1/catalog/asset/l3a-vis-ch4-mf-v002/2023/08/20/GAO20230820t193517p0000-B/GAO20230820t193517p0000-B_l3a-vis-ch4-mf-v002_rgb.png,1,EMIT_L2A_RFL_001_20230820T192855_2323213_028,/mnt/engg-leung/Research_No9_Methane_Emissions/Yuyao/raw_data_dir_l89_L2SR/EMIT_simulated_landsat9/GAO20230820t193517p0000-B_sim_L9.tif,/mnt/engg-leung/Research_No9_Methane_Emissions/Yuyao/Dataset/data_dir_l89_L2SR/plume_masks_l89_512/GAO20230820t193517p0000-B/mask_30m_512.tif
GAO20230820t193517p0000-C,31.84499869288084,-101.77246946301204,2023-08-20 19:35:17+00:00,Oil & Gas (1B2),CH4,mf,"[-101.77789437869413, 31.843854379245258, -101.77059086887616, 31.85005842266441]",GAO,production,2023-12-04 18:44:58.977140+00:00,2025-03-25 22:40:56.765104+00:00,v1,,,,,1102.4251074809197,140.13039511886456,8.1953125,0.492919921875,128.63076697831573,5.273069650232557,hrrr,Global Airborne Observatory,ASU GDCS,https://api.carbonmapper.org/api/v1/catalog/asset/l3a-vis-ch4-mf-v002/2023/08/20/GAO20230820t193517p0000-C/GAO20230820t193517p0000-C_l3a-vis-ch4-mf-v002_plume.tif,https://api.carbonmapper.org/api/v1/catalog/asset/l3a-vis-ch4-mf-v002/2023/08/20/GAO20230820t193517p0000-C/GAO20230820t193517p0000-C_l3a-vis-ch4-mf-v002_plume.png,,https://api.carbonmapper.org/api/v1/catalog/asset/l3a-vis-ch4-mf-v002/2023/08/20/GAO20230820t193517p0000-C/GAO20230820t193517p0000-C_l3a-vis-ch4-mf-v002_rgb.tif,https://api.carbonmapper.org/api/v1/catalog/asset/l3a-vis-ch4-mf-v002/2023/08/20/GAO20230820t193517p0000-C/GAO20230820t193517p0000-C_l3a-vis-ch4-mf-v002_rgb.png,1,EMIT_L2A_RFL_001_20230820T192855_2323213_028,/mnt/engg-leung/Research_No9_Methane_Emissions/Yuyao/raw_data_dir_l89_L2SR/EMIT_simulated_landsat9/GAO20230820t193517p0000-C_sim_L9.tif,/mnt/engg-leung/Research_No9_Methane_Emissions/Yuyao/Dataset/data_dir_l89_L2SR/plume_masks_l89_512/GAO20230820t193517p0000-C/mask_30m_512.tif
GAO20230820t193517p0000-D,31.79691394467183,-101.76466777195265,2023-08-20 19:35:17+00:00,Oil & Gas (1B2),CH4,mf,"[-101.76867171114915, 31.79493655841577, -101.76258884582194, 31.800106479859974]",GAO,production,2023-12-04 18:43:02.432017+00:00,2025-03-25 22:55:59.921898+00:00,v1,,,,,518.1320554833966,272.5316172007479,8.40625,0.68505859375,129.9421359782015,5.334316051286089,hrrr,Global Airborne Observatory,ASU GDCS,https://api.carbonmapper.org/api/v1/catalog/asset/l3a-vis-ch4-mf-v002/2023/08/20/GAO20230820t193517p0000-D/GAO20230820t193517p0000-D_l3a-vis-ch4-mf-v002_plume.tif,https://api.carbonmapper.org/api/v1/catalog/asset/l3a-vis-ch4-mf-v002/2023/08/20/GAO20230820t193517p0000-D/GAO20230820t193517p0000-D_l3a-vis-ch4-mf-v002_plume.png,,https://api.carbonmapper.org/api/v1/catalog/asset/l3a-vis-ch4-mf-v002/2023/08/20/GAO20230820t193517p0000-D/GAO20230820t193517p0000-D_l3a-vis-ch4-mf-v002_rgb.tif,https://api.carbonmapper.org/api/v1/catalog/asset/l3a-vis-ch4-mf-v002/2023/08/20/GAO20230820t193517p0000-D/GAO20230820t193517p0000-D_l3a-vis-ch4-mf-v002_rgb.png,1,EMIT_L2A_RFL_001_20230820T192855_2323213_028,/mnt/engg-leung/Research_No9_Methane_Emissions/Yuyao/raw_data_dir_l89_L2SR/EMIT_simulated_landsat9/GAO20230820t193517p0000-D_sim_L9.tif,/mnt/engg-leung/Research_No9_Methane_Emissions/Yuyao/Dataset/data_dir_l89_L2SR/plume_masks_l89_512/GAO20230820t193517p0000-D/mask_30m_512.tif
GAO20230820t193517p0000-E,31.772018659673805,-101.75668416246182,2023-08-20 19:35:17+00:00,Oil & Gas (1B2),CH4,mf,"[-101.76447352059132, 31.769811400147454, -101.7547961742481, 31.778038426006443]",GAO,production,2023-12-04 18:42:21.749087+00:00,2025-03-25 22:41:13.986855+00:00,v1,,,,,354.3510257536399,40.95574636240957,8.59375,0.65234375,130.35756174390002,4.467149322086576,hrrr,Global Airborne Observatory,ASU GDCS,https://api.carbonmapper.org/api/v1/catalog/asset/l3a-vis-ch4-mf-v002/2023/08/20/GAO20230820t193517p0000-E/GAO20230820t193517p0000-E_l3a-vis-ch4-mf-v002_plume.tif,https://api.carbonmapper.org/api/v1/catalog/asset/l3a-vis-ch4-mf-v002/2023/08/20/GAO20230820t193517p0000-E/GAO20230820t193517p0000-E_l3a-vis-ch4-mf-v002_plume.png,,https://api.carbonmapper.org/api/v1/catalog/asset/l3a-vis-ch4-mf-v002/2023/08/20/GAO20230820t193517p0000-E/GAO20230820t193517p0000-E_l3a-vis-ch4-mf-v002_rgb.tif,https://api.carbonmapper.org/api/v1/catalog/asset/l3a-vis-ch4-mf-v002/2023/08/20/GAO20230820t193517p0000-E/GAO20230820t193517p0000-E_l3a-vis-ch4-mf-v002_rgb.png,1,EMIT_L2A_RFL_001_20230820T192855_2323213_028,/mnt/engg-leung/Research_No9_Methane_Emissions/Yuyao/raw_data_dir_l89_L2SR/EMIT_simulated_landsat9/GAO20230820t193517p0000-E_sim_L9.tif,/mnt/engg-leung/Research_No9_Methane_Emissions/Yuyao/Dataset/data_dir_l89_L2SR/plume_masks_l89_512/GAO20230820t193517p0000-E/mask_30m_512.tif
GAO20230820t193517p0000-F,31.773794156141463,-101.75905211817668,2023-08-20 19:35:17+00:00,Oil & Gas (1B2),CH4,mf,"[-101.76436162686578, 31.769989788572992, -101.75510762078201, 31.777856919287288]",GAO,production,2023-12-04 18:42:21.772924+00:00,2025-03-25 22:51:01.172409+00:00,v1,,,,,406.5019754950063,80.20982452182338,8.59375,0.65234375,130.35756174390002,4.467149322086576,hrrr,Global Airborne Observatory,ASU GDCS,https://api.carbonmapper.org/api/v1/catalog/asset/l3a-vis-ch4-mf-v002/2023/08/20/GAO20230820t193517p0000-F/GAO20230820t193517p0000-F_l3a-vis-ch4-mf-v002_plume.tif,https://api.carbonmapper.org/api/v1/catalog/asset/l3a-vis-ch4-mf-v002/2023/08/20/GAO20230820t193517p0000-F/GAO20230820t193517p0000-F_l3a-vis-ch4-mf-v002_plume.png,,https://api.carbonmapper.org/api/v1/catalog/asset/l3a-vis-ch4-mf-v002/2023/08/20/GAO20230820t193517p0000-F/GAO20230820t193517p0000-F_l3a-vis-ch4-mf-v002_rgb.tif,https://api.carbonmapper.org/api/v1/catalog/asset/l3a-vis-ch4-mf-v002/2023/08/20/GAO20230820t193517p0000-F/GAO20230820t193517p0000-F_l3a-vis-ch4-mf-v002_rgb.png,1,EMIT_L2A_RFL_001_20230820T192855_2323213_028,/mnt/engg-leung/Research_No9_Methane_Emissions/Yuyao/raw_data_dir_l89_L2SR/EMIT_simulated_landsat9/GAO20230820t193517p0000-F_sim_L9.tif,/mnt/engg-leung/Research_No9_Methane_Emissions/Yuyao/Dataset/data_dir_l89_L2SR/plume_masks_l89_512/GAO20230820t193517p0000-F/mask_30m_512.tif
GAO20230820t193517p0000-G,31.789741991646903,-101.76153629215298,2023-08-20 19:35:17+00:00,Oil & Gas (1B2),CH4,mf,"[-101.76503321471499, 31.787271013178493, -101.75889812316807, 31.792440800282378]",GAO,production,2023-12-04 18:42:46.338306+00:00,2025-03-25 22:52:33.584217+00:00,v1,,,,,105.48509350107682,15.086942905717727,8.40625,0.68505859375,129.9421359782015,5.334316051286089,hrrr,Global Airborne Observatory,ASU GDCS,https://api.carbonmapper.org/api/v1/catalog/asset/l3a-vis-ch4-mf-v002/2023/08/20/GAO20230820t193517p0000-G/GAO20230820t193517p0000-G_l3a-vis-ch4-mf-v002_plume.tif,https://api.carbonmapper.org/api/v1/catalog/asset/l3a-vis-ch4-mf-v002/2023/08/20/GAO20230820t193517p0000-G/GAO20230820t193517p0000-G_l3a-vis-ch4-mf-v002_plume.png,,https://api.carbonmapper.org/api/v1/catalog/asset/l3a-vis-ch4-mf-v002/2023/08/20/GAO20230820t193517p0000-G/GAO20230820t193517p0000-G_l3a-vis-ch4-mf-v002_rgb.tif,https://api.carbonmapper.org/api/v1/catalog/asset/l3a-vis-ch4-mf-v002/2023/08/20/GAO20230820t193517p0000-G/GAO20230820t193517p0000-G_l3a-vis-ch4-mf-v002_rgb.png,1,EMIT_L2A_RFL_001_20230820T192855_2323213_028,/mnt/engg-leung/Research_No9_Methane_Emissions/Yuyao/raw_data_dir_l89_L2SR/EMIT_simulated_landsat9/GAO20230820t193517p0000-G_sim_L9.tif,/mnt/engg-leung/Research_No9_Methane_Emissions/Yuyao/Dataset/data_dir_l89_L2SR/plume_masks_l89_512/GAO20230820t193517p0000-G/mask_30m_512.tif
GAO20230820t194323p0000-A,31.8449039073934,-101.77225698877056,2023-08-20 19:43:23+00:00,Oil & Gas (1B2),CH4,mf,"[-101.78547838951313, 31.842293162858255, -101.76743121590407, 31.857623025786175]",GAO,production,2024-03-07 16:52:43.839673+00:00,2025-03-25 23:03:45.337054+00:00,v1,,,,,1236.8738623603424,227.77465797423127,8.1953125,0.492919921875,128.63076697831573,5.273069650232557,hrrr,Global Airborne Observatory,ASU GDCS,https://api.carbonmapper.org/api/v1/catalog/asset/l3a-vis-ch4-mf-v1/2023/08/20/GAO20230820t194323p0000-A/GAO20230820t194323p0000-A_l3a-vis-ch4-mf-v1_plume.tif,https://api.carbonmapper.org/api/v1/catalog/asset/l3a-vis-ch4-mf-v1/2023/08/20/GAO20230820t194323p0000-A/GAO20230820t194323p0000-A_l3a-vis-ch4-mf-v1_plume.png,,https://api.carbonmapper.org/api/v1/catalog/asset/l3a-vis-ch4-mf-v1/2023/08/20/GAO20230820t194323p0000-A/GAO20230820t194323p0000-A_l3a-vis-ch4-mf-v1_rgb.tif,https://api.carbonmapper.org/api/v1/catalog/asset/l3a-vis-ch4-mf-v1/2023/08/20/GAO20230820t194323p0000-A/GAO20230820t194323p0000-A_l3a-vis-ch4-mf-v1_rgb.png,1,EMIT_L2A_RFL_001_20230820T192855_2323213_028,/mnt/engg-leung/Research_No9_Methane_Emissions/Yuyao/raw_data_dir_l89_L2SR/EMIT_simulated_landsat9/GAO20230820t194323p0000-A_sim_L9.tif,/mnt/engg-leung/Research_No9_Methane_Emissions/Yuyao/Dataset/data_dir_l89_L2SR/plume_masks_l89_512/GAO20230820t194323p0000-A/mask_30m_512.tif
GAO20230820t194323p0000-B,31.84398370714836,-101.7785154945352,2023-08-20 19:43:23+00:00,Oil & Gas (1B2),CH4,mf,"[-101.78474110660862, 31.839568628132884, -101.7726750878727, 31.84981848638692]",GAO,production,2024-03-07 16:52:43.892436+00:00,2025-03-25 22:55:51.641215+00:00,v1,,,,,329.11229786293984,78.45927287323268,8.1953125,0.492919921875,128.63076697831573,5.273069650232557,hrrr,Global Airborne Observatory,ASU GDCS,https://api.carbonmapper.org/api/v1/catalog/asset/l3a-vis-ch4-mf-v1/2023/08/20/GAO20230820t194323p0000-B/GAO20230820t194323p0000-B_l3a-vis-ch4-mf-v1_plume.tif,https://api.carbonmapper.org/api/v1/catalog/asset/l3a-vis-ch4-mf-v1/2023/08/20/GAO20230820t194323p0000-B/GAO20230820t194323p0000-B_l3a-vis-ch4-mf-v1_plume.png,,https://api.carbonmapper.org/api/v1/catalog/asset/l3a-vis-ch4-mf-v1/2023/08/20/GAO20230820t194323p0000-B/GAO20230820t194323p0000-B_l3a-vis-ch4-mf-v1_rgb.tif,https://api.carbonmapper.org/api/v1/catalog/asset/l3a-vis-ch4-mf-v1/2023/08/20/GAO20230820t194323p0000-B/GAO20230820t194323p0000-B_l3a-vis-ch4-mf-v1_rgb.png,1,EMIT_L2A_RFL_001_20230820T192855_2323213_028,/mnt/engg-leung/Research_No9_Methane_Emissions/Yuyao/raw_data_dir_l89_L2SR/EMIT_simulated_landsat9/GAO20230820t194323p0000-B_sim_L9.tif,/mnt/engg-leung/Research_No9_Methane_Emissions/Yuyao/Dataset/data_dir_l89_L2SR/plume_masks_l89_512/GAO20230820t194323p0000-B/mask_30m_512.tif
GAO20230820t194917p0000-A,31.907442296798862,-101.78360089642476,2023-08-20 19:49:17+00:00,Oil & Gas (1B2),CH4,mf,"[-101.78722586570869, 31.905217793086518, -101.78113555161023, 31.91043281480249]",GAO,production,2024-01-02 20:36:56.486867+00:00,2025-03-25 22:40:12.566090+00:00,v1,,,,,342.46370518772846,106.77104900058636,8.046875,0.41455078125,129.02639885579956,5.606153262067698,hrrr,Global Airborne Observatory,ASU GDCS,https://api.carbonmapper.org/api/v1/catalog/asset/l3a-vis-ch4-mf-v002/2023/08/20/GAO20230820t194917p0000-A/GAO20230820t194917p0000-A_l3a-vis-ch4-mf-v002_plume.tif,https://api.carbonmapper.org/api/v1/catalog/asset/l3a-vis-ch4-mf-v002/2023/08/20/GAO20230820t194917p0000-A/GAO20230820t194917p0000-A_l3a-vis-ch4-mf-v002_plume.png,,https://api.carbonmapper.org/api/v1/catalog/asset/l3a-vis-ch4-mf-v002/2023/08/20/GAO20230820t194917p0000-A/GAO20230820t194917p0000-A_l3a-vis-ch4-mf-v002_rgb.tif,https://api.carbonmapper.org/api/v1/catalog/asset/l3a-vis-ch4-mf-v002/2023/08/20/GAO20230820t194917p0000-A/GAO20230820t194917p0000-A_l3a-vis-ch4-mf-v002_rgb.png,1,EMIT_L2A_RFL_001_20230820T192855_2323213_028,/mnt/engg-leung/Research_No9_Methane_Emissions/Yuyao/raw_data_dir_l89_L2SR/EMIT_simulated_landsat9/GAO20230820t194917p0000-A_sim_L9.tif,/mnt/engg-leung/Research_No9_Methane_Emissions/Yuyao/Dataset/data_dir_l89_L2SR/plume_masks_l89_512/GAO20230820t194917p0000-A/mask_30m_512.tif
GAO20230820t194917p0000-B,31.844907318457743,-101.77235405885948,2023-08-20 19:49:17+00:00,Oil & Gas (1B2),CH4,mf,"[-101.78341748839863, 31.841066382163476, -101.7694985933452, 31.852889931504254]",GAO,production,2024-01-02 20:36:56.518739+00:00,2025-03-25 22:40:46.558614+00:00,v1,,,,,1563.3013384548751,181.99238359877648,8.1953125,0.492919921875,128.63076697831573,5.273069650232557,hrrr,Global Airborne Observatory,ASU GDCS,https://api.carbonmapper.org/api/v1/catalog/asset/l3a-vis-ch4-mf-v002/2023/08/20/GAO20230820t194917p0000-B/GAO20230820t194917p0000-B_l3a-vis-ch4-mf-v002_plume.tif,https://api.carbonmapper.org/api/v1/catalog/asset/l3a-vis-ch4-mf-v002/2023/08/20/GAO20230820t194917p0000-B/GAO20230820t194917p0000-B_l3a-vis-ch4-mf-v002_plume.png,,https://api.carbonmapper.org/api/v1/catalog/asset/l3a-vis-ch4-mf-v002/2023/08/20/GAO20230820t194917p0000-B/GAO20230820t194917p0000-B_l3a-vis-ch4-mf-v002_rgb.tif,https://api.carbonmapper.org/api/v1/catalog/asset/l3a-vis-ch4-mf-v002/2023/08/20/GAO20230820t194917p0000-B/GAO20230820t194917p0000-B_l3a-vis-ch4-mf-v002_rgb.png,1,EMIT_L2A_RFL_001_20230820T192855_2323213_028,/mnt/engg-leung/Research_No9_Methane_Emissions/Yuyao/raw_data_dir_l89_L2SR/EMIT_simulated_landsat9/GAO20230820t194917p0000-B_sim_L9.tif,/mnt/engg-leung/Research_No9_Methane_Emissions/Yuyao/Dataset/data_dir_l89_L2SR/plume_masks_l89_512/GAO20230820t194917p0000-B/mask_30m_512.tif
GAO20230820t194917p0000-C,31.843964975214348,-101.77848819089128,2023-08-20 19:49:17+00:00,Oil & Gas (1B2),CH4,mf,"[-101.78359603136363, 31.839088743262536, -101.77158285960527, 31.849338718106242]",GAO,production,2024-02-28 03:33:09.493262+00:00,2025-03-25 22:40:48.716928+00:00,v1,,,,,351.9268567396703,168.22268490277605,8.1953125,0.492919921875,128.63076697831573,5.273069650232557,hrrr,Global Airborne Observatory,ASU GDCS,https://api.carbonmapper.org/api/v1/catalog/asset/l3a-vis-ch4-mf-v1/2023/08/20/GAO20230820t194917p0000-C/GAO20230820t194917p0000-C_l3a-vis-ch4-mf-v1_plume.tif,https://api.carbonmapper.org/api/v1/catalog/asset/l3a-vis-ch4-mf-v1/2023/08/20/GAO20230820t194917p0000-C/GAO20230820t194917p0000-C_l3a-vis-ch4-mf-v1_plume.png,,https://api.carbonmapper.org/api/v1/catalog/asset/l3a-vis-ch4-mf-v1/2023/08/20/GAO20230820t194917p0000-C/GAO20230820t194917p0000-C_l3a-vis-ch4-mf-v1_rgb.tif,https://api.carbonmapper.org/api/v1/catalog/asset/l3a-vis-ch4-mf-v1/2023/08/20/GAO20230820t194917p0000-C/GAO20230820t194917p0000-C_l3a-vis-ch4-mf-v1_rgb.png,1,EMIT_L2A_RFL_001_20230820T192855_2323213_028,/mnt/engg-leung/Research_No9_Methane_Emissions/Yuyao/raw_data_dir_l89_L2SR/EMIT_simulated_landsat9/GAO20230820t194917p0000-C_sim_L9.tif,/mnt/engg-leung/Research_No9_Methane_Emissions/Yuyao/Dataset/data_dir_l89_L2SR/plume_masks_l89_512/GAO20230820t194917p0000-C/mask_30m_512.tif
GAO20230820t194917p0000-D,31.7969742120754,-101.76467974555264,2023-08-20 19:49:17+00:00,Oil & Gas (1B2),CH4,mf,"[-101.77298000038375, 31.793651182819254, -101.76092003197137, 31.803900997575564]",GAO,production,2024-03-07 16:52:32.341766+00:00,2025-03-25 22:55:44.656023+00:00,v1,,,,,361.4112302551509,115.6667701749243,8.40625,0.68505859375,129.9421359782015,5.334316051286089,hrrr,Global Airborne Observatory,ASU GDCS,https://api.carbonmapper.org/api/v1/catalog/asset/l3a-vis-ch4-mf-v1/2023/08/20/GAO20230820t194917p0000-D/GAO20230820t194917p0000-D_l3a-vis-ch4-mf-v1_plume.tif,https://api.carbonmapper.org/api/v1/catalog/asset/l3a-vis-ch4-mf-v1/2023/08/20/GAO20230820t194917p0000-D/GAO20230820t194917p0000-D_l3a-vis-ch4-mf-v1_plume.png,,https://api.carbonmapper.org/api/v1/catalog/asset/l3a-vis-ch4-mf-v1/2023/08/20/GAO20230820t194917p0000-D/GAO20230820t194917p0000-D_l3a-vis-ch4-mf-v1_rgb.tif,https://api.carbonmapper.org/api/v1/catalog/asset/l3a-vis-ch4-mf-v1/2023/08/20/GAO20230820t194917p0000-D/GAO20230820t194917p0000-D_l3a-vis-ch4-mf-v1_rgb.png,1,EMIT_L2A_RFL_001_20230820T192855_2323213_028,/mnt/engg-leung/Research_No9_Methane_Emissions/Yuyao/raw_data_dir_l89_L2SR/EMIT_simulated_landsat9/GAO20230820t194917p0000-D_sim_L9.tif,/mnt/engg-leung/Research_No9_Methane_Emissions/Yuyao/Dataset/data_dir_l89_L2SR/plume_masks_l89_512/GAO20230820t194917p0000-D/mask_30m_512.tif
GAO20230820t194917p0000-E,31.77202482850213,-101.75664074919553,2023-08-20 19:49:17+00:00,Oil & Gas (1B2),CH4,mf,"[-101.76335465688899, 31.768478232113466, -101.75129802560369, 31.77872800088346]",GAO,production,2024-02-15 23:38:44.145097+00:00,2025-03-25 22:40:56.886496+00:00,v1,,,,,488.0514756035232,107.90830926556428,8.59375,0.65234375,130.35756174390002,4.467149322086576,hrrr,Global Airborne Observatory,ASU GDCS,https://api.carbonmapper.org/api/v1/catalog/asset/l3a-vis-ch4-mf-v1/2023/08/20/GAO20230820t194917p0000-E/GAO20230820t194917p0000-E_l3a-vis-ch4-mf-v1_plume.tif,https://api.carbonmapper.org/api/v1/catalog/asset/l3a-vis-ch4-mf-v1/2023/08/20/GAO20230820t194917p0000-E/GAO20230820t194917p0000-E_l3a-vis-ch4-mf-v1_plume.png,,https://api.carbonmapper.org/api/v1/catalog/asset/l3a-vis-ch4-mf-v1/2023/08/20/GAO20230820t194917p0000-E/GAO20230820t194917p0000-E_l3a-vis-ch4-mf-v1_rgb.tif,https://api.carbonmapper.org/api/v1/catalog/asset/l3a-vis-ch4-mf-v1/2023/08/20/GAO20230820t194917p0000-E/GAO20230820t194917p0000-E_l3a-vis-ch4-mf-v1_rgb.png,1,EMIT_L2A_RFL_001_20230820T192855_2323213_028,/mnt/engg-leung/Research_No9_Methane_Emissions/Yuyao/raw_data_dir_l89_L2SR/EMIT_simulated_landsat9/GAO20230820t194917p0000-E_sim_L9.tif,/mnt/engg-leung/Research_No9_Methane_Emissions/Yuyao/Dataset/data_dir_l89_L2SR/plume_masks_l89_512/GAO20230820t194917p0000-E/mask_30m_512.tif
GAO20230820t194917p0000-F,31.7738039721796,-101.75899187436804,2023-08-20 19:49:17+00:00,Oil & Gas (1B2),CH4,mf,"[-101.76453581330954, 31.769409728753114, -101.75253178695397, 31.77965962914241]",GAO,production,2024-02-15 23:38:44.188232+00:00,2025-03-25 22:55:48.836147+00:00,v1,,,,,467.548437081905,111.61373339512426,8.59375,0.65234375,130.35756174390002,4.467149322086576,hrrr,Global Airborne Observatory,ASU GDCS,https://api.carbonmapper.org/api/v1/catalog/asset/l3a-vis-ch4-mf-v1/2023/08/20/GAO20230820t194917p0000-F/GAO20230820t194917p0000-F_l3a-vis-ch4-mf-v1_plume.tif,https://api.carbonmapper.org/api/v1/catalog/asset/l3a-vis-ch4-mf-v1/2023/08/20/GAO20230820t194917p0000-F/GAO20230820t194917p0000-F_l3a-vis-ch4-mf-v1_plume.png,,https://api.carbonmapper.org/api/v1/catalog/asset/l3a-vis-ch4-mf-v1/2023/08/20/GAO20230820t194917p0000-F/GAO20230820t194917p0000-F_l3a-vis-ch4-mf-v1_rgb.tif,https://api.carbonmapper.org/api/v1/catalog/asset/l3a-vis-ch4-mf-v1/2023/08/20/GAO20230820t194917p0000-F/GAO20230820t194917p0000-F_l3a-vis-ch4-mf-v1_rgb.png,1,EMIT_L2A_RFL_001_20230820T192855_2323213_028,/mnt/engg-leung/Research_No9_Methane_Emissions/Yuyao/raw_data_dir_l89_L2SR/EMIT_simulated_landsat9/GAO20230820t194917p0000-F_sim_L9.tif,/mnt/engg-leung/Research_No9_Methane_Emissions/Yuyao/Dataset/data_dir_l89_L2SR/plume_masks_l89_512/GAO20230820t194917p0000-F/mask_30m_512.tif
GAO20230820t194917p0000-G,31.78975849054808,-101.76153613620374,2023-08-20 19:49:17+00:00,Oil & Gas (1B2),CH4,mf,"[-101.76476172560875, 31.78748938073517, -101.75867936274778, 31.792659291650008]",GAO,production,2024-01-02 20:41:48.111501+00:00,2025-03-25 22:43:09.373883+00:00,v1,,,,,,,8.40625,0.68505859375,129.9421359782015,5.334316051286089,hrrr,Global Airborne Observatory,ASU GDCS,https://api.carbonmapper.org/api/v1/catalog/asset/l3a-vis-ch4-mf-v002/2023/08/20/GAO20230820t194917p0000-G/GAO20230820t194917p0000-G_l3a-vis-ch4-mf-v002_plume.tif,https://api.carbonmapper.org/api/v1/catalog/asset/l3a-vis-ch4-mf-v002/2023/08/20/GAO20230820t194917p0000-G/GAO20230820t194917p0000-G_l3a-vis-ch4-mf-v002_plume.png,,https://api.carbonmapper.org/api/v1/catalog/asset/l3a-vis-ch4-mf-v002/2023/08/20/GAO20230820t194917p0000-G/GAO20230820t194917p0000-G_l3a-vis-ch4-mf-v002_rgb.tif,https://api.carbonmapper.org/api/v1/catalog/asset/l3a-vis-ch4-mf-v002/2023/08/20/GAO20230820t194917p0000-G/GAO20230820t194917p0000-G_l3a-vis-ch4-mf-v002_rgb.png,1,EMIT_L2A_RFL_001_20230820T192855_2323213_028,/mnt/engg-leung/Research_No9_Methane_Emissions/Yuyao/raw_data_dir_l89_L2SR/EMIT_simulated_landsat9/GAO20230820t194917p0000-G_sim_L9.tif,/mnt/engg-leung/Research_No9_Methane_Emissions/Yuyao/Dataset/data_dir_l89_L2SR/plume_masks_l89_512/GAO20230820t194917p0000-G/mask_30m_512.tif
GAO20230820t195642p0000-A,31.907493513033018,-101.78359688182364,2023-08-20 19:56:42+00:00,Oil & Gas (1B2),CH4,mf,"[-101.78675694652111, 31.905025729690283, -101.78061383569407, 31.91024062432676]",GAO,production,2024-01-02 20:36:56.348647+00:00,2025-03-25 22:40:20.517633+00:00,v1,,,,,259.4005637912494,72.84400832758794,8.046875,0.41455078125,129.02639885579956,5.606153262067698,hrrr,Global Airborne Observatory,ASU GDCS,https://api.carbonmapper.org/api/v1/catalog/asset/l3a-vis-ch4-mf-v002/2023/08/20/GAO20230820t195642p0000-A/GAO20230820t195642p0000-A_l3a-vis-ch4-mf-v002_plume.tif,https://api.carbonmapper.org/api/v1/catalog/asset/l3a-vis-ch4-mf-v002/2023/08/20/GAO20230820t195642p0000-A/GAO20230820t195642p0000-A_l3a-vis-ch4-mf-v002_plume.png,,https://api.carbonmapper.org/api/v1/catalog/asset/l3a-vis-ch4-mf-v002/2023/08/20/GAO20230820t195642p0000-A/GAO20230820t195642p0000-A_l3a-vis-ch4-mf-v002_rgb.tif,https://api.carbonmapper.org/api/v1/catalog/asset/l3a-vis-ch4-mf-v002/2023/08/20/GAO20230820t195642p0000-A/GAO20230820t195642p0000-A_l3a-vis-ch4-mf-v002_rgb.png,1,EMIT_L2A_RFL_001_20230820T192855_2323213_028,/mnt/engg-leung/Research_No9_Methane_Emissions/Yuyao/raw_data_dir_l89_L2SR/EMIT_simulated_landsat9/GAO20230820t195642p0000-A_sim_L9.tif,/mnt/engg-leung/Research_No9_Methane_Emissions/Yuyao/Dataset/data_dir_l89_L2SR/plume_masks_l89_512/GAO20230820t195642p0000-A/mask_30m_512.tif
GAO20230820t195642p0000-B,31.844870382860435,-101.77251034640204,2023-08-20 19:56:42+00:00,Oil & Gas (1B2),CH4,mf,"[-101.78247029949159, 31.84248681503725, -101.76833978606702, 31.854489929260442]",GAO,production,2024-01-02 20:36:56.391127+00:00,2025-03-25 22:40:22.985014+00:00,v1,,,,,1394.538424981337,177.48073872272946,8.1953125,0.492919921875,128.63076697831573,5.273069650232557,hrrr,Global Airborne Observatory,ASU GDCS,https://api.carbonmapper.org/api/v1/catalog/asset/l3a-vis-ch4-mf-v002/2023/08/20/GAO20230820t195642p0000-B/GAO20230820t195642p0000-B_l3a-vis-ch4-mf-v002_plume.tif,https://api.carbonmapper.org/api/v1/catalog/asset/l3a-vis-ch4-mf-v002/2023/08/20/GAO20230820t195642p0000-B/GAO20230820t195642p0000-B_l3a-vis-ch4-mf-v002_plume.png,,https://api.carbonmapper.org/api/v1/catalog/asset/l3a-vis-ch4-mf-v002/2023/08/20/GAO20230820t195642p0000-B/GAO20230820t195642p0000-B_l3a-vis-ch4-mf-v002_rgb.tif,https://api.carbonmapper.org/api/v1/catalog/asset/l3a-vis-ch4-mf-v002/2023/08/20/GAO20230820t195642p0000-B/GAO20230820t195642p0000-B_l3a-vis-ch4-mf-v002_rgb.png,1,EMIT_L2A_RFL_001_20230820T192855_2323213_028,/mnt/engg-leung/Research_No9_Methane_Emissions/Yuyao/raw_data_dir_l89_L2SR/EMIT_simulated_landsat9/GAO20230820t195642p0000-B_sim_L9.tif,/mnt/engg-leung/Research_No9_Methane_Emissions/Yuyao/Dataset/data_dir_l89_L2SR/plume_masks_l89_512/GAO20230820t195642p0000-B/mask_30m_512.tif
GAO20230820t195642p0000-C,31.7969276784618,-101.764633722913,2023-08-20 19:56:42+00:00,Oil & Gas (1B2),CH4,mf,"[-101.76887009777307, 31.795302226256446, -101.76278720774455, 31.80047214823951]",GAO,production,2023-12-04 18:43:02.324116+00:00,2025-03-25 22:39:11.425788+00:00,v1,,,,,700.0362686858298,95.47667721194377,8.40625,0.68505859375,129.9421359782015,5.334316051286089,hrrr,Global Airborne Observatory,ASU GDCS,https://api.carbonmapper.org/api/v1/catalog/asset/l3a-vis-ch4-mf-v002/2023/08/20/GAO20230820t195642p0000-C/GAO20230820t195642p0000-C_l3a-vis-ch4-mf-v002_plume.tif,https://api.carbonmapper.org/api/v1/catalog/asset/l3a-vis-ch4-mf-v002/2023/08/20/GAO20230820t195642p0000-C/GAO20230820t195642p0000-C_l3a-vis-ch4-mf-v002_plume.png,,https://api.carbonmapper.org/api/v1/catalog/asset/l3a-vis-ch4-mf-v002/2023/08/20/GAO20230820t195642p0000-C/GAO20230820t195642p0000-C_l3a-vis-ch4-mf-v002_rgb.tif,https://api.carbonmapper.org/api/v1/catalog/asset/l3a-vis-ch4-mf-v002/2023/08/20/GAO20230820t195642p0000-C/GAO20230820t195642p0000-C_l3a-vis-ch4-mf-v002_rgb.png,1,EMIT_L2A_RFL_001_20230820T192855_2323213_028,/mnt/engg-leung/Research_No9_Methane_Emissions/Yuyao/raw_data_dir_l89_L2SR/EMIT_simulated_landsat9/GAO20230820t195642p0000-C_sim_L9.tif,/mnt/engg-leung/Research_No9_Methane_Emissions/Yuyao/Dataset/data_dir_l89_L2SR/plume_masks_l89_512/GAO20230820t195642p0000-C/mask_30m_512.tif
GAO20230820t195642p0000-D,31.77202758657292,-101.75669336775294,2023-08-20 19:56:42+00:00,Oil & Gas (1B2),CH4,mf,"[-101.7612861329514, 31.770631911420498, -101.75515215264758, 31.775801692243256]",GAO,production,2024-01-02 20:36:56.430591+00:00,2025-03-25 22:39:11.545816+00:00,v1,,,,,330.8553202494927,51.02526474174479,8.59375,0.65234375,130.35756174390002,4.467149322086576,hrrr,Global Airborne Observatory,ASU GDCS,https://api.carbonmapper.org/api/v1/catalog/asset/l3a-vis-ch4-mf-v002/2023/08/20/GAO20230820t195642p0000-D/GAO20230820t195642p0000-D_l3a-vis-ch4-mf-v002_plume.tif,https://api.carbonmapper.org/api/v1/catalog/asset/l3a-vis-ch4-mf-v002/2023/08/20/GAO20230820t195642p0000-D/GAO20230820t195642p0000-D_l3a-vis-ch4-mf-v002_plume.png,,https://api.carbonmapper.org/api/v1/catalog/asset/l3a-vis-ch4-mf-v002/2023/08/20/GAO20230820t195642p0000-D/GAO20230820t195642p0000-D_l3a-vis-ch4-mf-v002_rgb.tif,https://api.carbonmapper.org/api/v1/catalog/asset/l3a-vis-ch4-mf-v002/2023/08/20/GAO20230820t195642p0000-D/GAO20230820t195642p0000-D_l3a-vis-ch4-mf-v002_rgb.png,1,EMIT_L2A_RFL_001_20230820T192855_2323213_028,/mnt/engg-leung/Research_No9_Methane_Emissions/Yuyao/raw_data_dir_l89_L2SR/EMIT_simulated_landsat9/GAO20230820t195642p0000-D_sim_L9.tif,/mnt/engg-leung/Research_No9_Methane_Emissions/Yuyao/Dataset/data_dir_l89_L2SR/plume_masks_l89_512/GAO20230820t195642p0000-D/mask_30m_512.tif
GAO20230820t195642p0000-E,31.773796354621723,-101.75899886295808,2023-08-20 19:56:42+00:00,Oil & Gas (1B2),CH4,mf,"[-101.76237299394015, 31.771155245101642, -101.75555150276742, 31.776954407754413]",GAO,production,2024-01-02 20:36:56.460323+00:00,2025-03-25 22:39:52.684601+00:00,v1,,,,,1053.407909264521,236.53069469974068,8.59375,0.65234375,130.35756174390002,4.467149322086576,hrrr,Global Airborne Observatory,ASU GDCS,https://api.carbonmapper.org/api/v1/catalog/asset/l3a-vis-ch4-mf-v002/2023/08/20/GAO20230820t195642p0000-E/GAO20230820t195642p0000-E_l3a-vis-ch4-mf-v002_plume.tif,https://api.carbonmapper.org/api/v1/catalog/asset/l3a-vis-ch4-mf-v002/2023/08/20/GAO20230820t195642p0000-E/GAO20230820t195642p0000-E_l3a-vis-ch4-mf-v002_plume.png,,https://api.carbonmapper.org/api/v1/catalog/asset/l3a-vis-ch4-mf-v002/2023/08/20/GAO20230820t195642p0000-E/GAO20230820t195642p0000-E_l3a-vis-ch4-mf-v002_rgb.tif,https://api.carbonmapper.org/api/v1/catalog/asset/l3a-vis-ch4-mf-v002/2023/08/20/GAO20230820t195642p0000-E/GAO20230820t195642p0000-E_l3a-vis-ch4-mf-v002_rgb.png,1,EMIT_L2A_RFL_001_20230820T192855_2323213_028,/mnt/engg-leung/Research_No9_Methane_Emissions/Yuyao/raw_data_dir_l89_L2SR/EMIT_simulated_landsat9/GAO20230820t195642p0000-E_sim_L9.tif,/mnt/engg-leung/Research_No9_Methane_Emissions/Yuyao/Dataset/data_dir_l89_L2SR/plume_masks_l89_512/GAO20230820t195642p0000-E/mask_30m_512.tif
GAO20230820t195642p0000-F,31.7897589605613,-101.7614989280624,2023-08-20 19:56:42+00:00,Oil & Gas (1B2),CH4,mf,"[-101.76444848994053, 31.787391255845254, -101.75836613476875, 31.79256116571197]",GAO,production,2024-01-02 20:36:56.556107+00:00,2025-03-25 22:43:07.390513+00:00,v1,,,,,158.51216663025446,13.003876745916468,8.40625,0.68505859375,129.9421359782015,5.334316051286089,hrrr,Global Airborne Observatory,ASU GDCS,https://api.carbonmapper.org/api/v1/catalog/asset/l3a-vis-ch4-mf-v002/2023/08/20/GAO20230820t195642p0000-F/GAO20230820t195642p0000-F_l3a-vis-ch4-mf-v002_plume.tif,https://api.carbonmapper.org/api/v1/catalog/asset/l3a-vis-ch4-mf-v002/2023/08/20/GAO20230820t195642p0000-F/GAO20230820t195642p0000-F_l3a-vis-ch4-mf-v002_plume.png,,https://api.carbonmapper.org/api/v1/catalog/asset/l3a-vis-ch4-mf-v002/2023/08/20/GAO20230820t195642p0000-F/GAO20230820t195642p0000-F_l3a-vis-ch4-mf-v002_rgb.tif,https://api.carbonmapper.org/api/v1/catalog/asset/l3a-vis-ch4-mf-v002/2023/08/20/GAO20230820t195642p0000-F/GAO20230820t195642p0000-F_l3a-vis-ch4-mf-v002_rgb.png,1,EMIT_L2A_RFL_001_20230820T192855_2323213_028,/mnt/engg-leung/Research_No9_Methane_Emissions/Yuyao/raw_data_dir_l89_L2SR/EMIT_simulated_landsat9/GAO20230820t195642p0000-F_sim_L9.tif,/mnt/engg-leung/Research_No9_Methane_Emissions/Yuyao/Dataset/data_dir_l89_L2SR/plume_masks_l89_512/GAO20230820t195642p0000-F/mask_30m_512.tif
GAO20230821t155858p0000-H,31.94709649592476,-101.75808579864696,2023-08-21 15:58:58+00:00,Oil & Gas (1B2),CH4,mf,"[-101.76109596786713, 31.94359108095915, -101.75495055339451, 31.94876079094725]",GAO,production,2023-11-23 06:33:25.041226+00:00,2025-03-25 23:34:21.647317+00:00,v1,,,,,138.20418966481182,116.9342887078273,1.873046875,1.1064453125,1.1780066748552132,29.30307343931261,hrrr,Global Airborne Observatory,ASU GDCS,https://api.carbonmapper.org/api/v1/catalog/asset/l3a-vis-ch4-mf-v002/2023/08/21/GAO20230821t155858p0000-H/GAO20230821t155858p0000-H_l3a-vis-ch4-mf-v002_plume.tif,https://api.carbonmapper.org/api/v1/catalog/asset/l3a-vis-ch4-mf-v002/2023/08/21/GAO20230821t155858p0000-H/GAO20230821t155858p0000-H_l3a-vis-ch4-mf-v002_plume.png,https://api.carbonmapper.org/api/v1/catalog/asset/l3a-ch4-mf-v1/2023/08/21/GAO20230821t155858p0000-H/GAO20230821t155858p0000-H_l3a-ch4-mf-v1_concentrations.tif,https://api.carbonmapper.org/api/v1/catalog/asset/l3a-vis-ch4-mf-v002/2023/08/21/GAO20230821t155858p0000-H/GAO20230821t155858p0000-H_l3a-vis-ch4-mf-v002_rgb.tif,https://api.carbonmapper.org/api/v1/catalog/asset/l3a-vis-ch4-mf-v002/2023/08/21/GAO20230821t155858p0000-H/GAO20230821t155858p0000-H_l3a-vis-ch4-mf-v002_rgb.png,1,EMIT_L2A_RFL_001_20230820T192855_2323213_028,/mnt/engg-leung/Research_No9_Methane_Emissions/Yuyao/raw_data_dir_l89_L2SR/EMIT_simulated_landsat9/GAO20230821t155858p0000-H_sim_L9.tif,/mnt/engg-leung/Research_No9_Methane_Emissions/Yuyao/Dataset/data_dir_l89_L2SR/plume_masks_l89_512/GAO20230821t155858p0000-H/mask_30m_512.tif
GAO20230821t155858p0000-I,31.894687005073024,-101.74320745747436,2023-08-21 15:58:58+00:00,Oil & Gas (1B2),CH4,mf,"[-101.7459288139683, 31.89095825611873, -101.73978695234017, 31.89612793474639]",GAO,production,2023-11-23 06:33:25.058349+00:00,2025-03-25 22:34:32.738168+00:00,v1,,,,,41.62591935339999,42.94830830673212,1.8916015625,1.1474609375,341.99750989515195,50.43785892394117,hrrr,Global Airborne Observatory,ASU GDCS,https://api.carbonmapper.org/api/v1/catalog/asset/l3a-vis-ch4-mf-v002/2023/08/21/GAO20230821t155858p0000-I/GAO20230821t155858p0000-I_l3a-vis-ch4-mf-v002_plume.tif,https://api.carbonmapper.org/api/v1/catalog/asset/l3a-vis-ch4-mf-v002/2023/08/21/GAO20230821t155858p0000-I/GAO20230821t155858p0000-I_l3a-vis-ch4-mf-v002_plume.png,https://api.carbonmapper.org/api/v1/catalog/asset/l3a-ch4-mf-v1/2023/08/21/GAO20230821t155858p0000-I/GAO20230821t155858p0000-I_l3a-ch4-mf-v1_concentrations.tif,https://api.carbonmapper.org/api/v1/catalog/asset/l3a-vis-ch4-mf-v002/2023/08/21/GAO20230821t155858p0000-I/GAO20230821t155858p0000-I_l3a-vis-ch4-mf-v002_rgb.tif,https://api.carbonmapper.org/api/v1/catalog/asset/l3a-vis-ch4-mf-v002/2023/08/21/GAO20230821t155858p0000-I/GAO20230821t155858p0000-I_l3a-vis-ch4-mf-v002_rgb.png,1,EMIT_L2A_RFL_001_20230820T192855_2323213_028,/mnt/engg-leung/Research_No9_Methane_Emissions/Yuyao/raw_data_dir_l89_L2SR/EMIT_simulated_landsat9/GAO20230821t155858p0000-I_sim_L9.tif,/mnt/engg-leung/Research_No9_Methane_Emissions/Yuyao/Dataset/data_dir_l89_L2SR/plume_masks_l89_512/GAO20230821t155858p0000-I/mask_30m_512.tif
GAO20230821t155858p0000-J,31.857451090228903,-101.74191493110897,2023-08-21 15:58:58+00:00,Oil & Gas (1B2),CH4,mf,"[-101.74401542632944, 31.853765208185223, -101.73792881252142, 31.858935019842146]",GAO,production,2023-11-23 06:33:25.075301+00:00,2025-03-25 23:06:51.076666+00:00,v1,,,,,89.95312782848319,53.47533553025572,2.07421875,1.056640625,327.5079568351706,42.86191806461935,hrrr,Global Airborne Observatory,ASU GDCS,https://api.carbonmapper.org/api/v1/catalog/asset/l3a-vis-ch4-mf-v002/2023/08/21/GAO20230821t155858p0000-J/GAO20230821t155858p0000-J_l3a-vis-ch4-mf-v002_plume.tif,https://api.carbonmapper.org/api/v1/catalog/asset/l3a-vis-ch4-mf-v002/2023/08/21/GAO20230821t155858p0000-J/GAO20230821t155858p0000-J_l3a-vis-ch4-mf-v002_plume.png,https://api.carbonmapper.org/api/v1/catalog/asset/l3a-ch4-mf-v1/2023/08/21/GAO20230821t155858p0000-J/GAO20230821t155858p0000-J_l3a-ch4-mf-v1_concentrations.tif,https://api.carbonmapper.org/api/v1/catalog/asset/l3a-vis-ch4-mf-v002/2023/08/21/GAO20230821t155858p0000-J/GAO20230821t155858p0000-J_l3a-vis-ch4-mf-v002_rgb.tif,https://api.carbonmapper.org/api/v1/catalog/asset/l3a-vis-ch4-mf-v002/2023/08/21/GAO20230821t155858p0000-J/GAO20230821t155858p0000-J_l3a-vis-ch4-mf-v002_rgb.png,1,EMIT_L2A_RFL_001_20230820T192855_2323213_028,/mnt/engg-leung/Research_No9_Methane_Emissions/Yuyao/raw_data_dir_l89_L2SR/EMIT_simulated_landsat9/GAO20230821t155858p0000-J_sim_L9.tif,/mnt/engg-leung/Research_No9_Methane_Emissions/Yuyao/Dataset/data_dir_l89_L2SR/plume_masks_l89_512/GAO20230821t155858p0000-J/mask_30m_512.tif
GAO20230821t155858p0000-L,31.839443721673035,-101.73381829554113,2023-08-21 15:58:58+00:00,Oil & Gas (1B2),CH4,mf,"[-101.73661255424405, 31.83604011019097, -101.7305271319571, 31.841209903171492]",GAO,production,2023-11-23 06:33:25.093562+00:00,2025-03-25 23:31:53.512086+00:00,v1,,,,,205.49991479346247,190.01048480665216,2.07421875,1.056640625,327.5079568351706,42.86191806461935,hrrr,Global Airborne Observatory,ASU GDCS,https://api.carbonmapper.org/api/v1/catalog/asset/l3a-vis-ch4-mf-v002/2023/08/21/GAO20230821t155858p0000-L/GAO20230821t155858p0000-L_l3a-vis-ch4-mf-v002_plume.tif,https://api.carbonmapper.org/api/v1/catalog/asset/l3a-vis-ch4-mf-v002/2023/08/21/GAO20230821t155858p0000-L/GAO20230821t155858p0000-L_l3a-vis-ch4-mf-v002_plume.png,https://api.carbonmapper.org/api/v1/catalog/asset/l3a-ch4-mf-v1/2023/08/21/GAO20230821t155858p0000-L/GAO20230821t155858p0000-L_l3a-ch4-mf-v1_concentrations.tif,https://api.carbonmapper.org/api/v1/catalog/asset/l3a-vis-ch4-mf-v002/2023/08/21/GAO20230821t155858p0000-L/GAO20230821t155858p0000-L_l3a-vis-ch4-mf-v002_rgb.tif,https://api.carbonmapper.org/api/v1/catalog/asset/l3a-vis-ch4-mf-v002/2023/08/21/GAO20230821t155858p0000-L/GAO20230821t155858p0000-L_l3a-vis-ch4-mf-v002_rgb.png,1,EMIT_L2A_RFL_001_20230820T192855_2323213_028,/mnt/engg-leung/Research_No9_Methane_Emissions/Yuyao/raw_data_dir_l89_L2SR/EMIT_simulated_landsat9/GAO20230821t155858p0000-L_sim_L9.tif,/mnt/engg-leung/Research_No9_Methane_Emissions/Yuyao/Dataset/data_dir_l89_L2SR/plume_masks_l89_512/GAO20230821t155858p0000-L/mask_30m_512.tif
GAO20230821t155858p0000-M,31.79263337476462,-101.74673292466254,2023-08-21 15:58:58+00:00,Oil & Gas (1B2),CH4,mf,"[-101.74960081684088, 31.789401804953563, -101.74351839116919, 31.794571662301266]",GAO,production,2023-11-23 06:33:25.111376+00:00,2025-03-25 22:35:25.955585+00:00,v1,,,,,312.64542456261483,182.60894643863827,1.91015625,0.9482421875,334.5734391919011,29.52013256334321,hrrr,Global Airborne Observatory,ASU GDCS,https://api.carbonmapper.org/api/v1/catalog/asset/l3a-vis-ch4-mf-v002/2023/08/21/GAO20230821t155858p0000-M/GAO20230821t155858p0000-M_l3a-vis-ch4-mf-v002_plume.tif,https://api.carbonmapper.org/api/v1/catalog/asset/l3a-vis-ch4-mf-v002/2023/08/21/GAO20230821t155858p0000-M/GAO20230821t155858p0000-M_l3a-vis-ch4-mf-v002_plume.png,https://api.carbonmapper.org/api/v1/catalog/asset/l3a-ch4-mf-v1/2023/08/21/GAO20230821t155858p0000-M/GAO20230821t155858p0000-M_l3a-ch4-mf-v1_concentrations.tif,https://api.carbonmapper.org/api/v1/catalog/asset/l3a-vis-ch4-mf-v002/2023/08/21/GAO20230821t155858p0000-M/GAO20230821t155858p0000-M_l3a-vis-ch4-mf-v002_rgb.tif,https://api.carbonmapper.org/api/v1/catalog/asset/l3a-vis-ch4-mf-v002/2023/08/21/GAO20230821t155858p0000-M/GAO20230821t155858p0000-M_l3a-vis-ch4-mf-v002_rgb.png,1,EMIT_L2A_RFL_001_20230820T192855_2323213_028,/mnt/engg-leung/Research_No9_Methane_Emissions/Yuyao/raw_data_dir_l89_L2SR/EMIT_simulated_landsat9/GAO20230821t155858p0000-M_sim_L9.tif,/mnt/engg-leung/Research_No9_Methane_Emissions/Yuyao/Dataset/data_dir_l89_L2SR/plume_masks_l89_512/GAO20230821t155858p0000-M/mask_30m_512.tif
GAO20230821t155858p0000-N,31.768040736160984,-101.72907148303354,2023-08-21 15:58:58+00:00,Oil & Gas (1B2),CH4,mf,"[-101.73227492685334, 31.764345334461407, -101.72619406014005, 31.769560221924017]",GAO,production,2023-11-23 06:33:25.130901+00:00,2025-03-25 22:35:33.348855+00:00,v1,,,,,60.28504443169172,36.91091781171115,1.7998046875,0.88330078125,339.2115201289333,25.301829567852213,hrrr,Global Airborne Observatory,ASU GDCS,https://api.carbonmapper.org/api/v1/catalog/asset/l3a-vis-ch4-mf-v002/2023/08/21/GAO20230821t155858p0000-N/GAO20230821t155858p0000-N_l3a-vis-ch4-mf-v002_plume.tif,https://api.carbonmapper.org/api/v1/catalog/asset/l3a-vis-ch4-mf-v002/2023/08/21/GAO20230821t155858p0000-N/GAO20230821t155858p0000-N_l3a-vis-ch4-mf-v002_plume.png,https://api.carbonmapper.org/api/v1/catalog/asset/l3a-ch4-mf-v1/2023/08/21/GAO20230821t155858p0000-N/GAO20230821t155858p0000-N_l3a-ch4-mf-v1_concentrations.tif,https://api.carbonmapper.org/api/v1/catalog/asset/l3a-vis-ch4-mf-v002/2023/08/21/GAO20230821t155858p0000-N/GAO20230821t155858p0000-N_l3a-vis-ch4-mf-v002_rgb.tif,https://api.carbonmapper.org/api/v1/catalog/asset/l3a-vis-ch4-mf-v002/2023/08/21/GAO20230821t155858p0000-N/GAO20230821t155858p0000-N_l3a-vis-ch4-mf-v002_rgb.png,1,EMIT_L2A_RFL_001_20230820T192855_2323213_028,/mnt/engg-leung/Research_No9_Methane_Emissions/Yuyao/raw_data_dir_l89_L2SR/EMIT_simulated_landsat9/GAO20230821t155858p0000-N_sim_L9.tif,/mnt/engg-leung/Research_No9_Methane_Emissions/Yuyao/Dataset/data_dir_l89_L2SR/plume_masks_l89_512/GAO20230821t155858p0000-N/mask_30m_512.tif
GAO20230821t155858p0000-O,31.769661272724107,-101.72949804128444,2023-08-21 15:58:58+00:00,Oil & Gas (1B2),CH4,mf,"[-101.7323490794641, 31.766736517845104, -101.72621547557092, 31.771906199102585]",GAO,production,2023-11-23 06:33:25.148164+00:00,2025-03-25 22:35:39.458133+00:00,v1,,,,,,,1.7998046875,0.88330078125,339.2115201289333,25.301829567852213,hrrr,Global Airborne Observatory,ASU GDCS,https://api.carbonmapper.org/api/v1/catalog/asset/l3a-vis-ch4-mf-v002/2023/08/21/GAO20230821t155858p0000-O/GAO20230821t155858p0000-O_l3a-vis-ch4-mf-v002_plume.tif,https://api.carbonmapper.org/api/v1/catalog/asset/l3a-vis-ch4-mf-v002/2023/08/21/GAO20230821t155858p0000-O/GAO20230821t155858p0000-O_l3a-vis-ch4-mf-v002_plume.png,https://api.carbonmapper.org/api/v1/catalog/asset/l3a-ch4-mf-v1/2023/08/21/GAO20230821t155858p0000-O/GAO20230821t155858p0000-O_l3a-ch4-mf-v1_concentrations.tif,https://api.carbonmapper.org/api/v1/catalog/asset/l3a-vis-ch4-mf-v002/2023/08/21/GAO20230821t155858p0000-O/GAO20230821t155858p0000-O_l3a-vis-ch4-mf-v002_rgb.tif,https://api.carbonmapper.org/api/v1/catalog/asset/l3a-vis-ch4-mf-v002/2023/08/21/GAO20230821t155858p0000-O/GAO20230821t155858p0000-O_l3a-vis-ch4-mf-v002_rgb.png,1,EMIT_L2A_RFL_001_20230820T192855_2323213_028,/mnt/engg-leung/Research_No9_Methane_Emissions/Yuyao/raw_data_dir_l89_L2SR/EMIT_simulated_landsat9/GAO20230821t155858p0000-O_sim_L9.tif,/mnt/engg-leung/Research_No9_Methane_Emissions/Yuyao/Dataset/data_dir_l89_L2SR/plume_masks_l89_512/GAO20230821t155858p0000-O/mask_30m_512.tif
GAO20230821t155858p0000-P,31.77027978624525,-101.7327490366792,2023-08-21 15:58:58+00:00,Oil & Gas (1B2),CH4,mf,"[-101.73559373503704, 31.767495941726875, -101.72945991814278, 31.772710713745347]",GAO,production,2023-11-23 06:33:25.184707+00:00,2025-03-25 22:35:42.403026+00:00,v1,,,,,64.06451220470568,42.06518909743019,1.7998046875,0.88330078125,339.2115201289333,25.301829567852213,hrrr,Global Airborne Observatory,ASU GDCS,https://api.carbonmapper.org/api/v1/catalog/asset/l3a-vis-ch4-mf-v002/2023/08/21/GAO20230821t155858p0000-P/GAO20230821t155858p0000-P_l3a-vis-ch4-mf-v002_plume.tif,https://api.carbonmapper.org/api/v1/catalog/asset/l3a-vis-ch4-mf-v002/2023/08/21/GAO20230821t155858p0000-P/GAO20230821t155858p0000-P_l3a-vis-ch4-mf-v002_plume.png,https://api.carbonmapper.org/api/v1/catalog/asset/l3a-ch4-mf-v1/2023/08/21/GAO20230821t155858p0000-P/GAO20230821t155858p0000-P_l3a-ch4-mf-v1_concentrations.tif,https://api.carbonmapper.org/api/v1/catalog/asset/l3a-vis-ch4-mf-v002/2023/08/21/GAO20230821t155858p0000-P/GAO20230821t155858p0000-P_l3a-vis-ch4-mf-v002_rgb.tif,https://api.carbonmapper.org/api/v1/catalog/asset/l3a-vis-ch4-mf-v002/2023/08/21/GAO20230821t155858p0000-P/GAO20230821t155858p0000-P_l3a-vis-ch4-mf-v002_rgb.png,1,EMIT_L2A_RFL_001_20230820T192855_2323213_028,/mnt/engg-leung/Research_No9_Methane_Emissions/Yuyao/raw_data_dir_l89_L2SR/EMIT_simulated_landsat9/GAO20230821t155858p0000-P_sim_L9.tif,/mnt/engg-leung/Research_No9_Methane_Emissions/Yuyao/Dataset/data_dir_l89_L2SR/plume_masks_l89_512/GAO20230821t155858p0000-P/mask_30m_512.tif
GAO20230821t155858p0000-Q,31.690674780538146,-101.73789989113055,2023-08-21 15:58:58+00:00,Oil & Gas (1B2),CH4,mf,"[-101.74128706813183, 31.68785347806304, -101.73521129323635, 31.693023347559357]",GAO,production,2023-11-23 06:33:25.202140+00:00,2025-03-25 22:35:47.279269+00:00,v1,,,,,97.8600997043852,62.756607334715625,1.4853515625,0.86962890625,352.5996821333616,23.273768768396835,hrrr,Global Airborne Observatory,ASU GDCS,https://api.carbonmapper.org/api/v1/catalog/asset/l3a-vis-ch4-mf-v002/2023/08/21/GAO20230821t155858p0000-Q/GAO20230821t155858p0000-Q_l3a-vis-ch4-mf-v002_plume.tif,https://api.carbonmapper.org/api/v1/catalog/asset/l3a-vis-ch4-mf-v002/2023/08/21/GAO20230821t155858p0000-Q/GAO20230821t155858p0000-Q_l3a-vis-ch4-mf-v002_plume.png,https://api.carbonmapper.org/api/v1/catalog/asset/l3a-ch4-mf-v1/2023/08/21/GAO20230821t155858p0000-Q/GAO20230821t155858p0000-Q_l3a-ch4-mf-v1_concentrations.tif,https://api.carbonmapper.org/api/v1/catalog/asset/l3a-vis-ch4-mf-v002/2023/08/21/GAO20230821t155858p0000-Q/GAO20230821t155858p0000-Q_l3a-vis-ch4-mf-v002_rgb.tif,https://api.carbonmapper.org/api/v1/catalog/asset/l3a-vis-ch4-mf-v002/2023/08/21/GAO20230821t155858p0000-Q/GAO20230821t155858p0000-Q_l3a-vis-ch4-mf-v002_rgb.png,1,EMIT_L2A_RFL_001_20230820T192855_2323213_028,/mnt/engg-leung/Research_No9_Methane_Emissions/Yuyao/raw_data_dir_l89_L2SR/EMIT_simulated_landsat9/GAO20230821t155858p0000-Q_sim_L9.tif,/mnt/engg-leung/Research_No9_Methane_Emissions/Yuyao/Dataset/data_dir_l89_L2SR/plume_masks_l89_512/GAO20230821t155858p0000-Q/mask_30m_512.tif
GAO20230821t161748p0000-J,32.242089602318856,-101.79194367005664,2023-08-21 16:17:48+00:00,Oil & Gas (1B2),CH4,mf,"[-101.79524406741353, 32.23917470819123, -101.78913174529805, 32.244344538095206]",GAO,production,2023-11-23 06:33:24.759527+00:00,2025-03-25 23:33:05.151490+00:00,v1,,,,,77.9582006680249,46.79461012656223,2.861328125,0.76806640625,34.245178554947834,19.87050286732692,hrrr,Global Airborne Observatory,ASU GDCS,https://api.carbonmapper.org/api/v1/catalog/asset/l3a-vis-ch4-mf-v002/2023/08/21/GAO20230821t161748p0000-J/GAO20230821t161748p0000-J_l3a-vis-ch4-mf-v002_plume.tif,https://api.carbonmapper.org/api/v1/catalog/asset/l3a-vis-ch4-mf-v002/2023/08/21/GAO20230821t161748p0000-J/GAO20230821t161748p0000-J_l3a-vis-ch4-mf-v002_plume.png,https://api.carbonmapper.org/api/v1/catalog/asset/l3a-ch4-mf-v1/2023/08/21/GAO20230821t161748p0000-J/GAO20230821t161748p0000-J_l3a-ch4-mf-v1_concentrations.tif,https://api.carbonmapper.org/api/v1/catalog/asset/l3a-vis-ch4-mf-v002/2023/08/21/GAO20230821t161748p0000-J/GAO20230821t161748p0000-J_l3a-vis-ch4-mf-v002_rgb.tif,https://api.carbonmapper.org/api/v1/catalog/asset/l3a-vis-ch4-mf-v002/2023/08/21/GAO20230821t161748p0000-J/GAO20230821t161748p0000-J_l3a-vis-ch4-mf-v002_rgb.png,1,EMIT_L2A_RFL_001_20230820T192855_2323213_028,/mnt/engg-leung/Research_No9_Methane_Emissions/Yuyao/raw_data_dir_l89_L2SR/EMIT_simulated_landsat9/GAO20230821t161748p0000-J_sim_L9.tif,/mnt/engg-leung/Research_No9_Methane_Emissions/Yuyao/Dataset/data_dir_l89_L2SR/plume_masks_l89_512/GAO20230821t161748p0000-J/mask_30m_512.tif
GAO20230821t161748p0000-K,32.22633810106173,-101.8056484891134,2023-08-21 16:17:48+00:00,Oil & Gas (1B2),CH4,mf,"[-101.80870542376742, 32.222792315800675, -101.80254114737329, 32.22796207453327]",GAO,production,2023-11-23 06:33:24.781863+00:00,2025-03-25 23:33:07.436008+00:00,v1,,,,,362.9663122937688,205.79394253586028,3.048828125,0.6162109375,33.86763984857538,17.32843276368464,hrrr,Global Airborne Observatory,ASU GDCS,https://api.carbonmapper.org/api/v1/catalog/asset/l3a-vis-ch4-mf-v002/2023/08/21/GAO20230821t161748p0000-K/GAO20230821t161748p0000-K_l3a-vis-ch4-mf-v002_plume.tif,https://api.carbonmapper.org/api/v1/catalog/asset/l3a-vis-ch4-mf-v002/2023/08/21/GAO20230821t161748p0000-K/GAO20230821t161748p0000-K_l3a-vis-ch4-mf-v002_plume.png,https://api.carbonmapper.org/api/v1/catalog/asset/l3a-ch4-mf-v1/2023/08/21/GAO20230821t161748p0000-K/GAO20230821t161748p0000-K_l3a-ch4-mf-v1_concentrations.tif,https://api.carbonmapper.org/api/v1/catalog/asset/l3a-vis-ch4-mf-v002/2023/08/21/GAO20230821t161748p0000-K/GAO20230821t161748p0000-K_l3a-vis-ch4-mf-v002_rgb.tif,https://api.carbonmapper.org/api/v1/catalog/asset/l3a-vis-ch4-mf-v002/2023/08/21/GAO20230821t161748p0000-K/GAO20230821t161748p0000-K_l3a-vis-ch4-mf-v002_rgb.png,1,EMIT_L2A_RFL_001_20230820T192855_2323213_028,/mnt/engg-leung/Research_No9_Methane_Emissions/Yuyao/raw_data_dir_l89_L2SR/EMIT_simulated_landsat9/GAO20230821t161748p0000-K_sim_L9.tif,/mnt/engg-leung/Research_No9_Methane_Emissions/Yuyao/Dataset/data_dir_l89_L2SR/plume_masks_l89_512/GAO20230821t161748p0000-K/mask_30m_512.tif
GAO20230821t161748p0000-L,31.907445321930908,-101.78359412071262,2023-08-21 16:17:48+00:00,Oil & Gas (1B2),CH4,mf,"[-101.78692787072528, 31.90466934825732, -101.78083774179154, 31.90983928778236]",GAO,production,2023-11-23 06:33:24.800658+00:00,2025-03-25 23:33:12.163088+00:00,v1,,,,,122.27803986301376,51.5426934468161,2.9296875,0.62353515625,16.02261292485275,33.87389981873199,hrrr,Global Airborne Observatory,ASU GDCS,https://api.carbonmapper.org/api/v1/catalog/asset/l3a-vis-ch4-mf-v002/2023/08/21/GAO20230821t161748p0000-L/GAO20230821t161748p0000-L_l3a-vis-ch4-mf-v002_plume.tif,https://api.carbonmapper.org/api/v1/catalog/asset/l3a-vis-ch4-mf-v002/2023/08/21/GAO20230821t161748p0000-L/GAO20230821t161748p0000-L_l3a-vis-ch4-mf-v002_plume.png,https://api.carbonmapper.org/api/v1/catalog/asset/l3a-ch4-mf-v1/2023/08/21/GAO20230821t161748p0000-L/GAO20230821t161748p0000-L_l3a-ch4-mf-v1_concentrations.tif,https://api.carbonmapper.org/api/v1/catalog/asset/l3a-vis-ch4-mf-v002/2023/08/21/GAO20230821t161748p0000-L/GAO20230821t161748p0000-L_l3a-vis-ch4-mf-v002_rgb.tif,https://api.carbonmapper.org/api/v1/catalog/asset/l3a-vis-ch4-mf-v002/2023/08/21/GAO20230821t161748p0000-L/GAO20230821t161748p0000-L_l3a-vis-ch4-mf-v002_rgb.png,1,EMIT_L2A_RFL_001_20230820T192855_2323213_028,/mnt/engg-leung/Research_No9_Methane_Emissions/Yuyao/raw_data_dir_l89_L2SR/EMIT_simulated_landsat9/GAO20230821t161748p0000-L_sim_L9.tif,/mnt/engg-leung/Research_No9_Methane_Emissions/Yuyao/Dataset/data_dir_l89_L2SR/plume_masks_l89_512/GAO20230821t161748p0000-L/mask_30m_512.tif
GAO20230821t161748p0000-N,31.852154153465733,-101.77717259043078,2023-08-21 16:17:48+00:00,Oil & Gas (1B2),CH4,mf,"[-101.78095595752023, 31.848530999127405, -101.77481675838457, 31.85370081644862]",GAO,production,2023-11-23 06:33:24.822650+00:00,2025-03-25 23:33:18.920897+00:00,v1,,,,,178.14762546678068,49.15094371522952,2.9296875,0.75732421875,8.611478599889981,29.81403313204519,hrrr,Global Airborne Observatory,ASU GDCS,https://api.carbonmapper.org/api/v1/catalog/asset/l3a-vis-ch4-mf-v002/2023/08/21/GAO20230821t161748p0000-N/GAO20230821t161748p0000-N_l3a-vis-ch4-mf-v002_plume.tif,https://api.carbonmapper.org/api/v1/catalog/asset/l3a-vis-ch4-mf-v002/2023/08/21/GAO20230821t161748p0000-N/GAO20230821t161748p0000-N_l3a-vis-ch4-mf-v002_plume.png,https://api.carbonmapper.org/api/v1/catalog/asset/l3a-ch4-mf-v1/2023/08/21/GAO20230821t161748p0000-N/GAO20230821t161748p0000-N_l3a-ch4-mf-v1_concentrations.tif,https://api.carbonmapper.org/api/v1/catalog/asset/l3a-vis-ch4-mf-v002/2023/08/21/GAO20230821t161748p0000-N/GAO20230821t161748p0000-N_l3a-vis-ch4-mf-v002_rgb.tif,https://api.carbonmapper.org/api/v1/catalog/asset/l3a-vis-ch4-mf-v002/2023/08/21/GAO20230821t161748p0000-N/GAO20230821t161748p0000-N_l3a-vis-ch4-mf-v002_rgb.png,1,EMIT_L2A_RFL_001_20230820T192855_2323213_028,/mnt/engg-leung/Research_No9_Methane_Emissions/Yuyao/raw_data_dir_l89_L2SR/EMIT_simulated_landsat9/GAO20230821t161748p0000-N_sim_L9.tif,/mnt/engg-leung/Research_No9_Methane_Emissions/Yuyao/Dataset/data_dir_l89_L2SR/plume_masks_l89_512/GAO20230821t161748p0000-N/mask_30m_512.tif
GAO20230821t161748p0000-P,31.844857816069435,-101.77246322109,2023-08-21 16:17:48+00:00,Oil & Gas (1B2),CH4,mf,"[-101.78014019604967, 31.83976533899021, -101.76855021375258, 31.849610813741315]",GAO,production,2023-11-23 06:33:24.862938+00:00,2025-03-25 23:33:30.439134+00:00,v1,,,,,,,2.9296875,0.75732421875,8.611478599889981,29.81403313204519,hrrr,Global Airborne Observatory,ASU GDCS,https://api.carbonmapper.org/api/v1/catalog/asset/l3a-vis-ch4-mf-v002/2023/08/21/GAO20230821t161748p0000-P/GAO20230821t161748p0000-P_l3a-vis-ch4-mf-v002_plume.tif,https://api.carbonmapper.org/api/v1/catalog/asset/l3a-vis-ch4-mf-v002/2023/08/21/GAO20230821t161748p0000-P/GAO20230821t161748p0000-P_l3a-vis-ch4-mf-v002_plume.png,https://api.carbonmapper.org/api/v1/catalog/asset/l3a-ch4-mf-v1/2023/08/21/GAO20230821t161748p0000-P/GAO20230821t161748p0000-P_l3a-ch4-mf-v1_concentrations.tif,https://api.carbonmapper.org/api/v1/catalog/asset/l3a-vis-ch4-mf-v002/2023/08/21/GAO20230821t161748p0000-P/GAO20230821t161748p0000-P_l3a-vis-ch4-mf-v002_rgb.tif,https://api.carbonmapper.org/api/v1/catalog/asset/l3a-vis-ch4-mf-v002/2023/08/21/GAO20230821t161748p0000-P/GAO20230821t161748p0000-P_l3a-vis-ch4-mf-v002_rgb.png,1,EMIT_L2A_RFL_001_20230820T192855_2323213_028,/mnt/engg-leung/Research_No9_Methane_Emissions/Yuyao/raw_data_dir_l89_L2SR/EMIT_simulated_landsat9/GAO20230821t161748p0000-P_sim_L9.tif,/mnt/engg-leung/Research_No9_Methane_Emissions/Yuyao/Dataset/data_dir_l89_L2SR/plume_masks_l89_512/GAO20230821t161748p0000-P/mask_30m_512.tif
GAO20230821t161748p0000-R,31.79376313412031,-101.74710620390248,2023-08-21 16:17:48+00:00,Oil & Gas (1B2),CH4,mf,"[-101.75044518181296, 31.790910920251353, -101.7443625060031, 31.79612586092636]",GAO,production,2023-11-23 06:33:24.880459+00:00,2025-03-25 23:33:40.172520+00:00,v1,,,,,,,2.794921875,0.810546875,6.933858208122028,25.0743716996785,hrrr,Global Airborne Observatory,ASU GDCS,https://api.carbonmapper.org/api/v1/catalog/asset/l3a-vis-ch4-mf-v002/2023/08/21/GAO20230821t161748p0000-R/GAO20230821t161748p0000-R_l3a-vis-ch4-mf-v002_plume.tif,https://api.carbonmapper.org/api/v1/catalog/asset/l3a-vis-ch4-mf-v002/2023/08/21/GAO20230821t161748p0000-R/GAO20230821t161748p0000-R_l3a-vis-ch4-mf-v002_plume.png,https://api.carbonmapper.org/api/v1/catalog/asset/l3a-ch4-mf-v1/2023/08/21/GAO20230821t161748p0000-R/GAO20230821t161748p0000-R_l3a-ch4-mf-v1_concentrations.tif,https://api.carbonmapper.org/api/v1/catalog/asset/l3a-vis-ch4-mf-v002/2023/08/21/GAO20230821t161748p0000-R/GAO20230821t161748p0000-R_l3a-vis-ch4-mf-v002_rgb.tif,https://api.carbonmapper.org/api/v1/catalog/asset/l3a-vis-ch4-mf-v002/2023/08/21/GAO20230821t161748p0000-R/GAO20230821t161748p0000-R_l3a-vis-ch4-mf-v002_rgb.png,1,EMIT_L2A_RFL_001_20230820T192855_2323213_028,/mnt/engg-leung/Research_No9_Methane_Emissions/Yuyao/raw_data_dir_l89_L2SR/EMIT_simulated_landsat9/GAO20230821t161748p0000-R_sim_L9.tif,/mnt/engg-leung/Research_No9_Methane_Emissions/Yuyao/Dataset/data_dir_l89_L2SR/plume_masks_l89_512/GAO20230821t161748p0000-R/mask_30m_512.tif
GAO20230821t161748p0000-T,31.77192471252158,-101.75658479300944,2023-08-21 16:17:48+00:00,Oil & Gas (1B2),CH4,mf,"[-101.76057075745986, 31.768449901751865, -101.75443677423296, 31.77366476140668]",GAO,production,2023-11-23 06:33:24.915157+00:00,2025-03-25 23:33:42.945163+00:00,v1,,,,,120.87184286929975,53.718338981174426,2.65234375,1.068359375,10.267691898138647,23.187572544492344,hrrr,Global Airborne Observatory,ASU GDCS,https://api.carbonmapper.org/api/v1/catalog/asset/l3a-vis-ch4-mf-v002/2023/08/21/GAO20230821t161748p0000-T/GAO20230821t161748p0000-T_l3a-vis-ch4-mf-v002_plume.tif,https://api.carbonmapper.org/api/v1/catalog/asset/l3a-vis-ch4-mf-v002/2023/08/21/GAO20230821t161748p0000-T/GAO20230821t161748p0000-T_l3a-vis-ch4-mf-v002_plume.png,https://api.carbonmapper.org/api/v1/catalog/asset/l3a-ch4-mf-v1/2023/08/21/GAO20230821t161748p0000-T/GAO20230821t161748p0000-T_l3a-ch4-mf-v1_concentrations.tif,https://api.carbonmapper.org/api/v1/catalog/asset/l3a-vis-ch4-mf-v002/2023/08/21/GAO20230821t161748p0000-T/GAO20230821t161748p0000-T_l3a-vis-ch4-mf-v002_rgb.tif,https://api.carbonmapper.org/api/v1/catalog/asset/l3a-vis-ch4-mf-v002/2023/08/21/GAO20230821t161748p0000-T/GAO20230821t161748p0000-T_l3a-vis-ch4-mf-v002_rgb.png,1,EMIT_L2A_RFL_001_20230820T192855_2323213_028,/mnt/engg-leung/Research_No9_Methane_Emissions/Yuyao/raw_data_dir_l89_L2SR/EMIT_simulated_landsat9/GAO20230821t161748p0000-T_sim_L9.tif,/mnt/engg-leung/Research_No9_Methane_Emissions/Yuyao/Dataset/data_dir_l89_L2SR/plume_masks_l89_512/GAO20230821t161748p0000-T/mask_30m_512.tif
GAO20230821t161748p0000-W,31.690722205134293,-101.73795570192338,2023-08-21 16:17:48+00:00,Oil & Gas (1B2),CH4,mf,"[-101.741068503872, 31.688073279148075, -101.73499271559349, 31.69324314778867]",GAO,production,2023-11-23 06:33:26.432376+00:00,2025-03-25 23:13:08.429743+00:00,v1,,,,,126.3738863740631,68.05158940532247,2.30859375,1.2431640625,18.804154530374376,21.936010941741525,hrrr,Global Airborne Observatory,ASU GDCS,https://api.carbonmapper.org/api/v1/catalog/asset/l3a-vis-ch4-mf-v002/2023/08/21/GAO20230821t161748p0000-W/GAO20230821t161748p0000-W_l3a-vis-ch4-mf-v002_plume.tif,https://api.carbonmapper.org/api/v1/catalog/asset/l3a-vis-ch4-mf-v002/2023/08/21/GAO20230821t161748p0000-W/GAO20230821t161748p0000-W_l3a-vis-ch4-mf-v002_plume.png,https://api.carbonmapper.org/api/v1/catalog/asset/l3a-ch4-mf-v1/2023/08/21/GAO20230821t161748p0000-W/GAO20230821t161748p0000-W_l3a-ch4-mf-v1_concentrations.tif,https://api.carbonmapper.org/api/v1/catalog/asset/l3a-vis-ch4-mf-v002/2023/08/21/GAO20230821t161748p0000-W/GAO20230821t161748p0000-W_l3a-vis-ch4-mf-v002_rgb.tif,https://api.carbonmapper.org/api/v1/catalog/asset/l3a-vis-ch4-mf-v002/2023/08/21/GAO20230821t161748p0000-W/GAO20230821t161748p0000-W_l3a-vis-ch4-mf-v002_rgb.png,1,EMIT_L2A_RFL_001_20230820T192855_2323213_028,/mnt/engg-leung/Research_No9_Methane_Emissions/Yuyao/raw_data_dir_l89_L2SR/EMIT_simulated_landsat9/GAO20230821t161748p0000-W_sim_L9.tif,/mnt/engg-leung/Research_No9_Methane_Emissions/Yuyao/Dataset/data_dir_l89_L2SR/plume_masks_l89_512/GAO20230821t161748p0000-W/mask_30m_512.tif
GAO20230821t161748p0000-X,31.77392350852385,-101.75860763405848,2023-08-21 16:17:48+00:00,Oil & Gas (1B2),CH4,mf,"[-101.761427021775, 31.771131241270457, -101.75534574054046, 31.7763011472673]",GAO,production,2023-11-23 06:33:26.454464+00:00,2025-03-25 22:44:36.758500+00:00,v1,,,,,92.85909214746036,40.23754963676209,2.65234375,1.068359375,10.267691898138647,23.187572544492344,hrrr,Global Airborne Observatory,ASU GDCS,https://api.carbonmapper.org/api/v1/catalog/asset/l3a-vis-ch4-mf-v002/2023/08/21/GAO20230821t161748p0000-X/GAO20230821t161748p0000-X_l3a-vis-ch4-mf-v002_plume.tif,https://api.carbonmapper.org/api/v1/catalog/asset/l3a-vis-ch4-mf-v002/2023/08/21/GAO20230821t161748p0000-X/GAO20230821t161748p0000-X_l3a-vis-ch4-mf-v002_plume.png,https://api.carbonmapper.org/api/v1/catalog/asset/l3a-ch4-mf-v1/2023/08/21/GAO20230821t161748p0000-X/GAO20230821t161748p0000-X_l3a-ch4-mf-v1_concentrations.tif,https://api.carbonmapper.org/api/v1/catalog/asset/l3a-vis-ch4-mf-v002/2023/08/21/GAO20230821t161748p0000-X/GAO20230821t161748p0000-X_l3a-vis-ch4-mf-v002_rgb.tif,https://api.carbonmapper.org/api/v1/catalog/asset/l3a-vis-ch4-mf-v002/2023/08/21/GAO20230821t161748p0000-X/GAO20230821t161748p0000-X_l3a-vis-ch4-mf-v002_rgb.png,1,EMIT_L2A_RFL_001_20230820T192855_2323213_028,/mnt/engg-leung/Research_No9_Methane_Emissions/Yuyao/raw_data_dir_l89_L2SR/EMIT_simulated_landsat9/GAO20230821t161748p0000-X_sim_L9.tif,/mnt/engg-leung/Research_No9_Methane_Emissions/Yuyao/Dataset/data_dir_l89_L2SR/plume_masks_l89_512/GAO20230821t161748p0000-X/mask_30m_512.tif
GAO20230821t163453p0000-N,32.10887206933697,-101.81075231419976,2023-08-21 16:34:53+00:00,Oil & Gas (1B2),CH4,mf,"[-101.81416947334672, 32.105593521830784, -101.80806582105664, 32.110808552335264]",GAO,production,2023-11-23 06:33:24.414571+00:00,2025-03-25 23:04:52.300383+00:00,v1,,,,,301.9462284872336,79.08440981080132,2.912109375,0.7265625,37.569858510816175,17.341300723869224,hrrr,Global Airborne Observatory,ASU GDCS,https://api.carbonmapper.org/api/v1/catalog/asset/l3a-vis-ch4-mf-v002/2023/08/21/GAO20230821t163453p0000-N/GAO20230821t163453p0000-N_l3a-vis-ch4-mf-v002_plume.tif,https://api.carbonmapper.org/api/v1/catalog/asset/l3a-vis-ch4-mf-v002/2023/08/21/GAO20230821t163453p0000-N/GAO20230821t163453p0000-N_l3a-vis-ch4-mf-v002_plume.png,https://api.carbonmapper.org/api/v1/catalog/asset/l3a-ch4-mf-v1/2023/08/21/GAO20230821t163453p0000-N/GAO20230821t163453p0000-N_l3a-ch4-mf-v1_concentrations.tif,https://api.carbonmapper.org/api/v1/catalog/asset/l3a-vis-ch4-mf-v002/2023/08/21/GAO20230821t163453p0000-N/GAO20230821t163453p0000-N_l3a-vis-ch4-mf-v002_rgb.tif,https://api.carbonmapper.org/api/v1/catalog/asset/l3a-vis-ch4-mf-v002/2023/08/21/GAO20230821t163453p0000-N/GAO20230821t163453p0000-N_l3a-vis-ch4-mf-v002_rgb.png,1,EMIT_L2A_RFL_001_20230820T192855_2323213_028,/mnt/engg-leung/Research_No9_Methane_Emissions/Yuyao/raw_data_dir_l89_L2SR/EMIT_simulated_landsat9/GAO20230821t163453p0000-N_sim_L9.tif,/mnt/engg-leung/Research_No9_Methane_Emissions/Yuyao/Dataset/data_dir_l89_L2SR/plume_masks_l89_512/GAO20230821t163453p0000-N/mask_30m_512.tif
GAO20230821t163453p0000-O,32.09212493495315,-101.82298441121644,2023-08-21 16:34:53+00:00,Oil & Gas (1B2),CH4,mf,"[-101.83129180253349, 32.081682975569464, -101.81717701133165, 32.09364153942787]",GAO,production,2023-11-23 06:33:24.432311+00:00,2025-03-25 22:33:58.349202+00:00,v1,,,,,242.4856722562127,97.40801025675609,2.921875,0.80517578125,35.491377304867925,17.760395831444605,hrrr,Global Airborne Observatory,ASU GDCS,https://api.carbonmapper.org/api/v1/catalog/asset/l3a-vis-ch4-mf-v002/2023/08/21/GAO20230821t163453p0000-O/GAO20230821t163453p0000-O_l3a-vis-ch4-mf-v002_plume.tif,https://api.carbonmapper.org/api/v1/catalog/asset/l3a-vis-ch4-mf-v002/2023/08/21/GAO20230821t163453p0000-O/GAO20230821t163453p0000-O_l3a-vis-ch4-mf-v002_plume.png,https://api.carbonmapper.org/api/v1/catalog/asset/l3a-ch4-mf-v1/2023/08/21/GAO20230821t163453p0000-O/GAO20230821t163453p0000-O_l3a-ch4-mf-v1_concentrations.tif,https://api.carbonmapper.org/api/v1/catalog/asset/l3a-vis-ch4-mf-v002/2023/08/21/GAO20230821t163453p0000-O/GAO20230821t163453p0000-O_l3a-vis-ch4-mf-v002_rgb.tif,https://api.carbonmapper.org/api/v1/catalog/asset/l3a-vis-ch4-mf-v002/2023/08/21/GAO20230821t163453p0000-O/GAO20230821t163453p0000-O_l3a-vis-ch4-mf-v002_rgb.png,1,EMIT_L2A_RFL_001_20230820T192855_2323213_028,/mnt/engg-leung/Research_No9_Methane_Emissions/Yuyao/raw_data_dir_l89_L2SR/EMIT_simulated_landsat9/GAO20230821t163453p0000-O_sim_L9.tif,/mnt/engg-leung/Research_No9_Methane_Emissions/Yuyao/Dataset/data_dir_l89_L2SR/plume_masks_l89_512/GAO20230821t163453p0000-O/mask_30m_512.tif
GAO20230821t163453p0000-Q,31.90741154103496,-101.78363880439788,2023-08-21 16:34:53+00:00,Oil & Gas (1B2),CH4,mf,"[-101.78678044487157, 31.904350068886515, -101.78069033751034, 31.909520008035706]",GAO,production,2023-11-23 06:33:24.449519+00:00,2025-03-25 23:04:57.653904+00:00,v1,,,,,130.82004227426566,52.46441011847592,2.9296875,0.62353515625,16.02261292485275,33.87389981873199,hrrr,Global Airborne Observatory,ASU GDCS,https://api.carbonmapper.org/api/v1/catalog/asset/l3a-vis-ch4-mf-v002/2023/08/21/GAO20230821t163453p0000-Q/GAO20230821t163453p0000-Q_l3a-vis-ch4-mf-v002_plume.tif,https://api.carbonmapper.org/api/v1/catalog/asset/l3a-vis-ch4-mf-v002/2023/08/21/GAO20230821t163453p0000-Q/GAO20230821t163453p0000-Q_l3a-vis-ch4-mf-v002_plume.png,https://api.carbonmapper.org/api/v1/catalog/asset/l3a-ch4-mf-v1/2023/08/21/GAO20230821t163453p0000-Q/GAO20230821t163453p0000-Q_l3a-ch4-mf-v1_concentrations.tif,https://api.carbonmapper.org/api/v1/catalog/asset/l3a-vis-ch4-mf-v002/2023/08/21/GAO20230821t163453p0000-Q/GAO20230821t163453p0000-Q_l3a-vis-ch4-mf-v002_rgb.tif,https://api.carbonmapper.org/api/v1/catalog/asset/l3a-vis-ch4-mf-v002/2023/08/21/GAO20230821t163453p0000-Q/GAO20230821t163453p0000-Q_l3a-vis-ch4-mf-v002_rgb.png,1,EMIT_L2A_RFL_001_20230820T192855_2323213_028,/mnt/engg-leung/Research_No9_Methane_Emissions/Yuyao/raw_data_dir_l89_L2SR/EMIT_simulated_landsat9/GAO20230821t163453p0000-Q_sim_L9.tif,/mnt/engg-leung/Research_No9_Methane_Emissions/Yuyao/Dataset/data_dir_l89_L2SR/plume_masks_l89_512/GAO20230821t163453p0000-Q/mask_30m_512.tif
GAO20230821t163453p0000-R,31.88875702278236,-101.78594361086992,2023-08-21 16:34:53+00:00,Oil & Gas (1B2),CH4,mf,"[-101.79125813779892, 31.883322463250877, -101.78289280067725, 31.890380456513284]",GAO,production,2023-11-23 06:33:24.468542+00:00,2025-03-25 23:04:59.782281+00:00,v1,,,,,268.0540090251304,102.58936509996774,2.876953125,0.72705078125,16.868398664870014,35.56153177710483,hrrr,Global Airborne Observatory,ASU GDCS,https://api.carbonmapper.org/api/v1/catalog/asset/l3a-vis-ch4-mf-v002/2023/08/21/GAO20230821t163453p0000-R/GAO20230821t163453p0000-R_l3a-vis-ch4-mf-v002_plume.tif,https://api.carbonmapper.org/api/v1/catalog/asset/l3a-vis-ch4-mf-v002/2023/08/21/GAO20230821t163453p0000-R/GAO20230821t163453p0000-R_l3a-vis-ch4-mf-v002_plume.png,https://api.carbonmapper.org/api/v1/catalog/asset/l3a-ch4-mf-v1/2023/08/21/GAO20230821t163453p0000-R/GAO20230821t163453p0000-R_l3a-ch4-mf-v1_concentrations.tif,https://api.carbonmapper.org/api/v1/catalog/asset/l3a-vis-ch4-mf-v002/2023/08/21/GAO20230821t163453p0000-R/GAO20230821t163453p0000-R_l3a-vis-ch4-mf-v002_rgb.tif,https://api.carbonmapper.org/api/v1/catalog/asset/l3a-vis-ch4-mf-v002/2023/08/21/GAO20230821t163453p0000-R/GAO20230821t163453p0000-R_l3a-vis-ch4-mf-v002_rgb.png,1,EMIT_L2A_RFL_001_20230820T192855_2323213_028,/mnt/engg-leung/Research_No9_Methane_Emissions/Yuyao/raw_data_dir_l89_L2SR/EMIT_simulated_landsat9/GAO20230821t163453p0000-R_sim_L9.tif,/mnt/engg-leung/Research_No9_Methane_Emissions/Yuyao/Dataset/data_dir_l89_L2SR/plume_masks_l89_512/GAO20230821t163453p0000-R/mask_30m_512.tif
GAO20230821t163453p0000-T,31.85215338191377,-101.77712163578828,2023-08-21 16:34:53+00:00,Oil & Gas (1B2),CH4,mf,"[-101.78062842050616, 31.84883809360889, -101.77454183191517, 31.85405311590239]",GAO,production,2023-11-23 06:33:24.486011+00:00,2025-03-25 23:05:02.595226+00:00,v1,,,,,348.5207869077633,104.91722186237727,2.9296875,0.75732421875,8.611478599889981,29.81403313204519,hrrr,Global Airborne Observatory,ASU GDCS,https://api.carbonmapper.org/api/v1/catalog/asset/l3a-vis-ch4-mf-v002/2023/08/21/GAO20230821t163453p0000-T/GAO20230821t163453p0000-T_l3a-vis-ch4-mf-v002_plume.tif,https://api.carbonmapper.org/api/v1/catalog/asset/l3a-vis-ch4-mf-v002/2023/08/21/GAO20230821t163453p0000-T/GAO20230821t163453p0000-T_l3a-vis-ch4-mf-v002_plume.png,https://api.carbonmapper.org/api/v1/catalog/asset/l3a-ch4-mf-v1/2023/08/21/GAO20230821t163453p0000-T/GAO20230821t163453p0000-T_l3a-ch4-mf-v1_concentrations.tif,https://api.carbonmapper.org/api/v1/catalog/asset/l3a-vis-ch4-mf-v002/2023/08/21/GAO20230821t163453p0000-T/GAO20230821t163453p0000-T_l3a-vis-ch4-mf-v002_rgb.tif,https://api.carbonmapper.org/api/v1/catalog/asset/l3a-vis-ch4-mf-v002/2023/08/21/GAO20230821t163453p0000-T/GAO20230821t163453p0000-T_l3a-vis-ch4-mf-v002_rgb.png,1,EMIT_L2A_RFL_001_20230820T192855_2323213_028,/mnt/engg-leung/Research_No9_Methane_Emissions/Yuyao/raw_data_dir_l89_L2SR/EMIT_simulated_landsat9/GAO20230821t163453p0000-T_sim_L9.tif,/mnt/engg-leung/Research_No9_Methane_Emissions/Yuyao/Dataset/data_dir_l89_L2SR/plume_masks_l89_512/GAO20230821t163453p0000-T/mask_30m_512.tif
GAO20230821t163453p0000-U,31.8438211515991,-101.77846406914688,2023-08-21 16:34:53+00:00,Oil & Gas (1B2),CH4,mf,"[-101.7815347780019, 31.839350461959604, -101.77312038389279, 31.846498470168953]",GAO,production,2023-11-23 06:33:24.521898+00:00,2025-03-25 23:06:19.132958+00:00,v1,,,,,,,2.9296875,0.75732421875,8.611478599889981,29.81403313204519,hrrr,Global Airborne Observatory,ASU GDCS,https://api.carbonmapper.org/api/v1/catalog/asset/l3a-vis-ch4-mf-v002/2023/08/21/GAO20230821t163453p0000-U/GAO20230821t163453p0000-U_l3a-vis-ch4-mf-v002_plume.tif,https://api.carbonmapper.org/api/v1/catalog/asset/l3a-vis-ch4-mf-v002/2023/08/21/GAO20230821t163453p0000-U/GAO20230821t163453p0000-U_l3a-vis-ch4-mf-v002_plume.png,https://api.carbonmapper.org/api/v1/catalog/asset/l3a-ch4-mf-v1/2023/08/21/GAO20230821t163453p0000-U/GAO20230821t163453p0000-U_l3a-ch4-mf-v1_concentrations.tif,https://api.carbonmapper.org/api/v1/catalog/asset/l3a-vis-ch4-mf-v002/2023/08/21/GAO20230821t163453p0000-U/GAO20230821t163453p0000-U_l3a-vis-ch4-mf-v002_rgb.tif,https://api.carbonmapper.org/api/v1/catalog/asset/l3a-vis-ch4-mf-v002/2023/08/21/GAO20230821t163453p0000-U/GAO20230821t163453p0000-U_l3a-vis-ch4-mf-v002_rgb.png,1,EMIT_L2A_RFL_001_20230820T192855_2323213_028,/mnt/engg-leung/Research_No9_Methane_Emissions/Yuyao/raw_data_dir_l89_L2SR/EMIT_simulated_landsat9/GAO20230821t163453p0000-U_sim_L9.tif,/mnt/engg-leung/Research_No9_Methane_Emissions/Yuyao/Dataset/data_dir_l89_L2SR/plume_masks_l89_512/GAO20230821t163453p0000-U/mask_30m_512.tif
GAO20230821t163453p0000-W,31.79804513236645,-101.79806146690362,2023-08-21 16:34:53+00:00,Oil & Gas (1B2),CH4,mf,"[-101.80207314143576, 31.79366225669833, -101.79593732755032, 31.798877250574446]",GAO,production,2023-11-23 06:33:24.539886+00:00,2025-03-25 23:05:08.316850+00:00,v1,,,,,490.34810584970177,211.66656256529905,2.7265625,1.087890625,9.701752668795145,26.07368579838632,hrrr,Global Airborne Observatory,ASU GDCS,https://api.carbonmapper.org/api/v1/catalog/asset/l3a-vis-ch4-mf-v002/2023/08/21/GAO20230821t163453p0000-W/GAO20230821t163453p0000-W_l3a-vis-ch4-mf-v002_plume.tif,https://api.carbonmapper.org/api/v1/catalog/asset/l3a-vis-ch4-mf-v002/2023/08/21/GAO20230821t163453p0000-W/GAO20230821t163453p0000-W_l3a-vis-ch4-mf-v002_plume.png,https://api.carbonmapper.org/api/v1/catalog/asset/l3a-ch4-mf-v1/2023/08/21/GAO20230821t163453p0000-W/GAO20230821t163453p0000-W_l3a-ch4-mf-v1_concentrations.tif,https://api.carbonmapper.org/api/v1/catalog/asset/l3a-vis-ch4-mf-v002/2023/08/21/GAO20230821t163453p0000-W/GAO20230821t163453p0000-W_l3a-vis-ch4-mf-v002_rgb.tif,https://api.carbonmapper.org/api/v1/catalog/asset/l3a-vis-ch4-mf-v002/2023/08/21/GAO20230821t163453p0000-W/GAO20230821t163453p0000-W_l3a-vis-ch4-mf-v002_rgb.png,1,EMIT_L2A_RFL_001_20230820T192855_2323213_028,/mnt/engg-leung/Research_No9_Methane_Emissions/Yuyao/raw_data_dir_l89_L2SR/EMIT_simulated_landsat9/GAO20230821t163453p0000-W_sim_L9.tif,/mnt/engg-leung/Research_No9_Methane_Emissions/Yuyao/Dataset/data_dir_l89_L2SR/plume_masks_l89_512/GAO20230821t163453p0000-W/mask_30m_512.tif
GAO20230821t163453p0000-X,31.75265556337844,-101.78231605131182,2023-08-21 16:34:53+00:00,Oil & Gas (1B2),CH4,mf,"[-101.78566232022975, 31.74934166761092, -101.77958236144852, 31.754511666498157]",GAO,production,2023-11-23 06:33:24.557589+00:00,2025-03-25 23:05:08.729916+00:00,v1,,,,,286.0476976251365,156.75459270210362,2.58984375,1.177734375,11.826185679931935,22.503486166428743,hrrr,Global Airborne Observatory,ASU GDCS,https://api.carbonmapper.org/api/v1/catalog/asset/l3a-vis-ch4-mf-v002/2023/08/21/GAO20230821t163453p0000-X/GAO20230821t163453p0000-X_l3a-vis-ch4-mf-v002_plume.tif,https://api.carbonmapper.org/api/v1/catalog/asset/l3a-vis-ch4-mf-v002/2023/08/21/GAO20230821t163453p0000-X/GAO20230821t163453p0000-X_l3a-vis-ch4-mf-v002_plume.png,https://api.carbonmapper.org/api/v1/catalog/asset/l3a-ch4-mf-v1/2023/08/21/GAO20230821t163453p0000-X/GAO20230821t163453p0000-X_l3a-ch4-mf-v1_concentrations.tif,https://api.carbonmapper.org/api/v1/catalog/asset/l3a-vis-ch4-mf-v002/2023/08/21/GAO20230821t163453p0000-X/GAO20230821t163453p0000-X_l3a-vis-ch4-mf-v002_rgb.tif,https://api.carbonmapper.org/api/v1/catalog/asset/l3a-vis-ch4-mf-v002/2023/08/21/GAO20230821t163453p0000-X/GAO20230821t163453p0000-X_l3a-vis-ch4-mf-v002_rgb.png,1,EMIT_L2A_RFL_001_20230820T192855_2323213_028,/mnt/engg-leung/Research_No9_Methane_Emissions/Yuyao/raw_data_dir_l89_L2SR/EMIT_simulated_landsat9/GAO20230821t163453p0000-X_sim_L9.tif,/mnt/engg-leung/Research_No9_Methane_Emissions/Yuyao/Dataset/data_dir_l89_L2SR/plume_masks_l89_512/GAO20230821t163453p0000-X/mask_30m_512.tif
GAO20230821t163453p0000-Y,31.73289570461681,-101.78877470551764,2023-08-21 16:34:53+00:00,Oil & Gas (1B2),CH4,mf,"[-101.79219215266181, 31.729806844146864, -101.7861134402345, 31.734976873562886]",GAO,production,2023-11-23 06:33:24.576384+00:00,2025-03-25 22:34:07.479762+00:00,v1,,,,,339.80766543676384,205.7400613911425,2.423828125,1.240234375,15.350491574672231,19.777783239501908,hrrr,Global Airborne Observatory,ASU GDCS,https://api.carbonmapper.org/api/v1/catalog/asset/l3a-vis-ch4-mf-v002/2023/08/21/GAO20230821t163453p0000-Y/GAO20230821t163453p0000-Y_l3a-vis-ch4-mf-v002_plume.tif,https://api.carbonmapper.org/api/v1/catalog/asset/l3a-vis-ch4-mf-v002/2023/08/21/GAO20230821t163453p0000-Y/GAO20230821t163453p0000-Y_l3a-vis-ch4-mf-v002_plume.png,https://api.carbonmapper.org/api/v1/catalog/asset/l3a-ch4-mf-v1/2023/08/21/GAO20230821t163453p0000-Y/GAO20230821t163453p0000-Y_l3a-ch4-mf-v1_concentrations.tif,https://api.carbonmapper.org/api/v1/catalog/asset/l3a-vis-ch4-mf-v002/2023/08/21/GAO20230821t163453p0000-Y/GAO20230821t163453p0000-Y_l3a-vis-ch4-mf-v002_rgb.tif,https://api.carbonmapper.org/api/v1/catalog/asset/l3a-vis-ch4-mf-v002/2023/08/21/GAO20230821t163453p0000-Y/GAO20230821t163453p0000-Y_l3a-vis-ch4-mf-v002_rgb.png,1,EMIT_L2A_RFL_001_20230820T192855_2323213_028,/mnt/engg-leung/Research_No9_Methane_Emissions/Yuyao/raw_data_dir_l89_L2SR/EMIT_simulated_landsat9/GAO20230821t163453p0000-Y_sim_L9.tif,/mnt/engg-leung/Research_No9_Methane_Emissions/Yuyao/Dataset/data_dir_l89_L2SR/plume_masks_l89_512/GAO20230821t163453p0000-Y/mask_30m_512.tif
GAO20230821t165338p0000-E,31.798031724255864,-101.7981218708702,2023-08-21 16:53:38+00:00,Oil & Gas (1B2),CH4,mf,"[-101.80163729718785, 31.794056888032344, -101.79555420743975, 31.799272006076453]",GAO,production,2023-11-23 06:33:24.151274+00:00,2025-03-25 22:38:28.990854+00:00,v1,,,,,611.2526775659802,284.248407923466,2.7265625,1.087890625,9.701752668795145,26.07368579838632,hrrr,Global Airborne Observatory,ASU GDCS,https://api.carbonmapper.org/api/v1/catalog/asset/l3a-vis-ch4-mf-v002/2023/08/21/GAO20230821t165338p0000-E/GAO20230821t165338p0000-E_l3a-vis-ch4-mf-v002_plume.tif,https://api.carbonmapper.org/api/v1/catalog/asset/l3a-vis-ch4-mf-v002/2023/08/21/GAO20230821t165338p0000-E/GAO20230821t165338p0000-E_l3a-vis-ch4-mf-v002_plume.png,https://api.carbonmapper.org/api/v1/catalog/asset/l3a-ch4-mf-v1/2023/08/21/GAO20230821t165338p0000-E/GAO20230821t165338p0000-E_l3a-ch4-mf-v1_concentrations.tif,https://api.carbonmapper.org/api/v1/catalog/asset/l3a-vis-ch4-mf-v002/2023/08/21/GAO20230821t165338p0000-E/GAO20230821t165338p0000-E_l3a-vis-ch4-mf-v002_rgb.tif,https://api.carbonmapper.org/api/v1/catalog/asset/l3a-vis-ch4-mf-v002/2023/08/21/GAO20230821t165338p0000-E/GAO20230821t165338p0000-E_l3a-vis-ch4-mf-v002_rgb.png,1,EMIT_L2A_RFL_001_20230820T192855_2323213_028,/mnt/engg-leung/Research_No9_Methane_Emissions/Yuyao/raw_data_dir_l89_L2SR/EMIT_simulated_landsat9/GAO20230821t165338p0000-E_sim_L9.tif,/mnt/engg-leung/Research_No9_Methane_Emissions/Yuyao/Dataset/data_dir_l89_L2SR/plume_masks_l89_512/GAO20230821t165338p0000-E/mask_30m_512.tif
GAO20230821t165338p0000-G,31.802996364210216,-101.81668285835303,2023-08-21 16:53:38+00:00,Oil & Gas (1B2),CH4,mf,"[-101.81926735059919, 31.80017908921718, -101.81318393795198, 31.805349182511982]",GAO,production,2023-11-23 06:33:24.168598+00:00,2025-03-25 23:34:22.861993+00:00,v1,,,,,99.83245603325328,59.28178168942876,2.7578125,1.107421875,10.444812363695416,31.53787731732913,hrrr,Global Airborne Observatory,ASU GDCS,https://api.carbonmapper.org/api/v1/catalog/asset/l3a-vis-ch4-mf-v002/2023/08/21/GAO20230821t165338p0000-G/GAO20230821t165338p0000-G_l3a-vis-ch4-mf-v002_plume.tif,https://api.carbonmapper.org/api/v1/catalog/asset/l3a-vis-ch4-mf-v002/2023/08/21/GAO20230821t165338p0000-G/GAO20230821t165338p0000-G_l3a-vis-ch4-mf-v002_plume.png,https://api.carbonmapper.org/api/v1/catalog/asset/l3a-ch4-mf-v1/2023/08/21/GAO20230821t165338p0000-G/GAO20230821t165338p0000-G_l3a-ch4-mf-v1_concentrations.tif,https://api.carbonmapper.org/api/v1/catalog/asset/l3a-vis-ch4-mf-v002/2023/08/21/GAO20230821t165338p0000-G/GAO20230821t165338p0000-G_l3a-vis-ch4-mf-v002_rgb.tif,https://api.carbonmapper.org/api/v1/catalog/asset/l3a-vis-ch4-mf-v002/2023/08/21/GAO20230821t165338p0000-G/GAO20230821t165338p0000-G_l3a-vis-ch4-mf-v002_rgb.png,1,EMIT_L2A_RFL_001_20230820T192855_2323213_028,/mnt/engg-leung/Research_No9_Methane_Emissions/Yuyao/raw_data_dir_l89_L2SR/EMIT_simulated_landsat9/GAO20230821t165338p0000-G_sim_L9.tif,/mnt/engg-leung/Research_No9_Methane_Emissions/Yuyao/Dataset/data_dir_l89_L2SR/plume_masks_l89_512/GAO20230821t165338p0000-G/mask_30m_512.tif
GAO20230821t165338p0000-W,31.73290422788297,-101.78878686626766,2023-08-21 16:53:38+00:00,Oil & Gas (1B2),CH4,mf,"[-101.79208521082043, 31.729849192360174, -101.78600634787223, 31.735064304035006]",GAO,production,2023-11-23 06:33:25.794416+00:00,2025-03-25 22:53:01.740093+00:00,v1,,,,,205.35512884330024,126.72884215732904,2.423828125,1.240234375,15.350491574672231,19.777783239501908,hrrr,Global Airborne Observatory,ASU GDCS,https://api.carbonmapper.org/api/v1/catalog/asset/l3a-vis-ch4-mf-v002/2023/08/21/GAO20230821t165338p0000-W/GAO20230821t165338p0000-W_l3a-vis-ch4-mf-v002_plume.tif,https://api.carbonmapper.org/api/v1/catalog/asset/l3a-vis-ch4-mf-v002/2023/08/21/GAO20230821t165338p0000-W/GAO20230821t165338p0000-W_l3a-vis-ch4-mf-v002_plume.png,https://api.carbonmapper.org/api/v1/catalog/asset/l3a-ch4-mf-v1/2023/08/21/GAO20230821t165338p0000-W/GAO20230821t165338p0000-W_l3a-ch4-mf-v1_concentrations.tif,https://api.carbonmapper.org/api/v1/catalog/asset/l3a-vis-ch4-mf-v002/2023/08/21/GAO20230821t165338p0000-W/GAO20230821t165338p0000-W_l3a-vis-ch4-mf-v002_rgb.tif,https://api.carbonmapper.org/api/v1/catalog/asset/l3a-vis-ch4-mf-v002/2023/08/21/GAO20230821t165338p0000-W/GAO20230821t165338p0000-W_l3a-vis-ch4-mf-v002_rgb.png,1,EMIT_L2A_RFL_001_20230820T192855_2323213_028,/mnt/engg-leung/Research_No9_Methane_Emissions/Yuyao/raw_data_dir_l89_L2SR/EMIT_simulated_landsat9/GAO20230821t165338p0000-W_sim_L9.tif,/mnt/engg-leung/Research_No9_Methane_Emissions/Yuyao/Dataset/data_dir_l89_L2SR/plume_masks_l89_512/GAO20230821t165338p0000-W/mask_30m_512.tif
GAO20230821t165338p0000-X,32.09215333183735,-101.82307817747795,2023-08-21 16:53:38+00:00,Oil & Gas (1B2),CH4,mf,"[-101.82683406779435, 32.088556823381424, -101.82073164251582, 32.093726822897246]",GAO,production,2023-11-23 06:33:25.845570+00:00,2025-03-25 22:37:35.592547+00:00,v1,,,,,190.79184231734425,59.23128037960647,2.921875,0.80517578125,35.491377304867925,17.760395831444605,hrrr,Global Airborne Observatory,ASU GDCS,https://api.carbonmapper.org/api/v1/catalog/asset/l3a-vis-ch4-mf-v002/2023/08/21/GAO20230821t165338p0000-X/GAO20230821t165338p0000-X_l3a-vis-ch4-mf-v002_plume.tif,https://api.carbonmapper.org/api/v1/catalog/asset/l3a-vis-ch4-mf-v002/2023/08/21/GAO20230821t165338p0000-X/GAO20230821t165338p0000-X_l3a-vis-ch4-mf-v002_plume.png,https://api.carbonmapper.org/api/v1/catalog/asset/l3a-ch4-mf-v1/2023/08/21/GAO20230821t165338p0000-X/GAO20230821t165338p0000-X_l3a-ch4-mf-v1_concentrations.tif,https://api.carbonmapper.org/api/v1/catalog/asset/l3a-vis-ch4-mf-v002/2023/08/21/GAO20230821t165338p0000-X/GAO20230821t165338p0000-X_l3a-vis-ch4-mf-v002_rgb.tif,https://api.carbonmapper.org/api/v1/catalog/asset/l3a-vis-ch4-mf-v002/2023/08/21/GAO20230821t165338p0000-X/GAO20230821t165338p0000-X_l3a-vis-ch4-mf-v002_rgb.png,1,EMIT_L2A_RFL_001_20230820T192855_2323213_028,/mnt/engg-leung/Research_No9_Methane_Emissions/Yuyao/raw_data_dir_l89_L2SR/EMIT_simulated_landsat9/GAO20230821t165338p0000-X_sim_L9.tif,/mnt/engg-leung/Research_No9_Methane_Emissions/Yuyao/Dataset/data_dir_l89_L2SR/plume_masks_l89_512/GAO20230821t165338p0000-X/mask_30m_512.tif
GAO20230821t171043p0000-I,31.870528193086187,-101.84147074396556,2023-08-21 17:10:43+00:00,Oil & Gas (1B2),CH4,mf,"[-101.84463045008644, 31.86761901667214, -101.83854237336597, 31.872834251442427]",GAO,production,2023-11-23 06:33:24.134174+00:00,2025-03-25 22:36:45.522001+00:00,v1,,,,,99.42838150664952,51.56593704659119,3.974609375,0.87060546875,44.06597288323984,18.51770264711829,hrrr,Global Airborne Observatory,ASU GDCS,https://api.carbonmapper.org/api/v1/catalog/asset/l3a-vis-ch4-mf-v002/2023/08/21/GAO20230821t171043p0000-I/GAO20230821t171043p0000-I_l3a-vis-ch4-mf-v002_plume.tif,https://api.carbonmapper.org/api/v1/catalog/asset/l3a-vis-ch4-mf-v002/2023/08/21/GAO20230821t171043p0000-I/GAO20230821t171043p0000-I_l3a-vis-ch4-mf-v002_plume.png,https://api.carbonmapper.org/api/v1/catalog/asset/l3a-ch4-mf-v1/2023/08/21/GAO20230821t171043p0000-I/GAO20230821t171043p0000-I_l3a-ch4-mf-v1_concentrations.tif,https://api.carbonmapper.org/api/v1/catalog/asset/l3a-vis-ch4-mf-v002/2023/08/21/GAO20230821t171043p0000-I/GAO20230821t171043p0000-I_l3a-vis-ch4-mf-v002_rgb.tif,https://api.carbonmapper.org/api/v1/catalog/asset/l3a-vis-ch4-mf-v002/2023/08/21/GAO20230821t171043p0000-I/GAO20230821t171043p0000-I_l3a-vis-ch4-mf-v002_rgb.png,1,EMIT_L2A_RFL_001_20230820T192855_2323213_028,/mnt/engg-leung/Research_No9_Methane_Emissions/Yuyao/raw_data_dir_l89_L2SR/EMIT_simulated_landsat9/GAO20230821t171043p0000-I_sim_L9.tif,/mnt/engg-leung/Research_No9_Methane_Emissions/Yuyao/Dataset/data_dir_l89_L2SR/plume_masks_l89_512/GAO20230821t171043p0000-I/mask_30m_512.tif
GAO20230821t171043p0000-U,32.260330009915535,-101.87071640037216,2023-08-21 17:10:43+00:00,Oil & Gas (1B2),CH4,mf,"[-101.87454178991732, 32.25603904697192, -101.86837486164582, 32.26125409311033]",GAO,production,2023-11-23 06:33:25.272027+00:00,2025-03-25 23:29:28.107897+00:00,v1,,,,,356.4649281999946,157.73787931609354,3.919921875,1.1796875,53.60696509708769,16.300856919899587,hrrr,Global Airborne Observatory,ASU GDCS,https://api.carbonmapper.org/api/v1/catalog/asset/l3a-vis-ch4-mf-v002/2023/08/21/GAO20230821t171043p0000-U/GAO20230821t171043p0000-U_l3a-vis-ch4-mf-v002_plume.tif,https://api.carbonmapper.org/api/v1/catalog/asset/l3a-vis-ch4-mf-v002/2023/08/21/GAO20230821t171043p0000-U/GAO20230821t171043p0000-U_l3a-vis-ch4-mf-v002_plume.png,https://api.carbonmapper.org/api/v1/catalog/asset/l3a-ch4-mf-v1/2023/08/21/GAO20230821t171043p0000-U/GAO20230821t171043p0000-U_l3a-ch4-mf-v1_concentrations.tif,https://api.carbonmapper.org/api/v1/catalog/asset/l3a-vis-ch4-mf-v002/2023/08/21/GAO20230821t171043p0000-U/GAO20230821t171043p0000-U_l3a-vis-ch4-mf-v002_rgb.tif,https://api.carbonmapper.org/api/v1/catalog/asset/l3a-vis-ch4-mf-v002/2023/08/21/GAO20230821t171043p0000-U/GAO20230821t171043p0000-U_l3a-vis-ch4-mf-v002_rgb.png,1,EMIT_L2A_RFL_001_20230820T192855_2323213_028,/mnt/engg-leung/Research_No9_Methane_Emissions/Yuyao/raw_data_dir_l89_L2SR/EMIT_simulated_landsat9/GAO20230821t171043p0000-U_sim_L9.tif,/mnt/engg-leung/Research_No9_Methane_Emissions/Yuyao/Dataset/data_dir_l89_L2SR/plume_masks_l89_512/GAO20230821t171043p0000-U/mask_30m_512.tif
GAO20230821t171043p0000-V,31.92798353916163,-101.85215405038636,2023-08-21 17:10:43+00:00,Oil & Gas (1B2),CH4,mf,"[-101.85552541222896, 31.924689472960914, -101.84943354485819, 31.929904720632358]",GAO,production,2023-11-23 06:33:25.951841+00:00,2025-03-25 22:59:06.293771+00:00,v1,,,,,37.82895874069333,11.171025548760962,4.01953125,0.89501953125,52.04350747531509,18.999931071434435,hrrr,Global Airborne Observatory,ASU GDCS,https://api.carbonmapper.org/api/v1/catalog/asset/l3a-vis-ch4-mf-v002/2023/08/21/GAO20230821t171043p0000-V/GAO20230821t171043p0000-V_l3a-vis-ch4-mf-v002_plume.tif,https://api.carbonmapper.org/api/v1/catalog/asset/l3a-vis-ch4-mf-v002/2023/08/21/GAO20230821t171043p0000-V/GAO20230821t171043p0000-V_l3a-vis-ch4-mf-v002_plume.png,https://api.carbonmapper.org/api/v1/catalog/asset/l3a-ch4-mf-v1/2023/08/21/GAO20230821t171043p0000-V/GAO20230821t171043p0000-V_l3a-ch4-mf-v1_concentrations.tif,https://api.carbonmapper.org/api/v1/catalog/asset/l3a-vis-ch4-mf-v002/2023/08/21/GAO20230821t171043p0000-V/GAO20230821t171043p0000-V_l3a-vis-ch4-mf-v002_rgb.tif,https://api.carbonmapper.org/api/v1/catalog/asset/l3a-vis-ch4-mf-v002/2023/08/21/GAO20230821t171043p0000-V/GAO20230821t171043p0000-V_l3a-vis-ch4-mf-v002_rgb.png,1,EMIT_L2A_RFL_001_20230820T192855_2323213_028,/mnt/engg-leung/Research_No9_Methane_Emissions/Yuyao/raw_data_dir_l89_L2SR/EMIT_simulated_landsat9/GAO20230821t171043p0000-V_sim_L9.tif,/mnt/engg-leung/Research_No9_Methane_Emissions/Yuyao/Dataset/data_dir_l89_L2SR/plume_masks_l89_512/GAO20230821t171043p0000-V/mask_30m_512.tif
GAO20230821t171043p0000-W,32.1298452340055,-101.86500559477048,2023-08-21 17:10:43+00:00,Oil & Gas (1B2),CH4,mf,"[-101.868300550026, 32.12714058137588, -101.86214245951476, 32.1323105798771]",GAO,production,2023-11-23 06:33:25.975423+00:00,2025-03-25 23:03:12.398524+00:00,v1,,,,,156.21459759861483,34.795528353406056,3.654296875,0.81396484375,53.264673581927084,16.16989117625653,hrrr,Global Airborne Observatory,ASU GDCS,https://api.carbonmapper.org/api/v1/catalog/asset/l3a-vis-ch4-mf-v002/2023/08/21/GAO20230821t171043p0000-W/GAO20230821t171043p0000-W_l3a-vis-ch4-mf-v002_plume.tif,https://api.carbonmapper.org/api/v1/catalog/asset/l3a-vis-ch4-mf-v002/2023/08/21/GAO20230821t171043p0000-W/GAO20230821t171043p0000-W_l3a-vis-ch4-mf-v002_plume.png,https://api.carbonmapper.org/api/v1/catalog/asset/l3a-ch4-mf-v1/2023/08/21/GAO20230821t171043p0000-W/GAO20230821t171043p0000-W_l3a-ch4-mf-v1_concentrations.tif,https://api.carbonmapper.org/api/v1/catalog/asset/l3a-vis-ch4-mf-v002/2023/08/21/GAO20230821t171043p0000-W/GAO20230821t171043p0000-W_l3a-vis-ch4-mf-v002_rgb.tif,https://api.carbonmapper.org/api/v1/catalog/asset/l3a-vis-ch4-mf-v002/2023/08/21/GAO20230821t171043p0000-W/GAO20230821t171043p0000-W_l3a-vis-ch4-mf-v002_rgb.png,1,EMIT_L2A_RFL_001_20230820T192855_2323213_028,/mnt/engg-leung/Research_No9_Methane_Emissions/Yuyao/raw_data_dir_l89_L2SR/EMIT_simulated_landsat9/GAO20230821t171043p0000-W_sim_L9.tif,/mnt/engg-leung/Research_No9_Methane_Emissions/Yuyao/Dataset/data_dir_l89_L2SR/plume_masks_l89_512/GAO20230821t171043p0000-W/mask_30m_512.tif
GAO20230821t172913p0000-A,32.24370570067123,-101.9053789565613,2023-08-21 17:29:13+00:00,Oil & Gas (1B2),CH4,mf,"[-101.9075611503672, 32.24130027074178, -101.90144824298977, 32.24647047466484]",GAO,production,2023-11-23 06:33:23.939923+00:00,2025-03-25 22:58:27.119866+00:00,v1,,,,,,,3.72265625,0.97509765625,52.315820287334326,17.303641312052893,hrrr,Global Airborne Observatory,ASU GDCS,https://api.carbonmapper.org/api/v1/catalog/asset/l3a-vis-ch4-mf-v002/2023/08/21/GAO20230821t172913p0000-A/GAO20230821t172913p0000-A_l3a-vis-ch4-mf-v002_plume.tif,https://api.carbonmapper.org/api/v1/catalog/asset/l3a-vis-ch4-mf-v002/2023/08/21/GAO20230821t172913p0000-A/GAO20230821t172913p0000-A_l3a-vis-ch4-mf-v002_plume.png,https://api.carbonmapper.org/api/v1/catalog/asset/l3a-ch4-mf-v1/2023/08/21/GAO20230821t172913p0000-A/GAO20230821t172913p0000-A_l3a-ch4-mf-v1_concentrations.tif,https://api.carbonmapper.org/api/v1/catalog/asset/l3a-vis-ch4-mf-v002/2023/08/21/GAO20230821t172913p0000-A/GAO20230821t172913p0000-A_l3a-vis-ch4-mf-v002_rgb.tif,https://api.carbonmapper.org/api/v1/catalog/asset/l3a-vis-ch4-mf-v002/2023/08/21/GAO20230821t172913p0000-A/GAO20230821t172913p0000-A_l3a-vis-ch4-mf-v002_rgb.png,1,EMIT_L2A_RFL_001_20230820T192855_2323213_028,/mnt/engg-leung/Research_No9_Methane_Emissions/Yuyao/raw_data_dir_l89_L2SR/EMIT_simulated_landsat9/GAO20230821t172913p0000-A_sim_L9.tif,/mnt/engg-leung/Research_No9_Methane_Emissions/Yuyao/Dataset/data_dir_l89_L2SR/plume_masks_l89_512/GAO20230821t172913p0000-A/mask_30m_512.tif
GAO20230821t172913p0000-F,31.92784111765013,-101.85234130261452,2023-08-21 17:29:13+00:00,Oil & Gas (1B2),CH4,mf,"[-101.8557879390989, 31.924741057652433, -101.84969606729665, 31.929956306191507]",GAO,production,2023-11-23 06:33:23.975500+00:00,2025-03-25 22:58:44.407846+00:00,v1,,,,,186.58962096132623,90.09849941635215,4.01953125,0.89501953125,52.04350747531509,18.999931071434435,hrrr,Global Airborne Observatory,ASU GDCS,https://api.carbonmapper.org/api/v1/catalog/asset/l3a-vis-ch4-mf-v002/2023/08/21/GAO20230821t172913p0000-F/GAO20230821t172913p0000-F_l3a-vis-ch4-mf-v002_plume.tif,https://api.carbonmapper.org/api/v1/catalog/asset/l3a-vis-ch4-mf-v002/2023/08/21/GAO20230821t172913p0000-F/GAO20230821t172913p0000-F_l3a-vis-ch4-mf-v002_plume.png,https://api.carbonmapper.org/api/v1/catalog/asset/l3a-ch4-mf-v1/2023/08/21/GAO20230821t172913p0000-F/GAO20230821t172913p0000-F_l3a-ch4-mf-v1_concentrations.tif,https://api.carbonmapper.org/api/v1/catalog/asset/l3a-vis-ch4-mf-v002/2023/08/21/GAO20230821t172913p0000-F/GAO20230821t172913p0000-F_l3a-vis-ch4-mf-v002_rgb.tif,https://api.carbonmapper.org/api/v1/catalog/asset/l3a-vis-ch4-mf-v002/2023/08/21/GAO20230821t172913p0000-F/GAO20230821t172913p0000-F_l3a-vis-ch4-mf-v002_rgb.png,1,EMIT_L2A_RFL_001_20230820T192855_2323213_028,/mnt/engg-leung/Research_No9_Methane_Emissions/Yuyao/raw_data_dir_l89_L2SR/EMIT_simulated_landsat9/GAO20230821t172913p0000-F_sim_L9.tif,/mnt/engg-leung/Research_No9_Methane_Emissions/Yuyao/Dataset/data_dir_l89_L2SR/plume_masks_l89_512/GAO20230821t172913p0000-F/mask_30m_512.tif
GAO20230821t172913p0000-H,32.241197163247705,-101.90442173779984,2023-08-21 17:29:13+00:00,Oil & Gas (1B2),CH4,mf,"[-101.90773328916791, 32.23778830323627, -101.90162046825571, 32.24300359202632]",GAO,production,2023-11-23 06:33:25.167207+00:00,2025-03-25 22:35:41.309657+00:00,v1,,,,,27.779174785614885,7.835522938885921,3.72265625,0.97509765625,52.315820287334326,17.303641312052893,hrrr,Global Airborne Observatory,ASU GDCS,https://api.carbonmapper.org/api/v1/catalog/asset/l3a-vis-ch4-mf-v002/2023/08/21/GAO20230821t172913p0000-H/GAO20230821t172913p0000-H_l3a-vis-ch4-mf-v002_plume.tif,https://api.carbonmapper.org/api/v1/catalog/asset/l3a-vis-ch4-mf-v002/2023/08/21/GAO20230821t172913p0000-H/GAO20230821t172913p0000-H_l3a-vis-ch4-mf-v002_plume.png,https://api.carbonmapper.org/api/v1/catalog/asset/l3a-ch4-mf-v1/2023/08/21/GAO20230821t172913p0000-H/GAO20230821t172913p0000-H_l3a-ch4-mf-v1_concentrations.tif,https://api.carbonmapper.org/api/v1/catalog/asset/l3a-vis-ch4-mf-v002/2023/08/21/GAO20230821t172913p0000-H/GAO20230821t172913p0000-H_l3a-vis-ch4-mf-v002_rgb.tif,https://api.carbonmapper.org/api/v1/catalog/asset/l3a-vis-ch4-mf-v002/2023/08/21/GAO20230821t172913p0000-H/GAO20230821t172913p0000-H_l3a-vis-ch4-mf-v002_rgb.png,1,EMIT_L2A_RFL_001_20230820T192855_2323213_028,/mnt/engg-leung/Research_No9_Methane_Emissions/Yuyao/raw_data_dir_l89_L2SR/EMIT_simulated_landsat9/GAO20230821t172913p0000-H_sim_L9.tif,/mnt/engg-leung/Research_No9_Methane_Emissions/Yuyao/Dataset/data_dir_l89_L2SR/plume_masks_l89_512/GAO20230821t172913p0000-H/mask_30m_512.tif
GAO20230821t172913p0000-I,31.86017006200386,-101.8470826513298,2023-08-21 17:29:13+00:00,Oil & Gas (1B2),CH4,mf,"[-101.85056692528613, 31.857713591101398, -101.84447947432878, 31.862928850247673]",GAO,production,2023-11-23 06:33:25.220013+00:00,2025-03-25 22:35:48.694491+00:00,v1,,,,,,,3.9765625,0.87255859375,46.56342813816042,17.996571480174406,hrrr,Global Airborne Observatory,ASU GDCS,https://api.carbonmapper.org/api/v1/catalog/asset/l3a-vis-ch4-mf-v002/2023/08/21/GAO20230821t172913p0000-I/GAO20230821t172913p0000-I_l3a-vis-ch4-mf-v002_plume.tif,https://api.carbonmapper.org/api/v1/catalog/asset/l3a-vis-ch4-mf-v002/2023/08/21/GAO20230821t172913p0000-I/GAO20230821t172913p0000-I_l3a-vis-ch4-mf-v002_plume.png,https://api.carbonmapper.org/api/v1/catalog/asset/l3a-ch4-mf-v1/2023/08/21/GAO20230821t172913p0000-I/GAO20230821t172913p0000-I_l3a-ch4-mf-v1_concentrations.tif,https://api.carbonmapper.org/api/v1/catalog/asset/l3a-vis-ch4-mf-v002/2023/08/21/GAO20230821t172913p0000-I/GAO20230821t172913p0000-I_l3a-vis-ch4-mf-v002_rgb.tif,https://api.carbonmapper.org/api/v1/catalog/asset/l3a-vis-ch4-mf-v002/2023/08/21/GAO20230821t172913p0000-I/GAO20230821t172913p0000-I_l3a-vis-ch4-mf-v002_rgb.png,1,EMIT_L2A_RFL_001_20230820T192855_2323213_028,/mnt/engg-leung/Research_No9_Methane_Emissions/Yuyao/raw_data_dir_l89_L2SR/EMIT_simulated_landsat9/GAO20230821t172913p0000-I_sim_L9.tif,/mnt/engg-leung/Research_No9_Methane_Emissions/Yuyao/Dataset/data_dir_l89_L2SR/plume_masks_l89_512/GAO20230821t172913p0000-I/mask_30m_512.tif
GAO20230821t172913p0000-J,32.244349448166034,-101.90266560574044,2023-08-21 17:29:13+00:00,Oil & Gas (1B2),CH4,mf,"[-101.90756268557507, 32.24125519430232, -101.90144963376117, 32.24647048103827]",GAO,production,2023-11-23 06:33:25.642945+00:00,2025-03-25 22:36:24.446568+00:00,v1,,,,,123.45355589431163,57.703394142734574,3.72265625,0.97509765625,52.315820287334326,17.303641312052893,hrrr,Global Airborne Observatory,ASU GDCS,https://api.carbonmapper.org/api/v1/catalog/asset/l3a-vis-ch4-mf-v002/2023/08/21/GAO20230821t172913p0000-J/GAO20230821t172913p0000-J_l3a-vis-ch4-mf-v002_plume.tif,https://api.carbonmapper.org/api/v1/catalog/asset/l3a-vis-ch4-mf-v002/2023/08/21/GAO20230821t172913p0000-J/GAO20230821t172913p0000-J_l3a-vis-ch4-mf-v002_plume.png,https://api.carbonmapper.org/api/v1/catalog/asset/l3a-ch4-mf-v1/2023/08/21/GAO20230821t172913p0000-J/GAO20230821t172913p0000-J_l3a-ch4-mf-v1_concentrations.tif,https://api.carbonmapper.org/api/v1/catalog/asset/l3a-vis-ch4-mf-v002/2023/08/21/GAO20230821t172913p0000-J/GAO20230821t172913p0000-J_l3a-vis-ch4-mf-v002_rgb.tif,https://api.carbonmapper.org/api/v1/catalog/asset/l3a-vis-ch4-mf-v002/2023/08/21/GAO20230821t172913p0000-J/GAO20230821t172913p0000-J_l3a-vis-ch4-mf-v002_rgb.png,1,EMIT_L2A_RFL_001_20230820T192855_2323213_028,/mnt/engg-leung/Research_No9_Methane_Emissions/Yuyao/raw_data_dir_l89_L2SR/EMIT_simulated_landsat9/GAO20230821t172913p0000-J_sim_L9.tif,/mnt/engg-leung/Research_No9_Methane_Emissions/Yuyao/Dataset/data_dir_l89_L2SR/plume_masks_l89_512/GAO20230821t172913p0000-J/mask_30m_512.tif
GAO20230821t172913p0000-K,32.24450817962578,-101.90271851299318,2023-08-21 17:29:13+00:00,Oil & Gas (1B2),CH4,mf,"[-101.90756268557507, 32.24125519430232, -101.90144963376117, 32.24647048103827]",GAO,production,2023-11-23 06:33:25.706436+00:00,2025-03-25 22:36:28.683713+00:00,v1,,,,,114.82483084926515,49.63235875763694,3.72265625,0.97509765625,52.315820287334326,17.303641312052893,hrrr,Global Airborne Observatory,ASU GDCS,https://api.carbonmapper.org/api/v1/catalog/asset/l3a-vis-ch4-mf-v002/2023/08/21/GAO20230821t172913p0000-K/GAO20230821t172913p0000-K_l3a-vis-ch4-mf-v002_plume.tif,https://api.carbonmapper.org/api/v1/catalog/asset/l3a-vis-ch4-mf-v002/2023/08/21/GAO20230821t172913p0000-K/GAO20230821t172913p0000-K_l3a-vis-ch4-mf-v002_plume.png,https://api.carbonmapper.org/api/v1/catalog/asset/l3a-ch4-mf-v1/2023/08/21/GAO20230821t172913p0000-K/GAO20230821t172913p0000-K_l3a-ch4-mf-v1_concentrations.tif,https://api.carbonmapper.org/api/v1/catalog/asset/l3a-vis-ch4-mf-v002/2023/08/21/GAO20230821t172913p0000-K/GAO20230821t172913p0000-K_l3a-vis-ch4-mf-v002_rgb.tif,https://api.carbonmapper.org/api/v1/catalog/asset/l3a-vis-ch4-mf-v002/2023/08/21/GAO20230821t172913p0000-K/GAO20230821t172913p0000-K_l3a-vis-ch4-mf-v002_rgb.png,1,EMIT_L2A_RFL_001_20230820T192855_2323213_028,/mnt/engg-leung/Research_No9_Methane_Emissions/Yuyao/raw_data_dir_l89_L2SR/EMIT_simulated_landsat9/GAO20230821t172913p0000-K_sim_L9.tif,/mnt/engg-leung/Research_No9_Methane_Emissions/Yuyao/Dataset/data_dir_l89_L2SR/plume_masks_l89_512/GAO20230821t172913p0000-K/mask_30m_512.tif
GAO20230821t174608p0000-A,32.24374230713104,-101.90539111018867,2023-08-21 17:46:08+00:00,Oil & Gas (1B2),CH4,mf,"[-101.91062014703806, 32.24024862136187, -101.90424151498685, 32.245643626952656]",GAO,production,2023-11-23 06:33:23.834045+00:00,2025-03-25 22:58:18.126504+00:00,v1,,,,,163.99962870687253,90.15922331631316,3.72265625,0.97509765625,52.315820287334326,17.303641312052893,hrrr,Global Airborne Observatory,ASU GDCS,https://api.carbonmapper.org/api/v1/catalog/asset/l3a-vis-ch4-mf-v002/2023/08/21/GAO20230821t174608p0000-A/GAO20230821t174608p0000-A_l3a-vis-ch4-mf-v002_plume.tif,https://api.carbonmapper.org/api/v1/catalog/asset/l3a-vis-ch4-mf-v002/2023/08/21/GAO20230821t174608p0000-A/GAO20230821t174608p0000-A_l3a-vis-ch4-mf-v002_plume.png,https://api.carbonmapper.org/api/v1/catalog/asset/l3a-ch4-mf-v1/2023/08/21/GAO20230821t174608p0000-A/GAO20230821t174608p0000-A_l3a-ch4-mf-v1_concentrations.tif,https://api.carbonmapper.org/api/v1/catalog/asset/l3a-vis-ch4-mf-v002/2023/08/21/GAO20230821t174608p0000-A/GAO20230821t174608p0000-A_l3a-vis-ch4-mf-v002_rgb.tif,https://api.carbonmapper.org/api/v1/catalog/asset/l3a-vis-ch4-mf-v002/2023/08/21/GAO20230821t174608p0000-A/GAO20230821t174608p0000-A_l3a-vis-ch4-mf-v002_rgb.png,1,EMIT_L2A_RFL_001_20230820T192855_2323213_028,/mnt/engg-leung/Research_No9_Methane_Emissions/Yuyao/raw_data_dir_l89_L2SR/EMIT_simulated_landsat9/GAO20230821t174608p0000-A_sim_L9.tif,/mnt/engg-leung/Research_No9_Methane_Emissions/Yuyao/Dataset/data_dir_l89_L2SR/plume_masks_l89_512/GAO20230821t174608p0000-A/mask_30m_512.tif
GAO20230821t174608p0000-B,32.2121458176978,-101.91308244744344,2023-08-21 17:46:08+00:00,Oil & Gas (1B2),CH4,mf,"[-101.91778457965498, 32.20873285983285, -101.91162081683537, 32.21390298726531]",GAO,production,2023-11-23 06:33:23.851139+00:00,2025-03-25 22:58:19.922562+00:00,v1,,,,,388.7466194349296,202.2157306334061,3.7109375,0.9033203125,52.05791234427465,18.2892434195756,hrrr,Global Airborne Observatory,ASU GDCS,https://api.carbonmapper.org/api/v1/catalog/asset/l3a-vis-ch4-mf-v002/2023/08/21/GAO20230821t174608p0000-B/GAO20230821t174608p0000-B_l3a-vis-ch4-mf-v002_plume.tif,https://api.carbonmapper.org/api/v1/catalog/asset/l3a-vis-ch4-mf-v002/2023/08/21/GAO20230821t174608p0000-B/GAO20230821t174608p0000-B_l3a-vis-ch4-mf-v002_plume.png,https://api.carbonmapper.org/api/v1/catalog/asset/l3a-ch4-mf-v1/2023/08/21/GAO20230821t174608p0000-B/GAO20230821t174608p0000-B_l3a-ch4-mf-v1_concentrations.tif,https://api.carbonmapper.org/api/v1/catalog/asset/l3a-vis-ch4-mf-v002/2023/08/21/GAO20230821t174608p0000-B/GAO20230821t174608p0000-B_l3a-vis-ch4-mf-v002_rgb.tif,https://api.carbonmapper.org/api/v1/catalog/asset/l3a-vis-ch4-mf-v002/2023/08/21/GAO20230821t174608p0000-B/GAO20230821t174608p0000-B_l3a-vis-ch4-mf-v002_rgb.png,1,EMIT_L2A_RFL_001_20230820T192855_2323213_028,/mnt/engg-leung/Research_No9_Methane_Emissions/Yuyao/raw_data_dir_l89_L2SR/EMIT_simulated_landsat9/GAO20230821t174608p0000-B_sim_L9.tif,/mnt/engg-leung/Research_No9_Methane_Emissions/Yuyao/Dataset/data_dir_l89_L2SR/plume_masks_l89_512/GAO20230821t174608p0000-B/mask_30m_512.tif
GAO20230821t174608p0000-C,32.21234637234549,-101.91362849259386,2023-08-21 17:46:08+00:00,Oil & Gas (1B2),CH4,mf,"[-101.91778457965498, 32.20873285983285, -101.91162081683537, 32.21390298726531]",GAO,production,2023-11-23 06:33:23.867979+00:00,2025-03-25 22:58:21.971699+00:00,v1,,,,,,,3.7109375,0.9033203125,52.05791234427465,18.2892434195756,hrrr,Global Airborne Observatory,ASU GDCS,https://api.carbonmapper.org/api/v1/catalog/asset/l3a-vis-ch4-mf-v002/2023/08/21/GAO20230821t174608p0000-C/GAO20230821t174608p0000-C_l3a-vis-ch4-mf-v002_plume.tif,https://api.carbonmapper.org/api/v1/catalog/asset/l3a-vis-ch4-mf-v002/2023/08/21/GAO20230821t174608p0000-C/GAO20230821t174608p0000-C_l3a-vis-ch4-mf-v002_plume.png,https://api.carbonmapper.org/api/v1/catalog/asset/l3a-ch4-mf-v1/2023/08/21/GAO20230821t174608p0000-C/GAO20230821t174608p0000-C_l3a-ch4-mf-v1_concentrations.tif,https://api.carbonmapper.org/api/v1/catalog/asset/l3a-vis-ch4-mf-v002/2023/08/21/GAO20230821t174608p0000-C/GAO20230821t174608p0000-C_l3a-vis-ch4-mf-v002_rgb.tif,https://api.carbonmapper.org/api/v1/catalog/asset/l3a-vis-ch4-mf-v002/2023/08/21/GAO20230821t174608p0000-C/GAO20230821t174608p0000-C_l3a-vis-ch4-mf-v002_rgb.png,1,EMIT_L2A_RFL_001_20230820T192855_2323213_028,/mnt/engg-leung/Research_No9_Methane_Emissions/Yuyao/raw_data_dir_l89_L2SR/EMIT_simulated_landsat9/GAO20230821t174608p0000-C_sim_L9.tif,/mnt/engg-leung/Research_No9_Methane_Emissions/Yuyao/Dataset/data_dir_l89_L2SR/plume_masks_l89_512/GAO20230821t174608p0000-C/mask_30m_512.tif
GAO20230821t174608p0000-D,32.02554569115466,-101.88993421586042,2023-08-21 17:46:08+00:00,Oil & Gas (1B2),CH4,mf,"[-101.89329483564836, 32.022631872328404, -101.88714348139123, 32.02784708013989]",GAO,production,2023-11-23 06:33:23.885021+00:00,2025-03-25 22:58:22.798679+00:00,v1,,,,,,,3.986328125,0.89453125,53.4484603121138,16.025807921988623,hrrr,Global Airborne Observatory,ASU GDCS,https://api.carbonmapper.org/api/v1/catalog/asset/l3a-vis-ch4-mf-v002/2023/08/21/GAO20230821t174608p0000-D/GAO20230821t174608p0000-D_l3a-vis-ch4-mf-v002_plume.tif,https://api.carbonmapper.org/api/v1/catalog/asset/l3a-vis-ch4-mf-v002/2023/08/21/GAO20230821t174608p0000-D/GAO20230821t174608p0000-D_l3a-vis-ch4-mf-v002_plume.png,https://api.carbonmapper.org/api/v1/catalog/asset/l3a-ch4-mf-v1/2023/08/21/GAO20230821t174608p0000-D/GAO20230821t174608p0000-D_l3a-ch4-mf-v1_concentrations.tif,https://api.carbonmapper.org/api/v1/catalog/asset/l3a-vis-ch4-mf-v002/2023/08/21/GAO20230821t174608p0000-D/GAO20230821t174608p0000-D_l3a-vis-ch4-mf-v002_rgb.tif,https://api.carbonmapper.org/api/v1/catalog/asset/l3a-vis-ch4-mf-v002/2023/08/21/GAO20230821t174608p0000-D/GAO20230821t174608p0000-D_l3a-vis-ch4-mf-v002_rgb.png,1,EMIT_L2A_RFL_001_20230820T192855_2323213_028,/mnt/engg-leung/Research_No9_Methane_Emissions/Yuyao/raw_data_dir_l89_L2SR/EMIT_simulated_landsat9/GAO20230821t174608p0000-D_sim_L9.tif,/mnt/engg-leung/Research_No9_Methane_Emissions/Yuyao/Dataset/data_dir_l89_L2SR/plume_masks_l89_512/GAO20230821t174608p0000-D/mask_30m_512.tif
GAO20230821t174608p0000-F,32.24122005731043,-101.9045037766058,2023-08-21 17:46:08+00:00,Oil & Gas (1B2),CH4,mf,"[-101.90824033631337, 32.23847690604569, -101.90212746744744, 32.24369219621433]",GAO,production,2023-11-23 06:33:23.904908+00:00,2025-03-25 22:58:25.222807+00:00,v1,,,,,237.05420731938904,87.27677158401329,3.72265625,0.97509765625,52.315820287334326,17.303641312052893,hrrr,Global Airborne Observatory,ASU GDCS,https://api.carbonmapper.org/api/v1/catalog/asset/l3a-vis-ch4-mf-v002/2023/08/21/GAO20230821t174608p0000-F/GAO20230821t174608p0000-F_l3a-vis-ch4-mf-v002_plume.tif,https://api.carbonmapper.org/api/v1/catalog/asset/l3a-vis-ch4-mf-v002/2023/08/21/GAO20230821t174608p0000-F/GAO20230821t174608p0000-F_l3a-vis-ch4-mf-v002_plume.png,https://api.carbonmapper.org/api/v1/catalog/asset/l3a-ch4-mf-v1/2023/08/21/GAO20230821t174608p0000-F/GAO20230821t174608p0000-F_l3a-ch4-mf-v1_concentrations.tif,https://api.carbonmapper.org/api/v1/catalog/asset/l3a-vis-ch4-mf-v002/2023/08/21/GAO20230821t174608p0000-F/GAO20230821t174608p0000-F_l3a-vis-ch4-mf-v002_rgb.tif,https://api.carbonmapper.org/api/v1/catalog/asset/l3a-vis-ch4-mf-v002/2023/08/21/GAO20230821t174608p0000-F/GAO20230821t174608p0000-F_l3a-vis-ch4-mf-v002_rgb.png,1,EMIT_L2A_RFL_001_20230820T192855_2323213_028,/mnt/engg-leung/Research_No9_Methane_Emissions/Yuyao/raw_data_dir_l89_L2SR/EMIT_simulated_landsat9/GAO20230821t174608p0000-F_sim_L9.tif,/mnt/engg-leung/Research_No9_Methane_Emissions/Yuyao/Dataset/data_dir_l89_L2SR/plume_masks_l89_512/GAO20230821t174608p0000-F/mask_30m_512.tif
GAO20230821t174608p0000-G,32.24170870962378,-101.90786656952268,2023-08-21 17:46:08+00:00,Oil & Gas (1B2),CH4,mf,"[-101.9106888042676, 32.23817715903286, -101.90409783845676, 32.243796832761085]",GAO,production,2023-11-23 06:33:23.922057+00:00,2025-03-25 22:48:10.185997+00:00,v1,,,,,,,3.72265625,0.97509765625,52.315820287334326,17.303641312052893,hrrr,Global Airborne Observatory,ASU GDCS,https://api.carbonmapper.org/api/v1/catalog/asset/l3a-vis-ch4-mf-v002/2023/08/21/GAO20230821t174608p0000-G/GAO20230821t174608p0000-G_l3a-vis-ch4-mf-v002_plume.tif,https://api.carbonmapper.org/api/v1/catalog/asset/l3a-vis-ch4-mf-v002/2023/08/21/GAO20230821t174608p0000-G/GAO20230821t174608p0000-G_l3a-vis-ch4-mf-v002_plume.png,https://api.carbonmapper.org/api/v1/catalog/asset/l3a-ch4-mf-v1/2023/08/21/GAO20230821t174608p0000-G/GAO20230821t174608p0000-G_l3a-ch4-mf-v1_concentrations.tif,https://api.carbonmapper.org/api/v1/catalog/asset/l3a-vis-ch4-mf-v002/2023/08/21/GAO20230821t174608p0000-G/GAO20230821t174608p0000-G_l3a-vis-ch4-mf-v002_rgb.tif,https://api.carbonmapper.org/api/v1/catalog/asset/l3a-vis-ch4-mf-v002/2023/08/21/GAO20230821t174608p0000-G/GAO20230821t174608p0000-G_l3a-vis-ch4-mf-v002_rgb.png,1,EMIT_L2A_RFL_001_20230820T192855_2323213_028,/mnt/engg-leung/Research_No9_Methane_Emissions/Yuyao/raw_data_dir_l89_L2SR/EMIT_simulated_landsat9/GAO20230821t174608p0000-G_sim_L9.tif,/mnt/engg-leung/Research_No9_Methane_Emissions/Yuyao/Dataset/data_dir_l89_L2SR/plume_masks_l89_512/GAO20230821t174608p0000-G/mask_30m_512.tif
GAO20230821t174608p0000-I,32.244498809477705,-101.90281600680711,2023-08-21 17:46:08+00:00,Oil & Gas (1B2),CH4,mf,"[-101.90670555569943, 32.24150470026216, -101.90059263797926, 32.24667490129646]",GAO,production,2023-11-23 06:33:25.685505+00:00,2025-03-25 22:36:26.137551+00:00,v1,,,,,129.49273037090254,69.62798799450408,3.72265625,0.97509765625,52.315820287334326,17.303641312052893,hrrr,Global Airborne Observatory,ASU GDCS,https://api.carbonmapper.org/api/v1/catalog/asset/l3a-vis-ch4-mf-v002/2023/08/21/GAO20230821t174608p0000-I/GAO20230821t174608p0000-I_l3a-vis-ch4-mf-v002_plume.tif,https://api.carbonmapper.org/api/v1/catalog/asset/l3a-vis-ch4-mf-v002/2023/08/21/GAO20230821t174608p0000-I/GAO20230821t174608p0000-I_l3a-vis-ch4-mf-v002_plume.png,https://api.carbonmapper.org/api/v1/catalog/asset/l3a-ch4-mf-v1/2023/08/21/GAO20230821t174608p0000-I/GAO20230821t174608p0000-I_l3a-ch4-mf-v1_concentrations.tif,https://api.carbonmapper.org/api/v1/catalog/asset/l3a-vis-ch4-mf-v002/2023/08/21/GAO20230821t174608p0000-I/GAO20230821t174608p0000-I_l3a-vis-ch4-mf-v002_rgb.tif,https://api.carbonmapper.org/api/v1/catalog/asset/l3a-vis-ch4-mf-v002/2023/08/21/GAO20230821t174608p0000-I/GAO20230821t174608p0000-I_l3a-vis-ch4-mf-v002_rgb.png,1,EMIT_L2A_RFL_001_20230820T192855_2323213_028,/mnt/engg-leung/Research_No9_Methane_Emissions/Yuyao/raw_data_dir_l89_L2SR/EMIT_simulated_landsat9/GAO20230821t174608p0000-I_sim_L9.tif,/mnt/engg-leung/Research_No9_Methane_Emissions/Yuyao/Dataset/data_dir_l89_L2SR/plume_masks_l89_512/GAO20230821t174608p0000-I/mask_30m_512.tif
GAO20230821t174608p0000-K,32.339796369294135,-101.91380243713058,2023-08-21 17:46:08+00:00,Oil & Gas (1B2),CH4,mf,"[-101.91778450253588, 32.33729771590698, -101.91161191442282, 32.342512870561436]",GAO,production,2023-11-23 06:33:25.931952+00:00,2025-03-25 22:53:36.711486+00:00,v1,,,,,137.5472054553124,74.87612353355397,3.802734375,1.5654296875,55.92174694265627,17.353557983409697,hrrr,Global Airborne Observatory,ASU GDCS,https://api.carbonmapper.org/api/v1/catalog/asset/l3a-vis-ch4-mf-v002/2023/08/21/GAO20230821t174608p0000-K/GAO20230821t174608p0000-K_l3a-vis-ch4-mf-v002_plume.tif,https://api.carbonmapper.org/api/v1/catalog/asset/l3a-vis-ch4-mf-v002/2023/08/21/GAO20230821t174608p0000-K/GAO20230821t174608p0000-K_l3a-vis-ch4-mf-v002_plume.png,https://api.carbonmapper.org/api/v1/catalog/asset/l3a-ch4-mf-v1/2023/08/21/GAO20230821t174608p0000-K/GAO20230821t174608p0000-K_l3a-ch4-mf-v1_concentrations.tif,https://api.carbonmapper.org/api/v1/catalog/asset/l3a-vis-ch4-mf-v002/2023/08/21/GAO20230821t174608p0000-K/GAO20230821t174608p0000-K_l3a-vis-ch4-mf-v002_rgb.tif,https://api.carbonmapper.org/api/v1/catalog/asset/l3a-vis-ch4-mf-v002/2023/08/21/GAO20230821t174608p0000-K/GAO20230821t174608p0000-K_l3a-vis-ch4-mf-v002_rgb.png,1,EMIT_L2A_RFL_001_20230820T192843_2323213_027,/mnt/engg-leung/Research_No9_Methane_Emissions/Yuyao/raw_data_dir_l89_L2SR/EMIT_simulated_landsat9/GAO20230821t174608p0000-K_sim_L9.tif,/mnt/engg-leung/Research_No9_Methane_Emissions/Yuyao/Dataset/data_dir_l89_L2SR/plume_masks_l89_512/GAO20230821t174608p0000-K/mask_30m_512.tif
GAO20230821t180428p0000-B,32.353779060297654,-101.95734774484096,2023-08-21 18:04:28+00:00,Oil & Gas (1B2),CH4,mf,"[-101.9609616638077, 32.35132916414115, -101.95478810752365, 32.35649937085028]",GAO,production,2023-11-23 06:33:23.741164+00:00,2025-03-25 22:57:51.513486+00:00,v1,,,,,81.51270161654692,22.538412751281584,5.4296875,1.37890625,70.30425727796512,9.857047321120229,hrrr,Global Airborne Observatory,ASU GDCS,https://api.carbonmapper.org/api/v1/catalog/asset/l3a-vis-ch4-mf-v002/2023/08/21/GAO20230821t180428p0000-B/GAO20230821t180428p0000-B_l3a-vis-ch4-mf-v002_plume.tif,https://api.carbonmapper.org/api/v1/catalog/asset/l3a-vis-ch4-mf-v002/2023/08/21/GAO20230821t180428p0000-B/GAO20230821t180428p0000-B_l3a-vis-ch4-mf-v002_plume.png,https://api.carbonmapper.org/api/v1/catalog/asset/l3a-ch4-mf-v1/2023/08/21/GAO20230821t180428p0000-B/GAO20230821t180428p0000-B_l3a-ch4-mf-v1_concentrations.tif,https://api.carbonmapper.org/api/v1/catalog/asset/l3a-vis-ch4-mf-v002/2023/08/21/GAO20230821t180428p0000-B/GAO20230821t180428p0000-B_l3a-vis-ch4-mf-v002_rgb.tif,https://api.carbonmapper.org/api/v1/catalog/asset/l3a-vis-ch4-mf-v002/2023/08/21/GAO20230821t180428p0000-B/GAO20230821t180428p0000-B_l3a-vis-ch4-mf-v002_rgb.png,1,EMIT_L2A_RFL_001_20230820T192843_2323213_027,/mnt/engg-leung/Research_No9_Methane_Emissions/Yuyao/raw_data_dir_l89_L2SR/EMIT_simulated_landsat9/GAO20230821t180428p0000-B_sim_L9.tif,/mnt/engg-leung/Research_No9_Methane_Emissions/Yuyao/Dataset/data_dir_l89_L2SR/plume_masks_l89_512/GAO20230821t180428p0000-B/mask_30m_512.tif
GAO20230821t180428p0000-C,31.8616018781686,-101.91038994573186,2023-08-21 18:04:28+00:00,Oil & Gas (1B2),CH4,mf,"[-101.91407869521205, 31.85859617653423, -101.90793829748613, 31.86376643876456]",GAO,production,2023-11-23 06:33:23.759007+00:00,2025-03-25 22:47:51.862339+00:00,v1,,,,,284.68919039616327,174.36987711153444,5.28125,1.46484375,63.78279265843696,7.514575416674671,hrrr,Global Airborne Observatory,ASU GDCS,https://api.carbonmapper.org/api/v1/catalog/asset/l3a-vis-ch4-mf-v002/2023/08/21/GAO20230821t180428p0000-C/GAO20230821t180428p0000-C_l3a-vis-ch4-mf-v002_plume.tif,https://api.carbonmapper.org/api/v1/catalog/asset/l3a-vis-ch4-mf-v002/2023/08/21/GAO20230821t180428p0000-C/GAO20230821t180428p0000-C_l3a-vis-ch4-mf-v002_plume.png,https://api.carbonmapper.org/api/v1/catalog/asset/l3a-ch4-mf-v1/2023/08/21/GAO20230821t180428p0000-C/GAO20230821t180428p0000-C_l3a-ch4-mf-v1_concentrations.tif,https://api.carbonmapper.org/api/v1/catalog/asset/l3a-vis-ch4-mf-v002/2023/08/21/GAO20230821t180428p0000-C/GAO20230821t180428p0000-C_l3a-vis-ch4-mf-v002_rgb.tif,https://api.carbonmapper.org/api/v1/catalog/asset/l3a-vis-ch4-mf-v002/2023/08/21/GAO20230821t180428p0000-C/GAO20230821t180428p0000-C_l3a-vis-ch4-mf-v002_rgb.png,1,EMIT_L2A_RFL_001_20230820T192855_2323213_028,/mnt/engg-leung/Research_No9_Methane_Emissions/Yuyao/raw_data_dir_l89_L2SR/EMIT_simulated_landsat9/GAO20230821t180428p0000-C_sim_L9.tif,/mnt/engg-leung/Research_No9_Methane_Emissions/Yuyao/Dataset/data_dir_l89_L2SR/plume_masks_l89_512/GAO20230821t180428p0000-C/mask_30m_512.tif
GAO20230821t180428p0000-F,31.64386819725157,-101.87357969874031,2023-08-21 18:04:28+00:00,Oil & Gas (1B2),CH4,mf,"[-101.87670538952564, 31.641250339769698, -101.87057943074956, 31.64642056799995]",GAO,production,2023-11-23 06:33:23.776514+00:00,2025-03-25 22:57:58.118489+00:00,v1,,,,,222.58281008810377,109.67494765540552,5.09765625,1.37109375,64.27712076942746,13.521410810187064,hrrr,Global Airborne Observatory,ASU GDCS,https://api.carbonmapper.org/api/v1/catalog/asset/l3a-vis-ch4-mf-v002/2023/08/21/GAO20230821t180428p0000-F/GAO20230821t180428p0000-F_l3a-vis-ch4-mf-v002_plume.tif,https://api.carbonmapper.org/api/v1/catalog/asset/l3a-vis-ch4-mf-v002/2023/08/21/GAO20230821t180428p0000-F/GAO20230821t180428p0000-F_l3a-vis-ch4-mf-v002_plume.png,https://api.carbonmapper.org/api/v1/catalog/asset/l3a-ch4-mf-v1/2023/08/21/GAO20230821t180428p0000-F/GAO20230821t180428p0000-F_l3a-ch4-mf-v1_concentrations.tif,https://api.carbonmapper.org/api/v1/catalog/asset/l3a-vis-ch4-mf-v002/2023/08/21/GAO20230821t180428p0000-F/GAO20230821t180428p0000-F_l3a-vis-ch4-mf-v002_rgb.tif,https://api.carbonmapper.org/api/v1/catalog/asset/l3a-vis-ch4-mf-v002/2023/08/21/GAO20230821t180428p0000-F/GAO20230821t180428p0000-F_l3a-vis-ch4-mf-v002_rgb.png,1,EMIT_L2A_RFL_001_20230820T192855_2323213_028,/mnt/engg-leung/Research_No9_Methane_Emissions/Yuyao/raw_data_dir_l89_L2SR/EMIT_simulated_landsat9/GAO20230821t180428p0000-F_sim_L9.tif,/mnt/engg-leung/Research_No9_Methane_Emissions/Yuyao/Dataset/data_dir_l89_L2SR/plume_masks_l89_512/GAO20230821t180428p0000-F/mask_30m_512.tif
GAO20230821t180428p0000-G,31.63242321196036,-101.87918441689364,2023-08-21 18:04:28+00:00,Oil & Gas (1B2),CH4,mf,"[-101.8825166828213, 31.62976154401117, -101.87639145209985, 31.634931796482086]",GAO,production,2023-11-23 06:33:23.798886+00:00,2025-03-25 22:58:00.346256+00:00,v1,,,,,143.49021861980134,47.5145165713221,5.09375,1.3955078125,65.70532015506629,11.893834665713856,hrrr,Global Airborne Observatory,ASU GDCS,https://api.carbonmapper.org/api/v1/catalog/asset/l3a-vis-ch4-mf-v002/2023/08/21/GAO20230821t180428p0000-G/GAO20230821t180428p0000-G_l3a-vis-ch4-mf-v002_plume.tif,https://api.carbonmapper.org/api/v1/catalog/asset/l3a-vis-ch4-mf-v002/2023/08/21/GAO20230821t180428p0000-G/GAO20230821t180428p0000-G_l3a-vis-ch4-mf-v002_plume.png,https://api.carbonmapper.org/api/v1/catalog/asset/l3a-ch4-mf-v1/2023/08/21/GAO20230821t180428p0000-G/GAO20230821t180428p0000-G_l3a-ch4-mf-v1_concentrations.tif,https://api.carbonmapper.org/api/v1/catalog/asset/l3a-vis-ch4-mf-v002/2023/08/21/GAO20230821t180428p0000-G/GAO20230821t180428p0000-G_l3a-vis-ch4-mf-v002_rgb.tif,https://api.carbonmapper.org/api/v1/catalog/asset/l3a-vis-ch4-mf-v002/2023/08/21/GAO20230821t180428p0000-G/GAO20230821t180428p0000-G_l3a-vis-ch4-mf-v002_rgb.png,1,EMIT_L2A_RFL_001_20230820T192855_2323213_028,/mnt/engg-leung/Research_No9_Methane_Emissions/Yuyao/raw_data_dir_l89_L2SR/EMIT_simulated_landsat9/GAO20230821t180428p0000-G_sim_L9.tif,/mnt/engg-leung/Research_No9_Methane_Emissions/Yuyao/Dataset/data_dir_l89_L2SR/plume_masks_l89_512/GAO20230821t180428p0000-G/mask_30m_512.tif
GAO20230821t180428p0000-H,31.687597451013133,-101.8914034794051,2023-08-21 18:04:28+00:00,Oil & Gas (1B2),CH4,mf,"[-101.89563855601547, 31.685126804338733, -101.88908679507088, 31.690701841407865]",GAO,production,2023-11-23 06:33:23.816760+00:00,2025-03-25 22:58:00.967601+00:00,v1,,,,,151.7875439594536,48.04279393068524,5.12109375,1.40234375,62.958136108617126,14.61679666919464,hrrr,Global Airborne Observatory,ASU GDCS,https://api.carbonmapper.org/api/v1/catalog/asset/l3a-vis-ch4-mf-v002/2023/08/21/GAO20230821t180428p0000-H/GAO20230821t180428p0000-H_l3a-vis-ch4-mf-v002_plume.tif,https://api.carbonmapper.org/api/v1/catalog/asset/l3a-vis-ch4-mf-v002/2023/08/21/GAO20230821t180428p0000-H/GAO20230821t180428p0000-H_l3a-vis-ch4-mf-v002_plume.png,https://api.carbonmapper.org/api/v1/catalog/asset/l3a-ch4-mf-v1/2023/08/21/GAO20230821t180428p0000-H/GAO20230821t180428p0000-H_l3a-ch4-mf-v1_concentrations.tif,https://api.carbonmapper.org/api/v1/catalog/asset/l3a-vis-ch4-mf-v002/2023/08/21/GAO20230821t180428p0000-H/GAO20230821t180428p0000-H_l3a-vis-ch4-mf-v002_rgb.tif,https://api.carbonmapper.org/api/v1/catalog/asset/l3a-vis-ch4-mf-v002/2023/08/21/GAO20230821t180428p0000-H/GAO20230821t180428p0000-H_l3a-vis-ch4-mf-v002_rgb.png,1,EMIT_L2A_RFL_001_20230820T192855_2323213_028,/mnt/engg-leung/Research_No9_Methane_Emissions/Yuyao/raw_data_dir_l89_L2SR/EMIT_simulated_landsat9/GAO20230821t180428p0000-H_sim_L9.tif,/mnt/engg-leung/Research_No9_Methane_Emissions/Yuyao/Dataset/data_dir_l89_L2SR/plume_masks_l89_512/GAO20230821t180428p0000-H/mask_30m_512.tif
GAO20230821t180428p0000-K,32.16132776164309,-101.92320585290932,2023-08-21 18:04:28+00:00,Oil & Gas (1B2),CH4,mf,"[-101.92657170164252, 32.15872832466987, -101.92046407773609, 32.16394370957005]",GAO,production,2023-11-23 06:33:25.237407+00:00,2025-03-25 23:29:21.061658+00:00,v1,,,,,95.34321104850426,25.459101607457303,5.1015625,1.361328125,67.64571542656438,12.005354644576302,hrrr,Global Airborne Observatory,ASU GDCS,https://api.carbonmapper.org/api/v1/catalog/asset/l3a-vis-ch4-mf-v002/2023/08/21/GAO20230821t180428p0000-K/GAO20230821t180428p0000-K_l3a-vis-ch4-mf-v002_plume.tif,https://api.carbonmapper.org/api/v1/catalog/asset/l3a-vis-ch4-mf-v002/2023/08/21/GAO20230821t180428p0000-K/GAO20230821t180428p0000-K_l3a-vis-ch4-mf-v002_plume.png,https://api.carbonmapper.org/api/v1/catalog/asset/l3a-ch4-mf-v1/2023/08/21/GAO20230821t180428p0000-K/GAO20230821t180428p0000-K_l3a-ch4-mf-v1_concentrations.tif,https://api.carbonmapper.org/api/v1/catalog/asset/l3a-vis-ch4-mf-v002/2023/08/21/GAO20230821t180428p0000-K/GAO20230821t180428p0000-K_l3a-vis-ch4-mf-v002_rgb.tif,https://api.carbonmapper.org/api/v1/catalog/asset/l3a-vis-ch4-mf-v002/2023/08/21/GAO20230821t180428p0000-K/GAO20230821t180428p0000-K_l3a-vis-ch4-mf-v002_rgb.png,1,EMIT_L2A_RFL_001_20230820T192855_2323213_028,/mnt/engg-leung/Research_No9_Methane_Emissions/Yuyao/raw_data_dir_l89_L2SR/EMIT_simulated_landsat9/GAO20230821t180428p0000-K_sim_L9.tif,/mnt/engg-leung/Research_No9_Methane_Emissions/Yuyao/Dataset/data_dir_l89_L2SR/plume_masks_l89_512/GAO20230821t180428p0000-K/mask_30m_512.tif
GAO20230821t182108p0000-A,32.20296709569408,-101.96397063443524,2023-08-21 18:21:08+00:00,Oil & Gas (1B2),CH4,mf,"[-101.96944722309298, 32.200154714321414, -101.9630180122195, 32.205594896718424]",GAO,production,2023-11-21 20:25:08.927719+00:00,2025-03-25 22:57:34.083299+00:00,v1,,,,,1794.9632604396904,549.8704606289847,5.12890625,1.5322265625,68.72627867401708,9.106489731503826,hrrr,Global Airborne Observatory,ASU GDCS,https://api.carbonmapper.org/api/v1/catalog/asset/l3a-vis-ch4-mf-v002/2023/08/21/GAO20230821t182108p0000-A/GAO20230821t182108p0000-A_l3a-vis-ch4-mf-v002_plume.tif,https://api.carbonmapper.org/api/v1/catalog/asset/l3a-vis-ch4-mf-v002/2023/08/21/GAO20230821t182108p0000-A/GAO20230821t182108p0000-A_l3a-vis-ch4-mf-v002_plume.png,https://api.carbonmapper.org/api/v1/catalog/asset/l3a-ch4-mf-v1/2023/08/21/GAO20230821t182108p0000-A/GAO20230821t182108p0000-A_l3a-ch4-mf-v1_concentrations.tif,https://api.carbonmapper.org/api/v1/catalog/asset/l3a-vis-ch4-mf-v002/2023/08/21/GAO20230821t182108p0000-A/GAO20230821t182108p0000-A_l3a-vis-ch4-mf-v002_rgb.tif,https://api.carbonmapper.org/api/v1/catalog/asset/l3a-vis-ch4-mf-v002/2023/08/21/GAO20230821t182108p0000-A/GAO20230821t182108p0000-A_l3a-vis-ch4-mf-v002_rgb.png,1,EMIT_L2A_RFL_001_20230820T192843_2323213_027,/mnt/engg-leung/Research_No9_Methane_Emissions/Yuyao/raw_data_dir_l89_L2SR/EMIT_simulated_landsat9/GAO20230821t182108p0000-A_sim_L9.tif,/mnt/engg-leung/Research_No9_Methane_Emissions/Yuyao/Dataset/data_dir_l89_L2SR/plume_masks_l89_512/GAO20230821t182108p0000-A/mask_30m_512.tif
GAO20230821t182108p0000-E,32.35548187949175,-101.9632771776693,2023-08-21 18:21:08+00:00,,CH4,mf,"[-101.96697487877023, 32.35255580806167, -101.96085414432196, 32.35777124059396]",GAO,production,2023-11-21 20:25:26.088320+00:00,2025-03-25 22:47:43.406569+00:00,v1,,,,,,,5.4296875,1.37890625,70.30425727796512,9.857047321120229,hrrr,Global Airborne Observatory,ASU GDCS,https://api.carbonmapper.org/api/v1/catalog/asset/l3a-vis-ch4-mf-v002/2023/08/21/GAO20230821t182108p0000-E/GAO20230821t182108p0000-E_l3a-vis-ch4-mf-v002_plume.tif,https://api.carbonmapper.org/api/v1/catalog/asset/l3a-vis-ch4-mf-v002/2023/08/21/GAO20230821t182108p0000-E/GAO20230821t182108p0000-E_l3a-vis-ch4-mf-v002_plume.png,https://api.carbonmapper.org/api/v1/catalog/asset/l3a-ch4-mf-v1/2023/08/21/GAO20230821t182108p0000-E/GAO20230821t182108p0000-E_l3a-ch4-mf-v1_concentrations.tif,https://api.carbonmapper.org/api/v1/catalog/asset/l3a-vis-ch4-mf-v002/2023/08/21/GAO20230821t182108p0000-E/GAO20230821t182108p0000-E_l3a-vis-ch4-mf-v002_rgb.tif,https://api.carbonmapper.org/api/v1/catalog/asset/l3a-vis-ch4-mf-v002/2023/08/21/GAO20230821t182108p0000-E/GAO20230821t182108p0000-E_l3a-vis-ch4-mf-v002_rgb.png,1,EMIT_L2A_RFL_001_20230820T192843_2323213_027,/mnt/engg-leung/Research_No9_Methane_Emissions/Yuyao/raw_data_dir_l89_L2SR/EMIT_simulated_landsat9/GAO20230821t182108p0000-E_sim_L9.tif,/mnt/engg-leung/Research_No9_Methane_Emissions/Yuyao/Dataset/data_dir_l89_L2SR/plume_masks_l89_512/GAO20230821t182108p0000-E/mask_30m_512.tif
GAO20230821t182108p0000-F,32.35280534900008,-101.97713636593508,2023-08-21 18:21:08+00:00,Oil & Gas (1B2),CH4,mf,"[-101.98253815905717, 32.34927823872524, -101.97631128829136, 32.35453855827946]",GAO,production,2023-11-21 20:25:17.853235+00:00,2025-03-25 22:57:44.899435+00:00,v1,,,,,970.0824278587496,279.5082690744365,5.32421875,1.4326171875,70.7500773854702,9.889532416108066,hrrr,Global Airborne Observatory,ASU GDCS,https://api.carbonmapper.org/api/v1/catalog/asset/l3a-vis-ch4-mf-v002/2023/08/21/GAO20230821t182108p0000-F/GAO20230821t182108p0000-F_l3a-vis-ch4-mf-v002_plume.tif,https://api.carbonmapper.org/api/v1/catalog/asset/l3a-vis-ch4-mf-v002/2023/08/21/GAO20230821t182108p0000-F/GAO20230821t182108p0000-F_l3a-vis-ch4-mf-v002_plume.png,https://api.carbonmapper.org/api/v1/catalog/asset/l3a-ch4-mf-v1/2023/08/21/GAO20230821t182108p0000-F/GAO20230821t182108p0000-F_l3a-ch4-mf-v1_concentrations.tif,https://api.carbonmapper.org/api/v1/catalog/asset/l3a-vis-ch4-mf-v002/2023/08/21/GAO20230821t182108p0000-F/GAO20230821t182108p0000-F_l3a-vis-ch4-mf-v002_rgb.tif,https://api.carbonmapper.org/api/v1/catalog/asset/l3a-vis-ch4-mf-v002/2023/08/21/GAO20230821t182108p0000-F/GAO20230821t182108p0000-F_l3a-vis-ch4-mf-v002_rgb.png,1,EMIT_L2A_RFL_001_20230820T192843_2323213_027,/mnt/engg-leung/Research_No9_Methane_Emissions/Yuyao/raw_data_dir_l89_L2SR/EMIT_simulated_landsat9/GAO20230821t182108p0000-F_sim_L9.tif,/mnt/engg-leung/Research_No9_Methane_Emissions/Yuyao/Dataset/data_dir_l89_L2SR/plume_masks_l89_512/GAO20230821t182108p0000-F/mask_30m_512.tif
GAO20230821t182108p0000-G,31.9802511281582,-101.93509374731396,2023-08-21 18:21:08+00:00,Oil & Gas (1B2),CH4,mf,"[-101.93866887924094, 31.977303318088474, -101.93257337129243, 31.98247373548882]",GAO,production,2023-11-23 06:33:23.723367+00:00,2025-03-25 22:57:47.697311+00:00,v1,,,,,138.72000725618705,42.42212029472496,5.3671875,1.4345703125,67.78098049288732,11.011163927102164,hrrr,Global Airborne Observatory,ASU GDCS,https://api.carbonmapper.org/api/v1/catalog/asset/l3a-vis-ch4-mf-v002/2023/08/21/GAO20230821t182108p0000-G/GAO20230821t182108p0000-G_l3a-vis-ch4-mf-v002_plume.tif,https://api.carbonmapper.org/api/v1/catalog/asset/l3a-vis-ch4-mf-v002/2023/08/21/GAO20230821t182108p0000-G/GAO20230821t182108p0000-G_l3a-vis-ch4-mf-v002_plume.png,https://api.carbonmapper.org/api/v1/catalog/asset/l3a-ch4-mf-v1/2023/08/21/GAO20230821t182108p0000-G/GAO20230821t182108p0000-G_l3a-ch4-mf-v1_concentrations.tif,https://api.carbonmapper.org/api/v1/catalog/asset/l3a-vis-ch4-mf-v002/2023/08/21/GAO20230821t182108p0000-G/GAO20230821t182108p0000-G_l3a-vis-ch4-mf-v002_rgb.tif,https://api.carbonmapper.org/api/v1/catalog/asset/l3a-vis-ch4-mf-v002/2023/08/21/GAO20230821t182108p0000-G/GAO20230821t182108p0000-G_l3a-vis-ch4-mf-v002_rgb.png,1,EMIT_L2A_RFL_001_20230820T192855_2323213_028,/mnt/engg-leung/Research_No9_Methane_Emissions/Yuyao/raw_data_dir_l89_L2SR/EMIT_simulated_landsat9/GAO20230821t182108p0000-G_sim_L9.tif,/mnt/engg-leung/Research_No9_Methane_Emissions/Yuyao/Dataset/data_dir_l89_L2SR/plume_masks_l89_512/GAO20230821t182108p0000-G/mask_30m_512.tif
GAO20230824t154540p0000-A,32.2812670460398,-101.92949543199084,2023-08-24 15:45:40+00:00,Oil & Gas (1B2),CH4,mf,"[-101.93892156661462, 32.27997979043905, -101.92567966922128, 32.29117444169593]",GAO,production,2023-12-04 18:57:08.752032+00:00,2025-03-25 22:44:23.012027+00:00,v1,,,,,950.3233172290892,179.7367195779851,4.4765625,0.75927734375,174.54066212612182,8.127637625103667,hrrr,Global Airborne Observatory,ASU GDCS,https://api.carbonmapper.org/api/v1/catalog/asset/l3a-vis-ch4-mf-v002/2023/08/24/GAO20230824t154540p0000-A/GAO20230824t154540p0000-A_l3a-vis-ch4-mf-v002_plume.tif,https://api.carbonmapper.org/api/v1/catalog/asset/l3a-vis-ch4-mf-v002/2023/08/24/GAO20230824t154540p0000-A/GAO20230824t154540p0000-A_l3a-vis-ch4-mf-v002_plume.png,,https://api.carbonmapper.org/api/v1/catalog/asset/l3a-vis-ch4-mf-v002/2023/08/24/GAO20230824t154540p0000-A/GAO20230824t154540p0000-A_l3a-vis-ch4-mf-v002_rgb.tif,https://api.carbonmapper.org/api/v1/catalog/asset/l3a-vis-ch4-mf-v002/2023/08/24/GAO20230824t154540p0000-A/GAO20230824t154540p0000-A_l3a-vis-ch4-mf-v002_rgb.png,1,EMIT_L2A_RFL_001_20230824T175337_2323612_023,/mnt/engg-leung/Research_No9_Methane_Emissions/Yuyao/raw_data_dir_l89_L2SR/EMIT_simulated_landsat9/GAO20230824t154540p0000-A_sim_L9.tif,/mnt/engg-leung/Research_No9_Methane_Emissions/Yuyao/Dataset/data_dir_l89_L2SR/plume_masks_l89_512/GAO20230824t154540p0000-A/mask_30m_512.tif
GAO20230824t154540p0000-B,32.38267576607602,-101.93359139330724,2023-08-24 15:45:40+00:00,Oil & Gas (1B2),CH4,mf,"[-101.93682742016003, 32.380361322035014, -101.93070493156343, 32.38557664472462]",GAO,production,2023-12-04 18:56:58.435640+00:00,2025-03-25 22:40:36.282619+00:00,v1,,,,,266.9055252608984,148.8084801720701,4.34375,0.9619140625,172.91632019808773,9.8677396290477,hrrr,Global Airborne Observatory,ASU GDCS,https://api.carbonmapper.org/api/v1/catalog/asset/l3a-vis-ch4-mf-v002/2023/08/24/GAO20230824t154540p0000-B/GAO20230824t154540p0000-B_l3a-vis-ch4-mf-v002_plume.tif,https://api.carbonmapper.org/api/v1/catalog/asset/l3a-vis-ch4-mf-v002/2023/08/24/GAO20230824t154540p0000-B/GAO20230824t154540p0000-B_l3a-vis-ch4-mf-v002_plume.png,,https://api.carbonmapper.org/api/v1/catalog/asset/l3a-vis-ch4-mf-v002/2023/08/24/GAO20230824t154540p0000-B/GAO20230824t154540p0000-B_l3a-vis-ch4-mf-v002_rgb.tif,https://api.carbonmapper.org/api/v1/catalog/asset/l3a-vis-ch4-mf-v002/2023/08/24/GAO20230824t154540p0000-B/GAO20230824t154540p0000-B_l3a-vis-ch4-mf-v002_rgb.png,1,EMIT_L2A_RFL_001_20230824T175337_2323612_023,/mnt/engg-leung/Research_No9_Methane_Emissions/Yuyao/raw_data_dir_l89_L2SR/EMIT_simulated_landsat9/GAO20230824t154540p0000-B_sim_L9.tif,/mnt/engg-leung/Research_No9_Methane_Emissions/Yuyao/Dataset/data_dir_l89_L2SR/plume_masks_l89_512/GAO20230824t154540p0000-B/mask_30m_512.tif
GAO20230824t154540p0000-D,31.86163081036496,-101.9104543959484,2023-08-24 15:45:40+00:00,Oil & Gas (1B2),CH4,mf,"[-101.91460518804905, 31.86023187624802, -101.90846468012117, 31.865402139530133]",GAO,production,2023-12-04 18:52:44.403105+00:00,2025-03-25 22:40:39.971169+00:00,v1,,,,,181.78923884063263,37.142621890065136,4.58984375,0.41015625,171.90217371012423,6.460784915092744,hrrr,Global Airborne Observatory,ASU GDCS,https://api.carbonmapper.org/api/v1/catalog/asset/l3a-vis-ch4-mf-v002/2023/08/24/GAO20230824t154540p0000-D/GAO20230824t154540p0000-D_l3a-vis-ch4-mf-v002_plume.tif,https://api.carbonmapper.org/api/v1/catalog/asset/l3a-vis-ch4-mf-v002/2023/08/24/GAO20230824t154540p0000-D/GAO20230824t154540p0000-D_l3a-vis-ch4-mf-v002_plume.png,,https://api.carbonmapper.org/api/v1/catalog/asset/l3a-vis-ch4-mf-v002/2023/08/24/GAO20230824t154540p0000-D/GAO20230824t154540p0000-D_l3a-vis-ch4-mf-v002_rgb.tif,https://api.carbonmapper.org/api/v1/catalog/asset/l3a-vis-ch4-mf-v002/2023/08/24/GAO20230824t154540p0000-D/GAO20230824t154540p0000-D_l3a-vis-ch4-mf-v002_rgb.png,1,EMIT_L2A_RFL_001_20230824T175349_2323612_024,/mnt/engg-leung/Research_No9_Methane_Emissions/Yuyao/raw_data_dir_l89_L2SR/EMIT_simulated_landsat9/GAO20230824t154540p0000-D_sim_L9.tif,/mnt/engg-leung/Research_No9_Methane_Emissions/Yuyao/Dataset/data_dir_l89_L2SR/plume_masks_l89_512/GAO20230824t154540p0000-D/mask_30m_512.tif
GAO20230824t154540p0000-E,31.705069105637392,-101.89137128760784,2023-08-24 15:45:40+00:00,Oil & Gas (1B2),CH4,mf,"[-101.89717288217348, 31.703873633303406, -101.88945726446593, 31.710437660161816]",GAO,production,2023-12-04 18:40:26.412240+00:00,2025-03-25 22:40:41.289157+00:00,v1,,,,,1292.5524294808288,167.75147226952072,4.6796875,0.341064453125,168.90385726827205,3.5532851899360423,hrrr,Global Airborne Observatory,ASU GDCS,https://api.carbonmapper.org/api/v1/catalog/asset/l3a-vis-ch4-mf-v002/2023/08/24/GAO20230824t154540p0000-E/GAO20230824t154540p0000-E_l3a-vis-ch4-mf-v002_plume.tif,https://api.carbonmapper.org/api/v1/catalog/asset/l3a-vis-ch4-mf-v002/2023/08/24/GAO20230824t154540p0000-E/GAO20230824t154540p0000-E_l3a-vis-ch4-mf-v002_plume.png,,https://api.carbonmapper.org/api/v1/catalog/asset/l3a-vis-ch4-mf-v002/2023/08/24/GAO20230824t154540p0000-E/GAO20230824t154540p0000-E_l3a-vis-ch4-mf-v002_rgb.tif,https://api.carbonmapper.org/api/v1/catalog/asset/l3a-vis-ch4-mf-v002/2023/08/24/GAO20230824t154540p0000-E/GAO20230824t154540p0000-E_l3a-vis-ch4-mf-v002_rgb.png,1,EMIT_L2A_RFL_001_20230824T175349_2323612_024,/mnt/engg-leung/Research_No9_Methane_Emissions/Yuyao/raw_data_dir_l89_L2SR/EMIT_simulated_landsat9/GAO20230824t154540p0000-E_sim_L9.tif,/mnt/engg-leung/Research_No9_Methane_Emissions/Yuyao/Dataset/data_dir_l89_L2SR/plume_masks_l89_512/GAO20230824t154540p0000-E/mask_30m_512.tif
GAO20230824t160435p0000-A,32.28124541401742,-101.92946655366326,2023-08-24 16:04:35+00:00,Oil & Gas (1B2),CH4,mf,"[-101.93377147782027, 32.280482374234495, -101.9276557021794, 32.28569773019327]",GAO,production,2023-12-04 18:57:08.713373+00:00,2025-03-25 22:44:21.072949+00:00,v1,,,,,881.7282542289637,97.07538687842728,5.1796875,0.3955078125,174.37684686906823,8.182415796287518,hrrr,Global Airborne Observatory,ASU GDCS,https://api.carbonmapper.org/api/v1/catalog/asset/l3a-vis-ch4-mf-v002/2023/08/24/GAO20230824t160435p0000-A/GAO20230824t160435p0000-A_l3a-vis-ch4-mf-v002_plume.tif,https://api.carbonmapper.org/api/v1/catalog/asset/l3a-vis-ch4-mf-v002/2023/08/24/GAO20230824t160435p0000-A/GAO20230824t160435p0000-A_l3a-vis-ch4-mf-v002_plume.png,,https://api.carbonmapper.org/api/v1/catalog/asset/l3a-vis-ch4-mf-v002/2023/08/24/GAO20230824t160435p0000-A/GAO20230824t160435p0000-A_l3a-vis-ch4-mf-v002_rgb.tif,https://api.carbonmapper.org/api/v1/catalog/asset/l3a-vis-ch4-mf-v002/2023/08/24/GAO20230824t160435p0000-A/GAO20230824t160435p0000-A_l3a-vis-ch4-mf-v002_rgb.png,1,EMIT_L2A_RFL_001_20230824T175337_2323612_023,/mnt/engg-leung/Research_No9_Methane_Emissions/Yuyao/raw_data_dir_l89_L2SR/EMIT_simulated_landsat9/GAO20230824t160435p0000-A_sim_L9.tif,/mnt/engg-leung/Research_No9_Methane_Emissions/Yuyao/Dataset/data_dir_l89_L2SR/plume_masks_l89_512/GAO20230824t160435p0000-A/mask_30m_512.tif
GAO20230824t160435p0000-B,32.382677754188975,-101.93347778040102,2023-08-24 16:04:35+00:00,Oil & Gas (1B2),CH4,mf,"[-101.93697600363227, 32.380680604515305, -101.93080040090915, 32.38589580329721]",GAO,production,2023-12-04 18:56:58.395334+00:00,2025-03-25 22:40:28.243724+00:00,v1,,,,,398.67950742896943,87.93148139373018,5.16015625,0.471923828125,175.1912239841872,6.737800842818335,hrrr,Global Airborne Observatory,ASU GDCS,https://api.carbonmapper.org/api/v1/catalog/asset/l3a-vis-ch4-mf-v002/2023/08/24/GAO20230824t160435p0000-B/GAO20230824t160435p0000-B_l3a-vis-ch4-mf-v002_plume.tif,https://api.carbonmapper.org/api/v1/catalog/asset/l3a-vis-ch4-mf-v002/2023/08/24/GAO20230824t160435p0000-B/GAO20230824t160435p0000-B_l3a-vis-ch4-mf-v002_plume.png,,https://api.carbonmapper.org/api/v1/catalog/asset/l3a-vis-ch4-mf-v002/2023/08/24/GAO20230824t160435p0000-B/GAO20230824t160435p0000-B_l3a-vis-ch4-mf-v002_rgb.tif,https://api.carbonmapper.org/api/v1/catalog/asset/l3a-vis-ch4-mf-v002/2023/08/24/GAO20230824t160435p0000-B/GAO20230824t160435p0000-B_l3a-vis-ch4-mf-v002_rgb.png,1,EMIT_L2A_RFL_001_20230824T175337_2323612_023,/mnt/engg-leung/Research_No9_Methane_Emissions/Yuyao/raw_data_dir_l89_L2SR/EMIT_simulated_landsat9/GAO20230824t160435p0000-B_sim_L9.tif,/mnt/engg-leung/Research_No9_Methane_Emissions/Yuyao/Dataset/data_dir_l89_L2SR/plume_masks_l89_512/GAO20230824t160435p0000-B/mask_30m_512.tif
GAO20230824t160435p0000-C,32.24368595303517,-101.90532639238626,2023-08-24 16:04:35+00:00,Oil & Gas (1B2),CH4,mf,"[-101.90921431452665, 32.2426030526856, -101.90304815583278, 32.24781821966648]",GAO,production,2023-12-04 18:53:57.763867+00:00,2025-03-25 22:40:28.603493+00:00,v1,,,,,271.17005607814195,70.26353788496252,5.203125,0.39892578125,172.55434749283376,8.610998942616472,hrrr,Global Airborne Observatory,ASU GDCS,https://api.carbonmapper.org/api/v1/catalog/asset/l3a-vis-ch4-mf-v002/2023/08/24/GAO20230824t160435p0000-C/GAO20230824t160435p0000-C_l3a-vis-ch4-mf-v002_plume.tif,https://api.carbonmapper.org/api/v1/catalog/asset/l3a-vis-ch4-mf-v002/2023/08/24/GAO20230824t160435p0000-C/GAO20230824t160435p0000-C_l3a-vis-ch4-mf-v002_plume.png,,https://api.carbonmapper.org/api/v1/catalog/asset/l3a-vis-ch4-mf-v002/2023/08/24/GAO20230824t160435p0000-C/GAO20230824t160435p0000-C_l3a-vis-ch4-mf-v002_rgb.tif,https://api.carbonmapper.org/api/v1/catalog/asset/l3a-vis-ch4-mf-v002/2023/08/24/GAO20230824t160435p0000-C/GAO20230824t160435p0000-C_l3a-vis-ch4-mf-v002_rgb.png,1,EMIT_L2A_RFL_001_20230824T175337_2323612_023,/mnt/engg-leung/Research_No9_Methane_Emissions/Yuyao/raw_data_dir_l89_L2SR/EMIT_simulated_landsat9/GAO20230824t160435p0000-C_sim_L9.tif,/mnt/engg-leung/Research_No9_Methane_Emissions/Yuyao/Dataset/data_dir_l89_L2SR/plume_masks_l89_512/GAO20230824t160435p0000-C/mask_30m_512.tif
GAO20230824t160435p0000-D,32.24454458364596,-101.90303086422202,2023-08-24 16:04:35+00:00,Oil & Gas (1B2),CH4,mf,"[-101.90640695075787, 32.24248919897564, -101.90024081069721, 32.247704356733514]",GAO,production,2023-12-04 18:53:57.804674+00:00,2025-03-25 22:40:28.972321+00:00,v1,,,,,157.00589068621568,65.95471749677263,5.203125,0.39892578125,172.55434749283376,8.610998942616472,hrrr,Global Airborne Observatory,ASU GDCS,https://api.carbonmapper.org/api/v1/catalog/asset/l3a-vis-ch4-mf-v002/2023/08/24/GAO20230824t160435p0000-D/GAO20230824t160435p0000-D_l3a-vis-ch4-mf-v002_plume.tif,https://api.carbonmapper.org/api/v1/catalog/asset/l3a-vis-ch4-mf-v002/2023/08/24/GAO20230824t160435p0000-D/GAO20230824t160435p0000-D_l3a-vis-ch4-mf-v002_plume.png,,https://api.carbonmapper.org/api/v1/catalog/asset/l3a-vis-ch4-mf-v002/2023/08/24/GAO20230824t160435p0000-D/GAO20230824t160435p0000-D_l3a-vis-ch4-mf-v002_rgb.tif,https://api.carbonmapper.org/api/v1/catalog/asset/l3a-vis-ch4-mf-v002/2023/08/24/GAO20230824t160435p0000-D/GAO20230824t160435p0000-D_l3a-vis-ch4-mf-v002_rgb.png,1,EMIT_L2A_RFL_001_20230824T175337_2323612_023,/mnt/engg-leung/Research_No9_Methane_Emissions/Yuyao/raw_data_dir_l89_L2SR/EMIT_simulated_landsat9/GAO20230824t160435p0000-D_sim_L9.tif,/mnt/engg-leung/Research_No9_Methane_Emissions/Yuyao/Dataset/data_dir_l89_L2SR/plume_masks_l89_512/GAO20230824t160435p0000-D/mask_30m_512.tif
GAO20230824t160435p0000-E,32.24443768597139,-101.9024478480732,2023-08-24 16:04:35+00:00,Oil & Gas (1B2),CH4,mf,"[-101.90577404142411, 32.24238340937107, -101.89966092117307, 32.24759868971225]",GAO,production,2023-12-04 18:53:57.850965+00:00,2025-03-25 22:54:55.976776+00:00,v1,,,,,164.342920524733,39.25738758896612,5.203125,0.39892578125,172.55434749283376,8.610998942616472,hrrr,Global Airborne Observatory,ASU GDCS,https://api.carbonmapper.org/api/v1/catalog/asset/l3a-vis-ch4-mf-v002/2023/08/24/GAO20230824t160435p0000-E/GAO20230824t160435p0000-E_l3a-vis-ch4-mf-v002_plume.tif,https://api.carbonmapper.org/api/v1/catalog/asset/l3a-vis-ch4-mf-v002/2023/08/24/GAO20230824t160435p0000-E/GAO20230824t160435p0000-E_l3a-vis-ch4-mf-v002_plume.png,,https://api.carbonmapper.org/api/v1/catalog/asset/l3a-vis-ch4-mf-v002/2023/08/24/GAO20230824t160435p0000-E/GAO20230824t160435p0000-E_l3a-vis-ch4-mf-v002_rgb.tif,https://api.carbonmapper.org/api/v1/catalog/asset/l3a-vis-ch4-mf-v002/2023/08/24/GAO20230824t160435p0000-E/GAO20230824t160435p0000-E_l3a-vis-ch4-mf-v002_rgb.png,1,EMIT_L2A_RFL_001_20230824T175337_2323612_023,/mnt/engg-leung/Research_No9_Methane_Emissions/Yuyao/raw_data_dir_l89_L2SR/EMIT_simulated_landsat9/GAO20230824t160435p0000-E_sim_L9.tif,/mnt/engg-leung/Research_No9_Methane_Emissions/Yuyao/Dataset/data_dir_l89_L2SR/plume_masks_l89_512/GAO20230824t160435p0000-E/mask_30m_512.tif
GAO20230824t160435p0000-F,32.24124422574067,-101.90446723902367,2023-08-24 16:04:35+00:00,,CH4,mf,"[-101.90799933040716, 32.23932761934915, -101.90183339715401, 32.24454278371809]",GAO,production,2023-12-04 18:53:57.897122+00:00,2025-03-25 22:40:31.268558+00:00,v1,,,,,247.07759519390925,110.2153865861456,5.203125,0.39892578125,172.55434749283376,8.610998942616472,hrrr,Global Airborne Observatory,ASU GDCS,https://api.carbonmapper.org/api/v1/catalog/asset/l3a-vis-ch4-mf-v002/2023/08/24/GAO20230824t160435p0000-F/GAO20230824t160435p0000-F_l3a-vis-ch4-mf-v002_plume.tif,https://api.carbonmapper.org/api/v1/catalog/asset/l3a-vis-ch4-mf-v002/2023/08/24/GAO20230824t160435p0000-F/GAO20230824t160435p0000-F_l3a-vis-ch4-mf-v002_plume.png,,https://api.carbonmapper.org/api/v1/catalog/asset/l3a-vis-ch4-mf-v002/2023/08/24/GAO20230824t160435p0000-F/GAO20230824t160435p0000-F_l3a-vis-ch4-mf-v002_rgb.tif,https://api.carbonmapper.org/api/v1/catalog/asset/l3a-vis-ch4-mf-v002/2023/08/24/GAO20230824t160435p0000-F/GAO20230824t160435p0000-F_l3a-vis-ch4-mf-v002_rgb.png,1,EMIT_L2A_RFL_001_20230824T175337_2323612_023,/mnt/engg-leung/Research_No9_Methane_Emissions/Yuyao/raw_data_dir_l89_L2SR/EMIT_simulated_landsat9/GAO20230824t160435p0000-F_sim_L9.tif,/mnt/engg-leung/Research_No9_Methane_Emissions/Yuyao/Dataset/data_dir_l89_L2SR/plume_masks_l89_512/GAO20230824t160435p0000-F/mask_30m_512.tif
GAO20230824t160435p0000-G,32.14362381478382,-101.9163951257202,2023-08-24 16:04:35+00:00,Oil & Gas (1B2),CH4,mf,"[-101.91958514752693, 32.1411575949852, -101.91347886651683, 32.146327880666114]",GAO,production,2023-12-04 21:11:42.499417+00:00,2025-03-25 22:40:31.509556+00:00,v1,,,,,,,5.1328125,0.375244140625,169.42856606069077,7.912699699594393,hrrr,Global Airborne Observatory,ASU GDCS,https://api.carbonmapper.org/api/v1/catalog/asset/l3a-vis-ch4-mf-v002/2023/08/24/GAO20230824t160435p0000-G/GAO20230824t160435p0000-G_l3a-vis-ch4-mf-v002_plume.tif,https://api.carbonmapper.org/api/v1/catalog/asset/l3a-vis-ch4-mf-v002/2023/08/24/GAO20230824t160435p0000-G/GAO20230824t160435p0000-G_l3a-vis-ch4-mf-v002_plume.png,,https://api.carbonmapper.org/api/v1/catalog/asset/l3a-vis-ch4-mf-v002/2023/08/24/GAO20230824t160435p0000-G/GAO20230824t160435p0000-G_l3a-vis-ch4-mf-v002_rgb.tif,https://api.carbonmapper.org/api/v1/catalog/asset/l3a-vis-ch4-mf-v002/2023/08/24/GAO20230824t160435p0000-G/GAO20230824t160435p0000-G_l3a-vis-ch4-mf-v002_rgb.png,1,EMIT_L2A_RFL_001_20230824T175337_2323612_023,/mnt/engg-leung/Research_No9_Methane_Emissions/Yuyao/raw_data_dir_l89_L2SR/EMIT_simulated_landsat9/GAO20230824t160435p0000-G_sim_L9.tif,/mnt/engg-leung/Research_No9_Methane_Emissions/Yuyao/Dataset/data_dir_l89_L2SR/plume_masks_l89_512/GAO20230824t160435p0000-G/mask_30m_512.tif
GAO20230824t160435p0000-H,32.025536660033666,-101.88983800146389,2023-08-24 16:04:35+00:00,,CH4,mf,"[-101.89351353261145, 32.0239896594177, -101.88736223613674, 32.029159784609064]",GAO,production,2023-12-04 18:51:50.071912+00:00,2025-03-25 22:40:33.323372+00:00,v1,,,,,269.44261934228297,97.90392786720096,5.07421875,0.37060546875,168.1389170623656,7.331693010126219,hrrr,Global Airborne Observatory,ASU GDCS,https://api.carbonmapper.org/api/v1/catalog/asset/l3a-vis-ch4-mf-v002/2023/08/24/GAO20230824t160435p0000-H/GAO20230824t160435p0000-H_l3a-vis-ch4-mf-v002_plume.tif,https://api.carbonmapper.org/api/v1/catalog/asset/l3a-vis-ch4-mf-v002/2023/08/24/GAO20230824t160435p0000-H/GAO20230824t160435p0000-H_l3a-vis-ch4-mf-v002_plume.png,,https://api.carbonmapper.org/api/v1/catalog/asset/l3a-vis-ch4-mf-v002/2023/08/24/GAO20230824t160435p0000-H/GAO20230824t160435p0000-H_l3a-vis-ch4-mf-v002_rgb.tif,https://api.carbonmapper.org/api/v1/catalog/asset/l3a-vis-ch4-mf-v002/2023/08/24/GAO20230824t160435p0000-H/GAO20230824t160435p0000-H_l3a-vis-ch4-mf-v002_rgb.png,1,EMIT_L2A_RFL_001_20230824T175337_2323612_023,/mnt/engg-leung/Research_No9_Methane_Emissions/Yuyao/raw_data_dir_l89_L2SR/EMIT_simulated_landsat9/GAO20230824t160435p0000-H_sim_L9.tif,/mnt/engg-leung/Research_No9_Methane_Emissions/Yuyao/Dataset/data_dir_l89_L2SR/plume_masks_l89_512/GAO20230824t160435p0000-H/mask_30m_512.tif
GAO20230824t160435p0000-I,31.896339097104672,-101.8726836238087,2023-08-24 16:04:35+00:00,Oil & Gas (1B2),CH4,mf,"[-101.87595142958801, 31.89431429528249, -101.86986162544488, 31.899484540720042]",GAO,production,2023-12-04 18:50:05.347248+00:00,2025-03-25 22:55:11.148678+00:00,v1,,,,,257.789135467354,88.0694841625835,4.83984375,0.297607421875,167.2402827336454,5.511906192551308,hrrr,Global Airborne Observatory,ASU GDCS,https://api.carbonmapper.org/api/v1/catalog/asset/l3a-vis-ch4-mf-v002/2023/08/24/GAO20230824t160435p0000-I/GAO20230824t160435p0000-I_l3a-vis-ch4-mf-v002_plume.tif,https://api.carbonmapper.org/api/v1/catalog/asset/l3a-vis-ch4-mf-v002/2023/08/24/GAO20230824t160435p0000-I/GAO20230824t160435p0000-I_l3a-vis-ch4-mf-v002_plume.png,,https://api.carbonmapper.org/api/v1/catalog/asset/l3a-vis-ch4-mf-v002/2023/08/24/GAO20230824t160435p0000-I/GAO20230824t160435p0000-I_l3a-vis-ch4-mf-v002_rgb.tif,https://api.carbonmapper.org/api/v1/catalog/asset/l3a-vis-ch4-mf-v002/2023/08/24/GAO20230824t160435p0000-I/GAO20230824t160435p0000-I_l3a-vis-ch4-mf-v002_rgb.png,1,EMIT_L2A_RFL_001_20230824T175349_2323612_024,/mnt/engg-leung/Research_No9_Methane_Emissions/Yuyao/raw_data_dir_l89_L2SR/EMIT_simulated_landsat9/GAO20230824t160435p0000-I_sim_L9.tif,/mnt/engg-leung/Research_No9_Methane_Emissions/Yuyao/Dataset/data_dir_l89_L2SR/plume_masks_l89_512/GAO20230824t160435p0000-I/mask_30m_512.tif
GAO20230824t162207p0000-A,32.24439059233677,-101.90260899826494,2023-08-24 16:22:07+00:00,Oil & Gas (1B2),CH4,mf,"[-101.90612667846813, 32.242933034243094, -101.90001366757295, 32.24810323277639]",GAO,production,2023-12-04 18:53:57.625916+00:00,2025-03-25 22:53:17.658006+00:00,v1,,,,,164.15200810540932,43.23855464406074,5.203125,0.39892578125,172.55434749283376,8.610998942616472,hrrr,Global Airborne Observatory,ASU GDCS,https://api.carbonmapper.org/api/v1/catalog/asset/l3a-vis-ch4-mf-v002/2023/08/24/GAO20230824t162207p0000-A/GAO20230824t162207p0000-A_l3a-vis-ch4-mf-v002_plume.tif,https://api.carbonmapper.org/api/v1/catalog/asset/l3a-vis-ch4-mf-v002/2023/08/24/GAO20230824t162207p0000-A/GAO20230824t162207p0000-A_l3a-vis-ch4-mf-v002_plume.png,,https://api.carbonmapper.org/api/v1/catalog/asset/l3a-vis-ch4-mf-v002/2023/08/24/GAO20230824t162207p0000-A/GAO20230824t162207p0000-A_l3a-vis-ch4-mf-v002_rgb.tif,https://api.carbonmapper.org/api/v1/catalog/asset/l3a-vis-ch4-mf-v002/2023/08/24/GAO20230824t162207p0000-A/GAO20230824t162207p0000-A_l3a-vis-ch4-mf-v002_rgb.png,1,EMIT_L2A_RFL_001_20230824T175337_2323612_023,/mnt/engg-leung/Research_No9_Methane_Emissions/Yuyao/raw_data_dir_l89_L2SR/EMIT_simulated_landsat9/GAO20230824t162207p0000-A_sim_L9.tif,/mnt/engg-leung/Research_No9_Methane_Emissions/Yuyao/Dataset/data_dir_l89_L2SR/plume_masks_l89_512/GAO20230824t162207p0000-A/mask_30m_512.tif
GAO20230824t162207p0000-B,32.244532660242555,-101.9029341068456,2023-08-24 16:22:07+00:00,Oil & Gas (1B2),CH4,mf,"[-101.90612667846813, 32.242933034243094, -101.90001366757295, 32.24810323277639]",GAO,production,2023-12-04 18:53:57.666964+00:00,2025-03-25 22:40:20.996864+00:00,v1,,,,,201.7487019352289,53.55024353695778,5.203125,0.39892578125,172.55434749283376,8.610998942616472,hrrr,Global Airborne Observatory,ASU GDCS,https://api.carbonmapper.org/api/v1/catalog/asset/l3a-vis-ch4-mf-v002/2023/08/24/GAO20230824t162207p0000-B/GAO20230824t162207p0000-B_l3a-vis-ch4-mf-v002_plume.tif,https://api.carbonmapper.org/api/v1/catalog/asset/l3a-vis-ch4-mf-v002/2023/08/24/GAO20230824t162207p0000-B/GAO20230824t162207p0000-B_l3a-vis-ch4-mf-v002_plume.png,,https://api.carbonmapper.org/api/v1/catalog/asset/l3a-vis-ch4-mf-v002/2023/08/24/GAO20230824t162207p0000-B/GAO20230824t162207p0000-B_l3a-vis-ch4-mf-v002_rgb.tif,https://api.carbonmapper.org/api/v1/catalog/asset/l3a-vis-ch4-mf-v002/2023/08/24/GAO20230824t162207p0000-B/GAO20230824t162207p0000-B_l3a-vis-ch4-mf-v002_rgb.png,1,EMIT_L2A_RFL_001_20230824T175337_2323612_023,/mnt/engg-leung/Research_No9_Methane_Emissions/Yuyao/raw_data_dir_l89_L2SR/EMIT_simulated_landsat9/GAO20230824t162207p0000-B_sim_L9.tif,/mnt/engg-leung/Research_No9_Methane_Emissions/Yuyao/Dataset/data_dir_l89_L2SR/plume_masks_l89_512/GAO20230824t162207p0000-B/mask_30m_512.tif
GAO20230824t162207p0000-C,32.24364792697011,-101.9053024345348,2023-08-24 16:22:07+00:00,Oil & Gas (1B2),CH4,mf,"[-101.90866645775282, 32.24155282276841, -101.90250037196532, 32.246767988389585]",GAO,production,2023-12-04 18:53:57.700289+00:00,2025-03-25 22:40:21.469649+00:00,v1,,,,,379.85715595917407,31.86529838703249,5.203125,0.39892578125,172.55434749283376,8.610998942616472,hrrr,Global Airborne Observatory,ASU GDCS,https://api.carbonmapper.org/api/v1/catalog/asset/l3a-vis-ch4-mf-v002/2023/08/24/GAO20230824t162207p0000-C/GAO20230824t162207p0000-C_l3a-vis-ch4-mf-v002_plume.tif,https://api.carbonmapper.org/api/v1/catalog/asset/l3a-vis-ch4-mf-v002/2023/08/24/GAO20230824t162207p0000-C/GAO20230824t162207p0000-C_l3a-vis-ch4-mf-v002_plume.png,,https://api.carbonmapper.org/api/v1/catalog/asset/l3a-vis-ch4-mf-v002/2023/08/24/GAO20230824t162207p0000-C/GAO20230824t162207p0000-C_l3a-vis-ch4-mf-v002_rgb.tif,https://api.carbonmapper.org/api/v1/catalog/asset/l3a-vis-ch4-mf-v002/2023/08/24/GAO20230824t162207p0000-C/GAO20230824t162207p0000-C_l3a-vis-ch4-mf-v002_rgb.png,1,EMIT_L2A_RFL_001_20230824T175337_2323612_023,/mnt/engg-leung/Research_No9_Methane_Emissions/Yuyao/raw_data_dir_l89_L2SR/EMIT_simulated_landsat9/GAO20230824t162207p0000-C_sim_L9.tif,/mnt/engg-leung/Research_No9_Methane_Emissions/Yuyao/Dataset/data_dir_l89_L2SR/plume_masks_l89_512/GAO20230824t162207p0000-C/mask_30m_512.tif
GAO20230824t162207p0000-D,32.24136956708077,-101.90441945898368,2023-08-24 16:22:07+00:00,Oil & Gas (1B2),CH4,mf,"[-101.90788264743034, 32.23964022985643, -101.90176984969357, 32.24481043553505]",GAO,production,2023-12-04 18:53:57.732682+00:00,2025-03-25 22:40:23.997012+00:00,v1,,,,,366.6660824796463,153.83247352096532,5.203125,0.39892578125,172.55434749283376,8.610998942616472,hrrr,Global Airborne Observatory,ASU GDCS,https://api.carbonmapper.org/api/v1/catalog/asset/l3a-vis-ch4-mf-v002/2023/08/24/GAO20230824t162207p0000-D/GAO20230824t162207p0000-D_l3a-vis-ch4-mf-v002_plume.tif,https://api.carbonmapper.org/api/v1/catalog/asset/l3a-vis-ch4-mf-v002/2023/08/24/GAO20230824t162207p0000-D/GAO20230824t162207p0000-D_l3a-vis-ch4-mf-v002_plume.png,,https://api.carbonmapper.org/api/v1/catalog/asset/l3a-vis-ch4-mf-v002/2023/08/24/GAO20230824t162207p0000-D/GAO20230824t162207p0000-D_l3a-vis-ch4-mf-v002_rgb.tif,https://api.carbonmapper.org/api/v1/catalog/asset/l3a-vis-ch4-mf-v002/2023/08/24/GAO20230824t162207p0000-D/GAO20230824t162207p0000-D_l3a-vis-ch4-mf-v002_rgb.png,1,EMIT_L2A_RFL_001_20230824T175337_2323612_023,/mnt/engg-leung/Research_No9_Methane_Emissions/Yuyao/raw_data_dir_l89_L2SR/EMIT_simulated_landsat9/GAO20230824t162207p0000-D_sim_L9.tif,/mnt/engg-leung/Research_No9_Methane_Emissions/Yuyao/Dataset/data_dir_l89_L2SR/plume_masks_l89_512/GAO20230824t162207p0000-D/mask_30m_512.tif
GAO20230824t162207p0000-E,31.92746704311681,-101.86158941406217,2023-08-24 16:22:07+00:00,Oil & Gas (1B2),CH4,mf,"[-101.86525748760691, 31.92605725475123, -101.85916549184006, 31.93127253476142]",GAO,production,2023-12-04 18:50:17.559786+00:00,2025-03-25 22:40:25.673529+00:00,v1,,,,,197.5482248480456,39.28549961928132,4.8671875,0.33203125,167.00699079235443,5.958718523112005,hrrr,Global Airborne Observatory,ASU GDCS,https://api.carbonmapper.org/api/v1/catalog/asset/l3a-vis-ch4-mf-v002/2023/08/24/GAO20230824t162207p0000-E/GAO20230824t162207p0000-E_l3a-vis-ch4-mf-v002_plume.tif,https://api.carbonmapper.org/api/v1/catalog/asset/l3a-vis-ch4-mf-v002/2023/08/24/GAO20230824t162207p0000-E/GAO20230824t162207p0000-E_l3a-vis-ch4-mf-v002_plume.png,,https://api.carbonmapper.org/api/v1/catalog/asset/l3a-vis-ch4-mf-v002/2023/08/24/GAO20230824t162207p0000-E/GAO20230824t162207p0000-E_l3a-vis-ch4-mf-v002_rgb.tif,https://api.carbonmapper.org/api/v1/catalog/asset/l3a-vis-ch4-mf-v002/2023/08/24/GAO20230824t162207p0000-E/GAO20230824t162207p0000-E_l3a-vis-ch4-mf-v002_rgb.png,1,EMIT_L2A_RFL_001_20230824T175349_2323612_024,/mnt/engg-leung/Research_No9_Methane_Emissions/Yuyao/raw_data_dir_l89_L2SR/EMIT_simulated_landsat9/GAO20230824t162207p0000-E_sim_L9.tif,/mnt/engg-leung/Research_No9_Methane_Emissions/Yuyao/Dataset/data_dir_l89_L2SR/plume_masks_l89_512/GAO20230824t162207p0000-E/mask_30m_512.tif
GAO20230824t162207p0000-F,31.895970962132523,-101.8658813171661,2023-08-24 16:22:07+00:00,Oil & Gas (1B2),CH4,mf,"[-101.87195717430737, 31.895116303995994, -101.86406664941588, 31.901815247872715]",GAO,production,2023-12-04 18:50:05.270151+00:00,2025-03-25 22:40:25.793393+00:00,v1,,,,,720.4012201307924,212.43033729977785,4.83984375,0.297607421875,167.2402827336454,5.511906192551308,hrrr,Global Airborne Observatory,ASU GDCS,https://api.carbonmapper.org/api/v1/catalog/asset/l3a-vis-ch4-mf-v002/2023/08/24/GAO20230824t162207p0000-F/GAO20230824t162207p0000-F_l3a-vis-ch4-mf-v002_plume.tif,https://api.carbonmapper.org/api/v1/catalog/asset/l3a-vis-ch4-mf-v002/2023/08/24/GAO20230824t162207p0000-F/GAO20230824t162207p0000-F_l3a-vis-ch4-mf-v002_plume.png,,https://api.carbonmapper.org/api/v1/catalog/asset/l3a-vis-ch4-mf-v002/2023/08/24/GAO20230824t162207p0000-F/GAO20230824t162207p0000-F_l3a-vis-ch4-mf-v002_rgb.tif,https://api.carbonmapper.org/api/v1/catalog/asset/l3a-vis-ch4-mf-v002/2023/08/24/GAO20230824t162207p0000-F/GAO20230824t162207p0000-F_l3a-vis-ch4-mf-v002_rgb.png,1,EMIT_L2A_RFL_001_20230824T175349_2323612_024,/mnt/engg-leung/Research_No9_Methane_Emissions/Yuyao/raw_data_dir_l89_L2SR/EMIT_simulated_landsat9/GAO20230824t162207p0000-F_sim_L9.tif,/mnt/engg-leung/Research_No9_Methane_Emissions/Yuyao/Dataset/data_dir_l89_L2SR/plume_masks_l89_512/GAO20230824t162207p0000-F/mask_30m_512.tif
GAO20230824t164045p0000-A,32.2603327626578,-101.870610771101,2023-08-24 16:40:45+00:00,Oil & Gas (1B2),CH4,mf,"[-101.87506971695039, 32.25920762614048, -101.86890272168856, 32.26437759195954]",GAO,production,2023-12-04 18:54:07.370526+00:00,2025-03-25 22:53:15.228538+00:00,v1,,,,,162.0550850216964,39.76874190635123,5.265625,0.376953125,173.71692765183994,8.565239017341604,hrrr,Global Airborne Observatory,ASU GDCS,https://api.carbonmapper.org/api/v1/catalog/asset/l3a-vis-ch4-mf-v002/2023/08/24/GAO20230824t164045p0000-A/GAO20230824t164045p0000-A_l3a-vis-ch4-mf-v002_plume.tif,https://api.carbonmapper.org/api/v1/catalog/asset/l3a-vis-ch4-mf-v002/2023/08/24/GAO20230824t164045p0000-A/GAO20230824t164045p0000-A_l3a-vis-ch4-mf-v002_plume.png,,https://api.carbonmapper.org/api/v1/catalog/asset/l3a-vis-ch4-mf-v002/2023/08/24/GAO20230824t164045p0000-A/GAO20230824t164045p0000-A_l3a-vis-ch4-mf-v002_rgb.tif,https://api.carbonmapper.org/api/v1/catalog/asset/l3a-vis-ch4-mf-v002/2023/08/24/GAO20230824t164045p0000-A/GAO20230824t164045p0000-A_l3a-vis-ch4-mf-v002_rgb.png,1,EMIT_L2A_RFL_001_20230824T175337_2323612_023,/mnt/engg-leung/Research_No9_Methane_Emissions/Yuyao/raw_data_dir_l89_L2SR/EMIT_simulated_landsat9/GAO20230824t164045p0000-A_sim_L9.tif,/mnt/engg-leung/Research_No9_Methane_Emissions/Yuyao/Dataset/data_dir_l89_L2SR/plume_masks_l89_512/GAO20230824t164045p0000-A/mask_30m_512.tif
GAO20230824t164045p0000-B,31.94170300682694,-101.84477146895736,2023-08-24 16:40:45+00:00,,CH4,mf,"[-101.84798609793133, 31.939604091729674, -101.84184044614122, 31.94481918207221]",GAO,production,2023-12-04 18:50:29.605701+00:00,2025-03-25 22:40:20.398753+00:00,v1,,,,,268.65339731666563,60.73141499999856,4.9296875,0.3583984375,167.8876890443142,5.8723909702560695,hrrr,Global Airborne Observatory,ASU GDCS,https://api.carbonmapper.org/api/v1/catalog/asset/l3a-vis-ch4-mf-v002/2023/08/24/GAO20230824t164045p0000-B/GAO20230824t164045p0000-B_l3a-vis-ch4-mf-v002_plume.tif,https://api.carbonmapper.org/api/v1/catalog/asset/l3a-vis-ch4-mf-v002/2023/08/24/GAO20230824t164045p0000-B/GAO20230824t164045p0000-B_l3a-vis-ch4-mf-v002_plume.png,,https://api.carbonmapper.org/api/v1/catalog/asset/l3a-vis-ch4-mf-v002/2023/08/24/GAO20230824t164045p0000-B/GAO20230824t164045p0000-B_l3a-vis-ch4-mf-v002_rgb.tif,https://api.carbonmapper.org/api/v1/catalog/asset/l3a-vis-ch4-mf-v002/2023/08/24/GAO20230824t164045p0000-B/GAO20230824t164045p0000-B_l3a-vis-ch4-mf-v002_rgb.png,1,EMIT_L2A_RFL_001_20230824T175349_2323612_024,/mnt/engg-leung/Research_No9_Methane_Emissions/Yuyao/raw_data_dir_l89_L2SR/EMIT_simulated_landsat9/GAO20230824t164045p0000-B_sim_L9.tif,/mnt/engg-leung/Research_No9_Methane_Emissions/Yuyao/Dataset/data_dir_l89_L2SR/plume_masks_l89_512/GAO20230824t164045p0000-B/mask_30m_512.tif
GAO20230824t165721p0000-A,32.38952864492185,-101.8511153717039,2023-08-24 16:57:21+00:00,Oil & Gas (1B2),CH4,mf,"[-101.86094883298732, 32.388186501282895, -101.84737225700428, 32.39960540213283]",GAO,production,2023-12-04 18:56:42.264850+00:00,2025-03-25 23:32:41.936852+00:00,v1,,,,,1283.713009448869,215.0257222601335,5.078125,0.51123046875,174.1006203586546,6.341934414361179,hrrr,Global Airborne Observatory,ASU GDCS,https://api.carbonmapper.org/api/v1/catalog/asset/l3a-vis-ch4-mf-v002/2023/08/24/GAO20230824t165721p0000-A/GAO20230824t165721p0000-A_l3a-vis-ch4-mf-v002_plume.tif,https://api.carbonmapper.org/api/v1/catalog/asset/l3a-vis-ch4-mf-v002/2023/08/24/GAO20230824t165721p0000-A/GAO20230824t165721p0000-A_l3a-vis-ch4-mf-v002_plume.png,,https://api.carbonmapper.org/api/v1/catalog/asset/l3a-vis-ch4-mf-v002/2023/08/24/GAO20230824t165721p0000-A/GAO20230824t165721p0000-A_l3a-vis-ch4-mf-v002_rgb.tif,https://api.carbonmapper.org/api/v1/catalog/asset/l3a-vis-ch4-mf-v002/2023/08/24/GAO20230824t165721p0000-A/GAO20230824t165721p0000-A_l3a-vis-ch4-mf-v002_rgb.png,1,EMIT_L2A_RFL_001_20230824T175337_2323612_023,/mnt/engg-leung/Research_No9_Methane_Emissions/Yuyao/raw_data_dir_l89_L2SR/EMIT_simulated_landsat9/GAO20230824t165721p0000-A_sim_L9.tif,/mnt/engg-leung/Research_No9_Methane_Emissions/Yuyao/Dataset/data_dir_l89_L2SR/plume_masks_l89_512/GAO20230824t165721p0000-A/mask_30m_512.tif
GAO20230824t165721p0000-C,32.09216854491878,-101.82307457473156,2023-08-24 16:57:21+00:00,Oil & Gas (1B2),CH4,mf,"[-101.82737855875381, 32.09118512250127, -101.82122303861895, 32.096354998735606]",GAO,production,2023-12-04 18:53:14.756717+00:00,2025-03-25 23:08:20.603752+00:00,v1,,,,,552.571350726758,142.51789335598878,5.19921875,0.34130859375,170.42753586831847,7.012284507439654,hrrr,Global Airborne Observatory,ASU GDCS,https://api.carbonmapper.org/api/v1/catalog/asset/l3a-vis-ch4-mf-v002/2023/08/24/GAO20230824t165721p0000-C/GAO20230824t165721p0000-C_l3a-vis-ch4-mf-v002_plume.tif,https://api.carbonmapper.org/api/v1/catalog/asset/l3a-vis-ch4-mf-v002/2023/08/24/GAO20230824t165721p0000-C/GAO20230824t165721p0000-C_l3a-vis-ch4-mf-v002_plume.png,,https://api.carbonmapper.org/api/v1/catalog/asset/l3a-vis-ch4-mf-v002/2023/08/24/GAO20230824t165721p0000-C/GAO20230824t165721p0000-C_l3a-vis-ch4-mf-v002_rgb.tif,https://api.carbonmapper.org/api/v1/catalog/asset/l3a-vis-ch4-mf-v002/2023/08/24/GAO20230824t165721p0000-C/GAO20230824t165721p0000-C_l3a-vis-ch4-mf-v002_rgb.png,1,EMIT_L2A_RFL_001_20230824T175337_2323612_023,/mnt/engg-leung/Research_No9_Methane_Emissions/Yuyao/raw_data_dir_l89_L2SR/EMIT_simulated_landsat9/GAO20230824t165721p0000-C_sim_L9.tif,/mnt/engg-leung/Research_No9_Methane_Emissions/Yuyao/Dataset/data_dir_l89_L2SR/plume_masks_l89_512/GAO20230824t165721p0000-C/mask_30m_512.tif
GAO20230824t165721p0000-E,31.91911416920325,-101.83074588741556,2023-08-24 16:57:21+00:00,Oil & Gas (1B2),CH4,mf,"[-101.83390703751431, 31.916984504796922, -101.82776309213985, 31.922154474984602]",GAO,production,2023-12-04 18:50:45.565652+00:00,2025-03-25 22:45:08.574167+00:00,v1,,,,,128.71292040497124,43.11181465692444,4.8515625,0.33349609375,167.61076585460523,5.580388098749125,hrrr,Global Airborne Observatory,ASU GDCS,https://api.carbonmapper.org/api/v1/catalog/asset/l3a-vis-ch4-mf-v002/2023/08/24/GAO20230824t165721p0000-E/GAO20230824t165721p0000-E_l3a-vis-ch4-mf-v002_plume.tif,https://api.carbonmapper.org/api/v1/catalog/asset/l3a-vis-ch4-mf-v002/2023/08/24/GAO20230824t165721p0000-E/GAO20230824t165721p0000-E_l3a-vis-ch4-mf-v002_plume.png,,https://api.carbonmapper.org/api/v1/catalog/asset/l3a-vis-ch4-mf-v002/2023/08/24/GAO20230824t165721p0000-E/GAO20230824t165721p0000-E_l3a-vis-ch4-mf-v002_rgb.tif,https://api.carbonmapper.org/api/v1/catalog/asset/l3a-vis-ch4-mf-v002/2023/08/24/GAO20230824t165721p0000-E/GAO20230824t165721p0000-E_l3a-vis-ch4-mf-v002_rgb.png,1,EMIT_L2A_RFL_001_20230824T175349_2323612_024,/mnt/engg-leung/Research_No9_Methane_Emissions/Yuyao/raw_data_dir_l89_L2SR/EMIT_simulated_landsat9/GAO20230824t165721p0000-E_sim_L9.tif,/mnt/engg-leung/Research_No9_Methane_Emissions/Yuyao/Dataset/data_dir_l89_L2SR/plume_masks_l89_512/GAO20230824t165721p0000-E/mask_30m_512.tif
GAO20230824t165721p0000-F,31.732930324930194,-101.78884998012104,2023-08-24 16:57:21+00:00,Oil & Gas (1B2),CH4,mf,"[-101.79224939608291, 31.731205823659852, -101.78611773182743, 31.736420809331197]",GAO,production,2023-12-04 18:41:29.838868+00:00,2025-03-25 22:40:18.683631+00:00,v1,,,,,140.94098977094546,68.10039980673022,5.01953125,0.17919921875,167.68416306742617,3.150437036672245,hrrr,Global Airborne Observatory,ASU GDCS,https://api.carbonmapper.org/api/v1/catalog/asset/l3a-vis-ch4-mf-v002/2023/08/24/GAO20230824t165721p0000-F/GAO20230824t165721p0000-F_l3a-vis-ch4-mf-v002_plume.tif,https://api.carbonmapper.org/api/v1/catalog/asset/l3a-vis-ch4-mf-v002/2023/08/24/GAO20230824t165721p0000-F/GAO20230824t165721p0000-F_l3a-vis-ch4-mf-v002_plume.png,,https://api.carbonmapper.org/api/v1/catalog/asset/l3a-vis-ch4-mf-v002/2023/08/24/GAO20230824t165721p0000-F/GAO20230824t165721p0000-F_l3a-vis-ch4-mf-v002_rgb.tif,https://api.carbonmapper.org/api/v1/catalog/asset/l3a-vis-ch4-mf-v002/2023/08/24/GAO20230824t165721p0000-F/GAO20230824t165721p0000-F_l3a-vis-ch4-mf-v002_rgb.png,1,EMIT_L2A_RFL_001_20230824T175349_2323612_024,/mnt/engg-leung/Research_No9_Methane_Emissions/Yuyao/raw_data_dir_l89_L2SR/EMIT_simulated_landsat9/GAO20230824t165721p0000-F_sim_L9.tif,/mnt/engg-leung/Research_No9_Methane_Emissions/Yuyao/Dataset/data_dir_l89_L2SR/plume_masks_l89_512/GAO20230824t165721p0000-F/mask_30m_512.tif
GAO20230824t171600p0000-A,32.09216594371368,-101.8229801375206,2023-08-24 17:16:00+00:00,Oil & Gas (1B2),CH4,mf,"[-101.82954214517031, 32.09119373142918, -101.8202023693911, 32.09906112573105]",GAO,production,2023-12-04 18:53:14.723805+00:00,2025-03-25 22:39:21.502744+00:00,v1,,,,,820.2827622072722,102.60635762755864,5.25390625,0.259765625,167.93349229288833,3.547376732949574,hrrr,Global Airborne Observatory,ASU GDCS,https://api.carbonmapper.org/api/v1/catalog/asset/l3a-vis-ch4-mf-v002/2023/08/24/GAO20230824t171600p0000-A/GAO20230824t171600p0000-A_l3a-vis-ch4-mf-v002_plume.tif,https://api.carbonmapper.org/api/v1/catalog/asset/l3a-vis-ch4-mf-v002/2023/08/24/GAO20230824t171600p0000-A/GAO20230824t171600p0000-A_l3a-vis-ch4-mf-v002_plume.png,,https://api.carbonmapper.org/api/v1/catalog/asset/l3a-vis-ch4-mf-v002/2023/08/24/GAO20230824t171600p0000-A/GAO20230824t171600p0000-A_l3a-vis-ch4-mf-v002_rgb.tif,https://api.carbonmapper.org/api/v1/catalog/asset/l3a-vis-ch4-mf-v002/2023/08/24/GAO20230824t171600p0000-A/GAO20230824t171600p0000-A_l3a-vis-ch4-mf-v002_rgb.png,1,EMIT_L2A_RFL_001_20230824T175337_2323612_023,/mnt/engg-leung/Research_No9_Methane_Emissions/Yuyao/raw_data_dir_l89_L2SR/EMIT_simulated_landsat9/GAO20230824t171600p0000-A_sim_L9.tif,/mnt/engg-leung/Research_No9_Methane_Emissions/Yuyao/Dataset/data_dir_l89_L2SR/plume_masks_l89_512/GAO20230824t171600p0000-A/mask_30m_512.tif
GAO20230824t171600p0000-B,32.09059095947259,-101.82456238489648,2023-08-24 17:16:00+00:00,Oil & Gas (1B2),CH4,mf,"[-101.83052751161202, 32.085540207359074, -101.81837563486437, 32.09583537790375]",GAO,production,2024-01-19 21:19:12.902385+00:00,2025-03-25 22:39:28.584688+00:00,v1,,,,,199.92579847670024,35.83949040035301,5.25390625,0.259765625,167.93349229288833,3.547376732949574,hrrr,Global Airborne Observatory,ASU GDCS,https://api.carbonmapper.org/api/v1/catalog/asset/l3a-vis-ch4-mf-v1/2023/08/24/GAO20230824t171600p0000-B/GAO20230824t171600p0000-B_l3a-vis-ch4-mf-v1_plume.tif,https://api.carbonmapper.org/api/v1/catalog/asset/l3a-vis-ch4-mf-v1/2023/08/24/GAO20230824t171600p0000-B/GAO20230824t171600p0000-B_l3a-vis-ch4-mf-v1_plume.png,,https://api.carbonmapper.org/api/v1/catalog/asset/l3a-vis-ch4-mf-v1/2023/08/24/GAO20230824t171600p0000-B/GAO20230824t171600p0000-B_l3a-vis-ch4-mf-v1_rgb.tif,https://api.carbonmapper.org/api/v1/catalog/asset/l3a-vis-ch4-mf-v1/2023/08/24/GAO20230824t171600p0000-B/GAO20230824t171600p0000-B_l3a-vis-ch4-mf-v1_rgb.png,1,EMIT_L2A_RFL_001_20230824T175337_2323612_023,/mnt/engg-leung/Research_No9_Methane_Emissions/Yuyao/raw_data_dir_l89_L2SR/EMIT_simulated_landsat9/GAO20230824t171600p0000-B_sim_L9.tif,/mnt/engg-leung/Research_No9_Methane_Emissions/Yuyao/Dataset/data_dir_l89_L2SR/plume_masks_l89_512/GAO20230824t171600p0000-B/mask_30m_512.tif
GAO20230824t171600p0000-C,31.95190553832346,-101.79345017541226,2023-08-24 17:16:00+00:00,Oil & Gas (1B2),CH4,mf,"[-101.79771559644978, 31.95015558746654, -101.79156944690206, 31.955370501286623]",GAO,production,2023-12-04 18:51:09.800616+00:00,2025-03-25 22:39:34.400465+00:00,v1,,,,,194.6985208542172,32.82929536743881,5.0546875,0.24169921875,167.70123854035123,4.111375580846502,hrrr,Global Airborne Observatory,ASU GDCS,https://api.carbonmapper.org/api/v1/catalog/asset/l3a-vis-ch4-mf-v002/2023/08/24/GAO20230824t171600p0000-C/GAO20230824t171600p0000-C_l3a-vis-ch4-mf-v002_plume.tif,https://api.carbonmapper.org/api/v1/catalog/asset/l3a-vis-ch4-mf-v002/2023/08/24/GAO20230824t171600p0000-C/GAO20230824t171600p0000-C_l3a-vis-ch4-mf-v002_plume.png,,https://api.carbonmapper.org/api/v1/catalog/asset/l3a-vis-ch4-mf-v002/2023/08/24/GAO20230824t171600p0000-C/GAO20230824t171600p0000-C_l3a-vis-ch4-mf-v002_rgb.tif,https://api.carbonmapper.org/api/v1/catalog/asset/l3a-vis-ch4-mf-v002/2023/08/24/GAO20230824t171600p0000-C/GAO20230824t171600p0000-C_l3a-vis-ch4-mf-v002_rgb.png,1,EMIT_L2A_RFL_001_20230824T175349_2323612_024,/mnt/engg-leung/Research_No9_Methane_Emissions/Yuyao/raw_data_dir_l89_L2SR/EMIT_simulated_landsat9/GAO20230824t171600p0000-C_sim_L9.tif,/mnt/engg-leung/Research_No9_Methane_Emissions/Yuyao/Dataset/data_dir_l89_L2SR/plume_masks_l89_512/GAO20230824t171600p0000-C/mask_30m_512.tif
GAO20230824t171600p0000-D,31.90744218824875,-101.78365300402156,2023-08-24 17:16:00+00:00,Oil & Gas (1B2),CH4,mf,"[-101.78625357415947, 31.905824274045003, -101.78016322415684, 31.91103929213513]",GAO,production,2023-12-04 18:49:20.859581+00:00,2025-03-25 22:39:42.023108+00:00,v1,,,,,395.35160524987486,123.86913442660988,4.984375,0.271728515625,167.90598029091151,3.363690117276965,hrrr,Global Airborne Observatory,ASU GDCS,https://api.carbonmapper.org/api/v1/catalog/asset/l3a-vis-ch4-mf-v002/2023/08/24/GAO20230824t171600p0000-D/GAO20230824t171600p0000-D_l3a-vis-ch4-mf-v002_plume.tif,https://api.carbonmapper.org/api/v1/catalog/asset/l3a-vis-ch4-mf-v002/2023/08/24/GAO20230824t171600p0000-D/GAO20230824t171600p0000-D_l3a-vis-ch4-mf-v002_plume.png,,https://api.carbonmapper.org/api/v1/catalog/asset/l3a-vis-ch4-mf-v002/2023/08/24/GAO20230824t171600p0000-D/GAO20230824t171600p0000-D_l3a-vis-ch4-mf-v002_rgb.tif,https://api.carbonmapper.org/api/v1/catalog/asset/l3a-vis-ch4-mf-v002/2023/08/24/GAO20230824t171600p0000-D/GAO20230824t171600p0000-D_l3a-vis-ch4-mf-v002_rgb.png,1,EMIT_L2A_RFL_001_20230824T175349_2323612_024,/mnt/engg-leung/Research_No9_Methane_Emissions/Yuyao/raw_data_dir_l89_L2SR/EMIT_simulated_landsat9/GAO20230824t171600p0000-D_sim_L9.tif,/mnt/engg-leung/Research_No9_Methane_Emissions/Yuyao/Dataset/data_dir_l89_L2SR/plume_masks_l89_512/GAO20230824t171600p0000-D/mask_30m_512.tif
GAO20230824t171600p0000-E,31.8695245576776,-101.79733524023509,2023-08-24 17:16:00+00:00,Oil & Gas (1B2),CH4,mf,"[-101.80460381884468, 31.86846794458689, -101.7933278634049, 31.87799873754914]",GAO,production,2023-12-06 17:24:32.024380+00:00,2025-03-25 22:39:46.719885+00:00,v1,,,,,631.4386225725897,284.9338429220238,4.96484375,0.2509765625,167.41950689746653,3.878246561457589,hrrr,Global Airborne Observatory,ASU GDCS,https://api.carbonmapper.org/api/v1/catalog/asset/l3a-vis-ch4-mf-v002/2023/08/24/GAO20230824t171600p0000-E/GAO20230824t171600p0000-E_l3a-vis-ch4-mf-v002_plume.tif,https://api.carbonmapper.org/api/v1/catalog/asset/l3a-vis-ch4-mf-v002/2023/08/24/GAO20230824t171600p0000-E/GAO20230824t171600p0000-E_l3a-vis-ch4-mf-v002_plume.png,,https://api.carbonmapper.org/api/v1/catalog/asset/l3a-vis-ch4-mf-v002/2023/08/24/GAO20230824t171600p0000-E/GAO20230824t171600p0000-E_l3a-vis-ch4-mf-v002_rgb.tif,https://api.carbonmapper.org/api/v1/catalog/asset/l3a-vis-ch4-mf-v002/2023/08/24/GAO20230824t171600p0000-E/GAO20230824t171600p0000-E_l3a-vis-ch4-mf-v002_rgb.png,1,EMIT_L2A_RFL_001_20230824T175349_2323612_024,/mnt/engg-leung/Research_No9_Methane_Emissions/Yuyao/raw_data_dir_l89_L2SR/EMIT_simulated_landsat9/GAO20230824t171600p0000-E_sim_L9.tif,/mnt/engg-leung/Research_No9_Methane_Emissions/Yuyao/Dataset/data_dir_l89_L2SR/plume_masks_l89_512/GAO20230824t171600p0000-E/mask_30m_512.tif
GAO20230824t171600p0000-F,31.870829237194343,-101.79763554232387,2023-08-24 17:16:00+00:00,,CH4,mf,"[-101.80460381884468, 31.86846794458689, -101.7933278634049, 31.87799873754914]",GAO,production,2023-12-06 17:24:31.983890+00:00,2025-03-25 22:39:53.046383+00:00,v1,,,,,,,4.96484375,0.2509765625,167.41950689746653,3.878246561457589,hrrr,Global Airborne Observatory,ASU GDCS,https://api.carbonmapper.org/api/v1/catalog/asset/l3a-vis-ch4-mf-v002/2023/08/24/GAO20230824t171600p0000-F/GAO20230824t171600p0000-F_l3a-vis-ch4-mf-v002_plume.tif,https://api.carbonmapper.org/api/v1/catalog/asset/l3a-vis-ch4-mf-v002/2023/08/24/GAO20230824t171600p0000-F/GAO20230824t171600p0000-F_l3a-vis-ch4-mf-v002_plume.png,,https://api.carbonmapper.org/api/v1/catalog/asset/l3a-vis-ch4-mf-v002/2023/08/24/GAO20230824t171600p0000-F/GAO20230824t171600p0000-F_l3a-vis-ch4-mf-v002_rgb.tif,https://api.carbonmapper.org/api/v1/catalog/asset/l3a-vis-ch4-mf-v002/2023/08/24/GAO20230824t171600p0000-F/GAO20230824t171600p0000-F_l3a-vis-ch4-mf-v002_rgb.png,1,EMIT_L2A_RFL_001_20230824T175349_2323612_024,/mnt/engg-leung/Research_No9_Methane_Emissions/Yuyao/raw_data_dir_l89_L2SR/EMIT_simulated_landsat9/GAO20230824t171600p0000-F_sim_L9.tif,/mnt/engg-leung/Research_No9_Methane_Emissions/Yuyao/Dataset/data_dir_l89_L2SR/plume_masks_l89_512/GAO20230824t171600p0000-F/mask_30m_512.tif
GAO20230824t171600p0000-G,31.854896384244668,-101.78608999462584,2023-08-24 17:16:00+00:00,Oil & Gas (1B2),CH4,mf,"[-101.78908544947353, 31.85319944637808, -101.78294575915041, 31.858414370569914]",GAO,production,2023-12-04 18:46:05.359401+00:00,2025-03-25 22:39:58.584727+00:00,v1,,,,,699.3392698451447,173.40938240571575,5.015625,0.24658203125,167.36403210102768,3.7404879288662425,hrrr,Global Airborne Observatory,ASU GDCS,https://api.carbonmapper.org/api/v1/catalog/asset/l3a-vis-ch4-mf-v002/2023/08/24/GAO20230824t171600p0000-G/GAO20230824t171600p0000-G_l3a-vis-ch4-mf-v002_plume.tif,https://api.carbonmapper.org/api/v1/catalog/asset/l3a-vis-ch4-mf-v002/2023/08/24/GAO20230824t171600p0000-G/GAO20230824t171600p0000-G_l3a-vis-ch4-mf-v002_plume.png,,https://api.carbonmapper.org/api/v1/catalog/asset/l3a-vis-ch4-mf-v002/2023/08/24/GAO20230824t171600p0000-G/GAO20230824t171600p0000-G_l3a-vis-ch4-mf-v002_rgb.tif,https://api.carbonmapper.org/api/v1/catalog/asset/l3a-vis-ch4-mf-v002/2023/08/24/GAO20230824t171600p0000-G/GAO20230824t171600p0000-G_l3a-vis-ch4-mf-v002_rgb.png,1,EMIT_L2A_RFL_001_20230824T175349_2323612_024,/mnt/engg-leung/Research_No9_Methane_Emissions/Yuyao/raw_data_dir_l89_L2SR/EMIT_simulated_landsat9/GAO20230824t171600p0000-G_sim_L9.tif,/mnt/engg-leung/Research_No9_Methane_Emissions/Yuyao/Dataset/data_dir_l89_L2SR/plume_masks_l89_512/GAO20230824t171600p0000-G/mask_30m_512.tif
GAO20230824t171600p0000-H,31.84392097123869,-101.7783942444872,2023-08-24 17:16:00+00:00,,CH4,mf,"[-101.7803868713936, 31.842115616555013, -101.77414225192823, 31.84737534658682]",GAO,production,2023-12-04 18:44:49.092270+00:00,2025-03-25 22:40:03.436853+00:00,v1,,,,,,,5.046875,0.27392578125,167.57770773902234,3.127024188078553,hrrr,Global Airborne Observatory,ASU GDCS,https://api.carbonmapper.org/api/v1/catalog/asset/l3a-vis-ch4-mf-v002/2023/08/24/GAO20230824t171600p0000-H/GAO20230824t171600p0000-H_l3a-vis-ch4-mf-v002_plume.tif,https://api.carbonmapper.org/api/v1/catalog/asset/l3a-vis-ch4-mf-v002/2023/08/24/GAO20230824t171600p0000-H/GAO20230824t171600p0000-H_l3a-vis-ch4-mf-v002_plume.png,,https://api.carbonmapper.org/api/v1/catalog/asset/l3a-vis-ch4-mf-v002/2023/08/24/GAO20230824t171600p0000-H/GAO20230824t171600p0000-H_l3a-vis-ch4-mf-v002_rgb.tif,https://api.carbonmapper.org/api/v1/catalog/asset/l3a-vis-ch4-mf-v002/2023/08/24/GAO20230824t171600p0000-H/GAO20230824t171600p0000-H_l3a-vis-ch4-mf-v002_rgb.png,1,EMIT_L2A_RFL_001_20230824T175349_2323612_024,/mnt/engg-leung/Research_No9_Methane_Emissions/Yuyao/raw_data_dir_l89_L2SR/EMIT_simulated_landsat9/GAO20230824t171600p0000-H_sim_L9.tif,/mnt/engg-leung/Research_No9_Methane_Emissions/Yuyao/Dataset/data_dir_l89_L2SR/plume_masks_l89_512/GAO20230824t171600p0000-H/mask_30m_512.tif
GAO20230824t171600p0000-I,31.832610100922835,-101.78374893851856,2023-08-24 17:16:00+00:00,Oil & Gas (1B2),CH4,mf,"[-101.78815146301304, 31.831402785672985, -101.78206598562386, 31.836617841384214]",GAO,production,2023-12-04 18:43:11.853004+00:00,2025-03-25 22:51:09.532705+00:00,v1,,,,,790.7730140489077,272.2567504797965,5.015625,0.24658203125,167.36403210102768,3.7404879288662425,hrrr,Global Airborne Observatory,ASU GDCS,https://api.carbonmapper.org/api/v1/catalog/asset/l3a-vis-ch4-mf-v002/2023/08/24/GAO20230824t171600p0000-I/GAO20230824t171600p0000-I_l3a-vis-ch4-mf-v002_plume.tif,https://api.carbonmapper.org/api/v1/catalog/asset/l3a-vis-ch4-mf-v002/2023/08/24/GAO20230824t171600p0000-I/GAO20230824t171600p0000-I_l3a-vis-ch4-mf-v002_plume.png,,https://api.carbonmapper.org/api/v1/catalog/asset/l3a-vis-ch4-mf-v002/2023/08/24/GAO20230824t171600p0000-I/GAO20230824t171600p0000-I_l3a-vis-ch4-mf-v002_rgb.tif,https://api.carbonmapper.org/api/v1/catalog/asset/l3a-vis-ch4-mf-v002/2023/08/24/GAO20230824t171600p0000-I/GAO20230824t171600p0000-I_l3a-vis-ch4-mf-v002_rgb.png,1,EMIT_L2A_RFL_001_20230824T175349_2323612_024,/mnt/engg-leung/Research_No9_Methane_Emissions/Yuyao/raw_data_dir_l89_L2SR/EMIT_simulated_landsat9/GAO20230824t171600p0000-I_sim_L9.tif,/mnt/engg-leung/Research_No9_Methane_Emissions/Yuyao/Dataset/data_dir_l89_L2SR/plume_masks_l89_512/GAO20230824t171600p0000-I/mask_30m_512.tif
GAO20230824t171600p0000-J,31.732896027075952,-101.78874928542236,2023-08-24 17:16:00+00:00,Oil & Gas (1B2),CH4,mf,"[-101.7925965433437, 31.73184559491801, -101.78651769649554, 31.737015624892003]",GAO,production,2023-12-04 18:41:29.127803+00:00,2025-03-25 22:40:08.182578+00:00,v1,,,,,325.07387210202967,74.9766889228655,5.015625,0.18798828125,167.4250939922076,2.831398409463187,hrrr,Global Airborne Observatory,ASU GDCS,https://api.carbonmapper.org/api/v1/catalog/asset/l3a-vis-ch4-mf-v002/2023/08/24/GAO20230824t171600p0000-J/GAO20230824t171600p0000-J_l3a-vis-ch4-mf-v002_plume.tif,https://api.carbonmapper.org/api/v1/catalog/asset/l3a-vis-ch4-mf-v002/2023/08/24/GAO20230824t171600p0000-J/GAO20230824t171600p0000-J_l3a-vis-ch4-mf-v002_plume.png,,https://api.carbonmapper.org/api/v1/catalog/asset/l3a-vis-ch4-mf-v002/2023/08/24/GAO20230824t171600p0000-J/GAO20230824t171600p0000-J_l3a-vis-ch4-mf-v002_rgb.tif,https://api.carbonmapper.org/api/v1/catalog/asset/l3a-vis-ch4-mf-v002/2023/08/24/GAO20230824t171600p0000-J/GAO20230824t171600p0000-J_l3a-vis-ch4-mf-v002_rgb.png,1,EMIT_L2A_RFL_001_20230824T175349_2323612_024,/mnt/engg-leung/Research_No9_Methane_Emissions/Yuyao/raw_data_dir_l89_L2SR/EMIT_simulated_landsat9/GAO20230824t171600p0000-J_sim_L9.tif,/mnt/engg-leung/Research_No9_Methane_Emissions/Yuyao/Dataset/data_dir_l89_L2SR/plume_masks_l89_512/GAO20230824t171600p0000-J/mask_30m_512.tif
GAO20230824t171600p0000-K,31.6479067631887,-101.76693718021068,2023-08-24 17:16:00+00:00,Oil & Gas (1B2),CH4,mf,"[-101.77375437115442, 31.646487899146553, -101.76034005294368, 31.65795178067906]",GAO,production,2023-12-04 18:41:06.497910+00:00,2025-03-25 22:40:10.550568+00:00,v1,,,,,451.6579109632198,113.3314980186882,4.91796875,0.1678466796875,166.63855672814557,2.084261993474328,hrrr,Global Airborne Observatory,ASU GDCS,https://api.carbonmapper.org/api/v1/catalog/asset/l3a-vis-ch4-mf-v002/2023/08/24/GAO20230824t171600p0000-K/GAO20230824t171600p0000-K_l3a-vis-ch4-mf-v002_plume.tif,https://api.carbonmapper.org/api/v1/catalog/asset/l3a-vis-ch4-mf-v002/2023/08/24/GAO20230824t171600p0000-K/GAO20230824t171600p0000-K_l3a-vis-ch4-mf-v002_plume.png,,https://api.carbonmapper.org/api/v1/catalog/asset/l3a-vis-ch4-mf-v002/2023/08/24/GAO20230824t171600p0000-K/GAO20230824t171600p0000-K_l3a-vis-ch4-mf-v002_rgb.tif,https://api.carbonmapper.org/api/v1/catalog/asset/l3a-vis-ch4-mf-v002/2023/08/24/GAO20230824t171600p0000-K/GAO20230824t171600p0000-K_l3a-vis-ch4-mf-v002_rgb.png,1,EMIT_L2A_RFL_001_20230824T175349_2323612_024,/mnt/engg-leung/Research_No9_Methane_Emissions/Yuyao/raw_data_dir_l89_L2SR/EMIT_simulated_landsat9/GAO20230824t171600p0000-K_sim_L9.tif,/mnt/engg-leung/Research_No9_Methane_Emissions/Yuyao/Dataset/data_dir_l89_L2SR/plume_masks_l89_512/GAO20230824t171600p0000-K/mask_30m_512.tif
GAO20230824t171600p0000-L,31.64445141793354,-101.76558222035116,2023-08-24 17:16:00+00:00,Oil & Gas (1B2),CH4,mf,"[-101.76917839707777, 31.6435307469147, -101.76083452735426, 31.65063385037629]",GAO,production,2024-01-02 20:36:57.333152+00:00,2025-03-25 22:40:11.078020+00:00,v1,,,,,692.7562584440229,99.4673298524425,4.91796875,0.1678466796875,166.63855672814557,2.084261993474328,hrrr,Global Airborne Observatory,ASU GDCS,https://api.carbonmapper.org/api/v1/catalog/asset/l3a-vis-ch4-mf-v002/2023/08/24/GAO20230824t171600p0000-L/GAO20230824t171600p0000-L_l3a-vis-ch4-mf-v002_plume.tif,https://api.carbonmapper.org/api/v1/catalog/asset/l3a-vis-ch4-mf-v002/2023/08/24/GAO20230824t171600p0000-L/GAO20230824t171600p0000-L_l3a-vis-ch4-mf-v002_plume.png,,https://api.carbonmapper.org/api/v1/catalog/asset/l3a-vis-ch4-mf-v002/2023/08/24/GAO20230824t171600p0000-L/GAO20230824t171600p0000-L_l3a-vis-ch4-mf-v002_rgb.tif,https://api.carbonmapper.org/api/v1/catalog/asset/l3a-vis-ch4-mf-v002/2023/08/24/GAO20230824t171600p0000-L/GAO20230824t171600p0000-L_l3a-vis-ch4-mf-v002_rgb.png,1,EMIT_L2A_RFL_001_20230824T175349_2323612_024,/mnt/engg-leung/Research_No9_Methane_Emissions/Yuyao/raw_data_dir_l89_L2SR/EMIT_simulated_landsat9/GAO20230824t171600p0000-L_sim_L9.tif,/mnt/engg-leung/Research_No9_Methane_Emissions/Yuyao/Dataset/data_dir_l89_L2SR/plume_masks_l89_512/GAO20230824t171600p0000-L/mask_30m_512.tif
GAO20230824t172827p0000-A,31.90744795009444,-101.7835898496647,2023-08-24 17:28:27+00:00,Oil & Gas (1B2),CH4,mf,"[-101.78700682770464, 31.905437794639855, -101.78086383785386, 31.910607609594024]",GAO,production,2023-12-04 18:49:20.827290+00:00,2025-03-25 22:36:52.447454+00:00,v1,,,,,358.8951639095579,55.54620768189468,4.984375,0.271728515625,167.90598029091151,3.363690117276965,hrrr,Global Airborne Observatory,ASU GDCS,https://api.carbonmapper.org/api/v1/catalog/asset/l3a-vis-ch4-mf-v002/2023/08/24/GAO20230824t172827p0000-A/GAO20230824t172827p0000-A_l3a-vis-ch4-mf-v002_plume.tif,https://api.carbonmapper.org/api/v1/catalog/asset/l3a-vis-ch4-mf-v002/2023/08/24/GAO20230824t172827p0000-A/GAO20230824t172827p0000-A_l3a-vis-ch4-mf-v002_plume.png,,https://api.carbonmapper.org/api/v1/catalog/asset/l3a-vis-ch4-mf-v002/2023/08/24/GAO20230824t172827p0000-A/GAO20230824t172827p0000-A_l3a-vis-ch4-mf-v002_rgb.tif,https://api.carbonmapper.org/api/v1/catalog/asset/l3a-vis-ch4-mf-v002/2023/08/24/GAO20230824t172827p0000-A/GAO20230824t172827p0000-A_l3a-vis-ch4-mf-v002_rgb.png,1,EMIT_L2A_RFL_001_20230824T175349_2323612_024,/mnt/engg-leung/Research_No9_Methane_Emissions/Yuyao/raw_data_dir_l89_L2SR/EMIT_simulated_landsat9/GAO20230824t172827p0000-A_sim_L9.tif,/mnt/engg-leung/Research_No9_Methane_Emissions/Yuyao/Dataset/data_dir_l89_L2SR/plume_masks_l89_512/GAO20230824t172827p0000-A/mask_30m_512.tif
GAO20230824t172827p0000-B,31.909198345925503,-101.77633708979072,2023-08-24 17:28:27+00:00,Oil & Gas (1B2),CH4,mf,"[-101.77965799318582, 31.907054527183863, -101.77356758910655, 31.912269521855098]",GAO,production,2023-12-04 18:49:20.594338+00:00,2025-03-25 22:59:06.172185+00:00,v1,,,,,164.0322083893835,45.22148314116483,4.984375,0.271728515625,167.90598029091151,3.363690117276965,hrrr,Global Airborne Observatory,ASU GDCS,https://api.carbonmapper.org/api/v1/catalog/asset/l3a-vis-ch4-mf-v002/2023/08/24/GAO20230824t172827p0000-B/GAO20230824t172827p0000-B_l3a-vis-ch4-mf-v002_plume.tif,https://api.carbonmapper.org/api/v1/catalog/asset/l3a-vis-ch4-mf-v002/2023/08/24/GAO20230824t172827p0000-B/GAO20230824t172827p0000-B_l3a-vis-ch4-mf-v002_plume.png,,https://api.carbonmapper.org/api/v1/catalog/asset/l3a-vis-ch4-mf-v002/2023/08/24/GAO20230824t172827p0000-B/GAO20230824t172827p0000-B_l3a-vis-ch4-mf-v002_rgb.tif,https://api.carbonmapper.org/api/v1/catalog/asset/l3a-vis-ch4-mf-v002/2023/08/24/GAO20230824t172827p0000-B/GAO20230824t172827p0000-B_l3a-vis-ch4-mf-v002_rgb.png,1,EMIT_L2A_RFL_001_20230824T175349_2323612_024,/mnt/engg-leung/Research_No9_Methane_Emissions/Yuyao/raw_data_dir_l89_L2SR/EMIT_simulated_landsat9/GAO20230824t172827p0000-B_sim_L9.tif,/mnt/engg-leung/Research_No9_Methane_Emissions/Yuyao/Dataset/data_dir_l89_L2SR/plume_masks_l89_512/GAO20230824t172827p0000-B/mask_30m_512.tif
GAO20230824t172827p0000-C,31.857991553499616,-101.76488884820276,2023-08-24 17:28:27+00:00,Oil & Gas (1B2),CH4,mf,"[-101.77020579252503, 31.85673311058319, -101.7613134939095, 31.864330611092463]",GAO,production,2023-12-04 18:46:50.222738+00:00,2025-03-25 22:59:12.052566+00:00,v1,,,,,707.7228559673509,163.1376284020652,5.046875,0.27392578125,167.57770773902234,3.127024188078553,hrrr,Global Airborne Observatory,ASU GDCS,https://api.carbonmapper.org/api/v1/catalog/asset/l3a-vis-ch4-mf-v002/2023/08/24/GAO20230824t172827p0000-C/GAO20230824t172827p0000-C_l3a-vis-ch4-mf-v002_plume.tif,https://api.carbonmapper.org/api/v1/catalog/asset/l3a-vis-ch4-mf-v002/2023/08/24/GAO20230824t172827p0000-C/GAO20230824t172827p0000-C_l3a-vis-ch4-mf-v002_plume.png,,https://api.carbonmapper.org/api/v1/catalog/asset/l3a-vis-ch4-mf-v002/2023/08/24/GAO20230824t172827p0000-C/GAO20230824t172827p0000-C_l3a-vis-ch4-mf-v002_rgb.tif,https://api.carbonmapper.org/api/v1/catalog/asset/l3a-vis-ch4-mf-v002/2023/08/24/GAO20230824t172827p0000-C/GAO20230824t172827p0000-C_l3a-vis-ch4-mf-v002_rgb.png,1,EMIT_L2A_RFL_001_20230824T175349_2323612_024,/mnt/engg-leung/Research_No9_Methane_Emissions/Yuyao/raw_data_dir_l89_L2SR/EMIT_simulated_landsat9/GAO20230824t172827p0000-C_sim_L9.tif,/mnt/engg-leung/Research_No9_Methane_Emissions/Yuyao/Dataset/data_dir_l89_L2SR/plume_masks_l89_512/GAO20230824t172827p0000-C/mask_30m_512.tif
GAO20230824t172827p0000-D,31.85206387738269,-101.77655222231334,2023-08-24 17:28:27+00:00,Oil & Gas (1B2),CH4,mf,"[-101.78266189399983, 31.8506508525921, -101.76853013688763, 31.862653960600753]",GAO,production,2023-12-04 18:45:55.474832+00:00,2025-03-25 22:32:34.603965+00:00,v1,,,,,680.7063600878813,128.74407874345957,5.046875,0.27392578125,167.57770773902234,3.127024188078553,hrrr,Global Airborne Observatory,ASU GDCS,https://api.carbonmapper.org/api/v1/catalog/asset/l3a-vis-ch4-mf-v002/2023/08/24/GAO20230824t172827p0000-D/GAO20230824t172827p0000-D_l3a-vis-ch4-mf-v002_plume.tif,https://api.carbonmapper.org/api/v1/catalog/asset/l3a-vis-ch4-mf-v002/2023/08/24/GAO20230824t172827p0000-D/GAO20230824t172827p0000-D_l3a-vis-ch4-mf-v002_plume.png,,https://api.carbonmapper.org/api/v1/catalog/asset/l3a-vis-ch4-mf-v002/2023/08/24/GAO20230824t172827p0000-D/GAO20230824t172827p0000-D_l3a-vis-ch4-mf-v002_rgb.tif,https://api.carbonmapper.org/api/v1/catalog/asset/l3a-vis-ch4-mf-v002/2023/08/24/GAO20230824t172827p0000-D/GAO20230824t172827p0000-D_l3a-vis-ch4-mf-v002_rgb.png,1,EMIT_L2A_RFL_001_20230824T175349_2323612_024,/mnt/engg-leung/Research_No9_Methane_Emissions/Yuyao/raw_data_dir_l89_L2SR/EMIT_simulated_landsat9/GAO20230824t172827p0000-D_sim_L9.tif,/mnt/engg-leung/Research_No9_Methane_Emissions/Yuyao/Dataset/data_dir_l89_L2SR/plume_masks_l89_512/GAO20230824t172827p0000-D/mask_30m_512.tif
GAO20230824t172827p0000-E,31.844870857410115,-101.77250975240968,2023-08-24 17:28:27+00:00,Oil & Gas (1B2),CH4,mf,"[-101.78710425586667, 31.8422012251045, -101.76154081285391, 31.863914924508123]",GAO,production,2023-12-04 18:44:34.898930+00:00,2025-03-25 22:36:56.935964+00:00,v1,,,,,1349.023829553036,253.6618828568612,5.046875,0.27392578125,167.57770773902234,3.127024188078553,hrrr,Global Airborne Observatory,ASU GDCS,https://api.carbonmapper.org/api/v1/catalog/asset/l3a-vis-ch4-mf-v002/2023/08/24/GAO20230824t172827p0000-E/GAO20230824t172827p0000-E_l3a-vis-ch4-mf-v002_plume.tif,https://api.carbonmapper.org/api/v1/catalog/asset/l3a-vis-ch4-mf-v002/2023/08/24/GAO20230824t172827p0000-E/GAO20230824t172827p0000-E_l3a-vis-ch4-mf-v002_plume.png,,https://api.carbonmapper.org/api/v1/catalog/asset/l3a-vis-ch4-mf-v002/2023/08/24/GAO20230824t172827p0000-E/GAO20230824t172827p0000-E_l3a-vis-ch4-mf-v002_rgb.tif,https://api.carbonmapper.org/api/v1/catalog/asset/l3a-vis-ch4-mf-v002/2023/08/24/GAO20230824t172827p0000-E/GAO20230824t172827p0000-E_l3a-vis-ch4-mf-v002_rgb.png,1,EMIT_L2A_RFL_001_20230824T175349_2323612_024,/mnt/engg-leung/Research_No9_Methane_Emissions/Yuyao/raw_data_dir_l89_L2SR/EMIT_simulated_landsat9/GAO20230824t172827p0000-E_sim_L9.tif,/mnt/engg-leung/Research_No9_Methane_Emissions/Yuyao/Dataset/data_dir_l89_L2SR/plume_masks_l89_512/GAO20230824t172827p0000-E/mask_30m_512.tif
GAO20230824t172827p0000-F,31.84388092083249,-101.77852103838052,2023-08-24 17:28:27+00:00,Oil & Gas (1B2),CH4,mf,"[-101.78058225835896, 31.84257118567252, -101.77444345454474, 31.847741004131557]",GAO,production,2023-12-04 18:44:49.060048+00:00,2025-03-25 22:32:35.472892+00:00,v1,,,,,207.15969507835047,60.258865119603925,5.046875,0.27392578125,167.57770773902234,3.127024188078553,hrrr,Global Airborne Observatory,ASU GDCS,https://api.carbonmapper.org/api/v1/catalog/asset/l3a-vis-ch4-mf-v002/2023/08/24/GAO20230824t172827p0000-F/GAO20230824t172827p0000-F_l3a-vis-ch4-mf-v002_plume.tif,https://api.carbonmapper.org/api/v1/catalog/asset/l3a-vis-ch4-mf-v002/2023/08/24/GAO20230824t172827p0000-F/GAO20230824t172827p0000-F_l3a-vis-ch4-mf-v002_plume.png,,https://api.carbonmapper.org/api/v1/catalog/asset/l3a-vis-ch4-mf-v002/2023/08/24/GAO20230824t172827p0000-F/GAO20230824t172827p0000-F_l3a-vis-ch4-mf-v002_rgb.tif,https://api.carbonmapper.org/api/v1/catalog/asset/l3a-vis-ch4-mf-v002/2023/08/24/GAO20230824t172827p0000-F/GAO20230824t172827p0000-F_l3a-vis-ch4-mf-v002_rgb.png,1,EMIT_L2A_RFL_001_20230824T175349_2323612_024,/mnt/engg-leung/Research_No9_Methane_Emissions/Yuyao/raw_data_dir_l89_L2SR/EMIT_simulated_landsat9/GAO20230824t172827p0000-F_sim_L9.tif,/mnt/engg-leung/Research_No9_Methane_Emissions/Yuyao/Dataset/data_dir_l89_L2SR/plume_masks_l89_512/GAO20230824t172827p0000-F/mask_30m_512.tif
GAO20230824t172827p0000-G,31.789767813347268,-101.76154145225334,2023-08-24 17:28:27+00:00,Oil & Gas (1B2),CH4,mf,"[-101.7646838660005, 31.788208772049124, -101.75854871410907, 31.79337855755959]",GAO,production,2023-12-04 18:42:46.366446+00:00,2025-03-25 22:59:18.423402+00:00,v1,,,,,200.9637203860578,44.54693646492892,5.04296875,0.2412109375,167.30893979518237,2.8454786144088446,hrrr,Global Airborne Observatory,ASU GDCS,https://api.carbonmapper.org/api/v1/catalog/asset/l3a-vis-ch4-mf-v002/2023/08/24/GAO20230824t172827p0000-G/GAO20230824t172827p0000-G_l3a-vis-ch4-mf-v002_plume.tif,https://api.carbonmapper.org/api/v1/catalog/asset/l3a-vis-ch4-mf-v002/2023/08/24/GAO20230824t172827p0000-G/GAO20230824t172827p0000-G_l3a-vis-ch4-mf-v002_plume.png,,https://api.carbonmapper.org/api/v1/catalog/asset/l3a-vis-ch4-mf-v002/2023/08/24/GAO20230824t172827p0000-G/GAO20230824t172827p0000-G_l3a-vis-ch4-mf-v002_rgb.tif,https://api.carbonmapper.org/api/v1/catalog/asset/l3a-vis-ch4-mf-v002/2023/08/24/GAO20230824t172827p0000-G/GAO20230824t172827p0000-G_l3a-vis-ch4-mf-v002_rgb.png,1,EMIT_L2A_RFL_001_20230824T175349_2323612_024,/mnt/engg-leung/Research_No9_Methane_Emissions/Yuyao/raw_data_dir_l89_L2SR/EMIT_simulated_landsat9/GAO20230824t172827p0000-G_sim_L9.tif,/mnt/engg-leung/Research_No9_Methane_Emissions/Yuyao/Dataset/data_dir_l89_L2SR/plume_masks_l89_512/GAO20230824t172827p0000-G/mask_30m_512.tif
GAO20230824t172827p0000-H,31.773796118410218,-101.75900207853375,2023-08-24 17:28:27+00:00,,CH4,mf,"[-101.76136331425725, 31.77144513106105, -101.75528186467575, 31.776660118159025]",GAO,production,2023-12-04 18:41:59.060416+00:00,2025-03-25 22:59:20.069819+00:00,v1,,,,,175.31335366101916,131.6360164181525,5.02734375,0.2222900390625,167.19323639064234,2.7165695156569147,hrrr,Global Airborne Observatory,ASU GDCS,https://api.carbonmapper.org/api/v1/catalog/asset/l3a-vis-ch4-mf-v002/2023/08/24/GAO20230824t172827p0000-H/GAO20230824t172827p0000-H_l3a-vis-ch4-mf-v002_plume.tif,https://api.carbonmapper.org/api/v1/catalog/asset/l3a-vis-ch4-mf-v002/2023/08/24/GAO20230824t172827p0000-H/GAO20230824t172827p0000-H_l3a-vis-ch4-mf-v002_plume.png,,https://api.carbonmapper.org/api/v1/catalog/asset/l3a-vis-ch4-mf-v002/2023/08/24/GAO20230824t172827p0000-H/GAO20230824t172827p0000-H_l3a-vis-ch4-mf-v002_rgb.tif,https://api.carbonmapper.org/api/v1/catalog/asset/l3a-vis-ch4-mf-v002/2023/08/24/GAO20230824t172827p0000-H/GAO20230824t172827p0000-H_l3a-vis-ch4-mf-v002_rgb.png,1,EMIT_L2A_RFL_001_20230824T175349_2323612_024,/mnt/engg-leung/Research_No9_Methane_Emissions/Yuyao/raw_data_dir_l89_L2SR/EMIT_simulated_landsat9/GAO20230824t172827p0000-H_sim_L9.tif,/mnt/engg-leung/Research_No9_Methane_Emissions/Yuyao/Dataset/data_dir_l89_L2SR/plume_masks_l89_512/GAO20230824t172827p0000-H/mask_30m_512.tif
GAO20230824t173950p0000-A,31.90919377508956,-101.7762878439227,2023-08-24 17:39:50+00:00,Oil & Gas (1B2),CH4,mf,"[-101.78031296525081, 31.907972823834776, -101.77416968546697, 31.913187694876765]",GAO,production,2023-12-04 18:49:20.528194+00:00,2025-03-25 22:59:21.430840+00:00,v1,,,,,266.887820320373,99.025124494123,4.984375,0.271728515625,167.90598029091151,3.363690117276965,hrrr,Global Airborne Observatory,ASU GDCS,https://api.carbonmapper.org/api/v1/catalog/asset/l3a-vis-ch4-mf-v002/2023/08/24/GAO20230824t173950p0000-A/GAO20230824t173950p0000-A_l3a-vis-ch4-mf-v002_plume.tif,https://api.carbonmapper.org/api/v1/catalog/asset/l3a-vis-ch4-mf-v002/2023/08/24/GAO20230824t173950p0000-A/GAO20230824t173950p0000-A_l3a-vis-ch4-mf-v002_plume.png,,https://api.carbonmapper.org/api/v1/catalog/asset/l3a-vis-ch4-mf-v002/2023/08/24/GAO20230824t173950p0000-A/GAO20230824t173950p0000-A_l3a-vis-ch4-mf-v002_rgb.tif,https://api.carbonmapper.org/api/v1/catalog/asset/l3a-vis-ch4-mf-v002/2023/08/24/GAO20230824t173950p0000-A/GAO20230824t173950p0000-A_l3a-vis-ch4-mf-v002_rgb.png,1,EMIT_L2A_RFL_001_20230824T175349_2323612_024,/mnt/engg-leung/Research_No9_Methane_Emissions/Yuyao/raw_data_dir_l89_L2SR/EMIT_simulated_landsat9/GAO20230824t173950p0000-A_sim_L9.tif,/mnt/engg-leung/Research_No9_Methane_Emissions/Yuyao/Dataset/data_dir_l89_L2SR/plume_masks_l89_512/GAO20230824t173950p0000-A/mask_30m_512.tif
GAO20230824t173950p0000-B,31.91032965944624,-101.7770358880969,2023-08-24 17:39:50+00:00,Oil & Gas (1B2),CH4,mf,"[-101.78031296525081, 31.907972823834776, -101.77416968546697, 31.913187694876765]",GAO,production,2023-12-04 18:49:20.561374+00:00,2025-03-25 22:59:26.989173+00:00,v1,,,,,620.7428671097638,97.82324496748748,4.984375,0.271728515625,167.90598029091151,3.363690117276965,hrrr,Global Airborne Observatory,ASU GDCS,https://api.carbonmapper.org/api/v1/catalog/asset/l3a-vis-ch4-mf-v002/2023/08/24/GAO20230824t173950p0000-B/GAO20230824t173950p0000-B_l3a-vis-ch4-mf-v002_plume.tif,https://api.carbonmapper.org/api/v1/catalog/asset/l3a-vis-ch4-mf-v002/2023/08/24/GAO20230824t173950p0000-B/GAO20230824t173950p0000-B_l3a-vis-ch4-mf-v002_plume.png,,https://api.carbonmapper.org/api/v1/catalog/asset/l3a-vis-ch4-mf-v002/2023/08/24/GAO20230824t173950p0000-B/GAO20230824t173950p0000-B_l3a-vis-ch4-mf-v002_rgb.tif,https://api.carbonmapper.org/api/v1/catalog/asset/l3a-vis-ch4-mf-v002/2023/08/24/GAO20230824t173950p0000-B/GAO20230824t173950p0000-B_l3a-vis-ch4-mf-v002_rgb.png,1,EMIT_L2A_RFL_001_20230824T175349_2323612_024,/mnt/engg-leung/Research_No9_Methane_Emissions/Yuyao/raw_data_dir_l89_L2SR/EMIT_simulated_landsat9/GAO20230824t173950p0000-B_sim_L9.tif,/mnt/engg-leung/Research_No9_Methane_Emissions/Yuyao/Dataset/data_dir_l89_L2SR/plume_masks_l89_512/GAO20230824t173950p0000-B/mask_30m_512.tif
GAO20230824t173950p0000-C,31.9074433699612,-101.78353444576103,2023-08-24 17:39:50+00:00,Oil & Gas (1B2),CH4,mf,"[-101.78716836894195, 31.905351572381182, -101.78107804628834, 31.910566593842038]",GAO,production,2023-12-04 18:49:20.794588+00:00,2025-03-25 22:59:30.320083+00:00,v1,,,,,406.9088765072188,113.0113974618926,4.984375,0.271728515625,167.90598029091151,3.363690117276965,hrrr,Global Airborne Observatory,ASU GDCS,https://api.carbonmapper.org/api/v1/catalog/asset/l3a-vis-ch4-mf-v002/2023/08/24/GAO20230824t173950p0000-C/GAO20230824t173950p0000-C_l3a-vis-ch4-mf-v002_plume.tif,https://api.carbonmapper.org/api/v1/catalog/asset/l3a-vis-ch4-mf-v002/2023/08/24/GAO20230824t173950p0000-C/GAO20230824t173950p0000-C_l3a-vis-ch4-mf-v002_plume.png,,https://api.carbonmapper.org/api/v1/catalog/asset/l3a-vis-ch4-mf-v002/2023/08/24/GAO20230824t173950p0000-C/GAO20230824t173950p0000-C_l3a-vis-ch4-mf-v002_rgb.tif,https://api.carbonmapper.org/api/v1/catalog/asset/l3a-vis-ch4-mf-v002/2023/08/24/GAO20230824t173950p0000-C/GAO20230824t173950p0000-C_l3a-vis-ch4-mf-v002_rgb.png,1,EMIT_L2A_RFL_001_20230824T175349_2323612_024,/mnt/engg-leung/Research_No9_Methane_Emissions/Yuyao/raw_data_dir_l89_L2SR/EMIT_simulated_landsat9/GAO20230824t173950p0000-C_sim_L9.tif,/mnt/engg-leung/Research_No9_Methane_Emissions/Yuyao/Dataset/data_dir_l89_L2SR/plume_masks_l89_512/GAO20230824t173950p0000-C/mask_30m_512.tif
GAO20230824t173950p0000-D,31.85800872663536,-101.76479927975603,2023-08-24 17:39:50+00:00,Oil & Gas (1B2),CH4,mf,"[-101.77205006697594, 31.856647355247947, -101.75887016749137, 31.867886256675522]",GAO,production,2023-12-04 18:47:13.775224+00:00,2025-03-25 22:59:36.523897+00:00,v1,,,,,674.8294905076278,229.71489737120143,5.046875,0.27392578125,167.57770773902234,3.127024188078553,hrrr,Global Airborne Observatory,ASU GDCS,https://api.carbonmapper.org/api/v1/catalog/asset/l3a-vis-ch4-mf-v002/2023/08/24/GAO20230824t173950p0000-D/GAO20230824t173950p0000-D_l3a-vis-ch4-mf-v002_plume.tif,https://api.carbonmapper.org/api/v1/catalog/asset/l3a-vis-ch4-mf-v002/2023/08/24/GAO20230824t173950p0000-D/GAO20230824t173950p0000-D_l3a-vis-ch4-mf-v002_plume.png,,https://api.carbonmapper.org/api/v1/catalog/asset/l3a-vis-ch4-mf-v002/2023/08/24/GAO20230824t173950p0000-D/GAO20230824t173950p0000-D_l3a-vis-ch4-mf-v002_rgb.tif,https://api.carbonmapper.org/api/v1/catalog/asset/l3a-vis-ch4-mf-v002/2023/08/24/GAO20230824t173950p0000-D/GAO20230824t173950p0000-D_l3a-vis-ch4-mf-v002_rgb.png,1,EMIT_L2A_RFL_001_20230824T175349_2323612_024,/mnt/engg-leung/Research_No9_Methane_Emissions/Yuyao/raw_data_dir_l89_L2SR/EMIT_simulated_landsat9/GAO20230824t173950p0000-D_sim_L9.tif,/mnt/engg-leung/Research_No9_Methane_Emissions/Yuyao/Dataset/data_dir_l89_L2SR/plume_masks_l89_512/GAO20230824t173950p0000-D/mask_30m_512.tif
GAO20230824t173950p0000-E,31.855387670438542,-101.76471491320528,2023-08-24 17:39:50+00:00,Oil & Gas (1B2),CH4,mf,"[-101.76774859251967, 31.85319931998083, -101.76160898968539, 31.858414169870745]",GAO,production,2023-12-04 18:47:13.809364+00:00,2025-03-25 22:37:06.719962+00:00,v1,,,,,381.43742003105433,129.45160552769656,5.046875,0.27392578125,167.57770773902234,3.127024188078553,hrrr,Global Airborne Observatory,ASU GDCS,https://api.carbonmapper.org/api/v1/catalog/asset/l3a-vis-ch4-mf-v002/2023/08/24/GAO20230824t173950p0000-E/GAO20230824t173950p0000-E_l3a-vis-ch4-mf-v002_plume.tif,https://api.carbonmapper.org/api/v1/catalog/asset/l3a-vis-ch4-mf-v002/2023/08/24/GAO20230824t173950p0000-E/GAO20230824t173950p0000-E_l3a-vis-ch4-mf-v002_plume.png,,https://api.carbonmapper.org/api/v1/catalog/asset/l3a-vis-ch4-mf-v002/2023/08/24/GAO20230824t173950p0000-E/GAO20230824t173950p0000-E_l3a-vis-ch4-mf-v002_rgb.tif,https://api.carbonmapper.org/api/v1/catalog/asset/l3a-vis-ch4-mf-v002/2023/08/24/GAO20230824t173950p0000-E/GAO20230824t173950p0000-E_l3a-vis-ch4-mf-v002_rgb.png,1,EMIT_L2A_RFL_001_20230824T175349_2323612_024,/mnt/engg-leung/Research_No9_Methane_Emissions/Yuyao/raw_data_dir_l89_L2SR/EMIT_simulated_landsat9/GAO20230824t173950p0000-E_sim_L9.tif,/mnt/engg-leung/Research_No9_Methane_Emissions/Yuyao/Dataset/data_dir_l89_L2SR/plume_masks_l89_512/GAO20230824t173950p0000-E/mask_30m_512.tif
GAO20230824t173950p0000-F,31.851916572615963,-101.77674290110554,2023-08-24 17:39:50+00:00,Oil & Gas (1B2),CH4,mf,"[-101.77991271105616, 31.849676444706535, -101.77382607044937, 31.854891464159824]",GAO,production,2023-12-04 18:45:55.382718+00:00,2025-03-25 22:48:47.702590+00:00,v1,,,,,622.8573856128303,128.52924741898266,5.046875,0.27392578125,167.57770773902234,3.127024188078553,hrrr,Global Airborne Observatory,ASU GDCS,https://api.carbonmapper.org/api/v1/catalog/asset/l3a-vis-ch4-mf-v002/2023/08/24/GAO20230824t173950p0000-F/GAO20230824t173950p0000-F_l3a-vis-ch4-mf-v002_plume.tif,https://api.carbonmapper.org/api/v1/catalog/asset/l3a-vis-ch4-mf-v002/2023/08/24/GAO20230824t173950p0000-F/GAO20230824t173950p0000-F_l3a-vis-ch4-mf-v002_plume.png,,https://api.carbonmapper.org/api/v1/catalog/asset/l3a-vis-ch4-mf-v002/2023/08/24/GAO20230824t173950p0000-F/GAO20230824t173950p0000-F_l3a-vis-ch4-mf-v002_rgb.tif,https://api.carbonmapper.org/api/v1/catalog/asset/l3a-vis-ch4-mf-v002/2023/08/24/GAO20230824t173950p0000-F/GAO20230824t173950p0000-F_l3a-vis-ch4-mf-v002_rgb.png,1,EMIT_L2A_RFL_001_20230824T175349_2323612_024,/mnt/engg-leung/Research_No9_Methane_Emissions/Yuyao/raw_data_dir_l89_L2SR/EMIT_simulated_landsat9/GAO20230824t173950p0000-F_sim_L9.tif,/mnt/engg-leung/Research_No9_Methane_Emissions/Yuyao/Dataset/data_dir_l89_L2SR/plume_masks_l89_512/GAO20230824t173950p0000-F/mask_30m_512.tif
GAO20230824t173950p0000-G,31.84494467367228,-101.77228889555651,2023-08-24 17:39:50+00:00,Oil & Gas (1B2),CH4,mf,"[-101.78084781834876, 31.843751936396888, -101.76999844596598, 31.853012863625953]",GAO,production,2023-12-04 18:44:34.843055+00:00,2025-03-25 22:37:09.496614+00:00,v1,,,,,689.4073690792895,178.51731292762148,5.046875,0.27392578125,167.57770773902234,3.127024188078553,hrrr,Global Airborne Observatory,ASU GDCS,https://api.carbonmapper.org/api/v1/catalog/asset/l3a-vis-ch4-mf-v002/2023/08/24/GAO20230824t173950p0000-G/GAO20230824t173950p0000-G_l3a-vis-ch4-mf-v002_plume.tif,https://api.carbonmapper.org/api/v1/catalog/asset/l3a-vis-ch4-mf-v002/2023/08/24/GAO20230824t173950p0000-G/GAO20230824t173950p0000-G_l3a-vis-ch4-mf-v002_plume.png,,https://api.carbonmapper.org/api/v1/catalog/asset/l3a-vis-ch4-mf-v002/2023/08/24/GAO20230824t173950p0000-G/GAO20230824t173950p0000-G_l3a-vis-ch4-mf-v002_rgb.tif,https://api.carbonmapper.org/api/v1/catalog/asset/l3a-vis-ch4-mf-v002/2023/08/24/GAO20230824t173950p0000-G/GAO20230824t173950p0000-G_l3a-vis-ch4-mf-v002_rgb.png,1,EMIT_L2A_RFL_001_20230824T175349_2323612_024,/mnt/engg-leung/Research_No9_Methane_Emissions/Yuyao/raw_data_dir_l89_L2SR/EMIT_simulated_landsat9/GAO20230824t173950p0000-G_sim_L9.tif,/mnt/engg-leung/Research_No9_Methane_Emissions/Yuyao/Dataset/data_dir_l89_L2SR/plume_masks_l89_512/GAO20230824t173950p0000-G/mask_30m_512.tif
GAO20230824t173950p0000-H,31.843934524574465,-101.77834017762989,2023-08-24 17:39:50+00:00,Oil & Gas (1B2),CH4,mf,"[-101.7812822548551, 31.84218309527401, -101.77519624754096, 31.847353041003135]",GAO,production,2023-12-04 18:44:49.018441+00:00,2025-03-25 22:59:41.787880+00:00,v1,,,,,103.02488320376666,26.87516408477907,5.046875,0.27392578125,167.57770773902234,3.127024188078553,hrrr,Global Airborne Observatory,ASU GDCS,https://api.carbonmapper.org/api/v1/catalog/asset/l3a-vis-ch4-mf-v002/2023/08/24/GAO20230824t173950p0000-H/GAO20230824t173950p0000-H_l3a-vis-ch4-mf-v002_plume.tif,https://api.carbonmapper.org/api/v1/catalog/asset/l3a-vis-ch4-mf-v002/2023/08/24/GAO20230824t173950p0000-H/GAO20230824t173950p0000-H_l3a-vis-ch4-mf-v002_plume.png,,https://api.carbonmapper.org/api/v1/catalog/asset/l3a-vis-ch4-mf-v002/2023/08/24/GAO20230824t173950p0000-H/GAO20230824t173950p0000-H_l3a-vis-ch4-mf-v002_rgb.tif,https://api.carbonmapper.org/api/v1/catalog/asset/l3a-vis-ch4-mf-v002/2023/08/24/GAO20230824t173950p0000-H/GAO20230824t173950p0000-H_l3a-vis-ch4-mf-v002_rgb.png,1,EMIT_L2A_RFL_001_20230824T175349_2323612_024,/mnt/engg-leung/Research_No9_Methane_Emissions/Yuyao/raw_data_dir_l89_L2SR/EMIT_simulated_landsat9/GAO20230824t173950p0000-H_sim_L9.tif,/mnt/engg-leung/Research_No9_Methane_Emissions/Yuyao/Dataset/data_dir_l89_L2SR/plume_masks_l89_512/GAO20230824t173950p0000-H/mask_30m_512.tif
GAO20230824t173950p0000-I,31.789723214197693,-101.7614942867162,2023-08-24 17:39:50+00:00,Oil & Gas (1B2),CH4,mf,"[-101.76470429355014, 31.78762311797971, -101.75862177408773, 31.79283811009133]",GAO,production,2023-12-04 18:42:46.286467+00:00,2025-03-25 22:37:13.994308+00:00,v1,,,,,314.7497241320614,48.27010244535447,5.04296875,0.2412109375,167.30893979518237,2.8454786144088446,hrrr,Global Airborne Observatory,ASU GDCS,https://api.carbonmapper.org/api/v1/catalog/asset/l3a-vis-ch4-mf-v002/2023/08/24/GAO20230824t173950p0000-I/GAO20230824t173950p0000-I_l3a-vis-ch4-mf-v002_plume.tif,https://api.carbonmapper.org/api/v1/catalog/asset/l3a-vis-ch4-mf-v002/2023/08/24/GAO20230824t173950p0000-I/GAO20230824t173950p0000-I_l3a-vis-ch4-mf-v002_plume.png,,https://api.carbonmapper.org/api/v1/catalog/asset/l3a-vis-ch4-mf-v002/2023/08/24/GAO20230824t173950p0000-I/GAO20230824t173950p0000-I_l3a-vis-ch4-mf-v002_rgb.tif,https://api.carbonmapper.org/api/v1/catalog/asset/l3a-vis-ch4-mf-v002/2023/08/24/GAO20230824t173950p0000-I/GAO20230824t173950p0000-I_l3a-vis-ch4-mf-v002_rgb.png,1,EMIT_L2A_RFL_001_20230824T175349_2323612_024,/mnt/engg-leung/Research_No9_Methane_Emissions/Yuyao/raw_data_dir_l89_L2SR/EMIT_simulated_landsat9/GAO20230824t173950p0000-I_sim_L9.tif,/mnt/engg-leung/Research_No9_Methane_Emissions/Yuyao/Dataset/data_dir_l89_L2SR/plume_masks_l89_512/GAO20230824t173950p0000-I/mask_30m_512.tif
GAO20230824t174552p0000-A,31.95192476394213,-101.79339687564152,2023-08-24 17:45:52+00:00,,CH4,mf,"[-101.79635625310073, 31.949715591722406, -101.7902102875445, 31.954885420651205]",GAO,production,2023-12-04 18:51:09.330763+00:00,2025-03-25 22:59:43.979809+00:00,v1,,,,,166.03427671881445,121.0340289222044,5.0546875,0.24169921875,167.70123854035123,4.111375580846502,hrrr,Global Airborne Observatory,ASU GDCS,https://api.carbonmapper.org/api/v1/catalog/asset/l3a-vis-ch4-mf-v002/2023/08/24/GAO20230824t174552p0000-A/GAO20230824t174552p0000-A_l3a-vis-ch4-mf-v002_plume.tif,https://api.carbonmapper.org/api/v1/catalog/asset/l3a-vis-ch4-mf-v002/2023/08/24/GAO20230824t174552p0000-A/GAO20230824t174552p0000-A_l3a-vis-ch4-mf-v002_plume.png,https://api.carbonmapper.org/api/v1/catalog/asset/l3a-ch4-mf-v1/2023/08/24/GAO20230824t174552p0000-A/GAO20230824t174552p0000-A_l3a-ch4-mf-v1_concentrations.tif,https://api.carbonmapper.org/api/v1/catalog/asset/l3a-vis-ch4-mf-v002/2023/08/24/GAO20230824t174552p0000-A/GAO20230824t174552p0000-A_l3a-vis-ch4-mf-v002_rgb.tif,https://api.carbonmapper.org/api/v1/catalog/asset/l3a-vis-ch4-mf-v002/2023/08/24/GAO20230824t174552p0000-A/GAO20230824t174552p0000-A_l3a-vis-ch4-mf-v002_rgb.png,1,EMIT_L2A_RFL_001_20230824T175349_2323612_024,/mnt/engg-leung/Research_No9_Methane_Emissions/Yuyao/raw_data_dir_l89_L2SR/EMIT_simulated_landsat9/GAO20230824t174552p0000-A_sim_L9.tif,/mnt/engg-leung/Research_No9_Methane_Emissions/Yuyao/Dataset/data_dir_l89_L2SR/plume_masks_l89_512/GAO20230824t174552p0000-A/mask_30m_512.tif
GAO20230824t174552p0000-B,31.90744654175396,-101.78353215280497,2023-08-24 17:45:52+00:00,Oil & Gas (1B2),CH4,mf,"[-101.78673971384377, 31.90552115364748, -101.78059657025719, 31.910736048018816]",GAO,production,2023-12-04 18:49:20.341648+00:00,2025-03-25 22:37:16.117697+00:00,v1,,,,,391.5024911526703,46.28901224635248,4.984375,0.271728515625,167.90598029091151,3.363690117276965,hrrr,Global Airborne Observatory,ASU GDCS,https://api.carbonmapper.org/api/v1/catalog/asset/l3a-vis-ch4-mf-v002/2023/08/24/GAO20230824t174552p0000-B/GAO20230824t174552p0000-B_l3a-vis-ch4-mf-v002_plume.tif,https://api.carbonmapper.org/api/v1/catalog/asset/l3a-vis-ch4-mf-v002/2023/08/24/GAO20230824t174552p0000-B/GAO20230824t174552p0000-B_l3a-vis-ch4-mf-v002_plume.png,https://api.carbonmapper.org/api/v1/catalog/asset/l3a-ch4-mf-v1/2023/08/24/GAO20230824t174552p0000-B/GAO20230824t174552p0000-B_l3a-ch4-mf-v1_concentrations.tif,https://api.carbonmapper.org/api/v1/catalog/asset/l3a-vis-ch4-mf-v002/2023/08/24/GAO20230824t174552p0000-B/GAO20230824t174552p0000-B_l3a-vis-ch4-mf-v002_rgb.tif,https://api.carbonmapper.org/api/v1/catalog/asset/l3a-vis-ch4-mf-v002/2023/08/24/GAO20230824t174552p0000-B/GAO20230824t174552p0000-B_l3a-vis-ch4-mf-v002_rgb.png,1,EMIT_L2A_RFL_001_20230824T175349_2323612_024,/mnt/engg-leung/Research_No9_Methane_Emissions/Yuyao/raw_data_dir_l89_L2SR/EMIT_simulated_landsat9/GAO20230824t174552p0000-B_sim_L9.tif,/mnt/engg-leung/Research_No9_Methane_Emissions/Yuyao/Dataset/data_dir_l89_L2SR/plume_masks_l89_512/GAO20230824t174552p0000-B/mask_30m_512.tif
GAO20230824t174552p0000-C,31.90919917495681,-101.77633297430442,2023-08-24 17:45:52+00:00,Oil & Gas (1B2),CH4,mf,"[-101.77960362477495, 31.907098225796826, -101.77351321804407, 31.912313220261055]",GAO,production,2023-12-04 18:49:20.430869+00:00,2025-03-25 22:37:18.031963+00:00,v1,,,,,322.50794104413296,122.0713129663059,4.984375,0.271728515625,167.90598029091151,3.363690117276965,hrrr,Global Airborne Observatory,ASU GDCS,https://api.carbonmapper.org/api/v1/catalog/asset/l3a-vis-ch4-mf-v002/2023/08/24/GAO20230824t174552p0000-C/GAO20230824t174552p0000-C_l3a-vis-ch4-mf-v002_plume.tif,https://api.carbonmapper.org/api/v1/catalog/asset/l3a-vis-ch4-mf-v002/2023/08/24/GAO20230824t174552p0000-C/GAO20230824t174552p0000-C_l3a-vis-ch4-mf-v002_plume.png,https://api.carbonmapper.org/api/v1/catalog/asset/l3a-ch4-mf-v1/2023/08/24/GAO20230824t174552p0000-C/GAO20230824t174552p0000-C_l3a-ch4-mf-v1_concentrations.tif,https://api.carbonmapper.org/api/v1/catalog/asset/l3a-vis-ch4-mf-v002/2023/08/24/GAO20230824t174552p0000-C/GAO20230824t174552p0000-C_l3a-vis-ch4-mf-v002_rgb.tif,https://api.carbonmapper.org/api/v1/catalog/asset/l3a-vis-ch4-mf-v002/2023/08/24/GAO20230824t174552p0000-C/GAO20230824t174552p0000-C_l3a-vis-ch4-mf-v002_rgb.png,1,EMIT_L2A_RFL_001_20230824T175349_2323612_024,/mnt/engg-leung/Research_No9_Methane_Emissions/Yuyao/raw_data_dir_l89_L2SR/EMIT_simulated_landsat9/GAO20230824t174552p0000-C_sim_L9.tif,/mnt/engg-leung/Research_No9_Methane_Emissions/Yuyao/Dataset/data_dir_l89_L2SR/plume_masks_l89_512/GAO20230824t174552p0000-C/mask_30m_512.tif
GAO20230824t174552p0000-D,31.858020214368253,-101.76487057722002,2023-08-24 17:45:52+00:00,Oil & Gas (1B2),CH4,mf,"[-101.76877110570035, 31.857192533007307, -101.76241950950563, 31.86258720670153]",GAO,production,2023-12-04 18:46:50.284638+00:00,2025-03-25 22:59:49.068005+00:00,v1,,,,,423.3511465473815,82.90646451358147,5.046875,0.27392578125,167.57770773902234,3.127024188078553,hrrr,Global Airborne Observatory,ASU GDCS,https://api.carbonmapper.org/api/v1/catalog/asset/l3a-vis-ch4-mf-v002/2023/08/24/GAO20230824t174552p0000-D/GAO20230824t174552p0000-D_l3a-vis-ch4-mf-v002_plume.tif,https://api.carbonmapper.org/api/v1/catalog/asset/l3a-vis-ch4-mf-v002/2023/08/24/GAO20230824t174552p0000-D/GAO20230824t174552p0000-D_l3a-vis-ch4-mf-v002_plume.png,https://api.carbonmapper.org/api/v1/catalog/asset/l3a-ch4-mf-v1/2023/08/24/GAO20230824t174552p0000-D/GAO20230824t174552p0000-D_l3a-ch4-mf-v1_concentrations.tif,https://api.carbonmapper.org/api/v1/catalog/asset/l3a-vis-ch4-mf-v002/2023/08/24/GAO20230824t174552p0000-D/GAO20230824t174552p0000-D_l3a-vis-ch4-mf-v002_rgb.tif,https://api.carbonmapper.org/api/v1/catalog/asset/l3a-vis-ch4-mf-v002/2023/08/24/GAO20230824t174552p0000-D/GAO20230824t174552p0000-D_l3a-vis-ch4-mf-v002_rgb.png,1,EMIT_L2A_RFL_001_20230824T175349_2323612_024,/mnt/engg-leung/Research_No9_Methane_Emissions/Yuyao/raw_data_dir_l89_L2SR/EMIT_simulated_landsat9/GAO20230824t174552p0000-D_sim_L9.tif,/mnt/engg-leung/Research_No9_Methane_Emissions/Yuyao/Dataset/data_dir_l89_L2SR/plume_masks_l89_512/GAO20230824t174552p0000-D/mask_30m_512.tif
GAO20230824t174552p0000-E,31.855395160146585,-101.76474878487302,2023-08-24 17:45:52+00:00,Oil & Gas (1B2),CH4,mf,"[-101.76794865200614, 31.853519956395694, -101.76180902715552, 31.858734806852357]",GAO,production,2023-12-04 18:47:13.747301+00:00,2025-03-25 22:37:20.494777+00:00,v1,,,,,136.51931960685712,26.829190796466765,5.046875,0.27392578125,167.57770773902234,3.127024188078553,hrrr,Global Airborne Observatory,ASU GDCS,https://api.carbonmapper.org/api/v1/catalog/asset/l3a-vis-ch4-mf-v002/2023/08/24/GAO20230824t174552p0000-E/GAO20230824t174552p0000-E_l3a-vis-ch4-mf-v002_plume.tif,https://api.carbonmapper.org/api/v1/catalog/asset/l3a-vis-ch4-mf-v002/2023/08/24/GAO20230824t174552p0000-E/GAO20230824t174552p0000-E_l3a-vis-ch4-mf-v002_plume.png,https://api.carbonmapper.org/api/v1/catalog/asset/l3a-ch4-mf-v1/2023/08/24/GAO20230824t174552p0000-E/GAO20230824t174552p0000-E_l3a-ch4-mf-v1_concentrations.tif,https://api.carbonmapper.org/api/v1/catalog/asset/l3a-vis-ch4-mf-v002/2023/08/24/GAO20230824t174552p0000-E/GAO20230824t174552p0000-E_l3a-vis-ch4-mf-v002_rgb.tif,https://api.carbonmapper.org/api/v1/catalog/asset/l3a-vis-ch4-mf-v002/2023/08/24/GAO20230824t174552p0000-E/GAO20230824t174552p0000-E_l3a-vis-ch4-mf-v002_rgb.png,1,EMIT_L2A_RFL_001_20230824T175349_2323612_024,/mnt/engg-leung/Research_No9_Methane_Emissions/Yuyao/raw_data_dir_l89_L2SR/EMIT_simulated_landsat9/GAO20230824t174552p0000-E_sim_L9.tif,/mnt/engg-leung/Research_No9_Methane_Emissions/Yuyao/Dataset/data_dir_l89_L2SR/plume_masks_l89_512/GAO20230824t174552p0000-E/mask_30m_512.tif
GAO20230824t174552p0000-F,31.852003629221286,-101.77659185425824,2023-08-24 17:45:52+00:00,Oil & Gas (1B2),CH4,mf,"[-101.78318594276357, 31.850977673506474, -101.77286501653627, 31.859744094177326]",GAO,production,2024-01-02 20:36:56.853103+00:00,2025-03-25 22:59:53.310441+00:00,v1,,,,,967.9751903800995,145.5234216098382,5.046875,0.27392578125,167.57770773902234,3.127024188078553,hrrr,Global Airborne Observatory,ASU GDCS,https://api.carbonmapper.org/api/v1/catalog/asset/l3a-vis-ch4-mf-v002/2023/08/24/GAO20230824t174552p0000-F/GAO20230824t174552p0000-F_l3a-vis-ch4-mf-v002_plume.tif,https://api.carbonmapper.org/api/v1/catalog/asset/l3a-vis-ch4-mf-v002/2023/08/24/GAO20230824t174552p0000-F/GAO20230824t174552p0000-F_l3a-vis-ch4-mf-v002_plume.png,,https://api.carbonmapper.org/api/v1/catalog/asset/l3a-vis-ch4-mf-v002/2023/08/24/GAO20230824t174552p0000-F/GAO20230824t174552p0000-F_l3a-vis-ch4-mf-v002_rgb.tif,https://api.carbonmapper.org/api/v1/catalog/asset/l3a-vis-ch4-mf-v002/2023/08/24/GAO20230824t174552p0000-F/GAO20230824t174552p0000-F_l3a-vis-ch4-mf-v002_rgb.png,1,EMIT_L2A_RFL_001_20230824T175349_2323612_024,/mnt/engg-leung/Research_No9_Methane_Emissions/Yuyao/raw_data_dir_l89_L2SR/EMIT_simulated_landsat9/GAO20230824t174552p0000-F_sim_L9.tif,/mnt/engg-leung/Research_No9_Methane_Emissions/Yuyao/Dataset/data_dir_l89_L2SR/plume_masks_l89_512/GAO20230824t174552p0000-F/mask_30m_512.tif
GAO20230824t174552p0000-G,31.844948363926378,-101.77228052261157,2023-08-24 17:45:52+00:00,Oil & Gas (1B2),CH4,mf,"[-101.77821721194968, 31.843638158976386, -101.77038461862489, 31.85033659164857]",GAO,production,2024-01-02 20:36:56.895229+00:00,2025-03-25 22:59:57.254001+00:00,v1,,,,,1107.670062428425,251.08507307604933,5.046875,0.27392578125,167.57770773902234,3.127024188078553,hrrr,Global Airborne Observatory,ASU GDCS,https://api.carbonmapper.org/api/v1/catalog/asset/l3a-vis-ch4-mf-v002/2023/08/24/GAO20230824t174552p0000-G/GAO20230824t174552p0000-G_l3a-vis-ch4-mf-v002_plume.tif,https://api.carbonmapper.org/api/v1/catalog/asset/l3a-vis-ch4-mf-v002/2023/08/24/GAO20230824t174552p0000-G/GAO20230824t174552p0000-G_l3a-vis-ch4-mf-v002_plume.png,,https://api.carbonmapper.org/api/v1/catalog/asset/l3a-vis-ch4-mf-v002/2023/08/24/GAO20230824t174552p0000-G/GAO20230824t174552p0000-G_l3a-vis-ch4-mf-v002_rgb.tif,https://api.carbonmapper.org/api/v1/catalog/asset/l3a-vis-ch4-mf-v002/2023/08/24/GAO20230824t174552p0000-G/GAO20230824t174552p0000-G_l3a-vis-ch4-mf-v002_rgb.png,1,EMIT_L2A_RFL_001_20230824T175349_2323612_024,/mnt/engg-leung/Research_No9_Methane_Emissions/Yuyao/raw_data_dir_l89_L2SR/EMIT_simulated_landsat9/GAO20230824t174552p0000-G_sim_L9.tif,/mnt/engg-leung/Research_No9_Methane_Emissions/Yuyao/Dataset/data_dir_l89_L2SR/plume_masks_l89_512/GAO20230824t174552p0000-G/mask_30m_512.tif
GAO20230824t174552p0000-H,31.78972350052988,-101.76153866828224,2023-08-24 17:45:52+00:00,,CH4,mf,"[-101.76460038946632, 31.78757555188378, -101.75846527963748, 31.792745337360707]",GAO,production,2023-12-04 18:42:46.262985+00:00,2025-03-25 22:37:23.056524+00:00,v1,,,,,162.6057084754195,17.221937885066268,5.04296875,0.2412109375,167.30893979518237,2.8454786144088446,hrrr,Global Airborne Observatory,ASU GDCS,https://api.carbonmapper.org/api/v1/catalog/asset/l3a-vis-ch4-mf-v002/2023/08/24/GAO20230824t174552p0000-H/GAO20230824t174552p0000-H_l3a-vis-ch4-mf-v002_plume.tif,https://api.carbonmapper.org/api/v1/catalog/asset/l3a-vis-ch4-mf-v002/2023/08/24/GAO20230824t174552p0000-H/GAO20230824t174552p0000-H_l3a-vis-ch4-mf-v002_plume.png,https://api.carbonmapper.org/api/v1/catalog/asset/l3a-ch4-mf-v1/2023/08/24/GAO20230824t174552p0000-H/GAO20230824t174552p0000-H_l3a-ch4-mf-v1_concentrations.tif,https://api.carbonmapper.org/api/v1/catalog/asset/l3a-vis-ch4-mf-v002/2023/08/24/GAO20230824t174552p0000-H/GAO20230824t174552p0000-H_l3a-vis-ch4-mf-v002_rgb.tif,https://api.carbonmapper.org/api/v1/catalog/asset/l3a-vis-ch4-mf-v002/2023/08/24/GAO20230824t174552p0000-H/GAO20230824t174552p0000-H_l3a-vis-ch4-mf-v002_rgb.png,1,EMIT_L2A_RFL_001_20230824T175349_2323612_024,/mnt/engg-leung/Research_No9_Methane_Emissions/Yuyao/raw_data_dir_l89_L2SR/EMIT_simulated_landsat9/GAO20230824t174552p0000-H_sim_L9.tif,/mnt/engg-leung/Research_No9_Methane_Emissions/Yuyao/Dataset/data_dir_l89_L2SR/plume_masks_l89_512/GAO20230824t174552p0000-H/mask_30m_512.tif
GAO20230824t174552p0000-I,31.77378721990592,-101.7589890463482,2023-08-24 17:45:52+00:00,Oil & Gas (1B2),CH4,mf,"[-101.76443257562208, 31.767829359016826, -101.7524287536851, 31.778079259972326]",GAO,production,2024-02-15 23:38:44.225557+00:00,2025-03-25 23:00:06.543718+00:00,v1,,,,,288.5800629941853,37.15175433955043,5.02734375,0.2222900390625,167.19323639064234,2.7165695156569147,hrrr,Global Airborne Observatory,ASU GDCS,https://api.carbonmapper.org/api/v1/catalog/asset/l3a-vis-ch4-mf-v1/2023/08/24/GAO20230824t174552p0000-I/GAO20230824t174552p0000-I_l3a-vis-ch4-mf-v1_plume.tif,https://api.carbonmapper.org/api/v1/catalog/asset/l3a-vis-ch4-mf-v1/2023/08/24/GAO20230824t174552p0000-I/GAO20230824t174552p0000-I_l3a-vis-ch4-mf-v1_plume.png,,https://api.carbonmapper.org/api/v1/catalog/asset/l3a-vis-ch4-mf-v1/2023/08/24/GAO20230824t174552p0000-I/GAO20230824t174552p0000-I_l3a-vis-ch4-mf-v1_rgb.tif,https://api.carbonmapper.org/api/v1/catalog/asset/l3a-vis-ch4-mf-v1/2023/08/24/GAO20230824t174552p0000-I/GAO20230824t174552p0000-I_l3a-vis-ch4-mf-v1_rgb.png,1,EMIT_L2A_RFL_001_20230824T175349_2323612_024,/mnt/engg-leung/Research_No9_Methane_Emissions/Yuyao/raw_data_dir_l89_L2SR/EMIT_simulated_landsat9/GAO20230824t174552p0000-I_sim_L9.tif,/mnt/engg-leung/Research_No9_Methane_Emissions/Yuyao/Dataset/data_dir_l89_L2SR/plume_masks_l89_512/GAO20230824t174552p0000-I/mask_30m_512.tif
GAO20230824t174552p0000-J,31.77414511419623,-101.7587546733664,2023-08-24 17:45:52+00:00,Oil & Gas (1B2),CH4,mf,"[-101.76417055286885, 31.767777615911598, -101.75216673971343, 31.778027515101154]",GAO,production,2024-02-15 23:38:44.101631+00:00,2025-03-25 22:58:52.779642+00:00,v1,,,,,,,5.02734375,0.2222900390625,167.19323639064234,2.7165695156569147,hrrr,Global Airborne Observatory,ASU GDCS,https://api.carbonmapper.org/api/v1/catalog/asset/l3a-vis-ch4-mf-v1/2023/08/24/GAO20230824t174552p0000-J/GAO20230824t174552p0000-J_l3a-vis-ch4-mf-v1_plume.tif,https://api.carbonmapper.org/api/v1/catalog/asset/l3a-vis-ch4-mf-v1/2023/08/24/GAO20230824t174552p0000-J/GAO20230824t174552p0000-J_l3a-vis-ch4-mf-v1_plume.png,,https://api.carbonmapper.org/api/v1/catalog/asset/l3a-vis-ch4-mf-v1/2023/08/24/GAO20230824t174552p0000-J/GAO20230824t174552p0000-J_l3a-vis-ch4-mf-v1_rgb.tif,https://api.carbonmapper.org/api/v1/catalog/asset/l3a-vis-ch4-mf-v1/2023/08/24/GAO20230824t174552p0000-J/GAO20230824t174552p0000-J_l3a-vis-ch4-mf-v1_rgb.png,1,EMIT_L2A_RFL_001_20230824T175349_2323612_024,/mnt/engg-leung/Research_No9_Methane_Emissions/Yuyao/raw_data_dir_l89_L2SR/EMIT_simulated_landsat9/GAO20230824t174552p0000-J_sim_L9.tif,/mnt/engg-leung/Research_No9_Methane_Emissions/Yuyao/Dataset/data_dir_l89_L2SR/plume_masks_l89_512/GAO20230824t174552p0000-J/mask_30m_512.tif
GAO20230824t175220p0000-A,31.907443859684,-101.78356869658344,2023-08-24 17:52:20+00:00,Oil & Gas (1B2),CH4,mf,"[-101.78711087199515, 31.9054853516365, -101.78102054078451, 31.910700372841777]",GAO,production,2023-12-04 18:49:20.655435+00:00,2025-03-25 22:37:25.585041+00:00,v1,,,,,144.68182682023846,43.37637069798171,4.984375,0.271728515625,167.90598029091151,3.363690117276965,hrrr,Global Airborne Observatory,ASU GDCS,https://api.carbonmapper.org/api/v1/catalog/asset/l3a-vis-ch4-mf-v002/2023/08/24/GAO20230824t175220p0000-A/GAO20230824t175220p0000-A_l3a-vis-ch4-mf-v002_plume.tif,https://api.carbonmapper.org/api/v1/catalog/asset/l3a-vis-ch4-mf-v002/2023/08/24/GAO20230824t175220p0000-A/GAO20230824t175220p0000-A_l3a-vis-ch4-mf-v002_plume.png,https://api.carbonmapper.org/api/v1/catalog/asset/l3a-ch4-mf-v1/2023/08/24/GAO20230824t175220p0000-A/GAO20230824t175220p0000-A_l3a-ch4-mf-v1_concentrations.tif,https://api.carbonmapper.org/api/v1/catalog/asset/l3a-vis-ch4-mf-v002/2023/08/24/GAO20230824t175220p0000-A/GAO20230824t175220p0000-A_l3a-vis-ch4-mf-v002_rgb.tif,https://api.carbonmapper.org/api/v1/catalog/asset/l3a-vis-ch4-mf-v002/2023/08/24/GAO20230824t175220p0000-A/GAO20230824t175220p0000-A_l3a-vis-ch4-mf-v002_rgb.png,1,EMIT_L2A_RFL_001_20230824T175349_2323612_024,/mnt/engg-leung/Research_No9_Methane_Emissions/Yuyao/raw_data_dir_l89_L2SR/EMIT_simulated_landsat9/GAO20230824t175220p0000-A_sim_L9.tif,/mnt/engg-leung/Research_No9_Methane_Emissions/Yuyao/Dataset/data_dir_l89_L2SR/plume_masks_l89_512/GAO20230824t175220p0000-A/mask_30m_512.tif
GAO20230824t175220p0000-B,31.909202883808906,-101.77633621508606,2023-08-24 17:52:20+00:00,Oil & Gas (1B2),CH4,mf,"[-101.77951628076777, 31.908087726690418, -101.77342580937704, 31.913302720438615]",GAO,production,2023-12-04 18:49:20.299143+00:00,2025-03-25 22:37:26.290839+00:00,v1,,,,,110.4557101549448,31.87761343624168,4.984375,0.271728515625,167.90598029091151,3.363690117276965,hrrr,Global Airborne Observatory,ASU GDCS,https://api.carbonmapper.org/api/v1/catalog/asset/l3a-vis-ch4-mf-v002/2023/08/24/GAO20230824t175220p0000-B/GAO20230824t175220p0000-B_l3a-vis-ch4-mf-v002_plume.tif,https://api.carbonmapper.org/api/v1/catalog/asset/l3a-vis-ch4-mf-v002/2023/08/24/GAO20230824t175220p0000-B/GAO20230824t175220p0000-B_l3a-vis-ch4-mf-v002_plume.png,https://api.carbonmapper.org/api/v1/catalog/asset/l3a-ch4-mf-v1/2023/08/24/GAO20230824t175220p0000-B/GAO20230824t175220p0000-B_l3a-ch4-mf-v1_concentrations.tif,https://api.carbonmapper.org/api/v1/catalog/asset/l3a-vis-ch4-mf-v002/2023/08/24/GAO20230824t175220p0000-B/GAO20230824t175220p0000-B_l3a-vis-ch4-mf-v002_rgb.tif,https://api.carbonmapper.org/api/v1/catalog/asset/l3a-vis-ch4-mf-v002/2023/08/24/GAO20230824t175220p0000-B/GAO20230824t175220p0000-B_l3a-vis-ch4-mf-v002_rgb.png,1,EMIT_L2A_RFL_001_20230824T175349_2323612_024,/mnt/engg-leung/Research_No9_Methane_Emissions/Yuyao/raw_data_dir_l89_L2SR/EMIT_simulated_landsat9/GAO20230824t175220p0000-B_sim_L9.tif,/mnt/engg-leung/Research_No9_Methane_Emissions/Yuyao/Dataset/data_dir_l89_L2SR/plume_masks_l89_512/GAO20230824t175220p0000-B/mask_30m_512.tif
GAO20230824t175220p0000-C,31.85796520814435,-101.76481692963796,2023-08-24 17:52:20+00:00,Oil & Gas (1B2),CH4,mf,"[-101.77030694240351, 31.856781035543854, -101.75940319659534, 31.865996932230814]",GAO,production,2023-12-04 18:46:50.194538+00:00,2025-03-25 23:00:08.874711+00:00,v1,,,,,422.4569469811993,61.75665452228997,5.046875,0.27392578125,167.57770773902234,3.127024188078553,hrrr,Global Airborne Observatory,ASU GDCS,https://api.carbonmapper.org/api/v1/catalog/asset/l3a-vis-ch4-mf-v002/2023/08/24/GAO20230824t175220p0000-C/GAO20230824t175220p0000-C_l3a-vis-ch4-mf-v002_plume.tif,https://api.carbonmapper.org/api/v1/catalog/asset/l3a-vis-ch4-mf-v002/2023/08/24/GAO20230824t175220p0000-C/GAO20230824t175220p0000-C_l3a-vis-ch4-mf-v002_plume.png,https://api.carbonmapper.org/api/v1/catalog/asset/l3a-ch4-mf-v1/2023/08/24/GAO20230824t175220p0000-C/GAO20230824t175220p0000-C_l3a-ch4-mf-v1_concentrations.tif,https://api.carbonmapper.org/api/v1/catalog/asset/l3a-vis-ch4-mf-v002/2023/08/24/GAO20230824t175220p0000-C/GAO20230824t175220p0000-C_l3a-vis-ch4-mf-v002_rgb.tif,https://api.carbonmapper.org/api/v1/catalog/asset/l3a-vis-ch4-mf-v002/2023/08/24/GAO20230824t175220p0000-C/GAO20230824t175220p0000-C_l3a-vis-ch4-mf-v002_rgb.png,1,EMIT_L2A_RFL_001_20230824T175349_2323612_024,/mnt/engg-leung/Research_No9_Methane_Emissions/Yuyao/raw_data_dir_l89_L2SR/EMIT_simulated_landsat9/GAO20230824t175220p0000-C_sim_L9.tif,/mnt/engg-leung/Research_No9_Methane_Emissions/Yuyao/Dataset/data_dir_l89_L2SR/plume_masks_l89_512/GAO20230824t175220p0000-C/mask_30m_512.tif
GAO20230824t175220p0000-D,31.855391476715,-101.76474021693532,2023-08-24 17:52:20+00:00,Oil & Gas (1B2),CH4,mf,"[-101.76769897867908, 31.853107782152286, -101.76161216297135, 31.858322757577984]",GAO,production,2023-12-04 18:47:13.718481+00:00,2025-03-25 23:00:15.142677+00:00,v1,,,,,210.1703156264512,31.3571004836091,5.046875,0.27392578125,167.57770773902234,3.127024188078553,hrrr,Global Airborne Observatory,ASU GDCS,https://api.carbonmapper.org/api/v1/catalog/asset/l3a-vis-ch4-mf-v002/2023/08/24/GAO20230824t175220p0000-D/GAO20230824t175220p0000-D_l3a-vis-ch4-mf-v002_plume.tif,https://api.carbonmapper.org/api/v1/catalog/asset/l3a-vis-ch4-mf-v002/2023/08/24/GAO20230824t175220p0000-D/GAO20230824t175220p0000-D_l3a-vis-ch4-mf-v002_plume.png,https://api.carbonmapper.org/api/v1/catalog/asset/l3a-ch4-mf-v1/2023/08/24/GAO20230824t175220p0000-D/GAO20230824t175220p0000-D_l3a-ch4-mf-v1_concentrations.tif,https://api.carbonmapper.org/api/v1/catalog/asset/l3a-vis-ch4-mf-v002/2023/08/24/GAO20230824t175220p0000-D/GAO20230824t175220p0000-D_l3a-vis-ch4-mf-v002_rgb.tif,https://api.carbonmapper.org/api/v1/catalog/asset/l3a-vis-ch4-mf-v002/2023/08/24/GAO20230824t175220p0000-D/GAO20230824t175220p0000-D_l3a-vis-ch4-mf-v002_rgb.png,1,EMIT_L2A_RFL_001_20230824T175349_2323612_024,/mnt/engg-leung/Research_No9_Methane_Emissions/Yuyao/raw_data_dir_l89_L2SR/EMIT_simulated_landsat9/GAO20230824t175220p0000-D_sim_L9.tif,/mnt/engg-leung/Research_No9_Methane_Emissions/Yuyao/Dataset/data_dir_l89_L2SR/plume_masks_l89_512/GAO20230824t175220p0000-D/mask_30m_512.tif
GAO20230824t175220p0000-E,31.852276788576035,-101.77683634373332,2023-08-24 17:52:20+00:00,,CH4,mf,"[-101.7803980675753, 31.85090597974732, -101.77425856438026, 31.85612087469833]",GAO,production,2023-12-04 18:45:55.346300+00:00,2025-03-25 23:00:16.997484+00:00,v1,,,,,389.3007527939725,72.30977413459344,5.046875,0.27392578125,167.57770773902234,3.127024188078553,hrrr,Global Airborne Observatory,ASU GDCS,https://api.carbonmapper.org/api/v1/catalog/asset/l3a-vis-ch4-mf-v002/2023/08/24/GAO20230824t175220p0000-E/GAO20230824t175220p0000-E_l3a-vis-ch4-mf-v002_plume.tif,https://api.carbonmapper.org/api/v1/catalog/asset/l3a-vis-ch4-mf-v002/2023/08/24/GAO20230824t175220p0000-E/GAO20230824t175220p0000-E_l3a-vis-ch4-mf-v002_plume.png,https://api.carbonmapper.org/api/v1/catalog/asset/l3a-ch4-mf-v1/2023/08/24/GAO20230824t175220p0000-E/GAO20230824t175220p0000-E_l3a-ch4-mf-v1_concentrations.tif,https://api.carbonmapper.org/api/v1/catalog/asset/l3a-vis-ch4-mf-v002/2023/08/24/GAO20230824t175220p0000-E/GAO20230824t175220p0000-E_l3a-vis-ch4-mf-v002_rgb.tif,https://api.carbonmapper.org/api/v1/catalog/asset/l3a-vis-ch4-mf-v002/2023/08/24/GAO20230824t175220p0000-E/GAO20230824t175220p0000-E_l3a-vis-ch4-mf-v002_rgb.png,1,EMIT_L2A_RFL_001_20230824T175349_2323612_024,/mnt/engg-leung/Research_No9_Methane_Emissions/Yuyao/raw_data_dir_l89_L2SR/EMIT_simulated_landsat9/GAO20230824t175220p0000-E_sim_L9.tif,/mnt/engg-leung/Research_No9_Methane_Emissions/Yuyao/Dataset/data_dir_l89_L2SR/plume_masks_l89_512/GAO20230824t175220p0000-E/mask_30m_512.tif
GAO20230824t175220p0000-F,31.844870042313545,-101.77242351674464,2023-08-24 17:52:20+00:00,Oil & Gas (1B2),CH4,mf,"[-101.78619880773925, 31.84267251028187, -101.7651873430293, 31.86052002252751]",GAO,production,2023-12-04 18:44:34.876776+00:00,2025-03-25 22:32:53.996479+00:00,v1,,,,,966.2910911523572,122.5292474931032,5.046875,0.27392578125,167.57770773902234,3.127024188078553,hrrr,Global Airborne Observatory,ASU GDCS,https://api.carbonmapper.org/api/v1/catalog/asset/l3a-vis-ch4-mf-v002/2023/08/24/GAO20230824t175220p0000-F/GAO20230824t175220p0000-F_l3a-vis-ch4-mf-v002_plume.tif,https://api.carbonmapper.org/api/v1/catalog/asset/l3a-vis-ch4-mf-v002/2023/08/24/GAO20230824t175220p0000-F/GAO20230824t175220p0000-F_l3a-vis-ch4-mf-v002_plume.png,https://api.carbonmapper.org/api/v1/catalog/asset/l3a-ch4-mf-v1/2023/08/24/GAO20230824t175220p0000-F/GAO20230824t175220p0000-F_l3a-ch4-mf-v1_concentrations.tif,https://api.carbonmapper.org/api/v1/catalog/asset/l3a-vis-ch4-mf-v002/2023/08/24/GAO20230824t175220p0000-F/GAO20230824t175220p0000-F_l3a-vis-ch4-mf-v002_rgb.tif,https://api.carbonmapper.org/api/v1/catalog/asset/l3a-vis-ch4-mf-v002/2023/08/24/GAO20230824t175220p0000-F/GAO20230824t175220p0000-F_l3a-vis-ch4-mf-v002_rgb.png,1,EMIT_L2A_RFL_001_20230824T175349_2323612_024,/mnt/engg-leung/Research_No9_Methane_Emissions/Yuyao/raw_data_dir_l89_L2SR/EMIT_simulated_landsat9/GAO20230824t175220p0000-F_sim_L9.tif,/mnt/engg-leung/Research_No9_Methane_Emissions/Yuyao/Dataset/data_dir_l89_L2SR/plume_masks_l89_512/GAO20230824t175220p0000-F/mask_30m_512.tif
GAO20230824t175220p0000-G,31.789751112549467,-101.76143900018452,2023-08-24 17:52:20+00:00,,CH4,mf,"[-101.7648561938841, 31.78780733207907, -101.75877380987008, 31.79297724319222]",GAO,production,2023-12-04 18:42:46.241396+00:00,2025-03-25 23:00:23.125574+00:00,v1,,,,,218.3689855876667,21.54361225822554,5.04296875,0.2412109375,167.30893979518237,2.8454786144088446,hrrr,Global Airborne Observatory,ASU GDCS,https://api.carbonmapper.org/api/v1/catalog/asset/l3a-vis-ch4-mf-v002/2023/08/24/GAO20230824t175220p0000-G/GAO20230824t175220p0000-G_l3a-vis-ch4-mf-v002_plume.tif,https://api.carbonmapper.org/api/v1/catalog/asset/l3a-vis-ch4-mf-v002/2023/08/24/GAO20230824t175220p0000-G/GAO20230824t175220p0000-G_l3a-vis-ch4-mf-v002_plume.png,https://api.carbonmapper.org/api/v1/catalog/asset/l3a-ch4-mf-v1/2023/08/24/GAO20230824t175220p0000-G/GAO20230824t175220p0000-G_l3a-ch4-mf-v1_concentrations.tif,https://api.carbonmapper.org/api/v1/catalog/asset/l3a-vis-ch4-mf-v002/2023/08/24/GAO20230824t175220p0000-G/GAO20230824t175220p0000-G_l3a-vis-ch4-mf-v002_rgb.tif,https://api.carbonmapper.org/api/v1/catalog/asset/l3a-vis-ch4-mf-v002/2023/08/24/GAO20230824t175220p0000-G/GAO20230824t175220p0000-G_l3a-vis-ch4-mf-v002_rgb.png,1,EMIT_L2A_RFL_001_20230824T175349_2323612_024,/mnt/engg-leung/Research_No9_Methane_Emissions/Yuyao/raw_data_dir_l89_L2SR/EMIT_simulated_landsat9/GAO20230824t175220p0000-G_sim_L9.tif,/mnt/engg-leung/Research_No9_Methane_Emissions/Yuyao/Dataset/data_dir_l89_L2SR/plume_masks_l89_512/GAO20230824t175220p0000-G/mask_30m_512.tif
GAO20230824t175220p0000-H,31.774234017342565,-101.758557019508,2023-08-24 17:52:20+00:00,Oil & Gas (1B2),CH4,mf,"[-101.76268047276895, 31.768144146985286, -101.75051798108841, 31.778438990595003]",GAO,production,2024-02-15 23:38:09.884149+00:00,2025-03-25 22:49:17.892391+00:00,v1,,,,,186.200791672316,96.31692926908472,5.02734375,0.2222900390625,167.19323639064234,2.7165695156569147,hrrr,Global Airborne Observatory,ASU GDCS,https://api.carbonmapper.org/api/v1/catalog/asset/l3a-vis-ch4-mf-v1/2023/08/24/GAO20230824t175220p0000-H/GAO20230824t175220p0000-H_l3a-vis-ch4-mf-v1_plume.tif,https://api.carbonmapper.org/api/v1/catalog/asset/l3a-vis-ch4-mf-v1/2023/08/24/GAO20230824t175220p0000-H/GAO20230824t175220p0000-H_l3a-vis-ch4-mf-v1_plume.png,,https://api.carbonmapper.org/api/v1/catalog/asset/l3a-vis-ch4-mf-v1/2023/08/24/GAO20230824t175220p0000-H/GAO20230824t175220p0000-H_l3a-vis-ch4-mf-v1_rgb.tif,https://api.carbonmapper.org/api/v1/catalog/asset/l3a-vis-ch4-mf-v1/2023/08/24/GAO20230824t175220p0000-H/GAO20230824t175220p0000-H_l3a-vis-ch4-mf-v1_rgb.png,1,EMIT_L2A_RFL_001_20230824T175349_2323612_024,/mnt/engg-leung/Research_No9_Methane_Emissions/Yuyao/raw_data_dir_l89_L2SR/EMIT_simulated_landsat9/GAO20230824t175220p0000-H_sim_L9.tif,/mnt/engg-leung/Research_No9_Methane_Emissions/Yuyao/Dataset/data_dir_l89_L2SR/plume_masks_l89_512/GAO20230824t175220p0000-H/mask_30m_512.tif
GAO20230824t175220p0000-I,31.77378760776054,-101.75899133576992,2023-08-24 17:52:20+00:00,Oil & Gas (1B2),CH4,mf,"[-101.76268047276895, 31.768144146985286, -101.75051798108841, 31.778438990595003]",GAO,production,2024-02-15 23:38:44.258319+00:00,2025-03-25 22:58:50.246438+00:00,v1,,,,,,,5.02734375,0.2222900390625,167.19323639064234,2.7165695156569147,hrrr,Global Airborne Observatory,ASU GDCS,https://api.carbonmapper.org/api/v1/catalog/asset/l3a-vis-ch4-mf-v1/2023/08/24/GAO20230824t175220p0000-I/GAO20230824t175220p0000-I_l3a-vis-ch4-mf-v1_plume.tif,https://api.carbonmapper.org/api/v1/catalog/asset/l3a-vis-ch4-mf-v1/2023/08/24/GAO20230824t175220p0000-I/GAO20230824t175220p0000-I_l3a-vis-ch4-mf-v1_plume.png,,https://api.carbonmapper.org/api/v1/catalog/asset/l3a-vis-ch4-mf-v1/2023/08/24/GAO20230824t175220p0000-I/GAO20230824t175220p0000-I_l3a-vis-ch4-mf-v1_rgb.tif,https://api.carbonmapper.org/api/v1/catalog/asset/l3a-vis-ch4-mf-v1/2023/08/24/GAO20230824t175220p0000-I/GAO20230824t175220p0000-I_l3a-vis-ch4-mf-v1_rgb.png,1,EMIT_L2A_RFL_001_20230824T175349_2323612_024,/mnt/engg-leung/Research_No9_Methane_Emissions/Yuyao/raw_data_dir_l89_L2SR/EMIT_simulated_landsat9/GAO20230824t175220p0000-I_sim_L9.tif,/mnt/engg-leung/Research_No9_Methane_Emissions/Yuyao/Dataset/data_dir_l89_L2SR/plume_masks_l89_512/GAO20230824t175220p0000-I/mask_30m_512.tif
GAO20230824t175835p0000-A,31.907499608846564,-101.78360504946151,2023-08-24 17:58:35+00:00,Oil & Gas (1B2),CH4,mf,"[-101.78675068779086, 31.905205764822103, -101.78066037640748, 31.9104207848949]",GAO,production,2023-12-04 18:49:20.231951+00:00,2025-03-25 23:00:37.177193+00:00,v1,,,,,97.21813263038166,14.223033644195016,4.984375,0.271728515625,167.90598029091151,3.363690117276965,hrrr,Global Airborne Observatory,ASU GDCS,https://api.carbonmapper.org/api/v1/catalog/asset/l3a-vis-ch4-mf-v002/2023/08/24/GAO20230824t175835p0000-A/GAO20230824t175835p0000-A_l3a-vis-ch4-mf-v002_plume.tif,https://api.carbonmapper.org/api/v1/catalog/asset/l3a-vis-ch4-mf-v002/2023/08/24/GAO20230824t175835p0000-A/GAO20230824t175835p0000-A_l3a-vis-ch4-mf-v002_plume.png,https://api.carbonmapper.org/api/v1/catalog/asset/l3a-ch4-mf-v1/2023/08/24/GAO20230824t175835p0000-A/GAO20230824t175835p0000-A_l3a-ch4-mf-v1_concentrations.tif,https://api.carbonmapper.org/api/v1/catalog/asset/l3a-vis-ch4-mf-v002/2023/08/24/GAO20230824t175835p0000-A/GAO20230824t175835p0000-A_l3a-vis-ch4-mf-v002_rgb.tif,https://api.carbonmapper.org/api/v1/catalog/asset/l3a-vis-ch4-mf-v002/2023/08/24/GAO20230824t175835p0000-A/GAO20230824t175835p0000-A_l3a-vis-ch4-mf-v002_rgb.png,1,EMIT_L2A_RFL_001_20230824T175349_2323612_024,/mnt/engg-leung/Research_No9_Methane_Emissions/Yuyao/raw_data_dir_l89_L2SR/EMIT_simulated_landsat9/GAO20230824t175835p0000-A_sim_L9.tif,/mnt/engg-leung/Research_No9_Methane_Emissions/Yuyao/Dataset/data_dir_l89_L2SR/plume_masks_l89_512/GAO20230824t175835p0000-A/mask_30m_512.tif
GAO20230824t175835p0000-B,31.91034457116143,-101.77714152587114,2023-08-24 17:58:35+00:00,Oil & Gas (1B2),CH4,mf,"[-101.7803113876201, 31.90801789759493, -101.7741682541537, 31.913187688452517]",GAO,production,2024-01-02 20:36:56.933500+00:00,2025-03-25 22:49:21.063416+00:00,v1,,,,,218.9791553076293,83.52624348138474,4.984375,0.271728515625,167.90598029091151,3.363690117276965,hrrr,Global Airborne Observatory,ASU GDCS,https://api.carbonmapper.org/api/v1/catalog/asset/l3a-vis-ch4-mf-v002/2023/08/24/GAO20230824t175835p0000-B/GAO20230824t175835p0000-B_l3a-vis-ch4-mf-v002_plume.tif,https://api.carbonmapper.org/api/v1/catalog/asset/l3a-vis-ch4-mf-v002/2023/08/24/GAO20230824t175835p0000-B/GAO20230824t175835p0000-B_l3a-vis-ch4-mf-v002_plume.png,,https://api.carbonmapper.org/api/v1/catalog/asset/l3a-vis-ch4-mf-v002/2023/08/24/GAO20230824t175835p0000-B/GAO20230824t175835p0000-B_l3a-vis-ch4-mf-v002_rgb.tif,https://api.carbonmapper.org/api/v1/catalog/asset/l3a-vis-ch4-mf-v002/2023/08/24/GAO20230824t175835p0000-B/GAO20230824t175835p0000-B_l3a-vis-ch4-mf-v002_rgb.png,1,EMIT_L2A_RFL_001_20230824T175349_2323612_024,/mnt/engg-leung/Research_No9_Methane_Emissions/Yuyao/raw_data_dir_l89_L2SR/EMIT_simulated_landsat9/GAO20230824t175835p0000-B_sim_L9.tif,/mnt/engg-leung/Research_No9_Methane_Emissions/Yuyao/Dataset/data_dir_l89_L2SR/plume_masks_l89_512/GAO20230824t175835p0000-B/mask_30m_512.tif
GAO20230824t175835p0000-C,31.9092416372024,-101.77638891605424,2023-08-24 17:58:35+00:00,Oil & Gas (1B2),CH4,mf,"[-101.7803113876201, 31.90801789759493, -101.7741682541537, 31.913187688452517]",GAO,production,2024-01-02 20:36:56.975942+00:00,2025-03-25 23:00:46.554341+00:00,v1,,,,,296.08329533639693,65.60923168111077,4.984375,0.271728515625,167.90598029091151,3.363690117276965,hrrr,Global Airborne Observatory,ASU GDCS,https://api.carbonmapper.org/api/v1/catalog/asset/l3a-vis-ch4-mf-v002/2023/08/24/GAO20230824t175835p0000-C/GAO20230824t175835p0000-C_l3a-vis-ch4-mf-v002_plume.tif,https://api.carbonmapper.org/api/v1/catalog/asset/l3a-vis-ch4-mf-v002/2023/08/24/GAO20230824t175835p0000-C/GAO20230824t175835p0000-C_l3a-vis-ch4-mf-v002_plume.png,,https://api.carbonmapper.org/api/v1/catalog/asset/l3a-vis-ch4-mf-v002/2023/08/24/GAO20230824t175835p0000-C/GAO20230824t175835p0000-C_l3a-vis-ch4-mf-v002_rgb.tif,https://api.carbonmapper.org/api/v1/catalog/asset/l3a-vis-ch4-mf-v002/2023/08/24/GAO20230824t175835p0000-C/GAO20230824t175835p0000-C_l3a-vis-ch4-mf-v002_rgb.png,1,EMIT_L2A_RFL_001_20230824T175349_2323612_024,/mnt/engg-leung/Research_No9_Methane_Emissions/Yuyao/raw_data_dir_l89_L2SR/EMIT_simulated_landsat9/GAO20230824t175835p0000-C_sim_L9.tif,/mnt/engg-leung/Research_No9_Methane_Emissions/Yuyao/Dataset/data_dir_l89_L2SR/plume_masks_l89_512/GAO20230824t175835p0000-C/mask_30m_512.tif
GAO20230824t175835p0000-D,31.857968835847544,-101.76485978645478,2023-08-24 17:58:35+00:00,Oil & Gas (1B2),CH4,mf,"[-101.76921087776722, 31.856572606858457, -101.7611125840888, 31.86345081397064]",GAO,production,2023-12-04 18:46:50.166128+00:00,2025-03-25 22:37:31.503850+00:00,v1,,,,,490.4311142507303,69.28142104490632,5.046875,0.27392578125,167.57770773902234,3.127024188078553,hrrr,Global Airborne Observatory,ASU GDCS,https://api.carbonmapper.org/api/v1/catalog/asset/l3a-vis-ch4-mf-v002/2023/08/24/GAO20230824t175835p0000-D/GAO20230824t175835p0000-D_l3a-vis-ch4-mf-v002_plume.tif,https://api.carbonmapper.org/api/v1/catalog/asset/l3a-vis-ch4-mf-v002/2023/08/24/GAO20230824t175835p0000-D/GAO20230824t175835p0000-D_l3a-vis-ch4-mf-v002_plume.png,https://api.carbonmapper.org/api/v1/catalog/asset/l3a-ch4-mf-v1/2023/08/24/GAO20230824t175835p0000-D/GAO20230824t175835p0000-D_l3a-ch4-mf-v1_concentrations.tif,https://api.carbonmapper.org/api/v1/catalog/asset/l3a-vis-ch4-mf-v002/2023/08/24/GAO20230824t175835p0000-D/GAO20230824t175835p0000-D_l3a-vis-ch4-mf-v002_rgb.tif,https://api.carbonmapper.org/api/v1/catalog/asset/l3a-vis-ch4-mf-v002/2023/08/24/GAO20230824t175835p0000-D/GAO20230824t175835p0000-D_l3a-vis-ch4-mf-v002_rgb.png,1,EMIT_L2A_RFL_001_20230824T175349_2323612_024,/mnt/engg-leung/Research_No9_Methane_Emissions/Yuyao/raw_data_dir_l89_L2SR/EMIT_simulated_landsat9/GAO20230824t175835p0000-D_sim_L9.tif,/mnt/engg-leung/Research_No9_Methane_Emissions/Yuyao/Dataset/data_dir_l89_L2SR/plume_masks_l89_512/GAO20230824t175835p0000-D/mask_30m_512.tif
GAO20230824t175835p0000-E,31.855398089029265,-101.76479902295394,2023-08-24 17:58:35+00:00,Oil & Gas (1B2),CH4,mf,"[-101.76801557201728, 31.853115873622386, -101.76192890248932, 31.858285769011715]",GAO,production,2023-12-04 18:47:13.689604+00:00,2025-03-25 23:32:34.347667+00:00,v1,,,,,77.13500613868943,9.895801684506608,5.046875,0.27392578125,167.57770773902234,3.127024188078553,hrrr,Global Airborne Observatory,ASU GDCS,https://api.carbonmapper.org/api/v1/catalog/asset/l3a-vis-ch4-mf-v002/2023/08/24/GAO20230824t175835p0000-E/GAO20230824t175835p0000-E_l3a-vis-ch4-mf-v002_plume.tif,https://api.carbonmapper.org/api/v1/catalog/asset/l3a-vis-ch4-mf-v002/2023/08/24/GAO20230824t175835p0000-E/GAO20230824t175835p0000-E_l3a-vis-ch4-mf-v002_plume.png,https://api.carbonmapper.org/api/v1/catalog/asset/l3a-ch4-mf-v1/2023/08/24/GAO20230824t175835p0000-E/GAO20230824t175835p0000-E_l3a-ch4-mf-v1_concentrations.tif,https://api.carbonmapper.org/api/v1/catalog/asset/l3a-vis-ch4-mf-v002/2023/08/24/GAO20230824t175835p0000-E/GAO20230824t175835p0000-E_l3a-vis-ch4-mf-v002_rgb.tif,https://api.carbonmapper.org/api/v1/catalog/asset/l3a-vis-ch4-mf-v002/2023/08/24/GAO20230824t175835p0000-E/GAO20230824t175835p0000-E_l3a-vis-ch4-mf-v002_rgb.png,1,EMIT_L2A_RFL_001_20230824T175349_2323612_024,/mnt/engg-leung/Research_No9_Methane_Emissions/Yuyao/raw_data_dir_l89_L2SR/EMIT_simulated_landsat9/GAO20230824t175835p0000-E_sim_L9.tif,/mnt/engg-leung/Research_No9_Methane_Emissions/Yuyao/Dataset/data_dir_l89_L2SR/plume_masks_l89_512/GAO20230824t175835p0000-E/mask_30m_512.tif
GAO20230824t175835p0000-F,31.84490323082011,-101.77260048498545,2023-08-24 17:58:35+00:00,Oil & Gas (1B2),CH4,mf,"[-101.7793159821497, 31.843848539243027, -101.76915465221322, 31.852480075050302]",GAO,production,2024-01-02 20:36:57.031492+00:00,2025-03-25 22:37:36.657333+00:00,v1,,,,,,,5.046875,0.27392578125,167.57770773902234,3.127024188078553,hrrr,Global Airborne Observatory,ASU GDCS,https://api.carbonmapper.org/api/v1/catalog/asset/l3a-vis-ch4-mf-v002/2023/08/24/GAO20230824t175835p0000-F/GAO20230824t175835p0000-F_l3a-vis-ch4-mf-v002_plume.tif,https://api.carbonmapper.org/api/v1/catalog/asset/l3a-vis-ch4-mf-v002/2023/08/24/GAO20230824t175835p0000-F/GAO20230824t175835p0000-F_l3a-vis-ch4-mf-v002_plume.png,,https://api.carbonmapper.org/api/v1/catalog/asset/l3a-vis-ch4-mf-v002/2023/08/24/GAO20230824t175835p0000-F/GAO20230824t175835p0000-F_l3a-vis-ch4-mf-v002_rgb.tif,https://api.carbonmapper.org/api/v1/catalog/asset/l3a-vis-ch4-mf-v002/2023/08/24/GAO20230824t175835p0000-F/GAO20230824t175835p0000-F_l3a-vis-ch4-mf-v002_rgb.png,1,EMIT_L2A_RFL_001_20230824T175349_2323612_024,/mnt/engg-leung/Research_No9_Methane_Emissions/Yuyao/raw_data_dir_l89_L2SR/EMIT_simulated_landsat9/GAO20230824t175835p0000-F_sim_L9.tif,/mnt/engg-leung/Research_No9_Methane_Emissions/Yuyao/Dataset/data_dir_l89_L2SR/plume_masks_l89_512/GAO20230824t175835p0000-F/mask_30m_512.tif
GAO20230824t175835p0000-G,31.844901580710854,-101.772296038786,2023-08-24 17:58:35+00:00,Oil & Gas (1B2),CH4,mf,"[-101.7793159821497, 31.843848539243027, -101.76915465221322, 31.852480075050302]",GAO,production,2024-01-02 20:36:57.074170+00:00,2025-03-25 23:00:54.154403+00:00,v1,,,,,840.5531809451122,193.0300603543858,5.046875,0.27392578125,167.57770773902234,3.127024188078553,hrrr,Global Airborne Observatory,ASU GDCS,https://api.carbonmapper.org/api/v1/catalog/asset/l3a-vis-ch4-mf-v002/2023/08/24/GAO20230824t175835p0000-G/GAO20230824t175835p0000-G_l3a-vis-ch4-mf-v002_plume.tif,https://api.carbonmapper.org/api/v1/catalog/asset/l3a-vis-ch4-mf-v002/2023/08/24/GAO20230824t175835p0000-G/GAO20230824t175835p0000-G_l3a-vis-ch4-mf-v002_plume.png,,https://api.carbonmapper.org/api/v1/catalog/asset/l3a-vis-ch4-mf-v002/2023/08/24/GAO20230824t175835p0000-G/GAO20230824t175835p0000-G_l3a-vis-ch4-mf-v002_rgb.tif,https://api.carbonmapper.org/api/v1/catalog/asset/l3a-vis-ch4-mf-v002/2023/08/24/GAO20230824t175835p0000-G/GAO20230824t175835p0000-G_l3a-vis-ch4-mf-v002_rgb.png,1,EMIT_L2A_RFL_001_20230824T175349_2323612_024,/mnt/engg-leung/Research_No9_Methane_Emissions/Yuyao/raw_data_dir_l89_L2SR/EMIT_simulated_landsat9/GAO20230824t175835p0000-G_sim_L9.tif,/mnt/engg-leung/Research_No9_Methane_Emissions/Yuyao/Dataset/data_dir_l89_L2SR/plume_masks_l89_512/GAO20230824t175835p0000-G/mask_30m_512.tif
GAO20230824t175835p0000-H,31.85219375305016,-101.77690367759568,2023-08-24 17:58:35+00:00,,CH4,mf,"[-101.78047275479923, 31.850276811284857, -101.7743334422668, 31.855446626228062]",GAO,production,2024-01-02 20:36:57.115930+00:00,2025-03-25 23:00:58.180544+00:00,v1,,,,,226.7926495474161,63.91531092678096,5.046875,0.27392578125,167.57770773902234,3.127024188078553,hrrr,Global Airborne Observatory,ASU GDCS,https://api.carbonmapper.org/api/v1/catalog/asset/l3a-vis-ch4-mf-v002/2023/08/24/GAO20230824t175835p0000-H/GAO20230824t175835p0000-H_l3a-vis-ch4-mf-v002_plume.tif,https://api.carbonmapper.org/api/v1/catalog/asset/l3a-vis-ch4-mf-v002/2023/08/24/GAO20230824t175835p0000-H/GAO20230824t175835p0000-H_l3a-vis-ch4-mf-v002_plume.png,,https://api.carbonmapper.org/api/v1/catalog/asset/l3a-vis-ch4-mf-v002/2023/08/24/GAO20230824t175835p0000-H/GAO20230824t175835p0000-H_l3a-vis-ch4-mf-v002_rgb.tif,https://api.carbonmapper.org/api/v1/catalog/asset/l3a-vis-ch4-mf-v002/2023/08/24/GAO20230824t175835p0000-H/GAO20230824t175835p0000-H_l3a-vis-ch4-mf-v002_rgb.png,1,EMIT_L2A_RFL_001_20230824T175349_2323612_024,/mnt/engg-leung/Research_No9_Methane_Emissions/Yuyao/raw_data_dir_l89_L2SR/EMIT_simulated_landsat9/GAO20230824t175835p0000-H_sim_L9.tif,/mnt/engg-leung/Research_No9_Methane_Emissions/Yuyao/Dataset/data_dir_l89_L2SR/plume_masks_l89_512/GAO20230824t175835p0000-H/mask_30m_512.tif
GAO20230824t175835p0000-I,31.844073942719533,-101.77844839183835,2023-08-24 17:58:35+00:00,,CH4,mf,"[-101.78165001893721, 31.842237488933982, -101.7755640065681, 31.847407435909513]",GAO,production,2024-01-02 20:36:57.158938+00:00,2025-03-25 22:37:42.562325+00:00,v1,,,,,200.4525107806236,57.923546051161125,5.046875,0.27392578125,167.57770773902234,3.127024188078553,hrrr,Global Airborne Observatory,ASU GDCS,https://api.carbonmapper.org/api/v1/catalog/asset/l3a-vis-ch4-mf-v002/2023/08/24/GAO20230824t175835p0000-I/GAO20230824t175835p0000-I_l3a-vis-ch4-mf-v002_plume.tif,https://api.carbonmapper.org/api/v1/catalog/asset/l3a-vis-ch4-mf-v002/2023/08/24/GAO20230824t175835p0000-I/GAO20230824t175835p0000-I_l3a-vis-ch4-mf-v002_plume.png,,https://api.carbonmapper.org/api/v1/catalog/asset/l3a-vis-ch4-mf-v002/2023/08/24/GAO20230824t175835p0000-I/GAO20230824t175835p0000-I_l3a-vis-ch4-mf-v002_rgb.tif,https://api.carbonmapper.org/api/v1/catalog/asset/l3a-vis-ch4-mf-v002/2023/08/24/GAO20230824t175835p0000-I/GAO20230824t175835p0000-I_l3a-vis-ch4-mf-v002_rgb.png,1,EMIT_L2A_RFL_001_20230824T175349_2323612_024,/mnt/engg-leung/Research_No9_Methane_Emissions/Yuyao/raw_data_dir_l89_L2SR/EMIT_simulated_landsat9/GAO20230824t175835p0000-I_sim_L9.tif,/mnt/engg-leung/Research_No9_Methane_Emissions/Yuyao/Dataset/data_dir_l89_L2SR/plume_masks_l89_512/GAO20230824t175835p0000-I/mask_30m_512.tif
GAO20230824t175835p0000-J,31.78976207287657,-101.76148658706924,2023-08-24 17:58:35+00:00,Oil & Gas (1B2),CH4,mf,"[-101.7644839465296, 31.787888019485848, -101.75840155876527, 31.793057929273026]",GAO,production,2023-12-04 18:42:46.314686+00:00,2025-03-25 22:34:41.551176+00:00,v1,,,,,172.04503197204502,24.39981588702387,5.04296875,0.2412109375,167.30893979518237,2.8454786144088446,hrrr,Global Airborne Observatory,ASU GDCS,https://api.carbonmapper.org/api/v1/catalog/asset/l3a-vis-ch4-mf-v002/2023/08/24/GAO20230824t175835p0000-J/GAO20230824t175835p0000-J_l3a-vis-ch4-mf-v002_plume.tif,https://api.carbonmapper.org/api/v1/catalog/asset/l3a-vis-ch4-mf-v002/2023/08/24/GAO20230824t175835p0000-J/GAO20230824t175835p0000-J_l3a-vis-ch4-mf-v002_plume.png,https://api.carbonmapper.org/api/v1/catalog/asset/l3a-ch4-mf-v1/2023/08/24/GAO20230824t175835p0000-J/GAO20230824t175835p0000-J_l3a-ch4-mf-v1_concentrations.tif,https://api.carbonmapper.org/api/v1/catalog/asset/l3a-vis-ch4-mf-v002/2023/08/24/GAO20230824t175835p0000-J/GAO20230824t175835p0000-J_l3a-vis-ch4-mf-v002_rgb.tif,https://api.carbonmapper.org/api/v1/catalog/asset/l3a-vis-ch4-mf-v002/2023/08/24/GAO20230824t175835p0000-J/GAO20230824t175835p0000-J_l3a-vis-ch4-mf-v002_rgb.png,1,EMIT_L2A_RFL_001_20230824T175349_2323612_024,/mnt/engg-leung/Research_No9_Methane_Emissions/Yuyao/raw_data_dir_l89_L2SR/EMIT_simulated_landsat9/GAO20230824t175835p0000-J_sim_L9.tif,/mnt/engg-leung/Research_No9_Methane_Emissions/Yuyao/Dataset/data_dir_l89_L2SR/plume_masks_l89_512/GAO20230824t175835p0000-J/mask_30m_512.tif
GAO20230824t175835p0000-K,31.77384447819982,-101.75898782556708,2023-08-24 17:58:35+00:00,Oil & Gas (1B2),CH4,mf,"[-101.76209353612657, 31.77168922956662, -101.75595933338276, 31.77690409323228]",GAO,production,2024-01-02 20:36:57.205250+00:00,2025-03-25 23:01:03.140727+00:00,v1,,,,,234.31877782754967,65.5620384279413,5.02734375,0.2222900390625,167.19323639064234,2.7165695156569147,hrrr,Global Airborne Observatory,ASU GDCS,https://api.carbonmapper.org/api/v1/catalog/asset/l3a-vis-ch4-mf-v002/2023/08/24/GAO20230824t175835p0000-K/GAO20230824t175835p0000-K_l3a-vis-ch4-mf-v002_plume.tif,https://api.carbonmapper.org/api/v1/catalog/asset/l3a-vis-ch4-mf-v002/2023/08/24/GAO20230824t175835p0000-K/GAO20230824t175835p0000-K_l3a-vis-ch4-mf-v002_plume.png,,https://api.carbonmapper.org/api/v1/catalog/asset/l3a-vis-ch4-mf-v002/2023/08/24/GAO20230824t175835p0000-K/GAO20230824t175835p0000-K_l3a-vis-ch4-mf-v002_rgb.tif,https://api.carbonmapper.org/api/v1/catalog/asset/l3a-vis-ch4-mf-v002/2023/08/24/GAO20230824t175835p0000-K/GAO20230824t175835p0000-K_l3a-vis-ch4-mf-v002_rgb.png,1,EMIT_L2A_RFL_001_20230824T175349_2323612_024,/mnt/engg-leung/Research_No9_Methane_Emissions/Yuyao/raw_data_dir_l89_L2SR/EMIT_simulated_landsat9/GAO20230824t175835p0000-K_sim_L9.tif,/mnt/engg-leung/Research_No9_Methane_Emissions/Yuyao/Dataset/data_dir_l89_L2SR/plume_masks_l89_512/GAO20230824t175835p0000-K/mask_30m_512.tif
GAO20230824t175835p0000-L,31.77406691859572,-101.75866818697224,2023-08-24 17:58:35+00:00,Oil & Gas (1B2),CH4,mf,"[-101.7619849622749, 31.771776503313664, -101.75590348852319, 31.776991492455387]",GAO,production,2024-01-02 20:36:57.246309+00:00,2025-03-25 23:01:03.283069+00:00,v1,,,,,133.98839795239297,39.4881275148116,5.02734375,0.2222900390625,167.19323639064234,2.7165695156569147,hrrr,Global Airborne Observatory,ASU GDCS,https://api.carbonmapper.org/api/v1/catalog/asset/l3a-vis-ch4-mf-v002/2023/08/24/GAO20230824t175835p0000-L/GAO20230824t175835p0000-L_l3a-vis-ch4-mf-v002_plume.tif,https://api.carbonmapper.org/api/v1/catalog/asset/l3a-vis-ch4-mf-v002/2023/08/24/GAO20230824t175835p0000-L/GAO20230824t175835p0000-L_l3a-vis-ch4-mf-v002_plume.png,,https://api.carbonmapper.org/api/v1/catalog/asset/l3a-vis-ch4-mf-v002/2023/08/24/GAO20230824t175835p0000-L/GAO20230824t175835p0000-L_l3a-vis-ch4-mf-v002_rgb.tif,https://api.carbonmapper.org/api/v1/catalog/asset/l3a-vis-ch4-mf-v002/2023/08/24/GAO20230824t175835p0000-L/GAO20230824t175835p0000-L_l3a-vis-ch4-mf-v002_rgb.png,1,EMIT_L2A_RFL_001_20230824T175349_2323612_024,/mnt/engg-leung/Research_No9_Methane_Emissions/Yuyao/raw_data_dir_l89_L2SR/EMIT_simulated_landsat9/GAO20230824t175835p0000-L_sim_L9.tif,/mnt/engg-leung/Research_No9_Methane_Emissions/Yuyao/Dataset/data_dir_l89_L2SR/plume_masks_l89_512/GAO20230824t175835p0000-L/mask_30m_512.tif
GAO20230824t180435p0000-B,32.326947959616135,-101.8199481615462,2023-08-24 18:04:35+00:00,Oil & Gas (1B2),CH4,mf,"[-101.82437787071896, 32.32542225858687, -101.81825965854046, 32.33059215112519]",GAO,production,2023-12-04 18:54:36.709276+00:00,2025-03-25 23:01:04.569279+00:00,v1,,,,,382.50716796190846,35.78590630013339,5.25,0.274658203125,168.13404030729825,2.0715410365847884,hrrr,Global Airborne Observatory,ASU GDCS,https://api.carbonmapper.org/api/v1/catalog/asset/l3a-vis-ch4-mf-v002/2023/08/24/GAO20230824t180435p0000-B/GAO20230824t180435p0000-B_l3a-vis-ch4-mf-v002_plume.tif,https://api.carbonmapper.org/api/v1/catalog/asset/l3a-vis-ch4-mf-v002/2023/08/24/GAO20230824t180435p0000-B/GAO20230824t180435p0000-B_l3a-vis-ch4-mf-v002_plume.png,https://api.carbonmapper.org/api/v1/catalog/asset/l3a-ch4-mf-v1/2023/08/24/GAO20230824t180435p0000-B/GAO20230824t180435p0000-B_l3a-ch4-mf-v1_concentrations.tif,https://api.carbonmapper.org/api/v1/catalog/asset/l3a-vis-ch4-mf-v002/2023/08/24/GAO20230824t180435p0000-B/GAO20230824t180435p0000-B_l3a-vis-ch4-mf-v002_rgb.tif,https://api.carbonmapper.org/api/v1/catalog/asset/l3a-vis-ch4-mf-v002/2023/08/24/GAO20230824t180435p0000-B/GAO20230824t180435p0000-B_l3a-vis-ch4-mf-v002_rgb.png,1,EMIT_L2A_RFL_001_20230824T175337_2323612_023,/mnt/engg-leung/Research_No9_Methane_Emissions/Yuyao/raw_data_dir_l89_L2SR/EMIT_simulated_landsat9/GAO20230824t180435p0000-B_sim_L9.tif,/mnt/engg-leung/Research_No9_Methane_Emissions/Yuyao/Dataset/data_dir_l89_L2SR/plume_masks_l89_512/GAO20230824t180435p0000-B/mask_30m_512.tif
GAO20230824t180435p0000-C,32.325731183862416,-101.8227967461742,2023-08-24 18:04:35+00:00,Oil & Gas (1B2),CH4,mf,"[-101.82669170711924, 32.3245338823488, -101.8205733980442, 32.32974886293636]",GAO,production,2023-12-04 18:54:36.738086+00:00,2025-03-25 23:01:06.533063+00:00,v1,,,,,475.30437026890047,61.31091112576832,5.25,0.274658203125,168.13404030729825,2.0715410365847884,hrrr,Global Airborne Observatory,ASU GDCS,https://api.carbonmapper.org/api/v1/catalog/asset/l3a-vis-ch4-mf-v002/2023/08/24/GAO20230824t180435p0000-C/GAO20230824t180435p0000-C_l3a-vis-ch4-mf-v002_plume.tif,https://api.carbonmapper.org/api/v1/catalog/asset/l3a-vis-ch4-mf-v002/2023/08/24/GAO20230824t180435p0000-C/GAO20230824t180435p0000-C_l3a-vis-ch4-mf-v002_plume.png,https://api.carbonmapper.org/api/v1/catalog/asset/l3a-ch4-mf-v1/2023/08/24/GAO20230824t180435p0000-C/GAO20230824t180435p0000-C_l3a-ch4-mf-v1_concentrations.tif,https://api.carbonmapper.org/api/v1/catalog/asset/l3a-vis-ch4-mf-v002/2023/08/24/GAO20230824t180435p0000-C/GAO20230824t180435p0000-C_l3a-vis-ch4-mf-v002_rgb.tif,https://api.carbonmapper.org/api/v1/catalog/asset/l3a-vis-ch4-mf-v002/2023/08/24/GAO20230824t180435p0000-C/GAO20230824t180435p0000-C_l3a-vis-ch4-mf-v002_rgb.png,1,EMIT_L2A_RFL_001_20230824T175337_2323612_023,/mnt/engg-leung/Research_No9_Methane_Emissions/Yuyao/raw_data_dir_l89_L2SR/EMIT_simulated_landsat9/GAO20230824t180435p0000-C_sim_L9.tif,/mnt/engg-leung/Research_No9_Methane_Emissions/Yuyao/Dataset/data_dir_l89_L2SR/plume_masks_l89_512/GAO20230824t180435p0000-C/mask_30m_512.tif
GAO20230824t180435p0000-D,32.32324925831027,-101.81264434270835,2023-08-24 18:04:35+00:00,Oil & Gas (1B2),CH4,mf,"[-101.81629050792516, 32.321386800780374, -101.81011939807937, 32.32660162300048]",GAO,production,2023-12-04 18:54:44.888185+00:00,2025-03-25 22:37:49.091537+00:00,v1,,,,,208.77675356133125,18.58209907150856,5.25,0.274658203125,168.13404030729825,2.0715410365847884,hrrr,Global Airborne Observatory,ASU GDCS,https://api.carbonmapper.org/api/v1/catalog/asset/l3a-vis-ch4-mf-v002/2023/08/24/GAO20230824t180435p0000-D/GAO20230824t180435p0000-D_l3a-vis-ch4-mf-v002_plume.tif,https://api.carbonmapper.org/api/v1/catalog/asset/l3a-vis-ch4-mf-v002/2023/08/24/GAO20230824t180435p0000-D/GAO20230824t180435p0000-D_l3a-vis-ch4-mf-v002_plume.png,https://api.carbonmapper.org/api/v1/catalog/asset/l3a-ch4-mf-v1/2023/08/24/GAO20230824t180435p0000-D/GAO20230824t180435p0000-D_l3a-ch4-mf-v1_concentrations.tif,https://api.carbonmapper.org/api/v1/catalog/asset/l3a-vis-ch4-mf-v002/2023/08/24/GAO20230824t180435p0000-D/GAO20230824t180435p0000-D_l3a-vis-ch4-mf-v002_rgb.tif,https://api.carbonmapper.org/api/v1/catalog/asset/l3a-vis-ch4-mf-v002/2023/08/24/GAO20230824t180435p0000-D/GAO20230824t180435p0000-D_l3a-vis-ch4-mf-v002_rgb.png,1,EMIT_L2A_RFL_001_20230824T175337_2323612_023,/mnt/engg-leung/Research_No9_Methane_Emissions/Yuyao/raw_data_dir_l89_L2SR/EMIT_simulated_landsat9/GAO20230824t180435p0000-D_sim_L9.tif,/mnt/engg-leung/Research_No9_Methane_Emissions/Yuyao/Dataset/data_dir_l89_L2SR/plume_masks_l89_512/GAO20230824t180435p0000-D/mask_30m_512.tif
GAO20230824t180435p0000-E,32.301919026544354,-101.80157141306486,2023-08-24 18:04:35+00:00,Oil & Gas (1B2),CH4,mf,"[-101.80417221413316, 32.30066046506816, -101.79800255467273, 32.30587525469121]",GAO,production,2023-12-04 18:54:53.232760+00:00,2025-03-25 22:37:49.561595+00:00,v1,,,,,52.913979135815296,13.119522493297184,5.24609375,0.293212890625,168.56436954576571,2.881398848236083,hrrr,Global Airborne Observatory,ASU GDCS,https://api.carbonmapper.org/api/v1/catalog/asset/l3a-vis-ch4-mf-v002/2023/08/24/GAO20230824t180435p0000-E/GAO20230824t180435p0000-E_l3a-vis-ch4-mf-v002_plume.tif,https://api.carbonmapper.org/api/v1/catalog/asset/l3a-vis-ch4-mf-v002/2023/08/24/GAO20230824t180435p0000-E/GAO20230824t180435p0000-E_l3a-vis-ch4-mf-v002_plume.png,https://api.carbonmapper.org/api/v1/catalog/asset/l3a-ch4-mf-v1/2023/08/24/GAO20230824t180435p0000-E/GAO20230824t180435p0000-E_l3a-ch4-mf-v1_concentrations.tif,https://api.carbonmapper.org/api/v1/catalog/asset/l3a-vis-ch4-mf-v002/2023/08/24/GAO20230824t180435p0000-E/GAO20230824t180435p0000-E_l3a-vis-ch4-mf-v002_rgb.tif,https://api.carbonmapper.org/api/v1/catalog/asset/l3a-vis-ch4-mf-v002/2023/08/24/GAO20230824t180435p0000-E/GAO20230824t180435p0000-E_l3a-vis-ch4-mf-v002_rgb.png,1,EMIT_L2A_RFL_001_20230824T175337_2323612_023,/mnt/engg-leung/Research_No9_Methane_Emissions/Yuyao/raw_data_dir_l89_L2SR/EMIT_simulated_landsat9/GAO20230824t180435p0000-E_sim_L9.tif,/mnt/engg-leung/Research_No9_Methane_Emissions/Yuyao/Dataset/data_dir_l89_L2SR/plume_masks_l89_512/GAO20230824t180435p0000-E/mask_30m_512.tif
GAO20230824t180435p0000-F,32.24204070490954,-101.7918759504963,2023-08-24 18:04:35+00:00,Oil & Gas (1B2),CH4,mf,"[-101.79522190773083, 32.23980521977934, -101.78910954358633, 32.244975049346735]",GAO,production,2023-12-04 18:55:20.990845+00:00,2025-03-25 23:01:11.834366+00:00,v1,,,,,293.425366430405,130.23285203252743,5.28515625,0.318603515625,167.72586820249828,3.551022359067233,hrrr,Global Airborne Observatory,ASU GDCS,https://api.carbonmapper.org/api/v1/catalog/asset/l3a-vis-ch4-mf-v002/2023/08/24/GAO20230824t180435p0000-F/GAO20230824t180435p0000-F_l3a-vis-ch4-mf-v002_plume.tif,https://api.carbonmapper.org/api/v1/catalog/asset/l3a-vis-ch4-mf-v002/2023/08/24/GAO20230824t180435p0000-F/GAO20230824t180435p0000-F_l3a-vis-ch4-mf-v002_plume.png,https://api.carbonmapper.org/api/v1/catalog/asset/l3a-ch4-mf-v1/2023/08/24/GAO20230824t180435p0000-F/GAO20230824t180435p0000-F_l3a-ch4-mf-v1_concentrations.tif,https://api.carbonmapper.org/api/v1/catalog/asset/l3a-vis-ch4-mf-v002/2023/08/24/GAO20230824t180435p0000-F/GAO20230824t180435p0000-F_l3a-vis-ch4-mf-v002_rgb.tif,https://api.carbonmapper.org/api/v1/catalog/asset/l3a-vis-ch4-mf-v002/2023/08/24/GAO20230824t180435p0000-F/GAO20230824t180435p0000-F_l3a-vis-ch4-mf-v002_rgb.png,1,EMIT_L2A_RFL_001_20230824T175337_2323612_023,/mnt/engg-leung/Research_No9_Methane_Emissions/Yuyao/raw_data_dir_l89_L2SR/EMIT_simulated_landsat9/GAO20230824t180435p0000-F_sim_L9.tif,/mnt/engg-leung/Research_No9_Methane_Emissions/Yuyao/Dataset/data_dir_l89_L2SR/plume_masks_l89_512/GAO20230824t180435p0000-F/mask_30m_512.tif
GAO20230824t180435p0000-H,31.90744148092766,-101.78353884981544,2023-08-24 18:04:35+00:00,Oil & Gas (1B2),CH4,mf,"[-101.78664039276092, 31.905338207244792, -101.78055007312454, 31.91055322687956]",GAO,production,2023-12-04 18:49:20.627847+00:00,2025-03-25 23:01:18.535156+00:00,v1,,,,,329.5581194763928,90.91904951196378,4.765625,0.30078125,167.99429463687977,3.4328494282507216,hrrr,Global Airborne Observatory,ASU GDCS,https://api.carbonmapper.org/api/v1/catalog/asset/l3a-vis-ch4-mf-v002/2023/08/24/GAO20230824t180435p0000-H/GAO20230824t180435p0000-H_l3a-vis-ch4-mf-v002_plume.tif,https://api.carbonmapper.org/api/v1/catalog/asset/l3a-vis-ch4-mf-v002/2023/08/24/GAO20230824t180435p0000-H/GAO20230824t180435p0000-H_l3a-vis-ch4-mf-v002_plume.png,https://api.carbonmapper.org/api/v1/catalog/asset/l3a-ch4-mf-v1/2023/08/24/GAO20230824t180435p0000-H/GAO20230824t180435p0000-H_l3a-ch4-mf-v1_concentrations.tif,https://api.carbonmapper.org/api/v1/catalog/asset/l3a-vis-ch4-mf-v002/2023/08/24/GAO20230824t180435p0000-H/GAO20230824t180435p0000-H_l3a-vis-ch4-mf-v002_rgb.tif,https://api.carbonmapper.org/api/v1/catalog/asset/l3a-vis-ch4-mf-v002/2023/08/24/GAO20230824t180435p0000-H/GAO20230824t180435p0000-H_l3a-vis-ch4-mf-v002_rgb.png,1,EMIT_L2A_RFL_001_20230824T175349_2323612_024,/mnt/engg-leung/Research_No9_Methane_Emissions/Yuyao/raw_data_dir_l89_L2SR/EMIT_simulated_landsat9/GAO20230824t180435p0000-H_sim_L9.tif,/mnt/engg-leung/Research_No9_Methane_Emissions/Yuyao/Dataset/data_dir_l89_L2SR/plume_masks_l89_512/GAO20230824t180435p0000-H/mask_30m_512.tif
GAO20230824t180435p0000-I,31.910290518361634,-101.7770970452905,2023-08-24 18:04:35+00:00,Oil & Gas (1B2),CH4,mf,"[-101.7801514288969, 31.908058799648373, -101.77406110474818, 31.91322871445599]",GAO,production,2023-12-04 18:49:20.068832+00:00,2025-03-25 23:01:22.962802+00:00,v1,,,,,293.5169965366826,151.99228184071097,4.765625,0.30078125,167.99429463687977,3.4328494282507216,hrrr,Global Airborne Observatory,ASU GDCS,https://api.carbonmapper.org/api/v1/catalog/asset/l3a-vis-ch4-mf-v002/2023/08/24/GAO20230824t180435p0000-I/GAO20230824t180435p0000-I_l3a-vis-ch4-mf-v002_plume.tif,https://api.carbonmapper.org/api/v1/catalog/asset/l3a-vis-ch4-mf-v002/2023/08/24/GAO20230824t180435p0000-I/GAO20230824t180435p0000-I_l3a-vis-ch4-mf-v002_plume.png,https://api.carbonmapper.org/api/v1/catalog/asset/l3a-ch4-mf-v1/2023/08/24/GAO20230824t180435p0000-I/GAO20230824t180435p0000-I_l3a-ch4-mf-v1_concentrations.tif,https://api.carbonmapper.org/api/v1/catalog/asset/l3a-vis-ch4-mf-v002/2023/08/24/GAO20230824t180435p0000-I/GAO20230824t180435p0000-I_l3a-vis-ch4-mf-v002_rgb.tif,https://api.carbonmapper.org/api/v1/catalog/asset/l3a-vis-ch4-mf-v002/2023/08/24/GAO20230824t180435p0000-I/GAO20230824t180435p0000-I_l3a-vis-ch4-mf-v002_rgb.png,1,EMIT_L2A_RFL_001_20230824T175349_2323612_024,/mnt/engg-leung/Research_No9_Methane_Emissions/Yuyao/raw_data_dir_l89_L2SR/EMIT_simulated_landsat9/GAO20230824t180435p0000-I_sim_L9.tif,/mnt/engg-leung/Research_No9_Methane_Emissions/Yuyao/Dataset/data_dir_l89_L2SR/plume_masks_l89_512/GAO20230824t180435p0000-I/mask_30m_512.tif
GAO20230824t180435p0000-J,31.90919318957944,-101.77629453977995,2023-08-24 18:04:35+00:00,Oil & Gas (1B2),CH4,mf,"[-101.7798519074949, 31.907555424834438, -101.77370865726412, 31.912770294446375]",GAO,production,2023-12-04 18:49:20.175494+00:00,2025-03-25 23:01:25.828314+00:00,v1,,,,,181.99065592539887,20.20162725655969,4.765625,0.30078125,167.99429463687977,3.4328494282507216,hrrr,Global Airborne Observatory,ASU GDCS,https://api.carbonmapper.org/api/v1/catalog/asset/l3a-vis-ch4-mf-v002/2023/08/24/GAO20230824t180435p0000-J/GAO20230824t180435p0000-J_l3a-vis-ch4-mf-v002_plume.tif,https://api.carbonmapper.org/api/v1/catalog/asset/l3a-vis-ch4-mf-v002/2023/08/24/GAO20230824t180435p0000-J/GAO20230824t180435p0000-J_l3a-vis-ch4-mf-v002_plume.png,https://api.carbonmapper.org/api/v1/catalog/asset/l3a-ch4-mf-v1/2023/08/24/GAO20230824t180435p0000-J/GAO20230824t180435p0000-J_l3a-ch4-mf-v1_concentrations.tif,https://api.carbonmapper.org/api/v1/catalog/asset/l3a-vis-ch4-mf-v002/2023/08/24/GAO20230824t180435p0000-J/GAO20230824t180435p0000-J_l3a-vis-ch4-mf-v002_rgb.tif,https://api.carbonmapper.org/api/v1/catalog/asset/l3a-vis-ch4-mf-v002/2023/08/24/GAO20230824t180435p0000-J/GAO20230824t180435p0000-J_l3a-vis-ch4-mf-v002_rgb.png,1,EMIT_L2A_RFL_001_20230824T175349_2323612_024,/mnt/engg-leung/Research_No9_Methane_Emissions/Yuyao/raw_data_dir_l89_L2SR/EMIT_simulated_landsat9/GAO20230824t180435p0000-J_sim_L9.tif,/mnt/engg-leung/Research_No9_Methane_Emissions/Yuyao/Dataset/data_dir_l89_L2SR/plume_masks_l89_512/GAO20230824t180435p0000-J/mask_30m_512.tif
GAO20230824t180435p0000-K,31.84400222802519,-101.77845008746846,2023-08-24 18:04:35+00:00,Oil & Gas (1B2),CH4,mf,"[-101.78174276164413, 31.842107249704586, -101.7670299688238, 31.854604997001672]",GAO,production,2023-12-04 18:44:10.505301+00:00,2025-03-25 23:01:27.171173+00:00,v1,,,,,178.24031035572875,57.00739135235831,4.83984375,0.2978515625,166.70321129882896,4.044122526745299,hrrr,Global Airborne Observatory,ASU GDCS,https://api.carbonmapper.org/api/v1/catalog/asset/l3a-vis-ch4-mf-v002/2023/08/24/GAO20230824t180435p0000-K/GAO20230824t180435p0000-K_l3a-vis-ch4-mf-v002_plume.tif,https://api.carbonmapper.org/api/v1/catalog/asset/l3a-vis-ch4-mf-v002/2023/08/24/GAO20230824t180435p0000-K/GAO20230824t180435p0000-K_l3a-vis-ch4-mf-v002_plume.png,https://api.carbonmapper.org/api/v1/catalog/asset/l3a-ch4-mf-v1/2023/08/24/GAO20230824t180435p0000-K/GAO20230824t180435p0000-K_l3a-ch4-mf-v1_concentrations.tif,https://api.carbonmapper.org/api/v1/catalog/asset/l3a-vis-ch4-mf-v002/2023/08/24/GAO20230824t180435p0000-K/GAO20230824t180435p0000-K_l3a-vis-ch4-mf-v002_rgb.tif,https://api.carbonmapper.org/api/v1/catalog/asset/l3a-vis-ch4-mf-v002/2023/08/24/GAO20230824t180435p0000-K/GAO20230824t180435p0000-K_l3a-vis-ch4-mf-v002_rgb.png,1,EMIT_L2A_RFL_001_20230824T175349_2323612_024,/mnt/engg-leung/Research_No9_Methane_Emissions/Yuyao/raw_data_dir_l89_L2SR/EMIT_simulated_landsat9/GAO20230824t180435p0000-K_sim_L9.tif,/mnt/engg-leung/Research_No9_Methane_Emissions/Yuyao/Dataset/data_dir_l89_L2SR/plume_masks_l89_512/GAO20230824t180435p0000-K/mask_30m_512.tif
GAO20230824t180435p0000-L,31.844946722940435,-101.77224598612013,2023-08-24 18:04:35+00:00,Oil & Gas (1B2),CH4,mf,"[-101.78174276164413, 31.842107249704586, -101.7670299688238, 31.854604997001672]",GAO,production,2023-12-04 18:44:10.544702+00:00,2025-03-25 23:01:29.696467+00:00,v1,,,,,1626.7005104344487,198.44892107695208,4.83984375,0.2978515625,166.70321129882896,4.044122526745299,hrrr,Global Airborne Observatory,ASU GDCS,https://api.carbonmapper.org/api/v1/catalog/asset/l3a-vis-ch4-mf-v002/2023/08/24/GAO20230824t180435p0000-L/GAO20230824t180435p0000-L_l3a-vis-ch4-mf-v002_plume.tif,https://api.carbonmapper.org/api/v1/catalog/asset/l3a-vis-ch4-mf-v002/2023/08/24/GAO20230824t180435p0000-L/GAO20230824t180435p0000-L_l3a-vis-ch4-mf-v002_plume.png,https://api.carbonmapper.org/api/v1/catalog/asset/l3a-ch4-mf-v1/2023/08/24/GAO20230824t180435p0000-L/GAO20230824t180435p0000-L_l3a-ch4-mf-v1_concentrations.tif,https://api.carbonmapper.org/api/v1/catalog/asset/l3a-vis-ch4-mf-v002/2023/08/24/GAO20230824t180435p0000-L/GAO20230824t180435p0000-L_l3a-vis-ch4-mf-v002_rgb.tif,https://api.carbonmapper.org/api/v1/catalog/asset/l3a-vis-ch4-mf-v002/2023/08/24/GAO20230824t180435p0000-L/GAO20230824t180435p0000-L_l3a-vis-ch4-mf-v002_rgb.png,1,EMIT_L2A_RFL_001_20230824T175349_2323612_024,/mnt/engg-leung/Research_No9_Methane_Emissions/Yuyao/raw_data_dir_l89_L2SR/EMIT_simulated_landsat9/GAO20230824t180435p0000-L_sim_L9.tif,/mnt/engg-leung/Research_No9_Methane_Emissions/Yuyao/Dataset/data_dir_l89_L2SR/plume_masks_l89_512/GAO20230824t180435p0000-L/mask_30m_512.tif
GAO20230824t180435p0000-M,31.85797041184417,-101.76481419167372,2023-08-24 18:04:35+00:00,Oil & Gas (1B2),CH4,mf,"[-101.77106457426243, 31.856302959133057, -101.76106058754485, 31.864799698390254]",GAO,production,2023-12-04 18:46:50.130968+00:00,2025-03-25 23:01:30.074616+00:00,v1,,,,,767.9718575294039,119.2054955483756,4.83984375,0.2978515625,166.70321129882896,4.044122526745299,hrrr,Global Airborne Observatory,ASU GDCS,https://api.carbonmapper.org/api/v1/catalog/asset/l3a-vis-ch4-mf-v002/2023/08/24/GAO20230824t180435p0000-M/GAO20230824t180435p0000-M_l3a-vis-ch4-mf-v002_plume.tif,https://api.carbonmapper.org/api/v1/catalog/asset/l3a-vis-ch4-mf-v002/2023/08/24/GAO20230824t180435p0000-M/GAO20230824t180435p0000-M_l3a-vis-ch4-mf-v002_plume.png,https://api.carbonmapper.org/api/v1/catalog/asset/l3a-ch4-mf-v1/2023/08/24/GAO20230824t180435p0000-M/GAO20230824t180435p0000-M_l3a-ch4-mf-v1_concentrations.tif,https://api.carbonmapper.org/api/v1/catalog/asset/l3a-vis-ch4-mf-v002/2023/08/24/GAO20230824t180435p0000-M/GAO20230824t180435p0000-M_l3a-vis-ch4-mf-v002_rgb.tif,https://api.carbonmapper.org/api/v1/catalog/asset/l3a-vis-ch4-mf-v002/2023/08/24/GAO20230824t180435p0000-M/GAO20230824t180435p0000-M_l3a-vis-ch4-mf-v002_rgb.png,1,EMIT_L2A_RFL_001_20230824T175349_2323612_024,/mnt/engg-leung/Research_No9_Methane_Emissions/Yuyao/raw_data_dir_l89_L2SR/EMIT_simulated_landsat9/GAO20230824t180435p0000-M_sim_L9.tif,/mnt/engg-leung/Research_No9_Methane_Emissions/Yuyao/Dataset/data_dir_l89_L2SR/plume_masks_l89_512/GAO20230824t180435p0000-M/mask_30m_512.tif
GAO20230824t180435p0000-N,31.855345867578848,-101.76469714787774,2023-08-24 18:04:35+00:00,Oil & Gas (1B2),CH4,mf,"[-101.76769268015653, 31.85328797106988, -101.76160600066878, 31.858457865270204]",GAO,production,2023-12-04 18:47:13.661202+00:00,2025-03-25 23:30:44.718859+00:00,v1,,,,,182.6782201205021,21.26711403530823,4.83984375,0.2978515625,166.70321129882896,4.044122526745299,hrrr,Global Airborne Observatory,ASU GDCS,https://api.carbonmapper.org/api/v1/catalog/asset/l3a-vis-ch4-mf-v002/2023/08/24/GAO20230824t180435p0000-N/GAO20230824t180435p0000-N_l3a-vis-ch4-mf-v002_plume.tif,https://api.carbonmapper.org/api/v1/catalog/asset/l3a-vis-ch4-mf-v002/2023/08/24/GAO20230824t180435p0000-N/GAO20230824t180435p0000-N_l3a-vis-ch4-mf-v002_plume.png,https://api.carbonmapper.org/api/v1/catalog/asset/l3a-ch4-mf-v1/2023/08/24/GAO20230824t180435p0000-N/GAO20230824t180435p0000-N_l3a-ch4-mf-v1_concentrations.tif,https://api.carbonmapper.org/api/v1/catalog/asset/l3a-vis-ch4-mf-v002/2023/08/24/GAO20230824t180435p0000-N/GAO20230824t180435p0000-N_l3a-vis-ch4-mf-v002_rgb.tif,https://api.carbonmapper.org/api/v1/catalog/asset/l3a-vis-ch4-mf-v002/2023/08/24/GAO20230824t180435p0000-N/GAO20230824t180435p0000-N_l3a-vis-ch4-mf-v002_rgb.png,1,EMIT_L2A_RFL_001_20230824T175349_2323612_024,/mnt/engg-leung/Research_No9_Methane_Emissions/Yuyao/raw_data_dir_l89_L2SR/EMIT_simulated_landsat9/GAO20230824t180435p0000-N_sim_L9.tif,/mnt/engg-leung/Research_No9_Methane_Emissions/Yuyao/Dataset/data_dir_l89_L2SR/plume_masks_l89_512/GAO20230824t180435p0000-N/mask_30m_512.tif
GAO20230824t180435p0000-O,31.85218281151289,-101.77684573637674,2023-08-24 18:04:35+00:00,Oil & Gas (1B2),CH4,mf,"[-101.78004437710881, 31.850446113438476, -101.77395768554075, 31.85566113302971]",GAO,production,2023-12-04 18:45:55.415714+00:00,2025-03-25 23:01:33.965237+00:00,v1,,,,,208.3203707592256,47.16656341845956,4.83984375,0.2978515625,166.70321129882896,4.044122526745299,hrrr,Global Airborne Observatory,ASU GDCS,https://api.carbonmapper.org/api/v1/catalog/asset/l3a-vis-ch4-mf-v002/2023/08/24/GAO20230824t180435p0000-O/GAO20230824t180435p0000-O_l3a-vis-ch4-mf-v002_plume.tif,https://api.carbonmapper.org/api/v1/catalog/asset/l3a-vis-ch4-mf-v002/2023/08/24/GAO20230824t180435p0000-O/GAO20230824t180435p0000-O_l3a-vis-ch4-mf-v002_plume.png,https://api.carbonmapper.org/api/v1/catalog/asset/l3a-ch4-mf-v1/2023/08/24/GAO20230824t180435p0000-O/GAO20230824t180435p0000-O_l3a-ch4-mf-v1_concentrations.tif,https://api.carbonmapper.org/api/v1/catalog/asset/l3a-vis-ch4-mf-v002/2023/08/24/GAO20230824t180435p0000-O/GAO20230824t180435p0000-O_l3a-vis-ch4-mf-v002_rgb.tif,https://api.carbonmapper.org/api/v1/catalog/asset/l3a-vis-ch4-mf-v002/2023/08/24/GAO20230824t180435p0000-O/GAO20230824t180435p0000-O_l3a-vis-ch4-mf-v002_rgb.png,1,EMIT_L2A_RFL_001_20230824T175349_2323612_024,/mnt/engg-leung/Research_No9_Methane_Emissions/Yuyao/raw_data_dir_l89_L2SR/EMIT_simulated_landsat9/GAO20230824t180435p0000-O_sim_L9.tif,/mnt/engg-leung/Research_No9_Methane_Emissions/Yuyao/Dataset/data_dir_l89_L2SR/plume_masks_l89_512/GAO20230824t180435p0000-O/mask_30m_512.tif
GAO20230824t180435p0000-P,31.78977346673556,-101.76149383563376,2023-08-24 18:04:35+00:00,Oil & Gas (1B2),CH4,mf,"[-101.7642808723469, 31.787657580094642, -101.75814575843233, 31.79282736442881]",GAO,production,2023-12-04 18:42:46.212506+00:00,2025-03-25 22:37:59.484630+00:00,v1,,,,,294.5743870407002,85.14408793206194,4.859375,0.2464599609375,165.83278565138087,4.387670275608428,hrrr,Global Airborne Observatory,ASU GDCS,https://api.carbonmapper.org/api/v1/catalog/asset/l3a-vis-ch4-mf-v002/2023/08/24/GAO20230824t180435p0000-P/GAO20230824t180435p0000-P_l3a-vis-ch4-mf-v002_plume.tif,https://api.carbonmapper.org/api/v1/catalog/asset/l3a-vis-ch4-mf-v002/2023/08/24/GAO20230824t180435p0000-P/GAO20230824t180435p0000-P_l3a-vis-ch4-mf-v002_plume.png,https://api.carbonmapper.org/api/v1/catalog/asset/l3a-ch4-mf-v1/2023/08/24/GAO20230824t180435p0000-P/GAO20230824t180435p0000-P_l3a-ch4-mf-v1_concentrations.tif,https://api.carbonmapper.org/api/v1/catalog/asset/l3a-vis-ch4-mf-v002/2023/08/24/GAO20230824t180435p0000-P/GAO20230824t180435p0000-P_l3a-vis-ch4-mf-v002_rgb.tif,https://api.carbonmapper.org/api/v1/catalog/asset/l3a-vis-ch4-mf-v002/2023/08/24/GAO20230824t180435p0000-P/GAO20230824t180435p0000-P_l3a-vis-ch4-mf-v002_rgb.png,1,EMIT_L2A_RFL_001_20230824T175349_2323612_024,/mnt/engg-leung/Research_No9_Methane_Emissions/Yuyao/raw_data_dir_l89_L2SR/EMIT_simulated_landsat9/GAO20230824t180435p0000-P_sim_L9.tif,/mnt/engg-leung/Research_No9_Methane_Emissions/Yuyao/Dataset/data_dir_l89_L2SR/plume_masks_l89_512/GAO20230824t180435p0000-P/mask_30m_512.tif
GAO20230824t181850p0000-A,32.38943817690806,-101.85101334519142,2023-08-24 18:18:50+00:00,Oil & Gas (1B2),CH4,mf,"[-101.85600355303106, 32.38864845487104, -101.84823062083795, 32.39521194512312]",GAO,production,2023-12-04 18:56:42.209110+00:00,2025-03-25 23:01:38.804948+00:00,v1,,,,,844.3412418880998,102.55843600042536,5.25,0.2491455078125,168.75453567263722,1.4628089325673097,hrrr,Global Airborne Observatory,ASU GDCS,https://api.carbonmapper.org/api/v1/catalog/asset/l3a-vis-ch4-mf-v002/2023/08/24/GAO20230824t181850p0000-A/GAO20230824t181850p0000-A_l3a-vis-ch4-mf-v002_plume.tif,https://api.carbonmapper.org/api/v1/catalog/asset/l3a-vis-ch4-mf-v002/2023/08/24/GAO20230824t181850p0000-A/GAO20230824t181850p0000-A_l3a-vis-ch4-mf-v002_plume.png,https://api.carbonmapper.org/api/v1/catalog/asset/l3a-ch4-mf-v1/2023/08/24/GAO20230824t181850p0000-A/GAO20230824t181850p0000-A_l3a-ch4-mf-v1_concentrations.tif,https://api.carbonmapper.org/api/v1/catalog/asset/l3a-vis-ch4-mf-v002/2023/08/24/GAO20230824t181850p0000-A/GAO20230824t181850p0000-A_l3a-vis-ch4-mf-v002_rgb.tif,https://api.carbonmapper.org/api/v1/catalog/asset/l3a-vis-ch4-mf-v002/2023/08/24/GAO20230824t181850p0000-A/GAO20230824t181850p0000-A_l3a-vis-ch4-mf-v002_rgb.png,1,EMIT_L2A_RFL_001_20230824T175337_2323612_023,/mnt/engg-leung/Research_No9_Methane_Emissions/Yuyao/raw_data_dir_l89_L2SR/EMIT_simulated_landsat9/GAO20230824t181850p0000-A_sim_L9.tif,/mnt/engg-leung/Research_No9_Methane_Emissions/Yuyao/Dataset/data_dir_l89_L2SR/plume_masks_l89_512/GAO20230824t181850p0000-A/mask_30m_512.tif
GAO20230824t181850p0000-B,32.3879588796821,-101.8479378531196,2023-08-24 18:18:50+00:00,Oil & Gas (1B2),CH4,mf,"[-101.85115763820295, 32.38600184533916, -101.84498215902784, 32.39117167882437]",GAO,production,2023-12-04 18:56:42.237444+00:00,2025-03-25 23:01:41.449903+00:00,v1,,,,,67.20797994983587,24.405828615493764,5.25,0.2491455078125,168.75453567263722,1.4628089325673097,hrrr,Global Airborne Observatory,ASU GDCS,https://api.carbonmapper.org/api/v1/catalog/asset/l3a-vis-ch4-mf-v002/2023/08/24/GAO20230824t181850p0000-B/GAO20230824t181850p0000-B_l3a-vis-ch4-mf-v002_plume.tif,https://api.carbonmapper.org/api/v1/catalog/asset/l3a-vis-ch4-mf-v002/2023/08/24/GAO20230824t181850p0000-B/GAO20230824t181850p0000-B_l3a-vis-ch4-mf-v002_plume.png,https://api.carbonmapper.org/api/v1/catalog/asset/l3a-ch4-mf-v1/2023/08/24/GAO20230824t181850p0000-B/GAO20230824t181850p0000-B_l3a-ch4-mf-v1_concentrations.tif,https://api.carbonmapper.org/api/v1/catalog/asset/l3a-vis-ch4-mf-v002/2023/08/24/GAO20230824t181850p0000-B/GAO20230824t181850p0000-B_l3a-vis-ch4-mf-v002_rgb.tif,https://api.carbonmapper.org/api/v1/catalog/asset/l3a-vis-ch4-mf-v002/2023/08/24/GAO20230824t181850p0000-B/GAO20230824t181850p0000-B_l3a-vis-ch4-mf-v002_rgb.png,1,EMIT_L2A_RFL_001_20230824T175337_2323612_023,/mnt/engg-leung/Research_No9_Methane_Emissions/Yuyao/raw_data_dir_l89_L2SR/EMIT_simulated_landsat9/GAO20230824t181850p0000-B_sim_L9.tif,/mnt/engg-leung/Research_No9_Methane_Emissions/Yuyao/Dataset/data_dir_l89_L2SR/plume_masks_l89_512/GAO20230824t181850p0000-B/mask_30m_512.tif
GAO20230824t181850p0000-C,32.35553772286289,-101.8242086049316,2023-08-24 18:18:50+00:00,Oil & Gas (1B2),CH4,mf,"[-101.82753061996284, 32.35371987540585, -101.82135742436768, 32.358889643398534]",GAO,production,2023-12-04 18:58:07.242823+00:00,2025-03-25 22:49:53.835012+00:00,v1,,,,,153.97408402624094,41.76017978216829,5.25390625,0.246826171875,168.36099383303943,1.6930492772349357,hrrr,Global Airborne Observatory,ASU GDCS,https://api.carbonmapper.org/api/v1/catalog/asset/l3a-vis-ch4-mf-v002/2023/08/24/GAO20230824t181850p0000-C/GAO20230824t181850p0000-C_l3a-vis-ch4-mf-v002_plume.tif,https://api.carbonmapper.org/api/v1/catalog/asset/l3a-vis-ch4-mf-v002/2023/08/24/GAO20230824t181850p0000-C/GAO20230824t181850p0000-C_l3a-vis-ch4-mf-v002_plume.png,https://api.carbonmapper.org/api/v1/catalog/asset/l3a-ch4-mf-v1/2023/08/24/GAO20230824t181850p0000-C/GAO20230824t181850p0000-C_l3a-ch4-mf-v1_concentrations.tif,https://api.carbonmapper.org/api/v1/catalog/asset/l3a-vis-ch4-mf-v002/2023/08/24/GAO20230824t181850p0000-C/GAO20230824t181850p0000-C_l3a-vis-ch4-mf-v002_rgb.tif,https://api.carbonmapper.org/api/v1/catalog/asset/l3a-vis-ch4-mf-v002/2023/08/24/GAO20230824t181850p0000-C/GAO20230824t181850p0000-C_l3a-vis-ch4-mf-v002_rgb.png,1,EMIT_L2A_RFL_001_20230824T175337_2323612_023,/mnt/engg-leung/Research_No9_Methane_Emissions/Yuyao/raw_data_dir_l89_L2SR/EMIT_simulated_landsat9/GAO20230824t181850p0000-C_sim_L9.tif,/mnt/engg-leung/Research_No9_Methane_Emissions/Yuyao/Dataset/data_dir_l89_L2SR/plume_masks_l89_512/GAO20230824t181850p0000-C/mask_30m_512.tif
GAO20230824t181850p0000-D,32.34261964185056,-101.8368270346708,2023-08-24 18:18:50+00:00,Oil & Gas (1B2),CH4,mf,"[-101.8398455532384, 32.34014561589147, -101.8336730792927, 32.345360509965644]",GAO,production,2023-12-04 18:57:48.501014+00:00,2025-03-25 22:38:02.730175+00:00,v1,,,,,150.99569330807242,11.316619402048277,5.25390625,0.246826171875,168.36099383303943,1.6930492772349357,hrrr,Global Airborne Observatory,ASU GDCS,https://api.carbonmapper.org/api/v1/catalog/asset/l3a-vis-ch4-mf-v002/2023/08/24/GAO20230824t181850p0000-D/GAO20230824t181850p0000-D_l3a-vis-ch4-mf-v002_plume.tif,https://api.carbonmapper.org/api/v1/catalog/asset/l3a-vis-ch4-mf-v002/2023/08/24/GAO20230824t181850p0000-D/GAO20230824t181850p0000-D_l3a-vis-ch4-mf-v002_plume.png,https://api.carbonmapper.org/api/v1/catalog/asset/l3a-ch4-mf-v1/2023/08/24/GAO20230824t181850p0000-D/GAO20230824t181850p0000-D_l3a-ch4-mf-v1_concentrations.tif,https://api.carbonmapper.org/api/v1/catalog/asset/l3a-vis-ch4-mf-v002/2023/08/24/GAO20230824t181850p0000-D/GAO20230824t181850p0000-D_l3a-vis-ch4-mf-v002_rgb.tif,https://api.carbonmapper.org/api/v1/catalog/asset/l3a-vis-ch4-mf-v002/2023/08/24/GAO20230824t181850p0000-D/GAO20230824t181850p0000-D_l3a-vis-ch4-mf-v002_rgb.png,1,EMIT_L2A_RFL_001_20230824T175337_2323612_023,/mnt/engg-leung/Research_No9_Methane_Emissions/Yuyao/raw_data_dir_l89_L2SR/EMIT_simulated_landsat9/GAO20230824t181850p0000-D_sim_L9.tif,/mnt/engg-leung/Research_No9_Methane_Emissions/Yuyao/Dataset/data_dir_l89_L2SR/plume_masks_l89_512/GAO20230824t181850p0000-D/mask_30m_512.tif
GAO20230824t181850p0000-E,32.32571453999836,-101.82281991793091,2023-08-24 18:18:50+00:00,Oil & Gas (1B2),CH4,mf,"[-101.82636873250792, 32.32466109958231, -101.82019736063816, 32.329875954634446]",GAO,production,2023-12-04 18:54:36.642515+00:00,2025-03-25 23:01:44.241694+00:00,v1,,,,,700.8512522084241,117.5812693858507,5.25,0.274658203125,168.13404030729825,2.0715410365847884,hrrr,Global Airborne Observatory,ASU GDCS,https://api.carbonmapper.org/api/v1/catalog/asset/l3a-vis-ch4-mf-v002/2023/08/24/GAO20230824t181850p0000-E/GAO20230824t181850p0000-E_l3a-vis-ch4-mf-v002_plume.tif,https://api.carbonmapper.org/api/v1/catalog/asset/l3a-vis-ch4-mf-v002/2023/08/24/GAO20230824t181850p0000-E/GAO20230824t181850p0000-E_l3a-vis-ch4-mf-v002_plume.png,https://api.carbonmapper.org/api/v1/catalog/asset/l3a-ch4-mf-v1/2023/08/24/GAO20230824t181850p0000-E/GAO20230824t181850p0000-E_l3a-ch4-mf-v1_concentrations.tif,https://api.carbonmapper.org/api/v1/catalog/asset/l3a-vis-ch4-mf-v002/2023/08/24/GAO20230824t181850p0000-E/GAO20230824t181850p0000-E_l3a-vis-ch4-mf-v002_rgb.tif,https://api.carbonmapper.org/api/v1/catalog/asset/l3a-vis-ch4-mf-v002/2023/08/24/GAO20230824t181850p0000-E/GAO20230824t181850p0000-E_l3a-vis-ch4-mf-v002_rgb.png,1,EMIT_L2A_RFL_001_20230824T175337_2323612_023,/mnt/engg-leung/Research_No9_Methane_Emissions/Yuyao/raw_data_dir_l89_L2SR/EMIT_simulated_landsat9/GAO20230824t181850p0000-E_sim_L9.tif,/mnt/engg-leung/Research_No9_Methane_Emissions/Yuyao/Dataset/data_dir_l89_L2SR/plume_masks_l89_512/GAO20230824t181850p0000-E/mask_30m_512.tif
GAO20230824t181850p0000-F,32.32690821457862,-101.81979765241418,2023-08-24 18:18:50+00:00,Oil & Gas (1B2),CH4,mf,"[-101.82390994453874, 32.325139970865, -101.81779160587102, 32.33035494176527]",GAO,production,2023-12-04 18:54:36.678978+00:00,2025-03-25 22:33:14.853087+00:00,v1,,,,,289.99308965226163,40.00073065367037,5.25,0.274658203125,168.13404030729825,2.0715410365847884,hrrr,Global Airborne Observatory,ASU GDCS,https://api.carbonmapper.org/api/v1/catalog/asset/l3a-vis-ch4-mf-v002/2023/08/24/GAO20230824t181850p0000-F/GAO20230824t181850p0000-F_l3a-vis-ch4-mf-v002_plume.tif,https://api.carbonmapper.org/api/v1/catalog/asset/l3a-vis-ch4-mf-v002/2023/08/24/GAO20230824t181850p0000-F/GAO20230824t181850p0000-F_l3a-vis-ch4-mf-v002_plume.png,https://api.carbonmapper.org/api/v1/catalog/asset/l3a-ch4-mf-v1/2023/08/24/GAO20230824t181850p0000-F/GAO20230824t181850p0000-F_l3a-ch4-mf-v1_concentrations.tif,https://api.carbonmapper.org/api/v1/catalog/asset/l3a-vis-ch4-mf-v002/2023/08/24/GAO20230824t181850p0000-F/GAO20230824t181850p0000-F_l3a-vis-ch4-mf-v002_rgb.tif,https://api.carbonmapper.org/api/v1/catalog/asset/l3a-vis-ch4-mf-v002/2023/08/24/GAO20230824t181850p0000-F/GAO20230824t181850p0000-F_l3a-vis-ch4-mf-v002_rgb.png,1,EMIT_L2A_RFL_001_20230824T175337_2323612_023,/mnt/engg-leung/Research_No9_Methane_Emissions/Yuyao/raw_data_dir_l89_L2SR/EMIT_simulated_landsat9/GAO20230824t181850p0000-F_sim_L9.tif,/mnt/engg-leung/Research_No9_Methane_Emissions/Yuyao/Dataset/data_dir_l89_L2SR/plume_masks_l89_512/GAO20230824t181850p0000-F/mask_30m_512.tif
GAO20230824t181850p0000-G,32.30050746890505,-101.83346023411356,2023-08-24 18:18:50+00:00,Oil & Gas (1B2),CH4,mf,"[-101.83662705926555, 32.29836856194723, -101.83045757293888, 32.30353838343516]",GAO,production,2023-12-04 18:54:16.696509+00:00,2025-03-25 23:01:48.309014+00:00,v1,,,,,248.7925773861152,49.14682194230393,5.2734375,0.303466796875,168.07370241617036,2.600900300685254,hrrr,Global Airborne Observatory,ASU GDCS,https://api.carbonmapper.org/api/v1/catalog/asset/l3a-vis-ch4-mf-v002/2023/08/24/GAO20230824t181850p0000-G/GAO20230824t181850p0000-G_l3a-vis-ch4-mf-v002_plume.tif,https://api.carbonmapper.org/api/v1/catalog/asset/l3a-vis-ch4-mf-v002/2023/08/24/GAO20230824t181850p0000-G/GAO20230824t181850p0000-G_l3a-vis-ch4-mf-v002_plume.png,https://api.carbonmapper.org/api/v1/catalog/asset/l3a-ch4-mf-v1/2023/08/24/GAO20230824t181850p0000-G/GAO20230824t181850p0000-G_l3a-ch4-mf-v1_concentrations.tif,https://api.carbonmapper.org/api/v1/catalog/asset/l3a-vis-ch4-mf-v002/2023/08/24/GAO20230824t181850p0000-G/GAO20230824t181850p0000-G_l3a-vis-ch4-mf-v002_rgb.tif,https://api.carbonmapper.org/api/v1/catalog/asset/l3a-vis-ch4-mf-v002/2023/08/24/GAO20230824t181850p0000-G/GAO20230824t181850p0000-G_l3a-vis-ch4-mf-v002_rgb.png,1,EMIT_L2A_RFL_001_20230824T175337_2323612_023,/mnt/engg-leung/Research_No9_Methane_Emissions/Yuyao/raw_data_dir_l89_L2SR/EMIT_simulated_landsat9/GAO20230824t181850p0000-G_sim_L9.tif,/mnt/engg-leung/Research_No9_Methane_Emissions/Yuyao/Dataset/data_dir_l89_L2SR/plume_masks_l89_512/GAO20230824t181850p0000-G/mask_30m_512.tif
GAO20230824t181850p0000-H,32.092198148764794,-101.82298356158532,2023-08-24 18:18:50+00:00,Oil & Gas (1B2),CH4,mf,"[-101.82832498081667, 32.09125452792415, -101.81999336442118, 32.09835778142072]",GAO,production,2023-12-04 18:53:14.782675+00:00,2025-03-25 22:38:04.172513+00:00,v1,,,,,476.4419525131472,129.72696609327525,5.0078125,0.35986328125,168.1988041610083,4.014181915918143,hrrr,Global Airborne Observatory,ASU GDCS,https://api.carbonmapper.org/api/v1/catalog/asset/l3a-vis-ch4-mf-v002/2023/08/24/GAO20230824t181850p0000-H/GAO20230824t181850p0000-H_l3a-vis-ch4-mf-v002_plume.tif,https://api.carbonmapper.org/api/v1/catalog/asset/l3a-vis-ch4-mf-v002/2023/08/24/GAO20230824t181850p0000-H/GAO20230824t181850p0000-H_l3a-vis-ch4-mf-v002_plume.png,https://api.carbonmapper.org/api/v1/catalog/asset/l3a-ch4-mf-v1/2023/08/24/GAO20230824t181850p0000-H/GAO20230824t181850p0000-H_l3a-ch4-mf-v1_concentrations.tif,https://api.carbonmapper.org/api/v1/catalog/asset/l3a-vis-ch4-mf-v002/2023/08/24/GAO20230824t181850p0000-H/GAO20230824t181850p0000-H_l3a-vis-ch4-mf-v002_rgb.tif,https://api.carbonmapper.org/api/v1/catalog/asset/l3a-vis-ch4-mf-v002/2023/08/24/GAO20230824t181850p0000-H/GAO20230824t181850p0000-H_l3a-vis-ch4-mf-v002_rgb.png,1,EMIT_L2A_RFL_001_20230824T175337_2323612_023,/mnt/engg-leung/Research_No9_Methane_Emissions/Yuyao/raw_data_dir_l89_L2SR/EMIT_simulated_landsat9/GAO20230824t181850p0000-H_sim_L9.tif,/mnt/engg-leung/Research_No9_Methane_Emissions/Yuyao/Dataset/data_dir_l89_L2SR/plume_masks_l89_512/GAO20230824t181850p0000-H/mask_30m_512.tif
GAO20230824t181850p0000-I,32.09060368199424,-101.82452662876145,2023-08-24 18:18:50+00:00,Oil & Gas (1B2),CH4,mf,"[-101.82737868642137, 32.08811981611506, -101.8212233712928, 32.09328969361606]",GAO,production,2024-01-02 20:36:56.085367+00:00,2025-03-25 23:33:43.494734+00:00,v1,,,,,141.0655826691733,75.43243563729322,5.0078125,0.35986328125,168.1988041610083,4.014181915918143,hrrr,Global Airborne Observatory,ASU GDCS,https://api.carbonmapper.org/api/v1/catalog/asset/l3a-vis-ch4-mf-v002/2023/08/24/GAO20230824t181850p0000-I/GAO20230824t181850p0000-I_l3a-vis-ch4-mf-v002_plume.tif,https://api.carbonmapper.org/api/v1/catalog/asset/l3a-vis-ch4-mf-v002/2023/08/24/GAO20230824t181850p0000-I/GAO20230824t181850p0000-I_l3a-vis-ch4-mf-v002_plume.png,,https://api.carbonmapper.org/api/v1/catalog/asset/l3a-vis-ch4-mf-v002/2023/08/24/GAO20230824t181850p0000-I/GAO20230824t181850p0000-I_l3a-vis-ch4-mf-v002_rgb.tif,https://api.carbonmapper.org/api/v1/catalog/asset/l3a-vis-ch4-mf-v002/2023/08/24/GAO20230824t181850p0000-I/GAO20230824t181850p0000-I_l3a-vis-ch4-mf-v002_rgb.png,1,EMIT_L2A_RFL_001_20230824T175337_2323612_023,/mnt/engg-leung/Research_No9_Methane_Emissions/Yuyao/raw_data_dir_l89_L2SR/EMIT_simulated_landsat9/GAO20230824t181850p0000-I_sim_L9.tif,/mnt/engg-leung/Research_No9_Methane_Emissions/Yuyao/Dataset/data_dir_l89_L2SR/plume_masks_l89_512/GAO20230824t181850p0000-I/mask_30m_512.tif
GAO20230824t182756p0000-A,31.90744108620564,-101.78357872433897,2023-08-24 18:27:56+00:00,Oil & Gas (1B2),CH4,mf,"[-101.78700840191709, 31.90539272066205, -101.78086526574305, 31.910607616018883]",GAO,production,2023-12-04 18:49:19.990508+00:00,2025-03-25 22:38:04.781538+00:00,v1,,,,,372.1263255022879,52.75677359200933,4.765625,0.30078125,167.99429463687977,3.4328494282507216,hrrr,Global Airborne Observatory,ASU GDCS,https://api.carbonmapper.org/api/v1/catalog/asset/l3a-vis-ch4-mf-v002/2023/08/24/GAO20230824t182756p0000-A/GAO20230824t182756p0000-A_l3a-vis-ch4-mf-v002_plume.tif,https://api.carbonmapper.org/api/v1/catalog/asset/l3a-vis-ch4-mf-v002/2023/08/24/GAO20230824t182756p0000-A/GAO20230824t182756p0000-A_l3a-vis-ch4-mf-v002_plume.png,https://api.carbonmapper.org/api/v1/catalog/asset/l3a-ch4-mf-v1/2023/08/24/GAO20230824t182756p0000-A/GAO20230824t182756p0000-A_l3a-ch4-mf-v1_concentrations.tif,https://api.carbonmapper.org/api/v1/catalog/asset/l3a-vis-ch4-mf-v002/2023/08/24/GAO20230824t182756p0000-A/GAO20230824t182756p0000-A_l3a-vis-ch4-mf-v002_rgb.tif,https://api.carbonmapper.org/api/v1/catalog/asset/l3a-vis-ch4-mf-v002/2023/08/24/GAO20230824t182756p0000-A/GAO20230824t182756p0000-A_l3a-vis-ch4-mf-v002_rgb.png,1,EMIT_L2A_RFL_001_20230824T175349_2323612_024,/mnt/engg-leung/Research_No9_Methane_Emissions/Yuyao/raw_data_dir_l89_L2SR/EMIT_simulated_landsat9/GAO20230824t182756p0000-A_sim_L9.tif,/mnt/engg-leung/Research_No9_Methane_Emissions/Yuyao/Dataset/data_dir_l89_L2SR/plume_masks_l89_512/GAO20230824t182756p0000-A/mask_30m_512.tif
GAO20230824t182756p0000-B,31.909199203927542,-101.77639851535687,2023-08-24 18:27:56+00:00,Oil & Gas (1B2),CH4,mf,"[-101.7793657285792, 31.907858635591378, -101.77322246024315, 31.913073503387853]",GAO,production,2024-01-02 20:36:57.284198+00:00,2025-03-25 23:31:29.565799+00:00,v1,,,,,130.5553842161845,18.544154897797263,4.765625,0.30078125,167.99429463687977,3.4328494282507216,hrrr,Global Airborne Observatory,ASU GDCS,https://api.carbonmapper.org/api/v1/catalog/asset/l3a-vis-ch4-mf-v002/2023/08/24/GAO20230824t182756p0000-B/GAO20230824t182756p0000-B_l3a-vis-ch4-mf-v002_plume.tif,https://api.carbonmapper.org/api/v1/catalog/asset/l3a-vis-ch4-mf-v002/2023/08/24/GAO20230824t182756p0000-B/GAO20230824t182756p0000-B_l3a-vis-ch4-mf-v002_plume.png,,https://api.carbonmapper.org/api/v1/catalog/asset/l3a-vis-ch4-mf-v002/2023/08/24/GAO20230824t182756p0000-B/GAO20230824t182756p0000-B_l3a-vis-ch4-mf-v002_rgb.tif,https://api.carbonmapper.org/api/v1/catalog/asset/l3a-vis-ch4-mf-v002/2023/08/24/GAO20230824t182756p0000-B/GAO20230824t182756p0000-B_l3a-vis-ch4-mf-v002_rgb.png,1,EMIT_L2A_RFL_001_20230824T175349_2323612_024,/mnt/engg-leung/Research_No9_Methane_Emissions/Yuyao/raw_data_dir_l89_L2SR/EMIT_simulated_landsat9/GAO20230824t182756p0000-B_sim_L9.tif,/mnt/engg-leung/Research_No9_Methane_Emissions/Yuyao/Dataset/data_dir_l89_L2SR/plume_masks_l89_512/GAO20230824t182756p0000-B/mask_30m_512.tif
GAO20230824t182756p0000-C,31.85800879462758,-101.76487634795548,2023-08-24 18:27:56+00:00,Oil & Gas (1B2),CH4,mf,"[-101.7716467566756, 31.85609587268592, -101.75867882367888, 31.867109870560203]",GAO,production,2023-12-04 18:46:50.256515+00:00,2025-03-25 23:01:52.959078+00:00,v1,,,,,838.6310225539327,168.18946610412743,4.83984375,0.2978515625,166.70321129882896,4.044122526745299,hrrr,Global Airborne Observatory,ASU GDCS,https://api.carbonmapper.org/api/v1/catalog/asset/l3a-vis-ch4-mf-v002/2023/08/24/GAO20230824t182756p0000-C/GAO20230824t182756p0000-C_l3a-vis-ch4-mf-v002_plume.tif,https://api.carbonmapper.org/api/v1/catalog/asset/l3a-vis-ch4-mf-v002/2023/08/24/GAO20230824t182756p0000-C/GAO20230824t182756p0000-C_l3a-vis-ch4-mf-v002_plume.png,https://api.carbonmapper.org/api/v1/catalog/asset/l3a-ch4-mf-v1/2023/08/24/GAO20230824t182756p0000-C/GAO20230824t182756p0000-C_l3a-ch4-mf-v1_concentrations.tif,https://api.carbonmapper.org/api/v1/catalog/asset/l3a-vis-ch4-mf-v002/2023/08/24/GAO20230824t182756p0000-C/GAO20230824t182756p0000-C_l3a-vis-ch4-mf-v002_rgb.tif,https://api.carbonmapper.org/api/v1/catalog/asset/l3a-vis-ch4-mf-v002/2023/08/24/GAO20230824t182756p0000-C/GAO20230824t182756p0000-C_l3a-vis-ch4-mf-v002_rgb.png,1,EMIT_L2A_RFL_001_20230824T175349_2323612_024,/mnt/engg-leung/Research_No9_Methane_Emissions/Yuyao/raw_data_dir_l89_L2SR/EMIT_simulated_landsat9/GAO20230824t182756p0000-C_sim_L9.tif,/mnt/engg-leung/Research_No9_Methane_Emissions/Yuyao/Dataset/data_dir_l89_L2SR/plume_masks_l89_512/GAO20230824t182756p0000-C/mask_30m_512.tif
GAO20230824t182756p0000-D,31.85543432459687,-101.76475698597686,2023-08-24 18:27:56+00:00,Oil & Gas (1B2),CH4,mf,"[-101.76785569892186, 31.85315696690057, -101.76171609844778, 31.85837181718228]",GAO,production,2023-12-04 18:47:13.625762+00:00,2025-03-25 23:01:53.909595+00:00,v1,,,,,26.14179222776368,7.360166277250412,4.83984375,0.2978515625,166.70321129882896,4.044122526745299,hrrr,Global Airborne Observatory,ASU GDCS,https://api.carbonmapper.org/api/v1/catalog/asset/l3a-vis-ch4-mf-v002/2023/08/24/GAO20230824t182756p0000-D/GAO20230824t182756p0000-D_l3a-vis-ch4-mf-v002_plume.tif,https://api.carbonmapper.org/api/v1/catalog/asset/l3a-vis-ch4-mf-v002/2023/08/24/GAO20230824t182756p0000-D/GAO20230824t182756p0000-D_l3a-vis-ch4-mf-v002_plume.png,https://api.carbonmapper.org/api/v1/catalog/asset/l3a-ch4-mf-v1/2023/08/24/GAO20230824t182756p0000-D/GAO20230824t182756p0000-D_l3a-ch4-mf-v1_concentrations.tif,https://api.carbonmapper.org/api/v1/catalog/asset/l3a-vis-ch4-mf-v002/2023/08/24/GAO20230824t182756p0000-D/GAO20230824t182756p0000-D_l3a-vis-ch4-mf-v002_rgb.tif,https://api.carbonmapper.org/api/v1/catalog/asset/l3a-vis-ch4-mf-v002/2023/08/24/GAO20230824t182756p0000-D/GAO20230824t182756p0000-D_l3a-vis-ch4-mf-v002_rgb.png,1,EMIT_L2A_RFL_001_20230824T175349_2323612_024,/mnt/engg-leung/Research_No9_Methane_Emissions/Yuyao/raw_data_dir_l89_L2SR/EMIT_simulated_landsat9/GAO20230824t182756p0000-D_sim_L9.tif,/mnt/engg-leung/Research_No9_Methane_Emissions/Yuyao/Dataset/data_dir_l89_L2SR/plume_masks_l89_512/GAO20230824t182756p0000-D/mask_30m_512.tif
GAO20230824t182756p0000-E,31.84486540935157,-101.7725281591018,2023-08-24 18:27:56+00:00,Oil & Gas (1B2),CH4,mf,"[-101.78091672871315, 31.843167729001753, -101.76731525471423, 31.854676442335013]",GAO,production,2023-12-04 18:43:59.318257+00:00,2025-03-25 23:01:55.382571+00:00,v1,,,,,1055.553621545644,100.64448355514642,4.83984375,0.2978515625,166.70321129882896,4.044122526745299,hrrr,Global Airborne Observatory,ASU GDCS,https://api.carbonmapper.org/api/v1/catalog/asset/l3a-vis-ch4-mf-v002/2023/08/24/GAO20230824t182756p0000-E/GAO20230824t182756p0000-E_l3a-vis-ch4-mf-v002_plume.tif,https://api.carbonmapper.org/api/v1/catalog/asset/l3a-vis-ch4-mf-v002/2023/08/24/GAO20230824t182756p0000-E/GAO20230824t182756p0000-E_l3a-vis-ch4-mf-v002_plume.png,https://api.carbonmapper.org/api/v1/catalog/asset/l3a-ch4-mf-v1/2023/08/24/GAO20230824t182756p0000-E/GAO20230824t182756p0000-E_l3a-ch4-mf-v1_concentrations.tif,https://api.carbonmapper.org/api/v1/catalog/asset/l3a-vis-ch4-mf-v002/2023/08/24/GAO20230824t182756p0000-E/GAO20230824t182756p0000-E_l3a-vis-ch4-mf-v002_rgb.tif,https://api.carbonmapper.org/api/v1/catalog/asset/l3a-vis-ch4-mf-v002/2023/08/24/GAO20230824t182756p0000-E/GAO20230824t182756p0000-E_l3a-vis-ch4-mf-v002_rgb.png,1,EMIT_L2A_RFL_001_20230824T175349_2323612_024,/mnt/engg-leung/Research_No9_Methane_Emissions/Yuyao/raw_data_dir_l89_L2SR/EMIT_simulated_landsat9/GAO20230824t182756p0000-E_sim_L9.tif,/mnt/engg-leung/Research_No9_Methane_Emissions/Yuyao/Dataset/data_dir_l89_L2SR/plume_masks_l89_512/GAO20230824t182756p0000-E/mask_30m_512.tif
GAO20230824t182756p0000-F,31.85206080271812,-101.7765698008982,2023-08-24 18:27:56+00:00,Oil & Gas (1B2),CH4,mf,"[-101.78180245137446, 31.84963414649568, -101.76957606523034, 31.86001909284609]",GAO,production,2024-02-28 03:33:09.636181+00:00,2025-03-25 22:40:19.368576+00:00,v1,,,,,1114.8978625383295,256.57732613179627,4.83984375,0.2978515625,166.70321129882896,4.044122526745299,hrrr,Global Airborne Observatory,ASU GDCS,https://api.carbonmapper.org/api/v1/catalog/asset/l3a-vis-ch4-mf-v1/2023/08/24/GAO20230824t182756p0000-F/GAO20230824t182756p0000-F_l3a-vis-ch4-mf-v1_plume.tif,https://api.carbonmapper.org/api/v1/catalog/asset/l3a-vis-ch4-mf-v1/2023/08/24/GAO20230824t182756p0000-F/GAO20230824t182756p0000-F_l3a-vis-ch4-mf-v1_plume.png,,https://api.carbonmapper.org/api/v1/catalog/asset/l3a-vis-ch4-mf-v1/2023/08/24/GAO20230824t182756p0000-F/GAO20230824t182756p0000-F_l3a-vis-ch4-mf-v1_rgb.tif,https://api.carbonmapper.org/api/v1/catalog/asset/l3a-vis-ch4-mf-v1/2023/08/24/GAO20230824t182756p0000-F/GAO20230824t182756p0000-F_l3a-vis-ch4-mf-v1_rgb.png,1,EMIT_L2A_RFL_001_20230824T175349_2323612_024,/mnt/engg-leung/Research_No9_Methane_Emissions/Yuyao/raw_data_dir_l89_L2SR/EMIT_simulated_landsat9/GAO20230824t182756p0000-F_sim_L9.tif,/mnt/engg-leung/Research_No9_Methane_Emissions/Yuyao/Dataset/data_dir_l89_L2SR/plume_masks_l89_512/GAO20230824t182756p0000-F/mask_30m_512.tif
GAO20230824t182756p0000-G,31.843987485113686,-101.77850212225682,2023-08-24 18:27:56+00:00,Oil & Gas (1B2),CH4,mf,"[-101.78054046513309, 31.842254459695756, -101.77445445615835, 31.847424402836456]",GAO,production,2023-12-04 18:43:59.351281+00:00,2025-03-25 23:01:55.645766+00:00,v1,,,,,304.6588084243898,129.36195694509695,4.83984375,0.2978515625,166.70321129882896,4.044122526745299,hrrr,Global Airborne Observatory,ASU GDCS,https://api.carbonmapper.org/api/v1/catalog/asset/l3a-vis-ch4-mf-v002/2023/08/24/GAO20230824t182756p0000-G/GAO20230824t182756p0000-G_l3a-vis-ch4-mf-v002_plume.tif,https://api.carbonmapper.org/api/v1/catalog/asset/l3a-vis-ch4-mf-v002/2023/08/24/GAO20230824t182756p0000-G/GAO20230824t182756p0000-G_l3a-vis-ch4-mf-v002_plume.png,https://api.carbonmapper.org/api/v1/catalog/asset/l3a-ch4-mf-v1/2023/08/24/GAO20230824t182756p0000-G/GAO20230824t182756p0000-G_l3a-ch4-mf-v1_concentrations.tif,https://api.carbonmapper.org/api/v1/catalog/asset/l3a-vis-ch4-mf-v002/2023/08/24/GAO20230824t182756p0000-G/GAO20230824t182756p0000-G_l3a-vis-ch4-mf-v002_rgb.tif,https://api.carbonmapper.org/api/v1/catalog/asset/l3a-vis-ch4-mf-v002/2023/08/24/GAO20230824t182756p0000-G/GAO20230824t182756p0000-G_l3a-vis-ch4-mf-v002_rgb.png,1,EMIT_L2A_RFL_001_20230824T175349_2323612_024,/mnt/engg-leung/Research_No9_Methane_Emissions/Yuyao/raw_data_dir_l89_L2SR/EMIT_simulated_landsat9/GAO20230824t182756p0000-G_sim_L9.tif,/mnt/engg-leung/Research_No9_Methane_Emissions/Yuyao/Dataset/data_dir_l89_L2SR/plume_masks_l89_512/GAO20230824t182756p0000-G/mask_30m_512.tif
GAO20230824t182756p0000-H,31.78977179365006,-101.76153912172964,2023-08-24 18:27:56+00:00,Oil & Gas (1B2),CH4,mf,"[-101.76449964908383, 31.787437718331734, -101.75836439927284, 31.79265258395243]",GAO,production,2024-01-02 20:36:56.696900+00:00,2025-03-25 22:43:53.891643+00:00,v1,,,,,342.3276775477971,102.4384498556879,4.859375,0.2464599609375,165.83278565138087,4.387670275608428,hrrr,Global Airborne Observatory,ASU GDCS,https://api.carbonmapper.org/api/v1/catalog/asset/l3a-vis-ch4-mf-v002/2023/08/24/GAO20230824t182756p0000-H/GAO20230824t182756p0000-H_l3a-vis-ch4-mf-v002_plume.tif,https://api.carbonmapper.org/api/v1/catalog/asset/l3a-vis-ch4-mf-v002/2023/08/24/GAO20230824t182756p0000-H/GAO20230824t182756p0000-H_l3a-vis-ch4-mf-v002_plume.png,,https://api.carbonmapper.org/api/v1/catalog/asset/l3a-vis-ch4-mf-v002/2023/08/24/GAO20230824t182756p0000-H/GAO20230824t182756p0000-H_l3a-vis-ch4-mf-v002_rgb.tif,https://api.carbonmapper.org/api/v1/catalog/asset/l3a-vis-ch4-mf-v002/2023/08/24/GAO20230824t182756p0000-H/GAO20230824t182756p0000-H_l3a-vis-ch4-mf-v002_rgb.png,1,EMIT_L2A_RFL_001_20230824T175349_2323612_024,/mnt/engg-leung/Research_No9_Methane_Emissions/Yuyao/raw_data_dir_l89_L2SR/EMIT_simulated_landsat9/GAO20230824t182756p0000-H_sim_L9.tif,/mnt/engg-leung/Research_No9_Methane_Emissions/Yuyao/Dataset/data_dir_l89_L2SR/plume_masks_l89_512/GAO20230824t182756p0000-H/mask_30m_512.tif
GAO20230824t182756p0000-I,31.77378549447498,-101.75899868630168,2023-08-24 18:27:56+00:00,Oil & Gas (1B2),CH4,mf,"[-101.76141131436522, 31.771581624902485, -101.75533000380348, 31.776751530661322]",GAO,production,2023-12-04 18:41:59.024826+00:00,2025-03-25 22:38:07.796298+00:00,v1,,,,,192.06899294808787,53.39381751900334,4.84765625,0.2337646484375,165.7634045897919,4.233163578295456,hrrr,Global Airborne Observatory,ASU GDCS,https://api.carbonmapper.org/api/v1/catalog/asset/l3a-vis-ch4-mf-v002/2023/08/24/GAO20230824t182756p0000-I/GAO20230824t182756p0000-I_l3a-vis-ch4-mf-v002_plume.tif,https://api.carbonmapper.org/api/v1/catalog/asset/l3a-vis-ch4-mf-v002/2023/08/24/GAO20230824t182756p0000-I/GAO20230824t182756p0000-I_l3a-vis-ch4-mf-v002_plume.png,https://api.carbonmapper.org/api/v1/catalog/asset/l3a-ch4-mf-v1/2023/08/24/GAO20230824t182756p0000-I/GAO20230824t182756p0000-I_l3a-ch4-mf-v1_concentrations.tif,https://api.carbonmapper.org/api/v1/catalog/asset/l3a-vis-ch4-mf-v002/2023/08/24/GAO20230824t182756p0000-I/GAO20230824t182756p0000-I_l3a-vis-ch4-mf-v002_rgb.tif,https://api.carbonmapper.org/api/v1/catalog/asset/l3a-vis-ch4-mf-v002/2023/08/24/GAO20230824t182756p0000-I/GAO20230824t182756p0000-I_l3a-vis-ch4-mf-v002_rgb.png,1,EMIT_L2A_RFL_001_20230824T175349_2323612_024,/mnt/engg-leung/Research_No9_Methane_Emissions/Yuyao/raw_data_dir_l89_L2SR/EMIT_simulated_landsat9/GAO20230824t182756p0000-I_sim_L9.tif,/mnt/engg-leung/Research_No9_Methane_Emissions/Yuyao/Dataset/data_dir_l89_L2SR/plume_masks_l89_512/GAO20230824t182756p0000-I/mask_30m_512.tif
GAO20230824t183712p0000-B,32.26708467250903,-101.78263372470862,2023-08-24 18:37:12+00:00,Oil & Gas (1B2),CH4,mf,"[-101.78500504459207, 32.266320933874674, -101.778837930491, 32.271490594116706]",GAO,production,2023-12-04 18:55:01.953949+00:00,2025-03-25 23:02:01.575846+00:00,v1,,,,,204.879159353969,47.84579727244344,5.28125,0.310791015625,168.08730815299702,3.184834676238971,hrrr,Global Airborne Observatory,ASU GDCS,https://api.carbonmapper.org/api/v1/catalog/asset/l3a-vis-ch4-mf-v002/2023/08/24/GAO20230824t183712p0000-B/GAO20230824t183712p0000-B_l3a-vis-ch4-mf-v002_plume.tif,https://api.carbonmapper.org/api/v1/catalog/asset/l3a-vis-ch4-mf-v002/2023/08/24/GAO20230824t183712p0000-B/GAO20230824t183712p0000-B_l3a-vis-ch4-mf-v002_plume.png,https://api.carbonmapper.org/api/v1/catalog/asset/l3a-ch4-mf-v1/2023/08/24/GAO20230824t183712p0000-B/GAO20230824t183712p0000-B_l3a-ch4-mf-v1_concentrations.tif,https://api.carbonmapper.org/api/v1/catalog/asset/l3a-vis-ch4-mf-v002/2023/08/24/GAO20230824t183712p0000-B/GAO20230824t183712p0000-B_l3a-vis-ch4-mf-v002_rgb.tif,https://api.carbonmapper.org/api/v1/catalog/asset/l3a-vis-ch4-mf-v002/2023/08/24/GAO20230824t183712p0000-B/GAO20230824t183712p0000-B_l3a-vis-ch4-mf-v002_rgb.png,1,EMIT_L2A_RFL_001_20230824T175337_2323612_023,/mnt/engg-leung/Research_No9_Methane_Emissions/Yuyao/raw_data_dir_l89_L2SR/EMIT_simulated_landsat9/GAO20230824t183712p0000-B_sim_L9.tif,/mnt/engg-leung/Research_No9_Methane_Emissions/Yuyao/Dataset/data_dir_l89_L2SR/plume_masks_l89_512/GAO20230824t183712p0000-B/mask_30m_512.tif
GAO20230824t183712p0000-C,31.89442781129138,-101.74310118858324,2023-08-24 18:37:12+00:00,Oil & Gas (1B2),CH4,mf,"[-101.74706209697928, 31.893286094411348, -101.74097273029997, 31.898500980846993]",GAO,production,2023-12-04 18:52:53.064195+00:00,2025-03-25 22:38:09.124553+00:00,v1,,,,,28.60633467453006,6.573391502555192,4.78125,0.302978515625,167.56908804028978,2.9213747526598124,hrrr,Global Airborne Observatory,ASU GDCS,https://api.carbonmapper.org/api/v1/catalog/asset/l3a-vis-ch4-mf-v002/2023/08/24/GAO20230824t183712p0000-C/GAO20230824t183712p0000-C_l3a-vis-ch4-mf-v002_plume.tif,https://api.carbonmapper.org/api/v1/catalog/asset/l3a-vis-ch4-mf-v002/2023/08/24/GAO20230824t183712p0000-C/GAO20230824t183712p0000-C_l3a-vis-ch4-mf-v002_plume.png,https://api.carbonmapper.org/api/v1/catalog/asset/l3a-ch4-mf-v1/2023/08/24/GAO20230824t183712p0000-C/GAO20230824t183712p0000-C_l3a-ch4-mf-v1_concentrations.tif,https://api.carbonmapper.org/api/v1/catalog/asset/l3a-vis-ch4-mf-v002/2023/08/24/GAO20230824t183712p0000-C/GAO20230824t183712p0000-C_l3a-vis-ch4-mf-v002_rgb.tif,https://api.carbonmapper.org/api/v1/catalog/asset/l3a-vis-ch4-mf-v002/2023/08/24/GAO20230824t183712p0000-C/GAO20230824t183712p0000-C_l3a-vis-ch4-mf-v002_rgb.png,1,EMIT_L2A_RFL_001_20230824T175349_2323612_024,/mnt/engg-leung/Research_No9_Methane_Emissions/Yuyao/raw_data_dir_l89_L2SR/EMIT_simulated_landsat9/GAO20230824t183712p0000-C_sim_L9.tif,/mnt/engg-leung/Research_No9_Methane_Emissions/Yuyao/Dataset/data_dir_l89_L2SR/plume_masks_l89_512/GAO20230824t183712p0000-C/mask_30m_512.tif
GAO20230824t183712p0000-D,31.85747130233676,-101.74175096196466,2023-08-24 18:37:12+00:00,Oil & Gas (1B2),CH4,mf,"[-101.74548229788748, 31.855605900607497, -101.73939555742284, 31.86077571663509]",GAO,production,2023-12-04 18:47:26.686515+00:00,2025-03-25 22:38:09.975100+00:00,v1,,,,,305.040632038155,106.3581893853587,4.89453125,0.28125,166.6766418629576,3.350962887944573,hrrr,Global Airborne Observatory,ASU GDCS,https://api.carbonmapper.org/api/v1/catalog/asset/l3a-vis-ch4-mf-v002/2023/08/24/GAO20230824t183712p0000-D/GAO20230824t183712p0000-D_l3a-vis-ch4-mf-v002_plume.tif,https://api.carbonmapper.org/api/v1/catalog/asset/l3a-vis-ch4-mf-v002/2023/08/24/GAO20230824t183712p0000-D/GAO20230824t183712p0000-D_l3a-vis-ch4-mf-v002_plume.png,https://api.carbonmapper.org/api/v1/catalog/asset/l3a-ch4-mf-v1/2023/08/24/GAO20230824t183712p0000-D/GAO20230824t183712p0000-D_l3a-ch4-mf-v1_concentrations.tif,https://api.carbonmapper.org/api/v1/catalog/asset/l3a-vis-ch4-mf-v002/2023/08/24/GAO20230824t183712p0000-D/GAO20230824t183712p0000-D_l3a-vis-ch4-mf-v002_rgb.tif,https://api.carbonmapper.org/api/v1/catalog/asset/l3a-vis-ch4-mf-v002/2023/08/24/GAO20230824t183712p0000-D/GAO20230824t183712p0000-D_l3a-vis-ch4-mf-v002_rgb.png,1,EMIT_L2A_RFL_001_20230824T175349_2323612_024,/mnt/engg-leung/Research_No9_Methane_Emissions/Yuyao/raw_data_dir_l89_L2SR/EMIT_simulated_landsat9/GAO20230824t183712p0000-D_sim_L9.tif,/mnt/engg-leung/Research_No9_Methane_Emissions/Yuyao/Dataset/data_dir_l89_L2SR/plume_masks_l89_512/GAO20230824t183712p0000-D/mask_30m_512.tif
GAO20230824t183712p0000-E,31.83944876947244,-101.73376970777431,2023-08-24 18:37:12+00:00,Oil & Gas (1B2),CH4,mf,"[-101.73730671115136, 31.837320188159914, -101.73116828339452, 31.8425349376435]",GAO,production,2023-12-04 18:48:36.075396+00:00,2025-03-25 22:38:10.238010+00:00,v1,,,,,529.9483603202248,203.7829375166621,4.89453125,0.28125,166.6766418629576,3.350962887944573,hrrr,Global Airborne Observatory,ASU GDCS,https://api.carbonmapper.org/api/v1/catalog/asset/l3a-vis-ch4-mf-v002/2023/08/24/GAO20230824t183712p0000-E/GAO20230824t183712p0000-E_l3a-vis-ch4-mf-v002_plume.tif,https://api.carbonmapper.org/api/v1/catalog/asset/l3a-vis-ch4-mf-v002/2023/08/24/GAO20230824t183712p0000-E/GAO20230824t183712p0000-E_l3a-vis-ch4-mf-v002_plume.png,https://api.carbonmapper.org/api/v1/catalog/asset/l3a-ch4-mf-v1/2023/08/24/GAO20230824t183712p0000-E/GAO20230824t183712p0000-E_l3a-ch4-mf-v1_concentrations.tif,https://api.carbonmapper.org/api/v1/catalog/asset/l3a-vis-ch4-mf-v002/2023/08/24/GAO20230824t183712p0000-E/GAO20230824t183712p0000-E_l3a-vis-ch4-mf-v002_rgb.tif,https://api.carbonmapper.org/api/v1/catalog/asset/l3a-vis-ch4-mf-v002/2023/08/24/GAO20230824t183712p0000-E/GAO20230824t183712p0000-E_l3a-vis-ch4-mf-v002_rgb.png,1,EMIT_L2A_RFL_001_20230824T175349_2323612_024,/mnt/engg-leung/Research_No9_Methane_Emissions/Yuyao/raw_data_dir_l89_L2SR/EMIT_simulated_landsat9/GAO20230824t183712p0000-E_sim_L9.tif,/mnt/engg-leung/Research_No9_Methane_Emissions/Yuyao/Dataset/data_dir_l89_L2SR/plume_masks_l89_512/GAO20230824t183712p0000-E/mask_30m_512.tif
GAO20230824t183712p0000-F,31.768192104069087,-101.72906547960486,2023-08-24 18:37:12+00:00,Oil & Gas (1B2),CH4,mf,"[-101.73454924019194, 31.76706418003385, -101.72614149734726, 31.774257082662626]",GAO,production,2023-12-04 18:53:03.420970+00:00,2025-03-25 23:02:04.293605+00:00,v1,,,,,143.52635616399556,123.18758966833062,4.82421875,0.243896484375,165.2831056873566,3.545331339279635,hrrr,Global Airborne Observatory,ASU GDCS,https://api.carbonmapper.org/api/v1/catalog/asset/l3a-vis-ch4-mf-v002/2023/08/24/GAO20230824t183712p0000-F/GAO20230824t183712p0000-F_l3a-vis-ch4-mf-v002_plume.tif,https://api.carbonmapper.org/api/v1/catalog/asset/l3a-vis-ch4-mf-v002/2023/08/24/GAO20230824t183712p0000-F/GAO20230824t183712p0000-F_l3a-vis-ch4-mf-v002_plume.png,https://api.carbonmapper.org/api/v1/catalog/asset/l3a-ch4-mf-v1/2023/08/24/GAO20230824t183712p0000-F/GAO20230824t183712p0000-F_l3a-ch4-mf-v1_concentrations.tif,https://api.carbonmapper.org/api/v1/catalog/asset/l3a-vis-ch4-mf-v002/2023/08/24/GAO20230824t183712p0000-F/GAO20230824t183712p0000-F_l3a-vis-ch4-mf-v002_rgb.tif,https://api.carbonmapper.org/api/v1/catalog/asset/l3a-vis-ch4-mf-v002/2023/08/24/GAO20230824t183712p0000-F/GAO20230824t183712p0000-F_l3a-vis-ch4-mf-v002_rgb.png,1,EMIT_L2A_RFL_001_20230824T175349_2323612_024,/mnt/engg-leung/Research_No9_Methane_Emissions/Yuyao/raw_data_dir_l89_L2SR/EMIT_simulated_landsat9/GAO20230824t183712p0000-F_sim_L9.tif,/mnt/engg-leung/Research_No9_Methane_Emissions/Yuyao/Dataset/data_dir_l89_L2SR/plume_masks_l89_512/GAO20230824t183712p0000-F/mask_30m_512.tif
GAO20230824t183712p0000-G,31.769794947359003,-101.72942005508328,2023-08-24 18:37:12+00:00,Oil & Gas (1B2),CH4,mf,"[-101.73621083725195, 31.766116706186068, -101.72420746500623, 31.776366412923057]",GAO,production,2024-02-28 03:33:09.546347+00:00,2025-03-25 22:53:01.388801+00:00,v1,,,,,132.0429306801811,35.60267689544984,4.82421875,0.243896484375,165.2831056873566,3.545331339279635,hrrr,Global Airborne Observatory,ASU GDCS,https://api.carbonmapper.org/api/v1/catalog/asset/l3a-vis-ch4-mf-v1/2023/08/24/GAO20230824t183712p0000-G/GAO20230824t183712p0000-G_l3a-vis-ch4-mf-v1_plume.tif,https://api.carbonmapper.org/api/v1/catalog/asset/l3a-vis-ch4-mf-v1/2023/08/24/GAO20230824t183712p0000-G/GAO20230824t183712p0000-G_l3a-vis-ch4-mf-v1_plume.png,,https://api.carbonmapper.org/api/v1/catalog/asset/l3a-vis-ch4-mf-v1/2023/08/24/GAO20230824t183712p0000-G/GAO20230824t183712p0000-G_l3a-vis-ch4-mf-v1_rgb.tif,https://api.carbonmapper.org/api/v1/catalog/asset/l3a-vis-ch4-mf-v1/2023/08/24/GAO20230824t183712p0000-G/GAO20230824t183712p0000-G_l3a-vis-ch4-mf-v1_rgb.png,1,EMIT_L2A_RFL_001_20230824T175349_2323612_024,/mnt/engg-leung/Research_No9_Methane_Emissions/Yuyao/raw_data_dir_l89_L2SR/EMIT_simulated_landsat9/GAO20230824t183712p0000-G_sim_L9.tif,/mnt/engg-leung/Research_No9_Methane_Emissions/Yuyao/Dataset/data_dir_l89_L2SR/plume_masks_l89_512/GAO20230824t183712p0000-G/mask_30m_512.tif
GAO20230824t183712p0000-H,31.690702702151427,-101.73778533460876,2023-08-24 18:37:12+00:00,Oil & Gas (1B2),CH4,mf,"[-101.7410622019267, 31.68825343130544, -101.73498640196426, 31.69342329985072]",GAO,production,2024-01-02 20:36:57.413942+00:00,2025-03-25 22:39:15.311826+00:00,v1,,,,,231.13654371334823,47.197207795290296,4.73828125,0.1861572265625,165.16682854692627,2.879630460589954,hrrr,Global Airborne Observatory,ASU GDCS,https://api.carbonmapper.org/api/v1/catalog/asset/l3a-vis-ch4-mf-v002/2023/08/24/GAO20230824t183712p0000-H/GAO20230824t183712p0000-H_l3a-vis-ch4-mf-v002_plume.tif,https://api.carbonmapper.org/api/v1/catalog/asset/l3a-vis-ch4-mf-v002/2023/08/24/GAO20230824t183712p0000-H/GAO20230824t183712p0000-H_l3a-vis-ch4-mf-v002_plume.png,,https://api.carbonmapper.org/api/v1/catalog/asset/l3a-vis-ch4-mf-v002/2023/08/24/GAO20230824t183712p0000-H/GAO20230824t183712p0000-H_l3a-vis-ch4-mf-v002_rgb.tif,https://api.carbonmapper.org/api/v1/catalog/asset/l3a-vis-ch4-mf-v002/2023/08/24/GAO20230824t183712p0000-H/GAO20230824t183712p0000-H_l3a-vis-ch4-mf-v002_rgb.png,1,EMIT_L2A_RFL_001_20230824T175349_2323612_024,/mnt/engg-leung/Research_No9_Methane_Emissions/Yuyao/raw_data_dir_l89_L2SR/EMIT_simulated_landsat9/GAO20230824t183712p0000-H_sim_L9.tif,/mnt/engg-leung/Research_No9_Methane_Emissions/Yuyao/Dataset/data_dir_l89_L2SR/plume_masks_l89_512/GAO20230824t183712p0000-H/mask_30m_512.tif
GAO20230824t183712p0000-J,32.274237480286345,-101.76714474450404,2023-08-24 18:37:12+00:00,,CH4,mf,"[-101.77099702767003, 32.2723640002944, -101.76482956288962, 32.277533610170885]",GAO,production,2023-12-04 18:55:12.665432+00:00,2025-03-25 22:38:38.474363+00:00,v1,,,,,238.1854796134573,89.55487509245998,5.25390625,0.294189453125,169.3886504351812,3.409185093262447,hrrr,Global Airborne Observatory,ASU GDCS,https://api.carbonmapper.org/api/v1/catalog/asset/l3a-vis-ch4-mf-v002/2023/08/24/GAO20230824t183712p0000-J/GAO20230824t183712p0000-J_l3a-vis-ch4-mf-v002_plume.tif,https://api.carbonmapper.org/api/v1/catalog/asset/l3a-vis-ch4-mf-v002/2023/08/24/GAO20230824t183712p0000-J/GAO20230824t183712p0000-J_l3a-vis-ch4-mf-v002_plume.png,https://api.carbonmapper.org/api/v1/catalog/asset/l3a-ch4-mf-v1/2023/08/24/GAO20230824t183712p0000-J/GAO20230824t183712p0000-J_l3a-ch4-mf-v1_concentrations.tif,https://api.carbonmapper.org/api/v1/catalog/asset/l3a-vis-ch4-mf-v002/2023/08/24/GAO20230824t183712p0000-J/GAO20230824t183712p0000-J_l3a-vis-ch4-mf-v002_rgb.tif,https://api.carbonmapper.org/api/v1/catalog/asset/l3a-vis-ch4-mf-v002/2023/08/24/GAO20230824t183712p0000-J/GAO20230824t183712p0000-J_l3a-vis-ch4-mf-v002_rgb.png,1,EMIT_L2A_RFL_001_20230824T175337_2323612_023,/mnt/engg-leung/Research_No9_Methane_Emissions/Yuyao/raw_data_dir_l89_L2SR/EMIT_simulated_landsat9/GAO20230824t183712p0000-J_sim_L9.tif,/mnt/engg-leung/Research_No9_Methane_Emissions/Yuyao/Dataset/data_dir_l89_L2SR/plume_masks_l89_512/GAO20230824t183712p0000-J/mask_30m_512.tif
GAO20230824t183712p0000-K,32.37494612052927,-101.7911282133696,2023-08-24 18:37:12+00:00,Oil & Gas (1B2),CH4,mf,"[-101.79731204883831, 32.3699950143317, -101.78506953457742, 32.38028960146258]",GAO,production,2024-02-28 03:33:09.688708+00:00,2025-03-25 23:03:19.746880+00:00,v1,,,,,198.96497074051567,54.84363992462096,5.28515625,0.2095947265625,169.82850095735168,2.478510318909809,hrrr,Global Airborne Observatory,ASU GDCS,https://api.carbonmapper.org/api/v1/catalog/asset/l3a-vis-ch4-mf-v1/2023/08/24/GAO20230824t183712p0000-K/GAO20230824t183712p0000-K_l3a-vis-ch4-mf-v1_plume.tif,https://api.carbonmapper.org/api/v1/catalog/asset/l3a-vis-ch4-mf-v1/2023/08/24/GAO20230824t183712p0000-K/GAO20230824t183712p0000-K_l3a-vis-ch4-mf-v1_plume.png,,https://api.carbonmapper.org/api/v1/catalog/asset/l3a-vis-ch4-mf-v1/2023/08/24/GAO20230824t183712p0000-K/GAO20230824t183712p0000-K_l3a-vis-ch4-mf-v1_rgb.tif,https://api.carbonmapper.org/api/v1/catalog/asset/l3a-vis-ch4-mf-v1/2023/08/24/GAO20230824t183712p0000-K/GAO20230824t183712p0000-K_l3a-vis-ch4-mf-v1_rgb.png,1,EMIT_L2A_RFL_001_20230824T175337_2323612_023,/mnt/engg-leung/Research_No9_Methane_Emissions/Yuyao/raw_data_dir_l89_L2SR/EMIT_simulated_landsat9/GAO20230824t183712p0000-K_sim_L9.tif,/mnt/engg-leung/Research_No9_Methane_Emissions/Yuyao/Dataset/data_dir_l89_L2SR/plume_masks_l89_512/GAO20230824t183712p0000-K/mask_30m_512.tif
GAO20230824t185535p0000-A,32.14080268819134,-101.95234495672528,2023-08-24 18:55:35+00:00,Oil & Gas (1B2),CH4,mf,"[-101.95544612431134, 32.13823954880524, -101.94928680069177, 32.14345491211313]",GAO,production,2023-11-23 06:33:23.992562+00:00,2025-03-25 23:02:07.459908+00:00,v1,,,,,,,5.203125,0.1790771484375,166.6953156001484,3.3133170848198823,hrrr,Global Airborne Observatory,ASU GDCS,https://api.carbonmapper.org/api/v1/catalog/asset/l3a-vis-ch4-mf-v002/2023/08/24/GAO20230824t185535p0000-A/GAO20230824t185535p0000-A_l3a-vis-ch4-mf-v002_plume.tif,https://api.carbonmapper.org/api/v1/catalog/asset/l3a-vis-ch4-mf-v002/2023/08/24/GAO20230824t185535p0000-A/GAO20230824t185535p0000-A_l3a-vis-ch4-mf-v002_plume.png,https://api.carbonmapper.org/api/v1/catalog/asset/l3a-ch4-mf-v1/2023/08/24/GAO20230824t185535p0000-A/GAO20230824t185535p0000-A_l3a-ch4-mf-v1_concentrations.tif,https://api.carbonmapper.org/api/v1/catalog/asset/l3a-vis-ch4-mf-v002/2023/08/24/GAO20230824t185535p0000-A/GAO20230824t185535p0000-A_l3a-vis-ch4-mf-v002_rgb.tif,https://api.carbonmapper.org/api/v1/catalog/asset/l3a-vis-ch4-mf-v002/2023/08/24/GAO20230824t185535p0000-A/GAO20230824t185535p0000-A_l3a-vis-ch4-mf-v002_rgb.png,1,EMIT_L2A_RFL_001_20230824T175337_2323612_023,/mnt/engg-leung/Research_No9_Methane_Emissions/Yuyao/raw_data_dir_l89_L2SR/EMIT_simulated_landsat9/GAO20230824t185535p0000-A_sim_L9.tif,/mnt/engg-leung/Research_No9_Methane_Emissions/Yuyao/Dataset/data_dir_l89_L2SR/plume_masks_l89_512/GAO20230824t185535p0000-A/mask_30m_512.tif
GAO20230824t185535p0000-B,31.98043417513757,-101.93504971963117,2023-08-24 18:55:35+00:00,Oil & Gas (1B2),CH4,mf,"[-101.93858759266472, 31.97815788938153, -101.93249202868842, 31.983328306155002]",GAO,production,2023-11-23 06:33:24.010634+00:00,2025-03-25 23:02:07.696788+00:00,v1,,,,,221.31240534382536,108.00137688634288,5.0234375,0.192626953125,166.62986872752134,2.532139437808027,hrrr,Global Airborne Observatory,ASU GDCS,https://api.carbonmapper.org/api/v1/catalog/asset/l3a-vis-ch4-mf-v002/2023/08/24/GAO20230824t185535p0000-B/GAO20230824t185535p0000-B_l3a-vis-ch4-mf-v002_plume.tif,https://api.carbonmapper.org/api/v1/catalog/asset/l3a-vis-ch4-mf-v002/2023/08/24/GAO20230824t185535p0000-B/GAO20230824t185535p0000-B_l3a-vis-ch4-mf-v002_plume.png,https://api.carbonmapper.org/api/v1/catalog/asset/l3a-ch4-mf-v1/2023/08/24/GAO20230824t185535p0000-B/GAO20230824t185535p0000-B_l3a-ch4-mf-v1_concentrations.tif,https://api.carbonmapper.org/api/v1/catalog/asset/l3a-vis-ch4-mf-v002/2023/08/24/GAO20230824t185535p0000-B/GAO20230824t185535p0000-B_l3a-vis-ch4-mf-v002_rgb.tif,https://api.carbonmapper.org/api/v1/catalog/asset/l3a-vis-ch4-mf-v002/2023/08/24/GAO20230824t185535p0000-B/GAO20230824t185535p0000-B_l3a-vis-ch4-mf-v002_rgb.png,1,EMIT_L2A_RFL_001_20230824T175337_2323612_023,/mnt/engg-leung/Research_No9_Methane_Emissions/Yuyao/raw_data_dir_l89_L2SR/EMIT_simulated_landsat9/GAO20230824t185535p0000-B_sim_L9.tif,/mnt/engg-leung/Research_No9_Methane_Emissions/Yuyao/Dataset/data_dir_l89_L2SR/plume_masks_l89_512/GAO20230824t185535p0000-B/mask_30m_512.tif
GAO20230824t185535p0000-C,31.86756452778889,-101.92083665914286,2023-08-24 18:55:35+00:00,,CH4,mf,"[-101.92395114077344, 31.865101833191776, -101.91781012489788, 31.870317209857916]",GAO,production,2023-11-23 06:33:24.029196+00:00,2025-03-25 23:02:07.816146+00:00,v1,,,,,288.4050080180548,91.8142698207812,4.94921875,0.1590576171875,166.40786025873925,2.520587949281063,hrrr,Global Airborne Observatory,ASU GDCS,https://api.carbonmapper.org/api/v1/catalog/asset/l3a-vis-ch4-mf-v002/2023/08/24/GAO20230824t185535p0000-C/GAO20230824t185535p0000-C_l3a-vis-ch4-mf-v002_plume.tif,https://api.carbonmapper.org/api/v1/catalog/asset/l3a-vis-ch4-mf-v002/2023/08/24/GAO20230824t185535p0000-C/GAO20230824t185535p0000-C_l3a-vis-ch4-mf-v002_plume.png,https://api.carbonmapper.org/api/v1/catalog/asset/l3a-ch4-mf-v1/2023/08/24/GAO20230824t185535p0000-C/GAO20230824t185535p0000-C_l3a-ch4-mf-v1_concentrations.tif,https://api.carbonmapper.org/api/v1/catalog/asset/l3a-vis-ch4-mf-v002/2023/08/24/GAO20230824t185535p0000-C/GAO20230824t185535p0000-C_l3a-vis-ch4-mf-v002_rgb.tif,https://api.carbonmapper.org/api/v1/catalog/asset/l3a-vis-ch4-mf-v002/2023/08/24/GAO20230824t185535p0000-C/GAO20230824t185535p0000-C_l3a-vis-ch4-mf-v002_rgb.png,1,EMIT_L2A_RFL_001_20230824T175337_2323612_023,/mnt/engg-leung/Research_No9_Methane_Emissions/Yuyao/raw_data_dir_l89_L2SR/EMIT_simulated_landsat9/GAO20230824t185535p0000-C_sim_L9.tif,/mnt/engg-leung/Research_No9_Methane_Emissions/Yuyao/Dataset/data_dir_l89_L2SR/plume_masks_l89_512/GAO20230824t185535p0000-C/mask_30m_512.tif
GAO20230824t185535p0000-D,31.86163969189674,-101.91053092662314,2023-08-24 18:55:35+00:00,Oil & Gas (1B2),CH4,mf,"[-101.91482230797945, 31.860056825738997, -101.90868181077536, 31.865227089810173]",GAO,production,2023-11-23 06:33:24.047105+00:00,2025-03-25 22:50:12.008811+00:00,v1,,,,,248.4348729851111,18.33703586563396,4.94921875,0.1590576171875,166.40786025873925,2.520587949281063,hrrr,Global Airborne Observatory,ASU GDCS,https://api.carbonmapper.org/api/v1/catalog/asset/l3a-vis-ch4-mf-v002/2023/08/24/GAO20230824t185535p0000-D/GAO20230824t185535p0000-D_l3a-vis-ch4-mf-v002_plume.tif,https://api.carbonmapper.org/api/v1/catalog/asset/l3a-vis-ch4-mf-v002/2023/08/24/GAO20230824t185535p0000-D/GAO20230824t185535p0000-D_l3a-vis-ch4-mf-v002_plume.png,https://api.carbonmapper.org/api/v1/catalog/asset/l3a-ch4-mf-v1/2023/08/24/GAO20230824t185535p0000-D/GAO20230824t185535p0000-D_l3a-ch4-mf-v1_concentrations.tif,https://api.carbonmapper.org/api/v1/catalog/asset/l3a-vis-ch4-mf-v002/2023/08/24/GAO20230824t185535p0000-D/GAO20230824t185535p0000-D_l3a-vis-ch4-mf-v002_rgb.tif,https://api.carbonmapper.org/api/v1/catalog/asset/l3a-vis-ch4-mf-v002/2023/08/24/GAO20230824t185535p0000-D/GAO20230824t185535p0000-D_l3a-vis-ch4-mf-v002_rgb.png,1,EMIT_L2A_RFL_001_20230824T175349_2323612_024,/mnt/engg-leung/Research_No9_Methane_Emissions/Yuyao/raw_data_dir_l89_L2SR/EMIT_simulated_landsat9/GAO20230824t185535p0000-D_sim_L9.tif,/mnt/engg-leung/Research_No9_Methane_Emissions/Yuyao/Dataset/data_dir_l89_L2SR/plume_masks_l89_512/GAO20230824t185535p0000-D/mask_30m_512.tif
GAO20230824t185535p0000-E,31.82697680514132,-101.90661513182032,2023-08-24 18:55:35+00:00,Oil & Gas (1B2),CH4,mf,"[-101.909916330502, 31.82504486454766, -101.9038309336957, 31.830215251821386]",GAO,production,2023-11-23 06:33:24.064421+00:00,2025-03-25 23:02:09.638000+00:00,v1,,,,,194.43197564455744,115.75704292568454,4.8671875,0.177978515625,167.3105927009615,2.6072186307318868,hrrr,Global Airborne Observatory,ASU GDCS,https://api.carbonmapper.org/api/v1/catalog/asset/l3a-vis-ch4-mf-v002/2023/08/24/GAO20230824t185535p0000-E/GAO20230824t185535p0000-E_l3a-vis-ch4-mf-v002_plume.tif,https://api.carbonmapper.org/api/v1/catalog/asset/l3a-vis-ch4-mf-v002/2023/08/24/GAO20230824t185535p0000-E/GAO20230824t185535p0000-E_l3a-vis-ch4-mf-v002_plume.png,https://api.carbonmapper.org/api/v1/catalog/asset/l3a-ch4-mf-v1/2023/08/24/GAO20230824t185535p0000-E/GAO20230824t185535p0000-E_l3a-ch4-mf-v1_concentrations.tif,https://api.carbonmapper.org/api/v1/catalog/asset/l3a-vis-ch4-mf-v002/2023/08/24/GAO20230824t185535p0000-E/GAO20230824t185535p0000-E_l3a-vis-ch4-mf-v002_rgb.tif,https://api.carbonmapper.org/api/v1/catalog/asset/l3a-vis-ch4-mf-v002/2023/08/24/GAO20230824t185535p0000-E/GAO20230824t185535p0000-E_l3a-vis-ch4-mf-v002_rgb.png,1,EMIT_L2A_RFL_001_20230824T175349_2323612_024,/mnt/engg-leung/Research_No9_Methane_Emissions/Yuyao/raw_data_dir_l89_L2SR/EMIT_simulated_landsat9/GAO20230824t185535p0000-E_sim_L9.tif,/mnt/engg-leung/Research_No9_Methane_Emissions/Yuyao/Dataset/data_dir_l89_L2SR/plume_masks_l89_512/GAO20230824t185535p0000-E/mask_30m_512.tif
GAO20230824t185535p0000-F,31.73544132576628,-101.92343030179606,2023-08-24 18:55:35+00:00,Oil & Gas (1B2),CH4,mf,"[-101.9275889760224, 31.734410038397417, -101.91823177408314, 31.74236795353839]",GAO,production,2023-11-23 06:33:24.082172+00:00,2025-03-25 23:02:09.877443+00:00,v1,,,,,1560.049063673399,308.2429837501155,5.0078125,0.133544921875,165.18503783125354,2.8655809106809724,hrrr,Global Airborne Observatory,ASU GDCS,https://api.carbonmapper.org/api/v1/catalog/asset/l3a-vis-ch4-mf-v002/2023/08/24/GAO20230824t185535p0000-F/GAO20230824t185535p0000-F_l3a-vis-ch4-mf-v002_plume.tif,https://api.carbonmapper.org/api/v1/catalog/asset/l3a-vis-ch4-mf-v002/2023/08/24/GAO20230824t185535p0000-F/GAO20230824t185535p0000-F_l3a-vis-ch4-mf-v002_plume.png,https://api.carbonmapper.org/api/v1/catalog/asset/l3a-ch4-mf-v1/2023/08/24/GAO20230824t185535p0000-F/GAO20230824t185535p0000-F_l3a-ch4-mf-v1_concentrations.tif,https://api.carbonmapper.org/api/v1/catalog/asset/l3a-vis-ch4-mf-v002/2023/08/24/GAO20230824t185535p0000-F/GAO20230824t185535p0000-F_l3a-vis-ch4-mf-v002_rgb.tif,https://api.carbonmapper.org/api/v1/catalog/asset/l3a-vis-ch4-mf-v002/2023/08/24/GAO20230824t185535p0000-F/GAO20230824t185535p0000-F_l3a-vis-ch4-mf-v002_rgb.png,1,EMIT_L2A_RFL_001_20230824T175349_2323612_024,/mnt/engg-leung/Research_No9_Methane_Emissions/Yuyao/raw_data_dir_l89_L2SR/EMIT_simulated_landsat9/GAO20230824t185535p0000-F_sim_L9.tif,/mnt/engg-leung/Research_No9_Methane_Emissions/Yuyao/Dataset/data_dir_l89_L2SR/plume_masks_l89_512/GAO20230824t185535p0000-F/mask_30m_512.tif
GAO20230824t185535p0000-H,31.64692373340641,-101.90558170543945,2023-08-24 18:55:35+00:00,Oil & Gas (1B2),CH4,mf,"[-101.9081239167078, 31.64566763388616, -101.9019975447185, 31.65083796518371]",GAO,production,2023-11-23 06:33:24.116381+00:00,2025-03-25 23:02:13.028745+00:00,v1,,,,,230.3615601244241,101.26171978234731,5.03125,0.095458984375,165.7034218685008,2.9498733095758505,hrrr,Global Airborne Observatory,ASU GDCS,https://api.carbonmapper.org/api/v1/catalog/asset/l3a-vis-ch4-mf-v002/2023/08/24/GAO20230824t185535p0000-H/GAO20230824t185535p0000-H_l3a-vis-ch4-mf-v002_plume.tif,https://api.carbonmapper.org/api/v1/catalog/asset/l3a-vis-ch4-mf-v002/2023/08/24/GAO20230824t185535p0000-H/GAO20230824t185535p0000-H_l3a-vis-ch4-mf-v002_plume.png,https://api.carbonmapper.org/api/v1/catalog/asset/l3a-ch4-mf-v1/2023/08/24/GAO20230824t185535p0000-H/GAO20230824t185535p0000-H_l3a-ch4-mf-v1_concentrations.tif,https://api.carbonmapper.org/api/v1/catalog/asset/l3a-vis-ch4-mf-v002/2023/08/24/GAO20230824t185535p0000-H/GAO20230824t185535p0000-H_l3a-vis-ch4-mf-v002_rgb.tif,https://api.carbonmapper.org/api/v1/catalog/asset/l3a-vis-ch4-mf-v002/2023/08/24/GAO20230824t185535p0000-H/GAO20230824t185535p0000-H_l3a-vis-ch4-mf-v002_rgb.png,1,EMIT_L2A_RFL_001_20230824T175349_2323612_024,/mnt/engg-leung/Research_No9_Methane_Emissions/Yuyao/raw_data_dir_l89_L2SR/EMIT_simulated_landsat9/GAO20230824t185535p0000-H_sim_L9.tif,/mnt/engg-leung/Research_No9_Methane_Emissions/Yuyao/Dataset/data_dir_l89_L2SR/plume_masks_l89_512/GAO20230824t185535p0000-H/mask_30m_512.tif
GAO20230825t174934p0000-A,31.83913565025432,-102.06934756094816,2023-08-25 17:49:34+00:00,Oil & Gas (1B2),CH4,mf,"[-102.0724676380676, 31.837637475150405, -102.06632787386759, 31.84280837889962]",GAO,production,2023-12-04 18:38:09.160880+00:00,2025-03-25 23:31:10.305607+00:00,v1,,,,,29.113527348162933,10.105533596814208,6.46875,1.09375,179.64814098367395,0.8011433276008021,hrrr,Global Airborne Observatory,ASU GDCS,https://api.carbonmapper.org/api/v1/catalog/asset/l3a-vis-ch4-mf-v002/2023/08/25/GAO20230825t174934p0000-A/GAO20230825t174934p0000-A_l3a-vis-ch4-mf-v002_plume.tif,https://api.carbonmapper.org/api/v1/catalog/asset/l3a-vis-ch4-mf-v002/2023/08/25/GAO20230825t174934p0000-A/GAO20230825t174934p0000-A_l3a-vis-ch4-mf-v002_plume.png,,https://api.carbonmapper.org/api/v1/catalog/asset/l3a-vis-ch4-mf-v002/2023/08/25/GAO20230825t174934p0000-A/GAO20230825t174934p0000-A_l3a-vis-ch4-mf-v002_rgb.tif,https://api.carbonmapper.org/api/v1/catalog/asset/l3a-vis-ch4-mf-v002/2023/08/25/GAO20230825t174934p0000-A/GAO20230825t174934p0000-A_l3a-vis-ch4-mf-v002_rgb.png,1,EMIT_L2A_RFL_001_20230824T175337_2323612_023,/mnt/engg-leung/Research_No9_Methane_Emissions/Yuyao/raw_data_dir_l89_L2SR/EMIT_simulated_landsat9/GAO20230825t174934p0000-A_sim_L9.tif,/mnt/engg-leung/Research_No9_Methane_Emissions/Yuyao/Dataset/data_dir_l89_L2SR/plume_masks_l89_512/GAO20230825t174934p0000-A/mask_30m_512.tif
av320241004t173642-A,32.35444768826028,-103.72491954131294,2024-10-04 17:36:42+00:00,Oil & Gas (1B2),CH4,mfa,"[-103.73197476337528, 32.35109538963258, -103.72395894196606, 32.35786678160785]",av3,production,2025-08-12 22:40:36.883539+00:00,2025-08-12 22:40:59.708077+00:00,v3,3.17.0,,,,99.47291877562384,67.13115908886212,2.061173915863037,1.3874889612197876,127.5425033569336,25.470430374145508,hrrr,AVIRIS-3,NASA-JPL AVIRIS-3,https://api.carbonmapper.org/api/v1/catalog/asset/l3a-vis-ch4-mfa-v3/2024/10/04/av320241004t173642-A/av320241004t173642-A_l3a-vis-ch4-mfa-v3_plume.tif,https://api.carbonmapper.org/api/v1/catalog/asset/l3a-vis-ch4-mfa-v3/2024/10/04/av320241004t173642-A/av320241004t173642-A_l3a-vis-ch4-mfa-v3_plume.png,https://api.carbonmapper.org/api/v1/catalog/asset/l3a-ime-ch4-mfa-v3/2024/10/04/av320241004t173642-A/av320241004t173642-A_l3a-ime-ch4-mfa-v3_ime-cmf-concentrations.tif,https://api.carbonmapper.org/api/v1/catalog/asset/l3a-vis-ch4-mfa-v3/2024/10/04/av320241004t173642-A/av320241004t173642-A_l3a-vis-ch4-mfa-v3_rgb.tif,https://api.carbonmapper.org/api/v1/catalog/asset/l3a-vis-ch4-mfa-v3/2024/10/04/av320241004t173642-A/av320241004t173642-A_l3a-vis-ch4-mfa-v3_rgb.png,1,EMIT_L2A_RFL_001_20241004T165227_2427811_011,/mnt/engg-leung/Research_No9_Methane_Emissions/Yuyao/raw_data_dir_l89_L2SR/EMIT_simulated_landsat9/av320241004t173642-A_sim_L9.tif,/mnt/engg-leung/Research_No9_Methane_Emissions/Yuyao/Dataset/data_dir_l89_L2SR/plume_masks_l89_512/av320241004t173642-A/mask_30m_512.tif
av320241004t173642-B,32.28370455117276,-103.74188352311172,2024-10-04 17:36:42+00:00,Oil & Gas (1B2),CH4,mfa,"[-103.7447216057153, 32.28178910986473, -103.73945827732274, 32.286238785001146]",av3,production,2025-08-12 22:40:36.883539+00:00,2025-08-12 22:40:50.924535+00:00,v3,3.17.0,,,,52.47843154198839,34.673149453912444,1.7687978744506836,1.1649296283721924,113.3386459350586,30.24989891052246,hrrr,AVIRIS-3,NASA-JPL AVIRIS-3,https://api.carbonmapper.org/api/v1/catalog/asset/l3a-vis-ch4-mfa-v3/2024/10/04/av320241004t173642-B/av320241004t173642-B_l3a-vis-ch4-mfa-v3_plume.tif,https://api.carbonmapper.org/api/v1/catalog/asset/l3a-vis-ch4-mfa-v3/2024/10/04/av320241004t173642-B/av320241004t173642-B_l3a-vis-ch4-mfa-v3_plume.png,https://api.carbonmapper.org/api/v1/catalog/asset/l3a-ime-ch4-mfa-v3/2024/10/04/av320241004t173642-B/av320241004t173642-B_l3a-ime-ch4-mfa-v3_ime-cmf-concentrations.tif,https://api.carbonmapper.org/api/v1/catalog/asset/l3a-vis-ch4-mfa-v3/2024/10/04/av320241004t173642-B/av320241004t173642-B_l3a-vis-ch4-mfa-v3_rgb.tif,https://api.carbonmapper.org/api/v1/catalog/asset/l3a-vis-ch4-mfa-v3/2024/10/04/av320241004t173642-B/av320241004t173642-B_l3a-vis-ch4-mfa-v3_rgb.png,1,EMIT_L2A_RFL_001_20241004T165227_2427811_011,/mnt/engg-leung/Research_No9_Methane_Emissions/Yuyao/raw_data_dir_l89_L2SR/EMIT_simulated_landsat9/av320241004t173642-B_sim_L9.tif,/mnt/engg-leung/Research_No9_Methane_Emissions/Yuyao/Dataset/data_dir_l89_L2SR/plume_masks_l89_512/av320241004t173642-B/mask_30m_512.tif
av320241004t173642-C,32.22691041969031,-103.7448579908539,2024-10-04 17:36:42+00:00,Oil & Gas (1B2),CH4,mfa,"[-103.75459311947121, 32.220650897890046, -103.74128234516374, 32.231911129439766]",av3,production,2025-08-12 22:40:36.883539+00:00,2025-08-12 22:40:51.700435+00:00,v3,3.17.0,,,,389.885655692656,290.4215291480512,1.8680671453475952,1.3854126930236816,118.88036346435548,28.588768005371094,hrrr,AVIRIS-3,NASA-JPL AVIRIS-3,https://api.carbonmapper.org/api/v1/catalog/asset/l3a-vis-ch4-mfa-v3/2024/10/04/av320241004t173642-C/av320241004t173642-C_l3a-vis-ch4-mfa-v3_plume.tif,https://api.carbonmapper.org/api/v1/catalog/asset/l3a-vis-ch4-mfa-v3/2024/10/04/av320241004t173642-C/av320241004t173642-C_l3a-vis-ch4-mfa-v3_plume.png,https://api.carbonmapper.org/api/v1/catalog/asset/l3a-ime-ch4-mfa-v3/2024/10/04/av320241004t173642-C/av320241004t173642-C_l3a-ime-ch4-mfa-v3_ime-cmf-concentrations.tif,https://api.carbonmapper.org/api/v1/catalog/asset/l3a-vis-ch4-mfa-v3/2024/10/04/av320241004t173642-C/av320241004t173642-C_l3a-vis-ch4-mfa-v3_rgb.tif,https://api.carbonmapper.org/api/v1/catalog/asset/l3a-vis-ch4-mfa-v3/2024/10/04/av320241004t173642-C/av320241004t173642-C_l3a-vis-ch4-mfa-v3_rgb.png,1,EMIT_L2A_RFL_001_20241004T165227_2427811_011,/mnt/engg-leung/Research_No9_Methane_Emissions/Yuyao/raw_data_dir_l89_L2SR/EMIT_simulated_landsat9/av320241004t173642-C_sim_L9.tif,/mnt/engg-leung/Research_No9_Methane_Emissions/Yuyao/Dataset/data_dir_l89_L2SR/plume_masks_l89_512/av320241004t173642-C/mask_30m_512.tif
av320241004t184138-A,32.22696985885766,-103.7447534713328,2024-10-04 18:41:38+00:00,Oil & Gas (1B2),CH4,mfa,"[-103.74899996712385, 32.2257929166914, -103.74345981665468, 32.230517297922916]",av3,production,2025-08-12 22:40:36.883539+00:00,2025-08-12 22:40:37.813447+00:00,v3,3.17.0,,,,1415.5304313108638,679.5849329730349,3.178318738937378,1.465157151222229,100.60275268554688,4.527896881103516,hrrr,AVIRIS-3,NASA-JPL AVIRIS-3,https://api.carbonmapper.org/api/v1/catalog/asset/l3a-vis-ch4-mfa-v3/2024/10/04/av320241004t184138-A/av320241004t184138-A_l3a-vis-ch4-mfa-v3_plume.tif,https://api.carbonmapper.org/api/v1/catalog/asset/l3a-vis-ch4-mfa-v3/2024/10/04/av320241004t184138-A/av320241004t184138-A_l3a-vis-ch4-mfa-v3_plume.png,https://api.carbonmapper.org/api/v1/catalog/asset/l3a-ime-ch4-mfa-v3/2024/10/04/av320241004t184138-A/av320241004t184138-A_l3a-ime-ch4-mfa-v3_ime-cmf-concentrations.tif,https://api.carbonmapper.org/api/v1/catalog/asset/l3a-vis-ch4-mfa-v3/2024/10/04/av320241004t184138-A/av320241004t184138-A_l3a-vis-ch4-mfa-v3_rgb.tif,https://api.carbonmapper.org/api/v1/catalog/asset/l3a-vis-ch4-mfa-v3/2024/10/04/av320241004t184138-A/av320241004t184138-A_l3a-vis-ch4-mfa-v3_rgb.png,1,EMIT_L2A_RFL_001_20241004T165227_2427811_011,/mnt/engg-leung/Research_No9_Methane_Emissions/Yuyao/raw_data_dir_l89_L2SR/EMIT_simulated_landsat9/av320241004t184138-A_sim_L9.tif,/mnt/engg-leung/Research_No9_Methane_Emissions/Yuyao/Dataset/data_dir_l89_L2SR/plume_masks_l89_512/av320241004t184138-A/mask_30m_512.tif
av320241004t184138-L,32.354522197221016,-103.72486334102038,2024-10-04 18:41:38+00:00,Oil & Gas (1B2),CH4,mfa,"[-103.72959555050294, 32.35168321198916, -103.72413728010231, 32.35633192272608]",av3,production,2025-08-12 22:40:36.883539+00:00,2025-08-12 22:40:53.595400+00:00,v3,3.17.0,,,,129.2039038584206,62.260036876968975,3.1634318828582764,1.4882127046585083,106.26746368408205,11.000152587890623,hrrr,AVIRIS-3,NASA-JPL AVIRIS-3,https://api.carbonmapper.org/api/v1/catalog/asset/l3a-vis-ch4-mfa-v3/2024/10/04/av320241004t184138-L/av320241004t184138-L_l3a-vis-ch4-mfa-v3_plume.tif,https://api.carbonmapper.org/api/v1/catalog/asset/l3a-vis-ch4-mfa-v3/2024/10/04/av320241004t184138-L/av320241004t184138-L_l3a-vis-ch4-mfa-v3_plume.png,https://api.carbonmapper.org/api/v1/catalog/asset/l3a-ime-ch4-mfa-v3/2024/10/04/av320241004t184138-L/av320241004t184138-L_l3a-ime-ch4-mfa-v3_ime-cmf-concentrations.tif,https://api.carbonmapper.org/api/v1/catalog/asset/l3a-vis-ch4-mfa-v3/2024/10/04/av320241004t184138-L/av320241004t184138-L_l3a-vis-ch4-mfa-v3_rgb.tif,https://api.carbonmapper.org/api/v1/catalog/asset/l3a-vis-ch4-mfa-v3/2024/10/04/av320241004t184138-L/av320241004t184138-L_l3a-vis-ch4-mfa-v3_rgb.png,1,EMIT_L2A_RFL_001_20241004T165227_2427811_011,/mnt/engg-leung/Research_No9_Methane_Emissions/Yuyao/raw_data_dir_l89_L2SR/EMIT_simulated_landsat9/av320241004t184138-L_sim_L9.tif,/mnt/engg-leung/Research_No9_Methane_Emissions/Yuyao/Dataset/data_dir_l89_L2SR/plume_masks_l89_512/av320241004t184138-L/mask_30m_512.tif
av320241004t184138-M,32.29538308022785,-103.72971379139948,2024-10-04 18:41:38+00:00,Oil & Gas (1B2),CH4,mfa,"[-103.73362397019532, 32.29322800498106, -103.72852688590571, 32.29753659528511]",av3,production,2025-08-12 22:40:36.883539+00:00,2025-08-12 22:40:37.951396+00:00,v3,3.17.0,,,,40.61045754138974,20.09164942821482,3.0204832553863525,1.4859999418258667,94.3328094482422,1.3857126235961914,hrrr,AVIRIS-3,NASA-JPL AVIRIS-3,https://api.carbonmapper.org/api/v1/catalog/asset/l3a-vis-ch4-mfa-v3/2024/10/04/av320241004t184138-M/av320241004t184138-M_l3a-vis-ch4-mfa-v3_plume.tif,https://api.carbonmapper.org/api/v1/catalog/asset/l3a-vis-ch4-mfa-v3/2024/10/04/av320241004t184138-M/av320241004t184138-M_l3a-vis-ch4-mfa-v3_plume.png,https://api.carbonmapper.org/api/v1/catalog/asset/l3a-ime-ch4-mfa-v3/2024/10/04/av320241004t184138-M/av320241004t184138-M_l3a-ime-ch4-mfa-v3_ime-cmf-concentrations.tif,https://api.carbonmapper.org/api/v1/catalog/asset/l3a-vis-ch4-mfa-v3/2024/10/04/av320241004t184138-M/av320241004t184138-M_l3a-vis-ch4-mfa-v3_rgb.tif,https://api.carbonmapper.org/api/v1/catalog/asset/l3a-vis-ch4-mfa-v3/2024/10/04/av320241004t184138-M/av320241004t184138-M_l3a-vis-ch4-mfa-v3_rgb.png,1,EMIT_L2A_RFL_001_20241004T165227_2427811_011,/mnt/engg-leung/Research_No9_Methane_Emissions/Yuyao/raw_data_dir_l89_L2SR/EMIT_simulated_landsat9/av320241004t184138-M_sim_L9.tif,/mnt/engg-leung/Research_No9_Methane_Emissions/Yuyao/Dataset/data_dir_l89_L2SR/plume_masks_l89_512/av320241004t184138-M/mask_30m_512.tif
av320241004t184138-N,32.30923024009489,-103.739347119239,2024-10-04 18:41:38+00:00,Oil & Gas (1B2),CH4,mfa,"[-103.74275821376999, 32.30684412624651, -103.73757080016479, 32.311190617100785]",av3,production,2025-08-12 22:40:36.883539+00:00,2025-08-12 22:40:52.496343+00:00,v3,3.17.0,,,,105.22226579189282,53.40134736042047,2.981874227523804,1.5040541887283323,92.27550506591795,2.4302334785461426,hrrr,AVIRIS-3,NASA-JPL AVIRIS-3,https://api.carbonmapper.org/api/v1/catalog/asset/l3a-vis-ch4-mfa-v3/2024/10/04/av320241004t184138-N/av320241004t184138-N_l3a-vis-ch4-mfa-v3_plume.tif,https://api.carbonmapper.org/api/v1/catalog/asset/l3a-vis-ch4-mfa-v3/2024/10/04/av320241004t184138-N/av320241004t184138-N_l3a-vis-ch4-mfa-v3_plume.png,https://api.carbonmapper.org/api/v1/catalog/asset/l3a-ime-ch4-mfa-v3/2024/10/04/av320241004t184138-N/av320241004t184138-N_l3a-ime-ch4-mfa-v3_ime-cmf-concentrations.tif,https://api.carbonmapper.org/api/v1/catalog/asset/l3a-vis-ch4-mfa-v3/2024/10/04/av320241004t184138-N/av320241004t184138-N_l3a-vis-ch4-mfa-v3_rgb.tif,https://api.carbonmapper.org/api/v1/catalog/asset/l3a-vis-ch4-mfa-v3/2024/10/04/av320241004t184138-N/av320241004t184138-N_l3a-vis-ch4-mfa-v3_rgb.png,1,EMIT_L2A_RFL_001_20241004T165227_2427811_011,/mnt/engg-leung/Research_No9_Methane_Emissions/Yuyao/raw_data_dir_l89_L2SR/EMIT_simulated_landsat9/av320241004t184138-N_sim_L9.tif,/mnt/engg-leung/Research_No9_Methane_Emissions/Yuyao/Dataset/data_dir_l89_L2SR/plume_masks_l89_512/av320241004t184138-N/mask_30m_512.tif
av320241004t184138-O,32.23157220677031,-103.73694705999974,2024-10-04 18:41:38+00:00,Oil & Gas (1B2),CH4,mfa,"[-103.74029856146929, 32.229835080997596, -103.73516006930333, 32.23418170758345]",av3,production,2025-08-12 22:40:36.883539+00:00,2025-08-12 22:40:53.775907+00:00,v3,3.17.0,,,,139.67639638674922,58.29117146389108,3.371401786804199,1.3899648189544678,103.22283172607422,1.8156819343566888,hrrr,AVIRIS-3,NASA-JPL AVIRIS-3,https://api.carbonmapper.org/api/v1/catalog/asset/l3a-vis-ch4-mfa-v3/2024/10/04/av320241004t184138-O/av320241004t184138-O_l3a-vis-ch4-mfa-v3_plume.tif,https://api.carbonmapper.org/api/v1/catalog/asset/l3a-vis-ch4-mfa-v3/2024/10/04/av320241004t184138-O/av320241004t184138-O_l3a-vis-ch4-mfa-v3_plume.png,https://api.carbonmapper.org/api/v1/catalog/asset/l3a-ime-ch4-mfa-v3/2024/10/04/av320241004t184138-O/av320241004t184138-O_l3a-ime-ch4-mfa-v3_ime-cmf-concentrations.tif,https://api.carbonmapper.org/api/v1/catalog/asset/l3a-vis-ch4-mfa-v3/2024/10/04/av320241004t184138-O/av320241004t184138-O_l3a-vis-ch4-mfa-v3_rgb.tif,https://api.carbonmapper.org/api/v1/catalog/asset/l3a-vis-ch4-mfa-v3/2024/10/04/av320241004t184138-O/av320241004t184138-O_l3a-vis-ch4-mfa-v3_rgb.png,1,EMIT_L2A_RFL_001_20241004T165227_2427811_011,/mnt/engg-leung/Research_No9_Methane_Emissions/Yuyao/raw_data_dir_l89_L2SR/EMIT_simulated_landsat9/av320241004t184138-O_sim_L9.tif,/mnt/engg-leung/Research_No9_Methane_Emissions/Yuyao/Dataset/data_dir_l89_L2SR/plume_masks_l89_512/av320241004t184138-O/mask_30m_512.tif
av320241004t184138-T,32.201502731254365,-103.77902896262071,2024-10-04 18:41:38+00:00,Oil & Gas (1B2),CH4,mfa,"[-103.7818894852352, 32.199403261655966, -103.77675264791388, 32.203749942966894]",av3,production,2025-08-12 22:40:36.883539+00:00,2025-08-12 22:40:55.809517+00:00,v3,3.17.0,,,,224.04569794124453,103.10150209610624,3.165645360946656,1.414125919342041,100.70364379882812,7.484285354614258,hrrr,AVIRIS-3,NASA-JPL AVIRIS-3,https://api.carbonmapper.org/api/v1/catalog/asset/l3a-vis-ch4-mfa-v3/2024/10/04/av320241004t184138-T/av320241004t184138-T_l3a-vis-ch4-mfa-v3_plume.tif,https://api.carbonmapper.org/api/v1/catalog/asset/l3a-vis-ch4-mfa-v3/2024/10/04/av320241004t184138-T/av320241004t184138-T_l3a-vis-ch4-mfa-v3_plume.png,https://api.carbonmapper.org/api/v1/catalog/asset/l3a-ime-ch4-mfa-v3/2024/10/04/av320241004t184138-T/av320241004t184138-T_l3a-ime-ch4-mfa-v3_ime-cmf-concentrations.tif,https://api.carbonmapper.org/api/v1/catalog/asset/l3a-vis-ch4-mfa-v3/2024/10/04/av320241004t184138-T/av320241004t184138-T_l3a-vis-ch4-mfa-v3_rgb.tif,https://api.carbonmapper.org/api/v1/catalog/asset/l3a-vis-ch4-mfa-v3/2024/10/04/av320241004t184138-T/av320241004t184138-T_l3a-vis-ch4-mfa-v3_rgb.png,1,EMIT_L2A_RFL_001_20241004T165227_2427811_011,/mnt/engg-leung/Research_No9_Methane_Emissions/Yuyao/raw_data_dir_l89_L2SR/EMIT_simulated_landsat9/av320241004t184138-T_sim_L9.tif,/mnt/engg-leung/Research_No9_Methane_Emissions/Yuyao/Dataset/data_dir_l89_L2SR/plume_masks_l89_512/av320241004t184138-T/mask_30m_512.tif
av320241004t185733-J,32.136713903147296,-103.84081548937944,2024-10-04 18:57:33+00:00,Oil & Gas (1B2),CH4,mfa,"[-103.84342979998172, 32.13428145861099, -103.83822038274786, 32.138654012128896]",av3,production,2025-08-12 22:40:36.883539+00:00,2025-08-12 22:40:55.483269+00:00,v3,3.17.0,,,,,,3.166888475418091,1.6034458875656128,87.53974914550781,27.47977828979492,hrrr,AVIRIS-3,NASA-JPL AVIRIS-3,https://api.carbonmapper.org/api/v1/catalog/asset/l3a-vis-ch4-mfa-v3/2024/10/04/av320241004t185733-J/av320241004t185733-J_l3a-vis-ch4-mfa-v3_plume.tif,https://api.carbonmapper.org/api/v1/catalog/asset/l3a-vis-ch4-mfa-v3/2024/10/04/av320241004t185733-J/av320241004t185733-J_l3a-vis-ch4-mfa-v3_plume.png,https://api.carbonmapper.org/api/v1/catalog/asset/l3a-ime-ch4-mfa-v3/2024/10/04/av320241004t185733-J/av320241004t185733-J_l3a-ime-ch4-mfa-v3_ime-cmf-concentrations.tif,https://api.carbonmapper.org/api/v1/catalog/asset/l3a-vis-ch4-mfa-v3/2024/10/04/av320241004t185733-J/av320241004t185733-J_l3a-vis-ch4-mfa-v3_rgb.tif,https://api.carbonmapper.org/api/v1/catalog/asset/l3a-vis-ch4-mfa-v3/2024/10/04/av320241004t185733-J/av320241004t185733-J_l3a-vis-ch4-mfa-v3_rgb.png,1,EMIT_L2A_RFL_001_20241004T165227_2427811_011,/mnt/engg-leung/Research_No9_Methane_Emissions/Yuyao/raw_data_dir_l89_L2SR/EMIT_simulated_landsat9/av320241004t185733-J_sim_L9.tif,/mnt/engg-leung/Research_No9_Methane_Emissions/Yuyao/Dataset/data_dir_l89_L2SR/plume_masks_l89_512/av320241004t185733-J/mask_30m_512.tif
av320241004t185733-K,32.31275327280356,-103.78518683542691,2024-10-04 18:57:33+00:00,Oil & Gas (1B2),CH4,mfa,"[-103.78839683698153, 32.310410203918906, -103.78313168274197, 32.314898710370684]",av3,production,2025-08-12 22:40:36.883539+00:00,2025-08-12 22:40:55.532621+00:00,v3,3.17.0,,,,,,2.403658151626587,1.4082087278366089,97.93988037109376,12.61053466796875,hrrr,AVIRIS-3,NASA-JPL AVIRIS-3,https://api.carbonmapper.org/api/v1/catalog/asset/l3a-vis-ch4-mfa-v3/2024/10/04/av320241004t185733-K/av320241004t185733-K_l3a-vis-ch4-mfa-v3_plume.tif,https://api.carbonmapper.org/api/v1/catalog/asset/l3a-vis-ch4-mfa-v3/2024/10/04/av320241004t185733-K/av320241004t185733-K_l3a-vis-ch4-mfa-v3_plume.png,https://api.carbonmapper.org/api/v1/catalog/asset/l3a-ime-ch4-mfa-v3/2024/10/04/av320241004t185733-K/av320241004t185733-K_l3a-ime-ch4-mfa-v3_ime-cmf-concentrations.tif,https://api.carbonmapper.org/api/v1/catalog/asset/l3a-vis-ch4-mfa-v3/2024/10/04/av320241004t185733-K/av320241004t185733-K_l3a-vis-ch4-mfa-v3_rgb.tif,https://api.carbonmapper.org/api/v1/catalog/asset/l3a-vis-ch4-mfa-v3/2024/10/04/av320241004t185733-K/av320241004t185733-K_l3a-vis-ch4-mfa-v3_rgb.png,1,EMIT_L2A_RFL_001_20241004T165227_2427811_011,/mnt/engg-leung/Research_No9_Methane_Emissions/Yuyao/raw_data_dir_l89_L2SR/EMIT_simulated_landsat9/av320241004t185733-K_sim_L9.tif,/mnt/engg-leung/Research_No9_Methane_Emissions/Yuyao/Dataset/data_dir_l89_L2SR/plume_masks_l89_512/av320241004t185733-K/mask_30m_512.tif
av320241004t191153-C,32.064377500529005,-103.93026656643175,2024-10-04 19:11:53+00:00,Oil & Gas (1B2),CH4,mfa,"[-103.93365621540342, 32.060955477059835, -103.92840518008255, 32.0654442316541]",av3,production,2025-08-12 22:40:36.883539+00:00,2025-08-12 22:40:53.460324+00:00,v3,3.17.0,,,,140.19551398511194,65.38118435415757,2.636285781860352,1.2179635763168335,82.09027862548828,57.97258758544922,hrrr,AVIRIS-3,NASA-JPL AVIRIS-3,https://api.carbonmapper.org/api/v1/catalog/asset/l3a-vis-ch4-mfa-v3/2024/10/04/av320241004t191153-C/av320241004t191153-C_l3a-vis-ch4-mfa-v3_plume.tif,https://api.carbonmapper.org/api/v1/catalog/asset/l3a-vis-ch4-mfa-v3/2024/10/04/av320241004t191153-C/av320241004t191153-C_l3a-vis-ch4-mfa-v3_plume.png,https://api.carbonmapper.org/api/v1/catalog/asset/l3a-ime-ch4-mfa-v3/2024/10/04/av320241004t191153-C/av320241004t191153-C_l3a-ime-ch4-mfa-v3_ime-cmf-concentrations.tif,https://api.carbonmapper.org/api/v1/catalog/asset/l3a-vis-ch4-mfa-v3/2024/10/04/av320241004t191153-C/av320241004t191153-C_l3a-vis-ch4-mfa-v3_rgb.tif,https://api.carbonmapper.org/api/v1/catalog/asset/l3a-vis-ch4-mfa-v3/2024/10/04/av320241004t191153-C/av320241004t191153-C_l3a-vis-ch4-mfa-v3_rgb.png,1,EMIT_L2A_RFL_001_20241004T165215_2427811_010,/mnt/engg-leung/Research_No9_Methane_Emissions/Yuyao/raw_data_dir_l89_L2SR/EMIT_simulated_landsat9/av320241004t191153-C_sim_L9.tif,/mnt/engg-leung/Research_No9_Methane_Emissions/Yuyao/Dataset/data_dir_l89_L2SR/plume_masks_l89_512/av320241004t191153-C/mask_30m_512.tif
av320241004t191153-E,32.212620534216384,-103.84505403042652,2024-10-04 19:11:53+00:00,Oil & Gas (1B2),CH4,mfa,"[-103.84905420914406, 32.21091250265518, -103.84379470191818, 32.21540111294778]",av3,production,2025-08-12 22:40:36.883539+00:00,2025-08-12 22:40:53.862361+00:00,v3,3.17.0,,,,,,2.759195327758789,1.3814107179641724,85.09334564208984,38.064735412597656,hrrr,AVIRIS-3,NASA-JPL AVIRIS-3,https://api.carbonmapper.org/api/v1/catalog/asset/l3a-vis-ch4-mfa-v3/2024/10/04/av320241004t191153-E/av320241004t191153-E_l3a-vis-ch4-mfa-v3_plume.tif,https://api.carbonmapper.org/api/v1/catalog/asset/l3a-vis-ch4-mfa-v3/2024/10/04/av320241004t191153-E/av320241004t191153-E_l3a-vis-ch4-mfa-v3_plume.png,https://api.carbonmapper.org/api/v1/catalog/asset/l3a-ime-ch4-mfa-v3/2024/10/04/av320241004t191153-E/av320241004t191153-E_l3a-ime-ch4-mfa-v3_ime-cmf-concentrations.tif,https://api.carbonmapper.org/api/v1/catalog/asset/l3a-vis-ch4-mfa-v3/2024/10/04/av320241004t191153-E/av320241004t191153-E_l3a-vis-ch4-mfa-v3_rgb.tif,https://api.carbonmapper.org/api/v1/catalog/asset/l3a-vis-ch4-mfa-v3/2024/10/04/av320241004t191153-E/av320241004t191153-E_l3a-vis-ch4-mfa-v3_rgb.png,1,EMIT_L2A_RFL_001_20241004T165215_2427811_010,/mnt/engg-leung/Research_No9_Methane_Emissions/Yuyao/raw_data_dir_l89_L2SR/EMIT_simulated_landsat9/av320241004t191153-E_sim_L9.tif,/mnt/engg-leung/Research_No9_Methane_Emissions/Yuyao/Dataset/data_dir_l89_L2SR/plume_masks_l89_512/av320241004t191153-E/mask_30m_512.tif
emi20220826t174642p12024-A,32.35498887190761,-104.09102920307352,2022-08-26 17:46:42+00:00,Oil & Gas (1B2),CH4,mfa,"[-104.12857713516117, 32.34615595490239, -104.04808532185797, 32.41363273599518]",emi,production,2023-11-20 20:44:43.285209+00:00,2025-08-23 02:55:03.699621+00:00,v3,3.18.1,,,,3667.853764869372,303.8228907283309,3.402179002761841,0.0827544406056404,174.014892578125,5.169887542724609,hrrr,ISS,NASA-JPL EMIT,https://api.carbonmapper.org/api/v1/catalog/asset/l3a-vis-ch4-mfa-v3/2022/08/26/emi20220826t174642p12024-A/emi20220826t174642p12024-A_l3a-vis-ch4-mfa-v3_plume.tif,https://api.carbonmapper.org/api/v1/catalog/asset/l3a-vis-ch4-mfa-v3/2022/08/26/emi20220826t174642p12024-A/emi20220826t174642p12024-A_l3a-vis-ch4-mfa-v3_plume.png,https://api.carbonmapper.org/api/v1/catalog/asset/l3a-ime-ch4-mfa-v3/2022/08/26/emi20220826t174642p12024-A/emi20220826t174642p12024-A_l3a-ime-ch4-mfa-v3_ime-cmf-concentrations.tif,https://api.carbonmapper.org/api/v1/catalog/asset/l3a-vis-ch4-mfa-v3/2022/08/26/emi20220826t174642p12024-A/emi20220826t174642p12024-A_l3a-vis-ch4-mfa-v3_rgb.tif,https://api.carbonmapper.org/api/v1/catalog/asset/l3a-vis-ch4-mfa-v3/2022/08/26/emi20220826t174642p12024-A/emi20220826t174642p12024-A_l3a-vis-ch4-mfa-v3_rgb.png,1,EMIT_L2A_RFL_001_20220826T174642_2223812_024,/mnt/engg-leung/Research_No9_Methane_Emissions/Yuyao/raw_data_dir_l89_L2SR/EMIT_simulated_landsat9/emi20220826t174642p12024-A_sim_L9.tif,/mnt/engg-leung/Research_No9_Methane_Emissions/Yuyao/Dataset/data_dir_l89_L2SR/plume_masks_l89_512/emi20220826t174642p12024-A/mask_30m_512.tif
emi20220826t174654p12025-A,31.49870336741708,-103.53009599280574,2022-08-26 17:46:54+00:00,Oil & Gas (1B2),CH4,mfa,"[-103.56907290406501, 31.47580951031531, -103.50086739059533, 31.53346007400884]",emi,production,2023-12-08 16:57:28.159173+00:00,2025-03-25 23:31:25.266248+00:00,v3,3.18.1,,,,1287.5618844522628,261.549119030925,3.744882345199585,0.3083676695823669,133.38690185546875,4.996799468994141,hrrr,ISS,NASA-JPL EMIT,https://api.carbonmapper.org/api/v1/catalog/asset/l3a-vis-ch4-mfa-v3/2022/08/26/emi20220826t174654p12025-A/emi20220826t174654p12025-A_l3a-vis-ch4-mfa-v3_plume.tif,https://api.carbonmapper.org/api/v1/catalog/asset/l3a-vis-ch4-mfa-v3/2022/08/26/emi20220826t174654p12025-A/emi20220826t174654p12025-A_l3a-vis-ch4-mfa-v3_plume.png,https://api.carbonmapper.org/api/v1/catalog/asset/l3a-ime-ch4-mfa-v3/2022/08/26/emi20220826t174654p12025-A/emi20220826t174654p12025-A_l3a-ime-ch4-mfa-v3_ime-cmf-concentrations.tif,https://api.carbonmapper.org/api/v1/catalog/asset/l3a-vis-ch4-mfa-v3/2022/08/26/emi20220826t174654p12025-A/emi20220826t174654p12025-A_l3a-vis-ch4-mfa-v3_rgb.tif,https://api.carbonmapper.org/api/v1/catalog/asset/l3a-vis-ch4-mfa-v3/2022/08/26/emi20220826t174654p12025-A/emi20220826t174654p12025-A_l3a-vis-ch4-mfa-v3_rgb.png,1,EMIT_L2A_RFL_001_20220826T174654_2223812_025,/mnt/engg-leung/Research_No9_Methane_Emissions/Yuyao/raw_data_dir_l89_L2SR/EMIT_simulated_landsat9/emi20220826t174654p12025-A_sim_L9.tif,/mnt/engg-leung/Research_No9_Methane_Emissions/Yuyao/Dataset/data_dir_l89_L2SR/plume_masks_l89_512/emi20220826t174654p12025-A/mask_30m_512.tif
emi20220826t174654p12025-B,31.99944824323173,-103.74033929811138,2022-08-26 17:46:54+00:00,Oil & Gas (1B2),CH4,mfa,"[-103.77601569440597, 31.97297236892735, -103.70744120400278, 32.03062436824063]",emi,production,2023-12-08 16:56:42.172567+00:00,2025-03-25 22:36:45.398421+00:00,v3,3.18.1,,,,,,3.3404009342193604,0.1074971556663513,153.58340454101562,3.778200387954712,hrrr,ISS,NASA-JPL EMIT,https://api.carbonmapper.org/api/v1/catalog/asset/l3a-vis-ch4-mfa-v3/2022/08/26/emi20220826t174654p12025-B/emi20220826t174654p12025-B_l3a-vis-ch4-mfa-v3_plume.tif,https://api.carbonmapper.org/api/v1/catalog/asset/l3a-vis-ch4-mfa-v3/2022/08/26/emi20220826t174654p12025-B/emi20220826t174654p12025-B_l3a-vis-ch4-mfa-v3_plume.png,https://api.carbonmapper.org/api/v1/catalog/asset/l3a-ime-ch4-mfa-v3/2022/08/26/emi20220826t174654p12025-B/emi20220826t174654p12025-B_l3a-ime-ch4-mfa-v3_ime-cmf-concentrations.tif,https://api.carbonmapper.org/api/v1/catalog/asset/l3a-vis-ch4-mfa-v3/2022/08/26/emi20220826t174654p12025-B/emi20220826t174654p12025-B_l3a-vis-ch4-mfa-v3_rgb.tif,https://api.carbonmapper.org/api/v1/catalog/asset/l3a-vis-ch4-mfa-v3/2022/08/26/emi20220826t174654p12025-B/emi20220826t174654p12025-B_l3a-vis-ch4-mfa-v3_rgb.png,1,EMIT_L2A_RFL_001_20220826T174654_2223812_025,/mnt/engg-leung/Research_No9_Methane_Emissions/Yuyao/raw_data_dir_l89_L2SR/EMIT_simulated_landsat9/emi20220826t174654p12025-B_sim_L9.tif,/mnt/engg-leung/Research_No9_Methane_Emissions/Yuyao/Dataset/data_dir_l89_L2SR/plume_masks_l89_512/emi20220826t174654p12025-B/mask_30m_512.tif
emi20220826t174706p12026-A,31.27494637607917,-103.09619974160287,2022-08-26 17:47:06+00:00,Oil & Gas (1B2),CH4,mfa,"[-103.13326147910294, 31.247887867648352, -103.06560211949294, 31.3057142282049]",emi,production,2024-01-02 21:54:39.212049+00:00,2025-03-25 22:56:48.214494+00:00,v3,3.18.1,,,,,,3.915060520172119,0.4086178541183471,131.270263671875,3.066658496856689,hrrr,ISS,NASA-JPL EMIT,https://api.carbonmapper.org/api/v1/catalog/asset/l3a-vis-ch4-mfa-v3/2022/08/26/emi20220826t174706p12026-A/emi20220826t174706p12026-A_l3a-vis-ch4-mfa-v3_plume.tif,https://api.carbonmapper.org/api/v1/catalog/asset/l3a-vis-ch4-mfa-v3/2022/08/26/emi20220826t174706p12026-A/emi20220826t174706p12026-A_l3a-vis-ch4-mfa-v3_plume.png,https://api.carbonmapper.org/api/v1/catalog/asset/l3a-ime-ch4-mfa-v3/2022/08/26/emi20220826t174706p12026-A/emi20220826t174706p12026-A_l3a-ime-ch4-mfa-v3_ime-cmf-concentrations.tif,https://api.carbonmapper.org/api/v1/catalog/asset/l3a-vis-ch4-mfa-v3/2022/08/26/emi20220826t174706p12026-A/emi20220826t174706p12026-A_l3a-vis-ch4-mfa-v3_rgb.tif,https://api.carbonmapper.org/api/v1/catalog/asset/l3a-vis-ch4-mfa-v3/2022/08/26/emi20220826t174706p12026-A/emi20220826t174706p12026-A_l3a-vis-ch4-mfa-v3_rgb.png,1,EMIT_L2A_RFL_001_20220826T174706_2223812_026,/mnt/engg-leung/Research_No9_Methane_Emissions/Yuyao/raw_data_dir_l89_L2SR/EMIT_simulated_landsat9/emi20220826t174706p12026-A_sim_L9.tif,/mnt/engg-leung/Research_No9_Methane_Emissions/Yuyao/Dataset/data_dir_l89_L2SR/plume_masks_l89_512/emi20220826t174706p12026-A/mask_30m_512.tif
emi20230129t193901p13016-A,31.305971927274555,-101.36066079753016,2023-01-29 19:39:01+00:00,Oil & Gas (1B2),CH4,mfa,"[-101.39338571808655, 31.277501811109143, -101.32597752439618, 31.334599136363458]",emi,production,2023-07-19 19:42:14.937476+00:00,2025-03-25 23:04:47.513752+00:00,v3,3.18.1,,,,,,5.805155277252197,0.5275144577026367,62.02132415771485,4.165369987487793,hrrr,ISS,NASA-JPL EMIT,https://api.carbonmapper.org/api/v1/catalog/asset/l3a-vis-ch4-mfa-v3/2023/01/29/emi20230129t193901p13016-A/emi20230129t193901p13016-A_l3a-vis-ch4-mfa-v3_plume.tif,https://api.carbonmapper.org/api/v1/catalog/asset/l3a-vis-ch4-mfa-v3/2023/01/29/emi20230129t193901p13016-A/emi20230129t193901p13016-A_l3a-vis-ch4-mfa-v3_plume.png,https://api.carbonmapper.org/api/v1/catalog/asset/l3a-ime-ch4-mfa-v3/2023/01/29/emi20230129t193901p13016-A/emi20230129t193901p13016-A_l3a-ime-ch4-mfa-v3_ime-cmf-concentrations.tif,https://api.carbonmapper.org/api/v1/catalog/asset/l3a-vis-ch4-mfa-v3/2023/01/29/emi20230129t193901p13016-A/emi20230129t193901p13016-A_l3a-vis-ch4-mfa-v3_rgb.tif,https://api.carbonmapper.org/api/v1/catalog/asset/l3a-vis-ch4-mfa-v3/2023/01/29/emi20230129t193901p13016-A/emi20230129t193901p13016-A_l3a-vis-ch4-mfa-v3_rgb.png,1,EMIT_L2A_RFL_001_20230129T193849_2302913_015,/mnt/engg-leung/Research_No9_Methane_Emissions/Yuyao/raw_data_dir_l89_L2SR/EMIT_simulated_landsat9/emi20230129t193901p13016-A_sim_L9.tif,/mnt/engg-leung/Research_No9_Methane_Emissions/Yuyao/Dataset/data_dir_l89_L2SR/plume_masks_l89_512/emi20230129t193901p13016-A/mask_30m_512.tif
emi20230205t171244p12006-A,32.08958500349755,-104.49391593673408,2023-02-05 17:12:44+00:00,Oil & Gas (1B2),CH4,mfa,"[-104.52307015859765, 32.05736951927386, -104.45562120362658, 32.11402330785971]",emi,production,2023-06-21 20:40:51.479771+00:00,2025-03-25 23:02:52.784293+00:00,v3,3.18.1,,,,4686.034974076079,1293.3335749002083,1.959179401397705,0.5070320963859558,117.9487533569336,27.563024520874023,hrrr,ISS,NASA-JPL EMIT,https://api.carbonmapper.org/api/v1/catalog/asset/l3a-vis-ch4-mfa-v3/2023/02/05/emi20230205t171244p12006-A/emi20230205t171244p12006-A_l3a-vis-ch4-mfa-v3_plume.tif,https://api.carbonmapper.org/api/v1/catalog/asset/l3a-vis-ch4-mfa-v3/2023/02/05/emi20230205t171244p12006-A/emi20230205t171244p12006-A_l3a-vis-ch4-mfa-v3_plume.png,https://api.carbonmapper.org/api/v1/catalog/asset/l3a-ime-ch4-mfa-v3/2023/02/05/emi20230205t171244p12006-A/emi20230205t171244p12006-A_l3a-ime-ch4-mfa-v3_ime-cmf-concentrations.tif,https://api.carbonmapper.org/api/v1/catalog/asset/l3a-vis-ch4-mfa-v3/2023/02/05/emi20230205t171244p12006-A/emi20230205t171244p12006-A_l3a-vis-ch4-mfa-v3_rgb.tif,https://api.carbonmapper.org/api/v1/catalog/asset/l3a-vis-ch4-mfa-v3/2023/02/05/emi20230205t171244p12006-A/emi20230205t171244p12006-A_l3a-vis-ch4-mfa-v3_rgb.png,1,EMIT_L2A_RFL_001_20230205T171244_2303612_006,/mnt/engg-leung/Research_No9_Methane_Emissions/Yuyao/raw_data_dir_l89_L2SR/EMIT_simulated_landsat9/emi20230205t171244p12006-A_sim_L9.tif,/mnt/engg-leung/Research_No9_Methane_Emissions/Yuyao/Dataset/data_dir_l89_L2SR/plume_masks_l89_512/emi20230205t171244p12006-A/mask_30m_512.tif
emi20230205t171244p12006-B,31.97794497335076,-104.18946743184398,2023-02-05 17:12:44+00:00,Oil & Gas (1B2),CH4,mfa,"[-104.20527245747114, 31.924937819837908, -104.1175928698004, 31.999325010626244]",emi,production,2023-06-21 20:41:33.663797+00:00,2025-08-23 02:55:08.724825+00:00,v3,3.18.1,,,,594.8229773593598,294.59389652099816,1.5077780485153198,0.6833235621452332,14.109079360961914,80.57701110839844,hrrr,ISS,NASA-JPL EMIT,https://api.carbonmapper.org/api/v1/catalog/asset/l3a-vis-ch4-mfa-v3/2023/02/05/emi20230205t171244p12006-B/emi20230205t171244p12006-B_l3a-vis-ch4-mfa-v3_plume.tif,https://api.carbonmapper.org/api/v1/catalog/asset/l3a-vis-ch4-mfa-v3/2023/02/05/emi20230205t171244p12006-B/emi20230205t171244p12006-B_l3a-vis-ch4-mfa-v3_plume.png,https://api.carbonmapper.org/api/v1/catalog/asset/l3a-ime-ch4-mfa-v3/2023/02/05/emi20230205t171244p12006-B/emi20230205t171244p12006-B_l3a-ime-ch4-mfa-v3_ime-cmf-concentrations.tif,https://api.carbonmapper.org/api/v1/catalog/asset/l3a-vis-ch4-mfa-v3/2023/02/05/emi20230205t171244p12006-B/emi20230205t171244p12006-B_l3a-vis-ch4-mfa-v3_rgb.tif,https://api.carbonmapper.org/api/v1/catalog/asset/l3a-vis-ch4-mfa-v3/2023/02/05/emi20230205t171244p12006-B/emi20230205t171244p12006-B_l3a-vis-ch4-mfa-v3_rgb.png,1,EMIT_L2A_RFL_001_20230205T171244_2303612_006,/mnt/engg-leung/Research_No9_Methane_Emissions/Yuyao/raw_data_dir_l89_L2SR/EMIT_simulated_landsat9/emi20230205t171244p12006-B_sim_L9.tif,/mnt/engg-leung/Research_No9_Methane_Emissions/Yuyao/Dataset/data_dir_l89_L2SR/plume_masks_l89_512/emi20230205t171244p12006-B/mask_30m_512.tif
emi20230205t171244p12006-C,31.64694098757019,-104.85682422153693,2023-02-05 17:12:44+00:00,Oil & Gas (1B2),CH4,mfa,"[-104.89065961032728, 31.619199093937585, -104.82526169426154, 31.675364639381645]",emi,production,2023-06-21 20:42:50.213949+00:00,2025-03-25 23:04:43.598170+00:00,v3,3.18.1,,,,,,1.3614012002944946,0.2971201539039612,326.4161682128906,30.98029136657715,hrrr,ISS,NASA-JPL EMIT,https://api.carbonmapper.org/api/v1/catalog/asset/l3a-vis-ch4-mfa-v3/2023/02/05/emi20230205t171244p12006-C/emi20230205t171244p12006-C_l3a-vis-ch4-mfa-v3_plume.tif,https://api.carbonmapper.org/api/v1/catalog/asset/l3a-vis-ch4-mfa-v3/2023/02/05/emi20230205t171244p12006-C/emi20230205t171244p12006-C_l3a-vis-ch4-mfa-v3_plume.png,https://api.carbonmapper.org/api/v1/catalog/asset/l3a-ime-ch4-mfa-v3/2023/02/05/emi20230205t171244p12006-C/emi20230205t171244p12006-C_l3a-ime-ch4-mfa-v3_ime-cmf-concentrations.tif,https://api.carbonmapper.org/api/v1/catalog/asset/l3a-vis-ch4-mfa-v3/2023/02/05/emi20230205t171244p12006-C/emi20230205t171244p12006-C_l3a-vis-ch4-mfa-v3_rgb.tif,https://api.carbonmapper.org/api/v1/catalog/asset/l3a-vis-ch4-mfa-v3/2023/02/05/emi20230205t171244p12006-C/emi20230205t171244p12006-C_l3a-vis-ch4-mfa-v3_rgb.png,1,EMIT_L2A_RFL_001_20230205T171244_2303612_006,/mnt/engg-leung/Research_No9_Methane_Emissions/Yuyao/raw_data_dir_l89_L2SR/EMIT_simulated_landsat9/emi20230205t171244p12006-C_sim_L9.tif,/mnt/engg-leung/Research_No9_Methane_Emissions/Yuyao/Dataset/data_dir_l89_L2SR/plume_masks_l89_512/emi20230205t171244p12006-C/mask_30m_512.tif
emi20230205t171244p12006-G,32.02078271927469,-104.29216361699628,2023-02-05 17:12:44+00:00,Oil & Gas (1B2),CH4,mfa,"[-104.32696413346773, 31.992278209476044, -104.26130717107642, 32.048438737463364]",emi,production,2024-05-16 16:19:07.205579+00:00,2025-03-25 23:34:15.680443+00:00,v3,3.18.1,,,,560.4960267526799,272.47504170243377,2.1462879180908203,0.6206753849983215,282.13641357421875,90.68209838867188,hrrr,ISS,NASA-JPL EMIT,https://api.carbonmapper.org/api/v1/catalog/asset/l3a-vis-ch4-mfa-v3/2023/02/05/emi20230205t171244p12006-G/emi20230205t171244p12006-G_l3a-vis-ch4-mfa-v3_plume.tif,https://api.carbonmapper.org/api/v1/catalog/asset/l3a-vis-ch4-mfa-v3/2023/02/05/emi20230205t171244p12006-G/emi20230205t171244p12006-G_l3a-vis-ch4-mfa-v3_plume.png,https://api.carbonmapper.org/api/v1/catalog/asset/l3a-ime-ch4-mfa-v3/2023/02/05/emi20230205t171244p12006-G/emi20230205t171244p12006-G_l3a-ime-ch4-mfa-v3_ime-cmf-concentrations.tif,https://api.carbonmapper.org/api/v1/catalog/asset/l3a-vis-ch4-mfa-v3/2023/02/05/emi20230205t171244p12006-G/emi20230205t171244p12006-G_l3a-vis-ch4-mfa-v3_rgb.tif,https://api.carbonmapper.org/api/v1/catalog/asset/l3a-vis-ch4-mfa-v3/2023/02/05/emi20230205t171244p12006-G/emi20230205t171244p12006-G_l3a-vis-ch4-mfa-v3_rgb.png,1,EMIT_L2A_RFL_001_20230205T171244_2303612_006,/mnt/engg-leung/Research_No9_Methane_Emissions/Yuyao/raw_data_dir_l89_L2SR/EMIT_simulated_landsat9/emi20230205t171244p12006-G_sim_L9.tif,/mnt/engg-leung/Research_No9_Methane_Emissions/Yuyao/Dataset/data_dir_l89_L2SR/plume_masks_l89_512/emi20230205t171244p12006-G/mask_30m_512.tif
emi20230205t171255p12007-B,32.797169036388006,-104.17036148576004,2023-02-05 17:12:55+00:00,Oil & Gas (1B2),CH4,mfa,"[-104.20338026561417, 32.769224488030936, -104.13681097172473, 32.82518216933957]",emi,production,2023-07-19 04:44:54.758674+00:00,2025-03-25 23:04:59.902604+00:00,v3,3.18.1,,,,,,2.761432886123657,1.4103140830993652,189.54188537597656,51.78757858276367,hrrr,ISS,NASA-JPL EMIT,https://api.carbonmapper.org/api/v1/catalog/asset/l3a-vis-ch4-mfa-v3/2023/02/05/emi20230205t171255p12007-B/emi20230205t171255p12007-B_l3a-vis-ch4-mfa-v3_plume.tif,https://api.carbonmapper.org/api/v1/catalog/asset/l3a-vis-ch4-mfa-v3/2023/02/05/emi20230205t171255p12007-B/emi20230205t171255p12007-B_l3a-vis-ch4-mfa-v3_plume.png,https://api.carbonmapper.org/api/v1/catalog/asset/l3a-ime-ch4-mfa-v3/2023/02/05/emi20230205t171255p12007-B/emi20230205t171255p12007-B_l3a-ime-ch4-mfa-v3_ime-cmf-concentrations.tif,https://api.carbonmapper.org/api/v1/catalog/asset/l3a-vis-ch4-mfa-v3/2023/02/05/emi20230205t171255p12007-B/emi20230205t171255p12007-B_l3a-vis-ch4-mfa-v3_rgb.tif,https://api.carbonmapper.org/api/v1/catalog/asset/l3a-vis-ch4-mfa-v3/2023/02/05/emi20230205t171255p12007-B/emi20230205t171255p12007-B_l3a-vis-ch4-mfa-v3_rgb.png,1,EMIT_L2A_RFL_001_20230205T171255_2303612_007,/mnt/engg-leung/Research_No9_Methane_Emissions/Yuyao/raw_data_dir_l89_L2SR/EMIT_simulated_landsat9/emi20230205t171255p12007-B_sim_L9.tif,/mnt/engg-leung/Research_No9_Methane_Emissions/Yuyao/Dataset/data_dir_l89_L2SR/plume_masks_l89_512/emi20230205t171255p12007-B/mask_30m_512.tif
emi20230205t171255p12007-C,32.78163242158134,-104.22677645897004,2023-02-05 17:12:55+00:00,Oil & Gas (1B2),CH4,mfa,"[-104.26116408905263, 32.753836967546974, -104.19460726232234, 32.80979384941914]",emi,production,2023-07-19 19:37:13.954641+00:00,2025-03-25 23:02:29.837167+00:00,v3,3.18.1,,,,,,2.524554252624512,1.2801538705825806,199.3558654785156,27.62468147277832,hrrr,ISS,NASA-JPL EMIT,https://api.carbonmapper.org/api/v1/catalog/asset/l3a-vis-ch4-mfa-v3/2023/02/05/emi20230205t171255p12007-C/emi20230205t171255p12007-C_l3a-vis-ch4-mfa-v3_plume.tif,https://api.carbonmapper.org/api/v1/catalog/asset/l3a-vis-ch4-mfa-v3/2023/02/05/emi20230205t171255p12007-C/emi20230205t171255p12007-C_l3a-vis-ch4-mfa-v3_plume.png,https://api.carbonmapper.org/api/v1/catalog/asset/l3a-ime-ch4-mfa-v3/2023/02/05/emi20230205t171255p12007-C/emi20230205t171255p12007-C_l3a-ime-ch4-mfa-v3_ime-cmf-concentrations.tif,https://api.carbonmapper.org/api/v1/catalog/asset/l3a-vis-ch4-mfa-v3/2023/02/05/emi20230205t171255p12007-C/emi20230205t171255p12007-C_l3a-vis-ch4-mfa-v3_rgb.tif,https://api.carbonmapper.org/api/v1/catalog/asset/l3a-vis-ch4-mfa-v3/2023/02/05/emi20230205t171255p12007-C/emi20230205t171255p12007-C_l3a-vis-ch4-mfa-v3_rgb.png,1,EMIT_L2A_RFL_001_20230205T171255_2303612_007,/mnt/engg-leung/Research_No9_Methane_Emissions/Yuyao/raw_data_dir_l89_L2SR/EMIT_simulated_landsat9/emi20230205t171255p12007-C_sim_L9.tif,/mnt/engg-leung/Research_No9_Methane_Emissions/Yuyao/Dataset/data_dir_l89_L2SR/plume_masks_l89_512/emi20230205t171255p12007-C/mask_30m_512.tif
emi20230205t171255p12007-E,32.46728513978914,-104.36060513345792,2023-02-05 17:12:55+00:00,Oil & Gas (1B2),CH4,mfa,"[-104.3942822933403, 32.4421074341069, -104.32853400839839, 32.49806829112025]",emi,production,2023-06-23 15:40:09.113835+00:00,2025-08-23 02:55:07.643931+00:00,v3,3.18.1,,,,418.8683475190333,305.3022846507586,1.464082956314087,0.9371052384376526,130.15870666503906,55.851470947265625,hrrr,ISS,NASA-JPL EMIT,https://api.carbonmapper.org/api/v1/catalog/asset/l3a-vis-ch4-mfa-v3/2023/02/05/emi20230205t171255p12007-E/emi20230205t171255p12007-E_l3a-vis-ch4-mfa-v3_plume.tif,https://api.carbonmapper.org/api/v1/catalog/asset/l3a-vis-ch4-mfa-v3/2023/02/05/emi20230205t171255p12007-E/emi20230205t171255p12007-E_l3a-vis-ch4-mfa-v3_plume.png,https://api.carbonmapper.org/api/v1/catalog/asset/l3a-ime-ch4-mfa-v3/2023/02/05/emi20230205t171255p12007-E/emi20230205t171255p12007-E_l3a-ime-ch4-mfa-v3_ime-cmf-concentrations.tif,https://api.carbonmapper.org/api/v1/catalog/asset/l3a-vis-ch4-mfa-v3/2023/02/05/emi20230205t171255p12007-E/emi20230205t171255p12007-E_l3a-vis-ch4-mfa-v3_rgb.tif,https://api.carbonmapper.org/api/v1/catalog/asset/l3a-vis-ch4-mfa-v3/2023/02/05/emi20230205t171255p12007-E/emi20230205t171255p12007-E_l3a-vis-ch4-mfa-v3_rgb.png,1,EMIT_L2A_RFL_001_20230205T171255_2303612_007,/mnt/engg-leung/Research_No9_Methane_Emissions/Yuyao/raw_data_dir_l89_L2SR/EMIT_simulated_landsat9/emi20230205t171255p12007-E_sim_L9.tif,/mnt/engg-leung/Research_No9_Methane_Emissions/Yuyao/Dataset/data_dir_l89_L2SR/plume_masks_l89_512/emi20230205t171255p12007-E/mask_30m_512.tif
emi20230205t171255p12007-F,32.57621281664804,-104.17465007260012,2023-02-05 17:12:55+00:00,Oil & Gas (1B2),CH4,mfa,"[-104.2122915650581, 32.55032923411468, -104.1453009588056, 32.60677913228508]",emi,production,2023-06-23 15:40:36.864685+00:00,2025-03-25 23:02:52.576478+00:00,v3,3.18.1,,,,552.1535945592221,347.58845290461545,1.3019827604293823,0.8094204068183899,163.3377685546875,51.7830810546875,hrrr,ISS,NASA-JPL EMIT,https://api.carbonmapper.org/api/v1/catalog/asset/l3a-vis-ch4-mfa-v3/2023/02/05/emi20230205t171255p12007-F/emi20230205t171255p12007-F_l3a-vis-ch4-mfa-v3_plume.tif,https://api.carbonmapper.org/api/v1/catalog/asset/l3a-vis-ch4-mfa-v3/2023/02/05/emi20230205t171255p12007-F/emi20230205t171255p12007-F_l3a-vis-ch4-mfa-v3_plume.png,https://api.carbonmapper.org/api/v1/catalog/asset/l3a-ime-ch4-mfa-v3/2023/02/05/emi20230205t171255p12007-F/emi20230205t171255p12007-F_l3a-ime-ch4-mfa-v3_ime-cmf-concentrations.tif,https://api.carbonmapper.org/api/v1/catalog/asset/l3a-vis-ch4-mfa-v3/2023/02/05/emi20230205t171255p12007-F/emi20230205t171255p12007-F_l3a-vis-ch4-mfa-v3_rgb.tif,https://api.carbonmapper.org/api/v1/catalog/asset/l3a-vis-ch4-mfa-v3/2023/02/05/emi20230205t171255p12007-F/emi20230205t171255p12007-F_l3a-vis-ch4-mfa-v3_rgb.png,1,EMIT_L2A_RFL_001_20230205T171255_2303612_007,/mnt/engg-leung/Research_No9_Methane_Emissions/Yuyao/raw_data_dir_l89_L2SR/EMIT_simulated_landsat9/emi20230205t171255p12007-F_sim_L9.tif,/mnt/engg-leung/Research_No9_Methane_Emissions/Yuyao/Dataset/data_dir_l89_L2SR/plume_masks_l89_512/emi20230205t171255p12007-F/mask_30m_512.tif
emi20230205t171255p12007-G,32.412420823219705,-104.0642669455988,2023-02-05 17:12:55+00:00,Oil & Gas (1B2),CH4,mfa,"[-104.12017843665498, 32.40312365192973, -104.03002613743664, 32.47920701950338]",emi,production,2023-06-23 15:40:57.196669+00:00,2025-08-23 02:54:57.234576+00:00,v3,3.18.1,,,,1716.8876930813128,546.1095980729093,1.2265368700027466,0.3094410002231598,170.5517578125,83.46525573730469,hrrr,ISS,NASA-JPL EMIT,https://api.carbonmapper.org/api/v1/catalog/asset/l3a-vis-ch4-mfa-v3/2023/02/05/emi20230205t171255p12007-G/emi20230205t171255p12007-G_l3a-vis-ch4-mfa-v3_plume.tif,https://api.carbonmapper.org/api/v1/catalog/asset/l3a-vis-ch4-mfa-v3/2023/02/05/emi20230205t171255p12007-G/emi20230205t171255p12007-G_l3a-vis-ch4-mfa-v3_plume.png,https://api.carbonmapper.org/api/v1/catalog/asset/l3a-ime-ch4-mfa-v3/2023/02/05/emi20230205t171255p12007-G/emi20230205t171255p12007-G_l3a-ime-ch4-mfa-v3_ime-cmf-concentrations.tif,https://api.carbonmapper.org/api/v1/catalog/asset/l3a-vis-ch4-mfa-v3/2023/02/05/emi20230205t171255p12007-G/emi20230205t171255p12007-G_l3a-vis-ch4-mfa-v3_rgb.tif,https://api.carbonmapper.org/api/v1/catalog/asset/l3a-vis-ch4-mfa-v3/2023/02/05/emi20230205t171255p12007-G/emi20230205t171255p12007-G_l3a-vis-ch4-mfa-v3_rgb.png,1,EMIT_L2A_RFL_001_20230205T171255_2303612_007,/mnt/engg-leung/Research_No9_Methane_Emissions/Yuyao/raw_data_dir_l89_L2SR/EMIT_simulated_landsat9/emi20230205t171255p12007-G_sim_L9.tif,/mnt/engg-leung/Research_No9_Methane_Emissions/Yuyao/Dataset/data_dir_l89_L2SR/plume_masks_l89_512/emi20230205t171255p12007-G/mask_30m_512.tif
emi20230205t171255p12007-H,32.26168415087648,-104.1253532791623,2023-02-05 17:12:55+00:00,Oil & Gas (1B2),CH4,mfa,"[-104.15829102295567, 32.23457426410377, -104.09211347815689, 32.29053471182192]",emi,production,2023-06-23 15:43:21.938419+00:00,2025-03-25 23:05:00.347419+00:00,v3,3.18.1,,,,340.31186376298007,113.94487289413406,1.0112512111663818,0.2374043762683868,114.26886749267578,65.38963317871094,hrrr,ISS,NASA-JPL EMIT,https://api.carbonmapper.org/api/v1/catalog/asset/l3a-vis-ch4-mfa-v3/2023/02/05/emi20230205t171255p12007-H/emi20230205t171255p12007-H_l3a-vis-ch4-mfa-v3_plume.tif,https://api.carbonmapper.org/api/v1/catalog/asset/l3a-vis-ch4-mfa-v3/2023/02/05/emi20230205t171255p12007-H/emi20230205t171255p12007-H_l3a-vis-ch4-mfa-v3_plume.png,https://api.carbonmapper.org/api/v1/catalog/asset/l3a-ime-ch4-mfa-v3/2023/02/05/emi20230205t171255p12007-H/emi20230205t171255p12007-H_l3a-ime-ch4-mfa-v3_ime-cmf-concentrations.tif,https://api.carbonmapper.org/api/v1/catalog/asset/l3a-vis-ch4-mfa-v3/2023/02/05/emi20230205t171255p12007-H/emi20230205t171255p12007-H_l3a-vis-ch4-mfa-v3_rgb.tif,https://api.carbonmapper.org/api/v1/catalog/asset/l3a-vis-ch4-mfa-v3/2023/02/05/emi20230205t171255p12007-H/emi20230205t171255p12007-H_l3a-vis-ch4-mfa-v3_rgb.png,1,EMIT_L2A_RFL_001_20230205T171255_2303612_007,/mnt/engg-leung/Research_No9_Methane_Emissions/Yuyao/raw_data_dir_l89_L2SR/EMIT_simulated_landsat9/emi20230205t171255p12007-H_sim_L9.tif,/mnt/engg-leung/Research_No9_Methane_Emissions/Yuyao/Dataset/data_dir_l89_L2SR/plume_masks_l89_512/emi20230205t171255p12007-H/mask_30m_512.tif
emi20230205t171255p12007-I,32.3095775412429,-104.05174858467277,2023-02-05 17:12:55+00:00,Oil & Gas (1B2),CH4,mfa,"[-104.09410286786033, 32.2848121223045, -104.02731006663767, 32.34175211043759]",emi,production,2023-06-23 15:45:37.399733+00:00,2025-03-25 22:52:07.433064+00:00,v3,3.18.1,,,,810.7175917077778,156.5274103167447,1.2007282972335815,0.1379780322313308,114.57589721679688,69.97157287597656,hrrr,ISS,NASA-JPL EMIT,https://api.carbonmapper.org/api/v1/catalog/asset/l3a-vis-ch4-mfa-v3/2023/02/05/emi20230205t171255p12007-I/emi20230205t171255p12007-I_l3a-vis-ch4-mfa-v3_plume.tif,https://api.carbonmapper.org/api/v1/catalog/asset/l3a-vis-ch4-mfa-v3/2023/02/05/emi20230205t171255p12007-I/emi20230205t171255p12007-I_l3a-vis-ch4-mfa-v3_plume.png,https://api.carbonmapper.org/api/v1/catalog/asset/l3a-ime-ch4-mfa-v3/2023/02/05/emi20230205t171255p12007-I/emi20230205t171255p12007-I_l3a-ime-ch4-mfa-v3_ime-cmf-concentrations.tif,https://api.carbonmapper.org/api/v1/catalog/asset/l3a-vis-ch4-mfa-v3/2023/02/05/emi20230205t171255p12007-I/emi20230205t171255p12007-I_l3a-vis-ch4-mfa-v3_rgb.tif,https://api.carbonmapper.org/api/v1/catalog/asset/l3a-vis-ch4-mfa-v3/2023/02/05/emi20230205t171255p12007-I/emi20230205t171255p12007-I_l3a-vis-ch4-mfa-v3_rgb.png,1,EMIT_L2A_RFL_001_20230205T171255_2303612_007,/mnt/engg-leung/Research_No9_Methane_Emissions/Yuyao/raw_data_dir_l89_L2SR/EMIT_simulated_landsat9/emi20230205t171255p12007-I_sim_L9.tif,/mnt/engg-leung/Research_No9_Methane_Emissions/Yuyao/Dataset/data_dir_l89_L2SR/plume_masks_l89_512/emi20230205t171255p12007-I/mask_30m_512.tif
emi20230205t171255p12007-K,32.32186555292475,-103.78571426130598,2023-02-05 17:12:55+00:00,Oil & Gas (1B2),CH4,mfa,"[-103.81878103843056, 32.29876213795164, -103.75256124471723, 32.354718677752146]",emi,production,2023-06-23 15:44:50.286381+00:00,2025-03-25 22:35:34.717800+00:00,v3,3.18.1,,,,497.36069455094287,324.54813299526603,1.3031494617462158,0.7468862533569336,190.4099578857422,89.03517150878906,hrrr,ISS,NASA-JPL EMIT,https://api.carbonmapper.org/api/v1/catalog/asset/l3a-vis-ch4-mfa-v3/2023/02/05/emi20230205t171255p12007-K/emi20230205t171255p12007-K_l3a-vis-ch4-mfa-v3_plume.tif,https://api.carbonmapper.org/api/v1/catalog/asset/l3a-vis-ch4-mfa-v3/2023/02/05/emi20230205t171255p12007-K/emi20230205t171255p12007-K_l3a-vis-ch4-mfa-v3_plume.png,https://api.carbonmapper.org/api/v1/catalog/asset/l3a-ime-ch4-mfa-v3/2023/02/05/emi20230205t171255p12007-K/emi20230205t171255p12007-K_l3a-ime-ch4-mfa-v3_ime-cmf-concentrations.tif,https://api.carbonmapper.org/api/v1/catalog/asset/l3a-vis-ch4-mfa-v3/2023/02/05/emi20230205t171255p12007-K/emi20230205t171255p12007-K_l3a-vis-ch4-mfa-v3_rgb.tif,https://api.carbonmapper.org/api/v1/catalog/asset/l3a-vis-ch4-mfa-v3/2023/02/05/emi20230205t171255p12007-K/emi20230205t171255p12007-K_l3a-vis-ch4-mfa-v3_rgb.png,1,EMIT_L2A_RFL_001_20230205T171255_2303612_007,/mnt/engg-leung/Research_No9_Methane_Emissions/Yuyao/raw_data_dir_l89_L2SR/EMIT_simulated_landsat9/emi20230205t171255p12007-K_sim_L9.tif,/mnt/engg-leung/Research_No9_Methane_Emissions/Yuyao/Dataset/data_dir_l89_L2SR/plume_masks_l89_512/emi20230205t171255p12007-K/mask_30m_512.tif
emi20230205t171255p12007-L,32.20324631988588,-104.01237045984564,2023-02-05 17:12:55+00:00,Oil & Gas (1B2),CH4,mfa,"[-104.0412300071092, 32.190431193538046, -103.97392336780074, 32.2468830399677]",emi,production,2023-06-23 15:45:22.687281+00:00,2025-03-25 23:30:44.357666+00:00,v3,3.18.1,,,,1046.6717153272775,438.4377345870797,1.008499264717102,0.4074273109436035,17.71034049987793,89.12606048583984,hrrr,ISS,NASA-JPL EMIT,https://api.carbonmapper.org/api/v1/catalog/asset/l3a-vis-ch4-mfa-v3/2023/02/05/emi20230205t171255p12007-L/emi20230205t171255p12007-L_l3a-vis-ch4-mfa-v3_plume.tif,https://api.carbonmapper.org/api/v1/catalog/asset/l3a-vis-ch4-mfa-v3/2023/02/05/emi20230205t171255p12007-L/emi20230205t171255p12007-L_l3a-vis-ch4-mfa-v3_plume.png,https://api.carbonmapper.org/api/v1/catalog/asset/l3a-ime-ch4-mfa-v3/2023/02/05/emi20230205t171255p12007-L/emi20230205t171255p12007-L_l3a-ime-ch4-mfa-v3_ime-cmf-concentrations.tif,https://api.carbonmapper.org/api/v1/catalog/asset/l3a-vis-ch4-mfa-v3/2023/02/05/emi20230205t171255p12007-L/emi20230205t171255p12007-L_l3a-vis-ch4-mfa-v3_rgb.tif,https://api.carbonmapper.org/api/v1/catalog/asset/l3a-vis-ch4-mfa-v3/2023/02/05/emi20230205t171255p12007-L/emi20230205t171255p12007-L_l3a-vis-ch4-mfa-v3_rgb.png,1,EMIT_L2A_RFL_001_20230205T171255_2303612_007,/mnt/engg-leung/Research_No9_Methane_Emissions/Yuyao/raw_data_dir_l89_L2SR/EMIT_simulated_landsat9/emi20230205t171255p12007-L_sim_L9.tif,/mnt/engg-leung/Research_No9_Methane_Emissions/Yuyao/Dataset/data_dir_l89_L2SR/plume_masks_l89_512/emi20230205t171255p12007-L/mask_30m_512.tif
emi20230205t171255p12007-M,32.15171867190699,-104.07134027586432,2023-02-05 17:12:55+00:00,Oil & Gas (1B2),CH4,mfa,"[-104.10383949221615, 32.11954915066687, -104.03716539923956, 32.176000669687255]",emi,production,2023-06-23 15:45:55.178416+00:00,2025-03-25 23:30:40.028443+00:00,v3,3.18.1,,,,572.5870124251327,224.9035221338985,0.720278799533844,0.2571890354156494,36.482723236083984,89.6137924194336,hrrr,ISS,NASA-JPL EMIT,https://api.carbonmapper.org/api/v1/catalog/asset/l3a-vis-ch4-mfa-v3/2023/02/05/emi20230205t171255p12007-M/emi20230205t171255p12007-M_l3a-vis-ch4-mfa-v3_plume.tif,https://api.carbonmapper.org/api/v1/catalog/asset/l3a-vis-ch4-mfa-v3/2023/02/05/emi20230205t171255p12007-M/emi20230205t171255p12007-M_l3a-vis-ch4-mfa-v3_plume.png,https://api.carbonmapper.org/api/v1/catalog/asset/l3a-ime-ch4-mfa-v3/2023/02/05/emi20230205t171255p12007-M/emi20230205t171255p12007-M_l3a-ime-ch4-mfa-v3_ime-cmf-concentrations.tif,https://api.carbonmapper.org/api/v1/catalog/asset/l3a-vis-ch4-mfa-v3/2023/02/05/emi20230205t171255p12007-M/emi20230205t171255p12007-M_l3a-vis-ch4-mfa-v3_rgb.tif,https://api.carbonmapper.org/api/v1/catalog/asset/l3a-vis-ch4-mfa-v3/2023/02/05/emi20230205t171255p12007-M/emi20230205t171255p12007-M_l3a-vis-ch4-mfa-v3_rgb.png,1,EMIT_L2A_RFL_001_20230205T171255_2303612_007,/mnt/engg-leung/Research_No9_Methane_Emissions/Yuyao/raw_data_dir_l89_L2SR/EMIT_simulated_landsat9/emi20230205t171255p12007-M_sim_L9.tif,/mnt/engg-leung/Research_No9_Methane_Emissions/Yuyao/Dataset/data_dir_l89_L2SR/plume_masks_l89_512/emi20230205t171255p12007-M/mask_30m_512.tif
emi20230205t171255p12007-N,32.150647994300726,-103.9956223542416,2023-02-05 17:12:55+00:00,Oil & Gas (1B2),CH4,mfa,"[-104.02864601984214, 32.121944477838674, -103.96197104387343, 32.17839526143799]",emi,production,2023-06-23 15:46:55.314717+00:00,2025-03-25 23:02:30.674827+00:00,v3,3.18.1,,,,630.7502392001088,268.8522855992581,0.955651879310608,0.3801761567592621,323.9493408203125,73.15526580810547,hrrr,ISS,NASA-JPL EMIT,https://api.carbonmapper.org/api/v1/catalog/asset/l3a-vis-ch4-mfa-v3/2023/02/05/emi20230205t171255p12007-N/emi20230205t171255p12007-N_l3a-vis-ch4-mfa-v3_plume.tif,https://api.carbonmapper.org/api/v1/catalog/asset/l3a-vis-ch4-mfa-v3/2023/02/05/emi20230205t171255p12007-N/emi20230205t171255p12007-N_l3a-vis-ch4-mfa-v3_plume.png,https://api.carbonmapper.org/api/v1/catalog/asset/l3a-ime-ch4-mfa-v3/2023/02/05/emi20230205t171255p12007-N/emi20230205t171255p12007-N_l3a-ime-ch4-mfa-v3_ime-cmf-concentrations.tif,https://api.carbonmapper.org/api/v1/catalog/asset/l3a-vis-ch4-mfa-v3/2023/02/05/emi20230205t171255p12007-N/emi20230205t171255p12007-N_l3a-vis-ch4-mfa-v3_rgb.tif,https://api.carbonmapper.org/api/v1/catalog/asset/l3a-vis-ch4-mfa-v3/2023/02/05/emi20230205t171255p12007-N/emi20230205t171255p12007-N_l3a-vis-ch4-mfa-v3_rgb.png,1,EMIT_L2A_RFL_001_20230205T171255_2303612_007,/mnt/engg-leung/Research_No9_Methane_Emissions/Yuyao/raw_data_dir_l89_L2SR/EMIT_simulated_landsat9/emi20230205t171255p12007-N_sim_L9.tif,/mnt/engg-leung/Research_No9_Methane_Emissions/Yuyao/Dataset/data_dir_l89_L2SR/plume_masks_l89_512/emi20230205t171255p12007-N/mask_30m_512.tif
emi20230217t203321p13026-A,31.42896698047789,-104.71972094870472,2023-02-17 20:33:21+00:00,Other,CH4,mfa,"[-104.75536800996943, 31.40003773564053, -104.68841900712536, 31.45767007986186]",emi,production,2024-10-25 23:37:34.391760+00:00,2025-03-25 22:39:54.955172+00:00,v3,3.18.1,,,,1323.191986703804,567.8907883177919,4.209636211395264,0.6569394469261169,130.47903442382812,5.893956661224365,hrrr,ISS,NASA-JPL EMIT,https://api.carbonmapper.org/api/v1/catalog/asset/l3a-vis-ch4-mfa-v3/2023/02/17/emi20230217t203321p13026-A/emi20230217t203321p13026-A_l3a-vis-ch4-mfa-v3_plume.tif,https://api.carbonmapper.org/api/v1/catalog/asset/l3a-vis-ch4-mfa-v3/2023/02/17/emi20230217t203321p13026-A/emi20230217t203321p13026-A_l3a-vis-ch4-mfa-v3_plume.png,https://api.carbonmapper.org/api/v1/catalog/asset/l3a-ime-ch4-mfa-v3/2023/02/17/emi20230217t203321p13026-A/emi20230217t203321p13026-A_l3a-ime-ch4-mfa-v3_ime-cmf-concentrations.tif,https://api.carbonmapper.org/api/v1/catalog/asset/l3a-vis-ch4-mfa-v3/2023/02/17/emi20230217t203321p13026-A/emi20230217t203321p13026-A_l3a-vis-ch4-mfa-v3_rgb.tif,https://api.carbonmapper.org/api/v1/catalog/asset/l3a-vis-ch4-mfa-v3/2023/02/17/emi20230217t203321p13026-A/emi20230217t203321p13026-A_l3a-vis-ch4-mfa-v3_rgb.png,1,EMIT_L2A_RFL_001_20230217T203321_2304813_026,/mnt/engg-leung/Research_No9_Methane_Emissions/Yuyao/raw_data_dir_l89_L2SR/EMIT_simulated_landsat9/emi20230217t203321p13026-A_sim_L9.tif,/mnt/engg-leung/Research_No9_Methane_Emissions/Yuyao/Dataset/data_dir_l89_L2SR/plume_masks_l89_512/emi20230217t203321p13026-A/mask_30m_512.tif
emi20230225t172314p11019-A,31.428996212486425,-104.72008923653992,2023-02-25 17:23:14+00:00,Other,CH4,mfa,"[-104.75127276080121, 31.403721275374053, -104.6842736827057, 31.46088869701651]",emi,production,2023-08-22 20:00:19.807500+00:00,2025-03-25 23:29:12.816450+00:00,v3,3.18.1,,,,629.8983246191962,244.7359987917289,3.175290822982788,0.803225040435791,175.402099609375,17.311580657958984,hrrr,ISS,NASA-JPL EMIT,https://api.carbonmapper.org/api/v1/catalog/asset/l3a-vis-ch4-mfa-v3/2023/02/25/emi20230225t172314p11019-A/emi20230225t172314p11019-A_l3a-vis-ch4-mfa-v3_plume.tif,https://api.carbonmapper.org/api/v1/catalog/asset/l3a-vis-ch4-mfa-v3/2023/02/25/emi20230225t172314p11019-A/emi20230225t172314p11019-A_l3a-vis-ch4-mfa-v3_plume.png,https://api.carbonmapper.org/api/v1/catalog/asset/l3a-ime-ch4-mfa-v3/2023/02/25/emi20230225t172314p11019-A/emi20230225t172314p11019-A_l3a-ime-ch4-mfa-v3_ime-cmf-concentrations.tif,https://api.carbonmapper.org/api/v1/catalog/asset/l3a-vis-ch4-mfa-v3/2023/02/25/emi20230225t172314p11019-A/emi20230225t172314p11019-A_l3a-vis-ch4-mfa-v3_rgb.tif,https://api.carbonmapper.org/api/v1/catalog/asset/l3a-vis-ch4-mfa-v3/2023/02/25/emi20230225t172314p11019-A/emi20230225t172314p11019-A_l3a-vis-ch4-mfa-v3_rgb.png,1,EMIT_L2A_RFL_001_20230225T172314_2305611_019,/mnt/engg-leung/Research_No9_Methane_Emissions/Yuyao/raw_data_dir_l89_L2SR/EMIT_simulated_landsat9/emi20230225t172314p11019-A_sim_L9.tif,/mnt/engg-leung/Research_No9_Methane_Emissions/Yuyao/Dataset/data_dir_l89_L2SR/plume_masks_l89_512/emi20230225t172314p11019-A/mask_30m_512.tif
emi20230404t181642p12016-D,32.6711135574742,-104.09066177706576,2023-04-04 18:16:42+00:00,Oil & Gas (1B2),CH4,mfa,"[-104.1248080888456, 32.643071771540924, -104.0575513865665, 32.70017930073603]",emi,production,2023-06-15 01:33:56.951090+00:00,2025-03-25 22:57:08.544071+00:00,v3,3.18.1,,,,,,14.245806694030762,0.6941673755645752,237.2582397460937,2.177978754043579,hrrr,ISS,NASA-JPL EMIT,https://api.carbonmapper.org/api/v1/catalog/asset/l3a-vis-ch4-mfa-v3/2023/04/04/emi20230404t181642p12016-D/emi20230404t181642p12016-D_l3a-vis-ch4-mfa-v3_plume.tif,https://api.carbonmapper.org/api/v1/catalog/asset/l3a-vis-ch4-mfa-v3/2023/04/04/emi20230404t181642p12016-D/emi20230404t181642p12016-D_l3a-vis-ch4-mfa-v3_plume.png,https://api.carbonmapper.org/api/v1/catalog/asset/l3a-ime-ch4-mfa-v3/2023/04/04/emi20230404t181642p12016-D/emi20230404t181642p12016-D_l3a-ime-ch4-mfa-v3_ime-cmf-concentrations.tif,https://api.carbonmapper.org/api/v1/catalog/asset/l3a-vis-ch4-mfa-v3/2023/04/04/emi20230404t181642p12016-D/emi20230404t181642p12016-D_l3a-vis-ch4-mfa-v3_rgb.tif,https://api.carbonmapper.org/api/v1/catalog/asset/l3a-vis-ch4-mfa-v3/2023/04/04/emi20230404t181642p12016-D/emi20230404t181642p12016-D_l3a-vis-ch4-mfa-v3_rgb.png,1,EMIT_L2A_RFL_001_20230404T181642_2309412_016,/mnt/engg-leung/Research_No9_Methane_Emissions/Yuyao/raw_data_dir_l89_L2SR/EMIT_simulated_landsat9/emi20230404t181642p12016-D_sim_L9.tif,/mnt/engg-leung/Research_No9_Methane_Emissions/Yuyao/Dataset/data_dir_l89_L2SR/plume_masks_l89_512/emi20230404t181642p12016-D/mask_30m_512.tif
emi20230420t200240p13025-A,31.42966578250436,-104.7198075501652,2023-04-20 20:02:40+00:00,Other,CH4,mfa,"[-104.7549193218546, 31.399139872278912, -104.6872436062269, 31.456887282639975]",emi,production,2023-08-22 20:19:42.849067+00:00,2025-03-25 22:43:20.119850+00:00,v3,3.18.1,,,,615.0655440408472,208.15093770535208,2.5905559062957764,0.5965079069137573,331.3388671875,8.18062686920166,hrrr,ISS,NASA-JPL EMIT,https://api.carbonmapper.org/api/v1/catalog/asset/l3a-vis-ch4-mfa-v3/2023/04/20/emi20230420t200240p13025-A/emi20230420t200240p13025-A_l3a-vis-ch4-mfa-v3_plume.tif,https://api.carbonmapper.org/api/v1/catalog/asset/l3a-vis-ch4-mfa-v3/2023/04/20/emi20230420t200240p13025-A/emi20230420t200240p13025-A_l3a-vis-ch4-mfa-v3_plume.png,https://api.carbonmapper.org/api/v1/catalog/asset/l3a-ime-ch4-mfa-v3/2023/04/20/emi20230420t200240p13025-A/emi20230420t200240p13025-A_l3a-ime-ch4-mfa-v3_ime-cmf-concentrations.tif,https://api.carbonmapper.org/api/v1/catalog/asset/l3a-vis-ch4-mfa-v3/2023/04/20/emi20230420t200240p13025-A/emi20230420t200240p13025-A_l3a-vis-ch4-mfa-v3_rgb.tif,https://api.carbonmapper.org/api/v1/catalog/asset/l3a-vis-ch4-mfa-v3/2023/04/20/emi20230420t200240p13025-A/emi20230420t200240p13025-A_l3a-vis-ch4-mfa-v3_rgb.png,1,EMIT_L2A_RFL_001_20230420T200240_2311013_025,/mnt/engg-leung/Research_No9_Methane_Emissions/Yuyao/raw_data_dir_l89_L2SR/EMIT_simulated_landsat9/emi20230420t200240p13025-A_sim_L9.tif,/mnt/engg-leung/Research_No9_Methane_Emissions/Yuyao/Dataset/data_dir_l89_L2SR/plume_masks_l89_512/emi20230420t200240p13025-A/mask_30m_512.tif
emi20230421t191423p13022-A,33.810683464626635,-101.92801601246288,2023-04-21 19:14:23+00:00,Solid Waste (6A),CH4,mfa,"[-101.96158274394092, 33.78297155559601, -101.8918337104621, 33.84141897145389]",emi,production,2023-06-19 17:32:02.101414+00:00,2025-03-25 23:04:46.041708+00:00,v3,3.18.1,,,,1192.790984611717,312.9234224045131,3.4375569820404053,0.4694169759750366,254.76910400390625,5.426657199859619,hrrr,ISS,NASA-JPL EMIT,https://api.carbonmapper.org/api/v1/catalog/asset/l3a-vis-ch4-mfa-v3/2023/04/21/emi20230421t191423p13022-A/emi20230421t191423p13022-A_l3a-vis-ch4-mfa-v3_plume.tif,https://api.carbonmapper.org/api/v1/catalog/asset/l3a-vis-ch4-mfa-v3/2023/04/21/emi20230421t191423p13022-A/emi20230421t191423p13022-A_l3a-vis-ch4-mfa-v3_plume.png,https://api.carbonmapper.org/api/v1/catalog/asset/l3a-ime-ch4-mfa-v3/2023/04/21/emi20230421t191423p13022-A/emi20230421t191423p13022-A_l3a-ime-ch4-mfa-v3_ime-cmf-concentrations.tif,https://api.carbonmapper.org/api/v1/catalog/asset/l3a-vis-ch4-mfa-v3/2023/04/21/emi20230421t191423p13022-A/emi20230421t191423p13022-A_l3a-vis-ch4-mfa-v3_rgb.tif,https://api.carbonmapper.org/api/v1/catalog/asset/l3a-vis-ch4-mfa-v3/2023/04/21/emi20230421t191423p13022-A/emi20230421t191423p13022-A_l3a-vis-ch4-mfa-v3_rgb.png,1,EMIT_L2A_RFL_001_20230421T191423_2311113_022,/mnt/engg-leung/Research_No9_Methane_Emissions/Yuyao/raw_data_dir_l89_L2SR/EMIT_simulated_landsat9/emi20230421t191423p13022-A_sim_L9.tif,/mnt/engg-leung/Research_No9_Methane_Emissions/Yuyao/Dataset/data_dir_l89_L2SR/plume_masks_l89_512/emi20230421t191423p13022-A/mask_30m_512.tif
emi20230421t191423p13022-B,33.67338755175069,-101.8526235823866,2023-04-21 19:14:23+00:00,Solid Waste (6A),CH4,mfa,"[-101.88621913742143, 33.648104318529825, -101.81657401938732, 33.70606130838827]",emi,production,2023-06-19 17:33:00.565679+00:00,2025-03-25 23:04:46.156838+00:00,v3,3.18.1,,,,788.7983607958955,345.4448483651797,3.224029541015625,0.6517314910888672,263.846435546875,9.229622840881348,hrrr,ISS,NASA-JPL EMIT,https://api.carbonmapper.org/api/v1/catalog/asset/l3a-vis-ch4-mfa-v3/2023/04/21/emi20230421t191423p13022-B/emi20230421t191423p13022-B_l3a-vis-ch4-mfa-v3_plume.tif,https://api.carbonmapper.org/api/v1/catalog/asset/l3a-vis-ch4-mfa-v3/2023/04/21/emi20230421t191423p13022-B/emi20230421t191423p13022-B_l3a-vis-ch4-mfa-v3_plume.png,https://api.carbonmapper.org/api/v1/catalog/asset/l3a-ime-ch4-mfa-v3/2023/04/21/emi20230421t191423p13022-B/emi20230421t191423p13022-B_l3a-ime-ch4-mfa-v3_ime-cmf-concentrations.tif,https://api.carbonmapper.org/api/v1/catalog/asset/l3a-vis-ch4-mfa-v3/2023/04/21/emi20230421t191423p13022-B/emi20230421t191423p13022-B_l3a-vis-ch4-mfa-v3_rgb.tif,https://api.carbonmapper.org/api/v1/catalog/asset/l3a-vis-ch4-mfa-v3/2023/04/21/emi20230421t191423p13022-B/emi20230421t191423p13022-B_l3a-vis-ch4-mfa-v3_rgb.png,1,EMIT_L2A_RFL_001_20230421T191423_2311113_022,/mnt/engg-leung/Research_No9_Methane_Emissions/Yuyao/raw_data_dir_l89_L2SR/EMIT_simulated_landsat9/emi20230421t191423p13022-B_sim_L9.tif,/mnt/engg-leung/Research_No9_Methane_Emissions/Yuyao/Dataset/data_dir_l89_L2SR/plume_masks_l89_512/emi20230421t191423p13022-B/mask_30m_512.tif
emi20230424t182533p12027-A,31.428255509713352,-104.71965218418777,2023-04-24 18:25:33+00:00,Other,CH4,mfa,"[-104.75365725159334, 31.40181503739711, -104.68654508180677, 31.45908008983837]",emi,production,2023-08-22 19:58:24.864533+00:00,2025-03-25 22:43:20.003680+00:00,v3,3.18.1,,,,2306.156392899057,586.8768723672239,4.5917582511901855,0.2161698788404464,160.0499267578125,1.5033268928527832,hrrr,ISS,NASA-JPL EMIT,https://api.carbonmapper.org/api/v1/catalog/asset/l3a-vis-ch4-mfa-v3/2023/04/24/emi20230424t182533p12027-A/emi20230424t182533p12027-A_l3a-vis-ch4-mfa-v3_plume.tif,https://api.carbonmapper.org/api/v1/catalog/asset/l3a-vis-ch4-mfa-v3/2023/04/24/emi20230424t182533p12027-A/emi20230424t182533p12027-A_l3a-vis-ch4-mfa-v3_plume.png,https://api.carbonmapper.org/api/v1/catalog/asset/l3a-ime-ch4-mfa-v3/2023/04/24/emi20230424t182533p12027-A/emi20230424t182533p12027-A_l3a-ime-ch4-mfa-v3_ime-cmf-concentrations.tif,https://api.carbonmapper.org/api/v1/catalog/asset/l3a-vis-ch4-mfa-v3/2023/04/24/emi20230424t182533p12027-A/emi20230424t182533p12027-A_l3a-vis-ch4-mfa-v3_rgb.tif,https://api.carbonmapper.org/api/v1/catalog/asset/l3a-vis-ch4-mfa-v3/2023/04/24/emi20230424t182533p12027-A/emi20230424t182533p12027-A_l3a-vis-ch4-mfa-v3_rgb.png,1,EMIT_L2A_RFL_001_20230424T182522_2311412_026,/mnt/engg-leung/Research_No9_Methane_Emissions/Yuyao/raw_data_dir_l89_L2SR/EMIT_simulated_landsat9/emi20230424t182533p12027-A_sim_L9.tif,/mnt/engg-leung/Research_No9_Methane_Emissions/Yuyao/Dataset/data_dir_l89_L2SR/plume_masks_l89_512/emi20230424t182533p12027-A/mask_30m_512.tif
emi20230424t182545p12028-B,31.039165257653977,-103.72186175991246,2023-04-24 18:25:45+00:00,Oil & Gas (1B2),CH4,mfa,"[-103.75726997811623, 31.010882026991315, -103.68964760241265, 31.069325140088146]",emi,production,2023-06-14 18:09:53.129780+00:00,2025-08-23 02:55:00.672231+00:00,v3,3.18.1,,,,826.7171905775459,225.65644786915163,2.690450429916382,0.0696632862091064,48.44612121582031,11.041948318481444,hrrr,ISS,NASA-JPL EMIT,https://api.carbonmapper.org/api/v1/catalog/asset/l3a-vis-ch4-mfa-v3/2023/04/24/emi20230424t182545p12028-B/emi20230424t182545p12028-B_l3a-vis-ch4-mfa-v3_plume.tif,https://api.carbonmapper.org/api/v1/catalog/asset/l3a-vis-ch4-mfa-v3/2023/04/24/emi20230424t182545p12028-B/emi20230424t182545p12028-B_l3a-vis-ch4-mfa-v3_plume.png,https://api.carbonmapper.org/api/v1/catalog/asset/l3a-ime-ch4-mfa-v3/2023/04/24/emi20230424t182545p12028-B/emi20230424t182545p12028-B_l3a-ime-ch4-mfa-v3_ime-cmf-concentrations.tif,https://api.carbonmapper.org/api/v1/catalog/asset/l3a-vis-ch4-mfa-v3/2023/04/24/emi20230424t182545p12028-B/emi20230424t182545p12028-B_l3a-vis-ch4-mfa-v3_rgb.tif,https://api.carbonmapper.org/api/v1/catalog/asset/l3a-vis-ch4-mfa-v3/2023/04/24/emi20230424t182545p12028-B/emi20230424t182545p12028-B_l3a-vis-ch4-mfa-v3_rgb.png,1,EMIT_L2A_RFL_001_20230424T182545_2311412_028,/mnt/engg-leung/Research_No9_Methane_Emissions/Yuyao/raw_data_dir_l89_L2SR/EMIT_simulated_landsat9/emi20230424t182545p12028-B_sim_L9.tif,/mnt/engg-leung/Research_No9_Methane_Emissions/Yuyao/Dataset/data_dir_l89_L2SR/plume_masks_l89_512/emi20230424t182545p12028-B/mask_30m_512.tif
emi20230424t182545p12028-F,31.12579414881371,-103.57512715964111,2023-04-24 18:25:45+00:00,Oil & Gas (1B2),CH4,mfa,"[-103.62003618801208, 31.092819087693034, -103.55235663755185, 31.15126121416669]",emi,production,2023-06-12 20:56:03.268495+00:00,2025-03-25 23:13:21.660067+00:00,v3,3.18.1,,,,1302.3055078856062,369.9205400794861,2.27536416053772,0.0862333923578262,72.0006103515625,8.061446189880371,hrrr,ISS,NASA-JPL EMIT,https://api.carbonmapper.org/api/v1/catalog/asset/l3a-vis-ch4-mfa-v3/2023/04/24/emi20230424t182545p12028-F/emi20230424t182545p12028-F_l3a-vis-ch4-mfa-v3_plume.tif,https://api.carbonmapper.org/api/v1/catalog/asset/l3a-vis-ch4-mfa-v3/2023/04/24/emi20230424t182545p12028-F/emi20230424t182545p12028-F_l3a-vis-ch4-mfa-v3_plume.png,https://api.carbonmapper.org/api/v1/catalog/asset/l3a-ime-ch4-mfa-v3/2023/04/24/emi20230424t182545p12028-F/emi20230424t182545p12028-F_l3a-ime-ch4-mfa-v3_ime-cmf-concentrations.tif,https://api.carbonmapper.org/api/v1/catalog/asset/l3a-vis-ch4-mfa-v3/2023/04/24/emi20230424t182545p12028-F/emi20230424t182545p12028-F_l3a-vis-ch4-mfa-v3_rgb.tif,https://api.carbonmapper.org/api/v1/catalog/asset/l3a-vis-ch4-mfa-v3/2023/04/24/emi20230424t182545p12028-F/emi20230424t182545p12028-F_l3a-vis-ch4-mfa-v3_rgb.png,1,EMIT_L2A_RFL_001_20230424T182545_2311412_028,/mnt/engg-leung/Research_No9_Methane_Emissions/Yuyao/raw_data_dir_l89_L2SR/EMIT_simulated_landsat9/emi20230424t182545p12028-F_sim_L9.tif,/mnt/engg-leung/Research_No9_Methane_Emissions/Yuyao/Dataset/data_dir_l89_L2SR/plume_masks_l89_512/emi20230424t182545p12028-F/mask_30m_512.tif
emi20230424t182545p12028-G,31.007231593602768,-103.57297012311945,2023-04-24 18:25:45+00:00,Oil & Gas (1B2),CH4,mfa,"[-103.60816559138478, 30.981063898791128, -103.53997734819777, 31.039002660721803]",emi,production,2023-06-14 18:13:33.698127+00:00,2025-03-25 23:03:12.281124+00:00,v3,3.18.1,,,,500.8294969873277,150.981918390691,2.9186248779296875,0.1725667715072631,52.80021286010742,12.730664253234863,hrrr,ISS,NASA-JPL EMIT,https://api.carbonmapper.org/api/v1/catalog/asset/l3a-vis-ch4-mfa-v3/2023/04/24/emi20230424t182545p12028-G/emi20230424t182545p12028-G_l3a-vis-ch4-mfa-v3_plume.tif,https://api.carbonmapper.org/api/v1/catalog/asset/l3a-vis-ch4-mfa-v3/2023/04/24/emi20230424t182545p12028-G/emi20230424t182545p12028-G_l3a-vis-ch4-mfa-v3_plume.png,https://api.carbonmapper.org/api/v1/catalog/asset/l3a-ime-ch4-mfa-v3/2023/04/24/emi20230424t182545p12028-G/emi20230424t182545p12028-G_l3a-ime-ch4-mfa-v3_ime-cmf-concentrations.tif,https://api.carbonmapper.org/api/v1/catalog/asset/l3a-vis-ch4-mfa-v3/2023/04/24/emi20230424t182545p12028-G/emi20230424t182545p12028-G_l3a-vis-ch4-mfa-v3_rgb.tif,https://api.carbonmapper.org/api/v1/catalog/asset/l3a-vis-ch4-mfa-v3/2023/04/24/emi20230424t182545p12028-G/emi20230424t182545p12028-G_l3a-vis-ch4-mfa-v3_rgb.png,1,EMIT_L2A_RFL_001_20230424T182545_2311412_028,/mnt/engg-leung/Research_No9_Methane_Emissions/Yuyao/raw_data_dir_l89_L2SR/EMIT_simulated_landsat9/emi20230424t182545p12028-G_sim_L9.tif,/mnt/engg-leung/Research_No9_Methane_Emissions/Yuyao/Dataset/data_dir_l89_L2SR/plume_masks_l89_512/emi20230424t182545p12028-G/mask_30m_512.tif
emi20230604t180153p12014-A,31.42906558431097,-104.7213629921436,2023-06-04 18:01:53+00:00,Other,CH4,mfa,"[-104.75928744903267, 31.398470076499272, -104.69164537578531, 31.45569177417277]",emi,production,2023-08-21 16:07:14.530351+00:00,2025-03-25 22:41:46.293540+00:00,v3,3.18.1,,,,1608.7086602533436,264.9028456410824,2.9551432132720947,0.1595833897590637,96.1056671142578,4.995384693145752,hrrr,ISS,NASA-JPL EMIT,https://api.carbonmapper.org/api/v1/catalog/asset/l3a-vis-ch4-mfa-v3/2023/06/04/emi20230604t180153p12014-A/emi20230604t180153p12014-A_l3a-vis-ch4-mfa-v3_plume.tif,https://api.carbonmapper.org/api/v1/catalog/asset/l3a-vis-ch4-mfa-v3/2023/06/04/emi20230604t180153p12014-A/emi20230604t180153p12014-A_l3a-vis-ch4-mfa-v3_plume.png,https://api.carbonmapper.org/api/v1/catalog/asset/l3a-ime-ch4-mfa-v3/2023/06/04/emi20230604t180153p12014-A/emi20230604t180153p12014-A_l3a-ime-ch4-mfa-v3_ime-cmf-concentrations.tif,https://api.carbonmapper.org/api/v1/catalog/asset/l3a-vis-ch4-mfa-v3/2023/06/04/emi20230604t180153p12014-A/emi20230604t180153p12014-A_l3a-vis-ch4-mfa-v3_rgb.tif,https://api.carbonmapper.org/api/v1/catalog/asset/l3a-vis-ch4-mfa-v3/2023/06/04/emi20230604t180153p12014-A/emi20230604t180153p12014-A_l3a-vis-ch4-mfa-v3_rgb.png,1,EMIT_L2A_RFL_001_20230604T180153_2315512_014,/mnt/engg-leung/Research_No9_Methane_Emissions/Yuyao/raw_data_dir_l89_L2SR/EMIT_simulated_landsat9/emi20230604t180153p12014-A_sim_L9.tif,/mnt/engg-leung/Research_No9_Methane_Emissions/Yuyao/Dataset/data_dir_l89_L2SR/plume_masks_l89_512/emi20230604t180153p12014-A/mask_30m_512.tif
emi20230604t180205p12015-A,31.80798187350097,-104.17227885152904,2023-06-04 18:02:05+00:00,Oil & Gas (1B2),CH4,mfa,"[-104.21595836758652, 31.771396496348313, -104.1488514045285, 31.82843026319662]",emi,production,2023-06-29 15:39:42.512331+00:00,2025-03-25 22:43:22.231976+00:00,v3,3.18.1,,,,7247.353630656266,912.242537003174,2.7676544189453125,0.1323874741792678,69.86740112304688,10.281429290771484,hrrr,ISS,NASA-JPL EMIT,https://api.carbonmapper.org/api/v1/catalog/asset/l3a-vis-ch4-mfa-v3/2023/06/04/emi20230604t180205p12015-A/emi20230604t180205p12015-A_l3a-vis-ch4-mfa-v3_plume.tif,https://api.carbonmapper.org/api/v1/catalog/asset/l3a-vis-ch4-mfa-v3/2023/06/04/emi20230604t180205p12015-A/emi20230604t180205p12015-A_l3a-vis-ch4-mfa-v3_plume.png,https://api.carbonmapper.org/api/v1/catalog/asset/l3a-ime-ch4-mfa-v3/2023/06/04/emi20230604t180205p12015-A/emi20230604t180205p12015-A_l3a-ime-ch4-mfa-v3_ime-cmf-concentrations.tif,https://api.carbonmapper.org/api/v1/catalog/asset/l3a-vis-ch4-mfa-v3/2023/06/04/emi20230604t180205p12015-A/emi20230604t180205p12015-A_l3a-vis-ch4-mfa-v3_rgb.tif,https://api.carbonmapper.org/api/v1/catalog/asset/l3a-vis-ch4-mfa-v3/2023/06/04/emi20230604t180205p12015-A/emi20230604t180205p12015-A_l3a-vis-ch4-mfa-v3_rgb.png,1,EMIT_L2A_RFL_001_20230604T180205_2315512_015,/mnt/engg-leung/Research_No9_Methane_Emissions/Yuyao/raw_data_dir_l89_L2SR/EMIT_simulated_landsat9/emi20230604t180205p12015-A_sim_L9.tif,/mnt/engg-leung/Research_No9_Methane_Emissions/Yuyao/Dataset/data_dir_l89_L2SR/plume_masks_l89_512/emi20230604t180205p12015-A/mask_30m_512.tif
emi20230604t180205p12015-B,31.819818143768785,-104.2950692471942,2023-06-04 18:02:05+00:00,Oil & Gas (1B2),CH4,mfa,"[-104.3374577747583, 31.789984798024943, -104.26975275579426, 31.84701931830519]",emi,production,2023-06-29 15:39:51.255556+00:00,2025-03-25 22:43:23.658180+00:00,v3,3.18.1,,,,2077.785653799244,203.19195097055368,3.089036226272583,0.0956871137022972,63.95208358764648,9.458261489868164,hrrr,ISS,NASA-JPL EMIT,https://api.carbonmapper.org/api/v1/catalog/asset/l3a-vis-ch4-mfa-v3/2023/06/04/emi20230604t180205p12015-B/emi20230604t180205p12015-B_l3a-vis-ch4-mfa-v3_plume.tif,https://api.carbonmapper.org/api/v1/catalog/asset/l3a-vis-ch4-mfa-v3/2023/06/04/emi20230604t180205p12015-B/emi20230604t180205p12015-B_l3a-vis-ch4-mfa-v3_plume.png,https://api.carbonmapper.org/api/v1/catalog/asset/l3a-ime-ch4-mfa-v3/2023/06/04/emi20230604t180205p12015-B/emi20230604t180205p12015-B_l3a-ime-ch4-mfa-v3_ime-cmf-concentrations.tif,https://api.carbonmapper.org/api/v1/catalog/asset/l3a-vis-ch4-mfa-v3/2023/06/04/emi20230604t180205p12015-B/emi20230604t180205p12015-B_l3a-vis-ch4-mfa-v3_rgb.tif,https://api.carbonmapper.org/api/v1/catalog/asset/l3a-vis-ch4-mfa-v3/2023/06/04/emi20230604t180205p12015-B/emi20230604t180205p12015-B_l3a-vis-ch4-mfa-v3_rgb.png,1,EMIT_L2A_RFL_001_20230604T180205_2315512_015,/mnt/engg-leung/Research_No9_Methane_Emissions/Yuyao/raw_data_dir_l89_L2SR/EMIT_simulated_landsat9/emi20230604t180205p12015-B_sim_L9.tif,/mnt/engg-leung/Research_No9_Methane_Emissions/Yuyao/Dataset/data_dir_l89_L2SR/plume_masks_l89_512/emi20230604t180205p12015-B/mask_30m_512.tif
emi20230604t180205p12015-C,31.68855388666816,-104.00482522821424,2023-06-04 18:02:05+00:00,Oil & Gas (1B2),CH4,mfa,"[-104.0401845494954, 31.66081534601128, -103.97374177512103, 31.717352243428763]",emi,production,2023-06-29 15:40:08.847246+00:00,2025-03-25 22:57:47.561905+00:00,v3,3.18.1,,,,884.8097962074326,137.09413776591197,2.462276220321656,0.0104357739910483,73.58358764648438,5.000140190124512,hrrr,ISS,NASA-JPL EMIT,https://api.carbonmapper.org/api/v1/catalog/asset/l3a-vis-ch4-mfa-v3/2023/06/04/emi20230604t180205p12015-C/emi20230604t180205p12015-C_l3a-vis-ch4-mfa-v3_plume.tif,https://api.carbonmapper.org/api/v1/catalog/asset/l3a-vis-ch4-mfa-v3/2023/06/04/emi20230604t180205p12015-C/emi20230604t180205p12015-C_l3a-vis-ch4-mfa-v3_plume.png,https://api.carbonmapper.org/api/v1/catalog/asset/l3a-ime-ch4-mfa-v3/2023/06/04/emi20230604t180205p12015-C/emi20230604t180205p12015-C_l3a-ime-ch4-mfa-v3_ime-cmf-concentrations.tif,https://api.carbonmapper.org/api/v1/catalog/asset/l3a-vis-ch4-mfa-v3/2023/06/04/emi20230604t180205p12015-C/emi20230604t180205p12015-C_l3a-vis-ch4-mfa-v3_rgb.tif,https://api.carbonmapper.org/api/v1/catalog/asset/l3a-vis-ch4-mfa-v3/2023/06/04/emi20230604t180205p12015-C/emi20230604t180205p12015-C_l3a-vis-ch4-mfa-v3_rgb.png,1,EMIT_L2A_RFL_001_20230604T180205_2315512_015,/mnt/engg-leung/Research_No9_Methane_Emissions/Yuyao/raw_data_dir_l89_L2SR/EMIT_simulated_landsat9/emi20230604t180205p12015-C_sim_L9.tif,/mnt/engg-leung/Research_No9_Methane_Emissions/Yuyao/Dataset/data_dir_l89_L2SR/plume_masks_l89_512/emi20230604t180205p12015-C/mask_30m_512.tif
emi20230604t180217p12016-A,32.31369374100069,-103.21372661720989,2023-06-04 18:02:17+00:00,Oil & Gas (1B2),CH4,mfa,"[-103.2542028581902, 32.28245093568616, -103.18637634837933, 32.33928104217509]",emi,production,2023-07-06 23:05:55.270957+00:00,2025-03-25 23:21:30.435950+00:00,v3,3.18.1,,,,1729.2329006245182,769.9343481680347,2.930294275283813,1.2116472721099854,68.37488555908203,9.946127891540527,hrrr,ISS,NASA-JPL EMIT,https://api.carbonmapper.org/api/v1/catalog/asset/l3a-vis-ch4-mfa-v3/2023/06/04/emi20230604t180217p12016-A/emi20230604t180217p12016-A_l3a-vis-ch4-mfa-v3_plume.tif,https://api.carbonmapper.org/api/v1/catalog/asset/l3a-vis-ch4-mfa-v3/2023/06/04/emi20230604t180217p12016-A/emi20230604t180217p12016-A_l3a-vis-ch4-mfa-v3_plume.png,https://api.carbonmapper.org/api/v1/catalog/asset/l3a-ime-ch4-mfa-v3/2023/06/04/emi20230604t180217p12016-A/emi20230604t180217p12016-A_l3a-ime-ch4-mfa-v3_ime-cmf-concentrations.tif,https://api.carbonmapper.org/api/v1/catalog/asset/l3a-vis-ch4-mfa-v3/2023/06/04/emi20230604t180217p12016-A/emi20230604t180217p12016-A_l3a-vis-ch4-mfa-v3_rgb.tif,https://api.carbonmapper.org/api/v1/catalog/asset/l3a-vis-ch4-mfa-v3/2023/06/04/emi20230604t180217p12016-A/emi20230604t180217p12016-A_l3a-vis-ch4-mfa-v3_rgb.png,1,EMIT_L2A_RFL_001_20230604T180217_2315512_016,/mnt/engg-leung/Research_No9_Methane_Emissions/Yuyao/raw_data_dir_l89_L2SR/EMIT_simulated_landsat9/emi20230604t180217p12016-A_sim_L9.tif,/mnt/engg-leung/Research_No9_Methane_Emissions/Yuyao/Dataset/data_dir_l89_L2SR/plume_masks_l89_512/emi20230604t180217p12016-A/mask_30m_512.tif
emi20230604t180217p12016-B,32.10113709740928,-103.50141932848616,2023-06-04 18:02:17+00:00,Oil & Gas (1B2),CH4,mfa,"[-103.53808922452767, 32.072051459732634, -103.47099693522628, 32.12888651275996]",emi,production,2023-08-21 14:55:47.836687+00:00,2025-03-25 22:55:18.988885+00:00,v3,3.18.1,,,,1380.3921279125998,315.1088607984207,3.164562940597534,0.2417495995759964,54.34720993041992,6.978015422821045,hrrr,ISS,NASA-JPL EMIT,https://api.carbonmapper.org/api/v1/catalog/asset/l3a-vis-ch4-mfa-v3/2023/06/04/emi20230604t180217p12016-B/emi20230604t180217p12016-B_l3a-vis-ch4-mfa-v3_plume.tif,https://api.carbonmapper.org/api/v1/catalog/asset/l3a-vis-ch4-mfa-v3/2023/06/04/emi20230604t180217p12016-B/emi20230604t180217p12016-B_l3a-vis-ch4-mfa-v3_plume.png,https://api.carbonmapper.org/api/v1/catalog/asset/l3a-ime-ch4-mfa-v3/2023/06/04/emi20230604t180217p12016-B/emi20230604t180217p12016-B_l3a-ime-ch4-mfa-v3_ime-cmf-concentrations.tif,https://api.carbonmapper.org/api/v1/catalog/asset/l3a-vis-ch4-mfa-v3/2023/06/04/emi20230604t180217p12016-B/emi20230604t180217p12016-B_l3a-vis-ch4-mfa-v3_rgb.tif,https://api.carbonmapper.org/api/v1/catalog/asset/l3a-vis-ch4-mfa-v3/2023/06/04/emi20230604t180217p12016-B/emi20230604t180217p12016-B_l3a-vis-ch4-mfa-v3_rgb.png,1,EMIT_L2A_RFL_001_20230604T180217_2315512_016,/mnt/engg-leung/Research_No9_Methane_Emissions/Yuyao/raw_data_dir_l89_L2SR/EMIT_simulated_landsat9/emi20230604t180217p12016-B_sim_L9.tif,/mnt/engg-leung/Research_No9_Methane_Emissions/Yuyao/Dataset/data_dir_l89_L2SR/plume_masks_l89_512/emi20230604t180217p12016-B/mask_30m_512.tif
emi20230604t180229p12017-A,32.65260802856949,-102.81542609623348,2023-06-04 18:02:29+00:00,Oil & Gas (1B2),CH4,mfa,"[-102.85536581246726, 32.61779533289051, -102.78751879899403, 32.6744312830417]",emi,production,2023-06-29 15:38:51.905243+00:00,2025-03-25 22:47:43.730518+00:00,v3,3.18.1,,,,1294.5381671526395,565.0110175062953,2.40418553352356,0.9575907588005066,32.16822814941406,10.192692756652832,hrrr,ISS,NASA-JPL EMIT,https://api.carbonmapper.org/api/v1/catalog/asset/l3a-vis-ch4-mfa-v3/2023/06/04/emi20230604t180229p12017-A/emi20230604t180229p12017-A_l3a-vis-ch4-mfa-v3_plume.tif,https://api.carbonmapper.org/api/v1/catalog/asset/l3a-vis-ch4-mfa-v3/2023/06/04/emi20230604t180229p12017-A/emi20230604t180229p12017-A_l3a-vis-ch4-mfa-v3_plume.png,https://api.carbonmapper.org/api/v1/catalog/asset/l3a-ime-ch4-mfa-v3/2023/06/04/emi20230604t180229p12017-A/emi20230604t180229p12017-A_l3a-ime-ch4-mfa-v3_ime-cmf-concentrations.tif,https://api.carbonmapper.org/api/v1/catalog/asset/l3a-vis-ch4-mfa-v3/2023/06/04/emi20230604t180229p12017-A/emi20230604t180229p12017-A_l3a-vis-ch4-mfa-v3_rgb.tif,https://api.carbonmapper.org/api/v1/catalog/asset/l3a-vis-ch4-mfa-v3/2023/06/04/emi20230604t180229p12017-A/emi20230604t180229p12017-A_l3a-vis-ch4-mfa-v3_rgb.png,1,EMIT_L2A_RFL_001_20230604T180229_2315512_017,/mnt/engg-leung/Research_No9_Methane_Emissions/Yuyao/raw_data_dir_l89_L2SR/EMIT_simulated_landsat9/emi20230604t180229p12017-A_sim_L9.tif,/mnt/engg-leung/Research_No9_Methane_Emissions/Yuyao/Dataset/data_dir_l89_L2SR/plume_masks_l89_512/emi20230604t180229p12017-A/mask_30m_512.tif
emi20230604t180229p12017-B,33.065781512634814,-102.9562117500751,2023-06-04 18:02:29+00:00,Oil & Gas (1B2),CH4,mfa,"[-102.99241981881492, 33.035791132385725, -102.92424946849145, 33.09292185473161]",emi,production,2023-06-29 15:39:00.141977+00:00,2025-03-25 22:57:45.373107+00:00,v3,3.18.1,,,,1570.0772087416713,577.627665791007,2.6124844551086426,0.8814590573310852,26.21383476257324,11.06016731262207,hrrr,ISS,NASA-JPL EMIT,https://api.carbonmapper.org/api/v1/catalog/asset/l3a-vis-ch4-mfa-v3/2023/06/04/emi20230604t180229p12017-B/emi20230604t180229p12017-B_l3a-vis-ch4-mfa-v3_plume.tif,https://api.carbonmapper.org/api/v1/catalog/asset/l3a-vis-ch4-mfa-v3/2023/06/04/emi20230604t180229p12017-B/emi20230604t180229p12017-B_l3a-vis-ch4-mfa-v3_plume.png,https://api.carbonmapper.org/api/v1/catalog/asset/l3a-ime-ch4-mfa-v3/2023/06/04/emi20230604t180229p12017-B/emi20230604t180229p12017-B_l3a-ime-ch4-mfa-v3_ime-cmf-concentrations.tif,https://api.carbonmapper.org/api/v1/catalog/asset/l3a-vis-ch4-mfa-v3/2023/06/04/emi20230604t180229p12017-B/emi20230604t180229p12017-B_l3a-vis-ch4-mfa-v3_rgb.tif,https://api.carbonmapper.org/api/v1/catalog/asset/l3a-vis-ch4-mfa-v3/2023/06/04/emi20230604t180229p12017-B/emi20230604t180229p12017-B_l3a-vis-ch4-mfa-v3_rgb.png,1,EMIT_L2A_RFL_001_20230604T180229_2315512_017,/mnt/engg-leung/Research_No9_Methane_Emissions/Yuyao/raw_data_dir_l89_L2SR/EMIT_simulated_landsat9/emi20230604t180229p12017-B_sim_L9.tif,/mnt/engg-leung/Research_No9_Methane_Emissions/Yuyao/Dataset/data_dir_l89_L2SR/plume_masks_l89_512/emi20230604t180229p12017-B/mask_30m_512.tif
emi20230608t162322p11014-A,31.29554397144679,-103.18129049067072,2023-06-08 16:23:22+00:00,Oil & Gas (1B2),CH4,mfa,"[-103.22012753174968, 31.269284399310262, -103.15325037569517, 31.32692623290125]",emi,production,2023-12-08 17:01:22.149969+00:00,2025-03-25 22:55:55.151447+00:00,v3,3.18.1,,,,575.8069931272358,240.21080232612005,1.3603795766830444,0.3446454107761383,151.24119567871094,37.87745666503906,hrrr,ISS,NASA-JPL EMIT,https://api.carbonmapper.org/api/v1/catalog/asset/l3a-vis-ch4-mfa-v3/2023/06/08/emi20230608t162322p11014-A/emi20230608t162322p11014-A_l3a-vis-ch4-mfa-v3_plume.tif,https://api.carbonmapper.org/api/v1/catalog/asset/l3a-vis-ch4-mfa-v3/2023/06/08/emi20230608t162322p11014-A/emi20230608t162322p11014-A_l3a-vis-ch4-mfa-v3_plume.png,https://api.carbonmapper.org/api/v1/catalog/asset/l3a-ime-ch4-mfa-v3/2023/06/08/emi20230608t162322p11014-A/emi20230608t162322p11014-A_l3a-ime-ch4-mfa-v3_ime-cmf-concentrations.tif,https://api.carbonmapper.org/api/v1/catalog/asset/l3a-vis-ch4-mfa-v3/2023/06/08/emi20230608t162322p11014-A/emi20230608t162322p11014-A_l3a-vis-ch4-mfa-v3_rgb.tif,https://api.carbonmapper.org/api/v1/catalog/asset/l3a-vis-ch4-mfa-v3/2023/06/08/emi20230608t162322p11014-A/emi20230608t162322p11014-A_l3a-vis-ch4-mfa-v3_rgb.png,1,EMIT_L2A_RFL_001_20230608T162322_2315911_014,/mnt/engg-leung/Research_No9_Methane_Emissions/Yuyao/raw_data_dir_l89_L2SR/EMIT_simulated_landsat9/emi20230608t162322p11014-A_sim_L9.tif,/mnt/engg-leung/Research_No9_Methane_Emissions/Yuyao/Dataset/data_dir_l89_L2SR/plume_masks_l89_512/emi20230608t162322p11014-A/mask_30m_512.tif
emi20230608t162322p11014-B,31.311933760992275,-103.223243529993,2023-06-08 16:23:22+00:00,Oil & Gas (1B2),CH4,mfa,"[-103.25344670626546, 31.28668050387117, -103.18655651045378, 31.344322931504887]",emi,production,2023-12-08 17:01:22.185995+00:00,2025-03-25 22:55:55.511077+00:00,v3,3.18.1,,,,569.031849172277,235.279986891553,1.300689935684204,0.4768831729888916,156.92153930664062,40.02159881591797,hrrr,ISS,NASA-JPL EMIT,https://api.carbonmapper.org/api/v1/catalog/asset/l3a-vis-ch4-mfa-v3/2023/06/08/emi20230608t162322p11014-B/emi20230608t162322p11014-B_l3a-vis-ch4-mfa-v3_plume.tif,https://api.carbonmapper.org/api/v1/catalog/asset/l3a-vis-ch4-mfa-v3/2023/06/08/emi20230608t162322p11014-B/emi20230608t162322p11014-B_l3a-vis-ch4-mfa-v3_plume.png,https://api.carbonmapper.org/api/v1/catalog/asset/l3a-ime-ch4-mfa-v3/2023/06/08/emi20230608t162322p11014-B/emi20230608t162322p11014-B_l3a-ime-ch4-mfa-v3_ime-cmf-concentrations.tif,https://api.carbonmapper.org/api/v1/catalog/asset/l3a-vis-ch4-mfa-v3/2023/06/08/emi20230608t162322p11014-B/emi20230608t162322p11014-B_l3a-vis-ch4-mfa-v3_rgb.tif,https://api.carbonmapper.org/api/v1/catalog/asset/l3a-vis-ch4-mfa-v3/2023/06/08/emi20230608t162322p11014-B/emi20230608t162322p11014-B_l3a-vis-ch4-mfa-v3_rgb.png,1,EMIT_L2A_RFL_001_20230608T162322_2315911_014,/mnt/engg-leung/Research_No9_Methane_Emissions/Yuyao/raw_data_dir_l89_L2SR/EMIT_simulated_landsat9/emi20230608t162322p11014-B_sim_L9.tif,/mnt/engg-leung/Research_No9_Methane_Emissions/Yuyao/Dataset/data_dir_l89_L2SR/plume_masks_l89_512/emi20230608t162322p11014-B/mask_30m_512.tif
emi20230608t162322p11014-D,31.7570780195744,-103.51141501440388,2023-06-08 16:23:22+00:00,Oil & Gas (1B2),CH4,mfa,"[-103.5459485842979, 31.7297233385061, -103.47815073883243, 31.78737006056705]",emi,production,2023-12-08 16:57:02.704146+00:00,2025-03-25 22:31:29.791955+00:00,v3,3.18.1,,,,596.0962688448876,338.3537053589735,1.2830361127853394,0.7035844922065735,157.47158813476562,6.963536739349365,hrrr,ISS,NASA-JPL EMIT,https://api.carbonmapper.org/api/v1/catalog/asset/l3a-vis-ch4-mfa-v3/2023/06/08/emi20230608t162322p11014-D/emi20230608t162322p11014-D_l3a-vis-ch4-mfa-v3_plume.tif,https://api.carbonmapper.org/api/v1/catalog/asset/l3a-vis-ch4-mfa-v3/2023/06/08/emi20230608t162322p11014-D/emi20230608t162322p11014-D_l3a-vis-ch4-mfa-v3_plume.png,https://api.carbonmapper.org/api/v1/catalog/asset/l3a-ime-ch4-mfa-v3/2023/06/08/emi20230608t162322p11014-D/emi20230608t162322p11014-D_l3a-ime-ch4-mfa-v3_ime-cmf-concentrations.tif,https://api.carbonmapper.org/api/v1/catalog/asset/l3a-vis-ch4-mfa-v3/2023/06/08/emi20230608t162322p11014-D/emi20230608t162322p11014-D_l3a-vis-ch4-mfa-v3_rgb.tif,https://api.carbonmapper.org/api/v1/catalog/asset/l3a-vis-ch4-mfa-v3/2023/06/08/emi20230608t162322p11014-D/emi20230608t162322p11014-D_l3a-vis-ch4-mfa-v3_rgb.png,1,EMIT_L2A_RFL_001_20230608T162322_2315911_014,/mnt/engg-leung/Research_No9_Methane_Emissions/Yuyao/raw_data_dir_l89_L2SR/EMIT_simulated_landsat9/emi20230608t162322p11014-D_sim_L9.tif,/mnt/engg-leung/Research_No9_Methane_Emissions/Yuyao/Dataset/data_dir_l89_L2SR/plume_masks_l89_512/emi20230608t162322p11014-D/mask_30m_512.tif
emi20230608t162322p11014-E,31.644283799690072,-103.15199286565093,2023-06-08 16:23:22+00:00,Oil & Gas (1B2),CH4,mfa,"[-103.19718076574476, 31.620147130537294, -103.12946994117294, 31.67778791584762]",emi,production,2023-12-08 17:01:22.220409+00:00,2025-03-25 22:56:04.874581+00:00,v3,3.18.1,,,,1639.785271824116,739.0506607972559,2.5960755348205566,0.7326928377151489,158.06495666503906,10.623943328857422,hrrr,ISS,NASA-JPL EMIT,https://api.carbonmapper.org/api/v1/catalog/asset/l3a-vis-ch4-mfa-v3/2023/06/08/emi20230608t162322p11014-E/emi20230608t162322p11014-E_l3a-vis-ch4-mfa-v3_plume.tif,https://api.carbonmapper.org/api/v1/catalog/asset/l3a-vis-ch4-mfa-v3/2023/06/08/emi20230608t162322p11014-E/emi20230608t162322p11014-E_l3a-vis-ch4-mfa-v3_plume.png,https://api.carbonmapper.org/api/v1/catalog/asset/l3a-ime-ch4-mfa-v3/2023/06/08/emi20230608t162322p11014-E/emi20230608t162322p11014-E_l3a-ime-ch4-mfa-v3_ime-cmf-concentrations.tif,https://api.carbonmapper.org/api/v1/catalog/asset/l3a-vis-ch4-mfa-v3/2023/06/08/emi20230608t162322p11014-E/emi20230608t162322p11014-E_l3a-vis-ch4-mfa-v3_rgb.tif,https://api.carbonmapper.org/api/v1/catalog/asset/l3a-vis-ch4-mfa-v3/2023/06/08/emi20230608t162322p11014-E/emi20230608t162322p11014-E_l3a-vis-ch4-mfa-v3_rgb.png,1,EMIT_L2A_RFL_001_20230608T162322_2315911_014,/mnt/engg-leung/Research_No9_Methane_Emissions/Yuyao/raw_data_dir_l89_L2SR/EMIT_simulated_landsat9/emi20230608t162322p11014-E_sim_L9.tif,/mnt/engg-leung/Research_No9_Methane_Emissions/Yuyao/Dataset/data_dir_l89_L2SR/plume_masks_l89_512/emi20230608t162322p11014-E/mask_30m_512.tif
emi20230608t162322p11014-H,31.34438137528976,-103.35701266358733,2023-06-08 16:23:22+00:00,Oil & Gas (1B2),CH4,mfa,"[-103.39617378776066, 31.319924160409638, -103.32867522637879, 31.377072255024313]",emi,production,2023-12-08 17:01:21.970511+00:00,2025-03-25 23:31:15.198984+00:00,v3,3.18.1,,,,,,0.6103959083557129,0.2001341730356216,307.5159912109375,59.571022033691406,hrrr,ISS,NASA-JPL EMIT,https://api.carbonmapper.org/api/v1/catalog/asset/l3a-vis-ch4-mfa-v3/2023/06/08/emi20230608t162322p11014-H/emi20230608t162322p11014-H_l3a-vis-ch4-mfa-v3_plume.tif,https://api.carbonmapper.org/api/v1/catalog/asset/l3a-vis-ch4-mfa-v3/2023/06/08/emi20230608t162322p11014-H/emi20230608t162322p11014-H_l3a-vis-ch4-mfa-v3_plume.png,https://api.carbonmapper.org/api/v1/catalog/asset/l3a-ime-ch4-mfa-v3/2023/06/08/emi20230608t162322p11014-H/emi20230608t162322p11014-H_l3a-ime-ch4-mfa-v3_ime-cmf-concentrations.tif,https://api.carbonmapper.org/api/v1/catalog/asset/l3a-vis-ch4-mfa-v3/2023/06/08/emi20230608t162322p11014-H/emi20230608t162322p11014-H_l3a-vis-ch4-mfa-v3_rgb.tif,https://api.carbonmapper.org/api/v1/catalog/asset/l3a-vis-ch4-mfa-v3/2023/06/08/emi20230608t162322p11014-H/emi20230608t162322p11014-H_l3a-vis-ch4-mfa-v3_rgb.png,1,EMIT_L2A_RFL_001_20230608T162322_2315911_014,/mnt/engg-leung/Research_No9_Methane_Emissions/Yuyao/raw_data_dir_l89_L2SR/EMIT_simulated_landsat9/emi20230608t162322p11014-H_sim_L9.tif,/mnt/engg-leung/Research_No9_Methane_Emissions/Yuyao/Dataset/data_dir_l89_L2SR/plume_masks_l89_512/emi20230608t162322p11014-H/mask_30m_512.tif
emi20230608t162322p11014-I,31.771780127218705,-103.48375482571822,2023-06-08 16:23:22+00:00,Oil & Gas (1B2),CH4,mfa,"[-103.51892646768142, 31.742861643441238, -103.45112141900532, 31.800009522472557]",emi,production,2023-12-08 16:57:02.654413+00:00,2025-03-25 22:36:45.019025+00:00,v3,3.18.1,,,,1249.998754323214,718.6114530261583,1.2830361127853394,0.7035844922065735,157.47158813476562,6.963536739349365,hrrr,ISS,NASA-JPL EMIT,https://api.carbonmapper.org/api/v1/catalog/asset/l3a-vis-ch4-mfa-v3/2023/06/08/emi20230608t162322p11014-I/emi20230608t162322p11014-I_l3a-vis-ch4-mfa-v3_plume.tif,https://api.carbonmapper.org/api/v1/catalog/asset/l3a-vis-ch4-mfa-v3/2023/06/08/emi20230608t162322p11014-I/emi20230608t162322p11014-I_l3a-vis-ch4-mfa-v3_plume.png,https://api.carbonmapper.org/api/v1/catalog/asset/l3a-ime-ch4-mfa-v3/2023/06/08/emi20230608t162322p11014-I/emi20230608t162322p11014-I_l3a-ime-ch4-mfa-v3_ime-cmf-concentrations.tif,https://api.carbonmapper.org/api/v1/catalog/asset/l3a-vis-ch4-mfa-v3/2023/06/08/emi20230608t162322p11014-I/emi20230608t162322p11014-I_l3a-vis-ch4-mfa-v3_rgb.tif,https://api.carbonmapper.org/api/v1/catalog/asset/l3a-vis-ch4-mfa-v3/2023/06/08/emi20230608t162322p11014-I/emi20230608t162322p11014-I_l3a-vis-ch4-mfa-v3_rgb.png,1,EMIT_L2A_RFL_001_20230608T162322_2315911_014,/mnt/engg-leung/Research_No9_Methane_Emissions/Yuyao/raw_data_dir_l89_L2SR/EMIT_simulated_landsat9/emi20230608t162322p11014-I_sim_L9.tif,/mnt/engg-leung/Research_No9_Methane_Emissions/Yuyao/Dataset/data_dir_l89_L2SR/plume_masks_l89_512/emi20230608t162322p11014-I/mask_30m_512.tif
emi20230608t162322p11014-J,31.605856162759054,-103.63534325570274,2023-06-08 16:23:22+00:00,Oil & Gas (1B2),CH4,mfa,"[-103.67221186220199, 31.581659011952425, -103.60510389893936, 31.639307200000836]",emi,production,2024-03-27 18:13:27.549285+00:00,2025-03-25 23:00:48.243900+00:00,v3,3.18.1,,,,582.0939509586083,271.72943199246595,1.3665977716445925,0.3786235153675079,155.52391052246094,10.23838710784912,hrrr,ISS,NASA-JPL EMIT,https://api.carbonmapper.org/api/v1/catalog/asset/l3a-vis-ch4-mfa-v3/2023/06/08/emi20230608t162322p11014-J/emi20230608t162322p11014-J_l3a-vis-ch4-mfa-v3_plume.tif,https://api.carbonmapper.org/api/v1/catalog/asset/l3a-vis-ch4-mfa-v3/2023/06/08/emi20230608t162322p11014-J/emi20230608t162322p11014-J_l3a-vis-ch4-mfa-v3_plume.png,https://api.carbonmapper.org/api/v1/catalog/asset/l3a-ime-ch4-mfa-v3/2023/06/08/emi20230608t162322p11014-J/emi20230608t162322p11014-J_l3a-ime-ch4-mfa-v3_ime-cmf-concentrations.tif,https://api.carbonmapper.org/api/v1/catalog/asset/l3a-vis-ch4-mfa-v3/2023/06/08/emi20230608t162322p11014-J/emi20230608t162322p11014-J_l3a-vis-ch4-mfa-v3_rgb.tif,https://api.carbonmapper.org/api/v1/catalog/asset/l3a-vis-ch4-mfa-v3/2023/06/08/emi20230608t162322p11014-J/emi20230608t162322p11014-J_l3a-vis-ch4-mfa-v3_rgb.png,1,EMIT_L2A_RFL_001_20230608T162322_2315911_014,/mnt/engg-leung/Research_No9_Methane_Emissions/Yuyao/raw_data_dir_l89_L2SR/EMIT_simulated_landsat9/emi20230608t162322p11014-J_sim_L9.tif,/mnt/engg-leung/Research_No9_Methane_Emissions/Yuyao/Dataset/data_dir_l89_L2SR/plume_masks_l89_512/emi20230608t162322p11014-J/mask_30m_512.tif
emi20230608t162334p11015-B,32.16273806288939,-102.52143640296076,2023-06-08 16:23:34+00:00,Oil & Gas (1B2),CH4,mfa,"[-102.54260417189626, 32.14803712874482, -102.47532270324096, 32.20547997903593]",emi,production,2023-08-24 19:10:55.870177+00:00,2025-03-25 22:43:47.876485+00:00,v3,3.18.1,,,,1242.7954580021717,367.6933860871434,0.899656355381012,0.2441103309392929,205.91030883789065,90.4697036743164,hrrr,ISS,NASA-JPL EMIT,https://api.carbonmapper.org/api/v1/catalog/asset/l3a-vis-ch4-mfa-v3/2023/06/08/emi20230608t162334p11015-B/emi20230608t162334p11015-B_l3a-vis-ch4-mfa-v3_plume.tif,https://api.carbonmapper.org/api/v1/catalog/asset/l3a-vis-ch4-mfa-v3/2023/06/08/emi20230608t162334p11015-B/emi20230608t162334p11015-B_l3a-vis-ch4-mfa-v3_plume.png,https://api.carbonmapper.org/api/v1/catalog/asset/l3a-ime-ch4-mfa-v3/2023/06/08/emi20230608t162334p11015-B/emi20230608t162334p11015-B_l3a-ime-ch4-mfa-v3_ime-cmf-concentrations.tif,https://api.carbonmapper.org/api/v1/catalog/asset/l3a-vis-ch4-mfa-v3/2023/06/08/emi20230608t162334p11015-B/emi20230608t162334p11015-B_l3a-vis-ch4-mfa-v3_rgb.tif,https://api.carbonmapper.org/api/v1/catalog/asset/l3a-vis-ch4-mfa-v3/2023/06/08/emi20230608t162334p11015-B/emi20230608t162334p11015-B_l3a-vis-ch4-mfa-v3_rgb.png,1,EMIT_L2A_RFL_001_20230608T162334_2315911_015,/mnt/engg-leung/Research_No9_Methane_Emissions/Yuyao/raw_data_dir_l89_L2SR/EMIT_simulated_landsat9/emi20230608t162334p11015-B_sim_L9.tif,/mnt/engg-leung/Research_No9_Methane_Emissions/Yuyao/Dataset/data_dir_l89_L2SR/plume_masks_l89_512/emi20230608t162334p11015-B/mask_30m_512.tif
emi20230608t162334p11015-C,32.02010856846607,-102.52300759448084,2023-06-08 16:23:34+00:00,Oil & Gas (1B2),CH4,mfa,"[-102.55784974665546, 31.991931036710355, -102.48951177470059, 32.04987170482423]",emi,production,2023-08-24 19:11:19.823370+00:00,2025-03-25 22:43:47.993378+00:00,v3,3.18.1,,,,1134.4399264494962,642.4845981389733,1.1180332899093628,0.6070124506950378,112.18980407714844,78.90237426757812,hrrr,ISS,NASA-JPL EMIT,https://api.carbonmapper.org/api/v1/catalog/asset/l3a-vis-ch4-mfa-v3/2023/06/08/emi20230608t162334p11015-C/emi20230608t162334p11015-C_l3a-vis-ch4-mfa-v3_plume.tif,https://api.carbonmapper.org/api/v1/catalog/asset/l3a-vis-ch4-mfa-v3/2023/06/08/emi20230608t162334p11015-C/emi20230608t162334p11015-C_l3a-vis-ch4-mfa-v3_plume.png,https://api.carbonmapper.org/api/v1/catalog/asset/l3a-ime-ch4-mfa-v3/2023/06/08/emi20230608t162334p11015-C/emi20230608t162334p11015-C_l3a-ime-ch4-mfa-v3_ime-cmf-concentrations.tif,https://api.carbonmapper.org/api/v1/catalog/asset/l3a-vis-ch4-mfa-v3/2023/06/08/emi20230608t162334p11015-C/emi20230608t162334p11015-C_l3a-vis-ch4-mfa-v3_rgb.tif,https://api.carbonmapper.org/api/v1/catalog/asset/l3a-vis-ch4-mfa-v3/2023/06/08/emi20230608t162334p11015-C/emi20230608t162334p11015-C_l3a-vis-ch4-mfa-v3_rgb.png,1,EMIT_L2A_RFL_001_20230608T162334_2315911_015,/mnt/engg-leung/Research_No9_Methane_Emissions/Yuyao/raw_data_dir_l89_L2SR/EMIT_simulated_landsat9/emi20230608t162334p11015-C_sim_L9.tif,/mnt/engg-leung/Research_No9_Methane_Emissions/Yuyao/Dataset/data_dir_l89_L2SR/plume_masks_l89_512/emi20230608t162334p11015-C/mask_30m_512.tif
emi20230608t162334p11015-D,32.03080866126568,-102.51242539575858,2023-06-08 16:23:34+00:00,Oil & Gas (1B2),CH4,mfa,"[-102.55029442034751, 32.013133645225096, -102.48194101676124, 32.0710739813661]",emi,production,2023-08-24 19:11:40.268909+00:00,2025-03-25 22:43:48.345955+00:00,v3,3.18.1,,,,1536.0596883048156,859.2075147062645,1.0282673835754397,0.5276249051094055,128.08399963378906,92.15360260009766,hrrr,ISS,NASA-JPL EMIT,https://api.carbonmapper.org/api/v1/catalog/asset/l3a-vis-ch4-mfa-v3/2023/06/08/emi20230608t162334p11015-D/emi20230608t162334p11015-D_l3a-vis-ch4-mfa-v3_plume.tif,https://api.carbonmapper.org/api/v1/catalog/asset/l3a-vis-ch4-mfa-v3/2023/06/08/emi20230608t162334p11015-D/emi20230608t162334p11015-D_l3a-vis-ch4-mfa-v3_plume.png,https://api.carbonmapper.org/api/v1/catalog/asset/l3a-ime-ch4-mfa-v3/2023/06/08/emi20230608t162334p11015-D/emi20230608t162334p11015-D_l3a-ime-ch4-mfa-v3_ime-cmf-concentrations.tif,https://api.carbonmapper.org/api/v1/catalog/asset/l3a-vis-ch4-mfa-v3/2023/06/08/emi20230608t162334p11015-D/emi20230608t162334p11015-D_l3a-vis-ch4-mfa-v3_rgb.tif,https://api.carbonmapper.org/api/v1/catalog/asset/l3a-vis-ch4-mfa-v3/2023/06/08/emi20230608t162334p11015-D/emi20230608t162334p11015-D_l3a-vis-ch4-mfa-v3_rgb.png,1,EMIT_L2A_RFL_001_20230608T162334_2315911_015,/mnt/engg-leung/Research_No9_Methane_Emissions/Yuyao/raw_data_dir_l89_L2SR/EMIT_simulated_landsat9/emi20230608t162334p11015-D_sim_L9.tif,/mnt/engg-leung/Research_No9_Methane_Emissions/Yuyao/Dataset/data_dir_l89_L2SR/plume_masks_l89_512/emi20230608t162334p11015-D/mask_30m_512.tif
emi20230608t162334p11015-E,31.9479516827458,-103.0443154164372,2023-06-08 16:23:34+00:00,Oil & Gas (1B2),CH4,mfa,"[-103.14295962767682, 31.925469484913954, -103.02325311406467, 32.02750769513294]",emi,production,2023-08-24 19:12:04.017913+00:00,2025-03-25 22:43:48.735166+00:00,v3,3.18.1,,,,1376.7113423798446,503.9027331853488,2.010862350463867,0.6972914338111877,149.06326293945312,25.452768325805664,hrrr,ISS,NASA-JPL EMIT,https://api.carbonmapper.org/api/v1/catalog/asset/l3a-vis-ch4-mfa-v3/2023/06/08/emi20230608t162334p11015-E/emi20230608t162334p11015-E_l3a-vis-ch4-mfa-v3_plume.tif,https://api.carbonmapper.org/api/v1/catalog/asset/l3a-vis-ch4-mfa-v3/2023/06/08/emi20230608t162334p11015-E/emi20230608t162334p11015-E_l3a-vis-ch4-mfa-v3_plume.png,https://api.carbonmapper.org/api/v1/catalog/asset/l3a-ime-ch4-mfa-v3/2023/06/08/emi20230608t162334p11015-E/emi20230608t162334p11015-E_l3a-ime-ch4-mfa-v3_ime-cmf-concentrations.tif,https://api.carbonmapper.org/api/v1/catalog/asset/l3a-vis-ch4-mfa-v3/2023/06/08/emi20230608t162334p11015-E/emi20230608t162334p11015-E_l3a-vis-ch4-mfa-v3_rgb.tif,https://api.carbonmapper.org/api/v1/catalog/asset/l3a-vis-ch4-mfa-v3/2023/06/08/emi20230608t162334p11015-E/emi20230608t162334p11015-E_l3a-vis-ch4-mfa-v3_rgb.png,1,EMIT_L2A_RFL_001_20230608T162334_2315911_015,/mnt/engg-leung/Research_No9_Methane_Emissions/Yuyao/raw_data_dir_l89_L2SR/EMIT_simulated_landsat9/emi20230608t162334p11015-E_sim_L9.tif,/mnt/engg-leung/Research_No9_Methane_Emissions/Yuyao/Dataset/data_dir_l89_L2SR/plume_masks_l89_512/emi20230608t162334p11015-E/mask_30m_512.tif
emi20230608t162334p11015-F,32.14135333360893,-102.47927185486483,2023-06-08 16:23:34+00:00,Oil & Gas (1B2),CH4,mfa,"[-102.51150829185123, 32.111187224418096, -102.44367167442746, 32.1686279835517]",emi,production,2023-08-24 19:12:19.899048+00:00,2025-03-25 22:43:48.968644+00:00,v3,3.18.1,,,,363.2095916660924,119.36295183700592,0.8810912370681763,0.2536301910877228,183.5970764160156,89.98883056640625,hrrr,ISS,NASA-JPL EMIT,https://api.carbonmapper.org/api/v1/catalog/asset/l3a-vis-ch4-mfa-v3/2023/06/08/emi20230608t162334p11015-F/emi20230608t162334p11015-F_l3a-vis-ch4-mfa-v3_plume.tif,https://api.carbonmapper.org/api/v1/catalog/asset/l3a-vis-ch4-mfa-v3/2023/06/08/emi20230608t162334p11015-F/emi20230608t162334p11015-F_l3a-vis-ch4-mfa-v3_plume.png,https://api.carbonmapper.org/api/v1/catalog/asset/l3a-ime-ch4-mfa-v3/2023/06/08/emi20230608t162334p11015-F/emi20230608t162334p11015-F_l3a-ime-ch4-mfa-v3_ime-cmf-concentrations.tif,https://api.carbonmapper.org/api/v1/catalog/asset/l3a-vis-ch4-mfa-v3/2023/06/08/emi20230608t162334p11015-F/emi20230608t162334p11015-F_l3a-vis-ch4-mfa-v3_rgb.tif,https://api.carbonmapper.org/api/v1/catalog/asset/l3a-vis-ch4-mfa-v3/2023/06/08/emi20230608t162334p11015-F/emi20230608t162334p11015-F_l3a-vis-ch4-mfa-v3_rgb.png,1,EMIT_L2A_RFL_001_20230608T162334_2315911_015,/mnt/engg-leung/Research_No9_Methane_Emissions/Yuyao/raw_data_dir_l89_L2SR/EMIT_simulated_landsat9/emi20230608t162334p11015-F_sim_L9.tif,/mnt/engg-leung/Research_No9_Methane_Emissions/Yuyao/Dataset/data_dir_l89_L2SR/plume_masks_l89_512/emi20230608t162334p11015-F/mask_30m_512.tif
emi20230608t162346p11016-A,32.26463447221579,-101.9815612547328,2023-06-08 16:23:46+00:00,Oil & Gas (1B2),CH4,mfa,"[-102.01974658113151, 32.20315043842588, -101.90712511988264, 32.29790346397538]",emi,production,2023-09-14 23:19:14.728411+00:00,2025-03-25 22:43:44.156683+00:00,v3,3.18.1,,,,3035.024925783058,666.8861146856306,0.8762287497520447,0.1356062144041061,120.85618591308594,16.92680549621582,hrrr,ISS,NASA-JPL EMIT,https://api.carbonmapper.org/api/v1/catalog/asset/l3a-vis-ch4-mfa-v3/2023/06/08/emi20230608t162346p11016-A/emi20230608t162346p11016-A_l3a-vis-ch4-mfa-v3_plume.tif,https://api.carbonmapper.org/api/v1/catalog/asset/l3a-vis-ch4-mfa-v3/2023/06/08/emi20230608t162346p11016-A/emi20230608t162346p11016-A_l3a-vis-ch4-mfa-v3_plume.png,https://api.carbonmapper.org/api/v1/catalog/asset/l3a-ime-ch4-mfa-v3/2023/06/08/emi20230608t162346p11016-A/emi20230608t162346p11016-A_l3a-ime-ch4-mfa-v3_ime-cmf-concentrations.tif,https://api.carbonmapper.org/api/v1/catalog/asset/l3a-vis-ch4-mfa-v3/2023/06/08/emi20230608t162346p11016-A/emi20230608t162346p11016-A_l3a-vis-ch4-mfa-v3_rgb.tif,https://api.carbonmapper.org/api/v1/catalog/asset/l3a-vis-ch4-mfa-v3/2023/06/08/emi20230608t162346p11016-A/emi20230608t162346p11016-A_l3a-vis-ch4-mfa-v3_rgb.png,1,EMIT_L2A_RFL_001_20230608T162346_2315911_016,/mnt/engg-leung/Research_No9_Methane_Emissions/Yuyao/raw_data_dir_l89_L2SR/EMIT_simulated_landsat9/emi20230608t162346p11016-A_sim_L9.tif,/mnt/engg-leung/Research_No9_Methane_Emissions/Yuyao/Dataset/data_dir_l89_L2SR/plume_masks_l89_512/emi20230608t162346p11016-A/mask_30m_512.tif
emi20230608t162346p11016-B,32.24416095192564,-101.904949515012,2023-06-08 16:23:46+00:00,Oil & Gas (1B2),CH4,mfa,"[-101.9361109218856, 32.21746036460739, -101.8684272200098, 32.27470481932937]",emi,production,2023-09-14 23:19:37.896040+00:00,2025-03-25 22:43:45.883046+00:00,v3,3.18.1,,,,1135.1856959593413,430.82653583164137,1.040175437927246,0.3428536355495453,91.98214721679688,5.060780048370361,hrrr,ISS,NASA-JPL EMIT,https://api.carbonmapper.org/api/v1/catalog/asset/l3a-vis-ch4-mfa-v3/2023/06/08/emi20230608t162346p11016-B/emi20230608t162346p11016-B_l3a-vis-ch4-mfa-v3_plume.tif,https://api.carbonmapper.org/api/v1/catalog/asset/l3a-vis-ch4-mfa-v3/2023/06/08/emi20230608t162346p11016-B/emi20230608t162346p11016-B_l3a-vis-ch4-mfa-v3_plume.png,https://api.carbonmapper.org/api/v1/catalog/asset/l3a-ime-ch4-mfa-v3/2023/06/08/emi20230608t162346p11016-B/emi20230608t162346p11016-B_l3a-ime-ch4-mfa-v3_ime-cmf-concentrations.tif,https://api.carbonmapper.org/api/v1/catalog/asset/l3a-vis-ch4-mfa-v3/2023/06/08/emi20230608t162346p11016-B/emi20230608t162346p11016-B_l3a-vis-ch4-mfa-v3_rgb.tif,https://api.carbonmapper.org/api/v1/catalog/asset/l3a-vis-ch4-mfa-v3/2023/06/08/emi20230608t162346p11016-B/emi20230608t162346p11016-B_l3a-vis-ch4-mfa-v3_rgb.png,1,EMIT_L2A_RFL_001_20230608T162346_2315911_016,/mnt/engg-leung/Research_No9_Methane_Emissions/Yuyao/raw_data_dir_l89_L2SR/EMIT_simulated_landsat9/emi20230608t162346p11016-B_sim_L9.tif,/mnt/engg-leung/Research_No9_Methane_Emissions/Yuyao/Dataset/data_dir_l89_L2SR/plume_masks_l89_512/emi20230608t162346p11016-B/mask_30m_512.tif
emi20230608t162346p11016-C,32.271080265595145,-101.7754844646686,2023-06-08 16:23:46+00:00,Oil & Gas (1B2),CH4,mfa,"[-101.81263308799097, 32.25250049190953, -101.7443464816256, 32.31072569023132]",emi,production,2023-09-14 23:19:57.103369+00:00,2025-03-25 22:43:08.619982+00:00,v3,3.18.1,,,,869.3667795356866,502.07642342996667,1.2325997352600098,0.6857484579086304,69.65037536621094,26.19793128967285,hrrr,ISS,NASA-JPL EMIT,https://api.carbonmapper.org/api/v1/catalog/asset/l3a-vis-ch4-mfa-v3/2023/06/08/emi20230608t162346p11016-C/emi20230608t162346p11016-C_l3a-vis-ch4-mfa-v3_plume.tif,https://api.carbonmapper.org/api/v1/catalog/asset/l3a-vis-ch4-mfa-v3/2023/06/08/emi20230608t162346p11016-C/emi20230608t162346p11016-C_l3a-vis-ch4-mfa-v3_plume.png,https://api.carbonmapper.org/api/v1/catalog/asset/l3a-ime-ch4-mfa-v3/2023/06/08/emi20230608t162346p11016-C/emi20230608t162346p11016-C_l3a-ime-ch4-mfa-v3_ime-cmf-concentrations.tif,https://api.carbonmapper.org/api/v1/catalog/asset/l3a-vis-ch4-mfa-v3/2023/06/08/emi20230608t162346p11016-C/emi20230608t162346p11016-C_l3a-vis-ch4-mfa-v3_rgb.tif,https://api.carbonmapper.org/api/v1/catalog/asset/l3a-vis-ch4-mfa-v3/2023/06/08/emi20230608t162346p11016-C/emi20230608t162346p11016-C_l3a-vis-ch4-mfa-v3_rgb.png,1,EMIT_L2A_RFL_001_20230608T162346_2315911_016,/mnt/engg-leung/Research_No9_Methane_Emissions/Yuyao/raw_data_dir_l89_L2SR/EMIT_simulated_landsat9/emi20230608t162346p11016-C_sim_L9.tif,/mnt/engg-leung/Research_No9_Methane_Emissions/Yuyao/Dataset/data_dir_l89_L2SR/plume_masks_l89_512/emi20230608t162346p11016-C/mask_30m_512.tif
emi20230608t162346p11016-D,32.33853173021308,-101.70559002618064,2023-06-08 16:23:46+00:00,Oil & Gas (1B2),CH4,mfa,"[-101.74572860302938, 32.316576958688806, -101.67680999833381, 32.374308561278106]",emi,production,2023-09-14 23:20:17.553711+00:00,2025-03-25 23:21:54.508229+00:00,v3,3.18.1,,,,1027.7915576941973,532.093070531241,1.2713223695755005,0.6484206318855286,121.89486694335938,28.96630477905273,hrrr,ISS,NASA-JPL EMIT,https://api.carbonmapper.org/api/v1/catalog/asset/l3a-vis-ch4-mfa-v3/2023/06/08/emi20230608t162346p11016-D/emi20230608t162346p11016-D_l3a-vis-ch4-mfa-v3_plume.tif,https://api.carbonmapper.org/api/v1/catalog/asset/l3a-vis-ch4-mfa-v3/2023/06/08/emi20230608t162346p11016-D/emi20230608t162346p11016-D_l3a-vis-ch4-mfa-v3_plume.png,https://api.carbonmapper.org/api/v1/catalog/asset/l3a-ime-ch4-mfa-v3/2023/06/08/emi20230608t162346p11016-D/emi20230608t162346p11016-D_l3a-ime-ch4-mfa-v3_ime-cmf-concentrations.tif,https://api.carbonmapper.org/api/v1/catalog/asset/l3a-vis-ch4-mfa-v3/2023/06/08/emi20230608t162346p11016-D/emi20230608t162346p11016-D_l3a-vis-ch4-mfa-v3_rgb.tif,https://api.carbonmapper.org/api/v1/catalog/asset/l3a-vis-ch4-mfa-v3/2023/06/08/emi20230608t162346p11016-D/emi20230608t162346p11016-D_l3a-vis-ch4-mfa-v3_rgb.png,1,EMIT_L2A_RFL_001_20230608T162346_2315911_016,/mnt/engg-leung/Research_No9_Methane_Emissions/Yuyao/raw_data_dir_l89_L2SR/EMIT_simulated_landsat9/emi20230608t162346p11016-D_sim_L9.tif,/mnt/engg-leung/Research_No9_Methane_Emissions/Yuyao/Dataset/data_dir_l89_L2SR/plume_masks_l89_512/emi20230608t162346p11016-D/mask_30m_512.tif
emi20230608t162346p11016-E,32.19149711323611,-102.24322144614244,2023-06-08 16:23:46+00:00,Oil & Gas (1B2),CH4,mfa,"[-102.2743282629588, 32.15891336951283, -102.20667569256312, 32.21616834591011]",emi,production,2023-09-14 23:20:40.028037+00:00,2025-03-25 22:43:46.606112+00:00,v3,3.18.1,,,,1083.410011937108,576.0588449944713,1.4112706184387207,0.7311740517616272,68.03247833251953,98.36393737792967,hrrr,ISS,NASA-JPL EMIT,https://api.carbonmapper.org/api/v1/catalog/asset/l3a-vis-ch4-mfa-v3/2023/06/08/emi20230608t162346p11016-E/emi20230608t162346p11016-E_l3a-vis-ch4-mfa-v3_plume.tif,https://api.carbonmapper.org/api/v1/catalog/asset/l3a-vis-ch4-mfa-v3/2023/06/08/emi20230608t162346p11016-E/emi20230608t162346p11016-E_l3a-vis-ch4-mfa-v3_plume.png,https://api.carbonmapper.org/api/v1/catalog/asset/l3a-ime-ch4-mfa-v3/2023/06/08/emi20230608t162346p11016-E/emi20230608t162346p11016-E_l3a-ime-ch4-mfa-v3_ime-cmf-concentrations.tif,https://api.carbonmapper.org/api/v1/catalog/asset/l3a-vis-ch4-mfa-v3/2023/06/08/emi20230608t162346p11016-E/emi20230608t162346p11016-E_l3a-vis-ch4-mfa-v3_rgb.tif,https://api.carbonmapper.org/api/v1/catalog/asset/l3a-vis-ch4-mfa-v3/2023/06/08/emi20230608t162346p11016-E/emi20230608t162346p11016-E_l3a-vis-ch4-mfa-v3_rgb.png,1,EMIT_L2A_RFL_001_20230608T162346_2315911_016,/mnt/engg-leung/Research_No9_Methane_Emissions/Yuyao/raw_data_dir_l89_L2SR/EMIT_simulated_landsat9/emi20230608t162346p11016-E_sim_L9.tif,/mnt/engg-leung/Research_No9_Methane_Emissions/Yuyao/Dataset/data_dir_l89_L2SR/plume_masks_l89_512/emi20230608t162346p11016-E/mask_30m_512.tif
emi20230608t162346p11016-F,32.35817369664592,-102.13320091602483,2023-06-08 16:23:46+00:00,Oil & Gas (1B2),CH4,mfa,"[-102.16378241104117, 32.32768478115662, -102.09483887013742, 32.38543017628645]",emi,production,2023-09-14 23:21:19.141748+00:00,2025-03-25 22:31:44.070125+00:00,v3,3.18.1,,,,854.0091207278167,423.8193085008627,1.3782567977905271,0.6620063185691833,167.346435546875,95.59710693359376,hrrr,ISS,NASA-JPL EMIT,https://api.carbonmapper.org/api/v1/catalog/asset/l3a-vis-ch4-mfa-v3/2023/06/08/emi20230608t162346p11016-F/emi20230608t162346p11016-F_l3a-vis-ch4-mfa-v3_plume.tif,https://api.carbonmapper.org/api/v1/catalog/asset/l3a-vis-ch4-mfa-v3/2023/06/08/emi20230608t162346p11016-F/emi20230608t162346p11016-F_l3a-vis-ch4-mfa-v3_plume.png,https://api.carbonmapper.org/api/v1/catalog/asset/l3a-ime-ch4-mfa-v3/2023/06/08/emi20230608t162346p11016-F/emi20230608t162346p11016-F_l3a-ime-ch4-mfa-v3_ime-cmf-concentrations.tif,https://api.carbonmapper.org/api/v1/catalog/asset/l3a-vis-ch4-mfa-v3/2023/06/08/emi20230608t162346p11016-F/emi20230608t162346p11016-F_l3a-vis-ch4-mfa-v3_rgb.tif,https://api.carbonmapper.org/api/v1/catalog/asset/l3a-vis-ch4-mfa-v3/2023/06/08/emi20230608t162346p11016-F/emi20230608t162346p11016-F_l3a-vis-ch4-mfa-v3_rgb.png,1,EMIT_L2A_RFL_001_20230608T162346_2315911_016,/mnt/engg-leung/Research_No9_Methane_Emissions/Yuyao/raw_data_dir_l89_L2SR/EMIT_simulated_landsat9/emi20230608t162346p11016-F_sim_L9.tif,/mnt/engg-leung/Research_No9_Methane_Emissions/Yuyao/Dataset/data_dir_l89_L2SR/plume_masks_l89_512/emi20230608t162346p11016-F/mask_30m_512.tif
emi20230616t211343p14025-A,32.82844352760915,-103.74378864996396,2023-06-16 21:13:43+00:00,Oil & Gas (1B2),CH4,mfa,"[-103.77656232641537, 32.80341601958385, -103.70848086240224, 32.860622401057086]",emi,production,2023-07-19 19:49:11.109398+00:00,2025-03-25 23:20:03.048726+00:00,v3,3.18.1,,,,9481.236995338322,611.8840284814409,5.699509143829346,0.1919206231832504,242.13433837890625,3.6961379051208496,hrrr,ISS,NASA-JPL EMIT,https://api.carbonmapper.org/api/v1/catalog/asset/l3a-vis-ch4-mfa-v3/2023/06/16/emi20230616t211343p14025-A/emi20230616t211343p14025-A_l3a-vis-ch4-mfa-v3_plume.tif,https://api.carbonmapper.org/api/v1/catalog/asset/l3a-vis-ch4-mfa-v3/2023/06/16/emi20230616t211343p14025-A/emi20230616t211343p14025-A_l3a-vis-ch4-mfa-v3_plume.png,https://api.carbonmapper.org/api/v1/catalog/asset/l3a-ime-ch4-mfa-v3/2023/06/16/emi20230616t211343p14025-A/emi20230616t211343p14025-A_l3a-ime-ch4-mfa-v3_ime-cmf-concentrations.tif,https://api.carbonmapper.org/api/v1/catalog/asset/l3a-vis-ch4-mfa-v3/2023/06/16/emi20230616t211343p14025-A/emi20230616t211343p14025-A_l3a-vis-ch4-mfa-v3_rgb.tif,https://api.carbonmapper.org/api/v1/catalog/asset/l3a-vis-ch4-mfa-v3/2023/06/16/emi20230616t211343p14025-A/emi20230616t211343p14025-A_l3a-vis-ch4-mfa-v3_rgb.png,1,EMIT_L2A_RFL_001_20230616T211343_2316714_025,/mnt/engg-leung/Research_No9_Methane_Emissions/Yuyao/raw_data_dir_l89_L2SR/EMIT_simulated_landsat9/emi20230616t211343p14025-A_sim_L9.tif,/mnt/engg-leung/Research_No9_Methane_Emissions/Yuyao/Dataset/data_dir_l89_L2SR/plume_masks_l89_512/emi20230616t211343p14025-A/mask_30m_512.tif
emi20230616t211419p14028-A,31.33897309485121,-101.7968226974863,2023-06-16 21:14:19+00:00,Oil & Gas (1B2),CH4,mfa,"[-101.8202269580454, 31.302858508758767, -101.75146780379704, 31.362092093711453]",emi,production,2023-07-19 19:46:18.247633+00:00,2025-03-25 23:19:52.777983+00:00,v3,3.18.1,,,,,,4.240347862243652,0.6795274019241333,347.41192626953125,35.57518005371094,hrrr,ISS,NASA-JPL EMIT,https://api.carbonmapper.org/api/v1/catalog/asset/l3a-vis-ch4-mfa-v3/2023/06/16/emi20230616t211419p14028-A/emi20230616t211419p14028-A_l3a-vis-ch4-mfa-v3_plume.tif,https://api.carbonmapper.org/api/v1/catalog/asset/l3a-vis-ch4-mfa-v3/2023/06/16/emi20230616t211419p14028-A/emi20230616t211419p14028-A_l3a-vis-ch4-mfa-v3_plume.png,https://api.carbonmapper.org/api/v1/catalog/asset/l3a-ime-ch4-mfa-v3/2023/06/16/emi20230616t211419p14028-A/emi20230616t211419p14028-A_l3a-ime-ch4-mfa-v3_ime-cmf-concentrations.tif,https://api.carbonmapper.org/api/v1/catalog/asset/l3a-vis-ch4-mfa-v3/2023/06/16/emi20230616t211419p14028-A/emi20230616t211419p14028-A_l3a-vis-ch4-mfa-v3_rgb.tif,https://api.carbonmapper.org/api/v1/catalog/asset/l3a-vis-ch4-mfa-v3/2023/06/16/emi20230616t211419p14028-A/emi20230616t211419p14028-A_l3a-vis-ch4-mfa-v3_rgb.png,1,EMIT_L2A_RFL_001_20230616T211419_2316714_028,/mnt/engg-leung/Research_No9_Methane_Emissions/Yuyao/raw_data_dir_l89_L2SR/EMIT_simulated_landsat9/emi20230616t211419p14028-A_sim_L9.tif,/mnt/engg-leung/Research_No9_Methane_Emissions/Yuyao/Dataset/data_dir_l89_L2SR/plume_masks_l89_512/emi20230616t211419p14028-A/mask_30m_512.tif
emi20230616t211419p14028-B,31.34612805832684,-101.79736668862132,2023-06-16 21:14:19+00:00,Oil & Gas (1B2),CH4,mfa,"[-101.8202946925983, 31.301348460805034, -101.75153515340075, 31.360081493606323]",emi,production,2023-08-12 15:43:12.205505+00:00,2025-03-25 23:19:47.123642+00:00,v3,3.18.1,,,,,,4.240347862243652,0.6795274019241333,347.41192626953125,35.57518005371094,hrrr,ISS,NASA-JPL EMIT,https://api.carbonmapper.org/api/v1/catalog/asset/l3a-vis-ch4-mfa-v3/2023/06/16/emi20230616t211419p14028-B/emi20230616t211419p14028-B_l3a-vis-ch4-mfa-v3_plume.tif,https://api.carbonmapper.org/api/v1/catalog/asset/l3a-vis-ch4-mfa-v3/2023/06/16/emi20230616t211419p14028-B/emi20230616t211419p14028-B_l3a-vis-ch4-mfa-v3_plume.png,https://api.carbonmapper.org/api/v1/catalog/asset/l3a-ime-ch4-mfa-v3/2023/06/16/emi20230616t211419p14028-B/emi20230616t211419p14028-B_l3a-ime-ch4-mfa-v3_ime-cmf-concentrations.tif,https://api.carbonmapper.org/api/v1/catalog/asset/l3a-vis-ch4-mfa-v3/2023/06/16/emi20230616t211419p14028-B/emi20230616t211419p14028-B_l3a-vis-ch4-mfa-v3_rgb.tif,https://api.carbonmapper.org/api/v1/catalog/asset/l3a-vis-ch4-mfa-v3/2023/06/16/emi20230616t211419p14028-B/emi20230616t211419p14028-B_l3a-vis-ch4-mfa-v3_rgb.png,1,EMIT_L2A_RFL_001_20230616T211419_2316714_028,/mnt/engg-leung/Research_No9_Methane_Emissions/Yuyao/raw_data_dir_l89_L2SR/EMIT_simulated_landsat9/emi20230616t211419p14028-B_sim_L9.tif,/mnt/engg-leung/Research_No9_Methane_Emissions/Yuyao/Dataset/data_dir_l89_L2SR/plume_masks_l89_512/emi20230616t211419p14028-B/mask_30m_512.tif
emi20230616t211419p14028-C,31.48004767910536,-101.83307716120908,2023-06-16 21:14:19+00:00,Oil & Gas (1B2),CH4,mfa,"[-101.87491403791039, 31.43961328627941, -101.80605285553985, 31.498848397581128]",emi,production,2023-07-19 19:47:17.833551+00:00,2025-03-25 22:42:50.466041+00:00,v3,3.18.1,,,,9429.539711420868,2553.8975834048847,4.393597602844238,1.118844509124756,13.71788215637207,15.944368362426758,hrrr,ISS,NASA-JPL EMIT,https://api.carbonmapper.org/api/v1/catalog/asset/l3a-vis-ch4-mfa-v3/2023/06/16/emi20230616t211419p14028-C/emi20230616t211419p14028-C_l3a-vis-ch4-mfa-v3_plume.tif,https://api.carbonmapper.org/api/v1/catalog/asset/l3a-vis-ch4-mfa-v3/2023/06/16/emi20230616t211419p14028-C/emi20230616t211419p14028-C_l3a-vis-ch4-mfa-v3_plume.png,https://api.carbonmapper.org/api/v1/catalog/asset/l3a-ime-ch4-mfa-v3/2023/06/16/emi20230616t211419p14028-C/emi20230616t211419p14028-C_l3a-ime-ch4-mfa-v3_ime-cmf-concentrations.tif,https://api.carbonmapper.org/api/v1/catalog/asset/l3a-vis-ch4-mfa-v3/2023/06/16/emi20230616t211419p14028-C/emi20230616t211419p14028-C_l3a-vis-ch4-mfa-v3_rgb.tif,https://api.carbonmapper.org/api/v1/catalog/asset/l3a-vis-ch4-mfa-v3/2023/06/16/emi20230616t211419p14028-C/emi20230616t211419p14028-C_l3a-vis-ch4-mfa-v3_rgb.png,1,EMIT_L2A_RFL_001_20230616T211419_2316714_028,/mnt/engg-leung/Research_No9_Methane_Emissions/Yuyao/raw_data_dir_l89_L2SR/EMIT_simulated_landsat9/emi20230616t211419p14028-C_sim_L9.tif,/mnt/engg-leung/Research_No9_Methane_Emissions/Yuyao/Dataset/data_dir_l89_L2SR/plume_masks_l89_512/emi20230616t211419p14028-C/mask_30m_512.tif
emi20230616t211419p14028-D,31.56152577640736,-101.88006110022916,2023-06-16 21:14:19+00:00,Oil & Gas (1B2),CH4,mfa,"[-101.91552141175627, 31.526174815368698, -101.84659505533584, 31.585411095860447]",emi,production,2023-07-19 19:47:51.954115+00:00,2025-03-25 22:42:56.161654+00:00,v3,3.18.1,,,,3626.183036764359,1023.875209803706,4.024301528930664,1.1020896434783936,7.957080364227295,12.436079025268556,hrrr,ISS,NASA-JPL EMIT,https://api.carbonmapper.org/api/v1/catalog/asset/l3a-vis-ch4-mfa-v3/2023/06/16/emi20230616t211419p14028-D/emi20230616t211419p14028-D_l3a-vis-ch4-mfa-v3_plume.tif,https://api.carbonmapper.org/api/v1/catalog/asset/l3a-vis-ch4-mfa-v3/2023/06/16/emi20230616t211419p14028-D/emi20230616t211419p14028-D_l3a-vis-ch4-mfa-v3_plume.png,https://api.carbonmapper.org/api/v1/catalog/asset/l3a-ime-ch4-mfa-v3/2023/06/16/emi20230616t211419p14028-D/emi20230616t211419p14028-D_l3a-ime-ch4-mfa-v3_ime-cmf-concentrations.tif,https://api.carbonmapper.org/api/v1/catalog/asset/l3a-vis-ch4-mfa-v3/2023/06/16/emi20230616t211419p14028-D/emi20230616t211419p14028-D_l3a-vis-ch4-mfa-v3_rgb.tif,https://api.carbonmapper.org/api/v1/catalog/asset/l3a-vis-ch4-mfa-v3/2023/06/16/emi20230616t211419p14028-D/emi20230616t211419p14028-D_l3a-vis-ch4-mfa-v3_rgb.png,1,EMIT_L2A_RFL_001_20230616T211419_2316714_028,/mnt/engg-leung/Research_No9_Methane_Emissions/Yuyao/raw_data_dir_l89_L2SR/EMIT_simulated_landsat9/emi20230616t211419p14028-D_sim_L9.tif,/mnt/engg-leung/Research_No9_Methane_Emissions/Yuyao/Dataset/data_dir_l89_L2SR/plume_masks_l89_512/emi20230616t211419p14028-D/mask_30m_512.tif
emi20230616t211419p14028-E,31.48893216043826,-101.64597709853574,2023-06-16 21:14:19+00:00,Oil & Gas (1B2),CH4,mfa,"[-101.68999527036202, 31.456095129549773, -101.62112926487008, 31.514822177528252]",emi,production,2023-07-19 19:48:28.529064+00:00,2025-03-25 22:57:12.630676+00:00,v3,3.18.1,,,,8623.334869691827,2273.576011600216,4.0665669441223145,1.0056848526000977,7.777615547180176,10.432621002197266,hrrr,ISS,NASA-JPL EMIT,https://api.carbonmapper.org/api/v1/catalog/asset/l3a-vis-ch4-mfa-v3/2023/06/16/emi20230616t211419p14028-E/emi20230616t211419p14028-E_l3a-vis-ch4-mfa-v3_plume.tif,https://api.carbonmapper.org/api/v1/catalog/asset/l3a-vis-ch4-mfa-v3/2023/06/16/emi20230616t211419p14028-E/emi20230616t211419p14028-E_l3a-vis-ch4-mfa-v3_plume.png,https://api.carbonmapper.org/api/v1/catalog/asset/l3a-ime-ch4-mfa-v3/2023/06/16/emi20230616t211419p14028-E/emi20230616t211419p14028-E_l3a-ime-ch4-mfa-v3_ime-cmf-concentrations.tif,https://api.carbonmapper.org/api/v1/catalog/asset/l3a-vis-ch4-mfa-v3/2023/06/16/emi20230616t211419p14028-E/emi20230616t211419p14028-E_l3a-vis-ch4-mfa-v3_rgb.tif,https://api.carbonmapper.org/api/v1/catalog/asset/l3a-vis-ch4-mfa-v3/2023/06/16/emi20230616t211419p14028-E/emi20230616t211419p14028-E_l3a-vis-ch4-mfa-v3_rgb.png,1,EMIT_L2A_RFL_001_20230616T211419_2316714_028,/mnt/engg-leung/Research_No9_Methane_Emissions/Yuyao/raw_data_dir_l89_L2SR/EMIT_simulated_landsat9/emi20230616t211419p14028-E_sim_L9.tif,/mnt/engg-leung/Research_No9_Methane_Emissions/Yuyao/Dataset/data_dir_l89_L2SR/plume_masks_l89_512/emi20230616t211419p14028-E/mask_30m_512.tif
emi20230616t211431p14029-B,31.27519238197293,-101.6932298971109,2023-06-16 21:14:31+00:00,Oil & Gas (1B2),CH4,mfa,"[-101.72759438386478, 31.241586664337472, -101.65927635348444, 31.299979695362424]",emi,production,2023-08-05 18:19:08.308064+00:00,2025-03-25 22:44:21.785972+00:00,v3,3.18.1,,,,2841.2321798968264,834.4754864056099,3.589726209640503,0.3963061273097992,340.5723571777344,35.29922866821289,hrrr,ISS,NASA-JPL EMIT,https://api.carbonmapper.org/api/v1/catalog/asset/l3a-vis-ch4-mfa-v3/2023/06/16/emi20230616t211431p14029-B/emi20230616t211431p14029-B_l3a-vis-ch4-mfa-v3_plume.tif,https://api.carbonmapper.org/api/v1/catalog/asset/l3a-vis-ch4-mfa-v3/2023/06/16/emi20230616t211431p14029-B/emi20230616t211431p14029-B_l3a-vis-ch4-mfa-v3_plume.png,https://api.carbonmapper.org/api/v1/catalog/asset/l3a-ime-ch4-mfa-v3/2023/06/16/emi20230616t211431p14029-B/emi20230616t211431p14029-B_l3a-ime-ch4-mfa-v3_ime-cmf-concentrations.tif,https://api.carbonmapper.org/api/v1/catalog/asset/l3a-vis-ch4-mfa-v3/2023/06/16/emi20230616t211431p14029-B/emi20230616t211431p14029-B_l3a-vis-ch4-mfa-v3_rgb.tif,https://api.carbonmapper.org/api/v1/catalog/asset/l3a-vis-ch4-mfa-v3/2023/06/16/emi20230616t211431p14029-B/emi20230616t211431p14029-B_l3a-vis-ch4-mfa-v3_rgb.png,1,EMIT_L2A_RFL_001_20230616T211431_2316714_029,/mnt/engg-leung/Research_No9_Methane_Emissions/Yuyao/raw_data_dir_l89_L2SR/EMIT_simulated_landsat9/emi20230616t211431p14029-B_sim_L9.tif,/mnt/engg-leung/Research_No9_Methane_Emissions/Yuyao/Dataset/data_dir_l89_L2SR/plume_masks_l89_512/emi20230616t211431p14029-B/mask_30m_512.tif
emi20230616t211431p14029-C,31.162049492486844,-101.30024379969372,2023-06-16 21:14:31+00:00,Oil & Gas (1B2),CH4,mfa,"[-101.37015247733517, 31.106533046718155, -101.27896106120997, 31.184579767269184]",emi,production,2023-09-14 20:54:21.084453+00:00,2025-08-23 02:55:06.326930+00:00,v3,3.18.1,,,,2059.8447914225494,432.99641794679366,4.4094061851501465,0.1818066388368606,331.8887023925781,31.038236618041992,hrrr,ISS,NASA-JPL EMIT,https://api.carbonmapper.org/api/v1/catalog/asset/l3a-vis-ch4-mfa-v3/2023/06/16/emi20230616t211431p14029-C/emi20230616t211431p14029-C_l3a-vis-ch4-mfa-v3_plume.tif,https://api.carbonmapper.org/api/v1/catalog/asset/l3a-vis-ch4-mfa-v3/2023/06/16/emi20230616t211431p14029-C/emi20230616t211431p14029-C_l3a-vis-ch4-mfa-v3_plume.png,https://api.carbonmapper.org/api/v1/catalog/asset/l3a-ime-ch4-mfa-v3/2023/06/16/emi20230616t211431p14029-C/emi20230616t211431p14029-C_l3a-ime-ch4-mfa-v3_ime-cmf-concentrations.tif,https://api.carbonmapper.org/api/v1/catalog/asset/l3a-vis-ch4-mfa-v3/2023/06/16/emi20230616t211431p14029-C/emi20230616t211431p14029-C_l3a-vis-ch4-mfa-v3_rgb.tif,https://api.carbonmapper.org/api/v1/catalog/asset/l3a-vis-ch4-mfa-v3/2023/06/16/emi20230616t211431p14029-C/emi20230616t211431p14029-C_l3a-vis-ch4-mfa-v3_rgb.png,1,EMIT_L2A_RFL_001_20230616T211431_2316714_029,/mnt/engg-leung/Research_No9_Methane_Emissions/Yuyao/raw_data_dir_l89_L2SR/EMIT_simulated_landsat9/emi20230616t211431p14029-C_sim_L9.tif,/mnt/engg-leung/Research_No9_Methane_Emissions/Yuyao/Dataset/data_dir_l89_L2SR/plume_masks_l89_512/emi20230616t211431p14029-C/mask_30m_512.tif
emi20230620t193644p13023-A,32.43289364177041,-101.8316767039614,2023-06-20 19:36:44+00:00,Oil & Gas (1B2),CH4,mfa,"[-101.86701868531377, 32.40206960749104, -101.79780887235896, 32.460485127854035]",emi,production,2023-07-19 19:44:20.594610+00:00,2025-03-25 23:19:06.480525+00:00,v3,3.18.1,,,,,,2.0295631885528564,0.7616344094276428,290.3365783691406,29.63176727294922,hrrr,ISS,NASA-JPL EMIT,https://api.carbonmapper.org/api/v1/catalog/asset/l3a-vis-ch4-mfa-v3/2023/06/20/emi20230620t193644p13023-A/emi20230620t193644p13023-A_l3a-vis-ch4-mfa-v3_plume.tif,https://api.carbonmapper.org/api/v1/catalog/asset/l3a-vis-ch4-mfa-v3/2023/06/20/emi20230620t193644p13023-A/emi20230620t193644p13023-A_l3a-vis-ch4-mfa-v3_plume.png,https://api.carbonmapper.org/api/v1/catalog/asset/l3a-ime-ch4-mfa-v3/2023/06/20/emi20230620t193644p13023-A/emi20230620t193644p13023-A_l3a-ime-ch4-mfa-v3_ime-cmf-concentrations.tif,https://api.carbonmapper.org/api/v1/catalog/asset/l3a-vis-ch4-mfa-v3/2023/06/20/emi20230620t193644p13023-A/emi20230620t193644p13023-A_l3a-vis-ch4-mfa-v3_rgb.tif,https://api.carbonmapper.org/api/v1/catalog/asset/l3a-vis-ch4-mfa-v3/2023/06/20/emi20230620t193644p13023-A/emi20230620t193644p13023-A_l3a-vis-ch4-mfa-v3_rgb.png,1,EMIT_L2A_RFL_001_20230620T193644_2317113_023,/mnt/engg-leung/Research_No9_Methane_Emissions/Yuyao/raw_data_dir_l89_L2SR/EMIT_simulated_landsat9/emi20230620t193644p13023-A_sim_L9.tif,/mnt/engg-leung/Research_No9_Methane_Emissions/Yuyao/Dataset/data_dir_l89_L2SR/plume_masks_l89_512/emi20230620t193644p13023-A/mask_30m_512.tif
emi20230620t193644p13023-B,32.20105506900838,-101.99435839734512,2023-06-20 19:36:44+00:00,Oil & Gas (1B2),CH4,mfa,"[-102.0270119984838, 32.16563518590482, -101.9585644824346, 32.22355844117217]",emi,production,2023-07-19 19:44:54.655508+00:00,2025-03-25 22:42:18.122092+00:00,v3,3.18.1,,,,2270.689009010945,577.2523566544894,2.097437620162964,0.4377270340919494,314.84259033203125,12.362072944641112,hrrr,ISS,NASA-JPL EMIT,https://api.carbonmapper.org/api/v1/catalog/asset/l3a-vis-ch4-mfa-v3/2023/06/20/emi20230620t193644p13023-B/emi20230620t193644p13023-B_l3a-vis-ch4-mfa-v3_plume.tif,https://api.carbonmapper.org/api/v1/catalog/asset/l3a-vis-ch4-mfa-v3/2023/06/20/emi20230620t193644p13023-B/emi20230620t193644p13023-B_l3a-vis-ch4-mfa-v3_plume.png,https://api.carbonmapper.org/api/v1/catalog/asset/l3a-ime-ch4-mfa-v3/2023/06/20/emi20230620t193644p13023-B/emi20230620t193644p13023-B_l3a-ime-ch4-mfa-v3_ime-cmf-concentrations.tif,https://api.carbonmapper.org/api/v1/catalog/asset/l3a-vis-ch4-mfa-v3/2023/06/20/emi20230620t193644p13023-B/emi20230620t193644p13023-B_l3a-vis-ch4-mfa-v3_rgb.tif,https://api.carbonmapper.org/api/v1/catalog/asset/l3a-vis-ch4-mfa-v3/2023/06/20/emi20230620t193644p13023-B/emi20230620t193644p13023-B_l3a-vis-ch4-mfa-v3_rgb.png,1,EMIT_L2A_RFL_001_20230620T193644_2317113_023,/mnt/engg-leung/Research_No9_Methane_Emissions/Yuyao/raw_data_dir_l89_L2SR/EMIT_simulated_landsat9/emi20230620t193644p13023-B_sim_L9.tif,/mnt/engg-leung/Research_No9_Methane_Emissions/Yuyao/Dataset/data_dir_l89_L2SR/plume_masks_l89_512/emi20230620t193644p13023-B/mask_30m_512.tif
emi20230620t193644p13023-C,32.35934285394775,-101.87075092162816,2023-06-20 19:36:44+00:00,,CH4,mfa,"[-101.9001933344702, 32.32879958723788, -101.831039200897, 32.38771460928352]",emi,production,2023-08-05 18:18:41.942384+00:00,2025-03-25 23:20:04.864438+00:00,v3,3.18.1,,,,,,1.8657546043396,0.4027724862098694,314.82568359375,30.71430969238281,hrrr,ISS,NASA-JPL EMIT,https://api.carbonmapper.org/api/v1/catalog/asset/l3a-vis-ch4-mfa-v3/2023/06/20/emi20230620t193644p13023-C/emi20230620t193644p13023-C_l3a-vis-ch4-mfa-v3_plume.tif,https://api.carbonmapper.org/api/v1/catalog/asset/l3a-vis-ch4-mfa-v3/2023/06/20/emi20230620t193644p13023-C/emi20230620t193644p13023-C_l3a-vis-ch4-mfa-v3_plume.png,https://api.carbonmapper.org/api/v1/catalog/asset/l3a-ime-ch4-mfa-v3/2023/06/20/emi20230620t193644p13023-C/emi20230620t193644p13023-C_l3a-ime-ch4-mfa-v3_ime-cmf-concentrations.tif,https://api.carbonmapper.org/api/v1/catalog/asset/l3a-vis-ch4-mfa-v3/2023/06/20/emi20230620t193644p13023-C/emi20230620t193644p13023-C_l3a-vis-ch4-mfa-v3_rgb.tif,https://api.carbonmapper.org/api/v1/catalog/asset/l3a-vis-ch4-mfa-v3/2023/06/20/emi20230620t193644p13023-C/emi20230620t193644p13023-C_l3a-vis-ch4-mfa-v3_rgb.png,1,EMIT_L2A_RFL_001_20230620T193644_2317113_023,/mnt/engg-leung/Research_No9_Methane_Emissions/Yuyao/raw_data_dir_l89_L2SR/EMIT_simulated_landsat9/emi20230620t193644p13023-C_sim_L9.tif,/mnt/engg-leung/Research_No9_Methane_Emissions/Yuyao/Dataset/data_dir_l89_L2SR/plume_masks_l89_512/emi20230620t193644p13023-C/mask_30m_512.tif
emi20230620t193656p13024-A,31.73639348333244,-101.79643048964743,2023-06-20 19:36:56+00:00,Oil & Gas (1B2),CH4,mfa,"[-101.82382462406078, 31.681011631660045, -101.74258060534478, 31.74962271188352]",emi,production,2023-07-19 19:34:24.477034+00:00,2025-03-25 22:42:22.537504+00:00,v3,3.18.1,,,,,,2.9294652938842773,0.2862411141395569,341.7758178710937,7.966197967529297,hrrr,ISS,NASA-JPL EMIT,https://api.carbonmapper.org/api/v1/catalog/asset/l3a-vis-ch4-mfa-v3/2023/06/20/emi20230620t193656p13024-A/emi20230620t193656p13024-A_l3a-vis-ch4-mfa-v3_plume.tif,https://api.carbonmapper.org/api/v1/catalog/asset/l3a-vis-ch4-mfa-v3/2023/06/20/emi20230620t193656p13024-A/emi20230620t193656p13024-A_l3a-vis-ch4-mfa-v3_plume.png,https://api.carbonmapper.org/api/v1/catalog/asset/l3a-ime-ch4-mfa-v3/2023/06/20/emi20230620t193656p13024-A/emi20230620t193656p13024-A_l3a-ime-ch4-mfa-v3_ime-cmf-concentrations.tif,https://api.carbonmapper.org/api/v1/catalog/asset/l3a-vis-ch4-mfa-v3/2023/06/20/emi20230620t193656p13024-A/emi20230620t193656p13024-A_l3a-vis-ch4-mfa-v3_rgb.tif,https://api.carbonmapper.org/api/v1/catalog/asset/l3a-vis-ch4-mfa-v3/2023/06/20/emi20230620t193656p13024-A/emi20230620t193656p13024-A_l3a-vis-ch4-mfa-v3_rgb.png,1,EMIT_L2A_RFL_001_20230620T193656_2317113_024,/mnt/engg-leung/Research_No9_Methane_Emissions/Yuyao/raw_data_dir_l89_L2SR/EMIT_simulated_landsat9/emi20230620t193656p13024-A_sim_L9.tif,/mnt/engg-leung/Research_No9_Methane_Emissions/Yuyao/Dataset/data_dir_l89_L2SR/plume_masks_l89_512/emi20230620t193656p13024-A/mask_30m_512.tif
emi20230620t193656p13024-B,32.05430675479251,-101.82250320532864,2023-06-20 19:36:56+00:00,Oil & Gas (1B2),CH4,mfa,"[-101.85234606676754, 32.02514936026673, -101.78439804223767, 32.0832392398848]",emi,production,2023-07-19 19:35:05.382168+00:00,2025-03-25 22:42:22.660717+00:00,v3,3.18.1,,,,2973.592387164216,576.3904339665037,3.0087811946868896,0.3756073713302612,304.8802185058594,23.430126190185547,hrrr,ISS,NASA-JPL EMIT,https://api.carbonmapper.org/api/v1/catalog/asset/l3a-vis-ch4-mfa-v3/2023/06/20/emi20230620t193656p13024-B/emi20230620t193656p13024-B_l3a-vis-ch4-mfa-v3_plume.tif,https://api.carbonmapper.org/api/v1/catalog/asset/l3a-vis-ch4-mfa-v3/2023/06/20/emi20230620t193656p13024-B/emi20230620t193656p13024-B_l3a-vis-ch4-mfa-v3_plume.png,https://api.carbonmapper.org/api/v1/catalog/asset/l3a-ime-ch4-mfa-v3/2023/06/20/emi20230620t193656p13024-B/emi20230620t193656p13024-B_l3a-ime-ch4-mfa-v3_ime-cmf-concentrations.tif,https://api.carbonmapper.org/api/v1/catalog/asset/l3a-vis-ch4-mfa-v3/2023/06/20/emi20230620t193656p13024-B/emi20230620t193656p13024-B_l3a-vis-ch4-mfa-v3_rgb.tif,https://api.carbonmapper.org/api/v1/catalog/asset/l3a-vis-ch4-mfa-v3/2023/06/20/emi20230620t193656p13024-B/emi20230620t193656p13024-B_l3a-vis-ch4-mfa-v3_rgb.png,1,EMIT_L2A_RFL_001_20230620T193656_2317113_024,/mnt/engg-leung/Research_No9_Methane_Emissions/Yuyao/raw_data_dir_l89_L2SR/EMIT_simulated_landsat9/emi20230620t193656p13024-B_sim_L9.tif,/mnt/engg-leung/Research_No9_Methane_Emissions/Yuyao/Dataset/data_dir_l89_L2SR/plume_masks_l89_512/emi20230620t193656p13024-B/mask_30m_512.tif
emi20230620t193656p13024-D,32.17946875799808,-101.72821125284814,2023-06-20 19:36:56+00:00,Oil & Gas (1B2),CH4,mfa,"[-101.74518068464299, 32.14903136627209, -101.6753610542028, 32.20762551935027]",emi,production,2023-09-14 20:53:33.399960+00:00,2025-08-23 02:55:07.087735+00:00,v3,3.18.1,,,,1615.7528891958425,269.89666205314927,2.54175066947937,0.3005792200565338,348.6897888183594,2.7240583896636963,hrrr,ISS,NASA-JPL EMIT,https://api.carbonmapper.org/api/v1/catalog/asset/l3a-vis-ch4-mfa-v3/2023/06/20/emi20230620t193656p13024-D/emi20230620t193656p13024-D_l3a-vis-ch4-mfa-v3_plume.tif,https://api.carbonmapper.org/api/v1/catalog/asset/l3a-vis-ch4-mfa-v3/2023/06/20/emi20230620t193656p13024-D/emi20230620t193656p13024-D_l3a-vis-ch4-mfa-v3_plume.png,https://api.carbonmapper.org/api/v1/catalog/asset/l3a-ime-ch4-mfa-v3/2023/06/20/emi20230620t193656p13024-D/emi20230620t193656p13024-D_l3a-ime-ch4-mfa-v3_ime-cmf-concentrations.tif,https://api.carbonmapper.org/api/v1/catalog/asset/l3a-vis-ch4-mfa-v3/2023/06/20/emi20230620t193656p13024-D/emi20230620t193656p13024-D_l3a-vis-ch4-mfa-v3_rgb.tif,https://api.carbonmapper.org/api/v1/catalog/asset/l3a-vis-ch4-mfa-v3/2023/06/20/emi20230620t193656p13024-D/emi20230620t193656p13024-D_l3a-vis-ch4-mfa-v3_rgb.png,1,EMIT_L2A_RFL_001_20230620T193656_2317113_024,/mnt/engg-leung/Research_No9_Methane_Emissions/Yuyao/raw_data_dir_l89_L2SR/EMIT_simulated_landsat9/emi20230620t193656p13024-D_sim_L9.tif,/mnt/engg-leung/Research_No9_Methane_Emissions/Yuyao/Dataset/data_dir_l89_L2SR/plume_masks_l89_512/emi20230620t193656p13024-D/mask_30m_512.tif
emi20230620t193656p13024-E,32.33723852252224,-101.70549097748584,2023-06-20 19:36:56+00:00,Oil & Gas (1B2),CH4,mfa,"[-101.73262121294493, 32.30147569182144, -101.66268463881006, 32.360069522331585]",emi,production,2023-07-19 19:43:33.124884+00:00,2025-03-25 23:09:40.916684+00:00,v3,3.18.1,,,,1686.9624716674325,449.7615766940344,1.9344617128372192,0.483556866645813,291.83184814453125,28.81793975830078,hrrr,ISS,NASA-JPL EMIT,https://api.carbonmapper.org/api/v1/catalog/asset/l3a-vis-ch4-mfa-v3/2023/06/20/emi20230620t193656p13024-E/emi20230620t193656p13024-E_l3a-vis-ch4-mfa-v3_plume.tif,https://api.carbonmapper.org/api/v1/catalog/asset/l3a-vis-ch4-mfa-v3/2023/06/20/emi20230620t193656p13024-E/emi20230620t193656p13024-E_l3a-vis-ch4-mfa-v3_plume.png,https://api.carbonmapper.org/api/v1/catalog/asset/l3a-ime-ch4-mfa-v3/2023/06/20/emi20230620t193656p13024-E/emi20230620t193656p13024-E_l3a-ime-ch4-mfa-v3_ime-cmf-concentrations.tif,https://api.carbonmapper.org/api/v1/catalog/asset/l3a-vis-ch4-mfa-v3/2023/06/20/emi20230620t193656p13024-E/emi20230620t193656p13024-E_l3a-vis-ch4-mfa-v3_rgb.tif,https://api.carbonmapper.org/api/v1/catalog/asset/l3a-vis-ch4-mfa-v3/2023/06/20/emi20230620t193656p13024-E/emi20230620t193656p13024-E_l3a-vis-ch4-mfa-v3_rgb.png,1,EMIT_L2A_RFL_001_20230620T193656_2317113_024,/mnt/engg-leung/Research_No9_Methane_Emissions/Yuyao/raw_data_dir_l89_L2SR/EMIT_simulated_landsat9/emi20230620t193656p13024-E_sim_L9.tif,/mnt/engg-leung/Research_No9_Methane_Emissions/Yuyao/Dataset/data_dir_l89_L2SR/plume_masks_l89_512/emi20230620t193656p13024-E/mask_30m_512.tif
emi20230620t193656p13024-H,31.84459536231813,-101.77181936851092,2023-06-20 19:36:56+00:00,Oil & Gas (1B2),CH4,mfa,"[-101.80522100682887, 31.813739929735195, -101.73624487586218, 31.87233491623785]",emi,production,2024-12-17 19:21:59.488991+00:00,2025-03-25 22:45:10.698210+00:00,v3,3.18.1,,,,997.6847001981848,331.6962720529207,3.028268575668335,0.681336522102356,333.1576232910156,12.758991241455078,hrrr,ISS,NASA-JPL EMIT,https://api.carbonmapper.org/api/v1/catalog/asset/l3a-vis-ch4-mfa-v3/2023/06/20/emi20230620t193656p13024-H/emi20230620t193656p13024-H_l3a-vis-ch4-mfa-v3_plume.tif,https://api.carbonmapper.org/api/v1/catalog/asset/l3a-vis-ch4-mfa-v3/2023/06/20/emi20230620t193656p13024-H/emi20230620t193656p13024-H_l3a-vis-ch4-mfa-v3_plume.png,https://api.carbonmapper.org/api/v1/catalog/asset/l3a-ime-ch4-mfa-v3/2023/06/20/emi20230620t193656p13024-H/emi20230620t193656p13024-H_l3a-ime-ch4-mfa-v3_ime-cmf-concentrations.tif,https://api.carbonmapper.org/api/v1/catalog/asset/l3a-vis-ch4-mfa-v3/2023/06/20/emi20230620t193656p13024-H/emi20230620t193656p13024-H_l3a-vis-ch4-mfa-v3_rgb.tif,https://api.carbonmapper.org/api/v1/catalog/asset/l3a-vis-ch4-mfa-v3/2023/06/20/emi20230620t193656p13024-H/emi20230620t193656p13024-H_l3a-vis-ch4-mfa-v3_rgb.png,1,EMIT_L2A_RFL_001_20230620T193656_2317113_024,/mnt/engg-leung/Research_No9_Methane_Emissions/Yuyao/raw_data_dir_l89_L2SR/EMIT_simulated_landsat9/emi20230620t193656p13024-H_sim_L9.tif,/mnt/engg-leung/Research_No9_Methane_Emissions/Yuyao/Dataset/data_dir_l89_L2SR/plume_masks_l89_512/emi20230620t193656p13024-H/mask_30m_512.tif
emi20230620t193708p13025-A,31.02831133160165,-101.2829561111564,2023-06-20 19:37:08+00:00,Oil & Gas (1B2),CH4,mfa,"[-101.32319118213073, 30.99679793543519, -101.25581510401355, 31.05503685904383]",emi,production,2023-07-19 19:23:55.765219+00:00,2025-03-25 22:42:26.276334+00:00,v3,3.18.1,,,,4359.738851524447,1181.2791273807125,3.5176210403442383,0.8597032427787781,347.8482971191406,9.542308807373049,hrrr,ISS,NASA-JPL EMIT,https://api.carbonmapper.org/api/v1/catalog/asset/l3a-vis-ch4-mfa-v3/2023/06/20/emi20230620t193708p13025-A/emi20230620t193708p13025-A_l3a-vis-ch4-mfa-v3_plume.tif,https://api.carbonmapper.org/api/v1/catalog/asset/l3a-vis-ch4-mfa-v3/2023/06/20/emi20230620t193708p13025-A/emi20230620t193708p13025-A_l3a-vis-ch4-mfa-v3_plume.png,https://api.carbonmapper.org/api/v1/catalog/asset/l3a-ime-ch4-mfa-v3/2023/06/20/emi20230620t193708p13025-A/emi20230620t193708p13025-A_l3a-ime-ch4-mfa-v3_ime-cmf-concentrations.tif,https://api.carbonmapper.org/api/v1/catalog/asset/l3a-vis-ch4-mfa-v3/2023/06/20/emi20230620t193708p13025-A/emi20230620t193708p13025-A_l3a-vis-ch4-mfa-v3_rgb.tif,https://api.carbonmapper.org/api/v1/catalog/asset/l3a-vis-ch4-mfa-v3/2023/06/20/emi20230620t193708p13025-A/emi20230620t193708p13025-A_l3a-vis-ch4-mfa-v3_rgb.png,1,EMIT_L2A_RFL_001_20230620T193708_2317113_025,/mnt/engg-leung/Research_No9_Methane_Emissions/Yuyao/raw_data_dir_l89_L2SR/EMIT_simulated_landsat9/emi20230620t193708p13025-A_sim_L9.tif,/mnt/engg-leung/Research_No9_Methane_Emissions/Yuyao/Dataset/data_dir_l89_L2SR/plume_masks_l89_512/emi20230620t193708p13025-A/mask_30m_512.tif
emi20230620t193708p13025-B,31.028656578621515,-101.25003841200412,2023-06-20 19:37:08+00:00,Oil & Gas (1B2),CH4,mfa,"[-101.29036254310967, 30.993855435210456, -101.22240489741483, 31.05159057243433]",emi,production,2023-07-19 19:24:51.162997+00:00,2025-03-25 22:42:26.395922+00:00,v3,3.18.1,,,,3205.359485597721,873.3231167320494,3.237187623977661,0.8218274116516113,348.6313171386719,4.995423793792725,hrrr,ISS,NASA-JPL EMIT,https://api.carbonmapper.org/api/v1/catalog/asset/l3a-vis-ch4-mfa-v3/2023/06/20/emi20230620t193708p13025-B/emi20230620t193708p13025-B_l3a-vis-ch4-mfa-v3_plume.tif,https://api.carbonmapper.org/api/v1/catalog/asset/l3a-vis-ch4-mfa-v3/2023/06/20/emi20230620t193708p13025-B/emi20230620t193708p13025-B_l3a-vis-ch4-mfa-v3_plume.png,https://api.carbonmapper.org/api/v1/catalog/asset/l3a-ime-ch4-mfa-v3/2023/06/20/emi20230620t193708p13025-B/emi20230620t193708p13025-B_l3a-ime-ch4-mfa-v3_ime-cmf-concentrations.tif,https://api.carbonmapper.org/api/v1/catalog/asset/l3a-vis-ch4-mfa-v3/2023/06/20/emi20230620t193708p13025-B/emi20230620t193708p13025-B_l3a-vis-ch4-mfa-v3_rgb.tif,https://api.carbonmapper.org/api/v1/catalog/asset/l3a-vis-ch4-mfa-v3/2023/06/20/emi20230620t193708p13025-B/emi20230620t193708p13025-B_l3a-vis-ch4-mfa-v3_rgb.png,1,EMIT_L2A_RFL_001_20230620T193708_2317113_025,/mnt/engg-leung/Research_No9_Methane_Emissions/Yuyao/raw_data_dir_l89_L2SR/EMIT_simulated_landsat9/emi20230620t193708p13025-B_sim_L9.tif,/mnt/engg-leung/Research_No9_Methane_Emissions/Yuyao/Dataset/data_dir_l89_L2SR/plume_masks_l89_512/emi20230620t193708p13025-B/mask_30m_512.tif
emi20230620t193708p13025-C,31.11494188250335,-101.27923517819286,2023-06-20 19:37:08+00:00,Oil & Gas (1B2),CH4,mfa,"[-101.31475663276149, 31.08355078507596, -101.24673634595086, 31.14128466364394]",emi,production,2023-07-19 19:30:25.483122+00:00,2025-03-25 23:09:17.310078+00:00,v3,3.18.1,,,,1601.704759323694,512.5581011439374,3.2518022060394287,0.8538357019424438,351.0701599121094,84.7710189819336,hrrr,ISS,NASA-JPL EMIT,https://api.carbonmapper.org/api/v1/catalog/asset/l3a-vis-ch4-mfa-v3/2023/06/20/emi20230620t193708p13025-C/emi20230620t193708p13025-C_l3a-vis-ch4-mfa-v3_plume.tif,https://api.carbonmapper.org/api/v1/catalog/asset/l3a-vis-ch4-mfa-v3/2023/06/20/emi20230620t193708p13025-C/emi20230620t193708p13025-C_l3a-vis-ch4-mfa-v3_plume.png,https://api.carbonmapper.org/api/v1/catalog/asset/l3a-ime-ch4-mfa-v3/2023/06/20/emi20230620t193708p13025-C/emi20230620t193708p13025-C_l3a-ime-ch4-mfa-v3_ime-cmf-concentrations.tif,https://api.carbonmapper.org/api/v1/catalog/asset/l3a-vis-ch4-mfa-v3/2023/06/20/emi20230620t193708p13025-C/emi20230620t193708p13025-C_l3a-vis-ch4-mfa-v3_rgb.tif,https://api.carbonmapper.org/api/v1/catalog/asset/l3a-vis-ch4-mfa-v3/2023/06/20/emi20230620t193708p13025-C/emi20230620t193708p13025-C_l3a-vis-ch4-mfa-v3_rgb.png,1,EMIT_L2A_RFL_001_20230620T193708_2317113_025,/mnt/engg-leung/Research_No9_Methane_Emissions/Yuyao/raw_data_dir_l89_L2SR/EMIT_simulated_landsat9/emi20230620t193708p13025-C_sim_L9.tif,/mnt/engg-leung/Research_No9_Methane_Emissions/Yuyao/Dataset/data_dir_l89_L2SR/plume_masks_l89_512/emi20230620t193708p13025-C/mask_30m_512.tif
emi20230620t193708p13025-D,31.145908755239475,-101.33899594869584,2023-06-20 19:37:08+00:00,Oil & Gas (1B2),CH4,mfa,"[-101.37000174839137, 31.11580162841389, -101.30195883012193, 31.174036962988247]",emi,production,2023-07-19 19:31:19.109877+00:00,2025-08-23 02:55:00.548188+00:00,v3,3.18.1,,,,3498.7060966214763,517.5495217441767,3.551843881607056,0.1104676127433776,319.3460693359375,17.73386001586914,hrrr,ISS,NASA-JPL EMIT,https://api.carbonmapper.org/api/v1/catalog/asset/l3a-vis-ch4-mfa-v3/2023/06/20/emi20230620t193708p13025-D/emi20230620t193708p13025-D_l3a-vis-ch4-mfa-v3_plume.tif,https://api.carbonmapper.org/api/v1/catalog/asset/l3a-vis-ch4-mfa-v3/2023/06/20/emi20230620t193708p13025-D/emi20230620t193708p13025-D_l3a-vis-ch4-mfa-v3_plume.png,https://api.carbonmapper.org/api/v1/catalog/asset/l3a-ime-ch4-mfa-v3/2023/06/20/emi20230620t193708p13025-D/emi20230620t193708p13025-D_l3a-ime-ch4-mfa-v3_ime-cmf-concentrations.tif,https://api.carbonmapper.org/api/v1/catalog/asset/l3a-vis-ch4-mfa-v3/2023/06/20/emi20230620t193708p13025-D/emi20230620t193708p13025-D_l3a-vis-ch4-mfa-v3_rgb.tif,https://api.carbonmapper.org/api/v1/catalog/asset/l3a-vis-ch4-mfa-v3/2023/06/20/emi20230620t193708p13025-D/emi20230620t193708p13025-D_l3a-vis-ch4-mfa-v3_rgb.png,1,EMIT_L2A_RFL_001_20230620T193708_2317113_025,/mnt/engg-leung/Research_No9_Methane_Emissions/Yuyao/raw_data_dir_l89_L2SR/EMIT_simulated_landsat9/emi20230620t193708p13025-D_sim_L9.tif,/mnt/engg-leung/Research_No9_Methane_Emissions/Yuyao/Dataset/data_dir_l89_L2SR/plume_masks_l89_512/emi20230620t193708p13025-D/mask_30m_512.tif
emi20230620t193708p13025-E,31.209920252427388,-101.19797664656068,2023-06-20 19:37:08+00:00,Oil & Gas (1B2),CH4,mfa,"[-101.23154759187304, 31.179123773694226, -101.16345615339753, 31.236859779518674]",emi,production,2023-07-19 19:32:04.217020+00:00,2025-03-25 22:42:26.866923+00:00,v3,3.18.1,,,,,,3.970678329467773,0.5462002754211426,351.0738525390625,2.819263696670532,hrrr,ISS,NASA-JPL EMIT,https://api.carbonmapper.org/api/v1/catalog/asset/l3a-vis-ch4-mfa-v3/2023/06/20/emi20230620t193708p13025-E/emi20230620t193708p13025-E_l3a-vis-ch4-mfa-v3_plume.tif,https://api.carbonmapper.org/api/v1/catalog/asset/l3a-vis-ch4-mfa-v3/2023/06/20/emi20230620t193708p13025-E/emi20230620t193708p13025-E_l3a-vis-ch4-mfa-v3_plume.png,https://api.carbonmapper.org/api/v1/catalog/asset/l3a-ime-ch4-mfa-v3/2023/06/20/emi20230620t193708p13025-E/emi20230620t193708p13025-E_l3a-ime-ch4-mfa-v3_ime-cmf-concentrations.tif,https://api.carbonmapper.org/api/v1/catalog/asset/l3a-vis-ch4-mfa-v3/2023/06/20/emi20230620t193708p13025-E/emi20230620t193708p13025-E_l3a-vis-ch4-mfa-v3_rgb.tif,https://api.carbonmapper.org/api/v1/catalog/asset/l3a-vis-ch4-mfa-v3/2023/06/20/emi20230620t193708p13025-E/emi20230620t193708p13025-E_l3a-vis-ch4-mfa-v3_rgb.png,1,EMIT_L2A_RFL_001_20230620T193708_2317113_025,/mnt/engg-leung/Research_No9_Methane_Emissions/Yuyao/raw_data_dir_l89_L2SR/EMIT_simulated_landsat9/emi20230620t193708p13025-E_sim_L9.tif,/mnt/engg-leung/Research_No9_Methane_Emissions/Yuyao/Dataset/data_dir_l89_L2SR/plume_masks_l89_512/emi20230620t193708p13025-E/mask_30m_512.tif
emi20230620t193708p13025-F,31.188226288397395,-101.26675343568552,2023-06-20 19:37:08+00:00,Oil & Gas (1B2),CH4,mfa,"[-101.30017624280997, 31.15781183884905, -101.23210073244232, 31.21604923566749]",emi,production,2023-07-19 19:32:36.423698+00:00,2025-03-25 22:42:26.750249+00:00,v3,3.18.1,,,,,,4.578136920928955,0.7774204015731812,9.733315467834473,8.675798416137695,hrrr,ISS,NASA-JPL EMIT,https://api.carbonmapper.org/api/v1/catalog/asset/l3a-vis-ch4-mfa-v3/2023/06/20/emi20230620t193708p13025-F/emi20230620t193708p13025-F_l3a-vis-ch4-mfa-v3_plume.tif,https://api.carbonmapper.org/api/v1/catalog/asset/l3a-vis-ch4-mfa-v3/2023/06/20/emi20230620t193708p13025-F/emi20230620t193708p13025-F_l3a-vis-ch4-mfa-v3_plume.png,https://api.carbonmapper.org/api/v1/catalog/asset/l3a-ime-ch4-mfa-v3/2023/06/20/emi20230620t193708p13025-F/emi20230620t193708p13025-F_l3a-ime-ch4-mfa-v3_ime-cmf-concentrations.tif,https://api.carbonmapper.org/api/v1/catalog/asset/l3a-vis-ch4-mfa-v3/2023/06/20/emi20230620t193708p13025-F/emi20230620t193708p13025-F_l3a-vis-ch4-mfa-v3_rgb.tif,https://api.carbonmapper.org/api/v1/catalog/asset/l3a-vis-ch4-mfa-v3/2023/06/20/emi20230620t193708p13025-F/emi20230620t193708p13025-F_l3a-vis-ch4-mfa-v3_rgb.png,1,EMIT_L2A_RFL_001_20230620T193708_2317113_025,/mnt/engg-leung/Research_No9_Methane_Emissions/Yuyao/raw_data_dir_l89_L2SR/EMIT_simulated_landsat9/emi20230620t193708p13025-F_sim_L9.tif,/mnt/engg-leung/Research_No9_Methane_Emissions/Yuyao/Dataset/data_dir_l89_L2SR/plume_masks_l89_512/emi20230620t193708p13025-F/mask_30m_512.tif
emi20230620t193708p13025-I,31.10424785236509,-101.0562724671236,2023-06-20 19:37:08+00:00,Oil & Gas (1B2),CH4,mfa,"[-101.08570338892585, 31.0737521124428, -101.01767992507968, 31.131996598421633]",emi,production,2023-07-19 19:33:39.695699+00:00,2025-03-25 22:42:28.344952+00:00,v3,3.18.1,,,,,,4.16591739654541,0.9471563696861268,345.13287353515625,4.14312744140625,hrrr,ISS,NASA-JPL EMIT,https://api.carbonmapper.org/api/v1/catalog/asset/l3a-vis-ch4-mfa-v3/2023/06/20/emi20230620t193708p13025-I/emi20230620t193708p13025-I_l3a-vis-ch4-mfa-v3_plume.tif,https://api.carbonmapper.org/api/v1/catalog/asset/l3a-vis-ch4-mfa-v3/2023/06/20/emi20230620t193708p13025-I/emi20230620t193708p13025-I_l3a-vis-ch4-mfa-v3_plume.png,https://api.carbonmapper.org/api/v1/catalog/asset/l3a-ime-ch4-mfa-v3/2023/06/20/emi20230620t193708p13025-I/emi20230620t193708p13025-I_l3a-ime-ch4-mfa-v3_ime-cmf-concentrations.tif,https://api.carbonmapper.org/api/v1/catalog/asset/l3a-vis-ch4-mfa-v3/2023/06/20/emi20230620t193708p13025-I/emi20230620t193708p13025-I_l3a-vis-ch4-mfa-v3_rgb.tif,https://api.carbonmapper.org/api/v1/catalog/asset/l3a-vis-ch4-mfa-v3/2023/06/20/emi20230620t193708p13025-I/emi20230620t193708p13025-I_l3a-vis-ch4-mfa-v3_rgb.png,1,EMIT_L2A_RFL_001_20230620T193708_2317113_025,/mnt/engg-leung/Research_No9_Methane_Emissions/Yuyao/raw_data_dir_l89_L2SR/EMIT_simulated_landsat9/emi20230620t193708p13025-I_sim_L9.tif,/mnt/engg-leung/Research_No9_Methane_Emissions/Yuyao/Dataset/data_dir_l89_L2SR/plume_masks_l89_512/emi20230620t193708p13025-I/mask_30m_512.tif
emi20230624t175855p12021-A,32.45268458536772,-101.46623864220643,2023-06-24 17:58:55+00:00,Oil & Gas (1B2),CH4,mfa,"[-101.47829649661148, 32.435844098576325, -101.4097714729242, 32.49366015240986]",emi,production,2023-12-08 17:00:27.236569+00:00,2025-03-25 22:55:26.730388+00:00,v3,3.18.1,,,,9175.207192109325,1562.7220222786618,7.021557331085205,1.1468690633773804,233.2500457763672,3.987117528915405,hrrr,ISS,NASA-JPL EMIT,https://api.carbonmapper.org/api/v1/catalog/asset/l3a-vis-ch4-mfa-v3/2023/06/24/emi20230624t175855p12021-A/emi20230624t175855p12021-A_l3a-vis-ch4-mfa-v3_plume.tif,https://api.carbonmapper.org/api/v1/catalog/asset/l3a-vis-ch4-mfa-v3/2023/06/24/emi20230624t175855p12021-A/emi20230624t175855p12021-A_l3a-vis-ch4-mfa-v3_plume.png,https://api.carbonmapper.org/api/v1/catalog/asset/l3a-ime-ch4-mfa-v3/2023/06/24/emi20230624t175855p12021-A/emi20230624t175855p12021-A_l3a-ime-ch4-mfa-v3_ime-cmf-concentrations.tif,https://api.carbonmapper.org/api/v1/catalog/asset/l3a-vis-ch4-mfa-v3/2023/06/24/emi20230624t175855p12021-A/emi20230624t175855p12021-A_l3a-vis-ch4-mfa-v3_rgb.tif,https://api.carbonmapper.org/api/v1/catalog/asset/l3a-vis-ch4-mfa-v3/2023/06/24/emi20230624t175855p12021-A/emi20230624t175855p12021-A_l3a-vis-ch4-mfa-v3_rgb.png,1,EMIT_L2A_RFL_001_20230624T175855_2317512_021,/mnt/engg-leung/Research_No9_Methane_Emissions/Yuyao/raw_data_dir_l89_L2SR/EMIT_simulated_landsat9/emi20230624t175855p12021-A_sim_L9.tif,/mnt/engg-leung/Research_No9_Methane_Emissions/Yuyao/Dataset/data_dir_l89_L2SR/plume_masks_l89_512/emi20230624t175855p12021-A/mask_30m_512.tif
emi20230624t175855p12021-B,32.51481312499482,-101.52256282601466,2023-06-24 17:58:55+00:00,Oil & Gas (1B2),CH4,mfa,"[-101.55001125540527, 32.490426930499474, -101.48144787437622, 32.54824026102652]",emi,production,2023-12-08 16:58:17.562797+00:00,2025-03-25 22:55:32.317515+00:00,v3,3.18.1,,,,1970.862800763544,473.6896586141453,6.868820190429688,1.0851788520812988,234.5822906494141,3.4834132194519043,hrrr,ISS,NASA-JPL EMIT,https://api.carbonmapper.org/api/v1/catalog/asset/l3a-vis-ch4-mfa-v3/2023/06/24/emi20230624t175855p12021-B/emi20230624t175855p12021-B_l3a-vis-ch4-mfa-v3_plume.tif,https://api.carbonmapper.org/api/v1/catalog/asset/l3a-vis-ch4-mfa-v3/2023/06/24/emi20230624t175855p12021-B/emi20230624t175855p12021-B_l3a-vis-ch4-mfa-v3_plume.png,https://api.carbonmapper.org/api/v1/catalog/asset/l3a-ime-ch4-mfa-v3/2023/06/24/emi20230624t175855p12021-B/emi20230624t175855p12021-B_l3a-ime-ch4-mfa-v3_ime-cmf-concentrations.tif,https://api.carbonmapper.org/api/v1/catalog/asset/l3a-vis-ch4-mfa-v3/2023/06/24/emi20230624t175855p12021-B/emi20230624t175855p12021-B_l3a-vis-ch4-mfa-v3_rgb.tif,https://api.carbonmapper.org/api/v1/catalog/asset/l3a-vis-ch4-mfa-v3/2023/06/24/emi20230624t175855p12021-B/emi20230624t175855p12021-B_l3a-vis-ch4-mfa-v3_rgb.png,1,EMIT_L2A_RFL_001_20230624T175855_2317512_021,/mnt/engg-leung/Research_No9_Methane_Emissions/Yuyao/raw_data_dir_l89_L2SR/EMIT_simulated_landsat9/emi20230624t175855p12021-B_sim_L9.tif,/mnt/engg-leung/Research_No9_Methane_Emissions/Yuyao/Dataset/data_dir_l89_L2SR/plume_masks_l89_512/emi20230624t175855p12021-B/mask_30m_512.tif
emi20230624t175855p12021-C,32.403608634844176,-101.7004027699197,2023-06-24 17:58:55+00:00,Oil & Gas (1B2),CH4,mfa,"[-101.72827655873022, 32.37534194408517, -101.65862516856458, 32.433649271532104]",emi,production,2023-12-08 17:01:22.115250+00:00,2025-03-25 22:55:34.902191+00:00,v3,3.18.1,,,,3187.311032531525,603.3389378371082,6.084264278411865,1.0615211725234983,232.6141052246093,3.5394649505615234,hrrr,ISS,NASA-JPL EMIT,https://api.carbonmapper.org/api/v1/catalog/asset/l3a-vis-ch4-mfa-v3/2023/06/24/emi20230624t175855p12021-C/emi20230624t175855p12021-C_l3a-vis-ch4-mfa-v3_plume.tif,https://api.carbonmapper.org/api/v1/catalog/asset/l3a-vis-ch4-mfa-v3/2023/06/24/emi20230624t175855p12021-C/emi20230624t175855p12021-C_l3a-vis-ch4-mfa-v3_plume.png,https://api.carbonmapper.org/api/v1/catalog/asset/l3a-ime-ch4-mfa-v3/2023/06/24/emi20230624t175855p12021-C/emi20230624t175855p12021-C_l3a-ime-ch4-mfa-v3_ime-cmf-concentrations.tif,https://api.carbonmapper.org/api/v1/catalog/asset/l3a-vis-ch4-mfa-v3/2023/06/24/emi20230624t175855p12021-C/emi20230624t175855p12021-C_l3a-vis-ch4-mfa-v3_rgb.tif,https://api.carbonmapper.org/api/v1/catalog/asset/l3a-vis-ch4-mfa-v3/2023/06/24/emi20230624t175855p12021-C/emi20230624t175855p12021-C_l3a-vis-ch4-mfa-v3_rgb.png,1,EMIT_L2A_RFL_001_20230624T175855_2317512_021,/mnt/engg-leung/Research_No9_Methane_Emissions/Yuyao/raw_data_dir_l89_L2SR/EMIT_simulated_landsat9/emi20230624t175855p12021-C_sim_L9.tif,/mnt/engg-leung/Research_No9_Methane_Emissions/Yuyao/Dataset/data_dir_l89_L2SR/plume_masks_l89_512/emi20230624t175855p12021-C/mask_30m_512.tif
emi20230624t175907p12022-A,32.363116226330305,-101.32747678353896,2023-06-24 17:59:07+00:00,Oil & Gas (1B2),CH4,mfa,"[-101.35138829673639, 32.34312954585565, -101.28333150438893, 32.40060968883364]",emi,production,2024-01-02 21:54:39.181377+00:00,2025-03-25 22:55:23.874706+00:00,v3,3.18.1,,,,5626.251117025006,1447.4110125233306,7.272636890411377,0.9134864211082458,233.1919403076172,4.638060092926025,hrrr,ISS,NASA-JPL EMIT,https://api.carbonmapper.org/api/v1/catalog/asset/l3a-vis-ch4-mfa-v3/2023/06/24/emi20230624t175907p12022-A/emi20230624t175907p12022-A_l3a-vis-ch4-mfa-v3_plume.tif,https://api.carbonmapper.org/api/v1/catalog/asset/l3a-vis-ch4-mfa-v3/2023/06/24/emi20230624t175907p12022-A/emi20230624t175907p12022-A_l3a-vis-ch4-mfa-v3_plume.png,https://api.carbonmapper.org/api/v1/catalog/asset/l3a-ime-ch4-mfa-v3/2023/06/24/emi20230624t175907p12022-A/emi20230624t175907p12022-A_l3a-ime-ch4-mfa-v3_ime-cmf-concentrations.tif,https://api.carbonmapper.org/api/v1/catalog/asset/l3a-vis-ch4-mfa-v3/2023/06/24/emi20230624t175907p12022-A/emi20230624t175907p12022-A_l3a-vis-ch4-mfa-v3_rgb.tif,https://api.carbonmapper.org/api/v1/catalog/asset/l3a-vis-ch4-mfa-v3/2023/06/24/emi20230624t175907p12022-A/emi20230624t175907p12022-A_l3a-vis-ch4-mfa-v3_rgb.png,1,EMIT_L2A_RFL_001_20230624T175855_2317512_021,/mnt/engg-leung/Research_No9_Methane_Emissions/Yuyao/raw_data_dir_l89_L2SR/EMIT_simulated_landsat9/emi20230624t175907p12022-A_sim_L9.tif,/mnt/engg-leung/Research_No9_Methane_Emissions/Yuyao/Dataset/data_dir_l89_L2SR/plume_masks_l89_512/emi20230624t175907p12022-A/mask_30m_512.tif
emi20230627t170859p11025-A,31.42937647910752,-104.719634988228,2023-06-27 17:08:59+00:00,Other,CH4,mfa,"[-104.75362902103913, 31.39934342899355, -104.68649573726458, 31.45662800157135]",emi,production,2024-10-04 20:09:54.554292+00:00,2025-03-25 23:03:56.375322+00:00,v3,3.18.1,,,,2502.077856562911,771.1662856420578,6.69415283203125,0.2024758011102676,182.1237945556641,3.079284429550171,hrrr,ISS,NASA-JPL EMIT,https://api.carbonmapper.org/api/v1/catalog/asset/l3a-vis-ch4-mfa-v3/2023/06/27/emi20230627t170859p11025-A/emi20230627t170859p11025-A_l3a-vis-ch4-mfa-v3_plume.tif,https://api.carbonmapper.org/api/v1/catalog/asset/l3a-vis-ch4-mfa-v3/2023/06/27/emi20230627t170859p11025-A/emi20230627t170859p11025-A_l3a-vis-ch4-mfa-v3_plume.png,https://api.carbonmapper.org/api/v1/catalog/asset/l3a-ime-ch4-mfa-v3/2023/06/27/emi20230627t170859p11025-A/emi20230627t170859p11025-A_l3a-ime-ch4-mfa-v3_ime-cmf-concentrations.tif,https://api.carbonmapper.org/api/v1/catalog/asset/l3a-vis-ch4-mfa-v3/2023/06/27/emi20230627t170859p11025-A/emi20230627t170859p11025-A_l3a-vis-ch4-mfa-v3_rgb.tif,https://api.carbonmapper.org/api/v1/catalog/asset/l3a-vis-ch4-mfa-v3/2023/06/27/emi20230627t170859p11025-A/emi20230627t170859p11025-A_l3a-vis-ch4-mfa-v3_rgb.png,1,EMIT_L2A_RFL_001_20230627T170859_2317811_025,/mnt/engg-leung/Research_No9_Methane_Emissions/Yuyao/raw_data_dir_l89_L2SR/EMIT_simulated_landsat9/emi20230627t170859p11025-A_sim_L9.tif,/mnt/engg-leung/Research_No9_Methane_Emissions/Yuyao/Dataset/data_dir_l89_L2SR/plume_masks_l89_512/emi20230627t170859p11025-A/mask_30m_512.tif
emi20230731t191810p13013-C,31.27441242104784,-103.09632270995684,2023-07-31 19:18:10+00:00,Oil & Gas (1B2),CH4,mfa,"[-103.13418961393447, 31.24948024664584, -103.06652532229401, 31.307309845113398]",emi,production,2024-01-19 19:29:25.566766+00:00,2025-03-25 23:01:32.574944+00:00,v3,3.18.1,,,,1238.5955138186623,530.6670455511346,2.918110609054565,0.2320258617401123,130.5537109375,8.92536449432373,hrrr,ISS,NASA-JPL EMIT,https://api.carbonmapper.org/api/v1/catalog/asset/l3a-vis-ch4-mfa-v3/2023/07/31/emi20230731t191810p13013-C/emi20230731t191810p13013-C_l3a-vis-ch4-mfa-v3_plume.tif,https://api.carbonmapper.org/api/v1/catalog/asset/l3a-vis-ch4-mfa-v3/2023/07/31/emi20230731t191810p13013-C/emi20230731t191810p13013-C_l3a-vis-ch4-mfa-v3_plume.png,https://api.carbonmapper.org/api/v1/catalog/asset/l3a-ime-ch4-mfa-v3/2023/07/31/emi20230731t191810p13013-C/emi20230731t191810p13013-C_l3a-ime-ch4-mfa-v3_ime-cmf-concentrations.tif,https://api.carbonmapper.org/api/v1/catalog/asset/l3a-vis-ch4-mfa-v3/2023/07/31/emi20230731t191810p13013-C/emi20230731t191810p13013-C_l3a-vis-ch4-mfa-v3_rgb.tif,https://api.carbonmapper.org/api/v1/catalog/asset/l3a-vis-ch4-mfa-v3/2023/07/31/emi20230731t191810p13013-C/emi20230731t191810p13013-C_l3a-vis-ch4-mfa-v3_rgb.png,1,EMIT_L2A_RFL_001_20230731T191810_2321213_013,/mnt/engg-leung/Research_No9_Methane_Emissions/Yuyao/raw_data_dir_l89_L2SR/EMIT_simulated_landsat9/emi20230731t191810p13013-C_sim_L9.tif,/mnt/engg-leung/Research_No9_Methane_Emissions/Yuyao/Dataset/data_dir_l89_L2SR/plume_masks_l89_512/emi20230731t191810p13013-C/mask_30m_512.tif
emi20230731t191834p13015-A,32.01866330155829,-102.49626652959948,2023-07-31 19:18:34+00:00,Oil & Gas (1B2),CH4,mfa,"[-102.53715191051035, 31.993222546730237, -102.469371994216, 32.050689403309654]",emi,production,2023-08-22 18:49:45.502875+00:00,2025-03-25 23:02:24.367477+00:00,v3,3.18.1,,,,2359.007853013736,581.8114070949036,4.883373737335205,0.1630313843488693,163.93661499023438,1.0025171041488647,hrrr,ISS,NASA-JPL EMIT,https://api.carbonmapper.org/api/v1/catalog/asset/l3a-vis-ch4-mfa-v3/2023/07/31/emi20230731t191834p13015-A/emi20230731t191834p13015-A_l3a-vis-ch4-mfa-v3_plume.tif,https://api.carbonmapper.org/api/v1/catalog/asset/l3a-vis-ch4-mfa-v3/2023/07/31/emi20230731t191834p13015-A/emi20230731t191834p13015-A_l3a-vis-ch4-mfa-v3_plume.png,https://api.carbonmapper.org/api/v1/catalog/asset/l3a-ime-ch4-mfa-v3/2023/07/31/emi20230731t191834p13015-A/emi20230731t191834p13015-A_l3a-ime-ch4-mfa-v3_ime-cmf-concentrations.tif,https://api.carbonmapper.org/api/v1/catalog/asset/l3a-vis-ch4-mfa-v3/2023/07/31/emi20230731t191834p13015-A/emi20230731t191834p13015-A_l3a-vis-ch4-mfa-v3_rgb.tif,https://api.carbonmapper.org/api/v1/catalog/asset/l3a-vis-ch4-mfa-v3/2023/07/31/emi20230731t191834p13015-A/emi20230731t191834p13015-A_l3a-vis-ch4-mfa-v3_rgb.png,1,EMIT_L2A_RFL_001_20230731T191834_2321213_015,/mnt/engg-leung/Research_No9_Methane_Emissions/Yuyao/raw_data_dir_l89_L2SR/EMIT_simulated_landsat9/emi20230731t191834p13015-A_sim_L9.tif,/mnt/engg-leung/Research_No9_Methane_Emissions/Yuyao/Dataset/data_dir_l89_L2SR/plume_masks_l89_512/emi20230731t191834p13015-A/mask_30m_512.tif
emi20230731t191834p13015-B,32.3280729187489,-101.98200384527588,2023-07-31 19:18:34+00:00,,CH4,mfa,"[-102.01302279095921, 32.303215996247026, -101.94385796764038, 32.36116233654476]",emi,production,2023-08-22 18:50:19.196009+00:00,2025-03-25 22:43:25.476418+00:00,v3,3.18.1,,,,,,5.362475395202637,0.4788520634174347,160.1668701171875,4.435580730438232,hrrr,ISS,NASA-JPL EMIT,https://api.carbonmapper.org/api/v1/catalog/asset/l3a-vis-ch4-mfa-v3/2023/07/31/emi20230731t191834p13015-B/emi20230731t191834p13015-B_l3a-vis-ch4-mfa-v3_plume.tif,https://api.carbonmapper.org/api/v1/catalog/asset/l3a-vis-ch4-mfa-v3/2023/07/31/emi20230731t191834p13015-B/emi20230731t191834p13015-B_l3a-vis-ch4-mfa-v3_plume.png,https://api.carbonmapper.org/api/v1/catalog/asset/l3a-ime-ch4-mfa-v3/2023/07/31/emi20230731t191834p13015-B/emi20230731t191834p13015-B_l3a-ime-ch4-mfa-v3_ime-cmf-concentrations.tif,https://api.carbonmapper.org/api/v1/catalog/asset/l3a-vis-ch4-mfa-v3/2023/07/31/emi20230731t191834p13015-B/emi20230731t191834p13015-B_l3a-vis-ch4-mfa-v3_rgb.tif,https://api.carbonmapper.org/api/v1/catalog/asset/l3a-vis-ch4-mfa-v3/2023/07/31/emi20230731t191834p13015-B/emi20230731t191834p13015-B_l3a-vis-ch4-mfa-v3_rgb.png,1,EMIT_L2A_RFL_001_20230731T191834_2321213_015,/mnt/engg-leung/Research_No9_Methane_Emissions/Yuyao/raw_data_dir_l89_L2SR/EMIT_simulated_landsat9/emi20230731t191834p13015-B_sim_L9.tif,/mnt/engg-leung/Research_No9_Methane_Emissions/Yuyao/Dataset/data_dir_l89_L2SR/plume_masks_l89_512/emi20230731t191834p13015-B/mask_30m_512.tif
emi20230731t191834p13015-C,31.84486488125549,-101.77268395782684,2023-07-31 19:18:34+00:00,Oil & Gas (1B2),CH4,mfa,"[-101.81151191719064, 31.827061768341633, -101.74329754051146, 31.885001483684015]",emi,production,2023-08-22 18:50:48.162171+00:00,2025-03-25 23:18:08.359891+00:00,v3,3.18.1,,,,3132.7776450754054,396.0165395628188,5.648131370544434,0.3270273506641388,163.57994079589844,0.4311491549015045,hrrr,ISS,NASA-JPL EMIT,https://api.carbonmapper.org/api/v1/catalog/asset/l3a-vis-ch4-mfa-v3/2023/07/31/emi20230731t191834p13015-C/emi20230731t191834p13015-C_l3a-vis-ch4-mfa-v3_plume.tif,https://api.carbonmapper.org/api/v1/catalog/asset/l3a-vis-ch4-mfa-v3/2023/07/31/emi20230731t191834p13015-C/emi20230731t191834p13015-C_l3a-vis-ch4-mfa-v3_plume.png,https://api.carbonmapper.org/api/v1/catalog/asset/l3a-ime-ch4-mfa-v3/2023/07/31/emi20230731t191834p13015-C/emi20230731t191834p13015-C_l3a-ime-ch4-mfa-v3_ime-cmf-concentrations.tif,https://api.carbonmapper.org/api/v1/catalog/asset/l3a-vis-ch4-mfa-v3/2023/07/31/emi20230731t191834p13015-C/emi20230731t191834p13015-C_l3a-vis-ch4-mfa-v3_rgb.tif,https://api.carbonmapper.org/api/v1/catalog/asset/l3a-vis-ch4-mfa-v3/2023/07/31/emi20230731t191834p13015-C/emi20230731t191834p13015-C_l3a-vis-ch4-mfa-v3_rgb.png,1,EMIT_L2A_RFL_001_20230731T191834_2321213_015,/mnt/engg-leung/Research_No9_Methane_Emissions/Yuyao/raw_data_dir_l89_L2SR/EMIT_simulated_landsat9/emi20230731t191834p13015-C_sim_L9.tif,/mnt/engg-leung/Research_No9_Methane_Emissions/Yuyao/Dataset/data_dir_l89_L2SR/plume_masks_l89_512/emi20230731t191834p13015-C/mask_30m_512.tif
emi20230731t191834p13015-D,32.083196217702,-101.73269489498848,2023-07-31 19:18:34+00:00,Oil & Gas (1B2),CH4,mfa,"[-101.77531882797774, 32.063994828238684, -101.7069310867546, 32.12193204123737]",emi,production,2023-08-22 18:51:14.783780+00:00,2025-03-25 22:43:23.538879+00:00,v3,3.18.1,,,,2824.40651226808,1126.0505444129565,5.732723712921143,0.3167656362056732,162.999755859375,3.116038084030152,hrrr,ISS,NASA-JPL EMIT,https://api.carbonmapper.org/api/v1/catalog/asset/l3a-vis-ch4-mfa-v3/2023/07/31/emi20230731t191834p13015-D/emi20230731t191834p13015-D_l3a-vis-ch4-mfa-v3_plume.tif,https://api.carbonmapper.org/api/v1/catalog/asset/l3a-vis-ch4-mfa-v3/2023/07/31/emi20230731t191834p13015-D/emi20230731t191834p13015-D_l3a-vis-ch4-mfa-v3_plume.png,https://api.carbonmapper.org/api/v1/catalog/asset/l3a-ime-ch4-mfa-v3/2023/07/31/emi20230731t191834p13015-D/emi20230731t191834p13015-D_l3a-ime-ch4-mfa-v3_ime-cmf-concentrations.tif,https://api.carbonmapper.org/api/v1/catalog/asset/l3a-vis-ch4-mfa-v3/2023/07/31/emi20230731t191834p13015-D/emi20230731t191834p13015-D_l3a-vis-ch4-mfa-v3_rgb.tif,https://api.carbonmapper.org/api/v1/catalog/asset/l3a-vis-ch4-mfa-v3/2023/07/31/emi20230731t191834p13015-D/emi20230731t191834p13015-D_l3a-vis-ch4-mfa-v3_rgb.png,1,EMIT_L2A_RFL_001_20230731T191834_2321213_015,/mnt/engg-leung/Research_No9_Methane_Emissions/Yuyao/raw_data_dir_l89_L2SR/EMIT_simulated_landsat9/emi20230731t191834p13015-D_sim_L9.tif,/mnt/engg-leung/Research_No9_Methane_Emissions/Yuyao/Dataset/data_dir_l89_L2SR/plume_masks_l89_512/emi20230731t191834p13015-D/mask_30m_512.tif
emi20230731t191834p13015-E,31.969383061597625,-101.69746160391524,2023-07-31 19:18:34+00:00,Oil & Gas (1B2),CH4,mfa,"[-101.73285374460744, 31.945723014085907, -101.66455704787684, 32.00415288694486]",emi,production,2023-08-22 18:51:51.515675+00:00,2025-03-25 23:13:02.633823+00:00,v3,3.18.1,,,,3515.891168780972,378.6635228840958,5.64692497253418,0.3067418336868286,165.69052124023438,1.7535947561264038,hrrr,ISS,NASA-JPL EMIT,https://api.carbonmapper.org/api/v1/catalog/asset/l3a-vis-ch4-mfa-v3/2023/07/31/emi20230731t191834p13015-E/emi20230731t191834p13015-E_l3a-vis-ch4-mfa-v3_plume.tif,https://api.carbonmapper.org/api/v1/catalog/asset/l3a-vis-ch4-mfa-v3/2023/07/31/emi20230731t191834p13015-E/emi20230731t191834p13015-E_l3a-vis-ch4-mfa-v3_plume.png,https://api.carbonmapper.org/api/v1/catalog/asset/l3a-ime-ch4-mfa-v3/2023/07/31/emi20230731t191834p13015-E/emi20230731t191834p13015-E_l3a-ime-ch4-mfa-v3_ime-cmf-concentrations.tif,https://api.carbonmapper.org/api/v1/catalog/asset/l3a-vis-ch4-mfa-v3/2023/07/31/emi20230731t191834p13015-E/emi20230731t191834p13015-E_l3a-vis-ch4-mfa-v3_rgb.tif,https://api.carbonmapper.org/api/v1/catalog/asset/l3a-vis-ch4-mfa-v3/2023/07/31/emi20230731t191834p13015-E/emi20230731t191834p13015-E_l3a-vis-ch4-mfa-v3_rgb.png,1,EMIT_L2A_RFL_001_20230731T191834_2321213_015,/mnt/engg-leung/Research_No9_Methane_Emissions/Yuyao/raw_data_dir_l89_L2SR/EMIT_simulated_landsat9/emi20230731t191834p13015-E_sim_L9.tif,/mnt/engg-leung/Research_No9_Methane_Emissions/Yuyao/Dataset/data_dir_l89_L2SR/plume_masks_l89_512/emi20230731t191834p13015-E/mask_30m_512.tif
emi20230731t191846p13016-A,32.51489208692087,-101.52272921450384,2023-07-31 19:18:46+00:00,Oil & Gas (1B2),CH4,mfa,"[-101.56535192842274, 32.500236785153234, -101.49687832552138, 32.55796813691605]",emi,production,2023-12-08 16:58:17.515565+00:00,2025-03-25 22:55:05.155227+00:00,v3,3.18.1,,,,4708.768146762659,509.028605110956,5.383161067962647,0.4181946516036987,171.72760009765625,1.6714050769805908,hrrr,ISS,NASA-JPL EMIT,https://api.carbonmapper.org/api/v1/catalog/asset/l3a-vis-ch4-mfa-v3/2023/07/31/emi20230731t191846p13016-A/emi20230731t191846p13016-A_l3a-vis-ch4-mfa-v3_plume.tif,https://api.carbonmapper.org/api/v1/catalog/asset/l3a-vis-ch4-mfa-v3/2023/07/31/emi20230731t191846p13016-A/emi20230731t191846p13016-A_l3a-vis-ch4-mfa-v3_plume.png,https://api.carbonmapper.org/api/v1/catalog/asset/l3a-ime-ch4-mfa-v3/2023/07/31/emi20230731t191846p13016-A/emi20230731t191846p13016-A_l3a-ime-ch4-mfa-v3_ime-cmf-concentrations.tif,https://api.carbonmapper.org/api/v1/catalog/asset/l3a-vis-ch4-mfa-v3/2023/07/31/emi20230731t191846p13016-A/emi20230731t191846p13016-A_l3a-vis-ch4-mfa-v3_rgb.tif,https://api.carbonmapper.org/api/v1/catalog/asset/l3a-vis-ch4-mfa-v3/2023/07/31/emi20230731t191846p13016-A/emi20230731t191846p13016-A_l3a-vis-ch4-mfa-v3_rgb.png,1,EMIT_L2A_RFL_001_20230731T191846_2321213_016,/mnt/engg-leung/Research_No9_Methane_Emissions/Yuyao/raw_data_dir_l89_L2SR/EMIT_simulated_landsat9/emi20230731t191846p13016-A_sim_L9.tif,/mnt/engg-leung/Research_No9_Methane_Emissions/Yuyao/Dataset/data_dir_l89_L2SR/plume_masks_l89_512/emi20230731t191846p13016-A/mask_30m_512.tif
emi20230731t191846p13016-B,32.364118424689764,-101.32848092044826,2023-07-31 19:18:46+00:00,Oil & Gas (1B2),CH4,mfa,"[-101.36542003128093, 32.34026151316634, -101.2976470238446, 32.39701055201403]",emi,production,2023-12-08 17:00:35.441980+00:00,2025-03-25 22:55:06.412031+00:00,v3,3.18.1,,,,3344.593792332704,378.0624605520508,5.496542453765869,0.398638904094696,166.10809326171875,2.0066308975219727,hrrr,ISS,NASA-JPL EMIT,https://api.carbonmapper.org/api/v1/catalog/asset/l3a-vis-ch4-mfa-v3/2023/07/31/emi20230731t191846p13016-B/emi20230731t191846p13016-B_l3a-vis-ch4-mfa-v3_plume.tif,https://api.carbonmapper.org/api/v1/catalog/asset/l3a-vis-ch4-mfa-v3/2023/07/31/emi20230731t191846p13016-B/emi20230731t191846p13016-B_l3a-vis-ch4-mfa-v3_plume.png,https://api.carbonmapper.org/api/v1/catalog/asset/l3a-ime-ch4-mfa-v3/2023/07/31/emi20230731t191846p13016-B/emi20230731t191846p13016-B_l3a-ime-ch4-mfa-v3_ime-cmf-concentrations.tif,https://api.carbonmapper.org/api/v1/catalog/asset/l3a-vis-ch4-mfa-v3/2023/07/31/emi20230731t191846p13016-B/emi20230731t191846p13016-B_l3a-vis-ch4-mfa-v3_rgb.tif,https://api.carbonmapper.org/api/v1/catalog/asset/l3a-vis-ch4-mfa-v3/2023/07/31/emi20230731t191846p13016-B/emi20230731t191846p13016-B_l3a-vis-ch4-mfa-v3_rgb.png,1,EMIT_L2A_RFL_001_20230731T191846_2321213_016,/mnt/engg-leung/Research_No9_Methane_Emissions/Yuyao/raw_data_dir_l89_L2SR/EMIT_simulated_landsat9/emi20230731t191846p13016-B_sim_L9.tif,/mnt/engg-leung/Research_No9_Methane_Emissions/Yuyao/Dataset/data_dir_l89_L2SR/plume_masks_l89_512/emi20230731t191846p13016-B/mask_30m_512.tif
emi20230731t191846p13016-C,32.32684983058762,-101.81984250675336,2023-07-31 19:18:46+00:00,Oil & Gas (1B2),CH4,mfa,"[-101.85402583847325, 32.300205440572405, -101.78688465977386, 32.35743259681318]",emi,production,2023-12-08 17:00:09.315165+00:00,2025-03-25 22:55:08.600993+00:00,v3,3.18.1,,,,,,5.474302291870117,0.4727215468883514,161.23411560058594,4.818727970123291,hrrr,ISS,NASA-JPL EMIT,https://api.carbonmapper.org/api/v1/catalog/asset/l3a-vis-ch4-mfa-v3/2023/07/31/emi20230731t191846p13016-C/emi20230731t191846p13016-C_l3a-vis-ch4-mfa-v3_plume.tif,https://api.carbonmapper.org/api/v1/catalog/asset/l3a-vis-ch4-mfa-v3/2023/07/31/emi20230731t191846p13016-C/emi20230731t191846p13016-C_l3a-vis-ch4-mfa-v3_plume.png,https://api.carbonmapper.org/api/v1/catalog/asset/l3a-ime-ch4-mfa-v3/2023/07/31/emi20230731t191846p13016-C/emi20230731t191846p13016-C_l3a-ime-ch4-mfa-v3_ime-cmf-concentrations.tif,https://api.carbonmapper.org/api/v1/catalog/asset/l3a-vis-ch4-mfa-v3/2023/07/31/emi20230731t191846p13016-C/emi20230731t191846p13016-C_l3a-vis-ch4-mfa-v3_rgb.tif,https://api.carbonmapper.org/api/v1/catalog/asset/l3a-vis-ch4-mfa-v3/2023/07/31/emi20230731t191846p13016-C/emi20230731t191846p13016-C_l3a-vis-ch4-mfa-v3_rgb.png,1,EMIT_L2A_RFL_001_20230731T191834_2321213_015,/mnt/engg-leung/Research_No9_Methane_Emissions/Yuyao/raw_data_dir_l89_L2SR/EMIT_simulated_landsat9/emi20230731t191846p13016-C_sim_L9.tif,/mnt/engg-leung/Research_No9_Methane_Emissions/Yuyao/Dataset/data_dir_l89_L2SR/plume_masks_l89_512/emi20230731t191846p13016-C/mask_30m_512.tif
emi20230731t191846p13016-E,32.38796429461591,-101.92040161421951,2023-07-31 19:18:46+00:00,Oil & Gas (1B2),CH4,mfa,"[-101.96359518197855, 32.37097183056694, -101.89523812515347, 32.42868770696781]",emi,production,2023-12-08 17:00:17.863428+00:00,2025-03-25 22:55:14.190487+00:00,v3,3.18.1,,,,3110.547270057802,746.4746341520703,5.445798397064209,0.4830972850322723,161.91249084472656,6.063490867614746,hrrr,ISS,NASA-JPL EMIT,https://api.carbonmapper.org/api/v1/catalog/asset/l3a-vis-ch4-mfa-v3/2023/07/31/emi20230731t191846p13016-E/emi20230731t191846p13016-E_l3a-vis-ch4-mfa-v3_plume.tif,https://api.carbonmapper.org/api/v1/catalog/asset/l3a-vis-ch4-mfa-v3/2023/07/31/emi20230731t191846p13016-E/emi20230731t191846p13016-E_l3a-vis-ch4-mfa-v3_plume.png,https://api.carbonmapper.org/api/v1/catalog/asset/l3a-ime-ch4-mfa-v3/2023/07/31/emi20230731t191846p13016-E/emi20230731t191846p13016-E_l3a-ime-ch4-mfa-v3_ime-cmf-concentrations.tif,https://api.carbonmapper.org/api/v1/catalog/asset/l3a-vis-ch4-mfa-v3/2023/07/31/emi20230731t191846p13016-E/emi20230731t191846p13016-E_l3a-vis-ch4-mfa-v3_rgb.tif,https://api.carbonmapper.org/api/v1/catalog/asset/l3a-vis-ch4-mfa-v3/2023/07/31/emi20230731t191846p13016-E/emi20230731t191846p13016-E_l3a-vis-ch4-mfa-v3_rgb.png,1,EMIT_L2A_RFL_001_20230731T191834_2321213_015,/mnt/engg-leung/Research_No9_Methane_Emissions/Yuyao/raw_data_dir_l89_L2SR/EMIT_simulated_landsat9/emi20230731t191846p13016-E_sim_L9.tif,/mnt/engg-leung/Research_No9_Methane_Emissions/Yuyao/Dataset/data_dir_l89_L2SR/plume_masks_l89_512/emi20230731t191846p13016-E/mask_30m_512.tif
emi20230731t191846p13016-F,32.32463247819639,-101.45695493972802,2023-07-31 19:18:46+00:00,Oil & Gas (1B2),CH4,mfa,"[-101.49202877126321, 32.298808912446695, -101.42312135015045, 32.35654247937231]",emi,production,2023-12-08 17:01:22.080078+00:00,2025-03-25 22:55:15.985484+00:00,v3,3.18.1,,,,5319.617649299615,756.1737771277391,5.556692600250244,0.5891709327697754,174.2945556640625,4.500635147094727,hrrr,ISS,NASA-JPL EMIT,https://api.carbonmapper.org/api/v1/catalog/asset/l3a-vis-ch4-mfa-v3/2023/07/31/emi20230731t191846p13016-F/emi20230731t191846p13016-F_l3a-vis-ch4-mfa-v3_plume.tif,https://api.carbonmapper.org/api/v1/catalog/asset/l3a-vis-ch4-mfa-v3/2023/07/31/emi20230731t191846p13016-F/emi20230731t191846p13016-F_l3a-vis-ch4-mfa-v3_plume.png,https://api.carbonmapper.org/api/v1/catalog/asset/l3a-ime-ch4-mfa-v3/2023/07/31/emi20230731t191846p13016-F/emi20230731t191846p13016-F_l3a-ime-ch4-mfa-v3_ime-cmf-concentrations.tif,https://api.carbonmapper.org/api/v1/catalog/asset/l3a-vis-ch4-mfa-v3/2023/07/31/emi20230731t191846p13016-F/emi20230731t191846p13016-F_l3a-vis-ch4-mfa-v3_rgb.tif,https://api.carbonmapper.org/api/v1/catalog/asset/l3a-vis-ch4-mfa-v3/2023/07/31/emi20230731t191846p13016-F/emi20230731t191846p13016-F_l3a-vis-ch4-mfa-v3_rgb.png,1,EMIT_L2A_RFL_001_20230731T191846_2321213_016,/mnt/engg-leung/Research_No9_Methane_Emissions/Yuyao/raw_data_dir_l89_L2SR/EMIT_simulated_landsat9/emi20230731t191846p13016-F_sim_L9.tif,/mnt/engg-leung/Research_No9_Methane_Emissions/Yuyao/Dataset/data_dir_l89_L2SR/plume_masks_l89_512/emi20230731t191846p13016-F/mask_30m_512.tif
emi20230731t191846p13016-G,32.28073844294843,-101.7817267191136,2023-07-31 19:18:46+00:00,Oil & Gas (1B2),CH4,mfa,"[-101.81762208910446, 32.254001618923255, -101.75051325286341, 32.31123038155945]",emi,production,2023-12-08 17:00:09.263493+00:00,2025-03-25 22:41:03.700735+00:00,v3,3.18.1,,,,859.0053363571187,349.3965314949439,5.6400885581970215,0.5194835662841797,163.40773010253906,3.946274757385254,hrrr,ISS,NASA-JPL EMIT,https://api.carbonmapper.org/api/v1/catalog/asset/l3a-vis-ch4-mfa-v3/2023/07/31/emi20230731t191846p13016-G/emi20230731t191846p13016-G_l3a-vis-ch4-mfa-v3_plume.tif,https://api.carbonmapper.org/api/v1/catalog/asset/l3a-vis-ch4-mfa-v3/2023/07/31/emi20230731t191846p13016-G/emi20230731t191846p13016-G_l3a-vis-ch4-mfa-v3_plume.png,https://api.carbonmapper.org/api/v1/catalog/asset/l3a-ime-ch4-mfa-v3/2023/07/31/emi20230731t191846p13016-G/emi20230731t191846p13016-G_l3a-ime-ch4-mfa-v3_ime-cmf-concentrations.tif,https://api.carbonmapper.org/api/v1/catalog/asset/l3a-vis-ch4-mfa-v3/2023/07/31/emi20230731t191846p13016-G/emi20230731t191846p13016-G_l3a-vis-ch4-mfa-v3_rgb.tif,https://api.carbonmapper.org/api/v1/catalog/asset/l3a-vis-ch4-mfa-v3/2023/07/31/emi20230731t191846p13016-G/emi20230731t191846p13016-G_l3a-vis-ch4-mfa-v3_rgb.png,1,EMIT_L2A_RFL_001_20230731T191834_2321213_015,/mnt/engg-leung/Research_No9_Methane_Emissions/Yuyao/raw_data_dir_l89_L2SR/EMIT_simulated_landsat9/emi20230731t191846p13016-G_sim_L9.tif,/mnt/engg-leung/Research_No9_Methane_Emissions/Yuyao/Dataset/data_dir_l89_L2SR/plume_masks_l89_512/emi20230731t191846p13016-G/mask_30m_512.tif
emi20230820t192855p13028-A,31.84477576517793,-101.772333803692,2023-08-20 19:28:55+00:00,Oil & Gas (1B2),CH4,mfa,"[-101.80801501512583, 31.820174148825945, -101.74017479826372, 31.878301403655176]",emi,production,2023-12-08 17:01:22.254439+00:00,2025-03-25 22:57:00.271997+00:00,v3,3.18.1,,,,1341.2082887015088,457.2676558992444,8.20169734954834,0.4699301719665527,128.6333770751953,4.970946788787842,hrrr,ISS,NASA-JPL EMIT,https://api.carbonmapper.org/api/v1/catalog/asset/l3a-vis-ch4-mfa-v3/2023/08/20/emi20230820t192855p13028-A/emi20230820t192855p13028-A_l3a-vis-ch4-mfa-v3_plume.tif,https://api.carbonmapper.org/api/v1/catalog/asset/l3a-vis-ch4-mfa-v3/2023/08/20/emi20230820t192855p13028-A/emi20230820t192855p13028-A_l3a-vis-ch4-mfa-v3_plume.png,https://api.carbonmapper.org/api/v1/catalog/asset/l3a-ime-ch4-mfa-v3/2023/08/20/emi20230820t192855p13028-A/emi20230820t192855p13028-A_l3a-ime-ch4-mfa-v3_ime-cmf-concentrations.tif,https://api.carbonmapper.org/api/v1/catalog/asset/l3a-vis-ch4-mfa-v3/2023/08/20/emi20230820t192855p13028-A/emi20230820t192855p13028-A_l3a-vis-ch4-mfa-v3_rgb.tif,https://api.carbonmapper.org/api/v1/catalog/asset/l3a-vis-ch4-mfa-v3/2023/08/20/emi20230820t192855p13028-A/emi20230820t192855p13028-A_l3a-vis-ch4-mfa-v3_rgb.png,1,EMIT_L2A_RFL_001_20230820T192855_2323213_028,/mnt/engg-leung/Research_No9_Methane_Emissions/Yuyao/raw_data_dir_l89_L2SR/EMIT_simulated_landsat9/emi20230820t192855p13028-A_sim_L9.tif,/mnt/engg-leung/Research_No9_Methane_Emissions/Yuyao/Dataset/data_dir_l89_L2SR/plume_masks_l89_512/emi20230820t192855p13028-A/mask_30m_512.tif
emi20230820t192855p13028-B,31.620466729614847,-102.08320127151856,2023-08-20 19:28:55+00:00,Oil & Gas (1B2),CH4,mfa,"[-102.13206157851951, 31.598708859467145, -102.06380899611617, 31.656824079495777]",emi,production,2023-11-21 23:56:44.644645+00:00,2025-03-25 22:57:03.362146+00:00,v3,3.18.1,,,,3327.976626237444,876.5284105073865,8.355555534362793,0.6796529293060303,124.67236328125,3.3391265869140625,hrrr,ISS,NASA-JPL EMIT,https://api.carbonmapper.org/api/v1/catalog/asset/l3a-vis-ch4-mfa-v3/2023/08/20/emi20230820t192855p13028-B/emi20230820t192855p13028-B_l3a-vis-ch4-mfa-v3_plume.tif,https://api.carbonmapper.org/api/v1/catalog/asset/l3a-vis-ch4-mfa-v3/2023/08/20/emi20230820t192855p13028-B/emi20230820t192855p13028-B_l3a-vis-ch4-mfa-v3_plume.png,https://api.carbonmapper.org/api/v1/catalog/asset/l3a-ime-ch4-mfa-v3/2023/08/20/emi20230820t192855p13028-B/emi20230820t192855p13028-B_l3a-ime-ch4-mfa-v3_ime-cmf-concentrations.tif,https://api.carbonmapper.org/api/v1/catalog/asset/l3a-vis-ch4-mfa-v3/2023/08/20/emi20230820t192855p13028-B/emi20230820t192855p13028-B_l3a-vis-ch4-mfa-v3_rgb.tif,https://api.carbonmapper.org/api/v1/catalog/asset/l3a-vis-ch4-mfa-v3/2023/08/20/emi20230820t192855p13028-B/emi20230820t192855p13028-B_l3a-vis-ch4-mfa-v3_rgb.png,1,EMIT_L2A_RFL_001_20230820T192855_2323213_028,/mnt/engg-leung/Research_No9_Methane_Emissions/Yuyao/raw_data_dir_l89_L2SR/EMIT_simulated_landsat9/emi20230820t192855p13028-B_sim_L9.tif,/mnt/engg-leung/Research_No9_Methane_Emissions/Yuyao/Dataset/data_dir_l89_L2SR/plume_masks_l89_512/emi20230820t192855p13028-B/mask_30m_512.tif
emi20230820t192855p13028-D,31.852165208503564,-101.7768215040995,2023-08-20 19:28:55+00:00,Oil & Gas (1B2),CH4,mfa,"[-101.80801501512583, 31.820174148825945, -101.74017479826372, 31.878301403655176]",emi,production,2024-02-15 20:55:39.910206+00:00,2025-03-25 23:01:30.317303+00:00,v3,3.18.1,,,,,,8.20169734954834,0.4699301719665527,128.6333770751953,4.970946788787842,hrrr,ISS,NASA-JPL EMIT,https://api.carbonmapper.org/api/v1/catalog/asset/l3a-vis-ch4-mfa-v3/2023/08/20/emi20230820t192855p13028-D/emi20230820t192855p13028-D_l3a-vis-ch4-mfa-v3_plume.tif,https://api.carbonmapper.org/api/v1/catalog/asset/l3a-vis-ch4-mfa-v3/2023/08/20/emi20230820t192855p13028-D/emi20230820t192855p13028-D_l3a-vis-ch4-mfa-v3_plume.png,https://api.carbonmapper.org/api/v1/catalog/asset/l3a-ime-ch4-mfa-v3/2023/08/20/emi20230820t192855p13028-D/emi20230820t192855p13028-D_l3a-ime-ch4-mfa-v3_ime-cmf-concentrations.tif,https://api.carbonmapper.org/api/v1/catalog/asset/l3a-vis-ch4-mfa-v3/2023/08/20/emi20230820t192855p13028-D/emi20230820t192855p13028-D_l3a-vis-ch4-mfa-v3_rgb.tif,https://api.carbonmapper.org/api/v1/catalog/asset/l3a-vis-ch4-mfa-v3/2023/08/20/emi20230820t192855p13028-D/emi20230820t192855p13028-D_l3a-vis-ch4-mfa-v3_rgb.png,1,EMIT_L2A_RFL_001_20230820T192855_2323213_028,/mnt/engg-leung/Research_No9_Methane_Emissions/Yuyao/raw_data_dir_l89_L2SR/EMIT_simulated_landsat9/emi20230820t192855p13028-D_sim_L9.tif,/mnt/engg-leung/Research_No9_Methane_Emissions/Yuyao/Dataset/data_dir_l89_L2SR/plume_masks_l89_512/emi20230820t192855p13028-D/mask_30m_512.tif
emi20230820t192855p13028-E,31.7948676963012,-102.02847646956504,2023-08-20 19:28:55+00:00,Oil & Gas (1B2),CH4,mfa,"[-102.06236584474001, 31.765203161394293, -101.99339843663068, 31.823821533635346]",emi,production,2024-02-15 20:55:52.286640+00:00,2025-03-25 23:01:29.952927+00:00,v3,3.18.1,,,,,,8.020745277404785,0.5696523189544678,124.96340942382812,5.026429653167725,hrrr,ISS,NASA-JPL EMIT,https://api.carbonmapper.org/api/v1/catalog/asset/l3a-vis-ch4-mfa-v3/2023/08/20/emi20230820t192855p13028-E/emi20230820t192855p13028-E_l3a-vis-ch4-mfa-v3_plume.tif,https://api.carbonmapper.org/api/v1/catalog/asset/l3a-vis-ch4-mfa-v3/2023/08/20/emi20230820t192855p13028-E/emi20230820t192855p13028-E_l3a-vis-ch4-mfa-v3_plume.png,https://api.carbonmapper.org/api/v1/catalog/asset/l3a-ime-ch4-mfa-v3/2023/08/20/emi20230820t192855p13028-E/emi20230820t192855p13028-E_l3a-ime-ch4-mfa-v3_ime-cmf-concentrations.tif,https://api.carbonmapper.org/api/v1/catalog/asset/l3a-vis-ch4-mfa-v3/2023/08/20/emi20230820t192855p13028-E/emi20230820t192855p13028-E_l3a-vis-ch4-mfa-v3_rgb.tif,https://api.carbonmapper.org/api/v1/catalog/asset/l3a-vis-ch4-mfa-v3/2023/08/20/emi20230820t192855p13028-E/emi20230820t192855p13028-E_l3a-vis-ch4-mfa-v3_rgb.png,1,EMIT_L2A_RFL_001_20230820T192855_2323213_028,/mnt/engg-leung/Research_No9_Methane_Emissions/Yuyao/raw_data_dir_l89_L2SR/EMIT_simulated_landsat9/emi20230820t192855p13028-E_sim_L9.tif,/mnt/engg-leung/Research_No9_Methane_Emissions/Yuyao/Dataset/data_dir_l89_L2SR/plume_masks_l89_512/emi20230820t192855p13028-E/mask_30m_512.tif
emi20230824t175337p12023-A,32.3893557649571,-101.85079499087476,2023-08-24 17:53:37+00:00,Oil & Gas (1B2),CH4,mfa,"[-101.88886441943181, 32.36672973250612, -101.81901810522074, 32.42520576007691]",emi,production,2023-11-23 06:33:26.065051+00:00,2025-03-25 22:53:07.452490+00:00,v3,3.18.1,,,,2982.959914765188,379.9432434907711,5.248206615447998,0.2405466586351394,168.74899291992188,0.9847916960716248,hrrr,ISS,NASA-JPL EMIT,https://api.carbonmapper.org/api/v1/catalog/asset/l3a-vis-ch4-mfa-v3/2023/08/24/emi20230824t175337p12023-A/emi20230824t175337p12023-A_l3a-vis-ch4-mfa-v3_plume.tif,https://api.carbonmapper.org/api/v1/catalog/asset/l3a-vis-ch4-mfa-v3/2023/08/24/emi20230824t175337p12023-A/emi20230824t175337p12023-A_l3a-vis-ch4-mfa-v3_plume.png,https://api.carbonmapper.org/api/v1/catalog/asset/l3a-ime-ch4-mfa-v3/2023/08/24/emi20230824t175337p12023-A/emi20230824t175337p12023-A_l3a-ime-ch4-mfa-v3_ime-cmf-concentrations.tif,https://api.carbonmapper.org/api/v1/catalog/asset/l3a-vis-ch4-mfa-v3/2023/08/24/emi20230824t175337p12023-A/emi20230824t175337p12023-A_l3a-vis-ch4-mfa-v3_rgb.tif,https://api.carbonmapper.org/api/v1/catalog/asset/l3a-vis-ch4-mfa-v3/2023/08/24/emi20230824t175337p12023-A/emi20230824t175337p12023-A_l3a-vis-ch4-mfa-v3_rgb.png,1,EMIT_L2A_RFL_001_20230824T175337_2323612_023,/mnt/engg-leung/Research_No9_Methane_Emissions/Yuyao/raw_data_dir_l89_L2SR/EMIT_simulated_landsat9/emi20230824t175337p12023-A_sim_L9.tif,/mnt/engg-leung/Research_No9_Methane_Emissions/Yuyao/Dataset/data_dir_l89_L2SR/plume_masks_l89_512/emi20230824t175337p12023-A/mask_30m_512.tif
emi20230824t175337p12023-B,32.28124613282377,-101.92873903821524,2023-08-24 17:53:37+00:00,Oil & Gas (1B2),CH4,mfa,"[-101.96440928326474, 32.26134725539049, -101.89523463804426, 32.32032364977347]",emi,production,2023-11-23 06:33:26.087856+00:00,2025-03-25 22:37:35.915589+00:00,v3,3.18.1,,,,5443.103658621342,452.47521202120777,5.266976833343506,0.24151511490345,170.44541931152344,2.4830102920532227,hrrr,ISS,NASA-JPL EMIT,https://api.carbonmapper.org/api/v1/catalog/asset/l3a-vis-ch4-mfa-v3/2023/08/24/emi20230824t175337p12023-B/emi20230824t175337p12023-B_l3a-vis-ch4-mfa-v3_plume.tif,https://api.carbonmapper.org/api/v1/catalog/asset/l3a-vis-ch4-mfa-v3/2023/08/24/emi20230824t175337p12023-B/emi20230824t175337p12023-B_l3a-vis-ch4-mfa-v3_plume.png,https://api.carbonmapper.org/api/v1/catalog/asset/l3a-ime-ch4-mfa-v3/2023/08/24/emi20230824t175337p12023-B/emi20230824t175337p12023-B_l3a-ime-ch4-mfa-v3_ime-cmf-concentrations.tif,https://api.carbonmapper.org/api/v1/catalog/asset/l3a-vis-ch4-mfa-v3/2023/08/24/emi20230824t175337p12023-B/emi20230824t175337p12023-B_l3a-vis-ch4-mfa-v3_rgb.tif,https://api.carbonmapper.org/api/v1/catalog/asset/l3a-vis-ch4-mfa-v3/2023/08/24/emi20230824t175337p12023-B/emi20230824t175337p12023-B_l3a-vis-ch4-mfa-v3_rgb.png,1,EMIT_L2A_RFL_001_20230824T175337_2323612_023,/mnt/engg-leung/Research_No9_Methane_Emissions/Yuyao/raw_data_dir_l89_L2SR/EMIT_simulated_landsat9/emi20230824t175337p12023-B_sim_L9.tif,/mnt/engg-leung/Research_No9_Methane_Emissions/Yuyao/Dataset/data_dir_l89_L2SR/plume_masks_l89_512/emi20230824t175337p12023-B/mask_30m_512.tif
emi20230824t175337p12023-C,32.35808806051959,-102.13268493634185,2023-08-24 17:53:37+00:00,Oil & Gas (1B2),CH4,mfa,"[-102.16979034272624, 32.33427433379363, -102.10054868153415, 32.392760609556134]",emi,production,2023-11-24 21:40:28.419221+00:00,2025-03-25 22:38:34.847888+00:00,v3,3.18.1,,,,1327.5724839286693,430.7628277179436,5.296933650970459,0.3809595704078674,166.86932373046875,2.1020352840423584,hrrr,ISS,NASA-JPL EMIT,https://api.carbonmapper.org/api/v1/catalog/asset/l3a-vis-ch4-mfa-v3/2023/08/24/emi20230824t175337p12023-C/emi20230824t175337p12023-C_l3a-vis-ch4-mfa-v3_plume.tif,https://api.carbonmapper.org/api/v1/catalog/asset/l3a-vis-ch4-mfa-v3/2023/08/24/emi20230824t175337p12023-C/emi20230824t175337p12023-C_l3a-vis-ch4-mfa-v3_plume.png,https://api.carbonmapper.org/api/v1/catalog/asset/l3a-ime-ch4-mfa-v3/2023/08/24/emi20230824t175337p12023-C/emi20230824t175337p12023-C_l3a-ime-ch4-mfa-v3_ime-cmf-concentrations.tif,https://api.carbonmapper.org/api/v1/catalog/asset/l3a-vis-ch4-mfa-v3/2023/08/24/emi20230824t175337p12023-C/emi20230824t175337p12023-C_l3a-vis-ch4-mfa-v3_rgb.tif,https://api.carbonmapper.org/api/v1/catalog/asset/l3a-vis-ch4-mfa-v3/2023/08/24/emi20230824t175337p12023-C/emi20230824t175337p12023-C_l3a-vis-ch4-mfa-v3_rgb.png,1,EMIT_L2A_RFL_001_20230824T175337_2323612_023,/mnt/engg-leung/Research_No9_Methane_Emissions/Yuyao/raw_data_dir_l89_L2SR/EMIT_simulated_landsat9/emi20230824t175337p12023-C_sim_L9.tif,/mnt/engg-leung/Research_No9_Methane_Emissions/Yuyao/Dataset/data_dir_l89_L2SR/plume_masks_l89_512/emi20230824t175337p12023-C/mask_30m_512.tif
emi20230824t175337p12023-D,32.48041129245351,-101.91523544387093,2023-08-24 17:53:37+00:00,Oil & Gas (1B2),CH4,mfa,"[-101.95370218035448, 32.45753786365882, -101.88437870390815, 32.51651290770328]",emi,production,2023-11-23 06:33:26.112284+00:00,2025-03-25 22:38:56.172396+00:00,v3,3.18.1,,,,1652.0136084059789,451.45062107447,5.226860523223877,0.2882491052150726,170.59359741210938,1.6513748168945312,hrrr,ISS,NASA-JPL EMIT,https://api.carbonmapper.org/api/v1/catalog/asset/l3a-vis-ch4-mfa-v3/2023/08/24/emi20230824t175337p12023-D/emi20230824t175337p12023-D_l3a-vis-ch4-mfa-v3_plume.tif,https://api.carbonmapper.org/api/v1/catalog/asset/l3a-vis-ch4-mfa-v3/2023/08/24/emi20230824t175337p12023-D/emi20230824t175337p12023-D_l3a-vis-ch4-mfa-v3_plume.png,https://api.carbonmapper.org/api/v1/catalog/asset/l3a-ime-ch4-mfa-v3/2023/08/24/emi20230824t175337p12023-D/emi20230824t175337p12023-D_l3a-ime-ch4-mfa-v3_ime-cmf-concentrations.tif,https://api.carbonmapper.org/api/v1/catalog/asset/l3a-vis-ch4-mfa-v3/2023/08/24/emi20230824t175337p12023-D/emi20230824t175337p12023-D_l3a-vis-ch4-mfa-v3_rgb.tif,https://api.carbonmapper.org/api/v1/catalog/asset/l3a-vis-ch4-mfa-v3/2023/08/24/emi20230824t175337p12023-D/emi20230824t175337p12023-D_l3a-vis-ch4-mfa-v3_rgb.png,1,EMIT_L2A_RFL_001_20230824T175337_2323612_023,/mnt/engg-leung/Research_No9_Methane_Emissions/Yuyao/raw_data_dir_l89_L2SR/EMIT_simulated_landsat9/emi20230824t175337p12023-D_sim_L9.tif,/mnt/engg-leung/Research_No9_Methane_Emissions/Yuyao/Dataset/data_dir_l89_L2SR/plume_masks_l89_512/emi20230824t175337p12023-D/mask_30m_512.tif
emi20230824t175337p12023-E,32.37615338531914,-101.79055262810608,2023-08-24 17:53:37+00:00,,CH4,mfa,"[-101.82795944577585, 32.352194269680986, -101.75931243791145, 32.41016692956646]",emi,production,2023-11-24 21:40:28.480828+00:00,2025-03-25 22:39:02.273263+00:00,v3,3.18.1,,,,,,5.285451889038086,0.200153037905693,169.81199645996094,1.8828012943267824,hrrr,ISS,NASA-JPL EMIT,https://api.carbonmapper.org/api/v1/catalog/asset/l3a-vis-ch4-mfa-v3/2023/08/24/emi20230824t175337p12023-E/emi20230824t175337p12023-E_l3a-vis-ch4-mfa-v3_plume.tif,https://api.carbonmapper.org/api/v1/catalog/asset/l3a-vis-ch4-mfa-v3/2023/08/24/emi20230824t175337p12023-E/emi20230824t175337p12023-E_l3a-vis-ch4-mfa-v3_plume.png,https://api.carbonmapper.org/api/v1/catalog/asset/l3a-ime-ch4-mfa-v3/2023/08/24/emi20230824t175337p12023-E/emi20230824t175337p12023-E_l3a-ime-ch4-mfa-v3_ime-cmf-concentrations.tif,https://api.carbonmapper.org/api/v1/catalog/asset/l3a-vis-ch4-mfa-v3/2023/08/24/emi20230824t175337p12023-E/emi20230824t175337p12023-E_l3a-vis-ch4-mfa-v3_rgb.tif,https://api.carbonmapper.org/api/v1/catalog/asset/l3a-vis-ch4-mfa-v3/2023/08/24/emi20230824t175337p12023-E/emi20230824t175337p12023-E_l3a-vis-ch4-mfa-v3_rgb.png,1,EMIT_L2A_RFL_001_20230824T175337_2323612_023,/mnt/engg-leung/Research_No9_Methane_Emissions/Yuyao/raw_data_dir_l89_L2SR/EMIT_simulated_landsat9/emi20230824t175337p12023-E_sim_L9.tif,/mnt/engg-leung/Research_No9_Methane_Emissions/Yuyao/Dataset/data_dir_l89_L2SR/plume_masks_l89_512/emi20230824t175337p12023-E/mask_30m_512.tif
emi20230824t175337p12023-F,32.20132876713993,-101.99467689484672,2023-08-24 17:53:37+00:00,Oil & Gas (1B2),CH4,mfa,"[-102.02913307792747, 32.175686792503576, -101.96002037274454, 32.23466598282651]",emi,production,2023-11-24 21:40:28.498657+00:00,2025-03-25 22:39:09.335646+00:00,v3,3.18.1,,,,1552.2526939160705,416.0954465215898,5.268910884857178,0.2058560103178024,166.9687957763672,2.83423376083374,hrrr,ISS,NASA-JPL EMIT,https://api.carbonmapper.org/api/v1/catalog/asset/l3a-vis-ch4-mfa-v3/2023/08/24/emi20230824t175337p12023-F/emi20230824t175337p12023-F_l3a-vis-ch4-mfa-v3_plume.tif,https://api.carbonmapper.org/api/v1/catalog/asset/l3a-vis-ch4-mfa-v3/2023/08/24/emi20230824t175337p12023-F/emi20230824t175337p12023-F_l3a-vis-ch4-mfa-v3_plume.png,https://api.carbonmapper.org/api/v1/catalog/asset/l3a-ime-ch4-mfa-v3/2023/08/24/emi20230824t175337p12023-F/emi20230824t175337p12023-F_l3a-ime-ch4-mfa-v3_ime-cmf-concentrations.tif,https://api.carbonmapper.org/api/v1/catalog/asset/l3a-vis-ch4-mfa-v3/2023/08/24/emi20230824t175337p12023-F/emi20230824t175337p12023-F_l3a-vis-ch4-mfa-v3_rgb.tif,https://api.carbonmapper.org/api/v1/catalog/asset/l3a-vis-ch4-mfa-v3/2023/08/24/emi20230824t175337p12023-F/emi20230824t175337p12023-F_l3a-vis-ch4-mfa-v3_rgb.png,1,EMIT_L2A_RFL_001_20230824T175337_2323612_023,/mnt/engg-leung/Research_No9_Methane_Emissions/Yuyao/raw_data_dir_l89_L2SR/EMIT_simulated_landsat9/emi20230824t175337p12023-F_sim_L9.tif,/mnt/engg-leung/Research_No9_Methane_Emissions/Yuyao/Dataset/data_dir_l89_L2SR/plume_masks_l89_512/emi20230824t175337p12023-F/mask_30m_512.tif
emi20230824t175349p12024-A,31.753005311342136,-101.78231248517751,2023-08-24 17:53:49+00:00,Oil & Gas (1B2),CH4,mfa,"[-101.81557455541267, 31.73073867163075, -101.74779354593188, 31.78887143943052]",emi,production,2023-11-23 06:33:25.996356+00:00,2025-03-25 23:04:05.767240+00:00,v3,3.18.1,,,,1101.017923926727,216.74839055117843,4.855525493621826,0.2198685556650161,166.8837432861328,3.738337755203247,hrrr,ISS,NASA-JPL EMIT,https://api.carbonmapper.org/api/v1/catalog/asset/l3a-vis-ch4-mfa-v3/2023/08/24/emi20230824t175349p12024-A/emi20230824t175349p12024-A_l3a-vis-ch4-mfa-v3_plume.tif,https://api.carbonmapper.org/api/v1/catalog/asset/l3a-vis-ch4-mfa-v3/2023/08/24/emi20230824t175349p12024-A/emi20230824t175349p12024-A_l3a-vis-ch4-mfa-v3_plume.png,https://api.carbonmapper.org/api/v1/catalog/asset/l3a-ime-ch4-mfa-v3/2023/08/24/emi20230824t175349p12024-A/emi20230824t175349p12024-A_l3a-ime-ch4-mfa-v3_ime-cmf-concentrations.tif,https://api.carbonmapper.org/api/v1/catalog/asset/l3a-vis-ch4-mfa-v3/2023/08/24/emi20230824t175349p12024-A/emi20230824t175349p12024-A_l3a-vis-ch4-mfa-v3_rgb.tif,https://api.carbonmapper.org/api/v1/catalog/asset/l3a-vis-ch4-mfa-v3/2023/08/24/emi20230824t175349p12024-A/emi20230824t175349p12024-A_l3a-vis-ch4-mfa-v3_rgb.png,1,EMIT_L2A_RFL_001_20230824T175349_2323612_024,/mnt/engg-leung/Research_No9_Methane_Emissions/Yuyao/raw_data_dir_l89_L2SR/EMIT_simulated_landsat9/emi20230824t175349p12024-A_sim_L9.tif,/mnt/engg-leung/Research_No9_Methane_Emissions/Yuyao/Dataset/data_dir_l89_L2SR/plume_masks_l89_512/emi20230824t175349p12024-A/mask_30m_512.tif
emi20230824t175349p12024-B,31.844957659429,-101.77195499113644,2023-08-24 17:53:49+00:00,Oil & Gas (1B2),CH4,mfa,"[-101.80711067352526, 31.819908252634228, -101.73749423726375, 31.878542065614003]",emi,production,2023-11-23 06:33:26.019791+00:00,2025-03-25 23:04:06.557444+00:00,v3,3.18.1,,,,1413.290834595998,383.28521938753073,4.839793682098389,0.2836878299713135,166.70526123046875,3.797975540161133,hrrr,ISS,NASA-JPL EMIT,https://api.carbonmapper.org/api/v1/catalog/asset/l3a-vis-ch4-mfa-v3/2023/08/24/emi20230824t175349p12024-B/emi20230824t175349p12024-B_l3a-vis-ch4-mfa-v3_plume.tif,https://api.carbonmapper.org/api/v1/catalog/asset/l3a-vis-ch4-mfa-v3/2023/08/24/emi20230824t175349p12024-B/emi20230824t175349p12024-B_l3a-vis-ch4-mfa-v3_plume.png,https://api.carbonmapper.org/api/v1/catalog/asset/l3a-ime-ch4-mfa-v3/2023/08/24/emi20230824t175349p12024-B/emi20230824t175349p12024-B_l3a-ime-ch4-mfa-v3_ime-cmf-concentrations.tif,https://api.carbonmapper.org/api/v1/catalog/asset/l3a-vis-ch4-mfa-v3/2023/08/24/emi20230824t175349p12024-B/emi20230824t175349p12024-B_l3a-vis-ch4-mfa-v3_rgb.tif,https://api.carbonmapper.org/api/v1/catalog/asset/l3a-vis-ch4-mfa-v3/2023/08/24/emi20230824t175349p12024-B/emi20230824t175349p12024-B_l3a-vis-ch4-mfa-v3_rgb.png,1,EMIT_L2A_RFL_001_20230824T175349_2323612_024,/mnt/engg-leung/Research_No9_Methane_Emissions/Yuyao/raw_data_dir_l89_L2SR/EMIT_simulated_landsat9/emi20230824t175349p12024-B_sim_L9.tif,/mnt/engg-leung/Research_No9_Methane_Emissions/Yuyao/Dataset/data_dir_l89_L2SR/plume_masks_l89_512/emi20230824t175349p12024-B/mask_30m_512.tif
emi20230824t175349p12024-C,31.85774556587309,-101.76469292337694,2023-08-24 17:53:49+00:00,Oil & Gas (1B2),CH4,mfa,"[-101.79893433368551, 31.842185740676296, -101.73048290764521, 31.900317201339906]",emi,production,2023-11-23 06:33:26.041996+00:00,2025-03-25 23:04:16.314518+00:00,v3,3.18.1,,,,983.1933367786486,284.8099289338511,4.839793682098389,0.2836878299713135,166.70526123046875,3.797975540161133,hrrr,ISS,NASA-JPL EMIT,https://api.carbonmapper.org/api/v1/catalog/asset/l3a-vis-ch4-mfa-v3/2023/08/24/emi20230824t175349p12024-C/emi20230824t175349p12024-C_l3a-vis-ch4-mfa-v3_plume.tif,https://api.carbonmapper.org/api/v1/catalog/asset/l3a-vis-ch4-mfa-v3/2023/08/24/emi20230824t175349p12024-C/emi20230824t175349p12024-C_l3a-vis-ch4-mfa-v3_plume.png,https://api.carbonmapper.org/api/v1/catalog/asset/l3a-ime-ch4-mfa-v3/2023/08/24/emi20230824t175349p12024-C/emi20230824t175349p12024-C_l3a-ime-ch4-mfa-v3_ime-cmf-concentrations.tif,https://api.carbonmapper.org/api/v1/catalog/asset/l3a-vis-ch4-mfa-v3/2023/08/24/emi20230824t175349p12024-C/emi20230824t175349p12024-C_l3a-vis-ch4-mfa-v3_rgb.tif,https://api.carbonmapper.org/api/v1/catalog/asset/l3a-vis-ch4-mfa-v3/2023/08/24/emi20230824t175349p12024-C/emi20230824t175349p12024-C_l3a-vis-ch4-mfa-v3_rgb.png,1,EMIT_L2A_RFL_001_20230824T175349_2323612_024,/mnt/engg-leung/Research_No9_Methane_Emissions/Yuyao/raw_data_dir_l89_L2SR/EMIT_simulated_landsat9/emi20230824t175349p12024-C_sim_L9.tif,/mnt/engg-leung/Research_No9_Methane_Emissions/Yuyao/Dataset/data_dir_l89_L2SR/plume_masks_l89_512/emi20230824t175349p12024-C/mask_30m_512.tif
emi20230824t175349p12024-D,31.832812928457173,-101.78366323005191,2023-08-24 17:53:49+00:00,Oil & Gas (1B2),CH4,mfa,"[-101.82744761086688, 31.811413829348165, -101.75902013170601, 31.869544350038915]",emi,production,2023-11-23 06:33:26.133064+00:00,2025-03-25 23:33:56.358479+00:00,v3,3.18.1,,,,1146.3656773649925,377.03155060001535,4.781339645385742,0.2900593280792236,167.3367919921875,3.714078664779663,hrrr,ISS,NASA-JPL EMIT,https://api.carbonmapper.org/api/v1/catalog/asset/l3a-vis-ch4-mfa-v3/2023/08/24/emi20230824t175349p12024-D/emi20230824t175349p12024-D_l3a-vis-ch4-mfa-v3_plume.tif,https://api.carbonmapper.org/api/v1/catalog/asset/l3a-vis-ch4-mfa-v3/2023/08/24/emi20230824t175349p12024-D/emi20230824t175349p12024-D_l3a-vis-ch4-mfa-v3_plume.png,https://api.carbonmapper.org/api/v1/catalog/asset/l3a-ime-ch4-mfa-v3/2023/08/24/emi20230824t175349p12024-D/emi20230824t175349p12024-D_l3a-ime-ch4-mfa-v3_ime-cmf-concentrations.tif,https://api.carbonmapper.org/api/v1/catalog/asset/l3a-vis-ch4-mfa-v3/2023/08/24/emi20230824t175349p12024-D/emi20230824t175349p12024-D_l3a-vis-ch4-mfa-v3_rgb.tif,https://api.carbonmapper.org/api/v1/catalog/asset/l3a-vis-ch4-mfa-v3/2023/08/24/emi20230824t175349p12024-D/emi20230824t175349p12024-D_l3a-vis-ch4-mfa-v3_rgb.png,1,EMIT_L2A_RFL_001_20230824T175349_2323612_024,/mnt/engg-leung/Research_No9_Methane_Emissions/Yuyao/raw_data_dir_l89_L2SR/EMIT_simulated_landsat9/emi20230824t175349p12024-D_sim_L9.tif,/mnt/engg-leung/Research_No9_Methane_Emissions/Yuyao/Dataset/data_dir_l89_L2SR/plume_masks_l89_512/emi20230824t175349p12024-D/mask_30m_512.tif
emi20230828t161704p11003-A,32.36331598236808,-101.32833142619822,2023-08-28 16:17:04+00:00,Oil & Gas (1B2),CH4,mfa,"[-101.37343952578281, 32.329919051552245, -101.3055421928838, 32.38777150675686]",emi,production,2024-12-17 19:08:34.292324+00:00,2025-03-25 22:52:41.249634+00:00,v3,3.18.1,,,,2052.179764321316,266.57446331419914,5.864673614501953,0.3748906254768371,68.83740234375,7.138741493225098,hrrr,ISS,NASA-JPL EMIT,https://api.carbonmapper.org/api/v1/catalog/asset/l3a-vis-ch4-mfa-v3/2023/08/28/emi20230828t161704p11003-A/emi20230828t161704p11003-A_l3a-vis-ch4-mfa-v3_plume.tif,https://api.carbonmapper.org/api/v1/catalog/asset/l3a-vis-ch4-mfa-v3/2023/08/28/emi20230828t161704p11003-A/emi20230828t161704p11003-A_l3a-vis-ch4-mfa-v3_plume.png,https://api.carbonmapper.org/api/v1/catalog/asset/l3a-ime-ch4-mfa-v3/2023/08/28/emi20230828t161704p11003-A/emi20230828t161704p11003-A_l3a-ime-ch4-mfa-v3_ime-cmf-concentrations.tif,https://api.carbonmapper.org/api/v1/catalog/asset/l3a-vis-ch4-mfa-v3/2023/08/28/emi20230828t161704p11003-A/emi20230828t161704p11003-A_l3a-vis-ch4-mfa-v3_rgb.tif,https://api.carbonmapper.org/api/v1/catalog/asset/l3a-vis-ch4-mfa-v3/2023/08/28/emi20230828t161704p11003-A/emi20230828t161704p11003-A_l3a-vis-ch4-mfa-v3_rgb.png,1,EMIT_L2A_RFL_001_20230828T161704_2324011_003,/mnt/engg-leung/Research_No9_Methane_Emissions/Yuyao/raw_data_dir_l89_L2SR/EMIT_simulated_landsat9/emi20230828t161704p11003-A_sim_L9.tif,/mnt/engg-leung/Research_No9_Methane_Emissions/Yuyao/Dataset/data_dir_l89_L2SR/plume_masks_l89_512/emi20230828t161704p11003-A/mask_30m_512.tif
emi20230923t214649p14012-A,31.30619447511592,-101.35893120463028,2023-09-23 21:46:49+00:00,Oil & Gas (1B2),CH4,mfa,"[-101.39032608766749, 31.281471221693685, -101.32275386157066, 31.339202568360005]",emi,production,2024-01-09 17:44:35.498259+00:00,2025-03-25 23:00:35.289962+00:00,v3,3.18.1,,,,1707.2902176097934,222.00490148154725,1.777023196220398,0.0570816099643707,230.1629638671875,14.809403419494627,hrrr,ISS,NASA-JPL EMIT,https://api.carbonmapper.org/api/v1/catalog/asset/l3a-vis-ch4-mfa-v3/2023/09/23/emi20230923t214649p14012-A/emi20230923t214649p14012-A_l3a-vis-ch4-mfa-v3_plume.tif,https://api.carbonmapper.org/api/v1/catalog/asset/l3a-vis-ch4-mfa-v3/2023/09/23/emi20230923t214649p14012-A/emi20230923t214649p14012-A_l3a-vis-ch4-mfa-v3_plume.png,https://api.carbonmapper.org/api/v1/catalog/asset/l3a-ime-ch4-mfa-v3/2023/09/23/emi20230923t214649p14012-A/emi20230923t214649p14012-A_l3a-ime-ch4-mfa-v3_ime-cmf-concentrations.tif,https://api.carbonmapper.org/api/v1/catalog/asset/l3a-vis-ch4-mfa-v3/2023/09/23/emi20230923t214649p14012-A/emi20230923t214649p14012-A_l3a-vis-ch4-mfa-v3_rgb.tif,https://api.carbonmapper.org/api/v1/catalog/asset/l3a-vis-ch4-mfa-v3/2023/09/23/emi20230923t214649p14012-A/emi20230923t214649p14012-A_l3a-vis-ch4-mfa-v3_rgb.png,1,EMIT_L2A_RFL_001_20230923T214649_2326614_012,/mnt/engg-leung/Research_No9_Methane_Emissions/Yuyao/raw_data_dir_l89_L2SR/EMIT_simulated_landsat9/emi20230923t214649p14012-A_sim_L9.tif,/mnt/engg-leung/Research_No9_Methane_Emissions/Yuyao/Dataset/data_dir_l89_L2SR/plume_masks_l89_512/emi20230923t214649p14012-A/mask_30m_512.tif
emi20231004t174732p12016-A,32.082797634333275,-104.48401553609727,2023-10-04 17:47:32+00:00,Oil & Gas (1B2),CH4,mfa,"[-104.5194246474354, 32.05443491207127, -104.45288176673681, 32.11081556141637]",emi,production,2024-02-15 20:06:42.501850+00:00,2025-03-25 22:51:37.431193+00:00,v3,3.18.1,,,,2077.101780840572,476.3728542619993,3.804930686950684,0.7006803154945374,104.3538818359375,78.04911804199219,hrrr,ISS,NASA-JPL EMIT,https://api.carbonmapper.org/api/v1/catalog/asset/l3a-vis-ch4-mfa-v3/2023/10/04/emi20231004t174732p12016-A/emi20231004t174732p12016-A_l3a-vis-ch4-mfa-v3_plume.tif,https://api.carbonmapper.org/api/v1/catalog/asset/l3a-vis-ch4-mfa-v3/2023/10/04/emi20231004t174732p12016-A/emi20231004t174732p12016-A_l3a-vis-ch4-mfa-v3_plume.png,https://api.carbonmapper.org/api/v1/catalog/asset/l3a-ime-ch4-mfa-v3/2023/10/04/emi20231004t174732p12016-A/emi20231004t174732p12016-A_l3a-ime-ch4-mfa-v3_ime-cmf-concentrations.tif,https://api.carbonmapper.org/api/v1/catalog/asset/l3a-vis-ch4-mfa-v3/2023/10/04/emi20231004t174732p12016-A/emi20231004t174732p12016-A_l3a-vis-ch4-mfa-v3_rgb.tif,https://api.carbonmapper.org/api/v1/catalog/asset/l3a-vis-ch4-mfa-v3/2023/10/04/emi20231004t174732p12016-A/emi20231004t174732p12016-A_l3a-vis-ch4-mfa-v3_rgb.png,1,EMIT_L2A_RFL_001_20231004T174732_2327712_016,/mnt/engg-leung/Research_No9_Methane_Emissions/Yuyao/raw_data_dir_l89_L2SR/EMIT_simulated_landsat9/emi20231004t174732p12016-A_sim_L9.tif,/mnt/engg-leung/Research_No9_Methane_Emissions/Yuyao/Dataset/data_dir_l89_L2SR/plume_masks_l89_512/emi20231004t174732p12016-A/mask_30m_512.tif
emi20231004t174744p12017-A,32.5842476953017,-104.17436591156512,2023-10-04 17:47:44+00:00,Oil & Gas (1B2),CH4,mfa,"[-104.19507171875944, 32.54331338624605, -104.1272250031112, 32.599996193079434]",emi,production,2024-02-02 00:20:16.210564+00:00,2025-03-25 23:30:46.773007+00:00,v3,3.18.1,,,,3830.7821707792223,700.4065897442345,2.343768835067749,0.3254912495613098,330.490234375,10.441025733947754,hrrr,ISS,NASA-JPL EMIT,https://api.carbonmapper.org/api/v1/catalog/asset/l3a-vis-ch4-mfa-v3/2023/10/04/emi20231004t174744p12017-A/emi20231004t174744p12017-A_l3a-vis-ch4-mfa-v3_plume.tif,https://api.carbonmapper.org/api/v1/catalog/asset/l3a-vis-ch4-mfa-v3/2023/10/04/emi20231004t174744p12017-A/emi20231004t174744p12017-A_l3a-vis-ch4-mfa-v3_plume.png,https://api.carbonmapper.org/api/v1/catalog/asset/l3a-ime-ch4-mfa-v3/2023/10/04/emi20231004t174744p12017-A/emi20231004t174744p12017-A_l3a-ime-ch4-mfa-v3_ime-cmf-concentrations.tif,https://api.carbonmapper.org/api/v1/catalog/asset/l3a-vis-ch4-mfa-v3/2023/10/04/emi20231004t174744p12017-A/emi20231004t174744p12017-A_l3a-vis-ch4-mfa-v3_rgb.tif,https://api.carbonmapper.org/api/v1/catalog/asset/l3a-vis-ch4-mfa-v3/2023/10/04/emi20231004t174744p12017-A/emi20231004t174744p12017-A_l3a-vis-ch4-mfa-v3_rgb.png,1,EMIT_L2A_RFL_001_20231004T174744_2327712_017,/mnt/engg-leung/Research_No9_Methane_Emissions/Yuyao/raw_data_dir_l89_L2SR/EMIT_simulated_landsat9/emi20231004t174744p12017-A_sim_L9.tif,/mnt/engg-leung/Research_No9_Methane_Emissions/Yuyao/Dataset/data_dir_l89_L2SR/plume_masks_l89_512/emi20231004t174744p12017-A/mask_30m_512.tif
emi20231004t174744p12017-B,32.76421127639169,-104.28790914362084,2023-10-04 17:47:44+00:00,Oil & Gas (1B2),CH4,mfa,"[-104.32079983443174, 32.733284539759296, -104.25281061526299, 32.78996577712699]",emi,production,2024-02-15 20:07:25.510516+00:00,2025-03-25 22:56:49.943461+00:00,v3,3.18.1,,,,1066.499307731903,553.712232398953,1.902639627456665,0.8322482705116272,4.843018054962158,16.3048038482666,hrrr,ISS,NASA-JPL EMIT,https://api.carbonmapper.org/api/v1/catalog/asset/l3a-vis-ch4-mfa-v3/2023/10/04/emi20231004t174744p12017-B/emi20231004t174744p12017-B_l3a-vis-ch4-mfa-v3_plume.tif,https://api.carbonmapper.org/api/v1/catalog/asset/l3a-vis-ch4-mfa-v3/2023/10/04/emi20231004t174744p12017-B/emi20231004t174744p12017-B_l3a-vis-ch4-mfa-v3_plume.png,https://api.carbonmapper.org/api/v1/catalog/asset/l3a-ime-ch4-mfa-v3/2023/10/04/emi20231004t174744p12017-B/emi20231004t174744p12017-B_l3a-ime-ch4-mfa-v3_ime-cmf-concentrations.tif,https://api.carbonmapper.org/api/v1/catalog/asset/l3a-vis-ch4-mfa-v3/2023/10/04/emi20231004t174744p12017-B/emi20231004t174744p12017-B_l3a-vis-ch4-mfa-v3_rgb.tif,https://api.carbonmapper.org/api/v1/catalog/asset/l3a-vis-ch4-mfa-v3/2023/10/04/emi20231004t174744p12017-B/emi20231004t174744p12017-B_l3a-vis-ch4-mfa-v3_rgb.png,1,EMIT_L2A_RFL_001_20231004T174744_2327712_017,/mnt/engg-leung/Research_No9_Methane_Emissions/Yuyao/raw_data_dir_l89_L2SR/EMIT_simulated_landsat9/emi20231004t174744p12017-B_sim_L9.tif,/mnt/engg-leung/Research_No9_Methane_Emissions/Yuyao/Dataset/data_dir_l89_L2SR/plume_masks_l89_512/emi20231004t174744p12017-B/mask_30m_512.tif
emi20231004t174744p12017-C,32.75563761451633,-104.22301484097092,2023-10-04 17:47:44+00:00,Oil & Gas (1B2),CH4,mfa,"[-104.2518906780045, 32.724988451300895, -104.18449434360944, 32.781669275244106]",emi,production,2024-02-15 20:07:40.917811+00:00,2025-03-25 22:39:39.601444+00:00,v3,3.18.1,,,,689.4542638084922,279.5129998010627,2.0537121295928955,0.5961692333221436,345.52911376953125,10.471413612365724,hrrr,ISS,NASA-JPL EMIT,https://api.carbonmapper.org/api/v1/catalog/asset/l3a-vis-ch4-mfa-v3/2023/10/04/emi20231004t174744p12017-C/emi20231004t174744p12017-C_l3a-vis-ch4-mfa-v3_plume.tif,https://api.carbonmapper.org/api/v1/catalog/asset/l3a-vis-ch4-mfa-v3/2023/10/04/emi20231004t174744p12017-C/emi20231004t174744p12017-C_l3a-vis-ch4-mfa-v3_plume.png,https://api.carbonmapper.org/api/v1/catalog/asset/l3a-ime-ch4-mfa-v3/2023/10/04/emi20231004t174744p12017-C/emi20231004t174744p12017-C_l3a-ime-ch4-mfa-v3_ime-cmf-concentrations.tif,https://api.carbonmapper.org/api/v1/catalog/asset/l3a-vis-ch4-mfa-v3/2023/10/04/emi20231004t174744p12017-C/emi20231004t174744p12017-C_l3a-vis-ch4-mfa-v3_rgb.tif,https://api.carbonmapper.org/api/v1/catalog/asset/l3a-vis-ch4-mfa-v3/2023/10/04/emi20231004t174744p12017-C/emi20231004t174744p12017-C_l3a-vis-ch4-mfa-v3_rgb.png,1,EMIT_L2A_RFL_001_20231004T174744_2327712_017,/mnt/engg-leung/Research_No9_Methane_Emissions/Yuyao/raw_data_dir_l89_L2SR/EMIT_simulated_landsat9/emi20231004t174744p12017-C_sim_L9.tif,/mnt/engg-leung/Research_No9_Methane_Emissions/Yuyao/Dataset/data_dir_l89_L2SR/plume_masks_l89_512/emi20231004t174744p12017-C/mask_30m_512.tif
emi20231004t174744p12017-D,32.75704943952647,-104.21260561839595,2023-10-04 17:47:44+00:00,Oil & Gas (1B2),CH4,mfa,"[-104.24194811766334, 32.72591166396523, -104.17396352481303, 32.78259373703079]",emi,production,2024-02-15 20:07:40.876943+00:00,2025-03-25 22:56:53.142529+00:00,v3,3.18.1,,,,934.4836319864236,368.3812838496648,2.0537121295928955,0.5961692333221436,345.52911376953125,10.471413612365724,hrrr,ISS,NASA-JPL EMIT,https://api.carbonmapper.org/api/v1/catalog/asset/l3a-vis-ch4-mfa-v3/2023/10/04/emi20231004t174744p12017-D/emi20231004t174744p12017-D_l3a-vis-ch4-mfa-v3_plume.tif,https://api.carbonmapper.org/api/v1/catalog/asset/l3a-vis-ch4-mfa-v3/2023/10/04/emi20231004t174744p12017-D/emi20231004t174744p12017-D_l3a-vis-ch4-mfa-v3_plume.png,https://api.carbonmapper.org/api/v1/catalog/asset/l3a-ime-ch4-mfa-v3/2023/10/04/emi20231004t174744p12017-D/emi20231004t174744p12017-D_l3a-ime-ch4-mfa-v3_ime-cmf-concentrations.tif,https://api.carbonmapper.org/api/v1/catalog/asset/l3a-vis-ch4-mfa-v3/2023/10/04/emi20231004t174744p12017-D/emi20231004t174744p12017-D_l3a-vis-ch4-mfa-v3_rgb.tif,https://api.carbonmapper.org/api/v1/catalog/asset/l3a-vis-ch4-mfa-v3/2023/10/04/emi20231004t174744p12017-D/emi20231004t174744p12017-D_l3a-vis-ch4-mfa-v3_rgb.png,1,EMIT_L2A_RFL_001_20231004T174744_2327712_017,/mnt/engg-leung/Research_No9_Methane_Emissions/Yuyao/raw_data_dir_l89_L2SR/EMIT_simulated_landsat9/emi20231004t174744p12017-D_sim_L9.tif,/mnt/engg-leung/Research_No9_Methane_Emissions/Yuyao/Dataset/data_dir_l89_L2SR/plume_masks_l89_512/emi20231004t174744p12017-D/mask_30m_512.tif
emi20231004t174744p12017-E,32.25961048132537,-103.97363984569915,2023-10-04 17:47:44+00:00,Oil & Gas (1B2),CH4,mfa,"[-104.00544497209214, 32.2292166107012, -103.93841830885161, 32.285898202307024]",emi,production,2024-02-15 20:04:45.243476+00:00,2025-03-25 22:57:14.320276+00:00,v3,3.18.1,,,,1523.4007211101646,451.4524941556799,2.192999839782715,0.5712466239929199,322.3322448730469,10.512112617492676,hrrr,ISS,NASA-JPL EMIT,https://api.carbonmapper.org/api/v1/catalog/asset/l3a-vis-ch4-mfa-v3/2023/10/04/emi20231004t174744p12017-E/emi20231004t174744p12017-E_l3a-vis-ch4-mfa-v3_plume.tif,https://api.carbonmapper.org/api/v1/catalog/asset/l3a-vis-ch4-mfa-v3/2023/10/04/emi20231004t174744p12017-E/emi20231004t174744p12017-E_l3a-vis-ch4-mfa-v3_plume.png,https://api.carbonmapper.org/api/v1/catalog/asset/l3a-ime-ch4-mfa-v3/2023/10/04/emi20231004t174744p12017-E/emi20231004t174744p12017-E_l3a-ime-ch4-mfa-v3_ime-cmf-concentrations.tif,https://api.carbonmapper.org/api/v1/catalog/asset/l3a-vis-ch4-mfa-v3/2023/10/04/emi20231004t174744p12017-E/emi20231004t174744p12017-E_l3a-vis-ch4-mfa-v3_rgb.tif,https://api.carbonmapper.org/api/v1/catalog/asset/l3a-vis-ch4-mfa-v3/2023/10/04/emi20231004t174744p12017-E/emi20231004t174744p12017-E_l3a-vis-ch4-mfa-v3_rgb.png,1,EMIT_L2A_RFL_001_20231004T174744_2327712_017,/mnt/engg-leung/Research_No9_Methane_Emissions/Yuyao/raw_data_dir_l89_L2SR/EMIT_simulated_landsat9/emi20231004t174744p12017-E_sim_L9.tif,/mnt/engg-leung/Research_No9_Methane_Emissions/Yuyao/Dataset/data_dir_l89_L2SR/plume_masks_l89_512/emi20231004t174744p12017-E/mask_30m_512.tif
emi20231008t161103p11014-A,31.429434302281607,-104.71973669282964,2023-10-08 16:11:03+00:00,Other,CH4,mfa,"[-104.75279677164393, 31.400717320478037, -104.68516131430722, 31.45793205224292]",emi,production,2024-10-04 20:09:41.372192+00:00,2025-03-25 23:03:53.689194+00:00,v3,3.18.1,,,,1622.9848610755764,420.85450397590864,4.129645347595215,0.56351637840271,163.9296875,2.4109771251678467,hrrr,ISS,NASA-JPL EMIT,https://api.carbonmapper.org/api/v1/catalog/asset/l3a-vis-ch4-mfa-v3/2023/10/08/emi20231008t161103p11014-A/emi20231008t161103p11014-A_l3a-vis-ch4-mfa-v3_plume.tif,https://api.carbonmapper.org/api/v1/catalog/asset/l3a-vis-ch4-mfa-v3/2023/10/08/emi20231008t161103p11014-A/emi20231008t161103p11014-A_l3a-vis-ch4-mfa-v3_plume.png,https://api.carbonmapper.org/api/v1/catalog/asset/l3a-ime-ch4-mfa-v3/2023/10/08/emi20231008t161103p11014-A/emi20231008t161103p11014-A_l3a-ime-ch4-mfa-v3_ime-cmf-concentrations.tif,https://api.carbonmapper.org/api/v1/catalog/asset/l3a-vis-ch4-mfa-v3/2023/10/08/emi20231008t161103p11014-A/emi20231008t161103p11014-A_l3a-vis-ch4-mfa-v3_rgb.tif,https://api.carbonmapper.org/api/v1/catalog/asset/l3a-vis-ch4-mfa-v3/2023/10/08/emi20231008t161103p11014-A/emi20231008t161103p11014-A_l3a-vis-ch4-mfa-v3_rgb.png,1,EMIT_L2A_RFL_001_20231008T161103_2328111_014,/mnt/engg-leung/Research_No9_Methane_Emissions/Yuyao/raw_data_dir_l89_L2SR/EMIT_simulated_landsat9/emi20231008t161103p11014-A_sim_L9.tif,/mnt/engg-leung/Research_No9_Methane_Emissions/Yuyao/Dataset/data_dir_l89_L2SR/plume_masks_l89_512/emi20231008t161103p11014-A/mask_30m_512.tif
emi20231008t161115p11015-F,32.150516316306536,-104.19702609722368,2023-10-08 16:11:15+00:00,Oil & Gas (1B2),CH4,mfa,"[-104.24017712358908, 32.12654717069371, -104.1581804487444, 32.19596172069938]",emi,production,2024-02-15 20:04:24.349334+00:00,2025-03-25 23:30:55.957151+00:00,v3,3.18.1,,,,,,2.111966371536255,0.1330666989088058,164.32357788085938,4.6367058753967285,hrrr,ISS,NASA-JPL EMIT,https://api.carbonmapper.org/api/v1/catalog/asset/l3a-vis-ch4-mfa-v3/2023/10/08/emi20231008t161115p11015-F/emi20231008t161115p11015-F_l3a-vis-ch4-mfa-v3_plume.tif,https://api.carbonmapper.org/api/v1/catalog/asset/l3a-vis-ch4-mfa-v3/2023/10/08/emi20231008t161115p11015-F/emi20231008t161115p11015-F_l3a-vis-ch4-mfa-v3_plume.png,https://api.carbonmapper.org/api/v1/catalog/asset/l3a-ime-ch4-mfa-v3/2023/10/08/emi20231008t161115p11015-F/emi20231008t161115p11015-F_l3a-ime-ch4-mfa-v3_ime-cmf-concentrations.tif,https://api.carbonmapper.org/api/v1/catalog/asset/l3a-vis-ch4-mfa-v3/2023/10/08/emi20231008t161115p11015-F/emi20231008t161115p11015-F_l3a-vis-ch4-mfa-v3_rgb.tif,https://api.carbonmapper.org/api/v1/catalog/asset/l3a-vis-ch4-mfa-v3/2023/10/08/emi20231008t161115p11015-F/emi20231008t161115p11015-F_l3a-vis-ch4-mfa-v3_rgb.png,1,EMIT_L2A_RFL_001_20231008T161115_2328111_015,/mnt/engg-leung/Research_No9_Methane_Emissions/Yuyao/raw_data_dir_l89_L2SR/EMIT_simulated_landsat9/emi20231008t161115p11015-F_sim_L9.tif,/mnt/engg-leung/Research_No9_Methane_Emissions/Yuyao/Dataset/data_dir_l89_L2SR/plume_masks_l89_512/emi20231008t161115p11015-F/mask_30m_512.tif
emi20231008t161115p11015-G,32.04789839033705,-104.06060329765695,2023-10-08 16:11:15+00:00,Oil & Gas (1B2),CH4,mfa,"[-104.09751855219602, 32.02270134299113, -104.03024580552234, 32.07971997775432]",emi,production,2024-02-15 20:04:05.613402+00:00,2025-03-25 23:31:00.770798+00:00,v3,3.18.1,,,,,,2.2001092433929443,0.094522587954998,165.71376037597656,7.733962059020996,hrrr,ISS,NASA-JPL EMIT,https://api.carbonmapper.org/api/v1/catalog/asset/l3a-vis-ch4-mfa-v3/2023/10/08/emi20231008t161115p11015-G/emi20231008t161115p11015-G_l3a-vis-ch4-mfa-v3_plume.tif,https://api.carbonmapper.org/api/v1/catalog/asset/l3a-vis-ch4-mfa-v3/2023/10/08/emi20231008t161115p11015-G/emi20231008t161115p11015-G_l3a-vis-ch4-mfa-v3_plume.png,https://api.carbonmapper.org/api/v1/catalog/asset/l3a-ime-ch4-mfa-v3/2023/10/08/emi20231008t161115p11015-G/emi20231008t161115p11015-G_l3a-ime-ch4-mfa-v3_ime-cmf-concentrations.tif,https://api.carbonmapper.org/api/v1/catalog/asset/l3a-vis-ch4-mfa-v3/2023/10/08/emi20231008t161115p11015-G/emi20231008t161115p11015-G_l3a-vis-ch4-mfa-v3_rgb.tif,https://api.carbonmapper.org/api/v1/catalog/asset/l3a-vis-ch4-mfa-v3/2023/10/08/emi20231008t161115p11015-G/emi20231008t161115p11015-G_l3a-vis-ch4-mfa-v3_rgb.png,1,EMIT_L2A_RFL_001_20231008T161115_2328111_015,/mnt/engg-leung/Research_No9_Methane_Emissions/Yuyao/raw_data_dir_l89_L2SR/EMIT_simulated_landsat9/emi20231008t161115p11015-G_sim_L9.tif,/mnt/engg-leung/Research_No9_Methane_Emissions/Yuyao/Dataset/data_dir_l89_L2SR/plume_masks_l89_512/emi20231008t161115p11015-G/mask_30m_512.tif
emi20231008t161127p11016-A,32.05837422219304,-103.5335931876482,2023-10-08 16:11:27+00:00,Oil & Gas (1B2),CH4,mfa,"[-103.55850366196628, 32.04501613668695, -103.49085756728948, 32.102337131194716]",emi,production,2024-02-15 20:05:22.154585+00:00,2025-03-25 22:57:02.995055+00:00,v3,3.18.1,,,,1401.745749784113,289.1965181132889,2.5534472465515137,0.2956689596176147,202.82701110839844,27.53522109985352,hrrr,ISS,NASA-JPL EMIT,https://api.carbonmapper.org/api/v1/catalog/asset/l3a-vis-ch4-mfa-v3/2023/10/08/emi20231008t161127p11016-A/emi20231008t161127p11016-A_l3a-vis-ch4-mfa-v3_plume.tif,https://api.carbonmapper.org/api/v1/catalog/asset/l3a-vis-ch4-mfa-v3/2023/10/08/emi20231008t161127p11016-A/emi20231008t161127p11016-A_l3a-vis-ch4-mfa-v3_plume.png,https://api.carbonmapper.org/api/v1/catalog/asset/l3a-ime-ch4-mfa-v3/2023/10/08/emi20231008t161127p11016-A/emi20231008t161127p11016-A_l3a-ime-ch4-mfa-v3_ime-cmf-concentrations.tif,https://api.carbonmapper.org/api/v1/catalog/asset/l3a-vis-ch4-mfa-v3/2023/10/08/emi20231008t161127p11016-A/emi20231008t161127p11016-A_l3a-vis-ch4-mfa-v3_rgb.tif,https://api.carbonmapper.org/api/v1/catalog/asset/l3a-vis-ch4-mfa-v3/2023/10/08/emi20231008t161127p11016-A/emi20231008t161127p11016-A_l3a-vis-ch4-mfa-v3_rgb.png,1,EMIT_L2A_RFL_001_20231008T161127_2328111_016,/mnt/engg-leung/Research_No9_Methane_Emissions/Yuyao/raw_data_dir_l89_L2SR/EMIT_simulated_landsat9/emi20231008t161127p11016-A_sim_L9.tif,/mnt/engg-leung/Research_No9_Methane_Emissions/Yuyao/Dataset/data_dir_l89_L2SR/plume_masks_l89_512/emi20231008t161127p11016-A/mask_30m_512.tif
emi20231008t161127p11016-D,31.977100499815137,-103.75493362825544,2023-10-08 16:11:27+00:00,Oil & Gas (1B2),CH4,mfa,"[-103.7888550582678, 31.95431250061339, -103.72185586700606, 32.01114173387096]",emi,production,2024-02-15 20:03:11.870891+00:00,2025-03-25 22:57:05.117698+00:00,v3,3.18.1,,,,1312.6837689016654,181.91260796950505,2.297908306121826,0.127920925617218,180.87420654296875,26.887889862060547,hrrr,ISS,NASA-JPL EMIT,https://api.carbonmapper.org/api/v1/catalog/asset/l3a-vis-ch4-mfa-v3/2023/10/08/emi20231008t161127p11016-D/emi20231008t161127p11016-D_l3a-vis-ch4-mfa-v3_plume.tif,https://api.carbonmapper.org/api/v1/catalog/asset/l3a-vis-ch4-mfa-v3/2023/10/08/emi20231008t161127p11016-D/emi20231008t161127p11016-D_l3a-vis-ch4-mfa-v3_plume.png,https://api.carbonmapper.org/api/v1/catalog/asset/l3a-ime-ch4-mfa-v3/2023/10/08/emi20231008t161127p11016-D/emi20231008t161127p11016-D_l3a-ime-ch4-mfa-v3_ime-cmf-concentrations.tif,https://api.carbonmapper.org/api/v1/catalog/asset/l3a-vis-ch4-mfa-v3/2023/10/08/emi20231008t161127p11016-D/emi20231008t161127p11016-D_l3a-vis-ch4-mfa-v3_rgb.tif,https://api.carbonmapper.org/api/v1/catalog/asset/l3a-vis-ch4-mfa-v3/2023/10/08/emi20231008t161127p11016-D/emi20231008t161127p11016-D_l3a-vis-ch4-mfa-v3_rgb.png,1,EMIT_L2A_RFL_001_20231008T161127_2328111_016,/mnt/engg-leung/Research_No9_Methane_Emissions/Yuyao/raw_data_dir_l89_L2SR/EMIT_simulated_landsat9/emi20231008t161127p11016-D_sim_L9.tif,/mnt/engg-leung/Research_No9_Methane_Emissions/Yuyao/Dataset/data_dir_l89_L2SR/plume_masks_l89_512/emi20231008t161127p11016-D/mask_30m_512.tif
emi20231008t161127p11016-E,32.06594447692133,-103.93882020126244,2023-10-08 16:11:27+00:00,Oil & Gas (1B2),CH4,mfa,"[-103.9737858121809, 32.04412709763523, -103.90672030066766, 32.101450847742875]",emi,production,2024-02-15 20:03:20.517445+00:00,2025-03-25 23:04:32.949967+00:00,v3,3.18.1,,,,1160.7240051131903,268.3087177765257,2.894282817840576,0.2089891880750656,175.06199645996094,10.567116737365724,hrrr,ISS,NASA-JPL EMIT,https://api.carbonmapper.org/api/v1/catalog/asset/l3a-vis-ch4-mfa-v3/2023/10/08/emi20231008t161127p11016-E/emi20231008t161127p11016-E_l3a-vis-ch4-mfa-v3_plume.tif,https://api.carbonmapper.org/api/v1/catalog/asset/l3a-vis-ch4-mfa-v3/2023/10/08/emi20231008t161127p11016-E/emi20231008t161127p11016-E_l3a-vis-ch4-mfa-v3_plume.png,https://api.carbonmapper.org/api/v1/catalog/asset/l3a-ime-ch4-mfa-v3/2023/10/08/emi20231008t161127p11016-E/emi20231008t161127p11016-E_l3a-ime-ch4-mfa-v3_ime-cmf-concentrations.tif,https://api.carbonmapper.org/api/v1/catalog/asset/l3a-vis-ch4-mfa-v3/2023/10/08/emi20231008t161127p11016-E/emi20231008t161127p11016-E_l3a-vis-ch4-mfa-v3_rgb.tif,https://api.carbonmapper.org/api/v1/catalog/asset/l3a-vis-ch4-mfa-v3/2023/10/08/emi20231008t161127p11016-E/emi20231008t161127p11016-E_l3a-vis-ch4-mfa-v3_rgb.png,1,EMIT_L2A_RFL_001_20231008T161127_2328111_016,/mnt/engg-leung/Research_No9_Methane_Emissions/Yuyao/raw_data_dir_l89_L2SR/EMIT_simulated_landsat9/emi20231008t161127p11016-E_sim_L9.tif,/mnt/engg-leung/Research_No9_Methane_Emissions/Yuyao/Dataset/data_dir_l89_L2SR/plume_masks_l89_512/emi20231008t161127p11016-E/mask_30m_512.tif
emi20231008t161127p11016-F,32.30867059761536,-103.6207548765068,2023-10-08 16:11:27+00:00,Oil & Gas (1B2),CH4,mfa,"[-103.65673162118878, 32.28733082455678, -103.58890502377456, 32.344651936504334]",emi,production,2024-02-15 20:04:54.858002+00:00,2025-03-25 22:57:09.618976+00:00,v3,3.18.1,,,,2152.0587465145527,218.3856237578406,2.8494303226470947,0.0189196895807981,206.818115234375,19.237632751464844,hrrr,ISS,NASA-JPL EMIT,https://api.carbonmapper.org/api/v1/catalog/asset/l3a-vis-ch4-mfa-v3/2023/10/08/emi20231008t161127p11016-F/emi20231008t161127p11016-F_l3a-vis-ch4-mfa-v3_plume.tif,https://api.carbonmapper.org/api/v1/catalog/asset/l3a-vis-ch4-mfa-v3/2023/10/08/emi20231008t161127p11016-F/emi20231008t161127p11016-F_l3a-vis-ch4-mfa-v3_plume.png,https://api.carbonmapper.org/api/v1/catalog/asset/l3a-ime-ch4-mfa-v3/2023/10/08/emi20231008t161127p11016-F/emi20231008t161127p11016-F_l3a-ime-ch4-mfa-v3_ime-cmf-concentrations.tif,https://api.carbonmapper.org/api/v1/catalog/asset/l3a-vis-ch4-mfa-v3/2023/10/08/emi20231008t161127p11016-F/emi20231008t161127p11016-F_l3a-vis-ch4-mfa-v3_rgb.tif,https://api.carbonmapper.org/api/v1/catalog/asset/l3a-vis-ch4-mfa-v3/2023/10/08/emi20231008t161127p11016-F/emi20231008t161127p11016-F_l3a-vis-ch4-mfa-v3_rgb.png,1,EMIT_L2A_RFL_001_20231008T161127_2328111_016,/mnt/engg-leung/Research_No9_Methane_Emissions/Yuyao/raw_data_dir_l89_L2SR/EMIT_simulated_landsat9/emi20231008t161127p11016-F_sim_L9.tif,/mnt/engg-leung/Research_No9_Methane_Emissions/Yuyao/Dataset/data_dir_l89_L2SR/plume_masks_l89_512/emi20231008t161127p11016-F/mask_30m_512.tif
emi20231008t161127p11016-G,32.35712893584261,-103.45179861246044,2023-10-08 16:11:27+00:00,Oil & Gas (1B2),CH4,mfa,"[-103.4908370946838, 32.33944801345375, -103.42356327216407, 32.3962693887294]",emi,production,2024-02-15 20:05:04.202677+00:00,2025-03-25 23:01:07.191977+00:00,v3,3.18.1,,,,820.4049530837494,215.5270685139492,2.27482271194458,0.1898408085107803,191.4864959716797,19.8266830444336,hrrr,ISS,NASA-JPL EMIT,https://api.carbonmapper.org/api/v1/catalog/asset/l3a-vis-ch4-mfa-v3/2023/10/08/emi20231008t161127p11016-G/emi20231008t161127p11016-G_l3a-vis-ch4-mfa-v3_plume.tif,https://api.carbonmapper.org/api/v1/catalog/asset/l3a-vis-ch4-mfa-v3/2023/10/08/emi20231008t161127p11016-G/emi20231008t161127p11016-G_l3a-vis-ch4-mfa-v3_plume.png,https://api.carbonmapper.org/api/v1/catalog/asset/l3a-ime-ch4-mfa-v3/2023/10/08/emi20231008t161127p11016-G/emi20231008t161127p11016-G_l3a-ime-ch4-mfa-v3_ime-cmf-concentrations.tif,https://api.carbonmapper.org/api/v1/catalog/asset/l3a-vis-ch4-mfa-v3/2023/10/08/emi20231008t161127p11016-G/emi20231008t161127p11016-G_l3a-vis-ch4-mfa-v3_rgb.tif,https://api.carbonmapper.org/api/v1/catalog/asset/l3a-vis-ch4-mfa-v3/2023/10/08/emi20231008t161127p11016-G/emi20231008t161127p11016-G_l3a-vis-ch4-mfa-v3_rgb.png,1,EMIT_L2A_RFL_001_20231008T161127_2328111_016,/mnt/engg-leung/Research_No9_Methane_Emissions/Yuyao/raw_data_dir_l89_L2SR/EMIT_simulated_landsat9/emi20231008t161127p11016-G_sim_L9.tif,/mnt/engg-leung/Research_No9_Methane_Emissions/Yuyao/Dataset/data_dir_l89_L2SR/plume_masks_l89_512/emi20231008t161127p11016-G/mask_30m_512.tif
emi20231008t161127p11016-H,32.33084489978452,-103.24915631828206,2023-10-08 16:11:27+00:00,Oil & Gas (1B2),CH4,mfa,"[-103.2789714652946, 32.3124579078448, -103.2117202964785, 32.36977102686764]",emi,production,2024-02-15 20:05:14.259194+00:00,2025-03-25 23:01:04.928284+00:00,v3,3.18.1,,,,826.3804200304849,178.94883066011943,2.5816526412963867,0.1430341601371765,200.00192260742188,17.498079299926758,hrrr,ISS,NASA-JPL EMIT,https://api.carbonmapper.org/api/v1/catalog/asset/l3a-vis-ch4-mfa-v3/2023/10/08/emi20231008t161127p11016-H/emi20231008t161127p11016-H_l3a-vis-ch4-mfa-v3_plume.tif,https://api.carbonmapper.org/api/v1/catalog/asset/l3a-vis-ch4-mfa-v3/2023/10/08/emi20231008t161127p11016-H/emi20231008t161127p11016-H_l3a-vis-ch4-mfa-v3_plume.png,https://api.carbonmapper.org/api/v1/catalog/asset/l3a-ime-ch4-mfa-v3/2023/10/08/emi20231008t161127p11016-H/emi20231008t161127p11016-H_l3a-ime-ch4-mfa-v3_ime-cmf-concentrations.tif,https://api.carbonmapper.org/api/v1/catalog/asset/l3a-vis-ch4-mfa-v3/2023/10/08/emi20231008t161127p11016-H/emi20231008t161127p11016-H_l3a-vis-ch4-mfa-v3_rgb.tif,https://api.carbonmapper.org/api/v1/catalog/asset/l3a-vis-ch4-mfa-v3/2023/10/08/emi20231008t161127p11016-H/emi20231008t161127p11016-H_l3a-vis-ch4-mfa-v3_rgb.png,1,EMIT_L2A_RFL_001_20231008T161127_2328111_016,/mnt/engg-leung/Research_No9_Methane_Emissions/Yuyao/raw_data_dir_l89_L2SR/EMIT_simulated_landsat9/emi20231008t161127p11016-H_sim_L9.tif,/mnt/engg-leung/Research_No9_Methane_Emissions/Yuyao/Dataset/data_dir_l89_L2SR/plume_masks_l89_512/emi20231008t161127p11016-H/mask_30m_512.tif
emi20231008t161127p11016-I,32.089395569905335,-103.58494884484983,2023-10-08 16:11:27+00:00,Oil & Gas (1B2),CH4,mfa,"[-103.61815080199041, 32.062036935017694, -103.55107597774953, 32.11935741332533]",emi,production,2024-02-15 20:06:23.691740+00:00,2025-03-25 23:01:09.269581+00:00,v3,3.18.1,,,,,,2.5071394443511963,0.471849650144577,198.95578002929688,24.7181396484375,hrrr,ISS,NASA-JPL EMIT,https://api.carbonmapper.org/api/v1/catalog/asset/l3a-vis-ch4-mfa-v3/2023/10/08/emi20231008t161127p11016-I/emi20231008t161127p11016-I_l3a-vis-ch4-mfa-v3_plume.tif,https://api.carbonmapper.org/api/v1/catalog/asset/l3a-vis-ch4-mfa-v3/2023/10/08/emi20231008t161127p11016-I/emi20231008t161127p11016-I_l3a-vis-ch4-mfa-v3_plume.png,https://api.carbonmapper.org/api/v1/catalog/asset/l3a-ime-ch4-mfa-v3/2023/10/08/emi20231008t161127p11016-I/emi20231008t161127p11016-I_l3a-ime-ch4-mfa-v3_ime-cmf-concentrations.tif,https://api.carbonmapper.org/api/v1/catalog/asset/l3a-vis-ch4-mfa-v3/2023/10/08/emi20231008t161127p11016-I/emi20231008t161127p11016-I_l3a-vis-ch4-mfa-v3_rgb.tif,https://api.carbonmapper.org/api/v1/catalog/asset/l3a-vis-ch4-mfa-v3/2023/10/08/emi20231008t161127p11016-I/emi20231008t161127p11016-I_l3a-vis-ch4-mfa-v3_rgb.png,1,EMIT_L2A_RFL_001_20231008T161127_2328111_016,/mnt/engg-leung/Research_No9_Methane_Emissions/Yuyao/raw_data_dir_l89_L2SR/EMIT_simulated_landsat9/emi20231008t161127p11016-I_sim_L9.tif,/mnt/engg-leung/Research_No9_Methane_Emissions/Yuyao/Dataset/data_dir_l89_L2SR/plume_masks_l89_512/emi20231008t161127p11016-I/mask_30m_512.tif
emi20231008t161127p11016-K,31.96899239746624,-103.76613097093208,2023-10-08 16:11:27+00:00,Oil & Gas (1B2),CH4,mfa,"[-103.80176678641355, 31.94452123146829, -103.73419032694594, 32.001352042423726]",emi,production,2024-02-15 20:03:11.915122+00:00,2025-03-25 23:04:29.171711+00:00,v3,3.18.1,,,,834.6139397877109,166.46642569004004,2.173963785171509,0.141792356967926,180.9738311767578,27.04013633728028,hrrr,ISS,NASA-JPL EMIT,https://api.carbonmapper.org/api/v1/catalog/asset/l3a-vis-ch4-mfa-v3/2023/10/08/emi20231008t161127p11016-K/emi20231008t161127p11016-K_l3a-vis-ch4-mfa-v3_plume.tif,https://api.carbonmapper.org/api/v1/catalog/asset/l3a-vis-ch4-mfa-v3/2023/10/08/emi20231008t161127p11016-K/emi20231008t161127p11016-K_l3a-vis-ch4-mfa-v3_plume.png,https://api.carbonmapper.org/api/v1/catalog/asset/l3a-ime-ch4-mfa-v3/2023/10/08/emi20231008t161127p11016-K/emi20231008t161127p11016-K_l3a-ime-ch4-mfa-v3_ime-cmf-concentrations.tif,https://api.carbonmapper.org/api/v1/catalog/asset/l3a-vis-ch4-mfa-v3/2023/10/08/emi20231008t161127p11016-K/emi20231008t161127p11016-K_l3a-vis-ch4-mfa-v3_rgb.tif,https://api.carbonmapper.org/api/v1/catalog/asset/l3a-vis-ch4-mfa-v3/2023/10/08/emi20231008t161127p11016-K/emi20231008t161127p11016-K_l3a-vis-ch4-mfa-v3_rgb.png,1,EMIT_L2A_RFL_001_20231008T161127_2328111_016,/mnt/engg-leung/Research_No9_Methane_Emissions/Yuyao/raw_data_dir_l89_L2SR/EMIT_simulated_landsat9/emi20231008t161127p11016-K_sim_L9.tif,/mnt/engg-leung/Research_No9_Methane_Emissions/Yuyao/Dataset/data_dir_l89_L2SR/plume_masks_l89_512/emi20231008t161127p11016-K/mask_30m_512.tif
emi20231008t161127p11016-L,32.19644265280634,-104.00338882605156,2023-10-08 16:11:27+00:00,,CH4,mfa,"[-104.03644111770738, 32.17093487935185, -103.96869538284035, 32.227767068987596]",emi,production,2024-09-10 23:19:01.403991+00:00,2025-03-25 22:53:12.793946+00:00,v3,3.18.1,,,,539.7025773664803,292.5626683779924,2.551977157592773,0.1619093865156173,185.04132080078125,5.132817268371582,hrrr,ISS,NASA-JPL EMIT,https://api.carbonmapper.org/api/v1/catalog/asset/l3a-vis-ch4-mfa-v3/2023/10/08/emi20231008t161127p11016-L/emi20231008t161127p11016-L_l3a-vis-ch4-mfa-v3_plume.tif,https://api.carbonmapper.org/api/v1/catalog/asset/l3a-vis-ch4-mfa-v3/2023/10/08/emi20231008t161127p11016-L/emi20231008t161127p11016-L_l3a-vis-ch4-mfa-v3_plume.png,https://api.carbonmapper.org/api/v1/catalog/asset/l3a-ime-ch4-mfa-v3/2023/10/08/emi20231008t161127p11016-L/emi20231008t161127p11016-L_l3a-ime-ch4-mfa-v3_ime-cmf-concentrations.tif,https://api.carbonmapper.org/api/v1/catalog/asset/l3a-vis-ch4-mfa-v3/2023/10/08/emi20231008t161127p11016-L/emi20231008t161127p11016-L_l3a-vis-ch4-mfa-v3_rgb.tif,https://api.carbonmapper.org/api/v1/catalog/asset/l3a-vis-ch4-mfa-v3/2023/10/08/emi20231008t161127p11016-L/emi20231008t161127p11016-L_l3a-vis-ch4-mfa-v3_rgb.png,1,EMIT_L2A_RFL_001_20231008T161127_2328111_016,/mnt/engg-leung/Research_No9_Methane_Emissions/Yuyao/raw_data_dir_l89_L2SR/EMIT_simulated_landsat9/emi20231008t161127p11016-L_sim_L9.tif,/mnt/engg-leung/Research_No9_Methane_Emissions/Yuyao/Dataset/data_dir_l89_L2SR/plume_masks_l89_512/emi20231008t161127p11016-L/mask_30m_512.tif
emi20231016t210605p14026-C,31.428933370718468,-104.7195484387765,2023-10-16 21:06:05+00:00,Other,CH4,mfa,"[-104.7552263086603, 31.400804502907633, -104.6869883085992, 31.45852873187971]",emi,production,2024-10-04 20:09:10.580544+00:00,2025-03-25 23:03:52.370852+00:00,v3,3.18.1,,,,1155.222197924645,243.0155468868249,3.82390570640564,0.2032676339149475,135.46180725097656,6.050365924835205,hrrr,ISS,NASA-JPL EMIT,https://api.carbonmapper.org/api/v1/catalog/asset/l3a-vis-ch4-mfa-v3/2023/10/16/emi20231016t210605p14026-C/emi20231016t210605p14026-C_l3a-vis-ch4-mfa-v3_plume.tif,https://api.carbonmapper.org/api/v1/catalog/asset/l3a-vis-ch4-mfa-v3/2023/10/16/emi20231016t210605p14026-C/emi20231016t210605p14026-C_l3a-vis-ch4-mfa-v3_plume.png,https://api.carbonmapper.org/api/v1/catalog/asset/l3a-ime-ch4-mfa-v3/2023/10/16/emi20231016t210605p14026-C/emi20231016t210605p14026-C_l3a-ime-ch4-mfa-v3_ime-cmf-concentrations.tif,https://api.carbonmapper.org/api/v1/catalog/asset/l3a-vis-ch4-mfa-v3/2023/10/16/emi20231016t210605p14026-C/emi20231016t210605p14026-C_l3a-vis-ch4-mfa-v3_rgb.tif,https://api.carbonmapper.org/api/v1/catalog/asset/l3a-vis-ch4-mfa-v3/2023/10/16/emi20231016t210605p14026-C/emi20231016t210605p14026-C_l3a-vis-ch4-mfa-v3_rgb.png,1,EMIT_L2A_RFL_001_20231016T210605_2328914_026,/mnt/engg-leung/Research_No9_Methane_Emissions/Yuyao/raw_data_dir_l89_L2SR/EMIT_simulated_landsat9/emi20231016t210605p14026-C_sim_L9.tif,/mnt/engg-leung/Research_No9_Methane_Emissions/Yuyao/Dataset/data_dir_l89_L2SR/plume_masks_l89_512/emi20231016t210605p14026-C/mask_30m_512.tif
emi20231020t192921p13026-A,31.86731240650353,-104.0615754427047,2023-10-20 19:29:21+00:00,Oil & Gas (1B2),CH4,mfa,"[-104.1470866951997, 31.814466235685583, -104.04809226600185, 31.899049640418458]",emi,production,2024-02-15 20:06:33.355342+00:00,2025-03-25 22:58:26.739022+00:00,v3,3.18.1,,,,3980.044066898076,1888.1552733561043,1.3308701515197754,0.6241072416305542,92.93395233154295,20.52926445007324,hrrr,ISS,NASA-JPL EMIT,https://api.carbonmapper.org/api/v1/catalog/asset/l3a-vis-ch4-mfa-v3/2023/10/20/emi20231020t192921p13026-A/emi20231020t192921p13026-A_l3a-vis-ch4-mfa-v3_plume.tif,https://api.carbonmapper.org/api/v1/catalog/asset/l3a-vis-ch4-mfa-v3/2023/10/20/emi20231020t192921p13026-A/emi20231020t192921p13026-A_l3a-vis-ch4-mfa-v3_plume.png,https://api.carbonmapper.org/api/v1/catalog/asset/l3a-ime-ch4-mfa-v3/2023/10/20/emi20231020t192921p13026-A/emi20231020t192921p13026-A_l3a-ime-ch4-mfa-v3_ime-cmf-concentrations.tif,https://api.carbonmapper.org/api/v1/catalog/asset/l3a-vis-ch4-mfa-v3/2023/10/20/emi20231020t192921p13026-A/emi20231020t192921p13026-A_l3a-vis-ch4-mfa-v3_rgb.tif,https://api.carbonmapper.org/api/v1/catalog/asset/l3a-vis-ch4-mfa-v3/2023/10/20/emi20231020t192921p13026-A/emi20231020t192921p13026-A_l3a-vis-ch4-mfa-v3_rgb.png,1,EMIT_L2A_RFL_001_20231020T192921_2329313_026,/mnt/engg-leung/Research_No9_Methane_Emissions/Yuyao/raw_data_dir_l89_L2SR/EMIT_simulated_landsat9/emi20231020t192921p13026-A_sim_L9.tif,/mnt/engg-leung/Research_No9_Methane_Emissions/Yuyao/Dataset/data_dir_l89_L2SR/plume_masks_l89_512/emi20231020t192921p13026-A/mask_30m_512.tif
emi20231020t192921p13026-B,32.01783211917318,-103.97736591925262,2023-10-20 19:29:21+00:00,Oil & Gas (1B2),CH4,mfa,"[-104.00850343807983, 31.972445281509795, -103.94122569842062, 32.02949943129485]",emi,production,2024-02-15 20:03:54.430296+00:00,2025-03-25 22:52:49.457999+00:00,v3,3.18.1,,,,774.70612418255,366.9229490822677,1.1472276449203491,0.4558215141296386,178.2459259033203,53.20146560668945,hrrr,ISS,NASA-JPL EMIT,https://api.carbonmapper.org/api/v1/catalog/asset/l3a-vis-ch4-mfa-v3/2023/10/20/emi20231020t192921p13026-B/emi20231020t192921p13026-B_l3a-vis-ch4-mfa-v3_plume.tif,https://api.carbonmapper.org/api/v1/catalog/asset/l3a-vis-ch4-mfa-v3/2023/10/20/emi20231020t192921p13026-B/emi20231020t192921p13026-B_l3a-vis-ch4-mfa-v3_plume.png,https://api.carbonmapper.org/api/v1/catalog/asset/l3a-ime-ch4-mfa-v3/2023/10/20/emi20231020t192921p13026-B/emi20231020t192921p13026-B_l3a-ime-ch4-mfa-v3_ime-cmf-concentrations.tif,https://api.carbonmapper.org/api/v1/catalog/asset/l3a-vis-ch4-mfa-v3/2023/10/20/emi20231020t192921p13026-B/emi20231020t192921p13026-B_l3a-vis-ch4-mfa-v3_rgb.tif,https://api.carbonmapper.org/api/v1/catalog/asset/l3a-vis-ch4-mfa-v3/2023/10/20/emi20231020t192921p13026-B/emi20231020t192921p13026-B_l3a-vis-ch4-mfa-v3_rgb.png,1,EMIT_L2A_RFL_001_20231020T192921_2329313_026,/mnt/engg-leung/Research_No9_Methane_Emissions/Yuyao/raw_data_dir_l89_L2SR/EMIT_simulated_landsat9/emi20231020t192921p13026-B_sim_L9.tif,/mnt/engg-leung/Research_No9_Methane_Emissions/Yuyao/Dataset/data_dir_l89_L2SR/plume_masks_l89_512/emi20231020t192921p13026-B/mask_30m_512.tif
emi20231020t192921p13026-C,31.998585711936457,-103.97173514587128,2023-10-20 19:29:21+00:00,Oil & Gas (1B2),CH4,mfa,"[-104.01971724308476, 31.969023313841948, -103.95185297346023, 32.02707716208426]",emi,production,2024-02-15 20:03:54.499319+00:00,2025-03-25 22:51:44.164519+00:00,v3,3.18.1,,,,1490.8809961469335,538.8464792162274,1.1385552883148191,0.3597154021263122,178.24905395507812,42.436370849609375,hrrr,ISS,NASA-JPL EMIT,https://api.carbonmapper.org/api/v1/catalog/asset/l3a-vis-ch4-mfa-v3/2023/10/20/emi20231020t192921p13026-C/emi20231020t192921p13026-C_l3a-vis-ch4-mfa-v3_plume.tif,https://api.carbonmapper.org/api/v1/catalog/asset/l3a-vis-ch4-mfa-v3/2023/10/20/emi20231020t192921p13026-C/emi20231020t192921p13026-C_l3a-vis-ch4-mfa-v3_plume.png,https://api.carbonmapper.org/api/v1/catalog/asset/l3a-ime-ch4-mfa-v3/2023/10/20/emi20231020t192921p13026-C/emi20231020t192921p13026-C_l3a-ime-ch4-mfa-v3_ime-cmf-concentrations.tif,https://api.carbonmapper.org/api/v1/catalog/asset/l3a-vis-ch4-mfa-v3/2023/10/20/emi20231020t192921p13026-C/emi20231020t192921p13026-C_l3a-vis-ch4-mfa-v3_rgb.tif,https://api.carbonmapper.org/api/v1/catalog/asset/l3a-vis-ch4-mfa-v3/2023/10/20/emi20231020t192921p13026-C/emi20231020t192921p13026-C_l3a-vis-ch4-mfa-v3_rgb.png,1,EMIT_L2A_RFL_001_20231020T192921_2329313_026,/mnt/engg-leung/Research_No9_Methane_Emissions/Yuyao/raw_data_dir_l89_L2SR/EMIT_simulated_landsat9/emi20231020t192921p13026-C_sim_L9.tif,/mnt/engg-leung/Research_No9_Methane_Emissions/Yuyao/Dataset/data_dir_l89_L2SR/plume_masks_l89_512/emi20231020t192921p13026-C/mask_30m_512.tif
emi20231020t192921p13026-D,32.06326389748922,-103.99808598619214,2023-10-20 19:29:21+00:00,Oil & Gas (1B2),CH4,mfa,"[-104.03258921714327, 32.03233484796332, -103.96467830196615, 32.090388453930835]",emi,production,2024-02-15 20:03:28.607678+00:00,2025-03-25 22:43:39.006673+00:00,v3,3.18.1,,,,517.4649393158926,208.9530858980941,1.2348668575286863,0.4621829092502594,183.7429962158203,46.22136688232422,hrrr,ISS,NASA-JPL EMIT,https://api.carbonmapper.org/api/v1/catalog/asset/l3a-vis-ch4-mfa-v3/2023/10/20/emi20231020t192921p13026-D/emi20231020t192921p13026-D_l3a-vis-ch4-mfa-v3_plume.tif,https://api.carbonmapper.org/api/v1/catalog/asset/l3a-vis-ch4-mfa-v3/2023/10/20/emi20231020t192921p13026-D/emi20231020t192921p13026-D_l3a-vis-ch4-mfa-v3_plume.png,https://api.carbonmapper.org/api/v1/catalog/asset/l3a-ime-ch4-mfa-v3/2023/10/20/emi20231020t192921p13026-D/emi20231020t192921p13026-D_l3a-ime-ch4-mfa-v3_ime-cmf-concentrations.tif,https://api.carbonmapper.org/api/v1/catalog/asset/l3a-vis-ch4-mfa-v3/2023/10/20/emi20231020t192921p13026-D/emi20231020t192921p13026-D_l3a-vis-ch4-mfa-v3_rgb.tif,https://api.carbonmapper.org/api/v1/catalog/asset/l3a-vis-ch4-mfa-v3/2023/10/20/emi20231020t192921p13026-D/emi20231020t192921p13026-D_l3a-vis-ch4-mfa-v3_rgb.png,1,EMIT_L2A_RFL_001_20231020T192921_2329313_026,/mnt/engg-leung/Research_No9_Methane_Emissions/Yuyao/raw_data_dir_l89_L2SR/EMIT_simulated_landsat9/emi20231020t192921p13026-D_sim_L9.tif,/mnt/engg-leung/Research_No9_Methane_Emissions/Yuyao/Dataset/data_dir_l89_L2SR/plume_masks_l89_512/emi20231020t192921p13026-D/mask_30m_512.tif
emi20231020t192921p13026-E,31.99946685526472,-103.9866482517408,2023-10-20 19:29:21+00:00,Oil & Gas (1B2),CH4,mfa,"[-104.01563168178525, 31.966476028478922, -103.94717614763411, 32.02403212633887]",emi,production,2024-02-15 20:03:54.468573+00:00,2025-03-25 22:52:55.757201+00:00,v3,3.18.1,,,,830.9009914149841,377.948276921402,1.0502681732177734,0.4552687406539917,172.15635681152344,61.58671188354492,hrrr,ISS,NASA-JPL EMIT,https://api.carbonmapper.org/api/v1/catalog/asset/l3a-vis-ch4-mfa-v3/2023/10/20/emi20231020t192921p13026-E/emi20231020t192921p13026-E_l3a-vis-ch4-mfa-v3_plume.tif,https://api.carbonmapper.org/api/v1/catalog/asset/l3a-vis-ch4-mfa-v3/2023/10/20/emi20231020t192921p13026-E/emi20231020t192921p13026-E_l3a-vis-ch4-mfa-v3_plume.png,https://api.carbonmapper.org/api/v1/catalog/asset/l3a-ime-ch4-mfa-v3/2023/10/20/emi20231020t192921p13026-E/emi20231020t192921p13026-E_l3a-ime-ch4-mfa-v3_ime-cmf-concentrations.tif,https://api.carbonmapper.org/api/v1/catalog/asset/l3a-vis-ch4-mfa-v3/2023/10/20/emi20231020t192921p13026-E/emi20231020t192921p13026-E_l3a-vis-ch4-mfa-v3_rgb.tif,https://api.carbonmapper.org/api/v1/catalog/asset/l3a-vis-ch4-mfa-v3/2023/10/20/emi20231020t192921p13026-E/emi20231020t192921p13026-E_l3a-vis-ch4-mfa-v3_rgb.png,1,EMIT_L2A_RFL_001_20231020T192921_2329313_026,/mnt/engg-leung/Research_No9_Methane_Emissions/Yuyao/raw_data_dir_l89_L2SR/EMIT_simulated_landsat9/emi20231020t192921p13026-E_sim_L9.tif,/mnt/engg-leung/Research_No9_Methane_Emissions/Yuyao/Dataset/data_dir_l89_L2SR/plume_masks_l89_512/emi20231020t192921p13026-E/mask_30m_512.tif
emi20231020t192921p13026-F,32.02636998023533,-104.1177440525212,2023-10-20 19:29:21+00:00,Oil & Gas (1B2),CH4,mfa,"[-104.15306646555103, 31.997076683297262, -104.08576918226757, 32.05413206964736]",emi,production,2024-02-15 20:04:14.754899+00:00,2025-03-25 23:32:28.587660+00:00,v3,3.18.1,,,,461.9877995824634,304.8986006294035,1.1325597763061523,0.5472599267959595,98.82445526123048,58.230125427246094,hrrr,ISS,NASA-JPL EMIT,https://api.carbonmapper.org/api/v1/catalog/asset/l3a-vis-ch4-mfa-v3/2023/10/20/emi20231020t192921p13026-F/emi20231020t192921p13026-F_l3a-vis-ch4-mfa-v3_plume.tif,https://api.carbonmapper.org/api/v1/catalog/asset/l3a-vis-ch4-mfa-v3/2023/10/20/emi20231020t192921p13026-F/emi20231020t192921p13026-F_l3a-vis-ch4-mfa-v3_plume.png,https://api.carbonmapper.org/api/v1/catalog/asset/l3a-ime-ch4-mfa-v3/2023/10/20/emi20231020t192921p13026-F/emi20231020t192921p13026-F_l3a-ime-ch4-mfa-v3_ime-cmf-concentrations.tif,https://api.carbonmapper.org/api/v1/catalog/asset/l3a-vis-ch4-mfa-v3/2023/10/20/emi20231020t192921p13026-F/emi20231020t192921p13026-F_l3a-vis-ch4-mfa-v3_rgb.tif,https://api.carbonmapper.org/api/v1/catalog/asset/l3a-vis-ch4-mfa-v3/2023/10/20/emi20231020t192921p13026-F/emi20231020t192921p13026-F_l3a-vis-ch4-mfa-v3_rgb.png,1,EMIT_L2A_RFL_001_20231020T192921_2329313_026,/mnt/engg-leung/Research_No9_Methane_Emissions/Yuyao/raw_data_dir_l89_L2SR/EMIT_simulated_landsat9/emi20231020t192921p13026-F_sim_L9.tif,/mnt/engg-leung/Research_No9_Methane_Emissions/Yuyao/Dataset/data_dir_l89_L2SR/plume_masks_l89_512/emi20231020t192921p13026-F/mask_30m_512.tif
emi20231020t192933p13027-A,31.68981911726442,-103.86180492903652,2023-10-20 19:29:33+00:00,Oil & Gas (1B2),CH4,mfa,"[-103.8899874085755, 31.651820062280514, -103.8221435106229, 31.709554413388858]",emi,production,2024-02-15 19:53:02.674203+00:00,2025-03-25 22:39:01.290972+00:00,v3,3.18.1,,,,3690.016192056541,2168.7011841869216,1.13653564453125,0.6350000500679016,84.07131958007812,20.01201057434082,hrrr,ISS,NASA-JPL EMIT,https://api.carbonmapper.org/api/v1/catalog/asset/l3a-vis-ch4-mfa-v3/2023/10/20/emi20231020t192933p13027-A/emi20231020t192933p13027-A_l3a-vis-ch4-mfa-v3_plume.tif,https://api.carbonmapper.org/api/v1/catalog/asset/l3a-vis-ch4-mfa-v3/2023/10/20/emi20231020t192933p13027-A/emi20231020t192933p13027-A_l3a-vis-ch4-mfa-v3_plume.png,https://api.carbonmapper.org/api/v1/catalog/asset/l3a-ime-ch4-mfa-v3/2023/10/20/emi20231020t192933p13027-A/emi20231020t192933p13027-A_l3a-ime-ch4-mfa-v3_ime-cmf-concentrations.tif,https://api.carbonmapper.org/api/v1/catalog/asset/l3a-vis-ch4-mfa-v3/2023/10/20/emi20231020t192933p13027-A/emi20231020t192933p13027-A_l3a-vis-ch4-mfa-v3_rgb.tif,https://api.carbonmapper.org/api/v1/catalog/asset/l3a-vis-ch4-mfa-v3/2023/10/20/emi20231020t192933p13027-A/emi20231020t192933p13027-A_l3a-vis-ch4-mfa-v3_rgb.png,1,EMIT_L2A_RFL_001_20231020T192933_2329313_027,/mnt/engg-leung/Research_No9_Methane_Emissions/Yuyao/raw_data_dir_l89_L2SR/EMIT_simulated_landsat9/emi20231020t192933p13027-A_sim_L9.tif,/mnt/engg-leung/Research_No9_Methane_Emissions/Yuyao/Dataset/data_dir_l89_L2SR/plume_masks_l89_512/emi20231020t192933p13027-A/mask_30m_512.tif
emi20231020t192933p13027-B,31.710374194948244,-103.76625485622893,2023-10-20 19:29:33+00:00,Oil & Gas (1B2),CH4,mfa,"[-103.80071069903342, 31.685733907093226, -103.73284357160749, 31.743466919246956]",emi,production,2024-02-15 19:52:52.580392+00:00,2025-03-25 22:39:03.603322+00:00,v3,3.18.1,,,,868.3653453213261,530.8979277462654,0.9768028259277344,0.5803355574607849,130.69203186035156,11.288731575012209,hrrr,ISS,NASA-JPL EMIT,https://api.carbonmapper.org/api/v1/catalog/asset/l3a-vis-ch4-mfa-v3/2023/10/20/emi20231020t192933p13027-B/emi20231020t192933p13027-B_l3a-vis-ch4-mfa-v3_plume.tif,https://api.carbonmapper.org/api/v1/catalog/asset/l3a-vis-ch4-mfa-v3/2023/10/20/emi20231020t192933p13027-B/emi20231020t192933p13027-B_l3a-vis-ch4-mfa-v3_plume.png,https://api.carbonmapper.org/api/v1/catalog/asset/l3a-ime-ch4-mfa-v3/2023/10/20/emi20231020t192933p13027-B/emi20231020t192933p13027-B_l3a-ime-ch4-mfa-v3_ime-cmf-concentrations.tif,https://api.carbonmapper.org/api/v1/catalog/asset/l3a-vis-ch4-mfa-v3/2023/10/20/emi20231020t192933p13027-B/emi20231020t192933p13027-B_l3a-vis-ch4-mfa-v3_rgb.tif,https://api.carbonmapper.org/api/v1/catalog/asset/l3a-vis-ch4-mfa-v3/2023/10/20/emi20231020t192933p13027-B/emi20231020t192933p13027-B_l3a-vis-ch4-mfa-v3_rgb.png,1,EMIT_L2A_RFL_001_20231020T192933_2329313_027,/mnt/engg-leung/Research_No9_Methane_Emissions/Yuyao/raw_data_dir_l89_L2SR/EMIT_simulated_landsat9/emi20231020t192933p13027-B_sim_L9.tif,/mnt/engg-leung/Research_No9_Methane_Emissions/Yuyao/Dataset/data_dir_l89_L2SR/plume_masks_l89_512/emi20231020t192933p13027-B/mask_30m_512.tif
emi20231020t192933p13027-C,31.330570811004847,-103.50610717814288,2023-10-20 19:29:33+00:00,Oil & Gas (1B2),CH4,mfa,"[-103.54076865335101, 31.294512089257946, -103.47318670936245, 31.352745602414714]",emi,production,2024-02-15 19:50:17.844371+00:00,2025-03-25 22:38:50.497061+00:00,v3,3.18.1,,,,425.65803393385227,115.59408252438824,0.6209008097648621,0.125321477651596,81.86102294921875,32.6551513671875,hrrr,ISS,NASA-JPL EMIT,https://api.carbonmapper.org/api/v1/catalog/asset/l3a-vis-ch4-mfa-v3/2023/10/20/emi20231020t192933p13027-C/emi20231020t192933p13027-C_l3a-vis-ch4-mfa-v3_plume.tif,https://api.carbonmapper.org/api/v1/catalog/asset/l3a-vis-ch4-mfa-v3/2023/10/20/emi20231020t192933p13027-C/emi20231020t192933p13027-C_l3a-vis-ch4-mfa-v3_plume.png,https://api.carbonmapper.org/api/v1/catalog/asset/l3a-ime-ch4-mfa-v3/2023/10/20/emi20231020t192933p13027-C/emi20231020t192933p13027-C_l3a-ime-ch4-mfa-v3_ime-cmf-concentrations.tif,https://api.carbonmapper.org/api/v1/catalog/asset/l3a-vis-ch4-mfa-v3/2023/10/20/emi20231020t192933p13027-C/emi20231020t192933p13027-C_l3a-vis-ch4-mfa-v3_rgb.tif,https://api.carbonmapper.org/api/v1/catalog/asset/l3a-vis-ch4-mfa-v3/2023/10/20/emi20231020t192933p13027-C/emi20231020t192933p13027-C_l3a-vis-ch4-mfa-v3_rgb.png,1,EMIT_L2A_RFL_001_20231020T192933_2329313_027,/mnt/engg-leung/Research_No9_Methane_Emissions/Yuyao/raw_data_dir_l89_L2SR/EMIT_simulated_landsat9/emi20231020t192933p13027-C_sim_L9.tif,/mnt/engg-leung/Research_No9_Methane_Emissions/Yuyao/Dataset/data_dir_l89_L2SR/plume_masks_l89_512/emi20231020t192933p13027-C/mask_30m_512.tif
emi20231020t192933p13027-D,31.579613020735607,-103.71139477944313,2023-10-20 19:29:33+00:00,Oil & Gas (1B2),CH4,mfa,"[-103.74367606509657, 31.550310762813663, -103.67590772519749, 31.608043780190105]",emi,production,2024-02-15 19:52:42.902549+00:00,2025-03-25 23:32:04.040608+00:00,v3,3.18.1,,,,2611.12578074122,816.6649319785304,1.2172805070877075,0.3533631265163421,128.76516723632812,4.494044780731201,hrrr,ISS,NASA-JPL EMIT,https://api.carbonmapper.org/api/v1/catalog/asset/l3a-vis-ch4-mfa-v3/2023/10/20/emi20231020t192933p13027-D/emi20231020t192933p13027-D_l3a-vis-ch4-mfa-v3_plume.tif,https://api.carbonmapper.org/api/v1/catalog/asset/l3a-vis-ch4-mfa-v3/2023/10/20/emi20231020t192933p13027-D/emi20231020t192933p13027-D_l3a-vis-ch4-mfa-v3_plume.png,https://api.carbonmapper.org/api/v1/catalog/asset/l3a-ime-ch4-mfa-v3/2023/10/20/emi20231020t192933p13027-D/emi20231020t192933p13027-D_l3a-ime-ch4-mfa-v3_ime-cmf-concentrations.tif,https://api.carbonmapper.org/api/v1/catalog/asset/l3a-vis-ch4-mfa-v3/2023/10/20/emi20231020t192933p13027-D/emi20231020t192933p13027-D_l3a-vis-ch4-mfa-v3_rgb.tif,https://api.carbonmapper.org/api/v1/catalog/asset/l3a-vis-ch4-mfa-v3/2023/10/20/emi20231020t192933p13027-D/emi20231020t192933p13027-D_l3a-vis-ch4-mfa-v3_rgb.png,1,EMIT_L2A_RFL_001_20231020T192933_2329313_027,/mnt/engg-leung/Research_No9_Methane_Emissions/Yuyao/raw_data_dir_l89_L2SR/EMIT_simulated_landsat9/emi20231020t192933p13027-D_sim_L9.tif,/mnt/engg-leung/Research_No9_Methane_Emissions/Yuyao/Dataset/data_dir_l89_L2SR/plume_masks_l89_512/emi20231020t192933p13027-D/mask_30m_512.tif
emi20231020t192933p13027-E,31.52263762303689,-103.46538057809596,2023-10-20 19:29:33+00:00,Oil & Gas (1B2),CH4,mfa,"[-103.49766501725088, 31.498826706219752, -103.42934731598385, 31.557059702012662]",emi,production,2024-02-15 19:50:06.225054+00:00,2025-03-25 22:52:56.002523+00:00,v3,3.18.1,,,,622.5373943670307,151.67698065912066,0.8470413088798523,0.1557128280401229,157.8561248779297,10.114309310913086,hrrr,ISS,NASA-JPL EMIT,https://api.carbonmapper.org/api/v1/catalog/asset/l3a-vis-ch4-mfa-v3/2023/10/20/emi20231020t192933p13027-E/emi20231020t192933p13027-E_l3a-vis-ch4-mfa-v3_plume.tif,https://api.carbonmapper.org/api/v1/catalog/asset/l3a-vis-ch4-mfa-v3/2023/10/20/emi20231020t192933p13027-E/emi20231020t192933p13027-E_l3a-vis-ch4-mfa-v3_plume.png,https://api.carbonmapper.org/api/v1/catalog/asset/l3a-ime-ch4-mfa-v3/2023/10/20/emi20231020t192933p13027-E/emi20231020t192933p13027-E_l3a-ime-ch4-mfa-v3_ime-cmf-concentrations.tif,https://api.carbonmapper.org/api/v1/catalog/asset/l3a-vis-ch4-mfa-v3/2023/10/20/emi20231020t192933p13027-E/emi20231020t192933p13027-E_l3a-vis-ch4-mfa-v3_rgb.tif,https://api.carbonmapper.org/api/v1/catalog/asset/l3a-vis-ch4-mfa-v3/2023/10/20/emi20231020t192933p13027-E/emi20231020t192933p13027-E_l3a-vis-ch4-mfa-v3_rgb.png,1,EMIT_L2A_RFL_001_20231020T192933_2329313_027,/mnt/engg-leung/Research_No9_Methane_Emissions/Yuyao/raw_data_dir_l89_L2SR/EMIT_simulated_landsat9/emi20231020t192933p13027-E_sim_L9.tif,/mnt/engg-leung/Research_No9_Methane_Emissions/Yuyao/Dataset/data_dir_l89_L2SR/plume_masks_l89_512/emi20231020t192933p13027-E/mask_30m_512.tif
emi20231020t192933p13027-F,31.87291014718012,-103.85748719466166,2023-10-20 19:29:33+00:00,Oil & Gas (1B2),CH4,mfa,"[-103.90241713594656, 31.845178812495867, -103.8344324172356, 31.90291217767352]",emi,production,2024-02-15 20:03:00.152507+00:00,2025-03-25 22:43:44.627654+00:00,v3,3.18.1,,,,1184.215353826039,486.6611395181323,1.1194084882736206,0.4329906702041626,168.86563110351562,21.866443634033203,hrrr,ISS,NASA-JPL EMIT,https://api.carbonmapper.org/api/v1/catalog/asset/l3a-vis-ch4-mfa-v3/2023/10/20/emi20231020t192933p13027-F/emi20231020t192933p13027-F_l3a-vis-ch4-mfa-v3_plume.tif,https://api.carbonmapper.org/api/v1/catalog/asset/l3a-vis-ch4-mfa-v3/2023/10/20/emi20231020t192933p13027-F/emi20231020t192933p13027-F_l3a-vis-ch4-mfa-v3_plume.png,https://api.carbonmapper.org/api/v1/catalog/asset/l3a-ime-ch4-mfa-v3/2023/10/20/emi20231020t192933p13027-F/emi20231020t192933p13027-F_l3a-ime-ch4-mfa-v3_ime-cmf-concentrations.tif,https://api.carbonmapper.org/api/v1/catalog/asset/l3a-vis-ch4-mfa-v3/2023/10/20/emi20231020t192933p13027-F/emi20231020t192933p13027-F_l3a-vis-ch4-mfa-v3_rgb.tif,https://api.carbonmapper.org/api/v1/catalog/asset/l3a-vis-ch4-mfa-v3/2023/10/20/emi20231020t192933p13027-F/emi20231020t192933p13027-F_l3a-vis-ch4-mfa-v3_rgb.png,1,EMIT_L2A_RFL_001_20231020T192933_2329313_027,/mnt/engg-leung/Research_No9_Methane_Emissions/Yuyao/raw_data_dir_l89_L2SR/EMIT_simulated_landsat9/emi20231020t192933p13027-F_sim_L9.tif,/mnt/engg-leung/Research_No9_Methane_Emissions/Yuyao/Dataset/data_dir_l89_L2SR/plume_masks_l89_512/emi20231020t192933p13027-F/mask_30m_512.tif
emi20231020t192945p13028-A,30.99668616639393,-102.92372111205512,2023-10-20 19:29:45+00:00,Oil & Gas (1B2),CH4,mfa,"[-103.02670180208179, 30.89792741445926, -102.89284761022687, 31.012716540820012]",emi,production,2024-02-13 20:07:19.734842+00:00,2025-03-25 22:39:26.803551+00:00,v3,3.18.1,,,,591.3104745106406,423.2234368426383,0.8687352538108826,0.6046720147132874,29.87972640991211,83.48727416992188,hrrr,ISS,NASA-JPL EMIT,https://api.carbonmapper.org/api/v1/catalog/asset/l3a-vis-ch4-mfa-v3/2023/10/20/emi20231020t192945p13028-A/emi20231020t192945p13028-A_l3a-vis-ch4-mfa-v3_plume.tif,https://api.carbonmapper.org/api/v1/catalog/asset/l3a-vis-ch4-mfa-v3/2023/10/20/emi20231020t192945p13028-A/emi20231020t192945p13028-A_l3a-vis-ch4-mfa-v3_plume.png,https://api.carbonmapper.org/api/v1/catalog/asset/l3a-ime-ch4-mfa-v3/2023/10/20/emi20231020t192945p13028-A/emi20231020t192945p13028-A_l3a-ime-ch4-mfa-v3_ime-cmf-concentrations.tif,https://api.carbonmapper.org/api/v1/catalog/asset/l3a-vis-ch4-mfa-v3/2023/10/20/emi20231020t192945p13028-A/emi20231020t192945p13028-A_l3a-vis-ch4-mfa-v3_rgb.tif,https://api.carbonmapper.org/api/v1/catalog/asset/l3a-vis-ch4-mfa-v3/2023/10/20/emi20231020t192945p13028-A/emi20231020t192945p13028-A_l3a-vis-ch4-mfa-v3_rgb.png,1,EMIT_L2A_RFL_001_20231020T192945_2329313_028,/mnt/engg-leung/Research_No9_Methane_Emissions/Yuyao/raw_data_dir_l89_L2SR/EMIT_simulated_landsat9/emi20231020t192945p13028-A_sim_L9.tif,/mnt/engg-leung/Research_No9_Methane_Emissions/Yuyao/Dataset/data_dir_l89_L2SR/plume_masks_l89_512/emi20231020t192945p13028-A/mask_30m_512.tif
emi20231020t192945p13028-B,31.265490850874016,-103.39635510504652,2023-10-20 19:29:45+00:00,Oil & Gas (1B2),CH4,mfa,"[-103.43159684940413, 31.234561849156382, -103.36385493199202, 31.292970290010878]",emi,production,2024-02-13 20:07:19.771289+00:00,2025-03-25 22:39:31.014870+00:00,v3,3.18.1,,,,224.1529677312952,82.86835205377737,0.6289295554161072,0.2135586738586425,9.48903465270996,32.461936950683594,hrrr,ISS,NASA-JPL EMIT,https://api.carbonmapper.org/api/v1/catalog/asset/l3a-vis-ch4-mfa-v3/2023/10/20/emi20231020t192945p13028-B/emi20231020t192945p13028-B_l3a-vis-ch4-mfa-v3_plume.tif,https://api.carbonmapper.org/api/v1/catalog/asset/l3a-vis-ch4-mfa-v3/2023/10/20/emi20231020t192945p13028-B/emi20231020t192945p13028-B_l3a-vis-ch4-mfa-v3_plume.png,https://api.carbonmapper.org/api/v1/catalog/asset/l3a-ime-ch4-mfa-v3/2023/10/20/emi20231020t192945p13028-B/emi20231020t192945p13028-B_l3a-ime-ch4-mfa-v3_ime-cmf-concentrations.tif,https://api.carbonmapper.org/api/v1/catalog/asset/l3a-vis-ch4-mfa-v3/2023/10/20/emi20231020t192945p13028-B/emi20231020t192945p13028-B_l3a-vis-ch4-mfa-v3_rgb.tif,https://api.carbonmapper.org/api/v1/catalog/asset/l3a-vis-ch4-mfa-v3/2023/10/20/emi20231020t192945p13028-B/emi20231020t192945p13028-B_l3a-vis-ch4-mfa-v3_rgb.png,1,EMIT_L2A_RFL_001_20231020T192945_2329313_028,/mnt/engg-leung/Research_No9_Methane_Emissions/Yuyao/raw_data_dir_l89_L2SR/EMIT_simulated_landsat9/emi20231020t192945p13028-B_sim_L9.tif,/mnt/engg-leung/Research_No9_Methane_Emissions/Yuyao/Dataset/data_dir_l89_L2SR/plume_masks_l89_512/emi20231020t192945p13028-B/mask_30m_512.tif
emi20231020t192945p13028-C,31.356899902326248,-103.23419568799294,2023-10-20 19:29:45+00:00,Oil & Gas (1B2),CH4,mfa,"[-103.2744768982, 31.31379966157323, -103.20609089744686, 31.372205997819123]",emi,production,2024-02-13 20:07:19.800712+00:00,2025-03-25 22:54:50.659711+00:00,v3,3.18.1,,,,226.8653643290401,68.94030877137862,0.3535786271095276,0.0998675376176834,149.28065490722656,94.1937026977539,hrrr,ISS,NASA-JPL EMIT,https://api.carbonmapper.org/api/v1/catalog/asset/l3a-vis-ch4-mfa-v3/2023/10/20/emi20231020t192945p13028-C/emi20231020t192945p13028-C_l3a-vis-ch4-mfa-v3_plume.tif,https://api.carbonmapper.org/api/v1/catalog/asset/l3a-vis-ch4-mfa-v3/2023/10/20/emi20231020t192945p13028-C/emi20231020t192945p13028-C_l3a-vis-ch4-mfa-v3_plume.png,https://api.carbonmapper.org/api/v1/catalog/asset/l3a-ime-ch4-mfa-v3/2023/10/20/emi20231020t192945p13028-C/emi20231020t192945p13028-C_l3a-ime-ch4-mfa-v3_ime-cmf-concentrations.tif,https://api.carbonmapper.org/api/v1/catalog/asset/l3a-vis-ch4-mfa-v3/2023/10/20/emi20231020t192945p13028-C/emi20231020t192945p13028-C_l3a-vis-ch4-mfa-v3_rgb.tif,https://api.carbonmapper.org/api/v1/catalog/asset/l3a-vis-ch4-mfa-v3/2023/10/20/emi20231020t192945p13028-C/emi20231020t192945p13028-C_l3a-vis-ch4-mfa-v3_rgb.png,1,EMIT_L2A_RFL_001_20231020T192945_2329313_028,/mnt/engg-leung/Research_No9_Methane_Emissions/Yuyao/raw_data_dir_l89_L2SR/EMIT_simulated_landsat9/emi20231020t192945p13028-C_sim_L9.tif,/mnt/engg-leung/Research_No9_Methane_Emissions/Yuyao/Dataset/data_dir_l89_L2SR/plume_masks_l89_512/emi20231020t192945p13028-C/mask_30m_512.tif
emi20231020t192945p13028-D,31.293123101030005,-103.15554957904524,2023-10-20 19:29:45+00:00,Oil & Gas (1B2),CH4,mfa,"[-103.18913362393253, 31.257099022263407, -103.12079234491618, 31.314998992568476]",emi,production,2024-02-13 20:07:19.829827+00:00,2025-03-25 23:33:30.709357+00:00,v3,3.18.1,,,,246.70219680745944,184.1914557673717,0.4978874921798706,0.3489506244659424,49.090919494628906,60.566009521484375,hrrr,ISS,NASA-JPL EMIT,https://api.carbonmapper.org/api/v1/catalog/asset/l3a-vis-ch4-mfa-v3/2023/10/20/emi20231020t192945p13028-D/emi20231020t192945p13028-D_l3a-vis-ch4-mfa-v3_plume.tif,https://api.carbonmapper.org/api/v1/catalog/asset/l3a-vis-ch4-mfa-v3/2023/10/20/emi20231020t192945p13028-D/emi20231020t192945p13028-D_l3a-vis-ch4-mfa-v3_plume.png,https://api.carbonmapper.org/api/v1/catalog/asset/l3a-ime-ch4-mfa-v3/2023/10/20/emi20231020t192945p13028-D/emi20231020t192945p13028-D_l3a-ime-ch4-mfa-v3_ime-cmf-concentrations.tif,https://api.carbonmapper.org/api/v1/catalog/asset/l3a-vis-ch4-mfa-v3/2023/10/20/emi20231020t192945p13028-D/emi20231020t192945p13028-D_l3a-vis-ch4-mfa-v3_rgb.tif,https://api.carbonmapper.org/api/v1/catalog/asset/l3a-vis-ch4-mfa-v3/2023/10/20/emi20231020t192945p13028-D/emi20231020t192945p13028-D_l3a-vis-ch4-mfa-v3_rgb.png,1,EMIT_L2A_RFL_001_20231020T192945_2329313_028,/mnt/engg-leung/Research_No9_Methane_Emissions/Yuyao/raw_data_dir_l89_L2SR/EMIT_simulated_landsat9/emi20231020t192945p13028-D_sim_L9.tif,/mnt/engg-leung/Research_No9_Methane_Emissions/Yuyao/Dataset/data_dir_l89_L2SR/plume_masks_l89_512/emi20231020t192945p13028-D/mask_30m_512.tif
emi20231020t192945p13028-E,31.243504416568413,-103.48866549325248,2023-10-20 19:29:45+00:00,Oil & Gas (1B2),CH4,mfa,"[-103.61100137250688, 31.135775907117868, -103.45970701883803, 31.265186983753843]",emi,production,2024-02-13 20:07:19.883360+00:00,2025-03-25 22:36:14.125507+00:00,v3,3.18.1,,,,1492.676583696125,149.95716001495094,0.8929330110549927,0.0544435568153858,46.8099365234375,27.434221267700195,hrrr,ISS,NASA-JPL EMIT,https://api.carbonmapper.org/api/v1/catalog/asset/l3a-vis-ch4-mfa-v3/2023/10/20/emi20231020t192945p13028-E/emi20231020t192945p13028-E_l3a-vis-ch4-mfa-v3_plume.tif,https://api.carbonmapper.org/api/v1/catalog/asset/l3a-vis-ch4-mfa-v3/2023/10/20/emi20231020t192945p13028-E/emi20231020t192945p13028-E_l3a-vis-ch4-mfa-v3_plume.png,https://api.carbonmapper.org/api/v1/catalog/asset/l3a-ime-ch4-mfa-v3/2023/10/20/emi20231020t192945p13028-E/emi20231020t192945p13028-E_l3a-ime-ch4-mfa-v3_ime-cmf-concentrations.tif,https://api.carbonmapper.org/api/v1/catalog/asset/l3a-vis-ch4-mfa-v3/2023/10/20/emi20231020t192945p13028-E/emi20231020t192945p13028-E_l3a-vis-ch4-mfa-v3_rgb.tif,https://api.carbonmapper.org/api/v1/catalog/asset/l3a-vis-ch4-mfa-v3/2023/10/20/emi20231020t192945p13028-E/emi20231020t192945p13028-E_l3a-vis-ch4-mfa-v3_rgb.png,1,EMIT_L2A_RFL_001_20231020T192933_2329313_027,/mnt/engg-leung/Research_No9_Methane_Emissions/Yuyao/raw_data_dir_l89_L2SR/EMIT_simulated_landsat9/emi20231020t192945p13028-E_sim_L9.tif,/mnt/engg-leung/Research_No9_Methane_Emissions/Yuyao/Dataset/data_dir_l89_L2SR/plume_masks_l89_512/emi20231020t192945p13028-E/mask_30m_512.tif
emi20231020t192945p13028-F,31.081582289732523,-103.61440407152148,2023-10-20 19:29:45+00:00,Oil & Gas (1B2),CH4,mfa,"[-103.65395553834058, 31.048788520820835, -103.58575148013779, 31.106699512971613]",emi,production,2024-02-13 20:07:19.857039+00:00,2025-03-25 22:39:53.647518+00:00,v3,3.18.1,,,,919.2985964555168,237.5862663071121,1.1200791597366333,0.277965784072876,55.01344299316406,17.52642250061035,hrrr,ISS,NASA-JPL EMIT,https://api.carbonmapper.org/api/v1/catalog/asset/l3a-vis-ch4-mfa-v3/2023/10/20/emi20231020t192945p13028-F/emi20231020t192945p13028-F_l3a-vis-ch4-mfa-v3_plume.tif,https://api.carbonmapper.org/api/v1/catalog/asset/l3a-vis-ch4-mfa-v3/2023/10/20/emi20231020t192945p13028-F/emi20231020t192945p13028-F_l3a-vis-ch4-mfa-v3_plume.png,https://api.carbonmapper.org/api/v1/catalog/asset/l3a-ime-ch4-mfa-v3/2023/10/20/emi20231020t192945p13028-F/emi20231020t192945p13028-F_l3a-ime-ch4-mfa-v3_ime-cmf-concentrations.tif,https://api.carbonmapper.org/api/v1/catalog/asset/l3a-vis-ch4-mfa-v3/2023/10/20/emi20231020t192945p13028-F/emi20231020t192945p13028-F_l3a-vis-ch4-mfa-v3_rgb.tif,https://api.carbonmapper.org/api/v1/catalog/asset/l3a-vis-ch4-mfa-v3/2023/10/20/emi20231020t192945p13028-F/emi20231020t192945p13028-F_l3a-vis-ch4-mfa-v3_rgb.png,1,EMIT_L2A_RFL_001_20231020T192945_2329313_028,/mnt/engg-leung/Research_No9_Methane_Emissions/Yuyao/raw_data_dir_l89_L2SR/EMIT_simulated_landsat9/emi20231020t192945p13028-F_sim_L9.tif,/mnt/engg-leung/Research_No9_Methane_Emissions/Yuyao/Dataset/data_dir_l89_L2SR/plume_masks_l89_512/emi20231020t192945p13028-F/mask_30m_512.tif
emi20231020t192945p13028-G,31.074162151933308,-103.47026305312852,2023-10-20 19:29:45+00:00,Oil & Gas (1B2),CH4,mfa,"[-103.50922114873954, 31.042152883860943, -103.44161561704773, 31.100058874096742]",emi,production,2024-02-15 19:50:27.684950+00:00,2025-03-25 22:39:57.502040+00:00,v3,3.18.1,,,,745.50680590955,91.81996827596043,1.138420343399048,0.0461506955325603,17.357105255126953,30.84666633605957,hrrr,ISS,NASA-JPL EMIT,https://api.carbonmapper.org/api/v1/catalog/asset/l3a-vis-ch4-mfa-v3/2023/10/20/emi20231020t192945p13028-G/emi20231020t192945p13028-G_l3a-vis-ch4-mfa-v3_plume.tif,https://api.carbonmapper.org/api/v1/catalog/asset/l3a-vis-ch4-mfa-v3/2023/10/20/emi20231020t192945p13028-G/emi20231020t192945p13028-G_l3a-vis-ch4-mfa-v3_plume.png,https://api.carbonmapper.org/api/v1/catalog/asset/l3a-ime-ch4-mfa-v3/2023/10/20/emi20231020t192945p13028-G/emi20231020t192945p13028-G_l3a-ime-ch4-mfa-v3_ime-cmf-concentrations.tif,https://api.carbonmapper.org/api/v1/catalog/asset/l3a-vis-ch4-mfa-v3/2023/10/20/emi20231020t192945p13028-G/emi20231020t192945p13028-G_l3a-vis-ch4-mfa-v3_rgb.tif,https://api.carbonmapper.org/api/v1/catalog/asset/l3a-vis-ch4-mfa-v3/2023/10/20/emi20231020t192945p13028-G/emi20231020t192945p13028-G_l3a-vis-ch4-mfa-v3_rgb.png,1,EMIT_L2A_RFL_001_20231020T192945_2329313_028,/mnt/engg-leung/Research_No9_Methane_Emissions/Yuyao/raw_data_dir_l89_L2SR/EMIT_simulated_landsat9/emi20231020t192945p13028-G_sim_L9.tif,/mnt/engg-leung/Research_No9_Methane_Emissions/Yuyao/Dataset/data_dir_l89_L2SR/plume_masks_l89_512/emi20231020t192945p13028-G/mask_30m_512.tif
emi20231020t192945p13028-H,30.99054163967253,-102.90370232906182,2023-10-20 19:29:45+00:00,Oil & Gas (1B2),CH4,mfa,"[-102.9471122886571, 30.954665225278262, -102.87899486415722, 31.012559850271952]",emi,production,2024-02-15 19:52:31.905818+00:00,2025-03-25 22:36:11.699912+00:00,v3,3.18.1,,,,473.1754272853576,349.74420454729216,0.8687352538108826,0.6046720147132874,29.87972640991211,83.48727416992188,hrrr,ISS,NASA-JPL EMIT,https://api.carbonmapper.org/api/v1/catalog/asset/l3a-vis-ch4-mfa-v3/2023/10/20/emi20231020t192945p13028-H/emi20231020t192945p13028-H_l3a-vis-ch4-mfa-v3_plume.tif,https://api.carbonmapper.org/api/v1/catalog/asset/l3a-vis-ch4-mfa-v3/2023/10/20/emi20231020t192945p13028-H/emi20231020t192945p13028-H_l3a-vis-ch4-mfa-v3_plume.png,https://api.carbonmapper.org/api/v1/catalog/asset/l3a-ime-ch4-mfa-v3/2023/10/20/emi20231020t192945p13028-H/emi20231020t192945p13028-H_l3a-ime-ch4-mfa-v3_ime-cmf-concentrations.tif,https://api.carbonmapper.org/api/v1/catalog/asset/l3a-vis-ch4-mfa-v3/2023/10/20/emi20231020t192945p13028-H/emi20231020t192945p13028-H_l3a-vis-ch4-mfa-v3_rgb.tif,https://api.carbonmapper.org/api/v1/catalog/asset/l3a-vis-ch4-mfa-v3/2023/10/20/emi20231020t192945p13028-H/emi20231020t192945p13028-H_l3a-vis-ch4-mfa-v3_rgb.png,1,EMIT_L2A_RFL_001_20231020T192945_2329313_028,/mnt/engg-leung/Research_No9_Methane_Emissions/Yuyao/raw_data_dir_l89_L2SR/EMIT_simulated_landsat9/emi20231020t192945p13028-H_sim_L9.tif,/mnt/engg-leung/Research_No9_Methane_Emissions/Yuyao/Dataset/data_dir_l89_L2SR/plume_masks_l89_512/emi20231020t192945p13028-H/mask_30m_512.tif
emi20231028t161900p11009-A,31.32239732949648,-103.06121610013652,2023-10-28 16:19:00+00:00,Oil & Gas (1B2),CH4,mfa,"[-103.10909828072997, 31.303761284950905, -103.04097079602904, 31.36145160506812]",emi,production,2024-01-02 20:34:25.768414+00:00,2025-03-25 23:02:09.145257+00:00,v3,3.18.1,,,,1692.0336935404766,620.3789001006528,1.944095134735108,0.6074345111846924,137.63519287109375,11.331334114074709,hrrr,ISS,NASA-JPL EMIT,https://api.carbonmapper.org/api/v1/catalog/asset/l3a-vis-ch4-mfa-v3/2023/10/28/emi20231028t161900p11009-A/emi20231028t161900p11009-A_l3a-vis-ch4-mfa-v3_plume.tif,https://api.carbonmapper.org/api/v1/catalog/asset/l3a-vis-ch4-mfa-v3/2023/10/28/emi20231028t161900p11009-A/emi20231028t161900p11009-A_l3a-vis-ch4-mfa-v3_plume.png,https://api.carbonmapper.org/api/v1/catalog/asset/l3a-ime-ch4-mfa-v3/2023/10/28/emi20231028t161900p11009-A/emi20231028t161900p11009-A_l3a-ime-ch4-mfa-v3_ime-cmf-concentrations.tif,https://api.carbonmapper.org/api/v1/catalog/asset/l3a-vis-ch4-mfa-v3/2023/10/28/emi20231028t161900p11009-A/emi20231028t161900p11009-A_l3a-vis-ch4-mfa-v3_rgb.tif,https://api.carbonmapper.org/api/v1/catalog/asset/l3a-vis-ch4-mfa-v3/2023/10/28/emi20231028t161900p11009-A/emi20231028t161900p11009-A_l3a-vis-ch4-mfa-v3_rgb.png,1,EMIT_L2A_RFL_001_20231028T161900_2330111_009,/mnt/engg-leung/Research_No9_Methane_Emissions/Yuyao/raw_data_dir_l89_L2SR/EMIT_simulated_landsat9/emi20231028t161900p11009-A_sim_L9.tif,/mnt/engg-leung/Research_No9_Methane_Emissions/Yuyao/Dataset/data_dir_l89_L2SR/plume_masks_l89_512/emi20231028t161900p11009-A/mask_30m_512.tif
emi20231028t161900p11009-B,31.32594946889581,-103.00753182375809,2023-10-28 16:19:00+00:00,Oil & Gas (1B2),CH4,mfa,"[-103.05563417603253, 31.311518720165182, -102.9880880766625, 31.36971084362057]",emi,production,2024-01-02 20:34:25.822158+00:00,2025-03-25 22:56:11.960084+00:00,v3,3.18.1,,,,1841.9781580923457,713.8309147320495,2.421082019805908,0.4574565291404724,129.4439697265625,16.07825469970703,hrrr,ISS,NASA-JPL EMIT,https://api.carbonmapper.org/api/v1/catalog/asset/l3a-vis-ch4-mfa-v3/2023/10/28/emi20231028t161900p11009-B/emi20231028t161900p11009-B_l3a-vis-ch4-mfa-v3_plume.tif,https://api.carbonmapper.org/api/v1/catalog/asset/l3a-vis-ch4-mfa-v3/2023/10/28/emi20231028t161900p11009-B/emi20231028t161900p11009-B_l3a-vis-ch4-mfa-v3_plume.png,https://api.carbonmapper.org/api/v1/catalog/asset/l3a-ime-ch4-mfa-v3/2023/10/28/emi20231028t161900p11009-B/emi20231028t161900p11009-B_l3a-ime-ch4-mfa-v3_ime-cmf-concentrations.tif,https://api.carbonmapper.org/api/v1/catalog/asset/l3a-vis-ch4-mfa-v3/2023/10/28/emi20231028t161900p11009-B/emi20231028t161900p11009-B_l3a-vis-ch4-mfa-v3_rgb.tif,https://api.carbonmapper.org/api/v1/catalog/asset/l3a-vis-ch4-mfa-v3/2023/10/28/emi20231028t161900p11009-B/emi20231028t161900p11009-B_l3a-vis-ch4-mfa-v3_rgb.png,1,EMIT_L2A_RFL_001_20231028T161900_2330111_009,/mnt/engg-leung/Research_No9_Methane_Emissions/Yuyao/raw_data_dir_l89_L2SR/EMIT_simulated_landsat9/emi20231028t161900p11009-B_sim_L9.tif,/mnt/engg-leung/Research_No9_Methane_Emissions/Yuyao/Dataset/data_dir_l89_L2SR/plume_masks_l89_512/emi20231028t161900p11009-B/mask_30m_512.tif
emi20231028t161900p11009-C,31.35733166253553,-103.23602816274138,2023-10-28 16:19:00+00:00,Oil & Gas (1B2),CH4,mfa,"[-103.2743782369344, 31.330739909539577, -103.20622539941867, 31.38893668935515]",emi,production,2024-01-02 20:34:25.872080+00:00,2025-03-25 23:02:13.153299+00:00,v3,3.18.1,,,,1796.6866570488844,408.7183939565225,1.899290442466736,0.404695600271225,148.32363891601562,13.787169456481934,hrrr,ISS,NASA-JPL EMIT,https://api.carbonmapper.org/api/v1/catalog/asset/l3a-vis-ch4-mfa-v3/2023/10/28/emi20231028t161900p11009-C/emi20231028t161900p11009-C_l3a-vis-ch4-mfa-v3_plume.tif,https://api.carbonmapper.org/api/v1/catalog/asset/l3a-vis-ch4-mfa-v3/2023/10/28/emi20231028t161900p11009-C/emi20231028t161900p11009-C_l3a-vis-ch4-mfa-v3_plume.png,https://api.carbonmapper.org/api/v1/catalog/asset/l3a-ime-ch4-mfa-v3/2023/10/28/emi20231028t161900p11009-C/emi20231028t161900p11009-C_l3a-ime-ch4-mfa-v3_ime-cmf-concentrations.tif,https://api.carbonmapper.org/api/v1/catalog/asset/l3a-vis-ch4-mfa-v3/2023/10/28/emi20231028t161900p11009-C/emi20231028t161900p11009-C_l3a-vis-ch4-mfa-v3_rgb.tif,https://api.carbonmapper.org/api/v1/catalog/asset/l3a-vis-ch4-mfa-v3/2023/10/28/emi20231028t161900p11009-C/emi20231028t161900p11009-C_l3a-vis-ch4-mfa-v3_rgb.png,1,EMIT_L2A_RFL_001_20231028T161900_2330111_009,/mnt/engg-leung/Research_No9_Methane_Emissions/Yuyao/raw_data_dir_l89_L2SR/EMIT_simulated_landsat9/emi20231028t161900p11009-C_sim_L9.tif,/mnt/engg-leung/Research_No9_Methane_Emissions/Yuyao/Dataset/data_dir_l89_L2SR/plume_masks_l89_512/emi20231028t161900p11009-C/mask_30m_512.tif
emi20231028t161900p11009-F,31.644622689403164,-103.15222506940806,2023-10-28 16:19:00+00:00,Oil & Gas (1B2),CH4,mfa,"[-103.18914107516083, 31.6192439090861, -103.12078158726527, 31.677437280084792]",emi,production,2024-02-15 19:49:56.105512+00:00,2025-03-25 22:36:14.717949+00:00,v3,3.18.1,,,,,,3.508761644363404,0.3789337277412414,122.44567108154295,16.322303771972656,hrrr,ISS,NASA-JPL EMIT,https://api.carbonmapper.org/api/v1/catalog/asset/l3a-vis-ch4-mfa-v3/2023/10/28/emi20231028t161900p11009-F/emi20231028t161900p11009-F_l3a-vis-ch4-mfa-v3_plume.tif,https://api.carbonmapper.org/api/v1/catalog/asset/l3a-vis-ch4-mfa-v3/2023/10/28/emi20231028t161900p11009-F/emi20231028t161900p11009-F_l3a-vis-ch4-mfa-v3_plume.png,https://api.carbonmapper.org/api/v1/catalog/asset/l3a-ime-ch4-mfa-v3/2023/10/28/emi20231028t161900p11009-F/emi20231028t161900p11009-F_l3a-ime-ch4-mfa-v3_ime-cmf-concentrations.tif,https://api.carbonmapper.org/api/v1/catalog/asset/l3a-vis-ch4-mfa-v3/2023/10/28/emi20231028t161900p11009-F/emi20231028t161900p11009-F_l3a-vis-ch4-mfa-v3_rgb.tif,https://api.carbonmapper.org/api/v1/catalog/asset/l3a-vis-ch4-mfa-v3/2023/10/28/emi20231028t161900p11009-F/emi20231028t161900p11009-F_l3a-vis-ch4-mfa-v3_rgb.png,1,EMIT_L2A_RFL_001_20231028T161900_2330111_009,/mnt/engg-leung/Research_No9_Methane_Emissions/Yuyao/raw_data_dir_l89_L2SR/EMIT_simulated_landsat9/emi20231028t161900p11009-F_sim_L9.tif,/mnt/engg-leung/Research_No9_Methane_Emissions/Yuyao/Dataset/data_dir_l89_L2SR/plume_masks_l89_512/emi20231028t161900p11009-F/mask_30m_512.tif
emi20231127t201249p13015-C,33.23573871786779,-100.871937574744,2023-11-27 20:12:49+00:00,Oil & Gas (1B2),CH4,mfa,"[-100.90283351241165, 33.207401717662144, -100.83536050099508, 33.264328330367825]",emi,production,2024-02-13 19:57:10.976280+00:00,2025-03-25 23:01:25.465871+00:00,v3,3.18.1,,,,,,2.23186469078064,0.1883696764707565,160.24044799804688,4.3684401512146,hrrr,ISS,NASA-JPL EMIT,https://api.carbonmapper.org/api/v1/catalog/asset/l3a-vis-ch4-mfa-v3/2023/11/27/emi20231127t201249p13015-C/emi20231127t201249p13015-C_l3a-vis-ch4-mfa-v3_plume.tif,https://api.carbonmapper.org/api/v1/catalog/asset/l3a-vis-ch4-mfa-v3/2023/11/27/emi20231127t201249p13015-C/emi20231127t201249p13015-C_l3a-vis-ch4-mfa-v3_plume.png,https://api.carbonmapper.org/api/v1/catalog/asset/l3a-ime-ch4-mfa-v3/2023/11/27/emi20231127t201249p13015-C/emi20231127t201249p13015-C_l3a-ime-ch4-mfa-v3_ime-cmf-concentrations.tif,https://api.carbonmapper.org/api/v1/catalog/asset/l3a-vis-ch4-mfa-v3/2023/11/27/emi20231127t201249p13015-C/emi20231127t201249p13015-C_l3a-vis-ch4-mfa-v3_rgb.tif,https://api.carbonmapper.org/api/v1/catalog/asset/l3a-vis-ch4-mfa-v3/2023/11/27/emi20231127t201249p13015-C/emi20231127t201249p13015-C_l3a-vis-ch4-mfa-v3_rgb.png,1,EMIT_L2A_RFL_001_20231127T201249_2333113_015,/mnt/engg-leung/Research_No9_Methane_Emissions/Yuyao/raw_data_dir_l89_L2SR/EMIT_simulated_landsat9/emi20231127t201249p13015-C_sim_L9.tif,/mnt/engg-leung/Research_No9_Methane_Emissions/Yuyao/Dataset/data_dir_l89_L2SR/plume_masks_l89_512/emi20231127t201249p13015-C/mask_30m_512.tif
emi20231201t183525p12014-A,30.997474985749665,-102.9228984867538,2023-12-01 18:35:25+00:00,Oil & Gas (1B2),CH4,mfa,"[-102.94579103843657, 30.971149459493358, -102.87821905019096, 31.02857072372702]",emi,production,2024-01-19 21:29:31.125876+00:00,2025-03-25 22:41:44.454351+00:00,v3,3.18.1,,,,2015.551823557034,501.6110161823928,4.223221302032471,0.6975778937339783,282.4717102050781,7.523289680480957,hrrr,ISS,NASA-JPL EMIT,https://api.carbonmapper.org/api/v1/catalog/asset/l3a-vis-ch4-mfa-v3/2023/12/01/emi20231201t183525p12014-A/emi20231201t183525p12014-A_l3a-vis-ch4-mfa-v3_plume.tif,https://api.carbonmapper.org/api/v1/catalog/asset/l3a-vis-ch4-mfa-v3/2023/12/01/emi20231201t183525p12014-A/emi20231201t183525p12014-A_l3a-vis-ch4-mfa-v3_plume.png,https://api.carbonmapper.org/api/v1/catalog/asset/l3a-ime-ch4-mfa-v3/2023/12/01/emi20231201t183525p12014-A/emi20231201t183525p12014-A_l3a-ime-ch4-mfa-v3_ime-cmf-concentrations.tif,https://api.carbonmapper.org/api/v1/catalog/asset/l3a-vis-ch4-mfa-v3/2023/12/01/emi20231201t183525p12014-A/emi20231201t183525p12014-A_l3a-vis-ch4-mfa-v3_rgb.tif,https://api.carbonmapper.org/api/v1/catalog/asset/l3a-vis-ch4-mfa-v3/2023/12/01/emi20231201t183525p12014-A/emi20231201t183525p12014-A_l3a-vis-ch4-mfa-v3_rgb.png,1,EMIT_L2A_RFL_001_20231201T183525_2333512_014,/mnt/engg-leung/Research_No9_Methane_Emissions/Yuyao/raw_data_dir_l89_L2SR/EMIT_simulated_landsat9/emi20231201t183525p12014-A_sim_L9.tif,/mnt/engg-leung/Research_No9_Methane_Emissions/Yuyao/Dataset/data_dir_l89_L2SR/plume_masks_l89_512/emi20231201t183525p12014-A/mask_30m_512.tif
emi20231201t183549p12016-A,31.85897149530448,-101.861359063584,2023-12-01 18:35:49+00:00,Oil & Gas (1B2),CH4,mfa,"[-101.88662907339449, 31.840393681214273, -101.81772288364651, 31.898416593984397]",emi,production,2024-01-19 21:29:31.150546+00:00,2025-03-25 22:51:22.047960+00:00,v3,3.18.1,,,,2458.821609327508,745.1527669523775,4.85744047164917,1.371933102607727,245.9506683349609,13.510186195373535,hrrr,ISS,NASA-JPL EMIT,https://api.carbonmapper.org/api/v1/catalog/asset/l3a-vis-ch4-mfa-v3/2023/12/01/emi20231201t183549p12016-A/emi20231201t183549p12016-A_l3a-vis-ch4-mfa-v3_plume.tif,https://api.carbonmapper.org/api/v1/catalog/asset/l3a-vis-ch4-mfa-v3/2023/12/01/emi20231201t183549p12016-A/emi20231201t183549p12016-A_l3a-vis-ch4-mfa-v3_plume.png,https://api.carbonmapper.org/api/v1/catalog/asset/l3a-ime-ch4-mfa-v3/2023/12/01/emi20231201t183549p12016-A/emi20231201t183549p12016-A_l3a-ime-ch4-mfa-v3_ime-cmf-concentrations.tif,https://api.carbonmapper.org/api/v1/catalog/asset/l3a-vis-ch4-mfa-v3/2023/12/01/emi20231201t183549p12016-A/emi20231201t183549p12016-A_l3a-vis-ch4-mfa-v3_rgb.tif,https://api.carbonmapper.org/api/v1/catalog/asset/l3a-vis-ch4-mfa-v3/2023/12/01/emi20231201t183549p12016-A/emi20231201t183549p12016-A_l3a-vis-ch4-mfa-v3_rgb.png,1,EMIT_L2A_RFL_001_20231201T183549_2333512_016,/mnt/engg-leung/Research_No9_Methane_Emissions/Yuyao/raw_data_dir_l89_L2SR/EMIT_simulated_landsat9/emi20231201t183549p12016-A_sim_L9.tif,/mnt/engg-leung/Research_No9_Methane_Emissions/Yuyao/Dataset/data_dir_l89_L2SR/plume_masks_l89_512/emi20231201t183549p12016-A/mask_30m_512.tif
emi20231201t183549p12016-B,31.8447511349478,-101.77220692665072,2023-12-01 18:35:49+00:00,Oil & Gas (1B2),CH4,mfa,"[-101.80377693105564, 31.819299024785078, -101.73663433118425, 31.876829275437405]",emi,production,2024-01-19 21:36:21.637143+00:00,2025-03-25 22:51:22.526982+00:00,v3,3.18.1,,,,4050.971979571325,1212.3246508518832,4.630106449127197,1.262165665626526,245.2579345703125,14.166282653808594,hrrr,ISS,NASA-JPL EMIT,https://api.carbonmapper.org/api/v1/catalog/asset/l3a-vis-ch4-mfa-v3/2023/12/01/emi20231201t183549p12016-B/emi20231201t183549p12016-B_l3a-vis-ch4-mfa-v3_plume.tif,https://api.carbonmapper.org/api/v1/catalog/asset/l3a-vis-ch4-mfa-v3/2023/12/01/emi20231201t183549p12016-B/emi20231201t183549p12016-B_l3a-vis-ch4-mfa-v3_plume.png,https://api.carbonmapper.org/api/v1/catalog/asset/l3a-ime-ch4-mfa-v3/2023/12/01/emi20231201t183549p12016-B/emi20231201t183549p12016-B_l3a-ime-ch4-mfa-v3_ime-cmf-concentrations.tif,https://api.carbonmapper.org/api/v1/catalog/asset/l3a-vis-ch4-mfa-v3/2023/12/01/emi20231201t183549p12016-B/emi20231201t183549p12016-B_l3a-vis-ch4-mfa-v3_rgb.tif,https://api.carbonmapper.org/api/v1/catalog/asset/l3a-vis-ch4-mfa-v3/2023/12/01/emi20231201t183549p12016-B/emi20231201t183549p12016-B_l3a-vis-ch4-mfa-v3_rgb.png,1,EMIT_L2A_RFL_001_20231201T183549_2333512_016,/mnt/engg-leung/Research_No9_Methane_Emissions/Yuyao/raw_data_dir_l89_L2SR/EMIT_simulated_landsat9/emi20231201t183549p12016-B_sim_L9.tif,/mnt/engg-leung/Research_No9_Methane_Emissions/Yuyao/Dataset/data_dir_l89_L2SR/plume_masks_l89_512/emi20231201t183549p12016-B/mask_30m_512.tif
emi20231201t183549p12016-C,31.85814461103292,-101.76525904890843,2023-12-01 18:35:49+00:00,Oil & Gas (1B2),CH4,mfa,"[-101.77952432261154, 31.84570992684284, -101.71060928039304, 31.903736944841658]",emi,production,2024-01-19 21:36:21.670446+00:00,2025-03-25 22:51:23.674708+00:00,v3,3.18.1,,,,3871.9383055148737,1122.1360074472889,4.67108964920044,1.2568191289901731,244.0887908935547,14.177799224853516,hrrr,ISS,NASA-JPL EMIT,https://api.carbonmapper.org/api/v1/catalog/asset/l3a-vis-ch4-mfa-v3/2023/12/01/emi20231201t183549p12016-C/emi20231201t183549p12016-C_l3a-vis-ch4-mfa-v3_plume.tif,https://api.carbonmapper.org/api/v1/catalog/asset/l3a-vis-ch4-mfa-v3/2023/12/01/emi20231201t183549p12016-C/emi20231201t183549p12016-C_l3a-vis-ch4-mfa-v3_plume.png,https://api.carbonmapper.org/api/v1/catalog/asset/l3a-ime-ch4-mfa-v3/2023/12/01/emi20231201t183549p12016-C/emi20231201t183549p12016-C_l3a-ime-ch4-mfa-v3_ime-cmf-concentrations.tif,https://api.carbonmapper.org/api/v1/catalog/asset/l3a-vis-ch4-mfa-v3/2023/12/01/emi20231201t183549p12016-C/emi20231201t183549p12016-C_l3a-vis-ch4-mfa-v3_rgb.tif,https://api.carbonmapper.org/api/v1/catalog/asset/l3a-vis-ch4-mfa-v3/2023/12/01/emi20231201t183549p12016-C/emi20231201t183549p12016-C_l3a-vis-ch4-mfa-v3_rgb.png,1,EMIT_L2A_RFL_001_20231201T183549_2333512_016,/mnt/engg-leung/Research_No9_Methane_Emissions/Yuyao/raw_data_dir_l89_L2SR/EMIT_simulated_landsat9/emi20231201t183549p12016-C_sim_L9.tif,/mnt/engg-leung/Research_No9_Methane_Emissions/Yuyao/Dataset/data_dir_l89_L2SR/plume_masks_l89_512/emi20231201t183549p12016-C/mask_30m_512.tif
emi20231201t183549p12016-D,31.733084458228987,-101.79983786183058,2023-12-01 18:35:49+00:00,Oil & Gas (1B2),CH4,mfa,"[-101.83243849678173, 31.70825850318568, -101.76537713050227, 31.765788217682108]",emi,production,2024-01-19 21:36:21.705949+00:00,2025-03-25 22:51:25.040683+00:00,v3,3.18.1,,,,2069.398502942857,633.6756369354636,4.849285125732422,1.1352410316467283,250.52500915527344,13.910564422607422,hrrr,ISS,NASA-JPL EMIT,https://api.carbonmapper.org/api/v1/catalog/asset/l3a-vis-ch4-mfa-v3/2023/12/01/emi20231201t183549p12016-D/emi20231201t183549p12016-D_l3a-vis-ch4-mfa-v3_plume.tif,https://api.carbonmapper.org/api/v1/catalog/asset/l3a-vis-ch4-mfa-v3/2023/12/01/emi20231201t183549p12016-D/emi20231201t183549p12016-D_l3a-vis-ch4-mfa-v3_plume.png,https://api.carbonmapper.org/api/v1/catalog/asset/l3a-ime-ch4-mfa-v3/2023/12/01/emi20231201t183549p12016-D/emi20231201t183549p12016-D_l3a-ime-ch4-mfa-v3_ime-cmf-concentrations.tif,https://api.carbonmapper.org/api/v1/catalog/asset/l3a-vis-ch4-mfa-v3/2023/12/01/emi20231201t183549p12016-D/emi20231201t183549p12016-D_l3a-vis-ch4-mfa-v3_rgb.tif,https://api.carbonmapper.org/api/v1/catalog/asset/l3a-vis-ch4-mfa-v3/2023/12/01/emi20231201t183549p12016-D/emi20231201t183549p12016-D_l3a-vis-ch4-mfa-v3_rgb.png,1,EMIT_L2A_RFL_001_20231201T183549_2333512_016,/mnt/engg-leung/Research_No9_Methane_Emissions/Yuyao/raw_data_dir_l89_L2SR/EMIT_simulated_landsat9/emi20231201t183549p12016-D_sim_L9.tif,/mnt/engg-leung/Research_No9_Methane_Emissions/Yuyao/Dataset/data_dir_l89_L2SR/plume_masks_l89_512/emi20231201t183549p12016-D/mask_30m_512.tif
emi20231201t183549p12016-E,31.79899608150187,-102.09045175037728,2023-12-01 18:35:49+00:00,Oil & Gas (1B2),CH4,mfa,"[-102.12844453742463, 31.768638364112945, -102.06018663751112, 31.826651728438932]",emi,production,2024-01-19 21:36:21.740972+00:00,2025-03-25 22:51:27.419376+00:00,v3,3.18.1,,,,1600.1232286706602,568.4022921769066,5.515214920043945,0.9103277921676636,253.1048889160156,9.167803764343262,hrrr,ISS,NASA-JPL EMIT,https://api.carbonmapper.org/api/v1/catalog/asset/l3a-vis-ch4-mfa-v3/2023/12/01/emi20231201t183549p12016-E/emi20231201t183549p12016-E_l3a-vis-ch4-mfa-v3_plume.tif,https://api.carbonmapper.org/api/v1/catalog/asset/l3a-vis-ch4-mfa-v3/2023/12/01/emi20231201t183549p12016-E/emi20231201t183549p12016-E_l3a-vis-ch4-mfa-v3_plume.png,https://api.carbonmapper.org/api/v1/catalog/asset/l3a-ime-ch4-mfa-v3/2023/12/01/emi20231201t183549p12016-E/emi20231201t183549p12016-E_l3a-ime-ch4-mfa-v3_ime-cmf-concentrations.tif,https://api.carbonmapper.org/api/v1/catalog/asset/l3a-vis-ch4-mfa-v3/2023/12/01/emi20231201t183549p12016-E/emi20231201t183549p12016-E_l3a-vis-ch4-mfa-v3_rgb.tif,https://api.carbonmapper.org/api/v1/catalog/asset/l3a-vis-ch4-mfa-v3/2023/12/01/emi20231201t183549p12016-E/emi20231201t183549p12016-E_l3a-vis-ch4-mfa-v3_rgb.png,1,EMIT_L2A_RFL_001_20231201T183549_2333512_016,/mnt/engg-leung/Research_No9_Methane_Emissions/Yuyao/raw_data_dir_l89_L2SR/EMIT_simulated_landsat9/emi20231201t183549p12016-E_sim_L9.tif,/mnt/engg-leung/Research_No9_Methane_Emissions/Yuyao/Dataset/data_dir_l89_L2SR/plume_masks_l89_512/emi20231201t183549p12016-E/mask_30m_512.tif
emi20231201t183549p12016-F,31.941412374910712,-101.72826236895928,2023-12-01 18:35:49+00:00,Oil & Gas (1B2),CH4,mfa,"[-101.75533762109062, 31.914353365253103, -101.68695332724103, 31.972382321146434]",emi,production,2024-02-15 19:49:36.534534+00:00,2025-03-25 22:51:45.504143+00:00,v3,3.18.1,,,,3602.437045444945,1134.062852290561,4.519363880157471,0.8070166110992432,237.80772399902344,14.172120094299316,hrrr,ISS,NASA-JPL EMIT,https://api.carbonmapper.org/api/v1/catalog/asset/l3a-vis-ch4-mfa-v3/2023/12/01/emi20231201t183549p12016-F/emi20231201t183549p12016-F_l3a-vis-ch4-mfa-v3_plume.tif,https://api.carbonmapper.org/api/v1/catalog/asset/l3a-vis-ch4-mfa-v3/2023/12/01/emi20231201t183549p12016-F/emi20231201t183549p12016-F_l3a-vis-ch4-mfa-v3_plume.png,https://api.carbonmapper.org/api/v1/catalog/asset/l3a-ime-ch4-mfa-v3/2023/12/01/emi20231201t183549p12016-F/emi20231201t183549p12016-F_l3a-ime-ch4-mfa-v3_ime-cmf-concentrations.tif,https://api.carbonmapper.org/api/v1/catalog/asset/l3a-vis-ch4-mfa-v3/2023/12/01/emi20231201t183549p12016-F/emi20231201t183549p12016-F_l3a-vis-ch4-mfa-v3_rgb.tif,https://api.carbonmapper.org/api/v1/catalog/asset/l3a-vis-ch4-mfa-v3/2023/12/01/emi20231201t183549p12016-F/emi20231201t183549p12016-F_l3a-vis-ch4-mfa-v3_rgb.png,1,EMIT_L2A_RFL_001_20231201T183549_2333512_016,/mnt/engg-leung/Research_No9_Methane_Emissions/Yuyao/raw_data_dir_l89_L2SR/EMIT_simulated_landsat9/emi20231201t183549p12016-F_sim_L9.tif,/mnt/engg-leung/Research_No9_Methane_Emissions/Yuyao/Dataset/data_dir_l89_L2SR/plume_masks_l89_512/emi20231201t183549p12016-F/mask_30m_512.tif
emi20231201t183549p12016-G,31.86403528801684,-101.82369991427514,2023-12-01 18:35:49+00:00,Oil & Gas (1B2),CH4,mfa,"[-101.85342356361181, 31.84111218272975, -101.78509764572613, 31.899137766582783]",emi,production,2024-02-15 19:49:27.893876+00:00,2025-03-25 22:34:42.759561+00:00,v3,3.18.1,,,,1365.460765308426,1127.5053117753932,4.79827356338501,1.380345344543457,245.4386749267578,13.847527503967283,hrrr,ISS,NASA-JPL EMIT,https://api.carbonmapper.org/api/v1/catalog/asset/l3a-vis-ch4-mfa-v3/2023/12/01/emi20231201t183549p12016-G/emi20231201t183549p12016-G_l3a-vis-ch4-mfa-v3_plume.tif,https://api.carbonmapper.org/api/v1/catalog/asset/l3a-vis-ch4-mfa-v3/2023/12/01/emi20231201t183549p12016-G/emi20231201t183549p12016-G_l3a-vis-ch4-mfa-v3_plume.png,https://api.carbonmapper.org/api/v1/catalog/asset/l3a-ime-ch4-mfa-v3/2023/12/01/emi20231201t183549p12016-G/emi20231201t183549p12016-G_l3a-ime-ch4-mfa-v3_ime-cmf-concentrations.tif,https://api.carbonmapper.org/api/v1/catalog/asset/l3a-vis-ch4-mfa-v3/2023/12/01/emi20231201t183549p12016-G/emi20231201t183549p12016-G_l3a-vis-ch4-mfa-v3_rgb.tif,https://api.carbonmapper.org/api/v1/catalog/asset/l3a-vis-ch4-mfa-v3/2023/12/01/emi20231201t183549p12016-G/emi20231201t183549p12016-G_l3a-vis-ch4-mfa-v3_rgb.png,1,EMIT_L2A_RFL_001_20231201T183549_2333512_016,/mnt/engg-leung/Research_No9_Methane_Emissions/Yuyao/raw_data_dir_l89_L2SR/EMIT_simulated_landsat9/emi20231201t183549p12016-G_sim_L9.tif,/mnt/engg-leung/Research_No9_Methane_Emissions/Yuyao/Dataset/data_dir_l89_L2SR/plume_masks_l89_512/emi20231201t183549p12016-G/mask_30m_512.tif
emi20231201t183549p12016-H,31.57158480442439,-101.81729454084127,2023-12-01 18:35:49+00:00,Oil & Gas (1B2),CH4,mfa,"[-101.85188090213393, 31.54420570858627, -101.78377166171737, 31.6022328535446]",emi,production,2024-03-07 16:52:17.309731+00:00,2025-03-25 22:40:28.483188+00:00,v3,3.18.1,,,,1543.9233534898374,570.1891263101234,5.200112819671631,1.2220449447631836,261.2055969238281,12.132478713989258,hrrr,ISS,NASA-JPL EMIT,https://api.carbonmapper.org/api/v1/catalog/asset/l3a-vis-ch4-mfa-v3/2023/12/01/emi20231201t183549p12016-H/emi20231201t183549p12016-H_l3a-vis-ch4-mfa-v3_plume.tif,https://api.carbonmapper.org/api/v1/catalog/asset/l3a-vis-ch4-mfa-v3/2023/12/01/emi20231201t183549p12016-H/emi20231201t183549p12016-H_l3a-vis-ch4-mfa-v3_plume.png,https://api.carbonmapper.org/api/v1/catalog/asset/l3a-ime-ch4-mfa-v3/2023/12/01/emi20231201t183549p12016-H/emi20231201t183549p12016-H_l3a-ime-ch4-mfa-v3_ime-cmf-concentrations.tif,https://api.carbonmapper.org/api/v1/catalog/asset/l3a-vis-ch4-mfa-v3/2023/12/01/emi20231201t183549p12016-H/emi20231201t183549p12016-H_l3a-vis-ch4-mfa-v3_rgb.tif,https://api.carbonmapper.org/api/v1/catalog/asset/l3a-vis-ch4-mfa-v3/2023/12/01/emi20231201t183549p12016-H/emi20231201t183549p12016-H_l3a-vis-ch4-mfa-v3_rgb.png,1,EMIT_L2A_RFL_001_20231201T183549_2333512_016,/mnt/engg-leung/Research_No9_Methane_Emissions/Yuyao/raw_data_dir_l89_L2SR/EMIT_simulated_landsat9/emi20231201t183549p12016-H_sim_L9.tif,/mnt/engg-leung/Research_No9_Methane_Emissions/Yuyao/Dataset/data_dir_l89_L2SR/plume_masks_l89_512/emi20231201t183549p12016-H/mask_30m_512.tif
emi20231201t183601p12017-A,32.32470483227188,-101.4570292394548,2023-12-01 18:36:01+00:00,Oil & Gas (1B2),CH4,mfa,"[-101.49060573994004, 32.30113197537048, -101.42217923576786, 32.35895110405716]",emi,production,2024-01-19 21:36:21.775726+00:00,2025-03-25 22:29:46.241975+00:00,v3,3.18.1,,,,1805.9142145775936,579.1079980367674,4.048649311065674,0.3453288674354553,228.2248992919922,8.54761791229248,hrrr,ISS,NASA-JPL EMIT,https://api.carbonmapper.org/api/v1/catalog/asset/l3a-vis-ch4-mfa-v3/2023/12/01/emi20231201t183601p12017-A/emi20231201t183601p12017-A_l3a-vis-ch4-mfa-v3_plume.tif,https://api.carbonmapper.org/api/v1/catalog/asset/l3a-vis-ch4-mfa-v3/2023/12/01/emi20231201t183601p12017-A/emi20231201t183601p12017-A_l3a-vis-ch4-mfa-v3_plume.png,https://api.carbonmapper.org/api/v1/catalog/asset/l3a-ime-ch4-mfa-v3/2023/12/01/emi20231201t183601p12017-A/emi20231201t183601p12017-A_l3a-ime-ch4-mfa-v3_ime-cmf-concentrations.tif,https://api.carbonmapper.org/api/v1/catalog/asset/l3a-vis-ch4-mfa-v3/2023/12/01/emi20231201t183601p12017-A/emi20231201t183601p12017-A_l3a-vis-ch4-mfa-v3_rgb.tif,https://api.carbonmapper.org/api/v1/catalog/asset/l3a-vis-ch4-mfa-v3/2023/12/01/emi20231201t183601p12017-A/emi20231201t183601p12017-A_l3a-vis-ch4-mfa-v3_rgb.png,1,EMIT_L2A_RFL_001_20231201T183601_2333512_017,/mnt/engg-leung/Research_No9_Methane_Emissions/Yuyao/raw_data_dir_l89_L2SR/EMIT_simulated_landsat9/emi20231201t183601p12017-A_sim_L9.tif,/mnt/engg-leung/Research_No9_Methane_Emissions/Yuyao/Dataset/data_dir_l89_L2SR/plume_masks_l89_512/emi20231201t183601p12017-A/mask_30m_512.tif
emi20231205t165825p11013-A,31.159371260403205,-101.55528787587458,2023-12-05 16:58:25+00:00,Oil & Gas (1B2),CH4,mfa,"[-101.5868603482091, 31.12455813826517, -101.51874755306295, 31.18284787643991]",emi,production,2024-01-19 21:36:21.810595+00:00,2025-03-25 22:51:33.121691+00:00,v3,3.18.1,,,,1631.7680478306588,406.4092202030712,2.428150415420532,0.4902271628379822,358.9533386230469,28.211299896240234,hrrr,ISS,NASA-JPL EMIT,https://api.carbonmapper.org/api/v1/catalog/asset/l3a-vis-ch4-mfa-v3/2023/12/05/emi20231205t165825p11013-A/emi20231205t165825p11013-A_l3a-vis-ch4-mfa-v3_plume.tif,https://api.carbonmapper.org/api/v1/catalog/asset/l3a-vis-ch4-mfa-v3/2023/12/05/emi20231205t165825p11013-A/emi20231205t165825p11013-A_l3a-vis-ch4-mfa-v3_plume.png,https://api.carbonmapper.org/api/v1/catalog/asset/l3a-ime-ch4-mfa-v3/2023/12/05/emi20231205t165825p11013-A/emi20231205t165825p11013-A_l3a-ime-ch4-mfa-v3_ime-cmf-concentrations.tif,https://api.carbonmapper.org/api/v1/catalog/asset/l3a-vis-ch4-mfa-v3/2023/12/05/emi20231205t165825p11013-A/emi20231205t165825p11013-A_l3a-vis-ch4-mfa-v3_rgb.tif,https://api.carbonmapper.org/api/v1/catalog/asset/l3a-vis-ch4-mfa-v3/2023/12/05/emi20231205t165825p11013-A/emi20231205t165825p11013-A_l3a-vis-ch4-mfa-v3_rgb.png,1,EMIT_L2A_RFL_001_20231205T165825_2333911_013,/mnt/engg-leung/Research_No9_Methane_Emissions/Yuyao/raw_data_dir_l89_L2SR/EMIT_simulated_landsat9/emi20231205t165825p11013-A_sim_L9.tif,/mnt/engg-leung/Research_No9_Methane_Emissions/Yuyao/Dataset/data_dir_l89_L2SR/plume_masks_l89_512/emi20231205t165825p11013-A/mask_30m_512.tif
emi20231205t165825p11013-B,31.16191779161076,-101.37832344881356,2023-12-05 16:58:25+00:00,Oil & Gas (1B2),CH4,mfa,"[-101.39902973699182, 31.119594827088253, -101.33207758701772, 31.17739271201495]",emi,production,2024-01-19 19:13:40.520458+00:00,2025-03-25 22:42:02.180131+00:00,v3,3.18.1,,,,1941.8857189109667,293.73223650361945,2.2381961345672607,0.2831543684005737,349.3753662109375,39.53721618652344,hrrr,ISS,NASA-JPL EMIT,https://api.carbonmapper.org/api/v1/catalog/asset/l3a-vis-ch4-mfa-v3/2023/12/05/emi20231205t165825p11013-B/emi20231205t165825p11013-B_l3a-vis-ch4-mfa-v3_plume.tif,https://api.carbonmapper.org/api/v1/catalog/asset/l3a-vis-ch4-mfa-v3/2023/12/05/emi20231205t165825p11013-B/emi20231205t165825p11013-B_l3a-vis-ch4-mfa-v3_plume.png,https://api.carbonmapper.org/api/v1/catalog/asset/l3a-ime-ch4-mfa-v3/2023/12/05/emi20231205t165825p11013-B/emi20231205t165825p11013-B_l3a-ime-ch4-mfa-v3_ime-cmf-concentrations.tif,https://api.carbonmapper.org/api/v1/catalog/asset/l3a-vis-ch4-mfa-v3/2023/12/05/emi20231205t165825p11013-B/emi20231205t165825p11013-B_l3a-vis-ch4-mfa-v3_rgb.tif,https://api.carbonmapper.org/api/v1/catalog/asset/l3a-vis-ch4-mfa-v3/2023/12/05/emi20231205t165825p11013-B/emi20231205t165825p11013-B_l3a-vis-ch4-mfa-v3_rgb.png,1,EMIT_L2A_RFL_001_20231205T165825_2333911_013,/mnt/engg-leung/Research_No9_Methane_Emissions/Yuyao/raw_data_dir_l89_L2SR/EMIT_simulated_landsat9/emi20231205t165825p11013-B_sim_L9.tif,/mnt/engg-leung/Research_No9_Methane_Emissions/Yuyao/Dataset/data_dir_l89_L2SR/plume_masks_l89_512/emi20231205t165825p11013-B/mask_30m_512.tif
emi20231205t165825p11013-C,31.02940821290315,-101.28375082308465,2023-12-05 16:58:25+00:00,Oil & Gas (1B2),CH4,mfa,"[-101.29669724180442, 30.99650367420596, -101.22924727598452, 31.054304166651075]",emi,production,2024-01-19 19:13:40.647534+00:00,2025-03-25 22:42:03.675680+00:00,v3,3.18.1,,,,1700.5850241143794,451.9337412354075,2.0377719402313232,0.2800811529159546,312.4227905273437,45.90120697021485,hrrr,ISS,NASA-JPL EMIT,https://api.carbonmapper.org/api/v1/catalog/asset/l3a-vis-ch4-mfa-v3/2023/12/05/emi20231205t165825p11013-C/emi20231205t165825p11013-C_l3a-vis-ch4-mfa-v3_plume.tif,https://api.carbonmapper.org/api/v1/catalog/asset/l3a-vis-ch4-mfa-v3/2023/12/05/emi20231205t165825p11013-C/emi20231205t165825p11013-C_l3a-vis-ch4-mfa-v3_plume.png,https://api.carbonmapper.org/api/v1/catalog/asset/l3a-ime-ch4-mfa-v3/2023/12/05/emi20231205t165825p11013-C/emi20231205t165825p11013-C_l3a-ime-ch4-mfa-v3_ime-cmf-concentrations.tif,https://api.carbonmapper.org/api/v1/catalog/asset/l3a-vis-ch4-mfa-v3/2023/12/05/emi20231205t165825p11013-C/emi20231205t165825p11013-C_l3a-vis-ch4-mfa-v3_rgb.tif,https://api.carbonmapper.org/api/v1/catalog/asset/l3a-vis-ch4-mfa-v3/2023/12/05/emi20231205t165825p11013-C/emi20231205t165825p11013-C_l3a-vis-ch4-mfa-v3_rgb.png,1,EMIT_L2A_RFL_001_20231205T165825_2333911_013,/mnt/engg-leung/Research_No9_Methane_Emissions/Yuyao/raw_data_dir_l89_L2SR/EMIT_simulated_landsat9/emi20231205t165825p11013-C_sim_L9.tif,/mnt/engg-leung/Research_No9_Methane_Emissions/Yuyao/Dataset/data_dir_l89_L2SR/plume_masks_l89_512/emi20231205t165825p11013-C/mask_30m_512.tif
emi20231205t165825p11013-D,31.17433815931892,-101.32441914287368,2023-12-05 16:58:25+00:00,Oil & Gas (1B2),CH4,mfa,"[-101.35417064495105, 31.138399724810196, -101.28662291329245, 31.1961975979592]",emi,production,2024-01-19 21:36:21.842981+00:00,2025-03-25 22:42:11.706193+00:00,v3,3.18.1,,,,1269.3517589670855,528.7493249356551,2.161621332168579,0.1963551491498947,350.9985656738281,45.728515625,hrrr,ISS,NASA-JPL EMIT,https://api.carbonmapper.org/api/v1/catalog/asset/l3a-vis-ch4-mfa-v3/2023/12/05/emi20231205t165825p11013-D/emi20231205t165825p11013-D_l3a-vis-ch4-mfa-v3_plume.tif,https://api.carbonmapper.org/api/v1/catalog/asset/l3a-vis-ch4-mfa-v3/2023/12/05/emi20231205t165825p11013-D/emi20231205t165825p11013-D_l3a-vis-ch4-mfa-v3_plume.png,https://api.carbonmapper.org/api/v1/catalog/asset/l3a-ime-ch4-mfa-v3/2023/12/05/emi20231205t165825p11013-D/emi20231205t165825p11013-D_l3a-ime-ch4-mfa-v3_ime-cmf-concentrations.tif,https://api.carbonmapper.org/api/v1/catalog/asset/l3a-vis-ch4-mfa-v3/2023/12/05/emi20231205t165825p11013-D/emi20231205t165825p11013-D_l3a-vis-ch4-mfa-v3_rgb.tif,https://api.carbonmapper.org/api/v1/catalog/asset/l3a-vis-ch4-mfa-v3/2023/12/05/emi20231205t165825p11013-D/emi20231205t165825p11013-D_l3a-vis-ch4-mfa-v3_rgb.png,1,EMIT_L2A_RFL_001_20231205T165825_2333911_013,/mnt/engg-leung/Research_No9_Methane_Emissions/Yuyao/raw_data_dir_l89_L2SR/EMIT_simulated_landsat9/emi20231205t165825p11013-D_sim_L9.tif,/mnt/engg-leung/Research_No9_Methane_Emissions/Yuyao/Dataset/data_dir_l89_L2SR/plume_masks_l89_512/emi20231205t165825p11013-D/mask_30m_512.tif
emi20231205t165825p11013-F,31.08603740845029,-101.19764742958796,2023-12-05 16:58:25+00:00,Oil & Gas (1B2),CH4,mfa,"[-101.22901511624104, 31.05560855938966, -101.16210133307253, 31.113412274986842]",emi,production,2024-02-15 19:49:10.666610+00:00,2025-03-25 22:34:37.279836+00:00,v3,3.18.1,,,,1606.9411191978093,438.31247213802754,2.116222620010376,0.3758599162101745,350.6026916503906,29.411834716796875,hrrr,ISS,NASA-JPL EMIT,https://api.carbonmapper.org/api/v1/catalog/asset/l3a-vis-ch4-mfa-v3/2023/12/05/emi20231205t165825p11013-F/emi20231205t165825p11013-F_l3a-vis-ch4-mfa-v3_plume.tif,https://api.carbonmapper.org/api/v1/catalog/asset/l3a-vis-ch4-mfa-v3/2023/12/05/emi20231205t165825p11013-F/emi20231205t165825p11013-F_l3a-vis-ch4-mfa-v3_plume.png,https://api.carbonmapper.org/api/v1/catalog/asset/l3a-ime-ch4-mfa-v3/2023/12/05/emi20231205t165825p11013-F/emi20231205t165825p11013-F_l3a-ime-ch4-mfa-v3_ime-cmf-concentrations.tif,https://api.carbonmapper.org/api/v1/catalog/asset/l3a-vis-ch4-mfa-v3/2023/12/05/emi20231205t165825p11013-F/emi20231205t165825p11013-F_l3a-vis-ch4-mfa-v3_rgb.tif,https://api.carbonmapper.org/api/v1/catalog/asset/l3a-vis-ch4-mfa-v3/2023/12/05/emi20231205t165825p11013-F/emi20231205t165825p11013-F_l3a-vis-ch4-mfa-v3_rgb.png,1,EMIT_L2A_RFL_001_20231205T165825_2333911_013,/mnt/engg-leung/Research_No9_Methane_Emissions/Yuyao/raw_data_dir_l89_L2SR/EMIT_simulated_landsat9/emi20231205t165825p11013-F_sim_L9.tif,/mnt/engg-leung/Research_No9_Methane_Emissions/Yuyao/Dataset/data_dir_l89_L2SR/plume_masks_l89_512/emi20231205t165825p11013-F/mask_30m_512.tif
emi20231205t165825p11013-G,31.08066119246253,-101.26446289225936,2023-12-05 16:58:25+00:00,Oil & Gas (1B2),CH4,mfa,"[-101.29094578336341, 31.04756961908934, -101.22346153091803, 31.10487035418183]",emi,production,2024-02-15 19:49:00.354434+00:00,2025-03-25 22:51:42.102185+00:00,v3,3.18.1,,,,1510.63710037539,309.2086518552009,2.0207724571228027,0.1705192327499389,342.4226989746094,32.62986755371094,hrrr,ISS,NASA-JPL EMIT,https://api.carbonmapper.org/api/v1/catalog/asset/l3a-vis-ch4-mfa-v3/2023/12/05/emi20231205t165825p11013-G/emi20231205t165825p11013-G_l3a-vis-ch4-mfa-v3_plume.tif,https://api.carbonmapper.org/api/v1/catalog/asset/l3a-vis-ch4-mfa-v3/2023/12/05/emi20231205t165825p11013-G/emi20231205t165825p11013-G_l3a-vis-ch4-mfa-v3_plume.png,https://api.carbonmapper.org/api/v1/catalog/asset/l3a-ime-ch4-mfa-v3/2023/12/05/emi20231205t165825p11013-G/emi20231205t165825p11013-G_l3a-ime-ch4-mfa-v3_ime-cmf-concentrations.tif,https://api.carbonmapper.org/api/v1/catalog/asset/l3a-vis-ch4-mfa-v3/2023/12/05/emi20231205t165825p11013-G/emi20231205t165825p11013-G_l3a-vis-ch4-mfa-v3_rgb.tif,https://api.carbonmapper.org/api/v1/catalog/asset/l3a-vis-ch4-mfa-v3/2023/12/05/emi20231205t165825p11013-G/emi20231205t165825p11013-G_l3a-vis-ch4-mfa-v3_rgb.png,1,EMIT_L2A_RFL_001_20231205T165825_2333911_013,/mnt/engg-leung/Research_No9_Methane_Emissions/Yuyao/raw_data_dir_l89_L2SR/EMIT_simulated_landsat9/emi20231205t165825p11013-G_sim_L9.tif,/mnt/engg-leung/Research_No9_Methane_Emissions/Yuyao/Dataset/data_dir_l89_L2SR/plume_masks_l89_512/emi20231205t165825p11013-G/mask_30m_512.tif
emi20231205t165837p11014-A,31.348779895575973,-101.40313877258936,2023-12-05 16:58:37+00:00,Oil & Gas (1B2),CH4,mfa,"[-101.43369938766486, 31.313774630262365, -101.36685446378146, 31.37136148348662]",emi,production,2024-01-09 17:44:35.559750+00:00,2025-03-25 22:51:40.367332+00:00,v3,3.18.1,,,,2403.3182275763884,1039.4539086305192,1.4449877738952637,0.6138127446174622,48.629371643066406,58.77339172363281,hrrr,ISS,NASA-JPL EMIT,https://api.carbonmapper.org/api/v1/catalog/asset/l3a-vis-ch4-mfa-v3/2023/12/05/emi20231205t165837p11014-A/emi20231205t165837p11014-A_l3a-vis-ch4-mfa-v3_plume.tif,https://api.carbonmapper.org/api/v1/catalog/asset/l3a-vis-ch4-mfa-v3/2023/12/05/emi20231205t165837p11014-A/emi20231205t165837p11014-A_l3a-vis-ch4-mfa-v3_plume.png,https://api.carbonmapper.org/api/v1/catalog/asset/l3a-ime-ch4-mfa-v3/2023/12/05/emi20231205t165837p11014-A/emi20231205t165837p11014-A_l3a-ime-ch4-mfa-v3_ime-cmf-concentrations.tif,https://api.carbonmapper.org/api/v1/catalog/asset/l3a-vis-ch4-mfa-v3/2023/12/05/emi20231205t165837p11014-A/emi20231205t165837p11014-A_l3a-vis-ch4-mfa-v3_rgb.tif,https://api.carbonmapper.org/api/v1/catalog/asset/l3a-vis-ch4-mfa-v3/2023/12/05/emi20231205t165837p11014-A/emi20231205t165837p11014-A_l3a-vis-ch4-mfa-v3_rgb.png,1,EMIT_L2A_RFL_001_20231205T165825_2333911_013,/mnt/engg-leung/Research_No9_Methane_Emissions/Yuyao/raw_data_dir_l89_L2SR/EMIT_simulated_landsat9/emi20231205t165837p11014-A_sim_L9.tif,/mnt/engg-leung/Research_No9_Methane_Emissions/Yuyao/Dataset/data_dir_l89_L2SR/plume_masks_l89_512/emi20231205t165837p11014-A/mask_30m_512.tif
emi20231205t165837p11014-B,31.37400998862752,-101.50918765078112,2023-12-05 16:58:37+00:00,Oil & Gas (1B2),CH4,mfa,"[-101.54355628136767, 31.343061793578432, -101.47669652145936, 31.400643490797044]",emi,production,2024-02-15 19:49:19.029511+00:00,2025-03-25 22:50:24.160582+00:00,v3,3.18.1,,,,926.5077543170878,275.0473652930772,1.4238072633743286,0.3754684031009674,47.82429885864258,53.98434448242188,hrrr,ISS,NASA-JPL EMIT,https://api.carbonmapper.org/api/v1/catalog/asset/l3a-vis-ch4-mfa-v3/2023/12/05/emi20231205t165837p11014-B/emi20231205t165837p11014-B_l3a-vis-ch4-mfa-v3_plume.tif,https://api.carbonmapper.org/api/v1/catalog/asset/l3a-vis-ch4-mfa-v3/2023/12/05/emi20231205t165837p11014-B/emi20231205t165837p11014-B_l3a-vis-ch4-mfa-v3_plume.png,https://api.carbonmapper.org/api/v1/catalog/asset/l3a-ime-ch4-mfa-v3/2023/12/05/emi20231205t165837p11014-B/emi20231205t165837p11014-B_l3a-ime-ch4-mfa-v3_ime-cmf-concentrations.tif,https://api.carbonmapper.org/api/v1/catalog/asset/l3a-vis-ch4-mfa-v3/2023/12/05/emi20231205t165837p11014-B/emi20231205t165837p11014-B_l3a-vis-ch4-mfa-v3_rgb.tif,https://api.carbonmapper.org/api/v1/catalog/asset/l3a-vis-ch4-mfa-v3/2023/12/05/emi20231205t165837p11014-B/emi20231205t165837p11014-B_l3a-vis-ch4-mfa-v3_rgb.png,1,EMIT_L2A_RFL_001_20231205T165825_2333911_013,/mnt/engg-leung/Research_No9_Methane_Emissions/Yuyao/raw_data_dir_l89_L2SR/EMIT_simulated_landsat9/emi20231205t165837p11014-B_sim_L9.tif,/mnt/engg-leung/Research_No9_Methane_Emissions/Yuyao/Dataset/data_dir_l89_L2SR/plume_masks_l89_512/emi20231205t165837p11014-B/mask_30m_512.tif
emi20231224t174522p12005-A,32.49196939677063,-104.2750956948588,2023-12-24 17:45:22+00:00,Oil & Gas (1B2),CH4,mfa,"[-104.30764474243135, 32.463757628907274, -104.23963320902554, 32.521122791103906]",emi,production,2024-02-13 20:02:42.152632+00:00,2025-03-25 22:58:41.785224+00:00,v3,3.18.1,,,,,,7.907410144805908,0.9851536154747008,315.2742004394531,13.982837677001951,hrrr,ISS,NASA-JPL EMIT,https://api.carbonmapper.org/api/v1/catalog/asset/l3a-vis-ch4-mfa-v3/2023/12/24/emi20231224t174522p12005-A/emi20231224t174522p12005-A_l3a-vis-ch4-mfa-v3_plume.tif,https://api.carbonmapper.org/api/v1/catalog/asset/l3a-vis-ch4-mfa-v3/2023/12/24/emi20231224t174522p12005-A/emi20231224t174522p12005-A_l3a-vis-ch4-mfa-v3_plume.png,https://api.carbonmapper.org/api/v1/catalog/asset/l3a-ime-ch4-mfa-v3/2023/12/24/emi20231224t174522p12005-A/emi20231224t174522p12005-A_l3a-ime-ch4-mfa-v3_ime-cmf-concentrations.tif,https://api.carbonmapper.org/api/v1/catalog/asset/l3a-vis-ch4-mfa-v3/2023/12/24/emi20231224t174522p12005-A/emi20231224t174522p12005-A_l3a-vis-ch4-mfa-v3_rgb.tif,https://api.carbonmapper.org/api/v1/catalog/asset/l3a-vis-ch4-mfa-v3/2023/12/24/emi20231224t174522p12005-A/emi20231224t174522p12005-A_l3a-vis-ch4-mfa-v3_rgb.png,1,EMIT_L2A_RFL_001_20231224T174522_2335812_005,/mnt/engg-leung/Research_No9_Methane_Emissions/Yuyao/raw_data_dir_l89_L2SR/EMIT_simulated_landsat9/emi20231224t174522p12005-A_sim_L9.tif,/mnt/engg-leung/Research_No9_Methane_Emissions/Yuyao/Dataset/data_dir_l89_L2SR/plume_masks_l89_512/emi20231224t174522p12005-A/mask_30m_512.tif
emi20231224t174533p12006-A,31.98092831089557,-103.70516277497056,2023-12-24 17:45:33+00:00,Oil & Gas (1B2),CH4,mfa,"[-103.72279935499624, 31.947496977068262, -103.65437783276825, 32.00503638563386]",emi,production,2024-02-13 19:54:45.711967+00:00,2025-03-25 22:57:26.757361+00:00,v3,3.18.1,,,,3759.588149017549,1782.5804527911066,4.99768590927124,0.4853909313678741,294.1543273925781,20.739830017089844,hrrr,ISS,NASA-JPL EMIT,https://api.carbonmapper.org/api/v1/catalog/asset/l3a-vis-ch4-mfa-v3/2023/12/24/emi20231224t174533p12006-A/emi20231224t174533p12006-A_l3a-vis-ch4-mfa-v3_plume.tif,https://api.carbonmapper.org/api/v1/catalog/asset/l3a-vis-ch4-mfa-v3/2023/12/24/emi20231224t174533p12006-A/emi20231224t174533p12006-A_l3a-vis-ch4-mfa-v3_plume.png,https://api.carbonmapper.org/api/v1/catalog/asset/l3a-ime-ch4-mfa-v3/2023/12/24/emi20231224t174533p12006-A/emi20231224t174533p12006-A_l3a-ime-ch4-mfa-v3_ime-cmf-concentrations.tif,https://api.carbonmapper.org/api/v1/catalog/asset/l3a-vis-ch4-mfa-v3/2023/12/24/emi20231224t174533p12006-A/emi20231224t174533p12006-A_l3a-vis-ch4-mfa-v3_rgb.tif,https://api.carbonmapper.org/api/v1/catalog/asset/l3a-vis-ch4-mfa-v3/2023/12/24/emi20231224t174533p12006-A/emi20231224t174533p12006-A_l3a-vis-ch4-mfa-v3_rgb.png,1,EMIT_L2A_RFL_001_20231224T174533_2335812_006,/mnt/engg-leung/Research_No9_Methane_Emissions/Yuyao/raw_data_dir_l89_L2SR/EMIT_simulated_landsat9/emi20231224t174533p12006-A_sim_L9.tif,/mnt/engg-leung/Research_No9_Methane_Emissions/Yuyao/Dataset/data_dir_l89_L2SR/plume_masks_l89_512/emi20231224t174533p12006-A/mask_30m_512.tif
emi20231224t174533p12006-B,31.91207207423784,-103.8072963058248,2023-12-24 17:45:33+00:00,Oil & Gas (1B2),CH4,mfa,"[-103.83713768108724, 31.88340371275383, -103.76935265090113, 31.94094366788073]",emi,production,2024-02-13 19:54:45.519204+00:00,2025-03-25 22:58:28.434960+00:00,v3,3.18.1,,,,815.6371537829968,226.062775127654,3.604171514511109,0.6121082901954651,293.97979736328125,30.01287841796875,hrrr,ISS,NASA-JPL EMIT,https://api.carbonmapper.org/api/v1/catalog/asset/l3a-vis-ch4-mfa-v3/2023/12/24/emi20231224t174533p12006-B/emi20231224t174533p12006-B_l3a-vis-ch4-mfa-v3_plume.tif,https://api.carbonmapper.org/api/v1/catalog/asset/l3a-vis-ch4-mfa-v3/2023/12/24/emi20231224t174533p12006-B/emi20231224t174533p12006-B_l3a-vis-ch4-mfa-v3_plume.png,https://api.carbonmapper.org/api/v1/catalog/asset/l3a-ime-ch4-mfa-v3/2023/12/24/emi20231224t174533p12006-B/emi20231224t174533p12006-B_l3a-ime-ch4-mfa-v3_ime-cmf-concentrations.tif,https://api.carbonmapper.org/api/v1/catalog/asset/l3a-vis-ch4-mfa-v3/2023/12/24/emi20231224t174533p12006-B/emi20231224t174533p12006-B_l3a-vis-ch4-mfa-v3_rgb.tif,https://api.carbonmapper.org/api/v1/catalog/asset/l3a-vis-ch4-mfa-v3/2023/12/24/emi20231224t174533p12006-B/emi20231224t174533p12006-B_l3a-vis-ch4-mfa-v3_rgb.png,1,EMIT_L2A_RFL_001_20231224T174533_2335812_006,/mnt/engg-leung/Research_No9_Methane_Emissions/Yuyao/raw_data_dir_l89_L2SR/EMIT_simulated_landsat9/emi20231224t174533p12006-B_sim_L9.tif,/mnt/engg-leung/Research_No9_Methane_Emissions/Yuyao/Dataset/data_dir_l89_L2SR/plume_masks_l89_512/emi20231224t174533p12006-B/mask_30m_512.tif
emi20231224t174533p12006-C,31.65649792815169,-104.02532794735578,2023-12-24 17:45:33+00:00,Oil & Gas (1B2),CH4,mfa,"[-104.04902794789496, 31.62785816788345, -103.98142682339953, 31.68590103852764]",emi,production,2024-02-13 19:54:45.575232+00:00,2025-03-25 23:01:48.426925+00:00,v3,3.18.1,,,,3535.3705294410743,1733.092572122844,8.917068481445312,0.1186446622014045,279.4460754394531,6.681540966033936,hrrr,ISS,NASA-JPL EMIT,https://api.carbonmapper.org/api/v1/catalog/asset/l3a-vis-ch4-mfa-v3/2023/12/24/emi20231224t174533p12006-C/emi20231224t174533p12006-C_l3a-vis-ch4-mfa-v3_plume.tif,https://api.carbonmapper.org/api/v1/catalog/asset/l3a-vis-ch4-mfa-v3/2023/12/24/emi20231224t174533p12006-C/emi20231224t174533p12006-C_l3a-vis-ch4-mfa-v3_plume.png,https://api.carbonmapper.org/api/v1/catalog/asset/l3a-ime-ch4-mfa-v3/2023/12/24/emi20231224t174533p12006-C/emi20231224t174533p12006-C_l3a-ime-ch4-mfa-v3_ime-cmf-concentrations.tif,https://api.carbonmapper.org/api/v1/catalog/asset/l3a-vis-ch4-mfa-v3/2023/12/24/emi20231224t174533p12006-C/emi20231224t174533p12006-C_l3a-vis-ch4-mfa-v3_rgb.tif,https://api.carbonmapper.org/api/v1/catalog/asset/l3a-vis-ch4-mfa-v3/2023/12/24/emi20231224t174533p12006-C/emi20231224t174533p12006-C_l3a-vis-ch4-mfa-v3_rgb.png,1,EMIT_L2A_RFL_001_20231224T174533_2335812_006,/mnt/engg-leung/Research_No9_Methane_Emissions/Yuyao/raw_data_dir_l89_L2SR/EMIT_simulated_landsat9/emi20231224t174533p12006-C_sim_L9.tif,/mnt/engg-leung/Research_No9_Methane_Emissions/Yuyao/Dataset/data_dir_l89_L2SR/plume_masks_l89_512/emi20231224t174533p12006-C/mask_30m_512.tif
emi20231224t174533p12006-D,32.05605183013063,-103.87261582590423,2023-12-24 17:45:33+00:00,Oil & Gas (1B2),CH4,mfa,"[-103.89894677941575, 32.024387853665466, -103.83046562247954, 32.08192911128346]",emi,production,2024-02-13 20:02:42.066540+00:00,2025-03-25 23:01:49.127597+00:00,v3,3.18.1,,,,3816.778210759809,927.6942914862656,6.405505180358887,1.355533480644226,308.39471435546875,15.353151321411133,hrrr,ISS,NASA-JPL EMIT,https://api.carbonmapper.org/api/v1/catalog/asset/l3a-vis-ch4-mfa-v3/2023/12/24/emi20231224t174533p12006-D/emi20231224t174533p12006-D_l3a-vis-ch4-mfa-v3_plume.tif,https://api.carbonmapper.org/api/v1/catalog/asset/l3a-vis-ch4-mfa-v3/2023/12/24/emi20231224t174533p12006-D/emi20231224t174533p12006-D_l3a-vis-ch4-mfa-v3_plume.png,https://api.carbonmapper.org/api/v1/catalog/asset/l3a-ime-ch4-mfa-v3/2023/12/24/emi20231224t174533p12006-D/emi20231224t174533p12006-D_l3a-ime-ch4-mfa-v3_ime-cmf-concentrations.tif,https://api.carbonmapper.org/api/v1/catalog/asset/l3a-vis-ch4-mfa-v3/2023/12/24/emi20231224t174533p12006-D/emi20231224t174533p12006-D_l3a-vis-ch4-mfa-v3_rgb.tif,https://api.carbonmapper.org/api/v1/catalog/asset/l3a-vis-ch4-mfa-v3/2023/12/24/emi20231224t174533p12006-D/emi20231224t174533p12006-D_l3a-vis-ch4-mfa-v3_rgb.png,1,EMIT_L2A_RFL_001_20231224T174533_2335812_006,/mnt/engg-leung/Research_No9_Methane_Emissions/Yuyao/raw_data_dir_l89_L2SR/EMIT_simulated_landsat9/emi20231224t174533p12006-D_sim_L9.tif,/mnt/engg-leung/Research_No9_Methane_Emissions/Yuyao/Dataset/data_dir_l89_L2SR/plume_masks_l89_512/emi20231224t174533p12006-D/mask_30m_512.tif
emi20231224t174533p12006-F,31.699792548846688,-104.35546578396868,2023-12-24 17:45:33+00:00,Oil & Gas (1B2),CH4,mfa,"[-104.38234723285986, 31.66904022375236, -104.31588826601859, 31.726086134886604]",emi,production,2024-02-13 20:02:42.116947+00:00,2025-03-25 22:43:41.791471+00:00,v3,3.18.1,,,,4259.250714622306,609.8982186571961,10.18670654296875,0.3955501317977905,282.6224975585937,5.031351089477539,hrrr,ISS,NASA-JPL EMIT,https://api.carbonmapper.org/api/v1/catalog/asset/l3a-vis-ch4-mfa-v3/2023/12/24/emi20231224t174533p12006-F/emi20231224t174533p12006-F_l3a-vis-ch4-mfa-v3_plume.tif,https://api.carbonmapper.org/api/v1/catalog/asset/l3a-vis-ch4-mfa-v3/2023/12/24/emi20231224t174533p12006-F/emi20231224t174533p12006-F_l3a-vis-ch4-mfa-v3_plume.png,https://api.carbonmapper.org/api/v1/catalog/asset/l3a-ime-ch4-mfa-v3/2023/12/24/emi20231224t174533p12006-F/emi20231224t174533p12006-F_l3a-ime-ch4-mfa-v3_ime-cmf-concentrations.tif,https://api.carbonmapper.org/api/v1/catalog/asset/l3a-vis-ch4-mfa-v3/2023/12/24/emi20231224t174533p12006-F/emi20231224t174533p12006-F_l3a-vis-ch4-mfa-v3_rgb.tif,https://api.carbonmapper.org/api/v1/catalog/asset/l3a-vis-ch4-mfa-v3/2023/12/24/emi20231224t174533p12006-F/emi20231224t174533p12006-F_l3a-vis-ch4-mfa-v3_rgb.png,1,EMIT_L2A_RFL_001_20231224T174533_2335812_006,/mnt/engg-leung/Research_No9_Methane_Emissions/Yuyao/raw_data_dir_l89_L2SR/EMIT_simulated_landsat9/emi20231224t174533p12006-F_sim_L9.tif,/mnt/engg-leung/Research_No9_Methane_Emissions/Yuyao/Dataset/data_dir_l89_L2SR/plume_masks_l89_512/emi20231224t174533p12006-F/mask_30m_512.tif
emi20231224t174533p12006-G,32.19632124039305,-104.00334202611256,2023-12-24 17:45:33+00:00,Oil & Gas (1B2),CH4,mfa,"[-104.03235472512031, 32.15890283204096, -103.96436459566218, 32.21644340404974]",emi,production,2024-02-13 20:02:42.187631+00:00,2025-03-25 22:37:02.972635+00:00,v3,3.18.1,,,,2972.271373109076,1747.3497391794606,7.230874538421631,0.8985803723335266,314.3601989746094,17.093042373657227,hrrr,ISS,NASA-JPL EMIT,https://api.carbonmapper.org/api/v1/catalog/asset/l3a-vis-ch4-mfa-v3/2023/12/24/emi20231224t174533p12006-G/emi20231224t174533p12006-G_l3a-vis-ch4-mfa-v3_plume.tif,https://api.carbonmapper.org/api/v1/catalog/asset/l3a-vis-ch4-mfa-v3/2023/12/24/emi20231224t174533p12006-G/emi20231224t174533p12006-G_l3a-vis-ch4-mfa-v3_plume.png,https://api.carbonmapper.org/api/v1/catalog/asset/l3a-ime-ch4-mfa-v3/2023/12/24/emi20231224t174533p12006-G/emi20231224t174533p12006-G_l3a-ime-ch4-mfa-v3_ime-cmf-concentrations.tif,https://api.carbonmapper.org/api/v1/catalog/asset/l3a-vis-ch4-mfa-v3/2023/12/24/emi20231224t174533p12006-G/emi20231224t174533p12006-G_l3a-vis-ch4-mfa-v3_rgb.tif,https://api.carbonmapper.org/api/v1/catalog/asset/l3a-vis-ch4-mfa-v3/2023/12/24/emi20231224t174533p12006-G/emi20231224t174533p12006-G_l3a-vis-ch4-mfa-v3_rgb.png,1,EMIT_L2A_RFL_001_20231224T174533_2335812_006,/mnt/engg-leung/Research_No9_Methane_Emissions/Yuyao/raw_data_dir_l89_L2SR/EMIT_simulated_landsat9/emi20231224t174533p12006-G_sim_L9.tif,/mnt/engg-leung/Research_No9_Methane_Emissions/Yuyao/Dataset/data_dir_l89_L2SR/plume_masks_l89_512/emi20231224t174533p12006-G/mask_30m_512.tif
emi20231224t174533p12006-H,31.981590753817315,-103.70210474907437,2023-12-24 17:45:33+00:00,Oil & Gas (1B2),CH4,mfa,"[-103.72044668739194, 31.947473196579303, -103.65202522249218, 32.005012571853165]",emi,production,2024-02-13 19:59:02.491786+00:00,2025-03-25 22:37:32.819049+00:00,v3,3.18.1,,,,,,4.99768590927124,0.4853909313678741,294.1543273925781,20.739830017089844,hrrr,ISS,NASA-JPL EMIT,https://api.carbonmapper.org/api/v1/catalog/asset/l3a-vis-ch4-mfa-v3/2023/12/24/emi20231224t174533p12006-H/emi20231224t174533p12006-H_l3a-vis-ch4-mfa-v3_plume.tif,https://api.carbonmapper.org/api/v1/catalog/asset/l3a-vis-ch4-mfa-v3/2023/12/24/emi20231224t174533p12006-H/emi20231224t174533p12006-H_l3a-vis-ch4-mfa-v3_plume.png,https://api.carbonmapper.org/api/v1/catalog/asset/l3a-ime-ch4-mfa-v3/2023/12/24/emi20231224t174533p12006-H/emi20231224t174533p12006-H_l3a-ime-ch4-mfa-v3_ime-cmf-concentrations.tif,https://api.carbonmapper.org/api/v1/catalog/asset/l3a-vis-ch4-mfa-v3/2023/12/24/emi20231224t174533p12006-H/emi20231224t174533p12006-H_l3a-vis-ch4-mfa-v3_rgb.tif,https://api.carbonmapper.org/api/v1/catalog/asset/l3a-vis-ch4-mfa-v3/2023/12/24/emi20231224t174533p12006-H/emi20231224t174533p12006-H_l3a-vis-ch4-mfa-v3_rgb.png,1,EMIT_L2A_RFL_001_20231224T174533_2335812_006,/mnt/engg-leung/Research_No9_Methane_Emissions/Yuyao/raw_data_dir_l89_L2SR/EMIT_simulated_landsat9/emi20231224t174533p12006-H_sim_L9.tif,/mnt/engg-leung/Research_No9_Methane_Emissions/Yuyao/Dataset/data_dir_l89_L2SR/plume_masks_l89_512/emi20231224t174533p12006-H/mask_30m_512.tif
emi20231224t174545p12007-A,31.938670908185287,-103.57244603883474,2023-12-24 17:45:45+00:00,Oil & Gas (1B2),CH4,mfa,"[-103.61819871347066, 31.90667803455139, -103.54605169551549, 31.96790397814331]",emi,production,2024-02-13 19:54:45.373409+00:00,2025-03-25 22:52:43.763313+00:00,v3,3.18.1,,,,1903.8946867284628,390.6965620427231,4.207399368286133,0.0591966547071933,287.9762268066406,14.887463569641112,hrrr,ISS,NASA-JPL EMIT,https://api.carbonmapper.org/api/v1/catalog/asset/l3a-vis-ch4-mfa-v3/2023/12/24/emi20231224t174545p12007-A/emi20231224t174545p12007-A_l3a-vis-ch4-mfa-v3_plume.tif,https://api.carbonmapper.org/api/v1/catalog/asset/l3a-vis-ch4-mfa-v3/2023/12/24/emi20231224t174545p12007-A/emi20231224t174545p12007-A_l3a-vis-ch4-mfa-v3_plume.png,https://api.carbonmapper.org/api/v1/catalog/asset/l3a-ime-ch4-mfa-v3/2023/12/24/emi20231224t174545p12007-A/emi20231224t174545p12007-A_l3a-ime-ch4-mfa-v3_ime-cmf-concentrations.tif,https://api.carbonmapper.org/api/v1/catalog/asset/l3a-vis-ch4-mfa-v3/2023/12/24/emi20231224t174545p12007-A/emi20231224t174545p12007-A_l3a-vis-ch4-mfa-v3_rgb.tif,https://api.carbonmapper.org/api/v1/catalog/asset/l3a-vis-ch4-mfa-v3/2023/12/24/emi20231224t174545p12007-A/emi20231224t174545p12007-A_l3a-vis-ch4-mfa-v3_rgb.png,1,EMIT_L2A_RFL_001_20231224T174545_2335812_007,/mnt/engg-leung/Research_No9_Methane_Emissions/Yuyao/raw_data_dir_l89_L2SR/EMIT_simulated_landsat9/emi20231224t174545p12007-A_sim_L9.tif,/mnt/engg-leung/Research_No9_Methane_Emissions/Yuyao/Dataset/data_dir_l89_L2SR/plume_masks_l89_512/emi20231224t174545p12007-A/mask_30m_512.tif
emi20231224t174545p12007-C,31.85038860304934,-103.63632528213864,2023-12-24 17:45:45+00:00,Oil & Gas (1B2),CH4,mfa,"[-103.66777291140389, 31.822672960721295, -103.5992330794814, 31.880891792841535]",emi,production,2024-02-13 19:54:45.306333+00:00,2025-03-25 22:38:38.351537+00:00,v3,3.18.1,,,,1316.974060943861,472.6631801312713,3.5854616165161133,1.0304538011550903,276.27789306640625,15.600911140441896,hrrr,ISS,NASA-JPL EMIT,https://api.carbonmapper.org/api/v1/catalog/asset/l3a-vis-ch4-mfa-v3/2023/12/24/emi20231224t174545p12007-C/emi20231224t174545p12007-C_l3a-vis-ch4-mfa-v3_plume.tif,https://api.carbonmapper.org/api/v1/catalog/asset/l3a-vis-ch4-mfa-v3/2023/12/24/emi20231224t174545p12007-C/emi20231224t174545p12007-C_l3a-vis-ch4-mfa-v3_plume.png,https://api.carbonmapper.org/api/v1/catalog/asset/l3a-ime-ch4-mfa-v3/2023/12/24/emi20231224t174545p12007-C/emi20231224t174545p12007-C_l3a-ime-ch4-mfa-v3_ime-cmf-concentrations.tif,https://api.carbonmapper.org/api/v1/catalog/asset/l3a-vis-ch4-mfa-v3/2023/12/24/emi20231224t174545p12007-C/emi20231224t174545p12007-C_l3a-vis-ch4-mfa-v3_rgb.tif,https://api.carbonmapper.org/api/v1/catalog/asset/l3a-vis-ch4-mfa-v3/2023/12/24/emi20231224t174545p12007-C/emi20231224t174545p12007-C_l3a-vis-ch4-mfa-v3_rgb.png,1,EMIT_L2A_RFL_001_20231224T174545_2335812_007,/mnt/engg-leung/Research_No9_Methane_Emissions/Yuyao/raw_data_dir_l89_L2SR/EMIT_simulated_landsat9/emi20231224t174545p12007-C_sim_L9.tif,/mnt/engg-leung/Research_No9_Methane_Emissions/Yuyao/Dataset/data_dir_l89_L2SR/plume_masks_l89_512/emi20231224t174545p12007-C/mask_30m_512.tif
emi20231224t174545p12007-D,31.20304131989012,-103.50516000890792,2023-12-24 17:45:45+00:00,Oil & Gas (1B2),CH4,mfa,"[-103.53244108941438, 31.171156740123266, -103.46437581027364, 31.22937717862884]",emi,production,2024-02-13 19:54:45.669227+00:00,2025-03-25 23:02:08.064218+00:00,v3,3.18.1,,,,2312.9660910755106,1464.9671621934867,8.677299499511719,0.129338189959526,280.4140014648437,3.556262969970703,hrrr,ISS,NASA-JPL EMIT,https://api.carbonmapper.org/api/v1/catalog/asset/l3a-vis-ch4-mfa-v3/2023/12/24/emi20231224t174545p12007-D/emi20231224t174545p12007-D_l3a-vis-ch4-mfa-v3_plume.tif,https://api.carbonmapper.org/api/v1/catalog/asset/l3a-vis-ch4-mfa-v3/2023/12/24/emi20231224t174545p12007-D/emi20231224t174545p12007-D_l3a-vis-ch4-mfa-v3_plume.png,https://api.carbonmapper.org/api/v1/catalog/asset/l3a-ime-ch4-mfa-v3/2023/12/24/emi20231224t174545p12007-D/emi20231224t174545p12007-D_l3a-ime-ch4-mfa-v3_ime-cmf-concentrations.tif,https://api.carbonmapper.org/api/v1/catalog/asset/l3a-vis-ch4-mfa-v3/2023/12/24/emi20231224t174545p12007-D/emi20231224t174545p12007-D_l3a-vis-ch4-mfa-v3_rgb.tif,https://api.carbonmapper.org/api/v1/catalog/asset/l3a-vis-ch4-mfa-v3/2023/12/24/emi20231224t174545p12007-D/emi20231224t174545p12007-D_l3a-vis-ch4-mfa-v3_rgb.png,1,EMIT_L2A_RFL_001_20231224T174545_2335812_007,/mnt/engg-leung/Research_No9_Methane_Emissions/Yuyao/raw_data_dir_l89_L2SR/EMIT_simulated_landsat9/emi20231224t174545p12007-D_sim_L9.tif,/mnt/engg-leung/Research_No9_Methane_Emissions/Yuyao/Dataset/data_dir_l89_L2SR/plume_masks_l89_512/emi20231224t174545p12007-D/mask_30m_512.tif
emi20240127t195904p13008-A,31.3913119603362,-101.44279826937446,2024-01-27 19:59:04+00:00,Oil & Gas (1B2),CH4,mfa,"[-101.47475354214103, 31.35363743119337, -101.40604457639239, 31.411797718105483]",emi,production,2024-03-01 21:49:35.909717+00:00,2025-08-23 02:55:03.960026+00:00,v3,3.18.1,,,,5221.210325198844,454.7241870135365,6.38507890701294,0.2731059193611145,342.61444091796875,3.421868324279785,hrrr,ISS,NASA-JPL EMIT,https://api.carbonmapper.org/api/v1/catalog/asset/l3a-vis-ch4-mfa-v3/2024/01/27/emi20240127t195904p13008-A/emi20240127t195904p13008-A_l3a-vis-ch4-mfa-v3_plume.tif,https://api.carbonmapper.org/api/v1/catalog/asset/l3a-vis-ch4-mfa-v3/2024/01/27/emi20240127t195904p13008-A/emi20240127t195904p13008-A_l3a-vis-ch4-mfa-v3_plume.png,https://api.carbonmapper.org/api/v1/catalog/asset/l3a-ime-ch4-mfa-v3/2024/01/27/emi20240127t195904p13008-A/emi20240127t195904p13008-A_l3a-ime-ch4-mfa-v3_ime-cmf-concentrations.tif,https://api.carbonmapper.org/api/v1/catalog/asset/l3a-vis-ch4-mfa-v3/2024/01/27/emi20240127t195904p13008-A/emi20240127t195904p13008-A_l3a-vis-ch4-mfa-v3_rgb.tif,https://api.carbonmapper.org/api/v1/catalog/asset/l3a-vis-ch4-mfa-v3/2024/01/27/emi20240127t195904p13008-A/emi20240127t195904p13008-A_l3a-vis-ch4-mfa-v3_rgb.png,1,EMIT_L2A_RFL_001_20240127T195904_2402713_008,/mnt/engg-leung/Research_No9_Methane_Emissions/Yuyao/raw_data_dir_l89_L2SR/EMIT_simulated_landsat9/emi20240127t195904p13008-A_sim_L9.tif,/mnt/engg-leung/Research_No9_Methane_Emissions/Yuyao/Dataset/data_dir_l89_L2SR/plume_masks_l89_512/emi20240127t195904p13008-A/mask_30m_512.tif
emi20240127t195904p13008-B,31.57107416611024,-101.81762272135056,2024-01-27 19:59:04+00:00,Oil & Gas (1B2),CH4,mfa,"[-101.85236072885711, 31.54037273443135, -101.78353210893718, 31.598518174303695]",emi,production,2024-03-01 21:49:36.582179+00:00,2025-08-23 02:54:58.492389+00:00,v3,3.18.1,,,,1446.1311684096938,962.3711001480202,5.574607372283936,0.5017597675323486,347.1231689453125,2.363229513168335,hrrr,ISS,NASA-JPL EMIT,https://api.carbonmapper.org/api/v1/catalog/asset/l3a-vis-ch4-mfa-v3/2024/01/27/emi20240127t195904p13008-B/emi20240127t195904p13008-B_l3a-vis-ch4-mfa-v3_plume.tif,https://api.carbonmapper.org/api/v1/catalog/asset/l3a-vis-ch4-mfa-v3/2024/01/27/emi20240127t195904p13008-B/emi20240127t195904p13008-B_l3a-vis-ch4-mfa-v3_plume.png,https://api.carbonmapper.org/api/v1/catalog/asset/l3a-ime-ch4-mfa-v3/2024/01/27/emi20240127t195904p13008-B/emi20240127t195904p13008-B_l3a-ime-ch4-mfa-v3_ime-cmf-concentrations.tif,https://api.carbonmapper.org/api/v1/catalog/asset/l3a-vis-ch4-mfa-v3/2024/01/27/emi20240127t195904p13008-B/emi20240127t195904p13008-B_l3a-vis-ch4-mfa-v3_rgb.tif,https://api.carbonmapper.org/api/v1/catalog/asset/l3a-vis-ch4-mfa-v3/2024/01/27/emi20240127t195904p13008-B/emi20240127t195904p13008-B_l3a-vis-ch4-mfa-v3_rgb.png,1,EMIT_L2A_RFL_001_20240127T195904_2402713_008,/mnt/engg-leung/Research_No9_Methane_Emissions/Yuyao/raw_data_dir_l89_L2SR/EMIT_simulated_landsat9/emi20240127t195904p13008-B_sim_L9.tif,/mnt/engg-leung/Research_No9_Methane_Emissions/Yuyao/Dataset/data_dir_l89_L2SR/plume_masks_l89_512/emi20240127t195904p13008-B/mask_30m_512.tif
emi20240127t195904p13008-C,31.36285690972042,-101.77699937304536,2024-01-27 19:59:04+00:00,Oil & Gas (1B2),CH4,mfa,"[-101.8093472831538, 31.32896955470085, -101.74067065541362, 31.38711773369756]",emi,production,2024-03-27 18:15:53.524502+00:00,2025-03-25 23:01:41.332867+00:00,v3,3.18.1,,,,2353.575101530834,320.1814711103831,5.586624622344971,0.3313391804695129,349.5340270996094,3.413494348526001,hrrr,ISS,NASA-JPL EMIT,https://api.carbonmapper.org/api/v1/catalog/asset/l3a-vis-ch4-mfa-v3/2024/01/27/emi20240127t195904p13008-C/emi20240127t195904p13008-C_l3a-vis-ch4-mfa-v3_plume.tif,https://api.carbonmapper.org/api/v1/catalog/asset/l3a-vis-ch4-mfa-v3/2024/01/27/emi20240127t195904p13008-C/emi20240127t195904p13008-C_l3a-vis-ch4-mfa-v3_plume.png,https://api.carbonmapper.org/api/v1/catalog/asset/l3a-ime-ch4-mfa-v3/2024/01/27/emi20240127t195904p13008-C/emi20240127t195904p13008-C_l3a-ime-ch4-mfa-v3_ime-cmf-concentrations.tif,https://api.carbonmapper.org/api/v1/catalog/asset/l3a-vis-ch4-mfa-v3/2024/01/27/emi20240127t195904p13008-C/emi20240127t195904p13008-C_l3a-vis-ch4-mfa-v3_rgb.tif,https://api.carbonmapper.org/api/v1/catalog/asset/l3a-vis-ch4-mfa-v3/2024/01/27/emi20240127t195904p13008-C/emi20240127t195904p13008-C_l3a-vis-ch4-mfa-v3_rgb.png,1,EMIT_L2A_RFL_001_20240127T195904_2402713_008,/mnt/engg-leung/Research_No9_Methane_Emissions/Yuyao/raw_data_dir_l89_L2SR/EMIT_simulated_landsat9/emi20240127t195904p13008-C_sim_L9.tif,/mnt/engg-leung/Research_No9_Methane_Emissions/Yuyao/Dataset/data_dir_l89_L2SR/plume_masks_l89_512/emi20240127t195904p13008-C/mask_30m_512.tif
emi20240127t195915p13009-A,32.281199444346626,-101.55169974858036,2024-01-27 19:59:15+00:00,Oil & Gas (1B2),CH4,mfa,"[-101.58301935459656, 32.25271837886391, -101.51448565278844, 32.310658997743865]",emi,production,2024-03-14 18:59:23.357258+00:00,2025-03-25 22:57:24.785484+00:00,v3,3.18.1,,,,4072.1070710411327,508.9516954151104,5.864328384399414,0.3906905055046081,346.47039794921875,7.4027934074401855,hrrr,ISS,NASA-JPL EMIT,https://api.carbonmapper.org/api/v1/catalog/asset/l3a-vis-ch4-mfa-v3/2024/01/27/emi20240127t195915p13009-A/emi20240127t195915p13009-A_l3a-vis-ch4-mfa-v3_plume.tif,https://api.carbonmapper.org/api/v1/catalog/asset/l3a-vis-ch4-mfa-v3/2024/01/27/emi20240127t195915p13009-A/emi20240127t195915p13009-A_l3a-vis-ch4-mfa-v3_plume.png,https://api.carbonmapper.org/api/v1/catalog/asset/l3a-ime-ch4-mfa-v3/2024/01/27/emi20240127t195915p13009-A/emi20240127t195915p13009-A_l3a-ime-ch4-mfa-v3_ime-cmf-concentrations.tif,https://api.carbonmapper.org/api/v1/catalog/asset/l3a-vis-ch4-mfa-v3/2024/01/27/emi20240127t195915p13009-A/emi20240127t195915p13009-A_l3a-vis-ch4-mfa-v3_rgb.tif,https://api.carbonmapper.org/api/v1/catalog/asset/l3a-vis-ch4-mfa-v3/2024/01/27/emi20240127t195915p13009-A/emi20240127t195915p13009-A_l3a-vis-ch4-mfa-v3_rgb.png,1,EMIT_L2A_RFL_001_20240127T195915_2402713_009,/mnt/engg-leung/Research_No9_Methane_Emissions/Yuyao/raw_data_dir_l89_L2SR/EMIT_simulated_landsat9/emi20240127t195915p13009-A_sim_L9.tif,/mnt/engg-leung/Research_No9_Methane_Emissions/Yuyao/Dataset/data_dir_l89_L2SR/plume_masks_l89_512/emi20240127t195915p13009-A/mask_30m_512.tif
emi20240127t195915p13009-B,31.858086874980984,-101.7642579417265,2024-01-27 19:59:15+00:00,Oil & Gas (1B2),CH4,mfa,"[-101.81093369638977, 31.762209299400666, -101.68098624261296, 31.872629836640115]",emi,production,2024-03-14 18:59:11.983385+00:00,2025-03-25 22:32:03.673882+00:00,v3,3.18.1,,,,19657.06082279998,1745.201060028529,5.474730491638184,0.342290461063385,335.5625915527344,1.7239850759506226,hrrr,ISS,NASA-JPL EMIT,https://api.carbonmapper.org/api/v1/catalog/asset/l3a-vis-ch4-mfa-v3/2024/01/27/emi20240127t195915p13009-B/emi20240127t195915p13009-B_l3a-vis-ch4-mfa-v3_plume.tif,https://api.carbonmapper.org/api/v1/catalog/asset/l3a-vis-ch4-mfa-v3/2024/01/27/emi20240127t195915p13009-B/emi20240127t195915p13009-B_l3a-vis-ch4-mfa-v3_plume.png,https://api.carbonmapper.org/api/v1/catalog/asset/l3a-ime-ch4-mfa-v3/2024/01/27/emi20240127t195915p13009-B/emi20240127t195915p13009-B_l3a-ime-ch4-mfa-v3_ime-cmf-concentrations.tif,https://api.carbonmapper.org/api/v1/catalog/asset/l3a-vis-ch4-mfa-v3/2024/01/27/emi20240127t195915p13009-B/emi20240127t195915p13009-B_l3a-vis-ch4-mfa-v3_rgb.tif,https://api.carbonmapper.org/api/v1/catalog/asset/l3a-vis-ch4-mfa-v3/2024/01/27/emi20240127t195915p13009-B/emi20240127t195915p13009-B_l3a-vis-ch4-mfa-v3_rgb.png,1,EMIT_L2A_RFL_001_20240127T195904_2402713_008,/mnt/engg-leung/Research_No9_Methane_Emissions/Yuyao/raw_data_dir_l89_L2SR/EMIT_simulated_landsat9/emi20240127t195915p13009-B_sim_L9.tif,/mnt/engg-leung/Research_No9_Methane_Emissions/Yuyao/Dataset/data_dir_l89_L2SR/plume_masks_l89_512/emi20240127t195915p13009-B/mask_30m_512.tif
emi20240127t195915p13009-C,32.36330023341614,-101.32792864657291,2024-01-27 19:59:15+00:00,Oil & Gas (1B2),CH4,mfa,"[-101.3580820266207, 32.328507899474936, -101.29065728685727, 32.385463592588515]",emi,production,2024-03-14 18:59:47.105975+00:00,2025-03-25 22:57:29.488939+00:00,v3,3.18.1,,,,3673.149061849717,471.09576077112746,5.963021755218506,0.2219475656747818,348.74078369140625,9.155279159545898,hrrr,ISS,NASA-JPL EMIT,https://api.carbonmapper.org/api/v1/catalog/asset/l3a-vis-ch4-mfa-v3/2024/01/27/emi20240127t195915p13009-C/emi20240127t195915p13009-C_l3a-vis-ch4-mfa-v3_plume.tif,https://api.carbonmapper.org/api/v1/catalog/asset/l3a-vis-ch4-mfa-v3/2024/01/27/emi20240127t195915p13009-C/emi20240127t195915p13009-C_l3a-vis-ch4-mfa-v3_plume.png,https://api.carbonmapper.org/api/v1/catalog/asset/l3a-ime-ch4-mfa-v3/2024/01/27/emi20240127t195915p13009-C/emi20240127t195915p13009-C_l3a-ime-ch4-mfa-v3_ime-cmf-concentrations.tif,https://api.carbonmapper.org/api/v1/catalog/asset/l3a-vis-ch4-mfa-v3/2024/01/27/emi20240127t195915p13009-C/emi20240127t195915p13009-C_l3a-vis-ch4-mfa-v3_rgb.tif,https://api.carbonmapper.org/api/v1/catalog/asset/l3a-vis-ch4-mfa-v3/2024/01/27/emi20240127t195915p13009-C/emi20240127t195915p13009-C_l3a-vis-ch4-mfa-v3_rgb.png,1,EMIT_L2A_RFL_001_20240127T195915_2402713_009,/mnt/engg-leung/Research_No9_Methane_Emissions/Yuyao/raw_data_dir_l89_L2SR/EMIT_simulated_landsat9/emi20240127t195915p13009-C_sim_L9.tif,/mnt/engg-leung/Research_No9_Methane_Emissions/Yuyao/Dataset/data_dir_l89_L2SR/plume_masks_l89_512/emi20240127t195915p13009-C/mask_30m_512.tif
emi20240127t195915p13009-D,31.845105209063902,-101.77165563918768,2024-01-27 19:59:15+00:00,Oil & Gas (1B2),CH4,mfa,"[-101.80043414005776, 31.79040784455177, -101.70776769916735, 31.869633930959566]",emi,production,2024-03-14 18:59:12.069751+00:00,2025-08-23 02:54:57.619728+00:00,v3,3.18.1,,,,4685.202720514079,1193.4510828827804,5.474730491638184,0.342290461063385,335.5625915527344,1.7239850759506226,hrrr,ISS,NASA-JPL EMIT,https://api.carbonmapper.org/api/v1/catalog/asset/l3a-vis-ch4-mfa-v3/2024/01/27/emi20240127t195915p13009-D/emi20240127t195915p13009-D_l3a-vis-ch4-mfa-v3_plume.tif,https://api.carbonmapper.org/api/v1/catalog/asset/l3a-vis-ch4-mfa-v3/2024/01/27/emi20240127t195915p13009-D/emi20240127t195915p13009-D_l3a-vis-ch4-mfa-v3_plume.png,https://api.carbonmapper.org/api/v1/catalog/asset/l3a-ime-ch4-mfa-v3/2024/01/27/emi20240127t195915p13009-D/emi20240127t195915p13009-D_l3a-ime-ch4-mfa-v3_ime-cmf-concentrations.tif,https://api.carbonmapper.org/api/v1/catalog/asset/l3a-vis-ch4-mfa-v3/2024/01/27/emi20240127t195915p13009-D/emi20240127t195915p13009-D_l3a-vis-ch4-mfa-v3_rgb.tif,https://api.carbonmapper.org/api/v1/catalog/asset/l3a-vis-ch4-mfa-v3/2024/01/27/emi20240127t195915p13009-D/emi20240127t195915p13009-D_l3a-vis-ch4-mfa-v3_rgb.png,1,EMIT_L2A_RFL_001_20240127T195904_2402713_008,/mnt/engg-leung/Research_No9_Methane_Emissions/Yuyao/raw_data_dir_l89_L2SR/EMIT_simulated_landsat9/emi20240127t195915p13009-D_sim_L9.tif,/mnt/engg-leung/Research_No9_Methane_Emissions/Yuyao/Dataset/data_dir_l89_L2SR/plume_masks_l89_512/emi20240127t195915p13009-D/mask_30m_512.tif
emi20240204t165003p11008-A,31.56987378764771,-101.81648915038669,2024-02-04 16:50:03+00:00,Oil & Gas (1B2),CH4,mfa,"[-101.84907487353799, 31.540561149622174, -101.78070537318797, 31.59881223563342]",emi,production,2024-03-27 18:13:38.073847+00:00,2025-08-23 02:55:03.341652+00:00,v3,3.18.1,,,,2903.104361661396,554.642229339071,9.07960033416748,0.3329144716262817,321.72381591796875,4.826301574707031,hrrr,ISS,NASA-JPL EMIT,https://api.carbonmapper.org/api/v1/catalog/asset/l3a-vis-ch4-mfa-v3/2024/02/04/emi20240204t165003p11008-A/emi20240204t165003p11008-A_l3a-vis-ch4-mfa-v3_plume.tif,https://api.carbonmapper.org/api/v1/catalog/asset/l3a-vis-ch4-mfa-v3/2024/02/04/emi20240204t165003p11008-A/emi20240204t165003p11008-A_l3a-vis-ch4-mfa-v3_plume.png,https://api.carbonmapper.org/api/v1/catalog/asset/l3a-ime-ch4-mfa-v3/2024/02/04/emi20240204t165003p11008-A/emi20240204t165003p11008-A_l3a-ime-ch4-mfa-v3_ime-cmf-concentrations.tif,https://api.carbonmapper.org/api/v1/catalog/asset/l3a-vis-ch4-mfa-v3/2024/02/04/emi20240204t165003p11008-A/emi20240204t165003p11008-A_l3a-vis-ch4-mfa-v3_rgb.tif,https://api.carbonmapper.org/api/v1/catalog/asset/l3a-vis-ch4-mfa-v3/2024/02/04/emi20240204t165003p11008-A/emi20240204t165003p11008-A_l3a-vis-ch4-mfa-v3_rgb.png,1,EMIT_L2A_RFL_001_20240204T165003_2403511_008,/mnt/engg-leung/Research_No9_Methane_Emissions/Yuyao/raw_data_dir_l89_L2SR/EMIT_simulated_landsat9/emi20240204t165003p11008-A_sim_L9.tif,/mnt/engg-leung/Research_No9_Methane_Emissions/Yuyao/Dataset/data_dir_l89_L2SR/plume_masks_l89_512/emi20240204t165003p11008-A/mask_30m_512.tif
emi20240212t214756p14021-A,33.71236413545219,-104.54953190699234,2024-02-12 21:47:56+00:00,Oil & Gas (1B2),CH4,mfa,"[-104.58427582742226, 33.68562088641003, -104.51633670601862, 33.742133982381866]",emi,production,2024-03-27 18:16:21.557696+00:00,2025-03-25 23:33:05.343739+00:00,v3,3.18.1,,,,5894.01352907302,2472.077481487968,1.591844081878662,0.6333827972412109,49.37493515014648,58.96963119506836,hrrr,ISS,NASA-JPL EMIT,https://api.carbonmapper.org/api/v1/catalog/asset/l3a-vis-ch4-mfa-v3/2024/02/12/emi20240212t214756p14021-A/emi20240212t214756p14021-A_l3a-vis-ch4-mfa-v3_plume.tif,https://api.carbonmapper.org/api/v1/catalog/asset/l3a-vis-ch4-mfa-v3/2024/02/12/emi20240212t214756p14021-A/emi20240212t214756p14021-A_l3a-vis-ch4-mfa-v3_plume.png,https://api.carbonmapper.org/api/v1/catalog/asset/l3a-ime-ch4-mfa-v3/2024/02/12/emi20240212t214756p14021-A/emi20240212t214756p14021-A_l3a-ime-ch4-mfa-v3_ime-cmf-concentrations.tif,https://api.carbonmapper.org/api/v1/catalog/asset/l3a-vis-ch4-mfa-v3/2024/02/12/emi20240212t214756p14021-A/emi20240212t214756p14021-A_l3a-vis-ch4-mfa-v3_rgb.tif,https://api.carbonmapper.org/api/v1/catalog/asset/l3a-vis-ch4-mfa-v3/2024/02/12/emi20240212t214756p14021-A/emi20240212t214756p14021-A_l3a-vis-ch4-mfa-v3_rgb.png,1,EMIT_L2A_RFL_001_20240212T214756_2404314_021,/mnt/engg-leung/Research_No9_Methane_Emissions/Yuyao/raw_data_dir_l89_L2SR/EMIT_simulated_landsat9/emi20240212t214756p14021-A_sim_L9.tif,/mnt/engg-leung/Research_No9_Methane_Emissions/Yuyao/Dataset/data_dir_l89_L2SR/plume_masks_l89_512/emi20240212t214756p14021-A/mask_30m_512.tif
emi20240212t214808p14022-A,32.61482611099335,-104.05529344533151,2024-02-12 21:48:08+00:00,Oil & Gas (1B2),CH4,mfa,"[-104.08993735969395, 32.58313741397298, -104.0220418728348, 32.64082578797612]",emi,production,2024-03-27 18:13:19.297084+00:00,2025-03-25 22:35:22.496553+00:00,v3,3.18.1,,,,1759.8615135597634,599.1074213326922,2.0519769191741943,0.3039377331733703,324.6423645019531,6.741308689117432,hrrr,ISS,NASA-JPL EMIT,https://api.carbonmapper.org/api/v1/catalog/asset/l3a-vis-ch4-mfa-v3/2024/02/12/emi20240212t214808p14022-A/emi20240212t214808p14022-A_l3a-vis-ch4-mfa-v3_plume.tif,https://api.carbonmapper.org/api/v1/catalog/asset/l3a-vis-ch4-mfa-v3/2024/02/12/emi20240212t214808p14022-A/emi20240212t214808p14022-A_l3a-vis-ch4-mfa-v3_plume.png,https://api.carbonmapper.org/api/v1/catalog/asset/l3a-ime-ch4-mfa-v3/2024/02/12/emi20240212t214808p14022-A/emi20240212t214808p14022-A_l3a-ime-ch4-mfa-v3_ime-cmf-concentrations.tif,https://api.carbonmapper.org/api/v1/catalog/asset/l3a-vis-ch4-mfa-v3/2024/02/12/emi20240212t214808p14022-A/emi20240212t214808p14022-A_l3a-vis-ch4-mfa-v3_rgb.tif,https://api.carbonmapper.org/api/v1/catalog/asset/l3a-vis-ch4-mfa-v3/2024/02/12/emi20240212t214808p14022-A/emi20240212t214808p14022-A_l3a-vis-ch4-mfa-v3_rgb.png,1,EMIT_L2A_RFL_001_20240212T214808_2404314_022,/mnt/engg-leung/Research_No9_Methane_Emissions/Yuyao/raw_data_dir_l89_L2SR/EMIT_simulated_landsat9/emi20240212t214808p14022-A_sim_L9.tif,/mnt/engg-leung/Research_No9_Methane_Emissions/Yuyao/Dataset/data_dir_l89_L2SR/plume_masks_l89_512/emi20240212t214808p14022-A/mask_30m_512.tif
emi20240212t214820p14023-C,32.20322613138207,-103.46902352400744,2024-02-12 21:48:20+00:00,Oil & Gas (1B2),CH4,mfa,"[-103.50132121325657, 32.17502846732032, -103.43351721586245, 32.23290013581677]",emi,production,2024-03-14 19:00:16.546288+00:00,2025-08-23 02:55:07.429194+00:00,v3,3.18.1,,,,871.9188143330039,329.3877439727564,3.81931734085083,0.8306390643119812,301.72808837890625,6.417176246643066,hrrr,ISS,NASA-JPL EMIT,https://api.carbonmapper.org/api/v1/catalog/asset/l3a-vis-ch4-mfa-v3/2024/02/12/emi20240212t214820p14023-C/emi20240212t214820p14023-C_l3a-vis-ch4-mfa-v3_plume.tif,https://api.carbonmapper.org/api/v1/catalog/asset/l3a-vis-ch4-mfa-v3/2024/02/12/emi20240212t214820p14023-C/emi20240212t214820p14023-C_l3a-vis-ch4-mfa-v3_plume.png,https://api.carbonmapper.org/api/v1/catalog/asset/l3a-ime-ch4-mfa-v3/2024/02/12/emi20240212t214820p14023-C/emi20240212t214820p14023-C_l3a-ime-ch4-mfa-v3_ime-cmf-concentrations.tif,https://api.carbonmapper.org/api/v1/catalog/asset/l3a-vis-ch4-mfa-v3/2024/02/12/emi20240212t214820p14023-C/emi20240212t214820p14023-C_l3a-vis-ch4-mfa-v3_rgb.tif,https://api.carbonmapper.org/api/v1/catalog/asset/l3a-vis-ch4-mfa-v3/2024/02/12/emi20240212t214820p14023-C/emi20240212t214820p14023-C_l3a-vis-ch4-mfa-v3_rgb.png,1,EMIT_L2A_RFL_001_20240212T214820_2404314_023,/mnt/engg-leung/Research_No9_Methane_Emissions/Yuyao/raw_data_dir_l89_L2SR/EMIT_simulated_landsat9/emi20240212t214820p14023-C_sim_L9.tif,/mnt/engg-leung/Research_No9_Methane_Emissions/Yuyao/Dataset/data_dir_l89_L2SR/plume_masks_l89_512/emi20240212t214820p14023-C/mask_30m_512.tif
emi20240212t214820p14023-H,32.19829723482121,-103.5581768736699,2024-02-12 21:48:20+00:00,Oil & Gas (1B2),CH4,mfa,"[-103.59017745866814, 32.17105210536354, -103.52237468615549, 32.228925257355364]",emi,production,2024-03-27 18:13:10.736584+00:00,2025-03-25 22:37:33.311191+00:00,v3,3.18.1,,,,1365.4200624350524,378.81277093117785,3.66231107711792,0.7014792561531067,303.4266052246094,7.350155830383301,hrrr,ISS,NASA-JPL EMIT,https://api.carbonmapper.org/api/v1/catalog/asset/l3a-vis-ch4-mfa-v3/2024/02/12/emi20240212t214820p14023-H/emi20240212t214820p14023-H_l3a-vis-ch4-mfa-v3_plume.tif,https://api.carbonmapper.org/api/v1/catalog/asset/l3a-vis-ch4-mfa-v3/2024/02/12/emi20240212t214820p14023-H/emi20240212t214820p14023-H_l3a-vis-ch4-mfa-v3_plume.png,https://api.carbonmapper.org/api/v1/catalog/asset/l3a-ime-ch4-mfa-v3/2024/02/12/emi20240212t214820p14023-H/emi20240212t214820p14023-H_l3a-ime-ch4-mfa-v3_ime-cmf-concentrations.tif,https://api.carbonmapper.org/api/v1/catalog/asset/l3a-vis-ch4-mfa-v3/2024/02/12/emi20240212t214820p14023-H/emi20240212t214820p14023-H_l3a-vis-ch4-mfa-v3_rgb.tif,https://api.carbonmapper.org/api/v1/catalog/asset/l3a-vis-ch4-mfa-v3/2024/02/12/emi20240212t214820p14023-H/emi20240212t214820p14023-H_l3a-vis-ch4-mfa-v3_rgb.png,1,EMIT_L2A_RFL_001_20240212T214820_2404314_023,/mnt/engg-leung/Research_No9_Methane_Emissions/Yuyao/raw_data_dir_l89_L2SR/EMIT_simulated_landsat9/emi20240212t214820p14023-H_sim_L9.tif,/mnt/engg-leung/Research_No9_Methane_Emissions/Yuyao/Dataset/data_dir_l89_L2SR/plume_masks_l89_512/emi20240212t214820p14023-H/mask_30m_512.tif
emi20240212t214820p14023-I,32.57673162384047,-103.60164451247827,2024-02-12 21:48:20+00:00,Oil & Gas (1B2),CH4,mfa,"[-103.62388339867877, 32.547507731071775, -103.55580120700114, 32.60487896833016]",emi,production,2024-03-27 18:13:01.340227+00:00,2025-03-25 22:35:38.577543+00:00,v3,3.18.1,,,,1535.322591817219,388.2037756914933,3.916791915893554,0.690898060798645,297.4546203613281,2.777681589126587,hrrr,ISS,NASA-JPL EMIT,https://api.carbonmapper.org/api/v1/catalog/asset/l3a-vis-ch4-mfa-v3/2024/02/12/emi20240212t214820p14023-I/emi20240212t214820p14023-I_l3a-vis-ch4-mfa-v3_plume.tif,https://api.carbonmapper.org/api/v1/catalog/asset/l3a-vis-ch4-mfa-v3/2024/02/12/emi20240212t214820p14023-I/emi20240212t214820p14023-I_l3a-vis-ch4-mfa-v3_plume.png,https://api.carbonmapper.org/api/v1/catalog/asset/l3a-ime-ch4-mfa-v3/2024/02/12/emi20240212t214820p14023-I/emi20240212t214820p14023-I_l3a-ime-ch4-mfa-v3_ime-cmf-concentrations.tif,https://api.carbonmapper.org/api/v1/catalog/asset/l3a-vis-ch4-mfa-v3/2024/02/12/emi20240212t214820p14023-I/emi20240212t214820p14023-I_l3a-vis-ch4-mfa-v3_rgb.tif,https://api.carbonmapper.org/api/v1/catalog/asset/l3a-vis-ch4-mfa-v3/2024/02/12/emi20240212t214820p14023-I/emi20240212t214820p14023-I_l3a-vis-ch4-mfa-v3_rgb.png,1,EMIT_L2A_RFL_001_20240212T214820_2404314_023,/mnt/engg-leung/Research_No9_Methane_Emissions/Yuyao/raw_data_dir_l89_L2SR/EMIT_simulated_landsat9/emi20240212t214820p14023-I_sim_L9.tif,/mnt/engg-leung/Research_No9_Methane_Emissions/Yuyao/Dataset/data_dir_l89_L2SR/plume_masks_l89_512/emi20240212t214820p14023-I/mask_30m_512.tif
emi20240212t214832p14024-C,31.94751817333865,-103.04458267061784,2024-02-12 21:48:32+00:00,Oil & Gas (1B2),CH4,mfa,"[-103.07555605768191, 31.918492446914588, -103.00772388255959, 31.976550791637266]",emi,production,2024-03-01 21:49:36.068695+00:00,2025-03-25 23:33:53.993971+00:00,v3,3.18.1,,,,2163.850372469989,568.6111102282774,4.069083690643311,0.8463939428329468,291.990234375,0.9209184050559998,hrrr,ISS,NASA-JPL EMIT,https://api.carbonmapper.org/api/v1/catalog/asset/l3a-vis-ch4-mfa-v3/2024/02/12/emi20240212t214832p14024-C/emi20240212t214832p14024-C_l3a-vis-ch4-mfa-v3_plume.tif,https://api.carbonmapper.org/api/v1/catalog/asset/l3a-vis-ch4-mfa-v3/2024/02/12/emi20240212t214832p14024-C/emi20240212t214832p14024-C_l3a-vis-ch4-mfa-v3_plume.png,https://api.carbonmapper.org/api/v1/catalog/asset/l3a-ime-ch4-mfa-v3/2024/02/12/emi20240212t214832p14024-C/emi20240212t214832p14024-C_l3a-ime-ch4-mfa-v3_ime-cmf-concentrations.tif,https://api.carbonmapper.org/api/v1/catalog/asset/l3a-vis-ch4-mfa-v3/2024/02/12/emi20240212t214832p14024-C/emi20240212t214832p14024-C_l3a-vis-ch4-mfa-v3_rgb.tif,https://api.carbonmapper.org/api/v1/catalog/asset/l3a-vis-ch4-mfa-v3/2024/02/12/emi20240212t214832p14024-C/emi20240212t214832p14024-C_l3a-vis-ch4-mfa-v3_rgb.png,1,EMIT_L2A_RFL_001_20240212T214832_2404314_024,/mnt/engg-leung/Research_No9_Methane_Emissions/Yuyao/raw_data_dir_l89_L2SR/EMIT_simulated_landsat9/emi20240212t214832p14024-C_sim_L9.tif,/mnt/engg-leung/Research_No9_Methane_Emissions/Yuyao/Dataset/data_dir_l89_L2SR/plume_masks_l89_512/emi20240212t214832p14024-C/mask_30m_512.tif
emi20240212t214832p14024-G,32.01440715965484,-102.51816177093173,2024-02-12 21:48:32+00:00,Oil & Gas (1B2),CH4,mfa,"[-102.55084822656721, 31.98417631468166, -102.48121475963124, 32.042719804897416]",emi,production,2024-03-01 21:49:36.369023+00:00,2025-03-25 22:36:58.237640+00:00,v3,3.18.1,,,,2880.68875931755,604.6494375943159,4.533175945281982,0.4285330772399902,285.1864318847656,4.122383117675781,hrrr,ISS,NASA-JPL EMIT,https://api.carbonmapper.org/api/v1/catalog/asset/l3a-vis-ch4-mfa-v3/2024/02/12/emi20240212t214832p14024-G/emi20240212t214832p14024-G_l3a-vis-ch4-mfa-v3_plume.tif,https://api.carbonmapper.org/api/v1/catalog/asset/l3a-vis-ch4-mfa-v3/2024/02/12/emi20240212t214832p14024-G/emi20240212t214832p14024-G_l3a-vis-ch4-mfa-v3_plume.png,https://api.carbonmapper.org/api/v1/catalog/asset/l3a-ime-ch4-mfa-v3/2024/02/12/emi20240212t214832p14024-G/emi20240212t214832p14024-G_l3a-ime-ch4-mfa-v3_ime-cmf-concentrations.tif,https://api.carbonmapper.org/api/v1/catalog/asset/l3a-vis-ch4-mfa-v3/2024/02/12/emi20240212t214832p14024-G/emi20240212t214832p14024-G_l3a-vis-ch4-mfa-v3_rgb.tif,https://api.carbonmapper.org/api/v1/catalog/asset/l3a-vis-ch4-mfa-v3/2024/02/12/emi20240212t214832p14024-G/emi20240212t214832p14024-G_l3a-vis-ch4-mfa-v3_rgb.png,1,EMIT_L2A_RFL_001_20240212T214832_2404314_024,/mnt/engg-leung/Research_No9_Methane_Emissions/Yuyao/raw_data_dir_l89_L2SR/EMIT_simulated_landsat9/emi20240212t214832p14024-G_sim_L9.tif,/mnt/engg-leung/Research_No9_Methane_Emissions/Yuyao/Dataset/data_dir_l89_L2SR/plume_masks_l89_512/emi20240212t214832p14024-G/mask_30m_512.tif
emi20240212t214843p14025-C,31.34596260566005,-101.79613022807688,2024-02-12 21:48:43+00:00,Oil & Gas (1B2),CH4,mfa,"[-101.80829762245244, 31.31419357353481, -101.73778843304657, 31.373910761524556]",emi,production,2024-03-27 18:15:53.476890+00:00,2025-08-23 02:55:04.796061+00:00,v3,3.18.1,,,,12214.377016400853,1394.8575747569134,4.181771278381348,0.2324013710021972,290.5157470703125,0.9774112105369568,hrrr,ISS,NASA-JPL EMIT,https://api.carbonmapper.org/api/v1/catalog/asset/l3a-vis-ch4-mfa-v3/2024/02/12/emi20240212t214843p14025-C/emi20240212t214843p14025-C_l3a-vis-ch4-mfa-v3_plume.tif,https://api.carbonmapper.org/api/v1/catalog/asset/l3a-vis-ch4-mfa-v3/2024/02/12/emi20240212t214843p14025-C/emi20240212t214843p14025-C_l3a-vis-ch4-mfa-v3_plume.png,https://api.carbonmapper.org/api/v1/catalog/asset/l3a-ime-ch4-mfa-v3/2024/02/12/emi20240212t214843p14025-C/emi20240212t214843p14025-C_l3a-ime-ch4-mfa-v3_ime-cmf-concentrations.tif,https://api.carbonmapper.org/api/v1/catalog/asset/l3a-vis-ch4-mfa-v3/2024/02/12/emi20240212t214843p14025-C/emi20240212t214843p14025-C_l3a-vis-ch4-mfa-v3_rgb.tif,https://api.carbonmapper.org/api/v1/catalog/asset/l3a-vis-ch4-mfa-v3/2024/02/12/emi20240212t214843p14025-C/emi20240212t214843p14025-C_l3a-vis-ch4-mfa-v3_rgb.png,1,EMIT_L2A_RFL_001_20240212T214843_2404314_025,/mnt/engg-leung/Research_No9_Methane_Emissions/Yuyao/raw_data_dir_l89_L2SR/EMIT_simulated_landsat9/emi20240212t214843p14025-C_sim_L9.tif,/mnt/engg-leung/Research_No9_Methane_Emissions/Yuyao/Dataset/data_dir_l89_L2SR/plume_masks_l89_512/emi20240212t214843p14025-C/mask_30m_512.tif
emi20240212t214843p14025-I,31.37455701290993,-101.77598788302234,2024-02-12 21:48:43+00:00,Oil & Gas (1B2),CH4,mfa,"[-101.8078131930737, 31.345879843685424, -101.73963039341588, 31.404092825477004]",emi,production,2024-03-27 18:15:53.565445+00:00,2025-03-25 23:30:18.271701+00:00,v3,3.18.1,,,,3290.35490174657,658.9210469752097,4.20480489730835,0.2118464112281799,290.5329895019531,1.1328426599502563,hrrr,ISS,NASA-JPL EMIT,https://api.carbonmapper.org/api/v1/catalog/asset/l3a-vis-ch4-mfa-v3/2024/02/12/emi20240212t214843p14025-I/emi20240212t214843p14025-I_l3a-vis-ch4-mfa-v3_plume.tif,https://api.carbonmapper.org/api/v1/catalog/asset/l3a-vis-ch4-mfa-v3/2024/02/12/emi20240212t214843p14025-I/emi20240212t214843p14025-I_l3a-vis-ch4-mfa-v3_plume.png,https://api.carbonmapper.org/api/v1/catalog/asset/l3a-ime-ch4-mfa-v3/2024/02/12/emi20240212t214843p14025-I/emi20240212t214843p14025-I_l3a-ime-ch4-mfa-v3_ime-cmf-concentrations.tif,https://api.carbonmapper.org/api/v1/catalog/asset/l3a-vis-ch4-mfa-v3/2024/02/12/emi20240212t214843p14025-I/emi20240212t214843p14025-I_l3a-vis-ch4-mfa-v3_rgb.tif,https://api.carbonmapper.org/api/v1/catalog/asset/l3a-vis-ch4-mfa-v3/2024/02/12/emi20240212t214843p14025-I/emi20240212t214843p14025-I_l3a-vis-ch4-mfa-v3_rgb.png,1,EMIT_L2A_RFL_001_20240212T214843_2404314_025,/mnt/engg-leung/Research_No9_Methane_Emissions/Yuyao/raw_data_dir_l89_L2SR/EMIT_simulated_landsat9/emi20240212t214843p14025-I_sim_L9.tif,/mnt/engg-leung/Research_No9_Methane_Emissions/Yuyao/Dataset/data_dir_l89_L2SR/plume_masks_l89_512/emi20240212t214843p14025-I/mask_30m_512.tif
emi20240216t201122p13016-B,33.71194572723071,-104.5492373929738,2024-02-16 20:11:22+00:00,,CH4,mfa,"[-104.58560185034435, 33.68436344856528, -104.5185052314651, 33.74067054053252]",emi,production,2024-03-27 18:16:21.613830+00:00,2025-03-25 23:01:32.803720+00:00,v3,3.18.1,,,,3045.457934937588,715.4993708597505,6.558773994445801,0.5563287734985352,55.73960494995117,10.786690711975098,hrrr,ISS,NASA-JPL EMIT,https://api.carbonmapper.org/api/v1/catalog/asset/l3a-vis-ch4-mfa-v3/2024/02/16/emi20240216t201122p13016-B/emi20240216t201122p13016-B_l3a-vis-ch4-mfa-v3_plume.tif,https://api.carbonmapper.org/api/v1/catalog/asset/l3a-vis-ch4-mfa-v3/2024/02/16/emi20240216t201122p13016-B/emi20240216t201122p13016-B_l3a-vis-ch4-mfa-v3_plume.png,https://api.carbonmapper.org/api/v1/catalog/asset/l3a-ime-ch4-mfa-v3/2024/02/16/emi20240216t201122p13016-B/emi20240216t201122p13016-B_l3a-ime-ch4-mfa-v3_ime-cmf-concentrations.tif,https://api.carbonmapper.org/api/v1/catalog/asset/l3a-vis-ch4-mfa-v3/2024/02/16/emi20240216t201122p13016-B/emi20240216t201122p13016-B_l3a-vis-ch4-mfa-v3_rgb.tif,https://api.carbonmapper.org/api/v1/catalog/asset/l3a-vis-ch4-mfa-v3/2024/02/16/emi20240216t201122p13016-B/emi20240216t201122p13016-B_l3a-vis-ch4-mfa-v3_rgb.png,1,EMIT_L2A_RFL_001_20240216T201122_2404713_016,/mnt/engg-leung/Research_No9_Methane_Emissions/Yuyao/raw_data_dir_l89_L2SR/EMIT_simulated_landsat9/emi20240216t201122p13016-B_sim_L9.tif,/mnt/engg-leung/Research_No9_Methane_Emissions/Yuyao/Dataset/data_dir_l89_L2SR/plume_masks_l89_512/emi20240216t201122p13016-B/mask_30m_512.tif
emi20240224t165801p11015-A,32.51460841702537,-101.52274592563003,2024-02-24 16:58:01+00:00,Oil & Gas (1B2),CH4,mfa,"[-101.55690202910273, 32.50581074452672, -101.47294630674509, 32.576585820422224]",emi,production,2024-03-27 18:16:06.658866+00:00,2025-03-25 22:40:31.871911+00:00,v3,3.18.1,,,,5051.181744758699,554.6762192118277,7.74754524230957,0.3191035091876983,193.40103149414065,3.518521785736084,hrrr,ISS,NASA-JPL EMIT,https://api.carbonmapper.org/api/v1/catalog/asset/l3a-vis-ch4-mfa-v3/2024/02/24/emi20240224t165801p11015-A/emi20240224t165801p11015-A_l3a-vis-ch4-mfa-v3_plume.tif,https://api.carbonmapper.org/api/v1/catalog/asset/l3a-vis-ch4-mfa-v3/2024/02/24/emi20240224t165801p11015-A/emi20240224t165801p11015-A_l3a-vis-ch4-mfa-v3_plume.png,https://api.carbonmapper.org/api/v1/catalog/asset/l3a-ime-ch4-mfa-v3/2024/02/24/emi20240224t165801p11015-A/emi20240224t165801p11015-A_l3a-ime-ch4-mfa-v3_ime-cmf-concentrations.tif,https://api.carbonmapper.org/api/v1/catalog/asset/l3a-vis-ch4-mfa-v3/2024/02/24/emi20240224t165801p11015-A/emi20240224t165801p11015-A_l3a-vis-ch4-mfa-v3_rgb.tif,https://api.carbonmapper.org/api/v1/catalog/asset/l3a-vis-ch4-mfa-v3/2024/02/24/emi20240224t165801p11015-A/emi20240224t165801p11015-A_l3a-vis-ch4-mfa-v3_rgb.png,1,EMIT_L2A_RFL_001_20240224T165801_2405511_015,/mnt/engg-leung/Research_No9_Methane_Emissions/Yuyao/raw_data_dir_l89_L2SR/EMIT_simulated_landsat9/emi20240224t165801p11015-A_sim_L9.tif,/mnt/engg-leung/Research_No9_Methane_Emissions/Yuyao/Dataset/data_dir_l89_L2SR/plume_masks_l89_512/emi20240224t165801p11015-A/mask_30m_512.tif
emi20240627t160532p11013-A,32.21728389780272,-103.5285113977013,2024-06-27 16:05:32+00:00,Oil & Gas (1B2),CH4,mfa,"[-103.57003632964184, 32.1939685266837, -103.50149200689165, 32.25195561691952]",emi,production,2024-07-11 19:10:41.325022+00:00,2025-03-25 22:35:11.074998+00:00,v3,3.18.1,,,,5159.707874232584,1165.0421415038445,4.658784866333008,0.4842178523540497,135.0487060546875,2.448938369750977,hrrr,ISS,NASA-JPL EMIT,https://api.carbonmapper.org/api/v1/catalog/asset/l3a-vis-ch4-mfa-v3/2024/06/27/emi20240627t160532p11013-A/emi20240627t160532p11013-A_l3a-vis-ch4-mfa-v3_plume.tif,https://api.carbonmapper.org/api/v1/catalog/asset/l3a-vis-ch4-mfa-v3/2024/06/27/emi20240627t160532p11013-A/emi20240627t160532p11013-A_l3a-vis-ch4-mfa-v3_plume.png,https://api.carbonmapper.org/api/v1/catalog/asset/l3a-ime-ch4-mfa-v3/2024/06/27/emi20240627t160532p11013-A/emi20240627t160532p11013-A_l3a-ime-ch4-mfa-v3_ime-cmf-concentrations.tif,https://api.carbonmapper.org/api/v1/catalog/asset/l3a-vis-ch4-mfa-v3/2024/06/27/emi20240627t160532p11013-A/emi20240627t160532p11013-A_l3a-vis-ch4-mfa-v3_rgb.tif,https://api.carbonmapper.org/api/v1/catalog/asset/l3a-vis-ch4-mfa-v3/2024/06/27/emi20240627t160532p11013-A/emi20240627t160532p11013-A_l3a-vis-ch4-mfa-v3_rgb.png,1,EMIT_L2A_RFL_001_20240627T160532_2417911_013,/mnt/engg-leung/Research_No9_Methane_Emissions/Yuyao/raw_data_dir_l89_L2SR/EMIT_simulated_landsat9/emi20240627t160532p11013-A_sim_L9.tif,/mnt/engg-leung/Research_No9_Methane_Emissions/Yuyao/Dataset/data_dir_l89_L2SR/plume_masks_l89_512/emi20240627t160532p11013-A/mask_30m_512.tif
emi20240719t230943p15003-B,31.71475525854798,-103.77010366755307,2024-07-19 23:09:43+00:00,Oil & Gas (1B2),CH4,mfa,"[-103.803049137755, 31.686067603037515, -103.7365651785039, 31.74262414111489]",emi,production,2024-08-05 19:50:55.655942+00:00,2025-03-25 23:34:12.857529+00:00,v3,3.18.1,,,,2446.329953005865,513.7732756688075,4.035617351531982,0.3622867465019226,143.81190490722656,0.3555338978767395,hrrr,ISS,NASA-JPL EMIT,https://api.carbonmapper.org/api/v1/catalog/asset/l3a-vis-ch4-mfa-v3/2024/07/19/emi20240719t230943p15003-B/emi20240719t230943p15003-B_l3a-vis-ch4-mfa-v3_plume.tif,https://api.carbonmapper.org/api/v1/catalog/asset/l3a-vis-ch4-mfa-v3/2024/07/19/emi20240719t230943p15003-B/emi20240719t230943p15003-B_l3a-vis-ch4-mfa-v3_plume.png,https://api.carbonmapper.org/api/v1/catalog/asset/l3a-ime-ch4-mfa-v3/2024/07/19/emi20240719t230943p15003-B/emi20240719t230943p15003-B_l3a-ime-ch4-mfa-v3_ime-cmf-concentrations.tif,https://api.carbonmapper.org/api/v1/catalog/asset/l3a-vis-ch4-mfa-v3/2024/07/19/emi20240719t230943p15003-B/emi20240719t230943p15003-B_l3a-vis-ch4-mfa-v3_rgb.tif,https://api.carbonmapper.org/api/v1/catalog/asset/l3a-vis-ch4-mfa-v3/2024/07/19/emi20240719t230943p15003-B/emi20240719t230943p15003-B_l3a-vis-ch4-mfa-v3_rgb.png,1,EMIT_L2A_RFL_001_20240719T230943_2420115_003,/mnt/engg-leung/Research_No9_Methane_Emissions/Yuyao/raw_data_dir_l89_L2SR/EMIT_simulated_landsat9/emi20240719t230943p15003-B_sim_L9.tif,/mnt/engg-leung/Research_No9_Methane_Emissions/Yuyao/Dataset/data_dir_l89_L2SR/plume_masks_l89_512/emi20240719t230943p15003-B/mask_30m_512.tif
emi20240727t195453p13014-A,31.432889808379727,-101.82794629607857,2024-07-27 19:54:53+00:00,Oil & Gas (1B2),CH4,mfa,"[-101.90008050845407, 31.422101238247837, -101.79584912066215, 31.511501298208138]",emi,production,2024-08-13 19:46:43.020377+00:00,2025-03-25 22:45:15.570767+00:00,v3,3.18.1,,,,12259.828647775845,595.2868109544492,5.382391452789307,0.056938249617815,152.5047607421875,1.328013300895691,hrrr,ISS,NASA-JPL EMIT,https://api.carbonmapper.org/api/v1/catalog/asset/l3a-vis-ch4-mfa-v3/2024/07/27/emi20240727t195453p13014-A/emi20240727t195453p13014-A_l3a-vis-ch4-mfa-v3_plume.tif,https://api.carbonmapper.org/api/v1/catalog/asset/l3a-vis-ch4-mfa-v3/2024/07/27/emi20240727t195453p13014-A/emi20240727t195453p13014-A_l3a-vis-ch4-mfa-v3_plume.png,https://api.carbonmapper.org/api/v1/catalog/asset/l3a-ime-ch4-mfa-v3/2024/07/27/emi20240727t195453p13014-A/emi20240727t195453p13014-A_l3a-ime-ch4-mfa-v3_ime-cmf-concentrations.tif,https://api.carbonmapper.org/api/v1/catalog/asset/l3a-vis-ch4-mfa-v3/2024/07/27/emi20240727t195453p13014-A/emi20240727t195453p13014-A_l3a-vis-ch4-mfa-v3_rgb.tif,https://api.carbonmapper.org/api/v1/catalog/asset/l3a-vis-ch4-mfa-v3/2024/07/27/emi20240727t195453p13014-A/emi20240727t195453p13014-A_l3a-vis-ch4-mfa-v3_rgb.png,1,EMIT_L2A_RFL_001_20240727T195453_2420913_014,/mnt/engg-leung/Research_No9_Methane_Emissions/Yuyao/raw_data_dir_l89_L2SR/EMIT_simulated_landsat9/emi20240727t195453p13014-A_sim_L9.tif,/mnt/engg-leung/Research_No9_Methane_Emissions/Yuyao/Dataset/data_dir_l89_L2SR/plume_masks_l89_512/emi20240727t195453p13014-A/mask_30m_512.tif
emi20240727t195453p13014-B,31.66959668444271,-101.97851133180006,2024-07-27 19:54:53+00:00,Oil & Gas (1B2),CH4,mfa,"[-102.01734813382278, 31.645508902975177, -101.94906252291534, 31.703622977614607]",emi,production,2024-08-22 17:10:10.173002+00:00,2025-03-25 22:46:07.133279+00:00,v3,3.18.1,,,,6952.29748161106,1563.0886790086804,5.776182174682617,0.2457261532545089,152.28115844726562,2.623246431350708,hrrr,ISS,NASA-JPL EMIT,https://api.carbonmapper.org/api/v1/catalog/asset/l3a-vis-ch4-mfa-v3/2024/07/27/emi20240727t195453p13014-B/emi20240727t195453p13014-B_l3a-vis-ch4-mfa-v3_plume.tif,https://api.carbonmapper.org/api/v1/catalog/asset/l3a-vis-ch4-mfa-v3/2024/07/27/emi20240727t195453p13014-B/emi20240727t195453p13014-B_l3a-vis-ch4-mfa-v3_plume.png,https://api.carbonmapper.org/api/v1/catalog/asset/l3a-ime-ch4-mfa-v3/2024/07/27/emi20240727t195453p13014-B/emi20240727t195453p13014-B_l3a-ime-ch4-mfa-v3_ime-cmf-concentrations.tif,https://api.carbonmapper.org/api/v1/catalog/asset/l3a-vis-ch4-mfa-v3/2024/07/27/emi20240727t195453p13014-B/emi20240727t195453p13014-B_l3a-vis-ch4-mfa-v3_rgb.tif,https://api.carbonmapper.org/api/v1/catalog/asset/l3a-vis-ch4-mfa-v3/2024/07/27/emi20240727t195453p13014-B/emi20240727t195453p13014-B_l3a-vis-ch4-mfa-v3_rgb.png,1,EMIT_L2A_RFL_001_20240727T195453_2420913_014,/mnt/engg-leung/Research_No9_Methane_Emissions/Yuyao/raw_data_dir_l89_L2SR/EMIT_simulated_landsat9/emi20240727t195453p13014-B_sim_L9.tif,/mnt/engg-leung/Research_No9_Methane_Emissions/Yuyao/Dataset/data_dir_l89_L2SR/plume_masks_l89_512/emi20240727t195453p13014-B/mask_30m_512.tif
emi20240727t195505p13015-A,31.543011669993533,-101.70377891534729,2024-07-27 19:55:05+00:00,Oil & Gas (1B2),CH4,mfa,"[-101.74325210106112, 31.5263383819064, -101.67646039124384, 31.58374903849508]",emi,production,2024-08-13 19:46:43.020377+00:00,2025-03-25 22:44:59.632974+00:00,v3,3.18.1,,,,,,5.336422920227051,0.2625261545181274,153.65553283691406,0.3414976596832275,hrrr,ISS,NASA-JPL EMIT,https://api.carbonmapper.org/api/v1/catalog/asset/l3a-vis-ch4-mfa-v3/2024/07/27/emi20240727t195505p13015-A/emi20240727t195505p13015-A_l3a-vis-ch4-mfa-v3_plume.tif,https://api.carbonmapper.org/api/v1/catalog/asset/l3a-vis-ch4-mfa-v3/2024/07/27/emi20240727t195505p13015-A/emi20240727t195505p13015-A_l3a-vis-ch4-mfa-v3_plume.png,https://api.carbonmapper.org/api/v1/catalog/asset/l3a-ime-ch4-mfa-v3/2024/07/27/emi20240727t195505p13015-A/emi20240727t195505p13015-A_l3a-ime-ch4-mfa-v3_ime-cmf-concentrations.tif,https://api.carbonmapper.org/api/v1/catalog/asset/l3a-vis-ch4-mfa-v3/2024/07/27/emi20240727t195505p13015-A/emi20240727t195505p13015-A_l3a-vis-ch4-mfa-v3_rgb.tif,https://api.carbonmapper.org/api/v1/catalog/asset/l3a-vis-ch4-mfa-v3/2024/07/27/emi20240727t195505p13015-A/emi20240727t195505p13015-A_l3a-vis-ch4-mfa-v3_rgb.png,1,EMIT_L2A_RFL_001_20240727T195453_2420913_014,/mnt/engg-leung/Research_No9_Methane_Emissions/Yuyao/raw_data_dir_l89_L2SR/EMIT_simulated_landsat9/emi20240727t195505p13015-A_sim_L9.tif,/mnt/engg-leung/Research_No9_Methane_Emissions/Yuyao/Dataset/data_dir_l89_L2SR/plume_masks_l89_512/emi20240727t195505p13015-A/mask_30m_512.tif
emi20240731t181643p12010-A,31.1528212894695,-101.26737156533494,2024-07-31 18:16:43+00:00,Oil & Gas (1B2),CH4,mfa,"[-101.29584035927739, 31.129933507849483, -101.22831663278913, 31.18771600855912]",emi,production,2024-08-22 17:09:56.715916+00:00,2025-08-23 02:55:02.871771+00:00,v3,3.18.1,,,,5328.974879606067,809.1880177111831,7.45465612411499,0.6451875567436218,176.8782501220703,4.045043468475342,hrrr,ISS,NASA-JPL EMIT,https://api.carbonmapper.org/api/v1/catalog/asset/l3a-vis-ch4-mfa-v3/2024/07/31/emi20240731t181643p12010-A/emi20240731t181643p12010-A_l3a-vis-ch4-mfa-v3_plume.tif,https://api.carbonmapper.org/api/v1/catalog/asset/l3a-vis-ch4-mfa-v3/2024/07/31/emi20240731t181643p12010-A/emi20240731t181643p12010-A_l3a-vis-ch4-mfa-v3_plume.png,https://api.carbonmapper.org/api/v1/catalog/asset/l3a-ime-ch4-mfa-v3/2024/07/31/emi20240731t181643p12010-A/emi20240731t181643p12010-A_l3a-ime-ch4-mfa-v3_ime-cmf-concentrations.tif,https://api.carbonmapper.org/api/v1/catalog/asset/l3a-vis-ch4-mfa-v3/2024/07/31/emi20240731t181643p12010-A/emi20240731t181643p12010-A_l3a-vis-ch4-mfa-v3_rgb.tif,https://api.carbonmapper.org/api/v1/catalog/asset/l3a-vis-ch4-mfa-v3/2024/07/31/emi20240731t181643p12010-A/emi20240731t181643p12010-A_l3a-vis-ch4-mfa-v3_rgb.png,1,EMIT_L2A_RFL_001_20240731T181643_2421312_010,/mnt/engg-leung/Research_No9_Methane_Emissions/Yuyao/raw_data_dir_l89_L2SR/EMIT_simulated_landsat9/emi20240731t181643p12010-A_sim_L9.tif,/mnt/engg-leung/Research_No9_Methane_Emissions/Yuyao/Dataset/data_dir_l89_L2SR/plume_masks_l89_512/emi20240731t181643p12010-A/mask_30m_512.tif
emi20240812t213903p14030-A,32.212868372268375,-101.91349931315644,2024-08-12 21:39:03+00:00,Oil & Gas (1B2),CH4,mfa,"[-101.94831044667524, 32.190929961428814, -101.87980144657752, 32.2488891155506]",emi,production,2024-08-22 17:10:39.868694+00:00,2025-03-25 22:52:08.652044+00:00,v3,3.18.1,,,,6084.742149203703,506.87112108519534,6.865129470825195,0.271032452583313,147.67767333984375,4.5221710205078125,hrrr,ISS,NASA-JPL EMIT,https://api.carbonmapper.org/api/v1/catalog/asset/l3a-vis-ch4-mfa-v3/2024/08/12/emi20240812t213903p14030-A/emi20240812t213903p14030-A_l3a-vis-ch4-mfa-v3_plume.tif,https://api.carbonmapper.org/api/v1/catalog/asset/l3a-vis-ch4-mfa-v3/2024/08/12/emi20240812t213903p14030-A/emi20240812t213903p14030-A_l3a-vis-ch4-mfa-v3_plume.png,https://api.carbonmapper.org/api/v1/catalog/asset/l3a-ime-ch4-mfa-v3/2024/08/12/emi20240812t213903p14030-A/emi20240812t213903p14030-A_l3a-ime-ch4-mfa-v3_ime-cmf-concentrations.tif,https://api.carbonmapper.org/api/v1/catalog/asset/l3a-vis-ch4-mfa-v3/2024/08/12/emi20240812t213903p14030-A/emi20240812t213903p14030-A_l3a-vis-ch4-mfa-v3_rgb.tif,https://api.carbonmapper.org/api/v1/catalog/asset/l3a-vis-ch4-mfa-v3/2024/08/12/emi20240812t213903p14030-A/emi20240812t213903p14030-A_l3a-vis-ch4-mfa-v3_rgb.png,1,EMIT_L2A_RFL_001_20240812T213903_2422514_030,/mnt/engg-leung/Research_No9_Methane_Emissions/Yuyao/raw_data_dir_l89_L2SR/EMIT_simulated_landsat9/emi20240812t213903p14030-A_sim_L9.tif,/mnt/engg-leung/Research_No9_Methane_Emissions/Yuyao/Dataset/data_dir_l89_L2SR/plume_masks_l89_512/emi20240812t213903p14030-A/mask_30m_512.tif
emi20240812t213903p14030-B,32.20094586127475,-101.99482185674944,2024-08-12 21:39:03+00:00,Oil & Gas (1B2),CH4,mfa,"[-102.03899037329235, 32.18682449816708, -101.96989640897367, 32.24528101617485]",emi,production,2024-08-22 17:10:26.202592+00:00,2025-03-25 22:52:09.719008+00:00,v3,3.18.1,,,,3490.1885374424096,365.7263360642367,6.775275230407715,0.2992067635059356,152.1284637451172,3.1312201023101807,hrrr,ISS,NASA-JPL EMIT,https://api.carbonmapper.org/api/v1/catalog/asset/l3a-vis-ch4-mfa-v3/2024/08/12/emi20240812t213903p14030-B/emi20240812t213903p14030-B_l3a-vis-ch4-mfa-v3_plume.tif,https://api.carbonmapper.org/api/v1/catalog/asset/l3a-vis-ch4-mfa-v3/2024/08/12/emi20240812t213903p14030-B/emi20240812t213903p14030-B_l3a-vis-ch4-mfa-v3_plume.png,https://api.carbonmapper.org/api/v1/catalog/asset/l3a-ime-ch4-mfa-v3/2024/08/12/emi20240812t213903p14030-B/emi20240812t213903p14030-B_l3a-ime-ch4-mfa-v3_ime-cmf-concentrations.tif,https://api.carbonmapper.org/api/v1/catalog/asset/l3a-vis-ch4-mfa-v3/2024/08/12/emi20240812t213903p14030-B/emi20240812t213903p14030-B_l3a-vis-ch4-mfa-v3_rgb.tif,https://api.carbonmapper.org/api/v1/catalog/asset/l3a-vis-ch4-mfa-v3/2024/08/12/emi20240812t213903p14030-B/emi20240812t213903p14030-B_l3a-vis-ch4-mfa-v3_rgb.png,1,EMIT_L2A_RFL_001_20240812T213903_2422514_030,/mnt/engg-leung/Research_No9_Methane_Emissions/Yuyao/raw_data_dir_l89_L2SR/EMIT_simulated_landsat9/emi20240812t213903p14030-B_sim_L9.tif,/mnt/engg-leung/Research_No9_Methane_Emissions/Yuyao/Dataset/data_dir_l89_L2SR/plume_masks_l89_512/emi20240812t213903p14030-B/mask_30m_512.tif
emi20240812t213903p14030-C,32.264128491664124,-101.98139684927804,2024-08-12 21:39:03+00:00,Oil & Gas (1B2),CH4,mfa,"[-102.01482487180004, 32.24050852382237, -101.94568920069133, 32.298965767906054]",emi,production,2024-08-22 17:10:32.847804+00:00,2025-03-25 22:52:07.052458+00:00,v3,3.18.1,,,,4674.172388862828,867.163669460106,6.603289604187012,0.2874055504798889,149.1075897216797,5.476987838745117,hrrr,ISS,NASA-JPL EMIT,https://api.carbonmapper.org/api/v1/catalog/asset/l3a-vis-ch4-mfa-v3/2024/08/12/emi20240812t213903p14030-C/emi20240812t213903p14030-C_l3a-vis-ch4-mfa-v3_plume.tif,https://api.carbonmapper.org/api/v1/catalog/asset/l3a-vis-ch4-mfa-v3/2024/08/12/emi20240812t213903p14030-C/emi20240812t213903p14030-C_l3a-vis-ch4-mfa-v3_plume.png,https://api.carbonmapper.org/api/v1/catalog/asset/l3a-ime-ch4-mfa-v3/2024/08/12/emi20240812t213903p14030-C/emi20240812t213903p14030-C_l3a-ime-ch4-mfa-v3_ime-cmf-concentrations.tif,https://api.carbonmapper.org/api/v1/catalog/asset/l3a-vis-ch4-mfa-v3/2024/08/12/emi20240812t213903p14030-C/emi20240812t213903p14030-C_l3a-vis-ch4-mfa-v3_rgb.tif,https://api.carbonmapper.org/api/v1/catalog/asset/l3a-vis-ch4-mfa-v3/2024/08/12/emi20240812t213903p14030-C/emi20240812t213903p14030-C_l3a-vis-ch4-mfa-v3_rgb.png,1,EMIT_L2A_RFL_001_20240812T213903_2422514_030,/mnt/engg-leung/Research_No9_Methane_Emissions/Yuyao/raw_data_dir_l89_L2SR/EMIT_simulated_landsat9/emi20240812t213903p14030-C_sim_L9.tif,/mnt/engg-leung/Research_No9_Methane_Emissions/Yuyao/Dataset/data_dir_l89_L2SR/plume_masks_l89_512/emi20240812t213903p14030-C/mask_30m_512.tif
emi20240812t213903p14030-D,32.29779326596554,-101.83635998346598,2024-08-12 21:39:03+00:00,Oil & Gas (1B2),CH4,mfa,"[-101.8796125129393, 32.27465013789101, -101.81162715855164, 32.33261293537631]",emi,production,2024-08-22 17:10:51.235069+00:00,2025-03-25 22:52:12.590561+00:00,v3,3.18.1,,,,4482.0691073956,830.2574371639085,6.567103862762451,0.152572363615036,149.79486083984375,6.465628623962402,hrrr,ISS,NASA-JPL EMIT,https://api.carbonmapper.org/api/v1/catalog/asset/l3a-vis-ch4-mfa-v3/2024/08/12/emi20240812t213903p14030-D/emi20240812t213903p14030-D_l3a-vis-ch4-mfa-v3_plume.tif,https://api.carbonmapper.org/api/v1/catalog/asset/l3a-vis-ch4-mfa-v3/2024/08/12/emi20240812t213903p14030-D/emi20240812t213903p14030-D_l3a-vis-ch4-mfa-v3_plume.png,https://api.carbonmapper.org/api/v1/catalog/asset/l3a-ime-ch4-mfa-v3/2024/08/12/emi20240812t213903p14030-D/emi20240812t213903p14030-D_l3a-ime-ch4-mfa-v3_ime-cmf-concentrations.tif,https://api.carbonmapper.org/api/v1/catalog/asset/l3a-vis-ch4-mfa-v3/2024/08/12/emi20240812t213903p14030-D/emi20240812t213903p14030-D_l3a-vis-ch4-mfa-v3_rgb.tif,https://api.carbonmapper.org/api/v1/catalog/asset/l3a-vis-ch4-mfa-v3/2024/08/12/emi20240812t213903p14030-D/emi20240812t213903p14030-D_l3a-vis-ch4-mfa-v3_rgb.png,1,EMIT_L2A_RFL_001_20240812T213903_2422514_030,/mnt/engg-leung/Research_No9_Methane_Emissions/Yuyao/raw_data_dir_l89_L2SR/EMIT_simulated_landsat9/emi20240812t213903p14030-D_sim_L9.tif,/mnt/engg-leung/Research_No9_Methane_Emissions/Yuyao/Dataset/data_dir_l89_L2SR/plume_masks_l89_512/emi20240812t213903p14030-D/mask_30m_512.tif
emi20240812t213903p14030-E,32.32683813267046,-101.82000594468172,2024-08-12 21:39:03+00:00,Oil & Gas (1B2),CH4,mfa,"[-101.85699932753148, 32.30574932857179, -101.78721539317435, 32.36421255726204]",emi,production,2024-08-22 17:10:51.235069+00:00,2025-08-23 02:55:07.563324+00:00,v3,3.18.1,,,,5097.116398035193,458.1350406482414,6.547576904296875,0.2007602900266647,148.62913513183594,7.813651561737059,hrrr,ISS,NASA-JPL EMIT,https://api.carbonmapper.org/api/v1/catalog/asset/l3a-vis-ch4-mfa-v3/2024/08/12/emi20240812t213903p14030-E/emi20240812t213903p14030-E_l3a-vis-ch4-mfa-v3_plume.tif,https://api.carbonmapper.org/api/v1/catalog/asset/l3a-vis-ch4-mfa-v3/2024/08/12/emi20240812t213903p14030-E/emi20240812t213903p14030-E_l3a-vis-ch4-mfa-v3_plume.png,https://api.carbonmapper.org/api/v1/catalog/asset/l3a-ime-ch4-mfa-v3/2024/08/12/emi20240812t213903p14030-E/emi20240812t213903p14030-E_l3a-ime-ch4-mfa-v3_ime-cmf-concentrations.tif,https://api.carbonmapper.org/api/v1/catalog/asset/l3a-vis-ch4-mfa-v3/2024/08/12/emi20240812t213903p14030-E/emi20240812t213903p14030-E_l3a-vis-ch4-mfa-v3_rgb.tif,https://api.carbonmapper.org/api/v1/catalog/asset/l3a-vis-ch4-mfa-v3/2024/08/12/emi20240812t213903p14030-E/emi20240812t213903p14030-E_l3a-vis-ch4-mfa-v3_rgb.png,1,EMIT_L2A_RFL_001_20240812T213903_2422514_030,/mnt/engg-leung/Research_No9_Methane_Emissions/Yuyao/raw_data_dir_l89_L2SR/EMIT_simulated_landsat9/emi20240812t213903p14030-E_sim_L9.tif,/mnt/engg-leung/Research_No9_Methane_Emissions/Yuyao/Dataset/data_dir_l89_L2SR/plume_masks_l89_512/emi20240812t213903p14030-E/mask_30m_512.tif
emi20240812t213903p14030-F,32.305572426861985,-102.09166274063564,2024-08-12 21:39:03+00:00,,CH4,mfa,"[-102.13502654172747, 32.28775197996068, -102.06586103213037, 32.34620398658812]",emi,production,2024-08-22 17:10:58.350354+00:00,2025-03-25 22:52:20.035695+00:00,v3,3.18.1,,,,2219.032659092568,359.3501856630323,6.646389007568359,0.3878553509712219,151.8226318359375,4.431109428405762,hrrr,ISS,NASA-JPL EMIT,https://api.carbonmapper.org/api/v1/catalog/asset/l3a-vis-ch4-mfa-v3/2024/08/12/emi20240812t213903p14030-F/emi20240812t213903p14030-F_l3a-vis-ch4-mfa-v3_plume.tif,https://api.carbonmapper.org/api/v1/catalog/asset/l3a-vis-ch4-mfa-v3/2024/08/12/emi20240812t213903p14030-F/emi20240812t213903p14030-F_l3a-vis-ch4-mfa-v3_plume.png,https://api.carbonmapper.org/api/v1/catalog/asset/l3a-ime-ch4-mfa-v3/2024/08/12/emi20240812t213903p14030-F/emi20240812t213903p14030-F_l3a-ime-ch4-mfa-v3_ime-cmf-concentrations.tif,https://api.carbonmapper.org/api/v1/catalog/asset/l3a-vis-ch4-mfa-v3/2024/08/12/emi20240812t213903p14030-F/emi20240812t213903p14030-F_l3a-vis-ch4-mfa-v3_rgb.tif,https://api.carbonmapper.org/api/v1/catalog/asset/l3a-vis-ch4-mfa-v3/2024/08/12/emi20240812t213903p14030-F/emi20240812t213903p14030-F_l3a-vis-ch4-mfa-v3_rgb.png,1,EMIT_L2A_RFL_001_20240812T213903_2422514_030,/mnt/engg-leung/Research_No9_Methane_Emissions/Yuyao/raw_data_dir_l89_L2SR/EMIT_simulated_landsat9/emi20240812t213903p14030-F_sim_L9.tif,/mnt/engg-leung/Research_No9_Methane_Emissions/Yuyao/Dataset/data_dir_l89_L2SR/plume_masks_l89_512/emi20240812t213903p14030-F/mask_30m_512.tif
emi20240812t213903p14030-G,31.827084549573485,-101.90589462816372,2024-08-12 21:39:03+00:00,Oil & Gas (1B2),CH4,mfa,"[-101.94864865459007, 31.797543872651254, -101.87925290287555, 31.856006038495156]",emi,production,2024-08-22 17:10:17.500370+00:00,2025-03-25 22:52:05.070179+00:00,v3,3.18.1,,,,1701.0611356112056,606.6869729443126,6.939631938934326,0.1672355383634567,152.37005615234375,3.398416042327881,hrrr,ISS,NASA-JPL EMIT,https://api.carbonmapper.org/api/v1/catalog/asset/l3a-vis-ch4-mfa-v3/2024/08/12/emi20240812t213903p14030-G/emi20240812t213903p14030-G_l3a-vis-ch4-mfa-v3_plume.tif,https://api.carbonmapper.org/api/v1/catalog/asset/l3a-vis-ch4-mfa-v3/2024/08/12/emi20240812t213903p14030-G/emi20240812t213903p14030-G_l3a-vis-ch4-mfa-v3_plume.png,https://api.carbonmapper.org/api/v1/catalog/asset/l3a-ime-ch4-mfa-v3/2024/08/12/emi20240812t213903p14030-G/emi20240812t213903p14030-G_l3a-ime-ch4-mfa-v3_ime-cmf-concentrations.tif,https://api.carbonmapper.org/api/v1/catalog/asset/l3a-vis-ch4-mfa-v3/2024/08/12/emi20240812t213903p14030-G/emi20240812t213903p14030-G_l3a-vis-ch4-mfa-v3_rgb.tif,https://api.carbonmapper.org/api/v1/catalog/asset/l3a-vis-ch4-mfa-v3/2024/08/12/emi20240812t213903p14030-G/emi20240812t213903p14030-G_l3a-vis-ch4-mfa-v3_rgb.png,1,EMIT_L2A_RFL_001_20240812T213903_2422514_030,/mnt/engg-leung/Research_No9_Methane_Emissions/Yuyao/raw_data_dir_l89_L2SR/EMIT_simulated_landsat9/emi20240812t213903p14030-G_sim_L9.tif,/mnt/engg-leung/Research_No9_Methane_Emissions/Yuyao/Dataset/data_dir_l89_L2SR/plume_masks_l89_512/emi20240812t213903p14030-G/mask_30m_512.tif
emi20240816t200144p13032-A,32.51498654183119,-101.5227551285914,2024-08-16 20:01:44+00:00,Oil & Gas (1B2),CH4,mfa,"[-101.56196593277852, 32.49269996691057, -101.49404680307357, 32.55046661291152]",emi,production,2024-08-28 23:48:42.571987+00:00,2025-03-25 22:54:03.685973+00:00,v3,3.18.1,,,,3642.974456540207,894.2289720748769,4.001278400421143,0.0176345743238925,144.8484649658203,7.491112232208252,hrrr,ISS,NASA-JPL EMIT,https://api.carbonmapper.org/api/v1/catalog/asset/l3a-vis-ch4-mfa-v3/2024/08/16/emi20240816t200144p13032-A/emi20240816t200144p13032-A_l3a-vis-ch4-mfa-v3_plume.tif,https://api.carbonmapper.org/api/v1/catalog/asset/l3a-vis-ch4-mfa-v3/2024/08/16/emi20240816t200144p13032-A/emi20240816t200144p13032-A_l3a-vis-ch4-mfa-v3_plume.png,https://api.carbonmapper.org/api/v1/catalog/asset/l3a-ime-ch4-mfa-v3/2024/08/16/emi20240816t200144p13032-A/emi20240816t200144p13032-A_l3a-ime-ch4-mfa-v3_ime-cmf-concentrations.tif,https://api.carbonmapper.org/api/v1/catalog/asset/l3a-vis-ch4-mfa-v3/2024/08/16/emi20240816t200144p13032-A/emi20240816t200144p13032-A_l3a-vis-ch4-mfa-v3_rgb.tif,https://api.carbonmapper.org/api/v1/catalog/asset/l3a-vis-ch4-mfa-v3/2024/08/16/emi20240816t200144p13032-A/emi20240816t200144p13032-A_l3a-vis-ch4-mfa-v3_rgb.png,1,EMIT_L2A_RFL_001_20240816T200144_2422913_032,/mnt/engg-leung/Research_No9_Methane_Emissions/Yuyao/raw_data_dir_l89_L2SR/EMIT_simulated_landsat9/emi20240816t200144p13032-A_sim_L9.tif,/mnt/engg-leung/Research_No9_Methane_Emissions/Yuyao/Dataset/data_dir_l89_L2SR/plume_masks_l89_512/emi20240816t200144p13032-A/mask_30m_512.tif
emi20240823t173410p11025-A,31.733178545115777,-103.86568543891194,2024-08-23 17:34:10+00:00,Oil & Gas (1B2),CH4,mfa,"[-103.89569828690834, 31.710082307850755, -103.82776405147467, 31.76785721269333]",emi,production,2024-09-19 21:37:45.831496+00:00,2025-08-23 02:55:03.799393+00:00,v3,3.18.1,,,,1941.0373549837664,616.3953651271205,3.9980952739715576,1.1645572185516355,184.767578125,2.968940734863281,hrrr,ISS,NASA-JPL EMIT,https://api.carbonmapper.org/api/v1/catalog/asset/l3a-vis-ch4-mfa-v3/2024/08/23/emi20240823t173410p11025-A/emi20240823t173410p11025-A_l3a-vis-ch4-mfa-v3_plume.tif,https://api.carbonmapper.org/api/v1/catalog/asset/l3a-vis-ch4-mfa-v3/2024/08/23/emi20240823t173410p11025-A/emi20240823t173410p11025-A_l3a-vis-ch4-mfa-v3_plume.png,https://api.carbonmapper.org/api/v1/catalog/asset/l3a-ime-ch4-mfa-v3/2024/08/23/emi20240823t173410p11025-A/emi20240823t173410p11025-A_l3a-ime-ch4-mfa-v3_ime-cmf-concentrations.tif,https://api.carbonmapper.org/api/v1/catalog/asset/l3a-vis-ch4-mfa-v3/2024/08/23/emi20240823t173410p11025-A/emi20240823t173410p11025-A_l3a-vis-ch4-mfa-v3_rgb.tif,https://api.carbonmapper.org/api/v1/catalog/asset/l3a-vis-ch4-mfa-v3/2024/08/23/emi20240823t173410p11025-A/emi20240823t173410p11025-A_l3a-vis-ch4-mfa-v3_rgb.png,1,EMIT_L2A_RFL_001_20240823T173410_2423611_025,/mnt/engg-leung/Research_No9_Methane_Emissions/Yuyao/raw_data_dir_l89_L2SR/EMIT_simulated_landsat9/emi20240823t173410p11025-A_sim_L9.tif,/mnt/engg-leung/Research_No9_Methane_Emissions/Yuyao/Dataset/data_dir_l89_L2SR/plume_masks_l89_512/emi20240823t173410p11025-A/mask_30m_512.tif
emi20240823t173410p11025-B,31.727915876395485,-103.93796392419952,2024-08-23 17:34:10+00:00,Oil & Gas (1B2),CH4,mfa,"[-103.969406626292, 31.704153681665368, -103.90206656542938, 31.761427088956147]",emi,production,2024-09-19 21:37:45.831496+00:00,2025-03-25 22:57:43.087301+00:00,v3,3.18.1,,,,1368.6054579634922,465.7359186892476,4.299574851989746,1.14211106300354,188.69363403320312,3.84707236289978,hrrr,ISS,NASA-JPL EMIT,https://api.carbonmapper.org/api/v1/catalog/asset/l3a-vis-ch4-mfa-v3/2024/08/23/emi20240823t173410p11025-B/emi20240823t173410p11025-B_l3a-vis-ch4-mfa-v3_plume.tif,https://api.carbonmapper.org/api/v1/catalog/asset/l3a-vis-ch4-mfa-v3/2024/08/23/emi20240823t173410p11025-B/emi20240823t173410p11025-B_l3a-vis-ch4-mfa-v3_plume.png,https://api.carbonmapper.org/api/v1/catalog/asset/l3a-ime-ch4-mfa-v3/2024/08/23/emi20240823t173410p11025-B/emi20240823t173410p11025-B_l3a-ime-ch4-mfa-v3_ime-cmf-concentrations.tif,https://api.carbonmapper.org/api/v1/catalog/asset/l3a-vis-ch4-mfa-v3/2024/08/23/emi20240823t173410p11025-B/emi20240823t173410p11025-B_l3a-vis-ch4-mfa-v3_rgb.tif,https://api.carbonmapper.org/api/v1/catalog/asset/l3a-vis-ch4-mfa-v3/2024/08/23/emi20240823t173410p11025-B/emi20240823t173410p11025-B_l3a-vis-ch4-mfa-v3_rgb.png,1,EMIT_L2A_RFL_001_20240823T173410_2423611_025,/mnt/engg-leung/Research_No9_Methane_Emissions/Yuyao/raw_data_dir_l89_L2SR/EMIT_simulated_landsat9/emi20240823t173410p11025-B_sim_L9.tif,/mnt/engg-leung/Research_No9_Methane_Emissions/Yuyao/Dataset/data_dir_l89_L2SR/plume_masks_l89_512/emi20240823t173410p11025-B/mask_30m_512.tif
emi20240823t173410p11025-C,31.76628392267845,-103.87889705505992,2024-08-23 17:34:10+00:00,Oil & Gas (1B2),CH4,mfa,"[-103.91302977401993, 31.739440388230932, -103.84566504475546, 31.79671294475169]",emi,production,2024-09-19 21:37:45.831496+00:00,2025-03-25 22:55:09.929070+00:00,v3,3.18.1,,,,1344.288998329986,443.9652290183359,4.135493755340576,1.1658062934875488,184.8722686767578,4.296058654785156,hrrr,ISS,NASA-JPL EMIT,https://api.carbonmapper.org/api/v1/catalog/asset/l3a-vis-ch4-mfa-v3/2024/08/23/emi20240823t173410p11025-C/emi20240823t173410p11025-C_l3a-vis-ch4-mfa-v3_plume.tif,https://api.carbonmapper.org/api/v1/catalog/asset/l3a-vis-ch4-mfa-v3/2024/08/23/emi20240823t173410p11025-C/emi20240823t173410p11025-C_l3a-vis-ch4-mfa-v3_plume.png,https://api.carbonmapper.org/api/v1/catalog/asset/l3a-ime-ch4-mfa-v3/2024/08/23/emi20240823t173410p11025-C/emi20240823t173410p11025-C_l3a-ime-ch4-mfa-v3_ime-cmf-concentrations.tif,https://api.carbonmapper.org/api/v1/catalog/asset/l3a-vis-ch4-mfa-v3/2024/08/23/emi20240823t173410p11025-C/emi20240823t173410p11025-C_l3a-vis-ch4-mfa-v3_rgb.tif,https://api.carbonmapper.org/api/v1/catalog/asset/l3a-vis-ch4-mfa-v3/2024/08/23/emi20240823t173410p11025-C/emi20240823t173410p11025-C_l3a-vis-ch4-mfa-v3_rgb.png,1,EMIT_L2A_RFL_001_20240823T173410_2423611_025,/mnt/engg-leung/Research_No9_Methane_Emissions/Yuyao/raw_data_dir_l89_L2SR/EMIT_simulated_landsat9/emi20240823t173410p11025-C_sim_L9.tif,/mnt/engg-leung/Research_No9_Methane_Emissions/Yuyao/Dataset/data_dir_l89_L2SR/plume_masks_l89_512/emi20240823t173410p11025-C/mask_30m_512.tif
emi20240823t173410p11025-D,31.41172972143936,-103.56217458781212,2024-08-23 17:34:10+00:00,Oil & Gas (1B2),CH4,mfa,"[-103.59482109198288, 31.38479901867507, -103.52653560324742, 31.443075491679252]",emi,production,2024-09-19 21:37:45.831496+00:00,2025-03-25 22:57:42.845671+00:00,v3,3.18.1,,,,2253.0962842641666,653.639106784989,2.3658080101013184,0.6100794076919556,196.1983795166016,10.76869297027588,hrrr,ISS,NASA-JPL EMIT,https://api.carbonmapper.org/api/v1/catalog/asset/l3a-vis-ch4-mfa-v3/2024/08/23/emi20240823t173410p11025-D/emi20240823t173410p11025-D_l3a-vis-ch4-mfa-v3_plume.tif,https://api.carbonmapper.org/api/v1/catalog/asset/l3a-vis-ch4-mfa-v3/2024/08/23/emi20240823t173410p11025-D/emi20240823t173410p11025-D_l3a-vis-ch4-mfa-v3_plume.png,https://api.carbonmapper.org/api/v1/catalog/asset/l3a-ime-ch4-mfa-v3/2024/08/23/emi20240823t173410p11025-D/emi20240823t173410p11025-D_l3a-ime-ch4-mfa-v3_ime-cmf-concentrations.tif,https://api.carbonmapper.org/api/v1/catalog/asset/l3a-vis-ch4-mfa-v3/2024/08/23/emi20240823t173410p11025-D/emi20240823t173410p11025-D_l3a-vis-ch4-mfa-v3_rgb.tif,https://api.carbonmapper.org/api/v1/catalog/asset/l3a-vis-ch4-mfa-v3/2024/08/23/emi20240823t173410p11025-D/emi20240823t173410p11025-D_l3a-vis-ch4-mfa-v3_rgb.png,1,EMIT_L2A_RFL_001_20240823T173410_2423611_025,/mnt/engg-leung/Research_No9_Methane_Emissions/Yuyao/raw_data_dir_l89_L2SR/EMIT_simulated_landsat9/emi20240823t173410p11025-D_sim_L9.tif,/mnt/engg-leung/Research_No9_Methane_Emissions/Yuyao/Dataset/data_dir_l89_L2SR/plume_masks_l89_512/emi20240823t173410p11025-D/mask_30m_512.tif
emi20240823t173421p11026-A,31.01148222608748,-103.24692316760432,2024-08-23 17:34:21+00:00,Oil & Gas (1B2),CH4,mfa,"[-103.2785619152036, 30.988274140939463, -103.2103567456548, 31.046222897709345]",emi,production,2024-09-19 21:37:45.831496+00:00,2025-03-25 22:56:03.744011+00:00,v3,3.18.1,,,,2093.1125494206344,600.8095589344409,5.079422473907471,1.305161714553833,195.6275329589844,7.5570831298828125,hrrr,ISS,NASA-JPL EMIT,https://api.carbonmapper.org/api/v1/catalog/asset/l3a-vis-ch4-mfa-v3/2024/08/23/emi20240823t173421p11026-A/emi20240823t173421p11026-A_l3a-vis-ch4-mfa-v3_plume.tif,https://api.carbonmapper.org/api/v1/catalog/asset/l3a-vis-ch4-mfa-v3/2024/08/23/emi20240823t173421p11026-A/emi20240823t173421p11026-A_l3a-vis-ch4-mfa-v3_plume.png,https://api.carbonmapper.org/api/v1/catalog/asset/l3a-ime-ch4-mfa-v3/2024/08/23/emi20240823t173421p11026-A/emi20240823t173421p11026-A_l3a-ime-ch4-mfa-v3_ime-cmf-concentrations.tif,https://api.carbonmapper.org/api/v1/catalog/asset/l3a-vis-ch4-mfa-v3/2024/08/23/emi20240823t173421p11026-A/emi20240823t173421p11026-A_l3a-vis-ch4-mfa-v3_rgb.tif,https://api.carbonmapper.org/api/v1/catalog/asset/l3a-vis-ch4-mfa-v3/2024/08/23/emi20240823t173421p11026-A/emi20240823t173421p11026-A_l3a-vis-ch4-mfa-v3_rgb.png,1,EMIT_L2A_RFL_001_20240823T173421_2423611_026,/mnt/engg-leung/Research_No9_Methane_Emissions/Yuyao/raw_data_dir_l89_L2SR/EMIT_simulated_landsat9/emi20240823t173421p11026-A_sim_L9.tif,/mnt/engg-leung/Research_No9_Methane_Emissions/Yuyao/Dataset/data_dir_l89_L2SR/plume_masks_l89_512/emi20240823t173421p11026-A/mask_30m_512.tif
emi20240827t155722p10002-A,31.011149092172417,-103.24761100520706,2024-08-27 15:57:22+00:00,Oil & Gas (1B2),CH4,mfa,"[-103.27464293224482, 30.978270262633778, -103.20652463697142, 31.03665446369994]",emi,production,2024-10-04 19:58:59.574822+00:00,2025-03-25 22:58:05.013519+00:00,v3,3.18.1,,,,1263.5448915120055,379.3605132991359,2.204573154449463,0.5979271531105042,303.6189880371094,34.01016998291016,hrrr,ISS,NASA-JPL EMIT,https://api.carbonmapper.org/api/v1/catalog/asset/l3a-vis-ch4-mfa-v3/2024/08/27/emi20240827t155722p10002-A/emi20240827t155722p10002-A_l3a-vis-ch4-mfa-v3_plume.tif,https://api.carbonmapper.org/api/v1/catalog/asset/l3a-vis-ch4-mfa-v3/2024/08/27/emi20240827t155722p10002-A/emi20240827t155722p10002-A_l3a-vis-ch4-mfa-v3_plume.png,https://api.carbonmapper.org/api/v1/catalog/asset/l3a-ime-ch4-mfa-v3/2024/08/27/emi20240827t155722p10002-A/emi20240827t155722p10002-A_l3a-ime-ch4-mfa-v3_ime-cmf-concentrations.tif,https://api.carbonmapper.org/api/v1/catalog/asset/l3a-vis-ch4-mfa-v3/2024/08/27/emi20240827t155722p10002-A/emi20240827t155722p10002-A_l3a-vis-ch4-mfa-v3_rgb.tif,https://api.carbonmapper.org/api/v1/catalog/asset/l3a-vis-ch4-mfa-v3/2024/08/27/emi20240827t155722p10002-A/emi20240827t155722p10002-A_l3a-vis-ch4-mfa-v3_rgb.png,1,EMIT_L2A_RFL_001_20240827T155722_2424010_002,/mnt/engg-leung/Research_No9_Methane_Emissions/Yuyao/raw_data_dir_l89_L2SR/EMIT_simulated_landsat9/emi20240827t155722p10002-A_sim_L9.tif,/mnt/engg-leung/Research_No9_Methane_Emissions/Yuyao/Dataset/data_dir_l89_L2SR/plume_masks_l89_512/emi20240827t155722p10002-A/mask_30m_512.tif
emi20240827t155734p10003-A,30.843530189473384,-102.19187480299358,2024-08-27 15:57:34+00:00,Oil & Gas (1B2),CH4,mfa,"[-102.2297081061967, 30.820080241965115, -102.16092637211496, 30.87913047460137]",emi,production,2024-10-04 19:58:59.574822+00:00,2025-03-25 22:51:26.511801+00:00,v3,3.18.1,,,,835.351330605687,436.0199405872144,1.970943570137024,0.7553516626358032,135.0074462890625,34.36349105834961,hrrr,ISS,NASA-JPL EMIT,https://api.carbonmapper.org/api/v1/catalog/asset/l3a-vis-ch4-mfa-v3/2024/08/27/emi20240827t155734p10003-A/emi20240827t155734p10003-A_l3a-vis-ch4-mfa-v3_plume.tif,https://api.carbonmapper.org/api/v1/catalog/asset/l3a-vis-ch4-mfa-v3/2024/08/27/emi20240827t155734p10003-A/emi20240827t155734p10003-A_l3a-vis-ch4-mfa-v3_plume.png,https://api.carbonmapper.org/api/v1/catalog/asset/l3a-ime-ch4-mfa-v3/2024/08/27/emi20240827t155734p10003-A/emi20240827t155734p10003-A_l3a-ime-ch4-mfa-v3_ime-cmf-concentrations.tif,https://api.carbonmapper.org/api/v1/catalog/asset/l3a-vis-ch4-mfa-v3/2024/08/27/emi20240827t155734p10003-A/emi20240827t155734p10003-A_l3a-vis-ch4-mfa-v3_rgb.tif,https://api.carbonmapper.org/api/v1/catalog/asset/l3a-vis-ch4-mfa-v3/2024/08/27/emi20240827t155734p10003-A/emi20240827t155734p10003-A_l3a-vis-ch4-mfa-v3_rgb.png,1,EMIT_L2A_RFL_001_20240827T155734_2424010_003,/mnt/engg-leung/Research_No9_Methane_Emissions/Yuyao/raw_data_dir_l89_L2SR/EMIT_simulated_landsat9/emi20240827t155734p10003-A_sim_L9.tif,/mnt/engg-leung/Research_No9_Methane_Emissions/Yuyao/Dataset/data_dir_l89_L2SR/plume_masks_l89_512/emi20240827t155734p10003-A/mask_30m_512.tif
emi20241130t180310p12007-A,30.988501303049205,-102.98649360380836,2024-11-30 18:03:10+00:00,Oil & Gas (1B2),CH4,mfa,"[-103.02970808257199, 30.946982697520333, -102.96217421051922, 31.004386116045765]",emi,production,2024-12-09 23:38:57.162180+00:00,2025-08-23 02:55:00.428280+00:00,v3,3.18.1,,,,2309.301676853321,570.6494526880573,1.8072487115859983,0.3983893394470215,330.1956481933594,19.59374618530273,hrrr,ISS,NASA-JPL EMIT,https://api.carbonmapper.org/api/v1/catalog/asset/l3a-vis-ch4-mfa-v3/2024/11/30/emi20241130t180310p12007-A/emi20241130t180310p12007-A_l3a-vis-ch4-mfa-v3_plume.tif,https://api.carbonmapper.org/api/v1/catalog/asset/l3a-vis-ch4-mfa-v3/2024/11/30/emi20241130t180310p12007-A/emi20241130t180310p12007-A_l3a-vis-ch4-mfa-v3_plume.png,https://api.carbonmapper.org/api/v1/catalog/asset/l3a-ime-ch4-mfa-v3/2024/11/30/emi20241130t180310p12007-A/emi20241130t180310p12007-A_l3a-ime-ch4-mfa-v3_ime-cmf-concentrations.tif,https://api.carbonmapper.org/api/v1/catalog/asset/l3a-vis-ch4-mfa-v3/2024/11/30/emi20241130t180310p12007-A/emi20241130t180310p12007-A_l3a-vis-ch4-mfa-v3_rgb.tif,https://api.carbonmapper.org/api/v1/catalog/asset/l3a-vis-ch4-mfa-v3/2024/11/30/emi20241130t180310p12007-A/emi20241130t180310p12007-A_l3a-vis-ch4-mfa-v3_rgb.png,1,EMIT_L2A_RFL_001_20241130T180310_2433512_007,/mnt/engg-leung/Research_No9_Methane_Emissions/Yuyao/raw_data_dir_l89_L2SR/EMIT_simulated_landsat9/emi20241130t180310p12007-A_sim_L9.tif,/mnt/engg-leung/Research_No9_Methane_Emissions/Yuyao/Dataset/data_dir_l89_L2SR/plume_masks_l89_512/emi20241130t180310p12007-A/mask_30m_512.tif
emi20241130t180310p12007-B,30.998165000494367,-102.92380476974974,2024-11-30 18:03:10+00:00,Oil & Gas (1B2),CH4,mfa,"[-102.95610098549912, 30.967855792745315, -102.88855454271459, 31.025257337430876]",emi,production,2024-12-09 23:38:57.162180+00:00,2025-03-25 22:42:31.427572+00:00,v3,3.18.1,,,,1184.6616364077445,444.76178841569936,1.6840981245040894,0.4919095635414123,333.0826721191406,19.97616004943848,hrrr,ISS,NASA-JPL EMIT,https://api.carbonmapper.org/api/v1/catalog/asset/l3a-vis-ch4-mfa-v3/2024/11/30/emi20241130t180310p12007-B/emi20241130t180310p12007-B_l3a-vis-ch4-mfa-v3_plume.tif,https://api.carbonmapper.org/api/v1/catalog/asset/l3a-vis-ch4-mfa-v3/2024/11/30/emi20241130t180310p12007-B/emi20241130t180310p12007-B_l3a-vis-ch4-mfa-v3_plume.png,https://api.carbonmapper.org/api/v1/catalog/asset/l3a-ime-ch4-mfa-v3/2024/11/30/emi20241130t180310p12007-B/emi20241130t180310p12007-B_l3a-ime-ch4-mfa-v3_ime-cmf-concentrations.tif,https://api.carbonmapper.org/api/v1/catalog/asset/l3a-vis-ch4-mfa-v3/2024/11/30/emi20241130t180310p12007-B/emi20241130t180310p12007-B_l3a-vis-ch4-mfa-v3_rgb.tif,https://api.carbonmapper.org/api/v1/catalog/asset/l3a-vis-ch4-mfa-v3/2024/11/30/emi20241130t180310p12007-B/emi20241130t180310p12007-B_l3a-vis-ch4-mfa-v3_rgb.png,1,EMIT_L2A_RFL_001_20241130T180310_2433512_007,/mnt/engg-leung/Research_No9_Methane_Emissions/Yuyao/raw_data_dir_l89_L2SR/EMIT_simulated_landsat9/emi20241130t180310p12007-B_sim_L9.tif,/mnt/engg-leung/Research_No9_Methane_Emissions/Yuyao/Dataset/data_dir_l89_L2SR/plume_masks_l89_512/emi20241130t180310p12007-B/mask_30m_512.tif
emi20241130t180334p12009-A,31.896943098687288,-102.11605784557918,2024-11-30 18:03:34+00:00,Oil & Gas (1B2),CH4,mfa,"[-102.13067891385259, 31.860917696358037, -102.05771516687405, 31.92286730168388]",emi,production,2024-12-17 19:22:56.684910+00:00,2025-03-25 22:42:03.307752+00:00,v3,3.18.1,,,,1784.734751872096,251.2737078942885,2.4354143142700195,0.1621393263339996,271.1370849609375,31.55439567565918,hrrr,ISS,NASA-JPL EMIT,https://api.carbonmapper.org/api/v1/catalog/asset/l3a-vis-ch4-mfa-v3/2024/11/30/emi20241130t180334p12009-A/emi20241130t180334p12009-A_l3a-vis-ch4-mfa-v3_plume.tif,https://api.carbonmapper.org/api/v1/catalog/asset/l3a-vis-ch4-mfa-v3/2024/11/30/emi20241130t180334p12009-A/emi20241130t180334p12009-A_l3a-vis-ch4-mfa-v3_plume.png,https://api.carbonmapper.org/api/v1/catalog/asset/l3a-ime-ch4-mfa-v3/2024/11/30/emi20241130t180334p12009-A/emi20241130t180334p12009-A_l3a-ime-ch4-mfa-v3_ime-cmf-concentrations.tif,https://api.carbonmapper.org/api/v1/catalog/asset/l3a-vis-ch4-mfa-v3/2024/11/30/emi20241130t180334p12009-A/emi20241130t180334p12009-A_l3a-vis-ch4-mfa-v3_rgb.tif,https://api.carbonmapper.org/api/v1/catalog/asset/l3a-vis-ch4-mfa-v3/2024/11/30/emi20241130t180334p12009-A/emi20241130t180334p12009-A_l3a-vis-ch4-mfa-v3_rgb.png,1,EMIT_L2A_RFL_001_20241130T180334_2433512_009,/mnt/engg-leung/Research_No9_Methane_Emissions/Yuyao/raw_data_dir_l89_L2SR/EMIT_simulated_landsat9/emi20241130t180334p12009-A_sim_L9.tif,/mnt/engg-leung/Research_No9_Methane_Emissions/Yuyao/Dataset/data_dir_l89_L2SR/plume_masks_l89_512/emi20241130t180334p12009-A/mask_30m_512.tif
emi20241130t180334p12009-B,31.48990231378815,-101.64712002455846,2024-11-30 18:03:34+00:00,Oil & Gas (1B2),CH4,mfa,"[-101.67367053717022, 31.45684930354005, -101.60681400929508, 31.51435840370211]",emi,production,2024-12-17 19:55:06.715835+00:00,2025-03-25 22:49:32.544502+00:00,v3,3.18.1,,,,1554.1498472064666,569.1590986813029,3.028104543685913,0.5140115022659302,235.8572998046875,25.21321678161621,hrrr,ISS,NASA-JPL EMIT,https://api.carbonmapper.org/api/v1/catalog/asset/l3a-vis-ch4-mfa-v3/2024/11/30/emi20241130t180334p12009-B/emi20241130t180334p12009-B_l3a-vis-ch4-mfa-v3_plume.tif,https://api.carbonmapper.org/api/v1/catalog/asset/l3a-vis-ch4-mfa-v3/2024/11/30/emi20241130t180334p12009-B/emi20241130t180334p12009-B_l3a-vis-ch4-mfa-v3_plume.png,https://api.carbonmapper.org/api/v1/catalog/asset/l3a-ime-ch4-mfa-v3/2024/11/30/emi20241130t180334p12009-B/emi20241130t180334p12009-B_l3a-ime-ch4-mfa-v3_ime-cmf-concentrations.tif,https://api.carbonmapper.org/api/v1/catalog/asset/l3a-vis-ch4-mfa-v3/2024/11/30/emi20241130t180334p12009-B/emi20241130t180334p12009-B_l3a-vis-ch4-mfa-v3_rgb.tif,https://api.carbonmapper.org/api/v1/catalog/asset/l3a-vis-ch4-mfa-v3/2024/11/30/emi20241130t180334p12009-B/emi20241130t180334p12009-B_l3a-vis-ch4-mfa-v3_rgb.png,1,EMIT_L2A_RFL_001_20241130T180334_2433512_009,/mnt/engg-leung/Research_No9_Methane_Emissions/Yuyao/raw_data_dir_l89_L2SR/EMIT_simulated_landsat9/emi20241130t180334p12009-B_sim_L9.tif,/mnt/engg-leung/Research_No9_Methane_Emissions/Yuyao/Dataset/data_dir_l89_L2SR/plume_masks_l89_512/emi20241130t180334p12009-B/mask_30m_512.tif
emi20241130t180334p12009-C,31.398299034614453,-101.68056133698398,2024-11-30 18:03:34+00:00,Oil & Gas (1B2),CH4,mfa,"[-101.71298889460576, 31.371532685008273, -101.6456151804899, 31.429039392951736]",emi,production,2024-12-17 19:55:00.224222+00:00,2025-03-25 22:49:34.631094+00:00,v3,3.18.1,,,,1807.3173533085087,345.438572524011,2.842210054397583,0.3010103404521942,232.8041381835937,24.152692794799805,hrrr,ISS,NASA-JPL EMIT,https://api.carbonmapper.org/api/v1/catalog/asset/l3a-vis-ch4-mfa-v3/2024/11/30/emi20241130t180334p12009-C/emi20241130t180334p12009-C_l3a-vis-ch4-mfa-v3_plume.tif,https://api.carbonmapper.org/api/v1/catalog/asset/l3a-vis-ch4-mfa-v3/2024/11/30/emi20241130t180334p12009-C/emi20241130t180334p12009-C_l3a-vis-ch4-mfa-v3_plume.png,https://api.carbonmapper.org/api/v1/catalog/asset/l3a-ime-ch4-mfa-v3/2024/11/30/emi20241130t180334p12009-C/emi20241130t180334p12009-C_l3a-ime-ch4-mfa-v3_ime-cmf-concentrations.tif,https://api.carbonmapper.org/api/v1/catalog/asset/l3a-vis-ch4-mfa-v3/2024/11/30/emi20241130t180334p12009-C/emi20241130t180334p12009-C_l3a-vis-ch4-mfa-v3_rgb.tif,https://api.carbonmapper.org/api/v1/catalog/asset/l3a-vis-ch4-mfa-v3/2024/11/30/emi20241130t180334p12009-C/emi20241130t180334p12009-C_l3a-vis-ch4-mfa-v3_rgb.png,1,EMIT_L2A_RFL_001_20241130T180334_2433512_009,/mnt/engg-leung/Research_No9_Methane_Emissions/Yuyao/raw_data_dir_l89_L2SR/EMIT_simulated_landsat9/emi20241130t180334p12009-C_sim_L9.tif,/mnt/engg-leung/Research_No9_Methane_Emissions/Yuyao/Dataset/data_dir_l89_L2SR/plume_masks_l89_512/emi20241130t180334p12009-C/mask_30m_512.tif
emi20241130t180334p12009-D,31.97790456585244,-101.87907948422168,2024-11-30 18:03:34+00:00,Oil & Gas (1B2),CH4,mfa,"[-101.91540417900246, 31.949834614507314, -101.84762182870757, 32.00733072601061]",emi,production,2024-12-17 19:08:41.206545+00:00,2025-03-25 23:07:01.438776+00:00,v3,3.18.1,,,,1192.1911948309496,333.55501814600035,2.6687991619110107,0.2800701856613159,260.6734619140625,32.99536895751953,hrrr,ISS,NASA-JPL EMIT,https://api.carbonmapper.org/api/v1/catalog/asset/l3a-vis-ch4-mfa-v3/2024/11/30/emi20241130t180334p12009-D/emi20241130t180334p12009-D_l3a-vis-ch4-mfa-v3_plume.tif,https://api.carbonmapper.org/api/v1/catalog/asset/l3a-vis-ch4-mfa-v3/2024/11/30/emi20241130t180334p12009-D/emi20241130t180334p12009-D_l3a-vis-ch4-mfa-v3_plume.png,https://api.carbonmapper.org/api/v1/catalog/asset/l3a-ime-ch4-mfa-v3/2024/11/30/emi20241130t180334p12009-D/emi20241130t180334p12009-D_l3a-ime-ch4-mfa-v3_ime-cmf-concentrations.tif,https://api.carbonmapper.org/api/v1/catalog/asset/l3a-vis-ch4-mfa-v3/2024/11/30/emi20241130t180334p12009-D/emi20241130t180334p12009-D_l3a-vis-ch4-mfa-v3_rgb.tif,https://api.carbonmapper.org/api/v1/catalog/asset/l3a-vis-ch4-mfa-v3/2024/11/30/emi20241130t180334p12009-D/emi20241130t180334p12009-D_l3a-vis-ch4-mfa-v3_rgb.png,1,EMIT_L2A_RFL_001_20241130T180334_2433512_009,/mnt/engg-leung/Research_No9_Methane_Emissions/Yuyao/raw_data_dir_l89_L2SR/EMIT_simulated_landsat9/emi20241130t180334p12009-D_sim_L9.tif,/mnt/engg-leung/Research_No9_Methane_Emissions/Yuyao/Dataset/data_dir_l89_L2SR/plume_masks_l89_512/emi20241130t180334p12009-D/mask_30m_512.tif
emi20241216t193938p13008-A,33.81044494490588,-101.92828699162304,2024-12-16 19:39:38+00:00,Solid Waste (6A),CH4,mfa,"[-101.96892793074694, 33.781825716827555, -101.89988658514133, 33.839190953142946]",emi,production,2025-01-02 22:09:18.659151+00:00,2025-03-25 22:36:20.282534+00:00,v3,3.18.1,,,,1772.346931217208,413.0496843915156,4.659416675567627,0.4721646606922149,41.83109664916992,2.7156317234039307,hrrr,ISS,NASA-JPL EMIT,https://api.carbonmapper.org/api/v1/catalog/asset/l3a-vis-ch4-mfa-v3/2024/12/16/emi20241216t193938p13008-A/emi20241216t193938p13008-A_l3a-vis-ch4-mfa-v3_plume.tif,https://api.carbonmapper.org/api/v1/catalog/asset/l3a-vis-ch4-mfa-v3/2024/12/16/emi20241216t193938p13008-A/emi20241216t193938p13008-A_l3a-vis-ch4-mfa-v3_plume.png,https://api.carbonmapper.org/api/v1/catalog/asset/l3a-ime-ch4-mfa-v3/2024/12/16/emi20241216t193938p13008-A/emi20241216t193938p13008-A_l3a-ime-ch4-mfa-v3_ime-cmf-concentrations.tif,https://api.carbonmapper.org/api/v1/catalog/asset/l3a-vis-ch4-mfa-v3/2024/12/16/emi20241216t193938p13008-A/emi20241216t193938p13008-A_l3a-vis-ch4-mfa-v3_rgb.tif,https://api.carbonmapper.org/api/v1/catalog/asset/l3a-vis-ch4-mfa-v3/2024/12/16/emi20241216t193938p13008-A/emi20241216t193938p13008-A_l3a-vis-ch4-mfa-v3_rgb.png,1,EMIT_L2A_RFL_001_20241216T193938_2435113_008,/mnt/engg-leung/Research_No9_Methane_Emissions/Yuyao/raw_data_dir_l89_L2SR/EMIT_simulated_landsat9/emi20241216t193938p13008-A_sim_L9.tif,/mnt/engg-leung/Research_No9_Methane_Emissions/Yuyao/Dataset/data_dir_l89_L2SR/plume_masks_l89_512/emi20241216t193938p13008-A/mask_30m_512.tif
tan20241004t174833c00s4001-G,32.22689187907626,-103.74471099511408,2024-10-04 17:48:33+00:00,Oil & Gas (1B2),CH4,mfa,"[-103.76443667195893, 32.2106580414439, -103.72837462134214, 32.24143473362614]",tan,first_light,2024-11-15 20:28:08.442116+00:00,2025-03-25 23:04:15.906339+00:00,v3,3.17.0,39.929910370164656,standard_sensitivity,10.233987035980574,386.5917467970577,288.3445546603035,1.8680671453475952,1.3854126930236816,118.88036346435548,28.588768005371094,hrrr,Tanager,Planet Labs Inc.,https://api.carbonmapper.org/api/v1/catalog/asset/l3a-vis-ch4-mfa-v3/2024/10/04/tan20241004t174833c00s4001-G/tan20241004t174833c00s4001-G_l3a-vis-ch4-mfa-v3_plume.tif,https://api.carbonmapper.org/api/v1/catalog/asset/l3a-vis-ch4-mfa-v3/2024/10/04/tan20241004t174833c00s4001-G/tan20241004t174833c00s4001-G_l3a-vis-ch4-mfa-v3_plume.png,https://api.carbonmapper.org/api/v1/catalog/asset/l3a-ime-ch4-mfa-v3/2024/10/04/tan20241004t174833c00s4001-G/tan20241004t174833c00s4001-G_l3a-ime-ch4-mfa-v3_ime-cmf-concentrations.tif,https://api.carbonmapper.org/api/v1/catalog/asset/l3a-vis-ch4-mfa-v3/2024/10/04/tan20241004t174833c00s4001-G/tan20241004t174833c00s4001-G_l3a-vis-ch4-mfa-v3_rgb.tif,https://api.carbonmapper.org/api/v1/catalog/asset/l3a-vis-ch4-mfa-v3/2024/10/04/tan20241004t174833c00s4001-G/tan20241004t174833c00s4001-G_l3a-vis-ch4-mfa-v3_rgb.png,1,EMIT_L2A_RFL_001_20241004T165227_2427811_011,/mnt/engg-leung/Research_No9_Methane_Emissions/Yuyao/raw_data_dir_l89_L2SR/EMIT_simulated_landsat9/tan20241004t174833c00s4001-G_sim_L9.tif,/mnt/engg-leung/Research_No9_Methane_Emissions/Yuyao/Dataset/data_dir_l89_L2SR/plume_masks_l89_512/tan20241004t174833c00s4001-G/mask_30m_512.tif
