plume_id,datetime,plume_latitude,plume_longitude,l89_path
GAO20230615t202740p0000-A,2023-06-15 20:27:40+00:00,37.186546585091406,-121.66865564805632,/mnt/engg-leung/Research_No9_Methane_Emissions/Yuyao/raw_data_dir_L89_L2SR_by_gee/GAO20230615t202740p0000-A_l89_sr_LANDSAT_9_20230616T183912Z.tif
GAO20230824t154540p0000-A,2023-08-24 15:45:40+00:00,32.2812670460398,-101.92949543199084,/mnt/engg-leung/Research_No9_Methane_Emissions/Yuyao/raw_data_dir_L89_L2SR_by_gee/GAO20230824t154540p0000-A_l89_sr_LANDSAT_9_20230824T172037Z.tif
GAO20230824t154540p0000-B,2023-08-24 15:45:40+00:00,32.38267576607602,-101.93359139330724,/mnt/engg-leung/Research_No9_Methane_Emissions/Yuyao/raw_data_dir_L89_L2SR_by_gee/GAO20230824t154540p0000-B_l89_sr_LANDSAT_9_20230824T172037Z.tif
GAO20230824t154540p0000-D,2023-08-24 15:45:40+00:00,31.86163081036496,-101.9104543959484,/mnt/engg-leung/Research_No9_Methane_Emissions/Yuyao/raw_data_dir_L89_L2SR_by_gee/GAO20230824t154540p0000-D_l89_sr_LANDSAT_9_20230824T172101Z.tif
GAO20230824t154540p0000-E,2023-08-24 15:45:40+00:00,31.705069105637392,-101.89137128760784,/mnt/engg-leung/Research_No9_Methane_Emissions/Yuyao/raw_data_dir_L89_L2SR_by_gee/GAO20230824t154540p0000-E_l89_sr_LANDSAT_9_20230824T172101Z.tif
GAO20230824t160435p0000-A,2023-08-24 16:04:35+00:00,32.28124541401742,-101.92946655366326,/mnt/engg-leung/Research_No9_Methane_Emissions/Yuyao/raw_data_dir_L89_L2SR_by_gee/GAO20230824t160435p0000-A_l89_sr_LANDSAT_9_20230824T172037Z.tif
GAO20230824t160435p0000-B,2023-08-24 16:04:35+00:00,32.382677754188975,-101.93347778040102,/mnt/engg-leung/Research_No9_Methane_Emissions/Yuyao/raw_data_dir_L89_L2SR_by_gee/GAO20230824t160435p0000-B_l89_sr_LANDSAT_9_20230824T172037Z.tif
GAO20230824t160435p0000-C,2023-08-24 16:04:35+00:00,32.24368595303517,-101.90532639238626,/mnt/engg-leung/Research_No9_Methane_Emissions/Yuyao/raw_data_dir_L89_L2SR_by_gee/GAO20230824t160435p0000-C_l89_sr_LANDSAT_9_20230824T172037Z.tif
GAO20230824t160435p0000-D,2023-08-24 16:04:35+00:00,32.24454458364596,-101.90303086422202,/mnt/engg-leung/Research_No9_Methane_Emissions/Yuyao/raw_data_dir_L89_L2SR_by_gee/GAO20230824t160435p0000-D_l89_sr_LANDSAT_9_20230824T172037Z.tif
GAO20230824t160435p0000-E,2023-08-24 16:04:35+00:00,32.24443768597139,-101.9024478480732,/mnt/engg-leung/Research_No9_Methane_Emissions/Yuyao/raw_data_dir_L89_L2SR_by_gee/GAO20230824t160435p0000-E_l89_sr_LANDSAT_9_20230824T172037Z.tif
GAO20230824t160435p0000-F,2023-08-24 16:04:35+00:00,32.24124422574067,-101.90446723902367,/mnt/engg-leung/Research_No9_Methane_Emissions/Yuyao/raw_data_dir_L89_L2SR_by_gee/GAO20230824t160435p0000-F_l89_sr_LANDSAT_9_20230824T172037Z.tif
GAO20230824t160435p0000-G,2023-08-24 16:04:35+00:00,32.14362381478382,-101.9163951257202,/mnt/engg-leung/Research_No9_Methane_Emissions/Yuyao/raw_data_dir_L89_L2SR_by_gee/GAO20230824t160435p0000-G_l89_sr_LANDSAT_9_20230824T172101Z.tif
GAO20230824t160435p0000-H,2023-08-24 16:04:35+00:00,32.025536660033666,-101.88983800146389,/mnt/engg-leung/Research_No9_Methane_Emissions/Yuyao/raw_data_dir_L89_L2SR_by_gee/GAO20230824t160435p0000-H_l89_sr_LANDSAT_9_20230824T172101Z.tif
GAO20230824t160435p0000-I,2023-08-24 16:04:35+00:00,31.896339097104672,-101.8726836238087,/mnt/engg-leung/Research_No9_Methane_Emissions/Yuyao/raw_data_dir_L89_L2SR_by_gee/GAO20230824t160435p0000-I_l89_sr_LANDSAT_9_20230824T172101Z.tif
GAO20230824t162207p0000-A,2023-08-24 16:22:07+00:00,32.24439059233677,-101.90260899826494,/mnt/engg-leung/Research_No9_Methane_Emissions/Yuyao/raw_data_dir_L89_L2SR_by_gee/GAO20230824t162207p0000-A_l89_sr_LANDSAT_9_20230824T172037Z.tif
GAO20230824t162207p0000-B,2023-08-24 16:22:07+00:00,32.244532660242555,-101.9029341068456,/mnt/engg-leung/Research_No9_Methane_Emissions/Yuyao/raw_data_dir_L89_L2SR_by_gee/GAO20230824t162207p0000-B_l89_sr_LANDSAT_9_20230824T172037Z.tif
GAO20230824t162207p0000-C,2023-08-24 16:22:07+00:00,32.24364792697011,-101.9053024345348,/mnt/engg-leung/Research_No9_Methane_Emissions/Yuyao/raw_data_dir_L89_L2SR_by_gee/GAO20230824t162207p0000-C_l89_sr_LANDSAT_9_20230824T172037Z.tif
GAO20230824t162207p0000-D,2023-08-24 16:22:07+00:00,32.24136956708077,-101.90441945898368,/mnt/engg-leung/Research_No9_Methane_Emissions/Yuyao/raw_data_dir_L89_L2SR_by_gee/GAO20230824t162207p0000-D_l89_sr_LANDSAT_9_20230824T172037Z.tif
GAO20230824t162207p0000-E,2023-08-24 16:22:07+00:00,31.92746704311681,-101.86158941406217,/mnt/engg-leung/Research_No9_Methane_Emissions/Yuyao/raw_data_dir_L89_L2SR_by_gee/GAO20230824t162207p0000-E_l89_sr_LANDSAT_9_20230824T172101Z.tif
GAO20230824t162207p0000-F,2023-08-24 16:22:07+00:00,31.895970962132523,-101.8658813171661,/mnt/engg-leung/Research_No9_Methane_Emissions/Yuyao/raw_data_dir_L89_L2SR_by_gee/GAO20230824t162207p0000-F_l89_sr_LANDSAT_9_20230824T172101Z.tif
GAO20230824t164045p0000-A,2023-08-24 16:40:45+00:00,32.2603327626578,-101.870610771101,/mnt/engg-leung/Research_No9_Methane_Emissions/Yuyao/raw_data_dir_L89_L2SR_by_gee/GAO20230824t164045p0000-A_l89_sr_LANDSAT_9_20230824T172037Z.tif
GAO20230824t164045p0000-B,2023-08-24 16:40:45+00:00,31.94170300682694,-101.84477146895736,/mnt/engg-leung/Research_No9_Methane_Emissions/Yuyao/raw_data_dir_L89_L2SR_by_gee/GAO20230824t164045p0000-B_l89_sr_LANDSAT_9_20230824T172101Z.tif
GAO20230824t165721p0000-A,2023-08-24 16:57:21+00:00,32.38952864492185,-101.8511153717039,/mnt/engg-leung/Research_No9_Methane_Emissions/Yuyao/raw_data_dir_L89_L2SR_by_gee/GAO20230824t165721p0000-A_l89_sr_LANDSAT_9_20230824T172037Z.tif
GAO20230824t165721p0000-C,2023-08-24 16:57:21+00:00,32.09216854491878,-101.82307457473156,/mnt/engg-leung/Research_No9_Methane_Emissions/Yuyao/raw_data_dir_L89_L2SR_by_gee/GAO20230824t165721p0000-C_l89_sr_LANDSAT_9_20230824T172101Z.tif
GAO20230824t165721p0000-E,2023-08-24 16:57:21+00:00,31.91911416920325,-101.83074588741556,/mnt/engg-leung/Research_No9_Methane_Emissions/Yuyao/raw_data_dir_L89_L2SR_by_gee/GAO20230824t165721p0000-E_l89_sr_LANDSAT_9_20230824T172101Z.tif
GAO20230824t165721p0000-F,2023-08-24 16:57:21+00:00,31.732930324930194,-101.78884998012104,/mnt/engg-leung/Research_No9_Methane_Emissions/Yuyao/raw_data_dir_L89_L2SR_by_gee/GAO20230824t165721p0000-F_l89_sr_LANDSAT_9_20230824T172101Z.tif
GAO20230824t171600p0000-A,2023-08-24 17:16:00+00:00,32.09216594371368,-101.8229801375206,/mnt/engg-leung/Research_No9_Methane_Emissions/Yuyao/raw_data_dir_L89_L2SR_by_gee/GAO20230824t171600p0000-A_l89_sr_LANDSAT_9_20230824T172101Z.tif
GAO20230824t171600p0000-B,2023-08-24 17:16:00+00:00,32.09059095947259,-101.82456238489648,/mnt/engg-leung/Research_No9_Methane_Emissions/Yuyao/raw_data_dir_L89_L2SR_by_gee/GAO20230824t171600p0000-B_l89_sr_LANDSAT_9_20230824T172101Z.tif
GAO20230824t171600p0000-C,2023-08-24 17:16:00+00:00,31.95190553832346,-101.79345017541226,/mnt/engg-leung/Research_No9_Methane_Emissions/Yuyao/raw_data_dir_L89_L2SR_by_gee/GAO20230824t171600p0000-C_l89_sr_LANDSAT_9_20230824T172101Z.tif
GAO20230824t171600p0000-D,2023-08-24 17:16:00+00:00,31.90744218824875,-101.78365300402156,/mnt/engg-leung/Research_No9_Methane_Emissions/Yuyao/raw_data_dir_L89_L2SR_by_gee/GAO20230824t171600p0000-D_l89_sr_LANDSAT_9_20230824T172101Z.tif
GAO20230824t171600p0000-E,2023-08-24 17:16:00+00:00,31.8695245576776,-101.79733524023509,/mnt/engg-leung/Research_No9_Methane_Emissions/Yuyao/raw_data_dir_L89_L2SR_by_gee/GAO20230824t171600p0000-E_l89_sr_LANDSAT_9_20230824T172101Z.tif
GAO20230824t171600p0000-F,2023-08-24 17:16:00+00:00,31.870829237194343,-101.79763554232387,/mnt/engg-leung/Research_No9_Methane_Emissions/Yuyao/raw_data_dir_L89_L2SR_by_gee/GAO20230824t171600p0000-F_l89_sr_LANDSAT_9_20230824T172101Z.tif
GAO20230824t171600p0000-G,2023-08-24 17:16:00+00:00,31.854896384244668,-101.78608999462584,/mnt/engg-leung/Research_No9_Methane_Emissions/Yuyao/raw_data_dir_L89_L2SR_by_gee/GAO20230824t171600p0000-G_l89_sr_LANDSAT_9_20230824T172101Z.tif
GAO20230824t171600p0000-H,2023-08-24 17:16:00+00:00,31.84392097123869,-101.7783942444872,/mnt/engg-leung/Research_No9_Methane_Emissions/Yuyao/raw_data_dir_L89_L2SR_by_gee/GAO20230824t171600p0000-H_l89_sr_LANDSAT_9_20230824T172101Z.tif
GAO20230824t171600p0000-I,2023-08-24 17:16:00+00:00,31.832610100922835,-101.78374893851856,/mnt/engg-leung/Research_No9_Methane_Emissions/Yuyao/raw_data_dir_L89_L2SR_by_gee/GAO20230824t171600p0000-I_l89_sr_LANDSAT_9_20230824T172101Z.tif
GAO20230824t171600p0000-J,2023-08-24 17:16:00+00:00,31.732896027075952,-101.78874928542236,/mnt/engg-leung/Research_No9_Methane_Emissions/Yuyao/raw_data_dir_L89_L2SR_by_gee/GAO20230824t171600p0000-J_l89_sr_LANDSAT_9_20230824T172101Z.tif
GAO20230824t171600p0000-K,2023-08-24 17:16:00+00:00,31.6479067631887,-101.76693718021068,/mnt/engg-leung/Research_No9_Methane_Emissions/Yuyao/raw_data_dir_L89_L2SR_by_gee/GAO20230824t171600p0000-K_l89_sr_LANDSAT_9_20230824T172101Z.tif
GAO20230824t171600p0000-L,2023-08-24 17:16:00+00:00,31.64445141793354,-101.76558222035116,/mnt/engg-leung/Research_No9_Methane_Emissions/Yuyao/raw_data_dir_L89_L2SR_by_gee/GAO20230824t171600p0000-L_l89_sr_LANDSAT_9_20230824T172101Z.tif
emi20220815t105833p07011-A,2022-08-15 10:58:33+00:00,39.46856358299792,53.642844715586165,/mnt/engg-leung/Research_No9_Methane_Emissions/Yuyao/raw_data_dir_L89_L2SR_by_gee/emi20220815t105833p07011-A_l89_sr_LANDSAT_9_20220816T070706Z.tif
emi20220815t105833p07011-B,2022-08-15 10:58:33+00:00,39.46178307109079,53.77564399710664,/mnt/engg-leung/Research_No9_Methane_Emissions/Yuyao/raw_data_dir_L89_L2SR_by_gee/emi20220815t105833p07011-B_l89_sr_LANDSAT_9_20220816T070706Z.tif
emi20220815t105833p07011-C,2022-08-15 10:58:33+00:00,39.35888497689592,53.80007184608144,/mnt/engg-leung/Research_No9_Methane_Emissions/Yuyao/raw_data_dir_L89_L2SR_by_gee/emi20220815t105833p07011-C_l89_sr_LANDSAT_9_20220816T070706Z.tif
emi20220815t105833p07011-D,2022-08-15 10:58:33+00:00,39.36064210232351,53.76542327358106,/mnt/engg-leung/Research_No9_Methane_Emissions/Yuyao/raw_data_dir_L89_L2SR_by_gee/emi20220815t105833p07011-D_l89_sr_LANDSAT_9_20220816T070706Z.tif
emi20220815t105833p07011-E,2022-08-15 10:58:33+00:00,39.35333665534071,53.72635637327707,/mnt/engg-leung/Research_No9_Methane_Emissions/Yuyao/raw_data_dir_L89_L2SR_by_gee/emi20220815t105833p07011-E_l89_sr_LANDSAT_9_20220816T070706Z.tif
emi20220815t105833p07011-F,2022-08-15 10:58:33+00:00,39.33651827175075,54.022650830484224,/mnt/engg-leung/Research_No9_Methane_Emissions/Yuyao/raw_data_dir_L89_L2SR_by_gee/emi20220815t105833p07011-F_l89_sr_LANDSAT_9_20220816T070706Z.tif
emi20220815t105833p07011-G,2022-08-15 10:58:33+00:00,39.46450355176808,53.74867399088069,/mnt/engg-leung/Research_No9_Methane_Emissions/Yuyao/raw_data_dir_L89_L2SR_by_gee/emi20220815t105833p07011-G_l89_sr_LANDSAT_9_20220816T070706Z.tif
emi20220815t105833p07011-H,2022-08-15 10:58:33+00:00,39.49790749728422,53.635337860359215,/mnt/engg-leung/Research_No9_Methane_Emissions/Yuyao/raw_data_dir_L89_L2SR_by_gee/emi20220815t105833p07011-H_l89_sr_LANDSAT_9_20220816T070706Z.tif
emi20220815t105833p07011-I,2022-08-15 10:58:33+00:00,39.44864991409165,53.792912540768185,/mnt/engg-leung/Research_No9_Methane_Emissions/Yuyao/raw_data_dir_L89_L2SR_by_gee/emi20220815t105833p07011-I_l89_sr_LANDSAT_9_20220816T070706Z.tif
emi20220815t105833p07011-J,2022-08-15 10:58:33+00:00,39.3467912865498,53.88070381932161,/mnt/engg-leung/Research_No9_Methane_Emissions/Yuyao/raw_data_dir_L89_L2SR_by_gee/emi20220815t105833p07011-J_l89_sr_LANDSAT_9_20220816T070706Z.tif
emi20220815t105833p07011-K,2022-08-15 10:58:33+00:00,39.44315069391797,53.81785637832729,/mnt/engg-leung/Research_No9_Methane_Emissions/Yuyao/raw_data_dir_L89_L2SR_by_gee/emi20220815t105833p07011-K_l89_sr_LANDSAT_9_20220816T070706Z.tif
emi20220815t105833p07011-L,2022-08-15 10:58:33+00:00,39.478934631981616,53.73231771845616,/mnt/engg-leung/Research_No9_Methane_Emissions/Yuyao/raw_data_dir_L89_L2SR_by_gee/emi20220815t105833p07011-L_l89_sr_LANDSAT_9_20220816T070706Z.tif
emi20220815t105833p07011-M,2022-08-15 10:58:33+00:00,39.37712635064816,53.83515240321816,/mnt/engg-leung/Research_No9_Methane_Emissions/Yuyao/raw_data_dir_L89_L2SR_by_gee/emi20220815t105833p07011-M_l89_sr_LANDSAT_9_20220816T070706Z.tif
emi20220815t105833p07011-N,2022-08-15 10:58:33+00:00,39.38643002877541,53.82326638419866,/mnt/engg-leung/Research_No9_Methane_Emissions/Yuyao/raw_data_dir_L89_L2SR_by_gee/emi20220815t105833p07011-N_l89_sr_LANDSAT_9_20220816T070706Z.tif
emi20220815t105833p07011-R,2022-08-15 10:58:33+00:00,39.46403216825422,53.62470730522145,/mnt/engg-leung/Research_No9_Methane_Emissions/Yuyao/raw_data_dir_L89_L2SR_by_gee/emi20220815t105833p07011-R_l89_sr_LANDSAT_9_20220816T070706Z.tif
emi20220818t083506p06021-A,2022-08-18 08:35:06+00:00,41.09739339574512,69.48592862836031,/mnt/engg-leung/Research_No9_Methane_Emissions/Yuyao/raw_data_dir_L89_L2SR_by_gee/emi20220818t083506p06021-A_l89_sr_LANDSAT_9_20220819T055844Z.tif
emi20220820t083324p06013-A,2022-08-20 08:33:24+00:00,40.048376918509376,61.04529516073956,/mnt/engg-leung/Research_No9_Methane_Emissions/Yuyao/raw_data_dir_L89_L2SR_by_gee/emi20220820t083324p06013-A_l89_sr_LANDSAT_8_20220821T063632Z.tif
emi20220822t100653p07004-A,2022-08-22 10:06:53+00:00,31.92916976951213,36.1897581208392,/mnt/engg-leung/Research_No9_Methane_Emissions/Yuyao/raw_data_dir_L89_L2SR_by_gee/emi20220822t100653p07004-A_l89_sr_LANDSAT_8_20220823T080527Z.tif
emi20220826t174642p12024-A,2022-08-26 17:46:42+00:00,32.35498887190761,-104.09102920307352,/mnt/engg-leung/Research_No9_Methane_Emissions/Yuyao/raw_data_dir_L89_L2SR_by_gee/emi20220826t174642p12024-A_l89_sr_LANDSAT_8_20220827T173402Z.tif
emi20220830t065232p05004-A,2022-08-30 06:52:32+00:00,33.7977630980466,35.91380064557438,/mnt/engg-leung/Research_No9_Methane_Emissions/Yuyao/raw_data_dir_L89_L2SR_by_gee/emi20220830t065232p05004-A_l89_sr_LANDSAT_8_20220830T081050Z.tif
emi20220830t065244p05005-A,2022-08-30 06:52:44+00:00,33.326645993013074,36.44370131665392,/mnt/engg-leung/Research_No9_Methane_Emissions/Yuyao/raw_data_dir_L89_L2SR_by_gee/emi20220830t065244p05005-A_l89_sr_LANDSAT_8_20220830T081114Z.tif
emi20220831t060702p04007-A,2022-08-31 06:07:02+00:00,29.171401884101016,47.92354115343662,/mnt/engg-leung/Research_No9_Methane_Emissions/Yuyao/raw_data_dir_L89_L2SR_by_gee/emi20220831t060702p04007-A_l89_sr_LANDSAT_8_20220831T071648Z.tif
emi20220831t060702p04007-C,2022-08-31 06:07:02+00:00,29.04918840510625,47.58458775162615,/mnt/engg-leung/Research_No9_Methane_Emissions/Yuyao/raw_data_dir_L89_L2SR_by_gee/emi20220831t060702p04007-C_l89_sr_LANDSAT_8_20220831T071648Z.tif
emi20220901t034318p03002-A,2022-09-01 03:43:18+00:00,38.48090953595508,65.99046097363293,/mnt/engg-leung/Research_No9_Methane_Emissions/Yuyao/raw_data_dir_L89_L2SR_by_gee/emi20220901t034318p03002-A_l89_sr_LANDSAT_8_20220901T061823Z.tif
emi20220901t034318p03002-B,2022-09-01 03:43:18+00:00,38.53942928045058,66.00338712808644,/mnt/engg-leung/Research_No9_Methane_Emissions/Yuyao/raw_data_dir_L89_L2SR_by_gee/emi20220901t034318p03002-B_l89_sr_LANDSAT_8_20220901T061823Z.tif
emi20220901t034318p03002-C,2022-09-01 03:43:18+00:00,38.51463597113681,66.00201744015325,/mnt/engg-leung/Research_No9_Methane_Emissions/Yuyao/raw_data_dir_L89_L2SR_by_gee/emi20220901t034318p03002-C_l89_sr_LANDSAT_8_20220901T061823Z.tif
emi20220901t034318p03002-D,2022-09-01 03:43:18+00:00,38.53484539372735,65.94995353544937,/mnt/engg-leung/Research_No9_Methane_Emissions/Yuyao/raw_data_dir_L89_L2SR_by_gee/emi20220901t034318p03002-D_l89_sr_LANDSAT_8_20220901T061823Z.tif
emi20220901t034318p03002-E,2022-09-01 03:43:18+00:00,38.53689634555457,65.88933998167374,/mnt/engg-leung/Research_No9_Methane_Emissions/Yuyao/raw_data_dir_L89_L2SR_by_gee/emi20220901t034318p03002-E_l89_sr_LANDSAT_8_20220901T061823Z.tif
emi20220901t034318p03002-F,2022-09-01 03:43:18+00:00,38.51827334470116,65.88622966758834,/mnt/engg-leung/Research_No9_Methane_Emissions/Yuyao/raw_data_dir_L89_L2SR_by_gee/emi20220901t034318p03002-F_l89_sr_LANDSAT_8_20220901T061823Z.tif
emi20220901t034318p03002-G,2022-09-01 03:43:18+00:00,38.31145707241589,66.07193368965741,/mnt/engg-leung/Research_No9_Methane_Emissions/Yuyao/raw_data_dir_L89_L2SR_by_gee/emi20220901t034318p03002-G_l89_sr_LANDSAT_8_20220901T061823Z.tif
emi20220901t034318p03002-H,2022-09-01 03:43:18+00:00,38.53575799604005,66.01872788864645,/mnt/engg-leung/Research_No9_Methane_Emissions/Yuyao/raw_data_dir_L89_L2SR_by_gee/emi20220901t034318p03002-H_l89_sr_LANDSAT_8_20220901T061823Z.tif
emi20220901t034318p03002-I,2022-09-01 03:43:18+00:00,38.49604597467376,66.01116030124584,/mnt/engg-leung/Research_No9_Methane_Emissions/Yuyao/raw_data_dir_L89_L2SR_by_gee/emi20220901t034318p03002-I_l89_sr_LANDSAT_8_20220901T061823Z.tif
emi20220901t034318p03002-J,2022-09-01 03:43:18+00:00,38.56022972352491,65.95050491798665,/mnt/engg-leung/Research_No9_Methane_Emissions/Yuyao/raw_data_dir_L89_L2SR_by_gee/emi20220901t034318p03002-J_l89_sr_LANDSAT_8_20220901T061823Z.tif
emi20220901t034318p03002-K,2022-09-01 03:43:18+00:00,38.53307754914167,65.92629678196332,/mnt/engg-leung/Research_No9_Methane_Emissions/Yuyao/raw_data_dir_L89_L2SR_by_gee/emi20220901t034318p03002-K_l89_sr_LANDSAT_8_20220901T061823Z.tif
emi20220901t034318p03002-M,2022-09-01 03:43:18+00:00,38.2604353579178,66.01466298753004,/mnt/engg-leung/Research_No9_Methane_Emissions/Yuyao/raw_data_dir_L89_L2SR_by_gee/emi20220901t034318p03002-M_l89_sr_LANDSAT_8_20220901T061823Z.tif
emi20230125t004744p16006-A,2023-01-25 00:47:44+00:00,-32.46873908543299,151.07423446418647,/mnt/engg-leung/Research_No9_Methane_Emissions/Yuyao/raw_data_dir_L89_L2SR_by_gee/emi20230125t004744p16006-A_l89_sr_LANDSAT_9_20230125T234342Z.tif
emi20230125t004744p16006-C,2023-01-25 00:47:44+00:00,-32.68492222461323,151.07527624444242,/mnt/engg-leung/Research_No9_Methane_Emissions/Yuyao/raw_data_dir_L89_L2SR_by_gee/emi20230125t004744p16006-C_l89_sr_LANDSAT_9_20230125T234406Z.tif
emi20230129t130333p08047-A,2023-01-29 13:03:33+00:00,-38.74534630840287,-68.19705497646203,/mnt/engg-leung/Research_No9_Methane_Emissions/Yuyao/raw_data_dir_L89_L2SR_by_gee/emi20230129t130333p08047-A_l89_sr_LANDSAT_8_20230129T141706Z.tif
emi20230203t062256p05002-A,2023-02-03 06:22:56+00:00,28.94294084320758,69.04903143889666,/mnt/engg-leung/Research_No9_Methane_Emissions/Yuyao/raw_data_dir_L89_L2SR_by_gee/emi20230203t062256p05002-A_l89_sr_LANDSAT_9_20230204T055625Z.tif
emi20230204t040649p03007-A,2023-02-04 04:06:49+00:00,38.9499458715359,111.09383231762428,/mnt/engg-leung/Research_No9_Methane_Emissions/Yuyao/raw_data_dir_L89_L2SR_by_gee/emi20230204t040649p03007-A_l89_sr_LANDSAT_9_20230205T031908Z.tif
emi20230204t040649p03007-D,2023-02-04 04:06:49+00:00,39.05009880326924,111.06243019528053,/mnt/engg-leung/Research_No9_Methane_Emissions/Yuyao/raw_data_dir_L89_L2SR_by_gee/emi20230204t040649p03007-D_l89_sr_LANDSAT_9_20230205T031908Z.tif
emi20230204t041009p03016-A,2023-02-04 04:10:09+00:00,46.09690511651121,125.2473933717938,/mnt/engg-leung/Research_No9_Methane_Emissions/Yuyao/raw_data_dir_L89_L2SR_by_gee/emi20230204t041009p03016-A_l89_sr_LANDSAT_8_20230205T022734Z.tif
emi20230205t171406p12013-A,2023-02-05 17:14:06+00:00,35.75831808023095,-100.13869117552392,/mnt/engg-leung/Research_No9_Methane_Emissions/Yuyao/raw_data_dir_L89_L2SR_by_gee/emi20230205t171406p12013-A_l89_sr_LANDSAT_8_20230205T172019Z.tif
emi20230206t053232p04015-A,2023-02-06 05:32:32+00:00,23.60150985955302,57.88710364396886,/mnt/engg-leung/Research_No9_Methane_Emissions/Yuyao/raw_data_dir_L89_L2SR_by_gee/emi20230206t053232p04015-A_l89_sr_LANDSAT_8_20230206T063458Z.tif
emi20230214t103457p07034-B,2023-02-14 10:34:57+00:00,25.902411538409098,71.57347931042517,/mnt/engg-leung/Research_No9_Methane_Emissions/Yuyao/raw_data_dir_L89_L2SR_by_gee/emi20230214t103457p07034-B_l89_sr_LANDSAT_9_20230215T053838Z.tif
emi20230215t094642p06018-C,2023-02-15 09:46:42+00:00,28.318829386144657,74.95076270183233,/mnt/engg-leung/Research_No9_Methane_Emissions/Yuyao/raw_data_dir_L89_L2SR_by_gee/emi20230215t094642p06018-C_l89_sr_LANDSAT_8_20230216T053127Z.tif
emi20230216t212501p14027-A,2023-02-16 21:25:01+00:00,19.50229644233201,-99.3143580116175,/mnt/engg-leung/Research_No9_Methane_Emissions/Yuyao/raw_data_dir_L89_L2SR_by_gee/emi20230216t212501p14027-A_l89_sr_LANDSAT_9_20230217T170025Z.tif
emi20230221t045604p03014-A,2023-02-21 04:56:04+00:00,44.04153712163071,87.86342296148126,/mnt/engg-leung/Research_No9_Methane_Emissions/Yuyao/raw_data_dir_L89_L2SR_by_gee/emi20230221t045604p03014-A_l89_sr_LANDSAT_9_20230221T045615Z.tif
emi20230221t093954p06016-A,2023-02-21 09:39:54+00:00,31.9283233685653,36.18811187340805,/mnt/engg-leung/Research_No9_Methane_Emissions/Yuyao/raw_data_dir_L89_L2SR_by_gee/emi20230221t093954p06016-A_l89_sr_LANDSAT_8_20230222T081113Z.tif
emi20230224t121654p08045-A,2023-02-24 12:16:54+00:00,-22.5330533840346,26.99403991007628,/mnt/engg-leung/Research_No9_Methane_Emissions/Yuyao/raw_data_dir_L89_L2SR_by_gee/emi20230224t121654p08045-A_l89_sr_LANDSAT_9_20230225T080758Z.tif
emi20230224t181417p12035-B,2023-02-24 18:14:17+00:00,19.65187766928252,-99.27803650969898,/mnt/engg-leung/Research_No9_Methane_Emissions/Yuyao/raw_data_dir_L89_L2SR_by_gee/emi20230224t181417p12035-B_l89_sr_LANDSAT_8_20230225T170003Z.tif
emi20230224t181417p12035-D,2023-02-24 18:14:17+00:00,19.585092460488,-99.20911456868618,/mnt/engg-leung/Research_No9_Methane_Emissions/Yuyao/raw_data_dir_L89_L2SR_by_gee/emi20230224t181417p12035-D_l89_sr_LANDSAT_8_20230225T170003Z.tif
emi20230224t181429p12036-A,2023-02-24 18:14:29+00:00,19.32462398654636,-98.81518769478004,/mnt/engg-leung/Research_No9_Methane_Emissions/Yuyao/raw_data_dir_L89_L2SR_by_gee/emi20230224t181429p12036-A_l89_sr_LANDSAT_8_20230225T170003Z.tif
emi20230224t181429p12036-B,2023-02-24 18:14:29+00:00,19.32349264499188,-98.80331333593038,/mnt/engg-leung/Research_No9_Methane_Emissions/Yuyao/raw_data_dir_L89_L2SR_by_gee/emi20230224t181429p12036-B_l89_sr_LANDSAT_8_20230225T170003Z.tif
emi20230224t181429p12036-C,2023-02-24 18:14:29+00:00,19.403673852814144,-98.84233486183544,/mnt/engg-leung/Research_No9_Methane_Emissions/Yuyao/raw_data_dir_L89_L2SR_by_gee/emi20230224t181429p12036-C_l89_sr_LANDSAT_8_20230225T170003Z.tif
emi20230224t181429p12036-D,2023-02-24 18:14:29+00:00,19.458023975954035,-99.01784875474124,/mnt/engg-leung/Research_No9_Methane_Emissions/Yuyao/raw_data_dir_L89_L2SR_by_gee/emi20230224t181429p12036-D_l89_sr_LANDSAT_8_20230225T170003Z.tif
emi20230224t181441p12037-A,2023-02-24 18:14:41+00:00,18.98238695565472,-98.1378705354638,/mnt/engg-leung/Research_No9_Methane_Emissions/Yuyao/raw_data_dir_L89_L2SR_by_gee/emi20230224t181441p12037-A_l89_sr_LANDSAT_8_20230225T170003Z.tif
emi20230225t050619p03020-D,2023-02-25 05:06:19+00:00,14.057096721633116,99.97310977756666,/mnt/engg-leung/Research_No9_Methane_Emissions/Yuyao/raw_data_dir_L89_L2SR_by_gee/emi20230225t050619p03020-D_l89_sr_LANDSAT_9_20230226T034413Z.tif
emi20230225t050619p03020-E,2023-02-25 05:06:19+00:00,14.055507249114685,99.96362474917515,/mnt/engg-leung/Research_No9_Methane_Emissions/Yuyao/raw_data_dir_L89_L2SR_by_gee/emi20230225t050619p03020-E_l89_sr_LANDSAT_9_20230226T034413Z.tif
emi20230227t063058p04005-A,2023-02-27 06:30:58+00:00,35.41704256456667,44.19366003574996,/mnt/engg-leung/Research_No9_Methane_Emissions/Yuyao/raw_data_dir_L89_L2SR_by_gee/emi20230227t063058p04005-A_l89_sr_LANDSAT_9_20230227T073916Z.tif
emi20230227t063110p04006-A,2023-02-27 06:31:10+00:00,35.30617836306861,44.37377186575358,/mnt/engg-leung/Research_No9_Methane_Emissions/Yuyao/raw_data_dir_L89_L2SR_by_gee/emi20230227t063110p04006-A_l89_sr_LANDSAT_9_20230227T073916Z.tif
emi20230227t172227p11010-A,2023-02-27 17:22:27+00:00,32.410289930303364,-116.74765045363046,/mnt/engg-leung/Research_No9_Methane_Emissions/Yuyao/raw_data_dir_L89_L2SR_by_gee/emi20230227t172227p11010-A_l89_sr_LANDSAT_8_20230227T182300Z.tif
emi20230327t120957p08046-A,2023-03-27 12:09:57+00:00,34.87147401641191,38.85247312110363,/mnt/engg-leung/Research_No9_Methane_Emissions/Yuyao/raw_data_dir_L89_L2SR_by_gee/emi20230327t120957p08046-A_l89_sr_LANDSAT_8_20230328T075745Z.tif
emi20230327t134208p09041-B,2023-03-27 13:42:08+00:00,32.59965568364605,13.341569204997796,/mnt/engg-leung/Research_No9_Methane_Emissions/Yuyao/raw_data_dir_L89_L2SR_by_gee/emi20230327t134208p09041-B_l89_sr_LANDSAT_8_20230328T093702Z.tif
emi20230329t103702p07047-A,2023-03-29 10:37:02+00:00,38.03898547345429,55.079306722557504,/mnt/engg-leung/Research_No9_Methane_Emissions/Yuyao/raw_data_dir_L89_L2SR_by_gee/emi20230329t103702p07047-A_l89_sr_LANDSAT_9_20230330T065517Z.tif
emi20230330t111952p08038-B,2023-03-30 11:19:52+00:00,30.74598150230416,29.4234580506998,/mnt/engg-leung/Research_No9_Methane_Emissions/Yuyao/raw_data_dir_L89_L2SR_by_gee/emi20230330t111952p08038-B_l89_sr_LANDSAT_8_20230331T082949Z.tif
emi20230330t125250p09037-A,2023-03-30 12:52:50+00:00,31.59531702412899,5.924880731179627,/mnt/engg-leung/Research_No9_Methane_Emissions/Yuyao/raw_data_dir_L89_L2SR_by_gee/emi20230330t125250p09037-A_l89_sr_LANDSAT_8_20230331T100818Z.tif
emi20230330t125302p09038-A,2023-03-30 12:53:02+00:00,31.7773195463472,5.997056643592828,/mnt/engg-leung/Research_No9_Methane_Emissions/Yuyao/raw_data_dir_L89_L2SR_by_gee/emi20230330t125302p09038-A_l89_sr_LANDSAT_8_20230331T100818Z.tif
emi20230330t125302p09038-B,2023-03-30 12:53:02+00:00,31.76641309173033,5.945450285491859,/mnt/engg-leung/Research_No9_Methane_Emissions/Yuyao/raw_data_dir_L89_L2SR_by_gee/emi20230330t125302p09038-B_l89_sr_LANDSAT_8_20230331T100818Z.tif
emi20230330t125302p09038-C,2023-03-30 12:53:02+00:00,31.78244916653389,6.215552290609878,/mnt/engg-leung/Research_No9_Methane_Emissions/Yuyao/raw_data_dir_L89_L2SR_by_gee/emi20230330t125302p09038-C_l89_sr_LANDSAT_8_20230331T100818Z.tif
emi20230330t125302p09038-D,2023-03-30 12:53:02+00:00,31.698859561953554,5.969268336137162,/mnt/engg-leung/Research_No9_Methane_Emissions/Yuyao/raw_data_dir_L89_L2SR_by_gee/emi20230330t125302p09038-D_l89_sr_LANDSAT_8_20230331T100818Z.tif
emi20230402t103159p07036-A,2023-04-02 10:31:59+00:00,29.253714649975706,21.54729469277501,/mnt/engg-leung/Research_No9_Methane_Emissions/Yuyao/raw_data_dir_L89_L2SR_by_gee/emi20230402t103159p07036-A_l89_sr_LANDSAT_8_20230403T090104Z.tif
emi20230403t063808p05006-A,2023-04-03 06:38:08+00:00,25.903237970666524,71.57317567273802,/mnt/engg-leung/Research_No9_Methane_Emissions/Yuyao/raw_data_dir_L89_L2SR_by_gee/emi20230403t063808p05006-A_l89_sr_LANDSAT_9_20230404T053808Z.tif
emi20230403t081031p06023-A,2023-04-03 08:10:31+00:00,24.613843769837644,46.90012092097581,/mnt/engg-leung/Research_No9_Methane_Emissions/Yuyao/raw_data_dir_L89_L2SR_by_gee/emi20230403t081031p06023-A_l89_sr_LANDSAT_9_20230404T071725Z.tif
emi20230404t090019p06047-B,2023-04-04 09:00:19+00:00,35.302289485759786,40.44331260204589,/mnt/engg-leung/Research_No9_Methane_Emissions/Yuyao/raw_data_dir_L89_L2SR_by_gee/emi20230404t090019p06047-B_l89_sr_LANDSAT_9_20230405T075729Z.tif
emi20230404t090019p06047-C,2023-04-04 09:00:19+00:00,35.34890150379421,40.3695678696734,/mnt/engg-leung/Research_No9_Methane_Emissions/Yuyao/raw_data_dir_L89_L2SR_by_gee/emi20230404t090019p06047-C_l89_sr_LANDSAT_9_20230405T075729Z.tif
emi20230404t090019p06047-D,2023-04-04 09:00:19+00:00,35.37497047634892,40.37230132024678,/mnt/engg-leung/Research_No9_Methane_Emissions/Yuyao/raw_data_dir_L89_L2SR_by_gee/emi20230404t090019p06047-D_l89_sr_LANDSAT_9_20230405T075729Z.tif
emi20230404t090031p06048-A,2023-04-04 09:00:31+00:00,35.382650016953406,40.43925025762795,/mnt/engg-leung/Research_No9_Methane_Emissions/Yuyao/raw_data_dir_L89_L2SR_by_gee/emi20230404t090031p06048-A_l89_sr_LANDSAT_9_20230405T075729Z.tif
emi20230404t195131p13002-B,2023-04-04 19:51:31+00:00,37.87804094485837,-121.18649590883378,/mnt/engg-leung/Research_No9_Methane_Emissions/Yuyao/raw_data_dir_L89_L2SR_by_gee/emi20230404t195131p13002-B_l89_sr_LANDSAT_8_20230405T183935Z.tif
emi20230405t190335p13004-A,2023-04-05 19:03:35+00:00,35.18680958017674,-119.11469901866104,/mnt/engg-leung/Research_No9_Methane_Emissions/Yuyao/raw_data_dir_L89_L2SR_by_gee/emi20230405t190335p13004-A_l89_sr_LANDSAT_9_20230406T183403Z.tif
emi20230405t190335p13004-B,2023-04-05 19:03:35+00:00,35.06050133020018,-119.0264252936149,/mnt/engg-leung/Research_No9_Methane_Emissions/Yuyao/raw_data_dir_L89_L2SR_by_gee/emi20230405t190335p13004-B_l89_sr_LANDSAT_9_20230406T183403Z.tif
emi20230406t042233p03017-A,2023-04-06 04:22:33+00:00,39.53361519131329,106.50811170462464,/mnt/engg-leung/Research_No9_Methane_Emissions/Yuyao/raw_data_dir_L89_L2SR_by_gee/emi20230406t042233p03017-A_l89_sr_LANDSAT_8_20230407T033626Z.tif
emi20230406t181854p12020-A,2023-04-06 18:18:54+00:00,40.19775587452375,-104.6752916761268,/mnt/engg-leung/Research_No9_Methane_Emissions/Yuyao/raw_data_dir_L89_L2SR_by_gee/emi20230406t181854p12020-A_l89_sr_LANDSAT_9_20230407T173714Z.tif
emi20230406t181906p12021-B,2023-04-06 18:19:06+00:00,40.68565736683834,-103.87494513676326,/mnt/engg-leung/Research_No9_Methane_Emissions/Yuyao/raw_data_dir_L89_L2SR_by_gee/emi20230406t181906p12021-B_l89_sr_LANDSAT_9_20230407T173714Z.tif
emi20230407t081044p06039-A,2023-04-07 08:10:44+00:00,30.74805858954172,29.42200418874998,/mnt/engg-leung/Research_No9_Methane_Emissions/Yuyao/raw_data_dir_L89_L2SR_by_gee/emi20230407t081044p06039-A_l89_sr_LANDSAT_8_20230407T083528Z.tif
emi20230408t103156p07002-A,2023-04-08 10:31:56+00:00,37.05627539506372,-3.713462951177064,/mnt/engg-leung/Research_No9_Methane_Emissions/Yuyao/raw_data_dir_L89_L2SR_by_gee/emi20230408t103156p07002-A_l89_sr_LANDSAT_8_20230408T105600Z.tif
emi20230418t060625p04019-A,2023-04-18 06:06:25+00:00,37.483374852785445,110.85158137543284,/mnt/engg-leung/Research_No9_Methane_Emissions/Yuyao/raw_data_dir_L89_L2SR_by_gee/emi20230418t060625p04019-A_l89_sr_LANDSAT_9_20230419T031242Z.tif
emi20230418t060625p04019-B,2023-04-18 06:06:25+00:00,37.43724601081573,110.84671048237244,/mnt/engg-leung/Research_No9_Methane_Emissions/Yuyao/raw_data_dir_L89_L2SR_by_gee/emi20230418t060625p04019-B_l89_sr_LANDSAT_9_20230419T031242Z.tif
emi20230418t060625p04019-C,2023-04-18 06:06:25+00:00,37.4715112455028,110.83549727581352,/mnt/engg-leung/Research_No9_Methane_Emissions/Yuyao/raw_data_dir_L89_L2SR_by_gee/emi20230418t060625p04019-C_l89_sr_LANDSAT_9_20230419T031242Z.tif
emi20230418t060625p04019-D,2023-04-18 06:06:25+00:00,37.49635741308551,110.8252073676577,/mnt/engg-leung/Research_No9_Methane_Emissions/Yuyao/raw_data_dir_L89_L2SR_by_gee/emi20230418t060625p04019-D_l89_sr_LANDSAT_9_20230419T031242Z.tif
emi20230418t060625p04019-E,2023-04-18 06:06:25+00:00,37.528333484599216,110.80613289473592,/mnt/engg-leung/Research_No9_Methane_Emissions/Yuyao/raw_data_dir_L89_L2SR_by_gee/emi20230418t060625p04019-E_l89_sr_LANDSAT_9_20230419T031242Z.tif
emi20230418t060625p04019-F,2023-04-18 06:06:25+00:00,37.3853358439662,110.87064988734376,/mnt/engg-leung/Research_No9_Methane_Emissions/Yuyao/raw_data_dir_L89_L2SR_by_gee/emi20230418t060625p04019-F_l89_sr_LANDSAT_9_20230419T031242Z.tif
emi20230418t060625p04019-G,2023-04-18 06:06:25+00:00,37.41245749615688,110.86623507340136,/mnt/engg-leung/Research_No9_Methane_Emissions/Yuyao/raw_data_dir_L89_L2SR_by_gee/emi20230418t060625p04019-G_l89_sr_LANDSAT_9_20230419T031242Z.tif
emi20230418t091152p06020-A,2023-04-18 09:11:52+00:00,38.41352581175596,61.657104458555466,/mnt/engg-leung/Research_No9_Methane_Emissions/Yuyao/raw_data_dir_L89_L2SR_by_gee/emi20230418t091152p06020-A_l89_sr_LANDSAT_9_20230419T063004Z.tif
emi20230423t112832p08014-A,2023-04-23 11:28:32+00:00,32.1746560627512,6.477244966440566,/mnt/engg-leung/Research_No9_Methane_Emissions/Yuyao/raw_data_dir_L89_L2SR_by_gee/emi20230423t112832p08014-A_l89_sr_LANDSAT_9_20230424T100757Z.tif
emi20230424t164949p11003-D,2023-04-24 16:49:49+00:00,38.25487642738466,-89.77977695183866,/mnt/engg-leung/Research_No9_Methane_Emissions/Yuyao/raw_data_dir_L89_L2SR_by_gee/emi20230424t164949p11003-D_l89_sr_LANDSAT_8_20230425T163548Z.tif
emi20230424t182533p12027-A,2023-04-24 18:25:33+00:00,31.428255509713352,-104.71965218418777,/mnt/engg-leung/Research_No9_Methane_Emissions/Yuyao/raw_data_dir_L89_L2SR_by_gee/emi20230424t182533p12027-A_l89_sr_LANDSAT_9_20230425T172708Z.tif
emi20230424t182545p12028-B,2023-04-24 18:25:45+00:00,31.039165257653977,-103.72186175991246,/mnt/engg-leung/Research_No9_Methane_Emissions/Yuyao/raw_data_dir_L89_L2SR_by_gee/emi20230424t182545p12028-B_l89_sr_LANDSAT_9_20230425T172708Z.tif
emi20230424t182545p12028-F,2023-04-24 18:25:45+00:00,31.12579414881371,-103.57512715964111,/mnt/engg-leung/Research_No9_Methane_Emissions/Yuyao/raw_data_dir_L89_L2SR_by_gee/emi20230424t182545p12028-F_l89_sr_LANDSAT_9_20230425T172708Z.tif
emi20230424t182545p12028-G,2023-04-24 18:25:45+00:00,31.007231593602768,-103.57297012311945,/mnt/engg-leung/Research_No9_Methane_Emissions/Yuyao/raw_data_dir_L89_L2SR_by_gee/emi20230424t182545p12028-G_l89_sr_LANDSAT_9_20230425T172708Z.tif
emi20230425t095431p07011-A,2023-04-25 09:54:31+00:00,29.25288019678608,21.547805597157577,/mnt/engg-leung/Research_No9_Methane_Emissions/Yuyao/raw_data_dir_L89_L2SR_by_gee/emi20230425t095431p07011-A_l89_sr_LANDSAT_8_20230426T090638Z.tif
emi20230426t025157p02010-B,2023-04-26 02:51:57+00:00,39.17625029631449,110.2816372997508,/mnt/engg-leung/Research_No9_Methane_Emissions/Yuyao/raw_data_dir_L89_L2SR_by_gee/emi20230426t025157p02010-B_l89_sr_LANDSAT_9_20230426T031826Z.tif
emi20230426t055703p04008-A,2023-04-26 05:57:03+00:00,40.04872844355705,61.04577220097754,/mnt/engg-leung/Research_No9_Methane_Emissions/Yuyao/raw_data_dir_L89_L2SR_by_gee/emi20230426t055703p04008-A_l89_sr_LANDSAT_9_20230426T063548Z.tif
emi20230426t055703p04008-B,2023-04-26 05:57:03+00:00,39.97622555300656,61.68376553999632,/mnt/engg-leung/Research_No9_Methane_Emissions/Yuyao/raw_data_dir_L89_L2SR_by_gee/emi20230426t055703p04008-B_l89_sr_LANDSAT_9_20230426T063548Z.tif
emi20230426t055703p04008-C,2023-04-26 05:57:03+00:00,40.00928598849066,60.94201723639466,/mnt/engg-leung/Research_No9_Methane_Emissions/Yuyao/raw_data_dir_L89_L2SR_by_gee/emi20230426t055703p04008-C_l89_sr_LANDSAT_9_20230426T063548Z.tif
emi20230428t073006p05004-A,2023-04-28 07:30:06+00:00,33.26695295677072,36.32880498547854,/mnt/engg-leung/Research_No9_Methane_Emissions/Yuyao/raw_data_dir_L89_L2SR_by_gee/emi20230428t073006p05004-A_l89_sr_LANDSAT_9_20230428T080417Z.tif
emi20230428t090309p06011-A,2023-04-28 09:03:09+00:00,32.598057278425784,13.342279524276194,/mnt/engg-leung/Research_No9_Methane_Emissions/Yuyao/raw_data_dir_L89_L2SR_by_gee/emi20230428t090309p06011-A_l89_sr_LANDSAT_9_20230428T094310Z.tif
emi20230429t064453p04024-A,2023-04-29 06:44:53+00:00,26.165549519223305,49.87475082340899,/mnt/engg-leung/Research_No9_Methane_Emissions/Yuyao/raw_data_dir_L89_L2SR_by_gee/emi20230429t064453p04024-A_l89_sr_LANDSAT_9_20230429T071038Z.tif
emi20230430t055556p04010-A,2023-04-30 05:55:56+00:00,30.063554228641166,51.54393247177321,/mnt/engg-leung/Research_No9_Methane_Emissions/Yuyao/raw_data_dir_L89_L2SR_by_gee/emi20230430t055556p04010-A_l89_sr_LANDSAT_8_20230430T070300Z.tif
emi20230430t055608p04011-A,2023-04-30 05:56:08+00:00,29.426344839389827,52.70377487529558,/mnt/engg-leung/Research_No9_Methane_Emissions/Yuyao/raw_data_dir_L89_L2SR_by_gee/emi20230430t055608p04011-A_l89_sr_LANDSAT_8_20230430T070300Z.tif
emi20230505t004444p16007-A,2023-05-05 00:44:44+00:00,-22.988569819226072,148.5794616093669,/mnt/engg-leung/Research_No9_Methane_Emissions/Yuyao/raw_data_dir_L89_L2SR_by_gee/emi20230505t004444p16007-A_l89_sr_LANDSAT_8_20230506T000503Z.tif
emi20230505t004444p16007-B,2023-05-05 00:44:44+00:00,-23.29947720467412,148.32279580972454,/mnt/engg-leung/Research_No9_Methane_Emissions/Yuyao/raw_data_dir_L89_L2SR_by_gee/emi20230505t004444p16007-B_l89_sr_LANDSAT_8_20230506T000503Z.tif
emi20230527t133235p09034-A,2023-05-27 13:32:35+00:00,28.6370571234108,7.615539990103684,/mnt/engg-leung/Research_No9_Methane_Emissions/Yuyao/raw_data_dir_L89_L2SR_by_gee/emi20230527t133235p09034-A_l89_sr_LANDSAT_9_20230528T095626Z.tif
emi20230527t133235p09034-B,2023-05-27 13:32:35+00:00,28.65097889720542,7.68288608518364,/mnt/engg-leung/Research_No9_Methane_Emissions/Yuyao/raw_data_dir_L89_L2SR_by_gee/emi20230527t133235p09034-B_l89_sr_LANDSAT_9_20230528T095626Z.tif
emi20230531t102439p07050-A,2023-05-31 10:24:39+00:00,35.31442476026241,40.42434616092436,/mnt/engg-leung/Research_No9_Methane_Emissions/Yuyao/raw_data_dir_L89_L2SR_by_gee/emi20230531t102439p07050-A_l89_sr_LANDSAT_9_20230601T075050Z.tif
emi20230531t102439p07050-B,2023-05-31 10:24:39+00:00,35.04638044371697,40.69211408124096,/mnt/engg-leung/Research_No9_Methane_Emissions/Yuyao/raw_data_dir_L89_L2SR_by_gee/emi20230531t102439p07050-B_l89_sr_LANDSAT_9_20230601T075114Z.tif
emi20230531t102439p07050-C,2023-05-31 10:24:39+00:00,35.30449354040252,40.45076389910236,/mnt/engg-leung/Research_No9_Methane_Emissions/Yuyao/raw_data_dir_L89_L2SR_by_gee/emi20230531t102439p07050-C_l89_sr_LANDSAT_9_20230601T075050Z.tif
emi20230531t102439p07050-D,2023-05-31 10:24:39+00:00,35.34856018431525,40.37038768147909,/mnt/engg-leung/Research_No9_Methane_Emissions/Yuyao/raw_data_dir_L89_L2SR_by_gee/emi20230531t102439p07050-D_l89_sr_LANDSAT_9_20230601T075050Z.tif
emi20230607t062333p04033-L,2023-06-07 06:23:33+00:00,36.3985278511588,61.9086560962194,/mnt/engg-leung/Research_No9_Methane_Emissions/Yuyao/raw_data_dir_L89_L2SR_by_gee/emi20230607t062333p04033-L_l89_sr_LANDSAT_8_20230607T062413Z.tif
emi20230607t062333p04033-M,2023-06-07 06:23:33+00:00,36.31028472386747,61.85788109933026,/mnt/engg-leung/Research_No9_Methane_Emissions/Yuyao/raw_data_dir_L89_L2SR_by_gee/emi20230607t062333p04033-M_l89_sr_LANDSAT_8_20230607T062413Z.tif
emi20230607t062420p04037-A,2023-06-07 06:24:20+00:00,38.73381882242822,64.61672689751487,/mnt/engg-leung/Research_No9_Methane_Emissions/Yuyao/raw_data_dir_L89_L2SR_by_gee/emi20230607t062420p04037-A_l89_sr_LANDSAT_9_20230608T061717Z.tif
emi20230607t062420p04037-B,2023-06-07 06:24:20+00:00,38.7872553306141,64.62141374014459,/mnt/engg-leung/Research_No9_Methane_Emissions/Yuyao/raw_data_dir_L89_L2SR_by_gee/emi20230607t062420p04037-B_l89_sr_LANDSAT_9_20230608T061717Z.tif
emi20230607t062420p04037-C,2023-06-07 06:24:20+00:00,38.79844842413007,64.64083986862417,/mnt/engg-leung/Research_No9_Methane_Emissions/Yuyao/raw_data_dir_L89_L2SR_by_gee/emi20230607t062420p04037-C_l89_sr_LANDSAT_9_20230608T061717Z.tif
emi20230607t062420p04037-D,2023-06-07 06:24:20+00:00,38.66221397195139,64.7742285444269,/mnt/engg-leung/Research_No9_Methane_Emissions/Yuyao/raw_data_dir_L89_L2SR_by_gee/emi20230607t062420p04037-D_l89_sr_LANDSAT_9_20230608T061717Z.tif
emi20230607t062432p04038-A,2023-06-07 06:24:32+00:00,39.1769519616669,65.30424967224783,/mnt/engg-leung/Research_No9_Methane_Emissions/Yuyao/raw_data_dir_L89_L2SR_by_gee/emi20230607t062432p04038-A_l89_sr_LANDSAT_9_20230608T061717Z.tif
emi20230607t062432p04038-B,2023-06-07 06:24:32+00:00,39.231056439530704,65.31588796336456,/mnt/engg-leung/Research_No9_Methane_Emissions/Yuyao/raw_data_dir_L89_L2SR_by_gee/emi20230607t062432p04038-B_l89_sr_LANDSAT_9_20230608T061717Z.tif
emi20230613t111348p07023-A,2023-06-13 11:13:48+00:00,36.54982180039818,61.56436937513524,/mnt/engg-leung/Research_No9_Methane_Emissions/Yuyao/raw_data_dir_L89_L2SR_by_gee/emi20230613t111348p07023-A_l89_sr_LANDSAT_8_20230614T063004Z.tif
emi20230613t111348p07023-B,2023-06-13 11:13:48+00:00,36.50259188637841,61.65891090967838,/mnt/engg-leung/Research_No9_Methane_Emissions/Yuyao/raw_data_dir_L89_L2SR_by_gee/emi20230613t111348p07023-B_l89_sr_LANDSAT_8_20230614T063004Z.tif
emi20230613t111348p07023-C,2023-06-13 11:13:48+00:00,36.50144943318468,61.64816756443608,/mnt/engg-leung/Research_No9_Methane_Emissions/Yuyao/raw_data_dir_L89_L2SR_by_gee/emi20230613t111348p07023-C_l89_sr_LANDSAT_8_20230614T063004Z.tif
emi20230613t111348p07023-D,2023-06-13 11:13:48+00:00,36.42688957823994,61.4777149331189,/mnt/engg-leung/Research_No9_Methane_Emissions/Yuyao/raw_data_dir_L89_L2SR_by_gee/emi20230613t111348p07023-D_l89_sr_LANDSAT_8_20230614T063028Z.tif
emi20230613t111348p07023-E,2023-06-13 11:13:48+00:00,36.43398053908344,61.48692626452223,/mnt/engg-leung/Research_No9_Methane_Emissions/Yuyao/raw_data_dir_L89_L2SR_by_gee/emi20230613t111348p07023-E_l89_sr_LANDSAT_8_20230614T063028Z.tif
emi20230613t111348p07023-F,2023-06-13 11:13:48+00:00,36.42027902053519,61.55114084349637,/mnt/engg-leung/Research_No9_Methane_Emissions/Yuyao/raw_data_dir_L89_L2SR_by_gee/emi20230613t111348p07023-F_l89_sr_LANDSAT_8_20230614T063028Z.tif
emi20230613t111348p07023-G,2023-06-13 11:13:48+00:00,36.59741750053364,61.60498640285343,/mnt/engg-leung/Research_No9_Methane_Emissions/Yuyao/raw_data_dir_L89_L2SR_by_gee/emi20230613t111348p07023-G_l89_sr_LANDSAT_8_20230614T063004Z.tif
emi20230613t111348p07023-H,2023-06-13 11:13:48+00:00,36.47266455317191,61.45685302109538,/mnt/engg-leung/Research_No9_Methane_Emissions/Yuyao/raw_data_dir_L89_L2SR_by_gee/emi20230613t111348p07023-H_l89_sr_LANDSAT_8_20230614T063028Z.tif
emi20230613t111348p07023-I,2023-06-13 11:13:48+00:00,36.39254307421865,61.36348946390237,/mnt/engg-leung/Research_No9_Methane_Emissions/Yuyao/raw_data_dir_L89_L2SR_by_gee/emi20230613t111348p07023-I_l89_sr_LANDSAT_8_20230614T063028Z.tif
emi20230614t102439p07027-A,2023-06-14 10:24:39+00:00,39.26754052713579,64.09436540884585,/mnt/engg-leung/Research_No9_Methane_Emissions/Yuyao/raw_data_dir_L89_L2SR_by_gee/emi20230614t102439p07027-A_l89_sr_LANDSAT_9_20230615T062321Z.tif
emi20230614t102451p07028-A,2023-06-14 10:24:51+00:00,38.66220206294631,64.77448170923554,/mnt/engg-leung/Research_No9_Methane_Emissions/Yuyao/raw_data_dir_L89_L2SR_by_gee/emi20230614t102451p07028-A_l89_sr_LANDSAT_9_20230615T062321Z.tif
emi20230614t102451p07028-B,2023-06-14 10:24:51+00:00,38.73406639838012,64.61727490054352,/mnt/engg-leung/Research_No9_Methane_Emissions/Yuyao/raw_data_dir_L89_L2SR_by_gee/emi20230614t102451p07028-B_l89_sr_LANDSAT_9_20230615T062321Z.tif
emi20230614t102451p07028-C,2023-06-14 10:24:51+00:00,38.78728096648789,64.62058244971499,/mnt/engg-leung/Research_No9_Methane_Emissions/Yuyao/raw_data_dir_L89_L2SR_by_gee/emi20230614t102451p07028-C_l89_sr_LANDSAT_9_20230615T062321Z.tif
emi20230620t193644p13023-A,2023-06-20 19:36:44+00:00,32.43289364177041,-101.8316767039614,/mnt/engg-leung/Research_No9_Methane_Emissions/Yuyao/raw_data_dir_L89_L2SR_by_gee/emi20230620t193644p13023-A_l89_sr_LANDSAT_9_20230621T172004Z.tif
emi20230620t193644p13023-C,2023-06-20 19:36:44+00:00,32.35934285394775,-101.87075092162816,/mnt/engg-leung/Research_No9_Methane_Emissions/Yuyao/raw_data_dir_L89_L2SR_by_gee/emi20230620t193644p13023-C_l89_sr_LANDSAT_9_20230621T172004Z.tif
emi20230620t193656p13024-E,2023-06-20 19:36:56+00:00,32.33723852252224,-101.70549097748584,/mnt/engg-leung/Research_No9_Methane_Emissions/Yuyao/raw_data_dir_L89_L2SR_by_gee/emi20230620t193656p13024-E_l89_sr_LANDSAT_9_20230621T172004Z.tif
emi20230621t075449p05012-A,2023-06-21 07:54:49+00:00,43.55028269528506,52.39660140524984,/mnt/engg-leung/Research_No9_Methane_Emissions/Yuyao/raw_data_dir_L89_L2SR_by_gee/emi20230621t075449p05012-A_l89_sr_LANDSAT_8_20230622T071756Z.tif
emi20230621t075449p05012-B,2023-06-21 07:54:49+00:00,43.423406570482285,52.408162306658255,/mnt/engg-leung/Research_No9_Methane_Emissions/Yuyao/raw_data_dir_L89_L2SR_by_gee/emi20230621t075449p05012-B_l89_sr_LANDSAT_8_20230622T071756Z.tif
emi20230622t070832p05021-A,2023-06-22 07:08:32+00:00,40.21672427315562,63.4687120032666,/mnt/engg-leung/Research_No9_Methane_Emissions/Yuyao/raw_data_dir_L89_L2SR_by_gee/emi20230622t070832p05021-A_l89_sr_LANDSAT_8_20230623T062307Z.tif
emi20230622t070832p05021-B,2023-06-22 07:08:32+00:00,40.21131913754934,63.50125680378903,/mnt/engg-leung/Research_No9_Methane_Emissions/Yuyao/raw_data_dir_L89_L2SR_by_gee/emi20230622t070832p05021-B_l89_sr_LANDSAT_8_20230623T062307Z.tif
emi20230624t052900p04006-A,2023-06-24 05:29:00+00:00,48.23461496869791,57.348593168972656,/mnt/engg-leung/Research_No9_Methane_Emissions/Yuyao/raw_data_dir_L89_L2SR_by_gee/emi20230624t052900p04006-A_l89_sr_LANDSAT_8_20230624T070401Z.tif
emi20230624t052900p04006-B,2023-06-24 05:29:00+00:00,48.25727693218488,57.24658440571835,/mnt/engg-leung/Research_No9_Methane_Emissions/Yuyao/raw_data_dir_L89_L2SR_by_gee/emi20230624t052900p04006-B_l89_sr_LANDSAT_8_20230624T070401Z.tif
emi20230624t070624p05011-A,2023-06-24 07:06:24+00:00,39.50708226115873,53.59026364658669,/mnt/engg-leung/Research_No9_Methane_Emissions/Yuyao/raw_data_dir_L89_L2SR_by_gee/emi20230624t070624p05011-A_l89_sr_LANDSAT_9_20230625T070026Z.tif
emi20230624t070624p05011-B,2023-06-24 07:06:24+00:00,39.35947208636904,53.76529825567573,/mnt/engg-leung/Research_No9_Methane_Emissions/Yuyao/raw_data_dir_L89_L2SR_by_gee/emi20230624t070624p05011-B_l89_sr_LANDSAT_9_20230625T070026Z.tif
emi20230626t084004p06007-A,2023-06-26 08:40:04+00:00,30.444315068792,30.790593820424675,/mnt/engg-leung/Research_No9_Methane_Emissions/Yuyao/raw_data_dir_L89_L2SR_by_gee/emi20230626t084004p06007-A_l89_sr_LANDSAT_9_20230627T082924Z.tif
emi20230626t101232p07010-A,2023-06-26 10:12:32+00:00,31.77739816521712,5.99645811862672,/mnt/engg-leung/Research_No9_Methane_Emissions/Yuyao/raw_data_dir_L89_L2SR_by_gee/emi20230626t101232p07010-A_l89_sr_LANDSAT_9_20230627T100753Z.tif
emi20230626t101232p07010-B,2023-06-26 10:12:32+00:00,31.73126407106875,6.171980543606651,/mnt/engg-leung/Research_No9_Methane_Emissions/Yuyao/raw_data_dir_L89_L2SR_by_gee/emi20230626t101232p07010-B_l89_sr_LANDSAT_9_20230627T100753Z.tif
emi20230626t101232p07010-C,2023-06-26 10:12:32+00:00,31.78212520833334,6.214864781177823,/mnt/engg-leung/Research_No9_Methane_Emissions/Yuyao/raw_data_dir_L89_L2SR_by_gee/emi20230626t101232p07010-C_l89_sr_LANDSAT_9_20230627T100753Z.tif
emi20230626t101232p07010-D,2023-06-26 10:12:32+00:00,31.694532740975333,5.807846204614463,/mnt/engg-leung/Research_No9_Methane_Emissions/Yuyao/raw_data_dir_L89_L2SR_by_gee/emi20230626t101232p07010-D_l89_sr_LANDSAT_9_20230627T100753Z.tif
emi20230626t101232p07010-E,2023-06-26 10:12:32+00:00,31.670042938081423,5.809518134026888,/mnt/engg-leung/Research_No9_Methane_Emissions/Yuyao/raw_data_dir_L89_L2SR_by_gee/emi20230626t101232p07010-E_l89_sr_LANDSAT_9_20230627T100753Z.tif
emi20230627t044231p03012-A,2023-06-27 04:42:31+00:00,41.09738930891683,69.48350160195133,/mnt/engg-leung/Research_No9_Methane_Emissions/Yuyao/raw_data_dir_L89_L2SR_by_gee/emi20230627t044231p03012-A_l89_sr_LANDSAT_8_20230627T055804Z.tif
emi20230627t170859p11025-A,2023-06-27 17:08:59+00:00,31.42937647910752,-104.719634988228,/mnt/engg-leung/Research_No9_Methane_Emissions/Yuyao/raw_data_dir_L89_L2SR_by_gee/emi20230627t170859p11025-A_l89_sr_LANDSAT_8_20230627T173303Z.tif
emi20230628t053236p04026-B,2023-06-28 05:32:36+00:00,28.05269105603245,69.36797300535761,/mnt/engg-leung/Research_No9_Methane_Emissions/Yuyao/raw_data_dir_L89_L2SR_by_gee/emi20230628t053236p04026-B_l89_sr_LANDSAT_9_20230628T055519Z.tif
emi20230629t013453p01005-B,2023-06-29 01:34:53+00:00,39.319974535926576,109.14646257158807,/mnt/engg-leung/Research_No9_Methane_Emissions/Yuyao/raw_data_dir_L89_L2SR_by_gee/emi20230629t013453p01005-B_l89_sr_LANDSAT_9_20230629T031803Z.tif
emi20230629t013453p01005-C,2023-06-29 01:34:53+00:00,39.07732899906375,109.04136558013728,/mnt/engg-leung/Research_No9_Methane_Emissions/Yuyao/raw_data_dir_L89_L2SR_by_gee/emi20230629t013453p01005-C_l89_sr_LANDSAT_9_20230629T031803Z.tif
emi20230629t044014p03003-A,2023-06-29 04:40:14+00:00,40.0494697084296,61.04530207468199,/mnt/engg-leung/Research_No9_Methane_Emissions/Yuyao/raw_data_dir_L89_L2SR_by_gee/emi20230629t044014p03003-A_l89_sr_LANDSAT_9_20230629T063526Z.tif
emi20230629t092044p06007-A,2023-06-29 09:20:44+00:00,34.89988055604633,-2.401565157079432,/mnt/engg-leung/Research_No9_Methane_Emissions/Yuyao/raw_data_dir_L89_L2SR_by_gee/emi20230629t092044p06007-A_l89_sr_LANDSAT_8_20230629T104423Z.tif
emi20230629t092056p06008-A,2023-06-29 09:20:56+00:00,34.57941173248787,-1.9420750525703736,/mnt/engg-leung/Research_No9_Methane_Emissions/Yuyao/raw_data_dir_L89_L2SR_by_gee/emi20230629t092056p06008-A_l89_sr_LANDSAT_8_20230629T104423Z.tif
emi20230630t161728p11004-C,2023-06-30 16:17:28+00:00,33.082406253712335,-112.28833025218012,/mnt/engg-leung/Research_No9_Methane_Emissions/Yuyao/raw_data_dir_L89_L2SR_by_gee/emi20230630t161728p11004-C_l89_sr_LANDSAT_8_20230630T180336Z.tif
emi20230702t052741p04004-D,2023-07-02 05:27:41+00:00,26.161953156419315,49.87467651820381,/mnt/engg-leung/Research_No9_Methane_Emissions/Yuyao/raw_data_dir_L89_L2SR_by_gee/emi20230702t052741p04004-D_l89_sr_LANDSAT_9_20230702T071022Z.tif
emi20230725t113927p08036-C,2023-07-25 11:39:27+00:00,30.96483125051894,49.59058909150403,/mnt/engg-leung/Research_No9_Methane_Emissions/Yuyao/raw_data_dir_L89_L2SR_by_gee/emi20230725t113927p08036-C_l89_sr_LANDSAT_8_20230726T070928Z.tif
emi20230729t131041p09048-A,2023-07-29 13:10:41+00:00,36.73633874923995,10.07168252912723,/mnt/engg-leung/Research_No9_Methane_Emissions/Yuyao/raw_data_dir_L89_L2SR_by_gee/emi20230729t131041p09048-A_l89_sr_LANDSAT_8_20230730T100034Z.tif
emi20230730t122521p08044-A,2023-07-30 12:25:21+00:00,40.84858723609116,23.07955356790748,/mnt/engg-leung/Research_No9_Methane_Emissions/Yuyao/raw_data_dir_L89_L2SR_by_gee/emi20230730t122521p08044-A_l89_sr_LANDSAT_8_20230731T090410Z.tif
emi20230731t191846p13016-B,2023-07-31 19:18:46+00:00,32.364118424689764,-101.32848092044826,/mnt/engg-leung/Research_No9_Methane_Emissions/Yuyao/raw_data_dir_L89_L2SR_by_gee/emi20230731t191846p13016-B_l89_sr_LANDSAT_9_20230801T171440Z.tif
emi20230731t191846p13016-F,2023-07-31 19:18:46+00:00,32.32463247819639,-101.45695493972802,/mnt/engg-leung/Research_No9_Methane_Emissions/Yuyao/raw_data_dir_L89_L2SR_by_gee/emi20230731t191846p13016-F_l89_sr_LANDSAT_9_20230801T171440Z.tif
emi20230818t083652p06024-A,2023-08-18 08:36:52+00:00,39.23050499212971,65.31608023145765,/mnt/engg-leung/Research_No9_Methane_Emissions/Yuyao/raw_data_dir_L89_L2SR_by_gee/emi20230818t083652p06024-A_l89_sr_LANDSAT_8_20230819T061749Z.tif
emi20230818t083704p06025-A,2023-08-18 08:37:04+00:00,38.52989029012289,65.94141144152428,/mnt/engg-leung/Research_No9_Methane_Emissions/Yuyao/raw_data_dir_L89_L2SR_by_gee/emi20230818t083704p06025-A_l89_sr_LANDSAT_8_20230819T061749Z.tif
emi20230818t083704p06025-B,2023-08-18 08:37:04+00:00,38.52600456861251,65.96092975796947,/mnt/engg-leung/Research_No9_Methane_Emissions/Yuyao/raw_data_dir_L89_L2SR_by_gee/emi20230818t083704p06025-B_l89_sr_LANDSAT_8_20230819T061749Z.tif
emi20230818t083704p06025-C,2023-08-18 08:37:04+00:00,38.52446323684529,65.9073119001659,/mnt/engg-leung/Research_No9_Methane_Emissions/Yuyao/raw_data_dir_L89_L2SR_by_gee/emi20230818t083704p06025-C_l89_sr_LANDSAT_8_20230819T061749Z.tif
emi20230818t083704p06025-D,2023-08-18 08:37:04+00:00,38.51779250329946,65.88670351385502,/mnt/engg-leung/Research_No9_Methane_Emissions/Yuyao/raw_data_dir_L89_L2SR_by_gee/emi20230818t083704p06025-D_l89_sr_LANDSAT_8_20230819T061749Z.tif
emi20230818t083704p06025-E,2023-08-18 08:37:04+00:00,38.484881787273565,65.99019905978804,/mnt/engg-leung/Research_No9_Methane_Emissions/Yuyao/raw_data_dir_L89_L2SR_by_gee/emi20230818t083704p06025-E_l89_sr_LANDSAT_8_20230819T061749Z.tif
emi20230818t083704p06025-F,2023-08-18 08:37:04+00:00,38.474625010274025,65.95765596759261,/mnt/engg-leung/Research_No9_Methane_Emissions/Yuyao/raw_data_dir_L89_L2SR_by_gee/emi20230818t083704p06025-F_l89_sr_LANDSAT_8_20230819T061749Z.tif
emi20230818t083704p06025-G,2023-08-18 08:37:04+00:00,38.56183951410728,65.95110051654109,/mnt/engg-leung/Research_No9_Methane_Emissions/Yuyao/raw_data_dir_L89_L2SR_by_gee/emi20230818t083704p06025-G_l89_sr_LANDSAT_8_20230819T061749Z.tif
emi20230818t083704p06025-H,2023-08-18 08:37:04+00:00,38.49369641263422,66.03393659800358,/mnt/engg-leung/Research_No9_Methane_Emissions/Yuyao/raw_data_dir_L89_L2SR_by_gee/emi20230818t083704p06025-H_l89_sr_LANDSAT_8_20230819T061749Z.tif
emi20230818t083704p06025-I,2023-08-18 08:37:04+00:00,38.516743155445056,66.01519297406955,/mnt/engg-leung/Research_No9_Methane_Emissions/Yuyao/raw_data_dir_L89_L2SR_by_gee/emi20230818t083704p06025-I_l89_sr_LANDSAT_8_20230819T061749Z.tif
emi20230819t110015p07017-A,2023-08-19 11:00:15+00:00,27.27719272095661,38.720742091603086,/mnt/engg-leung/Research_No9_Methane_Emissions/Yuyao/raw_data_dir_L89_L2SR_by_gee/emi20230819t110015p07017-A_l89_sr_LANDSAT_9_20230820T075333Z.tif
emi20230819t122933p08008-A,2023-08-19 12:29:33+00:00,36.72154136767438,3.449527235718364,/mnt/engg-leung/Research_No9_Methane_Emissions/Yuyao/raw_data_dir_L89_L2SR_by_gee/emi20230819t122933p08008-A_l89_sr_LANDSAT_8_20230820T101916Z.tif
emi20230820t065830p05006-A,2023-08-20 06:58:30+00:00,48.233932566689646,57.34936045228929,/mnt/engg-leung/Research_No9_Methane_Emissions/Yuyao/raw_data_dir_L89_L2SR_by_gee/emi20230820t065830p05006-A_l89_sr_LANDSAT_8_20230820T065842Z.tif
emi20230820t065830p05006-B,2023-08-20 06:58:30+00:00,48.25852976766083,57.24574679920167,/mnt/engg-leung/Research_No9_Methane_Emissions/Yuyao/raw_data_dir_L89_L2SR_by_gee/emi20230820t065830p05006-B_l89_sr_LANDSAT_8_20230820T065842Z.tif
emi20230820t065830p05006-C,2023-08-20 06:58:30+00:00,48.293089857155735,57.34398885648957,/mnt/engg-leung/Research_No9_Methane_Emissions/Yuyao/raw_data_dir_L89_L2SR_by_gee/emi20230820t065830p05006-C_l89_sr_LANDSAT_8_20230820T065842Z.tif
emi20230820t131723p09001-A,2023-08-20 13:17:23+00:00,31.910484996335256,-8.079063423555766,/mnt/engg-leung/Research_No9_Methane_Emissions/Yuyao/raw_data_dir_L89_L2SR_by_gee/emi20230820t131723p09001-A_l89_sr_LANDSAT_8_20230821T110407Z.tif
emi20230822t083915p06006-A,2023-08-22 08:39:15+00:00,27.18260832615213,56.07748745417214,/mnt/engg-leung/Research_No9_Methane_Emissions/Yuyao/raw_data_dir_L89_L2SR_by_gee/emi20230822t083915p06006-A_l89_sr_LANDSAT_9_20230823T064537Z.tif
emi20230822t114422p08015-A,2023-08-22 11:44:22+00:00,29.64596239329488,6.961452841426876,/mnt/engg-leung/Research_No9_Methane_Emissions/Yuyao/raw_data_dir_L89_L2SR_by_gee/emi20230822t114422p08015-A_l89_sr_LANDSAT_9_20230823T100236Z.tif
emi20230822t114422p08015-B,2023-08-22 11:44:22+00:00,29.62365744366147,6.960989193665057,/mnt/engg-leung/Research_No9_Methane_Emissions/Yuyao/raw_data_dir_L89_L2SR_by_gee/emi20230822t114422p08015-B_l89_sr_LANDSAT_9_20230823T100236Z.tif
emi20230822t114422p08015-C,2023-08-22 11:44:22+00:00,29.630841599554515,6.767433943517602,/mnt/engg-leung/Research_No9_Methane_Emissions/Yuyao/raw_data_dir_L89_L2SR_by_gee/emi20230822t114422p08015-C_l89_sr_LANDSAT_9_20230823T100236Z.tif
emi20230822t114422p08015-D,2023-08-22 11:44:22+00:00,29.59283448252308,6.751319854531374,/mnt/engg-leung/Research_No9_Methane_Emissions/Yuyao/raw_data_dir_L89_L2SR_by_gee/emi20230822t114422p08015-D_l89_sr_LANDSAT_9_20230823T100236Z.tif
emi20230822t114434p08016-A,2023-08-22 11:44:34+00:00,28.617280119596288,7.703744552116973,/mnt/engg-leung/Research_No9_Methane_Emissions/Yuyao/raw_data_dir_L89_L2SR_by_gee/emi20230822t114434p08016-A_l89_sr_LANDSAT_9_20230823T100300Z.tif
emi20230822t114434p08016-B,2023-08-22 11:44:34+00:00,28.63753202896281,7.61580788819424,/mnt/engg-leung/Research_No9_Methane_Emissions/Yuyao/raw_data_dir_L89_L2SR_by_gee/emi20230822t114434p08016-B_l89_sr_LANDSAT_9_20230823T100300Z.tif
emi20230823t091747p06002-B,2023-08-23 09:17:47+00:00,45.24195173053644,12.032177102726934,/mnt/engg-leung/Research_No9_Methane_Emissions/Yuyao/raw_data_dir_L89_L2SR_by_gee/emi20230823t091747p06002-B_l89_sr_LANDSAT_9_20230823T095813Z.tif
emi20230823t091747p06002-C,2023-08-23 09:17:47+00:00,45.23302729094786,11.620478221768252,/mnt/engg-leung/Research_No9_Methane_Emissions/Yuyao/raw_data_dir_L89_L2SR_by_gee/emi20230823t091747p06002-C_l89_sr_LANDSAT_9_20230823T095813Z.tif
emi20230823t092349p06005-A,2023-08-23 09:23:49+00:00,31.31728580232233,34.738299317112535,/mnt/engg-leung/Research_No9_Methane_Emissions/Yuyao/raw_data_dir_L89_L2SR_by_gee/emi20230823t092349p06005-A_l89_sr_LANDSAT_8_20230824T081716Z.tif
emi20230823t092349p06005-C,2023-08-23 09:23:49+00:00,31.322995644016032,34.74507156002514,/mnt/engg-leung/Research_No9_Methane_Emissions/Yuyao/raw_data_dir_L89_L2SR_by_gee/emi20230823t092349p06005-C_l89_sr_LANDSAT_8_20230824T081716Z.tif
emi20230825t043906p03004-A,2023-08-25 04:39:06+00:00,43.24011158567697,76.56809793261647,/mnt/engg-leung/Research_No9_Methane_Emissions/Yuyao/raw_data_dir_L89_L2SR_by_gee/emi20230825t043906p03004-A_l89_sr_LANDSAT_8_20230825T053935Z.tif
emi20230825t061412p04013-C,2023-08-25 06:14:12+00:00,38.41325364739652,61.65626505399641,/mnt/engg-leung/Research_No9_Methane_Emissions/Yuyao/raw_data_dir_L89_L2SR_by_gee/emi20230825t061412p04013-C_l89_sr_LANDSAT_9_20230825T063006Z.tif
emi20230825t075005p05017-B,2023-08-25 07:50:05+00:00,30.21282272239793,47.81797516265166,/mnt/engg-leung/Research_No9_Methane_Emissions/Yuyao/raw_data_dir_L89_L2SR_by_gee/emi20230825t075005p05017-B_l89_sr_LANDSAT_9_20230826T071546Z.tif
emi20230901t035204p03014-A,2023-09-01 03:52:04+00:00,27.96590777251152,69.80801517484525,/mnt/engg-leung/Research_No9_Methane_Emissions/Yuyao/raw_data_dir_L89_L2SR_by_gee/emi20230901t035204p03014-A_l89_sr_LANDSAT_8_20230901T054944Z.tif
emi20230903t052658p04008-A,2023-09-03 05:26:58+00:00,15.564069344328216,45.79942270129348,/mnt/engg-leung/Research_No9_Methane_Emissions/Yuyao/raw_data_dir_L89_L2SR_by_gee/emi20230903t052658p04008-A_l89_sr_LANDSAT_8_20230903T071950Z.tif
emi20230903t084513p06036-A,2023-09-03 08:45:13+00:00,-22.53261183092914,26.99343525717757,/mnt/engg-leung/Research_No9_Methane_Emissions/Yuyao/raw_data_dir_L89_L2SR_by_gee/emi20230903t084513p06036-A_l89_sr_LANDSAT_8_20230904T081328Z.tif
emi20230921t074856p05002-C,2023-09-21 07:48:56+00:00,22.421047080502177,113.93333537476012,/mnt/engg-leung/Research_No9_Methane_Emissions/Yuyao/raw_data_dir_L89_L2SR_by_gee/emi20230921t074856p05002-C_l89_sr_LANDSAT_8_20230922T025234Z.tif
emi20230924t131430p09034-A,2023-09-24 13:14:30+00:00,28.921395244301124,19.779714985302235,/mnt/engg-leung/Research_No9_Methane_Emissions/Yuyao/raw_data_dir_L89_L2SR_by_gee/emi20230924t131430p09034-A_l89_sr_LANDSAT_9_20230925T090732Z.tif
emi20230925t105811p07042-A,2023-09-25 10:58:11+00:00,37.47565388997724,61.028265158991815,/mnt/engg-leung/Research_No9_Methane_Emissions/Yuyao/raw_data_dir_L89_L2SR_by_gee/emi20230925t105811p07042-A_l89_sr_LANDSAT_9_20230926T063038Z.tif
emi20230925t105823p07043-A,2023-09-25 10:58:23+00:00,38.42311408523423,61.66265760902144,/mnt/engg-leung/Research_No9_Methane_Emissions/Yuyao/raw_data_dir_L89_L2SR_by_gee/emi20230925t105823p07043-A_l89_sr_LANDSAT_9_20230926T063014Z.tif
emi20230925t105846p07045-A,2023-09-25 10:58:46+00:00,39.15308625253349,63.24732007757183,/mnt/engg-leung/Research_No9_Methane_Emissions/Yuyao/raw_data_dir_L89_L2SR_by_gee/emi20230925t105846p07045-A_l89_sr_LANDSAT_9_20230926T063014Z.tif
emi20230926t114143p08041-A,2023-09-26 11:41:43+00:00,32.512833032757285,36.11585638495691,/mnt/engg-leung/Research_No9_Methane_Emissions/Yuyao/raw_data_dir_L89_L2SR_by_gee/emi20230926t114143p08041-A_l89_sr_LANDSAT_8_20230927T080438Z.tif
emi20230926t114143p08041-B,2023-09-26 11:41:43+00:00,31.93003922635991,36.193663023197104,/mnt/engg-leung/Research_No9_Methane_Emissions/Yuyao/raw_data_dir_L89_L2SR_by_gee/emi20230926t114143p08041-B_l89_sr_LANDSAT_8_20230927T080502Z.tif
emi20230926t223356p15002-A,2023-09-26 22:33:56+00:00,38.31091422059586,-121.82854525418568,/mnt/engg-leung/Research_No9_Methane_Emissions/Yuyao/raw_data_dir_L89_L2SR_by_gee/emi20230926t223356p15002-A_l89_sr_LANDSAT_9_20230927T184540Z.tif
emi20230928t083655p06026-A,2023-09-28 08:36:55+00:00,38.747352165939816,80.0543763827954,/mnt/engg-leung/Research_No9_Methane_Emissions/Yuyao/raw_data_dir_L89_L2SR_by_gee/emi20230928t083655p06026-A_l89_sr_LANDSAT_9_20230929T052215Z.tif
emi20231003t060928p04006-A,2023-10-03 06:09:28+00:00,25.902962974067748,71.57261080940083,/mnt/engg-leung/Research_No9_Methane_Emissions/Yuyao/raw_data_dir_L89_L2SR_by_gee/emi20231003t060928p04006-A_l89_sr_LANDSAT_9_20231004T054428Z.tif
emi20231003t060928p04006-B,2023-10-03 06:09:28+00:00,25.907044531107047,71.56933035718632,/mnt/engg-leung/Research_No9_Methane_Emissions/Yuyao/raw_data_dir_L89_L2SR_by_gee/emi20231003t060928p04006-B_l89_sr_LANDSAT_9_20231004T054428Z.tif
emi20231003t074203p05022-A,2023-10-03 07:42:03+00:00,24.61727609904065,46.89277714853537,/mnt/engg-leung/Research_No9_Methane_Emissions/Yuyao/raw_data_dir_L89_L2SR_by_gee/emi20231003t074203p05022-A_l89_sr_LANDSAT_9_20231004T072345Z.tif
emi20231003t074641p05041-A,2023-10-03 07:46:41+00:00,37.47798265877896,61.028313183564734,/mnt/engg-leung/Research_No9_Methane_Emissions/Yuyao/raw_data_dir_L89_L2SR_by_gee/emi20231003t074641p05041-A_l89_sr_LANDSAT_8_20231004T063044Z.tif
emi20231003t074704p05043-A,2023-10-03 07:47:04+00:00,38.55535122513325,62.74808221588046,/mnt/engg-leung/Research_No9_Methane_Emissions/Yuyao/raw_data_dir_L89_L2SR_by_gee/emi20231003t074704p05043-A_l89_sr_LANDSAT_8_20231004T063020Z.tif
emi20231003t074704p05043-B,2023-10-03 07:47:04+00:00,38.56824248128689,62.84447358598692,/mnt/engg-leung/Research_No9_Methane_Emissions/Yuyao/raw_data_dir_L89_L2SR_by_gee/emi20231003t074704p05043-B_l89_sr_LANDSAT_8_20231004T063020Z.tif
emi20231003t074704p05043-C,2023-10-03 07:47:04+00:00,38.54621287800771,62.85259468480686,/mnt/engg-leung/Research_No9_Methane_Emissions/Yuyao/raw_data_dir_L89_L2SR_by_gee/emi20231003t074704p05043-C_l89_sr_LANDSAT_8_20231004T063020Z.tif
emi20231003t074704p05043-D,2023-10-03 07:47:04+00:00,38.57118715476918,62.799456783799286,/mnt/engg-leung/Research_No9_Methane_Emissions/Yuyao/raw_data_dir_L89_L2SR_by_gee/emi20231003t074704p05043-D_l89_sr_LANDSAT_8_20231004T063020Z.tif
emi20231003t074704p05043-E,2023-10-03 07:47:04+00:00,38.5697903703454,62.76329933977249,/mnt/engg-leung/Research_No9_Methane_Emissions/Yuyao/raw_data_dir_L89_L2SR_by_gee/emi20231003t074704p05043-E_l89_sr_LANDSAT_8_20231004T063020Z.tif
emi20231003t074704p05043-F,2023-10-03 07:47:04+00:00,38.57817719038087,62.733956878498674,/mnt/engg-leung/Research_No9_Methane_Emissions/Yuyao/raw_data_dir_L89_L2SR_by_gee/emi20231003t074704p05043-F_l89_sr_LANDSAT_8_20231004T063020Z.tif
emi20231003t074704p05043-G,2023-10-03 07:47:04+00:00,38.60038476648978,62.71013113420375,/mnt/engg-leung/Research_No9_Methane_Emissions/Yuyao/raw_data_dir_L89_L2SR_by_gee/emi20231003t074704p05043-G_l89_sr_LANDSAT_8_20231004T063020Z.tif
emi20231003t074704p05043-H,2023-10-03 07:47:04+00:00,38.55592082419244,62.76480877760892,/mnt/engg-leung/Research_No9_Methane_Emissions/Yuyao/raw_data_dir_L89_L2SR_by_gee/emi20231003t074704p05043-H_l89_sr_LANDSAT_8_20231004T063020Z.tif
emi20231003t074704p05043-I,2023-10-03 07:47:04+00:00,38.26674042161912,62.61472252646561,/mnt/engg-leung/Research_No9_Methane_Emissions/Yuyao/raw_data_dir_L89_L2SR_by_gee/emi20231003t074704p05043-I_l89_sr_LANDSAT_8_20231004T063020Z.tif
emi20231003t074716p05044-A,2023-10-03 07:47:16+00:00,38.843769980519,62.83915669760057,/mnt/engg-leung/Research_No9_Methane_Emissions/Yuyao/raw_data_dir_L89_L2SR_by_gee/emi20231003t074716p05044-A_l89_sr_LANDSAT_8_20231004T063020Z.tif
emi20231004t192230p13004-A,2023-10-04 19:22:30+00:00,37.877946206726975,-121.189755173881,/mnt/engg-leung/Research_No9_Methane_Emissions/Yuyao/raw_data_dir_L89_L2SR_by_gee/emi20231004t192230p13004-A_l89_sr_LANDSAT_8_20231005T184547Z.tif
emi20231005t092154p06043-A,2023-10-05 09:21:54+00:00,45.287982194383545,41.75863201917042,/mnt/engg-leung/Research_No9_Methane_Emissions/Yuyao/raw_data_dir_L89_L2SR_by_gee/emi20231005t092154p06043-A_l89_sr_LANDSAT_8_20231006T075452Z.tif
emi20231007t060739p04016-A,2023-10-07 06:07:39+00:00,28.781618106106563,51.86716615930146,/mnt/engg-leung/Research_No9_Methane_Emissions/Yuyao/raw_data_dir_L89_L2SR_by_gee/emi20231007t060739p04016-A_l89_sr_LANDSAT_8_20231007T070402Z.tif
emi20231007t060739p04016-B,2023-10-07 06:07:39+00:00,29.51073155833528,51.68660948535941,/mnt/engg-leung/Research_No9_Methane_Emissions/Yuyao/raw_data_dir_L89_L2SR_by_gee/emi20231007t060739p04016-B_l89_sr_LANDSAT_8_20231007T070338Z.tif
emi20231007t152631p10005-C,2023-10-07 15:26:31+00:00,34.136788937203264,-84.04107395154844,/mnt/engg-leung/Research_No9_Methane_Emissions/Yuyao/raw_data_dir_L89_L2SR_by_gee/emi20231007t152631p10005-C_l89_sr_LANDSAT_9_20231007T160618Z.tif
emi20231010t052236p04020-A,2023-10-10 05:22:36+00:00,39.67557409422952,60.19633164679325,/mnt/engg-leung/Research_No9_Methane_Emissions/Yuyao/raw_data_dir_L89_L2SR_by_gee/emi20231010t052236p04020-A_l89_sr_LANDSAT_9_20231010T064245Z.tif
emi20231010t052236p04020-B,2023-10-10 05:22:36+00:00,39.6608917852206,60.18329629350612,/mnt/engg-leung/Research_No9_Methane_Emissions/Yuyao/raw_data_dir_L89_L2SR_by_gee/emi20231010t052236p04020-B_l89_sr_LANDSAT_9_20231010T064245Z.tif
emi20231010t052236p04020-C,2023-10-10 05:22:36+00:00,39.668323531882834,60.204853074054114,/mnt/engg-leung/Research_No9_Methane_Emissions/Yuyao/raw_data_dir_L89_L2SR_by_gee/emi20231010t052236p04020-C_l89_sr_LANDSAT_9_20231010T064245Z.tif
emi20231011t013158p01006-A,2023-10-11 01:31:58+00:00,44.63864984110759,124.014431743964,/mnt/engg-leung/Research_No9_Methane_Emissions/Yuyao/raw_data_dir_L89_L2SR_by_gee/emi20231011t013158p01006-A_l89_sr_LANDSAT_9_20231011T022746Z.tif
emi20231016t210605p14026-C,2023-10-16 21:06:05+00:00,31.428933370718468,-104.7195484387765,/mnt/engg-leung/Research_No9_Methane_Emissions/Yuyao/raw_data_dir_L89_L2SR_by_gee/emi20231016t210605p14026-C_l89_sr_LANDSAT_8_20231017T173339Z.tif
emi20231018t083730p06017-A,2023-10-18 08:37:30+00:00,40.048521771844406,61.04583003793783,/mnt/engg-leung/Research_No9_Methane_Emissions/Yuyao/raw_data_dir_L89_L2SR_by_gee/emi20231018t083730p06017-A_l89_sr_LANDSAT_9_20231019T063615Z.tif
emi20231018t083730p06017-B,2023-10-18 08:37:30+00:00,40.00948454040184,60.94216965288615,/mnt/engg-leung/Research_No9_Methane_Emissions/Yuyao/raw_data_dir_L89_L2SR_by_gee/emi20231018t083730p06017-B_l89_sr_LANDSAT_9_20231019T063615Z.tif
emi20231020t101151p07011-A,2023-10-20 10:11:51+00:00,32.51501251358596,36.11234547411459,/mnt/engg-leung/Research_No9_Methane_Emissions/Yuyao/raw_data_dir_L89_L2SR_by_gee/emi20231020t101151p07011-A_l89_sr_LANDSAT_9_20231021T080446Z.tif
emi20231020t145654p10003-A,2023-10-20 14:56:54+00:00,14.801681877332186,-17.3121229749068,/mnt/engg-leung/Research_No9_Methane_Emissions/Yuyao/raw_data_dir_L89_L2SR_by_gee/emi20231020t145654p10003-A_l89_sr_LANDSAT_9_20231021T112743Z.tif
emi20231021t092353p06007-A,2023-10-21 09:23:53+00:00,35.37102456151251,38.6140805165839,/mnt/engg-leung/Research_No9_Methane_Emissions/Yuyao/raw_data_dir_L89_L2SR_by_gee/emi20231021t092353p06007-A_l89_sr_LANDSAT_8_20231022T075742Z.tif
emi20231021t092353p06007-B,2023-10-21 09:23:53+00:00,35.3661651314999,38.6186775391254,/mnt/engg-leung/Research_No9_Methane_Emissions/Yuyao/raw_data_dir_L89_L2SR_by_gee/emi20231021t092353p06007-B_l89_sr_LANDSAT_8_20231022T075742Z.tif
emi20231022t083927p06016-A,2023-10-22 08:39:27+00:00,28.68429351159729,52.42478270358231,/mnt/engg-leung/Research_No9_Methane_Emissions/Yuyao/raw_data_dir_L89_L2SR_by_gee/emi20231022t083927p06016-A_l89_sr_LANDSAT_8_20231023T070405Z.tif
emi20231022t101151p07011-A,2023-10-22 10:11:51+00:00,29.83833211768963,27.944004814988944,/mnt/engg-leung/Research_No9_Methane_Emissions/Yuyao/raw_data_dir_L89_L2SR_by_gee/emi20231022t101151p07011-A_l89_sr_LANDSAT_8_20231023T084234Z.tif
emi20231022t175154p12005-A,2023-10-22 17:51:54+00:00,40.43579908070555,-104.5832192319946,/mnt/engg-leung/Research_No9_Methane_Emissions/Yuyao/raw_data_dir_L89_L2SR_by_gee/emi20231022t175154p12005-A_l89_sr_LANDSAT_9_20231023T174343Z.tif
emi20231028t070104p05003-A,2023-10-28 07:01:04+00:00,33.79779877224097,35.91517267409219,/mnt/engg-leung/Research_No9_Methane_Emissions/Yuyao/raw_data_dir_L89_L2SR_by_gee/emi20231028t070104p05003-A_l89_sr_LANDSAT_9_20231028T081030Z.tif
emi20231028t070116p05004-A,2023-10-28 07:01:16+00:00,33.32876691775469,36.44436093841006,/mnt/engg-leung/Research_No9_Methane_Emissions/Yuyao/raw_data_dir_L89_L2SR_by_gee/emi20231028t070116p05004-A_l89_sr_LANDSAT_9_20231028T081054Z.tif
emi20231028t114616p08003-A,2023-10-28 11:46:16+00:00,14.8004607123151,-17.31171226422049,/mnt/engg-leung/Research_No9_Methane_Emissions/Yuyao/raw_data_dir_L89_L2SR_by_gee/emi20231028t114616p08003-A_l89_sr_LANDSAT_8_20231029T112741Z.tif
emi20231126t131420p09034-A,2023-11-26 13:14:20+00:00,29.624493318431945,6.960806835310223,/mnt/engg-leung/Research_No9_Methane_Emissions/Yuyao/raw_data_dir_L89_L2SR_by_gee/emi20231126t131420p09034-A_l89_sr_LANDSAT_9_20231127T100303Z.tif
emi20231127t201249p13015-C,2023-11-27 20:12:49+00:00,33.23573871786779,-100.871937574744,/mnt/engg-leung/Research_No9_Methane_Emissions/Yuyao/raw_data_dir_L89_L2SR_by_gee/emi20231127t201249p13015-C_l89_sr_LANDSAT_9_20231128T172103Z.tif
emi20231129t091936p06030-A,2023-11-29 09:19:36+00:00,29.161604850846487,47.92082730822855,/mnt/engg-leung/Research_No9_Methane_Emissions/Yuyao/raw_data_dir_L89_L2SR_by_gee/emi20231129t091936p06030-A_l89_sr_LANDSAT_9_20231130T071635Z.tif
emi20231129t092012p06033-A,2023-11-29 09:20:12+00:00,30.58627430876102,49.92011407766046,/mnt/engg-leung/Research_No9_Methane_Emissions/Yuyao/raw_data_dir_L89_L2SR_by_gee/emi20231129t092012p06033-A_l89_sr_LANDSAT_9_20231130T071611Z.tif
emi20231129t092012p06033-B,2023-11-29 09:20:12+00:00,30.8204454009023,49.78691657007866,/mnt/engg-leung/Research_No9_Methane_Emissions/Yuyao/raw_data_dir_L89_L2SR_by_gee/emi20231129t092012p06033-B_l89_sr_LANDSAT_9_20231130T071547Z.tif
emi20231129t092012p06033-C,2023-11-29 09:20:12+00:00,30.36134479488757,49.8812485255651,/mnt/engg-leung/Research_No9_Methane_Emissions/Yuyao/raw_data_dir_L89_L2SR_by_gee/emi20231129t092012p06033-C_l89_sr_LANDSAT_9_20231130T071611Z.tif
emi20231129t092012p06033-D,2023-11-29 09:20:12+00:00,30.76275612626489,49.98397020999826,/mnt/engg-leung/Research_No9_Methane_Emissions/Yuyao/raw_data_dir_L89_L2SR_by_gee/emi20231129t092012p06033-D_l89_sr_LANDSAT_9_20231130T071547Z.tif
emi20231129t092024p06034-A,2023-11-29 09:20:24+00:00,30.995311879972192,49.94935202217621,/mnt/engg-leung/Research_No9_Methane_Emissions/Yuyao/raw_data_dir_L89_L2SR_by_gee/emi20231129t092024p06034-A_l89_sr_LANDSAT_9_20231130T071547Z.tif
emi20231130t100736p07048-A,2023-11-30 10:07:36+00:00,35.37051549833505,38.61398177576808,/mnt/engg-leung/Research_No9_Methane_Emissions/Yuyao/raw_data_dir_L89_L2SR_by_gee/emi20231130t100736p07048-A_l89_sr_LANDSAT_9_20231201T075750Z.tif
emi20231203t044030p03013-A,2023-12-03 04:40:30+00:00,37.1782622557035,106.75151567338897,/mnt/engg-leung/Research_No9_Methane_Emissions/Yuyao/raw_data_dir_L89_L2SR_by_gee/emi20231203t044030p03013-A_l89_sr_LANDSAT_9_20231204T033140Z.tif
emi20231205t060547p04023-A,2023-12-05 06:05:47+00:00,22.87381874166438,55.6124883070296,/mnt/engg-leung/Research_No9_Methane_Emissions/Yuyao/raw_data_dir_L89_L2SR_by_gee/emi20231205t060547p04023-A_l89_sr_LANDSAT_8_20231205T064705Z.tif
emi20231205t060547p04023-B,2023-12-05 06:05:47+00:00,23.18909430189745,55.462933980557295,/mnt/engg-leung/Research_No9_Methane_Emissions/Yuyao/raw_data_dir_L89_L2SR_by_gee/emi20231205t060547p04023-B_l89_sr_LANDSAT_8_20231205T064705Z.tif
emi20231220t083556p06002-A,2023-12-20 08:35:56+00:00,25.029473104618447,67.03201751160742,/mnt/engg-leung/Research_No9_Methane_Emissions/Yuyao/raw_data_dir_L89_L2SR_by_gee/emi20231220t083556p06002-A_l89_sr_LANDSAT_9_20231221T055728Z.tif
emi20231223t123006p08006-A,2023-12-23 12:30:06+00:00,5.650495664201472,6.561764041766679,/mnt/engg-leung/Research_No9_Methane_Emissions/Yuyao/raw_data_dir_L89_L2SR_by_gee/emi20231223t123006p08006-A_l89_sr_LANDSAT_9_20231224T095119Z.tif
emi20231224t070006p05005-A,2023-12-24 07:00:06+00:00,19.073687620658973,73.02352432817852,/mnt/engg-leung/Research_No9_Methane_Emissions/Yuyao/raw_data_dir_L89_L2SR_by_gee/emi20231224t070006p05005-A_l89_sr_LANDSAT_9_20231225T053420Z.tif
emi20231224t100100p07003-B,2023-12-24 10:01:00+00:00,32.602566677042944,13.350858520569062,/mnt/engg-leung/Research_No9_Methane_Emissions/Yuyao/raw_data_dir_L89_L2SR_by_gee/emi20231224t100100p07003-B_l89_sr_LANDSAT_8_20231225T093726Z.tif
emi20231226t065450p05004-A,2023-12-26 06:54:50+00:00,30.06357899951256,51.54419950035973,/mnt/engg-leung/Research_No9_Methane_Emissions/Yuyao/raw_data_dir_L89_L2SR_by_gee/emi20231226t065450p05004-A_l89_sr_LANDSAT_8_20231226T070343Z.tif
emi20231226t065514p05006-A,2023-12-26 06:55:14+00:00,29.42510379088796,52.70293097238832,/mnt/engg-leung/Research_No9_Methane_Emissions/Yuyao/raw_data_dir_L89_L2SR_by_gee/emi20231226t065514p05006-A_l89_sr_LANDSAT_8_20231226T070343Z.tif
emi20240124t143039p10001-A,2024-01-24 14:30:39+00:00,14.801963635548006,-17.309841127270545,/mnt/engg-leung/Research_No9_Methane_Emissions/Yuyao/raw_data_dir_L89_L2SR_by_gee/emi20240124t143039p10001-A_l89_sr_LANDSAT_9_20240125T112741Z.tif
emi20240127t132540p08023-A,2024-01-27 13:25:40+00:00,-32.81084260418228,-60.76636583721435,/mnt/engg-leung/Research_No9_Methane_Emissions/Yuyao/raw_data_dir_L89_L2SR_by_gee/emi20240127t132540p08023-A_l89_sr_LANDSAT_8_20240127T135636Z.tif
emi20240129t150516p09007-A,2024-01-29 15:05:16+00:00,-11.927509272392356,-77.12120826884865,/mnt/engg-leung/Research_No9_Methane_Emissions/Yuyao/raw_data_dir_L89_L2SR_by_gee/emi20240129t150516p09007-A_l89_sr_LANDSAT_8_20240129T151710Z.tif
emi20240129t150516p09007-B,2024-01-29 15:05:16+00:00,-11.814463235747084,-77.06582537745561,/mnt/engg-leung/Research_No9_Methane_Emissions/Yuyao/raw_data_dir_L89_L2SR_by_gee/emi20240129t150516p09007-B_l89_sr_LANDSAT_8_20240129T151710Z.tif
emi20240130t112610p08006-A,2024-01-30 11:26:10+00:00,28.600979540509528,7.258244091190676,/mnt/engg-leung/Research_No9_Methane_Emissions/Yuyao/raw_data_dir_L89_L2SR_by_gee/emi20240130t112610p08006-A_l89_sr_LANDSAT_8_20240131T095701Z.tif
emi20240130t112621p08007-A,2024-01-30 11:26:21+00:00,28.65148310580986,7.681991113365257,/mnt/engg-leung/Research_No9_Methane_Emissions/Yuyao/raw_data_dir_L89_L2SR_by_gee/emi20240130t112621p08007-A_l89_sr_LANDSAT_8_20240131T095701Z.tif
emi20240130t112621p08007-B,2024-01-30 11:26:21+00:00,28.61961475393736,7.708793559596643,/mnt/engg-leung/Research_No9_Methane_Emissions/Yuyao/raw_data_dir_L89_L2SR_by_gee/emi20240130t112621p08007-B_l89_sr_LANDSAT_8_20240131T095701Z.tif
emi20240201t173643p12006-A,2024-02-01 17:36:43+00:00,28.188686819862667,-99.16965131438,/mnt/engg-leung/Research_No9_Methane_Emissions/Yuyao/raw_data_dir_L89_L2SR_by_gee/emi20240201t173643p12006-A_l89_sr_LANDSAT_9_20240202T171017Z.tif
emi20240201t173643p12006-B,2024-02-01 17:36:43+00:00,28.18722228458914,-99.1641439143348,/mnt/engg-leung/Research_No9_Methane_Emissions/Yuyao/raw_data_dir_L89_L2SR_by_gee/emi20240201t173643p12006-B_l89_sr_LANDSAT_9_20240202T171017Z.tif
emi20240201t173643p12006-D,2024-02-01 17:36:43+00:00,27.978850466093743,-99.51506349895143,/mnt/engg-leung/Research_No9_Methane_Emissions/Yuyao/raw_data_dir_L89_L2SR_by_gee/emi20240201t173643p12006-D_l89_sr_LANDSAT_9_20240202T171017Z.tif
emi20240214t105844p07029-B,2024-02-14 10:58:44+00:00,27.1825326905645,56.07841927096027,/mnt/engg-leung/Research_No9_Methane_Emissions/Yuyao/raw_data_dir_L89_L2SR_by_gee/emi20240214t105844p07029-B_l89_sr_LANDSAT_9_20240215T064601Z.tif
emi20240214t140400p09023-A,2024-02-14 14:04:00+00:00,28.61531174409464,7.709833992933738,/mnt/engg-leung/Research_No9_Methane_Emissions/Yuyao/raw_data_dir_L89_L2SR_by_gee/emi20240214t140400p09023-A_l89_sr_LANDSAT_9_20240215T100323Z.tif
emi20240214t140400p09023-B,2024-02-14 14:04:00+00:00,28.63752983616439,7.615146995742408,/mnt/engg-leung/Research_No9_Methane_Emissions/Yuyao/raw_data_dir_L89_L2SR_by_gee/emi20240214t140400p09023-B_l89_sr_LANDSAT_9_20240215T100323Z.tif
emi20240216t075630p05016-A,2024-02-16 07:56:30+00:00,11.48730472410675,104.88189787883248,/mnt/engg-leung/Research_No9_Methane_Emissions/Yuyao/raw_data_dir_L89_L2SR_by_gee/emi20240216t075630p05016-A_l89_sr_LANDSAT_9_20240217T032014Z.tif
emi20240216t092853p06012-A,2024-02-16 09:28:53+00:00,12.950450545926358,80.22381434328508,/mnt/engg-leung/Research_No9_Methane_Emissions/Yuyao/raw_data_dir_L89_L2SR_by_gee/emi20240216t092853p06012-A_l89_sr_LANDSAT_9_20240217T045843Z.tif
emi20240216t092853p06012-C,2024-02-16 09:28:53+00:00,13.134174788610196,80.26513036663005,/mnt/engg-leung/Research_No9_Methane_Emissions/Yuyao/raw_data_dir_L89_L2SR_by_gee/emi20240216t092853p06012-C_l89_sr_LANDSAT_9_20240217T045843Z.tif
emi20240216t105741p07006-A,2024-02-16 10:57:41+00:00,24.61704969889975,46.89157152689262,/mnt/engg-leung/Research_No9_Methane_Emissions/Yuyao/raw_data_dir_L89_L2SR_by_gee/emi20240216t105741p07006-A_l89_sr_LANDSAT_8_20240217T072343Z.tif
emi20240217t113803p08002-A,2024-02-17 11:38:03+00:00,38.14828200748676,13.277040899725108,/mnt/engg-leung/Research_No9_Methane_Emissions/Yuyao/raw_data_dir_L89_L2SR_by_gee/emi20240217t113803p08002-A_l89_sr_LANDSAT_8_20240218T094153Z.tif
emi20240224t165801p11015-A,2024-02-24 16:58:01+00:00,32.51460841702537,-101.52274592563003,/mnt/engg-leung/Research_No9_Methane_Emissions/Yuyao/raw_data_dir_L89_L2SR_by_gee/emi20240224t165801p11015-A_l89_sr_LANDSAT_8_20240224T172047Z.tif
emi20240225t021326p02004-A,2024-02-25 02:13:26+00:00,37.48335079500981,110.85162698319868,/mnt/engg-leung/Research_No9_Methane_Emissions/Yuyao/raw_data_dir_L89_L2SR_by_gee/emi20240225t021326p02004-A_l89_sr_LANDSAT_8_20240225T031253Z.tif
emi20240225t021326p02004-B,2024-02-25 02:13:26+00:00,37.47015027141575,110.83102143713536,/mnt/engg-leung/Research_No9_Methane_Emissions/Yuyao/raw_data_dir_L89_L2SR_by_gee/emi20240225t021326p02004-B_l89_sr_LANDSAT_8_20240225T031253Z.tif
emi20240225t021326p02004-C,2024-02-25 02:13:26+00:00,37.344597819306856,110.96717806532706,/mnt/engg-leung/Research_No9_Methane_Emissions/Yuyao/raw_data_dir_L89_L2SR_by_gee/emi20240225t021326p02004-C_l89_sr_LANDSAT_8_20240225T031253Z.tif
emi20240225t021326p02004-D,2024-02-25 02:13:26+00:00,37.46060394332397,111.14663818167104,/mnt/engg-leung/Research_No9_Methane_Emissions/Yuyao/raw_data_dir_L89_L2SR_by_gee/emi20240225t021326p02004-D_l89_sr_LANDSAT_8_20240225T031253Z.tif
emi20240225t021326p02004-E,2024-02-25 02:13:26+00:00,37.37667263063884,110.92193017054274,/mnt/engg-leung/Research_No9_Methane_Emissions/Yuyao/raw_data_dir_L89_L2SR_by_gee/emi20240225t021326p02004-E_l89_sr_LANDSAT_8_20240225T031253Z.tif
emi20240225t021326p02004-F,2024-02-25 02:13:26+00:00,37.44805429032333,111.10869894060733,/mnt/engg-leung/Research_No9_Methane_Emissions/Yuyao/raw_data_dir_L89_L2SR_by_gee/emi20240225t021326p02004-F_l89_sr_LANDSAT_8_20240225T031253Z.tif
emi20240225t021326p02004-G,2024-02-25 02:13:26+00:00,37.44686215590778,111.16145682060228,/mnt/engg-leung/Research_No9_Methane_Emissions/Yuyao/raw_data_dir_L89_L2SR_by_gee/emi20240225t021326p02004-G_l89_sr_LANDSAT_8_20240225T031253Z.tif
emi20240225t021326p02004-H,2024-02-25 02:13:26+00:00,37.4360513568855,110.84237587360832,/mnt/engg-leung/Research_No9_Methane_Emissions/Yuyao/raw_data_dir_L89_L2SR_by_gee/emi20240225t021326p02004-H_l89_sr_LANDSAT_8_20240225T031253Z.tif
emi20240225t021326p02004-J,2024-02-25 02:13:26+00:00,37.527960724505576,110.80593739180996,/mnt/engg-leung/Research_No9_Methane_Emissions/Yuyao/raw_data_dir_L89_L2SR_by_gee/emi20240225t021326p02004-J_l89_sr_LANDSAT_8_20240225T031253Z.tif
emi20240225t021326p02004-K,2024-02-25 02:13:26+00:00,37.52738929211961,110.80232354406552,/mnt/engg-leung/Research_No9_Methane_Emissions/Yuyao/raw_data_dir_L89_L2SR_by_gee/emi20240225t021326p02004-K_l89_sr_LANDSAT_8_20240225T031253Z.tif
emi20240225t021338p02005-C,2024-02-25 02:13:38+00:00,36.981014754717336,111.70118718258828,/mnt/engg-leung/Research_No9_Methane_Emissions/Yuyao/raw_data_dir_L89_L2SR_by_gee/emi20240225t021338p02005-C_l89_sr_LANDSAT_8_20240225T031253Z.tif
emi20240226t170104p11013-A,2024-02-26 17:01:04+00:00,21.96925076008704,-102.20831872146702,/mnt/engg-leung/Research_No9_Methane_Emissions/Yuyao/raw_data_dir_L89_L2SR_by_gee/emi20240226t170104p11013-A_l89_sr_LANDSAT_8_20240226T171135Z.tif
emi20240226t170116p11014-A,2024-02-26 17:01:16+00:00,21.18049216060901,-101.78001228290036,/mnt/engg-leung/Research_No9_Methane_Emissions/Yuyao/raw_data_dir_L89_L2SR_by_gee/emi20240226t170116p11014-A_l89_sr_LANDSAT_8_20240226T171135Z.tif
emi20240302t163257p11009-A,2024-03-02 16:32:57+00:00,-38.19446580899126,-68.11384532914016,/mnt/engg-leung/Research_No9_Methane_Emissions/Yuyao/raw_data_dir_L89_L2SR_by_gee/emi20240302t163257p11009-A_l89_sr_LANDSAT_9_20240303T142241Z.tif
emi20240316t181742p11005-A,2024-03-16 18:17:42+00:00,-37.30004218418879,-72.33234608466357,/mnt/engg-leung/Research_No9_Methane_Emissions/Yuyao/raw_data_dir_L89_L2SR_by_gee/emi20240316t181742p11005-A_l89_sr_LANDSAT_9_20240317T143501Z.tif
emi20240316t181754p11006-A,2024-03-16 18:17:54+00:00,-36.69454482922902,-72.16638191482346,/mnt/engg-leung/Research_No9_Methane_Emissions/Yuyao/raw_data_dir_L89_L2SR_by_gee/emi20240316t181754p11006-A_l89_sr_LANDSAT_9_20240317T143437Z.tif
emi20240326t133849p08026-A,2024-03-26 13:38:49+00:00,-31.568861057377006,-53.731512009183575,/mnt/engg-leung/Research_No9_Methane_Emissions/Yuyao/raw_data_dir_L89_L2SR_by_gee/emi20240326t133849p08026-A_l89_sr_LANDSAT_9_20240327T133130Z.tif
emi20240328t061702p04011-A,2024-03-28 06:17:02+00:00,37.12345170315129,112.04918369283092,/mnt/engg-leung/Research_No9_Methane_Emissions/Yuyao/raw_data_dir_L89_L2SR_by_gee/emi20240328t061702p04011-A_l89_sr_LANDSAT_9_20240329T030641Z.tif
emi20240328t061714p04012-A,2024-03-28 06:17:14+00:00,37.95049326783156,113.22539914356436,/mnt/engg-leung/Research_No9_Methane_Emissions/Yuyao/raw_data_dir_L89_L2SR_by_gee/emi20240328t061714p04012-A_l89_sr_LANDSAT_9_20240329T030617Z.tif
emi20240328t061714p04012-B,2024-03-28 06:17:14+00:00,37.95916525311357,113.26935993073818,/mnt/engg-leung/Research_No9_Methane_Emissions/Yuyao/raw_data_dir_L89_L2SR_by_gee/emi20240328t061714p04012-B_l89_sr_LANDSAT_9_20240329T030617Z.tif
emi20240328t061714p04012-D,2024-03-28 06:17:14+00:00,37.77247484822023,113.5620900901136,/mnt/engg-leung/Research_No9_Methane_Emissions/Yuyao/raw_data_dir_L89_L2SR_by_gee/emi20240328t061714p04012-D_l89_sr_LANDSAT_9_20240329T030641Z.tif
emi20240328t061714p04012-E,2024-03-28 06:17:14+00:00,37.58611676767077,113.60879796167389,/mnt/engg-leung/Research_No9_Methane_Emissions/Yuyao/raw_data_dir_L89_L2SR_by_gee/emi20240328t061714p04012-E_l89_sr_LANDSAT_9_20240329T030641Z.tif
emi20240328t061714p04012-F,2024-03-28 06:17:14+00:00,37.90046687579367,113.07611384478024,/mnt/engg-leung/Research_No9_Methane_Emissions/Yuyao/raw_data_dir_L89_L2SR_by_gee/emi20240328t061714p04012-F_l89_sr_LANDSAT_9_20240329T030641Z.tif
emi20240328t061714p04012-G,2024-03-28 06:17:14+00:00,37.841390972453965,113.46171625590551,/mnt/engg-leung/Research_No9_Methane_Emissions/Yuyao/raw_data_dir_L89_L2SR_by_gee/emi20240328t061714p04012-G_l89_sr_LANDSAT_9_20240329T030617Z.tif
emi20240415t184303p12038-A,2024-04-15 18:43:03+00:00,39.64801937305674,-80.41904459260687,/mnt/engg-leung/Research_No9_Methane_Emissions/Yuyao/raw_data_dir_L89_L2SR_by_gee/emi20240415t184303p12038-A_l89_sr_LANDSAT_9_20240416T160427Z.tif
emi20240417t044453p03008-A,2024-04-17 04:44:53+00:00,40.1156583033804,118.73488332361428,/mnt/engg-leung/Research_No9_Methane_Emissions/Yuyao/raw_data_dir_L89_L2SR_by_gee/emi20240417t044453p03008-A_l89_sr_LANDSAT_9_20240418T024059Z.tif
emi20240417t080011p05030-A,2024-04-17 08:00:11+00:00,14.05820850688808,99.96208667354983,/mnt/engg-leung/Research_No9_Methane_Emissions/Yuyao/raw_data_dir_L89_L2SR_by_gee/emi20240417t080011p05030-A_l89_sr_LANDSAT_8_20240418T033715Z.tif
emi20240418t192231p13004-A,2024-04-18 19:22:31+00:00,46.24394995452673,-122.77355613130406,/mnt/engg-leung/Research_No9_Methane_Emissions/Yuyao/raw_data_dir_L89_L2SR_by_gee/emi20240418t192231p13004-A_l89_sr_LANDSAT_8_20240419T190141Z.tif
emi20240421t140547p09002-A,2024-04-21 14:05:47+00:00,14.801513829854514,-17.309750737760254,/mnt/engg-leung/Research_No9_Methane_Emissions/Yuyao/raw_data_dir_L89_L2SR_by_gee/emi20240421t140547p09002-A_l89_sr_LANDSAT_8_20240422T112656Z.tif
emi20240423t060958p04005-A,2024-04-23 06:09:58+00:00,38.66234072808555,64.77436136971826,/mnt/engg-leung/Research_No9_Methane_Emissions/Yuyao/raw_data_dir_L89_L2SR_by_gee/emi20240423t060958p04005-A_l89_sr_LANDSAT_9_20240423T061730Z.tif
emi20240423t060958p04005-B,2024-04-23 06:09:58+00:00,38.787214761917,64.6211329545491,/mnt/engg-leung/Research_No9_Methane_Emissions/Yuyao/raw_data_dir_L89_L2SR_by_gee/emi20240423t060958p04005-B_l89_sr_LANDSAT_9_20240423T061730Z.tif
emi20240423t060958p04005-C,2024-04-23 06:09:58+00:00,38.73390414033938,64.61705404407263,/mnt/engg-leung/Research_No9_Methane_Emissions/Yuyao/raw_data_dir_L89_L2SR_by_gee/emi20240423t060958p04005-C_l89_sr_LANDSAT_9_20240423T061730Z.tif
emi20240423t060958p04005-D,2024-04-23 06:09:58+00:00,38.496314398040056,65.18879914599088,/mnt/engg-leung/Research_No9_Methane_Emissions/Yuyao/raw_data_dir_L89_L2SR_by_gee/emi20240423t060958p04005-D_l89_sr_LANDSAT_9_20240423T061730Z.tif
emi20240423t060958p04005-E,2024-04-23 06:09:58+00:00,38.478255173756025,65.2696661528527,/mnt/engg-leung/Research_No9_Methane_Emissions/Yuyao/raw_data_dir_L89_L2SR_by_gee/emi20240423t060958p04005-E_l89_sr_LANDSAT_9_20240423T061730Z.tif
emi20240423t060958p04005-F,2024-04-23 06:09:58+00:00,38.78006091440773,64.63539067362782,/mnt/engg-leung/Research_No9_Methane_Emissions/Yuyao/raw_data_dir_L89_L2SR_by_gee/emi20240423t060958p04005-F_l89_sr_LANDSAT_9_20240423T061730Z.tif
emi20240424t161113p11008-A,2024-04-24 16:11:13+00:00,39.02963715107214,-94.8050708228915,/mnt/engg-leung/Research_No9_Methane_Emissions/Yuyao/raw_data_dir_L89_L2SR_by_gee/emi20240424t161113p11008-A_l89_sr_LANDSAT_9_20240424T165403Z.tif
emi20240517t170655p11045-B,2024-05-17 17:06:55+00:00,-23.714154706554595,-46.47200060537034,/mnt/engg-leung/Research_No9_Methane_Emissions/Yuyao/raw_data_dir_L89_L2SR_by_gee/emi20240517t170655p11045-B_l89_sr_LANDSAT_9_20240518T130349Z.tif
emi20240517t170655p11045-C,2024-05-17 17:06:55+00:00,-23.402464281791268,-46.55297148288446,/mnt/engg-leung/Research_No9_Methane_Emissions/Yuyao/raw_data_dir_L89_L2SR_by_gee/emi20240517t170655p11045-C_l89_sr_LANDSAT_9_20240518T130349Z.tif
emi20240521t140928p10011-A,2024-05-21 14:09:28+00:00,29.277435264717568,21.37199241825914,/mnt/engg-leung/Research_No9_Methane_Emissions/Yuyao/raw_data_dir_L89_L2SR_by_gee/emi20240521t140928p10011-A_l89_sr_LANDSAT_9_20240522T090658Z.tif
emi20240523t075552p06005-A,2024-05-23 07:55:52+00:00,35.73086434432044,112.422275310141,/mnt/engg-leung/Research_No9_Methane_Emissions/Yuyao/raw_data_dir_L89_L2SR_by_gee/emi20240523t075552p06005-A_l89_sr_LANDSAT_8_20240524T030608Z.tif
emi20240523t075552p06005-B,2024-05-23 07:55:52+00:00,35.60905292232344,112.5288356106896,/mnt/engg-leung/Research_No9_Methane_Emissions/Yuyao/raw_data_dir_L89_L2SR_by_gee/emi20240523t075552p06005-B_l89_sr_LANDSAT_8_20240524T030608Z.tif
emi20240523t075552p06005-C,2024-05-23 07:55:52+00:00,35.65110458304352,112.51613214207998,/mnt/engg-leung/Research_No9_Methane_Emissions/Yuyao/raw_data_dir_L89_L2SR_by_gee/emi20240523t075552p06005-C_l89_sr_LANDSAT_8_20240524T030608Z.tif
emi20240523t075552p06005-D,2024-05-23 07:55:52+00:00,35.61940622134195,112.6102091123463,/mnt/engg-leung/Research_No9_Methane_Emissions/Yuyao/raw_data_dir_L89_L2SR_by_gee/emi20240523t075552p06005-D_l89_sr_LANDSAT_8_20240524T030608Z.tif
emi20240523t075604p06006-A,2024-05-23 07:56:04+00:00,36.2329787356519,112.94661955273494,/mnt/engg-leung/Research_No9_Methane_Emissions/Yuyao/raw_data_dir_L89_L2SR_by_gee/emi20240523t075604p06006-A_l89_sr_LANDSAT_8_20240524T030608Z.tif
emi20240523t075604p06006-B,2024-05-23 07:56:04+00:00,36.24621818252071,112.98972289193,/mnt/engg-leung/Research_No9_Methane_Emissions/Yuyao/raw_data_dir_L89_L2SR_by_gee/emi20240523t075604p06006-B_l89_sr_LANDSAT_8_20240524T030608Z.tif
emi20240523t075604p06006-C,2024-05-23 07:56:04+00:00,36.012231600406864,112.83140345147864,/mnt/engg-leung/Research_No9_Methane_Emissions/Yuyao/raw_data_dir_L89_L2SR_by_gee/emi20240523t075604p06006-C_l89_sr_LANDSAT_8_20240524T030608Z.tif
emi20240523t075604p06006-D,2024-05-23 07:56:04+00:00,36.0887445639102,112.86700336387467,/mnt/engg-leung/Research_No9_Methane_Emissions/Yuyao/raw_data_dir_L89_L2SR_by_gee/emi20240523t075604p06006-D_l89_sr_LANDSAT_8_20240524T030608Z.tif
emi20240523t075604p06006-E,2024-05-23 07:56:04+00:00,36.15346256557643,112.99308561466762,/mnt/engg-leung/Research_No9_Methane_Emissions/Yuyao/raw_data_dir_L89_L2SR_by_gee/emi20240523t075604p06006-E_l89_sr_LANDSAT_8_20240524T030608Z.tif
emi20240523t075604p06006-F,2024-05-23 07:56:04+00:00,36.13904417923342,112.9228601814674,/mnt/engg-leung/Research_No9_Methane_Emissions/Yuyao/raw_data_dir_L89_L2SR_by_gee/emi20240523t075604p06006-F_l89_sr_LANDSAT_8_20240524T030608Z.tif
emi20240523t075604p06006-G,2024-05-23 07:56:04+00:00,36.1703285348259,112.98464023210867,/mnt/engg-leung/Research_No9_Methane_Emissions/Yuyao/raw_data_dir_L89_L2SR_by_gee/emi20240523t075604p06006-G_l89_sr_LANDSAT_8_20240524T030608Z.tif
emi20240523t075604p06006-H,2024-05-23 07:56:04+00:00,36.32573560795592,112.8537814650619,/mnt/engg-leung/Research_No9_Methane_Emissions/Yuyao/raw_data_dir_L89_L2SR_by_gee/emi20240523t075604p06006-H_l89_sr_LANDSAT_8_20240524T030608Z.tif
emi20240527t092548p06003-A,2024-05-27 09:25:48+00:00,45.563878095870365,85.27131629002594,/mnt/engg-leung/Research_No9_Methane_Emissions/Yuyao/raw_data_dir_L89_L2SR_by_gee/emi20240527t092548p06003-A_l89_sr_LANDSAT_9_20240528T050715Z.tif
emi20240527t092548p06003-B,2024-05-27 09:25:48+00:00,45.49164581296753,85.14371717321887,/mnt/engg-leung/Research_No9_Methane_Emissions/Yuyao/raw_data_dir_L89_L2SR_by_gee/emi20240527t092548p06003-B_l89_sr_LANDSAT_9_20240528T050715Z.tif
emi20240608t041803p03014-A,2024-06-08 04:18:03+00:00,23.338763481075446,58.45726153692027,/mnt/engg-leung/Research_No9_Methane_Emissions/Yuyao/raw_data_dir_L89_L2SR_by_gee/emi20240608t041803p03014-A_l89_sr_LANDSAT_9_20240608T063356Z.tif
emi20240609t050607p04018-A,2024-06-09 05:06:07+00:00,31.302300128664,49.12104634497152,/mnt/engg-leung/Research_No9_Methane_Emissions/Yuyao/raw_data_dir_L89_L2SR_by_gee/emi20240609t050607p04018-A_l89_sr_LANDSAT_9_20240609T071448Z.tif
emi20240609t050607p04018-B,2024-06-09 05:06:07+00:00,32.06383631945653,49.09719852180058,/mnt/engg-leung/Research_No9_Methane_Emissions/Yuyao/raw_data_dir_L89_L2SR_by_gee/emi20240609t050607p04018-B_l89_sr_LANDSAT_9_20240609T071448Z.tif
emi20240610t024420p02007-A,2024-06-10 02:44:20+00:00,28.319507735214657,74.94938561743501,/mnt/engg-leung/Research_No9_Methane_Emissions/Yuyao/raw_data_dir_L89_L2SR_by_gee/emi20240610t024420p02007-A_l89_sr_LANDSAT_8_20240610T053017Z.tif
emi20240610t024420p02007-B,2024-06-10 02:44:20+00:00,28.26101111134628,75.64070844408042,/mnt/engg-leung/Research_No9_Methane_Emissions/Yuyao/raw_data_dir_L89_L2SR_by_gee/emi20240610t024420p02007-B_l89_sr_LANDSAT_8_20240610T053017Z.tif
emi20240610t041628p03003-A,2024-06-10 04:16:28+00:00,26.165832929125216,49.872100652737714,/mnt/engg-leung/Research_No9_Methane_Emissions/Yuyao/raw_data_dir_L89_L2SR_by_gee/emi20240610t041628p03003-A_l89_sr_LANDSAT_8_20240610T070958Z.tif
emi20240617t063901p05011-A,2024-06-17 06:39:01+00:00,50.009472252607,19.158093978887,/mnt/engg-leung/Research_No9_Methane_Emissions/Yuyao/raw_data_dir_L89_L2SR_by_gee/emi20240617t063901p05011-A_l89_sr_LANDSAT_9_20240617T093748Z.tif
emi20240621t081829p06006-A,2024-06-21 08:18:29+00:00,47.11170492587465,21.87037813926497,/mnt/engg-leung/Research_No9_Methane_Emissions/Yuyao/raw_data_dir_L89_L2SR_by_gee/emi20240621t081829p06006-A_l89_sr_LANDSAT_9_20240621T091346Z.tif
emi20240621t082746p06048-A,2024-06-21 08:27:46+00:00,25.274727567526497,55.43604709525087,/mnt/engg-leung/Research_No9_Methane_Emissions/Yuyao/raw_data_dir_L89_L2SR_by_gee/emi20240621t082746p06048-A_l89_sr_LANDSAT_9_20240622T064512Z.tif
emi20240621t082746p06048-B,2024-06-21 08:27:46+00:00,25.29447943133501,55.65711501161306,/mnt/engg-leung/Research_No9_Methane_Emissions/Yuyao/raw_data_dir_L89_L2SR_by_gee/emi20240621t082746p06048-B_l89_sr_LANDSAT_9_20240622T064512Z.tif
emi20240621t191519p13010-A,2024-06-21 19:15:19+00:00,32.40363171246584,-116.74824350917832,/mnt/engg-leung/Research_No9_Methane_Emissions/Yuyao/raw_data_dir_L89_L2SR_by_gee/emi20240621t191519p13010-A_l89_sr_LANDSAT_9_20240622T181524Z.tif
emi20240622t090851p06018-A,2024-06-22 09:08:51+00:00,38.07267013507851,23.648839851470967,/mnt/engg-leung/Research_No9_Methane_Emissions/Yuyao/raw_data_dir_L89_L2SR_by_gee/emi20240622t090851p06018-A_l89_sr_LANDSAT_9_20240623T090346Z.tif
emi20240623t064530p05006-B,2024-06-23 06:45:30+00:00,45.17216591911614,38.76172347125189,/mnt/engg-leung/Research_No9_Methane_Emissions/Yuyao/raw_data_dir_L89_L2SR_by_gee/emi20240623t064530p05006-B_l89_sr_LANDSAT_8_20240623T081232Z.tif
emi20240624t151751p10015-A,2024-06-24 15:17:51+00:00,40.88604718961184,-86.69706010617875,/mnt/engg-leung/Research_No9_Methane_Emissions/Yuyao/raw_data_dir_L89_L2SR_by_gee/emi20240624t151751p10015-A_l89_sr_LANDSAT_9_20240624T162210Z.tif
emi20240624t164812p11002-A,2024-06-24 16:48:12+00:00,45.56118063853842,-121.13573315770918,/mnt/engg-leung/Research_No9_Methane_Emissions/Yuyao/raw_data_dir_L89_L2SR_by_gee/emi20240624t164812p11002-A_l89_sr_LANDSAT_8_20240624T184907Z.tif
emi20240625t051438p04015-A,2024-06-25 05:14:38+00:00,38.66207848007787,64.77453481014658,/mnt/engg-leung/Research_No9_Methane_Emissions/Yuyao/raw_data_dir_L89_L2SR_by_gee/emi20240625t051438p04015-A_l89_sr_LANDSAT_8_20240625T062318Z.tif
emi20240625t051438p04015-B,2024-06-25 05:14:38+00:00,38.734743924215024,64.61759710967905,/mnt/engg-leung/Research_No9_Methane_Emissions/Yuyao/raw_data_dir_L89_L2SR_by_gee/emi20240625t051438p04015-B_l89_sr_LANDSAT_8_20240625T062318Z.tif
emi20240625t064958p05024-A,2024-06-25 06:49:58+00:00,32.06467760213751,49.09827437929079,/mnt/engg-leung/Research_No9_Methane_Emissions/Yuyao/raw_data_dir_L89_L2SR_by_gee/emi20240625t064958p05024-A_l89_sr_LANDSAT_9_20240625T071431Z.tif
emi20240625t065010p05025-A,2024-06-25 06:50:10+00:00,31.130210600386576,49.88069995649127,/mnt/engg-leung/Research_No9_Methane_Emissions/Yuyao/raw_data_dir_L89_L2SR_by_gee/emi20240625t065010p05025-A_l89_sr_LANDSAT_9_20240625T071431Z.tif
emi20240625t065010p05025-B,2024-06-25 06:50:10+00:00,30.99560737367084,49.95062480650285,/mnt/engg-leung/Research_No9_Methane_Emissions/Yuyao/raw_data_dir_L89_L2SR_by_gee/emi20240625t065010p05025-B_l89_sr_LANDSAT_9_20240625T071431Z.tif
emi20240625t065010p05025-C,2024-06-25 06:50:10+00:00,30.99334806339365,49.94180462606013,/mnt/engg-leung/Research_No9_Methane_Emissions/Yuyao/raw_data_dir_L89_L2SR_by_gee/emi20240625t065010p05025-C_l89_sr_LANDSAT_9_20240625T071431Z.tif
emi20240626t060123p04016-B,2024-06-26 06:01:23+00:00,35.424350956637554,50.97986579384329,/mnt/engg-leung/Research_No9_Methane_Emissions/Yuyao/raw_data_dir_L89_L2SR_by_gee/emi20240626t060123p04016-B_l89_sr_LANDSAT_8_20240626T070722Z.tif
emi20240626t060135p04017-A,2024-06-26 06:01:35+00:00,35.45601338706527,51.33198834600458,/mnt/engg-leung/Research_No9_Methane_Emissions/Yuyao/raw_data_dir_L89_L2SR_by_gee/emi20240626t060135p04017-A_l89_sr_LANDSAT_8_20240626T070722Z.tif
emi20240701t145112p09037-A,2024-07-01 14:51:12+00:00,-30.14795261485959,-52.0237509251541,/mnt/engg-leung/Research_No9_Methane_Emissions/Yuyao/raw_data_dir_L89_L2SR_by_gee/emi20240701t145112p09037-A_l89_sr_LANDSAT_8_20240702T132410Z.tif
emi20240702t042659p03003-A,2024-07-02 04:26:59+00:00,29.165777151487543,47.924125129017,/mnt/engg-leung/Research_No9_Methane_Emissions/Yuyao/raw_data_dir_L89_L2SR_by_gee/emi20240702t042659p03003-A_l89_sr_LANDSAT_9_20240702T072139Z.tif
emi20240702t042711p03004-C,2024-07-02 04:27:11+00:00,29.039305237630884,47.92606383182039,/mnt/engg-leung/Research_No9_Methane_Emissions/Yuyao/raw_data_dir_L89_L2SR_by_gee/emi20240702t042711p03004-C_l89_sr_LANDSAT_9_20240702T072139Z.tif
emi20240720t155235p10015-A,2024-07-20 15:52:35+00:00,-22.77701660329824,-47.20710360202341,/mnt/engg-leung/Research_No9_Methane_Emissions/Yuyao/raw_data_dir_L89_L2SR_by_gee/emi20240720t155235p10015-A_l89_sr_LANDSAT_9_20240721T130348Z.tif
emi20240722t130229p09015-A,2024-07-22 13:02:29+00:00,29.88918533615293,31.17177487253366,/mnt/engg-leung/Research_No9_Methane_Emissions/Yuyao/raw_data_dir_L89_L2SR_by_gee/emi20240722t130229p09015-A_l89_sr_LANDSAT_8_20240723T082938Z.tif
emi20240723t104022p07021-D,2024-07-23 10:40:22+00:00,25.27801225371296,55.43707909621088,/mnt/engg-leung/Research_No9_Methane_Emissions/Yuyao/raw_data_dir_L89_L2SR_by_gee/emi20240723t104022p07021-D_l89_sr_LANDSAT_9_20240724T064535Z.tif
emi20240723t104033p07022-C,2024-07-23 10:40:33+00:00,25.294830876463408,55.65449119145052,/mnt/engg-leung/Research_No9_Methane_Emissions/Yuyao/raw_data_dir_L89_L2SR_by_gee/emi20240723t104033p07022-C_l89_sr_LANDSAT_9_20240724T064535Z.tif
emi20240725t103930p07004-A,2024-07-25 10:39:30+00:00,29.02762686763097,47.57763148607694,/mnt/engg-leung/Research_No9_Methane_Emissions/Yuyao/raw_data_dir_L89_L2SR_by_gee/emi20240725t103930p07004-A_l89_sr_LANDSAT_8_20240726T072204Z.tif
emi20240725t103930p07004-B,2024-07-25 10:39:30+00:00,29.01987442374808,47.59310077276433,/mnt/engg-leung/Research_No9_Methane_Emissions/Yuyao/raw_data_dir_L89_L2SR_by_gee/emi20240725t103930p07004-B_l89_sr_LANDSAT_8_20240726T072204Z.tif
emi20240725t103930p07004-D,2024-07-25 10:39:30+00:00,29.159683532256253,47.91816165453156,/mnt/engg-leung/Research_No9_Methane_Emissions/Yuyao/raw_data_dir_L89_L2SR_by_gee/emi20240725t103930p07004-D_l89_sr_LANDSAT_8_20240726T072204Z.tif
emi20240725t103930p07004-E,2024-07-25 10:39:30+00:00,28.914994699357266,47.924847266537455,/mnt/engg-leung/Research_No9_Methane_Emissions/Yuyao/raw_data_dir_L89_L2SR_by_gee/emi20240725t103930p07004-E_l89_sr_LANDSAT_8_20240726T072204Z.tif
emi20240725t104353p07017-B,2024-07-25 10:43:53+00:00,40.29900587802521,62.31884210406034,/mnt/engg-leung/Research_No9_Methane_Emissions/Yuyao/raw_data_dir_L89_L2SR_by_gee/emi20240725t104353p07017-B_l89_sr_LANDSAT_9_20240726T062914Z.tif
emi20240726t064925p05007-A,2024-07-26 06:49:25+00:00,36.98085672494547,111.70178045573658,/mnt/engg-leung/Research_No9_Methane_Emissions/Yuyao/raw_data_dir_L89_L2SR_by_gee/emi20240726t064925p05007-A_l89_sr_LANDSAT_8_20240727T030617Z.tif
emi20240726t112707p08013-A,2024-07-26 11:27:07+00:00,35.37052360045773,38.61521376148588,/mnt/engg-leung/Research_No9_Methane_Emissions/Yuyao/raw_data_dir_L89_L2SR_by_gee/emi20240726t112707p08013-A_l89_sr_LANDSAT_8_20240727T080321Z.tif
emi20240803t081201p06014-A,2024-08-03 08:12:01+00:00,31.929082605500355,36.19187903613371,/mnt/engg-leung/Research_No9_Methane_Emissions/Yuyao/raw_data_dir_L89_L2SR_by_gee/emi20240803t081201p06014-A_l89_sr_LANDSAT_9_20240804T080426Z.tif
emi20240803t094458p07011-A,2024-08-03 09:44:58+00:00,32.599296840653366,13.349018354657916,/mnt/engg-leung/Research_No9_Methane_Emissions/Yuyao/raw_data_dir_L89_L2SR_by_gee/emi20240803t094458p07011-A_l89_sr_LANDSAT_9_20240804T094255Z.tif
emi20240803t112126p08004-A,2024-08-03 11:21:26+00:00,41.59155813158424,1.9496291321596573,/mnt/engg-leung/Research_No9_Methane_Emissions/Yuyao/raw_data_dir_L89_L2SR_by_gee/emi20240803t112126p08004-A_l89_sr_LANDSAT_8_20240804T103002Z.tif
emi20240803t190415p13004-B,2024-08-03 19:04:15+00:00,38.31064375423594,-121.82654593838814,/mnt/engg-leung/Research_No9_Methane_Emissions/Yuyao/raw_data_dir_L89_L2SR_by_gee/emi20240803t190415p13004-B_l89_sr_LANDSAT_8_20240804T184515Z.tif
emi20240803t190427p13005-A,2024-08-03 19:04:27+00:00,37.87684776432084,-121.18691564516364,/mnt/engg-leung/Research_No9_Methane_Emissions/Yuyao/raw_data_dir_L89_L2SR_by_gee/emi20240803t190427p13005-A_l89_sr_LANDSAT_8_20240804T184515Z.tif
emi20240803t190427p13005-B,2024-08-03 19:04:27+00:00,38.5212331370368,-121.1869460386514,/mnt/engg-leung/Research_No9_Methane_Emissions/Yuyao/raw_data_dir_L89_L2SR_by_gee/emi20240803t190427p13005-B_l89_sr_LANDSAT_8_20240804T184515Z.tif
emi20240805t094900p07016-A,2024-08-05 09:49:00+00:00,44.78357308813816,20.59383363296516,/mnt/engg-leung/Research_No9_Methane_Emissions/Yuyao/raw_data_dir_L89_L2SR_by_gee/emi20240805t094900p07016-A_l89_sr_LANDSAT_9_20240806T092722Z.tif
emi20240806t072253p05003-A,2024-08-06 07:22:53+00:00,29.84850083371649,27.821162303293026,/mnt/engg-leung/Research_No9_Methane_Emissions/Yuyao/raw_data_dir_L89_L2SR_by_gee/emi20240806t072253p05003-A_l89_sr_LANDSAT_8_20240806T084157Z.tif
emi20240817t081655p06008-A,2024-08-17 08:16:55+00:00,48.4682751287364,38.760024399925896,/mnt/engg-leung/Research_No9_Methane_Emissions/Yuyao/raw_data_dir_L89_L2SR_by_gee/emi20240817t081655p06008-A_l89_sr_LANDSAT_8_20240817T081823Z.tif
emi20240824t103424p07003-A,2024-08-24 10:34:24+00:00,33.870612353775215,-6.811126277305988,/mnt/engg-leung/Research_No9_Methane_Emissions/Yuyao/raw_data_dir_L89_L2SR_by_gee/emi20240824t103424p07003-A_l89_sr_LANDSAT_9_20240824T105656Z.tif
emi20240825t064423p04027-A,2024-08-25 06:44:23+00:00,25.639761086508244,55.79609251850172,/mnt/engg-leung/Research_No9_Methane_Emissions/Yuyao/raw_data_dir_L89_L2SR_by_gee/emi20240825t064423p04027-A_l89_sr_LANDSAT_9_20240825T064556Z.tif
emi20240825t064423p04027-B,2024-08-25 06:44:23+00:00,25.297642400810773,55.6526447994834,/mnt/engg-leung/Research_No9_Methane_Emissions/Yuyao/raw_data_dir_L89_L2SR_by_gee/emi20240825t064423p04027-B_l89_sr_LANDSAT_9_20240825T064556Z.tif
emi20240825t173151p11011-A,2024-08-25 17:31:51+00:00,32.40745937715279,-116.74745048910518,/mnt/engg-leung/Research_No9_Methane_Emissions/Yuyao/raw_data_dir_L89_L2SR_by_gee/emi20240825t173151p11011-A_l89_sr_LANDSAT_9_20240825T181608Z.tif
emi20240826t151037p10002-B,2024-08-26 15:10:37+00:00,35.0010352931826,-89.90607384111834,/mnt/engg-leung/Research_No9_Methane_Emissions/Yuyao/raw_data_dir_L89_L2SR_by_gee/emi20240826t151037p10002-B_l89_sr_LANDSAT_8_20240826T163039Z.tif
emi20240915t172803p11022-A,2024-09-15 17:28:03+00:00,-32.81071060252858,-60.76503564618224,/mnt/engg-leung/Research_No9_Methane_Emissions/Yuyao/raw_data_dir_L89_L2SR_by_gee/emi20240915t172803p11022-A_l89_sr_LANDSAT_8_20240916T135020Z.tif
emi20240924t133617p08018-A,2024-09-24 13:36:17+00:00,-22.79524962085773,-43.75340804684194,/mnt/engg-leung/Research_No9_Methane_Emissions/Yuyao/raw_data_dir_L89_L2SR_by_gee/emi20240924t133617p08018-A_l89_sr_LANDSAT_9_20240925T125148Z.tif
emi20240924t133617p08018-B,2024-09-24 13:36:17+00:00,-22.787078585558103,-43.75624237659633,/mnt/engg-leung/Research_No9_Methane_Emissions/Yuyao/raw_data_dir_L89_L2SR_by_gee/emi20240924t133617p08018-B_l89_sr_LANDSAT_9_20240925T125148Z.tif
emi20240926t121916p08005-A,2024-09-26 12:19:16+00:00,28.65115344483742,7.686461425514437,/mnt/engg-leung/Research_No9_Methane_Emissions/Yuyao/raw_data_dir_L89_L2SR_by_gee/emi20240926t121916p08005-A_l89_sr_LANDSAT_8_20240927T095648Z.tif
emi20240926t121916p08005-B,2024-09-26 12:19:16+00:00,28.61755734477745,7.703815138583934,/mnt/engg-leung/Research_No9_Methane_Emissions/Yuyao/raw_data_dir_L89_L2SR_by_gee/emi20240926t121916p08005-B_l89_sr_LANDSAT_8_20240927T095648Z.tif
emi20240927t130748p09003-A,2024-09-27 13:07:48+00:00,35.677779249192,-0.4498495557953674,/mnt/engg-leung/Research_No9_Methane_Emissions/Yuyao/raw_data_dir_L89_L2SR_by_gee/emi20240927t130748p09003-A_l89_sr_LANDSAT_8_20240928T103803Z.tif
emi20240928t133508p08022-A,2024-09-28 13:35:08+00:00,-17.95229882046101,-63.03770830451566,/mnt/engg-leung/Research_No9_Methane_Emissions/Yuyao/raw_data_dir_L89_L2SR_by_gee/emi20240928t133508p08022-A_l89_sr_LANDSAT_8_20240928T141033Z.tif
emi20240930t091314p06024-A,2024-09-30 09:13:14+00:00,36.14016581224965,41.08759588233002,/mnt/engg-leung/Research_No9_Methane_Emissions/Yuyao/raw_data_dir_L89_L2SR_by_gee/emi20240930t091314p06024-A_l89_sr_LANDSAT_8_20241001T075111Z.tif
emi20240930t091314p06024-B,2024-09-30 09:13:14+00:00,36.137403005183614,41.07311198983507,/mnt/engg-leung/Research_No9_Methane_Emissions/Yuyao/raw_data_dir_L89_L2SR_by_gee/emi20240930t091314p06024-B_l89_sr_LANDSAT_8_20241001T075111Z.tif
emi20240930t091314p06024-C,2024-09-30 09:13:14+00:00,36.1173934622459,40.80998908937093,/mnt/engg-leung/Research_No9_Methane_Emissions/Yuyao/raw_data_dir_L89_L2SR_by_gee/emi20240930t091314p06024-C_l89_sr_LANDSAT_8_20241001T075111Z.tif
emi20241005t051146p04002-A,2024-10-05 05:11:46+00:00,22.44576287038592,56.701652613319226,/mnt/engg-leung/Research_No9_Methane_Emissions/Yuyao/raw_data_dir_L89_L2SR_by_gee/emi20241005t051146p04002-A_l89_sr_LANDSAT_9_20241005T064043Z.tif
emi20241005t082640p06020-A,2024-10-05 08:26:40+00:00,44.835869088411584,39.8732857927769,/mnt/engg-leung/Research_No9_Methane_Emissions/Yuyao/raw_data_dir_L89_L2SR_by_gee/emi20241005t082640p06020-A_l89_sr_LANDSAT_8_20241006T080723Z.tif
emi20241007t051707p04018-A,2024-10-07 05:17:07+00:00,38.266980566347456,62.61588376662894,/mnt/engg-leung/Research_No9_Methane_Emissions/Yuyao/raw_data_dir_L89_L2SR_by_gee/emi20241007t051707p04018-A_l89_sr_LANDSAT_9_20241007T062357Z.tif
emi20241007t051707p04018-B,2024-10-07 05:17:07+00:00,37.89766051853147,63.24688818921689,/mnt/engg-leung/Research_No9_Methane_Emissions/Yuyao/raw_data_dir_L89_L2SR_by_gee/emi20241007t051707p04018-B_l89_sr_LANDSAT_9_20241007T062421Z.tif
emi20241008t060159p04006-E,2024-10-08 06:01:59+00:00,35.191860729465304,40.5024246838982,/mnt/engg-leung/Research_No9_Methane_Emissions/Yuyao/raw_data_dir_L89_L2SR_by_gee/emi20241008t060159p04006-E_l89_sr_LANDSAT_8_20241008T075726Z.tif
emi20241014t061940p04010-A,2024-10-14 06:19:40+00:00,36.98103163201358,111.70203635010256,/mnt/engg-leung/Research_No9_Methane_Emissions/Yuyao/raw_data_dir_L89_L2SR_by_gee/emi20241014t061940p04010-A_l89_sr_LANDSAT_8_20241015T030707Z.tif
emi20241014t062003p04012-A,2024-10-14 06:20:03+00:00,35.59294573579183,112.48548895327924,/mnt/engg-leung/Research_No9_Methane_Emissions/Yuyao/raw_data_dir_L89_L2SR_by_gee/emi20241014t062003p04012-A_l89_sr_LANDSAT_8_20241015T030707Z.tif
emi20241014t062003p04012-B,2024-10-14 06:20:03+00:00,35.60857609605688,112.52781739346368,/mnt/engg-leung/Research_No9_Methane_Emissions/Yuyao/raw_data_dir_L89_L2SR_by_gee/emi20241014t062003p04012-B_l89_sr_LANDSAT_8_20241015T030707Z.tif
emi20241014t062003p04012-C,2024-10-14 06:20:03+00:00,35.653160744337754,112.5153747096616,/mnt/engg-leung/Research_No9_Methane_Emissions/Yuyao/raw_data_dir_L89_L2SR_by_gee/emi20241014t062003p04012-C_l89_sr_LANDSAT_8_20241015T030707Z.tif
emi20241014t062003p04012-D,2024-10-14 06:20:03+00:00,35.73022010159606,112.42193638522603,/mnt/engg-leung/Research_No9_Methane_Emissions/Yuyao/raw_data_dir_L89_L2SR_by_gee/emi20241014t062003p04012-D_l89_sr_LANDSAT_8_20241015T030707Z.tif
emi20241014t062003p04012-E,2024-10-14 06:20:03+00:00,35.545026427105014,112.63105724472672,/mnt/engg-leung/Research_No9_Methane_Emissions/Yuyao/raw_data_dir_L89_L2SR_by_gee/emi20241014t062003p04012-E_l89_sr_LANDSAT_8_20241015T030707Z.tif
emi20241014t062003p04012-F,2024-10-14 06:20:03+00:00,35.60631440744784,112.6453729287773,/mnt/engg-leung/Research_No9_Methane_Emissions/Yuyao/raw_data_dir_L89_L2SR_by_gee/emi20241014t062003p04012-F_l89_sr_LANDSAT_8_20241015T030707Z.tif
emi20241014t062003p04012-G,2024-10-14 06:20:03+00:00,35.617354497514015,112.6112327967934,/mnt/engg-leung/Research_No9_Methane_Emissions/Yuyao/raw_data_dir_L89_L2SR_by_gee/emi20241014t062003p04012-G_l89_sr_LANDSAT_8_20241015T030707Z.tif
emi20241014t062003p04012-H,2024-10-14 06:20:03+00:00,35.640046634109794,112.65243422850216,/mnt/engg-leung/Research_No9_Methane_Emissions/Yuyao/raw_data_dir_L89_L2SR_by_gee/emi20241014t062003p04012-H_l89_sr_LANDSAT_8_20241015T030707Z.tif
emi20241014t062003p04012-I,2024-10-14 06:20:03+00:00,35.67499731839999,112.56772250920596,/mnt/engg-leung/Research_No9_Methane_Emissions/Yuyao/raw_data_dir_L89_L2SR_by_gee/emi20241014t062003p04012-I_l89_sr_LANDSAT_8_20241015T030707Z.tif
emi20241014t062003p04012-J,2024-10-14 06:20:03+00:00,36.13798870417692,112.92151530677046,/mnt/engg-leung/Research_No9_Methane_Emissions/Yuyao/raw_data_dir_L89_L2SR_by_gee/emi20241014t062003p04012-J_l89_sr_LANDSAT_8_20241015T030707Z.tif
emi20241014t062003p04012-K,2024-10-14 06:20:03+00:00,36.01127401639489,112.83265725068684,/mnt/engg-leung/Research_No9_Methane_Emissions/Yuyao/raw_data_dir_L89_L2SR_by_gee/emi20241014t062003p04012-K_l89_sr_LANDSAT_8_20241015T030707Z.tif
emi20241014t062003p04012-L,2024-10-14 06:20:03+00:00,36.08845649125792,112.8670988417494,/mnt/engg-leung/Research_No9_Methane_Emissions/Yuyao/raw_data_dir_L89_L2SR_by_gee/emi20241014t062003p04012-L_l89_sr_LANDSAT_8_20241015T030707Z.tif
emi20241014t062003p04012-M,2024-10-14 06:20:03+00:00,36.065201011905074,112.863186645734,/mnt/engg-leung/Research_No9_Methane_Emissions/Yuyao/raw_data_dir_L89_L2SR_by_gee/emi20241014t062003p04012-M_l89_sr_LANDSAT_8_20241015T030707Z.tif
emi20241014t062003p04012-N,2024-10-14 06:20:03+00:00,35.64174833306174,112.56912520042812,/mnt/engg-leung/Research_No9_Methane_Emissions/Yuyao/raw_data_dir_L89_L2SR_by_gee/emi20241014t062003p04012-N_l89_sr_LANDSAT_8_20241015T030707Z.tif
emi20241014t062003p04012-O,2024-10-14 06:20:03+00:00,35.712298923275696,112.63887728170124,/mnt/engg-leung/Research_No9_Methane_Emissions/Yuyao/raw_data_dir_L89_L2SR_by_gee/emi20241014t062003p04012-O_l89_sr_LANDSAT_8_20241015T030707Z.tif
emi20241014t062003p04012-P,2024-10-14 06:20:03+00:00,35.56402040035421,112.60215331744432,/mnt/engg-leung/Research_No9_Methane_Emissions/Yuyao/raw_data_dir_L89_L2SR_by_gee/emi20241014t062003p04012-P_l89_sr_LANDSAT_8_20241015T030707Z.tif
emi20241014t062003p04012-Q,2024-10-14 06:20:03+00:00,35.59809980651214,112.57718560773486,/mnt/engg-leung/Research_No9_Methane_Emissions/Yuyao/raw_data_dir_L89_L2SR_by_gee/emi20241014t062003p04012-Q_l89_sr_LANDSAT_8_20241015T030707Z.tif
emi20241014t092223p06007-A,2024-10-14 09:22:23+00:00,43.30234114365604,52.723543817963815,/mnt/engg-leung/Research_No9_Methane_Emissions/Yuyao/raw_data_dir_L89_L2SR_by_gee/emi20241014t092223p06007-A_l89_sr_LANDSAT_9_20241015T071219Z.tif
emi20241014t092223p06007-B,2024-10-14 09:22:23+00:00,43.29909571987261,52.73168230395609,/mnt/engg-leung/Research_No9_Methane_Emissions/Yuyao/raw_data_dir_L89_L2SR_by_gee/emi20241014t092223p06007-B_l89_sr_LANDSAT_9_20241015T071219Z.tif
emi20241014t092507p06016-A,2024-10-14 09:25:07+00:00,37.88855859270022,63.24999577132988,/mnt/engg-leung/Research_No9_Methane_Emissions/Yuyao/raw_data_dir_L89_L2SR_by_gee/emi20241014t092507p06016-A_l89_sr_LANDSAT_8_20241015T062429Z.tif
emi20241015t114211p08014-A,2024-10-15 11:42:11+00:00,41.11943432552195,16.71566244674554,/mnt/engg-leung/Research_No9_Methane_Emissions/Yuyao/raw_data_dir_L89_L2SR_by_gee/emi20241015t114211p08014-A_l89_sr_LANDSAT_9_20241016T093517Z.tif
emi20241016t030821p02003-A,2024-10-16 03:08:21+00:00,45.323544353056434,130.85586635958248,/mnt/engg-leung/Research_No9_Methane_Emissions/Yuyao/raw_data_dir_L89_L2SR_by_gee/emi20241016t030821p02003-A_l89_sr_LANDSAT_9_20241017T020233Z.tif
emi20241016t030821p02003-B,2024-10-16 03:08:21+00:00,45.19047818896331,131.18046502363416,/mnt/engg-leung/Research_No9_Methane_Emissions/Yuyao/raw_data_dir_L89_L2SR_by_gee/emi20241016t030821p02003-B_l89_sr_LANDSAT_9_20241017T020233Z.tif
emi20241018t092617p06021-B,2024-10-18 09:26:17+00:00,24.77015268512207,54.68902967002194,/mnt/engg-leung/Research_No9_Methane_Emissions/Yuyao/raw_data_dir_L89_L2SR_by_gee/emi20241018t092617p06021-B_l89_sr_LANDSAT_9_20241019T065251Z.tif
emi20241018t184113p12011-A,2024-10-18 18:41:13+00:00,30.86825967854972,-92.60330531764258,/mnt/engg-leung/Research_No9_Methane_Emissions/Yuyao/raw_data_dir_L89_L2SR_by_gee/emi20241018t184113p12011-A_l89_sr_LANDSAT_9_20241019T164411Z.tif
emi20241021t100759p07003-A,2024-10-21 10:07:59+00:00,29.25355678999665,21.54598213776512,/mnt/engg-leung/Research_No9_Methane_Emissions/Yuyao/raw_data_dir_L89_L2SR_by_gee/emi20241021t100759p07003-A_l89_sr_LANDSAT_9_20241022T090129Z.tif
emi20241023t083741p06026-A,2024-10-23 08:37:41+00:00,15.58481761026998,46.03614163755776,/mnt/engg-leung/Research_No9_Methane_Emissions/Yuyao/raw_data_dir_L89_L2SR_by_gee/emi20241023t083741p06026-A_l89_sr_LANDSAT_9_20241024T071350Z.tif
emi20241026t172133p11019-A,2024-10-26 17:21:33+00:00,-34.531294766398965,-58.61127957691657,/mnt/engg-leung/Research_No9_Methane_Emissions/Yuyao/raw_data_dir_L89_L2SR_by_gee/emi20241026t172133p11019-A_l89_sr_LANDSAT_8_20241027T134439Z.tif
emi20241026t172133p11019-B,2024-10-26 17:21:33+00:00,-34.53197032925065,-58.62445668420124,/mnt/engg-leung/Research_No9_Methane_Emissions/Yuyao/raw_data_dir_L89_L2SR_by_gee/emi20241026t172133p11019-B_l89_sr_LANDSAT_8_20241027T134439Z.tif
emi20241103t074747p05032-A,2024-11-03 07:47:47+00:00,-25.45875573561776,28.11120352996386,/mnt/engg-leung/Research_No9_Methane_Emissions/Yuyao/raw_data_dir_L89_L2SR_by_gee/emi20241103t074747p05032-A_l89_sr_LANDSAT_9_20241103T080224Z.tif
emi20241127t045106p04010-A,2024-11-27 04:51:06+00:00,14.056368524102323,99.96104153735467,/mnt/engg-leung/Research_No9_Methane_Emissions/Yuyao/raw_data_dir_L89_L2SR_by_gee/emi20241127t045106p04010-A_l89_sr_LANDSAT_8_20241128T033758Z.tif
emi20241129t045656p04010-A,2024-11-29 04:56:56+00:00,35.72506313673361,108.99831800517391,/mnt/engg-leung/Research_No9_Methane_Emissions/Yuyao/raw_data_dir_L89_L2SR_by_gee/emi20241129t045656p04010-A_l89_sr_LANDSAT_8_20241130T031937Z.tif
emi20241130t180334p12009-B,2024-11-30 18:03:34+00:00,31.48990231378815,-101.64712002455846,/mnt/engg-leung/Research_No9_Methane_Emissions/Yuyao/raw_data_dir_L89_L2SR_by_gee/emi20241130t180334p12009-B_l89_sr_LANDSAT_8_20241201T171509Z.tif
emi20241130t180334p12009-C,2024-11-30 18:03:34+00:00,31.398299034614453,-101.68056133698398,/mnt/engg-leung/Research_No9_Methane_Emissions/Yuyao/raw_data_dir_L89_L2SR_by_gee/emi20241130t180334p12009-C_l89_sr_LANDSAT_8_20241201T171509Z.tif
emi20241201t080027p06022-A,2024-12-01 08:00:27+00:00,35.13954538662462,50.420455111852846,/mnt/engg-leung/Research_No9_Methane_Emissions/Yuyao/raw_data_dir_L89_L2SR_by_gee/emi20241201t080027p06022-A_l89_sr_LANDSAT_9_20241202T071431Z.tif
emi20241201t080038p06023-A,2024-12-01 08:00:38+00:00,35.78044471688291,50.80193548267872,/mnt/engg-leung/Research_No9_Methane_Emissions/Yuyao/raw_data_dir_L89_L2SR_by_gee/emi20241201t080038p06023-A_l89_sr_LANDSAT_9_20241202T071431Z.tif
emi20241201t080038p06023-C,2024-12-01 08:00:38+00:00,35.4257649681268,50.97950798369939,/mnt/engg-leung/Research_No9_Methane_Emissions/Yuyao/raw_data_dir_L89_L2SR_by_gee/emi20241201t080038p06023-C_l89_sr_LANDSAT_9_20241202T071431Z.tif
emi20241202t071056p05010-A,2024-12-02 07:10:56+00:00,29.89064292665577,50.43239946811855,/mnt/engg-leung/Research_No9_Methane_Emissions/Yuyao/raw_data_dir_L89_L2SR_by_gee/emi20241202t071056p05010-A_l89_sr_LANDSAT_8_20241203T070951Z.tif
emi20241202t071056p05010-B,2024-12-02 07:10:56+00:00,30.109933911595164,50.3545626380633,/mnt/engg-leung/Research_No9_Methane_Emissions/Yuyao/raw_data_dir_L89_L2SR_by_gee/emi20241202t071056p05010-B_l89_sr_LANDSAT_8_20241203T070951Z.tif
emi20241202t071056p05010-C,2024-12-02 07:10:56+00:00,30.33462307284776,49.91360841565782,/mnt/engg-leung/Research_No9_Methane_Emissions/Yuyao/raw_data_dir_L89_L2SR_by_gee/emi20241202t071056p05010-C_l89_sr_LANDSAT_9_20241202T071607Z.tif
emi20241202t071056p05010-D,2024-12-02 07:10:56+00:00,30.3539216466784,49.92192917977047,/mnt/engg-leung/Research_No9_Methane_Emissions/Yuyao/raw_data_dir_L89_L2SR_by_gee/emi20241202t071056p05010-D_l89_sr_LANDSAT_9_20241202T071607Z.tif
emi20241202t071108p05011-A,2024-12-02 07:11:08+00:00,30.83458571762505,50.70205455091306,/mnt/engg-leung/Research_No9_Methane_Emissions/Yuyao/raw_data_dir_L89_L2SR_by_gee/emi20241202t071108p05011-A_l89_sr_LANDSAT_8_20241203T070927Z.tif
emi20241202t071108p05011-B,2024-12-02 07:11:08+00:00,30.13784261244936,50.44193225335766,/mnt/engg-leung/Research_No9_Methane_Emissions/Yuyao/raw_data_dir_L89_L2SR_by_gee/emi20241202t071108p05011-B_l89_sr_LANDSAT_8_20241203T070951Z.tif
emi20241202t162414p11009-A,2024-12-02 16:24:14+00:00,19.696167082516027,-101.34583958741612,/mnt/engg-leung/Research_No9_Methane_Emissions/Yuyao/raw_data_dir_L89_L2SR_by_gee/emi20241202t162414p11009-A_l89_sr_LANDSAT_9_20241202T171212Z.tif
emi20241216t085254p06006-B,2024-12-16 08:52:54+00:00,25.90307632386269,71.57338669418323,/mnt/engg-leung/Research_No9_Methane_Emissions/Yuyao/raw_data_dir_L89_L2SR_by_gee/emi20241216t085254p06006-B_l89_sr_LANDSAT_8_20241217T054423Z.tif
emi20241216t085254p06006-C,2024-12-16 08:52:54+00:00,25.906865597838543,71.56974675329411,/mnt/engg-leung/Research_No9_Methane_Emissions/Yuyao/raw_data_dir_L89_L2SR_by_gee/emi20241216t085254p06006-C_l89_sr_LANDSAT_8_20241217T054423Z.tif
emi20241216t115718p08003-A,2024-12-16 11:57:18+00:00,29.277513204283537,21.373078925290088,/mnt/engg-leung/Research_No9_Methane_Emissions/Yuyao/raw_data_dir_L89_L2SR_by_gee/emi20241216t115718p08003-A_l89_sr_LANDSAT_8_20241217T090121Z.tif
emi20241216t115730p08004-A,2024-12-16 11:57:30+00:00,29.189688078314347,21.427165456937985,/mnt/engg-leung/Research_No9_Methane_Emissions/Yuyao/raw_data_dir_L89_L2SR_by_gee/emi20241216t115730p08004-A_l89_sr_LANDSAT_8_20241217T090121Z.tif
emi20241217t045512p03002-A,2024-12-17 04:55:12+00:00,36.97943594229408,111.69215763238344,/mnt/engg-leung/Research_No9_Methane_Emissions/Yuyao/raw_data_dir_L89_L2SR_by_gee/emi20241217t045512p03002-A_l89_sr_LANDSAT_8_20241218T030641Z.tif
emi20241217t045512p03002-B,2024-12-17 04:55:12+00:00,37.12346004996944,112.04761162276908,/mnt/engg-leung/Research_No9_Methane_Emissions/Yuyao/raw_data_dir_L89_L2SR_by_gee/emi20241217t045512p03002-B_l89_sr_LANDSAT_8_20241218T030641Z.tif
emi20241217t045512p03002-C,2024-12-17 04:55:12+00:00,36.97731657970365,111.69174317670058,/mnt/engg-leung/Research_No9_Methane_Emissions/Yuyao/raw_data_dir_L89_L2SR_by_gee/emi20241217t045512p03002-C_l89_sr_LANDSAT_8_20241218T030641Z.tif
emi20241217t045523p03003-I,2024-12-17 04:55:23+00:00,36.48139948453248,112.9879433831295,/mnt/engg-leung/Research_No9_Methane_Emissions/Yuyao/raw_data_dir_L89_L2SR_by_gee/emi20241217t045523p03003-I_l89_sr_LANDSAT_8_20241218T030641Z.tif
emi20241217t045523p03003-R,2024-12-17 04:55:23+00:00,36.74737951271506,113.1056132559716,/mnt/engg-leung/Research_No9_Methane_Emissions/Yuyao/raw_data_dir_L89_L2SR_by_gee/emi20241217t045523p03003-R_l89_sr_LANDSAT_8_20241218T030641Z.tif
emi20241217t045523p03003-V,2024-12-17 04:55:23+00:00,36.46615867987262,112.9362945684258,/mnt/engg-leung/Research_No9_Methane_Emissions/Yuyao/raw_data_dir_L89_L2SR_by_gee/emi20241217t045523p03003-V_l89_sr_LANDSAT_8_20241218T030641Z.tif
emi20241217t093554p06014-A,2024-12-17 09:35:54+00:00,31.13125420504727,49.32368108444737,/mnt/engg-leung/Research_No9_Methane_Emissions/Yuyao/raw_data_dir_L89_L2SR_by_gee/emi20241217t093554p06014-A_l89_sr_LANDSAT_9_20241218T071538Z.tif
emi20241217t093554p06014-B,2024-12-17 09:35:54+00:00,31.29944892485237,49.121186825768746,/mnt/engg-leung/Research_No9_Methane_Emissions/Yuyao/raw_data_dir_L89_L2SR_by_gee/emi20241217t093554p06014-B_l89_sr_LANDSAT_9_20241218T071538Z.tif
emi20241217t093554p06014-C,2024-12-17 09:35:54+00:00,31.23993472712226,48.98927395314311,/mnt/engg-leung/Research_No9_Methane_Emissions/Yuyao/raw_data_dir_L89_L2SR_by_gee/emi20241217t093554p06014-C_l89_sr_LANDSAT_9_20241218T071538Z.tif
emi20241217t093554p06014-D,2024-12-17 09:35:54+00:00,31.22260932292643,48.99544797334926,/mnt/engg-leung/Research_No9_Methane_Emissions/Yuyao/raw_data_dir_L89_L2SR_by_gee/emi20241217t093554p06014-D_l89_sr_LANDSAT_9_20241218T071538Z.tif
emi20241218t102612p07005-A,2024-12-18 10:26:12+00:00,15.585142522740398,46.03616071648955,/mnt/engg-leung/Research_No9_Methane_Emissions/Yuyao/raw_data_dir_L89_L2SR_by_gee/emi20241218t102612p07005-A_l89_sr_LANDSAT_8_20241219T071342Z.tif
emi20241219t080409p05003-C,2024-12-19 08:04:09+00:00,19.07390396838456,73.02268729925163,/mnt/engg-leung/Research_No9_Methane_Emissions/Yuyao/raw_data_dir_L89_L2SR_by_gee/emi20241219t080409p05003-C_l89_sr_LANDSAT_9_20241220T052758Z.tif
emi20241219t080409p05003-E,2024-12-19 08:04:09+00:00,19.277000485569587,73.12399154097099,/mnt/engg-leung/Research_No9_Methane_Emissions/Yuyao/raw_data_dir_L89_L2SR_by_gee/emi20241219t080409p05003-E_l89_sr_LANDSAT_9_20241220T052758Z.tif
emi20250126t124821p09002-A,2025-01-26 12:48:21+00:00,14.801588504797875,-17.311921647500185,/mnt/engg-leung/Research_No9_Methane_Emissions/Yuyao/raw_data_dir_L89_L2SR_by_gee/emi20250126t124821p09002-A_l89_sr_LANDSAT_9_20250127T112736Z.tif
emi20250127t181322p12005-A,2025-01-27 18:13:22+00:00,19.697650434132058,-101.34730421698632,/mnt/engg-leung/Research_No9_Methane_Emissions/Yuyao/raw_data_dir_L89_L2SR_by_gee/emi20250127t181322p12005-A_l89_sr_LANDSAT_9_20250128T170554Z.tif
emi20250127t181345p12007-B,2025-01-27 18:13:45+00:00,20.67844974536077,-100.4938386132223,/mnt/engg-leung/Research_No9_Methane_Emissions/Yuyao/raw_data_dir_L89_L2SR_by_gee/emi20250127t181345p12007-B_l89_sr_LANDSAT_9_20250128T170554Z.tif
emi20250128t063810p05012-A,2025-01-28 06:38:10+00:00,26.9471101359934,75.91787589296024,/mnt/engg-leung/Research_No9_Methane_Emissions/Yuyao/raw_data_dir_L89_L2SR_by_gee/emi20250128t063810p05012-A_l89_sr_LANDSAT_8_20250129T052528Z.tif
emi20250128t063810p05012-B,2025-01-28 06:38:10+00:00,27.042870948399923,75.80051207411412,/mnt/engg-leung/Research_No9_Methane_Emissions/Yuyao/raw_data_dir_L89_L2SR_by_gee/emi20250128t063810p05012-B_l89_sr_LANDSAT_8_20250129T052528Z.tif
emi20250129t163959p11015-A,2025-01-29 16:39:59+00:00,27.196835230181662,-82.38793195769472,/mnt/engg-leung/Research_No9_Methane_Emissions/Yuyao/raw_data_dir_L89_L2SR_by_gee/emi20250129t163959p11015-A_l89_sr_LANDSAT_8_20250130T160203Z.tif
emi20250202t054303p04011-C,2025-02-02 05:43:03+00:00,22.80209700846153,55.84772024467696,/mnt/engg-leung/Research_No9_Methane_Emissions/Yuyao/raw_data_dir_L89_L2SR_by_gee/emi20250202t054303p04011-C_l89_sr_LANDSAT_8_20250202T064051Z.tif
emi20250202t054303p04011-D,2025-02-02 05:43:03+00:00,22.835175528927365,55.85052766949136,/mnt/engg-leung/Research_No9_Methane_Emissions/Yuyao/raw_data_dir_L89_L2SR_by_gee/emi20250202t054303p04011-D_l89_sr_LANDSAT_8_20250202T064051Z.tif
emi20250203t045947p04016-A,2025-02-03 04:59:47+00:00,33.43402501637476,73.17187175296374,/mnt/engg-leung/Research_No9_Methane_Emissions/Yuyao/raw_data_dir_L89_L2SR_by_gee/emi20250203t045947p04016-A_l89_sr_LANDSAT_8_20250203T054227Z.tif
emi20250211t064529p05009-A,2025-02-11 06:45:29+00:00,42.99951612512632,101.16209517124793,/mnt/engg-leung/Research_No9_Methane_Emissions/Yuyao/raw_data_dir_L89_L2SR_by_gee/emi20250211t064529p05009-A_l89_sr_LANDSAT_8_20250212T035431Z.tif
emi20250212t073250p05006-B,2025-02-12 07:32:50+00:00,38.145124047336736,90.90557169145814,/mnt/engg-leung/Research_No9_Methane_Emissions/Yuyao/raw_data_dir_L89_L2SR_by_gee/emi20250212t073250p05006-B_l89_sr_LANDSAT_8_20250213T043858Z.tif
emi20250218t060155p04034-A,2025-02-18 06:01:55+00:00,15.14896002976252,105.05029019052876,/mnt/engg-leung/Research_No9_Methane_Emissions/Yuyao/raw_data_dir_L89_L2SR_by_gee/emi20250218t060155p04034-A_l89_sr_LANDSAT_9_20250219T031900Z.tif
emi20250220t090527p06030-B,2025-02-20 09:05:27+00:00,15.587552660613367,46.03442952088591,/mnt/engg-leung/Research_No9_Methane_Emissions/Yuyao/raw_data_dir_L89_L2SR_by_gee/emi20250220t090527p06030-B_l89_sr_LANDSAT_8_20250221T071337Z.tif
emi20250220t090527p06030-C,2025-02-20 09:05:27+00:00,15.638203396599993,46.00057245036112,/mnt/engg-leung/Research_No9_Methane_Emissions/Yuyao/raw_data_dir_L89_L2SR_by_gee/emi20250220t090527p06030-C_l89_sr_LANDSAT_8_20250221T071337Z.tif
emi20250221t064447p05008-B,2025-02-21 06:44:47+00:00,19.07252132970636,73.02336012312381,/mnt/engg-leung/Research_No9_Methane_Emissions/Yuyao/raw_data_dir_L89_L2SR_by_gee/emi20250221t064447p05008-B_l89_sr_LANDSAT_9_20250222T052758Z.tif
emi20250226t184259p12001-A,2025-02-26 18:42:59+00:00,-46.19579359129005,-69.25904817245036,/mnt/engg-leung/Research_No9_Methane_Emissions/Yuyao/raw_data_dir_L89_L2SR_by_gee/emi20250226t184259p12001-A_l89_sr_LANDSAT_9_20250227T141846Z.tif
emi20250323t102746p07023-A,2025-03-23 10:27:46+00:00,15.563980210605507,45.79910331159883,/mnt/engg-leung/Research_No9_Methane_Emissions/Yuyao/raw_data_dir_L89_L2SR_by_gee/emi20250323t102746p07023-A_l89_sr_LANDSAT_9_20250324T071944Z.tif
emi20250323t102746p07023-B,2025-03-23 10:27:46+00:00,15.529694223040424,45.97835820793739,/mnt/engg-leung/Research_No9_Methane_Emissions/Yuyao/raw_data_dir_L89_L2SR_by_gee/emi20250323t102746p07023-B_l89_sr_LANDSAT_9_20250324T071944Z.tif
emi20250324t203622p13008-A,2025-03-24 20:36:22+00:00,32.35270276629424,-97.20361598937224,/mnt/engg-leung/Research_No9_Methane_Emissions/Yuyao/raw_data_dir_L89_L2SR_by_gee/emi20250324t203622p13008-A_l89_sr_LANDSAT_8_20250325T170152Z.tif
emi20250324t203634p13009-A,2025-03-24 20:36:34+00:00,32.55021418497097,-96.67568634058584,/mnt/engg-leung/Research_No9_Methane_Emissions/Yuyao/raw_data_dir_L89_L2SR_by_gee/emi20250324t203634p13009-A_l89_sr_LANDSAT_8_20250325T170152Z.tif
emi20250324t203634p13009-B,2025-03-24 20:36:34+00:00,32.68237875627581,-96.70958520522684,/mnt/engg-leung/Research_No9_Methane_Emissions/Yuyao/raw_data_dir_L89_L2SR_by_gee/emi20250324t203634p13009-B_l89_sr_LANDSAT_8_20250325T170152Z.tif
emi20250324t203634p13009-D,2025-03-24 20:36:34+00:00,32.67925573472826,-96.72984990147188,/mnt/engg-leung/Research_No9_Methane_Emissions/Yuyao/raw_data_dir_L89_L2SR_by_gee/emi20250324t203634p13009-D_l89_sr_LANDSAT_8_20250325T170152Z.tif
emi20250420t182309p12030-B,2025-04-20 18:23:09+00:00,32.67523445810943,-104.04882470392742,/mnt/engg-leung/Research_No9_Methane_Emissions/Yuyao/raw_data_dir_L89_L2SR_by_gee/emi20250420t182309p12030-B_l89_sr_LANDSAT_9_20250421T173253Z.tif
emi20250517t121848p08011-A,2025-05-17 12:18:48+00:00,23.33330392580972,58.45306327378114,/mnt/engg-leung/Research_No9_Methane_Emissions/Yuyao/raw_data_dir_L89_L2SR_by_gee/emi20250517t121848p08011-A_l89_sr_LANDSAT_8_20250518T063401Z.tif
emi20250518t033225p03004-A,2025-05-18 03:32:25+00:00,-21.66002792037449,147.96942460358463,/mnt/engg-leung/Research_No9_Methane_Emissions/Yuyao/raw_data_dir_L89_L2SR_by_gee/emi20250518t033225p03004-A_l89_sr_LANDSAT_9_20250519T000446Z.tif
emi20250518t033225p03004-B,2025-05-18 03:32:25+00:00,-21.848703660512257,148.4636467264632,/mnt/engg-leung/Research_No9_Methane_Emissions/Yuyao/raw_data_dir_L89_L2SR_by_gee/emi20250518t033225p03004-B_l89_sr_LANDSAT_9_20250519T000446Z.tif
emi20250518t033225p03004-C,2025-05-18 03:32:25+00:00,-21.887852954940016,147.9950386246686,/mnt/engg-leung/Research_No9_Methane_Emissions/Yuyao/raw_data_dir_L89_L2SR_by_gee/emi20250518t033225p03004-C_l89_sr_LANDSAT_9_20250519T000446Z.tif
emi20250518t033225p03004-D,2025-05-18 03:32:25+00:00,-21.877140996361604,148.021930347262,/mnt/engg-leung/Research_No9_Methane_Emissions/Yuyao/raw_data_dir_L89_L2SR_by_gee/emi20250518t033225p03004-D_l89_sr_LANDSAT_9_20250519T000446Z.tif
emi20250522t095711p07002-A,2025-05-22 09:57:11+00:00,25.031461559918853,67.03199865024979,/mnt/engg-leung/Research_No9_Methane_Emissions/Yuyao/raw_data_dir_L89_L2SR_by_gee/emi20250522t095711p07002-A_l89_sr_LANDSAT_9_20250523T060224Z.tif
emi20250526t082401p06008-A,2025-05-26 08:24:01+00:00,31.627969754623592,74.42106795530461,/mnt/engg-leung/Research_No9_Methane_Emissions/Yuyao/raw_data_dir_L89_L2SR_by_gee/emi20250526t082401p06008-A_l89_sr_LANDSAT_9_20250527T053604Z.tif
emi20250527t091223p06030-A,2025-05-27 09:12:23+00:00,38.67668114339836,65.96228651610136,/mnt/engg-leung/Research_No9_Methane_Emissions/Yuyao/raw_data_dir_L89_L2SR_by_gee/emi20250527t091223p06030-A_l89_sr_LANDSAT_9_20250528T061719Z.tif
emi20250528t052233p04048-A,2025-05-28 05:22:33+00:00,45.190856276275525,131.18130371824094,/mnt/engg-leung/Research_No9_Methane_Emissions/Yuyao/raw_data_dir_L89_L2SR_by_gee/emi20250528t052233p04048-A_l89_sr_LANDSAT_9_20250529T020156Z.tif
emi20250528t052233p04048-B,2025-05-28 05:22:33+00:00,45.35500269999227,131.23421449895017,/mnt/engg-leung/Research_No9_Methane_Emissions/Yuyao/raw_data_dir_L89_L2SR_by_gee/emi20250528t052233p04048-B_l89_sr_LANDSAT_9_20250529T020156Z.tif
emi20250602t200033p13007-A,2025-06-02 20:00:33+00:00,45.56379744761483,-121.13584880009324,/mnt/engg-leung/Research_No9_Methane_Emissions/Yuyao/raw_data_dir_L89_L2SR_by_gee/emi20250602t200033p13007-A_l89_sr_LANDSAT_9_20250603T184917Z.tif
emi20250603t095246p07008-A,2025-06-03 09:52:46+00:00,38.1480016740378,13.276739047583137,/mnt/engg-leung/Research_No9_Methane_Emissions/Yuyao/raw_data_dir_L89_L2SR_by_gee/emi20250603t095246p07008-A_l89_sr_LANDSAT_9_20250604T094113Z.tif
emi20250603t160225p11027-A,2025-06-03 16:02:25+00:00,33.438849822235994,-87.16486818330492,/mnt/engg-leung/Research_No9_Methane_Emissions/Yuyao/raw_data_dir_L89_L2SR_by_gee/emi20250603t160225p11027-A_l89_sr_LANDSAT_8_20250603T162435Z.tif
emi20250603t160225p11027-C,2025-06-03 16:02:25+00:00,33.71436493918543,-86.85718674206719,/mnt/engg-leung/Research_No9_Methane_Emissions/Yuyao/raw_data_dir_L89_L2SR_by_gee/emi20250603t160225p11027-C_l89_sr_LANDSAT_8_20250603T162411Z.tif
emi20250603t160225p11027-E,2025-06-03 16:02:25+00:00,33.42062437159538,-87.28216701955486,/mnt/engg-leung/Research_No9_Methane_Emissions/Yuyao/raw_data_dir_L89_L2SR_by_gee/emi20250603t160225p11027-E_l89_sr_LANDSAT_8_20250603T162435Z.tif
emi20250603t160225p11027-G,2025-06-03 16:02:25+00:00,33.37840552419833,-87.2332651515724,/mnt/engg-leung/Research_No9_Methane_Emissions/Yuyao/raw_data_dir_L89_L2SR_by_gee/emi20250603t160225p11027-G_l89_sr_LANDSAT_8_20250603T162435Z.tif
emi20250603t173453p12004-A,2025-06-03 17:34:53+00:00,33.083017135709866,-112.28590527411473,/mnt/engg-leung/Research_No9_Methane_Emissions/Yuyao/raw_data_dir_L89_L2SR_by_gee/emi20250603t173453p12004-A_l89_sr_LANDSAT_8_20250603T180328Z.tif
emi20250603t173453p12004-C,2025-06-03 17:34:53+00:00,32.86790782331842,-111.89770487464234,/mnt/engg-leung/Research_No9_Methane_Emissions/Yuyao/raw_data_dir_L89_L2SR_by_gee/emi20250603t173453p12004-C_l89_sr_LANDSAT_8_20250603T180328Z.tif
emi20250604t025333p02020-A,2025-06-04 02:53:33+00:00,36.83720874381959,112.2852163058185,/mnt/engg-leung/Research_No9_Methane_Emissions/Yuyao/raw_data_dir_L89_L2SR_by_gee/emi20250604t025333p02020-A_l89_sr_LANDSAT_9_20250604T030605Z.tif
emi20250604t025333p02020-B,2025-06-04 02:53:33+00:00,36.78381195966898,112.2579110144864,/mnt/engg-leung/Research_No9_Methane_Emissions/Yuyao/raw_data_dir_L89_L2SR_by_gee/emi20250604t025333p02020-B_l89_sr_LANDSAT_9_20250604T030605Z.tif
emi20250604t025345p02021-A,2025-06-04 02:53:45+00:00,37.72649410587394,112.2734104735764,/mnt/engg-leung/Research_No9_Methane_Emissions/Yuyao/raw_data_dir_L89_L2SR_by_gee/emi20250604t025345p02021-A_l89_sr_LANDSAT_9_20250604T030605Z.tif
emi20250604t025345p02021-B,2025-06-04 02:53:45+00:00,37.70247319778015,112.28827219219004,/mnt/engg-leung/Research_No9_Methane_Emissions/Yuyao/raw_data_dir_L89_L2SR_by_gee/emi20250604t025345p02021-B_l89_sr_LANDSAT_9_20250604T030605Z.tif
emi20250604t025345p02021-C,2025-06-04 02:53:45+00:00,37.63132512474425,112.2518125221696,/mnt/engg-leung/Research_No9_Methane_Emissions/Yuyao/raw_data_dir_L89_L2SR_by_gee/emi20250604t025345p02021-C_l89_sr_LANDSAT_9_20250604T030605Z.tif
emi20250604t025357p02022-A,2025-06-04 02:53:57+00:00,37.87974144145712,113.05679332125044,/mnt/engg-leung/Research_No9_Methane_Emissions/Yuyao/raw_data_dir_L89_L2SR_by_gee/emi20250604t025357p02022-A_l89_sr_LANDSAT_9_20250604T030605Z.tif
emi20250604t025357p02022-AA,2025-06-04 02:53:57+00:00,37.72397248563941,113.5957077564364,/mnt/engg-leung/Research_No9_Methane_Emissions/Yuyao/raw_data_dir_L89_L2SR_by_gee/emi20250604t025357p02022-AA_l89_sr_LANDSAT_9_20250604T030605Z.tif
emi20250604t025357p02022-AB,2025-06-04 02:53:57+00:00,37.72221900484034,113.6183334204742,/mnt/engg-leung/Research_No9_Methane_Emissions/Yuyao/raw_data_dir_L89_L2SR_by_gee/emi20250604t025357p02022-AB_l89_sr_LANDSAT_9_20250604T030605Z.tif
emi20250604t025357p02022-AD,2025-06-04 02:53:57+00:00,37.913924540740325,113.38540121762406,/mnt/engg-leung/Research_No9_Methane_Emissions/Yuyao/raw_data_dir_L89_L2SR_by_gee/emi20250604t025357p02022-AD_l89_sr_LANDSAT_9_20250604T030541Z.tif
emi20250604t025357p02022-AE,2025-06-04 02:53:57+00:00,37.989988319445246,113.44055757520732,/mnt/engg-leung/Research_No9_Methane_Emissions/Yuyao/raw_data_dir_L89_L2SR_by_gee/emi20250604t025357p02022-AE_l89_sr_LANDSAT_9_20250604T030541Z.tif
emi20250604t025357p02022-AF,2025-06-04 02:53:57+00:00,37.98492021725045,113.4637357317921,/mnt/engg-leung/Research_No9_Methane_Emissions/Yuyao/raw_data_dir_L89_L2SR_by_gee/emi20250604t025357p02022-AF_l89_sr_LANDSAT_9_20250604T030541Z.tif
emi20250604t025357p02022-AG,2025-06-04 02:53:57+00:00,37.9494652811218,112.9676774681978,/mnt/engg-leung/Research_No9_Methane_Emissions/Yuyao/raw_data_dir_L89_L2SR_by_gee/emi20250604t025357p02022-AG_l89_sr_LANDSAT_9_20250604T030541Z.tif
emi20250604t025357p02022-AH,2025-06-04 02:53:57+00:00,37.99845672414261,113.30087201598326,/mnt/engg-leung/Research_No9_Methane_Emissions/Yuyao/raw_data_dir_L89_L2SR_by_gee/emi20250604t025357p02022-AH_l89_sr_LANDSAT_9_20250604T030541Z.tif
emi20250604t025357p02022-AI,2025-06-04 02:53:57+00:00,37.95064365985922,113.2245882805808,/mnt/engg-leung/Research_No9_Methane_Emissions/Yuyao/raw_data_dir_L89_L2SR_by_gee/emi20250604t025357p02022-AI_l89_sr_LANDSAT_9_20250604T030541Z.tif
emi20250604t025357p02022-AJ,2025-06-04 02:53:57+00:00,37.99324713464708,113.3267455354607,/mnt/engg-leung/Research_No9_Methane_Emissions/Yuyao/raw_data_dir_L89_L2SR_by_gee/emi20250604t025357p02022-AJ_l89_sr_LANDSAT_9_20250604T030541Z.tif
emi20250604t025357p02022-AK,2025-06-04 02:53:57+00:00,38.00855722209758,113.36444263268815,/mnt/engg-leung/Research_No9_Methane_Emissions/Yuyao/raw_data_dir_L89_L2SR_by_gee/emi20250604t025357p02022-AK_l89_sr_LANDSAT_9_20250604T030541Z.tif
emi20250604t025357p02022-AL,2025-06-04 02:53:57+00:00,37.94224113072077,113.3776490865207,/mnt/engg-leung/Research_No9_Methane_Emissions/Yuyao/raw_data_dir_L89_L2SR_by_gee/emi20250604t025357p02022-AL_l89_sr_LANDSAT_9_20250604T030541Z.tif
emi20250604t025357p02022-AM,2025-06-04 02:53:57+00:00,37.96744532190336,113.49726703254412,/mnt/engg-leung/Research_No9_Methane_Emissions/Yuyao/raw_data_dir_L89_L2SR_by_gee/emi20250604t025357p02022-AM_l89_sr_LANDSAT_9_20250604T030541Z.tif
emi20250604t025357p02022-AN,2025-06-04 02:53:57+00:00,38.006694642898736,113.4258309509068,/mnt/engg-leung/Research_No9_Methane_Emissions/Yuyao/raw_data_dir_L89_L2SR_by_gee/emi20250604t025357p02022-AN_l89_sr_LANDSAT_9_20250604T030541Z.tif
emi20250604t025357p02022-AP,2025-06-04 02:53:57+00:00,37.933640402339705,112.961040881175,/mnt/engg-leung/Research_No9_Methane_Emissions/Yuyao/raw_data_dir_L89_L2SR_by_gee/emi20250604t025357p02022-AP_l89_sr_LANDSAT_9_20250604T030605Z.tif
emi20250604t025357p02022-AQ,2025-06-04 02:53:57+00:00,37.9626809635689,112.96856801827464,/mnt/engg-leung/Research_No9_Methane_Emissions/Yuyao/raw_data_dir_L89_L2SR_by_gee/emi20250604t025357p02022-AQ_l89_sr_LANDSAT_9_20250604T030541Z.tif
emi20250604t025357p02022-B,2025-06-04 02:53:57+00:00,37.8932407159387,113.00458747283,/mnt/engg-leung/Research_No9_Methane_Emissions/Yuyao/raw_data_dir_L89_L2SR_by_gee/emi20250604t025357p02022-B_l89_sr_LANDSAT_9_20250604T030605Z.tif
emi20250604t025357p02022-C,2025-06-04 02:53:57+00:00,37.9010966376658,113.07209956743048,/mnt/engg-leung/Research_No9_Methane_Emissions/Yuyao/raw_data_dir_L89_L2SR_by_gee/emi20250604t025357p02022-C_l89_sr_LANDSAT_9_20250604T030605Z.tif
emi20250604t025357p02022-D,2025-06-04 02:53:57+00:00,37.938152336228654,113.02379285091,/mnt/engg-leung/Research_No9_Methane_Emissions/Yuyao/raw_data_dir_L89_L2SR_by_gee/emi20250604t025357p02022-D_l89_sr_LANDSAT_9_20250604T030541Z.tif
emi20250604t025357p02022-E,2025-06-04 02:53:57+00:00,37.971458318834365,113.14908199102064,/mnt/engg-leung/Research_No9_Methane_Emissions/Yuyao/raw_data_dir_L89_L2SR_by_gee/emi20250604t025357p02022-E_l89_sr_LANDSAT_9_20250604T030541Z.tif
emi20250604t025357p02022-F,2025-06-04 02:53:57+00:00,37.97780538018927,113.1704242839266,/mnt/engg-leung/Research_No9_Methane_Emissions/Yuyao/raw_data_dir_L89_L2SR_by_gee/emi20250604t025357p02022-F_l89_sr_LANDSAT_9_20250604T030541Z.tif
emi20250604t025357p02022-G,2025-06-04 02:53:57+00:00,37.986533475442485,113.22962248199524,/mnt/engg-leung/Research_No9_Methane_Emissions/Yuyao/raw_data_dir_L89_L2SR_by_gee/emi20250604t025357p02022-G_l89_sr_LANDSAT_9_20250604T030541Z.tif
emi20250604t025357p02022-H,2025-06-04 02:53:57+00:00,37.94894241667549,113.2179549659404,/mnt/engg-leung/Research_No9_Methane_Emissions/Yuyao/raw_data_dir_L89_L2SR_by_gee/emi20250604t025357p02022-H_l89_sr_LANDSAT_9_20250604T030541Z.tif
emi20250604t025357p02022-I,2025-06-04 02:53:57+00:00,37.95937871939245,113.26957159390064,/mnt/engg-leung/Research_No9_Methane_Emissions/Yuyao/raw_data_dir_L89_L2SR_by_gee/emi20250604t025357p02022-I_l89_sr_LANDSAT_9_20250604T030541Z.tif
emi20250604t025357p02022-J,2025-06-04 02:53:57+00:00,37.89014212364869,113.24083812217953,/mnt/engg-leung/Research_No9_Methane_Emissions/Yuyao/raw_data_dir_L89_L2SR_by_gee/emi20250604t025357p02022-J_l89_sr_LANDSAT_9_20250604T030605Z.tif
emi20250604t025357p02022-K,2025-06-04 02:53:57+00:00,37.87730674823443,113.3514373598149,/mnt/engg-leung/Research_No9_Methane_Emissions/Yuyao/raw_data_dir_L89_L2SR_by_gee/emi20250604t025357p02022-K_l89_sr_LANDSAT_9_20250604T030541Z.tif
emi20250604t025357p02022-L,2025-06-04 02:53:57+00:00,37.884581152562376,113.37890056494496,/mnt/engg-leung/Research_No9_Methane_Emissions/Yuyao/raw_data_dir_L89_L2SR_by_gee/emi20250604t025357p02022-L_l89_sr_LANDSAT_9_20250604T030541Z.tif
emi20250604t025357p02022-M,2025-06-04 02:53:57+00:00,37.893026549691896,113.42193935808922,/mnt/engg-leung/Research_No9_Methane_Emissions/Yuyao/raw_data_dir_L89_L2SR_by_gee/emi20250604t025357p02022-M_l89_sr_LANDSAT_9_20250604T030541Z.tif
emi20250604t025357p02022-N,2025-06-04 02:53:57+00:00,37.871056785652,113.42638170091618,/mnt/engg-leung/Research_No9_Methane_Emissions/Yuyao/raw_data_dir_L89_L2SR_by_gee/emi20250604t025357p02022-N_l89_sr_LANDSAT_9_20250604T030541Z.tif
emi20250604t025357p02022-O,2025-06-04 02:53:57+00:00,37.88201473155624,113.46932805893914,/mnt/engg-leung/Research_No9_Methane_Emissions/Yuyao/raw_data_dir_L89_L2SR_by_gee/emi20250604t025357p02022-O_l89_sr_LANDSAT_9_20250604T030541Z.tif
emi20250604t025357p02022-P,2025-06-04 02:53:57+00:00,37.84215563076553,113.461400547493,/mnt/engg-leung/Research_No9_Methane_Emissions/Yuyao/raw_data_dir_L89_L2SR_by_gee/emi20250604t025357p02022-P_l89_sr_LANDSAT_9_20250604T030605Z.tif
emi20250604t025357p02022-Q,2025-06-04 02:53:57+00:00,37.82502125341894,113.47179074001878,/mnt/engg-leung/Research_No9_Methane_Emissions/Yuyao/raw_data_dir_L89_L2SR_by_gee/emi20250604t025357p02022-Q_l89_sr_LANDSAT_9_20250604T030605Z.tif
emi20250604t025357p02022-R,2025-06-04 02:53:57+00:00,37.87015331968213,113.51232530625704,/mnt/engg-leung/Research_No9_Methane_Emissions/Yuyao/raw_data_dir_L89_L2SR_by_gee/emi20250604t025357p02022-R_l89_sr_LANDSAT_9_20250604T030541Z.tif
emi20250604t025357p02022-S,2025-06-04 02:53:57+00:00,37.86529181264406,113.48880302326398,/mnt/engg-leung/Research_No9_Methane_Emissions/Yuyao/raw_data_dir_L89_L2SR_by_gee/emi20250604t025357p02022-S_l89_sr_LANDSAT_9_20250604T030541Z.tif
emi20250604t025357p02022-T,2025-06-04 02:53:57+00:00,37.94259860797708,113.42386646468714,/mnt/engg-leung/Research_No9_Methane_Emissions/Yuyao/raw_data_dir_L89_L2SR_by_gee/emi20250604t025357p02022-T_l89_sr_LANDSAT_9_20250604T030541Z.tif
emi20250604t025357p02022-U,2025-06-04 02:53:57+00:00,37.96732311024327,113.436948360761,/mnt/engg-leung/Research_No9_Methane_Emissions/Yuyao/raw_data_dir_L89_L2SR_by_gee/emi20250604t025357p02022-U_l89_sr_LANDSAT_9_20250604T030541Z.tif
emi20250604t025357p02022-V,2025-06-04 02:53:57+00:00,38.00847286297238,113.4046311634982,/mnt/engg-leung/Research_No9_Methane_Emissions/Yuyao/raw_data_dir_L89_L2SR_by_gee/emi20250604t025357p02022-V_l89_sr_LANDSAT_9_20250604T030541Z.tif
emi20250604t025357p02022-W,2025-06-04 02:53:57+00:00,37.7721452002688,113.5614437207014,/mnt/engg-leung/Research_No9_Methane_Emissions/Yuyao/raw_data_dir_L89_L2SR_by_gee/emi20250604t025357p02022-W_l89_sr_LANDSAT_9_20250604T030605Z.tif
emi20250604t025357p02022-X,2025-06-04 02:53:57+00:00,37.761135975165146,113.51837216022506,/mnt/engg-leung/Research_No9_Methane_Emissions/Yuyao/raw_data_dir_L89_L2SR_by_gee/emi20250604t025357p02022-X_l89_sr_LANDSAT_9_20250604T030605Z.tif
emi20250604t025357p02022-Y,2025-06-04 02:53:57+00:00,37.744776429332816,113.54871032153476,/mnt/engg-leung/Research_No9_Methane_Emissions/Yuyao/raw_data_dir_L89_L2SR_by_gee/emi20250604t025357p02022-Y_l89_sr_LANDSAT_9_20250604T030605Z.tif
emi20250604t025357p02022-Z,2025-06-04 02:53:57+00:00,37.74604171397071,113.56577230192744,/mnt/engg-leung/Research_No9_Methane_Emissions/Yuyao/raw_data_dir_L89_L2SR_by_gee/emi20250604t025357p02022-Z_l89_sr_LANDSAT_9_20250604T030605Z.tif
emi20250604t073039p05010-B,2025-06-04 07:30:39+00:00,33.3281010668714,36.44653828217318,/mnt/engg-leung/Research_No9_Methane_Emissions/Yuyao/raw_data_dir_L89_L2SR_by_gee/emi20250604t073039p05010-B_l89_sr_LANDSAT_9_20250604T080356Z.tif
emi20250605t081905p06014-A,2025-06-05 08:19:05+00:00,40.2643544093288,28.967268913290383,/mnt/engg-leung/Research_No9_Methane_Emissions/Yuyao/raw_data_dir_L89_L2SR_by_gee/emi20250605t081905p06014-A_l89_sr_LANDSAT_9_20250605T084512Z.tif
emi20250605t081917p06015-A,2025-06-05 08:19:17+00:00,40.78572864011159,30.01745699447204,/mnt/engg-leung/Research_No9_Methane_Emissions/Yuyao/raw_data_dir_L89_L2SR_by_gee/emi20250605t081917p06015-A_l89_sr_LANDSAT_9_20250605T084448Z.tif
emi20250606t090643p06017-A,2025-06-06 09:06:43+00:00,44.78320902414944,20.59317864565284,/mnt/engg-leung/Research_No9_Methane_Emissions/Yuyao/raw_data_dir_L89_L2SR_by_gee/emi20250606t090643p06017-A_l89_sr_LANDSAT_9_20250606T092716Z.tif
emi20250609t142632p09002-A,2025-06-09 14:26:32+00:00,40.93698761515356,-87.33740107923546,/mnt/engg-leung/Research_No9_Methane_Emissions/Yuyao/raw_data_dir_L89_L2SR_by_gee/emi20250609t142632p09002-A_l89_sr_LANDSAT_9_20250609T163458Z.tif
emi20250609t173458p11005-A,2025-06-09 17:34:58+00:00,46.24355326252851,-122.77276651302766,/mnt/engg-leung/Research_No9_Methane_Emissions/Yuyao/raw_data_dir_L89_L2SR_by_gee/emi20250609t173458p11005-A_l89_sr_LANDSAT_8_20250609T190146Z.tif
emi20250609t222616p14004-A,2025-06-09 22:26:16+00:00,44.700881514249176,-123.23816861621977,/mnt/engg-leung/Research_No9_Methane_Emissions/Yuyao/raw_data_dir_L89_L2SR_by_gee/emi20250609t222616p14004-A_l89_sr_LANDSAT_9_20250610T185557Z.tif
emi20250611t065853p04019-A,2025-06-11 06:58:53+00:00,37.95973981448269,113.26982347230216,/mnt/engg-leung/Research_No9_Methane_Emissions/Yuyao/raw_data_dir_L89_L2SR_by_gee/emi20250611t065853p04019-A_l89_sr_LANDSAT_8_20250612T030552Z.tif
emi20250611t065853p04019-B,2025-06-11 06:58:53+00:00,37.9507842782493,113.2260472919212,/mnt/engg-leung/Research_No9_Methane_Emissions/Yuyao/raw_data_dir_L89_L2SR_by_gee/emi20250611t065853p04019-B_l89_sr_LANDSAT_8_20250612T030552Z.tif
emi20250611t065853p04019-C,2025-06-11 06:58:53+00:00,37.972112078051225,113.1480701929072,/mnt/engg-leung/Research_No9_Methane_Emissions/Yuyao/raw_data_dir_L89_L2SR_by_gee/emi20250611t065853p04019-C_l89_sr_LANDSAT_8_20250612T030552Z.tif
emi20250611t065853p04019-D,2025-06-11 06:58:53+00:00,37.74436449339342,113.54885955975568,/mnt/engg-leung/Research_No9_Methane_Emissions/Yuyao/raw_data_dir_L89_L2SR_by_gee/emi20250611t065853p04019-D_l89_sr_LANDSAT_8_20250612T030615Z.tif
emi20250611t065853p04019-E,2025-06-11 06:58:53+00:00,37.84200066364177,113.4627792041806,/mnt/engg-leung/Research_No9_Methane_Emissions/Yuyao/raw_data_dir_L89_L2SR_by_gee/emi20250611t065853p04019-E_l89_sr_LANDSAT_8_20250612T030615Z.tif
emi20250611t065853p04019-F,2025-06-11 06:58:53+00:00,37.865582916154935,113.4895044001588,/mnt/engg-leung/Research_No9_Methane_Emissions/Yuyao/raw_data_dir_L89_L2SR_by_gee/emi20250611t065853p04019-F_l89_sr_LANDSAT_8_20250612T030552Z.tif
emi20250611t065853p04019-G,2025-06-11 06:58:53+00:00,37.893354345313625,113.42264741497934,/mnt/engg-leung/Research_No9_Methane_Emissions/Yuyao/raw_data_dir_L89_L2SR_by_gee/emi20250611t065853p04019-G_l89_sr_LANDSAT_8_20250612T030552Z.tif
emi20250611t065853p04019-H,2025-06-11 06:58:53+00:00,37.72408122610469,113.59521485390604,/mnt/engg-leung/Research_No9_Methane_Emissions/Yuyao/raw_data_dir_L89_L2SR_by_gee/emi20250611t065853p04019-H_l89_sr_LANDSAT_8_20250612T030615Z.tif
emi20250613t100206p06020-A,2025-06-13 10:02:06+00:00,38.85285786431896,54.23701879059249,/mnt/engg-leung/Research_No9_Methane_Emissions/Yuyao/raw_data_dir_L89_L2SR_by_gee/emi20250613t100206p06020-A_l89_sr_LANDSAT_9_20250614T070041Z.tif
emi20250613t100206p06020-B,2025-06-13 10:02:06+00:00,39.04305804897564,54.25318212714368,/mnt/engg-leung/Research_No9_Methane_Emissions/Yuyao/raw_data_dir_L89_L2SR_by_gee/emi20250613t100206p06020-B_l89_sr_LANDSAT_9_20250614T070041Z.tif
emi20250613t100206p06020-C,2025-06-13 10:02:06+00:00,39.36035229899841,53.76563696568138,/mnt/engg-leung/Research_No9_Methane_Emissions/Yuyao/raw_data_dir_L89_L2SR_by_gee/emi20250613t100206p06020-C_l89_sr_LANDSAT_9_20250614T070041Z.tif
emi20250613t100206p06020-D,2025-06-13 10:02:06+00:00,39.37671758786087,53.83784133152963,/mnt/engg-leung/Research_No9_Methane_Emissions/Yuyao/raw_data_dir_L89_L2SR_by_gee/emi20250613t100206p06020-D_l89_sr_LANDSAT_9_20250614T070041Z.tif
emi20250613t100206p06020-E,2025-06-13 10:02:06+00:00,39.34637254102287,53.88173925102646,/mnt/engg-leung/Research_No9_Methane_Emissions/Yuyao/raw_data_dir_L89_L2SR_by_gee/emi20250613t100206p06020-E_l89_sr_LANDSAT_9_20250614T070041Z.tif
emi20250613t100206p06020-F,2025-06-13 10:02:06+00:00,38.47068472384075,54.10849125921598,/mnt/engg-leung/Research_No9_Methane_Emissions/Yuyao/raw_data_dir_L89_L2SR_by_gee/emi20250613t100206p06020-F_l89_sr_LANDSAT_9_20250614T070041Z.tif
emi20250613t100206p06020-G,2025-06-13 10:02:06+00:00,39.35267639839239,53.74570053467588,/mnt/engg-leung/Research_No9_Methane_Emissions/Yuyao/raw_data_dir_L89_L2SR_by_gee/emi20250613t100206p06020-G_l89_sr_LANDSAT_9_20250614T070041Z.tif
emi20250613t100206p06020-H,2025-06-13 10:02:06+00:00,39.373032915034,53.77174968870031,/mnt/engg-leung/Research_No9_Methane_Emissions/Yuyao/raw_data_dir_L89_L2SR_by_gee/emi20250613t100206p06020-H_l89_sr_LANDSAT_9_20250614T070041Z.tif
emi20250613t205246p13023-A,2025-06-13 20:52:46+00:00,36.41693129129269,-108.10138247033036,/mnt/engg-leung/Research_No9_Methane_Emissions/Yuyao/raw_data_dir_L89_L2SR_by_gee/emi20250613t205246p13023-A_l89_sr_LANDSAT_8_20250614T174418Z.tif
emi20250620t165341p11037-A,2025-06-20 16:53:41+00:00,33.99642918108459,-85.17245495838706,/mnt/engg-leung/Research_No9_Methane_Emissions/Yuyao/raw_data_dir_L89_L2SR_by_gee/emi20250620t165341p11037-A_l89_sr_LANDSAT_8_20250621T161204Z.tif
emi20250815t123929p08007-A,2025-08-15 12:39:29+00:00,36.66393935033842,2.829202355418914,/mnt/engg-leung/Research_No9_Methane_Emissions/Yuyao/raw_data_dir_L89_L2SR_by_gee/emi20250815t123929p08007-A_l89_sr_LANDSAT_8_20250816T102531Z.tif
emi20250815t123929p08007-B,2025-08-15 12:39:29+00:00,36.72214318827412,3.4489680405253864,/mnt/engg-leung/Research_No9_Methane_Emissions/Yuyao/raw_data_dir_L89_L2SR_by_gee/emi20250815t123929p08007-B_l89_sr_LANDSAT_8_20250816T102531Z.tif
tan20241026t140414c00s4001-A,2024-10-26 14:04:14+00:00,-34.5326666966704,-58.631014394663495,/mnt/engg-leung/Research_No9_Methane_Emissions/Yuyao/raw_data_dir_L89_L2SR_by_gee/tan20241026t140414c00s4001-A_l89_sr_LANDSAT_8_20241027T134439Z.tif
tan20241026t140414c00s4001-B,2024-10-26 14:04:14+00:00,-34.53116114643162,-58.62544609589796,/mnt/engg-leung/Research_No9_Methane_Emissions/Yuyao/raw_data_dir_L89_L2SR_by_gee/tan20241026t140414c00s4001-B_l89_sr_LANDSAT_8_20241027T134439Z.tif
tan20241026t140414c00s4001-C,2024-10-26 14:04:14+00:00,-34.53107035856332,-58.6138741038377,/mnt/engg-leung/Research_No9_Methane_Emissions/Yuyao/raw_data_dir_L89_L2SR_by_gee/tan20241026t140414c00s4001-C_l89_sr_LANDSAT_8_20241027T134439Z.tif
tan20241026t140414c00s4001-D,2024-10-26 14:04:14+00:00,-34.787775414591465,-58.663300261686615,/mnt/engg-leung/Research_No9_Methane_Emissions/Yuyao/raw_data_dir_L89_L2SR_by_gee/tan20241026t140414c00s4001-D_l89_sr_LANDSAT_8_20241027T134439Z.tif
tan20241026t140414c00s4001-E,2024-10-26 14:04:14+00:00,-34.83737412543379,-58.61053599560962,/mnt/engg-leung/Research_No9_Methane_Emissions/Yuyao/raw_data_dir_L89_L2SR_by_gee/tan20241026t140414c00s4001-E_l89_sr_LANDSAT_8_20241027T134439Z.tif
tan20250220t080054c00s4001-A,2025-02-20 08:00:54+00:00,15.587720373756866,46.03556869466192,/mnt/engg-leung/Research_No9_Methane_Emissions/Yuyao/raw_data_dir_L89_L2SR_by_gee/tan20250220t080054c00s4001-A_l89_sr_LANDSAT_8_20250221T071337Z.tif
tan20250226t151118c00s4001-A,2025-02-26 15:11:18+00:00,-46.19574307629263,-69.25948881735196,/mnt/engg-leung/Research_No9_Methane_Emissions/Yuyao/raw_data_dir_L89_L2SR_by_gee/tan20250226t151118c00s4001-A_l89_sr_LANDSAT_9_20250227T141846Z.tif
tan20250328t055135c00s4001-A,2025-03-28 05:51:35+00:00,17.52632627237402,78.58853752039556,/mnt/engg-leung/Research_No9_Methane_Emissions/Yuyao/raw_data_dir_L89_L2SR_by_gee/tan20250328t055135c00s4001-A_l89_sr_LANDSAT_8_20250329T050920Z.tif
tan20250328t055135c00s4001-B,2025-03-28 05:51:35+00:00,17.514653602458722,78.592289848507,/mnt/engg-leung/Research_No9_Methane_Emissions/Yuyao/raw_data_dir_L89_L2SR_by_gee/tan20250328t055135c00s4001-B_l89_sr_LANDSAT_8_20250329T050920Z.tif
tan20250328t055135c00s4001-D,2025-03-28 05:51:35+00:00,17.52339641325554,78.5950457117674,/mnt/engg-leung/Research_No9_Methane_Emissions/Yuyao/raw_data_dir_L89_L2SR_by_gee/tan20250328t055135c00s4001-D_l89_sr_LANDSAT_8_20250329T050920Z.tif
tan20250527t184828c48s4001-A,2025-05-27 18:48:28+00:00,36.7328314764333,-107.96863327599,/mnt/engg-leung/Research_No9_Methane_Emissions/Yuyao/raw_data_dir_L89_L2SR_by_gee/tan20250527t184828c48s4001-A_l89_sr_LANDSAT_9_20250528T175018Z.tif
tan20250527t184828c48s4001-B,2025-05-27 18:48:28+00:00,36.7351912846444,-107.96650208654854,/mnt/engg-leung/Research_No9_Methane_Emissions/Yuyao/raw_data_dir_L89_L2SR_by_gee/tan20250527t184828c48s4001-B_l89_sr_LANDSAT_9_20250528T175018Z.tif
tan20250527t184828c48s4001-C,2025-05-27 18:48:28+00:00,36.73059986573941,-107.96747654105754,/mnt/engg-leung/Research_No9_Methane_Emissions/Yuyao/raw_data_dir_L89_L2SR_by_gee/tan20250527t184828c48s4001-C_l89_sr_LANDSAT_9_20250528T175018Z.tif
tan20250527t184828c48s4001-D,2025-05-27 18:48:28+00:00,36.92615907938418,-108.14339790555516,/mnt/engg-leung/Research_No9_Methane_Emissions/Yuyao/raw_data_dir_L89_L2SR_by_gee/tan20250527t184828c48s4001-D_l89_sr_LANDSAT_9_20250528T175018Z.tif
tan20250602t192624c08s4001-A,2025-06-02 19:26:24+00:00,45.814063349440616,-120.18427319928767,/mnt/engg-leung/Research_No9_Methane_Emissions/Yuyao/raw_data_dir_L89_L2SR_by_gee/tan20250602t192624c08s4001-A_l89_sr_LANDSAT_9_20250603T184917Z.tif
tan20250602t192624c08s4001-B,2025-06-02 19:26:24+00:00,45.81137593232331,-120.18479487072166,/mnt/engg-leung/Research_No9_Methane_Emissions/Yuyao/raw_data_dir_L89_L2SR_by_gee/tan20250602t192624c08s4001-B_l89_sr_LANDSAT_9_20250603T184917Z.tif
tan20250602t192624c08s4001-D,2025-06-02 19:26:24+00:00,45.63182660642649,-120.2076616373165,/mnt/engg-leung/Research_No9_Methane_Emissions/Yuyao/raw_data_dir_L89_L2SR_by_gee/tan20250602t192624c08s4001-D_l89_sr_LANDSAT_9_20250603T184917Z.tif
tan20250602t192624c08s4001-E,2025-06-02 19:26:24+00:00,45.8082593658582,-120.16796287855404,/mnt/engg-leung/Research_No9_Methane_Emissions/Yuyao/raw_data_dir_L89_L2SR_by_gee/tan20250602t192624c08s4001-E_l89_sr_LANDSAT_9_20250603T184917Z.tif
tan20250602t192624c08s4001-F,2025-06-02 19:26:24+00:00,45.6471180721474,-120.21460146873314,/mnt/engg-leung/Research_No9_Methane_Emissions/Yuyao/raw_data_dir_L89_L2SR_by_gee/tan20250602t192624c08s4001-F_l89_sr_LANDSAT_9_20250603T184917Z.tif
tan20250622t074731c58s4001-A,2025-06-22 07:47:31+00:00,27.584518753470704,52.53135182153804,/mnt/engg-leung/Research_No9_Methane_Emissions/Yuyao/raw_data_dir_L89_L2SR_by_gee/tan20250622t074731c58s4001-A_l89_sr_LANDSAT_9_20250623T065747Z.tif
tan20250622t074731c58s4001-B,2025-06-22 07:47:31+00:00,27.581184063087008,52.53560320863929,/mnt/engg-leung/Research_No9_Methane_Emissions/Yuyao/raw_data_dir_L89_L2SR_by_gee/tan20250622t074731c58s4001-B_l89_sr_LANDSAT_9_20250623T065747Z.tif
tan20250622t074731c58s4001-C,2025-06-22 07:47:31+00:00,27.54372285919452,52.57375033074578,/mnt/engg-leung/Research_No9_Methane_Emissions/Yuyao/raw_data_dir_L89_L2SR_by_gee/tan20250622t074731c58s4001-C_l89_sr_LANDSAT_9_20250623T065747Z.tif
tan20250622t074731c58s4001-D,2025-06-22 07:47:31+00:00,27.55131957659233,52.5728499000777,/mnt/engg-leung/Research_No9_Methane_Emissions/Yuyao/raw_data_dir_L89_L2SR_by_gee/tan20250622t074731c58s4001-D_l89_sr_LANDSAT_9_20250623T065747Z.tif
tan20250622t074731c58s4001-F,2025-06-22 07:47:31+00:00,27.515135849462894,52.61434180693749,/mnt/engg-leung/Research_No9_Methane_Emissions/Yuyao/raw_data_dir_L89_L2SR_by_gee/tan20250622t074731c58s4001-F_l89_sr_LANDSAT_9_20250623T065747Z.tif
tan20250622t170412c08s4001-A,2025-06-22 17:04:12+00:00,39.77584422928064,-80.77606007902448,/mnt/engg-leung/Research_No9_Methane_Emissions/Yuyao/raw_data_dir_L89_L2SR_by_gee/tan20250622t170412c08s4001-A_l89_sr_LANDSAT_8_20250623T155807Z.tif
tan20250622t170412c08s4001-B,2025-06-22 17:04:12+00:00,39.90293362192563,-80.6392516387546,/mnt/engg-leung/Research_No9_Methane_Emissions/Yuyao/raw_data_dir_L89_L2SR_by_gee/tan20250622t170412c08s4001-B_l89_sr_LANDSAT_8_20250623T155807Z.tif
tan20250723t085612c40s4001-H,2025-07-23 08:56:12+00:00,36.11099216381291,40.80952397804964,/mnt/engg-leung/Research_No9_Methane_Emissions/Yuyao/raw_data_dir_L89_L2SR_by_gee/tan20250723t085612c40s4001-H_l89_sr_LANDSAT_9_20250724T075113Z.tif
tan20250723t085612c40s4001-I,2025-07-23 08:56:12+00:00,36.11520719329762,40.80876513296451,/mnt/engg-leung/Research_No9_Methane_Emissions/Yuyao/raw_data_dir_L89_L2SR_by_gee/tan20250723t085612c40s4001-I_l89_sr_LANDSAT_9_20250724T075113Z.tif
tan20250723t085612c40s4001-J,2025-07-23 08:56:12+00:00,36.11816841316413,40.80887939624418,/mnt/engg-leung/Research_No9_Methane_Emissions/Yuyao/raw_data_dir_L89_L2SR_by_gee/tan20250723t085612c40s4001-J_l89_sr_LANDSAT_9_20250724T075113Z.tif
tan20250723t085612c40s4001-K,2025-07-23 08:56:12+00:00,36.375573209755146,40.93162400671855,/mnt/engg-leung/Research_No9_Methane_Emissions/Yuyao/raw_data_dir_L89_L2SR_by_gee/tan20250723t085612c40s4001-K_l89_sr_LANDSAT_9_20250724T075113Z.tif
tan20250729t080447c56s4001-A,2025-07-29 08:04:47+00:00,32.064270486194275,49.0976147839452,/mnt/engg-leung/Research_No9_Methane_Emissions/Yuyao/raw_data_dir_L89_L2SR_by_gee/tan20250729t080447c56s4001-A_l89_sr_LANDSAT_9_20250730T071521Z.tif
tan20250821t112719c45s4001-B,2025-08-21 11:27:19+00:00,35.67833634814042,-0.451870123791565,/mnt/engg-leung/Research_No9_Methane_Emissions/Yuyao/raw_data_dir_L89_L2SR_by_gee/tan20250821t112719c45s4001-B_l89_sr_LANDSAT_9_20250822T103820Z.tif
tan20250914t142425c73s4001-A,2025-09-14 14:24:25+00:00,-16.877239002416687,-49.45856408897717,/mnt/engg-leung/Research_No9_Methane_Emissions/Yuyao/raw_data_dir_L89_L2SR_by_gee/tan20250914t142425c73s4001-A_l89_sr_LANDSAT_9_20250915T132107Z.tif
tan20250914t142425c73s4001-B,2025-09-14 14:24:25+00:00,-16.646872197873165,-49.36420842850211,/mnt/engg-leung/Research_No9_Methane_Emissions/Yuyao/raw_data_dir_L89_L2SR_by_gee/tan20250914t142425c73s4001-B_l89_sr_LANDSAT_9_20250915T132107Z.tif
