path,plume_id,bands,height,width,shape_ok,crs,pixel_size_x,pixel_size_y,center_lon,center_lat,plume_lon,plume_lat,center_offset_m,center_offset_px
/mnt/engg-leung/Research_No9_Methane_Emissions/Yuyao/raw_data_dir_L89_L2SR_by_gee/ang20220324t195537-E_l89_sr_LANDSAT_8_20220325T175015Z.tif,ang20220324t195537-E,10,529,528,False,EPSG:32612,30.0,-30.0,-107.86849489622514,37.06633651666249,-107.868868,37.066174,37.766692539770155,1.2588897513256718
/mnt/engg-leung/Research_No9_Methane_Emissions/Yuyao/raw_data_dir_L89_L2SR_by_gee/emi20220815t105833p07011-R_l89_sr_LANDSAT_9_20220816T070706Z.tif,emi20220815t105833p07011-R,10,527,526,False,EPSG:32639,30.0,-30.0,53.625101020412444,39.46410146852105,53.62470730522145,39.46403216825422,34.744823712989216,1.1581607904329738
/mnt/engg-leung/Research_No9_Methane_Emissions/Yuyao/raw_data_dir_L89_L2SR_by_gee/emi20250604t025357p02022-Y_l89_sr_LANDSAT_9_20250604T030605Z.tif,emi20250604t025357p02022-Y,10,526,525,False,EPSG:32649,30.0,-30.0,113.5490336648986,37.74493488786318,113.54871032153476,37.744776429332816,33.48832201774302,1.1162774005914342
/mnt/engg-leung/Research_No9_Methane_Emissions/Yuyao/raw_data_dir_L89_L2SR_by_gee/tan20250715t080139c58s4001-S_l89_sr_LANDSAT_9_20250716T070119Z.tif,tan20250715t080139c58s4001-S,10,528,527,False,EPSG:32639,30.0,-30.0,53.913915060889885,37.94271749308709,53.9135398666553,37.94267981900521,33.243905405391686,1.108130180179723
/mnt/engg-leung/Research_No9_Methane_Emissions/Yuyao/raw_data_dir_L89_L2SR_by_gee/emi20230607t062432p04038-A_l89_sr_LANDSAT_9_20230608T061717Z.tif,emi20230607t062432p04038-A,10,526,524,False,EPSG:32641,30.0,-30.0,65.30463178187547,39.176966195115185,65.30424967224783,39.1769519616669,33.055964503451804,1.1018654834483934
/mnt/engg-leung/Research_No9_Methane_Emissions/Yuyao/raw_data_dir_L89_L2SR_by_gee/tan20250721t070839c68s4001-A_l89_sr_LANDSAT_9_20250722T062353Z.tif,tan20250721t070839c68s4001-A,10,521,520,False,EPSG:32641,30.0,-30.0,64.61802694601121,38.73398525296194,64.61769545091974,38.733855921994376,32.20121458991841,1.0733738196639468
/mnt/engg-leung/Research_No9_Methane_Emissions/Yuyao/raw_data_dir_L89_L2SR_by_gee/ang20161026t182549-A_l89_sr_LANDSAT_8_20161026T184014Z.tif,ang20161026t182549-A,10,527,526,False,EPSG:32610,30.0,-30.0,-120.25244665950748,36.79280483180642,-120.2527614,36.79266603,32.037356308410274,1.067911876947009
/mnt/engg-leung/Research_No9_Methane_Emissions/Yuyao/raw_data_dir_L89_L2SR_by_gee/tan20250328t054218c00s4001-F_l89_sr_LANDSAT_8_20250329T045922Z.tif,tan20250328t054218c00s4001-F,10,521,520,False,EPSG:32645,30.0,-30.0,88.11720455059611,53.74652699841551,88.11675398451479,53.74643492783679,31.442219534582232,1.0480739844860745
/mnt/engg-leung/Research_No9_Methane_Emissions/Yuyao/raw_data_dir_L89_L2SR_by_gee/emi20230818t083704p06025-C_l89_sr_LANDSAT_8_20230819T061749Z.tif,emi20230818t083704p06025-C,10,528,527,False,EPSG:32641,30.0,-30.0,65.90765625293268,38.52454524430049,65.9073119001659,38.52446323684529,31.37820523199497,1.0459401743998322
/mnt/engg-leung/Research_No9_Methane_Emissions/Yuyao/raw_data_dir_L89_L2SR_by_gee/tan20250715t080139c58s4001-L_l89_sr_LANDSAT_9_20250716T070119Z.tif,tan20250715t080139c58s4001-L,10,528,527,False,EPSG:32639,30.0,-30.0,53.9112294592272,37.909266284254336,53.91087620212815,37.90923402894683,31.271255188925387,1.0423751729641795
/mnt/engg-leung/Research_No9_Methane_Emissions/Yuyao/raw_data_dir_L89_L2SR_by_gee/emi20250528t052233p04048-B_l89_sr_LANDSAT_9_20250529T020156Z.tif,emi20250528t052233p04048-B,10,527,525,False,EPSG:32652,30.0,-30.0,131.23461123225005,45.35503012678985,131.23421449895017,45.35500269999227,31.236470689998335,1.0412156896666112
/mnt/engg-leung/Research_No9_Methane_Emissions/Yuyao/raw_data_dir_L89_L2SR_by_gee/emi20230730t122521p08044-A_l89_sr_LANDSAT_8_20230731T090410Z.tif,emi20230730t122521p08044-A,10,525,523,False,EPSG:32634,30.0,-30.0,23.07992227380986,40.84857829881542,23.07955356790748,40.84858723609116,31.107859171923593,1.0369286390641197
/mnt/engg-leung/Research_No9_Methane_Emissions/Yuyao/raw_data_dir_L89_L2SR_by_gee/GAO20230921t180922p0000-A_l89_sr_LANDSAT_8_20230922T173721Z.tif,GAO20230921t180922p0000-A,10,519,518,False,EPSG:32613,30.0,-30.0,-103.73986779617249,40.356153323535224,-103.74021193628492,40.35605858497576,31.069412985612004,1.0356470995204001
/mnt/engg-leung/Research_No9_Methane_Emissions/Yuyao/raw_data_dir_L89_L2SR_by_gee/ang20220324t191818-D_l89_sr_LANDSAT_8_20220325T175015Z.tif,ang20220324t191818-D,10,530,529,False,EPSG:32612,30.0,-30.0,-107.67284990102424,36.84597500194898,-107.673173,36.845872,31.001735121697592,1.033391170723253
/mnt/engg-leung/Research_No9_Methane_Emissions/Yuyao/raw_data_dir_L89_L2SR_by_gee/ang20220324t201527-D_l89_sr_LANDSAT_8_20220325T175015Z.tif,ang20220324t201527-D,10,530,530,False,EPSG:32612,30.0,-30.0,-107.5253318407504,36.817152702271486,-107.525671,36.817096,30.908579985226663,1.0302859995075555
/mnt/engg-leung/Research_No9_Methane_Emissions/Yuyao/raw_data_dir_L89_L2SR_by_gee/tan20250519t035438c00s4001-D_l89_sr_LANDSAT_8_20250520T030043Z.tif,tan20250519t035438c00s4001-D,10,523,522,False,EPSG:32649,30.0,-30.0,113.19765873377358,33.79475363831502,113.1973429273546,33.79466676018215,30.792396575195855,1.0264132191731952
/mnt/engg-leung/Research_No9_Methane_Emissions/Yuyao/raw_data_dir_L89_L2SR_by_gee/GAO20230711t195220p0000-A_l89_sr_LANDSAT_8_20230712T182538Z.tif,GAO20230711t195220p0000-A,10,517,516,False,EPSG:32611,30.0,-30.0,-116.28174348438915,43.7104084659403,-116.282114904033,43.71038390537018,30.058799005762133,1.0019599668587378
/mnt/engg-leung/Research_No9_Methane_Emissions/Yuyao/raw_data_dir_L89_L2SR_by_gee/emi20250604t025333p02020-A_l89_sr_LANDSAT_9_20250604T030605Z.tif,emi20250604t025333p02020-A,10,519,518,False,EPSG:32649,30.0,-30.0,112.28550410377122,36.83734691494289,112.2852163058185,36.83720874381959,29.902513072606546,0.9967504357535515
/mnt/engg-leung/Research_No9_Methane_Emissions/Yuyao/raw_data_dir_L89_L2SR_by_gee/tan20250827t182223c99s4001-C_l89_sr_LANDSAT_8_20250828T172723Z.tif,tan20250827t182223c99s4001-C,10,516,516,False,EPSG:32613,30.0,-30.0,-103.92768927672502,31.793025297506944,-103.92800345211374,31.7929997307928,29.888667770937904,0.9962889256979301
/mnt/engg-leung/Research_No9_Methane_Emissions/Yuyao/raw_data_dir_L89_L2SR_by_gee/tan20241202t172918c00s4001-A_l89_sr_LANDSAT_8_20241203T170222Z.tif,tan20241202t172918c00s4001-A,10,524,523,False,EPSG:32614,30.0,-30.0,-96.51910509805045,33.294792932874515,-96.51939491814947,33.29468160417787,29.684110407199643,0.9894703469066548
/mnt/engg-leung/Research_No9_Methane_Emissions/Yuyao/raw_data_dir_L89_L2SR_by_gee/GAO20240512t180055p0000-D_l89_sr_LANDSAT_9_20240513T172652Z.tif,GAO20240512t180055p0000-D,10,517,516,False,EPSG:32613,30.0,-30.0,-103.88194093423513,32.065025455383356,-103.88224353545256,32.06509371309929,29.559022052257614,0.9853007350752538
/mnt/engg-leung/Research_No9_Methane_Emissions/Yuyao/raw_data_dir_L89_L2SR_by_gee/emi20230404t195131p13002-B_l89_sr_LANDSAT_8_20230405T183935Z.tif,emi20230404t195131p13002-B,10,522,521,False,EPSG:32610,30.0,-30.0,-121.18616323253084,37.87804862858785,-121.18649590883378,37.87804094485837,29.280524456846923,0.9760174818948975
/mnt/engg-leung/Research_No9_Methane_Emissions/Yuyao/raw_data_dir_L89_L2SR_by_gee/tan20250705t034730c87s4001-D_l89_sr_LANDSAT_9_20250706T030647Z.tif,tan20250705t034730c87s4001-D,10,522,522,False,EPSG:32649,30.0,-30.0,113.02456402034584,35.8940018699784,113.0242486117699,35.89394177066157,29.24678710965216,0.974892903655072
/mnt/engg-leung/Research_No9_Methane_Emissions/Yuyao/raw_data_dir_L89_L2SR_by_gee/emi20241008t060159p04006-E_l89_sr_LANDSAT_8_20241008T075726Z.tif,emi20241008t060159p04006-E,10,520,519,False,EPSG:32637,30.0,-30.0,40.50272010692505,35.191958742156366,40.5024246838982,35.191860729465304,29.019800860150223,0.9673266953383408
/mnt/engg-leung/Research_No9_Methane_Emissions/Yuyao/raw_data_dir_L89_L2SR_by_gee/GAO20230824t171600p0000-A_l89_sr_LANDSAT_9_20230824T172101Z.tif,GAO20230824t171600p0000-A,10,527,526,False,EPSG:32613,30.0,-30.0,-101.82274512594965,32.09232959448412,-101.8229801375206,32.09216594371368,28.66137663014386,0.9553792210047953
/mnt/engg-leung/Research_No9_Methane_Emissions/Yuyao/raw_data_dir_L89_L2SR_by_gee/tan20250705t034730c87s4001-S_l89_sr_LANDSAT_9_20250706T030647Z.tif,tan20250705t034730c87s4001-S,10,522,521,False,EPSG:32649,30.0,-30.0,112.92510771321031,36.102787851259656,112.92480306578432,36.10273131217646,28.140683183293337,0.9380227727764445
/mnt/engg-leung/Research_No9_Methane_Emissions/Yuyao/raw_data_dir_L89_L2SR_by_gee/emi20231226t065450p05004-A_l89_sr_LANDSAT_8_20231226T070343Z.tif,emi20231226t065450p05004-A,10,514,513,False,EPSG:32639,30.0,-30.0,51.544472948748165,30.063665865380575,51.54419950035973,30.06357899951256,28.07049767986412,0.9356832559954706
/mnt/engg-leung/Research_No9_Methane_Emissions/Yuyao/raw_data_dir_L89_L2SR_by_gee/tan20250207t181204c00s4001-K_l89_sr_LANDSAT_8_20250208T173309Z.tif,tan20250207t181204c00s4001-K,10,516,515,False,EPSG:32613,30.0,-30.0,-104.13633099804035,32.06714984344496,-104.13662569704536,32.067118622304804,28.04126301826871,0.9347087672756237
/mnt/engg-leung/Research_No9_Methane_Emissions/Yuyao/raw_data_dir_L89_L2SR_by_gee/tan20241225t032551c00s4001-F_l89_sr_LANDSAT_9_20241226T030651Z.tif,tan20241225t032551c00s4001-F,10,526,524,False,EPSG:32649,30.0,-30.0,113.42214724711175,37.940630746784024,113.42183344955696,37.94059557362486,27.85873210032475,0.9286244033441584
/mnt/engg-leung/Research_No9_Methane_Emissions/Yuyao/raw_data_dir_L89_L2SR_by_gee/ang20220324t182439-C_l89_sr_LANDSAT_8_20220325T175015Z.tif,ang20220324t182439-C,10,530,529,False,EPSG:32612,30.0,-30.0,-107.6493142354232,36.7301608006238,-107.649603,36.730073,27.572889306927387,0.9190963102309129
/mnt/engg-leung/Research_No9_Methane_Emissions/Yuyao/raw_data_dir_L89_L2SR_by_gee/tan20251007t080926c38s4001-A_l89_sr_LANDSAT_8_20251008T072231Z.tif,tan20251007t080926c38s4001-A,10,537,535,False,EPSG:32639,30.0,-30.0,54.39740965284828,51.6242864220867,54.397025794620845,51.624233557962725,27.225676091287745,0.9075225363762581
/mnt/engg-leung/Research_No9_Methane_Emissions/Yuyao/raw_data_dir_L89_L2SR_by_gee/tan20250131t181317c00s4001-F_l89_sr_LANDSAT_8_20250201T172724Z.tif,tan20250131t181317c00s4001-F,10,516,515,False,EPSG:32613,30.0,-30.0,-104.09993209654164,32.3748739910688,-104.10020116028518,32.374957627731405,26.965863618331902,0.8988621206110634
/mnt/engg-leung/Research_No9_Methane_Emissions/Yuyao/raw_data_dir_L89_L2SR_by_gee/tan20250715t080139c58s4001-G_l89_sr_LANDSAT_9_20250716T070119Z.tif,tan20250715t080139c58s4001-G,10,529,527,False,EPSG:32639,30.0,-30.0,53.920203273678204,37.91188198312685,53.91989722987802,37.9118672042484,26.962661123162203,0.8987553707720735
/mnt/engg-leung/Research_No9_Methane_Emissions/Yuyao/raw_data_dir_L89_L2SR_by_gee/emi20250604t025357p02022-N_l89_sr_LANDSAT_9_20250604T030541Z.tif,emi20250604t025357p02022-N,10,526,524,False,EPSG:32649,30.0,-30.0,113.42668702488483,37.87106199376502,113.42638170091618,37.871056785652,26.87046089016909,0.8956820296723029
/mnt/engg-leung/Research_No9_Methane_Emissions/Yuyao/raw_data_dir_L89_L2SR_by_gee/emi20240328t061714p04012-G_l89_sr_LANDSAT_9_20240329T030617Z.tif,emi20240328t061714p04012-G,10,526,525,False,EPSG:32649,30.0,-30.0,113.46201866759174,37.84140256698769,113.46171625590551,37.841390972453965,26.649756921822714,0.8883252307274238
/mnt/engg-leung/Research_No9_Methane_Emissions/Yuyao/raw_data_dir_L89_L2SR_by_gee/GAO20191022t151126p0000-H_l89_sr_LANDSAT_8_20191022T173354Z.tif,GAO20191022t151126p0000-H,10,516,515,False,EPSG:32613,30.0,-30.0,-104.06056444328577,32.04820758171774,-104.06084,32.048253,26.50742106389345,0.8835807021297817
/mnt/engg-leung/Research_No9_Methane_Emissions/Yuyao/raw_data_dir_L89_L2SR_by_gee/emi20230729t131041p09048-A_l89_sr_LANDSAT_8_20230730T100034Z.tif,emi20230729t131041p09048-A,10,518,517,False,EPSG:32632,30.0,-30.0,10.0719739450811,36.736295561308445,10.07168252912723,36.73633874923995,26.466278820341422,0.8822092940113807
/mnt/engg-leung/Research_No9_Methane_Emissions/Yuyao/raw_data_dir_L89_L2SR_by_gee/emi20250604t025357p02022-V_l89_sr_LANDSAT_9_20250604T030541Z.tif,emi20250604t025357p02022-V,10,526,524,False,EPSG:32649,30.0,-30.0,113.40490732637278,38.00856702578714,113.4046311634982,38.00847286297238,26.409463117892805,0.8803154372630935
/mnt/engg-leung/Research_No9_Methane_Emissions/Yuyao/raw_data_dir_L89_L2SR_by_gee/ang20220324t190105-A_l89_sr_LANDSAT_8_20220325T175015Z.tif,ang20220324t190105-A,10,530,528,False,EPSG:32612,30.0,-30.0,-107.75532368396355,36.887993666625206,-107.755617,36.88797,26.278380016026034,0.8759460005342011
/mnt/engg-leung/Research_No9_Methane_Emissions/Yuyao/raw_data_dir_L89_L2SR_by_gee/GAO20211003t181653p0000-F_l89_sr_LANDSAT_8_20211004T172742Z.tif,GAO20211003t181653p0000-F,10,516,516,False,EPSG:32613,30.0,-30.0,-103.86800615446745,31.98357740533366,-103.86828,31.983538,26.247403540636885,0.8749134513545628
/mnt/engg-leung/Research_No9_Methane_Emissions/Yuyao/raw_data_dir_L89_L2SR_by_gee/GAO20210427t173055p0000-2_l89_sr_LANDSAT_8_20210428T163204Z.tif,GAO20210427t173055p0000-2,10,526,525,False,EPSG:32615,30.0,-30.0,-89.717149066451,28.94250052928922,-89.71738326,28.94238901,25.96312945311068,0.8654376484370228
/mnt/engg-leung/Research_No9_Methane_Emissions/Yuyao/raw_data_dir_L89_L2SR_by_gee/GAO20200719t184002p0000-C_l89_sr_LANDSAT_8_20200720T173300Z.tif,GAO20200719t184002p0000-C,10,516,515,False,EPSG:32613,30.0,-30.0,-104.08385184534781,32.22997298650601,-104.084078,32.229841,25.857519388540865,0.8619173129513622
/mnt/engg-leung/Research_No9_Methane_Emissions/Yuyao/raw_data_dir_L89_L2SR_by_gee/tan20250705t034730c87s4001-I_l89_sr_LANDSAT_9_20250706T030647Z.tif,tan20250705t034730c87s4001-I,10,522,522,False,EPSG:32649,30.0,-30.0,112.98397596344891,36.17105534259697,112.9836903759002,36.17107576919007,25.793679683059356,0.8597893227686452
/mnt/engg-leung/Research_No9_Methane_Emissions/Yuyao/raw_data_dir_L89_L2SR_by_gee/GAO20230504t174647p0000-A_l89_sr_LANDSAT_9_20230505T162247Z.tif,GAO20230504t174647p0000-A,10,514,513,False,EPSG:32616,30.0,-30.0,-86.696479167814,40.887338299147096,-86.69678191208685,40.88732885757241,25.53630393095216,0.8512101310317386
/mnt/engg-leung/Research_No9_Methane_Emissions/Yuyao/raw_data_dir_L89_L2SR_by_gee/emi20241015t114211p08014-A_l89_sr_LANDSAT_9_20241016T093517Z.tif,emi20241015t114211p08014-A,10,522,522,False,EPSG:32633,30.0,-30.0,16.715938727836996,41.1195300578228,16.71566244674554,41.11943432552195,25.522704851668216,0.8507568283889405
/mnt/engg-leung/Research_No9_Methane_Emissions/Yuyao/raw_data_dir_L89_L2SR_by_gee/tan20250827t182223c99s4001-Z_l89_sr_LANDSAT_8_20250828T172723Z.tif,tan20250827t182223c99s4001-Z,10,517,516,False,EPSG:32613,30.0,-30.0,-103.93207364670135,32.01728536150263,-103.93231027066336,32.01717604161486,25.430298086913442,0.8476766028971148
/mnt/engg-leung/Research_No9_Methane_Emissions/Yuyao/raw_data_dir_L89_L2SR_by_gee/ang20191022t152357-A_l89_sr_LANDSAT_8_20191022T173330Z.tif,ang20191022t152357-A,10,515,515,False,EPSG:32613,30.0,-30.0,-104.21181018260947,32.12325810668343,-104.212039,32.12313803,25.36807588259603,0.8456025294198677
/mnt/engg-leung/Research_No9_Methane_Emissions/Yuyao/raw_data_dir_L89_L2SR_by_gee/emi20230204t041009p03016-A_l89_sr_LANDSAT_8_20230205T022734Z.tif,emi20230204t041009p03016-A,10,528,525,False,EPSG:32651,30.0,-30.0,125.24771615300979,46.09694581027958,125.2473933717938,46.09690511651121,25.366542506446905,0.8455514168815635
/mnt/engg-leung/Research_No9_Methane_Emissions/Yuyao/raw_data_dir_L89_L2SR_by_gee/GAO20211003t190208p0000-B_l89_sr_LANDSAT_8_20211004T172742Z.tif,GAO20211003t190208p0000-B,10,517,516,False,EPSG:32613,30.0,-30.0,-103.84528283924055,31.896364287973725,-103.84551,31.8962445,25.262976448758952,0.8420992149586317
/mnt/engg-leung/Research_No9_Methane_Emissions/Yuyao/raw_data_dir_L89_L2SR_by_gee/ang20220324t212542-C_l89_sr_LANDSAT_8_20220325T175015Z.tif,ang20220324t212542-C,10,531,530,False,EPSG:32612,30.0,-30.0,-107.47049297429182,36.9348704845676,-107.470758,36.934791,25.20444730483844,0.8401482434946146
/mnt/engg-leung/Research_No9_Methane_Emissions/Yuyao/raw_data_dir_L89_L2SR_by_gee/tan20241020t092906c00s4001-A_l89_sr_LANDSAT_8_20241021T090712Z.tif,tan20241020t092906c00s4001-A,10,514,513,False,EPSG:32634,30.0,-30.0,21.548157910540418,29.253849474642557,21.547952193995656,29.253712495258966,25.10662508574258,0.836887502858086
/mnt/engg-leung/Research_No9_Methane_Emissions/Yuyao/raw_data_dir_L89_L2SR_by_gee/tan20250715t080139c58s4001-F_l89_sr_LANDSAT_9_20250716T070119Z.tif,tan20250715t080139c58s4001-F,10,528,527,False,EPSG:32639,30.0,-30.0,53.9091631661966,37.908776808744555,53.908931148975086,37.90864512986616,25.098524679866255,0.8366174893288751
/mnt/engg-leung/Research_No9_Methane_Emissions/Yuyao/raw_data_dir_L89_L2SR_by_gee/GAO20240513t165753p0000-H_l89_sr_LANDSAT_9_20240513T172652Z.tif,GAO20240513t165753p0000-H,10,516,515,False,EPSG:32613,30.0,-30.0,-104.13590642609266,32.31423473591108,-104.1361685594603,32.31419918064742,24.997859186002195,0.8332619728667399
/mnt/engg-leung/Research_No9_Methane_Emissions/Yuyao/raw_data_dir_L89_L2SR_by_gee/ang20191022t162321-A_l89_sr_LANDSAT_8_20191022T173330Z.tif,ang20191022t162321-A,10,516,515,False,EPSG:32613,30.0,-30.0,-104.07123950844557,32.1237934435241,-104.0714337,32.12364026,24.98690507135834,0.8328968357119446
/mnt/engg-leung/Research_No9_Methane_Emissions/Yuyao/raw_data_dir_L89_L2SR_by_gee/ang20220324t191818-F_l89_sr_LANDSAT_8_20220325T175015Z.tif,ang20220324t191818-F,10,531,530,False,EPSG:32612,30.0,-30.0,-107.44428661718676,36.70866319685649,-107.444561,36.708693,24.73821149301193,0.8246070497670643
/mnt/engg-leung/Research_No9_Methane_Emissions/Yuyao/raw_data_dir_L89_L2SR_by_gee/ang20220324t204413-A_l89_sr_LANDSAT_8_20220325T175015Z.tif,ang20220324t204413-A,10,529,528,False,EPSG:32612,30.0,-30.0,-107.78570427005747,37.05384787866183,-107.78597,37.053793,24.40842422682861,0.8136141408942871
/mnt/engg-leung/Research_No9_Methane_Emissions/Yuyao/raw_data_dir_L89_L2SR_by_gee/GAO20240612t204755p0000-D_l89_sr_LANDSAT_9_20240613T182124Z.tif,GAO20240612t204755p0000-D,10,514,513,False,EPSG:32611,30.0,-30.0,-117.46268793162447,33.79655528445122,-117.46289617067656,33.79642269146443,24.2521143506566,0.8084038116885534
/mnt/engg-leung/Research_No9_Methane_Emissions/Yuyao/raw_data_dir_L89_L2SR_by_gee/GAO20200807t183429p0000-A_l89_sr_LANDSAT_8_20200808T180159Z.tif,GAO20200807t183429p0000-A,10,521,520,False,EPSG:32612,30.0,-30.0,-109.53145770346886,40.14288572604258,-109.5317235,40.14280802,24.237795572666787,0.8079265190888929
/mnt/engg-leung/Research_No9_Methane_Emissions/Yuyao/raw_data_dir_L89_L2SR_by_gee/av320250723t174230-H_l89_sr_LANDSAT_9_20250724T160427Z.tif,av320250723t174230-H,10,513,512,False,EPSG:32617,30.0,-30.0,-80.81948779457991,39.2984294548477,-80.8197562120131,39.29836614993687,24.197225038899447,0.8065741679633149
/mnt/engg-leung/Research_No9_Methane_Emissions/Yuyao/raw_data_dir_L89_L2SR_by_gee/emi20241014t062003p04012-G_l89_sr_LANDSAT_8_20241015T030707Z.tif,emi20241014t062003p04012-G,10,520,520,False,EPSG:32649,30.0,-30.0,112.61149690513344,35.61736099787938,112.6112327967934,35.617354497514015,23.93835192499493,0.7979450641664977
/mnt/engg-leung/Research_No9_Methane_Emissions/Yuyao/raw_data_dir_L89_L2SR_by_gee/GAO20220622t170229p0000-A_l89_sr_LANDSAT_8_20220622T174142Z.tif,GAO20220622t170229p0000-A,10,523,522,False,EPSG:32613,30.0,-30.0,-103.38617917683756,47.792150365272335,-103.38649,47.792101,23.926386109674375,0.7975462036558125
/mnt/engg-leung/Research_No9_Methane_Emissions/Yuyao/raw_data_dir_L89_L2SR_by_gee/tan20250725t183110c58s4001-C_l89_sr_LANDSAT_9_20250726T173258Z.tif,tan20250725t183110c58s4001-C,10,516,515,False,EPSG:32613,30.0,-30.0,-104.10425927660052,32.194395989371955,-104.10451232817796,32.19438137842998,23.91599702598695,0.7971999008662317
/mnt/engg-leung/Research_No9_Methane_Emissions/Yuyao/raw_data_dir_L89_L2SR_by_gee/tan20250309t060015c00s4001-B_l89_sr_LANDSAT_9_20250310T052505Z.tif,tan20250309t060015c00s4001-B,10,521,520,False,EPSG:32643,30.0,-30.0,77.28428516419261,28.51372031228923,77.2840772013788,28.513609515631472,23.774399311283293,0.7924799770427764
/mnt/engg-leung/Research_No9_Methane_Emissions/Yuyao/raw_data_dir_L89_L2SR_by_gee/GAO20240513t163124p0000-D_l89_sr_LANDSAT_9_20240513T172652Z.tif,GAO20240513t163124p0000-D,10,517,516,False,EPSG:32613,30.0,-30.0,-104.0482316711356,32.149738579996466,-104.04847620046785,32.149696291590004,23.54051188182417,0.784683729394139
/mnt/engg-leung/Research_No9_Methane_Emissions/Yuyao/raw_data_dir_L89_L2SR_by_gee/emi20240423t060958p04005-D_l89_sr_LANDSAT_9_20240423T061730Z.tif,emi20240423t060958p04005-D,10,524,523,False,EPSG:32641,30.0,-30.0,65.18904361991123,38.496403874829284,65.18879914599088,38.496314398040056,23.526654104361974,0.7842218034787325
/mnt/engg-leung/Research_No9_Methane_Emissions/Yuyao/raw_data_dir_L89_L2SR_by_gee/GAO20230504t180217p0000-D_l89_sr_LANDSAT_9_20230505T162223Z.tif,GAO20230504t180217p0000-D,10,518,518,False,EPSG:32616,30.0,-30.0,-85.97092639725801,41.617090296818546,-85.97120764477805,41.617073929609234,23.511127076182767,0.783704235872759
/mnt/engg-leung/Research_No9_Methane_Emissions/Yuyao/raw_data_dir_L89_L2SR_by_gee/GAO20220722t161649p0000-E_l89_sr_LANDSAT_8_20220722T161740Z.tif,GAO20220722t161649p0000-E,10,525,524,False,EPSG:32616,30.0,-30.0,-84.59803465502645,39.27162534631781,-84.598301,39.271581,23.505435096072034,0.7835145032024011
/mnt/engg-leung/Research_No9_Methane_Emissions/Yuyao/raw_data_dir_L89_L2SR_by_gee/GAO20210810t170955p0000-A_l89_sr_LANDSAT_8_20210810T172116Z.tif,GAO20210810t170955p0000-A,10,526,526,False,EPSG:32613,30.0,-30.0,-101.91307093178858,32.21208709337722,-101.91332,32.212096,23.501662795337758,0.7833887598445919
/mnt/engg-leung/Research_No9_Methane_Emissions/Yuyao/raw_data_dir_L89_L2SR_by_gee/ang20220324t193809-C_l89_sr_LANDSAT_8_20220325T175015Z.tif,ang20220324t193809-C,10,531,530,False,EPSG:32612,30.0,-30.0,-107.4379727220559,36.73631464926882,-107.438217,36.736236,23.499392935915793,0.7833130978638597
/mnt/engg-leung/Research_No9_Methane_Emissions/Yuyao/raw_data_dir_L89_L2SR_by_gee/tan20241225t032551c00s4001-E_l89_sr_LANDSAT_9_20241226T030651Z.tif,tan20241225t032551c00s4001-E,10,526,525,False,EPSG:32649,30.0,-30.0,113.43719635940967,37.96735271913126,113.43696829604868,37.96724234450912,23.488338403932662,0.7829446134644221
/mnt/engg-leung/Research_No9_Methane_Emissions/Yuyao/raw_data_dir_L89_L2SR_by_gee/emi20250604t025357p02022-I_l89_sr_LANDSAT_9_20250604T030541Z.tif,emi20250604t025357p02022-I,10,525,524,False,EPSG:32649,30.0,-30.0,113.26980251267807,37.959484560396376,113.26957159390064,37.95937871939245,23.448506069862674,0.7816168689954225
/mnt/engg-leung/Research_No9_Methane_Emissions/Yuyao/raw_data_dir_L89_L2SR_by_gee/tan20250824t184354c83s4001-B_l89_sr_LANDSAT_9_20250825T174112Z.tif,tan20250824t184354c83s4001-B,10,526,525,False,EPSG:32613,30.0,-30.0,-102.98658704135626,48.503705290954834,-102.98687755525256,48.50362127354782,23.412710864188135,0.7804236954729379
/mnt/engg-leung/Research_No9_Methane_Emissions/Yuyao/raw_data_dir_L89_L2SR_by_gee/ang20230201t182411-A_l89_sr_LANDSAT_9_20230202T144020Z.tif,ang20230201t182411-A,10,528,527,False,EPSG:32618,30.0,-30.0,-71.64179652395354,-33.09380177475236,-71.64204355148348,-33.09383768374931,23.40240779558418,0.7800802598528059
/mnt/engg-leung/Research_No9_Methane_Emissions/Yuyao/raw_data_dir_L89_L2SR_by_gee/emi20250528t052233p04048-A_l89_sr_LANDSAT_9_20250529T020156Z.tif,emi20250528t052233p04048-A,10,526,525,False,EPSG:32652,30.0,-30.0,131.1815841571539,45.190922352473116,131.18130371824094,45.190856276275525,23.229440594514966,0.7743146864838322
/mnt/engg-leung/Research_No9_Methane_Emissions/Yuyao/raw_data_dir_L89_L2SR_by_gee/emi20220815t105833p07011-G_l89_sr_LANDSAT_9_20220816T070706Z.tif,emi20220815t105833p07011-G,10,528,526,False,EPSG:32639,30.0,-30.0,53.74889869554143,39.464617333709676,53.74867399088069,39.46450355176808,23.098005867379857,0.7699335289126619
/mnt/engg-leung/Research_No9_Methane_Emissions/Yuyao/raw_data_dir_L89_L2SR_by_gee/GAO20240513t153749p0000-E_l89_sr_LANDSAT_9_20240513T172652Z.tif,GAO20240513t153749p0000-E,10,517,516,False,EPSG:32613,30.0,-30.0,-103.94053712230098,31.999494524512116,-103.94073240020174,31.9993693874289,23.087677915822614,0.7695892638607538
/mnt/engg-leung/Research_No9_Methane_Emissions/Yuyao/raw_data_dir_L89_L2SR_by_gee/tan20250808t165744c56s4001-E_l89_sr_LANDSAT_9_20250809T160436Z.tif,tan20250808t165744c56s4001-E,10,515,513,False,EPSG:32617,30.0,-30.0,-80.54531704594913,39.487987375957985,-80.54557737533645,39.48803200026995,22.937132807444083,0.7645710935814695
/mnt/engg-leung/Research_No9_Methane_Emissions/Yuyao/raw_data_dir_L89_L2SR_by_gee/tan20250827t182223c99s4001-AC_l89_sr_LANDSAT_8_20250828T172723Z.tif,tan20250827t182223c99s4001-AC,10,516,516,False,EPSG:32613,30.0,-30.0,-104.03525335287391,31.870748834700148,-104.03549255867618,31.870777098059648,22.850885291109304,0.7616961763703102
/mnt/engg-leung/Research_No9_Methane_Emissions/Yuyao/raw_data_dir_L89_L2SR_by_gee/GAO20240612t220114p0000-B_l89_sr_LANDSAT_9_20240613T182124Z.tif,GAO20240612t220114p0000-B,10,516,515,False,EPSG:32611,30.0,-30.0,-117.83355229889932,33.94206352831373,-117.83370145062742,33.94190052480815,22.73841392015022,0.757947130671674
/mnt/engg-leung/Research_No9_Methane_Emissions/Yuyao/raw_data_dir_L89_L2SR_by_gee/tan20241225t032551c00s4001-I_l89_sr_LANDSAT_9_20241226T030651Z.tif,tan20241225t032551c00s4001-I,10,524,523,False,EPSG:32649,30.0,-30.0,113.24228154155799,37.89094087804383,113.24202399695496,37.890927802376325,22.700678468539472,0.756689282284649
/mnt/engg-leung/Research_No9_Methane_Emissions/Yuyao/raw_data_dir_L89_L2SR_by_gee/emi20230430t055608p04011-A_l89_sr_LANDSAT_8_20230430T070300Z.tif,emi20230430t055608p04011-A,10,519,518,False,EPSG:32639,30.0,-30.0,52.70398563709518,29.42643233675021,52.70377487529558,29.426344839389827,22.63461951888222,0.7544873172960741
/mnt/engg-leung/Research_No9_Methane_Emissions/Yuyao/raw_data_dir_L89_L2SR_by_gee/ang20220324t204413-E_l89_sr_LANDSAT_8_20220325T175015Z.tif,ang20220324t204413-E,10,531,530,False,EPSG:32612,30.0,-30.0,-107.4993114825036,36.87166439344106,-107.499557,36.871615,22.56645307396652,0.7522151024655507
/mnt/engg-leung/Research_No9_Methane_Emissions/Yuyao/raw_data_dir_L89_L2SR_by_gee/tan20250725t183110c58s4001-B_l89_sr_LANDSAT_9_20250726T173258Z.tif,tan20250725t183110c58s4001-B,10,516,515,False,EPSG:32613,30.0,-30.0,-104.0632363621704,32.28421803481534,-104.06345280202628,32.28413243548522,22.490091532829744,0.7496697177609914
/mnt/engg-leung/Research_No9_Methane_Emissions/Yuyao/raw_data_dir_L89_L2SR_by_gee/GAO20240513t160320p0000-E_l89_sr_LANDSAT_9_20240513T172652Z.tif,GAO20240513t160320p0000-E,10,516,515,False,EPSG:32613,30.0,-30.0,-104.00334805187867,32.19634721151353,-104.00354629304664,32.19623575792652,22.408793870732957,0.7469597956910986
/mnt/engg-leung/Research_No9_Methane_Emissions/Yuyao/raw_data_dir_L89_L2SR_by_gee/tan20250225t170804c00s4001-B_l89_sr_LANDSAT_9_20250226T163521Z.tif,tan20250225t170804c00s4001-B,10,511,511,False,EPSG:32615,30.0,-30.0,-93.09172337436176,18.00146476523066,-93.09186980488516,18.0013199816091,22.299708346221028,0.7433236115407009
/mnt/engg-leung/Research_No9_Methane_Emissions/Yuyao/raw_data_dir_L89_L2SR_by_gee/GAO20240513t161243p0000-A_l89_sr_LANDSAT_9_20240513T172652Z.tif,GAO20240513t161243p0000-A,10,516,515,False,EPSG:32613,30.0,-30.0,-104.01718519072584,32.06357548423399,-104.0174206219452,32.063585922990626,22.26138484383466,0.7420461614611553
/mnt/engg-leung/Research_No9_Methane_Emissions/Yuyao/raw_data_dir_L89_L2SR_by_gee/GAO20240513t163124p0000-I_l89_sr_LANDSAT_9_20240513T172652Z.tif,GAO20240513t163124p0000-I,10,516,515,False,EPSG:32613,30.0,-30.0,-104.066150012851,32.310760978368585,-104.06636900847874,32.31083523744036,22.20673313674286,0.7402244378914287
/mnt/engg-leung/Research_No9_Methane_Emissions/Yuyao/raw_data_dir_L89_L2SR_by_gee/tan20250827t182223c99s4001-AK_l89_sr_LANDSAT_8_20250828T172723Z.tif,tan20250827t182223c99s4001-AK,10,517,516,False,EPSG:32613,30.0,-30.0,-103.82763570043723,32.161418360213354,-103.82783443842834,32.16131148252002,22.17857320782763,0.7392857735942543
/mnt/engg-leung/Research_No9_Methane_Emissions/Yuyao/raw_data_dir_L89_L2SR_by_gee/emi20230818t083704p06025-F_l89_sr_LANDSAT_8_20230819T061749Z.tif,emi20230818t083704p06025-F,10,528,527,False,EPSG:32641,30.0,-30.0,65.95790972450142,38.47463473806743,65.95765596759261,38.474625010274025,22.16999298837711,0.738999766279237
/mnt/engg-leung/Research_No9_Methane_Emissions/Yuyao/raw_data_dir_L89_L2SR_by_gee/tan20250827t182223c99s4001-AF_l89_sr_LANDSAT_8_20250828T172723Z.tif,tan20250827t182223c99s4001-AF,10,517,517,False,EPSG:32613,30.0,-30.0,-103.84604205218102,31.899077527529453,-103.84622571505592,31.898954699714835,22.07599716818962,0.7358665722729874
/mnt/engg-leung/Research_No9_Methane_Emissions/Yuyao/raw_data_dir_L89_L2SR_by_gee/tan20250131t181317c00s4001-G_l89_sr_LANDSAT_8_20250201T172724Z.tif,tan20250131t181317c00s4001-G,10,516,516,False,EPSG:32613,30.0,-30.0,-104.03267609488931,32.32701693510664,-104.032906851605,32.3270481335144,22.000898801614394,0.7333632933871465
/mnt/engg-leung/Research_No9_Methane_Emissions/Yuyao/raw_data_dir_L89_L2SR_by_gee/GAO20191031t170101p0000-B_l89_sr_LANDSAT_8_20191031T172743Z.tif,GAO20191031t170101p0000-B,10,519,519,False,EPSG:32613,30.0,-30.0,-103.34620442153187,31.230803105548876,-103.34643,31.230766,21.881865341607647,0.7293955113869216
/mnt/engg-leung/Research_No9_Methane_Emissions/Yuyao/raw_data_dir_L89_L2SR_by_gee/tan20251019t185503c73s4001-A_l89_sr_LANDSAT_8_20251020T174430Z.tif,tan20251019t185503c73s4001-A,10,525,524,False,EPSG:32613,30.0,-30.0,-107.40866948911378,36.87396700962307,-107.4087780284931,36.87379161826627,21.737057728063032,0.7245685909354344
/mnt/engg-leung/Research_No9_Methane_Emissions/Yuyao/raw_data_dir_L89_L2SR_by_gee/GAO20240513t154638p0000-A_l89_sr_LANDSAT_9_20240513T172652Z.tif,GAO20240513t154638p0000-A,10,516,516,False,EPSG:32613,30.0,-30.0,-103.93913630746437,32.06592311483918,-103.93936316200364,32.06589905088407,21.586411494020357,0.7195470498006785
/mnt/engg-leung/Research_No9_Methane_Emissions/Yuyao/raw_data_dir_L89_L2SR_by_gee/tan20250131t181317c00s4001-H_l89_sr_LANDSAT_8_20250201T172724Z.tif,tan20250131t181317c00s4001-H,10,517,515,False,EPSG:32613,30.0,-30.0,-104.03921948338713,32.32611974535621,-104.03943478723284,32.32605323749348,21.572304553095194,0.7190768184365065
/mnt/engg-leung/Research_No9_Methane_Emissions/Yuyao/raw_data_dir_L89_L2SR_by_gee/tan20250203t034534c00s4001-O_l89_sr_LANDSAT_8_20250204T030708Z.tif,tan20250203t034534c00s4001-O,10,520,519,False,EPSG:32649,30.0,-30.0,112.57749851305529,35.598067261933714,112.5772632872738,35.598096194751975,21.556282791315496,0.7185427597105165
/mnt/engg-leung/Research_No9_Methane_Emissions/Yuyao/raw_data_dir_L89_L2SR_by_gee/emi20240523t075552p06005-D_l89_sr_LANDSAT_8_20240524T030608Z.tif,emi20240523t075552p06005-D,10,520,519,False,EPSG:32649,30.0,-30.0,112.61038129900444,35.61953960455429,112.6102091123463,35.61940622134195,21.502325734646398,0.71674419115488
/mnt/engg-leung/Research_No9_Methane_Emissions/Yuyao/raw_data_dir_L89_L2SR_by_gee/ang20220324t190105-E_l89_sr_LANDSAT_8_20220325T175015Z.tif,ang20220324t190105-E,10,532,531,False,EPSG:32612,30.0,-30.0,-107.39650136436414,36.65005745991917,-107.396739,36.650028,21.4989055384048,0.7166301846134933
/mnt/engg-leung/Research_No9_Methane_Emissions/Yuyao/raw_data_dir_L89_L2SR_by_gee/GAO20230510t192349p0000-A_l89_sr_LANDSAT_8_20230511T163423Z.tif,GAO20230510t192349p0000-A,10,519,518,False,EPSG:32616,30.0,-30.0,-88.10670267749137,41.34790733982371,-88.1068456708666,41.347747176928834,21.438796349749154,0.7146265449916385
/mnt/engg-leung/Research_No9_Methane_Emissions/Yuyao/raw_data_dir_L89_L2SR_by_gee/ang20190928t190948-5_l89_sr_LANDSAT_8_20190929T172740Z.tif,ang20190928t190948-5,10,517,517,False,EPSG:32613,30.0,-30.0,-103.85142689394189,31.669082969405565,-103.851643,31.669029,21.349377647121923,0.7116459215707308
/mnt/engg-leung/Research_No9_Methane_Emissions/Yuyao/raw_data_dir_L89_L2SR_by_gee/emi20241217t045523p03003-I_l89_sr_LANDSAT_8_20241218T030641Z.tif,emi20241217t045523p03003-I,10,522,522,False,EPSG:32649,30.0,-30.0,112.98817910953672,36.48142153519754,112.9879433831295,36.48139948453248,21.265283289608426,0.7088427763202809
/mnt/engg-leung/Research_No9_Methane_Emissions/Yuyao/raw_data_dir_L89_L2SR_by_gee/tan20250926t183741c17s4001-A_l89_sr_LANDSAT_8_20250927T173731Z.tif,tan20250926t183741c17s4001-A,10,515,514,False,EPSG:32613,30.0,-30.0,-104.58302728597846,40.43659236386608,-104.58324219127636,40.43649394871511,21.258268638932996,0.7086089546310999
/mnt/engg-leung/Research_No9_Methane_Emissions/Yuyao/raw_data_dir_L89_L2SR_by_gee/tan20250527t184828c48s4001-A_l89_sr_LANDSAT_9_20250528T175018Z.tif,tan20250527t184828c48s4001-A,10,529,528,False,EPSG:32612,30.0,-30.0,-107.96841821756217,36.732913456822594,-107.96863327599,36.7328314764333,21.25487199049461,0.708495733016487
/mnt/engg-leung/Research_No9_Methane_Emissions/Yuyao/raw_data_dir_L89_L2SR_by_gee/GAO20230824t162207p0000-F_l89_sr_LANDSAT_9_20230824T172101Z.tif,GAO20230824t162207p0000-F,10,527,526,False,EPSG:32613,30.0,-30.0,-101.86565772957536,31.895952325067967,-101.8658813171661,31.895970962132523,21.252032076464747,0.7084010692154916
/mnt/engg-leung/Research_No9_Methane_Emissions/Yuyao/raw_data_dir_L89_L2SR_by_gee/tan20250602t192624c08s4001-E_l89_sr_LANDSAT_9_20250603T184917Z.tif,tan20250602t192624c08s4001-E,10,531,529,False,EPSG:32610,30.0,-30.0,-120.1677632232978,45.808389427336294,-120.16796287855404,45.8082593658582,21.209060272581176,0.7069686757527058
/mnt/engg-leung/Research_No9_Methane_Emissions/Yuyao/raw_data_dir_L89_L2SR_by_gee/GAO20191031t164711p0000-B_l89_sr_LANDSAT_8_20191031T172743Z.tif,GAO20191031t164711p0000-B,10,520,519,False,EPSG:32613,30.0,-30.0,-103.20026516708063,31.33668616875002,-103.2004,31.336535,21.10873153069844,0.7036243843566147
/mnt/engg-leung/Research_No9_Methane_Emissions/Yuyao/raw_data_dir_L89_L2SR_by_gee/tan20250721t070839c68s4001-C_l89_sr_LANDSAT_9_20250722T062353Z.tif,tan20250721t070839c68s4001-C,10,521,521,False,EPSG:32641,30.0,-30.0,64.62147421843227,38.78719213215368,64.621232827923,38.78717325743591,21.07769270127451,0.7025897567091504
/mnt/engg-leung/Research_No9_Methane_Emissions/Yuyao/raw_data_dir_L89_L2SR_by_gee/GAO20240612t205640p0000-C_l89_sr_LANDSAT_9_20240613T182124Z.tif,GAO20240612t205640p0000-C,10,516,515,False,EPSG:32611,30.0,-30.0,-117.8322354532892,33.94017852162358,-117.83246096597168,33.94020299055697,21.024455466929442,0.7008151822309814
/mnt/engg-leung/Research_No9_Methane_Emissions/Yuyao/raw_data_dir_L89_L2SR_by_gee/GAO20211003t185304p0000-A_l89_sr_LANDSAT_8_20211004T172742Z.tif,GAO20211003t185304p0000-A,10,517,516,False,EPSG:32613,30.0,-30.0,-103.7949838146779,31.934326975162026,-103.79517,31.934224,20.984392292721758,0.6994797430907252
/mnt/engg-leung/Research_No9_Methane_Emissions/Yuyao/raw_data_dir_L89_L2SR_by_gee/GAO20240611t223539p0000-B_l89_sr_LANDSAT_8_20240612T182724Z.tif,GAO20240611t223539p0000-B,10,522,521,False,EPSG:32611,30.0,-30.0,-118.99252355688704,34.40538017014157,-118.9927462311686,34.40534122231776,20.92438820538223,0.6974796068460744
/mnt/engg-leung/Research_No9_Methane_Emissions/Yuyao/raw_data_dir_L89_L2SR_by_gee/GAO20240611t194144p0000-A_l89_sr_LANDSAT_8_20240612T182724Z.tif,GAO20240611t194144p0000-A,10,520,519,False,EPSG:32611,30.0,-30.0,-118.64623158237931,34.43731232997895,-118.64640615749506,34.43719180228696,20.885470742891847,0.696182358096395
/mnt/engg-leung/Research_No9_Methane_Emissions/Yuyao/raw_data_dir_L89_L2SR_by_gee/emi20230403t063808p05006-A_l89_sr_LANDSAT_9_20230404T053808Z.tif,emi20230403t063808p05006-A,10,525,525,False,EPSG:32643,30.0,-30.0,71.57333680472044,25.903356678780753,71.57317567273802,25.903237970666524,20.823734992699478,0.6941244997566492
/mnt/engg-leung/Research_No9_Methane_Emissions/Yuyao/raw_data_dir_L89_L2SR_by_gee/tan20250608t105140c59s4001-G_l89_sr_LANDSAT_9_20250609T100237Z.tif,tan20250608t105140c59s4001-G,10,517,517,False,EPSG:32632,30.0,-30.0,7.51805973834791,28.564915600240322,7.51785226595905,28.56487466619572,20.800714249848287,0.6933571416616096
/mnt/engg-leung/Research_No9_Methane_Emissions/Yuyao/raw_data_dir_L89_L2SR_by_gee/emi20240702t042659p03003-A_l89_sr_LANDSAT_9_20240702T072139Z.tif,emi20240702t042659p03003-A,10,525,523,False,EPSG:32638,30.0,-30.0,47.924337898180546,29.16575921878531,47.924125129017,29.165777151487543,20.79404403683589,0.693134801227863
/mnt/engg-leung/Research_No9_Methane_Emissions/Yuyao/raw_data_dir_L89_L2SR_by_gee/ang20190928t185111-D_l89_sr_LANDSAT_8_20190929T172740Z.tif,ang20190928t185111-D,10,515,515,False,EPSG:32613,30.0,-30.0,-104.26336378889295,32.079454188261714,-104.2635828,32.07943815,20.753525015760168,0.6917841671920056
/mnt/engg-leung/Research_No9_Methane_Emissions/Yuyao/raw_data_dir_L89_L2SR_by_gee/tan20250203t034534c00s4001-S_l89_sr_LANDSAT_8_20250204T030708Z.tif,tan20250203t034534c00s4001-S,10,520,519,False,EPSG:32649,30.0,-30.0,112.53542400641071,35.545058531815314,112.53519525637398,35.54505284409639,20.75235265208983,0.6917450884029943
/mnt/engg-leung/Research_No9_Methane_Emissions/Yuyao/raw_data_dir_L89_L2SR_by_gee/GAO20240612t221405p0000-C_l89_sr_LANDSAT_9_20240613T182124Z.tif,GAO20240612t221405p0000-C,10,514,513,False,EPSG:32611,30.0,-30.0,-117.46106609292697,33.79629078301212,-117.46126666038737,33.79637415169948,20.748111919000717,0.6916037306333572
/mnt/engg-leung/Research_No9_Methane_Emissions/Yuyao/raw_data_dir_L89_L2SR_by_gee/tan20250922t194211c43s4001-A_l89_sr_LANDSAT_9_20250923T185008Z.tif,tan20250922t194211c43s4001-A,10,531,529,False,EPSG:32610,30.0,-30.0,-120.18221323389623,45.81279740068257,-120.1824655626676,45.81273823296661,20.685275633849464,0.6895091877949822
/mnt/engg-leung/Research_No9_Methane_Emissions/Yuyao/raw_data_dir_L89_L2SR_by_gee/emi20231127t201249p13015-C_l89_sr_LANDSAT_9_20231128T172103Z.tif,emi20231127t201249p13015-C,10,521,520,False,EPSG:32614,30.0,-30.0,-100.87172877975696,33.23580146229413,-100.871937574744,33.23573871786779,20.667301813003476,0.6889100604334492
/mnt/engg-leung/Research_No9_Methane_Emissions/Yuyao/raw_data_dir_L89_L2SR_by_gee/ang20220324t184133-A_l89_sr_LANDSAT_8_20220325T175015Z.tif,ang20220324t184133-A,10,529,528,False,EPSG:32612,30.0,-30.0,-107.76441706460767,36.871887707872325,-107.764638,36.871832,20.64610064813356,0.6882033549377854
/mnt/engg-leung/Research_No9_Methane_Emissions/Yuyao/raw_data_dir_L89_L2SR_by_gee/tan20250721t070839c68s4001-D_l89_sr_LANDSAT_9_20250722T062353Z.tif,tan20250721t070839c68s4001-D,10,521,520,False,EPSG:32641,30.0,-30.0,64.63496464834576,38.780516277291674,64.63472744535753,38.78050927754492,20.62601629500933,0.687533876500311
/mnt/engg-leung/Research_No9_Methane_Emissions/Yuyao/raw_data_dir_L89_L2SR_by_gee/GAO20191031t171656p0000-G_l89_sr_LANDSAT_8_20191031T172743Z.tif,GAO20191031t171656p0000-G,10,520,520,False,EPSG:32613,30.0,-30.0,-103.17799408169849,31.289825183882268,-103.17821,31.289822,20.561518455657176,0.6853839485219059
/mnt/engg-leung/Research_No9_Methane_Emissions/Yuyao/raw_data_dir_L89_L2SR_by_gee/GAO20230824t171600p0000-G_l89_sr_LANDSAT_9_20230824T172101Z.tif,GAO20230824t171600p0000-G,10,527,526,False,EPSG:32613,30.0,-30.0,-101.7859195734492,31.855011272329417,-101.78608999462584,31.854896384244668,20.55314442691405,0.6851048142304683
/mnt/engg-leung/Research_No9_Methane_Emissions/Yuyao/raw_data_dir_L89_L2SR_by_gee/GAO20200807t181428p0000-B_l89_sr_LANDSAT_8_20200808T180159Z.tif,GAO20200807t181428p0000-B,10,520,519,False,EPSG:32612,30.0,-30.0,-109.66806469011725,40.11764545887806,-109.668303,40.117673,20.544108471874864,0.6848036157291622
/mnt/engg-leung/Research_No9_Methane_Emissions/Yuyao/raw_data_dir_L89_L2SR_by_gee/ang20180920t185005-C_l89_sr_LANDSAT_8_20180921T184519Z.tif,ang20180920t185005-C,10,518,516,False,EPSG:32610,30.0,-30.0,-121.93573227635986,37.99698669465754,-121.935958,37.997033,20.4820299883168,0.6827343329438933
/mnt/engg-leung/Research_No9_Methane_Emissions/Yuyao/raw_data_dir_L89_L2SR_by_gee/GAO20240611t220309p0000-B_l89_sr_LANDSAT_8_20240612T182724Z.tif,GAO20240611t220309p0000-B,10,520,520,False,EPSG:32611,30.0,-30.0,-118.78913326539579,34.30221698246312,-118.78935355155213,34.30219185775724,20.46936083022092,0.6823120276740308
/mnt/engg-leung/Research_No9_Methane_Emissions/Yuyao/raw_data_dir_L89_L2SR_by_gee/emi20230206t053232p04015-A_l89_sr_LANDSAT_8_20230206T063458Z.tif,emi20230206t053232p04015-A,10,514,513,False,EPSG:32640,30.0,-30.0,57.88723792682221,23.60164626621823,57.88710364396886,23.60150985955302,20.39771847807736,0.6799239492692453
/mnt/engg-leung/Research_No9_Methane_Emissions/Yuyao/raw_data_dir_L89_L2SR_by_gee/GAO20240612t204755p0000-A_l89_sr_LANDSAT_9_20240613T182124Z.tif,GAO20240612t204755p0000-A,10,514,513,False,EPSG:32611,30.0,-30.0,-117.46041504243894,33.79575206792545,-117.4606249364235,33.79569776467099,20.349159281941887,0.6783053093980629
/mnt/engg-leung/Research_No9_Methane_Emissions/Yuyao/raw_data_dir_L89_L2SR_by_gee/tan20250509t103356c00s4001-A_l89_sr_LANDSAT_9_20250510T095024Z.tif,tan20250509t103356c00s4001-A,10,514,514,False,EPSG:32632,30.0,-30.0,9.751783160944045,28.914405401181742,9.751579427993876,28.914365735175,20.348452121821754,0.6782817373940585
/mnt/engg-leung/Research_No9_Methane_Emissions/Yuyao/raw_data_dir_L89_L2SR_by_gee/tan20241225t032551c00s4001-A_l89_sr_LANDSAT_9_20241226T030651Z.tif,tan20241225t032551c00s4001-A,10,526,525,False,EPSG:32649,30.0,-30.0,113.40472777994117,38.00830037102563,113.40451775623376,38.00822326057934,20.33391772196151,0.677797257398717
/mnt/engg-leung/Research_No9_Methane_Emissions/Yuyao/raw_data_dir_L89_L2SR_by_gee/ang20220324t205811-C_l89_sr_LANDSAT_8_20220325T175015Z.tif,ang20220324t205811-C,10,531,530,False,EPSG:32612,30.0,-30.0,-107.55983354946426,36.932359304034605,-107.560059,36.932334,20.280847922763613,0.6760282640921205
/mnt/engg-leung/Research_No9_Methane_Emissions/Yuyao/raw_data_dir_L89_L2SR_by_gee/emi20220901t034318p03002-E_l89_sr_LANDSAT_8_20220901T061823Z.tif,emi20220901t034318p03002-E,10,528,527,False,EPSG:32641,30.0,-30.0,65.88957082804801,38.53688583817473,65.88933998167374,38.53689634555457,20.16086097973339,0.6720286993244463
/mnt/engg-leung/Research_No9_Methane_Emissions/Yuyao/raw_data_dir_L89_L2SR_by_gee/GAO20240513t152858p0000-D_l89_sr_LANDSAT_9_20240513T172652Z.tif,GAO20240513t152858p0000-D,10,516,516,False,EPSG:32613,30.0,-30.0,-103.90736906779841,32.118155199787,-103.90757769187005,32.11811841838538,20.10625771857327,0.6702085906191091
/mnt/engg-leung/Research_No9_Methane_Emissions/Yuyao/raw_data_dir_L89_L2SR_by_gee/GAO20200719t182612p0000-D_l89_sr_LANDSAT_8_20200720T173300Z.tif,GAO20200719t182612p0000-D,10,516,516,False,EPSG:32613,30.0,-30.0,-104.06319318873494,32.21087749361904,-104.06339,32.210809,20.049010058901988,0.6683003352967329
/mnt/engg-leung/Research_No9_Methane_Emissions/Yuyao/raw_data_dir_L89_L2SR_by_gee/GAO20220622t161856p0000-A_l89_sr_LANDSAT_8_20220622T174142Z.tif,GAO20220622t161856p0000-A,10,525,523,False,EPSG:32613,30.0,-30.0,-103.11266083511771,47.76233342447032,-103.1129276,47.76233781,20.004628903497338,0.6668209634499113
/mnt/engg-leung/Research_No9_Methane_Emissions/Yuyao/raw_data_dir_L89_L2SR_by_gee/ang20220325t180940-B_l89_sr_LANDSAT_9_20220326T174437Z.tif,ang20220325t180940-B,10,528,527,False,EPSG:32613,30.0,-30.0,-107.97568814658048,36.6001002110888,-107.97591,36.600122,19.997192074799077,0.6665730691599693
/mnt/engg-leung/Research_No9_Methane_Emissions/Yuyao/raw_data_dir_L89_L2SR_by_gee/GAO20200719t184002p0000-E_l89_sr_LANDSAT_8_20200720T173300Z.tif,GAO20200719t184002p0000-E,10,517,516,False,EPSG:32613,30.0,-30.0,-103.93155827720518,32.30685184018763,-103.931699,32.306717,19.980555379440013,0.6660185126480004
/mnt/engg-leung/Research_No9_Methane_Emissions/Yuyao/raw_data_dir_L89_L2SR_by_gee/emi20240626t060135p04017-A_l89_sr_LANDSAT_8_20240626T070722Z.tif,emi20240626t060135p04017-A,10,513,512,False,EPSG:32639,30.0,-30.0,51.33220324630916,35.456051110616755,51.33198834600458,35.45601338706527,19.952315086206493,0.6650771695402165
/mnt/engg-leung/Research_No9_Methane_Emissions/Yuyao/raw_data_dir_L89_L2SR_by_gee/tan20250715t080139c58s4001-B_l89_sr_LANDSAT_9_20250716T070119Z.tif,tan20250715t080139c58s4001-B,10,528,528,False,EPSG:32639,30.0,-30.0,53.915022940730715,37.77618126697292,53.91480185737885,37.77614229543279,19.95170134424703,0.665056711474901
/mnt/engg-leung/Research_No9_Methane_Emissions/Yuyao/raw_data_dir_L89_L2SR_by_gee/emi20231028t114616p08003-A_l89_sr_LANDSAT_8_20231029T112741Z.tif,emi20231028t114616p08003-A,10,516,516,False,EPSG:32628,30.0,-30.0,-17.311531760769096,14.800426386308484,-17.31171226422049,14.8004607123151,19.798832000915557,0.6599610666971852
/mnt/engg-leung/Research_No9_Methane_Emissions/Yuyao/raw_data_dir_L89_L2SR_by_gee/ang20220520t194728-A_l89_sr_LANDSAT_9_20220521T183337Z.tif,ang20220520t194728-A,10,525,524,False,EPSG:32611,30.0,-30.0,-119.51750767464064,35.20580315231596,-119.51772,35.2058407,19.777810838374954,0.6592603612791651
/mnt/engg-leung/Research_No9_Methane_Emissions/Yuyao/raw_data_dir_L89_L2SR_by_gee/GAO20240612t210924p0000-A_l89_sr_LANDSAT_9_20240613T182124Z.tif,GAO20240612t210924p0000-A,10,514,513,False,EPSG:32611,30.0,-30.0,-117.46689946924873,33.79626884482492,-117.46701183205818,33.79611759947362,19.7409024883164,0.65803008294388
/mnt/engg-leung/Research_No9_Methane_Emissions/Yuyao/raw_data_dir_L89_L2SR_by_gee/ang20171003t224906-D_l89_sr_LANDSAT_8_20171004T184619Z.tif,ang20171003t224906-D,10,520,519,False,EPSG:32610,30.0,-30.0,-121.66116330812027,37.754359083557965,-121.66136299021952,37.75427897358003,19.71576258184538,0.6571920860615126
/mnt/engg-leung/Research_No9_Methane_Emissions/Yuyao/raw_data_dir_L89_L2SR_by_gee/GAO20240611t194144p0000-C_l89_sr_LANDSAT_8_20240612T182724Z.tif,GAO20240611t194144p0000-C,10,520,519,False,EPSG:32611,30.0,-30.0,-118.64912141013032,34.43483881355079,-118.64929279039436,34.43473219240835,19.69795508782587,0.6565985029275291
/mnt/engg-leung/Research_No9_Methane_Emissions/Yuyao/raw_data_dir_L89_L2SR_by_gee/ang20171003t222158-A_l89_sr_LANDSAT_8_20171004T184556Z.tif,ang20171003t222158-A,10,522,521,False,EPSG:32610,30.0,-30.0,-121.18651082134426,37.87778362603137,-121.18673,37.877816,19.614847679252122,0.6538282559750708
/mnt/engg-leung/Research_No9_Methane_Emissions/Yuyao/raw_data_dir_L89_L2SR_by_gee/tan20250729t080117c58s4001-A_l89_sr_LANDSAT_9_20250730T071122Z.tif,tan20250729t080117c58s4001-A,10,534,533,False,EPSG:32639,30.0,-30.0,54.26948371960698,46.11358000547432,54.269231135276925,46.11357056427511,19.554124283396735,0.6518041427798912
/mnt/engg-leung/Research_No9_Methane_Emissions/Yuyao/raw_data_dir_L89_L2SR_by_gee/ang20220324t205811-D_l89_sr_LANDSAT_8_20220325T175015Z.tif,ang20220324t205811-D,10,531,530,False,EPSG:32612,30.0,-30.0,-107.41987174125879,36.83658984370352,-107.420055,36.836494,19.502668213481115,0.6500889404493705
/mnt/engg-leung/Research_No9_Methane_Emissions/Yuyao/raw_data_dir_L89_L2SR_by_gee/ang20220627t163536-B_l89_sr_LANDSAT_9_20220628T161626Z.tif,ang20220627t163536-B,10,524,522,False,EPSG:32617,30.0,-30.0,-82.86420664015127,42.08968101795617,-82.864357,42.089546,19.48501098230595,0.649500366076865
/mnt/engg-leung/Research_No9_Methane_Emissions/Yuyao/raw_data_dir_L89_L2SR_by_gee/GAO20230713t201929p0000-B_l89_sr_LANDSAT_9_20230714T190126Z.tif,GAO20230713t201929p0000-B,10,520,518,False,EPSG:32610,30.0,-30.0,-122.05162021696832,47.456083994708465,-122.05185425888206,47.45601013696592,19.46508946584392,0.6488363155281307
/mnt/engg-leung/Research_No9_Methane_Emissions/Yuyao/raw_data_dir_L89_L2SR_by_gee/GAO20240512t182852p0000-B_l89_sr_LANDSAT_9_20240513T172652Z.tif,GAO20240512t182852p0000-B,10,517,516,False,EPSG:32613,30.0,-30.0,-103.84035695623153,32.13663820953909,-103.84055371568016,32.13669035378666,19.444422881503826,0.6481474293834608
/mnt/engg-leung/Research_No9_Methane_Emissions/Yuyao/raw_data_dir_L89_L2SR_by_gee/emi20250611t065853p04019-C_l89_sr_LANDSAT_8_20250612T030552Z.tif,emi20250611t065853p04019-C,10,524,522,False,EPSG:32649,30.0,-30.0,113.14827623512355,37.97217573783497,113.1480701929072,37.972112078051225,19.434100172041536,0.6478033390680512
/mnt/engg-leung/Research_No9_Methane_Emissions/Yuyao/raw_data_dir_L89_L2SR_by_gee/tan20250503t033800c00s4001-A_l89_sr_LANDSAT_8_20250504T025954Z.tif,tan20250503t033800c00s4001-A,10,531,530,False,EPSG:32650,30.0,-30.0,113.56163924254606,37.772464802480556,113.56150988111123,37.772323753969886,19.364479748701786,0.6454826582900596
/mnt/engg-leung/Research_No9_Methane_Emissions/Yuyao/raw_data_dir_L89_L2SR_by_gee/emi20250604t025357p02022-G_l89_sr_LANDSAT_9_20250604T030541Z.tif,emi20250604t025357p02022-G,10,524,523,False,EPSG:32649,30.0,-30.0,113.22982072758371,37.986607496506906,113.22962248199524,37.986533475442485,19.256318284825152,0.6418772761608385
/mnt/engg-leung/Research_No9_Methane_Emissions/Yuyao/raw_data_dir_L89_L2SR_by_gee/tan20250430t180543c00s4001-W_l89_sr_LANDSAT_8_20250501T172033Z.tif,tan20250430t180543c00s4001-W,10,527,526,False,EPSG:32613,30.0,-30.0,-101.76612495984308,31.650032651076785,-101.76632374911944,31.650067424340705,19.24540280862075,0.641513426954025
/mnt/engg-leung/Research_No9_Methane_Emissions/Yuyao/raw_data_dir_L89_L2SR_by_gee/tan20250131t181317c00s4001-N_l89_sr_LANDSAT_8_20250201T172724Z.tif,tan20250131t181317c00s4001-N,10,516,516,False,EPSG:32613,30.0,-30.0,-104.0583472667954,32.617043612787256,-104.05852702836802,32.616961454007765,19.174510736899958,0.6391503578966653
/mnt/engg-leung/Research_No9_Methane_Emissions/Yuyao/raw_data_dir_L89_L2SR_by_gee/tan20250309t060015c00s4001-C_l89_sr_LANDSAT_9_20250310T052505Z.tif,tan20250309t060015c00s4001-C,10,520,521,False,EPSG:32643,30.0,-30.0,77.17124373918122,28.403371947860286,77.17105180193005,28.40334289645457,19.08212082667787,0.6360706942225957
/mnt/engg-leung/Research_No9_Methane_Emissions/Yuyao/raw_data_dir_L89_L2SR_by_gee/GAO20211003t182543p0000-B_l89_sr_LANDSAT_8_20211004T172742Z.tif,GAO20211003t182543p0000-B,10,517,516,False,EPSG:32613,30.0,-30.0,-103.86716506651773,31.974503730785894,-103.86734,31.9745865,18.91104399859843,0.6303681332866143
/mnt/engg-leung/Research_No9_Methane_Emissions/Yuyao/raw_data_dir_L89_L2SR_by_gee/emi20230425t095431p07011-A_l89_sr_LANDSAT_8_20230426T090638Z.tif,emi20230425t095431p07011-A,10,513,514,False,EPSG:32634,30.0,-30.0,21.547998483841912,29.2529024601333,21.547805597157577,29.25288019678608,18.9104351584846,0.6303478386161533
/mnt/engg-leung/Research_No9_Methane_Emissions/Yuyao/raw_data_dir_L89_L2SR_by_gee/GAO20240611t190449p0000-A_l89_sr_LANDSAT_8_20240612T182724Z.tif,GAO20240611t190449p0000-A,10,520,519,False,EPSG:32611,30.0,-30.0,-118.64998364306157,34.42887600955802,-118.65013955114216,34.42876515949213,18.88325313374271,0.629441771124757
/mnt/engg-leung/Research_No9_Methane_Emissions/Yuyao/raw_data_dir_L89_L2SR_by_gee/GAO20211003t180705p0000-D_l89_sr_LANDSAT_8_20211004T172742Z.tif,GAO20211003t180705p0000-D,10,518,516,False,EPSG:32613,30.0,-30.0,-103.78865102674573,32.05401959133333,-103.78885,32.05403,18.825989442964673,0.6275329814321557
/mnt/engg-leung/Research_No9_Methane_Emissions/Yuyao/raw_data_dir_L89_L2SR_by_gee/GAO20240513t172418p0000-D_l89_sr_LANDSAT_9_20240513T172652Z.tif,GAO20240513t172418p0000-D,10,516,514,False,EPSG:32613,30.0,-30.0,-104.20472861687762,32.297637479257126,-104.20492669038292,32.29761667829085,18.79793565147452,0.6265978550491507
/mnt/engg-leung/Research_No9_Methane_Emissions/Yuyao/raw_data_dir_L89_L2SR_by_gee/GAO20230510t153109p0000-A_l89_sr_LANDSAT_9_20230510T164031Z.tif,GAO20230510t153109p0000-A,10,523,522,False,EPSG:32616,30.0,-30.0,-88.74831952319941,43.09042704219215,-88.74847812136872,43.09030442974054,18.76965479770706,0.6256551599235686
/mnt/engg-leung/Research_No9_Methane_Emissions/Yuyao/raw_data_dir_L89_L2SR_by_gee/GAO20191031t164711p0000-C_l89_sr_LANDSAT_8_20191031T172743Z.tif,GAO20191031t164711p0000-C,10,520,519,False,EPSG:32613,30.0,-30.0,-103.22502875101323,31.310780686728513,-103.2252,31.310698,18.70284695199179,0.6234282317330597
/mnt/engg-leung/Research_No9_Methane_Emissions/Yuyao/raw_data_dir_L89_L2SR_by_gee/GAO20240612t215216p0000-A_l89_sr_LANDSAT_9_20240613T182124Z.tif,GAO20240612t215216p0000-A,10,514,513,False,EPSG:32611,30.0,-30.0,-117.46754467974849,33.79572525513025,-117.4677325894748,33.795786327358115,18.67345249413389,0.6224484164711297
/mnt/engg-leung/Research_No9_Methane_Emissions/Yuyao/raw_data_dir_L89_L2SR_by_gee/tan20250827t182223c99s4001-A_l89_sr_LANDSAT_8_20250828T172723Z.tif,tan20250827t182223c99s4001-A,10,516,515,False,EPSG:32613,30.0,-30.0,-103.92968327101711,31.798725557461115,-103.92987897183956,31.798707633601666,18.638933475354587,0.6212977825118196
/mnt/engg-leung/Research_No9_Methane_Emissions/Yuyao/raw_data_dir_L89_L2SR_by_gee/tan20250916t081222c80s4001-B_l89_sr_LANDSAT_8_20250917T070953Z.tif,tan20250916t081222c80s4001-B,10,516,515,False,EPSG:32639,30.0,-30.0,50.09196713184645,30.294201058593202,50.09177351220143,30.294204604138105,18.630435142576108,0.6210145047525369
/mnt/engg-leung/Research_No9_Methane_Emissions/Yuyao/raw_data_dir_L89_L2SR_by_gee/emi20241014t062003p04012-A_l89_sr_LANDSAT_8_20241015T030707Z.tif,emi20241014t062003p04012-A,10,520,519,False,EPSG:32649,30.0,-30.0,112.48567643058207,35.5930137446538,112.48548895327924,35.59294573579183,18.59032191335649,0.619677397111883
/mnt/engg-leung/Research_No9_Methane_Emissions/Yuyao/raw_data_dir_L89_L2SR_by_gee/GAO20191031t171656p0000-B_l89_sr_LANDSAT_8_20191031T172743Z.tif,GAO20191031t171656p0000-B,10,519,518,False,EPSG:32613,30.0,-30.0,-103.38455293680673,31.170397113620016,-103.38466,31.170257,18.58779489489733,0.6195931631632443
/mnt/engg-leung/Research_No9_Methane_Emissions/Yuyao/raw_data_dir_L89_L2SR_by_gee/av320250723t162202-C_l89_sr_LANDSAT_9_20250724T160427Z.tif,av320250723t162202-C,10,516,515,False,EPSG:32617,30.0,-30.0,-80.31723524197767,40.012744791943966,-80.3174526818719,40.01274561721178,18.564804762877444,0.6188268254292482
/mnt/engg-leung/Research_No9_Methane_Emissions/Yuyao/raw_data_dir_L89_L2SR_by_gee/tan20251008t055801c78s4001-A_l89_sr_LANDSAT_8_20251009T045000Z.tif,tan20251008t055801c78s4001-A,10,518,517,False,EPSG:32645,30.0,-30.0,87.86467000710165,44.037983462074315,87.86444040572917,44.03800056215408,18.50151923847781,0.6167173079492604
/mnt/engg-leung/Research_No9_Methane_Emissions/Yuyao/raw_data_dir_L89_L2SR_by_gee/tan20250510t033900c00s4001-K_l89_sr_LANDSAT_8_20250511T030539Z.tif,tan20250510t033900c00s4001-K,10,525,524,False,EPSG:32649,30.0,-30.0,113.43703914411869,37.967761470862506,113.43687393659128,37.967658723429096,18.460910025618986,0.6153636675206329
/mnt/engg-leung/Research_No9_Methane_Emissions/Yuyao/raw_data_dir_L89_L2SR_by_gee/GAO20240612t215216p0000-J_l89_sr_LANDSAT_9_20240613T182124Z.tif,GAO20240612t215216p0000-J,10,514,513,False,EPSG:32611,30.0,-30.0,-117.4604135938806,33.79548150008827,-117.4603468818484,33.79532470585387,18.456105444024068,0.6152035148008023
/mnt/engg-leung/Research_No9_Methane_Emissions/Yuyao/raw_data_dir_L89_L2SR_by_gee/ang20171023t183733-B_l89_sr_LANDSAT_8_20171024T182251Z.tif,ang20171023t183733-B,10,515,514,False,EPSG:32611,30.0,-30.0,-117.6117483302808,33.496783174163085,-117.6119441545076,33.49675578879071,18.44891569094284,0.6149638563647614
/mnt/engg-leung/Research_No9_Methane_Emissions/Yuyao/raw_data_dir_L89_L2SR_by_gee/ang20180922t210202-P_l89_sr_LANDSAT_8_20180923T183347Z.tif,ang20180922t210202-P,10,526,525,False,EPSG:32611,30.0,-30.0,-119.66853028608881,35.35521466487716,-119.668727,35.355175,18.413314060096674,0.6137771353365558
/mnt/engg-leung/Research_No9_Methane_Emissions/Yuyao/raw_data_dir_L89_L2SR_by_gee/emi20231003t074704p05043-C_l89_sr_LANDSAT_8_20231004T063020Z.tif,emi20231003t074704p05043-C,10,513,512,False,EPSG:32641,30.0,-30.0,62.85259683029471,38.54637873275059,62.85259468480686,38.54621287800771,18.411960782282627,0.6137320260760876
/mnt/engg-leung/Research_No9_Methane_Emissions/Yuyao/raw_data_dir_L89_L2SR_by_gee/tan20250610t032801c58s4001-A_l89_sr_LANDSAT_8_20250611T023520Z.tif,tan20250610t032801c58s4001-A,10,512,513,False,EPSG:32649,30.0,-30.0,112.7119165438774,-7.527431417711206,112.71176021226456,-7.527374171069482,18.378671061781745,0.6126223687260581
/mnt/engg-leung/Research_No9_Methane_Emissions/Yuyao/raw_data_dir_L89_L2SR_by_gee/emi20230224t181429p12036-C_l89_sr_LANDSAT_8_20230225T170003Z.tif,emi20230224t181429p12036-C,10,511,511,False,EPSG:32614,30.0,-30.0,-98.84218077719919,19.40374946087598,-98.84233486183544,19.403673852814144,18.220406107886934,0.6073468702628978
/mnt/engg-leung/Research_No9_Methane_Emissions/Yuyao/raw_data_dir_L89_L2SR_by_gee/GAO20240513t164003p0000-B_l89_sr_LANDSAT_9_20240513T172652Z.tif,GAO20240513t164003p0000-B,10,516,515,False,EPSG:32613,30.0,-30.0,-104.06872205695439,32.15246203507281,-104.06889340113304,32.1525353798629,18.094836288047308,0.6031612096015769
/mnt/engg-leung/Research_No9_Methane_Emissions/Yuyao/raw_data_dir_L89_L2SR_by_gee/GAO20230824t160435p0000-B_l89_sr_LANDSAT_9_20230824T172037Z.tif,GAO20230824t160435p0000-B,10,526,525,False,EPSG:32614,30.0,-30.0,-101.9332912277307,32.382639861266796,-101.93347778040102,32.382677754188975,18.05027550042119,0.6016758500140397
/mnt/engg-leung/Research_No9_Methane_Emissions/Yuyao/raw_data_dir_L89_L2SR_by_gee/GAO20240611t203254p0000-A_l89_sr_LANDSAT_8_20240612T182724Z.tif,GAO20240611t203254p0000-A,10,520,519,False,EPSG:32611,30.0,-30.0,-118.64609367688236,34.43028098268655,-118.6462777232366,34.430336289722064,17.9950357137598,0.5998345237919934
/mnt/engg-leung/Research_No9_Methane_Emissions/Yuyao/raw_data_dir_L89_L2SR_by_gee/emi20220818t083506p06021-A_l89_sr_LANDSAT_9_20220819T055844Z.tif,emi20220818t083506p06021-A,10,515,514,False,EPSG:32642,30.0,-30.0,69.48614049553602,41.097370028898034,69.48592862836031,41.09739339574512,17.987397355809843,0.5995799118603281
/mnt/engg-leung/Research_No9_Methane_Emissions/Yuyao/raw_data_dir_L89_L2SR_by_gee/GAO20240611t192314p0000-D_l89_sr_LANDSAT_8_20240612T182724Z.tif,GAO20240611t192314p0000-D,10,520,519,False,EPSG:32611,30.0,-30.0,-118.64910546906306,34.434027505538026,-118.6492943557655,34.43406986605511,17.985703754836713,0.5995234584945571
/mnt/engg-leung/Research_No9_Methane_Emissions/Yuyao/raw_data_dir_L89_L2SR_by_gee/ang20191022t172245-5_l89_sr_LANDSAT_8_20191022T173330Z.tif,ang20191022t172245-5,10,517,515,False,EPSG:32613,30.0,-30.0,-103.9852488531199,32.19254978912312,-103.9854048329437,32.19245661224748,17.974650579311145,0.5991550193103715
/mnt/engg-leung/Research_No9_Methane_Emissions/Yuyao/raw_data_dir_L89_L2SR_by_gee/ang20170620t221828-B_l89_sr_LANDSAT_8_20170621T185136Z.tif,ang20170620t221828-B,10,514,514,False,EPSG:32610,30.0,-30.0,-122.5654454642773,38.16917665928866,-122.565631,38.16911,17.863042717875775,0.5954347572625258
/mnt/engg-leung/Research_No9_Methane_Emissions/Yuyao/raw_data_dir_L89_L2SR_by_gee/GAO20230430t185208p0000-B_l89_sr_LANDSAT_9_20230501T165021Z.tif,GAO20230430t185208p0000-B,10,521,519,False,EPSG:32615,30.0,-30.0,-94.9183786508836,29.680931463873147,-94.91855571827828,29.68089059579546,17.727549653677915,0.5909183217892638
/mnt/engg-leung/Research_No9_Methane_Emissions/Yuyao/raw_data_dir_L89_L2SR_by_gee/GAO20230824t171600p0000-C_l89_sr_LANDSAT_9_20230824T172101Z.tif,GAO20230824t171600p0000-C,10,527,526,False,EPSG:32613,30.0,-30.0,-101.79332827980163,31.95202679267059,-101.79345017541226,31.95190553832346,17.70842816656778,0.5902809388855927
/mnt/engg-leung/Research_No9_Methane_Emissions/Yuyao/raw_data_dir_L89_L2SR_by_gee/emi20240129t150516p09007-B_l89_sr_LANDSAT_8_20240129T151710Z.tif,emi20240129t150516p09007-B,10,514,514,False,EPSG:32618,30.0,-30.0,-77.06567463523106,-11.81452278021092,-77.06582537745561,-11.814463235747084,17.698731800181104,0.5899577266727035
/mnt/engg-leung/Research_No9_Methane_Emissions/Yuyao/raw_data_dir_L89_L2SR_by_gee/GAO20240612t215216p0000-E_l89_sr_LANDSAT_9_20240613T182124Z.tif,GAO20240612t215216p0000-E,10,514,513,False,EPSG:32611,30.0,-30.0,-117.4636572466123,33.79601049906573,-117.4636738368982,33.795852861814524,17.552286998594848,0.5850762332864949
/mnt/engg-leung/Research_No9_Methane_Emissions/Yuyao/raw_data_dir_L89_L2SR_by_gee/tan20250424t080446c00s4001-G_l89_sr_LANDSAT_9_20250425T071512Z.tif,tan20250424t080446c00s4001-G,10,516,516,False,EPSG:32639,30.0,-30.0,49.88130553604326,31.130336734328942,49.88113877190588,31.13027382312501,17.36721854409267,0.578907284803089
/mnt/engg-leung/Research_No9_Methane_Emissions/Yuyao/raw_data_dir_L89_L2SR_by_gee/tan20250622t170412c08s4001-A_l89_sr_LANDSAT_8_20250623T155807Z.tif,tan20250622t170412c08s4001-A,10,514,512,False,EPSG:32617,30.0,-30.0,-80.77585928968077,39.775865636090835,-80.77606007902448,39.77584422928064,17.36553177888591,0.578851059296197
/mnt/engg-leung/Research_No9_Methane_Emissions/Yuyao/raw_data_dir_L89_L2SR_by_gee/emi20250604t025357p02022-AH_l89_sr_LANDSAT_9_20250604T030541Z.tif,emi20250604t025357p02022-AH,10,524,524,False,EPSG:32649,30.0,-30.0,113.30106728741279,37.99848090551663,113.30087201598326,37.99845672414261,17.360270125535653,0.5786756708511884
/mnt/engg-leung/Research_No9_Methane_Emissions/Yuyao/raw_data_dir_L89_L2SR_by_gee/tan20241217t064857c00s4001-B_l89_sr_LANDSAT_8_20241218T062403Z.tif,tan20241217t064857c00s4001-B,10,521,520,False,EPSG:32641,30.0,-30.0,64.6176819193353,38.73399002892325,64.61748290196738,38.73397822517197,17.35406740379939,0.5784689134599797
/mnt/engg-leung/Research_No9_Methane_Emissions/Yuyao/raw_data_dir_L89_L2SR_by_gee/ang20170919t211946-A_l89_sr_LANDSAT_8_20170920T183416Z.tif,ang20170919t211946-A,10,530,529,False,EPSG:32611,30.0,-30.0,-120.37150385633876,36.24137754376717,-120.371673,36.241452,17.3037847593389,0.5767928253112966
/mnt/engg-leung/Research_No9_Methane_Emissions/Yuyao/raw_data_dir_L89_L2SR_by_gee/tan20250723t085612c40s4001-K_l89_sr_LANDSAT_9_20250724T075113Z.tif,tan20250723t085612c40s4001-K,10,522,521,False,EPSG:32637,30.0,-30.0,40.93180936254259,36.375534557384825,40.93162400671855,36.375573209755146,17.176882370821943,0.5725627456940647
/mnt/engg-leung/Research_No9_Methane_Emissions/Yuyao/raw_data_dir_L89_L2SR_by_gee/tan20250814t095205c00s4001-B_l89_sr_LANDSAT_9_20250815T085227Z.tif,tan20250814t095205c00s4001-B,10,512,511,False,EPSG:32635,30.0,-30.0,27.064134721357092,38.53117850015157,27.06393861852925,38.53117217065008,17.113645533544457,0.5704548511181485
/mnt/engg-leung/Research_No9_Methane_Emissions/Yuyao/raw_data_dir_L89_L2SR_by_gee/GAO20210810t152557p0001-A_l89_sr_LANDSAT_8_20210810T172116Z.tif,GAO20210810t152557p0001-A,10,527,526,False,EPSG:32613,30.0,-30.0,-101.73617090590645,31.647646607990218,-101.73635,31.6476375,17.017554478310434,0.5672518159436811
/mnt/engg-leung/Research_No9_Methane_Emissions/Yuyao/raw_data_dir_L89_L2SR_by_gee/emi20240725t103930p07004-B_l89_sr_LANDSAT_8_20240726T072204Z.tif,emi20240725t103930p07004-B,10,523,523,False,EPSG:32638,30.0,-30.0,47.59325167282507,29.019949783064092,47.59310077276433,29.01987442374808,16.907865412778605,0.5635955137592868
/mnt/engg-leung/Research_No9_Methane_Emissions/Yuyao/raw_data_dir_L89_L2SR_by_gee/tan20250308t033118c00s4001-I_l89_sr_LANDSAT_9_20250309T030033Z.tif,tan20250308t033118c00s4001-I,10,531,529,False,EPSG:32650,30.0,-30.0,113.61683819488148,37.40809936073536,113.61672402435732,37.40797735809686,16.897211056737408,0.5632403685579136
/mnt/engg-leung/Research_No9_Methane_Emissions/Yuyao/raw_data_dir_L89_L2SR_by_gee/GAO20240612t213044p0000-G_l89_sr_LANDSAT_9_20240613T182124Z.tif,GAO20240612t213044p0000-G,10,514,513,False,EPSG:32611,30.0,-30.0,-117.46561341886085,33.798167716786956,-117.46560210650924,33.79801612469687,16.847004593556136,0.5615668197852045
/mnt/engg-leung/Research_No9_Methane_Emissions/Yuyao/raw_data_dir_L89_L2SR_by_gee/ang20220324t191818-C_l89_sr_LANDSAT_8_20220325T175015Z.tif,ang20220324t191818-C,10,530,529,False,EPSG:32612,30.0,-30.0,-107.68542593544217,36.85849072656654,-107.685613,36.858475,16.7727831613269,0.5590927720442299
/mnt/engg-leung/Research_No9_Methane_Emissions/Yuyao/raw_data_dir_L89_L2SR_by_gee/GAO20240611t203254p0000-F_l89_sr_LANDSAT_8_20240612T182724Z.tif,GAO20240611t203254p0000-F,10,520,519,False,EPSG:32611,30.0,-30.0,-118.64779458650854,34.43377467283581,-118.64776297157266,34.43362818753806,16.50741833564702,0.5502472778549007
/mnt/engg-leung/Research_No9_Methane_Emissions/Yuyao/raw_data_dir_L89_L2SR_by_gee/GAO20220923t160943p0000-A_l89_sr_LANDSAT_9_20220923T162504Z.tif,GAO20220923t160943p0000-A,10,512,511,False,EPSG:32616,30.0,-30.0,-87.05784560100203,33.71001251472281,-87.057995,33.710093,16.47686973534962,0.5492289911783207
/mnt/engg-leung/Research_No9_Methane_Emissions/Yuyao/raw_data_dir_L89_L2SR_by_gee/emi20231003t060928p04006-A_l89_sr_LANDSAT_9_20231004T054428Z.tif,emi20231003t060928p04006-A,10,522,521,False,EPSG:32642,30.0,-30.0,71.5727525094691,25.9030379712638,71.57261080940083,25.902962974067748,16.450724563518172,0.5483574854506057
/mnt/engg-leung/Research_No9_Methane_Emissions/Yuyao/raw_data_dir_L89_L2SR_by_gee/emi20250517t121848p08011-A_l89_sr_LANDSAT_8_20250518T063401Z.tif,emi20250517t121848p08011-A,10,517,515,False,EPSG:32640,30.0,-30.0,58.453210424143684,23.333362101084276,58.45306327378114,23.33330392580972,16.370107780284982,0.5456702593428328
/mnt/engg-leung/Research_No9_Methane_Emissions/Yuyao/raw_data_dir_L89_L2SR_by_gee/tan20250730t103138c58s4001-B_l89_sr_LANDSAT_9_20250731T093706Z.tif,tan20250730t103138c58s4001-B,10,520,519,False,EPSG:32633,30.0,-30.0,13.34891197987154,32.599438104897196,13.348738827998543,32.599420870866226,16.366299231370387,0.5455433077123463
/mnt/engg-leung/Research_No9_Methane_Emissions/Yuyao/raw_data_dir_L89_L2SR_by_gee/GAO20240611t205814p0000-D_l89_sr_LANDSAT_8_20240612T182724Z.tif,GAO20240611t205814p0000-D,10,520,520,False,EPSG:32611,30.0,-30.0,-118.64863181558223,34.43484541669677,-118.64874003199516,34.43472927302763,16.27645335189113,0.5425484450630377
/mnt/engg-leung/Research_No9_Methane_Emissions/Yuyao/raw_data_dir_L89_L2SR_by_gee/tan20250408t170859c00s4001-H_l89_sr_LANDSAT_8_20250409T161832Z.tif,tan20250408t170859c00s4001-H,10,513,512,False,EPSG:32616,30.0,-30.0,-87.23986563612792,33.32407014877273,-87.23988131847729,33.323924216989,16.251061662957056,0.5417020554319019
/mnt/engg-leung/Research_No9_Methane_Emissions/Yuyao/raw_data_dir_L89_L2SR_by_gee/tan20250827t182223c99s4001-AD_l89_sr_LANDSAT_8_20250828T172723Z.tif,tan20250827t182223c99s4001-AD,10,516,516,False,EPSG:32613,30.0,-30.0,-104.06161567613678,31.866886472180624,-104.06178481096866,31.86691070140617,16.229052020488407,0.5409684006829469
/mnt/engg-leung/Research_No9_Methane_Emissions/Yuyao/raw_data_dir_L89_L2SR_by_gee/emi20240415t184303p12038-A_l89_sr_LANDSAT_9_20240416T160427Z.tif,emi20240415t184303p12038-A,10,516,514,False,EPSG:32617,30.0,-30.0,-80.41891570486915,39.6481246579301,-80.41904459260687,39.64801937305674,16.09425218520706,0.5364750728402353
/mnt/engg-leung/Research_No9_Methane_Emissions/Yuyao/raw_data_dir_L89_L2SR_by_gee/tan20250423t071100c00s4001-A_l89_sr_LANDSAT_9_20250424T063021Z.tif,tan20250423t071100c00s4001-A,10,519,518,False,EPSG:32641,30.0,-30.0,61.71269746856389,36.63640145948707,61.71271817095396,36.63625759353336,16.071928250325435,0.5357309416775144
/mnt/engg-leung/Research_No9_Methane_Emissions/Yuyao/raw_data_dir_L89_L2SR_by_gee/emi20250604t025357p02022-AQ_l89_sr_LANDSAT_9_20250604T030541Z.tif,emi20250604t025357p02022-AQ,10,523,522,False,EPSG:32649,30.0,-30.0,112.96873007615793,37.96274777955381,112.96856801827464,37.9626809635689,16.05651381950618,0.5352171273168727
/mnt/engg-leung/Research_No9_Methane_Emissions/Yuyao/raw_data_dir_L89_L2SR_by_gee/emi20230818t083704p06025-A_l89_sr_LANDSAT_8_20230819T061749Z.tif,emi20230818t083704p06025-A,10,528,527,False,EPSG:32641,30.0,-30.0,65.94159291104292,38.529913407408614,65.94141144152428,38.52989029012289,16.030274185207556,0.5343424728402518
/mnt/engg-leung/Research_No9_Methane_Emissions/Yuyao/raw_data_dir_L89_L2SR_by_gee/tan20241105t034128c00s4001-I_l89_sr_LANDSAT_9_20241106T031844Z.tif,tan20241105t034128c00s4001-I,10,513,511,False,EPSG:32649,30.0,-30.0,111.07465989924127,39.054164898202586,111.07452032393206,39.05407071129795,15.97815730105233,0.532605243368411
/mnt/engg-leung/Research_No9_Methane_Emissions/Yuyao/raw_data_dir_L89_L2SR_by_gee/tan20250407t150057c00s4001-B_l89_sr_LANDSAT_8_20250408T141620Z.tif,tan20250407t150057c00s4001-B,10,518,517,False,EPSG:32619,30.0,-30.0,-67.94663215366171,-38.05900061476579,-67.94680015815166,-38.05905467423008,15.918647401580522,0.530621580052684
/mnt/engg-leung/Research_No9_Methane_Emissions/Yuyao/raw_data_dir_L89_L2SR_by_gee/GAO20240611t204534p0000-C_l89_sr_LANDSAT_8_20240612T182724Z.tif,GAO20240611t204534p0000-C,10,521,520,False,EPSG:32611,30.0,-30.0,-118.79332054730618,34.29985644232485,-118.79344596864834,34.29975854669286,15.850527056490707,0.5283509018830236
/mnt/engg-leung/Research_No9_Methane_Emissions/Yuyao/raw_data_dir_L89_L2SR_by_gee/tan20250625t181304c33s4001-D_l89_sr_LANDSAT_9_20250626T172050Z.tif,tan20250625t181304c33s4001-D,10,527,526,False,EPSG:32613,30.0,-30.0,-101.84615511133399,32.40800805366473,-101.84626356380925,32.407898878967146,15.832358055155025,0.5277452685051675
/mnt/engg-leung/Research_No9_Methane_Emissions/Yuyao/raw_data_dir_L89_L2SR_by_gee/tan20250922t194211c43s4001-E_l89_sr_LANDSAT_9_20250923T185008Z.tif,tan20250922t194211c43s4001-E,10,530,529,False,EPSG:32610,30.0,-30.0,-120.21657560217467,45.634474617577524,-120.21677547414714,45.63445033090474,15.816422827957732,0.5272140942652578
/mnt/engg-leung/Research_No9_Methane_Emissions/Yuyao/raw_data_dir_L89_L2SR_by_gee/tan20250309t152518c00s4001-C_l89_sr_LANDSAT_8_20250310T143354Z.tif,tan20250309t152518c00s4001-C,10,513,513,False,EPSG:32620,30.0,-30.0,-64.51311218407882,9.366147877884053,-64.51321501132955,9.366050797123975,15.584367099558253,0.5194789033186085
/mnt/engg-leung/Research_No9_Methane_Emissions/Yuyao/raw_data_dir_L89_L2SR_by_gee/emi20220826t174642p12024-A_l89_sr_LANDSAT_8_20220827T173402Z.tif,emi20220826t174642p12024-A,10,516,515,False,EPSG:32613,30.0,-30.0,-104.09088246229757,32.355053501401905,-104.09102920307352,32.35498887190761,15.561010017380799,0.5187003339126933
/mnt/engg-leung/Research_No9_Methane_Emissions/Yuyao/raw_data_dir_L89_L2SR_by_gee/GAO20240612t213949p0000-A_l89_sr_LANDSAT_9_20240613T182124Z.tif,GAO20240612t213949p0000-A,10,515,515,False,EPSG:32611,30.0,-30.0,-117.83387822192235,33.94219660080858,-117.834034372231,33.942144361215924,15.555222864590629,0.5185074288196876
/mnt/engg-leung/Research_No9_Methane_Emissions/Yuyao/raw_data_dir_L89_L2SR_by_gee/tan20250423t071100c00s4001-C_l89_sr_LANDSAT_9_20250424T063045Z.tif,tan20250423t071100c00s4001-C,10,519,518,False,EPSG:32641,30.0,-30.0,61.634503346847744,36.48463056463557,61.63448861249901,36.48449138517476,15.500801432224794,0.5166933810741597
/mnt/engg-leung/Research_No9_Methane_Emissions/Yuyao/raw_data_dir_L89_L2SR_by_gee/GAO20240513t172418p0000-C_l89_sr_LANDSAT_9_20240513T172652Z.tif,GAO20240513t172418p0000-C,10,516,515,False,EPSG:32613,30.0,-30.0,-104.17915351891347,32.28935488187575,-104.17930274589312,32.2892975480715,15.427461442432676,0.5142487147477559
/mnt/engg-leung/Research_No9_Methane_Emissions/Yuyao/raw_data_dir_L89_L2SR_by_gee/tan20241026t103729c00s4001-C_l89_sr_LANDSAT_8_20241027T100832Z.tif,tan20241026t103729c00s4001-C,10,526,526,False,EPSG:32632,30.0,-30.0,5.889282391348528,31.793614494630173,5.88916443669234,31.793520982924534,15.241408265410065,0.5080469421803355
/mnt/engg-leung/Research_No9_Methane_Emissions/Yuyao/raw_data_dir_L89_L2SR_by_gee/GAO20240611t190449p0000-E_l89_sr_LANDSAT_8_20240612T182724Z.tif,GAO20240611t190449p0000-E,10,520,519,False,EPSG:32611,30.0,-30.0,-118.64675704554419,34.43081306561683,-118.64681814208676,34.430685349457434,15.239974064084679,0.5079991354694893
/mnt/engg-leung/Research_No9_Methane_Emissions/Yuyao/raw_data_dir_L89_L2SR_by_gee/tan20241225t032551c00s4001-N_l89_sr_LANDSAT_9_20241226T030651Z.tif,tan20241225t032551c00s4001-N,10,526,525,False,EPSG:32649,30.0,-30.0,113.46305858821114,37.841921472888934,113.46289009831575,37.8418911519818,15.207650666666016,0.5069216888888672
/mnt/engg-leung/Research_No9_Methane_Emissions/Yuyao/raw_data_dir_L89_L2SR_by_gee/GAO20240513t162138p0000-E_l89_sr_LANDSAT_9_20240513T172652Z.tif,GAO20240513t162138p0000-E,10,516,516,False,EPSG:32613,30.0,-30.0,-104.02709426786764,32.25282273549913,-104.02724924532257,32.252860067276586,15.179388115154573,0.5059796038384857
/mnt/engg-leung/Research_No9_Methane_Emissions/Yuyao/raw_data_dir_L89_L2SR_by_gee/tan20250111t033855c00s4001-F_l89_sr_LANDSAT_8_20250112T030035Z.tif,tan20250111t033855c00s4001-F,10,533,532,False,EPSG:32650,30.0,-30.0,113.2246761234504,37.950500561289935,113.22450476219382,37.95048952807211,15.110899277030795,0.5036966425676932
/mnt/engg-leung/Research_No9_Methane_Emissions/Yuyao/raw_data_dir_L89_L2SR_by_gee/tan20250312t162716c00s4001-A_l89_sr_LANDSAT_9_20250313T154915Z.tif,tan20250312t162716c00s4001-A,10,512,511,False,EPSG:32617,30.0,-30.0,-80.83085299522305,28.394580825474257,-80.8310061150792,28.394581015475467,15.005951578950231,0.5001983859650078
/mnt/engg-leung/Research_No9_Methane_Emissions/Yuyao/raw_data_dir_L89_L2SR_by_gee/tan20250512t175722c00s4001-B_l89_sr_LANDSAT_9_20250513T165910Z.tif,tan20250512t175722c00s4001-B,10,512,511,False,EPSG:32614,30.0,-30.0,-99.20929554045499,19.58683531950477,-99.20943856630844,19.586835153448657,15.00591294054861,0.500197098018287
/mnt/engg-leung/Research_No9_Methane_Emissions/Yuyao/raw_data_dir_L89_L2SR_by_gee/tan20250512t175722c00s4001-C_l89_sr_LANDSAT_9_20250513T165910Z.tif,tan20250512t175722c00s4001-C,10,512,511,False,EPSG:32614,30.0,-30.0,-99.2321354819828,19.754894888764998,-99.2322786567723,19.754894703079863,15.005892592986829,0.5001964197662276
/mnt/engg-leung/Research_No9_Methane_Emissions/Yuyao/raw_data_dir_L89_L2SR_by_gee/tan20250512t175722c00s4001-G_l89_sr_LANDSAT_9_20250513T165910Z.tif,tan20250512t175722c00s4001-G,10,512,511,False,EPSG:32614,30.0,-30.0,-99.27720300061047,19.65289448671594,-99.27734608418572,19.652894266089643,15.005845630986805,0.5001948543662268
/mnt/engg-leung/Research_No9_Methane_Emissions/Yuyao/raw_data_dir_L89_L2SR_by_gee/tan20250707t193409c21s4001-B_l89_sr_LANDSAT_8_20250708T183352Z.tif,tan20250707t193409c21s4001-B,10,526,525,False,EPSG:32611,30.0,-30.0,-119.73754095040714,35.638401048232495,-119.73770643839872,35.638397284342005,14.994642649952276,0.49982142166507587
/mnt/engg-leung/Research_No9_Methane_Emissions/Yuyao/raw_data_dir_L89_L2SR_by_gee/tan20250416t084349c00s4001-A_l89_sr_LANDSAT_9_20250417T080446Z.tif,tan20250416t084349c00s4001-A,10,525,524,False,EPSG:32637,30.0,-30.0,36.18555209777904,31.934825033207026,36.18555621944052,31.934689868411105,14.992905333722385,0.4997635111240795
/mnt/engg-leung/Research_No9_Methane_Emissions/Yuyao/raw_data_dir_L89_L2SR_by_gee/tan20250430t180543c00s4001-E_l89_sr_LANDSAT_8_20250501T172033Z.tif,tan20250430t180543c00s4001-E,10,527,526,False,EPSG:32613,30.0,-30.0,-101.7758573167531,31.843667080155303,-101.77597967297224,31.84358169507169,14.958910822239003,0.4986303607413001
/mnt/engg-leung/Research_No9_Methane_Emissions/Yuyao/raw_data_dir_L89_L2SR_by_gee/emi20230404t090031p06048-A_l89_sr_LANDSAT_9_20230405T075729Z.tif,emi20230404t090031p06048-A,10,519,518,False,EPSG:32637,30.0,-30.0,40.439370693846705,35.38274182876131,40.43925025762795,35.382650016953406,14.950226000534286,0.4983408666844762
/mnt/engg-leung/Research_No9_Methane_Emissions/Yuyao/raw_data_dir_L89_L2SR_by_gee/GAO20240611t220309p0000-C_l89_sr_LANDSAT_8_20240612T182724Z.tif,GAO20240611t220309p0000-C,10,521,520,False,EPSG:32611,30.0,-30.0,-118.79236023986317,34.30068201687088,-118.79238463940464,34.30054924722306,14.89814838093432,0.49660494603114397
/mnt/engg-leung/Research_No9_Methane_Emissions/Yuyao/raw_data_dir_L89_L2SR_by_gee/ang20180922t205612-T_l89_sr_LANDSAT_8_20180923T183347Z.tif,ang20180922t205612-T,10,526,525,False,EPSG:32611,30.0,-30.0,-119.66983132501404,35.36465024176993,-119.669995,35.364655,14.884366083472882,0.49614553611576273
/mnt/engg-leung/Research_No9_Methane_Emissions/Yuyao/raw_data_dir_L89_L2SR_by_gee/GAO20240611t213705p0000-D_l89_sr_LANDSAT_8_20240612T182724Z.tif,GAO20240611t213705p0000-D,10,521,520,False,EPSG:32611,30.0,-30.0,-118.79528139266152,34.30009822039246,-118.7953189614179,34.29996782033143,14.872709656963009,0.49575698856543365
/mnt/engg-leung/Research_No9_Methane_Emissions/Yuyao/raw_data_dir_L89_L2SR_by_gee/GAO20230625t215340p0000-B_l89_sr_LANDSAT_8_20230626T182752Z.tif,GAO20230625t215340p0000-B,10,520,519,False,EPSG:32611,30.0,-30.0,-118.64547272605785,34.43191238916899,-118.64545758933018,34.43177892950732,14.869938393223098,0.4956646131074366
/mnt/engg-leung/Research_No9_Methane_Emissions/Yuyao/raw_data_dir_L89_L2SR_by_gee/emi20240225t021326p02004-J_l89_sr_LANDSAT_8_20240225T031253Z.tif,emi20240225t021326p02004-J,10,513,512,False,EPSG:32649,30.0,-30.0,110.80607094353213,37.52804139458079,110.80593739180996,37.527960724505576,14.816206883336625,0.49387356277788746
/mnt/engg-leung/Research_No9_Methane_Emissions/Yuyao/raw_data_dir_L89_L2SR_by_gee/GAO20230510t190115p0000-B_l89_sr_LANDSAT_8_20230511T163423Z.tif,GAO20230510t190115p0000-B,10,522,521,False,EPSG:32616,30.0,-30.0,-88.6615347002123,40.933869063029285,-88.66168479769539,40.93393706838614,14.725230107193193,0.49084100357310645
/mnt/engg-leung/Research_No9_Methane_Emissions/Yuyao/raw_data_dir_L89_L2SR_by_gee/GAO20191031t164711p0000-E_l89_sr_LANDSAT_8_20191031T172743Z.tif,GAO20191031t164711p0000-E,10,520,518,False,EPSG:32613,30.0,-30.0,-103.36073349891724,31.25575228013229,-103.36087,31.25569,14.721473475472502,0.49071578251575004
/mnt/engg-leung/Research_No9_Methane_Emissions/Yuyao/raw_data_dir_L89_L2SR_by_gee/GAO20221019t165851p0000-A_l89_sr_LANDSAT_8_20221019T175037Z.tif,GAO20221019t165851p0000-A,10,530,529,False,EPSG:32613,30.0,-30.0,-108.08842974846979,39.369880994517644,-108.0886,39.369885,14.677920847525343,0.48926402825084475
/mnt/engg-leung/Research_No9_Methane_Emissions/Yuyao/raw_data_dir_L89_L2SR_by_gee/ang20220325t201833-B_l89_sr_LANDSAT_9_20220326T174413Z.tif,ang20220325t201833-B,10,525,525,False,EPSG:32613,30.0,-30.0,-107.4480986949982,36.99671846576499,-107.448146,36.996592,14.652950086366854,0.4884316695455618
/mnt/engg-leung/Research_No9_Methane_Emissions/Yuyao/raw_data_dir_L89_L2SR_by_gee/GAO20240513t172418p0000-A_l89_sr_LANDSAT_9_20240513T172652Z.tif,GAO20240513t172418p0000-A,10,516,514,False,EPSG:32613,30.0,-30.0,-104.20309844584357,32.08274311213541,-104.20325186156252,32.08272728146643,14.5896928877343,0.48632309625781
/mnt/engg-leung/Research_No9_Methane_Emissions/Yuyao/raw_data_dir_L89_L2SR_by_gee/tan20250715t080139c58s4001-T_l89_sr_LANDSAT_9_20250716T070119Z.tif,tan20250715t080139c58s4001-T,10,529,527,False,EPSG:32639,30.0,-30.0,53.91990729161985,37.93027000735948,53.91977755616284,37.930188148987085,14.582348977729842,0.4860782992576614
/mnt/engg-leung/Research_No9_Methane_Emissions/Yuyao/raw_data_dir_L89_L2SR_by_gee/emi20230622t070832p05021-A_l89_sr_LANDSAT_8_20230623T062307Z.tif,emi20230622t070832p05021-A,10,515,514,False,EPSG:32641,30.0,-30.0,63.46885942340777,40.21665812378759,63.4687120032666,40.21672427315562,14.540490238851753,0.4846830079617251
/mnt/engg-leung/Research_No9_Methane_Emissions/Yuyao/raw_data_dir_L89_L2SR_by_gee/emi20240130t112610p08006-A_l89_sr_LANDSAT_8_20240131T095701Z.tif,emi20240130t112610p08006-A,10,519,519,False,EPSG:32632,30.0,-30.0,7.258330657077264,28.601086038068544,7.258244091190676,28.600979540509528,14.525944177884016,0.48419813926280053
/mnt/engg-leung/Research_No9_Methane_Emissions/Yuyao/raw_data_dir_L89_L2SR_by_gee/GAO20211003t185304p0000-B_l89_sr_LANDSAT_8_20211004T172742Z.tif,GAO20211003t185304p0000-B,10,517,517,False,EPSG:32613,30.0,-30.0,-103.81999681089466,31.926442881564544,-103.82015,31.926451,14.514806491595621,0.4838268830531874
/mnt/engg-leung/Research_No9_Methane_Emissions/Yuyao/raw_data_dir_L89_L2SR_by_gee/tan20250511t061031c00s4001-B_l89_sr_LANDSAT_8_20250512T053323Z.tif,tan20250511t061031c00s4001-B,10,517,517,False,EPSG:32643,30.0,-30.0,72.95378859281792,19.123752386875005,72.95368816870308,19.12384207997505,14.49878279520774,0.483292759840258
/mnt/engg-leung/Research_No9_Methane_Emissions/Yuyao/raw_data_dir_L89_L2SR_by_gee/tan20250903t120822c21s4001-A_l89_sr_LANDSAT_8_20250904T105629Z.tif,tan20250903t120822c21s4001-A,10,528,527,False,EPSG:32630,30.0,-30.0,-5.873528575225593,37.22169110312321,-5.873665084520354,37.22161955002542,14.48612079597545,0.4828706931991817
/mnt/engg-leung/Research_No9_Methane_Emissions/Yuyao/raw_data_dir_L89_L2SR_by_gee/tan20250721t151730c71s4001-A_l89_sr_LANDSAT_8_20250722T141225Z.tif,tan20250721t151730c71s4001-A,10,517,516,False,EPSG:32619,30.0,-30.0,-68.3295095734624,-45.734879011928435,-68.32968784092056,-45.73484178936674,14.478654943304589,0.4826218314434863
/mnt/engg-leung/Research_No9_Methane_Emissions/Yuyao/raw_data_dir_L89_L2SR_by_gee/emi20250604t025357p02022-B_l89_sr_LANDSAT_9_20250604T030605Z.tif,emi20250604t025357p02022-B,10,523,522,False,EPSG:32649,30.0,-30.0,113.0047435388635,37.89320023384532,113.00458747283,37.8932407159387,14.444179613787211,0.48147265379290705
/mnt/engg-leung/Research_No9_Methane_Emissions/Yuyao/raw_data_dir_L89_L2SR_by_gee/GAO20230615t195334p0000-B_l89_sr_LANDSAT_9_20230616T183912Z.tif,GAO20230615t195334p0000-B,10,519,518,False,EPSG:32610,30.0,-30.0,-121.64015277182064,37.75803899230301,-121.64028879589756,37.7579680648345,14.340503808801,0.47801679362669997
/mnt/engg-leung/Research_No9_Methane_Emissions/Yuyao/raw_data_dir_L89_L2SR_by_gee/GAO20191031t161745p0000-H_l89_sr_LANDSAT_8_20191031T172743Z.tif,GAO20191031t161745p0000-H,10,519,519,False,EPSG:32613,30.0,-30.0,-103.2394951375363,31.363345535764676,-103.23964,31.36331,14.33437988591649,0.477812662863883
/mnt/engg-leung/Research_No9_Methane_Emissions/Yuyao/raw_data_dir_L89_L2SR_by_gee/ang20180922t205612-U_l89_sr_LANDSAT_8_20180923T183347Z.tif,ang20180922t205612-U,10,526,525,False,EPSG:32611,30.0,-30.0,-119.6702057204175,35.365994010114115,-119.670356,35.366032,14.292977247425501,0.4764325749141834
/mnt/engg-leung/Research_No9_Methane_Emissions/Yuyao/raw_data_dir_L89_L2SR_by_gee/GAO20220923t175137p0000-B_l89_sr_LANDSAT_8_20220924T161935Z.tif,GAO20220923t175137p0000-B,10,513,512,False,EPSG:32616,30.0,-30.0,-87.33624060430316,33.4077306897112,-87.336394,33.407725,14.282970299307108,0.4760990099769036
/mnt/engg-leung/Research_No9_Methane_Emissions/Yuyao/raw_data_dir_L89_L2SR_by_gee/emi20241219t080409p05003-C_l89_sr_LANDSAT_9_20241220T052758Z.tif,emi20241219t080409p05003-C,10,516,517,False,EPSG:32643,30.0,-30.0,73.02280627177569,19.073965810085397,73.02268729925163,19.07390396838456,14.2703657227189,0.4756788574239633
/mnt/engg-leung/Research_No9_Methane_Emissions/Yuyao/raw_data_dir_L89_L2SR_by_gee/tan20241105t175246c00s4001-B_l89_sr_LANDSAT_8_20241106T172109Z.tif,tan20241105t175246c00s4001-B,10,524,523,False,EPSG:32613,30.0,-30.0,-102.3746572552504,31.4260696586572,-102.37477595648608,31.42614804712761,14.244639360570613,0.47482131201902045
/mnt/engg-leung/Research_No9_Methane_Emissions/Yuyao/raw_data_dir_L89_L2SR_by_gee/GAO20230722t191526p0000-D_l89_sr_LANDSAT_9_20230723T185601Z.tif,GAO20230722t191526p0000-D,10,514,513,False,EPSG:32610,30.0,-30.0,-123.22935296884876,44.701929546826705,-123.229387385018,44.70180392241,14.22411113609536,0.47413703786984535
/mnt/engg-leung/Research_No9_Methane_Emissions/Yuyao/raw_data_dir_L89_L2SR_by_gee/GAO20211003t183430p0000-A_l89_sr_LANDSAT_8_20211004T172742Z.tif,GAO20211003t183430p0000-A,10,517,516,False,EPSG:32613,30.0,-30.0,-103.82469821201582,31.968434338554946,-103.82484,31.9684763,14.187282843183056,0.47290942810610187
/mnt/engg-leung/Research_No9_Methane_Emissions/Yuyao/raw_data_dir_L89_L2SR_by_gee/tan20250627t090635c56s4001-A_l89_sr_LANDSAT_8_20250628T080416Z.tif,tan20250627t090635c56s4001-A,10,523,522,False,EPSG:32637,30.0,-30.0,36.68746958497238,33.42234004225352,36.68734829474187,33.42226307475784,14.146626550515812,0.4715542183505271
/mnt/engg-leung/Research_No9_Methane_Emissions/Yuyao/raw_data_dir_L89_L2SR_by_gee/av320241005t185429-A_l89_sr_LANDSAT_9_20241006T171341Z.tif,av320241005t185429-A,10,516,514,False,EPSG:32614,30.0,-30.0,-99.62922432065228,35.67166821025292,-99.62936392446784,35.67161178636222,14.104648595302738,0.47015495317675793
/mnt/engg-leung/Research_No9_Methane_Emissions/Yuyao/raw_data_dir_L89_L2SR_by_gee/GAO20240513t155454p0000-F_l89_sr_LANDSAT_9_20240513T172652Z.tif,GAO20240513t155454p0000-F,10,516,515,False,EPSG:32613,30.0,-30.0,-103.9773326522864,32.017793696253484,-103.97748084748685,32.01780796534892,14.089847923972142,0.46966159746573805
/mnt/engg-leung/Research_No9_Methane_Emissions/Yuyao/raw_data_dir_L89_L2SR_by_gee/av320250718t164841-E_l89_sr_LANDSAT_9_20250719T154704Z.tif,av320250718t164841-E,10,532,532,False,EPSG:32618,30.0,-30.0,-78.84539935868074,35.67783691602678,-78.84551288314745,35.67775142144501,13.985851696364588,0.46619505654548626
/mnt/engg-leung/Research_No9_Methane_Emissions/Yuyao/raw_data_dir_L89_L2SR_by_gee/emi20250126t124821p09002-A_l89_sr_LANDSAT_9_20250127T112736Z.tif,emi20250126t124821p09002-A,10,516,516,False,EPSG:32628,30.0,-30.0,-17.311821817752215,14.801507669477319,-17.311921647500185,14.801588504797875,13.981668256000853,0.46605560853336175
/mnt/engg-leung/Research_No9_Methane_Emissions/Yuyao/raw_data_dir_L89_L2SR_by_gee/emi20250611t065853p04019-A_l89_sr_LANDSAT_8_20250612T030552Z.tif,emi20250611t065853p04019-A,10,525,523,False,EPSG:32649,30.0,-30.0,113.2699814527481,37.95975144288911,113.26982347230216,37.95973981448269,13.94326034097643,0.46477534469921433
/mnt/engg-leung/Research_No9_Methane_Emissions/Yuyao/raw_data_dir_L89_L2SR_by_gee/GAO20221018t181524p0000-B_l89_sr_LANDSAT_8_20221019T175037Z.tif,GAO20221018t181524p0000-B,10,529,528,False,EPSG:32613,30.0,-30.0,-108.01283187795133,39.421455338890915,-108.012957,39.421376,13.91670207481785,0.463890069160595
/mnt/engg-leung/Research_No9_Methane_Emissions/Yuyao/raw_data_dir_L89_L2SR_by_gee/tan20241230t081533c00s4001-A_l89_sr_LANDSAT_8_20241231T074026Z.tif,tan20241230t081533c00s4001-A,10,511,511,False,EPSG:32637,30.0,-30.0,38.71324984218812,8.976623090845834,38.71314415947245,8.976553891552001,13.915228125830998,0.46384093752769995
/mnt/engg-leung/Research_No9_Methane_Emissions/Yuyao/raw_data_dir_L89_L2SR_by_gee/emi20250604t025357p02022-W_l89_sr_LANDSAT_9_20250604T030605Z.tif,emi20250604t025357p02022-W,10,526,525,False,EPSG:32649,30.0,-30.0,113.56155031933562,37.772237014842126,113.5614437207014,37.7721452002688,13.858374692858055,0.4619458230952685
/mnt/engg-leung/Research_No9_Methane_Emissions/Yuyao/raw_data_dir_L89_L2SR_by_gee/emi20230822t114422p08015-A_l89_sr_LANDSAT_9_20230823T100236Z.tif,emi20230822t114422p08015-A,10,520,520,False,EPSG:32632,30.0,-30.0,6.961594025029857,29.64598238852257,6.961452841426876,29.64596239329488,13.848881259706962,0.4616293753235654
/mnt/engg-leung/Research_No9_Methane_Emissions/Yuyao/raw_data_dir_L89_L2SR_by_gee/emi20240517t170655p11045-C_l89_sr_LANDSAT_9_20240518T130349Z.tif,emi20240517t170655p11045-C,10,516,516,False,EPSG:32623,30.0,-30.0,-46.55283879771111,-23.402439348693512,-46.55297148288446,-23.402464281791268,13.840806498873897,0.4613602166291299
/mnt/engg-leung/Research_No9_Methane_Emissions/Yuyao/raw_data_dir_L89_L2SR_by_gee/GAO20240513t153749p0000-H_l89_sr_LANDSAT_9_20240513T172652Z.tif,GAO20240513t153749p0000-H,10,517,516,False,EPSG:32613,30.0,-30.0,-103.92955762933,32.04243295658711,-103.9296252597259,32.042322882444935,13.776252081074588,0.45920840270248625
/mnt/engg-leung/Research_No9_Methane_Emissions/Yuyao/raw_data_dir_L89_L2SR_by_gee/tan20250528t090505c53s4001-G_l89_sr_LANDSAT_8_20250529T080759Z.tif,tan20250528t090505c53s4001-G,10,514,514,False,EPSG:32635,30.0,-30.0,27.885677124078953,-26.190791794187668,27.88554361436374,-26.19076261199828,13.731086388722526,0.4577028796240842
/mnt/engg-leung/Research_No9_Methane_Emissions/Yuyao/raw_data_dir_L89_L2SR_by_gee/GAO20211003t173101p0000-A_l89_sr_LANDSAT_8_20211004T172742Z.tif,GAO20211003t173101p0000-A,10,516,515,False,EPSG:32613,30.0,-30.0,-104.1055186385168,31.96734090417706,-104.10564,31.967273,13.722238762185578,0.4574079587395193
/mnt/engg-leung/Research_No9_Methane_Emissions/Yuyao/raw_data_dir_L89_L2SR_by_gee/emi20240423t060958p04005-E_l89_sr_LANDSAT_9_20240423T061730Z.tif,emi20240423t060958p04005-E,10,525,524,False,EPSG:32641,30.0,-30.0,65.26982213048699,38.47824107128011,65.2696661528527,38.478255173756025,13.700183680740214,0.4566727893580071
/mnt/engg-leung/Research_No9_Methane_Emissions/Yuyao/raw_data_dir_L89_L2SR_by_gee/GAO20230927t174624p0000-A_l89_sr_LANDSAT_8_20230927T175557Z.tif,GAO20230927t174624p0000-A,10,529,527,False,EPSG:32612,30.0,-30.0,-108.2062259714309,39.5447588700516,-108.20635745618377,39.54469266742848,13.482035315161042,0.4494011771720347
/mnt/engg-leung/Research_No9_Methane_Emissions/Yuyao/raw_data_dir_L89_L2SR_by_gee/ang20200709t214232-C_l89_sr_LANDSAT_8_20200710T183357Z.tif,ang20200709t214232-C,10,522,522,False,EPSG:32611,30.0,-30.0,-119.03256762237926,35.459543156630055,-119.03268,35.459464,13.460737744112595,0.4486912581370865
/mnt/engg-leung/Research_No9_Methane_Emissions/Yuyao/raw_data_dir_L89_L2SR_by_gee/GAO20240513t154638p0000-G_l89_sr_LANDSAT_9_20240513T172652Z.tif,GAO20240513t154638p0000-G,10,517,516,False,EPSG:32613,30.0,-30.0,-103.94053712230098,31.999494524512116,-103.94067845952158,31.99948274822896,13.419159430491293,0.44730531434970977
/mnt/engg-leung/Research_No9_Methane_Emissions/Yuyao/raw_data_dir_L89_L2SR_by_gee/emi20250604t025357p02022-H_l89_sr_LANDSAT_9_20250604T030541Z.tif,emi20250604t025357p02022-H,10,524,523,False,EPSG:32649,30.0,-30.0,113.21809920109257,37.94898180819118,113.2179549659404,37.94894241667549,13.410103042375244,0.4470034347458415
/mnt/engg-leung/Research_No9_Methane_Emissions/Yuyao/raw_data_dir_L89_L2SR_by_gee/tan20241226t060035c00s4001-A_l89_sr_LANDSAT_9_20241227T053410Z.tif,tan20241226t060035c00s4001-A,10,517,517,False,EPSG:32643,30.0,-30.0,72.95351353945432,19.122936355854094,72.95339846296017,19.122884339472208,13.40708112136562,0.4469027040455206
/mnt/engg-leung/Research_No9_Methane_Emissions/Yuyao/raw_data_dir_L89_L2SR_by_gee/GAO20211003t190208p0000-A_l89_sr_LANDSAT_8_20211004T172742Z.tif,GAO20211003t190208p0000-A,10,517,516,False,EPSG:32613,30.0,-30.0,-103.81955265716982,31.899104861510644,-103.81968,31.8990519,13.401435940876405,0.44671453136254685
/mnt/engg-leung/Research_No9_Methane_Emissions/Yuyao/raw_data_dir_L89_L2SR_by_gee/emi20240328t061714p04012-D_l89_sr_LANDSAT_9_20240329T030641Z.tif,emi20240328t061714p04012-D,10,526,525,False,EPSG:32649,30.0,-30.0,113.56224025474535,37.77249233486635,113.5620900901136,37.77247484822023,13.371581931702357,0.4457193977234119
/mnt/engg-leung/Research_No9_Methane_Emissions/Yuyao/raw_data_dir_L89_L2SR_by_gee/ang20180922t202750-D_l89_sr_LANDSAT_8_20180923T183347Z.tif,ang20180922t202750-D,10,525,524,False,EPSG:32611,30.0,-30.0,-119.45885909142056,36.13452510176883,-119.458989,36.134583,13.341762336664,0.4447254112221334
/mnt/engg-leung/Research_No9_Methane_Emissions/Yuyao/raw_data_dir_L89_L2SR_by_gee/GAO20240611t201214p0000-E_l89_sr_LANDSAT_8_20240612T182724Z.tif,GAO20240611t201214p0000-E,10,519,519,False,EPSG:32611,30.0,-30.0,-118.5169433521637,34.32902015155363,-118.51702913652692,34.32892333145358,13.32938663861873,0.4443128879539577
/mnt/engg-leung/Research_No9_Methane_Emissions/Yuyao/raw_data_dir_L89_L2SR_by_gee/GAO20240513t164908p0000-B_l89_sr_LANDSAT_9_20240513T172652Z.tif,GAO20240513t164908p0000-B,10,516,515,False,EPSG:32613,30.0,-30.0,-104.11861879118237,32.12440278308111,-104.11868488078824,32.12429702308218,13.282766110485905,0.44275887034953015
/mnt/engg-leung/Research_No9_Methane_Emissions/Yuyao/raw_data_dir_L89_L2SR_by_gee/GAO20240415t183808p0000-D_l89_sr_LANDSAT_8_20240416T183401Z.tif,GAO20240415t183808p0000-D,10,522,521,False,EPSG:32611,30.0,-30.0,-118.99190317246914,34.40674272730809,-118.99194103499735,34.40662727876648,13.271379275716829,0.44237930919056095
/mnt/engg-leung/Research_No9_Methane_Emissions/Yuyao/raw_data_dir_L89_L2SR_by_gee/GAO20220923t171045p0000-A_l89_sr_LANDSAT_8_20220924T161935Z.tif,GAO20220923t171045p0000-A,10,513,512,False,EPSG:32616,30.0,-30.0,-87.21806280323385,33.37038215519018,-87.218198,33.37042,13.263211320795618,0.44210704402652057
/mnt/engg-leung/Research_No9_Methane_Emissions/Yuyao/raw_data_dir_L89_L2SR_by_gee/GAO20210810t161932p0000-C_l89_sr_LANDSAT_8_20210810T172116Z.tif,GAO20210810t161932p0000-C,10,527,526,False,EPSG:32613,30.0,-30.0,-101.83237675023817,32.01575748517405,-101.83244,32.015651,13.23379200836699,0.44112640027889966
/mnt/engg-leung/Research_No9_Methane_Emissions/Yuyao/raw_data_dir_L89_L2SR_by_gee/GAO20240513t171504p0000-C_l89_sr_LANDSAT_9_20240513T172652Z.tif,GAO20240513t171504p0000-C,10,515,515,False,EPSG:32613,30.0,-30.0,-104.17979433811169,32.28895310133277,-104.17991808095364,32.288897721634015,13.174861352479533,0.4391620450826511
/mnt/engg-leung/Research_No9_Methane_Emissions/Yuyao/raw_data_dir_L89_L2SR_by_gee/emi20250202t054303p04011-D_l89_sr_LANDSAT_8_20250202T064051Z.tif,emi20250202t054303p04011-D,10,515,514,False,EPSG:32640,30.0,-30.0,55.85065252138844,22.83514817715016,55.85052766949136,22.835175528927365,13.16871022082812,0.4389570073609373
/mnt/engg-leung/Research_No9_Methane_Emissions/Yuyao/raw_data_dir_L89_L2SR_by_gee/GAO20220618t154300p0000-A_l89_sr_LANDSAT_9_20220618T171938Z.tif,GAO20220618t154300p0000-A,10,526,525,False,EPSG:32614,30.0,-30.0,-101.6798187086869,36.4992498323046,-101.679965,36.49925,13.106539361143613,0.4368846453714538
/mnt/engg-leung/Research_No9_Methane_Emissions/Yuyao/raw_data_dir_L89_L2SR_by_gee/av320240820t173539-A_l89_sr_LANDSAT_8_20240820T184549Z.tif,av320240820t173539-A,10,517,517,False,EPSG:32610,30.0,-30.0,-121.944551733819,37.46183349230369,-121.944686969956,37.46178543676821,13.09936029355887,0.436645343118629
/mnt/engg-leung/Research_No9_Methane_Emissions/Yuyao/raw_data_dir_L89_L2SR_by_gee/ang20230201t164640-A_l89_sr_LANDSAT_9_20230202T144132Z.tif,ang20230201t164640-A,10,527,525,False,EPSG:32618,30.0,-30.0,-72.33375235333625,-37.29994034418613,-72.33389824107633,-37.2999225815822,13.083892435320177,0.4361297478440059
/mnt/engg-leung/Research_No9_Methane_Emissions/Yuyao/raw_data_dir_L89_L2SR_by_gee/tan20250622t092019c56s4001-F_l89_sr_LANDSAT_9_20250623T083553Z.tif,tan20250622t092019c56s4001-F,10,518,517,False,EPSG:32635,30.0,-30.0,28.548699415206436,29.554884625641314,28.54856566281137,29.554892715511656,12.993452992735843,0.43311509975786144
/mnt/engg-leung/Research_No9_Methane_Emissions/Yuyao/raw_data_dir_L89_L2SR_by_gee/GAO20230721t200903p0000-A_l89_sr_LANDSAT_9_20230722T181310Z.tif,GAO20230721t200903p0000-A,10,518,516,False,EPSG:32612,30.0,-30.0,-111.85596493908426,43.43433879494371,-111.85608490164596,43.43426276066316,12.872317142618265,0.4290772380872755
/mnt/engg-leung/Research_No9_Methane_Emissions/Yuyao/raw_data_dir_L89_L2SR_by_gee/tan20250216t055242c00s4001-D_l89_sr_LANDSAT_9_20250217T050154Z.tif,tan20250216t055242c00s4001-D,10,525,523,False,EPSG:32645,30.0,-30.0,85.13752172974657,45.46081194826408,85.13742158192963,45.46072016423352,12.86126038701033,0.428708679567011
/mnt/engg-leung/Research_No9_Methane_Emissions/Yuyao/raw_data_dir_L89_L2SR_by_gee/emi20240726t064925p05007-A_l89_sr_LANDSAT_8_20240727T030617Z.tif,emi20240726t064925p05007-A,10,516,515,False,EPSG:32649,30.0,-30.0,111.7019177594486,36.98082121911491,111.70178045573658,36.98085672494547,12.84404724639256,0.4281349082130853
/mnt/engg-leung/Research_No9_Methane_Emissions/Yuyao/raw_data_dir_L89_L2SR_by_gee/emi20230418t091152p06020-A_l89_sr_LANDSAT_9_20230419T063004Z.tif,emi20230418t091152p06020-A,10,519,519,False,EPSG:32641,30.0,-30.0,61.65721732917351,38.41359970081548,61.657104458555466,38.41352581175596,12.823749133538561,0.42745830445128535
/mnt/engg-leung/Research_No9_Methane_Emissions/Yuyao/raw_data_dir_L89_L2SR_by_gee/tan20250705t034730c87s4001-L_l89_sr_LANDSAT_9_20250706T030647Z.tif,tan20250705t034730c87s4001-L,10,522,521,False,EPSG:32649,30.0,-30.0,112.99051501534812,35.841566431447156,112.99037951296008,35.84159969427702,12.786031782508596,0.4262010594169532
/mnt/engg-leung/Research_No9_Methane_Emissions/Yuyao/raw_data_dir_L89_L2SR_by_gee/GAO20240611t202024p0000-G_l89_sr_LANDSAT_8_20240612T182724Z.tif,GAO20240611t202024p0000-G,10,521,520,False,EPSG:32611,30.0,-30.0,-118.78949641796217,34.3039699637707,-118.78949279451746,34.30385477807407,12.781658981323659,0.4260552993774553
/mnt/engg-leung/Research_No9_Methane_Emissions/Yuyao/raw_data_dir_L89_L2SR_by_gee/av320250802t161342-C_l89_sr_LANDSAT_8_20250803T155146Z.tif,av320250802t161342-C,10,520,518,False,EPSG:32618,30.0,-30.0,-76.24548863029015,41.723302556305576,-76.2455686829207,41.723204627052496,12.754400616689981,0.42514668722299936
/mnt/engg-leung/Research_No9_Methane_Emissions/Yuyao/raw_data_dir_L89_L2SR_by_gee/GAO20191031t160141p0000-B_l89_sr_LANDSAT_8_20191031T172743Z.tif,GAO20191031t160141p0000-B,10,519,518,False,EPSG:32613,30.0,-30.0,-103.44451771581645,31.275873802963503,-103.44465,31.275856,12.75089733106133,0.4250299110353776
/mnt/engg-leung/Research_No9_Methane_Emissions/Yuyao/raw_data_dir_L89_L2SR_by_gee/GAO20220610t153407p0000-A_l89_sr_LANDSAT_8_20220610T172004Z.tif,GAO20220610t153407p0000-A,10,521,519,False,EPSG:32614,30.0,-30.0,-100.61239892073868,36.17271655743928,-100.612466,36.172616,12.685530401841897,0.4228510133947299
/mnt/engg-leung/Research_No9_Methane_Emissions/Yuyao/raw_data_dir_L89_L2SR_by_gee/ang20220520t201527-C_l89_sr_LANDSAT_9_20220521T183337Z.tif,ang20220520t201527-C,10,522,521,False,EPSG:32611,30.0,-30.0,-118.90479615385561,35.40293917245758,-118.90491,35.402876,12.492913280461217,0.41643044268204055
/mnt/engg-leung/Research_No9_Methane_Emissions/Yuyao/raw_data_dir_L89_L2SR_by_gee/ang20190928t175550-2_l89_sr_LANDSAT_8_20190929T172740Z.tif,ang20190928t175550-2,10,516,515,False,EPSG:32613,30.0,-30.0,-104.03634684864791,31.62771532321082,-104.03647789814768,31.62770629377141,12.47329881312259,0.4157766271040863
/mnt/engg-leung/Research_No9_Methane_Emissions/Yuyao/raw_data_dir_L89_L2SR_by_gee/GAO20201124t173250p0000-A_l89_sr_LANDSAT_8_20201124T182839Z.tif,GAO20201124t173250p0000-A,10,513,511,False,EPSG:32611,30.0,-30.0,-117.15980695780424,34.90211745432967,-117.1598396,34.9020092,12.374619459471491,0.41248731531571636
/mnt/engg-leung/Research_No9_Methane_Emissions/Yuyao/raw_data_dir_L89_L2SR_by_gee/GAO20240611t215500p0000-C_l89_sr_LANDSAT_8_20240612T182724Z.tif,GAO20240611t215500p0000-C,10,519,519,False,EPSG:32611,30.0,-30.0,-118.51264214712843,34.32555662515759,-118.51277600402696,34.32554804216774,12.35570294693029,0.4118567648976763
/mnt/engg-leung/Research_No9_Methane_Emissions/Yuyao/raw_data_dir_L89_L2SR_by_gee/ang20200709t223916-2_l89_sr_LANDSAT_8_20200710T183357Z.tif,ang20200709t223916-2,10,523,522,False,EPSG:32611,30.0,-30.0,-119.11535571755385,35.18672638769685,-119.11549,35.1867421,12.354086766453863,0.4118028922151288
/mnt/engg-leung/Research_No9_Methane_Emissions/Yuyao/raw_data_dir_L89_L2SR_by_gee/ang20200709t214232-B_l89_sr_LANDSAT_8_20200710T183357Z.tif,ang20200709t214232-B,10,523,521,False,EPSG:32611,30.0,-30.0,-119.04026479013551,35.46982542070625,-119.04027,35.4697143,12.337818666199473,0.4112606222066491
/mnt/engg-leung/Research_No9_Methane_Emissions/Yuyao/raw_data_dir_L89_L2SR_by_gee/tan20250916t081222c80s4001-E_l89_sr_LANDSAT_8_20250917T070953Z.tif,tan20250916t081222c80s4001-E,10,515,515,False,EPSG:32639,30.0,-30.0,50.09511008777057,30.291651086340433,50.09503857943261,30.291559597678287,12.255162617804885,0.40850542059349615
/mnt/engg-leung/Research_No9_Methane_Emissions/Yuyao/raw_data_dir_L89_L2SR_by_gee/tan20250814t081013c92s4001-A_l89_sr_LANDSAT_9_20250815T070424Z.tif,tan20250814t081013c92s4001-A,10,518,516,False,EPSG:32642,30.0,-30.0,68.50879212173884,70.36116926581558,68.50887047878697,70.3610628606537,12.229980405515139,0.4076660135171713
/mnt/engg-leung/Research_No9_Methane_Emissions/Yuyao/raw_data_dir_L89_L2SR_by_gee/tan20250203t034534c00s4001-E_l89_sr_LANDSAT_8_20250204T030708Z.tif,tan20250203t034534c00s4001-E,10,520,519,False,EPSG:32649,30.0,-30.0,112.61035961141697,35.61845805112389,112.61022505892618,35.6184532578508,12.201512387019134,0.40671707956730446
/mnt/engg-leung/Research_No9_Methane_Emissions/Yuyao/raw_data_dir_L89_L2SR_by_gee/tan20241202t032459c00s4001-C_l89_sr_LANDSAT_9_20241203T030043Z.tif,tan20241202t032459c00s4001-C,10,532,531,False,EPSG:32650,30.0,-30.0,113.2779377464047,36.935336242775406,113.27781159478296,36.93537853363655,12.179083033797083,0.40596943445990274
/mnt/engg-leung/Research_No9_Methane_Emissions/Yuyao/raw_data_dir_L89_L2SR_by_gee/emi20250604t025357p02022-R_l89_sr_LANDSAT_9_20250604T030541Z.tif,emi20250604t025357p02022-R,10,526,525,False,EPSG:32649,30.0,-30.0,113.51242020859729,37.87007363254411,113.51232530625704,37.87015331968213,12.163717573264195,0.40545725244213987
/mnt/engg-leung/Research_No9_Methane_Emissions/Yuyao/raw_data_dir_L89_L2SR_by_gee/emi20241130t180334p12009-B_l89_sr_LANDSAT_8_20241201T171509Z.tif,emi20241130t180334p12009-B,10,524,523,False,EPSG:32614,30.0,-30.0,-101.64712402444849,31.490010981729633,-101.64712002455846,31.48990231378815,12.054867718610293,0.4018289239536764
/mnt/engg-leung/Research_No9_Methane_Emissions/Yuyao/raw_data_dir_L89_L2SR_by_gee/av320241014t193616-A_l89_sr_LANDSAT_9_20241015T184543Z.tif,av320241014t193616-A,10,520,518,False,EPSG:32610,30.0,-30.0,-121.67749439325921,38.59834230853054,-121.67762991051328,38.59835725659482,11.921500160475997,0.3973833386825332
/mnt/engg-leung/Research_No9_Methane_Emissions/Yuyao/raw_data_dir_L89_L2SR_by_gee/GAO20211105t191106p0000-A_l89_sr_LANDSAT_9_20211106T183535Z.tif,GAO20211105t191106p0000-A,10,524,524,False,EPSG:32611,30.0,-30.0,-119.49221727587123,35.13290521925566,-119.49232024800833,35.13283954305935,11.881374267886514,0.3960458089295505
/mnt/engg-leung/Research_No9_Methane_Emissions/Yuyao/raw_data_dir_L89_L2SR_by_gee/ang20170919t203753-A_l89_sr_LANDSAT_8_20170920T183352Z.tif,ang20170919t203753-A,10,529,529,False,EPSG:32611,30.0,-30.0,-120.25269503078847,36.79275785068369,-120.2527614,36.79266603,11.786396190294996,0.3928798730098332
/mnt/engg-leung/Research_No9_Methane_Emissions/Yuyao/raw_data_dir_L89_L2SR_by_gee/GAO20200719t175933p0000-B_l89_sr_LANDSAT_8_20200720T173300Z.tif,GAO20200719t175933p0000-B,10,516,515,False,EPSG:32613,30.0,-30.0,-104.0241638322254,32.18433125151388,-104.024288,32.184342,11.769973471502162,0.3923324490500721
/mnt/engg-leung/Research_No9_Methane_Emissions/Yuyao/raw_data_dir_L89_L2SR_by_gee/tan20250403t003240c00s4001-B_l89_sr_LANDSAT_8_20250403T234933Z.tif,tan20250403t003240c00s4001-B,10,523,522,False,EPSG:32656,30.0,-30.0,150.75994848263525,-33.863237821139904,150.76001387915608,-33.863146826160026,11.768184487680728,0.3922728162560242
/mnt/engg-leung/Research_No9_Methane_Emissions/Yuyao/raw_data_dir_L89_L2SR_by_gee/ang20220520t192245-A_l89_sr_LANDSAT_9_20220521T183337Z.tif,ang20220520t192245-A,10,524,524,False,EPSG:32611,30.0,-30.0,-119.38907060081718,35.27533925535902,-119.38915,35.2752559,11.734898306380945,0.3911632768793648
/mnt/engg-leung/Research_No9_Methane_Emissions/Yuyao/raw_data_dir_L89_L2SR_by_gee/GAO20230927t193128p0000-B_l89_sr_LANDSAT_9_20230928T174939Z.tif,GAO20230927t193128p0000-B,10,529,527,False,EPSG:32613,30.0,-30.0,-107.86067504300962,39.50502480492198,-107.8608036870488,39.50498981428649,11.726514886734549,0.3908838295578183
/mnt/engg-leung/Research_No9_Methane_Emissions/Yuyao/raw_data_dir_L89_L2SR_by_gee/tan20250827t182223c99s4001-AA_l89_sr_LANDSAT_8_20250828T172723Z.tif,tan20250827t182223c99s4001-AA,10,516,516,False,EPSG:32613,30.0,-30.0,-103.94825195308566,32.019179673279204,-103.948375296224,32.01917145068721,11.68827171682942,0.3896090572276473
/mnt/engg-leung/Research_No9_Methane_Emissions/Yuyao/raw_data_dir_L89_L2SR_by_gee/emi20230627t044231p03012-A_l89_sr_LANDSAT_8_20230627T055804Z.tif,emi20230627t044231p03012-A,10,515,514,False,EPSG:32642,30.0,-30.0,69.48363991948229,41.09738055234482,69.48350160195133,41.09738930891683,11.660846266747857,0.3886948755582619
/mnt/engg-leung/Research_No9_Methane_Emissions/Yuyao/raw_data_dir_L89_L2SR_by_gee/emi20250613t100206p06020-D_l89_sr_LANDSAT_9_20250614T070041Z.tif,emi20250613t100206p06020-D,10,530,529,False,EPSG:32640,30.0,-30.0,53.83779287792816,39.376815636746166,53.83784133152963,39.37671758786087,11.658820106640125,0.38862733688800416
/mnt/engg-leung/Research_No9_Methane_Emissions/Yuyao/raw_data_dir_L89_L2SR_by_gee/emi20250127t181345p12007-B_l89_sr_LANDSAT_9_20250128T170554Z.tif,emi20250127t181345p12007-B,10,516,516,False,EPSG:32614,30.0,-30.0,-100.493730241635,20.67842501693009,-100.4938386132223,20.67844974536077,11.61855669240715,0.38728522308023833
/mnt/engg-leung/Research_No9_Methane_Emissions/Yuyao/raw_data_dir_L89_L2SR_by_gee/tan20241111t103920c00s4001-G_l89_sr_LANDSAT_8_20241112T100831Z.tif,tan20241111t103920c00s4001-G,10,526,526,False,EPSG:32632,30.0,-30.0,5.948302901333128,31.809380168199333,5.948192650071007,31.809425777032946,11.599944509934442,0.38666481699781474
/mnt/engg-leung/Research_No9_Methane_Emissions/Yuyao/raw_data_dir_L89_L2SR_by_gee/GAO20230625t233626p0000-C_l89_sr_LANDSAT_8_20230626T182752Z.tif,GAO20230625t233626p0000-C,10,516,515,False,EPSG:32611,30.0,-30.0,-117.69796982551304,33.71644192854328,-117.69807782928318,33.716389713900696,11.565485659185853,0.38551618863952847
/mnt/engg-leung/Research_No9_Methane_Emissions/Yuyao/raw_data_dir_L89_L2SR_by_gee/GAO20220923t175137p0000-A_l89_sr_LANDSAT_8_20220924T161935Z.tif,GAO20220923t175137p0000-A,10,513,513,False,EPSG:32616,30.0,-30.0,-87.33495259248221,33.366333496722206,-87.335066,33.366291,11.558920262032425,0.3852973420677475
/mnt/engg-leung/Research_No9_Methane_Emissions/Yuyao/raw_data_dir_L89_L2SR_by_gee/tan20250202t165233c00s4001-F_l89_sr_LANDSAT_9_20250203T162514Z.tif,tan20250202t165233c00s4001-F,10,513,512,False,EPSG:32616,30.0,-30.0,-87.16465735221223,33.43892457641431,-87.16464168304701,33.43882177099559,11.49510090010459,0.3831700300034864
/mnt/engg-leung/Research_No9_Methane_Emissions/Yuyao/raw_data_dir_L89_L2SR_by_gee/GAO20221018t181524p0000-A_l89_sr_LANDSAT_8_20221019T175037Z.tif,GAO20221018t181524p0000-A,10,530,529,False,EPSG:32613,30.0,-30.0,-108.08842974846979,39.369880994517644,-108.08856,39.369902,11.463949414181023,0.3821316471393674
/mnt/engg-leung/Research_No9_Methane_Emissions/Yuyao/raw_data_dir_L89_L2SR_by_gee/ang20220520t193549-B_l89_sr_LANDSAT_9_20220521T183337Z.tif,ang20220520t193549-B,10,525,524,False,EPSG:32611,30.0,-30.0,-119.50926082638853,35.28034132993401,-119.50938,35.2803742,11.438792700273954,0.3812930900091318
/mnt/engg-leung/Research_No9_Methane_Emissions/Yuyao/raw_data_dir_L89_L2SR_by_gee/tan20250205t133331c00s4001-D_l89_sr_LANDSAT_8_20250206T130425Z.tif,tan20250205t133331c00s4001-D,10,516,516,False,EPSG:32623,30.0,-30.0,-46.32959993000722,-23.883233987255213,-46.329607115486624,-23.883336829498205,11.413933915956692,0.3804644638652231
/mnt/engg-leung/Research_No9_Methane_Emissions/Yuyao/raw_data_dir_L89_L2SR_by_gee/tan20250715t080139c58s4001-J_l89_sr_LANDSAT_9_20250716T070055Z.tif,tan20250715t080139c58s4001-J,10,529,528,False,EPSG:32640,30.0,-30.0,54.01108735843834,38.109905061355306,54.01101363736325,38.10982093676611,11.357578815187212,0.3785859605062404
/mnt/engg-leung/Research_No9_Methane_Emissions/Yuyao/raw_data_dir_L89_L2SR_by_gee/ang20220325t191254-A_l89_sr_LANDSAT_9_20220326T174437Z.tif,ang20220325t191254-A,10,527,526,False,EPSG:32613,30.0,-30.0,-107.9301571977402,36.68598299239448,-107.930255,36.685918,11.332537394328062,0.37775124647760205
/mnt/engg-leung/Research_No9_Methane_Emissions/Yuyao/raw_data_dir_L89_L2SR_by_gee/GAO20230430t173028p0000-A_l89_sr_LANDSAT_9_20230501T165021Z.tif,GAO20230430t173028p0000-A,10,520,519,False,EPSG:32615,30.0,-30.0,-94.91773061691232,29.679452142797828,-94.9177689834817,29.67935643020867,11.240644920659406,0.3746881640219802
/mnt/engg-leung/Research_No9_Methane_Emissions/Yuyao/raw_data_dir_L89_L2SR_by_gee/tan20250308t033118c00s4001-T_l89_sr_LANDSAT_9_20250309T030033Z.tif,tan20250308t033118c00s4001-T,10,531,531,False,EPSG:32650,30.0,-30.0,113.4701355690954,37.248934299047505,113.47011928064744,37.24883391375383,11.234326128816754,0.37447753762722513
/mnt/engg-leung/Research_No9_Methane_Emissions/Yuyao/raw_data_dir_L89_L2SR_by_gee/GAO20240612t220114p0000-A_l89_sr_LANDSAT_9_20240613T182124Z.tif,GAO20240612t220114p0000-A,10,516,515,False,EPSG:32611,30.0,-30.0,-117.8384133985699,33.94121884194429,-117.83835250323332,33.94113133032188,11.22128670434699,0.37404289014489966
/mnt/engg-leung/Research_No9_Methane_Emissions/Yuyao/raw_data_dir_L89_L2SR_by_gee/GAO20240611t201214p0000-J_l89_sr_LANDSAT_8_20240612T182724Z.tif,GAO20240611t201214p0000-J,10,520,518,False,EPSG:32611,30.0,-30.0,-118.51185384676424,34.32705421368062,-118.5119370357264,34.32698196054173,11.08379327496608,0.3694597758322027
/mnt/engg-leung/Research_No9_Methane_Emissions/Yuyao/raw_data_dir_L89_L2SR_by_gee/GAO20240611t224700p0000-B_l89_sr_LANDSAT_8_20240612T182724Z.tif,GAO20240611t224700p0000-B,10,519,519,False,EPSG:32611,30.0,-30.0,-118.51760510737446,34.32955298734878,-118.51762322715354,34.32945426650794,11.07716788715439,0.369238929571813
/mnt/engg-leung/Research_No9_Methane_Emissions/Yuyao/raw_data_dir_L89_L2SR_by_gee/av320241005t173813-A_l89_sr_LANDSAT_9_20241006T171341Z.tif,av320241005t173813-A,10,514,513,False,EPSG:32614,30.0,-30.0,-99.47221166284608,35.83116198030328,-99.4723226508886,35.83112073679747,11.023162643750748,0.3674387547916916
/mnt/engg-leung/Research_No9_Methane_Emissions/Yuyao/raw_data_dir_L89_L2SR_by_gee/ang20220325t185825-B_l89_sr_LANDSAT_9_20220326T174437Z.tif,ang20220325t185825-B,10,527,525,False,EPSG:32613,30.0,-30.0,-107.7105986867152,36.47922276111588,-107.710692,36.479159,10.95397109518773,0.365132369839591
/mnt/engg-leung/Research_No9_Methane_Emissions/Yuyao/raw_data_dir_L89_L2SR_by_gee/tan20250430t180543c00s4001-B_l89_sr_LANDSAT_8_20250501T172033Z.tif,tan20250430t180543c00s4001-B,10,528,526,False,EPSG:32613,30.0,-30.0,-101.77233266869654,31.844794721740083,-101.77243244041694,31.844744722890468,10.950718206156468,0.3650239402052156
/mnt/engg-leung/Research_No9_Methane_Emissions/Yuyao/raw_data_dir_L89_L2SR_by_gee/tan20250503t033800c00s4001-M_l89_sr_LANDSAT_8_20250504T025954Z.tif,tan20250503t033800c00s4001-M,10,531,529,False,EPSG:32650,30.0,-30.0,113.64561738492812,37.43135450767285,113.64549418943056,37.43136081598736,10.926035872584766,0.36420119575282556
/mnt/engg-leung/Research_No9_Methane_Emissions/Yuyao/raw_data_dir_L89_L2SR_by_gee/tan20250916t081222c80s4001-C_l89_sr_LANDSAT_8_20250917T070953Z.tif,tan20250916t081222c80s4001-C,10,516,515,False,EPSG:32639,30.0,-30.0,50.0080852682421,30.29088513777561,50.00798012999647,30.29092169160917,10.896218843679403,0.3632072947893134
/mnt/engg-leung/Research_No9_Methane_Emissions/Yuyao/raw_data_dir_L89_L2SR_by_gee/tan20250806t072424c58s4001-B_l89_sr_LANDSAT_9_20250807T062402Z.tif,tan20250806t072424c58s4001-B,10,515,513,False,EPSG:32641,30.0,-30.0,62.61396768925772,38.26573505328316,62.61385064739264,38.265701627145205,10.894178409078622,0.3631392803026207
/mnt/engg-leung/Research_No9_Methane_Emissions/Yuyao/raw_data_dir_L89_L2SR_by_gee/emi20231003t074704p05043-I_l89_sr_LANDSAT_8_20231004T063020Z.tif,emi20231003t074704p05043-I,10,515,513,False,EPSG:32641,30.0,-30.0,62.614647834402604,38.266818781944075,62.61472252646561,38.26674042161912,10.880428050020162,0.36268093500067206
/mnt/engg-leung/Research_No9_Methane_Emissions/Yuyao/raw_data_dir_L89_L2SR_by_gee/emi20241202t071056p05010-C_l89_sr_LANDSAT_9_20241202T071607Z.tif,emi20241202t071056p05010-C,10,517,515,False,EPSG:32639,30.0,-30.0,49.913709140503904,30.334666247643113,49.91360841565782,30.33462307284776,10.80384292350502,0.36012809745016733
/mnt/engg-leung/Research_No9_Methane_Emissions/Yuyao/raw_data_dir_L89_L2SR_by_gee/emi20230527t133235p09034-A_l89_sr_LANDSAT_9_20230528T095626Z.tif,emi20230527t133235p09034-A,10,517,517,False,EPSG:32632,30.0,-30.0,7.615557478462983,28.637153088058803,7.615539990103684,28.6370571234108,10.772325861868405,0.3590775287289468
/mnt/engg-leung/Research_No9_Methane_Emissions/Yuyao/raw_data_dir_L89_L2SR_by_gee/tan20250321t181350c00s4001-B_l89_sr_LANDSAT_9_20250322T172101Z.tif,tan20250321t181350c00s4001-B,10,522,522,False,EPSG:32613,30.0,-30.0,-102.65032225691793,31.53748852248585,-102.65040868870416,31.53742611572362,10.735501839671532,0.3578500613223844
/mnt/engg-leung/Research_No9_Methane_Emissions/Yuyao/raw_data_dir_L89_L2SR_by_gee/tan20250209t103847c00s4001-B_l89_sr_LANDSAT_9_20250210T095707Z.tif,tan20250209t103847c00s4001-B,10,518,517,False,EPSG:32632,30.0,-30.0,7.537900952396947,28.638097136312265,7.537826508709259,28.638025946808128,10.734630248738767,0.35782100829129226
/mnt/engg-leung/Research_No9_Methane_Emissions/Yuyao/raw_data_dir_L89_L2SR_by_gee/tan20250725t055844c55s4001-F_l89_sr_LANDSAT_8_20250726T050523Z.tif,tan20250725t055844c55s4001-F,10,514,512,False,EPSG:32645,30.0,-30.0,86.9612715566543,54.2237288536854,86.96112108518116,54.22369039347592,10.707347383490632,0.3569115794496877
/mnt/engg-leung/Research_No9_Methane_Emissions/Yuyao/raw_data_dir_L89_L2SR_by_gee/tan20241202t032459c00s4001-P_l89_sr_LANDSAT_9_20241203T030107Z.tif,tan20241202t032459c00s4001-P,10,522,521,False,EPSG:32649,30.0,-30.0,112.93463580867424,36.314104270361554,112.93452349955402,36.31413619782006,10.690036211115414,0.3563345403705138
/mnt/engg-leung/Research_No9_Methane_Emissions/Yuyao/raw_data_dir_L89_L2SR_by_gee/av320241005t172306-C_l89_sr_LANDSAT_9_20241006T171341Z.tif,av320241005t172306-C,10,514,513,False,EPSG:32614,30.0,-30.0,-99.47221166284608,35.83116198030328,-99.4723283683067,35.83114788253323,10.6603661290108,0.3553455376336933
/mnt/engg-leung/Research_No9_Methane_Emissions/Yuyao/raw_data_dir_L89_L2SR_by_gee/GAO20200730t154645p0000-B_l89_sr_LANDSAT_8_20200730T180808Z.tif,GAO20200730t154645p0000-B,10,519,517,False,EPSG:32612,30.0,-30.0,-112.0794325407876,40.57013893972775,-112.0794133,40.57004453,10.60963609189713,0.353654536396571
/mnt/engg-leung/Research_No9_Methane_Emissions/Yuyao/raw_data_dir_L89_L2SR_by_gee/tan20250820t152927c17s4001-A_l89_sr_LANDSAT_8_20250821T141858Z.tif,tan20250820t152927c17s4001-A,10,520,519,False,EPSG:32620,30.0,-30.0,-65.38009574201732,-24.855472110962086,-65.38019205610249,-24.855510130695293,10.606237313760682,0.35354124379202273
/mnt/engg-leung/Research_No9_Methane_Emissions/Yuyao/raw_data_dir_L89_L2SR_by_gee/tan20250531t065058c58s4001-A_l89_sr_LANDSAT_9_20250601T055522Z.tif,tan20250531t065058c58s4001-A,10,513,512,False,EPSG:32642,30.0,-30.0,69.36596967486733,28.054737775862044,69.3658655226782,28.054715895930784,10.522602504161544,0.3507534168053848
/mnt/engg-leung/Research_No9_Methane_Emissions/Yuyao/raw_data_dir_L89_L2SR_by_gee/GAO20240611t212911p0000-C_l89_sr_LANDSAT_8_20240612T182724Z.tif,GAO20240611t212911p0000-C,10,519,519,False,EPSG:32611,30.0,-30.0,-118.51264214712843,34.32555662515759,-118.51271854080468,34.3254876138143,10.393882529940779,0.346462750998026
/mnt/engg-leung/Research_No9_Methane_Emissions/Yuyao/raw_data_dir_L89_L2SR_by_gee/tan20241017t054413c00s4001-C_l89_sr_LANDSAT_8_20241018T051855Z.tif,tan20241017t054413c00s4001-C,10,521,521,False,EPSG:32643,30.0,-30.0,77.28413199421125,28.513722888433843,77.28403649011688,28.51368217051721,10.381171213966155,0.3460390404655385
/mnt/engg-leung/Research_No9_Methane_Emissions/Yuyao/raw_data_dir_L89_L2SR_by_gee/emi20250609t222616p14004-A_l89_sr_LANDSAT_9_20250610T185557Z.tif,emi20250609t222616p14004-A,10,514,513,False,EPSG:32610,30.0,-30.0,-123.238058074732,44.70083144561532,-123.23816861621977,44.700881514249176,10.37852406769628,0.3459508022565426
/mnt/engg-leung/Research_No9_Methane_Emissions/Yuyao/raw_data_dir_L89_L2SR_by_gee/tan20250907t142314c73s4001-B_l89_sr_LANDSAT_9_20250908T131456Z.tif,tan20250907t142314c73s4001-B,10,519,519,False,EPSG:32623,30.0,-30.0,-48.1544391193395,-15.859158809644379,-48.154476208782455,-15.8590725494918,10.338986123758078,0.34463287079193594
/mnt/engg-leung/Research_No9_Methane_Emissions/Yuyao/raw_data_dir_L89_L2SR_by_gee/GAO20240611t193749p0000-H_l89_sr_LANDSAT_8_20240612T182724Z.tif,GAO20240611t193749p0000-H,10,521,520,False,EPSG:32611,30.0,-30.0,-118.78884468758817,34.303979485188215,-118.78894693674192,34.303941007371705,10.335036616359806,0.3445012205453269
/mnt/engg-leung/Research_No9_Methane_Emissions/Yuyao/raw_data_dir_L89_L2SR_by_gee/ang20170919t194958-B_l89_sr_LANDSAT_8_20170920T183416Z.tif,ang20170919t194958-B,10,524,523,False,EPSG:32611,30.0,-30.0,-119.38036561256719,36.387714959589985,-119.380427,36.387637,10.255363765891502,0.34184545886305007
/mnt/engg-leung/Research_No9_Methane_Emissions/Yuyao/raw_data_dir_L89_L2SR_by_gee/av320250720t141441-A_l89_sr_LANDSAT_8_20250720T154055Z.tif,av320250720t141441-A,10,520,520,False,EPSG:32618,30.0,-30.0,-76.5236345889884,36.760845113752346,-76.52368490356122,36.760763501435605,10.109818576491529,0.33699395254971765
/mnt/engg-leung/Research_No9_Methane_Emissions/Yuyao/raw_data_dir_L89_L2SR_by_gee/tan20250206t142658c00s4001-B_l89_sr_LANDSAT_8_20250207T134828Z.tif,tan20250206t142658c00s4001-B,10,513,513,False,EPSG:32621,30.0,-30.0,-57.64347375723545,-25.328333232075842,-57.643574035142805,-25.328329430183658,10.104777399941604,0.3368259133313868
/mnt/engg-leung/Research_No9_Methane_Emissions/Yuyao/raw_data_dir_L89_L2SR_by_gee/GAO20240612t221405p0000-G_l89_sr_LANDSAT_9_20240613T182124Z.tif,GAO20240612t221405p0000-G,10,514,513,False,EPSG:32611,30.0,-30.0,-117.46722207551812,33.79599705039671,-117.46726754591124,33.79607976864364,10.095115737322251,0.3365038579107417
/mnt/engg-leung/Research_No9_Methane_Emissions/Yuyao/raw_data_dir_L89_L2SR_by_gee/emi20230426t025157p02010-B_l89_sr_LANDSAT_9_20230426T031826Z.tif,emi20230426t025157p02010-B,10,517,516,False,EPSG:32649,30.0,-30.0,110.28169437153848,39.17632907424831,110.2816372997508,39.17625029631449,10.040449768455886,0.3346816589485295
/mnt/engg-leung/Research_No9_Methane_Emissions/Yuyao/raw_data_dir_L89_L2SR_by_gee/GAO20220610t155141p0000-A_l89_sr_LANDSAT_8_20220610T172004Z.tif,GAO20220610t155141p0000-A,10,521,520,False,EPSG:32614,30.0,-30.0,-100.58784920446713,35.80577854765896,-100.587909,35.805704,9.880617164051765,0.32935390546839216
/mnt/engg-leung/Research_No9_Methane_Emissions/Yuyao/raw_data_dir_L89_L2SR_by_gee/GAO20230713t191024p0000-B_l89_sr_LANDSAT_9_20230714T190213Z.tif,GAO20230713t191024p0000-B,10,514,513,False,EPSG:32610,30.0,-30.0,-123.22897322883139,44.70166023684043,-123.22908986998463,44.70162999028128,9.836475475833488,0.3278825158611163
/mnt/engg-leung/Research_No9_Methane_Emissions/Yuyao/raw_data_dir_L89_L2SR_by_gee/tan20250715t110939c96s4001-K_l89_sr_LANDSAT_9_20250716T102017Z.tif,tan20250715t110939c96s4001-K,10,514,513,False,EPSG:32631,30.0,-30.0,3.433822762342258,32.837944153078524,3.433717982139882,32.83793820838764,9.832037288605507,0.32773457628685027
/mnt/engg-leung/Research_No9_Methane_Emissions/Yuyao/raw_data_dir_L89_L2SR_by_gee/tan20250503t033800c00s4001-B_l89_sr_LANDSAT_8_20250504T025954Z.tif,tan20250503t033800c00s4001-B,10,532,531,False,EPSG:32650,30.0,-30.0,113.51779242821489,37.759959424428914,113.51771736537376,37.75989398062971,9.824050840224626,0.32746836134082086
/mnt/engg-leung/Research_No9_Methane_Emissions/Yuyao/raw_data_dir_L89_L2SR_by_gee/emi20230423t112832p08014-A_l89_sr_LANDSAT_9_20230424T100757Z.tif,emi20230423t112832p08014-A,10,523,523,False,EPSG:32632,30.0,-30.0,6.477332835684125,32.1747034710502,6.477244966440566,32.1746560627512,9.81406100523992,0.32713536684133065
/mnt/engg-leung/Research_No9_Methane_Emissions/Yuyao/raw_data_dir_L89_L2SR_by_gee/av320241005t183935-B_l89_sr_LANDSAT_9_20241006T171341Z.tif,av320241005t183935-B,10,514,513,False,EPSG:32614,30.0,-30.0,-99.47254861730391,35.83197210497153,-99.47253784133368,35.83188446937032,9.772311897382819,0.3257437299127606
/mnt/engg-leung/Research_No9_Methane_Emissions/Yuyao/raw_data_dir_L89_L2SR_by_gee/GAO20240611t224700p0000-A_l89_sr_LANDSAT_8_20240612T182724Z.tif,GAO20240611t224700p0000-A,10,519,518,False,EPSG:32611,30.0,-30.0,-118.51680955891752,34.3306449186832,-118.51690504435152,34.33061129499865,9.545904374029815,0.3181968124676605
/mnt/engg-leung/Research_No9_Methane_Emissions/Yuyao/raw_data_dir_L89_L2SR_by_gee/tan20250503t033800c00s4001-U_l89_sr_LANDSAT_8_20250504T025954Z.tif,tan20250503t033800c00s4001-U,10,531,531,False,EPSG:32650,30.0,-30.0,113.48715426470032,37.253765601941616,113.48705325166446,37.25373686868379,9.511844461132748,0.31706148203775825
/mnt/engg-leung/Research_No9_Methane_Emissions/Yuyao/raw_data_dir_L89_L2SR_by_gee/tan20250918t005528c02s4001-E_l89_sr_LANDSAT_9_20250918T235006Z.tif,tan20250918t005528c02s4001-E,10,523,522,False,EPSG:32656,30.0,-30.0,150.76671218776303,-33.889869092869205,150.7666884945775,-33.889952318691414,9.488050457653847,0.31626834858846153
/mnt/engg-leung/Research_No9_Methane_Emissions/Yuyao/raw_data_dir_L89_L2SR_by_gee/ang20170919t194958-E_l89_sr_LANDSAT_8_20170920T183416Z.tif,ang20170919t194958-E,10,525,523,False,EPSG:32611,30.0,-30.0,-119.37847973038349,36.39167321877738,-119.378584,36.391685,9.445532471433435,0.3148510823811145
/mnt/engg-leung/Research_No9_Methane_Emissions/Yuyao/raw_data_dir_L89_L2SR_by_gee/tan20241225t032551c00s4001-L_l89_sr_LANDSAT_9_20241226T030651Z.tif,tan20241225t032551c00s4001-L,10,525,524,False,EPSG:32649,30.0,-30.0,113.38543418915006,37.9136721042644,113.38533453539958,37.91370375628358,9.441094919423374,0.31470316398077913
/mnt/engg-leung/Research_No9_Methane_Emissions/Yuyao/raw_data_dir_L89_L2SR_by_gee/GAO20230616t183455p0000-D_l89_sr_LANDSAT_8_20230617T183335Z.tif,GAO20230616t183455p0000-D,10,522,522,False,EPSG:32611,30.0,-30.0,-119.03862036794754,35.51596407793703,-119.03872284097176,35.51597176381952,9.334507603015782,0.3111502534338594
/mnt/engg-leung/Research_No9_Methane_Emissions/Yuyao/raw_data_dir_L89_L2SR_by_gee/tan20250308t033118c00s4001-L_l89_sr_LANDSAT_9_20250309T030033Z.tif,tan20250308t033118c00s4001-L,10,531,530,False,EPSG:32650,30.0,-30.0,113.53903277150059,37.716936548655696,113.53893346591212,37.7169642804792,9.280937018215704,0.3093645672738568
/mnt/engg-leung/Research_No9_Methane_Emissions/Yuyao/raw_data_dir_L89_L2SR_by_gee/GAO20230927t191343p0000-A_l89_sr_LANDSAT_9_20230928T174939Z.tif,GAO20230927t191343p0000-A,10,528,527,False,EPSG:32613,30.0,-30.0,-107.90361479259073,39.53922706157007,-107.90370878823542,39.53918793667225,9.173939432203419,0.3057979810734473
/mnt/engg-leung/Research_No9_Methane_Emissions/Yuyao/raw_data_dir_L89_L2SR_by_gee/GAO20231005t191603p0000-A_l89_sr_LANDSAT_8_20231006T174946Z.tif,GAO20231005t191603p0000-A,10,530,529,False,EPSG:32613,30.0,-30.0,-108.13637377312307,39.70072036218856,-108.1364721044838,39.70068787047831,9.172627022401675,0.30575423408005586
/mnt/engg-leung/Research_No9_Methane_Emissions/Yuyao/raw_data_dir_L89_L2SR_by_gee/tan20250729t080447c56s4001-A_l89_sr_LANDSAT_9_20250730T071521Z.tif,tan20250729t080447c56s4001-A,10,521,520,False,EPSG:32639,30.0,-30.0,49.097555213438085,32.064335813954045,49.0976147839452,32.064270486194275,9.171578349269396,0.3057192783089799
/mnt/engg-leung/Research_No9_Methane_Emissions/Yuyao/raw_data_dir_L89_L2SR_by_gee/GAO20240611t221549p0000-A_l89_sr_LANDSAT_8_20240612T182724Z.tif,GAO20240611t221549p0000-A,10,520,520,False,EPSG:32611,30.0,-30.0,-118.65049978817245,34.43022158216515,-118.65057545045696,34.43016771013211,9.169491880890877,0.30564972936302925
/mnt/engg-leung/Research_No9_Methane_Emissions/Yuyao/raw_data_dir_L89_L2SR_by_gee/GAO20230713t191024p0000-A_l89_sr_LANDSAT_9_20230714T190213Z.tif,GAO20230713t191024p0000-A,10,514,512,False,EPSG:32610,30.0,-30.0,-123.23256738537019,44.700842758534286,-123.23266290623552,44.700887896338486,9.081525147278072,0.3027175049092691
/mnt/engg-leung/Research_No9_Methane_Emissions/Yuyao/raw_data_dir_L89_L2SR_by_gee/GAO20240611t192759p0000-I_l89_sr_LANDSAT_8_20240612T182724Z.tif,GAO20240611t192759p0000-I,10,519,519,False,EPSG:32611,30.0,-30.0,-118.51264214712843,34.32555662515759,-118.51273460798228,34.32552945434232,9.027272543360285,0.3009090847786762
/mnt/engg-leung/Research_No9_Methane_Emissions/Yuyao/raw_data_dir_L89_L2SR_by_gee/tan20250403t003240c00s4001-F_l89_sr_LANDSAT_8_20250403T234933Z.tif,tan20250403t003240c00s4001-F,10,523,522,False,EPSG:32656,30.0,-30.0,150.8241233616811,-34.220355925734765,150.8242037219503,-34.22030998573872,8.988908838526505,0.2996302946175502
/mnt/engg-leung/Research_No9_Methane_Emissions/Yuyao/raw_data_dir_L89_L2SR_by_gee/tan20250427t165705c00s4001-A_l89_sr_LANDSAT_9_20250428T155856Z.tif,tan20250427t165705c00s4001-A,10,514,513,False,EPSG:32617,30.0,-30.0,-81.25603834934137,37.76844610312183,-81.25614010250217,37.76844493540304,8.96619552697452,0.298873184232484
/mnt/engg-leung/Research_No9_Methane_Emissions/Yuyao/raw_data_dir_L89_L2SR_by_gee/ang20220520t201527-B_l89_sr_LANDSAT_9_20220521T183337Z.tif,ang20220520t201527-B,10,521,521,False,EPSG:32611,30.0,-30.0,-118.90446912842721,35.40307955854337,-118.90452,35.403011,8.900125846673443,0.29667086155578143
/mnt/engg-leung/Research_No9_Methane_Emissions/Yuyao/raw_data_dir_L89_L2SR_by_gee/emi20230418t060625p04019-C_l89_sr_LANDSAT_9_20230419T031242Z.tif,emi20230418t060625p04019-C,10,513,511,False,EPSG:32649,30.0,-30.0,110.83556427277964,37.47157051028965,110.83549727581352,37.4715112455028,8.853695378523375,0.29512317928411247
/mnt/engg-leung/Research_No9_Methane_Emissions/Yuyao/raw_data_dir_L89_L2SR_by_gee/GAO20240512t174305p0000-B_l89_sr_LANDSAT_9_20240513T172652Z.tif,GAO20240512t174305p0000-B,10,517,516,False,EPSG:32613,30.0,-30.0,-103.9816182752812,32.13271164017873,-103.98171103228616,32.13270634297942,8.77194221150509,0.29239807371683635
/mnt/engg-leung/Research_No9_Methane_Emissions/Yuyao/raw_data_dir_L89_L2SR_by_gee/GAO20240612t220114p0000-D_l89_sr_LANDSAT_9_20240613T182124Z.tif,GAO20240612t220114p0000-D,10,516,515,False,EPSG:32611,30.0,-30.0,-117.82994227115165,33.938029525579374,-117.83002032815696,33.93807271466628,8.661856479634706,0.2887285493211568
/mnt/engg-leung/Research_No9_Methane_Emissions/Yuyao/raw_data_dir_L89_L2SR_by_gee/emi20240527t092548p06003-B_l89_sr_LANDSAT_9_20240528T050715Z.tif,emi20240527t092548p06003-B,10,525,523,False,EPSG:32645,30.0,-30.0,85.14379844490931,45.49169841238462,85.14371717321887,45.49164581296753,8.633404460047679,0.28778014866825596
/mnt/engg-leung/Research_No9_Methane_Emissions/Yuyao/raw_data_dir_L89_L2SR_by_gee/emi20240621t082746p06048-B_l89_sr_LANDSAT_9_20240622T064512Z.tif,emi20240621t082746p06048-B,10,516,516,False,EPSG:32640,30.0,-30.0,55.65719702319553,25.294500974013694,55.65711501161306,25.29447943133501,8.597094905174723,0.28656983017249077
/mnt/engg-leung/Research_No9_Methane_Emissions/Yuyao/raw_data_dir_L89_L2SR_by_gee/tan20250503t033800c00s4001-K_l89_sr_LANDSAT_8_20250504T025954Z.tif,tan20250503t033800c00s4001-K,10,530,530,False,EPSG:32650,30.0,-30.0,113.6678602789586,37.590509647086975,113.66776369827228,37.59051855800704,8.587015704513911,0.28623385681713037
/mnt/engg-leung/Research_No9_Methane_Emissions/Yuyao/raw_data_dir_L89_L2SR_by_gee/ang20171023t215413-E_l89_sr_LANDSAT_8_20171024T182251Z.tif,ang20171023t215413-E,10,516,515,False,EPSG:32611,30.0,-30.0,-117.70447159282514,33.71965188062449,-117.704563,33.719642,8.542861536129532,0.28476205120431775
/mnt/engg-leung/Research_No9_Methane_Emissions/Yuyao/raw_data_dir_L89_L2SR_by_gee/GAO20240612t200810p0000-F_l89_sr_LANDSAT_9_20240613T182124Z.tif,GAO20240612t200810p0000-F,10,516,515,False,EPSG:32611,30.0,-30.0,-117.8357875115976,33.93826054375407,-117.83578514129312,33.93833710478336,8.495073664246208,0.2831691221415403
/mnt/engg-leung/Research_No9_Methane_Emissions/Yuyao/raw_data_dir_L89_L2SR_by_gee/emi20231220t083556p06002-A_l89_sr_LANDSAT_9_20231221T055728Z.tif,emi20231220t083556p06002-A,10,519,519,False,EPSG:32642,30.0,-30.0,67.03207996432752,25.029524193811124,67.03201751160742,25.029473104618447,8.470949798961012,0.2823649932987004
/mnt/engg-leung/Research_No9_Methane_Emissions/Yuyao/raw_data_dir_L89_L2SR_by_gee/tan20241008t163028c00s4001-B_l89_sr_LANDSAT_9_20241009T160517Z.tif,tan20241008t163028c00s4001-B,10,517,516,False,EPSG:32617,30.0,-30.0,-81.92463882167608,37.14519829016022,-81.92454819458943,37.14517532575499,8.44524017822367,0.281508005940789
/mnt/engg-leung/Research_No9_Methane_Emissions/Yuyao/raw_data_dir_L89_L2SR_by_gee/GAO20240415t190413p0000-E_l89_sr_LANDSAT_8_20240416T183401Z.tif,GAO20240415t190413p0000-E,10,522,521,False,EPSG:32611,30.0,-30.0,-118.99223580960435,34.407007798680944,-118.99226377546312,34.406937601571485,8.200476014230313,0.27334920047434375
/mnt/engg-leung/Research_No9_Methane_Emissions/Yuyao/raw_data_dir_L89_L2SR_by_gee/GAO20240611t194634p0000-F_l89_sr_LANDSAT_8_20240612T182724Z.tif,GAO20240611t194634p0000-F,10,519,518,False,EPSG:32611,30.0,-30.0,-118.51809899299066,34.32981738278057,-118.5181839597139,34.32979542855473,8.18964386159714,0.2729881287199047
/mnt/engg-leung/Research_No9_Methane_Emissions/Yuyao/raw_data_dir_L89_L2SR_by_gee/GAO20230927t193128p0000-A_l89_sr_LANDSAT_9_20230928T174939Z.tif,GAO20230927t193128p0000-A,10,529,527,False,EPSG:32613,30.0,-30.0,-107.86185496727157,39.525264639410565,-107.86194831796664,39.52527786353238,8.159682655168927,0.27198942183896424
/mnt/engg-leung/Research_No9_Methane_Emissions/Yuyao/raw_data_dir_L89_L2SR_by_gee/emi20230626t101232p07010-E_l89_sr_LANDSAT_9_20230627T100753Z.tif,emi20230626t101232p07010-E,10,527,526,False,EPSG:32632,30.0,-30.0,5.809601082556987,31.670061424802473,5.809518134026888,31.670042938081423,8.128704406787657,0.27095681355958856
/mnt/engg-leung/Research_No9_Methane_Emissions/Yuyao/raw_data_dir_L89_L2SR_by_gee/av320241005t172306-D_l89_sr_LANDSAT_9_20241006T171341Z.tif,av320241005t172306-D,10,514,513,False,EPSG:32614,30.0,-30.0,-99.47254861730391,35.83197210497153,-99.4726186900918,35.83192756293208,8.031933647458551,0.2677311215819517
/mnt/engg-leung/Research_No9_Methane_Emissions/Yuyao/raw_data_dir_L89_L2SR_by_gee/GAO20240611t203734p0000-F_l89_sr_LANDSAT_8_20240612T182724Z.tif,GAO20240611t203734p0000-F,10,519,519,False,EPSG:32611,30.0,-30.0,-118.51827661734133,34.33062673477635,-118.5183276457427,34.3305681082237,8.021538103636969,0.2673846034545656
/mnt/engg-leung/Research_No9_Methane_Emissions/Yuyao/raw_data_dir_L89_L2SR_by_gee/ang20180922t205612-S_l89_sr_LANDSAT_8_20180923T183347Z.tif,ang20180922t205612-S,10,526,524,False,EPSG:32611,30.0,-30.0,-119.6625880871888,35.3602131899429,-119.662674,35.360225,7.917473204038015,0.2639157734679338
/mnt/engg-leung/Research_No9_Methane_Emissions/Yuyao/raw_data_dir_L89_L2SR_by_gee/ang20220520t203626-A_l89_sr_LANDSAT_9_20220521T183337Z.tif,ang20220520t203626-A,10,522,521,False,EPSG:32611,30.0,-30.0,-118.90446594797315,35.402944380870245,-118.90454,35.402982,7.9164199810796845,0.2638806660359895
/mnt/engg-leung/Research_No9_Methane_Emissions/Yuyao/raw_data_dir_L89_L2SR_by_gee/ang20170615t234140-B_l89_sr_LANDSAT_8_20170616T183349Z.tif,ang20170615t234140-B,10,525,523,False,EPSG:32611,30.0,-30.0,-119.41266435652128,35.26472961988009,-119.412672,35.264659,7.865762160315904,0.26219207201053013
/mnt/engg-leung/Research_No9_Methane_Emissions/Yuyao/raw_data_dir_L89_L2SR_by_gee/GAO20230625t221550p0000-A_l89_sr_LANDSAT_8_20230626T182752Z.tif,GAO20230625t221550p0000-A,10,520,518,False,EPSG:32611,30.0,-30.0,-118.51549820939196,34.33025538028581,-118.51558339905388,34.3302601340109,7.8573549491072265,0.26191183163690757
/mnt/engg-leung/Research_No9_Methane_Emissions/Yuyao/raw_data_dir_L89_L2SR_by_gee/GAO20220610t183846p0000-B_l89_sr_LANDSAT_9_20220611T171320Z.tif,GAO20220610t183846p0000-B,10,519,519,False,EPSG:32614,30.0,-30.0,-100.39611385467734,35.46304043341357,-100.396199,35.463029,7.832131739009675,0.26107105796698915
/mnt/engg-leung/Research_No9_Methane_Emissions/Yuyao/raw_data_dir_L89_L2SR_by_gee/tan20241111t103920c00s4001-D_l89_sr_LANDSAT_8_20241112T100831Z.tif,tan20241111t103920c00s4001-D,10,526,525,False,EPSG:32632,30.0,-30.0,5.944142116939845,31.83470631032595,5.944107455903833,31.834642472843072,7.802015732269372,0.26006719107564574
/mnt/engg-leung/Research_No9_Methane_Emissions/Yuyao/raw_data_dir_L89_L2SR_by_gee/emi20230629t044014p03003-A_l89_sr_LANDSAT_9_20230629T063526Z.tif,emi20230629t044014p03003-A,10,523,523,False,EPSG:32641,30.0,-30.0,61.0453905912504,40.04948576718064,61.04530207468199,40.0494697084296,7.760924837706846,0.2586974945902282
/mnt/engg-leung/Research_No9_Methane_Emissions/Yuyao/raw_data_dir_L89_L2SR_by_gee/ang20181010t221928-B_l89_sr_LANDSAT_8_20181011T182158Z.tif,ang20181010t221928-B,10,516,515,False,EPSG:32611,30.0,-30.0,-117.83352856760735,33.93962865489298,-117.833445,33.939634,7.74854855563722,0.258284951854574
/mnt/engg-leung/Research_No9_Methane_Emissions/Yuyao/raw_data_dir_L89_L2SR_by_gee/ang20181010t221412-A_l89_sr_LANDSAT_8_20181011T182158Z.tif,ang20181010t221412-A,10,516,515,False,EPSG:32611,30.0,-30.0,-117.83352856760735,33.93962865489298,-117.833445,33.939634,7.74854855563722,0.258284951854574
/mnt/engg-leung/Research_No9_Methane_Emissions/Yuyao/raw_data_dir_L89_L2SR_by_gee/emi20250603t160225p11027-G_l89_sr_LANDSAT_8_20250603T162435Z.tif,emi20250603t160225p11027-G,10,513,512,False,EPSG:32616,30.0,-30.0,-87.23324179771436,33.3784723896209,-87.2332651515724,33.37840552419833,7.727961913031525,0.25759873043438414
/mnt/engg-leung/Research_No9_Methane_Emissions/Yuyao/raw_data_dir_L89_L2SR_by_gee/GAO20240611t205814p0000-A_l89_sr_LANDSAT_8_20240612T182724Z.tif,GAO20240611t205814p0000-A,10,520,520,False,EPSG:32611,30.0,-30.0,-118.6508527590005,34.43156935544336,-118.65093172810512,34.43154642688238,7.691178983760908,0.25637263279203026
/mnt/engg-leung/Research_No9_Methane_Emissions/Yuyao/raw_data_dir_L89_L2SR_by_gee/ang20171023t184406-C_l89_sr_LANDSAT_8_20171024T182251Z.tif,ang20171023t184406-C,10,515,514,False,EPSG:32611,30.0,-30.0,-117.62009675639756,33.48997708570836,-117.6201148785575,33.4899094714703,7.68609447258711,0.256203149086237
/mnt/engg-leung/Research_No9_Methane_Emissions/Yuyao/raw_data_dir_L89_L2SR_by_gee/ang20200709t224635-2_l89_sr_LANDSAT_8_20200710T183357Z.tif,ang20200709t224635-2,10,524,522,False,EPSG:32611,30.0,-30.0,-119.19947605962187,35.2032119828158,-119.19948,35.2031429,7.672739357048976,0.2557579785682992
/mnt/engg-leung/Research_No9_Methane_Emissions/Yuyao/raw_data_dir_L89_L2SR_by_gee/ang20180922t210202-G_l89_sr_LANDSAT_8_20180923T183347Z.tif,ang20180922t210202-G,10,525,525,False,EPSG:32611,30.0,-30.0,-119.66865364984241,35.318841751662106,-119.66872361704552,35.318803723752765,7.63409400761358,0.254469800253786
/mnt/engg-leung/Research_No9_Methane_Emissions/Yuyao/raw_data_dir_L89_L2SR_by_gee/tan20250308t033118c00s4001-S_l89_sr_LANDSAT_9_20250309T030033Z.tif,tan20250308t033118c00s4001-S,10,531,529,False,EPSG:32650,30.0,-30.0,113.57333342154084,37.35900416005295,113.57325666192104,37.35897552905799,7.506027810759418,0.25020092702531394
/mnt/engg-leung/Research_No9_Methane_Emissions/Yuyao/raw_data_dir_L89_L2SR_by_gee/tan20250503t033800c00s4001-D_l89_sr_LANDSAT_8_20250504T025954Z.tif,tan20250503t033800c00s4001-D,10,531,530,False,EPSG:32650,30.0,-30.0,113.54896626233227,37.744796171730556,113.54902888561897,37.74484096767152,7.42858665510611,0.24761955517020368
/mnt/engg-leung/Research_No9_Methane_Emissions/Yuyao/raw_data_dir_L89_L2SR_by_gee/emi20250604t025357p02022-K_l89_sr_LANDSAT_9_20250604T030541Z.tif,emi20250604t025357p02022-K,10,525,524,False,EPSG:32649,30.0,-30.0,113.35151927713767,37.87731904652266,113.3514373598149,37.87730674823443,7.3351039509345695,0.2445034650311523
/mnt/engg-leung/Research_No9_Methane_Emissions/Yuyao/raw_data_dir_L89_L2SR_by_gee/GAO20230510t165025p0000-E_l89_sr_LANDSAT_8_20230511T163400Z.tif,GAO20230510t165025p0000-E,10,523,521,False,EPSG:32616,30.0,-30.0,-88.72845984682587,42.651195601476935,-88.72848951185077,42.65113362213447,7.302123415556046,0.24340411385186822
/mnt/engg-leung/Research_No9_Methane_Emissions/Yuyao/raw_data_dir_L89_L2SR_by_gee/GAO20230721t201338p0000-A_l89_sr_LANDSAT_9_20230722T181310Z.tif,GAO20230721t201338p0000-A,10,518,517,False,EPSG:32612,30.0,-30.0,-111.85981842059664,43.43160857953398,-111.85984562306604,43.43167105625071,7.282298079332446,0.24274326931108153
/mnt/engg-leung/Research_No9_Methane_Emissions/Yuyao/raw_data_dir_L89_L2SR_by_gee/GAO20240611t202024p0000-I_l89_sr_LANDSAT_8_20240612T182724Z.tif,GAO20240611t202024p0000-I,10,521,520,False,EPSG:32611,30.0,-30.0,-118.79043956863737,34.30233314482714,-118.79042639496993,34.30226890447959,7.2284985150952785,0.24094995050317594
/mnt/engg-leung/Research_No9_Methane_Emissions/Yuyao/raw_data_dir_L89_L2SR_by_gee/GAO20240611t195436p0000-A_l89_sr_LANDSAT_8_20240612T182724Z.tif,GAO20240611t195436p0000-A,10,521,519,False,EPSG:32611,30.0,-30.0,-118.79027663931764,34.30233552666164,-118.79035307741675,34.3023227224962,7.178517971328426,0.2392839323776142
/mnt/engg-leung/Research_No9_Methane_Emissions/Yuyao/raw_data_dir_L89_L2SR_by_gee/tan20241020t061527c00s4001-A_l89_sr_LANDSAT_8_20241021T054551Z.tif,tan20241020t061527c00s4001-A,10,515,514,False,EPSG:32643,30.0,-30.0,74.58940563887786,42.966621883766614,74.58939580347734,42.96668608584466,7.177338953686432,0.23924463178954772
/mnt/engg-leung/Research_No9_Methane_Emissions/Yuyao/raw_data_dir_L89_L2SR_by_gee/tan20241203t073043c00s4001-B_l89_sr_LANDSAT_9_20241204T070120Z.tif,tan20241203t073043c00s4001-B,10,530,528,False,EPSG:32640,30.0,-30.0,53.88041212163776,39.346348514003815,53.88035108359685,39.346304752098426,7.161716154633075,0.23872387182110252
/mnt/engg-leung/Research_No9_Methane_Emissions/Yuyao/raw_data_dir_L89_L2SR_by_gee/tan20250308t033118c00s4001-H_l89_sr_LANDSAT_9_20250309T030033Z.tif,tan20250308t033118c00s4001-H,10,530,530,False,EPSG:32650,30.0,-30.0,113.62848197539286,37.41667621550037,113.62840428882492,37.41669025429289,7.051390803604523,0.23504636012015076
/mnt/engg-leung/Research_No9_Methane_Emissions/Yuyao/raw_data_dir_L89_L2SR_by_gee/tan20241203t073043c00s4001-L_l89_sr_LANDSAT_9_20241204T070120Z.tif,tan20241203t073043c00s4001-L,10,531,530,False,EPSG:32640,30.0,-30.0,53.75250654286013,39.47755942546231,53.75254480151816,39.47750342948048,7.034650286791319,0.23448834289304396
/mnt/engg-leung/Research_No9_Methane_Emissions/Yuyao/raw_data_dir_L89_L2SR_by_gee/emi20230330t111952p08038-B_l89_sr_LANDSAT_8_20230331T082949Z.tif,emi20230330t111952p08038-B,10,529,527,False,EPSG:32636,30.0,-30.0,29.42353067722193,30.74598842106439,29.4234580506998,30.74598150230416,6.996633358735268,0.2332211119578423
/mnt/engg-leung/Research_No9_Methane_Emissions/Yuyao/raw_data_dir_L89_L2SR_by_gee/emi20231005t092154p06043-A_l89_sr_LANDSAT_8_20231006T075452Z.tif,emi20231005t092154p06043-A,10,533,531,False,EPSG:32638,30.0,-30.0,41.758700510240956,45.28794216030484,41.75863201917042,45.287982194383545,6.976191389603735,0.23253971298679116
/mnt/engg-leung/Research_No9_Methane_Emissions/Yuyao/raw_data_dir_L89_L2SR_by_gee/GAO20210810t160102p0000-A_l89_sr_LANDSAT_8_20210810T172052Z.tif,GAO20210810t160102p0000-A,10,525,525,False,EPSG:32614,30.0,-30.0,-101.84660680151167,32.373132593282094,-101.84668,32.37314,6.937391033585316,0.2312463677861772
/mnt/engg-leung/Research_No9_Methane_Emissions/Yuyao/raw_data_dir_L89_L2SR_by_gee/emi20230330t125302p09038-A_l89_sr_LANDSAT_8_20230331T100818Z.tif,emi20230330t125302p09038-A,10,526,525,False,EPSG:32632,30.0,-30.0,5.997014380870925,31.777268652144055,5.997056643592828,31.7773195463472,6.918966731461847,0.23063222438206157
/mnt/engg-leung/Research_No9_Methane_Emissions/Yuyao/raw_data_dir_L89_L2SR_by_gee/emi20230620t193656p13024-E_l89_sr_LANDSAT_9_20230621T172004Z.tif,emi20230620t193656p13024-E,10,525,524,False,EPSG:32614,30.0,-30.0,-101.70544905837761,32.33728943964415,-101.70549097748584,32.33723852252224,6.888831816273916,0.22962772720913052
/mnt/engg-leung/Research_No9_Methane_Emissions/Yuyao/raw_data_dir_L89_L2SR_by_gee/emi20231223t123006p08006-A_l89_sr_LANDSAT_9_20231224T095119Z.tif,emi20231223t123006p08006-A,10,513,513,False,EPSG:32632,30.0,-30.0,6.561813973755347,5.650532697559219,6.561764041766679,5.650495664201472,6.88259326532615,0.22941977551087167
/mnt/engg-leung/Research_No9_Methane_Emissions/Yuyao/raw_data_dir_L89_L2SR_by_gee/emi20230725t113927p08036-C_l89_sr_LANDSAT_8_20230726T070928Z.tif,emi20230725t113927p08036-C,10,518,517,False,EPSG:32639,30.0,-30.0,49.59065938125716,30.964820384946105,49.59058909150403,30.96483125051894,6.822627159911645,0.22742090533038814
/mnt/engg-leung/Research_No9_Methane_Emissions/Yuyao/raw_data_dir_L89_L2SR_by_gee/ang20170615t233419-E_l89_sr_LANDSAT_8_20170616T183349Z.tif,ang20170615t233419-E,10,525,524,False,EPSG:32611,30.0,-30.0,-119.537476109762,35.29678896998869,-119.53744,35.296736,6.732346598720652,0.2244115532906884
/mnt/engg-leung/Research_No9_Methane_Emissions/Yuyao/raw_data_dir_L89_L2SR_by_gee/ang20180922t210202-F_l89_sr_LANDSAT_8_20180923T183347Z.tif,ang20180922t210202-F,10,525,524,False,EPSG:32611,30.0,-30.0,-119.66618099009955,35.318896337325555,-119.666247,35.318874,6.493930512941646,0.2164643504313882
/mnt/engg-leung/Research_No9_Methane_Emissions/Yuyao/raw_data_dir_L89_L2SR_by_gee/emi20250603t173453p12004-A_l89_sr_LANDSAT_8_20250603T180328Z.tif,emi20250603t173453p12004-A,10,517,517,False,EPSG:32612,30.0,-30.0,-112.28595519575404,33.08305714604844,-112.28590527411473,33.083017135709866,6.435444785894799,0.2145148261964933
/mnt/engg-leung/Research_No9_Methane_Emissions/Yuyao/raw_data_dir_L89_L2SR_by_gee/GAO20240416t172936p0000-A_l89_sr_LANDSAT_8_20240416T183401Z.tif,GAO20240416t172936p0000-A,10,522,521,False,EPSG:32611,30.0,-30.0,-118.99217810235642,34.40457432792127,-118.99212273961878,34.40454000208331,6.356898474893033,0.21189661582976776
/mnt/engg-leung/Research_No9_Methane_Emissions/Yuyao/raw_data_dir_L89_L2SR_by_gee/tan20250207t152207c00s4001-C_l89_sr_LANDSAT_8_20250208T143343Z.tif,tan20250207t152207c00s4001-C,10,521,520,False,EPSG:32619,30.0,-30.0,-70.79805908328436,-33.691663712630856,-70.79803735085416,-33.69160995896178,6.293471102496291,0.20978237008320968
/mnt/engg-leung/Research_No9_Methane_Emissions/Yuyao/raw_data_dir_L89_L2SR_by_gee/GAO20231005t190023p0000-C_l89_sr_LANDSAT_8_20231006T174946Z.tif,GAO20231005t190023p0000-C,10,529,528,False,EPSG:32613,30.0,-30.0,-107.96862748069269,39.471778207970274,-107.96867777818414,39.47173735554821,6.269251365742368,0.20897504552474558
/mnt/engg-leung/Research_No9_Methane_Emissions/Yuyao/raw_data_dir_L89_L2SR_by_gee/tan20241226t060035c00s4001-B_l89_sr_LANDSAT_9_20241227T053410Z.tif,tan20241226t060035c00s4001-B,10,517,517,False,EPSG:32643,30.0,-30.0,72.92794255194457,19.07007848713767,72.92790985407194,19.070124729279712,6.1679782581610265,0.20559927527203423
/mnt/engg-leung/Research_No9_Methane_Emissions/Yuyao/raw_data_dir_L89_L2SR_by_gee/tan20241203t073043c00s4001-D_l89_sr_LANDSAT_9_20241204T070120Z.tif,tan20241203t073043c00s4001-D,10,531,529,False,EPSG:32640,30.0,-30.0,53.835700121851644,39.37689381096569,53.83564198650458,39.37686169266996,6.1488003423411755,0.20496001141137252
/mnt/engg-leung/Research_No9_Methane_Emissions/Yuyao/raw_data_dir_L89_L2SR_by_gee/emi20240723t104033p07022-C_l89_sr_LANDSAT_9_20240724T064535Z.tif,emi20240723t104033p07022-C,10,517,516,False,EPSG:32640,30.0,-30.0,55.65451119228184,25.294882805989015,55.65449119145052,25.294830876463408,6.095056537694886,0.20316855125649622
/mnt/engg-leung/Research_No9_Methane_Emissions/Yuyao/raw_data_dir_L89_L2SR_by_gee/emi20250603t173453p12004-C_l89_sr_LANDSAT_8_20250603T180328Z.tif,emi20250603t173453p12004-C,10,516,515,False,EPSG:32612,30.0,-30.0,-111.8977479368388,32.8679487041933,-111.89770487464234,32.86790782331842,6.066161969931539,0.20220539899771797
/mnt/engg-leung/Research_No9_Methane_Emissions/Yuyao/raw_data_dir_L89_L2SR_by_gee/GAO20240611t215500p0000-A_l89_sr_LANDSAT_8_20240612T182724Z.tif,GAO20240611t215500p0000-A,10,520,519,False,EPSG:32611,30.0,-30.0,-118.51524766638035,34.3253891498229,-118.51531016366845,34.325406363125325,6.060354996826481,0.20201183322754937
/mnt/engg-leung/Research_No9_Methane_Emissions/Yuyao/raw_data_dir_L89_L2SR_by_gee/GAO20211105t194629p0000-A_l89_sr_LANDSAT_9_20211106T183535Z.tif,GAO20211105t194629p0000-A,10,526,524,False,EPSG:32611,30.0,-30.0,-119.60121163758943,35.27853308174186,-119.60127,35.278507,6.046980093525901,0.20156600311753003
/mnt/engg-leung/Research_No9_Methane_Emissions/Yuyao/raw_data_dir_L89_L2SR_by_gee/av320241005t172306-A_l89_sr_LANDSAT_9_20241006T171341Z.tif,av320241005t172306-A,10,514,513,False,EPSG:32614,30.0,-30.0,-99.53580264781033,35.75461884644766,-99.5358427755331,35.754575448465275,6.029720328205422,0.2009906776068474
/mnt/engg-leung/Research_No9_Methane_Emissions/Yuyao/raw_data_dir_L89_L2SR_by_gee/tan20241111t103920c00s4001-K_l89_sr_LANDSAT_8_20241112T100831Z.tif,tan20241111t103920c00s4001-K,10,526,525,False,EPSG:32632,30.0,-30.0,5.881677908546487,31.62843173188772,5.881617034589765,31.62841708184177,5.999347499666787,0.1999782499888929
/mnt/engg-leung/Research_No9_Methane_Emissions/Yuyao/raw_data_dir_L89_L2SR_by_gee/tan20241203t073043c00s4001-Q_l89_sr_LANDSAT_9_20241204T070120Z.tif,tan20241203t073043c00s4001-Q,10,530,529,False,EPSG:32640,30.0,-30.0,53.82633022188867,39.36082923174052,53.82629127390694,39.3608738416921,5.983045066585882,0.19943483555286273
/mnt/engg-leung/Research_No9_Methane_Emissions/Yuyao/raw_data_dir_L89_L2SR_by_gee/tan20250207t163958c00s4001-A_l89_sr_LANDSAT_8_20250208T155551Z.tif,tan20250207t163958c00s4001-A,10,518,517,False,EPSG:32617,30.0,-30.0,-82.44196064748625,27.480507372777492,-82.44200648325682,27.48047236845732,5.963713019496616,0.19879043398322055
/mnt/engg-leung/Research_No9_Methane_Emissions/Yuyao/raw_data_dir_L89_L2SR_by_gee/GAO20240612t205640p0000-F_l89_sr_LANDSAT_9_20240613T182124Z.tif,GAO20240612t205640p0000-F,10,515,515,False,EPSG:32611,30.0,-30.0,-117.83678377826853,33.940553530841335,-117.83681643609904,33.940508004209576,5.883597398445111,0.1961199132815037
/mnt/engg-leung/Research_No9_Methane_Emissions/Yuyao/raw_data_dir_L89_L2SR_by_gee/GAO20240612t203545p0000-A_l89_sr_LANDSAT_9_20240613T182124Z.tif,GAO20240612t203545p0000-A,10,515,515,False,EPSG:32611,30.0,-30.0,-117.8338755839272,33.94192605939406,-117.83390735935905,33.94188049264686,5.845979424163744,0.19486598080545814
/mnt/engg-leung/Research_No9_Methane_Emissions/Yuyao/raw_data_dir_L89_L2SR_by_gee/ang20170615t223601-A_l89_sr_LANDSAT_8_20170616T183349Z.tif,ang20170615t223601-A,10,523,521,False,EPSG:32611,30.0,-30.0,-119.07440050176044,35.511702877072445,-119.074463,35.511695,5.736569348141259,0.1912189782713753
/mnt/engg-leung/Research_No9_Methane_Emissions/Yuyao/raw_data_dir_L89_L2SR_by_gee/GAO20230430t190702p0000-A_l89_sr_LANDSAT_9_20230501T165021Z.tif,GAO20230430t190702p0000-A,10,521,521,False,EPSG:32615,30.0,-30.0,-95.23373239351002,29.951772186208,-95.23367546652038,29.951782727220973,5.6181834667069355,0.18727278222356453
/mnt/engg-leung/Research_No9_Methane_Emissions/Yuyao/raw_data_dir_L89_L2SR_by_gee/GAO20230920t170320p0000-A_l89_sr_LANDSAT_8_20230920T174943Z.tif,GAO20230920t170320p0000-A,10,527,527,False,EPSG:32613,30.0,-30.0,-107.6455132449516,39.50742111445486,-107.64556758041292,39.5074430724172,5.2707663714514394,0.17569221238171465
/mnt/engg-leung/Research_No9_Methane_Emissions/Yuyao/raw_data_dir_L89_L2SR_by_gee/tan20241226t060035c00s4001-F_l89_sr_LANDSAT_9_20241227T053346Z.tif,tan20241226t060035c00s4001-F,10,516,516,False,EPSG:32643,30.0,-30.0,73.08209518189452,19.307656607789124,73.08204688158901,19.30766877274148,5.251792913339226,0.1750597637779742
/mnt/engg-leung/Research_No9_Methane_Emissions/Yuyao/raw_data_dir_L89_L2SR_by_gee/GAO20210810t160102p0000-B_l89_sr_LANDSAT_8_20210810T172052Z.tif,GAO20210810t160102p0000-B,10,525,525,False,EPSG:32614,30.0,-30.0,-101.8356609072003,32.298181194697364,-101.83569,32.2981408,5.251078456942741,0.17503594856475804
/mnt/engg-leung/Research_No9_Methane_Emissions/Yuyao/raw_data_dir_L89_L2SR_by_gee/tan20241202t032459c00s4001-D_l89_sr_LANDSAT_9_20241203T030043Z.tif,tan20241202t032459c00s4001-D,10,533,532,False,EPSG:32650,30.0,-30.0,113.18155167297645,36.812407752897926,113.18159287490464,36.81237459456557,5.201591343250626,0.1733863781083542
/mnt/engg-leung/Research_No9_Methane_Emissions/Yuyao/raw_data_dir_L89_L2SR_by_gee/GAO20240611t205130p0000-A_l89_sr_LANDSAT_8_20240612T182724Z.tif,GAO20240611t205130p0000-A,10,522,521,False,EPSG:32611,30.0,-30.0,-118.99187111770111,34.405390798905984,-118.99192583469696,34.40539768130847,5.088477860020587,0.16961592866735292
/mnt/engg-leung/Research_No9_Methane_Emissions/Yuyao/raw_data_dir_L89_L2SR_by_gee/emi20231003t074641p05041-A_l89_sr_LANDSAT_8_20231004T063044Z.tif,emi20231003t074641p05041-A,10,523,522,False,EPSG:32641,30.0,-30.0,61.02834494479639,37.47794464366221,61.028313183564734,37.47798265877896,5.06889570782846,0.16896319026094866
/mnt/engg-leung/Research_No9_Methane_Emissions/Yuyao/raw_data_dir_L89_L2SR_by_gee/GAO20221019t165851p0000-B_l89_sr_LANDSAT_8_20221019T175037Z.tif,GAO20221019t165851p0000-B,10,530,528,False,EPSG:32613,30.0,-30.0,-108.01282606160774,39.42132036560569,-108.012884,39.421314,5.0389010255876725,0.1679633675195891
/mnt/engg-leung/Research_No9_Methane_Emissions/Yuyao/raw_data_dir_L89_L2SR_by_gee/GAO20240611t192314p0000-B_l89_sr_LANDSAT_8_20240612T182724Z.tif,GAO20240611t192314p0000-B,10,520,519,False,EPSG:32611,30.0,-30.0,-118.65101595065015,34.4315671518311,-118.65098654754138,34.43152899166033,5.022274340344709,0.16740914467815698
/mnt/engg-leung/Research_No9_Methane_Emissions/Yuyao/raw_data_dir_L89_L2SR_by_gee/tan20241111t103920c00s4001-F_l89_sr_LANDSAT_8_20241112T100831Z.tif,tan20241111t103920c00s4001-F,10,525,525,False,EPSG:32632,30.0,-30.0,6.025149975794238,31.80836076828246,6.0251804260041695,31.808323778825653,5.013572242670944,0.16711907475569812
/mnt/engg-leung/Research_No9_Methane_Emissions/Yuyao/raw_data_dir_L89_L2SR_by_gee/av320241005t183935-C_l89_sr_LANDSAT_9_20241006T171341Z.tif,av320241005t183935-C,10,514,514,False,EPSG:32614,30.0,-30.0,-99.4727162949859,35.832241928559,-99.47276871192372,35.832228350025886,4.969958276412279,0.1656652758804093
/mnt/engg-leung/Research_No9_Methane_Emissions/Yuyao/raw_data_dir_L89_L2SR_by_gee/tan20250608t105140c59s4001-E_l89_sr_LANDSAT_9_20250609T100237Z.tif,tan20250608t105140c59s4001-E,10,518,517,False,EPSG:32632,30.0,-30.0,7.537904706022664,28.637826431227776,7.537856943158971,28.63781221527861,4.928703448958498,0.16429011496528328
/mnt/engg-leung/Research_No9_Methane_Emissions/Yuyao/raw_data_dir_L89_L2SR_by_gee/GAO20240611t203734p0000-G_l89_sr_LANDSAT_8_20240612T182724Z.tif,GAO20240611t203734p0000-G,10,520,519,False,EPSG:32611,30.0,-30.0,-118.51785560860553,34.32535684830992,-118.51790767851249,34.325346716835256,4.9220744773015594,0.1640691492433853
/mnt/engg-leung/Research_No9_Methane_Emissions/Yuyao/raw_data_dir_L89_L2SR_by_gee/tan20251012t062639c77s4001-A_l89_sr_LANDSAT_9_20251013T051626Z.tif,tan20251012t062639c77s4001-A,10,518,516,False,EPSG:32644,30.0,-30.0,80.06472054290077,38.747795546067245,80.06476960247244,38.7477740712699,4.885950142607221,0.16286500475357404
/mnt/engg-leung/Research_No9_Methane_Emissions/Yuyao/raw_data_dir_L89_L2SR_by_gee/emi20230925t105823p07043-A_l89_sr_LANDSAT_9_20230926T063014Z.tif,emi20230925t105823p07043-A,10,519,518,False,EPSG:32641,30.0,-30.0,61.66271133310363,38.42312480338524,61.66265760902144,38.42311408523423,4.839989414521213,0.16133298048404043
/mnt/engg-leung/Research_No9_Methane_Emissions/Yuyao/raw_data_dir_L89_L2SR_by_gee/GAO20230430t174742p0000-A_l89_sr_LANDSAT_9_20230501T165021Z.tif,GAO20230430t174742p0000-A,10,522,522,False,EPSG:32615,30.0,-30.0,-95.44922593220234,29.56839409101395,-95.44920209463874,29.56835729359877,4.687463992389073,0.15624879974630243
/mnt/engg-leung/Research_No9_Methane_Emissions/Yuyao/raw_data_dir_L89_L2SR_by_gee/GAO20240612t203545p0000-E_l89_sr_LANDSAT_9_20240613T182124Z.tif,GAO20240612t203545p0000-E,10,516,515,False,EPSG:32611,30.0,-30.0,-117.83905994506156,33.94094387803171,-117.83910804326212,33.94093182264311,4.643327198687726,0.15477757328959088
/mnt/engg-leung/Research_No9_Methane_Emissions/Yuyao/raw_data_dir_L89_L2SR_by_gee/tan20250205t133331c00s4001-C_l89_sr_LANDSAT_8_20250206T130425Z.tif,tan20250205t133331c00s4001-C,10,517,516,False,EPSG:32623,30.0,-30.0,-46.442304000254225,-23.468657204361598,-46.44225863551074,-23.46865596675397,4.636723448057186,0.15455744826857287
/mnt/engg-leung/Research_No9_Methane_Emissions/Yuyao/raw_data_dir_L89_L2SR_by_gee/tan20241203t073043c00s4001-K_l89_sr_LANDSAT_9_20241204T070120Z.tif,tan20241203t073043c00s4001-K,10,531,529,False,EPSG:32640,30.0,-30.0,53.740618144785984,39.47452411627994,53.74057165851036,39.47454333406639,4.53339429991352,0.15111314333045067
/mnt/engg-leung/Research_No9_Methane_Emissions/Yuyao/raw_data_dir_L89_L2SR_by_gee/GAO20230430t170833p0000-C_l89_sr_LANDSAT_9_20230501T165021Z.tif,GAO20230430t170833p0000-C,10,522,521,False,EPSG:32615,30.0,-30.0,-95.22661428242903,29.953110576663736,-95.2265691337036,29.95310006678564,4.511309141869224,0.1503769713956408
/mnt/engg-leung/Research_No9_Methane_Emissions/Yuyao/raw_data_dir_L89_L2SR_by_gee/GAO20240611t204534p0000-F_l89_sr_LANDSAT_8_20240612T182724Z.tif,GAO20240611t204534p0000-F,10,521,520,False,EPSG:32611,30.0,-30.0,-118.79015388797325,34.30423086061159,-118.79010814114876,34.304240796437455,4.35302503064294,0.14510083435476467
/mnt/engg-leung/Research_No9_Methane_Emissions/Yuyao/raw_data_dir_L89_L2SR_by_gee/GAO20240611t202024p0000-E_l89_sr_LANDSAT_8_20240612T182724Z.tif,GAO20240611t202024p0000-E,10,521,520,False,EPSG:32611,30.0,-30.0,-118.79015388797325,34.30423086061159,-118.79013598594656,34.304266140712926,4.246364184011276,0.14154547280037588
/mnt/engg-leung/Research_No9_Methane_Emissions/Yuyao/raw_data_dir_L89_L2SR_by_gee/GAO20240611t190030p0000-A_l89_sr_LANDSAT_8_20240612T182724Z.tif,GAO20240611t190030p0000-A,10,520,520,False,EPSG:32611,30.0,-30.0,-118.7949354032777,34.29915652221619,-118.79492562163196,34.29912146228146,3.9920116890921715,0.1330670563030724
/mnt/engg-leung/Research_No9_Methane_Emissions/Yuyao/raw_data_dir_L89_L2SR_by_gee/tan20241111t103920c00s4001-H_l89_sr_LANDSAT_8_20241112T100831Z.tif,tan20241111t103920c00s4001-H,10,527,526,False,EPSG:32632,30.0,-30.0,5.8886359300239315,31.794004410469455,5.888662786734983,31.79398074823333,3.654187528661942,0.12180625095539807
/mnt/engg-leung/Research_No9_Methane_Emissions/Yuyao/raw_data_dir_L89_L2SR_by_gee/GAO20230511t162619p0000-A_l89_sr_LANDSAT_8_20230511T163423Z.tif,GAO20230511t162619p0000-A,10,525,523,False,EPSG:32616,30.0,-30.0,-89.03990835300729,42.15626171359607,-89.03990793385638,42.15629389259169,3.5744922548067626,0.11914974182689209
/mnt/engg-leung/Research_No9_Methane_Emissions/Yuyao/raw_data_dir_L89_L2SR_by_gee/emi20240915t172803p11022-A_l89_sr_LANDSAT_8_20240916T135020Z.tif,emi20240915t172803p11022-A,10,530,530,False,EPSG:32621,30.0,-30.0,-60.764997870367175,-32.81071066209268,-60.76503564618224,-32.81071060252858,3.5377965530692146,0.11792655176897382
/mnt/engg-leung/Research_No9_Methane_Emissions/Yuyao/raw_data_dir_L89_L2SR_by_gee/tan20250830t162618c49s4001-A_l89_sr_LANDSAT_9_20250831T153337Z.tif,tan20250830t162618c49s4001-A,10,516,516,False,EPSG:32618,30.0,-30.0,-76.85551242040505,18.01116873530904,-76.85551554434336,18.01113792896824,3.425672869876527,0.1141890956625509
/mnt/engg-leung/Research_No9_Methane_Emissions/Yuyao/raw_data_dir_L89_L2SR_by_gee/ang20170615t220302-C_l89_sr_LANDSAT_8_20170616T183349Z.tif,ang20170615t220302-C,10,523,522,False,EPSG:32611,30.0,-30.0,-119.04983628034273,35.20137631869194,-119.049871,35.201378,3.1672069254812683,0.10557356418270894
/mnt/engg-leung/Research_No9_Methane_Emissions/Yuyao/raw_data_dir_L89_L2SR_by_gee/GAO20230430t184242p0000-D_l89_sr_LANDSAT_9_20230501T165021Z.tif,GAO20230430t184242p0000-D,10,522,522,False,EPSG:32615,30.0,-30.0,-95.45170793917958,29.568618898205006,-95.45168213866933,29.568622761311914,2.5364970680862884,0.08454990226954294
/mnt/engg-leung/Research_No9_Methane_Emissions/Yuyao/raw_data_dir_L89_L2SR_by_gee/ang20220520t194728-C_l89_sr_LANDSAT_9_20220521T183337Z.tif,ang20220520t194728-C,10,524,523,False,EPSG:32611,30.0,-30.0,-119.40277701909574,35.15310220993447,-119.40275,35.153097,2.528862822083767,0.08429542740279224
/mnt/engg-leung/Research_No9_Methane_Emissions/Yuyao/raw_data_dir_L89_L2SR_by_gee/GAO20240611t201214p0000-A_l89_sr_LANDSAT_8_20240612T182724Z.tif,GAO20240611t201214p0000-A,10,519,518,False,EPSG:32611,30.0,-30.0,-118.51280514415946,34.325554611398346,-118.51282758772808,34.32556769408019,2.5243591014762212,0.08414530338254071
/mnt/engg-leung/Research_No9_Methane_Emissions/Yuyao/raw_data_dir_L89_L2SR_by_gee/tan20250206t142658c00s4001-A_l89_sr_LANDSAT_8_20250207T134828Z.tif,tan20250206t142658c00s4001-A,10,513,513,False,EPSG:32621,30.0,-30.0,-57.616067644938575,-25.154523632419554,-57.6160846033451,-25.15453720100922,2.2765396481110876,0.07588465493703625
/mnt/engg-leung/Research_No9_Methane_Emissions/Yuyao/raw_data_dir_L89_L2SR_by_gee/GAO20230510t163750p0000-A_l89_sr_LANDSAT_8_20230511T163400Z.tif,GAO20230510t163750p0000-A,10,519,518,False,EPSG:32616,30.0,-30.0,-88.06419028806135,42.854619936829955,-88.06420967040933,42.85460721393349,2.1230340497533966,0.07076780165844655
/mnt/engg-leung/Research_No9_Methane_Emissions/Yuyao/raw_data_dir_L89_L2SR_by_gee/tan20241203t073043c00s4001-G_l89_sr_LANDSAT_9_20241204T070120Z.tif,tan20241203t073043c00s4001-G,10,531,529,False,EPSG:32640,30.0,-30.0,53.792951784648814,39.45868555414726,53.79294274019473,39.45870248618473,2.034653000753119,0.06782176669177063
/mnt/engg-leung/Research_No9_Methane_Emissions/Yuyao/raw_data_dir_L89_L2SR_by_gee/ang20220520t185319-B_l89_sr_LANDSAT_9_20220521T183337Z.tif,ang20220520t185319-B,10,526,525,False,EPSG:32611,30.0,-30.0,-119.60070867937013,35.278273485239524,-119.60072,35.27826,1.816357754463569,0.06054525848211897
/mnt/engg-leung/Research_No9_Methane_Emissions/Yuyao/raw_data_dir_L89_L2SR_by_gee/tan20250821t112530c67s4001-B_l89_sr_LANDSAT_9_20250822T103645Z.tif,tan20250821t112530c67s4001-B,10,519,518,False,EPSG:32631,30.0,-30.0,1.9500004905904507,41.5900148326502,1.9499793583870544,41.59001766742344,1.7899205287840567,0.05966401762613523
/mnt/engg-leung/Research_No9_Methane_Emissions/Yuyao/raw_data_dir_L89_L2SR_by_gee/GAO20230510t192349p0000-B_l89_sr_LANDSAT_8_20230511T163423Z.tif,GAO20230510t192349p0000-B,10,519,518,False,EPSG:32616,30.0,-30.0,-88.10557221625538,41.34467551349828,-88.1055564678387,41.34467043468504,1.4336897778645998,0.047789659262153325
/mnt/engg-leung/Research_No9_Methane_Emissions/Yuyao/raw_data_dir_L89_L2SR_by_gee/ang20170615t232626-A_l89_sr_LANDSAT_8_20170616T183349Z.tif,ang20170615t232626-A,10,525,523,False,EPSG:32611,30.0,-30.0,-119.42193249466766,35.288071742822545,-119.421941,35.288074,0.8132233610199149,0.027107445367330497
/mnt/engg-leung/Research_No9_Methane_Emissions/Yuyao/raw_data_dir_L89_L2SR_by_gee/tan20250307t102102c00s4001-D_l89_sr_LANDSAT_8_20250308T093829Z.tif,tan20250307t102102c00s4001-D,10,526,524,False,EPSG:32634,30.0,-30.0,19.158955975393546,49.98659968475006,19.158949728478063,49.98660216317268,0.5260234195431222,0.017534113984770738
/mnt/engg-leung/Research_No9_Methane_Emissions/Yuyao/raw_data_dir_L89_L2SR_by_gee/emi20230227t172227p11010-A_l89_sr_LANDSAT_8_20230227T182300Z.tif,emi20230227t172227p11010-A,10,512,512,True,EPSG:32611,30.0,-30.0,-116.74737436276723,32.41030994616079,-116.74765045363046,32.410289930303364,26.06652373399606,0.8688841244665354
/mnt/engg-leung/Research_No9_Methane_Emissions/Yuyao/raw_data_dir_L89_L2SR_by_gee/tan20241016t104644c00s4001-A_l89_sr_LANDSAT_9_20241017T102033Z.tif,tan20241016t104644c00s4001-A,10,512,512,True,EPSG:32631,30.0,-30.0,3.2329474275045054,32.94293668431972,3.2327283164802627,32.94288354103344,21.320617891290937,0.7106872630430312
/mnt/engg-leung/Research_No9_Methane_Emissions/Yuyao/raw_data_dir_L89_L2SR_by_gee/tan20250226t070249c00s4001-A_l89_sr_LANDSAT_8_20250227T063003Z.tif,tan20250226t070249c00s4001-A,10,512,512,True,EPSG:32641,30.0,-30.0,62.88203227524005,38.65117628326945,62.88202830274889,38.65115410135061,2.486552038556376,0.0828850679518792
/mnt/engg-leung/Research_No9_Methane_Emissions/Yuyao/raw_data_dir_L89_L2SR_by_gee/tan20250423t054256c00s4001-A_l89_sr_LANDSAT_9_20250424T045814Z.tif,tan20250423t054256c00s4001-A,10,512,512,True,EPSG:32644,30.0,-30.0,80.2238558699548,12.950820935382662,80.2238558699548,12.950820935382662,0.0,0.0
