plume_id,error
GAO20191022t151126p0000-D,Source mask missing: /data2/yuyao/methane_emission/carbon_mapper_data_masks/GAO20191022t151126p0000-D/plume.tif
GAO20191022t151126p0000-F,Source mask missing: /data2/yuyao/methane_emission/carbon_mapper_data_masks/GAO20191022t151126p0000-F/plume.tif
GAO20191022t151126p0000-G,Source mask missing: /data2/yuyao/methane_emission/carbon_mapper_data_masks/GAO20191022t151126p0000-G/plume.tif
GAO20191022t151126p0000-H,Source mask missing: /data2/yuyao/methane_emission/carbon_mapper_data_masks/GAO20191022t151126p0000-H/plume.tif
GAO20191022t154327p0000-E,Source mask missing: /data2/yuyao/methane_emission/carbon_mapper_data_masks/GAO20191022t154327p0000-E/plume.tif
GAO20191022t154327p0000-G,Source mask missing: /data2/yuyao/methane_emission/carbon_mapper_data_masks/GAO20191022t154327p0000-G/plume.tif
GAO20191022t154327p0000-H,Source mask missing: /data2/yuyao/methane_emission/carbon_mapper_data_masks/GAO20191022t154327p0000-H/plume.tif
GAO20191022t154327p0000-I,Source mask missing: /data2/yuyao/methane_emission/carbon_mapper_data_masks/GAO20191022t154327p0000-I/plume.tif
GAO20191022t154327p0000-J,Source mask missing: /data2/yuyao/methane_emission/carbon_mapper_data_masks/GAO20191022t154327p0000-J/plume.tif
GAO20191031t160141p0000-A,Source mask missing: /data2/yuyao/methane_emission/carbon_mapper_data_masks/GAO20191031t160141p0000-A/plume.tif
GAO20191031t160141p0000-B,Source mask missing: /data2/yuyao/methane_emission/carbon_mapper_data_masks/GAO20191031t160141p0000-B/plume.tif
GAO20191031t160141p0000-C,Source mask missing: /data2/yuyao/methane_emission/carbon_mapper_data_masks/GAO20191031t160141p0000-C/plume.tif
GAO20191031t161745p0000-A,Source mask missing: /data2/yuyao/methane_emission/carbon_mapper_data_masks/GAO20191031t161745p0000-A/plume.tif
GAO20191031t161745p0000-B,Source mask missing: /data2/yuyao/methane_emission/carbon_mapper_data_masks/GAO20191031t161745p0000-B/plume.tif
GAO20191031t161745p0000-C,Source mask missing: /data2/yuyao/methane_emission/carbon_mapper_data_masks/GAO20191031t161745p0000-C/plume.tif
GAO20191031t161745p0000-D,Source mask missing: /data2/yuyao/methane_emission/carbon_mapper_data_masks/GAO20191031t161745p0000-D/plume.tif
GAO20191031t161745p0000-E,Source mask missing: /data2/yuyao/methane_emission/carbon_mapper_data_masks/GAO20191031t161745p0000-E/plume.tif
GAO20191031t161745p0000-F,Source mask missing: /data2/yuyao/methane_emission/carbon_mapper_data_masks/GAO20191031t161745p0000-F/plume.tif
GAO20191031t161745p0000-G,Source mask missing: /data2/yuyao/methane_emission/carbon_mapper_data_masks/GAO20191031t161745p0000-G/plume.tif
GAO20191031t161745p0000-H,Source mask missing: /data2/yuyao/methane_emission/carbon_mapper_data_masks/GAO20191031t161745p0000-H/plume.tif
GAO20191031t161745p0000-I,Source mask missing: /data2/yuyao/methane_emission/carbon_mapper_data_masks/GAO20191031t161745p0000-I/plume.tif
GAO20191031t161745p0000-J,Source mask missing: /data2/yuyao/methane_emission/carbon_mapper_data_masks/GAO20191031t161745p0000-J/plume.tif
GAO20191031t163137p0000-A,Source mask missing: /data2/yuyao/methane_emission/carbon_mapper_data_masks/GAO20191031t163137p0000-A/plume.tif
GAO20191031t163137p0000-B,Source mask missing: /data2/yuyao/methane_emission/carbon_mapper_data_masks/GAO20191031t163137p0000-B/plume.tif
GAO20191031t163137p0000-C,Source mask missing: /data2/yuyao/methane_emission/carbon_mapper_data_masks/GAO20191031t163137p0000-C/plume.tif
GAO20191031t163137p0000-D,Source mask missing: /data2/yuyao/methane_emission/carbon_mapper_data_masks/GAO20191031t163137p0000-D/plume.tif
GAO20191031t163137p0000-E,Source mask missing: /data2/yuyao/methane_emission/carbon_mapper_data_masks/GAO20191031t163137p0000-E/plume.tif
GAO20191031t163137p0000-F,Source mask missing: /data2/yuyao/methane_emission/carbon_mapper_data_masks/GAO20191031t163137p0000-F/plume.tif
GAO20191031t163137p0000-G,Source mask missing: /data2/yuyao/methane_emission/carbon_mapper_data_masks/GAO20191031t163137p0000-G/plume.tif
GAO20191031t163137p0000-H,Source mask missing: /data2/yuyao/methane_emission/carbon_mapper_data_masks/GAO20191031t163137p0000-H/plume.tif
GAO20191031t163137p0000-I,Source mask missing: /data2/yuyao/methane_emission/carbon_mapper_data_masks/GAO20191031t163137p0000-I/plume.tif
GAO20191031t163137p0000-J,Source mask missing: /data2/yuyao/methane_emission/carbon_mapper_data_masks/GAO20191031t163137p0000-J/plume.tif
GAO20191031t164711p0000-A,Source mask missing: /data2/yuyao/methane_emission/carbon_mapper_data_masks/GAO20191031t164711p0000-A/plume.tif
GAO20191031t164711p0000-B,Source mask missing: /data2/yuyao/methane_emission/carbon_mapper_data_masks/GAO20191031t164711p0000-B/plume.tif
GAO20191031t164711p0000-C,Source mask missing: /data2/yuyao/methane_emission/carbon_mapper_data_masks/GAO20191031t164711p0000-C/plume.tif
GAO20191031t164711p0000-D,Source mask missing: /data2/yuyao/methane_emission/carbon_mapper_data_masks/GAO20191031t164711p0000-D/plume.tif
GAO20191031t164711p0000-E,Source mask missing: /data2/yuyao/methane_emission/carbon_mapper_data_masks/GAO20191031t164711p0000-E/plume.tif
GAO20191031t164711p0000-F,Source mask missing: /data2/yuyao/methane_emission/carbon_mapper_data_masks/GAO20191031t164711p0000-F/plume.tif
GAO20191031t164711p0000-G,Source mask missing: /data2/yuyao/methane_emission/carbon_mapper_data_masks/GAO20191031t164711p0000-G/plume.tif
GAO20191031t170101p0000-A,Source mask missing: /data2/yuyao/methane_emission/carbon_mapper_data_masks/GAO20191031t170101p0000-A/plume.tif
GAO20191031t170101p0000-B,Source mask missing: /data2/yuyao/methane_emission/carbon_mapper_data_masks/GAO20191031t170101p0000-B/plume.tif
GAO20191031t171656p0000-A,Source mask missing: /data2/yuyao/methane_emission/carbon_mapper_data_masks/GAO20191031t171656p0000-A/plume.tif
GAO20191031t171656p0000-B,Source mask missing: /data2/yuyao/methane_emission/carbon_mapper_data_masks/GAO20191031t171656p0000-B/plume.tif
GAO20191031t171656p0000-C,Source mask missing: /data2/yuyao/methane_emission/carbon_mapper_data_masks/GAO20191031t171656p0000-C/plume.tif
GAO20191031t171656p0000-D,Source mask missing: /data2/yuyao/methane_emission/carbon_mapper_data_masks/GAO20191031t171656p0000-D/plume.tif
GAO20191031t171656p0000-E,Source mask missing: /data2/yuyao/methane_emission/carbon_mapper_data_masks/GAO20191031t171656p0000-E/plume.tif
GAO20191031t171656p0000-F,Source mask missing: /data2/yuyao/methane_emission/carbon_mapper_data_masks/GAO20191031t171656p0000-F/plume.tif
GAO20191031t171656p0000-G,Source mask missing: /data2/yuyao/methane_emission/carbon_mapper_data_masks/GAO20191031t171656p0000-G/plume.tif
GAO20200719t175933p0000-A,Source mask missing: /data2/yuyao/methane_emission/carbon_mapper_data_masks/GAO20200719t175933p0000-A/plume.tif
GAO20200719t175933p0000-B,Source mask missing: /data2/yuyao/methane_emission/carbon_mapper_data_masks/GAO20200719t175933p0000-B/plume.tif
GAO20200719t175933p0000-C,Source mask missing: /data2/yuyao/methane_emission/carbon_mapper_data_masks/GAO20200719t175933p0000-C/plume.tif
GAO20200719t175933p0000-D,Source mask missing: /data2/yuyao/methane_emission/carbon_mapper_data_masks/GAO20200719t175933p0000-D/plume.tif
GAO20200719t181355p0000-A,Source mask missing: /data2/yuyao/methane_emission/carbon_mapper_data_masks/GAO20200719t181355p0000-A/plume.tif
GAO20200719t182612p0000-B,Source mask missing: /data2/yuyao/methane_emission/carbon_mapper_data_masks/GAO20200719t182612p0000-B/plume.tif
GAO20200719t182612p0000-C,Source mask missing: /data2/yuyao/methane_emission/carbon_mapper_data_masks/GAO20200719t182612p0000-C/plume.tif
GAO20200719t182612p0000-D,Source mask missing: /data2/yuyao/methane_emission/carbon_mapper_data_masks/GAO20200719t182612p0000-D/plume.tif
GAO20200719t182612p0000-E,Source mask missing: /data2/yuyao/methane_emission/carbon_mapper_data_masks/GAO20200719t182612p0000-E/plume.tif
GAO20200719t184002p0000-A,Source mask missing: /data2/yuyao/methane_emission/carbon_mapper_data_masks/GAO20200719t184002p0000-A/plume.tif
GAO20200719t184002p0000-B,Source mask missing: /data2/yuyao/methane_emission/carbon_mapper_data_masks/GAO20200719t184002p0000-B/plume.tif
GAO20200719t184002p0000-C,Source mask missing: /data2/yuyao/methane_emission/carbon_mapper_data_masks/GAO20200719t184002p0000-C/plume.tif
GAO20200719t184002p0000-D,Source mask missing: /data2/yuyao/methane_emission/carbon_mapper_data_masks/GAO20200719t184002p0000-D/plume.tif
GAO20200719t184002p0000-E,Source mask missing: /data2/yuyao/methane_emission/carbon_mapper_data_masks/GAO20200719t184002p0000-E/plume.tif
GAO20200719t184002p0000-G,Source mask missing: /data2/yuyao/methane_emission/carbon_mapper_data_masks/GAO20200719t184002p0000-G/plume.tif
GAO20200719t185315p0000-B,Source mask missing: /data2/yuyao/methane_emission/carbon_mapper_data_masks/GAO20200719t185315p0000-B/plume.tif
GAO20200719t185315p0000-C,Source mask missing: /data2/yuyao/methane_emission/carbon_mapper_data_masks/GAO20200719t185315p0000-C/plume.tif
GAO20200719t185315p0000-D,Source mask missing: /data2/yuyao/methane_emission/carbon_mapper_data_masks/GAO20200719t185315p0000-D/plume.tif
GAO20200730t154645p0000-B,Source mask missing: /data2/yuyao/methane_emission/carbon_mapper_data_masks/GAO20200730t154645p0000-B/plume.tif
GAO20200730t165715p0000-A,Source mask missing: /data2/yuyao/methane_emission/carbon_mapper_data_masks/GAO20200730t165715p0000-A/plume.tif
GAO20200730t165715p0000-B,Source mask missing: /data2/yuyao/methane_emission/carbon_mapper_data_masks/GAO20200730t165715p0000-B/plume.tif
GAO20200807t181428p0000-A,Source mask missing: /data2/yuyao/methane_emission/carbon_mapper_data_masks/GAO20200807t181428p0000-A/plume.tif
GAO20200807t181428p0000-B,Source mask missing: /data2/yuyao/methane_emission/carbon_mapper_data_masks/GAO20200807t181428p0000-B/plume.tif
GAO20200807t182439p0000-A,Source mask missing: /data2/yuyao/methane_emission/carbon_mapper_data_masks/GAO20200807t182439p0000-A/plume.tif
GAO20200807t182439p0000-B,Source mask missing: /data2/yuyao/methane_emission/carbon_mapper_data_masks/GAO20200807t182439p0000-B/plume.tif
GAO20200807t182439p0000-C,Source mask missing: /data2/yuyao/methane_emission/carbon_mapper_data_masks/GAO20200807t182439p0000-C/plume.tif
GAO20200807t183429p0000-A,Source mask missing: /data2/yuyao/methane_emission/carbon_mapper_data_masks/GAO20200807t183429p0000-A/plume.tif
GAO20200807t183429p0000-B,Source mask missing: /data2/yuyao/methane_emission/carbon_mapper_data_masks/GAO20200807t183429p0000-B/plume.tif
GAO20200807t184450p0000-A,Source mask missing: /data2/yuyao/methane_emission/carbon_mapper_data_masks/GAO20200807t184450p0000-A/plume.tif
GAO20200807t185425p0000-A,Source mask missing: /data2/yuyao/methane_emission/carbon_mapper_data_masks/GAO20200807t185425p0000-A/plume.tif
GAO20200807t190528p0000-A,Source mask missing: /data2/yuyao/methane_emission/carbon_mapper_data_masks/GAO20200807t190528p0000-A/plume.tif
GAO20200807t190528p0000-B,Source mask missing: /data2/yuyao/methane_emission/carbon_mapper_data_masks/GAO20200807t190528p0000-B/plume.tif
GAO20201114t210524p0000-A,Source mask missing: /data2/yuyao/methane_emission/carbon_mapper_data_masks/GAO20201114t210524p0000-A/plume.tif
GAO20201124t173250p0000-A,Source mask missing: /data2/yuyao/methane_emission/carbon_mapper_data_masks/GAO20201124t173250p0000-A/plume.tif
GAO20210427t173055p0000-2,Source mask missing: /data2/yuyao/methane_emission/carbon_mapper_data_masks/GAO20210427t173055p0000-2/plume.tif
GAO20210518t143003p0000-1,Source mask missing: /data2/yuyao/methane_emission/carbon_mapper_data_masks/GAO20210518t143003p0000-1/plume.tif
GAO20210807t183635p0000-E,Source mask missing: /data2/yuyao/methane_emission/carbon_mapper_data_masks/GAO20210807t183635p0000-E/plume.tif
GAO20210807t185049p0000-E,Source mask missing: /data2/yuyao/methane_emission/carbon_mapper_data_masks/GAO20210807t185049p0000-E/plume.tif
GAO20210810t152557p0000-A,Source mask missing: /data2/yuyao/methane_emission/carbon_mapper_data_masks/GAO20210810t152557p0000-A/plume.tif
GAO20210810t152557p0000-B,Source mask missing: /data2/yuyao/methane_emission/carbon_mapper_data_masks/GAO20210810t152557p0000-B/plume.tif
GAO20210810t152557p0001-A,Source mask missing: /data2/yuyao/methane_emission/carbon_mapper_data_masks/GAO20210810t152557p0001-A/plume.tif
GAO20210810t152557p0001-B,Source mask missing: /data2/yuyao/methane_emission/carbon_mapper_data_masks/GAO20210810t152557p0001-B/plume.tif
GAO20210810t154501p0000-A,Source mask missing: /data2/yuyao/methane_emission/carbon_mapper_data_masks/GAO20210810t154501p0000-A/plume.tif
GAO20210810t154501p0000-B,Source mask missing: /data2/yuyao/methane_emission/carbon_mapper_data_masks/GAO20210810t154501p0000-B/plume.tif
GAO20210810t154501p0000-C,Source mask missing: /data2/yuyao/methane_emission/carbon_mapper_data_masks/GAO20210810t154501p0000-C/plume.tif
GAO20210810t154501p0000-D,Source mask missing: /data2/yuyao/methane_emission/carbon_mapper_data_masks/GAO20210810t154501p0000-D/plume.tif
GAO20210810t154501p0000-E,Source mask missing: /data2/yuyao/methane_emission/carbon_mapper_data_masks/GAO20210810t154501p0000-E/plume.tif
GAO20210810t154501p0000-F,Source mask missing: /data2/yuyao/methane_emission/carbon_mapper_data_masks/GAO20210810t154501p0000-F/plume.tif
GAO20210810t154501p0000-G,Source mask missing: /data2/yuyao/methane_emission/carbon_mapper_data_masks/GAO20210810t154501p0000-G/plume.tif
GAO20210810t160102p0000-A,Source mask missing: /data2/yuyao/methane_emission/carbon_mapper_data_masks/GAO20210810t160102p0000-A/plume.tif
GAO20210810t160102p0000-B,Source mask missing: /data2/yuyao/methane_emission/carbon_mapper_data_masks/GAO20210810t160102p0000-B/plume.tif
GAO20210810t160102p0000-C,Source mask missing: /data2/yuyao/methane_emission/carbon_mapper_data_masks/GAO20210810t160102p0000-C/plume.tif
GAO20210810t160102p0000-D,Source mask missing: /data2/yuyao/methane_emission/carbon_mapper_data_masks/GAO20210810t160102p0000-D/plume.tif
GAO20210810t160102p0000-E,Source mask missing: /data2/yuyao/methane_emission/carbon_mapper_data_masks/GAO20210810t160102p0000-E/plume.tif
GAO20210810t161932p0000-A,Source mask missing: /data2/yuyao/methane_emission/carbon_mapper_data_masks/GAO20210810t161932p0000-A/plume.tif
GAO20210810t161932p0000-B,Source mask missing: /data2/yuyao/methane_emission/carbon_mapper_data_masks/GAO20210810t161932p0000-B/plume.tif
GAO20210810t161932p0000-C,Source mask missing: /data2/yuyao/methane_emission/carbon_mapper_data_masks/GAO20210810t161932p0000-C/plume.tif
GAO20210810t161932p0000-D,Source mask missing: /data2/yuyao/methane_emission/carbon_mapper_data_masks/GAO20210810t161932p0000-D/plume.tif
GAO20210810t163525p0000-A,Source mask missing: /data2/yuyao/methane_emission/carbon_mapper_data_masks/GAO20210810t163525p0000-A/plume.tif
GAO20210810t163525p0000-B,Source mask missing: /data2/yuyao/methane_emission/carbon_mapper_data_masks/GAO20210810t163525p0000-B/plume.tif
GAO20210810t163525p0000-C,Source mask missing: /data2/yuyao/methane_emission/carbon_mapper_data_masks/GAO20210810t163525p0000-C/plume.tif
GAO20210810t170955p0000-A,Source mask missing: /data2/yuyao/methane_emission/carbon_mapper_data_masks/GAO20210810t170955p0000-A/plume.tif
GAO20210810t170955p0000-B,Source mask missing: /data2/yuyao/methane_emission/carbon_mapper_data_masks/GAO20210810t170955p0000-B/plume.tif
GAO20210810t170955p0000-C,Source mask missing: /data2/yuyao/methane_emission/carbon_mapper_data_masks/GAO20210810t170955p0000-C/plume.tif
GAO20210810t170955p0000-D,Source mask missing: /data2/yuyao/methane_emission/carbon_mapper_data_masks/GAO20210810t170955p0000-D/plume.tif
GAO20211003t173101p0000-A,Source mask missing: /data2/yuyao/methane_emission/carbon_mapper_data_masks/GAO20211003t173101p0000-A/plume.tif
GAO20211003t173101p0000-B,Source mask missing: /data2/yuyao/methane_emission/carbon_mapper_data_masks/GAO20211003t173101p0000-B/plume.tif
GAO20211003t174024p0000-A,Source mask missing: /data2/yuyao/methane_emission/carbon_mapper_data_masks/GAO20211003t174024p0000-A/plume.tif
GAO20211003t174908p0000-A,Source mask missing: /data2/yuyao/methane_emission/carbon_mapper_data_masks/GAO20211003t174908p0000-A/plume.tif
GAO20211003t175816p0000-A,Source mask missing: /data2/yuyao/methane_emission/carbon_mapper_data_masks/GAO20211003t175816p0000-A/plume.tif
GAO20211003t180705p0000-A,Source mask missing: /data2/yuyao/methane_emission/carbon_mapper_data_masks/GAO20211003t180705p0000-A/plume.tif
GAO20211003t180705p0000-B,Source mask missing: /data2/yuyao/methane_emission/carbon_mapper_data_masks/GAO20211003t180705p0000-B/plume.tif
GAO20211003t180705p0000-C,Source mask missing: /data2/yuyao/methane_emission/carbon_mapper_data_masks/GAO20211003t180705p0000-C/plume.tif
GAO20211003t180705p0000-D,Source mask missing: /data2/yuyao/methane_emission/carbon_mapper_data_masks/GAO20211003t180705p0000-D/plume.tif
GAO20211003t181653p0000-B,Source mask missing: /data2/yuyao/methane_emission/carbon_mapper_data_masks/GAO20211003t181653p0000-B/plume.tif
GAO20211003t181653p0000-C,Source mask missing: /data2/yuyao/methane_emission/carbon_mapper_data_masks/GAO20211003t181653p0000-C/plume.tif
GAO20211003t181653p0000-D,Source mask missing: /data2/yuyao/methane_emission/carbon_mapper_data_masks/GAO20211003t181653p0000-D/plume.tif
GAO20211003t181653p0000-E,Source mask missing: /data2/yuyao/methane_emission/carbon_mapper_data_masks/GAO20211003t181653p0000-E/plume.tif
GAO20211003t181653p0000-F,Source mask missing: /data2/yuyao/methane_emission/carbon_mapper_data_masks/GAO20211003t181653p0000-F/plume.tif
GAO20211003t181653p0000-G,Source mask missing: /data2/yuyao/methane_emission/carbon_mapper_data_masks/GAO20211003t181653p0000-G/plume.tif
GAO20211003t181653p0000-H,Source mask missing: /data2/yuyao/methane_emission/carbon_mapper_data_masks/GAO20211003t181653p0000-H/plume.tif
GAO20211003t181653p0000-I,Source mask missing: /data2/yuyao/methane_emission/carbon_mapper_data_masks/GAO20211003t181653p0000-I/plume.tif
GAO20211003t182543p0000-A,Source mask missing: /data2/yuyao/methane_emission/carbon_mapper_data_masks/GAO20211003t182543p0000-A/plume.tif
GAO20211003t182543p0000-B,Source mask missing: /data2/yuyao/methane_emission/carbon_mapper_data_masks/GAO20211003t182543p0000-B/plume.tif
GAO20211003t183430p0000-A,Source mask missing: /data2/yuyao/methane_emission/carbon_mapper_data_masks/GAO20211003t183430p0000-A/plume.tif
GAO20211003t183430p0000-B,Source mask missing: /data2/yuyao/methane_emission/carbon_mapper_data_masks/GAO20211003t183430p0000-B/plume.tif
GAO20211003t184321p0000-A,Source mask missing: /data2/yuyao/methane_emission/carbon_mapper_data_masks/GAO20211003t184321p0000-A/plume.tif
GAO20211003t185304p0000-A,Source mask missing: /data2/yuyao/methane_emission/carbon_mapper_data_masks/GAO20211003t185304p0000-A/plume.tif
GAO20211003t185304p0000-B,Source mask missing: /data2/yuyao/methane_emission/carbon_mapper_data_masks/GAO20211003t185304p0000-B/plume.tif
GAO20211003t185304p0000-C,Source mask missing: /data2/yuyao/methane_emission/carbon_mapper_data_masks/GAO20211003t185304p0000-C/plume.tif
GAO20211003t185304p0000-D,Source mask missing: /data2/yuyao/methane_emission/carbon_mapper_data_masks/GAO20211003t185304p0000-D/plume.tif
GAO20211003t190208p0000-A,Source mask missing: /data2/yuyao/methane_emission/carbon_mapper_data_masks/GAO20211003t190208p0000-A/plume.tif
GAO20211003t190208p0000-B,Source mask missing: /data2/yuyao/methane_emission/carbon_mapper_data_masks/GAO20211003t190208p0000-B/plume.tif
GAO20211003t190208p0000-C,Source mask missing: /data2/yuyao/methane_emission/carbon_mapper_data_masks/GAO20211003t190208p0000-C/plume.tif
GAO20211003t191149p0000-A,Source mask missing: /data2/yuyao/methane_emission/carbon_mapper_data_masks/GAO20211003t191149p0000-A/plume.tif
GAO20211021t160035p0000-A,Source mask missing: /data2/yuyao/methane_emission/carbon_mapper_data_masks/GAO20211021t160035p0000-A/plume.tif
GAO20211022t163919p0000-A,Source mask missing: /data2/yuyao/methane_emission/carbon_mapper_data_masks/GAO20211022t163919p0000-A/plume.tif
GAO20211105t185559p0000-A,Source mask missing: /data2/yuyao/methane_emission/carbon_mapper_data_masks/GAO20211105t185559p0000-A/plume.tif
GAO20211105t191106p0000-A,Source mask missing: /data2/yuyao/methane_emission/carbon_mapper_data_masks/GAO20211105t191106p0000-A/plume.tif
GAO20211105t192719p0000-A,Source mask missing: /data2/yuyao/methane_emission/carbon_mapper_data_masks/GAO20211105t192719p0000-A/plume.tif
GAO20211105t194629p0000-A,Source mask missing: /data2/yuyao/methane_emission/carbon_mapper_data_masks/GAO20211105t194629p0000-A/plume.tif
GAO20211105t195557p0000-A,Source mask missing: /data2/yuyao/methane_emission/carbon_mapper_data_masks/GAO20211105t195557p0000-A/plume.tif
GAO20211105t195557p0000-B,Source mask missing: /data2/yuyao/methane_emission/carbon_mapper_data_masks/GAO20211105t195557p0000-B/plume.tif
GAO20211105t200701p0000-A,Source mask missing: /data2/yuyao/methane_emission/carbon_mapper_data_masks/GAO20211105t200701p0000-A/plume.tif
GAO20211105t204807p0000-A,Source mask missing: /data2/yuyao/methane_emission/carbon_mapper_data_masks/GAO20211105t204807p0000-A/plume.tif
GAO20211105t205835p0000-A,Source mask missing: /data2/yuyao/methane_emission/carbon_mapper_data_masks/GAO20211105t205835p0000-A/plume.tif
GAO20211110t184559p0000-A,Source mask missing: /data2/yuyao/methane_emission/carbon_mapper_data_masks/GAO20211110t184559p0000-A/plume.tif
GAO20211110t185911p0000-A,Source mask missing: /data2/yuyao/methane_emission/carbon_mapper_data_masks/GAO20211110t185911p0000-A/plume.tif
GAO20211110t190751p0000-A,Source mask missing: /data2/yuyao/methane_emission/carbon_mapper_data_masks/GAO20211110t190751p0000-A/plume.tif
GAO20211110t190751p0000-B,Source mask missing: /data2/yuyao/methane_emission/carbon_mapper_data_masks/GAO20211110t190751p0000-B/plume.tif
GAO20211110t191107p0000-A,Source mask missing: /data2/yuyao/methane_emission/carbon_mapper_data_masks/GAO20211110t191107p0000-A/plume.tif
GAO20211110t191107p0000-B,Source mask missing: /data2/yuyao/methane_emission/carbon_mapper_data_masks/GAO20211110t191107p0000-B/plume.tif
GAO20211110t191706p0000-A,Source mask missing: /data2/yuyao/methane_emission/carbon_mapper_data_masks/GAO20211110t191706p0000-A/plume.tif
GAO20211110t191706p0000-B,Source mask missing: /data2/yuyao/methane_emission/carbon_mapper_data_masks/GAO20211110t191706p0000-B/plume.tif
GAO20211110t201354p0000-A,Source mask missing: /data2/yuyao/methane_emission/carbon_mapper_data_masks/GAO20211110t201354p0000-A/plume.tif
GAO20211110t202817p0000-A,Source mask missing: /data2/yuyao/methane_emission/carbon_mapper_data_masks/GAO20211110t202817p0000-A/plume.tif
GAO20220427t151110p0000-B,Source mask missing: /data2/yuyao/methane_emission/carbon_mapper_data_masks/GAO20220427t151110p0000-B/plume.tif
GAO20220427t154512p0000-A,Source mask missing: /data2/yuyao/methane_emission/carbon_mapper_data_masks/GAO20220427t154512p0000-A/plume.tif
GAO20220610t151538p0000-A,Source mask missing: /data2/yuyao/methane_emission/carbon_mapper_data_masks/GAO20220610t151538p0000-A/plume.tif
GAO20220610t153407p0000-A,Source mask missing: /data2/yuyao/methane_emission/carbon_mapper_data_masks/GAO20220610t153407p0000-A/plume.tif
GAO20220610t155141p0000-A,Source mask missing: /data2/yuyao/methane_emission/carbon_mapper_data_masks/GAO20220610t155141p0000-A/plume.tif
GAO20220610t172458p0000-A,Source mask missing: /data2/yuyao/methane_emission/carbon_mapper_data_masks/GAO20220610t172458p0000-A/plume.tif
GAO20220610t172458p0000-B,Source mask missing: /data2/yuyao/methane_emission/carbon_mapper_data_masks/GAO20220610t172458p0000-B/plume.tif
GAO20220610t181816p0001-A,Source mask missing: /data2/yuyao/methane_emission/carbon_mapper_data_masks/GAO20220610t181816p0001-A/plume.tif
GAO20220610t183846p0000-A,Source mask missing: /data2/yuyao/methane_emission/carbon_mapper_data_masks/GAO20220610t183846p0000-A/plume.tif
GAO20220610t183846p0000-B,Source mask missing: /data2/yuyao/methane_emission/carbon_mapper_data_masks/GAO20220610t183846p0000-B/plume.tif
GAO20220618t154300p0000-A,Source mask missing: /data2/yuyao/methane_emission/carbon_mapper_data_masks/GAO20220618t154300p0000-A/plume.tif
GAO20220622t160139p0000-A,Source mask missing: /data2/yuyao/methane_emission/carbon_mapper_data_masks/GAO20220622t160139p0000-A/plume.tif
GAO20220622t161856p0000-A,Source mask missing: /data2/yuyao/methane_emission/carbon_mapper_data_masks/GAO20220622t161856p0000-A/plume.tif
GAO20220622t170229p0000-A,Source mask missing: /data2/yuyao/methane_emission/carbon_mapper_data_masks/GAO20220622t170229p0000-A/plume.tif
GAO20220622t170229p0000-B,Source mask missing: /data2/yuyao/methane_emission/carbon_mapper_data_masks/GAO20220622t170229p0000-B/plume.tif
GAO20220622t170229p0000-C,Source mask missing: /data2/yuyao/methane_emission/carbon_mapper_data_masks/GAO20220622t170229p0000-C/plume.tif
GAO20220622t172613p0000-A,Source mask missing: /data2/yuyao/methane_emission/carbon_mapper_data_masks/GAO20220622t172613p0000-A/plume.tif
GAO20220722t161649p0000-A,Source mask missing: /data2/yuyao/methane_emission/carbon_mapper_data_masks/GAO20220722t161649p0000-A/plume.tif
GAO20220722t161649p0000-B,Source mask missing: /data2/yuyao/methane_emission/carbon_mapper_data_masks/GAO20220722t161649p0000-B/plume.tif
GAO20220722t161649p0000-C,Source mask missing: /data2/yuyao/methane_emission/carbon_mapper_data_masks/GAO20220722t161649p0000-C/plume.tif
GAO20220722t161649p0000-E,Source mask missing: /data2/yuyao/methane_emission/carbon_mapper_data_masks/GAO20220722t161649p0000-E/plume.tif
GAO20220906t191739p0000-A,Source mask missing: /data2/yuyao/methane_emission/carbon_mapper_data_masks/GAO20220906t191739p0000-A/plume.tif
GAO20220909t160426p0000-A,Source mask missing: /data2/yuyao/methane_emission/carbon_mapper_data_masks/GAO20220909t160426p0000-A/plume.tif
GAO20220909t160928p0000-A,Source mask missing: /data2/yuyao/methane_emission/carbon_mapper_data_masks/GAO20220909t160928p0000-A/plume.tif
GAO20220923t160943p0000-A,Source mask missing: /data2/yuyao/methane_emission/carbon_mapper_data_masks/GAO20220923t160943p0000-A/plume.tif
GAO20220923t164450p0000-A,Source mask missing: /data2/yuyao/methane_emission/carbon_mapper_data_masks/GAO20220923t164450p0000-A/plume.tif
GAO20220923t164450p0000-B,Source mask missing: /data2/yuyao/methane_emission/carbon_mapper_data_masks/GAO20220923t164450p0000-B/plume.tif
GAO20220923t164450p0000-C,Source mask missing: /data2/yuyao/methane_emission/carbon_mapper_data_masks/GAO20220923t164450p0000-C/plume.tif
GAO20220923t170108p0000-A,Source mask missing: /data2/yuyao/methane_emission/carbon_mapper_data_masks/GAO20220923t170108p0000-A/plume.tif
GAO20220923t171045p0000-A,Source mask missing: /data2/yuyao/methane_emission/carbon_mapper_data_masks/GAO20220923t171045p0000-A/plume.tif
GAO20220923t172122p0000-A,Source mask missing: /data2/yuyao/methane_emission/carbon_mapper_data_masks/GAO20220923t172122p0000-A/plume.tif
GAO20220923t172122p0000-B,Source mask missing: /data2/yuyao/methane_emission/carbon_mapper_data_masks/GAO20220923t172122p0000-B/plume.tif
GAO20220923t173123p0000-A,Source mask missing: /data2/yuyao/methane_emission/carbon_mapper_data_masks/GAO20220923t173123p0000-A/plume.tif
GAO20220923t174201p0000-A,Source mask missing: /data2/yuyao/methane_emission/carbon_mapper_data_masks/GAO20220923t174201p0000-A/plume.tif
GAO20220923t174201p0000-B,Source mask missing: /data2/yuyao/methane_emission/carbon_mapper_data_masks/GAO20220923t174201p0000-B/plume.tif
GAO20220923t175137p0000-A,Source mask missing: /data2/yuyao/methane_emission/carbon_mapper_data_masks/GAO20220923t175137p0000-A/plume.tif
GAO20220923t175137p0000-B,Source mask missing: /data2/yuyao/methane_emission/carbon_mapper_data_masks/GAO20220923t175137p0000-B/plume.tif
GAO20220923t180207p0000-A,Source mask missing: /data2/yuyao/methane_emission/carbon_mapper_data_masks/GAO20220923t180207p0000-A/plume.tif
GAO20220923t182706p0000-A,Source mask missing: /data2/yuyao/methane_emission/carbon_mapper_data_masks/GAO20220923t182706p0000-A/plume.tif
GAO20221005t151743p0000-A,Source mask missing: /data2/yuyao/methane_emission/carbon_mapper_data_masks/GAO20221005t151743p0000-A/plume.tif
GAO20221005t154150p0000-A,Source mask missing: /data2/yuyao/methane_emission/carbon_mapper_data_masks/GAO20221005t154150p0000-A/plume.tif
GAO20221017t183750p0000-A,Source mask missing: /data2/yuyao/methane_emission/carbon_mapper_data_masks/GAO20221017t183750p0000-A/plume.tif
GAO20221017t194542p0000-A,Source mask missing: /data2/yuyao/methane_emission/carbon_mapper_data_masks/GAO20221017t194542p0000-A/plume.tif
GAO20221017t194542p0000-B,Source mask missing: /data2/yuyao/methane_emission/carbon_mapper_data_masks/GAO20221017t194542p0000-B/plume.tif
GAO20221017t195345p0000-A,Source mask missing: /data2/yuyao/methane_emission/carbon_mapper_data_masks/GAO20221017t195345p0000-A/plume.tif
GAO20221018t180920p0000-A,Source mask missing: /data2/yuyao/methane_emission/carbon_mapper_data_masks/GAO20221018t180920p0000-A/plume.tif
GAO20221018t180920p0000-B,Source mask missing: /data2/yuyao/methane_emission/carbon_mapper_data_masks/GAO20221018t180920p0000-B/plume.tif
GAO20221018t181524p0000-A,Source mask missing: /data2/yuyao/methane_emission/carbon_mapper_data_masks/GAO20221018t181524p0000-A/plume.tif
GAO20221018t181524p0000-B,Source mask missing: /data2/yuyao/methane_emission/carbon_mapper_data_masks/GAO20221018t181524p0000-B/plume.tif
GAO20221018t185139p0000-A,Source mask missing: /data2/yuyao/methane_emission/carbon_mapper_data_masks/GAO20221018t185139p0000-A/plume.tif
GAO20221018t193659p0000-A,Source mask missing: /data2/yuyao/methane_emission/carbon_mapper_data_masks/GAO20221018t193659p0000-A/plume.tif
GAO20221018t194542p0000-A,Source mask missing: /data2/yuyao/methane_emission/carbon_mapper_data_masks/GAO20221018t194542p0000-A/plume.tif
GAO20221018t195451p0000-A,Source mask missing: /data2/yuyao/methane_emission/carbon_mapper_data_masks/GAO20221018t195451p0000-A/plume.tif
GAO20221018t200411p0000-A,Source mask missing: /data2/yuyao/methane_emission/carbon_mapper_data_masks/GAO20221018t200411p0000-A/plume.tif
GAO20221018t203814p0000-A,Source mask missing: /data2/yuyao/methane_emission/carbon_mapper_data_masks/GAO20221018t203814p0000-A/plume.tif
GAO20221019t165851p0000-A,Source mask missing: /data2/yuyao/methane_emission/carbon_mapper_data_masks/GAO20221019t165851p0000-A/plume.tif
GAO20221019t165851p0000-B,Source mask missing: /data2/yuyao/methane_emission/carbon_mapper_data_masks/GAO20221019t165851p0000-B/plume.tif
GAO20221019t171811p0000-A,Source mask missing: /data2/yuyao/methane_emission/carbon_mapper_data_masks/GAO20221019t171811p0000-A/plume.tif
GAO20221019t172428p0000-A,Source mask missing: /data2/yuyao/methane_emission/carbon_mapper_data_masks/GAO20221019t172428p0000-A/plume.tif
GAO20221019t205436p0000-A,Source mask missing: /data2/yuyao/methane_emission/carbon_mapper_data_masks/GAO20221019t205436p0000-A/plume.tif
GAO20230427t175637p0000-A,Source mask missing: /data2/yuyao/methane_emission/carbon_mapper_data_masks/GAO20230427t175637p0000-A/plume.tif
GAO20230427t175637p0000-B,Source mask missing: /data2/yuyao/methane_emission/carbon_mapper_data_masks/GAO20230427t175637p0000-B/plume.tif
GAO20230430t154047p0000-A,Source mask missing: /data2/yuyao/methane_emission/carbon_mapper_data_masks/GAO20230430t154047p0000-A/plume.tif
GAO20230430t154047p0000-B,Source mask missing: /data2/yuyao/methane_emission/carbon_mapper_data_masks/GAO20230430t154047p0000-B/plume.tif
GAO20230430t154047p0000-C,Source mask missing: /data2/yuyao/methane_emission/carbon_mapper_data_masks/GAO20230430t154047p0000-C/plume.tif
GAO20230430t154957p0000-A,Source mask missing: /data2/yuyao/methane_emission/carbon_mapper_data_masks/GAO20230430t154957p0000-A/plume.tif
GAO20230430t154957p0000-B,Source mask missing: /data2/yuyao/methane_emission/carbon_mapper_data_masks/GAO20230430t154957p0000-B/plume.tif
GAO20230430t160922p0000-A,Source mask missing: /data2/yuyao/methane_emission/carbon_mapper_data_masks/GAO20230430t160922p0000-A/plume.tif
GAO20230430t170833p0000-A,Source mask missing: /data2/yuyao/methane_emission/carbon_mapper_data_masks/GAO20230430t170833p0000-A/plume.tif
GAO20230430t170833p0000-B,Source mask missing: /data2/yuyao/methane_emission/carbon_mapper_data_masks/GAO20230430t170833p0000-B/plume.tif
GAO20230430t170833p0000-C,Source mask missing: /data2/yuyao/methane_emission/carbon_mapper_data_masks/GAO20230430t170833p0000-C/plume.tif
GAO20230430t171617p0000-A,Source mask missing: /data2/yuyao/methane_emission/carbon_mapper_data_masks/GAO20230430t171617p0000-A/plume.tif
GAO20230430t171617p0000-B,Source mask missing: /data2/yuyao/methane_emission/carbon_mapper_data_masks/GAO20230430t171617p0000-B/plume.tif
GAO20230430t171617p0000-C,Source mask missing: /data2/yuyao/methane_emission/carbon_mapper_data_masks/GAO20230430t171617p0000-C/plume.tif
GAO20230430t173028p0000-A,Source mask missing: /data2/yuyao/methane_emission/carbon_mapper_data_masks/GAO20230430t173028p0000-A/plume.tif
GAO20230430t173747p0000-D,Source mask missing: /data2/yuyao/methane_emission/carbon_mapper_data_masks/GAO20230430t173747p0000-D/plume.tif
GAO20230430t174742p0000-A,Source mask missing: /data2/yuyao/methane_emission/carbon_mapper_data_masks/GAO20230430t174742p0000-A/plume.tif
GAO20230430t174742p0000-B,Source mask missing: /data2/yuyao/methane_emission/carbon_mapper_data_masks/GAO20230430t174742p0000-B/plume.tif
GAO20230430t175318p0000-A,Source mask missing: /data2/yuyao/methane_emission/carbon_mapper_data_masks/GAO20230430t175318p0000-A/plume.tif
GAO20230430t175318p0000-B,Source mask missing: /data2/yuyao/methane_emission/carbon_mapper_data_masks/GAO20230430t175318p0000-B/plume.tif
GAO20230430t180128p0000-G,Source mask missing: /data2/yuyao/methane_emission/carbon_mapper_data_masks/GAO20230430t180128p0000-G/plume.tif
GAO20230430t180128p0000-H,Source mask missing: /data2/yuyao/methane_emission/carbon_mapper_data_masks/GAO20230430t180128p0000-H/plume.tif
GAO20230430t182933p0000-A,Source mask missing: /data2/yuyao/methane_emission/carbon_mapper_data_masks/GAO20230430t182933p0000-A/plume.tif
GAO20230430t182933p0000-B,Source mask missing: /data2/yuyao/methane_emission/carbon_mapper_data_masks/GAO20230430t182933p0000-B/plume.tif
GAO20230430t182933p0000-C,Source mask missing: /data2/yuyao/methane_emission/carbon_mapper_data_masks/GAO20230430t182933p0000-C/plume.tif
GAO20230430t183547p0000-A,Source mask missing: /data2/yuyao/methane_emission/carbon_mapper_data_masks/GAO20230430t183547p0000-A/plume.tif
GAO20230430t183547p0000-B,Source mask missing: /data2/yuyao/methane_emission/carbon_mapper_data_masks/GAO20230430t183547p0000-B/plume.tif
GAO20230430t183547p0000-C,Source mask missing: /data2/yuyao/methane_emission/carbon_mapper_data_masks/GAO20230430t183547p0000-C/plume.tif
GAO20230430t184242p0000-B,Source mask missing: /data2/yuyao/methane_emission/carbon_mapper_data_masks/GAO20230430t184242p0000-B/plume.tif
GAO20230430t184242p0000-D,Source mask missing: /data2/yuyao/methane_emission/carbon_mapper_data_masks/GAO20230430t184242p0000-D/plume.tif
GAO20230430t184242p0000-E,Source mask missing: /data2/yuyao/methane_emission/carbon_mapper_data_masks/GAO20230430t184242p0000-E/plume.tif
GAO20230430t185208p0000-A,Source mask missing: /data2/yuyao/methane_emission/carbon_mapper_data_masks/GAO20230430t185208p0000-A/plume.tif
GAO20230430t185208p0000-B,Source mask missing: /data2/yuyao/methane_emission/carbon_mapper_data_masks/GAO20230430t185208p0000-B/plume.tif
GAO20230430t190032p0000-A,Source mask missing: /data2/yuyao/methane_emission/carbon_mapper_data_masks/GAO20230430t190032p0000-A/plume.tif
GAO20230430t190032p0000-B,Source mask missing: /data2/yuyao/methane_emission/carbon_mapper_data_masks/GAO20230430t190032p0000-B/plume.tif
GAO20230430t190032p0000-G,Source mask missing: /data2/yuyao/methane_emission/carbon_mapper_data_masks/GAO20230430t190032p0000-G/plume.tif
GAO20230430t190702p0000-A,Source mask missing: /data2/yuyao/methane_emission/carbon_mapper_data_masks/GAO20230430t190702p0000-A/plume.tif
GAO20230430t190702p0000-B,Source mask missing: /data2/yuyao/methane_emission/carbon_mapper_data_masks/GAO20230430t190702p0000-B/plume.tif
GAO20230430t190702p0000-C,Source mask missing: /data2/yuyao/methane_emission/carbon_mapper_data_masks/GAO20230430t190702p0000-C/plume.tif
GAO20230503t161443p0000-A,Source mask missing: /data2/yuyao/methane_emission/carbon_mapper_data_masks/GAO20230503t161443p0000-A/plume.tif
GAO20230503t161443p0000-B,Source mask missing: /data2/yuyao/methane_emission/carbon_mapper_data_masks/GAO20230503t161443p0000-B/plume.tif
GAO20230503t162354p0000-A,Source mask missing: /data2/yuyao/methane_emission/carbon_mapper_data_masks/GAO20230503t162354p0000-A/plume.tif
GAO20230504t174647p0000-A,Source mask missing: /data2/yuyao/methane_emission/carbon_mapper_data_masks/GAO20230504t174647p0000-A/plume.tif
GAO20230504t180217p0000-A,Source mask missing: /data2/yuyao/methane_emission/carbon_mapper_data_masks/GAO20230504t180217p0000-A/plume.tif
GAO20230504t180217p0000-B,Source mask missing: /data2/yuyao/methane_emission/carbon_mapper_data_masks/GAO20230504t180217p0000-B/plume.tif
GAO20230504t180217p0000-C,Source mask missing: /data2/yuyao/methane_emission/carbon_mapper_data_masks/GAO20230504t180217p0000-C/plume.tif
GAO20230504t180217p0000-D,Source mask missing: /data2/yuyao/methane_emission/carbon_mapper_data_masks/GAO20230504t180217p0000-D/plume.tif
GAO20230510t153109p0000-A,Source mask missing: /data2/yuyao/methane_emission/carbon_mapper_data_masks/GAO20230510t153109p0000-A/plume.tif
GAO20230510t153600p0000-A,Source mask missing: /data2/yuyao/methane_emission/carbon_mapper_data_masks/GAO20230510t153600p0000-A/plume.tif
GAO20230510t163750p0000-A,Source mask missing: /data2/yuyao/methane_emission/carbon_mapper_data_masks/GAO20230510t163750p0000-A/plume.tif
GAO20230510t163750p0000-D,Source mask missing: /data2/yuyao/methane_emission/carbon_mapper_data_masks/GAO20230510t163750p0000-D/plume.tif
GAO20230510t165025p0000-A,Source mask missing: /data2/yuyao/methane_emission/carbon_mapper_data_masks/GAO20230510t165025p0000-A/plume.tif
GAO20230510t165025p0000-D,Source mask missing: /data2/yuyao/methane_emission/carbon_mapper_data_masks/GAO20230510t165025p0000-D/plume.tif
GAO20230510t165025p0000-E,Source mask missing: /data2/yuyao/methane_emission/carbon_mapper_data_masks/GAO20230510t165025p0000-E/plume.tif
GAO20230510t171739p0000-B,Source mask missing: /data2/yuyao/methane_emission/carbon_mapper_data_masks/GAO20230510t171739p0000-B/plume.tif
GAO20230510t171739p0000-C,Source mask missing: /data2/yuyao/methane_emission/carbon_mapper_data_masks/GAO20230510t171739p0000-C/plume.tif
GAO20230510t190115p0000-A,Source mask missing: /data2/yuyao/methane_emission/carbon_mapper_data_masks/GAO20230510t190115p0000-A/plume.tif
GAO20230510t190115p0000-B,Source mask missing: /data2/yuyao/methane_emission/carbon_mapper_data_masks/GAO20230510t190115p0000-B/plume.tif
GAO20230510t192349p0000-A,Source mask missing: /data2/yuyao/methane_emission/carbon_mapper_data_masks/GAO20230510t192349p0000-A/plume.tif
GAO20230510t192349p0000-B,Source mask missing: /data2/yuyao/methane_emission/carbon_mapper_data_masks/GAO20230510t192349p0000-B/plume.tif
GAO20230511t155618p0000-A,Source mask missing: /data2/yuyao/methane_emission/carbon_mapper_data_masks/GAO20230511t155618p0000-A/plume.tif
GAO20230511t162619p0000-A,Source mask missing: /data2/yuyao/methane_emission/carbon_mapper_data_masks/GAO20230511t162619p0000-A/plume.tif
GAO20230615t184530p0000-A,Source mask missing: /data2/yuyao/methane_emission/carbon_mapper_data_masks/GAO20230615t184530p0000-A/plume.tif
GAO20230615t195334p0000-B,Source mask missing: /data2/yuyao/methane_emission/carbon_mapper_data_masks/GAO20230615t195334p0000-B/plume.tif
GAO20230615t202740p0000-A,Source mask missing: /data2/yuyao/methane_emission/carbon_mapper_data_masks/GAO20230615t202740p0000-A/plume.tif
GAO20230616t183455p0000-A,Source mask missing: /data2/yuyao/methane_emission/carbon_mapper_data_masks/GAO20230616t183455p0000-A/plume.tif
GAO20230616t183455p0000-B,Source mask missing: /data2/yuyao/methane_emission/carbon_mapper_data_masks/GAO20230616t183455p0000-B/plume.tif
GAO20230616t183455p0000-C,Source mask missing: /data2/yuyao/methane_emission/carbon_mapper_data_masks/GAO20230616t183455p0000-C/plume.tif
GAO20230616t183455p0000-D,Source mask missing: /data2/yuyao/methane_emission/carbon_mapper_data_masks/GAO20230616t183455p0000-D/plume.tif
GAO20230616t183455p0000-E,Source mask missing: /data2/yuyao/methane_emission/carbon_mapper_data_masks/GAO20230616t183455p0000-E/plume.tif
GAO20230616t183455p0000-F,Source mask missing: /data2/yuyao/methane_emission/carbon_mapper_data_masks/GAO20230616t183455p0000-F/plume.tif
GAO20230616t184036p0000-A,Source mask missing: /data2/yuyao/methane_emission/carbon_mapper_data_masks/GAO20230616t184036p0000-A/plume.tif
GAO20230616t184036p0000-B,Source mask missing: /data2/yuyao/methane_emission/carbon_mapper_data_masks/GAO20230616t184036p0000-B/plume.tif
GAO20230616t185940p0000-A,Source mask missing: /data2/yuyao/methane_emission/carbon_mapper_data_masks/GAO20230616t185940p0000-A/plume.tif
GAO20230616t185940p0000-B,Source mask missing: /data2/yuyao/methane_emission/carbon_mapper_data_masks/GAO20230616t185940p0000-B/plume.tif
GAO20230616t191224p0000-A,Source mask missing: /data2/yuyao/methane_emission/carbon_mapper_data_masks/GAO20230616t191224p0000-A/plume.tif
GAO20230616t191224p0000-B,Source mask missing: /data2/yuyao/methane_emission/carbon_mapper_data_masks/GAO20230616t191224p0000-B/plume.tif
GAO20230616t192229p0000-B,Source mask missing: /data2/yuyao/methane_emission/carbon_mapper_data_masks/GAO20230616t192229p0000-B/plume.tif
GAO20230616t192229p0000-D,Source mask missing: /data2/yuyao/methane_emission/carbon_mapper_data_masks/GAO20230616t192229p0000-D/plume.tif
GAO20230616t194749p0000-A,Source mask missing: /data2/yuyao/methane_emission/carbon_mapper_data_masks/GAO20230616t194749p0000-A/plume.tif
GAO20230616t195321p0000-A,Source mask missing: /data2/yuyao/methane_emission/carbon_mapper_data_masks/GAO20230616t195321p0000-A/plume.tif
GAO20230616t195919p0000-A,Source mask missing: /data2/yuyao/methane_emission/carbon_mapper_data_masks/GAO20230616t195919p0000-A/plume.tif
GAO20230616t195919p0000-B,Source mask missing: /data2/yuyao/methane_emission/carbon_mapper_data_masks/GAO20230616t195919p0000-B/plume.tif
GAO20230616t200459p0000-B,Source mask missing: /data2/yuyao/methane_emission/carbon_mapper_data_masks/GAO20230616t200459p0000-B/plume.tif
GAO20230625t215340p0000-A,Source mask missing: /data2/yuyao/methane_emission/carbon_mapper_data_masks/GAO20230625t215340p0000-A/plume.tif
GAO20230625t215340p0000-B,Source mask missing: /data2/yuyao/methane_emission/carbon_mapper_data_masks/GAO20230625t215340p0000-B/plume.tif
GAO20230625t220042p0000-A,Source mask missing: /data2/yuyao/methane_emission/carbon_mapper_data_masks/GAO20230625t220042p0000-A/plume.tif
GAO20230625t220042p0000-B,Source mask missing: /data2/yuyao/methane_emission/carbon_mapper_data_masks/GAO20230625t220042p0000-B/plume.tif
GAO20230625t221145p0000-B,Source mask missing: /data2/yuyao/methane_emission/carbon_mapper_data_masks/GAO20230625t221145p0000-B/plume.tif
GAO20230625t221145p0000-C,Source mask missing: /data2/yuyao/methane_emission/carbon_mapper_data_masks/GAO20230625t221145p0000-C/plume.tif
GAO20230625t221550p0000-A,Source mask missing: /data2/yuyao/methane_emission/carbon_mapper_data_masks/GAO20230625t221550p0000-A/plume.tif
GAO20230625t221550p0000-B,Source mask missing: /data2/yuyao/methane_emission/carbon_mapper_data_masks/GAO20230625t221550p0000-B/plume.tif
GAO20230625t221550p0000-C,Source mask missing: /data2/yuyao/methane_emission/carbon_mapper_data_masks/GAO20230625t221550p0000-C/plume.tif
GAO20230625t221550p0000-D,Source mask missing: /data2/yuyao/methane_emission/carbon_mapper_data_masks/GAO20230625t221550p0000-D/plume.tif
GAO20230625t225037p0000-A,Source mask missing: /data2/yuyao/methane_emission/carbon_mapper_data_masks/GAO20230625t225037p0000-A/plume.tif
GAO20230625t225510p0000-A,Source mask missing: /data2/yuyao/methane_emission/carbon_mapper_data_masks/GAO20230625t225510p0000-A/plume.tif
GAO20230625t231917p0000-A,Source mask missing: /data2/yuyao/methane_emission/carbon_mapper_data_masks/GAO20230625t231917p0000-A/plume.tif
GAO20230625t231917p0000-B,Source mask missing: /data2/yuyao/methane_emission/carbon_mapper_data_masks/GAO20230625t231917p0000-B/plume.tif
GAO20230625t233626p0000-B,Source mask missing: /data2/yuyao/methane_emission/carbon_mapper_data_masks/GAO20230625t233626p0000-B/plume.tif
GAO20230625t233626p0000-C,Source mask missing: /data2/yuyao/methane_emission/carbon_mapper_data_masks/GAO20230625t233626p0000-C/plume.tif
GAO20230711t195220p0000-A,Source mask missing: /data2/yuyao/methane_emission/carbon_mapper_data_masks/GAO20230711t195220p0000-A/plume.tif
GAO20230713t191024p0000-A,Source mask missing: /data2/yuyao/methane_emission/carbon_mapper_data_masks/GAO20230713t191024p0000-A/plume.tif
GAO20230713t191024p0000-B,Source mask missing: /data2/yuyao/methane_emission/carbon_mapper_data_masks/GAO20230713t191024p0000-B/plume.tif
GAO20230713t194729p0000-A,Source mask missing: /data2/yuyao/methane_emission/carbon_mapper_data_masks/GAO20230713t194729p0000-A/plume.tif
GAO20230713t201929p0000-A,Source mask missing: /data2/yuyao/methane_emission/carbon_mapper_data_masks/GAO20230713t201929p0000-A/plume.tif
GAO20230713t201929p0000-B,Source mask missing: /data2/yuyao/methane_emission/carbon_mapper_data_masks/GAO20230713t201929p0000-B/plume.tif
GAO20230713t201929p0000-C,Source mask missing: /data2/yuyao/methane_emission/carbon_mapper_data_masks/GAO20230713t201929p0000-C/plume.tif
GAO20230713t202354p0000-B,Source mask missing: /data2/yuyao/methane_emission/carbon_mapper_data_masks/GAO20230713t202354p0000-B/plume.tif
GAO20230713t202354p0000-C,Source mask missing: /data2/yuyao/methane_emission/carbon_mapper_data_masks/GAO20230713t202354p0000-C/plume.tif
GAO20230713t202354p0000-D,Source mask missing: /data2/yuyao/methane_emission/carbon_mapper_data_masks/GAO20230713t202354p0000-D/plume.tif
GAO20230713t203344p0000-A,Source mask missing: /data2/yuyao/methane_emission/carbon_mapper_data_masks/GAO20230713t203344p0000-A/plume.tif
GAO20230713t203344p0000-B,Source mask missing: /data2/yuyao/methane_emission/carbon_mapper_data_masks/GAO20230713t203344p0000-B/plume.tif
GAO20230713t205034p0000-A,Source mask missing: /data2/yuyao/methane_emission/carbon_mapper_data_masks/GAO20230713t205034p0000-A/plume.tif
GAO20230715t210120p0000-A,Source mask missing: /data2/yuyao/methane_emission/carbon_mapper_data_masks/GAO20230715t210120p0000-A/plume.tif
GAO20230715t210120p0000-B,Source mask missing: /data2/yuyao/methane_emission/carbon_mapper_data_masks/GAO20230715t210120p0000-B/plume.tif
GAO20230721t200903p0000-A,Source mask missing: /data2/yuyao/methane_emission/carbon_mapper_data_masks/GAO20230721t200903p0000-A/plume.tif
GAO20230721t200903p0000-D,Source mask missing: /data2/yuyao/methane_emission/carbon_mapper_data_masks/GAO20230721t200903p0000-D/plume.tif
GAO20230721t201338p0000-A,Source mask missing: /data2/yuyao/methane_emission/carbon_mapper_data_masks/GAO20230721t201338p0000-A/plume.tif
GAO20230722t191526p0000-A,Source mask missing: /data2/yuyao/methane_emission/carbon_mapper_data_masks/GAO20230722t191526p0000-A/plume.tif
GAO20230722t191526p0000-B,Source mask missing: /data2/yuyao/methane_emission/carbon_mapper_data_masks/GAO20230722t191526p0000-B/plume.tif
GAO20230722t191526p0000-D,Source mask missing: /data2/yuyao/methane_emission/carbon_mapper_data_masks/GAO20230722t191526p0000-D/plume.tif
GAO20230722t195554p0000-A,Source mask missing: /data2/yuyao/methane_emission/carbon_mapper_data_masks/GAO20230722t195554p0000-A/plume.tif
GAO20230722t200059p0000-A,Source mask missing: /data2/yuyao/methane_emission/carbon_mapper_data_masks/GAO20230722t200059p0000-A/plume.tif
GAO20230722t201544p0000-A,Source mask missing: /data2/yuyao/methane_emission/carbon_mapper_data_masks/GAO20230722t201544p0000-A/plume.tif
GAO20230722t203125p0000-A,Source mask missing: /data2/yuyao/methane_emission/carbon_mapper_data_masks/GAO20230722t203125p0000-A/plume.tif
GAO20230722t203125p0000-B,Source mask missing: /data2/yuyao/methane_emission/carbon_mapper_data_masks/GAO20230722t203125p0000-B/plume.tif
GAO20230722t203125p0000-C,Source mask missing: /data2/yuyao/methane_emission/carbon_mapper_data_masks/GAO20230722t203125p0000-C/plume.tif
GAO20230824t154540p0000-A,Source mask missing: /data2/yuyao/methane_emission/carbon_mapper_data_masks/GAO20230824t154540p0000-A/plume.tif
GAO20230824t154540p0000-B,Source mask missing: /data2/yuyao/methane_emission/carbon_mapper_data_masks/GAO20230824t154540p0000-B/plume.tif
GAO20230824t154540p0000-D,Source mask missing: /data2/yuyao/methane_emission/carbon_mapper_data_masks/GAO20230824t154540p0000-D/plume.tif
GAO20230824t154540p0000-E,Source mask missing: /data2/yuyao/methane_emission/carbon_mapper_data_masks/GAO20230824t154540p0000-E/plume.tif
GAO20230824t160435p0000-A,Source mask missing: /data2/yuyao/methane_emission/carbon_mapper_data_masks/GAO20230824t160435p0000-A/plume.tif
GAO20230824t160435p0000-B,Source mask missing: /data2/yuyao/methane_emission/carbon_mapper_data_masks/GAO20230824t160435p0000-B/plume.tif
GAO20230824t160435p0000-C,Source mask missing: /data2/yuyao/methane_emission/carbon_mapper_data_masks/GAO20230824t160435p0000-C/plume.tif
GAO20230824t160435p0000-D,Source mask missing: /data2/yuyao/methane_emission/carbon_mapper_data_masks/GAO20230824t160435p0000-D/plume.tif
GAO20230824t160435p0000-E,Source mask missing: /data2/yuyao/methane_emission/carbon_mapper_data_masks/GAO20230824t160435p0000-E/plume.tif
GAO20230824t160435p0000-F,Source mask missing: /data2/yuyao/methane_emission/carbon_mapper_data_masks/GAO20230824t160435p0000-F/plume.tif
GAO20230824t160435p0000-G,Source mask missing: /data2/yuyao/methane_emission/carbon_mapper_data_masks/GAO20230824t160435p0000-G/plume.tif
GAO20230824t160435p0000-H,Source mask missing: /data2/yuyao/methane_emission/carbon_mapper_data_masks/GAO20230824t160435p0000-H/plume.tif
GAO20230824t160435p0000-I,Source mask missing: /data2/yuyao/methane_emission/carbon_mapper_data_masks/GAO20230824t160435p0000-I/plume.tif
GAO20230824t162207p0000-A,Source mask missing: /data2/yuyao/methane_emission/carbon_mapper_data_masks/GAO20230824t162207p0000-A/plume.tif
GAO20230824t162207p0000-B,Source mask missing: /data2/yuyao/methane_emission/carbon_mapper_data_masks/GAO20230824t162207p0000-B/plume.tif
GAO20230824t162207p0000-C,Source mask missing: /data2/yuyao/methane_emission/carbon_mapper_data_masks/GAO20230824t162207p0000-C/plume.tif
GAO20230824t162207p0000-D,Source mask missing: /data2/yuyao/methane_emission/carbon_mapper_data_masks/GAO20230824t162207p0000-D/plume.tif
GAO20230824t162207p0000-E,Source mask missing: /data2/yuyao/methane_emission/carbon_mapper_data_masks/GAO20230824t162207p0000-E/plume.tif
GAO20230824t162207p0000-F,Source mask missing: /data2/yuyao/methane_emission/carbon_mapper_data_masks/GAO20230824t162207p0000-F/plume.tif
GAO20230824t164045p0000-A,Source mask missing: /data2/yuyao/methane_emission/carbon_mapper_data_masks/GAO20230824t164045p0000-A/plume.tif
GAO20230824t164045p0000-B,Source mask missing: /data2/yuyao/methane_emission/carbon_mapper_data_masks/GAO20230824t164045p0000-B/plume.tif
GAO20230824t165721p0000-A,Source mask missing: /data2/yuyao/methane_emission/carbon_mapper_data_masks/GAO20230824t165721p0000-A/plume.tif
GAO20230824t165721p0000-C,Source mask missing: /data2/yuyao/methane_emission/carbon_mapper_data_masks/GAO20230824t165721p0000-C/plume.tif
GAO20230824t165721p0000-E,Source mask missing: /data2/yuyao/methane_emission/carbon_mapper_data_masks/GAO20230824t165721p0000-E/plume.tif
GAO20230824t165721p0000-F,Source mask missing: /data2/yuyao/methane_emission/carbon_mapper_data_masks/GAO20230824t165721p0000-F/plume.tif
GAO20230824t171600p0000-A,Source mask missing: /data2/yuyao/methane_emission/carbon_mapper_data_masks/GAO20230824t171600p0000-A/plume.tif
GAO20230824t171600p0000-B,Source mask missing: /data2/yuyao/methane_emission/carbon_mapper_data_masks/GAO20230824t171600p0000-B/plume.tif
GAO20230824t171600p0000-C,Source mask missing: /data2/yuyao/methane_emission/carbon_mapper_data_masks/GAO20230824t171600p0000-C/plume.tif
GAO20230824t171600p0000-D,Source mask missing: /data2/yuyao/methane_emission/carbon_mapper_data_masks/GAO20230824t171600p0000-D/plume.tif
GAO20230824t171600p0000-E,Source mask missing: /data2/yuyao/methane_emission/carbon_mapper_data_masks/GAO20230824t171600p0000-E/plume.tif
GAO20230824t171600p0000-F,Source mask missing: /data2/yuyao/methane_emission/carbon_mapper_data_masks/GAO20230824t171600p0000-F/plume.tif
GAO20230824t171600p0000-G,Source mask missing: /data2/yuyao/methane_emission/carbon_mapper_data_masks/GAO20230824t171600p0000-G/plume.tif
GAO20230824t171600p0000-H,Source mask missing: /data2/yuyao/methane_emission/carbon_mapper_data_masks/GAO20230824t171600p0000-H/plume.tif
GAO20230824t171600p0000-I,Source mask missing: /data2/yuyao/methane_emission/carbon_mapper_data_masks/GAO20230824t171600p0000-I/plume.tif
GAO20230824t171600p0000-J,Source mask missing: /data2/yuyao/methane_emission/carbon_mapper_data_masks/GAO20230824t171600p0000-J/plume.tif
GAO20230824t171600p0000-K,Source mask missing: /data2/yuyao/methane_emission/carbon_mapper_data_masks/GAO20230824t171600p0000-K/plume.tif
GAO20230824t171600p0000-L,Source mask missing: /data2/yuyao/methane_emission/carbon_mapper_data_masks/GAO20230824t171600p0000-L/plume.tif
GAO20230913t163416p0000-A,Source mask missing: /data2/yuyao/methane_emission/carbon_mapper_data_masks/GAO20230913t163416p0000-A/plume.tif
GAO20230920t170320p0000-A,Source mask missing: /data2/yuyao/methane_emission/carbon_mapper_data_masks/GAO20230920t170320p0000-A/plume.tif
GAO20230920t172341p0000-A,Source mask missing: /data2/yuyao/methane_emission/carbon_mapper_data_masks/GAO20230920t172341p0000-A/plume.tif
GAO20230920t172831p0000-A,Source mask missing: /data2/yuyao/methane_emission/carbon_mapper_data_masks/GAO20230920t172831p0000-A/plume.tif
GAO20230920t172831p0000-B,Source mask missing: /data2/yuyao/methane_emission/carbon_mapper_data_masks/GAO20230920t172831p0000-B/plume.tif
GAO20230920t174750p0000-A,Source mask missing: /data2/yuyao/methane_emission/carbon_mapper_data_masks/GAO20230920t174750p0000-A/plume.tif
GAO20230921t180022p0000-A,Source mask missing: /data2/yuyao/methane_emission/carbon_mapper_data_masks/GAO20230921t180022p0000-A/plume.tif
GAO20230921t180922p0000-A,Source mask missing: /data2/yuyao/methane_emission/carbon_mapper_data_masks/GAO20230921t180922p0000-A/plume.tif
GAO20230921t195807p0000-A,Source mask missing: /data2/yuyao/methane_emission/carbon_mapper_data_masks/GAO20230921t195807p0000-A/plume.tif
GAO20230921t195807p0000-C,Source mask missing: /data2/yuyao/methane_emission/carbon_mapper_data_masks/GAO20230921t195807p0000-C/plume.tif
GAO20230921t201507p0000-A,Source mask missing: /data2/yuyao/methane_emission/carbon_mapper_data_masks/GAO20230921t201507p0000-A/plume.tif
GAO20230921t202257p0000-B,Source mask missing: /data2/yuyao/methane_emission/carbon_mapper_data_masks/GAO20230921t202257p0000-B/plume.tif
GAO20230921t202257p0000-C,Source mask missing: /data2/yuyao/methane_emission/carbon_mapper_data_masks/GAO20230921t202257p0000-C/plume.tif
GAO20230927t173235p0000-A,Source mask missing: /data2/yuyao/methane_emission/carbon_mapper_data_masks/GAO20230927t173235p0000-A/plume.tif
GAO20230927t173919p0000-A,Source mask missing: /data2/yuyao/methane_emission/carbon_mapper_data_masks/GAO20230927t173919p0000-A/plume.tif
GAO20230927t174624p0000-A,Source mask missing: /data2/yuyao/methane_emission/carbon_mapper_data_masks/GAO20230927t174624p0000-A/plume.tif
GAO20230927t175340p0000-A,Source mask missing: /data2/yuyao/methane_emission/carbon_mapper_data_masks/GAO20230927t175340p0000-A/plume.tif
GAO20230927t180119p0000-A,Source mask missing: /data2/yuyao/methane_emission/carbon_mapper_data_masks/GAO20230927t180119p0000-A/plume.tif
GAO20230927t180839p0000-A,Source mask missing: /data2/yuyao/methane_emission/carbon_mapper_data_masks/GAO20230927t180839p0000-A/plume.tif
GAO20230927t183144p0000-A,Source mask missing: /data2/yuyao/methane_emission/carbon_mapper_data_masks/GAO20230927t183144p0000-A/plume.tif
GAO20230927t184049p0000-A,Source mask missing: /data2/yuyao/methane_emission/carbon_mapper_data_masks/GAO20230927t184049p0000-A/plume.tif
GAO20230927t184754p0000-A,Source mask missing: /data2/yuyao/methane_emission/carbon_mapper_data_masks/GAO20230927t184754p0000-A/plume.tif
GAO20230927t185504p0000-A,Source mask missing: /data2/yuyao/methane_emission/carbon_mapper_data_masks/GAO20230927t185504p0000-A/plume.tif
GAO20230927t190158p0000-A,Source mask missing: /data2/yuyao/methane_emission/carbon_mapper_data_masks/GAO20230927t190158p0000-A/plume.tif
GAO20230927t191343p0000-A,Source mask missing: /data2/yuyao/methane_emission/carbon_mapper_data_masks/GAO20230927t191343p0000-A/plume.tif
GAO20230927t191833p0000-A,Source mask missing: /data2/yuyao/methane_emission/carbon_mapper_data_masks/GAO20230927t191833p0000-A/plume.tif
GAO20230927t193128p0000-A,Source mask missing: /data2/yuyao/methane_emission/carbon_mapper_data_masks/GAO20230927t193128p0000-A/plume.tif
GAO20230927t193128p0000-B,Source mask missing: /data2/yuyao/methane_emission/carbon_mapper_data_masks/GAO20230927t193128p0000-B/plume.tif
GAO20230927t193545p0000-A,Source mask missing: /data2/yuyao/methane_emission/carbon_mapper_data_masks/GAO20230927t193545p0000-A/plume.tif
GAO20230928t172311p0000-A,Source mask missing: /data2/yuyao/methane_emission/carbon_mapper_data_masks/GAO20230928t172311p0000-A/plume.tif
GAO20230928t172806p0000-A,Source mask missing: /data2/yuyao/methane_emission/carbon_mapper_data_masks/GAO20230928t172806p0000-A/plume.tif
GAO20230929t170607p0000-A,Source mask missing: /data2/yuyao/methane_emission/carbon_mapper_data_masks/GAO20230929t170607p0000-A/plume.tif
GAO20230929t171732p0000-A,Source mask missing: /data2/yuyao/methane_emission/carbon_mapper_data_masks/GAO20230929t171732p0000-A/plume.tif
GAO20230929t184651p0000-A,Source mask missing: /data2/yuyao/methane_emission/carbon_mapper_data_masks/GAO20230929t184651p0000-A/plume.tif
GAO20230929t190156p0000-A,Source mask missing: /data2/yuyao/methane_emission/carbon_mapper_data_masks/GAO20230929t190156p0000-A/plume.tif
GAO20230929t191552p0000-A,Source mask missing: /data2/yuyao/methane_emission/carbon_mapper_data_masks/GAO20230929t191552p0000-A/plume.tif
GAO20231005t181320p0000-A,Source mask missing: /data2/yuyao/methane_emission/carbon_mapper_data_masks/GAO20231005t181320p0000-A/plume.tif
GAO20231005t183933p0000-A,Source mask missing: /data2/yuyao/methane_emission/carbon_mapper_data_masks/GAO20231005t183933p0000-A/plume.tif
GAO20231005t190023p0000-C,Source mask missing: /data2/yuyao/methane_emission/carbon_mapper_data_masks/GAO20231005t190023p0000-C/plume.tif
GAO20231005t191603p0000-A,Source mask missing: /data2/yuyao/methane_emission/carbon_mapper_data_masks/GAO20231005t191603p0000-A/plume.tif
GAO20231005t193008p0000-A,Source mask missing: /data2/yuyao/methane_emission/carbon_mapper_data_masks/GAO20231005t193008p0000-A/plume.tif
GAO20240415t183808p0000-A,Source mask missing: /data2/yuyao/methane_emission/carbon_mapper_data_masks/GAO20240415t183808p0000-A/plume.tif
GAO20240415t183808p0000-B,Source mask missing: /data2/yuyao/methane_emission/carbon_mapper_data_masks/GAO20240415t183808p0000-B/plume.tif
GAO20240415t183808p0000-D,Source mask missing: /data2/yuyao/methane_emission/carbon_mapper_data_masks/GAO20240415t183808p0000-D/plume.tif
GAO20240415t190413p0000-A,Source mask missing: /data2/yuyao/methane_emission/carbon_mapper_data_masks/GAO20240415t190413p0000-A/plume.tif
GAO20240415t190413p0000-C,Source mask missing: /data2/yuyao/methane_emission/carbon_mapper_data_masks/GAO20240415t190413p0000-C/plume.tif
GAO20240415t190413p0000-D,Source mask missing: /data2/yuyao/methane_emission/carbon_mapper_data_masks/GAO20240415t190413p0000-D/plume.tif
GAO20240415t190413p0000-E,Source mask missing: /data2/yuyao/methane_emission/carbon_mapper_data_masks/GAO20240415t190413p0000-E/plume.tif
GAO20240415t193148p0000-A,Source mask missing: /data2/yuyao/methane_emission/carbon_mapper_data_masks/GAO20240415t193148p0000-A/plume.tif
GAO20240415t193148p0000-B,Source mask missing: /data2/yuyao/methane_emission/carbon_mapper_data_masks/GAO20240415t193148p0000-B/plume.tif
GAO20240415t193148p0000-C,Source mask missing: /data2/yuyao/methane_emission/carbon_mapper_data_masks/GAO20240415t193148p0000-C/plume.tif
GAO20240416t172936p0000-A,Source mask missing: /data2/yuyao/methane_emission/carbon_mapper_data_masks/GAO20240416t172936p0000-A/plume.tif
GAO20240416t172936p0000-B,Source mask missing: /data2/yuyao/methane_emission/carbon_mapper_data_masks/GAO20240416t172936p0000-B/plume.tif
GAO20240512t173430p0000-A,Source mask missing: /data2/yuyao/methane_emission/carbon_mapper_data_masks/GAO20240512t173430p0000-A/plume.tif
GAO20240512t173430p0000-B,Source mask missing: /data2/yuyao/methane_emission/carbon_mapper_data_masks/GAO20240512t173430p0000-B/plume.tif
GAO20240512t173430p0000-C,Source mask missing: /data2/yuyao/methane_emission/carbon_mapper_data_masks/GAO20240512t173430p0000-C/plume.tif
GAO20240512t173430p0000-D,Source mask missing: /data2/yuyao/methane_emission/carbon_mapper_data_masks/GAO20240512t173430p0000-D/plume.tif
GAO20240512t173430p0000-G,Source mask missing: /data2/yuyao/methane_emission/carbon_mapper_data_masks/GAO20240512t173430p0000-G/plume.tif
GAO20240512t173430p0000-H,Source mask missing: /data2/yuyao/methane_emission/carbon_mapper_data_masks/GAO20240512t173430p0000-H/plume.tif
GAO20240512t174305p0000-A,Source mask missing: /data2/yuyao/methane_emission/carbon_mapper_data_masks/GAO20240512t174305p0000-A/plume.tif
GAO20240512t174305p0000-B,Source mask missing: /data2/yuyao/methane_emission/carbon_mapper_data_masks/GAO20240512t174305p0000-B/plume.tif
GAO20240512t174305p0000-C,Source mask missing: /data2/yuyao/methane_emission/carbon_mapper_data_masks/GAO20240512t174305p0000-C/plume.tif
GAO20240512t174305p0000-D,Source mask missing: /data2/yuyao/methane_emission/carbon_mapper_data_masks/GAO20240512t174305p0000-D/plume.tif
GAO20240512t174305p0000-E,Source mask missing: /data2/yuyao/methane_emission/carbon_mapper_data_masks/GAO20240512t174305p0000-E/plume.tif
GAO20240512t174305p0000-F,Source mask missing: /data2/yuyao/methane_emission/carbon_mapper_data_masks/GAO20240512t174305p0000-F/plume.tif
GAO20240512t175215p0000-A,Source mask missing: /data2/yuyao/methane_emission/carbon_mapper_data_masks/GAO20240512t175215p0000-A/plume.tif
GAO20240512t175215p0000-B,Source mask missing: /data2/yuyao/methane_emission/carbon_mapper_data_masks/GAO20240512t175215p0000-B/plume.tif
GAO20240512t175215p0000-C,Source mask missing: /data2/yuyao/methane_emission/carbon_mapper_data_masks/GAO20240512t175215p0000-C/plume.tif
GAO20240512t175215p0000-D,Source mask missing: /data2/yuyao/methane_emission/carbon_mapper_data_masks/GAO20240512t175215p0000-D/plume.tif
GAO20240512t175215p0000-E,Source mask missing: /data2/yuyao/methane_emission/carbon_mapper_data_masks/GAO20240512t175215p0000-E/plume.tif
GAO20240512t175215p0000-F,Source mask missing: /data2/yuyao/methane_emission/carbon_mapper_data_masks/GAO20240512t175215p0000-F/plume.tif
GAO20240512t180055p0000-A,Source mask missing: /data2/yuyao/methane_emission/carbon_mapper_data_masks/GAO20240512t180055p0000-A/plume.tif
GAO20240512t180055p0000-D,Source mask missing: /data2/yuyao/methane_emission/carbon_mapper_data_masks/GAO20240512t180055p0000-D/plume.tif
GAO20240512t180055p0000-E,Source mask missing: /data2/yuyao/methane_emission/carbon_mapper_data_masks/GAO20240512t180055p0000-E/plume.tif
GAO20240512t181035p0000-A,Source mask missing: /data2/yuyao/methane_emission/carbon_mapper_data_masks/GAO20240512t181035p0000-A/plume.tif
GAO20240512t181035p0000-B,Source mask missing: /data2/yuyao/methane_emission/carbon_mapper_data_masks/GAO20240512t181035p0000-B/plume.tif
GAO20240512t181035p0000-C,Source mask missing: /data2/yuyao/methane_emission/carbon_mapper_data_masks/GAO20240512t181035p0000-C/plume.tif
GAO20240512t181850p0000-A,Source mask missing: /data2/yuyao/methane_emission/carbon_mapper_data_masks/GAO20240512t181850p0000-A/plume.tif
GAO20240512t181850p0000-B,Source mask missing: /data2/yuyao/methane_emission/carbon_mapper_data_masks/GAO20240512t181850p0000-B/plume.tif
GAO20240512t181850p0000-C,Source mask missing: /data2/yuyao/methane_emission/carbon_mapper_data_masks/GAO20240512t181850p0000-C/plume.tif
GAO20240512t182852p0000-A,Source mask missing: /data2/yuyao/methane_emission/carbon_mapper_data_masks/GAO20240512t182852p0000-A/plume.tif
GAO20240512t182852p0000-B,Source mask missing: /data2/yuyao/methane_emission/carbon_mapper_data_masks/GAO20240512t182852p0000-B/plume.tif
GAO20240512t182852p0000-D,Source mask missing: /data2/yuyao/methane_emission/carbon_mapper_data_masks/GAO20240512t182852p0000-D/plume.tif
GAO20240512t183716p0000-B,Source mask missing: /data2/yuyao/methane_emission/carbon_mapper_data_masks/GAO20240512t183716p0000-B/plume.tif
GAO20240512t183716p0000-E,Source mask missing: /data2/yuyao/methane_emission/carbon_mapper_data_masks/GAO20240512t183716p0000-E/plume.tif
GAO20240512t183716p0000-J,Source mask missing: /data2/yuyao/methane_emission/carbon_mapper_data_masks/GAO20240512t183716p0000-J/plume.tif
GAO20240513t152858p0000-B,Source mask missing: /data2/yuyao/methane_emission/carbon_mapper_data_masks/GAO20240513t152858p0000-B/plume.tif
GAO20240513t152858p0000-D,Source mask missing: /data2/yuyao/methane_emission/carbon_mapper_data_masks/GAO20240513t152858p0000-D/plume.tif
GAO20240513t152858p0000-E,Source mask missing: /data2/yuyao/methane_emission/carbon_mapper_data_masks/GAO20240513t152858p0000-E/plume.tif
GAO20240513t153749p0000-A,Source mask missing: /data2/yuyao/methane_emission/carbon_mapper_data_masks/GAO20240513t153749p0000-A/plume.tif
GAO20240513t153749p0000-B,Source mask missing: /data2/yuyao/methane_emission/carbon_mapper_data_masks/GAO20240513t153749p0000-B/plume.tif
GAO20240513t153749p0000-C,Source mask missing: /data2/yuyao/methane_emission/carbon_mapper_data_masks/GAO20240513t153749p0000-C/plume.tif
GAO20240513t153749p0000-D,Source mask missing: /data2/yuyao/methane_emission/carbon_mapper_data_masks/GAO20240513t153749p0000-D/plume.tif
GAO20240513t153749p0000-E,Source mask missing: /data2/yuyao/methane_emission/carbon_mapper_data_masks/GAO20240513t153749p0000-E/plume.tif
GAO20240513t153749p0000-F,Source mask missing: /data2/yuyao/methane_emission/carbon_mapper_data_masks/GAO20240513t153749p0000-F/plume.tif
GAO20240513t153749p0000-G,Source mask missing: /data2/yuyao/methane_emission/carbon_mapper_data_masks/GAO20240513t153749p0000-G/plume.tif
GAO20240513t153749p0000-H,Source mask missing: /data2/yuyao/methane_emission/carbon_mapper_data_masks/GAO20240513t153749p0000-H/plume.tif
GAO20240513t153749p0000-L,Source mask missing: /data2/yuyao/methane_emission/carbon_mapper_data_masks/GAO20240513t153749p0000-L/plume.tif
GAO20240513t153749p0000-M,Source mask missing: /data2/yuyao/methane_emission/carbon_mapper_data_masks/GAO20240513t153749p0000-M/plume.tif
GAO20240513t153749p0000-N,Source mask missing: /data2/yuyao/methane_emission/carbon_mapper_data_masks/GAO20240513t153749p0000-N/plume.tif
GAO20240513t154638p0000-A,Source mask missing: /data2/yuyao/methane_emission/carbon_mapper_data_masks/GAO20240513t154638p0000-A/plume.tif
GAO20240513t154638p0000-B,Source mask missing: /data2/yuyao/methane_emission/carbon_mapper_data_masks/GAO20240513t154638p0000-B/plume.tif
GAO20240513t154638p0000-C,Source mask missing: /data2/yuyao/methane_emission/carbon_mapper_data_masks/GAO20240513t154638p0000-C/plume.tif
GAO20240513t154638p0000-D,Source mask missing: /data2/yuyao/methane_emission/carbon_mapper_data_masks/GAO20240513t154638p0000-D/plume.tif
GAO20240513t154638p0000-E,Source mask missing: /data2/yuyao/methane_emission/carbon_mapper_data_masks/GAO20240513t154638p0000-E/plume.tif
GAO20240513t154638p0000-F,Source mask missing: /data2/yuyao/methane_emission/carbon_mapper_data_masks/GAO20240513t154638p0000-F/plume.tif
GAO20240513t154638p0000-G,Source mask missing: /data2/yuyao/methane_emission/carbon_mapper_data_masks/GAO20240513t154638p0000-G/plume.tif
GAO20240513t154638p0000-H,Source mask missing: /data2/yuyao/methane_emission/carbon_mapper_data_masks/GAO20240513t154638p0000-H/plume.tif
GAO20240513t154638p0000-I,Source mask missing: /data2/yuyao/methane_emission/carbon_mapper_data_masks/GAO20240513t154638p0000-I/plume.tif
GAO20240513t155454p0000-A,Source mask missing: /data2/yuyao/methane_emission/carbon_mapper_data_masks/GAO20240513t155454p0000-A/plume.tif
GAO20240513t155454p0000-B,Source mask missing: /data2/yuyao/methane_emission/carbon_mapper_data_masks/GAO20240513t155454p0000-B/plume.tif
GAO20240513t155454p0000-C,Source mask missing: /data2/yuyao/methane_emission/carbon_mapper_data_masks/GAO20240513t155454p0000-C/plume.tif
GAO20240513t155454p0000-D,Source mask missing: /data2/yuyao/methane_emission/carbon_mapper_data_masks/GAO20240513t155454p0000-D/plume.tif
GAO20240513t155454p0000-E,Source mask missing: /data2/yuyao/methane_emission/carbon_mapper_data_masks/GAO20240513t155454p0000-E/plume.tif
GAO20240513t155454p0000-F,Source mask missing: /data2/yuyao/methane_emission/carbon_mapper_data_masks/GAO20240513t155454p0000-F/plume.tif
GAO20240513t155454p0000-I,Source mask missing: /data2/yuyao/methane_emission/carbon_mapper_data_masks/GAO20240513t155454p0000-I/plume.tif
GAO20240513t155454p0000-J,Source mask missing: /data2/yuyao/methane_emission/carbon_mapper_data_masks/GAO20240513t155454p0000-J/plume.tif
GAO20240513t160320p0000-B,Source mask missing: /data2/yuyao/methane_emission/carbon_mapper_data_masks/GAO20240513t160320p0000-B/plume.tif
GAO20240513t160320p0000-C,Source mask missing: /data2/yuyao/methane_emission/carbon_mapper_data_masks/GAO20240513t160320p0000-C/plume.tif
GAO20240513t160320p0000-D,Source mask missing: /data2/yuyao/methane_emission/carbon_mapper_data_masks/GAO20240513t160320p0000-D/plume.tif
GAO20240513t160320p0000-E,Source mask missing: /data2/yuyao/methane_emission/carbon_mapper_data_masks/GAO20240513t160320p0000-E/plume.tif
GAO20240513t160320p0000-F,Source mask missing: /data2/yuyao/methane_emission/carbon_mapper_data_masks/GAO20240513t160320p0000-F/plume.tif
GAO20240513t160320p0000-H,Source mask missing: /data2/yuyao/methane_emission/carbon_mapper_data_masks/GAO20240513t160320p0000-H/plume.tif
GAO20240513t160320p0000-J,Source mask missing: /data2/yuyao/methane_emission/carbon_mapper_data_masks/GAO20240513t160320p0000-J/plume.tif
GAO20240513t160320p0000-L,Source mask missing: /data2/yuyao/methane_emission/carbon_mapper_data_masks/GAO20240513t160320p0000-L/plume.tif
GAO20240513t161243p0000-A,Source mask missing: /data2/yuyao/methane_emission/carbon_mapper_data_masks/GAO20240513t161243p0000-A/plume.tif
GAO20240513t161243p0000-B,Source mask missing: /data2/yuyao/methane_emission/carbon_mapper_data_masks/GAO20240513t161243p0000-B/plume.tif
GAO20240513t161243p0000-E,Source mask missing: /data2/yuyao/methane_emission/carbon_mapper_data_masks/GAO20240513t161243p0000-E/plume.tif
GAO20240513t161243p0000-F,Source mask missing: /data2/yuyao/methane_emission/carbon_mapper_data_masks/GAO20240513t161243p0000-F/plume.tif
GAO20240513t161243p0000-G,Source mask missing: /data2/yuyao/methane_emission/carbon_mapper_data_masks/GAO20240513t161243p0000-G/plume.tif
GAO20240513t161243p0000-I,Source mask missing: /data2/yuyao/methane_emission/carbon_mapper_data_masks/GAO20240513t161243p0000-I/plume.tif
GAO20240513t162138p0000-A,Source mask missing: /data2/yuyao/methane_emission/carbon_mapper_data_masks/GAO20240513t162138p0000-A/plume.tif
GAO20240513t162138p0000-C,Source mask missing: /data2/yuyao/methane_emission/carbon_mapper_data_masks/GAO20240513t162138p0000-C/plume.tif
GAO20240513t162138p0000-D,Source mask missing: /data2/yuyao/methane_emission/carbon_mapper_data_masks/GAO20240513t162138p0000-D/plume.tif
GAO20240513t162138p0000-E,Source mask missing: /data2/yuyao/methane_emission/carbon_mapper_data_masks/GAO20240513t162138p0000-E/plume.tif
GAO20240513t163124p0000-A,Source mask missing: /data2/yuyao/methane_emission/carbon_mapper_data_masks/GAO20240513t163124p0000-A/plume.tif
GAO20240513t163124p0000-B,Source mask missing: /data2/yuyao/methane_emission/carbon_mapper_data_masks/GAO20240513t163124p0000-B/plume.tif
GAO20240513t163124p0000-C,Source mask missing: /data2/yuyao/methane_emission/carbon_mapper_data_masks/GAO20240513t163124p0000-C/plume.tif
GAO20240513t163124p0000-D,Source mask missing: /data2/yuyao/methane_emission/carbon_mapper_data_masks/GAO20240513t163124p0000-D/plume.tif
GAO20240513t163124p0000-E,Source mask missing: /data2/yuyao/methane_emission/carbon_mapper_data_masks/GAO20240513t163124p0000-E/plume.tif
GAO20240513t163124p0000-G,Source mask missing: /data2/yuyao/methane_emission/carbon_mapper_data_masks/GAO20240513t163124p0000-G/plume.tif
GAO20240513t163124p0000-H,Source mask missing: /data2/yuyao/methane_emission/carbon_mapper_data_masks/GAO20240513t163124p0000-H/plume.tif
GAO20240513t163124p0000-I,Source mask missing: /data2/yuyao/methane_emission/carbon_mapper_data_masks/GAO20240513t163124p0000-I/plume.tif
GAO20240513t164003p0000-A,Source mask missing: /data2/yuyao/methane_emission/carbon_mapper_data_masks/GAO20240513t164003p0000-A/plume.tif
GAO20240513t164003p0000-B,Source mask missing: /data2/yuyao/methane_emission/carbon_mapper_data_masks/GAO20240513t164003p0000-B/plume.tif
GAO20240513t164003p0000-C,Source mask missing: /data2/yuyao/methane_emission/carbon_mapper_data_masks/GAO20240513t164003p0000-C/plume.tif
GAO20240513t164003p0000-D,Source mask missing: /data2/yuyao/methane_emission/carbon_mapper_data_masks/GAO20240513t164003p0000-D/plume.tif
GAO20240513t164003p0000-E,Source mask missing: /data2/yuyao/methane_emission/carbon_mapper_data_masks/GAO20240513t164003p0000-E/plume.tif
GAO20240513t164908p0000-A,Source mask missing: /data2/yuyao/methane_emission/carbon_mapper_data_masks/GAO20240513t164908p0000-A/plume.tif
GAO20240513t164908p0000-B,Source mask missing: /data2/yuyao/methane_emission/carbon_mapper_data_masks/GAO20240513t164908p0000-B/plume.tif
GAO20240513t164908p0000-C,Source mask missing: /data2/yuyao/methane_emission/carbon_mapper_data_masks/GAO20240513t164908p0000-C/plume.tif
GAO20240513t164908p0000-D,Source mask missing: /data2/yuyao/methane_emission/carbon_mapper_data_masks/GAO20240513t164908p0000-D/plume.tif
GAO20240513t164908p0000-E,Source mask missing: /data2/yuyao/methane_emission/carbon_mapper_data_masks/GAO20240513t164908p0000-E/plume.tif
GAO20240513t164908p0000-F,Source mask missing: /data2/yuyao/methane_emission/carbon_mapper_data_masks/GAO20240513t164908p0000-F/plume.tif
GAO20240513t164908p0000-G,Source mask missing: /data2/yuyao/methane_emission/carbon_mapper_data_masks/GAO20240513t164908p0000-G/plume.tif
GAO20240513t165753p0000-A,Source mask missing: /data2/yuyao/methane_emission/carbon_mapper_data_masks/GAO20240513t165753p0000-A/plume.tif
GAO20240513t165753p0000-B,Source mask missing: /data2/yuyao/methane_emission/carbon_mapper_data_masks/GAO20240513t165753p0000-B/plume.tif
GAO20240513t165753p0000-C,Source mask missing: /data2/yuyao/methane_emission/carbon_mapper_data_masks/GAO20240513t165753p0000-C/plume.tif
GAO20240513t165753p0000-D,Source mask missing: /data2/yuyao/methane_emission/carbon_mapper_data_masks/GAO20240513t165753p0000-D/plume.tif
GAO20240513t165753p0000-G,Source mask missing: /data2/yuyao/methane_emission/carbon_mapper_data_masks/GAO20240513t165753p0000-G/plume.tif
GAO20240513t165753p0000-H,Source mask missing: /data2/yuyao/methane_emission/carbon_mapper_data_masks/GAO20240513t165753p0000-H/plume.tif
GAO20240513t165753p0000-I,Source mask missing: /data2/yuyao/methane_emission/carbon_mapper_data_masks/GAO20240513t165753p0000-I/plume.tif
GAO20240513t170648p0000-B,Source mask missing: /data2/yuyao/methane_emission/carbon_mapper_data_masks/GAO20240513t170648p0000-B/plume.tif
GAO20240513t170648p0000-C,Source mask missing: /data2/yuyao/methane_emission/carbon_mapper_data_masks/GAO20240513t170648p0000-C/plume.tif
GAO20240513t170648p0000-D,Source mask missing: /data2/yuyao/methane_emission/carbon_mapper_data_masks/GAO20240513t170648p0000-D/plume.tif
GAO20240513t170648p0000-E,Source mask missing: /data2/yuyao/methane_emission/carbon_mapper_data_masks/GAO20240513t170648p0000-E/plume.tif
GAO20240513t171504p0000-B,Source mask missing: /data2/yuyao/methane_emission/carbon_mapper_data_masks/GAO20240513t171504p0000-B/plume.tif
GAO20240513t171504p0000-C,Source mask missing: /data2/yuyao/methane_emission/carbon_mapper_data_masks/GAO20240513t171504p0000-C/plume.tif
GAO20240513t171504p0000-D,Source mask missing: /data2/yuyao/methane_emission/carbon_mapper_data_masks/GAO20240513t171504p0000-D/plume.tif
GAO20240513t172418p0000-A,Source mask missing: /data2/yuyao/methane_emission/carbon_mapper_data_masks/GAO20240513t172418p0000-A/plume.tif
GAO20240513t172418p0000-B,Source mask missing: /data2/yuyao/methane_emission/carbon_mapper_data_masks/GAO20240513t172418p0000-B/plume.tif
GAO20240513t172418p0000-C,Source mask missing: /data2/yuyao/methane_emission/carbon_mapper_data_masks/GAO20240513t172418p0000-C/plume.tif
GAO20240513t172418p0000-D,Source mask missing: /data2/yuyao/methane_emission/carbon_mapper_data_masks/GAO20240513t172418p0000-D/plume.tif
GAO20240611t190030p0000-A,Source mask missing: /data2/yuyao/methane_emission/carbon_mapper_data_masks/GAO20240611t190030p0000-A/plume.tif
GAO20240611t190030p0000-B,Source mask missing: /data2/yuyao/methane_emission/carbon_mapper_data_masks/GAO20240611t190030p0000-B/plume.tif
GAO20240611t190030p0000-C,Source mask missing: /data2/yuyao/methane_emission/carbon_mapper_data_masks/GAO20240611t190030p0000-C/plume.tif
GAO20240611t190030p0000-D,Source mask missing: /data2/yuyao/methane_emission/carbon_mapper_data_masks/GAO20240611t190030p0000-D/plume.tif
GAO20240611t190449p0000-A,Source mask missing: /data2/yuyao/methane_emission/carbon_mapper_data_masks/GAO20240611t190449p0000-A/plume.tif
GAO20240611t190449p0000-B,Source mask missing: /data2/yuyao/methane_emission/carbon_mapper_data_masks/GAO20240611t190449p0000-B/plume.tif
GAO20240611t190449p0000-C,Source mask missing: /data2/yuyao/methane_emission/carbon_mapper_data_masks/GAO20240611t190449p0000-C/plume.tif
GAO20240611t190449p0000-D,Source mask missing: /data2/yuyao/methane_emission/carbon_mapper_data_masks/GAO20240611t190449p0000-D/plume.tif
GAO20240611t190449p0000-E,Source mask missing: /data2/yuyao/methane_emission/carbon_mapper_data_masks/GAO20240611t190449p0000-E/plume.tif
GAO20240611t190949p0000-A,Source mask missing: /data2/yuyao/methane_emission/carbon_mapper_data_masks/GAO20240611t190949p0000-A/plume.tif
GAO20240611t190949p0000-B,Source mask missing: /data2/yuyao/methane_emission/carbon_mapper_data_masks/GAO20240611t190949p0000-B/plume.tif
GAO20240611t190949p0000-C,Source mask missing: /data2/yuyao/methane_emission/carbon_mapper_data_masks/GAO20240611t190949p0000-C/plume.tif
GAO20240611t190949p0000-H,Source mask missing: /data2/yuyao/methane_emission/carbon_mapper_data_masks/GAO20240611t190949p0000-H/plume.tif
GAO20240611t191919p0000-A,Source mask missing: /data2/yuyao/methane_emission/carbon_mapper_data_masks/GAO20240611t191919p0000-A/plume.tif
GAO20240611t191919p0000-B,Source mask missing: /data2/yuyao/methane_emission/carbon_mapper_data_masks/GAO20240611t191919p0000-B/plume.tif
GAO20240611t191919p0000-E,Source mask missing: /data2/yuyao/methane_emission/carbon_mapper_data_masks/GAO20240611t191919p0000-E/plume.tif
GAO20240611t192314p0000-A,Source mask missing: /data2/yuyao/methane_emission/carbon_mapper_data_masks/GAO20240611t192314p0000-A/plume.tif
GAO20240611t192314p0000-B,Source mask missing: /data2/yuyao/methane_emission/carbon_mapper_data_masks/GAO20240611t192314p0000-B/plume.tif
GAO20240611t192314p0000-D,Source mask missing: /data2/yuyao/methane_emission/carbon_mapper_data_masks/GAO20240611t192314p0000-D/plume.tif
GAO20240611t192314p0000-F,Source mask missing: /data2/yuyao/methane_emission/carbon_mapper_data_masks/GAO20240611t192314p0000-F/plume.tif
GAO20240611t192314p0000-H,Source mask missing: /data2/yuyao/methane_emission/carbon_mapper_data_masks/GAO20240611t192314p0000-H/plume.tif
GAO20240611t192759p0000-A,Source mask missing: /data2/yuyao/methane_emission/carbon_mapper_data_masks/GAO20240611t192759p0000-A/plume.tif
GAO20240611t192759p0000-B,Source mask missing: /data2/yuyao/methane_emission/carbon_mapper_data_masks/GAO20240611t192759p0000-B/plume.tif
GAO20240611t192759p0000-C,Source mask missing: /data2/yuyao/methane_emission/carbon_mapper_data_masks/GAO20240611t192759p0000-C/plume.tif
GAO20240611t192759p0000-E,Source mask missing: /data2/yuyao/methane_emission/carbon_mapper_data_masks/GAO20240611t192759p0000-E/plume.tif
GAO20240611t192759p0000-F,Source mask missing: /data2/yuyao/methane_emission/carbon_mapper_data_masks/GAO20240611t192759p0000-F/plume.tif
GAO20240611t192759p0000-G,Source mask missing: /data2/yuyao/methane_emission/carbon_mapper_data_masks/GAO20240611t192759p0000-G/plume.tif
GAO20240611t192759p0000-H,Source mask missing: /data2/yuyao/methane_emission/carbon_mapper_data_masks/GAO20240611t192759p0000-H/plume.tif
GAO20240611t192759p0000-I,Source mask missing: /data2/yuyao/methane_emission/carbon_mapper_data_masks/GAO20240611t192759p0000-I/plume.tif
GAO20240611t193749p0000-C,Source mask missing: /data2/yuyao/methane_emission/carbon_mapper_data_masks/GAO20240611t193749p0000-C/plume.tif
GAO20240611t193749p0000-D,Source mask missing: /data2/yuyao/methane_emission/carbon_mapper_data_masks/GAO20240611t193749p0000-D/plume.tif
GAO20240611t193749p0000-H,Source mask missing: /data2/yuyao/methane_emission/carbon_mapper_data_masks/GAO20240611t193749p0000-H/plume.tif
GAO20240611t193749p0000-I,Source mask missing: /data2/yuyao/methane_emission/carbon_mapper_data_masks/GAO20240611t193749p0000-I/plume.tif
GAO20240611t193749p0000-J,Source mask missing: /data2/yuyao/methane_emission/carbon_mapper_data_masks/GAO20240611t193749p0000-J/plume.tif
GAO20240611t194144p0000-A,Source mask missing: /data2/yuyao/methane_emission/carbon_mapper_data_masks/GAO20240611t194144p0000-A/plume.tif
GAO20240611t194144p0000-B,Source mask missing: /data2/yuyao/methane_emission/carbon_mapper_data_masks/GAO20240611t194144p0000-B/plume.tif
GAO20240611t194144p0000-C,Source mask missing: /data2/yuyao/methane_emission/carbon_mapper_data_masks/GAO20240611t194144p0000-C/plume.tif
GAO20240611t194144p0000-D,Source mask missing: /data2/yuyao/methane_emission/carbon_mapper_data_masks/GAO20240611t194144p0000-D/plume.tif
GAO20240611t194144p0000-E,Source mask missing: /data2/yuyao/methane_emission/carbon_mapper_data_masks/GAO20240611t194144p0000-E/plume.tif
GAO20240611t194144p0000-F,Source mask missing: /data2/yuyao/methane_emission/carbon_mapper_data_masks/GAO20240611t194144p0000-F/plume.tif
GAO20240611t194634p0000-A,Source mask missing: /data2/yuyao/methane_emission/carbon_mapper_data_masks/GAO20240611t194634p0000-A/plume.tif
GAO20240611t194634p0000-B,Source mask missing: /data2/yuyao/methane_emission/carbon_mapper_data_masks/GAO20240611t194634p0000-B/plume.tif
GAO20240611t194634p0000-D,Source mask missing: /data2/yuyao/methane_emission/carbon_mapper_data_masks/GAO20240611t194634p0000-D/plume.tif
GAO20240611t194634p0000-E,Source mask missing: /data2/yuyao/methane_emission/carbon_mapper_data_masks/GAO20240611t194634p0000-E/plume.tif
GAO20240611t194634p0000-F,Source mask missing: /data2/yuyao/methane_emission/carbon_mapper_data_masks/GAO20240611t194634p0000-F/plume.tif
GAO20240611t195436p0000-A,Source mask missing: /data2/yuyao/methane_emission/carbon_mapper_data_masks/GAO20240611t195436p0000-A/plume.tif
GAO20240611t195436p0000-B,Source mask missing: /data2/yuyao/methane_emission/carbon_mapper_data_masks/GAO20240611t195436p0000-B/plume.tif
GAO20240611t195436p0000-C,Source mask missing: /data2/yuyao/methane_emission/carbon_mapper_data_masks/GAO20240611t195436p0000-C/plume.tif
GAO20240611t195436p0000-D,Source mask missing: /data2/yuyao/methane_emission/carbon_mapper_data_masks/GAO20240611t195436p0000-D/plume.tif
GAO20240611t195436p0000-F,Source mask missing: /data2/yuyao/methane_emission/carbon_mapper_data_masks/GAO20240611t195436p0000-F/plume.tif
GAO20240611t200050p0000-A,Source mask missing: /data2/yuyao/methane_emission/carbon_mapper_data_masks/GAO20240611t200050p0000-A/plume.tif
GAO20240611t200050p0000-B,Source mask missing: /data2/yuyao/methane_emission/carbon_mapper_data_masks/GAO20240611t200050p0000-B/plume.tif
GAO20240611t200050p0000-C,Source mask missing: /data2/yuyao/methane_emission/carbon_mapper_data_masks/GAO20240611t200050p0000-C/plume.tif
GAO20240611t200739p0000-A,Source mask missing: /data2/yuyao/methane_emission/carbon_mapper_data_masks/GAO20240611t200739p0000-A/plume.tif
GAO20240611t200739p0000-C,Source mask missing: /data2/yuyao/methane_emission/carbon_mapper_data_masks/GAO20240611t200739p0000-C/plume.tif
GAO20240611t200739p0000-D,Source mask missing: /data2/yuyao/methane_emission/carbon_mapper_data_masks/GAO20240611t200739p0000-D/plume.tif
GAO20240611t200739p0000-E,Source mask missing: /data2/yuyao/methane_emission/carbon_mapper_data_masks/GAO20240611t200739p0000-E/plume.tif
GAO20240611t201214p0000-A,Source mask missing: /data2/yuyao/methane_emission/carbon_mapper_data_masks/GAO20240611t201214p0000-A/plume.tif
GAO20240611t201214p0000-D,Source mask missing: /data2/yuyao/methane_emission/carbon_mapper_data_masks/GAO20240611t201214p0000-D/plume.tif
GAO20240611t201214p0000-E,Source mask missing: /data2/yuyao/methane_emission/carbon_mapper_data_masks/GAO20240611t201214p0000-E/plume.tif
GAO20240611t201214p0000-F,Source mask missing: /data2/yuyao/methane_emission/carbon_mapper_data_masks/GAO20240611t201214p0000-F/plume.tif
GAO20240611t201214p0000-G,Source mask missing: /data2/yuyao/methane_emission/carbon_mapper_data_masks/GAO20240611t201214p0000-G/plume.tif
GAO20240611t201214p0000-I,Source mask missing: /data2/yuyao/methane_emission/carbon_mapper_data_masks/GAO20240611t201214p0000-I/plume.tif
GAO20240611t201214p0000-J,Source mask missing: /data2/yuyao/methane_emission/carbon_mapper_data_masks/GAO20240611t201214p0000-J/plume.tif
GAO20240611t202024p0000-A,Source mask missing: /data2/yuyao/methane_emission/carbon_mapper_data_masks/GAO20240611t202024p0000-A/plume.tif
GAO20240611t202024p0000-C,Source mask missing: /data2/yuyao/methane_emission/carbon_mapper_data_masks/GAO20240611t202024p0000-C/plume.tif
GAO20240611t202024p0000-E,Source mask missing: /data2/yuyao/methane_emission/carbon_mapper_data_masks/GAO20240611t202024p0000-E/plume.tif
GAO20240611t202024p0000-F,Source mask missing: /data2/yuyao/methane_emission/carbon_mapper_data_masks/GAO20240611t202024p0000-F/plume.tif
GAO20240611t202024p0000-G,Source mask missing: /data2/yuyao/methane_emission/carbon_mapper_data_masks/GAO20240611t202024p0000-G/plume.tif
GAO20240611t202024p0000-H,Source mask missing: /data2/yuyao/methane_emission/carbon_mapper_data_masks/GAO20240611t202024p0000-H/plume.tif
GAO20240611t202024p0000-I,Source mask missing: /data2/yuyao/methane_emission/carbon_mapper_data_masks/GAO20240611t202024p0000-I/plume.tif
GAO20240611t202619p0000-A,Source mask missing: /data2/yuyao/methane_emission/carbon_mapper_data_masks/GAO20240611t202619p0000-A/plume.tif
GAO20240611t202619p0000-B,Source mask missing: /data2/yuyao/methane_emission/carbon_mapper_data_masks/GAO20240611t202619p0000-B/plume.tif
GAO20240611t202619p0000-C,Source mask missing: /data2/yuyao/methane_emission/carbon_mapper_data_masks/GAO20240611t202619p0000-C/plume.tif
GAO20240611t203254p0000-A,Source mask missing: /data2/yuyao/methane_emission/carbon_mapper_data_masks/GAO20240611t203254p0000-A/plume.tif
GAO20240611t203254p0000-C,Source mask missing: /data2/yuyao/methane_emission/carbon_mapper_data_masks/GAO20240611t203254p0000-C/plume.tif
GAO20240611t203254p0000-E,Source mask missing: /data2/yuyao/methane_emission/carbon_mapper_data_masks/GAO20240611t203254p0000-E/plume.tif
GAO20240611t203254p0000-F,Source mask missing: /data2/yuyao/methane_emission/carbon_mapper_data_masks/GAO20240611t203254p0000-F/plume.tif
GAO20240611t203254p0000-G,Source mask missing: /data2/yuyao/methane_emission/carbon_mapper_data_masks/GAO20240611t203254p0000-G/plume.tif
GAO20240611t203734p0000-A,Source mask missing: /data2/yuyao/methane_emission/carbon_mapper_data_masks/GAO20240611t203734p0000-A/plume.tif
GAO20240611t203734p0000-B,Source mask missing: /data2/yuyao/methane_emission/carbon_mapper_data_masks/GAO20240611t203734p0000-B/plume.tif
GAO20240611t203734p0000-C,Source mask missing: /data2/yuyao/methane_emission/carbon_mapper_data_masks/GAO20240611t203734p0000-C/plume.tif
GAO20240611t203734p0000-F,Source mask missing: /data2/yuyao/methane_emission/carbon_mapper_data_masks/GAO20240611t203734p0000-F/plume.tif
GAO20240611t203734p0000-G,Source mask missing: /data2/yuyao/methane_emission/carbon_mapper_data_masks/GAO20240611t203734p0000-G/plume.tif
GAO20240611t204534p0000-A,Source mask missing: /data2/yuyao/methane_emission/carbon_mapper_data_masks/GAO20240611t204534p0000-A/plume.tif
GAO20240611t204534p0000-B,Source mask missing: /data2/yuyao/methane_emission/carbon_mapper_data_masks/GAO20240611t204534p0000-B/plume.tif
GAO20240611t204534p0000-C,Source mask missing: /data2/yuyao/methane_emission/carbon_mapper_data_masks/GAO20240611t204534p0000-C/plume.tif
GAO20240611t204534p0000-D,Source mask missing: /data2/yuyao/methane_emission/carbon_mapper_data_masks/GAO20240611t204534p0000-D/plume.tif
GAO20240611t204534p0000-E,Source mask missing: /data2/yuyao/methane_emission/carbon_mapper_data_masks/GAO20240611t204534p0000-E/plume.tif
GAO20240611t204534p0000-F,Source mask missing: /data2/yuyao/methane_emission/carbon_mapper_data_masks/GAO20240611t204534p0000-F/plume.tif
GAO20240611t205130p0000-A,Source mask missing: /data2/yuyao/methane_emission/carbon_mapper_data_masks/GAO20240611t205130p0000-A/plume.tif
GAO20240611t205130p0000-C,Source mask missing: /data2/yuyao/methane_emission/carbon_mapper_data_masks/GAO20240611t205130p0000-C/plume.tif
GAO20240611t205814p0000-A,Source mask missing: /data2/yuyao/methane_emission/carbon_mapper_data_masks/GAO20240611t205814p0000-A/plume.tif
GAO20240611t205814p0000-B,Source mask missing: /data2/yuyao/methane_emission/carbon_mapper_data_masks/GAO20240611t205814p0000-B/plume.tif
GAO20240611t205814p0000-D,Source mask missing: /data2/yuyao/methane_emission/carbon_mapper_data_masks/GAO20240611t205814p0000-D/plume.tif
GAO20240611t205814p0000-F,Source mask missing: /data2/yuyao/methane_emission/carbon_mapper_data_masks/GAO20240611t205814p0000-F/plume.tif
GAO20240611t210319p0000-A,Source mask missing: /data2/yuyao/methane_emission/carbon_mapper_data_masks/GAO20240611t210319p0000-A/plume.tif
GAO20240611t210319p0000-B,Source mask missing: /data2/yuyao/methane_emission/carbon_mapper_data_masks/GAO20240611t210319p0000-B/plume.tif
GAO20240611t210319p0000-C,Source mask missing: /data2/yuyao/methane_emission/carbon_mapper_data_masks/GAO20240611t210319p0000-C/plume.tif
GAO20240611t210319p0000-F,Source mask missing: /data2/yuyao/methane_emission/carbon_mapper_data_masks/GAO20240611t210319p0000-F/plume.tif
GAO20240611t211114p0000-A,Source mask missing: /data2/yuyao/methane_emission/carbon_mapper_data_masks/GAO20240611t211114p0000-A/plume.tif
GAO20240611t211114p0000-B,Source mask missing: /data2/yuyao/methane_emission/carbon_mapper_data_masks/GAO20240611t211114p0000-B/plume.tif
GAO20240611t211114p0000-C,Source mask missing: /data2/yuyao/methane_emission/carbon_mapper_data_masks/GAO20240611t211114p0000-C/plume.tif
GAO20240611t211114p0000-D,Source mask missing: /data2/yuyao/methane_emission/carbon_mapper_data_masks/GAO20240611t211114p0000-D/plume.tif
GAO20240611t211114p0000-E,Source mask missing: /data2/yuyao/methane_emission/carbon_mapper_data_masks/GAO20240611t211114p0000-E/plume.tif
GAO20240611t211739p0000-A,Source mask missing: /data2/yuyao/methane_emission/carbon_mapper_data_masks/GAO20240611t211739p0000-A/plume.tif
GAO20240611t211739p0000-B,Source mask missing: /data2/yuyao/methane_emission/carbon_mapper_data_masks/GAO20240611t211739p0000-B/plume.tif
GAO20240611t212434p0000-A,Source mask missing: /data2/yuyao/methane_emission/carbon_mapper_data_masks/GAO20240611t212434p0000-A/plume.tif
GAO20240611t212434p0000-B,Source mask missing: /data2/yuyao/methane_emission/carbon_mapper_data_masks/GAO20240611t212434p0000-B/plume.tif
GAO20240611t212434p0000-C,Source mask missing: /data2/yuyao/methane_emission/carbon_mapper_data_masks/GAO20240611t212434p0000-C/plume.tif
GAO20240611t212434p0000-E,Source mask missing: /data2/yuyao/methane_emission/carbon_mapper_data_masks/GAO20240611t212434p0000-E/plume.tif
GAO20240611t212434p0000-F,Source mask missing: /data2/yuyao/methane_emission/carbon_mapper_data_masks/GAO20240611t212434p0000-F/plume.tif
GAO20240611t212434p0000-H,Source mask missing: /data2/yuyao/methane_emission/carbon_mapper_data_masks/GAO20240611t212434p0000-H/plume.tif
GAO20240611t212911p0000-A,Source mask missing: /data2/yuyao/methane_emission/carbon_mapper_data_masks/GAO20240611t212911p0000-A/plume.tif
GAO20240611t212911p0000-B,Source mask missing: /data2/yuyao/methane_emission/carbon_mapper_data_masks/GAO20240611t212911p0000-B/plume.tif
GAO20240611t212911p0000-C,Source mask missing: /data2/yuyao/methane_emission/carbon_mapper_data_masks/GAO20240611t212911p0000-C/plume.tif
GAO20240611t212911p0000-D,Source mask missing: /data2/yuyao/methane_emission/carbon_mapper_data_masks/GAO20240611t212911p0000-D/plume.tif
GAO20240611t213705p0000-A,Source mask missing: /data2/yuyao/methane_emission/carbon_mapper_data_masks/GAO20240611t213705p0000-A/plume.tif
GAO20240611t213705p0000-B,Source mask missing: /data2/yuyao/methane_emission/carbon_mapper_data_masks/GAO20240611t213705p0000-B/plume.tif
GAO20240611t213705p0000-D,Source mask missing: /data2/yuyao/methane_emission/carbon_mapper_data_masks/GAO20240611t213705p0000-D/plume.tif
GAO20240611t213705p0000-E,Source mask missing: /data2/yuyao/methane_emission/carbon_mapper_data_masks/GAO20240611t213705p0000-E/plume.tif
GAO20240611t214309p0000-A,Source mask missing: /data2/yuyao/methane_emission/carbon_mapper_data_masks/GAO20240611t214309p0000-A/plume.tif
GAO20240611t214309p0000-B,Source mask missing: /data2/yuyao/methane_emission/carbon_mapper_data_masks/GAO20240611t214309p0000-B/plume.tif
GAO20240611t215009p0000-A,Source mask missing: /data2/yuyao/methane_emission/carbon_mapper_data_masks/GAO20240611t215009p0000-A/plume.tif
GAO20240611t215009p0000-D,Source mask missing: /data2/yuyao/methane_emission/carbon_mapper_data_masks/GAO20240611t215009p0000-D/plume.tif
GAO20240611t215009p0000-E,Source mask missing: /data2/yuyao/methane_emission/carbon_mapper_data_masks/GAO20240611t215009p0000-E/plume.tif
GAO20240611t215009p0000-F,Source mask missing: /data2/yuyao/methane_emission/carbon_mapper_data_masks/GAO20240611t215009p0000-F/plume.tif
GAO20240611t215500p0000-A,Source mask missing: /data2/yuyao/methane_emission/carbon_mapper_data_masks/GAO20240611t215500p0000-A/plume.tif
GAO20240611t215500p0000-B,Source mask missing: /data2/yuyao/methane_emission/carbon_mapper_data_masks/GAO20240611t215500p0000-B/plume.tif
GAO20240611t215500p0000-C,Source mask missing: /data2/yuyao/methane_emission/carbon_mapper_data_masks/GAO20240611t215500p0000-C/plume.tif
GAO20240611t215500p0000-F,Source mask missing: /data2/yuyao/methane_emission/carbon_mapper_data_masks/GAO20240611t215500p0000-F/plume.tif
GAO20240611t215500p0000-H,Source mask missing: /data2/yuyao/methane_emission/carbon_mapper_data_masks/GAO20240611t215500p0000-H/plume.tif
GAO20240611t220309p0000-B,Source mask missing: /data2/yuyao/methane_emission/carbon_mapper_data_masks/GAO20240611t220309p0000-B/plume.tif
GAO20240611t220309p0000-C,Source mask missing: /data2/yuyao/methane_emission/carbon_mapper_data_masks/GAO20240611t220309p0000-C/plume.tif
GAO20240611t220309p0000-D,Source mask missing: /data2/yuyao/methane_emission/carbon_mapper_data_masks/GAO20240611t220309p0000-D/plume.tif
GAO20240611t220924p0000-A,Source mask missing: /data2/yuyao/methane_emission/carbon_mapper_data_masks/GAO20240611t220924p0000-A/plume.tif
GAO20240611t220924p0000-C,Source mask missing: /data2/yuyao/methane_emission/carbon_mapper_data_masks/GAO20240611t220924p0000-C/plume.tif
GAO20240611t221549p0000-A,Source mask missing: /data2/yuyao/methane_emission/carbon_mapper_data_masks/GAO20240611t221549p0000-A/plume.tif
GAO20240611t221549p0000-D,Source mask missing: /data2/yuyao/methane_emission/carbon_mapper_data_masks/GAO20240611t221549p0000-D/plume.tif
GAO20240611t222106p0000-B,Source mask missing: /data2/yuyao/methane_emission/carbon_mapper_data_masks/GAO20240611t222106p0000-B/plume.tif
GAO20240611t222106p0000-C,Source mask missing: /data2/yuyao/methane_emission/carbon_mapper_data_masks/GAO20240611t222106p0000-C/plume.tif
GAO20240611t222106p0000-D,Source mask missing: /data2/yuyao/methane_emission/carbon_mapper_data_masks/GAO20240611t222106p0000-D/plume.tif
GAO20240611t222106p0000-E,Source mask missing: /data2/yuyao/methane_emission/carbon_mapper_data_masks/GAO20240611t222106p0000-E/plume.tif
GAO20240611t222106p0000-F,Source mask missing: /data2/yuyao/methane_emission/carbon_mapper_data_masks/GAO20240611t222106p0000-F/plume.tif
GAO20240611t222905p0000-A,Source mask missing: /data2/yuyao/methane_emission/carbon_mapper_data_masks/GAO20240611t222905p0000-A/plume.tif
GAO20240611t222905p0000-C,Source mask missing: /data2/yuyao/methane_emission/carbon_mapper_data_masks/GAO20240611t222905p0000-C/plume.tif
GAO20240611t222905p0000-E,Source mask missing: /data2/yuyao/methane_emission/carbon_mapper_data_masks/GAO20240611t222905p0000-E/plume.tif
GAO20240611t223539p0000-A,Source mask missing: /data2/yuyao/methane_emission/carbon_mapper_data_masks/GAO20240611t223539p0000-A/plume.tif
GAO20240611t223539p0000-B,Source mask missing: /data2/yuyao/methane_emission/carbon_mapper_data_masks/GAO20240611t223539p0000-B/plume.tif
GAO20240611t224204p0000-A,Source mask missing: /data2/yuyao/methane_emission/carbon_mapper_data_masks/GAO20240611t224204p0000-A/plume.tif
GAO20240611t224204p0000-C,Source mask missing: /data2/yuyao/methane_emission/carbon_mapper_data_masks/GAO20240611t224204p0000-C/plume.tif
GAO20240611t224204p0000-D,Source mask missing: /data2/yuyao/methane_emission/carbon_mapper_data_masks/GAO20240611t224204p0000-D/plume.tif
GAO20240611t224700p0000-A,Source mask missing: /data2/yuyao/methane_emission/carbon_mapper_data_masks/GAO20240611t224700p0000-A/plume.tif
GAO20240611t224700p0000-B,Source mask missing: /data2/yuyao/methane_emission/carbon_mapper_data_masks/GAO20240611t224700p0000-B/plume.tif
GAO20240611t224700p0000-C,Source mask missing: /data2/yuyao/methane_emission/carbon_mapper_data_masks/GAO20240611t224700p0000-C/plume.tif
GAO20240611t224700p0000-F,Source mask missing: /data2/yuyao/methane_emission/carbon_mapper_data_masks/GAO20240611t224700p0000-F/plume.tif
GAO20240612t193545p0000-A,Source mask missing: /data2/yuyao/methane_emission/carbon_mapper_data_masks/GAO20240612t193545p0000-A/plume.tif
GAO20240612t193545p0000-B,Source mask missing: /data2/yuyao/methane_emission/carbon_mapper_data_masks/GAO20240612t193545p0000-B/plume.tif
GAO20240612t193545p0000-C,Source mask missing: /data2/yuyao/methane_emission/carbon_mapper_data_masks/GAO20240612t193545p0000-C/plume.tif
GAO20240612t193545p0000-E,Source mask missing: /data2/yuyao/methane_emission/carbon_mapper_data_masks/GAO20240612t193545p0000-E/plume.tif
GAO20240612t194836p0000-A,Source mask missing: /data2/yuyao/methane_emission/carbon_mapper_data_masks/GAO20240612t194836p0000-A/plume.tif
GAO20240612t194836p0000-C,Source mask missing: /data2/yuyao/methane_emission/carbon_mapper_data_masks/GAO20240612t194836p0000-C/plume.tif
GAO20240612t194836p0000-D,Source mask missing: /data2/yuyao/methane_emission/carbon_mapper_data_masks/GAO20240612t194836p0000-D/plume.tif
GAO20240612t194836p0000-E,Source mask missing: /data2/yuyao/methane_emission/carbon_mapper_data_masks/GAO20240612t194836p0000-E/plume.tif
GAO20240612t194836p0000-F,Source mask missing: /data2/yuyao/methane_emission/carbon_mapper_data_masks/GAO20240612t194836p0000-F/plume.tif
GAO20240612t200810p0000-A,Source mask missing: /data2/yuyao/methane_emission/carbon_mapper_data_masks/GAO20240612t200810p0000-A/plume.tif
GAO20240612t200810p0000-B,Source mask missing: /data2/yuyao/methane_emission/carbon_mapper_data_masks/GAO20240612t200810p0000-B/plume.tif
GAO20240612t200810p0000-F,Source mask missing: /data2/yuyao/methane_emission/carbon_mapper_data_masks/GAO20240612t200810p0000-F/plume.tif
GAO20240612t202030p0000-A,Source mask missing: /data2/yuyao/methane_emission/carbon_mapper_data_masks/GAO20240612t202030p0000-A/plume.tif
GAO20240612t202030p0000-B,Source mask missing: /data2/yuyao/methane_emission/carbon_mapper_data_masks/GAO20240612t202030p0000-B/plume.tif
GAO20240612t202030p0000-C,Source mask missing: /data2/yuyao/methane_emission/carbon_mapper_data_masks/GAO20240612t202030p0000-C/plume.tif
GAO20240612t202030p0000-D,Source mask missing: /data2/yuyao/methane_emission/carbon_mapper_data_masks/GAO20240612t202030p0000-D/plume.tif
GAO20240612t202030p0000-E,Source mask missing: /data2/yuyao/methane_emission/carbon_mapper_data_masks/GAO20240612t202030p0000-E/plume.tif
GAO20240612t202030p0000-F,Source mask missing: /data2/yuyao/methane_emission/carbon_mapper_data_masks/GAO20240612t202030p0000-F/plume.tif
GAO20240612t202030p0000-G,Source mask missing: /data2/yuyao/methane_emission/carbon_mapper_data_masks/GAO20240612t202030p0000-G/plume.tif
GAO20240612t203545p0000-A,Source mask missing: /data2/yuyao/methane_emission/carbon_mapper_data_masks/GAO20240612t203545p0000-A/plume.tif
GAO20240612t203545p0000-C,Source mask missing: /data2/yuyao/methane_emission/carbon_mapper_data_masks/GAO20240612t203545p0000-C/plume.tif
GAO20240612t203545p0000-E,Source mask missing: /data2/yuyao/methane_emission/carbon_mapper_data_masks/GAO20240612t203545p0000-E/plume.tif
GAO20240612t203545p0000-F,Source mask missing: /data2/yuyao/methane_emission/carbon_mapper_data_masks/GAO20240612t203545p0000-F/plume.tif
GAO20240612t204755p0000-A,Source mask missing: /data2/yuyao/methane_emission/carbon_mapper_data_masks/GAO20240612t204755p0000-A/plume.tif
GAO20240612t204755p0000-B,Source mask missing: /data2/yuyao/methane_emission/carbon_mapper_data_masks/GAO20240612t204755p0000-B/plume.tif
GAO20240612t204755p0000-C,Source mask missing: /data2/yuyao/methane_emission/carbon_mapper_data_masks/GAO20240612t204755p0000-C/plume.tif
GAO20240612t204755p0000-D,Source mask missing: /data2/yuyao/methane_emission/carbon_mapper_data_masks/GAO20240612t204755p0000-D/plume.tif
GAO20240612t204755p0000-E,Source mask missing: /data2/yuyao/methane_emission/carbon_mapper_data_masks/GAO20240612t204755p0000-E/plume.tif
GAO20240612t204755p0000-I,Source mask missing: /data2/yuyao/methane_emission/carbon_mapper_data_masks/GAO20240612t204755p0000-I/plume.tif
GAO20240612t205640p0000-A,Source mask missing: /data2/yuyao/methane_emission/carbon_mapper_data_masks/GAO20240612t205640p0000-A/plume.tif
GAO20240612t205640p0000-B,Source mask missing: /data2/yuyao/methane_emission/carbon_mapper_data_masks/GAO20240612t205640p0000-B/plume.tif
GAO20240612t205640p0000-C,Source mask missing: /data2/yuyao/methane_emission/carbon_mapper_data_masks/GAO20240612t205640p0000-C/plume.tif
GAO20240612t205640p0000-D,Source mask missing: /data2/yuyao/methane_emission/carbon_mapper_data_masks/GAO20240612t205640p0000-D/plume.tif
GAO20240612t205640p0000-F,Source mask missing: /data2/yuyao/methane_emission/carbon_mapper_data_masks/GAO20240612t205640p0000-F/plume.tif
GAO20240612t210924p0000-A,Source mask missing: /data2/yuyao/methane_emission/carbon_mapper_data_masks/GAO20240612t210924p0000-A/plume.tif
GAO20240612t210924p0000-B,Source mask missing: /data2/yuyao/methane_emission/carbon_mapper_data_masks/GAO20240612t210924p0000-B/plume.tif
GAO20240612t210924p0000-E,Source mask missing: /data2/yuyao/methane_emission/carbon_mapper_data_masks/GAO20240612t210924p0000-E/plume.tif
GAO20240612t210924p0000-F,Source mask missing: /data2/yuyao/methane_emission/carbon_mapper_data_masks/GAO20240612t210924p0000-F/plume.tif
GAO20240612t210924p0000-G,Source mask missing: /data2/yuyao/methane_emission/carbon_mapper_data_masks/GAO20240612t210924p0000-G/plume.tif
GAO20240612t211809p0000-A,Source mask missing: /data2/yuyao/methane_emission/carbon_mapper_data_masks/GAO20240612t211809p0000-A/plume.tif
GAO20240612t211809p0000-C,Source mask missing: /data2/yuyao/methane_emission/carbon_mapper_data_masks/GAO20240612t211809p0000-C/plume.tif
GAO20240612t211809p0000-D,Source mask missing: /data2/yuyao/methane_emission/carbon_mapper_data_masks/GAO20240612t211809p0000-D/plume.tif
GAO20240612t211809p0000-F,Source mask missing: /data2/yuyao/methane_emission/carbon_mapper_data_masks/GAO20240612t211809p0000-F/plume.tif
GAO20240612t213044p0000-A,Source mask missing: /data2/yuyao/methane_emission/carbon_mapper_data_masks/GAO20240612t213044p0000-A/plume.tif
GAO20240612t213044p0000-C,Source mask missing: /data2/yuyao/methane_emission/carbon_mapper_data_masks/GAO20240612t213044p0000-C/plume.tif
GAO20240612t213044p0000-D,Source mask missing: /data2/yuyao/methane_emission/carbon_mapper_data_masks/GAO20240612t213044p0000-D/plume.tif
GAO20240612t213044p0000-E,Source mask missing: /data2/yuyao/methane_emission/carbon_mapper_data_masks/GAO20240612t213044p0000-E/plume.tif
GAO20240612t213044p0000-F,Source mask missing: /data2/yuyao/methane_emission/carbon_mapper_data_masks/GAO20240612t213044p0000-F/plume.tif
GAO20240612t213044p0000-G,Source mask missing: /data2/yuyao/methane_emission/carbon_mapper_data_masks/GAO20240612t213044p0000-G/plume.tif
GAO20240612t213044p0000-I,Source mask missing: /data2/yuyao/methane_emission/carbon_mapper_data_masks/GAO20240612t213044p0000-I/plume.tif
GAO20240612t213949p0000-A,Source mask missing: /data2/yuyao/methane_emission/carbon_mapper_data_masks/GAO20240612t213949p0000-A/plume.tif
GAO20240612t213949p0000-B,Source mask missing: /data2/yuyao/methane_emission/carbon_mapper_data_masks/GAO20240612t213949p0000-B/plume.tif
GAO20240612t213949p0000-C,Source mask missing: /data2/yuyao/methane_emission/carbon_mapper_data_masks/GAO20240612t213949p0000-C/plume.tif
GAO20240612t213949p0000-F,Source mask missing: /data2/yuyao/methane_emission/carbon_mapper_data_masks/GAO20240612t213949p0000-F/plume.tif
GAO20240612t215216p0000-A,Source mask missing: /data2/yuyao/methane_emission/carbon_mapper_data_masks/GAO20240612t215216p0000-A/plume.tif
GAO20240612t215216p0000-B,Source mask missing: /data2/yuyao/methane_emission/carbon_mapper_data_masks/GAO20240612t215216p0000-B/plume.tif
GAO20240612t215216p0000-C,Source mask missing: /data2/yuyao/methane_emission/carbon_mapper_data_masks/GAO20240612t215216p0000-C/plume.tif
GAO20240612t215216p0000-E,Source mask missing: /data2/yuyao/methane_emission/carbon_mapper_data_masks/GAO20240612t215216p0000-E/plume.tif
GAO20240612t215216p0000-F,Source mask missing: /data2/yuyao/methane_emission/carbon_mapper_data_masks/GAO20240612t215216p0000-F/plume.tif
GAO20240612t215216p0000-H,Source mask missing: /data2/yuyao/methane_emission/carbon_mapper_data_masks/GAO20240612t215216p0000-H/plume.tif
GAO20240612t215216p0000-J,Source mask missing: /data2/yuyao/methane_emission/carbon_mapper_data_masks/GAO20240612t215216p0000-J/plume.tif
GAO20240612t215216p0000-K,Source mask missing: /data2/yuyao/methane_emission/carbon_mapper_data_masks/GAO20240612t215216p0000-K/plume.tif
GAO20240612t215216p0000-L,Source mask missing: /data2/yuyao/methane_emission/carbon_mapper_data_masks/GAO20240612t215216p0000-L/plume.tif
GAO20240612t220114p0000-A,Source mask missing: /data2/yuyao/methane_emission/carbon_mapper_data_masks/GAO20240612t220114p0000-A/plume.tif
GAO20240612t220114p0000-B,Source mask missing: /data2/yuyao/methane_emission/carbon_mapper_data_masks/GAO20240612t220114p0000-B/plume.tif
GAO20240612t220114p0000-C,Source mask missing: /data2/yuyao/methane_emission/carbon_mapper_data_masks/GAO20240612t220114p0000-C/plume.tif
GAO20240612t220114p0000-D,Source mask missing: /data2/yuyao/methane_emission/carbon_mapper_data_masks/GAO20240612t220114p0000-D/plume.tif
GAO20240612t221405p0000-A,Source mask missing: /data2/yuyao/methane_emission/carbon_mapper_data_masks/GAO20240612t221405p0000-A/plume.tif
GAO20240612t221405p0000-B,Source mask missing: /data2/yuyao/methane_emission/carbon_mapper_data_masks/GAO20240612t221405p0000-B/plume.tif
GAO20240612t221405p0000-C,Source mask missing: /data2/yuyao/methane_emission/carbon_mapper_data_masks/GAO20240612t221405p0000-C/plume.tif
GAO20240612t221405p0000-D,Source mask missing: /data2/yuyao/methane_emission/carbon_mapper_data_masks/GAO20240612t221405p0000-D/plume.tif
GAO20240612t221405p0000-G,Source mask missing: /data2/yuyao/methane_emission/carbon_mapper_data_masks/GAO20240612t221405p0000-G/plume.tif
ang20160916t200814-A,Source mask missing: /data2/yuyao/methane_emission/carbon_mapper_data_masks/ang20160916t200814-A/plume.tif
ang20160916t200814-C,Source mask missing: /data2/yuyao/methane_emission/carbon_mapper_data_masks/ang20160916t200814-C/plume.tif
ang20160916t202433-D,Source mask missing: /data2/yuyao/methane_emission/carbon_mapper_data_masks/ang20160916t202433-D/plume.tif
ang20160916t202433-H,Source mask missing: /data2/yuyao/methane_emission/carbon_mapper_data_masks/ang20160916t202433-H/plume.tif
ang20160916t204345-B,Source mask missing: /data2/yuyao/methane_emission/carbon_mapper_data_masks/ang20160916t204345-B/plume.tif
ang20160916t205810-A,Source mask missing: /data2/yuyao/methane_emission/carbon_mapper_data_masks/ang20160916t205810-A/plume.tif
ang20160916t211157-F,Source mask missing: /data2/yuyao/methane_emission/carbon_mapper_data_masks/ang20160916t211157-F/plume.tif
ang20160916t212645-A,Source mask missing: /data2/yuyao/methane_emission/carbon_mapper_data_masks/ang20160916t212645-A/plume.tif
ang20160916t212645-B,Source mask missing: /data2/yuyao/methane_emission/carbon_mapper_data_masks/ang20160916t212645-B/plume.tif
ang20160925t201200-A,Source mask missing: /data2/yuyao/methane_emission/carbon_mapper_data_masks/ang20160925t201200-A/plume.tif
ang20160925t201200-C,Source mask missing: /data2/yuyao/methane_emission/carbon_mapper_data_masks/ang20160925t201200-C/plume.tif
ang20161026t182549-A,Source mask missing: /data2/yuyao/methane_emission/carbon_mapper_data_masks/ang20161026t182549-A/plume.tif
ang20170615t210701-A,Source mask missing: /data2/yuyao/methane_emission/carbon_mapper_data_masks/ang20170615t210701-A/plume.tif
ang20170615t210701-B,Source mask missing: /data2/yuyao/methane_emission/carbon_mapper_data_masks/ang20170615t210701-B/plume.tif
ang20170615t220302-B,Source mask missing: /data2/yuyao/methane_emission/carbon_mapper_data_masks/ang20170615t220302-B/plume.tif
ang20170615t220302-C,Source mask missing: /data2/yuyao/methane_emission/carbon_mapper_data_masks/ang20170615t220302-C/plume.tif
ang20170615t223601-A,Source mask missing: /data2/yuyao/methane_emission/carbon_mapper_data_masks/ang20170615t223601-A/plume.tif
ang20170615t223601-C,Source mask missing: /data2/yuyao/methane_emission/carbon_mapper_data_masks/ang20170615t223601-C/plume.tif
ang20170615t223601-E,Source mask missing: /data2/yuyao/methane_emission/carbon_mapper_data_masks/ang20170615t223601-E/plume.tif
ang20170615t230609-A,Source mask missing: /data2/yuyao/methane_emission/carbon_mapper_data_masks/ang20170615t230609-A/plume.tif
ang20170615t230609-B,Source mask missing: /data2/yuyao/methane_emission/carbon_mapper_data_masks/ang20170615t230609-B/plume.tif
ang20170615t230609-D,Source mask missing: /data2/yuyao/methane_emission/carbon_mapper_data_masks/ang20170615t230609-D/plume.tif
ang20170615t232626-A,Source mask missing: /data2/yuyao/methane_emission/carbon_mapper_data_masks/ang20170615t232626-A/plume.tif
ang20170615t233419-A,Source mask missing: /data2/yuyao/methane_emission/carbon_mapper_data_masks/ang20170615t233419-A/plume.tif
ang20170615t233419-B,Source mask missing: /data2/yuyao/methane_emission/carbon_mapper_data_masks/ang20170615t233419-B/plume.tif
ang20170615t233419-C,Source mask missing: /data2/yuyao/methane_emission/carbon_mapper_data_masks/ang20170615t233419-C/plume.tif
ang20170615t233419-D,Source mask missing: /data2/yuyao/methane_emission/carbon_mapper_data_masks/ang20170615t233419-D/plume.tif
ang20170615t233419-E,Source mask missing: /data2/yuyao/methane_emission/carbon_mapper_data_masks/ang20170615t233419-E/plume.tif
ang20170615t234140-A,Source mask missing: /data2/yuyao/methane_emission/carbon_mapper_data_masks/ang20170615t234140-A/plume.tif
ang20170615t234140-B,Source mask missing: /data2/yuyao/methane_emission/carbon_mapper_data_masks/ang20170615t234140-B/plume.tif
ang20170615t234140-C,Source mask missing: /data2/yuyao/methane_emission/carbon_mapper_data_masks/ang20170615t234140-C/plume.tif
ang20170615t234140-D,Source mask missing: /data2/yuyao/methane_emission/carbon_mapper_data_masks/ang20170615t234140-D/plume.tif
ang20170615t234140-E,Source mask missing: /data2/yuyao/methane_emission/carbon_mapper_data_masks/ang20170615t234140-E/plume.tif
ang20170615t234140-F,Source mask missing: /data2/yuyao/methane_emission/carbon_mapper_data_masks/ang20170615t234140-F/plume.tif
ang20170615t234140-G,Source mask missing: /data2/yuyao/methane_emission/carbon_mapper_data_masks/ang20170615t234140-G/plume.tif
ang20170615t234922-A,Source mask missing: /data2/yuyao/methane_emission/carbon_mapper_data_masks/ang20170615t234922-A/plume.tif
ang20170615t234922-B,Source mask missing: /data2/yuyao/methane_emission/carbon_mapper_data_masks/ang20170615t234922-B/plume.tif
ang20170615t234922-C,Source mask missing: /data2/yuyao/methane_emission/carbon_mapper_data_masks/ang20170615t234922-C/plume.tif
ang20170615t234922-D,Source mask missing: /data2/yuyao/methane_emission/carbon_mapper_data_masks/ang20170615t234922-D/plume.tif
ang20170620t221828-A,Source mask missing: /data2/yuyao/methane_emission/carbon_mapper_data_masks/ang20170620t221828-A/plume.tif
ang20170620t221828-B,Source mask missing: /data2/yuyao/methane_emission/carbon_mapper_data_masks/ang20170620t221828-B/plume.tif
ang20170620t221828-C,Source mask missing: /data2/yuyao/methane_emission/carbon_mapper_data_masks/ang20170620t221828-C/plume.tif
ang20170620t221828-D,Source mask missing: /data2/yuyao/methane_emission/carbon_mapper_data_masks/ang20170620t221828-D/plume.tif
ang20170620t221828-F,Source mask missing: /data2/yuyao/methane_emission/carbon_mapper_data_masks/ang20170620t221828-F/plume.tif
ang20170620t221828-G,Source mask missing: /data2/yuyao/methane_emission/carbon_mapper_data_masks/ang20170620t221828-G/plume.tif
ang20170620t221828-H,Source mask missing: /data2/yuyao/methane_emission/carbon_mapper_data_masks/ang20170620t221828-H/plume.tif
ang20170919t194958-A,Source mask missing: /data2/yuyao/methane_emission/carbon_mapper_data_masks/ang20170919t194958-A/plume.tif
ang20170919t194958-B,Source mask missing: /data2/yuyao/methane_emission/carbon_mapper_data_masks/ang20170919t194958-B/plume.tif
ang20170919t194958-C,Source mask missing: /data2/yuyao/methane_emission/carbon_mapper_data_masks/ang20170919t194958-C/plume.tif
ang20170919t194958-D,Source mask missing: /data2/yuyao/methane_emission/carbon_mapper_data_masks/ang20170919t194958-D/plume.tif
ang20170919t194958-E,Source mask missing: /data2/yuyao/methane_emission/carbon_mapper_data_masks/ang20170919t194958-E/plume.tif
ang20170919t202425-A,Source mask missing: /data2/yuyao/methane_emission/carbon_mapper_data_masks/ang20170919t202425-A/plume.tif
ang20170919t203101-A,Source mask missing: /data2/yuyao/methane_emission/carbon_mapper_data_masks/ang20170919t203101-A/plume.tif
ang20170919t203753-A,Source mask missing: /data2/yuyao/methane_emission/carbon_mapper_data_masks/ang20170919t203753-A/plume.tif
ang20170919t210400-A,Source mask missing: /data2/yuyao/methane_emission/carbon_mapper_data_masks/ang20170919t210400-A/plume.tif
ang20170919t211946-A,Source mask missing: /data2/yuyao/methane_emission/carbon_mapper_data_masks/ang20170919t211946-A/plume.tif
ang20170919t212654-A,Source mask missing: /data2/yuyao/methane_emission/carbon_mapper_data_masks/ang20170919t212654-A/plume.tif
ang20170919t213311-A,Source mask missing: /data2/yuyao/methane_emission/carbon_mapper_data_masks/ang20170919t213311-A/plume.tif
ang20170920t182452-B,Source mask missing: /data2/yuyao/methane_emission/carbon_mapper_data_masks/ang20170920t182452-B/plume.tif
ang20170920t182452-C,Source mask missing: /data2/yuyao/methane_emission/carbon_mapper_data_masks/ang20170920t182452-C/plume.tif
ang20170928t190510-A,Source mask missing: /data2/yuyao/methane_emission/carbon_mapper_data_masks/ang20170928t190510-A/plume.tif
ang20171003t202537-A,Source mask missing: /data2/yuyao/methane_emission/carbon_mapper_data_masks/ang20171003t202537-A/plume.tif
ang20171003t202537-B,Source mask missing: /data2/yuyao/methane_emission/carbon_mapper_data_masks/ang20171003t202537-B/plume.tif
ang20171003t202537-C,Source mask missing: /data2/yuyao/methane_emission/carbon_mapper_data_masks/ang20171003t202537-C/plume.tif
ang20171003t204400-A,Source mask missing: /data2/yuyao/methane_emission/carbon_mapper_data_masks/ang20171003t204400-A/plume.tif
ang20171003t204400-B,Source mask missing: /data2/yuyao/methane_emission/carbon_mapper_data_masks/ang20171003t204400-B/plume.tif
ang20171003t222158-A,Source mask missing: /data2/yuyao/methane_emission/carbon_mapper_data_masks/ang20171003t222158-A/plume.tif
ang20171003t223216-C,Source mask missing: /data2/yuyao/methane_emission/carbon_mapper_data_masks/ang20171003t223216-C/plume.tif
ang20171003t223216-D,Source mask missing: /data2/yuyao/methane_emission/carbon_mapper_data_masks/ang20171003t223216-D/plume.tif
ang20171003t224906-A,Source mask missing: /data2/yuyao/methane_emission/carbon_mapper_data_masks/ang20171003t224906-A/plume.tif
ang20171003t224906-B,Source mask missing: /data2/yuyao/methane_emission/carbon_mapper_data_masks/ang20171003t224906-B/plume.tif
ang20171003t224906-C,Source mask missing: /data2/yuyao/methane_emission/carbon_mapper_data_masks/ang20171003t224906-C/plume.tif
ang20171003t224906-D,Source mask missing: /data2/yuyao/methane_emission/carbon_mapper_data_masks/ang20171003t224906-D/plume.tif
ang20171003t224906-G,Source mask missing: /data2/yuyao/methane_emission/carbon_mapper_data_masks/ang20171003t224906-G/plume.tif
ang20171003t224906-H,Source mask missing: /data2/yuyao/methane_emission/carbon_mapper_data_masks/ang20171003t224906-H/plume.tif
ang20171003t224906-I,Source mask missing: /data2/yuyao/methane_emission/carbon_mapper_data_masks/ang20171003t224906-I/plume.tif
ang20171023t183733-A,Source mask missing: /data2/yuyao/methane_emission/carbon_mapper_data_masks/ang20171023t183733-A/plume.tif
ang20171023t183733-B,Source mask missing: /data2/yuyao/methane_emission/carbon_mapper_data_masks/ang20171023t183733-B/plume.tif
ang20171023t183733-C,Source mask missing: /data2/yuyao/methane_emission/carbon_mapper_data_masks/ang20171023t183733-C/plume.tif
ang20171023t184406-A,Source mask missing: /data2/yuyao/methane_emission/carbon_mapper_data_masks/ang20171023t184406-A/plume.tif
ang20171023t184406-B,Source mask missing: /data2/yuyao/methane_emission/carbon_mapper_data_masks/ang20171023t184406-B/plume.tif
ang20171023t184406-C,Source mask missing: /data2/yuyao/methane_emission/carbon_mapper_data_masks/ang20171023t184406-C/plume.tif
ang20171023t192818-B,Source mask missing: /data2/yuyao/methane_emission/carbon_mapper_data_masks/ang20171023t192818-B/plume.tif
ang20171023t192818-C,Source mask missing: /data2/yuyao/methane_emission/carbon_mapper_data_masks/ang20171023t192818-C/plume.tif
ang20171023t193220-C,Source mask missing: /data2/yuyao/methane_emission/carbon_mapper_data_masks/ang20171023t193220-C/plume.tif
ang20171023t193220-F,Source mask missing: /data2/yuyao/methane_emission/carbon_mapper_data_masks/ang20171023t193220-F/plume.tif
ang20171023t215031-A,Source mask missing: /data2/yuyao/methane_emission/carbon_mapper_data_masks/ang20171023t215031-A/plume.tif
ang20171023t215031-B,Source mask missing: /data2/yuyao/methane_emission/carbon_mapper_data_masks/ang20171023t215031-B/plume.tif
ang20171023t215031-C,Source mask missing: /data2/yuyao/methane_emission/carbon_mapper_data_masks/ang20171023t215031-C/plume.tif
ang20171023t215031-D,Source mask missing: /data2/yuyao/methane_emission/carbon_mapper_data_masks/ang20171023t215031-D/plume.tif
ang20171023t215031-F,Source mask missing: /data2/yuyao/methane_emission/carbon_mapper_data_masks/ang20171023t215031-F/plume.tif
ang20171023t215413-A,Source mask missing: /data2/yuyao/methane_emission/carbon_mapper_data_masks/ang20171023t215413-A/plume.tif
ang20171023t215413-B,Source mask missing: /data2/yuyao/methane_emission/carbon_mapper_data_masks/ang20171023t215413-B/plume.tif
ang20171023t215413-C,Source mask missing: /data2/yuyao/methane_emission/carbon_mapper_data_masks/ang20171023t215413-C/plume.tif
ang20171023t215413-D,Source mask missing: /data2/yuyao/methane_emission/carbon_mapper_data_masks/ang20171023t215413-D/plume.tif
ang20171023t215413-E,Source mask missing: /data2/yuyao/methane_emission/carbon_mapper_data_masks/ang20171023t215413-E/plume.tif
ang20171023t215413-F,Source mask missing: /data2/yuyao/methane_emission/carbon_mapper_data_masks/ang20171023t215413-F/plume.tif
ang20171023t215413-G,Source mask missing: /data2/yuyao/methane_emission/carbon_mapper_data_masks/ang20171023t215413-G/plume.tif
ang20171023t215413-H,Source mask missing: /data2/yuyao/methane_emission/carbon_mapper_data_masks/ang20171023t215413-H/plume.tif
ang20180821t200507-A,Source mask missing: /data2/yuyao/methane_emission/carbon_mapper_data_masks/ang20180821t200507-A/plume.tif
ang20180821t200507-B,Source mask missing: /data2/yuyao/methane_emission/carbon_mapper_data_masks/ang20180821t200507-B/plume.tif
ang20180821t201135-B,Source mask missing: /data2/yuyao/methane_emission/carbon_mapper_data_masks/ang20180821t201135-B/plume.tif
ang20180821t201548-B,Source mask missing: /data2/yuyao/methane_emission/carbon_mapper_data_masks/ang20180821t201548-B/plume.tif
ang20180920t185005-A,Source mask missing: /data2/yuyao/methane_emission/carbon_mapper_data_masks/ang20180920t185005-A/plume.tif
ang20180920t185005-B,Source mask missing: /data2/yuyao/methane_emission/carbon_mapper_data_masks/ang20180920t185005-B/plume.tif
ang20180920t185005-C,Source mask missing: /data2/yuyao/methane_emission/carbon_mapper_data_masks/ang20180920t185005-C/plume.tif
ang20180920t185005-D,Source mask missing: /data2/yuyao/methane_emission/carbon_mapper_data_masks/ang20180920t185005-D/plume.tif
ang20180920t185005-E,Source mask missing: /data2/yuyao/methane_emission/carbon_mapper_data_masks/ang20180920t185005-E/plume.tif
ang20180920t190207-A,Source mask missing: /data2/yuyao/methane_emission/carbon_mapper_data_masks/ang20180920t190207-A/plume.tif
ang20180920t190207-B,Source mask missing: /data2/yuyao/methane_emission/carbon_mapper_data_masks/ang20180920t190207-B/plume.tif
ang20180920t190207-C,Source mask missing: /data2/yuyao/methane_emission/carbon_mapper_data_masks/ang20180920t190207-C/plume.tif
ang20180920t190207-D,Source mask missing: /data2/yuyao/methane_emission/carbon_mapper_data_masks/ang20180920t190207-D/plume.tif
ang20180920t190207-E,Source mask missing: /data2/yuyao/methane_emission/carbon_mapper_data_masks/ang20180920t190207-E/plume.tif
ang20180920t191240-A,Source mask missing: /data2/yuyao/methane_emission/carbon_mapper_data_masks/ang20180920t191240-A/plume.tif
ang20180920t192430-A,Source mask missing: /data2/yuyao/methane_emission/carbon_mapper_data_masks/ang20180920t192430-A/plume.tif
ang20180920t193536-A,Source mask missing: /data2/yuyao/methane_emission/carbon_mapper_data_masks/ang20180920t193536-A/plume.tif
ang20180922t193023-A,Source mask missing: /data2/yuyao/methane_emission/carbon_mapper_data_masks/ang20180922t193023-A/plume.tif
ang20180922t193023-C,Source mask missing: /data2/yuyao/methane_emission/carbon_mapper_data_masks/ang20180922t193023-C/plume.tif
ang20180922t194326-A,Source mask missing: /data2/yuyao/methane_emission/carbon_mapper_data_masks/ang20180922t194326-A/plume.tif
ang20180922t194326-B,Source mask missing: /data2/yuyao/methane_emission/carbon_mapper_data_masks/ang20180922t194326-B/plume.tif
ang20180922t195009-A,Source mask missing: /data2/yuyao/methane_emission/carbon_mapper_data_masks/ang20180922t195009-A/plume.tif
ang20180922t195009-B,Source mask missing: /data2/yuyao/methane_emission/carbon_mapper_data_masks/ang20180922t195009-B/plume.tif
ang20180922t202750-A,Source mask missing: /data2/yuyao/methane_emission/carbon_mapper_data_masks/ang20180922t202750-A/plume.tif
ang20180922t202750-D,Source mask missing: /data2/yuyao/methane_emission/carbon_mapper_data_masks/ang20180922t202750-D/plume.tif
ang20180922t203520-B,Source mask missing: /data2/yuyao/methane_emission/carbon_mapper_data_masks/ang20180922t203520-B/plume.tif
ang20180922t205612-A,Source mask missing: /data2/yuyao/methane_emission/carbon_mapper_data_masks/ang20180922t205612-A/plume.tif
ang20180922t205612-B,Source mask missing: /data2/yuyao/methane_emission/carbon_mapper_data_masks/ang20180922t205612-B/plume.tif
ang20180922t205612-C,Source mask missing: /data2/yuyao/methane_emission/carbon_mapper_data_masks/ang20180922t205612-C/plume.tif
ang20180922t205612-D,Source mask missing: /data2/yuyao/methane_emission/carbon_mapper_data_masks/ang20180922t205612-D/plume.tif
ang20180922t205612-E,Source mask missing: /data2/yuyao/methane_emission/carbon_mapper_data_masks/ang20180922t205612-E/plume.tif
ang20180922t205612-F,Source mask missing: /data2/yuyao/methane_emission/carbon_mapper_data_masks/ang20180922t205612-F/plume.tif
ang20180922t205612-J,Source mask missing: /data2/yuyao/methane_emission/carbon_mapper_data_masks/ang20180922t205612-J/plume.tif
ang20180922t205612-K,Source mask missing: /data2/yuyao/methane_emission/carbon_mapper_data_masks/ang20180922t205612-K/plume.tif
ang20180922t205612-L,Source mask missing: /data2/yuyao/methane_emission/carbon_mapper_data_masks/ang20180922t205612-L/plume.tif
ang20180922t205612-M,Source mask missing: /data2/yuyao/methane_emission/carbon_mapper_data_masks/ang20180922t205612-M/plume.tif
ang20180922t205612-Q,Source mask missing: /data2/yuyao/methane_emission/carbon_mapper_data_masks/ang20180922t205612-Q/plume.tif
ang20180922t205612-R,Source mask missing: /data2/yuyao/methane_emission/carbon_mapper_data_masks/ang20180922t205612-R/plume.tif
ang20180922t205612-S,Source mask missing: /data2/yuyao/methane_emission/carbon_mapper_data_masks/ang20180922t205612-S/plume.tif
ang20180922t205612-T,Source mask missing: /data2/yuyao/methane_emission/carbon_mapper_data_masks/ang20180922t205612-T/plume.tif
ang20180922t205612-U,Source mask missing: /data2/yuyao/methane_emission/carbon_mapper_data_masks/ang20180922t205612-U/plume.tif
ang20180922t210202-F,Source mask missing: /data2/yuyao/methane_emission/carbon_mapper_data_masks/ang20180922t210202-F/plume.tif
ang20180922t210202-G,Source mask missing: /data2/yuyao/methane_emission/carbon_mapper_data_masks/ang20180922t210202-G/plume.tif
ang20180922t210202-H,Source mask missing: /data2/yuyao/methane_emission/carbon_mapper_data_masks/ang20180922t210202-H/plume.tif
ang20180922t210202-J,Source mask missing: /data2/yuyao/methane_emission/carbon_mapper_data_masks/ang20180922t210202-J/plume.tif
ang20180922t210202-L,Source mask missing: /data2/yuyao/methane_emission/carbon_mapper_data_masks/ang20180922t210202-L/plume.tif
ang20180922t210202-M,Source mask missing: /data2/yuyao/methane_emission/carbon_mapper_data_masks/ang20180922t210202-M/plume.tif
ang20180922t210202-P,Source mask missing: /data2/yuyao/methane_emission/carbon_mapper_data_masks/ang20180922t210202-P/plume.tif
ang20180922t210202-Q,Source mask missing: /data2/yuyao/methane_emission/carbon_mapper_data_masks/ang20180922t210202-Q/plume.tif
ang20180922t210202-R,Source mask missing: /data2/yuyao/methane_emission/carbon_mapper_data_masks/ang20180922t210202-R/plume.tif
ang20180922t210202-S,Source mask missing: /data2/yuyao/methane_emission/carbon_mapper_data_masks/ang20180922t210202-S/plume.tif
ang20180922t210202-T,Source mask missing: /data2/yuyao/methane_emission/carbon_mapper_data_masks/ang20180922t210202-T/plume.tif
ang20180922t210202-U,Source mask missing: /data2/yuyao/methane_emission/carbon_mapper_data_masks/ang20180922t210202-U/plume.tif
ang20180922t212002-A,Source mask missing: /data2/yuyao/methane_emission/carbon_mapper_data_masks/ang20180922t212002-A/plume.tif
ang20180922t212002-B,Source mask missing: /data2/yuyao/methane_emission/carbon_mapper_data_masks/ang20180922t212002-B/plume.tif
ang20181010t221412-A,Source mask missing: /data2/yuyao/methane_emission/carbon_mapper_data_masks/ang20181010t221412-A/plume.tif
ang20181010t221412-B,Source mask missing: /data2/yuyao/methane_emission/carbon_mapper_data_masks/ang20181010t221412-B/plume.tif
ang20181010t221412-C,Source mask missing: /data2/yuyao/methane_emission/carbon_mapper_data_masks/ang20181010t221412-C/plume.tif
ang20181010t221928-A,Source mask missing: /data2/yuyao/methane_emission/carbon_mapper_data_masks/ang20181010t221928-A/plume.tif
ang20181010t221928-B,Source mask missing: /data2/yuyao/methane_emission/carbon_mapper_data_masks/ang20181010t221928-B/plume.tif
ang20181010t221928-C,Source mask missing: /data2/yuyao/methane_emission/carbon_mapper_data_masks/ang20181010t221928-C/plume.tif
ang20181010t221928-D,Source mask missing: /data2/yuyao/methane_emission/carbon_mapper_data_masks/ang20181010t221928-D/plume.tif
ang20181010t221928-E,Source mask missing: /data2/yuyao/methane_emission/carbon_mapper_data_masks/ang20181010t221928-E/plume.tif
ang20190928t175550-1,Source mask missing: /data2/yuyao/methane_emission/carbon_mapper_data_masks/ang20190928t175550-1/plume.tif
ang20190928t175550-2,Source mask missing: /data2/yuyao/methane_emission/carbon_mapper_data_masks/ang20190928t175550-2/plume.tif
ang20190928t175550-3,Source mask missing: /data2/yuyao/methane_emission/carbon_mapper_data_masks/ang20190928t175550-3/plume.tif
ang20190928t181405-A,Source mask missing: /data2/yuyao/methane_emission/carbon_mapper_data_masks/ang20190928t181405-A/plume.tif
ang20190928t183313-1,Source mask missing: /data2/yuyao/methane_emission/carbon_mapper_data_masks/ang20190928t183313-1/plume.tif
ang20190928t183313-2,Source mask missing: /data2/yuyao/methane_emission/carbon_mapper_data_masks/ang20190928t183313-2/plume.tif
ang20190928t183313-4,Source mask missing: /data2/yuyao/methane_emission/carbon_mapper_data_masks/ang20190928t183313-4/plume.tif
ang20190928t183313-A,Source mask missing: /data2/yuyao/methane_emission/carbon_mapper_data_masks/ang20190928t183313-A/plume.tif
ang20190928t183313-B,Source mask missing: /data2/yuyao/methane_emission/carbon_mapper_data_masks/ang20190928t183313-B/plume.tif
ang20190928t185111-A,Source mask missing: /data2/yuyao/methane_emission/carbon_mapper_data_masks/ang20190928t185111-A/plume.tif
ang20190928t185111-B,Source mask missing: /data2/yuyao/methane_emission/carbon_mapper_data_masks/ang20190928t185111-B/plume.tif
ang20190928t185111-C,Source mask missing: /data2/yuyao/methane_emission/carbon_mapper_data_masks/ang20190928t185111-C/plume.tif
ang20190928t185111-D,Source mask missing: /data2/yuyao/methane_emission/carbon_mapper_data_masks/ang20190928t185111-D/plume.tif
ang20190928t190948-1,Source mask missing: /data2/yuyao/methane_emission/carbon_mapper_data_masks/ang20190928t190948-1/plume.tif
ang20190928t190948-2,Source mask missing: /data2/yuyao/methane_emission/carbon_mapper_data_masks/ang20190928t190948-2/plume.tif
ang20190928t190948-4,Source mask missing: /data2/yuyao/methane_emission/carbon_mapper_data_masks/ang20190928t190948-4/plume.tif
ang20190928t190948-5,Source mask missing: /data2/yuyao/methane_emission/carbon_mapper_data_masks/ang20190928t190948-5/plume.tif
ang20190928t190948-A,Source mask missing: /data2/yuyao/methane_emission/carbon_mapper_data_masks/ang20190928t190948-A/plume.tif
ang20190928t193847-A,Source mask missing: /data2/yuyao/methane_emission/carbon_mapper_data_masks/ang20190928t193847-A/plume.tif
ang20190928t193847-B,Source mask missing: /data2/yuyao/methane_emission/carbon_mapper_data_masks/ang20190928t193847-B/plume.tif
ang20191022t151202-A,Source mask missing: /data2/yuyao/methane_emission/carbon_mapper_data_masks/ang20191022t151202-A/plume.tif
ang20191022t152357-A,Source mask missing: /data2/yuyao/methane_emission/carbon_mapper_data_masks/ang20191022t152357-A/plume.tif
ang20191022t162321-A,Source mask missing: /data2/yuyao/methane_emission/carbon_mapper_data_masks/ang20191022t162321-A/plume.tif
ang20191022t162321-E,Source mask missing: /data2/yuyao/methane_emission/carbon_mapper_data_masks/ang20191022t162321-E/plume.tif
ang20191022t163722-1,Source mask missing: /data2/yuyao/methane_emission/carbon_mapper_data_masks/ang20191022t163722-1/plume.tif
ang20191022t163722-A,Source mask missing: /data2/yuyao/methane_emission/carbon_mapper_data_masks/ang20191022t163722-A/plume.tif
ang20191022t163722-B,Source mask missing: /data2/yuyao/methane_emission/carbon_mapper_data_masks/ang20191022t163722-B/plume.tif
ang20191022t172245-3,Source mask missing: /data2/yuyao/methane_emission/carbon_mapper_data_masks/ang20191022t172245-3/plume.tif
ang20191022t172245-4,Source mask missing: /data2/yuyao/methane_emission/carbon_mapper_data_masks/ang20191022t172245-4/plume.tif
ang20191022t172245-5,Source mask missing: /data2/yuyao/methane_emission/carbon_mapper_data_masks/ang20191022t172245-5/plume.tif
ang20191022t172245-6,Source mask missing: /data2/yuyao/methane_emission/carbon_mapper_data_masks/ang20191022t172245-6/plume.tif
ang20191022t172245-7,Source mask missing: /data2/yuyao/methane_emission/carbon_mapper_data_masks/ang20191022t172245-7/plume.tif
ang20191022t172245-A,Source mask missing: /data2/yuyao/methane_emission/carbon_mapper_data_masks/ang20191022t172245-A/plume.tif
ang20191022t172245-B,Source mask missing: /data2/yuyao/methane_emission/carbon_mapper_data_masks/ang20191022t172245-B/plume.tif
ang20200709t200904-1,Source mask missing: /data2/yuyao/methane_emission/carbon_mapper_data_masks/ang20200709t200904-1/plume.tif
ang20200709t201958-1,Source mask missing: /data2/yuyao/methane_emission/carbon_mapper_data_masks/ang20200709t201958-1/plume.tif
ang20200709t203053-2,Source mask missing: /data2/yuyao/methane_emission/carbon_mapper_data_masks/ang20200709t203053-2/plume.tif
ang20200709t204216-1,Source mask missing: /data2/yuyao/methane_emission/carbon_mapper_data_masks/ang20200709t204216-1/plume.tif
ang20200709t204216-A,Source mask missing: /data2/yuyao/methane_emission/carbon_mapper_data_masks/ang20200709t204216-A/plume.tif
ang20200709t204216-B,Source mask missing: /data2/yuyao/methane_emission/carbon_mapper_data_masks/ang20200709t204216-B/plume.tif
ang20200709t205211-1,Source mask missing: /data2/yuyao/methane_emission/carbon_mapper_data_masks/ang20200709t205211-1/plume.tif
ang20200709t205211-3,Source mask missing: /data2/yuyao/methane_emission/carbon_mapper_data_masks/ang20200709t205211-3/plume.tif
ang20200709t205211-5,Source mask missing: /data2/yuyao/methane_emission/carbon_mapper_data_masks/ang20200709t205211-5/plume.tif
ang20200709t205211-B,Source mask missing: /data2/yuyao/methane_emission/carbon_mapper_data_masks/ang20200709t205211-B/plume.tif
ang20200709t205211-C,Source mask missing: /data2/yuyao/methane_emission/carbon_mapper_data_masks/ang20200709t205211-C/plume.tif
ang20200709t205211-D,Source mask missing: /data2/yuyao/methane_emission/carbon_mapper_data_masks/ang20200709t205211-D/plume.tif
ang20200709t210220-1,Source mask missing: /data2/yuyao/methane_emission/carbon_mapper_data_masks/ang20200709t210220-1/plume.tif
ang20200709t210220-2,Source mask missing: /data2/yuyao/methane_emission/carbon_mapper_data_masks/ang20200709t210220-2/plume.tif
ang20200709t210220-3,Source mask missing: /data2/yuyao/methane_emission/carbon_mapper_data_masks/ang20200709t210220-3/plume.tif
ang20200709t210220-4,Source mask missing: /data2/yuyao/methane_emission/carbon_mapper_data_masks/ang20200709t210220-4/plume.tif
ang20200709t210220-A,Source mask missing: /data2/yuyao/methane_emission/carbon_mapper_data_masks/ang20200709t210220-A/plume.tif
ang20200709t210220-B,Source mask missing: /data2/yuyao/methane_emission/carbon_mapper_data_masks/ang20200709t210220-B/plume.tif
ang20200709t210220-D,Source mask missing: /data2/yuyao/methane_emission/carbon_mapper_data_masks/ang20200709t210220-D/plume.tif
ang20200709t210220-F,Source mask missing: /data2/yuyao/methane_emission/carbon_mapper_data_masks/ang20200709t210220-F/plume.tif
ang20200709t211401-1,Source mask missing: /data2/yuyao/methane_emission/carbon_mapper_data_masks/ang20200709t211401-1/plume.tif
ang20200709t212243-1,Source mask missing: /data2/yuyao/methane_emission/carbon_mapper_data_masks/ang20200709t212243-1/plume.tif
ang20200709t212858-1,Source mask missing: /data2/yuyao/methane_emission/carbon_mapper_data_masks/ang20200709t212858-1/plume.tif
ang20200709t213509-A,Source mask missing: /data2/yuyao/methane_emission/carbon_mapper_data_masks/ang20200709t213509-A/plume.tif
ang20200709t214232-A,Source mask missing: /data2/yuyao/methane_emission/carbon_mapper_data_masks/ang20200709t214232-A/plume.tif
ang20200709t214232-B,Source mask missing: /data2/yuyao/methane_emission/carbon_mapper_data_masks/ang20200709t214232-B/plume.tif
ang20200709t214232-C,Source mask missing: /data2/yuyao/methane_emission/carbon_mapper_data_masks/ang20200709t214232-C/plume.tif
ang20200709t215700-A,Source mask missing: /data2/yuyao/methane_emission/carbon_mapper_data_masks/ang20200709t215700-A/plume.tif
ang20200709t215700-B,Source mask missing: /data2/yuyao/methane_emission/carbon_mapper_data_masks/ang20200709t215700-B/plume.tif
ang20200709t221850-A,Source mask missing: /data2/yuyao/methane_emission/carbon_mapper_data_masks/ang20200709t221850-A/plume.tif
ang20200709t223021-A,Source mask missing: /data2/yuyao/methane_emission/carbon_mapper_data_masks/ang20200709t223021-A/plume.tif
ang20200709t223916-1,Source mask missing: /data2/yuyao/methane_emission/carbon_mapper_data_masks/ang20200709t223916-1/plume.tif
ang20200709t223916-2,Source mask missing: /data2/yuyao/methane_emission/carbon_mapper_data_masks/ang20200709t223916-2/plume.tif
ang20200709t224635-2,Source mask missing: /data2/yuyao/methane_emission/carbon_mapper_data_masks/ang20200709t224635-2/plume.tif
ang20220311t185338-A,Source mask missing: /data2/yuyao/methane_emission/carbon_mapper_data_masks/ang20220311t185338-A/plume.tif
ang20220311t202515-A,Source mask missing: /data2/yuyao/methane_emission/carbon_mapper_data_masks/ang20220311t202515-A/plume.tif
ang20220324t180449-A,Source mask missing: /data2/yuyao/methane_emission/carbon_mapper_data_masks/ang20220324t180449-A/plume.tif
ang20220324t180449-B,Source mask missing: /data2/yuyao/methane_emission/carbon_mapper_data_masks/ang20220324t180449-B/plume.tif
ang20220324t180449-C,Source mask missing: /data2/yuyao/methane_emission/carbon_mapper_data_masks/ang20220324t180449-C/plume.tif
ang20220324t182439-A,Source mask missing: /data2/yuyao/methane_emission/carbon_mapper_data_masks/ang20220324t182439-A/plume.tif
ang20220324t182439-B,Source mask missing: /data2/yuyao/methane_emission/carbon_mapper_data_masks/ang20220324t182439-B/plume.tif
ang20220324t182439-C,Source mask missing: /data2/yuyao/methane_emission/carbon_mapper_data_masks/ang20220324t182439-C/plume.tif
ang20220324t182439-D,Source mask missing: /data2/yuyao/methane_emission/carbon_mapper_data_masks/ang20220324t182439-D/plume.tif
ang20220324t184133-A,Source mask missing: /data2/yuyao/methane_emission/carbon_mapper_data_masks/ang20220324t184133-A/plume.tif
ang20220324t184133-B,Source mask missing: /data2/yuyao/methane_emission/carbon_mapper_data_masks/ang20220324t184133-B/plume.tif
ang20220324t184133-C,Source mask missing: /data2/yuyao/methane_emission/carbon_mapper_data_masks/ang20220324t184133-C/plume.tif
ang20220324t184133-D,Source mask missing: /data2/yuyao/methane_emission/carbon_mapper_data_masks/ang20220324t184133-D/plume.tif
ang20220324t184133-E,Source mask missing: /data2/yuyao/methane_emission/carbon_mapper_data_masks/ang20220324t184133-E/plume.tif
ang20220324t184133-F,Source mask missing: /data2/yuyao/methane_emission/carbon_mapper_data_masks/ang20220324t184133-F/plume.tif
ang20220324t184133-G,Source mask missing: /data2/yuyao/methane_emission/carbon_mapper_data_masks/ang20220324t184133-G/plume.tif
ang20220324t184133-H,Source mask missing: /data2/yuyao/methane_emission/carbon_mapper_data_masks/ang20220324t184133-H/plume.tif
ang20220324t190105-A,Source mask missing: /data2/yuyao/methane_emission/carbon_mapper_data_masks/ang20220324t190105-A/plume.tif
ang20220324t190105-B,Source mask missing: /data2/yuyao/methane_emission/carbon_mapper_data_masks/ang20220324t190105-B/plume.tif
ang20220324t190105-C,Source mask missing: /data2/yuyao/methane_emission/carbon_mapper_data_masks/ang20220324t190105-C/plume.tif
ang20220324t190105-D,Source mask missing: /data2/yuyao/methane_emission/carbon_mapper_data_masks/ang20220324t190105-D/plume.tif
ang20220324t190105-E,Source mask missing: /data2/yuyao/methane_emission/carbon_mapper_data_masks/ang20220324t190105-E/plume.tif
ang20220324t191818-B,Source mask missing: /data2/yuyao/methane_emission/carbon_mapper_data_masks/ang20220324t191818-B/plume.tif
ang20220324t191818-C,Source mask missing: /data2/yuyao/methane_emission/carbon_mapper_data_masks/ang20220324t191818-C/plume.tif
ang20220324t191818-D,Source mask missing: /data2/yuyao/methane_emission/carbon_mapper_data_masks/ang20220324t191818-D/plume.tif
ang20220324t191818-E,Source mask missing: /data2/yuyao/methane_emission/carbon_mapper_data_masks/ang20220324t191818-E/plume.tif
ang20220324t191818-F,Source mask missing: /data2/yuyao/methane_emission/carbon_mapper_data_masks/ang20220324t191818-F/plume.tif
ang20220324t193809-A,Source mask missing: /data2/yuyao/methane_emission/carbon_mapper_data_masks/ang20220324t193809-A/plume.tif
ang20220324t193809-B,Source mask missing: /data2/yuyao/methane_emission/carbon_mapper_data_masks/ang20220324t193809-B/plume.tif
ang20220324t193809-C,Source mask missing: /data2/yuyao/methane_emission/carbon_mapper_data_masks/ang20220324t193809-C/plume.tif
ang20220324t193809-D,Source mask missing: /data2/yuyao/methane_emission/carbon_mapper_data_masks/ang20220324t193809-D/plume.tif
ang20220324t193809-E,Source mask missing: /data2/yuyao/methane_emission/carbon_mapper_data_masks/ang20220324t193809-E/plume.tif
ang20220324t195537-A,Source mask missing: /data2/yuyao/methane_emission/carbon_mapper_data_masks/ang20220324t195537-A/plume.tif
ang20220324t195537-B,Source mask missing: /data2/yuyao/methane_emission/carbon_mapper_data_masks/ang20220324t195537-B/plume.tif
ang20220324t195537-C,Source mask missing: /data2/yuyao/methane_emission/carbon_mapper_data_masks/ang20220324t195537-C/plume.tif
ang20220324t195537-E,Source mask missing: /data2/yuyao/methane_emission/carbon_mapper_data_masks/ang20220324t195537-E/plume.tif
ang20220324t201527-A,Source mask missing: /data2/yuyao/methane_emission/carbon_mapper_data_masks/ang20220324t201527-A/plume.tif
ang20220324t201527-B,Source mask missing: /data2/yuyao/methane_emission/carbon_mapper_data_masks/ang20220324t201527-B/plume.tif
ang20220324t201527-C,Source mask missing: /data2/yuyao/methane_emission/carbon_mapper_data_masks/ang20220324t201527-C/plume.tif
ang20220324t201527-D,Source mask missing: /data2/yuyao/methane_emission/carbon_mapper_data_masks/ang20220324t201527-D/plume.tif
ang20220324t201527-E,Source mask missing: /data2/yuyao/methane_emission/carbon_mapper_data_masks/ang20220324t201527-E/plume.tif
ang20220324t202850-A,Source mask missing: /data2/yuyao/methane_emission/carbon_mapper_data_masks/ang20220324t202850-A/plume.tif
ang20220324t202850-B,Source mask missing: /data2/yuyao/methane_emission/carbon_mapper_data_masks/ang20220324t202850-B/plume.tif
ang20220324t202850-C,Source mask missing: /data2/yuyao/methane_emission/carbon_mapper_data_masks/ang20220324t202850-C/plume.tif
ang20220324t204413-A,Source mask missing: /data2/yuyao/methane_emission/carbon_mapper_data_masks/ang20220324t204413-A/plume.tif
ang20220324t204413-B,Source mask missing: /data2/yuyao/methane_emission/carbon_mapper_data_masks/ang20220324t204413-B/plume.tif
ang20220324t204413-C,Source mask missing: /data2/yuyao/methane_emission/carbon_mapper_data_masks/ang20220324t204413-C/plume.tif
ang20220324t204413-D,Source mask missing: /data2/yuyao/methane_emission/carbon_mapper_data_masks/ang20220324t204413-D/plume.tif
ang20220324t204413-E,Source mask missing: /data2/yuyao/methane_emission/carbon_mapper_data_masks/ang20220324t204413-E/plume.tif
ang20220324t204413-F,Source mask missing: /data2/yuyao/methane_emission/carbon_mapper_data_masks/ang20220324t204413-F/plume.tif
ang20220324t204413-G,Source mask missing: /data2/yuyao/methane_emission/carbon_mapper_data_masks/ang20220324t204413-G/plume.tif
ang20220324t205811-A,Source mask missing: /data2/yuyao/methane_emission/carbon_mapper_data_masks/ang20220324t205811-A/plume.tif
ang20220324t205811-B,Source mask missing: /data2/yuyao/methane_emission/carbon_mapper_data_masks/ang20220324t205811-B/plume.tif
ang20220324t205811-C,Source mask missing: /data2/yuyao/methane_emission/carbon_mapper_data_masks/ang20220324t205811-C/plume.tif
ang20220324t205811-D,Source mask missing: /data2/yuyao/methane_emission/carbon_mapper_data_masks/ang20220324t205811-D/plume.tif
ang20220324t211235-A,Source mask missing: /data2/yuyao/methane_emission/carbon_mapper_data_masks/ang20220324t211235-A/plume.tif
ang20220324t211235-B,Source mask missing: /data2/yuyao/methane_emission/carbon_mapper_data_masks/ang20220324t211235-B/plume.tif
ang20220324t211235-C,Source mask missing: /data2/yuyao/methane_emission/carbon_mapper_data_masks/ang20220324t211235-C/plume.tif
ang20220324t211235-D,Source mask missing: /data2/yuyao/methane_emission/carbon_mapper_data_masks/ang20220324t211235-D/plume.tif
ang20220324t211235-E,Source mask missing: /data2/yuyao/methane_emission/carbon_mapper_data_masks/ang20220324t211235-E/plume.tif
ang20220324t211235-F,Source mask missing: /data2/yuyao/methane_emission/carbon_mapper_data_masks/ang20220324t211235-F/plume.tif
ang20220324t211235-G,Source mask missing: /data2/yuyao/methane_emission/carbon_mapper_data_masks/ang20220324t211235-G/plume.tif
ang20220324t212542-A,Source mask missing: /data2/yuyao/methane_emission/carbon_mapper_data_masks/ang20220324t212542-A/plume.tif
ang20220324t212542-B,Source mask missing: /data2/yuyao/methane_emission/carbon_mapper_data_masks/ang20220324t212542-B/plume.tif
ang20220324t212542-C,Source mask missing: /data2/yuyao/methane_emission/carbon_mapper_data_masks/ang20220324t212542-C/plume.tif
ang20220325t173925-A,Source mask missing: /data2/yuyao/methane_emission/carbon_mapper_data_masks/ang20220325t173925-A/plume.tif
ang20220325t175529-D,Source mask missing: /data2/yuyao/methane_emission/carbon_mapper_data_masks/ang20220325t175529-D/plume.tif
ang20220325t180940-B,Source mask missing: /data2/yuyao/methane_emission/carbon_mapper_data_masks/ang20220325t180940-B/plume.tif
ang20220325t182553-B,Source mask missing: /data2/yuyao/methane_emission/carbon_mapper_data_masks/ang20220325t182553-B/plume.tif
ang20220325t184019-C,Source mask missing: /data2/yuyao/methane_emission/carbon_mapper_data_masks/ang20220325t184019-C/plume.tif
ang20220325t184019-D,Source mask missing: /data2/yuyao/methane_emission/carbon_mapper_data_masks/ang20220325t184019-D/plume.tif
ang20220325t185825-A,Source mask missing: /data2/yuyao/methane_emission/carbon_mapper_data_masks/ang20220325t185825-A/plume.tif
ang20220325t185825-B,Source mask missing: /data2/yuyao/methane_emission/carbon_mapper_data_masks/ang20220325t185825-B/plume.tif
ang20220325t185825-C,Source mask missing: /data2/yuyao/methane_emission/carbon_mapper_data_masks/ang20220325t185825-C/plume.tif
ang20220325t191254-A,Source mask missing: /data2/yuyao/methane_emission/carbon_mapper_data_masks/ang20220325t191254-A/plume.tif
ang20220325t191254-B,Source mask missing: /data2/yuyao/methane_emission/carbon_mapper_data_masks/ang20220325t191254-B/plume.tif
ang20220325t191254-C,Source mask missing: /data2/yuyao/methane_emission/carbon_mapper_data_masks/ang20220325t191254-C/plume.tif
ang20220325t192854-A,Source mask missing: /data2/yuyao/methane_emission/carbon_mapper_data_masks/ang20220325t192854-A/plume.tif
ang20220325t192854-B,Source mask missing: /data2/yuyao/methane_emission/carbon_mapper_data_masks/ang20220325t192854-B/plume.tif
ang20220325t192854-C,Source mask missing: /data2/yuyao/methane_emission/carbon_mapper_data_masks/ang20220325t192854-C/plume.tif
ang20220325t200407-A,Source mask missing: /data2/yuyao/methane_emission/carbon_mapper_data_masks/ang20220325t200407-A/plume.tif
ang20220325t200407-B,Source mask missing: /data2/yuyao/methane_emission/carbon_mapper_data_masks/ang20220325t200407-B/plume.tif
ang20220325t201833-A,Source mask missing: /data2/yuyao/methane_emission/carbon_mapper_data_masks/ang20220325t201833-A/plume.tif
ang20220325t201833-B,Source mask missing: /data2/yuyao/methane_emission/carbon_mapper_data_masks/ang20220325t201833-B/plume.tif
ang20220520t185319-A,Source mask missing: /data2/yuyao/methane_emission/carbon_mapper_data_masks/ang20220520t185319-A/plume.tif
ang20220520t185319-B,Source mask missing: /data2/yuyao/methane_emission/carbon_mapper_data_masks/ang20220520t185319-B/plume.tif
ang20220520t185319-C,Source mask missing: /data2/yuyao/methane_emission/carbon_mapper_data_masks/ang20220520t185319-C/plume.tif
ang20220520t185319-D,Source mask missing: /data2/yuyao/methane_emission/carbon_mapper_data_masks/ang20220520t185319-D/plume.tif
ang20220520t192245-A,Source mask missing: /data2/yuyao/methane_emission/carbon_mapper_data_masks/ang20220520t192245-A/plume.tif
ang20220520t192905-A,Source mask missing: /data2/yuyao/methane_emission/carbon_mapper_data_masks/ang20220520t192905-A/plume.tif
ang20220520t192905-B,Source mask missing: /data2/yuyao/methane_emission/carbon_mapper_data_masks/ang20220520t192905-B/plume.tif
ang20220520t193549-A,Source mask missing: /data2/yuyao/methane_emission/carbon_mapper_data_masks/ang20220520t193549-A/plume.tif
ang20220520t193549-B,Source mask missing: /data2/yuyao/methane_emission/carbon_mapper_data_masks/ang20220520t193549-B/plume.tif
ang20220520t193549-D,Source mask missing: /data2/yuyao/methane_emission/carbon_mapper_data_masks/ang20220520t193549-D/plume.tif
ang20220520t194728-A,Source mask missing: /data2/yuyao/methane_emission/carbon_mapper_data_masks/ang20220520t194728-A/plume.tif
ang20220520t194728-B,Source mask missing: /data2/yuyao/methane_emission/carbon_mapper_data_masks/ang20220520t194728-B/plume.tif
ang20220520t194728-C,Source mask missing: /data2/yuyao/methane_emission/carbon_mapper_data_masks/ang20220520t194728-C/plume.tif
ang20220520t195513-A,Source mask missing: /data2/yuyao/methane_emission/carbon_mapper_data_masks/ang20220520t195513-A/plume.tif
ang20220520t195513-B,Source mask missing: /data2/yuyao/methane_emission/carbon_mapper_data_masks/ang20220520t195513-B/plume.tif
ang20220520t195513-C,Source mask missing: /data2/yuyao/methane_emission/carbon_mapper_data_masks/ang20220520t195513-C/plume.tif
ang20220520t201527-A,Source mask missing: /data2/yuyao/methane_emission/carbon_mapper_data_masks/ang20220520t201527-A/plume.tif
ang20220520t201527-B,Source mask missing: /data2/yuyao/methane_emission/carbon_mapper_data_masks/ang20220520t201527-B/plume.tif
ang20220520t201527-C,Source mask missing: /data2/yuyao/methane_emission/carbon_mapper_data_masks/ang20220520t201527-C/plume.tif
ang20220520t202701-A,Source mask missing: /data2/yuyao/methane_emission/carbon_mapper_data_masks/ang20220520t202701-A/plume.tif
ang20220520t202701-B,Source mask missing: /data2/yuyao/methane_emission/carbon_mapper_data_masks/ang20220520t202701-B/plume.tif
ang20220520t202701-C,Source mask missing: /data2/yuyao/methane_emission/carbon_mapper_data_masks/ang20220520t202701-C/plume.tif
ang20220520t203154-A,Source mask missing: /data2/yuyao/methane_emission/carbon_mapper_data_masks/ang20220520t203154-A/plume.tif
ang20220520t203626-A,Source mask missing: /data2/yuyao/methane_emission/carbon_mapper_data_masks/ang20220520t203626-A/plume.tif
ang20220520t204322-A,Source mask missing: /data2/yuyao/methane_emission/carbon_mapper_data_masks/ang20220520t204322-A/plume.tif
ang20220520t204740-A,Source mask missing: /data2/yuyao/methane_emission/carbon_mapper_data_masks/ang20220520t204740-A/plume.tif
ang20220618t144935-A,Source mask missing: /data2/yuyao/methane_emission/carbon_mapper_data_masks/ang20220618t144935-A/plume.tif
ang20220618t163107-A,Source mask missing: /data2/yuyao/methane_emission/carbon_mapper_data_masks/ang20220618t163107-A/plume.tif
ang20220627t163536-A,Source mask missing: /data2/yuyao/methane_emission/carbon_mapper_data_masks/ang20220627t163536-A/plume.tif
ang20220627t163536-B,Source mask missing: /data2/yuyao/methane_emission/carbon_mapper_data_masks/ang20220627t163536-B/plume.tif
ang20220630t135047-A,Source mask missing: /data2/yuyao/methane_emission/carbon_mapper_data_masks/ang20220630t135047-A/plume.tif
ang20220824t183643-A,Source mask missing: /data2/yuyao/methane_emission/carbon_mapper_data_masks/ang20220824t183643-A/plume.tif
ang20220826t202657-A,Source mask missing: /data2/yuyao/methane_emission/carbon_mapper_data_masks/ang20220826t202657-A/plume.tif
ang20220903t214833-A,Source mask missing: /data2/yuyao/methane_emission/carbon_mapper_data_masks/ang20220903t214833-A/plume.tif
ang20220903t214833-B,Source mask missing: /data2/yuyao/methane_emission/carbon_mapper_data_masks/ang20220903t214833-B/plume.tif
ang20220903t215644-A,Source mask missing: /data2/yuyao/methane_emission/carbon_mapper_data_masks/ang20220903t215644-A/plume.tif
ang20220903t215644-B,Source mask missing: /data2/yuyao/methane_emission/carbon_mapper_data_masks/ang20220903t215644-B/plume.tif
ang20220903t221235-A,Source mask missing: /data2/yuyao/methane_emission/carbon_mapper_data_masks/ang20220903t221235-A/plume.tif
ang20230201t163242-A,Source mask missing: /data2/yuyao/methane_emission/carbon_mapper_data_masks/ang20230201t163242-A/plume.tif
ang20230201t163242-B,Source mask missing: /data2/yuyao/methane_emission/carbon_mapper_data_masks/ang20230201t163242-B/plume.tif
ang20230201t164640-A,Source mask missing: /data2/yuyao/methane_emission/carbon_mapper_data_masks/ang20230201t164640-A/plume.tif
ang20230201t170953-A,Source mask missing: /data2/yuyao/methane_emission/carbon_mapper_data_masks/ang20230201t170953-A/plume.tif
ang20230201t171405-A,Source mask missing: /data2/yuyao/methane_emission/carbon_mapper_data_masks/ang20230201t171405-A/plume.tif
ang20230201t182411-A,Source mask missing: /data2/yuyao/methane_emission/carbon_mapper_data_masks/ang20230201t182411-A/plume.tif
ang20230201t182411-B,Source mask missing: /data2/yuyao/methane_emission/carbon_mapper_data_masks/ang20230201t182411-B/plume.tif
ang20230201t182411-C,Source mask missing: /data2/yuyao/methane_emission/carbon_mapper_data_masks/ang20230201t182411-C/plume.tif
ang20230201t183955-A,Source mask missing: /data2/yuyao/methane_emission/carbon_mapper_data_masks/ang20230201t183955-A/plume.tif
ang20230314t194112-B,Source mask missing: /data2/yuyao/methane_emission/carbon_mapper_data_masks/ang20230314t194112-B/plume.tif
ang20230314t194942-A,Source mask missing: /data2/yuyao/methane_emission/carbon_mapper_data_masks/ang20230314t194942-A/plume.tif
av320240721t185446-A,Source mask missing: /data2/yuyao/methane_emission/carbon_mapper_data_masks/av320240721t185446-A/plume.tif
av320240721t185446-B,Source mask missing: /data2/yuyao/methane_emission/carbon_mapper_data_masks/av320240721t185446-B/plume.tif
av320240721t185446-C,Source mask missing: /data2/yuyao/methane_emission/carbon_mapper_data_masks/av320240721t185446-C/plume.tif
av320240721t185446-D,Source mask missing: /data2/yuyao/methane_emission/carbon_mapper_data_masks/av320240721t185446-D/plume.tif
av320240721t185446-E,Source mask missing: /data2/yuyao/methane_emission/carbon_mapper_data_masks/av320240721t185446-E/plume.tif
av320240721t185446-F,Source mask missing: /data2/yuyao/methane_emission/carbon_mapper_data_masks/av320240721t185446-F/plume.tif
av320240820t171349-A,Source mask missing: /data2/yuyao/methane_emission/carbon_mapper_data_masks/av320240820t171349-A/plume.tif
av320240820t172709-A,Source mask missing: /data2/yuyao/methane_emission/carbon_mapper_data_masks/av320240820t172709-A/plume.tif
av320240820t172709-B,Source mask missing: /data2/yuyao/methane_emission/carbon_mapper_data_masks/av320240820t172709-B/plume.tif
av320240820t172709-C,Source mask missing: /data2/yuyao/methane_emission/carbon_mapper_data_masks/av320240820t172709-C/plume.tif
av320240820t172709-D,Source mask missing: /data2/yuyao/methane_emission/carbon_mapper_data_masks/av320240820t172709-D/plume.tif
av320240820t172709-E,Source mask missing: /data2/yuyao/methane_emission/carbon_mapper_data_masks/av320240820t172709-E/plume.tif
av320240820t173539-A,Source mask missing: /data2/yuyao/methane_emission/carbon_mapper_data_masks/av320240820t173539-A/plume.tif
av320240820t182024-A,Source mask missing: /data2/yuyao/methane_emission/carbon_mapper_data_masks/av320240820t182024-A/plume.tif
av320240820t182024-B,Source mask missing: /data2/yuyao/methane_emission/carbon_mapper_data_masks/av320240820t182024-B/plume.tif
av320240820t182024-C,Source mask missing: /data2/yuyao/methane_emission/carbon_mapper_data_masks/av320240820t182024-C/plume.tif
av320241005t172306-A,Source mask missing: /data2/yuyao/methane_emission/carbon_mapper_data_masks/av320241005t172306-A/plume.tif
av320241005t172306-B,Source mask missing: /data2/yuyao/methane_emission/carbon_mapper_data_masks/av320241005t172306-B/plume.tif
av320241005t172306-C,Source mask missing: /data2/yuyao/methane_emission/carbon_mapper_data_masks/av320241005t172306-C/plume.tif
av320241005t172306-D,Source mask missing: /data2/yuyao/methane_emission/carbon_mapper_data_masks/av320241005t172306-D/plume.tif
av320241005t172306-E,Source mask missing: /data2/yuyao/methane_emission/carbon_mapper_data_masks/av320241005t172306-E/plume.tif
av320241005t173813-A,Source mask missing: /data2/yuyao/methane_emission/carbon_mapper_data_masks/av320241005t173813-A/plume.tif
av320241005t173813-B,Source mask missing: /data2/yuyao/methane_emission/carbon_mapper_data_masks/av320241005t173813-B/plume.tif
av320241005t173813-C,Source mask missing: /data2/yuyao/methane_emission/carbon_mapper_data_masks/av320241005t173813-C/plume.tif
av320241005t173813-D,Source mask missing: /data2/yuyao/methane_emission/carbon_mapper_data_masks/av320241005t173813-D/plume.tif
av320241005t173813-E,Source mask missing: /data2/yuyao/methane_emission/carbon_mapper_data_masks/av320241005t173813-E/plume.tif
av320241005t183935-A,Source mask missing: /data2/yuyao/methane_emission/carbon_mapper_data_masks/av320241005t183935-A/plume.tif
av320241005t183935-B,Source mask missing: /data2/yuyao/methane_emission/carbon_mapper_data_masks/av320241005t183935-B/plume.tif
av320241005t183935-C,Source mask missing: /data2/yuyao/methane_emission/carbon_mapper_data_masks/av320241005t183935-C/plume.tif
av320241005t183935-D,Source mask missing: /data2/yuyao/methane_emission/carbon_mapper_data_masks/av320241005t183935-D/plume.tif
av320241005t183935-E,Source mask missing: /data2/yuyao/methane_emission/carbon_mapper_data_masks/av320241005t183935-E/plume.tif
av320241005t185429-A,Source mask missing: /data2/yuyao/methane_emission/carbon_mapper_data_masks/av320241005t185429-A/plume.tif
av320241005t185429-B,Source mask missing: /data2/yuyao/methane_emission/carbon_mapper_data_masks/av320241005t185429-B/plume.tif
av320241014t193616-A,Source mask missing: /data2/yuyao/methane_emission/carbon_mapper_data_masks/av320241014t193616-A/plume.tif
av320241014t194057-A,Source mask missing: /data2/yuyao/methane_emission/carbon_mapper_data_masks/av320241014t194057-A/plume.tif
av320250718t164841-A,Source mask missing: /data2/yuyao/methane_emission/carbon_mapper_data_masks/av320250718t164841-A/plume.tif
av320250718t164841-B,Source mask missing: /data2/yuyao/methane_emission/carbon_mapper_data_masks/av320250718t164841-B/plume.tif
av320250718t164841-C,Source mask missing: /data2/yuyao/methane_emission/carbon_mapper_data_masks/av320250718t164841-C/plume.tif
av320250718t164841-D,Source mask missing: /data2/yuyao/methane_emission/carbon_mapper_data_masks/av320250718t164841-D/plume.tif
av320250718t164841-E,Source mask missing: /data2/yuyao/methane_emission/carbon_mapper_data_masks/av320250718t164841-E/plume.tif
av320250720t141441-A,Source mask missing: /data2/yuyao/methane_emission/carbon_mapper_data_masks/av320250720t141441-A/plume.tif
av320250723t162202-A,Source mask missing: /data2/yuyao/methane_emission/carbon_mapper_data_masks/av320250723t162202-A/plume.tif
av320250723t162202-B,Source mask missing: /data2/yuyao/methane_emission/carbon_mapper_data_masks/av320250723t162202-B/plume.tif
av320250723t162202-C,Source mask missing: /data2/yuyao/methane_emission/carbon_mapper_data_masks/av320250723t162202-C/plume.tif
av320250723t164136-A,Source mask missing: /data2/yuyao/methane_emission/carbon_mapper_data_masks/av320250723t164136-A/plume.tif
av320250723t164136-I,Source mask missing: /data2/yuyao/methane_emission/carbon_mapper_data_masks/av320250723t164136-I/plume.tif
av320250723t170211-J,Source mask missing: /data2/yuyao/methane_emission/carbon_mapper_data_masks/av320250723t170211-J/plume.tif
av320250723t174230-G,Source mask missing: /data2/yuyao/methane_emission/carbon_mapper_data_masks/av320250723t174230-G/plume.tif
av320250723t174230-H,Source mask missing: /data2/yuyao/methane_emission/carbon_mapper_data_masks/av320250723t174230-H/plume.tif
av320250723t174230-I,Source mask missing: /data2/yuyao/methane_emission/carbon_mapper_data_masks/av320250723t174230-I/plume.tif
av320250724t152229-A,Source mask missing: /data2/yuyao/methane_emission/carbon_mapper_data_masks/av320250724t152229-A/plume.tif
av320250802t161342-C,Source mask missing: /data2/yuyao/methane_emission/carbon_mapper_data_masks/av320250802t161342-C/plume.tif
emi20220815t105833p07011-A,Source mask missing: /data2/yuyao/methane_emission/carbon_mapper_data_masks/emi20220815t105833p07011-A/plume.tif
emi20220815t105833p07011-B,Source mask missing: /data2/yuyao/methane_emission/carbon_mapper_data_masks/emi20220815t105833p07011-B/plume.tif
emi20220815t105833p07011-C,Source mask missing: /data2/yuyao/methane_emission/carbon_mapper_data_masks/emi20220815t105833p07011-C/plume.tif
emi20220815t105833p07011-D,Source mask missing: /data2/yuyao/methane_emission/carbon_mapper_data_masks/emi20220815t105833p07011-D/plume.tif
emi20220815t105833p07011-E,Source mask missing: /data2/yuyao/methane_emission/carbon_mapper_data_masks/emi20220815t105833p07011-E/plume.tif
emi20220815t105833p07011-F,Source mask missing: /data2/yuyao/methane_emission/carbon_mapper_data_masks/emi20220815t105833p07011-F/plume.tif
emi20220815t105833p07011-G,Source mask missing: /data2/yuyao/methane_emission/carbon_mapper_data_masks/emi20220815t105833p07011-G/plume.tif
emi20220815t105833p07011-H,Source mask missing: /data2/yuyao/methane_emission/carbon_mapper_data_masks/emi20220815t105833p07011-H/plume.tif
emi20220815t105833p07011-I,Source mask missing: /data2/yuyao/methane_emission/carbon_mapper_data_masks/emi20220815t105833p07011-I/plume.tif
emi20220815t105833p07011-J,Source mask missing: /data2/yuyao/methane_emission/carbon_mapper_data_masks/emi20220815t105833p07011-J/plume.tif
emi20220815t105833p07011-K,Source mask missing: /data2/yuyao/methane_emission/carbon_mapper_data_masks/emi20220815t105833p07011-K/plume.tif
emi20220815t105833p07011-L,Source mask missing: /data2/yuyao/methane_emission/carbon_mapper_data_masks/emi20220815t105833p07011-L/plume.tif
emi20220815t105833p07011-M,Source mask missing: /data2/yuyao/methane_emission/carbon_mapper_data_masks/emi20220815t105833p07011-M/plume.tif
emi20220815t105833p07011-N,Source mask missing: /data2/yuyao/methane_emission/carbon_mapper_data_masks/emi20220815t105833p07011-N/plume.tif
emi20220815t105833p07011-R,Source mask missing: /data2/yuyao/methane_emission/carbon_mapper_data_masks/emi20220815t105833p07011-R/plume.tif
emi20220818t083506p06021-A,Source mask missing: /data2/yuyao/methane_emission/carbon_mapper_data_masks/emi20220818t083506p06021-A/plume.tif
emi20220820t083324p06013-A,Source mask missing: /data2/yuyao/methane_emission/carbon_mapper_data_masks/emi20220820t083324p06013-A/plume.tif
emi20220822t100653p07004-A,Source mask missing: /data2/yuyao/methane_emission/carbon_mapper_data_masks/emi20220822t100653p07004-A/plume.tif
emi20220826t174642p12024-A,Source mask missing: /data2/yuyao/methane_emission/carbon_mapper_data_masks/emi20220826t174642p12024-A/plume.tif
emi20220830t065232p05004-A,Source mask missing: /data2/yuyao/methane_emission/carbon_mapper_data_masks/emi20220830t065232p05004-A/plume.tif
emi20220830t065244p05005-A,Source mask missing: /data2/yuyao/methane_emission/carbon_mapper_data_masks/emi20220830t065244p05005-A/plume.tif
emi20220831t060702p04007-A,Source mask missing: /data2/yuyao/methane_emission/carbon_mapper_data_masks/emi20220831t060702p04007-A/plume.tif
emi20220831t060702p04007-C,Source mask missing: /data2/yuyao/methane_emission/carbon_mapper_data_masks/emi20220831t060702p04007-C/plume.tif
emi20220901t034318p03002-A,Source mask missing: /data2/yuyao/methane_emission/carbon_mapper_data_masks/emi20220901t034318p03002-A/plume.tif
emi20220901t034318p03002-B,Source mask missing: /data2/yuyao/methane_emission/carbon_mapper_data_masks/emi20220901t034318p03002-B/plume.tif
emi20220901t034318p03002-C,Source mask missing: /data2/yuyao/methane_emission/carbon_mapper_data_masks/emi20220901t034318p03002-C/plume.tif
emi20220901t034318p03002-D,Source mask missing: /data2/yuyao/methane_emission/carbon_mapper_data_masks/emi20220901t034318p03002-D/plume.tif
emi20220901t034318p03002-E,Source mask missing: /data2/yuyao/methane_emission/carbon_mapper_data_masks/emi20220901t034318p03002-E/plume.tif
emi20220901t034318p03002-F,Source mask missing: /data2/yuyao/methane_emission/carbon_mapper_data_masks/emi20220901t034318p03002-F/plume.tif
emi20220901t034318p03002-G,Source mask missing: /data2/yuyao/methane_emission/carbon_mapper_data_masks/emi20220901t034318p03002-G/plume.tif
emi20220901t034318p03002-H,Source mask missing: /data2/yuyao/methane_emission/carbon_mapper_data_masks/emi20220901t034318p03002-H/plume.tif
emi20220901t034318p03002-I,Source mask missing: /data2/yuyao/methane_emission/carbon_mapper_data_masks/emi20220901t034318p03002-I/plume.tif
emi20220901t034318p03002-J,Source mask missing: /data2/yuyao/methane_emission/carbon_mapper_data_masks/emi20220901t034318p03002-J/plume.tif
emi20220901t034318p03002-K,Source mask missing: /data2/yuyao/methane_emission/carbon_mapper_data_masks/emi20220901t034318p03002-K/plume.tif
emi20220901t034318p03002-M,Source mask missing: /data2/yuyao/methane_emission/carbon_mapper_data_masks/emi20220901t034318p03002-M/plume.tif
emi20230125t004744p16006-A,Source mask missing: /data2/yuyao/methane_emission/carbon_mapper_data_masks/emi20230125t004744p16006-A/plume.tif
emi20230125t004744p16006-C,Source mask missing: /data2/yuyao/methane_emission/carbon_mapper_data_masks/emi20230125t004744p16006-C/plume.tif
emi20230129t130333p08047-A,Source mask missing: /data2/yuyao/methane_emission/carbon_mapper_data_masks/emi20230129t130333p08047-A/plume.tif
emi20230203t062256p05002-A,Source mask missing: /data2/yuyao/methane_emission/carbon_mapper_data_masks/emi20230203t062256p05002-A/plume.tif
emi20230204t040649p03007-A,Source mask missing: /data2/yuyao/methane_emission/carbon_mapper_data_masks/emi20230204t040649p03007-A/plume.tif
emi20230204t040649p03007-D,Source mask missing: /data2/yuyao/methane_emission/carbon_mapper_data_masks/emi20230204t040649p03007-D/plume.tif
emi20230204t041009p03016-A,Source mask missing: /data2/yuyao/methane_emission/carbon_mapper_data_masks/emi20230204t041009p03016-A/plume.tif
emi20230205t171406p12013-A,Source mask missing: /data2/yuyao/methane_emission/carbon_mapper_data_masks/emi20230205t171406p12013-A/plume.tif
emi20230206t053232p04015-A,Source mask missing: /data2/yuyao/methane_emission/carbon_mapper_data_masks/emi20230206t053232p04015-A/plume.tif
emi20230214t103457p07034-B,Source mask missing: /data2/yuyao/methane_emission/carbon_mapper_data_masks/emi20230214t103457p07034-B/plume.tif
emi20230215t094642p06018-C,Source mask missing: /data2/yuyao/methane_emission/carbon_mapper_data_masks/emi20230215t094642p06018-C/plume.tif
emi20230216t212501p14027-A,Source mask missing: /data2/yuyao/methane_emission/carbon_mapper_data_masks/emi20230216t212501p14027-A/plume.tif
emi20230221t045604p03014-A,Source mask missing: /data2/yuyao/methane_emission/carbon_mapper_data_masks/emi20230221t045604p03014-A/plume.tif
emi20230221t093954p06016-A,Source mask missing: /data2/yuyao/methane_emission/carbon_mapper_data_masks/emi20230221t093954p06016-A/plume.tif
emi20230224t121654p08045-A,Source mask missing: /data2/yuyao/methane_emission/carbon_mapper_data_masks/emi20230224t121654p08045-A/plume.tif
emi20230224t181417p12035-B,Source mask missing: /data2/yuyao/methane_emission/carbon_mapper_data_masks/emi20230224t181417p12035-B/plume.tif
emi20230224t181417p12035-D,Source mask missing: /data2/yuyao/methane_emission/carbon_mapper_data_masks/emi20230224t181417p12035-D/plume.tif
emi20230224t181429p12036-A,Source mask missing: /data2/yuyao/methane_emission/carbon_mapper_data_masks/emi20230224t181429p12036-A/plume.tif
emi20230224t181429p12036-B,Source mask missing: /data2/yuyao/methane_emission/carbon_mapper_data_masks/emi20230224t181429p12036-B/plume.tif
emi20230224t181429p12036-C,Source mask missing: /data2/yuyao/methane_emission/carbon_mapper_data_masks/emi20230224t181429p12036-C/plume.tif
emi20230224t181429p12036-D,Source mask missing: /data2/yuyao/methane_emission/carbon_mapper_data_masks/emi20230224t181429p12036-D/plume.tif
emi20230224t181441p12037-A,Source mask missing: /data2/yuyao/methane_emission/carbon_mapper_data_masks/emi20230224t181441p12037-A/plume.tif
emi20230225t050619p03020-D,Source mask missing: /data2/yuyao/methane_emission/carbon_mapper_data_masks/emi20230225t050619p03020-D/plume.tif
emi20230225t050619p03020-E,Source mask missing: /data2/yuyao/methane_emission/carbon_mapper_data_masks/emi20230225t050619p03020-E/plume.tif
emi20230227t063058p04005-A,Source mask missing: /data2/yuyao/methane_emission/carbon_mapper_data_masks/emi20230227t063058p04005-A/plume.tif
emi20230227t063110p04006-A,Source mask missing: /data2/yuyao/methane_emission/carbon_mapper_data_masks/emi20230227t063110p04006-A/plume.tif
emi20230227t172227p11010-A,Source mask missing: /data2/yuyao/methane_emission/carbon_mapper_data_masks/emi20230227t172227p11010-A/plume.tif
emi20230327t120957p08046-A,Source mask missing: /data2/yuyao/methane_emission/carbon_mapper_data_masks/emi20230327t120957p08046-A/plume.tif
emi20230327t134208p09041-B,Source mask missing: /data2/yuyao/methane_emission/carbon_mapper_data_masks/emi20230327t134208p09041-B/plume.tif
emi20230329t103702p07047-A,Source mask missing: /data2/yuyao/methane_emission/carbon_mapper_data_masks/emi20230329t103702p07047-A/plume.tif
emi20230330t111952p08038-B,Source mask missing: /data2/yuyao/methane_emission/carbon_mapper_data_masks/emi20230330t111952p08038-B/plume.tif
emi20230330t125250p09037-A,Source mask missing: /data2/yuyao/methane_emission/carbon_mapper_data_masks/emi20230330t125250p09037-A/plume.tif
emi20230330t125302p09038-A,Source mask missing: /data2/yuyao/methane_emission/carbon_mapper_data_masks/emi20230330t125302p09038-A/plume.tif
emi20230330t125302p09038-B,Source mask missing: /data2/yuyao/methane_emission/carbon_mapper_data_masks/emi20230330t125302p09038-B/plume.tif
emi20230330t125302p09038-C,Source mask missing: /data2/yuyao/methane_emission/carbon_mapper_data_masks/emi20230330t125302p09038-C/plume.tif
emi20230330t125302p09038-D,Source mask missing: /data2/yuyao/methane_emission/carbon_mapper_data_masks/emi20230330t125302p09038-D/plume.tif
emi20230402t103159p07036-A,Source mask missing: /data2/yuyao/methane_emission/carbon_mapper_data_masks/emi20230402t103159p07036-A/plume.tif
emi20230403t063808p05006-A,Source mask missing: /data2/yuyao/methane_emission/carbon_mapper_data_masks/emi20230403t063808p05006-A/plume.tif
emi20230403t081031p06023-A,Source mask missing: /data2/yuyao/methane_emission/carbon_mapper_data_masks/emi20230403t081031p06023-A/plume.tif
emi20230404t090019p06047-B,Source mask missing: /data2/yuyao/methane_emission/carbon_mapper_data_masks/emi20230404t090019p06047-B/plume.tif
emi20230404t090019p06047-C,Source mask missing: /data2/yuyao/methane_emission/carbon_mapper_data_masks/emi20230404t090019p06047-C/plume.tif
emi20230404t090019p06047-D,Source mask missing: /data2/yuyao/methane_emission/carbon_mapper_data_masks/emi20230404t090019p06047-D/plume.tif
emi20230404t090031p06048-A,Source mask missing: /data2/yuyao/methane_emission/carbon_mapper_data_masks/emi20230404t090031p06048-A/plume.tif
emi20230404t195131p13002-B,Source mask missing: /data2/yuyao/methane_emission/carbon_mapper_data_masks/emi20230404t195131p13002-B/plume.tif
emi20230405t190335p13004-A,Source mask missing: /data2/yuyao/methane_emission/carbon_mapper_data_masks/emi20230405t190335p13004-A/plume.tif
emi20230405t190335p13004-B,Source mask missing: /data2/yuyao/methane_emission/carbon_mapper_data_masks/emi20230405t190335p13004-B/plume.tif
emi20230406t042233p03017-A,Source mask missing: /data2/yuyao/methane_emission/carbon_mapper_data_masks/emi20230406t042233p03017-A/plume.tif
emi20230406t181854p12020-A,Source mask missing: /data2/yuyao/methane_emission/carbon_mapper_data_masks/emi20230406t181854p12020-A/plume.tif
emi20230406t181906p12021-B,Source mask missing: /data2/yuyao/methane_emission/carbon_mapper_data_masks/emi20230406t181906p12021-B/plume.tif
emi20230407t081044p06039-A,Source mask missing: /data2/yuyao/methane_emission/carbon_mapper_data_masks/emi20230407t081044p06039-A/plume.tif
emi20230408t103156p07002-A,Source mask missing: /data2/yuyao/methane_emission/carbon_mapper_data_masks/emi20230408t103156p07002-A/plume.tif
emi20230418t060625p04019-A,Source mask missing: /data2/yuyao/methane_emission/carbon_mapper_data_masks/emi20230418t060625p04019-A/plume.tif
emi20230418t060625p04019-B,Source mask missing: /data2/yuyao/methane_emission/carbon_mapper_data_masks/emi20230418t060625p04019-B/plume.tif
emi20230418t060625p04019-C,Source mask missing: /data2/yuyao/methane_emission/carbon_mapper_data_masks/emi20230418t060625p04019-C/plume.tif
emi20230418t060625p04019-D,Source mask missing: /data2/yuyao/methane_emission/carbon_mapper_data_masks/emi20230418t060625p04019-D/plume.tif
emi20230418t060625p04019-E,Source mask missing: /data2/yuyao/methane_emission/carbon_mapper_data_masks/emi20230418t060625p04019-E/plume.tif
emi20230418t060625p04019-F,Source mask missing: /data2/yuyao/methane_emission/carbon_mapper_data_masks/emi20230418t060625p04019-F/plume.tif
emi20230418t060625p04019-G,Source mask missing: /data2/yuyao/methane_emission/carbon_mapper_data_masks/emi20230418t060625p04019-G/plume.tif
emi20230418t091152p06020-A,Source mask missing: /data2/yuyao/methane_emission/carbon_mapper_data_masks/emi20230418t091152p06020-A/plume.tif
emi20230423t112832p08014-A,Source mask missing: /data2/yuyao/methane_emission/carbon_mapper_data_masks/emi20230423t112832p08014-A/plume.tif
emi20230424t164949p11003-D,Source mask missing: /data2/yuyao/methane_emission/carbon_mapper_data_masks/emi20230424t164949p11003-D/plume.tif
emi20230424t182533p12027-A,Source mask missing: /data2/yuyao/methane_emission/carbon_mapper_data_masks/emi20230424t182533p12027-A/plume.tif
emi20230424t182545p12028-B,Source mask missing: /data2/yuyao/methane_emission/carbon_mapper_data_masks/emi20230424t182545p12028-B/plume.tif
emi20230424t182545p12028-F,Source mask missing: /data2/yuyao/methane_emission/carbon_mapper_data_masks/emi20230424t182545p12028-F/plume.tif
emi20230424t182545p12028-G,Source mask missing: /data2/yuyao/methane_emission/carbon_mapper_data_masks/emi20230424t182545p12028-G/plume.tif
emi20230425t095431p07011-A,Source mask missing: /data2/yuyao/methane_emission/carbon_mapper_data_masks/emi20230425t095431p07011-A/plume.tif
emi20230426t025157p02010-B,Source mask missing: /data2/yuyao/methane_emission/carbon_mapper_data_masks/emi20230426t025157p02010-B/plume.tif
emi20230426t055703p04008-A,Source mask missing: /data2/yuyao/methane_emission/carbon_mapper_data_masks/emi20230426t055703p04008-A/plume.tif
emi20230426t055703p04008-B,Source mask missing: /data2/yuyao/methane_emission/carbon_mapper_data_masks/emi20230426t055703p04008-B/plume.tif
emi20230426t055703p04008-C,Source mask missing: /data2/yuyao/methane_emission/carbon_mapper_data_masks/emi20230426t055703p04008-C/plume.tif
emi20230428t073006p05004-A,Source mask missing: /data2/yuyao/methane_emission/carbon_mapper_data_masks/emi20230428t073006p05004-A/plume.tif
emi20230428t090309p06011-A,Source mask missing: /data2/yuyao/methane_emission/carbon_mapper_data_masks/emi20230428t090309p06011-A/plume.tif
emi20230429t064453p04024-A,Source mask missing: /data2/yuyao/methane_emission/carbon_mapper_data_masks/emi20230429t064453p04024-A/plume.tif
emi20230430t055556p04010-A,Source mask missing: /data2/yuyao/methane_emission/carbon_mapper_data_masks/emi20230430t055556p04010-A/plume.tif
emi20230430t055608p04011-A,Source mask missing: /data2/yuyao/methane_emission/carbon_mapper_data_masks/emi20230430t055608p04011-A/plume.tif
emi20230505t004444p16007-A,Source mask missing: /data2/yuyao/methane_emission/carbon_mapper_data_masks/emi20230505t004444p16007-A/plume.tif
emi20230505t004444p16007-B,Source mask missing: /data2/yuyao/methane_emission/carbon_mapper_data_masks/emi20230505t004444p16007-B/plume.tif
emi20230527t133235p09034-A,Source mask missing: /data2/yuyao/methane_emission/carbon_mapper_data_masks/emi20230527t133235p09034-A/plume.tif
emi20230527t133235p09034-B,Source mask missing: /data2/yuyao/methane_emission/carbon_mapper_data_masks/emi20230527t133235p09034-B/plume.tif
emi20230531t102439p07050-A,Source mask missing: /data2/yuyao/methane_emission/carbon_mapper_data_masks/emi20230531t102439p07050-A/plume.tif
emi20230531t102439p07050-B,Source mask missing: /data2/yuyao/methane_emission/carbon_mapper_data_masks/emi20230531t102439p07050-B/plume.tif
emi20230531t102439p07050-C,Source mask missing: /data2/yuyao/methane_emission/carbon_mapper_data_masks/emi20230531t102439p07050-C/plume.tif
emi20230531t102439p07050-D,Source mask missing: /data2/yuyao/methane_emission/carbon_mapper_data_masks/emi20230531t102439p07050-D/plume.tif
emi20230607t062333p04033-L,Source mask missing: /data2/yuyao/methane_emission/carbon_mapper_data_masks/emi20230607t062333p04033-L/plume.tif
emi20230607t062333p04033-M,Source mask missing: /data2/yuyao/methane_emission/carbon_mapper_data_masks/emi20230607t062333p04033-M/plume.tif
emi20230607t062420p04037-A,Source mask missing: /data2/yuyao/methane_emission/carbon_mapper_data_masks/emi20230607t062420p04037-A/plume.tif
emi20230607t062420p04037-B,Source mask missing: /data2/yuyao/methane_emission/carbon_mapper_data_masks/emi20230607t062420p04037-B/plume.tif
emi20230607t062420p04037-C,Source mask missing: /data2/yuyao/methane_emission/carbon_mapper_data_masks/emi20230607t062420p04037-C/plume.tif
emi20230607t062420p04037-D,Source mask missing: /data2/yuyao/methane_emission/carbon_mapper_data_masks/emi20230607t062420p04037-D/plume.tif
emi20230607t062432p04038-A,Source mask missing: /data2/yuyao/methane_emission/carbon_mapper_data_masks/emi20230607t062432p04038-A/plume.tif
emi20230607t062432p04038-B,Source mask missing: /data2/yuyao/methane_emission/carbon_mapper_data_masks/emi20230607t062432p04038-B/plume.tif
emi20230613t111348p07023-A,Source mask missing: /data2/yuyao/methane_emission/carbon_mapper_data_masks/emi20230613t111348p07023-A/plume.tif
emi20230613t111348p07023-B,Source mask missing: /data2/yuyao/methane_emission/carbon_mapper_data_masks/emi20230613t111348p07023-B/plume.tif
emi20230613t111348p07023-C,Source mask missing: /data2/yuyao/methane_emission/carbon_mapper_data_masks/emi20230613t111348p07023-C/plume.tif
emi20230613t111348p07023-D,Source mask missing: /data2/yuyao/methane_emission/carbon_mapper_data_masks/emi20230613t111348p07023-D/plume.tif
emi20230613t111348p07023-E,Source mask missing: /data2/yuyao/methane_emission/carbon_mapper_data_masks/emi20230613t111348p07023-E/plume.tif
emi20230613t111348p07023-F,Source mask missing: /data2/yuyao/methane_emission/carbon_mapper_data_masks/emi20230613t111348p07023-F/plume.tif
emi20230613t111348p07023-G,Source mask missing: /data2/yuyao/methane_emission/carbon_mapper_data_masks/emi20230613t111348p07023-G/plume.tif
emi20230613t111348p07023-H,Source mask missing: /data2/yuyao/methane_emission/carbon_mapper_data_masks/emi20230613t111348p07023-H/plume.tif
emi20230613t111348p07023-I,Source mask missing: /data2/yuyao/methane_emission/carbon_mapper_data_masks/emi20230613t111348p07023-I/plume.tif
emi20230614t102439p07027-A,Source mask missing: /data2/yuyao/methane_emission/carbon_mapper_data_masks/emi20230614t102439p07027-A/plume.tif
emi20230614t102451p07028-A,Source mask missing: /data2/yuyao/methane_emission/carbon_mapper_data_masks/emi20230614t102451p07028-A/plume.tif
emi20230614t102451p07028-B,Source mask missing: /data2/yuyao/methane_emission/carbon_mapper_data_masks/emi20230614t102451p07028-B/plume.tif
emi20230614t102451p07028-C,Source mask missing: /data2/yuyao/methane_emission/carbon_mapper_data_masks/emi20230614t102451p07028-C/plume.tif
emi20230620t193644p13023-A,Source mask missing: /data2/yuyao/methane_emission/carbon_mapper_data_masks/emi20230620t193644p13023-A/plume.tif
emi20230620t193644p13023-C,Source mask missing: /data2/yuyao/methane_emission/carbon_mapper_data_masks/emi20230620t193644p13023-C/plume.tif
emi20230620t193656p13024-E,Source mask missing: /data2/yuyao/methane_emission/carbon_mapper_data_masks/emi20230620t193656p13024-E/plume.tif
emi20230621t075449p05012-A,Source mask missing: /data2/yuyao/methane_emission/carbon_mapper_data_masks/emi20230621t075449p05012-A/plume.tif
emi20230621t075449p05012-B,Source mask missing: /data2/yuyao/methane_emission/carbon_mapper_data_masks/emi20230621t075449p05012-B/plume.tif
emi20230622t070832p05021-A,Source mask missing: /data2/yuyao/methane_emission/carbon_mapper_data_masks/emi20230622t070832p05021-A/plume.tif
emi20230622t070832p05021-B,Source mask missing: /data2/yuyao/methane_emission/carbon_mapper_data_masks/emi20230622t070832p05021-B/plume.tif
emi20230624t052900p04006-A,Source mask missing: /data2/yuyao/methane_emission/carbon_mapper_data_masks/emi20230624t052900p04006-A/plume.tif
emi20230624t052900p04006-B,Source mask missing: /data2/yuyao/methane_emission/carbon_mapper_data_masks/emi20230624t052900p04006-B/plume.tif
emi20230624t070624p05011-A,Source mask missing: /data2/yuyao/methane_emission/carbon_mapper_data_masks/emi20230624t070624p05011-A/plume.tif
emi20230624t070624p05011-B,Source mask missing: /data2/yuyao/methane_emission/carbon_mapper_data_masks/emi20230624t070624p05011-B/plume.tif
emi20230626t084004p06007-A,Source mask missing: /data2/yuyao/methane_emission/carbon_mapper_data_masks/emi20230626t084004p06007-A/plume.tif
emi20230626t101232p07010-A,Source mask missing: /data2/yuyao/methane_emission/carbon_mapper_data_masks/emi20230626t101232p07010-A/plume.tif
emi20230626t101232p07010-B,Source mask missing: /data2/yuyao/methane_emission/carbon_mapper_data_masks/emi20230626t101232p07010-B/plume.tif
emi20230626t101232p07010-C,Source mask missing: /data2/yuyao/methane_emission/carbon_mapper_data_masks/emi20230626t101232p07010-C/plume.tif
emi20230626t101232p07010-D,Source mask missing: /data2/yuyao/methane_emission/carbon_mapper_data_masks/emi20230626t101232p07010-D/plume.tif
emi20230626t101232p07010-E,Source mask missing: /data2/yuyao/methane_emission/carbon_mapper_data_masks/emi20230626t101232p07010-E/plume.tif
emi20230627t044231p03012-A,Source mask missing: /data2/yuyao/methane_emission/carbon_mapper_data_masks/emi20230627t044231p03012-A/plume.tif
emi20230627t170859p11025-A,Source mask missing: /data2/yuyao/methane_emission/carbon_mapper_data_masks/emi20230627t170859p11025-A/plume.tif
emi20230628t053236p04026-B,Source mask missing: /data2/yuyao/methane_emission/carbon_mapper_data_masks/emi20230628t053236p04026-B/plume.tif
emi20230629t013453p01005-B,Source mask missing: /data2/yuyao/methane_emission/carbon_mapper_data_masks/emi20230629t013453p01005-B/plume.tif
emi20230629t013453p01005-C,Source mask missing: /data2/yuyao/methane_emission/carbon_mapper_data_masks/emi20230629t013453p01005-C/plume.tif
emi20230629t044014p03003-A,Source mask missing: /data2/yuyao/methane_emission/carbon_mapper_data_masks/emi20230629t044014p03003-A/plume.tif
emi20230629t092044p06007-A,Source mask missing: /data2/yuyao/methane_emission/carbon_mapper_data_masks/emi20230629t092044p06007-A/plume.tif
emi20230629t092056p06008-A,Source mask missing: /data2/yuyao/methane_emission/carbon_mapper_data_masks/emi20230629t092056p06008-A/plume.tif
emi20230630t161728p11004-C,Source mask missing: /data2/yuyao/methane_emission/carbon_mapper_data_masks/emi20230630t161728p11004-C/plume.tif
emi20230702t052741p04004-D,Source mask missing: /data2/yuyao/methane_emission/carbon_mapper_data_masks/emi20230702t052741p04004-D/plume.tif
emi20230725t113927p08036-C,Source mask missing: /data2/yuyao/methane_emission/carbon_mapper_data_masks/emi20230725t113927p08036-C/plume.tif
emi20230729t131041p09048-A,Source mask missing: /data2/yuyao/methane_emission/carbon_mapper_data_masks/emi20230729t131041p09048-A/plume.tif
emi20230730t122521p08044-A,Source mask missing: /data2/yuyao/methane_emission/carbon_mapper_data_masks/emi20230730t122521p08044-A/plume.tif
emi20230731t191846p13016-B,Source mask missing: /data2/yuyao/methane_emission/carbon_mapper_data_masks/emi20230731t191846p13016-B/plume.tif
emi20230731t191846p13016-F,Source mask missing: /data2/yuyao/methane_emission/carbon_mapper_data_masks/emi20230731t191846p13016-F/plume.tif
emi20230818t083652p06024-A,Source mask missing: /data2/yuyao/methane_emission/carbon_mapper_data_masks/emi20230818t083652p06024-A/plume.tif
emi20230818t083704p06025-A,Source mask missing: /data2/yuyao/methane_emission/carbon_mapper_data_masks/emi20230818t083704p06025-A/plume.tif
emi20230818t083704p06025-B,Source mask missing: /data2/yuyao/methane_emission/carbon_mapper_data_masks/emi20230818t083704p06025-B/plume.tif
emi20230818t083704p06025-C,Source mask missing: /data2/yuyao/methane_emission/carbon_mapper_data_masks/emi20230818t083704p06025-C/plume.tif
emi20230818t083704p06025-D,Source mask missing: /data2/yuyao/methane_emission/carbon_mapper_data_masks/emi20230818t083704p06025-D/plume.tif
emi20230818t083704p06025-E,Source mask missing: /data2/yuyao/methane_emission/carbon_mapper_data_masks/emi20230818t083704p06025-E/plume.tif
emi20230818t083704p06025-F,Source mask missing: /data2/yuyao/methane_emission/carbon_mapper_data_masks/emi20230818t083704p06025-F/plume.tif
emi20230818t083704p06025-G,Source mask missing: /data2/yuyao/methane_emission/carbon_mapper_data_masks/emi20230818t083704p06025-G/plume.tif
emi20230818t083704p06025-H,Source mask missing: /data2/yuyao/methane_emission/carbon_mapper_data_masks/emi20230818t083704p06025-H/plume.tif
emi20230818t083704p06025-I,Source mask missing: /data2/yuyao/methane_emission/carbon_mapper_data_masks/emi20230818t083704p06025-I/plume.tif
emi20230819t110015p07017-A,Source mask missing: /data2/yuyao/methane_emission/carbon_mapper_data_masks/emi20230819t110015p07017-A/plume.tif
emi20230819t122933p08008-A,Source mask missing: /data2/yuyao/methane_emission/carbon_mapper_data_masks/emi20230819t122933p08008-A/plume.tif
emi20230820t065830p05006-A,Source mask missing: /data2/yuyao/methane_emission/carbon_mapper_data_masks/emi20230820t065830p05006-A/plume.tif
emi20230820t065830p05006-B,Source mask missing: /data2/yuyao/methane_emission/carbon_mapper_data_masks/emi20230820t065830p05006-B/plume.tif
emi20230820t065830p05006-C,Source mask missing: /data2/yuyao/methane_emission/carbon_mapper_data_masks/emi20230820t065830p05006-C/plume.tif
emi20230820t131723p09001-A,Source mask missing: /data2/yuyao/methane_emission/carbon_mapper_data_masks/emi20230820t131723p09001-A/plume.tif
emi20230822t083915p06006-A,Source mask missing: /data2/yuyao/methane_emission/carbon_mapper_data_masks/emi20230822t083915p06006-A/plume.tif
emi20230822t114422p08015-A,Source mask missing: /data2/yuyao/methane_emission/carbon_mapper_data_masks/emi20230822t114422p08015-A/plume.tif
emi20230822t114422p08015-B,Source mask missing: /data2/yuyao/methane_emission/carbon_mapper_data_masks/emi20230822t114422p08015-B/plume.tif
emi20230822t114422p08015-C,Source mask missing: /data2/yuyao/methane_emission/carbon_mapper_data_masks/emi20230822t114422p08015-C/plume.tif
emi20230822t114422p08015-D,Source mask missing: /data2/yuyao/methane_emission/carbon_mapper_data_masks/emi20230822t114422p08015-D/plume.tif
emi20230822t114434p08016-A,Source mask missing: /data2/yuyao/methane_emission/carbon_mapper_data_masks/emi20230822t114434p08016-A/plume.tif
emi20230822t114434p08016-B,Source mask missing: /data2/yuyao/methane_emission/carbon_mapper_data_masks/emi20230822t114434p08016-B/plume.tif
emi20230823t091747p06002-B,Source mask missing: /data2/yuyao/methane_emission/carbon_mapper_data_masks/emi20230823t091747p06002-B/plume.tif
emi20230823t091747p06002-C,Source mask missing: /data2/yuyao/methane_emission/carbon_mapper_data_masks/emi20230823t091747p06002-C/plume.tif
emi20230823t092349p06005-A,Source mask missing: /data2/yuyao/methane_emission/carbon_mapper_data_masks/emi20230823t092349p06005-A/plume.tif
emi20230823t092349p06005-C,Source mask missing: /data2/yuyao/methane_emission/carbon_mapper_data_masks/emi20230823t092349p06005-C/plume.tif
emi20230825t043906p03004-A,Source mask missing: /data2/yuyao/methane_emission/carbon_mapper_data_masks/emi20230825t043906p03004-A/plume.tif
emi20230825t061412p04013-C,Source mask missing: /data2/yuyao/methane_emission/carbon_mapper_data_masks/emi20230825t061412p04013-C/plume.tif
emi20230825t075005p05017-B,Source mask missing: /data2/yuyao/methane_emission/carbon_mapper_data_masks/emi20230825t075005p05017-B/plume.tif
emi20230901t035204p03014-A,Source mask missing: /data2/yuyao/methane_emission/carbon_mapper_data_masks/emi20230901t035204p03014-A/plume.tif
emi20230903t052658p04008-A,Source mask missing: /data2/yuyao/methane_emission/carbon_mapper_data_masks/emi20230903t052658p04008-A/plume.tif
emi20230903t084513p06036-A,Source mask missing: /data2/yuyao/methane_emission/carbon_mapper_data_masks/emi20230903t084513p06036-A/plume.tif
emi20230924t131430p09034-A,Source mask missing: /data2/yuyao/methane_emission/carbon_mapper_data_masks/emi20230924t131430p09034-A/plume.tif
emi20230925t105811p07042-A,Source mask missing: /data2/yuyao/methane_emission/carbon_mapper_data_masks/emi20230925t105811p07042-A/plume.tif
emi20230925t105823p07043-A,Source mask missing: /data2/yuyao/methane_emission/carbon_mapper_data_masks/emi20230925t105823p07043-A/plume.tif
emi20230925t105846p07045-A,Source mask missing: /data2/yuyao/methane_emission/carbon_mapper_data_masks/emi20230925t105846p07045-A/plume.tif
emi20230926t114143p08041-A,Source mask missing: /data2/yuyao/methane_emission/carbon_mapper_data_masks/emi20230926t114143p08041-A/plume.tif
emi20230926t114143p08041-B,Source mask missing: /data2/yuyao/methane_emission/carbon_mapper_data_masks/emi20230926t114143p08041-B/plume.tif
emi20230926t223356p15002-A,Source mask missing: /data2/yuyao/methane_emission/carbon_mapper_data_masks/emi20230926t223356p15002-A/plume.tif
emi20230928t083655p06026-A,Source mask missing: /data2/yuyao/methane_emission/carbon_mapper_data_masks/emi20230928t083655p06026-A/plume.tif
emi20231003t060928p04006-A,Source mask missing: /data2/yuyao/methane_emission/carbon_mapper_data_masks/emi20231003t060928p04006-A/plume.tif
emi20231003t060928p04006-B,Source mask missing: /data2/yuyao/methane_emission/carbon_mapper_data_masks/emi20231003t060928p04006-B/plume.tif
emi20231003t074203p05022-A,Source mask missing: /data2/yuyao/methane_emission/carbon_mapper_data_masks/emi20231003t074203p05022-A/plume.tif
emi20231003t074641p05041-A,Source mask missing: /data2/yuyao/methane_emission/carbon_mapper_data_masks/emi20231003t074641p05041-A/plume.tif
emi20231003t074704p05043-A,Source mask missing: /data2/yuyao/methane_emission/carbon_mapper_data_masks/emi20231003t074704p05043-A/plume.tif
emi20231003t074704p05043-B,Source mask missing: /data2/yuyao/methane_emission/carbon_mapper_data_masks/emi20231003t074704p05043-B/plume.tif
emi20231003t074704p05043-C,Source mask missing: /data2/yuyao/methane_emission/carbon_mapper_data_masks/emi20231003t074704p05043-C/plume.tif
emi20231003t074704p05043-D,Source mask missing: /data2/yuyao/methane_emission/carbon_mapper_data_masks/emi20231003t074704p05043-D/plume.tif
emi20231003t074704p05043-E,Source mask missing: /data2/yuyao/methane_emission/carbon_mapper_data_masks/emi20231003t074704p05043-E/plume.tif
emi20231003t074704p05043-F,Source mask missing: /data2/yuyao/methane_emission/carbon_mapper_data_masks/emi20231003t074704p05043-F/plume.tif
emi20231003t074704p05043-G,Source mask missing: /data2/yuyao/methane_emission/carbon_mapper_data_masks/emi20231003t074704p05043-G/plume.tif
emi20231003t074704p05043-H,Source mask missing: /data2/yuyao/methane_emission/carbon_mapper_data_masks/emi20231003t074704p05043-H/plume.tif
emi20231003t074704p05043-I,Source mask missing: /data2/yuyao/methane_emission/carbon_mapper_data_masks/emi20231003t074704p05043-I/plume.tif
emi20231003t074716p05044-A,Source mask missing: /data2/yuyao/methane_emission/carbon_mapper_data_masks/emi20231003t074716p05044-A/plume.tif
emi20231004t192230p13004-A,Source mask missing: /data2/yuyao/methane_emission/carbon_mapper_data_masks/emi20231004t192230p13004-A/plume.tif
emi20231005t092154p06043-A,Source mask missing: /data2/yuyao/methane_emission/carbon_mapper_data_masks/emi20231005t092154p06043-A/plume.tif
emi20231007t060739p04016-A,Source mask missing: /data2/yuyao/methane_emission/carbon_mapper_data_masks/emi20231007t060739p04016-A/plume.tif
emi20231007t060739p04016-B,Source mask missing: /data2/yuyao/methane_emission/carbon_mapper_data_masks/emi20231007t060739p04016-B/plume.tif
emi20231007t152631p10005-C,Source mask missing: /data2/yuyao/methane_emission/carbon_mapper_data_masks/emi20231007t152631p10005-C/plume.tif
emi20231010t052236p04020-A,Source mask missing: /data2/yuyao/methane_emission/carbon_mapper_data_masks/emi20231010t052236p04020-A/plume.tif
emi20231010t052236p04020-B,Source mask missing: /data2/yuyao/methane_emission/carbon_mapper_data_masks/emi20231010t052236p04020-B/plume.tif
emi20231010t052236p04020-C,Source mask missing: /data2/yuyao/methane_emission/carbon_mapper_data_masks/emi20231010t052236p04020-C/plume.tif
emi20231011t013158p01006-A,Source mask missing: /data2/yuyao/methane_emission/carbon_mapper_data_masks/emi20231011t013158p01006-A/plume.tif
emi20231016t210605p14026-C,Source mask missing: /data2/yuyao/methane_emission/carbon_mapper_data_masks/emi20231016t210605p14026-C/plume.tif
emi20231018t083730p06017-A,Source mask missing: /data2/yuyao/methane_emission/carbon_mapper_data_masks/emi20231018t083730p06017-A/plume.tif
emi20231018t083730p06017-B,Source mask missing: /data2/yuyao/methane_emission/carbon_mapper_data_masks/emi20231018t083730p06017-B/plume.tif
emi20231020t101151p07011-A,Source mask missing: /data2/yuyao/methane_emission/carbon_mapper_data_masks/emi20231020t101151p07011-A/plume.tif
emi20231020t145654p10003-A,Source mask missing: /data2/yuyao/methane_emission/carbon_mapper_data_masks/emi20231020t145654p10003-A/plume.tif
emi20231021t092353p06007-A,Source mask missing: /data2/yuyao/methane_emission/carbon_mapper_data_masks/emi20231021t092353p06007-A/plume.tif
emi20231021t092353p06007-B,Source mask missing: /data2/yuyao/methane_emission/carbon_mapper_data_masks/emi20231021t092353p06007-B/plume.tif
emi20231022t083927p06016-A,Source mask missing: /data2/yuyao/methane_emission/carbon_mapper_data_masks/emi20231022t083927p06016-A/plume.tif
emi20231022t101151p07011-A,Source mask missing: /data2/yuyao/methane_emission/carbon_mapper_data_masks/emi20231022t101151p07011-A/plume.tif
emi20231022t175154p12005-A,Source mask missing: /data2/yuyao/methane_emission/carbon_mapper_data_masks/emi20231022t175154p12005-A/plume.tif
emi20231028t070104p05003-A,Source mask missing: /data2/yuyao/methane_emission/carbon_mapper_data_masks/emi20231028t070104p05003-A/plume.tif
emi20231028t070116p05004-A,Source mask missing: /data2/yuyao/methane_emission/carbon_mapper_data_masks/emi20231028t070116p05004-A/plume.tif
emi20231028t114616p08003-A,Source mask missing: /data2/yuyao/methane_emission/carbon_mapper_data_masks/emi20231028t114616p08003-A/plume.tif
emi20231126t131420p09034-A,Source mask missing: /data2/yuyao/methane_emission/carbon_mapper_data_masks/emi20231126t131420p09034-A/plume.tif
emi20231127t201249p13015-C,Source mask missing: /data2/yuyao/methane_emission/carbon_mapper_data_masks/emi20231127t201249p13015-C/plume.tif
emi20231129t091936p06030-A,Source mask missing: /data2/yuyao/methane_emission/carbon_mapper_data_masks/emi20231129t091936p06030-A/plume.tif
emi20231129t092012p06033-A,Source mask missing: /data2/yuyao/methane_emission/carbon_mapper_data_masks/emi20231129t092012p06033-A/plume.tif
emi20231129t092012p06033-B,Source mask missing: /data2/yuyao/methane_emission/carbon_mapper_data_masks/emi20231129t092012p06033-B/plume.tif
emi20231129t092012p06033-C,Source mask missing: /data2/yuyao/methane_emission/carbon_mapper_data_masks/emi20231129t092012p06033-C/plume.tif
emi20231129t092012p06033-D,Source mask missing: /data2/yuyao/methane_emission/carbon_mapper_data_masks/emi20231129t092012p06033-D/plume.tif
emi20231129t092024p06034-A,Source mask missing: /data2/yuyao/methane_emission/carbon_mapper_data_masks/emi20231129t092024p06034-A/plume.tif
emi20231130t100736p07048-A,Source mask missing: /data2/yuyao/methane_emission/carbon_mapper_data_masks/emi20231130t100736p07048-A/plume.tif
emi20231203t044030p03013-A,Source mask missing: /data2/yuyao/methane_emission/carbon_mapper_data_masks/emi20231203t044030p03013-A/plume.tif
emi20231205t060547p04023-A,Source mask missing: /data2/yuyao/methane_emission/carbon_mapper_data_masks/emi20231205t060547p04023-A/plume.tif
emi20231205t060547p04023-B,Source mask missing: /data2/yuyao/methane_emission/carbon_mapper_data_masks/emi20231205t060547p04023-B/plume.tif
emi20231220t083556p06002-A,Source mask missing: /data2/yuyao/methane_emission/carbon_mapper_data_masks/emi20231220t083556p06002-A/plume.tif
emi20231224t070006p05005-A,Source mask missing: /data2/yuyao/methane_emission/carbon_mapper_data_masks/emi20231224t070006p05005-A/plume.tif
emi20231224t100100p07003-B,Source mask missing: /data2/yuyao/methane_emission/carbon_mapper_data_masks/emi20231224t100100p07003-B/plume.tif
emi20231226t065450p05004-A,Source mask missing: /data2/yuyao/methane_emission/carbon_mapper_data_masks/emi20231226t065450p05004-A/plume.tif
emi20231226t065514p05006-A,Source mask missing: /data2/yuyao/methane_emission/carbon_mapper_data_masks/emi20231226t065514p05006-A/plume.tif
emi20240124t143039p10001-A,Source mask missing: /data2/yuyao/methane_emission/carbon_mapper_data_masks/emi20240124t143039p10001-A/plume.tif
emi20240127t132540p08023-A,Source mask missing: /data2/yuyao/methane_emission/carbon_mapper_data_masks/emi20240127t132540p08023-A/plume.tif
emi20240129t150516p09007-A,Source mask missing: /data2/yuyao/methane_emission/carbon_mapper_data_masks/emi20240129t150516p09007-A/plume.tif
emi20240130t112610p08006-A,Source mask missing: /data2/yuyao/methane_emission/carbon_mapper_data_masks/emi20240130t112610p08006-A/plume.tif
emi20240130t112621p08007-A,Source mask missing: /data2/yuyao/methane_emission/carbon_mapper_data_masks/emi20240130t112621p08007-A/plume.tif
emi20240130t112621p08007-B,Source mask missing: /data2/yuyao/methane_emission/carbon_mapper_data_masks/emi20240130t112621p08007-B/plume.tif
emi20240201t173643p12006-A,Source mask missing: /data2/yuyao/methane_emission/carbon_mapper_data_masks/emi20240201t173643p12006-A/plume.tif
emi20240201t173643p12006-B,Source mask missing: /data2/yuyao/methane_emission/carbon_mapper_data_masks/emi20240201t173643p12006-B/plume.tif
emi20240201t173643p12006-D,Source mask missing: /data2/yuyao/methane_emission/carbon_mapper_data_masks/emi20240201t173643p12006-D/plume.tif
emi20240214t105844p07029-B,Source mask missing: /data2/yuyao/methane_emission/carbon_mapper_data_masks/emi20240214t105844p07029-B/plume.tif
emi20240214t140400p09023-A,Source mask missing: /data2/yuyao/methane_emission/carbon_mapper_data_masks/emi20240214t140400p09023-A/plume.tif
emi20240214t140400p09023-B,Source mask missing: /data2/yuyao/methane_emission/carbon_mapper_data_masks/emi20240214t140400p09023-B/plume.tif
emi20240216t075630p05016-A,Source mask missing: /data2/yuyao/methane_emission/carbon_mapper_data_masks/emi20240216t075630p05016-A/plume.tif
emi20240216t092853p06012-A,Source mask missing: /data2/yuyao/methane_emission/carbon_mapper_data_masks/emi20240216t092853p06012-A/plume.tif
emi20240216t092853p06012-C,Source mask missing: /data2/yuyao/methane_emission/carbon_mapper_data_masks/emi20240216t092853p06012-C/plume.tif
emi20240216t105741p07006-A,Source mask missing: /data2/yuyao/methane_emission/carbon_mapper_data_masks/emi20240216t105741p07006-A/plume.tif
emi20240217t113803p08002-A,Source mask missing: /data2/yuyao/methane_emission/carbon_mapper_data_masks/emi20240217t113803p08002-A/plume.tif
emi20240224t165801p11015-A,Source mask missing: /data2/yuyao/methane_emission/carbon_mapper_data_masks/emi20240224t165801p11015-A/plume.tif
emi20240225t021326p02004-A,Source mask missing: /data2/yuyao/methane_emission/carbon_mapper_data_masks/emi20240225t021326p02004-A/plume.tif
emi20240225t021326p02004-B,Source mask missing: /data2/yuyao/methane_emission/carbon_mapper_data_masks/emi20240225t021326p02004-B/plume.tif
emi20240225t021326p02004-C,Source mask missing: /data2/yuyao/methane_emission/carbon_mapper_data_masks/emi20240225t021326p02004-C/plume.tif
emi20240225t021326p02004-D,Source mask missing: /data2/yuyao/methane_emission/carbon_mapper_data_masks/emi20240225t021326p02004-D/plume.tif
emi20240225t021326p02004-E,Source mask missing: /data2/yuyao/methane_emission/carbon_mapper_data_masks/emi20240225t021326p02004-E/plume.tif
emi20240225t021326p02004-F,Source mask missing: /data2/yuyao/methane_emission/carbon_mapper_data_masks/emi20240225t021326p02004-F/plume.tif
emi20240225t021326p02004-G,Source mask missing: /data2/yuyao/methane_emission/carbon_mapper_data_masks/emi20240225t021326p02004-G/plume.tif
emi20240225t021326p02004-H,Source mask missing: /data2/yuyao/methane_emission/carbon_mapper_data_masks/emi20240225t021326p02004-H/plume.tif
emi20240225t021326p02004-J,Source mask missing: /data2/yuyao/methane_emission/carbon_mapper_data_masks/emi20240225t021326p02004-J/plume.tif
emi20240225t021326p02004-K,Source mask missing: /data2/yuyao/methane_emission/carbon_mapper_data_masks/emi20240225t021326p02004-K/plume.tif
emi20240225t021338p02005-C,Source mask missing: /data2/yuyao/methane_emission/carbon_mapper_data_masks/emi20240225t021338p02005-C/plume.tif
emi20240226t170104p11013-A,Source mask missing: /data2/yuyao/methane_emission/carbon_mapper_data_masks/emi20240226t170104p11013-A/plume.tif
emi20240226t170116p11014-A,Source mask missing: /data2/yuyao/methane_emission/carbon_mapper_data_masks/emi20240226t170116p11014-A/plume.tif
emi20240302t163257p11009-A,Source mask missing: /data2/yuyao/methane_emission/carbon_mapper_data_masks/emi20240302t163257p11009-A/plume.tif
emi20240316t181742p11005-A,Source mask missing: /data2/yuyao/methane_emission/carbon_mapper_data_masks/emi20240316t181742p11005-A/plume.tif
emi20240316t181754p11006-A,Source mask missing: /data2/yuyao/methane_emission/carbon_mapper_data_masks/emi20240316t181754p11006-A/plume.tif
emi20240326t133849p08026-A,Source mask missing: /data2/yuyao/methane_emission/carbon_mapper_data_masks/emi20240326t133849p08026-A/plume.tif
emi20240328t061702p04011-A,Source mask missing: /data2/yuyao/methane_emission/carbon_mapper_data_masks/emi20240328t061702p04011-A/plume.tif
emi20240328t061714p04012-A,Source mask missing: /data2/yuyao/methane_emission/carbon_mapper_data_masks/emi20240328t061714p04012-A/plume.tif
emi20240328t061714p04012-B,Source mask missing: /data2/yuyao/methane_emission/carbon_mapper_data_masks/emi20240328t061714p04012-B/plume.tif
emi20240328t061714p04012-D,Source mask missing: /data2/yuyao/methane_emission/carbon_mapper_data_masks/emi20240328t061714p04012-D/plume.tif
emi20240328t061714p04012-E,Source mask missing: /data2/yuyao/methane_emission/carbon_mapper_data_masks/emi20240328t061714p04012-E/plume.tif
emi20240328t061714p04012-G,Source mask missing: /data2/yuyao/methane_emission/carbon_mapper_data_masks/emi20240328t061714p04012-G/plume.tif
emi20240415t184303p12038-A,Source mask missing: /data2/yuyao/methane_emission/carbon_mapper_data_masks/emi20240415t184303p12038-A/plume.tif
emi20240417t044453p03008-A,Source mask missing: /data2/yuyao/methane_emission/carbon_mapper_data_masks/emi20240417t044453p03008-A/plume.tif
emi20240417t080011p05030-A,Source mask missing: /data2/yuyao/methane_emission/carbon_mapper_data_masks/emi20240417t080011p05030-A/plume.tif
emi20240418t192231p13004-A,Source mask missing: /data2/yuyao/methane_emission/carbon_mapper_data_masks/emi20240418t192231p13004-A/plume.tif
emi20240421t140547p09002-A,Source mask missing: /data2/yuyao/methane_emission/carbon_mapper_data_masks/emi20240421t140547p09002-A/plume.tif
emi20240423t060958p04005-A,Source mask missing: /data2/yuyao/methane_emission/carbon_mapper_data_masks/emi20240423t060958p04005-A/plume.tif
emi20240423t060958p04005-B,Source mask missing: /data2/yuyao/methane_emission/carbon_mapper_data_masks/emi20240423t060958p04005-B/plume.tif
emi20240423t060958p04005-C,Source mask missing: /data2/yuyao/methane_emission/carbon_mapper_data_masks/emi20240423t060958p04005-C/plume.tif
emi20240423t060958p04005-D,Source mask missing: /data2/yuyao/methane_emission/carbon_mapper_data_masks/emi20240423t060958p04005-D/plume.tif
emi20240423t060958p04005-E,Source mask missing: /data2/yuyao/methane_emission/carbon_mapper_data_masks/emi20240423t060958p04005-E/plume.tif
emi20240423t060958p04005-F,Source mask missing: /data2/yuyao/methane_emission/carbon_mapper_data_masks/emi20240423t060958p04005-F/plume.tif
emi20240424t161113p11008-A,Source mask missing: /data2/yuyao/methane_emission/carbon_mapper_data_masks/emi20240424t161113p11008-A/plume.tif
emi20240517t170655p11045-B,Source mask missing: /data2/yuyao/methane_emission/carbon_mapper_data_masks/emi20240517t170655p11045-B/plume.tif
emi20240517t170655p11045-C,Source mask missing: /data2/yuyao/methane_emission/carbon_mapper_data_masks/emi20240517t170655p11045-C/plume.tif
emi20240521t140928p10011-A,Source mask missing: /data2/yuyao/methane_emission/carbon_mapper_data_masks/emi20240521t140928p10011-A/plume.tif
emi20240523t075552p06005-A,Source mask missing: /data2/yuyao/methane_emission/carbon_mapper_data_masks/emi20240523t075552p06005-A/plume.tif
emi20240523t075552p06005-B,Source mask missing: /data2/yuyao/methane_emission/carbon_mapper_data_masks/emi20240523t075552p06005-B/plume.tif
emi20240523t075552p06005-C,Source mask missing: /data2/yuyao/methane_emission/carbon_mapper_data_masks/emi20240523t075552p06005-C/plume.tif
emi20240523t075552p06005-D,Source mask missing: /data2/yuyao/methane_emission/carbon_mapper_data_masks/emi20240523t075552p06005-D/plume.tif
emi20240523t075604p06006-A,Source mask missing: /data2/yuyao/methane_emission/carbon_mapper_data_masks/emi20240523t075604p06006-A/plume.tif
emi20240523t075604p06006-B,Source mask missing: /data2/yuyao/methane_emission/carbon_mapper_data_masks/emi20240523t075604p06006-B/plume.tif
emi20240523t075604p06006-C,Source mask missing: /data2/yuyao/methane_emission/carbon_mapper_data_masks/emi20240523t075604p06006-C/plume.tif
emi20240523t075604p06006-D,Source mask missing: /data2/yuyao/methane_emission/carbon_mapper_data_masks/emi20240523t075604p06006-D/plume.tif
emi20240523t075604p06006-E,Source mask missing: /data2/yuyao/methane_emission/carbon_mapper_data_masks/emi20240523t075604p06006-E/plume.tif
emi20240523t075604p06006-F,Source mask missing: /data2/yuyao/methane_emission/carbon_mapper_data_masks/emi20240523t075604p06006-F/plume.tif
emi20240523t075604p06006-G,Source mask missing: /data2/yuyao/methane_emission/carbon_mapper_data_masks/emi20240523t075604p06006-G/plume.tif
emi20240523t075604p06006-H,Source mask missing: /data2/yuyao/methane_emission/carbon_mapper_data_masks/emi20240523t075604p06006-H/plume.tif
emi20240527t092548p06003-A,Source mask missing: /data2/yuyao/methane_emission/carbon_mapper_data_masks/emi20240527t092548p06003-A/plume.tif
emi20240527t092548p06003-B,Source mask missing: /data2/yuyao/methane_emission/carbon_mapper_data_masks/emi20240527t092548p06003-B/plume.tif
emi20240608t041803p03014-A,Source mask missing: /data2/yuyao/methane_emission/carbon_mapper_data_masks/emi20240608t041803p03014-A/plume.tif
emi20240609t050607p04018-A,Source mask missing: /data2/yuyao/methane_emission/carbon_mapper_data_masks/emi20240609t050607p04018-A/plume.tif
emi20240609t050607p04018-B,Source mask missing: /data2/yuyao/methane_emission/carbon_mapper_data_masks/emi20240609t050607p04018-B/plume.tif
emi20240610t024420p02007-A,Source mask missing: /data2/yuyao/methane_emission/carbon_mapper_data_masks/emi20240610t024420p02007-A/plume.tif
emi20240610t024420p02007-B,Source mask missing: /data2/yuyao/methane_emission/carbon_mapper_data_masks/emi20240610t024420p02007-B/plume.tif
emi20240610t041628p03003-A,Source mask missing: /data2/yuyao/methane_emission/carbon_mapper_data_masks/emi20240610t041628p03003-A/plume.tif
emi20240617t063901p05011-A,Source mask missing: /data2/yuyao/methane_emission/carbon_mapper_data_masks/emi20240617t063901p05011-A/plume.tif
emi20240621t081829p06006-A,Source mask missing: /data2/yuyao/methane_emission/carbon_mapper_data_masks/emi20240621t081829p06006-A/plume.tif
emi20240621t082746p06048-A,Source mask missing: /data2/yuyao/methane_emission/carbon_mapper_data_masks/emi20240621t082746p06048-A/plume.tif
emi20240621t082746p06048-B,Source mask missing: /data2/yuyao/methane_emission/carbon_mapper_data_masks/emi20240621t082746p06048-B/plume.tif
emi20240621t191519p13010-A,Source mask missing: /data2/yuyao/methane_emission/carbon_mapper_data_masks/emi20240621t191519p13010-A/plume.tif
emi20240622t090851p06018-A,Source mask missing: /data2/yuyao/methane_emission/carbon_mapper_data_masks/emi20240622t090851p06018-A/plume.tif
emi20240623t064530p05006-B,Source mask missing: /data2/yuyao/methane_emission/carbon_mapper_data_masks/emi20240623t064530p05006-B/plume.tif
emi20240624t151751p10015-A,Source mask missing: /data2/yuyao/methane_emission/carbon_mapper_data_masks/emi20240624t151751p10015-A/plume.tif
emi20240625t051438p04015-A,Source mask missing: /data2/yuyao/methane_emission/carbon_mapper_data_masks/emi20240625t051438p04015-A/plume.tif
emi20240625t051438p04015-B,Source mask missing: /data2/yuyao/methane_emission/carbon_mapper_data_masks/emi20240625t051438p04015-B/plume.tif
emi20240625t064958p05024-A,Source mask missing: /data2/yuyao/methane_emission/carbon_mapper_data_masks/emi20240625t064958p05024-A/plume.tif
emi20240625t065010p05025-A,Source mask missing: /data2/yuyao/methane_emission/carbon_mapper_data_masks/emi20240625t065010p05025-A/plume.tif
emi20240625t065010p05025-B,Source mask missing: /data2/yuyao/methane_emission/carbon_mapper_data_masks/emi20240625t065010p05025-B/plume.tif
emi20240625t065010p05025-C,Source mask missing: /data2/yuyao/methane_emission/carbon_mapper_data_masks/emi20240625t065010p05025-C/plume.tif
emi20240626t060123p04016-B,Source mask missing: /data2/yuyao/methane_emission/carbon_mapper_data_masks/emi20240626t060123p04016-B/plume.tif
emi20240626t060135p04017-A,Source mask missing: /data2/yuyao/methane_emission/carbon_mapper_data_masks/emi20240626t060135p04017-A/plume.tif
emi20240701t145112p09037-A,Source mask missing: /data2/yuyao/methane_emission/carbon_mapper_data_masks/emi20240701t145112p09037-A/plume.tif
emi20240702t042659p03003-A,Source mask missing: /data2/yuyao/methane_emission/carbon_mapper_data_masks/emi20240702t042659p03003-A/plume.tif
emi20240702t042711p03004-C,Source mask missing: /data2/yuyao/methane_emission/carbon_mapper_data_masks/emi20240702t042711p03004-C/plume.tif
emi20240720t155235p10015-A,Source mask missing: /data2/yuyao/methane_emission/carbon_mapper_data_masks/emi20240720t155235p10015-A/plume.tif
emi20240722t130229p09015-A,Source mask missing: /data2/yuyao/methane_emission/carbon_mapper_data_masks/emi20240722t130229p09015-A/plume.tif
emi20240723t104022p07021-D,Source mask missing: /data2/yuyao/methane_emission/carbon_mapper_data_masks/emi20240723t104022p07021-D/plume.tif
emi20240723t104033p07022-C,Source mask missing: /data2/yuyao/methane_emission/carbon_mapper_data_masks/emi20240723t104033p07022-C/plume.tif
emi20240725t103930p07004-A,Source mask missing: /data2/yuyao/methane_emission/carbon_mapper_data_masks/emi20240725t103930p07004-A/plume.tif
emi20240725t103930p07004-B,Source mask missing: /data2/yuyao/methane_emission/carbon_mapper_data_masks/emi20240725t103930p07004-B/plume.tif
emi20240725t103930p07004-D,Source mask missing: /data2/yuyao/methane_emission/carbon_mapper_data_masks/emi20240725t103930p07004-D/plume.tif
emi20240725t103930p07004-E,Source mask missing: /data2/yuyao/methane_emission/carbon_mapper_data_masks/emi20240725t103930p07004-E/plume.tif
emi20240725t104353p07017-B,Source mask missing: /data2/yuyao/methane_emission/carbon_mapper_data_masks/emi20240725t104353p07017-B/plume.tif
emi20240726t064925p05007-A,Source mask missing: /data2/yuyao/methane_emission/carbon_mapper_data_masks/emi20240726t064925p05007-A/plume.tif
emi20240726t112707p08013-A,Source mask missing: /data2/yuyao/methane_emission/carbon_mapper_data_masks/emi20240726t112707p08013-A/plume.tif
emi20240803t081201p06014-A,Source mask missing: /data2/yuyao/methane_emission/carbon_mapper_data_masks/emi20240803t081201p06014-A/plume.tif
emi20240803t094458p07011-A,Source mask missing: /data2/yuyao/methane_emission/carbon_mapper_data_masks/emi20240803t094458p07011-A/plume.tif
emi20240803t112126p08004-A,Source mask missing: /data2/yuyao/methane_emission/carbon_mapper_data_masks/emi20240803t112126p08004-A/plume.tif
emi20240803t190415p13004-B,Source mask missing: /data2/yuyao/methane_emission/carbon_mapper_data_masks/emi20240803t190415p13004-B/plume.tif
emi20240803t190427p13005-A,Source mask missing: /data2/yuyao/methane_emission/carbon_mapper_data_masks/emi20240803t190427p13005-A/plume.tif
emi20240803t190427p13005-B,Source mask missing: /data2/yuyao/methane_emission/carbon_mapper_data_masks/emi20240803t190427p13005-B/plume.tif
emi20240805t094900p07016-A,Source mask missing: /data2/yuyao/methane_emission/carbon_mapper_data_masks/emi20240805t094900p07016-A/plume.tif
emi20240806t072253p05003-A,Source mask missing: /data2/yuyao/methane_emission/carbon_mapper_data_masks/emi20240806t072253p05003-A/plume.tif
emi20240817t081655p06008-A,Source mask missing: /data2/yuyao/methane_emission/carbon_mapper_data_masks/emi20240817t081655p06008-A/plume.tif
emi20240824t103424p07003-A,Source mask missing: /data2/yuyao/methane_emission/carbon_mapper_data_masks/emi20240824t103424p07003-A/plume.tif
emi20240825t064423p04027-A,Source mask missing: /data2/yuyao/methane_emission/carbon_mapper_data_masks/emi20240825t064423p04027-A/plume.tif
emi20240825t064423p04027-B,Source mask missing: /data2/yuyao/methane_emission/carbon_mapper_data_masks/emi20240825t064423p04027-B/plume.tif
emi20240825t173151p11011-A,Source mask missing: /data2/yuyao/methane_emission/carbon_mapper_data_masks/emi20240825t173151p11011-A/plume.tif
emi20240826t151037p10002-B,Source mask missing: /data2/yuyao/methane_emission/carbon_mapper_data_masks/emi20240826t151037p10002-B/plume.tif
emi20240915t172803p11022-A,Source mask missing: /data2/yuyao/methane_emission/carbon_mapper_data_masks/emi20240915t172803p11022-A/plume.tif
emi20240924t133617p08018-A,Source mask missing: /data2/yuyao/methane_emission/carbon_mapper_data_masks/emi20240924t133617p08018-A/plume.tif
emi20240924t133617p08018-B,Source mask missing: /data2/yuyao/methane_emission/carbon_mapper_data_masks/emi20240924t133617p08018-B/plume.tif
emi20240926t121916p08005-A,Source mask missing: /data2/yuyao/methane_emission/carbon_mapper_data_masks/emi20240926t121916p08005-A/plume.tif
emi20240926t121916p08005-B,Source mask missing: /data2/yuyao/methane_emission/carbon_mapper_data_masks/emi20240926t121916p08005-B/plume.tif
emi20240927t130748p09003-A,Source mask missing: /data2/yuyao/methane_emission/carbon_mapper_data_masks/emi20240927t130748p09003-A/plume.tif
emi20240928t133508p08022-A,Source mask missing: /data2/yuyao/methane_emission/carbon_mapper_data_masks/emi20240928t133508p08022-A/plume.tif
emi20240930t091314p06024-A,Source mask missing: /data2/yuyao/methane_emission/carbon_mapper_data_masks/emi20240930t091314p06024-A/plume.tif
emi20240930t091314p06024-B,Source mask missing: /data2/yuyao/methane_emission/carbon_mapper_data_masks/emi20240930t091314p06024-B/plume.tif
emi20240930t091314p06024-C,Source mask missing: /data2/yuyao/methane_emission/carbon_mapper_data_masks/emi20240930t091314p06024-C/plume.tif
emi20241005t051146p04002-A,Source mask missing: /data2/yuyao/methane_emission/carbon_mapper_data_masks/emi20241005t051146p04002-A/plume.tif
emi20241005t082640p06020-A,Source mask missing: /data2/yuyao/methane_emission/carbon_mapper_data_masks/emi20241005t082640p06020-A/plume.tif
emi20241007t051707p04018-A,Source mask missing: /data2/yuyao/methane_emission/carbon_mapper_data_masks/emi20241007t051707p04018-A/plume.tif
emi20241007t051707p04018-B,Source mask missing: /data2/yuyao/methane_emission/carbon_mapper_data_masks/emi20241007t051707p04018-B/plume.tif
emi20241008t060159p04006-E,Source mask missing: /data2/yuyao/methane_emission/carbon_mapper_data_masks/emi20241008t060159p04006-E/plume.tif
emi20241014t061940p04010-A,Source mask missing: /data2/yuyao/methane_emission/carbon_mapper_data_masks/emi20241014t061940p04010-A/plume.tif
emi20241014t062003p04012-A,Source mask missing: /data2/yuyao/methane_emission/carbon_mapper_data_masks/emi20241014t062003p04012-A/plume.tif
emi20241014t062003p04012-B,Source mask missing: /data2/yuyao/methane_emission/carbon_mapper_data_masks/emi20241014t062003p04012-B/plume.tif
emi20241014t062003p04012-C,Source mask missing: /data2/yuyao/methane_emission/carbon_mapper_data_masks/emi20241014t062003p04012-C/plume.tif
emi20241014t062003p04012-D,Source mask missing: /data2/yuyao/methane_emission/carbon_mapper_data_masks/emi20241014t062003p04012-D/plume.tif
emi20241014t062003p04012-E,Source mask missing: /data2/yuyao/methane_emission/carbon_mapper_data_masks/emi20241014t062003p04012-E/plume.tif
emi20241014t062003p04012-F,Source mask missing: /data2/yuyao/methane_emission/carbon_mapper_data_masks/emi20241014t062003p04012-F/plume.tif
emi20241014t062003p04012-G,Source mask missing: /data2/yuyao/methane_emission/carbon_mapper_data_masks/emi20241014t062003p04012-G/plume.tif
emi20241014t062003p04012-H,Source mask missing: /data2/yuyao/methane_emission/carbon_mapper_data_masks/emi20241014t062003p04012-H/plume.tif
emi20241014t062003p04012-I,Source mask missing: /data2/yuyao/methane_emission/carbon_mapper_data_masks/emi20241014t062003p04012-I/plume.tif
emi20241014t062003p04012-J,Source mask missing: /data2/yuyao/methane_emission/carbon_mapper_data_masks/emi20241014t062003p04012-J/plume.tif
emi20241014t062003p04012-K,Source mask missing: /data2/yuyao/methane_emission/carbon_mapper_data_masks/emi20241014t062003p04012-K/plume.tif
emi20241014t062003p04012-L,Source mask missing: /data2/yuyao/methane_emission/carbon_mapper_data_masks/emi20241014t062003p04012-L/plume.tif
emi20241014t062003p04012-M,Source mask missing: /data2/yuyao/methane_emission/carbon_mapper_data_masks/emi20241014t062003p04012-M/plume.tif
emi20241014t062003p04012-N,Source mask missing: /data2/yuyao/methane_emission/carbon_mapper_data_masks/emi20241014t062003p04012-N/plume.tif
emi20241014t062003p04012-O,Source mask missing: /data2/yuyao/methane_emission/carbon_mapper_data_masks/emi20241014t062003p04012-O/plume.tif
emi20241014t062003p04012-P,Source mask missing: /data2/yuyao/methane_emission/carbon_mapper_data_masks/emi20241014t062003p04012-P/plume.tif
emi20241014t062003p04012-Q,Source mask missing: /data2/yuyao/methane_emission/carbon_mapper_data_masks/emi20241014t062003p04012-Q/plume.tif
emi20241014t092223p06007-A,Source mask missing: /data2/yuyao/methane_emission/carbon_mapper_data_masks/emi20241014t092223p06007-A/plume.tif
emi20241014t092223p06007-B,Source mask missing: /data2/yuyao/methane_emission/carbon_mapper_data_masks/emi20241014t092223p06007-B/plume.tif
emi20241014t092507p06016-A,Source mask missing: /data2/yuyao/methane_emission/carbon_mapper_data_masks/emi20241014t092507p06016-A/plume.tif
emi20241015t114211p08014-A,Source mask missing: /data2/yuyao/methane_emission/carbon_mapper_data_masks/emi20241015t114211p08014-A/plume.tif
emi20241016t030821p02003-A,Source mask missing: /data2/yuyao/methane_emission/carbon_mapper_data_masks/emi20241016t030821p02003-A/plume.tif
emi20241016t030821p02003-B,Source mask missing: /data2/yuyao/methane_emission/carbon_mapper_data_masks/emi20241016t030821p02003-B/plume.tif
emi20241018t092617p06021-B,Source mask missing: /data2/yuyao/methane_emission/carbon_mapper_data_masks/emi20241018t092617p06021-B/plume.tif
emi20241018t184113p12011-A,Source mask missing: /data2/yuyao/methane_emission/carbon_mapper_data_masks/emi20241018t184113p12011-A/plume.tif
emi20241021t100759p07003-A,Source mask missing: /data2/yuyao/methane_emission/carbon_mapper_data_masks/emi20241021t100759p07003-A/plume.tif
emi20241023t083741p06026-A,Source mask missing: /data2/yuyao/methane_emission/carbon_mapper_data_masks/emi20241023t083741p06026-A/plume.tif
emi20241026t172133p11019-A,Source mask missing: /data2/yuyao/methane_emission/carbon_mapper_data_masks/emi20241026t172133p11019-A/plume.tif
emi20241026t172133p11019-B,Source mask missing: /data2/yuyao/methane_emission/carbon_mapper_data_masks/emi20241026t172133p11019-B/plume.tif
emi20241103t074747p05032-A,Source mask missing: /data2/yuyao/methane_emission/carbon_mapper_data_masks/emi20241103t074747p05032-A/plume.tif
emi20241127t045106p04010-A,Source mask missing: /data2/yuyao/methane_emission/carbon_mapper_data_masks/emi20241127t045106p04010-A/plume.tif
emi20241129t045656p04010-A,Source mask missing: /data2/yuyao/methane_emission/carbon_mapper_data_masks/emi20241129t045656p04010-A/plume.tif
emi20241130t180334p12009-B,Source mask missing: /data2/yuyao/methane_emission/carbon_mapper_data_masks/emi20241130t180334p12009-B/plume.tif
emi20241130t180334p12009-C,Source mask missing: /data2/yuyao/methane_emission/carbon_mapper_data_masks/emi20241130t180334p12009-C/plume.tif
emi20241201t080027p06022-A,Source mask missing: /data2/yuyao/methane_emission/carbon_mapper_data_masks/emi20241201t080027p06022-A/plume.tif
emi20241201t080038p06023-A,Source mask missing: /data2/yuyao/methane_emission/carbon_mapper_data_masks/emi20241201t080038p06023-A/plume.tif
emi20241201t080038p06023-C,Source mask missing: /data2/yuyao/methane_emission/carbon_mapper_data_masks/emi20241201t080038p06023-C/plume.tif
emi20241202t071056p05010-A,Source mask missing: /data2/yuyao/methane_emission/carbon_mapper_data_masks/emi20241202t071056p05010-A/plume.tif
emi20241202t071056p05010-B,Source mask missing: /data2/yuyao/methane_emission/carbon_mapper_data_masks/emi20241202t071056p05010-B/plume.tif
emi20241202t071056p05010-C,Source mask missing: /data2/yuyao/methane_emission/carbon_mapper_data_masks/emi20241202t071056p05010-C/plume.tif
emi20241202t071056p05010-D,Source mask missing: /data2/yuyao/methane_emission/carbon_mapper_data_masks/emi20241202t071056p05010-D/plume.tif
emi20241202t071108p05011-A,Source mask missing: /data2/yuyao/methane_emission/carbon_mapper_data_masks/emi20241202t071108p05011-A/plume.tif
emi20241202t071108p05011-B,Source mask missing: /data2/yuyao/methane_emission/carbon_mapper_data_masks/emi20241202t071108p05011-B/plume.tif
emi20241202t162414p11009-A,Source mask missing: /data2/yuyao/methane_emission/carbon_mapper_data_masks/emi20241202t162414p11009-A/plume.tif
emi20241216t085254p06006-B,Source mask missing: /data2/yuyao/methane_emission/carbon_mapper_data_masks/emi20241216t085254p06006-B/plume.tif
emi20241216t085254p06006-C,Source mask missing: /data2/yuyao/methane_emission/carbon_mapper_data_masks/emi20241216t085254p06006-C/plume.tif
emi20241216t115718p08003-A,Source mask missing: /data2/yuyao/methane_emission/carbon_mapper_data_masks/emi20241216t115718p08003-A/plume.tif
emi20241216t115730p08004-A,Source mask missing: /data2/yuyao/methane_emission/carbon_mapper_data_masks/emi20241216t115730p08004-A/plume.tif
emi20241217t045512p03002-A,Source mask missing: /data2/yuyao/methane_emission/carbon_mapper_data_masks/emi20241217t045512p03002-A/plume.tif
emi20241217t045512p03002-B,Source mask missing: /data2/yuyao/methane_emission/carbon_mapper_data_masks/emi20241217t045512p03002-B/plume.tif
emi20241217t045512p03002-C,Source mask missing: /data2/yuyao/methane_emission/carbon_mapper_data_masks/emi20241217t045512p03002-C/plume.tif
emi20241217t045523p03003-I,Source mask missing: /data2/yuyao/methane_emission/carbon_mapper_data_masks/emi20241217t045523p03003-I/plume.tif
emi20241217t045523p03003-R,Source mask missing: /data2/yuyao/methane_emission/carbon_mapper_data_masks/emi20241217t045523p03003-R/plume.tif
emi20241217t045523p03003-V,Source mask missing: /data2/yuyao/methane_emission/carbon_mapper_data_masks/emi20241217t045523p03003-V/plume.tif
emi20241217t093554p06014-A,Source mask missing: /data2/yuyao/methane_emission/carbon_mapper_data_masks/emi20241217t093554p06014-A/plume.tif
emi20241217t093554p06014-B,Source mask missing: /data2/yuyao/methane_emission/carbon_mapper_data_masks/emi20241217t093554p06014-B/plume.tif
emi20241217t093554p06014-C,Source mask missing: /data2/yuyao/methane_emission/carbon_mapper_data_masks/emi20241217t093554p06014-C/plume.tif
emi20241217t093554p06014-D,Source mask missing: /data2/yuyao/methane_emission/carbon_mapper_data_masks/emi20241217t093554p06014-D/plume.tif
emi20241218t102612p07005-A,Source mask missing: /data2/yuyao/methane_emission/carbon_mapper_data_masks/emi20241218t102612p07005-A/plume.tif
emi20241219t080409p05003-C,Source mask missing: /data2/yuyao/methane_emission/carbon_mapper_data_masks/emi20241219t080409p05003-C/plume.tif
emi20241219t080409p05003-E,Source mask missing: /data2/yuyao/methane_emission/carbon_mapper_data_masks/emi20241219t080409p05003-E/plume.tif
emi20250126t124821p09002-A,Source mask missing: /data2/yuyao/methane_emission/carbon_mapper_data_masks/emi20250126t124821p09002-A/plume.tif
emi20250127t181322p12005-A,Source mask missing: /data2/yuyao/methane_emission/carbon_mapper_data_masks/emi20250127t181322p12005-A/plume.tif
emi20250127t181345p12007-B,Source mask missing: /data2/yuyao/methane_emission/carbon_mapper_data_masks/emi20250127t181345p12007-B/plume.tif
emi20250128t063810p05012-A,Source mask missing: /data2/yuyao/methane_emission/carbon_mapper_data_masks/emi20250128t063810p05012-A/plume.tif
emi20250128t063810p05012-B,Source mask missing: /data2/yuyao/methane_emission/carbon_mapper_data_masks/emi20250128t063810p05012-B/plume.tif
emi20250129t163959p11015-A,Source mask missing: /data2/yuyao/methane_emission/carbon_mapper_data_masks/emi20250129t163959p11015-A/plume.tif
emi20250202t054303p04011-C,Source mask missing: /data2/yuyao/methane_emission/carbon_mapper_data_masks/emi20250202t054303p04011-C/plume.tif
emi20250202t054303p04011-D,Source mask missing: /data2/yuyao/methane_emission/carbon_mapper_data_masks/emi20250202t054303p04011-D/plume.tif
emi20250203t045947p04016-A,Source mask missing: /data2/yuyao/methane_emission/carbon_mapper_data_masks/emi20250203t045947p04016-A/plume.tif
emi20250211t064529p05009-A,Source mask missing: /data2/yuyao/methane_emission/carbon_mapper_data_masks/emi20250211t064529p05009-A/plume.tif
emi20250212t073250p05006-B,Source mask missing: /data2/yuyao/methane_emission/carbon_mapper_data_masks/emi20250212t073250p05006-B/plume.tif
emi20250218t060155p04034-A,Source mask missing: /data2/yuyao/methane_emission/carbon_mapper_data_masks/emi20250218t060155p04034-A/plume.tif
emi20250220t090527p06030-B,Source mask missing: /data2/yuyao/methane_emission/carbon_mapper_data_masks/emi20250220t090527p06030-B/plume.tif
emi20250220t090527p06030-C,Source mask missing: /data2/yuyao/methane_emission/carbon_mapper_data_masks/emi20250220t090527p06030-C/plume.tif
emi20250221t064447p05008-B,Source mask missing: /data2/yuyao/methane_emission/carbon_mapper_data_masks/emi20250221t064447p05008-B/plume.tif
emi20250226t184259p12001-A,Source mask missing: /data2/yuyao/methane_emission/carbon_mapper_data_masks/emi20250226t184259p12001-A/plume.tif
emi20250323t102746p07023-A,Source mask missing: /data2/yuyao/methane_emission/carbon_mapper_data_masks/emi20250323t102746p07023-A/plume.tif
emi20250323t102746p07023-B,Source mask missing: /data2/yuyao/methane_emission/carbon_mapper_data_masks/emi20250323t102746p07023-B/plume.tif
emi20250324t203622p13008-A,Source mask missing: /data2/yuyao/methane_emission/carbon_mapper_data_masks/emi20250324t203622p13008-A/plume.tif
emi20250324t203634p13009-A,Source mask missing: /data2/yuyao/methane_emission/carbon_mapper_data_masks/emi20250324t203634p13009-A/plume.tif
emi20250324t203634p13009-B,Source mask missing: /data2/yuyao/methane_emission/carbon_mapper_data_masks/emi20250324t203634p13009-B/plume.tif
emi20250324t203634p13009-D,Source mask missing: /data2/yuyao/methane_emission/carbon_mapper_data_masks/emi20250324t203634p13009-D/plume.tif
emi20250420t182309p12030-B,Source mask missing: /data2/yuyao/methane_emission/carbon_mapper_data_masks/emi20250420t182309p12030-B/plume.tif
emi20250517t121848p08011-A,Source mask missing: /data2/yuyao/methane_emission/carbon_mapper_data_masks/emi20250517t121848p08011-A/plume.tif
emi20250518t033225p03004-A,Source mask missing: /data2/yuyao/methane_emission/carbon_mapper_data_masks/emi20250518t033225p03004-A/plume.tif
emi20250518t033225p03004-B,Source mask missing: /data2/yuyao/methane_emission/carbon_mapper_data_masks/emi20250518t033225p03004-B/plume.tif
emi20250518t033225p03004-C,Source mask missing: /data2/yuyao/methane_emission/carbon_mapper_data_masks/emi20250518t033225p03004-C/plume.tif
emi20250518t033225p03004-D,Source mask missing: /data2/yuyao/methane_emission/carbon_mapper_data_masks/emi20250518t033225p03004-D/plume.tif
emi20250522t095711p07002-A,Source mask missing: /data2/yuyao/methane_emission/carbon_mapper_data_masks/emi20250522t095711p07002-A/plume.tif
emi20250526t082401p06008-A,Source mask missing: /data2/yuyao/methane_emission/carbon_mapper_data_masks/emi20250526t082401p06008-A/plume.tif
emi20250527t091223p06030-A,Source mask missing: /data2/yuyao/methane_emission/carbon_mapper_data_masks/emi20250527t091223p06030-A/plume.tif
emi20250528t052233p04048-A,Source mask missing: /data2/yuyao/methane_emission/carbon_mapper_data_masks/emi20250528t052233p04048-A/plume.tif
emi20250528t052233p04048-B,Source mask missing: /data2/yuyao/methane_emission/carbon_mapper_data_masks/emi20250528t052233p04048-B/plume.tif
emi20250602t200033p13007-A,Source mask missing: /data2/yuyao/methane_emission/carbon_mapper_data_masks/emi20250602t200033p13007-A/plume.tif
emi20250603t095246p07008-A,Source mask missing: /data2/yuyao/methane_emission/carbon_mapper_data_masks/emi20250603t095246p07008-A/plume.tif
emi20250603t160225p11027-A,Source mask missing: /data2/yuyao/methane_emission/carbon_mapper_data_masks/emi20250603t160225p11027-A/plume.tif
emi20250603t160225p11027-C,Source mask missing: /data2/yuyao/methane_emission/carbon_mapper_data_masks/emi20250603t160225p11027-C/plume.tif
emi20250603t160225p11027-E,Source mask missing: /data2/yuyao/methane_emission/carbon_mapper_data_masks/emi20250603t160225p11027-E/plume.tif
emi20250603t160225p11027-G,Source mask missing: /data2/yuyao/methane_emission/carbon_mapper_data_masks/emi20250603t160225p11027-G/plume.tif
emi20250603t173453p12004-A,Source mask missing: /data2/yuyao/methane_emission/carbon_mapper_data_masks/emi20250603t173453p12004-A/plume.tif
emi20250603t173453p12004-C,Source mask missing: /data2/yuyao/methane_emission/carbon_mapper_data_masks/emi20250603t173453p12004-C/plume.tif
emi20250604t025333p02020-A,Source mask missing: /data2/yuyao/methane_emission/carbon_mapper_data_masks/emi20250604t025333p02020-A/plume.tif
emi20250604t025333p02020-B,Source mask missing: /data2/yuyao/methane_emission/carbon_mapper_data_masks/emi20250604t025333p02020-B/plume.tif
emi20250604t025345p02021-A,Source mask missing: /data2/yuyao/methane_emission/carbon_mapper_data_masks/emi20250604t025345p02021-A/plume.tif
emi20250604t025345p02021-B,Source mask missing: /data2/yuyao/methane_emission/carbon_mapper_data_masks/emi20250604t025345p02021-B/plume.tif
emi20250604t025345p02021-C,Source mask missing: /data2/yuyao/methane_emission/carbon_mapper_data_masks/emi20250604t025345p02021-C/plume.tif
emi20250604t025357p02022-A,Source mask missing: /data2/yuyao/methane_emission/carbon_mapper_data_masks/emi20250604t025357p02022-A/plume.tif
emi20250604t025357p02022-AA,Source mask missing: /data2/yuyao/methane_emission/carbon_mapper_data_masks/emi20250604t025357p02022-AA/plume.tif
emi20250604t025357p02022-AB,Source mask missing: /data2/yuyao/methane_emission/carbon_mapper_data_masks/emi20250604t025357p02022-AB/plume.tif
emi20250604t025357p02022-AD,Source mask missing: /data2/yuyao/methane_emission/carbon_mapper_data_masks/emi20250604t025357p02022-AD/plume.tif
emi20250604t025357p02022-AE,Source mask missing: /data2/yuyao/methane_emission/carbon_mapper_data_masks/emi20250604t025357p02022-AE/plume.tif
emi20250604t025357p02022-AF,Source mask missing: /data2/yuyao/methane_emission/carbon_mapper_data_masks/emi20250604t025357p02022-AF/plume.tif
emi20250604t025357p02022-AG,Source mask missing: /data2/yuyao/methane_emission/carbon_mapper_data_masks/emi20250604t025357p02022-AG/plume.tif
emi20250604t025357p02022-AH,Source mask missing: /data2/yuyao/methane_emission/carbon_mapper_data_masks/emi20250604t025357p02022-AH/plume.tif
emi20250604t025357p02022-AI,Source mask missing: /data2/yuyao/methane_emission/carbon_mapper_data_masks/emi20250604t025357p02022-AI/plume.tif
emi20250604t025357p02022-AJ,Source mask missing: /data2/yuyao/methane_emission/carbon_mapper_data_masks/emi20250604t025357p02022-AJ/plume.tif
emi20250604t025357p02022-AK,Source mask missing: /data2/yuyao/methane_emission/carbon_mapper_data_masks/emi20250604t025357p02022-AK/plume.tif
emi20250604t025357p02022-AL,Source mask missing: /data2/yuyao/methane_emission/carbon_mapper_data_masks/emi20250604t025357p02022-AL/plume.tif
emi20250604t025357p02022-AM,Source mask missing: /data2/yuyao/methane_emission/carbon_mapper_data_masks/emi20250604t025357p02022-AM/plume.tif
emi20250604t025357p02022-AN,Source mask missing: /data2/yuyao/methane_emission/carbon_mapper_data_masks/emi20250604t025357p02022-AN/plume.tif
emi20250604t025357p02022-AP,Source mask missing: /data2/yuyao/methane_emission/carbon_mapper_data_masks/emi20250604t025357p02022-AP/plume.tif
emi20250604t025357p02022-AQ,Source mask missing: /data2/yuyao/methane_emission/carbon_mapper_data_masks/emi20250604t025357p02022-AQ/plume.tif
emi20250604t025357p02022-B,Source mask missing: /data2/yuyao/methane_emission/carbon_mapper_data_masks/emi20250604t025357p02022-B/plume.tif
emi20250604t025357p02022-C,Source mask missing: /data2/yuyao/methane_emission/carbon_mapper_data_masks/emi20250604t025357p02022-C/plume.tif
emi20250604t025357p02022-D,Source mask missing: /data2/yuyao/methane_emission/carbon_mapper_data_masks/emi20250604t025357p02022-D/plume.tif
emi20250604t025357p02022-E,Source mask missing: /data2/yuyao/methane_emission/carbon_mapper_data_masks/emi20250604t025357p02022-E/plume.tif
emi20250604t025357p02022-F,Source mask missing: /data2/yuyao/methane_emission/carbon_mapper_data_masks/emi20250604t025357p02022-F/plume.tif
emi20250604t025357p02022-G,Source mask missing: /data2/yuyao/methane_emission/carbon_mapper_data_masks/emi20250604t025357p02022-G/plume.tif
emi20250604t025357p02022-H,Source mask missing: /data2/yuyao/methane_emission/carbon_mapper_data_masks/emi20250604t025357p02022-H/plume.tif
emi20250604t025357p02022-I,Source mask missing: /data2/yuyao/methane_emission/carbon_mapper_data_masks/emi20250604t025357p02022-I/plume.tif
emi20250604t025357p02022-J,Source mask missing: /data2/yuyao/methane_emission/carbon_mapper_data_masks/emi20250604t025357p02022-J/plume.tif
emi20250604t025357p02022-K,Source mask missing: /data2/yuyao/methane_emission/carbon_mapper_data_masks/emi20250604t025357p02022-K/plume.tif
emi20250604t025357p02022-L,Source mask missing: /data2/yuyao/methane_emission/carbon_mapper_data_masks/emi20250604t025357p02022-L/plume.tif
emi20250604t025357p02022-M,Source mask missing: /data2/yuyao/methane_emission/carbon_mapper_data_masks/emi20250604t025357p02022-M/plume.tif
emi20250604t025357p02022-N,Source mask missing: /data2/yuyao/methane_emission/carbon_mapper_data_masks/emi20250604t025357p02022-N/plume.tif
emi20250604t025357p02022-O,Source mask missing: /data2/yuyao/methane_emission/carbon_mapper_data_masks/emi20250604t025357p02022-O/plume.tif
emi20250604t025357p02022-P,Source mask missing: /data2/yuyao/methane_emission/carbon_mapper_data_masks/emi20250604t025357p02022-P/plume.tif
emi20250604t025357p02022-Q,Source mask missing: /data2/yuyao/methane_emission/carbon_mapper_data_masks/emi20250604t025357p02022-Q/plume.tif
emi20250604t025357p02022-R,Source mask missing: /data2/yuyao/methane_emission/carbon_mapper_data_masks/emi20250604t025357p02022-R/plume.tif
emi20250604t025357p02022-S,Source mask missing: /data2/yuyao/methane_emission/carbon_mapper_data_masks/emi20250604t025357p02022-S/plume.tif
emi20250604t025357p02022-T,Source mask missing: /data2/yuyao/methane_emission/carbon_mapper_data_masks/emi20250604t025357p02022-T/plume.tif
emi20250604t025357p02022-U,Source mask missing: /data2/yuyao/methane_emission/carbon_mapper_data_masks/emi20250604t025357p02022-U/plume.tif
emi20250604t025357p02022-V,Source mask missing: /data2/yuyao/methane_emission/carbon_mapper_data_masks/emi20250604t025357p02022-V/plume.tif
emi20250604t025357p02022-W,Source mask missing: /data2/yuyao/methane_emission/carbon_mapper_data_masks/emi20250604t025357p02022-W/plume.tif
emi20250604t025357p02022-X,Source mask missing: /data2/yuyao/methane_emission/carbon_mapper_data_masks/emi20250604t025357p02022-X/plume.tif
emi20250604t025357p02022-Y,Source mask missing: /data2/yuyao/methane_emission/carbon_mapper_data_masks/emi20250604t025357p02022-Y/plume.tif
emi20250604t025357p02022-Z,Source mask missing: /data2/yuyao/methane_emission/carbon_mapper_data_masks/emi20250604t025357p02022-Z/plume.tif
emi20250604t073039p05010-B,Source mask missing: /data2/yuyao/methane_emission/carbon_mapper_data_masks/emi20250604t073039p05010-B/plume.tif
emi20250605t081905p06014-A,Source mask missing: /data2/yuyao/methane_emission/carbon_mapper_data_masks/emi20250605t081905p06014-A/plume.tif
emi20250605t081917p06015-A,Source mask missing: /data2/yuyao/methane_emission/carbon_mapper_data_masks/emi20250605t081917p06015-A/plume.tif
emi20250606t090643p06017-A,Source mask missing: /data2/yuyao/methane_emission/carbon_mapper_data_masks/emi20250606t090643p06017-A/plume.tif
emi20250609t142632p09002-A,Source mask missing: /data2/yuyao/methane_emission/carbon_mapper_data_masks/emi20250609t142632p09002-A/plume.tif
emi20250609t173458p11005-A,Source mask missing: /data2/yuyao/methane_emission/carbon_mapper_data_masks/emi20250609t173458p11005-A/plume.tif
emi20250609t222616p14004-A,Source mask missing: /data2/yuyao/methane_emission/carbon_mapper_data_masks/emi20250609t222616p14004-A/plume.tif
emi20250611t065853p04019-A,Source mask missing: /data2/yuyao/methane_emission/carbon_mapper_data_masks/emi20250611t065853p04019-A/plume.tif
emi20250611t065853p04019-B,Source mask missing: /data2/yuyao/methane_emission/carbon_mapper_data_masks/emi20250611t065853p04019-B/plume.tif
emi20250611t065853p04019-C,Source mask missing: /data2/yuyao/methane_emission/carbon_mapper_data_masks/emi20250611t065853p04019-C/plume.tif
emi20250611t065853p04019-D,Source mask missing: /data2/yuyao/methane_emission/carbon_mapper_data_masks/emi20250611t065853p04019-D/plume.tif
emi20250611t065853p04019-E,Source mask missing: /data2/yuyao/methane_emission/carbon_mapper_data_masks/emi20250611t065853p04019-E/plume.tif
emi20250611t065853p04019-F,Source mask missing: /data2/yuyao/methane_emission/carbon_mapper_data_masks/emi20250611t065853p04019-F/plume.tif
emi20250611t065853p04019-G,Source mask missing: /data2/yuyao/methane_emission/carbon_mapper_data_masks/emi20250611t065853p04019-G/plume.tif
emi20250611t065853p04019-H,Source mask missing: /data2/yuyao/methane_emission/carbon_mapper_data_masks/emi20250611t065853p04019-H/plume.tif
emi20250613t100206p06020-A,Source mask missing: /data2/yuyao/methane_emission/carbon_mapper_data_masks/emi20250613t100206p06020-A/plume.tif
emi20250613t100206p06020-B,Source mask missing: /data2/yuyao/methane_emission/carbon_mapper_data_masks/emi20250613t100206p06020-B/plume.tif
emi20250613t100206p06020-C,Source mask missing: /data2/yuyao/methane_emission/carbon_mapper_data_masks/emi20250613t100206p06020-C/plume.tif
emi20250613t100206p06020-D,Source mask missing: /data2/yuyao/methane_emission/carbon_mapper_data_masks/emi20250613t100206p06020-D/plume.tif
emi20250613t100206p06020-E,Source mask missing: /data2/yuyao/methane_emission/carbon_mapper_data_masks/emi20250613t100206p06020-E/plume.tif
emi20250613t100206p06020-F,Source mask missing: /data2/yuyao/methane_emission/carbon_mapper_data_masks/emi20250613t100206p06020-F/plume.tif
emi20250613t100206p06020-G,Source mask missing: /data2/yuyao/methane_emission/carbon_mapper_data_masks/emi20250613t100206p06020-G/plume.tif
emi20250613t100206p06020-H,Source mask missing: /data2/yuyao/methane_emission/carbon_mapper_data_masks/emi20250613t100206p06020-H/plume.tif
emi20250613t205246p13023-A,Source mask missing: /data2/yuyao/methane_emission/carbon_mapper_data_masks/emi20250613t205246p13023-A/plume.tif
emi20250620t165341p11037-A,Source mask missing: /data2/yuyao/methane_emission/carbon_mapper_data_masks/emi20250620t165341p11037-A/plume.tif
emi20250815t123929p08007-A,Source mask missing: /data2/yuyao/methane_emission/carbon_mapper_data_masks/emi20250815t123929p08007-A/plume.tif
emi20250815t123929p08007-B,Source mask missing: /data2/yuyao/methane_emission/carbon_mapper_data_masks/emi20250815t123929p08007-B/plume.tif
tan20240922t134352c00s4001-A,Source mask missing: /data2/yuyao/methane_emission/carbon_mapper_data_masks/tan20240922t134352c00s4001-A/plume.tif
tan20240922t134352c00s4001-B,Source mask missing: /data2/yuyao/methane_emission/carbon_mapper_data_masks/tan20240922t134352c00s4001-B/plume.tif
tan20240930t190233c00s4001-A,Source mask missing: /data2/yuyao/methane_emission/carbon_mapper_data_masks/tan20240930t190233c00s4001-A/plume.tif
tan20240930t190233c00s4001-B,Source mask missing: /data2/yuyao/methane_emission/carbon_mapper_data_masks/tan20240930t190233c00s4001-B/plume.tif
tan20240930t190233c00s4001-C,Source mask missing: /data2/yuyao/methane_emission/carbon_mapper_data_masks/tan20240930t190233c00s4001-C/plume.tif
tan20241005t172824c00s4001-B,Source mask missing: /data2/yuyao/methane_emission/carbon_mapper_data_masks/tan20241005t172824c00s4001-B/plume.tif
tan20241005t172824c00s4001-C,Source mask missing: /data2/yuyao/methane_emission/carbon_mapper_data_masks/tan20241005t172824c00s4001-C/plume.tif
tan20241005t172824c00s4001-D,Source mask missing: /data2/yuyao/methane_emission/carbon_mapper_data_masks/tan20241005t172824c00s4001-D/plume.tif
tan20241008t163028c00s4001-A,Source mask missing: /data2/yuyao/methane_emission/carbon_mapper_data_masks/tan20241008t163028c00s4001-A/plume.tif
tan20241008t163028c00s4001-B,Source mask missing: /data2/yuyao/methane_emission/carbon_mapper_data_masks/tan20241008t163028c00s4001-B/plume.tif
tan20241008t163028c00s4001-C,Source mask missing: /data2/yuyao/methane_emission/carbon_mapper_data_masks/tan20241008t163028c00s4001-C/plume.tif
tan20241008t163028c00s4001-D,Source mask missing: /data2/yuyao/methane_emission/carbon_mapper_data_masks/tan20241008t163028c00s4001-D/plume.tif
tan20241008t163028c00s4001-G,Source mask missing: /data2/yuyao/methane_emission/carbon_mapper_data_masks/tan20241008t163028c00s4001-G/plume.tif
tan20241009t161214c00s4001-A,Source mask missing: /data2/yuyao/methane_emission/carbon_mapper_data_masks/tan20241009t161214c00s4001-A/plume.tif
tan20241009t161214c00s4001-B,Source mask missing: /data2/yuyao/methane_emission/carbon_mapper_data_masks/tan20241009t161214c00s4001-B/plume.tif
tan20241016t104644c00s4001-A,Source mask missing: /data2/yuyao/methane_emission/carbon_mapper_data_masks/tan20241016t104644c00s4001-A/plume.tif
tan20241017t054413c00s4001-A,Source mask missing: /data2/yuyao/methane_emission/carbon_mapper_data_masks/tan20241017t054413c00s4001-A/plume.tif
tan20241017t054413c00s4001-B,Source mask missing: /data2/yuyao/methane_emission/carbon_mapper_data_masks/tan20241017t054413c00s4001-B/plume.tif
tan20241017t054413c00s4001-C,Source mask missing: /data2/yuyao/methane_emission/carbon_mapper_data_masks/tan20241017t054413c00s4001-C/plume.tif
tan20241020t061527c00s4001-A,Source mask missing: /data2/yuyao/methane_emission/carbon_mapper_data_masks/tan20241020t061527c00s4001-A/plume.tif
tan20241020t092906c00s4001-A,Source mask missing: /data2/yuyao/methane_emission/carbon_mapper_data_masks/tan20241020t092906c00s4001-A/plume.tif
tan20241020t092906c00s4001-B,Source mask missing: /data2/yuyao/methane_emission/carbon_mapper_data_masks/tan20241020t092906c00s4001-B/plume.tif
tan20241026t103729c00s4001-A,Source mask missing: /data2/yuyao/methane_emission/carbon_mapper_data_masks/tan20241026t103729c00s4001-A/plume.tif
tan20241026t103729c00s4001-B,Source mask missing: /data2/yuyao/methane_emission/carbon_mapper_data_masks/tan20241026t103729c00s4001-B/plume.tif
tan20241026t103729c00s4001-C,Source mask missing: /data2/yuyao/methane_emission/carbon_mapper_data_masks/tan20241026t103729c00s4001-C/plume.tif
tan20241026t103729c00s4001-D,Source mask missing: /data2/yuyao/methane_emission/carbon_mapper_data_masks/tan20241026t103729c00s4001-D/plume.tif
tan20241026t103729c00s4001-E,Source mask missing: /data2/yuyao/methane_emission/carbon_mapper_data_masks/tan20241026t103729c00s4001-E/plume.tif
tan20241026t103729c00s4001-F,Source mask missing: /data2/yuyao/methane_emission/carbon_mapper_data_masks/tan20241026t103729c00s4001-F/plume.tif
tan20241026t103729c00s4001-G,Source mask missing: /data2/yuyao/methane_emission/carbon_mapper_data_masks/tan20241026t103729c00s4001-G/plume.tif
tan20241026t103729c00s4001-H,Source mask missing: /data2/yuyao/methane_emission/carbon_mapper_data_masks/tan20241026t103729c00s4001-H/plume.tif
tan20241026t103729c00s4001-I,Source mask missing: /data2/yuyao/methane_emission/carbon_mapper_data_masks/tan20241026t103729c00s4001-I/plume.tif
tan20241026t103729c00s4001-J,Source mask missing: /data2/yuyao/methane_emission/carbon_mapper_data_masks/tan20241026t103729c00s4001-J/plume.tif
tan20241026t103729c00s4001-M,Source mask missing: /data2/yuyao/methane_emission/carbon_mapper_data_masks/tan20241026t103729c00s4001-M/plume.tif
tan20241026t103729c00s4001-N,Source mask missing: /data2/yuyao/methane_emission/carbon_mapper_data_masks/tan20241026t103729c00s4001-N/plume.tif
tan20241026t103729c00s4001-O,Source mask missing: /data2/yuyao/methane_emission/carbon_mapper_data_masks/tan20241026t103729c00s4001-O/plume.tif
tan20241026t103729c00s4001-P,Source mask missing: /data2/yuyao/methane_emission/carbon_mapper_data_masks/tan20241026t103729c00s4001-P/plume.tif
tan20241026t140414c00s4001-A,Source mask missing: /data2/yuyao/methane_emission/carbon_mapper_data_masks/tan20241026t140414c00s4001-A/plume.tif
tan20241026t140414c00s4001-B,Source mask missing: /data2/yuyao/methane_emission/carbon_mapper_data_masks/tan20241026t140414c00s4001-B/plume.tif
tan20241026t140414c00s4001-C,Source mask missing: /data2/yuyao/methane_emission/carbon_mapper_data_masks/tan20241026t140414c00s4001-C/plume.tif
tan20241026t140414c00s4001-D,Source mask missing: /data2/yuyao/methane_emission/carbon_mapper_data_masks/tan20241026t140414c00s4001-D/plume.tif
tan20241026t140414c00s4001-E,Source mask missing: /data2/yuyao/methane_emission/carbon_mapper_data_masks/tan20241026t140414c00s4001-E/plume.tif
tan20241104t102549c00s4001-A,Source mask missing: /data2/yuyao/methane_emission/carbon_mapper_data_masks/tan20241104t102549c00s4001-A/plume.tif
tan20241105t034128c00s4001-A,Source mask missing: /data2/yuyao/methane_emission/carbon_mapper_data_masks/tan20241105t034128c00s4001-A/plume.tif
tan20241105t034128c00s4001-B,Source mask missing: /data2/yuyao/methane_emission/carbon_mapper_data_masks/tan20241105t034128c00s4001-B/plume.tif
tan20241105t034128c00s4001-F,Source mask missing: /data2/yuyao/methane_emission/carbon_mapper_data_masks/tan20241105t034128c00s4001-F/plume.tif
tan20241105t034128c00s4001-G,Source mask missing: /data2/yuyao/methane_emission/carbon_mapper_data_masks/tan20241105t034128c00s4001-G/plume.tif
tan20241105t034128c00s4001-H,Source mask missing: /data2/yuyao/methane_emission/carbon_mapper_data_masks/tan20241105t034128c00s4001-H/plume.tif
tan20241105t034128c00s4001-I,Source mask missing: /data2/yuyao/methane_emission/carbon_mapper_data_masks/tan20241105t034128c00s4001-I/plume.tif
tan20241105t175246c00s4001-A,Source mask missing: /data2/yuyao/methane_emission/carbon_mapper_data_masks/tan20241105t175246c00s4001-A/plume.tif
tan20241105t175246c00s4001-B,Source mask missing: /data2/yuyao/methane_emission/carbon_mapper_data_masks/tan20241105t175246c00s4001-B/plume.tif
tan20241105t175246c00s4001-C,Source mask missing: /data2/yuyao/methane_emission/carbon_mapper_data_masks/tan20241105t175246c00s4001-C/plume.tif
tan20241105t175246c00s4001-D,Source mask missing: /data2/yuyao/methane_emission/carbon_mapper_data_masks/tan20241105t175246c00s4001-D/plume.tif
tan20241106t111013c00s4001-A,Source mask missing: /data2/yuyao/methane_emission/carbon_mapper_data_masks/tan20241106t111013c00s4001-A/plume.tif
tan20241111t103920c00s4001-A,Source mask missing: /data2/yuyao/methane_emission/carbon_mapper_data_masks/tan20241111t103920c00s4001-A/plume.tif
tan20241111t103920c00s4001-B,Source mask missing: /data2/yuyao/methane_emission/carbon_mapper_data_masks/tan20241111t103920c00s4001-B/plume.tif
tan20241111t103920c00s4001-C,Source mask missing: /data2/yuyao/methane_emission/carbon_mapper_data_masks/tan20241111t103920c00s4001-C/plume.tif
tan20241111t103920c00s4001-D,Source mask missing: /data2/yuyao/methane_emission/carbon_mapper_data_masks/tan20241111t103920c00s4001-D/plume.tif
tan20241111t103920c00s4001-E,Source mask missing: /data2/yuyao/methane_emission/carbon_mapper_data_masks/tan20241111t103920c00s4001-E/plume.tif
tan20241111t103920c00s4001-F,Source mask missing: /data2/yuyao/methane_emission/carbon_mapper_data_masks/tan20241111t103920c00s4001-F/plume.tif
tan20241111t103920c00s4001-G,Source mask missing: /data2/yuyao/methane_emission/carbon_mapper_data_masks/tan20241111t103920c00s4001-G/plume.tif
tan20241111t103920c00s4001-H,Source mask missing: /data2/yuyao/methane_emission/carbon_mapper_data_masks/tan20241111t103920c00s4001-H/plume.tif
tan20241111t103920c00s4001-I,Source mask missing: /data2/yuyao/methane_emission/carbon_mapper_data_masks/tan20241111t103920c00s4001-I/plume.tif
tan20241111t103920c00s4001-J,Source mask missing: /data2/yuyao/methane_emission/carbon_mapper_data_masks/tan20241111t103920c00s4001-J/plume.tif
tan20241111t103920c00s4001-K,Source mask missing: /data2/yuyao/methane_emission/carbon_mapper_data_masks/tan20241111t103920c00s4001-K/plume.tif
tan20241111t103920c00s4001-L,Source mask missing: /data2/yuyao/methane_emission/carbon_mapper_data_masks/tan20241111t103920c00s4001-L/plume.tif
tan20241111t103920c00s4001-M,Source mask missing: /data2/yuyao/methane_emission/carbon_mapper_data_masks/tan20241111t103920c00s4001-M/plume.tif
tan20241111t103920c00s4001-O,Source mask missing: /data2/yuyao/methane_emission/carbon_mapper_data_masks/tan20241111t103920c00s4001-O/plume.tif
tan20241111t103920c00s4001-P,Source mask missing: /data2/yuyao/methane_emission/carbon_mapper_data_masks/tan20241111t103920c00s4001-P/plume.tif
tan20241202t032459c00s4001-A,Source mask missing: /data2/yuyao/methane_emission/carbon_mapper_data_masks/tan20241202t032459c00s4001-A/plume.tif
tan20241202t032459c00s4001-B,Source mask missing: /data2/yuyao/methane_emission/carbon_mapper_data_masks/tan20241202t032459c00s4001-B/plume.tif
tan20241202t032459c00s4001-C,Source mask missing: /data2/yuyao/methane_emission/carbon_mapper_data_masks/tan20241202t032459c00s4001-C/plume.tif
tan20241202t032459c00s4001-D,Source mask missing: /data2/yuyao/methane_emission/carbon_mapper_data_masks/tan20241202t032459c00s4001-D/plume.tif
tan20241202t032459c00s4001-E,Source mask missing: /data2/yuyao/methane_emission/carbon_mapper_data_masks/tan20241202t032459c00s4001-E/plume.tif
tan20241202t032459c00s4001-F,Source mask missing: /data2/yuyao/methane_emission/carbon_mapper_data_masks/tan20241202t032459c00s4001-F/plume.tif
tan20241202t032459c00s4001-G,Source mask missing: /data2/yuyao/methane_emission/carbon_mapper_data_masks/tan20241202t032459c00s4001-G/plume.tif
tan20241202t032459c00s4001-H,Source mask missing: /data2/yuyao/methane_emission/carbon_mapper_data_masks/tan20241202t032459c00s4001-H/plume.tif
tan20241202t032459c00s4001-I,Source mask missing: /data2/yuyao/methane_emission/carbon_mapper_data_masks/tan20241202t032459c00s4001-I/plume.tif
tan20241202t032459c00s4001-J,Source mask missing: /data2/yuyao/methane_emission/carbon_mapper_data_masks/tan20241202t032459c00s4001-J/plume.tif
tan20241202t032459c00s4001-K,Source mask missing: /data2/yuyao/methane_emission/carbon_mapper_data_masks/tan20241202t032459c00s4001-K/plume.tif
tan20241202t032459c00s4001-L,Source mask missing: /data2/yuyao/methane_emission/carbon_mapper_data_masks/tan20241202t032459c00s4001-L/plume.tif
tan20241202t032459c00s4001-M,Source mask missing: /data2/yuyao/methane_emission/carbon_mapper_data_masks/tan20241202t032459c00s4001-M/plume.tif
tan20241202t032459c00s4001-N,Source mask missing: /data2/yuyao/methane_emission/carbon_mapper_data_masks/tan20241202t032459c00s4001-N/plume.tif
tan20241202t032459c00s4001-P,Source mask missing: /data2/yuyao/methane_emission/carbon_mapper_data_masks/tan20241202t032459c00s4001-P/plume.tif
tan20241202t032459c00s4001-Q,Source mask missing: /data2/yuyao/methane_emission/carbon_mapper_data_masks/tan20241202t032459c00s4001-Q/plume.tif
tan20241202t172918c00s4001-A,Source mask missing: /data2/yuyao/methane_emission/carbon_mapper_data_masks/tan20241202t172918c00s4001-A/plume.tif
tan20241202t172918c00s4001-B,Source mask missing: /data2/yuyao/methane_emission/carbon_mapper_data_masks/tan20241202t172918c00s4001-B/plume.tif
tan20241203t073043c00s4001-A,Source mask missing: /data2/yuyao/methane_emission/carbon_mapper_data_masks/tan20241203t073043c00s4001-A/plume.tif
tan20241203t073043c00s4001-B,Source mask missing: /data2/yuyao/methane_emission/carbon_mapper_data_masks/tan20241203t073043c00s4001-B/plume.tif
tan20241203t073043c00s4001-C,Source mask missing: /data2/yuyao/methane_emission/carbon_mapper_data_masks/tan20241203t073043c00s4001-C/plume.tif
tan20241203t073043c00s4001-D,Source mask missing: /data2/yuyao/methane_emission/carbon_mapper_data_masks/tan20241203t073043c00s4001-D/plume.tif
tan20241203t073043c00s4001-E,Source mask missing: /data2/yuyao/methane_emission/carbon_mapper_data_masks/tan20241203t073043c00s4001-E/plume.tif
tan20241203t073043c00s4001-F,Source mask missing: /data2/yuyao/methane_emission/carbon_mapper_data_masks/tan20241203t073043c00s4001-F/plume.tif
tan20241203t073043c00s4001-G,Source mask missing: /data2/yuyao/methane_emission/carbon_mapper_data_masks/tan20241203t073043c00s4001-G/plume.tif
tan20241203t073043c00s4001-H,Source mask missing: /data2/yuyao/methane_emission/carbon_mapper_data_masks/tan20241203t073043c00s4001-H/plume.tif
tan20241203t073043c00s4001-I,Source mask missing: /data2/yuyao/methane_emission/carbon_mapper_data_masks/tan20241203t073043c00s4001-I/plume.tif
tan20241203t073043c00s4001-J,Source mask missing: /data2/yuyao/methane_emission/carbon_mapper_data_masks/tan20241203t073043c00s4001-J/plume.tif
tan20241203t073043c00s4001-K,Source mask missing: /data2/yuyao/methane_emission/carbon_mapper_data_masks/tan20241203t073043c00s4001-K/plume.tif
tan20241203t073043c00s4001-L,Source mask missing: /data2/yuyao/methane_emission/carbon_mapper_data_masks/tan20241203t073043c00s4001-L/plume.tif
tan20241203t073043c00s4001-M,Source mask missing: /data2/yuyao/methane_emission/carbon_mapper_data_masks/tan20241203t073043c00s4001-M/plume.tif
tan20241203t073043c00s4001-N,Source mask missing: /data2/yuyao/methane_emission/carbon_mapper_data_masks/tan20241203t073043c00s4001-N/plume.tif
tan20241203t073043c00s4001-O,Source mask missing: /data2/yuyao/methane_emission/carbon_mapper_data_masks/tan20241203t073043c00s4001-O/plume.tif
tan20241203t073043c00s4001-P,Source mask missing: /data2/yuyao/methane_emission/carbon_mapper_data_masks/tan20241203t073043c00s4001-P/plume.tif
tan20241203t073043c00s4001-Q,Source mask missing: /data2/yuyao/methane_emission/carbon_mapper_data_masks/tan20241203t073043c00s4001-Q/plume.tif
tan20241203t073043c00s4001-R,Source mask missing: /data2/yuyao/methane_emission/carbon_mapper_data_masks/tan20241203t073043c00s4001-R/plume.tif
tan20241203t073043c00s4001-S,Source mask missing: /data2/yuyao/methane_emission/carbon_mapper_data_masks/tan20241203t073043c00s4001-S/plume.tif
tan20241203t073043c00s4001-T,Source mask missing: /data2/yuyao/methane_emission/carbon_mapper_data_masks/tan20241203t073043c00s4001-T/plume.tif
tan20241203t073043c00s4001-U,Source mask missing: /data2/yuyao/methane_emission/carbon_mapper_data_masks/tan20241203t073043c00s4001-U/plume.tif
tan20241205t045119c00s4001-A,Source mask missing: /data2/yuyao/methane_emission/carbon_mapper_data_masks/tan20241205t045119c00s4001-A/plume.tif
tan20241217t064857c00s4001-A,Source mask missing: /data2/yuyao/methane_emission/carbon_mapper_data_masks/tan20241217t064857c00s4001-A/plume.tif
tan20241217t064857c00s4001-B,Source mask missing: /data2/yuyao/methane_emission/carbon_mapper_data_masks/tan20241217t064857c00s4001-B/plume.tif
tan20241217t064857c00s4001-C,Source mask missing: /data2/yuyao/methane_emission/carbon_mapper_data_masks/tan20241217t064857c00s4001-C/plume.tif
tan20241217t064857c00s4001-D,Source mask missing: /data2/yuyao/methane_emission/carbon_mapper_data_masks/tan20241217t064857c00s4001-D/plume.tif
tan20241217t064857c00s4001-E,Source mask missing: /data2/yuyao/methane_emission/carbon_mapper_data_masks/tan20241217t064857c00s4001-E/plume.tif
tan20241224t101944c00s4001-A,Source mask missing: /data2/yuyao/methane_emission/carbon_mapper_data_masks/tan20241224t101944c00s4001-A/plume.tif
tan20241225t032551c00s4001-A,Source mask missing: /data2/yuyao/methane_emission/carbon_mapper_data_masks/tan20241225t032551c00s4001-A/plume.tif
tan20241225t032551c00s4001-B,Source mask missing: /data2/yuyao/methane_emission/carbon_mapper_data_masks/tan20241225t032551c00s4001-B/plume.tif
tan20241225t032551c00s4001-C,Source mask missing: /data2/yuyao/methane_emission/carbon_mapper_data_masks/tan20241225t032551c00s4001-C/plume.tif
tan20241225t032551c00s4001-D,Source mask missing: /data2/yuyao/methane_emission/carbon_mapper_data_masks/tan20241225t032551c00s4001-D/plume.tif
tan20241225t032551c00s4001-E,Source mask missing: /data2/yuyao/methane_emission/carbon_mapper_data_masks/tan20241225t032551c00s4001-E/plume.tif
tan20241225t032551c00s4001-F,Source mask missing: /data2/yuyao/methane_emission/carbon_mapper_data_masks/tan20241225t032551c00s4001-F/plume.tif
tan20241225t032551c00s4001-G,Source mask missing: /data2/yuyao/methane_emission/carbon_mapper_data_masks/tan20241225t032551c00s4001-G/plume.tif
tan20241225t032551c00s4001-H,Source mask missing: /data2/yuyao/methane_emission/carbon_mapper_data_masks/tan20241225t032551c00s4001-H/plume.tif
tan20241225t032551c00s4001-I,Source mask missing: /data2/yuyao/methane_emission/carbon_mapper_data_masks/tan20241225t032551c00s4001-I/plume.tif
tan20241225t032551c00s4001-J,Source mask missing: /data2/yuyao/methane_emission/carbon_mapper_data_masks/tan20241225t032551c00s4001-J/plume.tif
tan20241225t032551c00s4001-K,Source mask missing: /data2/yuyao/methane_emission/carbon_mapper_data_masks/tan20241225t032551c00s4001-K/plume.tif
tan20241225t032551c00s4001-L,Source mask missing: /data2/yuyao/methane_emission/carbon_mapper_data_masks/tan20241225t032551c00s4001-L/plume.tif
tan20241225t032551c00s4001-M,Source mask missing: /data2/yuyao/methane_emission/carbon_mapper_data_masks/tan20241225t032551c00s4001-M/plume.tif
tan20241225t032551c00s4001-N,Source mask missing: /data2/yuyao/methane_emission/carbon_mapper_data_masks/tan20241225t032551c00s4001-N/plume.tif
tan20241226t060035c00s4001-A,Source mask missing: /data2/yuyao/methane_emission/carbon_mapper_data_masks/tan20241226t060035c00s4001-A/plume.tif
tan20241226t060035c00s4001-B,Source mask missing: /data2/yuyao/methane_emission/carbon_mapper_data_masks/tan20241226t060035c00s4001-B/plume.tif
tan20241226t060035c00s4001-C,Source mask missing: /data2/yuyao/methane_emission/carbon_mapper_data_masks/tan20241226t060035c00s4001-C/plume.tif
tan20241226t060035c00s4001-E,Source mask missing: /data2/yuyao/methane_emission/carbon_mapper_data_masks/tan20241226t060035c00s4001-E/plume.tif
tan20241226t060035c00s4001-F,Source mask missing: /data2/yuyao/methane_emission/carbon_mapper_data_masks/tan20241226t060035c00s4001-F/plume.tif
tan20241226t060035c00s4001-H,Source mask missing: /data2/yuyao/methane_emission/carbon_mapper_data_masks/tan20241226t060035c00s4001-H/plume.tif
tan20241230t081533c00s4001-A,Source mask missing: /data2/yuyao/methane_emission/carbon_mapper_data_masks/tan20241230t081533c00s4001-A/plume.tif
tan20250103t163512c00s4001-A,Source mask missing: /data2/yuyao/methane_emission/carbon_mapper_data_masks/tan20250103t163512c00s4001-A/plume.tif
tan20250111t033855c00s4001-E,Source mask missing: /data2/yuyao/methane_emission/carbon_mapper_data_masks/tan20250111t033855c00s4001-E/plume.tif
tan20250111t033855c00s4001-F,Source mask missing: /data2/yuyao/methane_emission/carbon_mapper_data_masks/tan20250111t033855c00s4001-F/plume.tif
tan20250111t033855c00s4001-I,Source mask missing: /data2/yuyao/methane_emission/carbon_mapper_data_masks/tan20250111t033855c00s4001-I/plume.tif
tan20250121t142012c00s4001-A,Source mask missing: /data2/yuyao/methane_emission/carbon_mapper_data_masks/tan20250121t142012c00s4001-A/plume.tif
tan20250122t151345c00s4001-A,Source mask missing: /data2/yuyao/methane_emission/carbon_mapper_data_masks/tan20250122t151345c00s4001-A/plume.tif
tan20250126t060144c00s4001-A,Source mask missing: /data2/yuyao/methane_emission/carbon_mapper_data_masks/tan20250126t060144c00s4001-A/plume.tif
tan20250127t174657c00s4001-B,Source mask missing: /data2/yuyao/methane_emission/carbon_mapper_data_masks/tan20250127t174657c00s4001-B/plume.tif
tan20250127t174657c00s4001-C,Source mask missing: /data2/yuyao/methane_emission/carbon_mapper_data_masks/tan20250127t174657c00s4001-C/plume.tif
tan20250131t054730c00s4001-A,Source mask missing: /data2/yuyao/methane_emission/carbon_mapper_data_masks/tan20250131t054730c00s4001-A/plume.tif
tan20250131t055153c00s4001-A,Source mask missing: /data2/yuyao/methane_emission/carbon_mapper_data_masks/tan20250131t055153c00s4001-A/plume.tif
tan20250131t072141c00s4001-A,Source mask missing: /data2/yuyao/methane_emission/carbon_mapper_data_masks/tan20250131t072141c00s4001-A/plume.tif
tan20250131t181317c00s4001-A,Source mask missing: /data2/yuyao/methane_emission/carbon_mapper_data_masks/tan20250131t181317c00s4001-A/plume.tif
tan20250131t181317c00s4001-B,Source mask missing: /data2/yuyao/methane_emission/carbon_mapper_data_masks/tan20250131t181317c00s4001-B/plume.tif
tan20250131t181317c00s4001-C,Source mask missing: /data2/yuyao/methane_emission/carbon_mapper_data_masks/tan20250131t181317c00s4001-C/plume.tif
tan20250131t181317c00s4001-D,Source mask missing: /data2/yuyao/methane_emission/carbon_mapper_data_masks/tan20250131t181317c00s4001-D/plume.tif
tan20250131t181317c00s4001-E,Source mask missing: /data2/yuyao/methane_emission/carbon_mapper_data_masks/tan20250131t181317c00s4001-E/plume.tif
tan20250131t181317c00s4001-F,Source mask missing: /data2/yuyao/methane_emission/carbon_mapper_data_masks/tan20250131t181317c00s4001-F/plume.tif
tan20250131t181317c00s4001-G,Source mask missing: /data2/yuyao/methane_emission/carbon_mapper_data_masks/tan20250131t181317c00s4001-G/plume.tif
tan20250131t181317c00s4001-H,Source mask missing: /data2/yuyao/methane_emission/carbon_mapper_data_masks/tan20250131t181317c00s4001-H/plume.tif
tan20250131t181317c00s4001-I,Source mask missing: /data2/yuyao/methane_emission/carbon_mapper_data_masks/tan20250131t181317c00s4001-I/plume.tif
tan20250131t181317c00s4001-J,Source mask missing: /data2/yuyao/methane_emission/carbon_mapper_data_masks/tan20250131t181317c00s4001-J/plume.tif
tan20250131t181317c00s4001-K,Source mask missing: /data2/yuyao/methane_emission/carbon_mapper_data_masks/tan20250131t181317c00s4001-K/plume.tif
tan20250131t181317c00s4001-L,Source mask missing: /data2/yuyao/methane_emission/carbon_mapper_data_masks/tan20250131t181317c00s4001-L/plume.tif
tan20250131t181317c00s4001-M,Source mask missing: /data2/yuyao/methane_emission/carbon_mapper_data_masks/tan20250131t181317c00s4001-M/plume.tif
tan20250131t181317c00s4001-N,Source mask missing: /data2/yuyao/methane_emission/carbon_mapper_data_masks/tan20250131t181317c00s4001-N/plume.tif
tan20250131t181317c00s4001-O,Source mask missing: /data2/yuyao/methane_emission/carbon_mapper_data_masks/tan20250131t181317c00s4001-O/plume.tif
tan20250131t181317c00s4001-P,Source mask missing: /data2/yuyao/methane_emission/carbon_mapper_data_masks/tan20250131t181317c00s4001-P/plume.tif
tan20250201t094444c00s4001-A,Source mask missing: /data2/yuyao/methane_emission/carbon_mapper_data_masks/tan20250201t094444c00s4001-A/plume.tif
tan20250201t094444c00s4001-B,Source mask missing: /data2/yuyao/methane_emission/carbon_mapper_data_masks/tan20250201t094444c00s4001-B/plume.tif
tan20250202t042059c00s4001-A,Source mask missing: /data2/yuyao/methane_emission/carbon_mapper_data_masks/tan20250202t042059c00s4001-A/plume.tif
tan20250202t140245c00s4001-A,Source mask missing: /data2/yuyao/methane_emission/carbon_mapper_data_masks/tan20250202t140245c00s4001-A/plume.tif
tan20250202t165233c00s4001-A,Source mask missing: /data2/yuyao/methane_emission/carbon_mapper_data_masks/tan20250202t165233c00s4001-A/plume.tif
tan20250202t165233c00s4001-B,Source mask missing: /data2/yuyao/methane_emission/carbon_mapper_data_masks/tan20250202t165233c00s4001-B/plume.tif
tan20250202t165233c00s4001-C,Source mask missing: /data2/yuyao/methane_emission/carbon_mapper_data_masks/tan20250202t165233c00s4001-C/plume.tif
tan20250202t165233c00s4001-D,Source mask missing: /data2/yuyao/methane_emission/carbon_mapper_data_masks/tan20250202t165233c00s4001-D/plume.tif
tan20250202t165233c00s4001-E,Source mask missing: /data2/yuyao/methane_emission/carbon_mapper_data_masks/tan20250202t165233c00s4001-E/plume.tif
tan20250202t165233c00s4001-F,Source mask missing: /data2/yuyao/methane_emission/carbon_mapper_data_masks/tan20250202t165233c00s4001-F/plume.tif
tan20250202t165233c00s4001-H,Source mask missing: /data2/yuyao/methane_emission/carbon_mapper_data_masks/tan20250202t165233c00s4001-H/plume.tif
tan20250203t034534c00s4001-A,Source mask missing: /data2/yuyao/methane_emission/carbon_mapper_data_masks/tan20250203t034534c00s4001-A/plume.tif
tan20250203t034534c00s4001-B,Source mask missing: /data2/yuyao/methane_emission/carbon_mapper_data_masks/tan20250203t034534c00s4001-B/plume.tif
tan20250203t034534c00s4001-C,Source mask missing: /data2/yuyao/methane_emission/carbon_mapper_data_masks/tan20250203t034534c00s4001-C/plume.tif
tan20250203t034534c00s4001-D,Source mask missing: /data2/yuyao/methane_emission/carbon_mapper_data_masks/tan20250203t034534c00s4001-D/plume.tif
tan20250203t034534c00s4001-E,Source mask missing: /data2/yuyao/methane_emission/carbon_mapper_data_masks/tan20250203t034534c00s4001-E/plume.tif
tan20250203t034534c00s4001-F,Source mask missing: /data2/yuyao/methane_emission/carbon_mapper_data_masks/tan20250203t034534c00s4001-F/plume.tif
tan20250203t034534c00s4001-G,Source mask missing: /data2/yuyao/methane_emission/carbon_mapper_data_masks/tan20250203t034534c00s4001-G/plume.tif
tan20250203t034534c00s4001-H,Source mask missing: /data2/yuyao/methane_emission/carbon_mapper_data_masks/tan20250203t034534c00s4001-H/plume.tif
tan20250203t034534c00s4001-I,Source mask missing: /data2/yuyao/methane_emission/carbon_mapper_data_masks/tan20250203t034534c00s4001-I/plume.tif
tan20250203t034534c00s4001-J,Source mask missing: /data2/yuyao/methane_emission/carbon_mapper_data_masks/tan20250203t034534c00s4001-J/plume.tif
tan20250203t034534c00s4001-K,Source mask missing: /data2/yuyao/methane_emission/carbon_mapper_data_masks/tan20250203t034534c00s4001-K/plume.tif
tan20250203t034534c00s4001-L,Source mask missing: /data2/yuyao/methane_emission/carbon_mapper_data_masks/tan20250203t034534c00s4001-L/plume.tif
tan20250203t034534c00s4001-M,Source mask missing: /data2/yuyao/methane_emission/carbon_mapper_data_masks/tan20250203t034534c00s4001-M/plume.tif
tan20250203t034534c00s4001-N,Source mask missing: /data2/yuyao/methane_emission/carbon_mapper_data_masks/tan20250203t034534c00s4001-N/plume.tif
tan20250203t034534c00s4001-O,Source mask missing: /data2/yuyao/methane_emission/carbon_mapper_data_masks/tan20250203t034534c00s4001-O/plume.tif
tan20250203t034534c00s4001-P,Source mask missing: /data2/yuyao/methane_emission/carbon_mapper_data_masks/tan20250203t034534c00s4001-P/plume.tif
tan20250203t034534c00s4001-Q,Source mask missing: /data2/yuyao/methane_emission/carbon_mapper_data_masks/tan20250203t034534c00s4001-Q/plume.tif
tan20250203t034534c00s4001-R,Source mask missing: /data2/yuyao/methane_emission/carbon_mapper_data_masks/tan20250203t034534c00s4001-R/plume.tif
tan20250203t034534c00s4001-S,Source mask missing: /data2/yuyao/methane_emission/carbon_mapper_data_masks/tan20250203t034534c00s4001-S/plume.tif
tan20250203t034534c00s4001-T,Source mask missing: /data2/yuyao/methane_emission/carbon_mapper_data_masks/tan20250203t034534c00s4001-T/plume.tif
tan20250203t034534c00s4001-U,Source mask missing: /data2/yuyao/methane_emission/carbon_mapper_data_masks/tan20250203t034534c00s4001-U/plume.tif
tan20250203t034534c00s4001-V,Source mask missing: /data2/yuyao/methane_emission/carbon_mapper_data_masks/tan20250203t034534c00s4001-V/plume.tif
tan20250205t133331c00s4001-B,Source mask missing: /data2/yuyao/methane_emission/carbon_mapper_data_masks/tan20250205t133331c00s4001-B/plume.tif
tan20250205t133331c00s4001-D,Source mask missing: /data2/yuyao/methane_emission/carbon_mapper_data_masks/tan20250205t133331c00s4001-D/plume.tif
tan20250206t142658c00s4001-A,Source mask missing: /data2/yuyao/methane_emission/carbon_mapper_data_masks/tan20250206t142658c00s4001-A/plume.tif
tan20250206t142658c00s4001-B,Source mask missing: /data2/yuyao/methane_emission/carbon_mapper_data_masks/tan20250206t142658c00s4001-B/plume.tif
tan20250206t142858c00s4001-A,Source mask missing: /data2/yuyao/methane_emission/carbon_mapper_data_masks/tan20250206t142858c00s4001-A/plume.tif
tan20250207t152207c00s4001-B,Source mask missing: /data2/yuyao/methane_emission/carbon_mapper_data_masks/tan20250207t152207c00s4001-B/plume.tif
tan20250207t152207c00s4001-C,Source mask missing: /data2/yuyao/methane_emission/carbon_mapper_data_masks/tan20250207t152207c00s4001-C/plume.tif
tan20250207t163958c00s4001-A,Source mask missing: /data2/yuyao/methane_emission/carbon_mapper_data_masks/tan20250207t163958c00s4001-A/plume.tif
tan20250207t181204c00s4001-A,Source mask missing: /data2/yuyao/methane_emission/carbon_mapper_data_masks/tan20250207t181204c00s4001-A/plume.tif
tan20250207t181204c00s4001-B,Source mask missing: /data2/yuyao/methane_emission/carbon_mapper_data_masks/tan20250207t181204c00s4001-B/plume.tif
tan20250207t181204c00s4001-C,Source mask missing: /data2/yuyao/methane_emission/carbon_mapper_data_masks/tan20250207t181204c00s4001-C/plume.tif
tan20250207t181204c00s4001-D,Source mask missing: /data2/yuyao/methane_emission/carbon_mapper_data_masks/tan20250207t181204c00s4001-D/plume.tif
tan20250207t181204c00s4001-E,Source mask missing: /data2/yuyao/methane_emission/carbon_mapper_data_masks/tan20250207t181204c00s4001-E/plume.tif
tan20250207t181204c00s4001-F,Source mask missing: /data2/yuyao/methane_emission/carbon_mapper_data_masks/tan20250207t181204c00s4001-F/plume.tif
tan20250207t181204c00s4001-G,Source mask missing: /data2/yuyao/methane_emission/carbon_mapper_data_masks/tan20250207t181204c00s4001-G/plume.tif
tan20250207t181204c00s4001-H,Source mask missing: /data2/yuyao/methane_emission/carbon_mapper_data_masks/tan20250207t181204c00s4001-H/plume.tif
tan20250207t181204c00s4001-I,Source mask missing: /data2/yuyao/methane_emission/carbon_mapper_data_masks/tan20250207t181204c00s4001-I/plume.tif
tan20250207t181204c00s4001-J,Source mask missing: /data2/yuyao/methane_emission/carbon_mapper_data_masks/tan20250207t181204c00s4001-J/plume.tif
tan20250207t181204c00s4001-K,Source mask missing: /data2/yuyao/methane_emission/carbon_mapper_data_masks/tan20250207t181204c00s4001-K/plume.tif
tan20250207t181204c00s4001-L,Source mask missing: /data2/yuyao/methane_emission/carbon_mapper_data_masks/tan20250207t181204c00s4001-L/plume.tif
tan20250208t081734c00s4001-A,Source mask missing: /data2/yuyao/methane_emission/carbon_mapper_data_masks/tan20250208t081734c00s4001-A/plume.tif
tan20250208t081734c00s4001-C,Source mask missing: /data2/yuyao/methane_emission/carbon_mapper_data_masks/tan20250208t081734c00s4001-C/plume.tif
tan20250208t081734c00s4001-D,Source mask missing: /data2/yuyao/methane_emission/carbon_mapper_data_masks/tan20250208t081734c00s4001-D/plume.tif
tan20250208t094549c00s4001-A,Source mask missing: /data2/yuyao/methane_emission/carbon_mapper_data_masks/tan20250208t094549c00s4001-A/plume.tif
tan20250209t041753c00s4001-B,Source mask missing: /data2/yuyao/methane_emission/carbon_mapper_data_masks/tan20250209t041753c00s4001-B/plume.tif
tan20250209t103847c00s4001-A,Source mask missing: /data2/yuyao/methane_emission/carbon_mapper_data_masks/tan20250209t103847c00s4001-A/plume.tif
tan20250209t103847c00s4001-B,Source mask missing: /data2/yuyao/methane_emission/carbon_mapper_data_masks/tan20250209t103847c00s4001-B/plume.tif
tan20250209t103847c00s4001-C,Source mask missing: /data2/yuyao/methane_emission/carbon_mapper_data_masks/tan20250209t103847c00s4001-C/plume.tif
tan20250209t103847c00s4001-D,Source mask missing: /data2/yuyao/methane_emission/carbon_mapper_data_masks/tan20250209t103847c00s4001-D/plume.tif
tan20250209t103847c00s4001-E,Source mask missing: /data2/yuyao/methane_emission/carbon_mapper_data_masks/tan20250209t103847c00s4001-E/plume.tif
tan20250209t103847c00s4001-F,Source mask missing: /data2/yuyao/methane_emission/carbon_mapper_data_masks/tan20250209t103847c00s4001-F/plume.tif
tan20250211t061250c00s4001-A,Source mask missing: /data2/yuyao/methane_emission/carbon_mapper_data_masks/tan20250211t061250c00s4001-A/plume.tif
tan20250211t074842c00s4001-A,Source mask missing: /data2/yuyao/methane_emission/carbon_mapper_data_masks/tan20250211t074842c00s4001-A/plume.tif
tan20250214t023347c00s4001-A,Source mask missing: /data2/yuyao/methane_emission/carbon_mapper_data_masks/tan20250214t023347c00s4001-A/plume.tif
tan20250215t032943c00s4001-B,Source mask missing: /data2/yuyao/methane_emission/carbon_mapper_data_masks/tan20250215t032943c00s4001-B/plume.tif
tan20250215t032943c00s4001-D,Source mask missing: /data2/yuyao/methane_emission/carbon_mapper_data_masks/tan20250215t032943c00s4001-D/plume.tif
tan20250215t032943c00s4001-E,Source mask missing: /data2/yuyao/methane_emission/carbon_mapper_data_masks/tan20250215t032943c00s4001-E/plume.tif
tan20250215t032943c00s4001-F,Source mask missing: /data2/yuyao/methane_emission/carbon_mapper_data_masks/tan20250215t032943c00s4001-F/plume.tif
tan20250215t032943c00s4001-G,Source mask missing: /data2/yuyao/methane_emission/carbon_mapper_data_masks/tan20250215t032943c00s4001-G/plume.tif
tan20250216t055242c00s4001-A,Source mask missing: /data2/yuyao/methane_emission/carbon_mapper_data_masks/tan20250216t055242c00s4001-A/plume.tif
tan20250216t055242c00s4001-C,Source mask missing: /data2/yuyao/methane_emission/carbon_mapper_data_masks/tan20250216t055242c00s4001-C/plume.tif
tan20250216t055242c00s4001-D,Source mask missing: /data2/yuyao/methane_emission/carbon_mapper_data_masks/tan20250216t055242c00s4001-D/plume.tif
tan20250216t055242c00s4001-E,Source mask missing: /data2/yuyao/methane_emission/carbon_mapper_data_masks/tan20250216t055242c00s4001-E/plume.tif
tan20250216t055242c00s4001-F,Source mask missing: /data2/yuyao/methane_emission/carbon_mapper_data_masks/tan20250216t055242c00s4001-F/plume.tif
tan20250219t065620c00s4001-A,Source mask missing: /data2/yuyao/methane_emission/carbon_mapper_data_masks/tan20250219t065620c00s4001-A/plume.tif
tan20250219t192849c00s4001-A,Source mask missing: /data2/yuyao/methane_emission/carbon_mapper_data_masks/tan20250219t192849c00s4001-A/plume.tif
tan20250220t080054c00s4001-A,Source mask missing: /data2/yuyao/methane_emission/carbon_mapper_data_masks/tan20250220t080054c00s4001-A/plume.tif
tan20250221t023341c00s4001-A,Source mask missing: /data2/yuyao/methane_emission/carbon_mapper_data_masks/tan20250221t023341c00s4001-A/plume.tif
tan20250221t023341c00s4001-B,Source mask missing: /data2/yuyao/methane_emission/carbon_mapper_data_masks/tan20250221t023341c00s4001-B/plume.tif
tan20250221t023341c00s4001-C,Source mask missing: /data2/yuyao/methane_emission/carbon_mapper_data_masks/tan20250221t023341c00s4001-C/plume.tif
tan20250221t023341c00s4001-D,Source mask missing: /data2/yuyao/methane_emission/carbon_mapper_data_masks/tan20250221t023341c00s4001-D/plume.tif
tan20250221t023341c00s4001-E,Source mask missing: /data2/yuyao/methane_emission/carbon_mapper_data_masks/tan20250221t023341c00s4001-E/plume.tif
tan20250225t170804c00s4001-A,Source mask missing: /data2/yuyao/methane_emission/carbon_mapper_data_masks/tan20250225t170804c00s4001-A/plume.tif
tan20250225t170804c00s4001-B,Source mask missing: /data2/yuyao/methane_emission/carbon_mapper_data_masks/tan20250225t170804c00s4001-B/plume.tif
tan20250225t170804c00s4001-C,Source mask missing: /data2/yuyao/methane_emission/carbon_mapper_data_masks/tan20250225t170804c00s4001-C/plume.tif
tan20250226t053530c00s4001-A,Source mask missing: /data2/yuyao/methane_emission/carbon_mapper_data_masks/tan20250226t053530c00s4001-A/plume.tif
tan20250226t053530c00s4001-C,Source mask missing: /data2/yuyao/methane_emission/carbon_mapper_data_masks/tan20250226t053530c00s4001-C/plume.tif
tan20250226t070249c00s4001-A,Source mask missing: /data2/yuyao/methane_emission/carbon_mapper_data_masks/tan20250226t070249c00s4001-A/plume.tif
tan20250226t151118c00s4001-A,Source mask missing: /data2/yuyao/methane_emission/carbon_mapper_data_masks/tan20250226t151118c00s4001-A/plume.tif
tan20250226t175617c00s4001-A,Source mask missing: /data2/yuyao/methane_emission/carbon_mapper_data_masks/tan20250226t175617c00s4001-A/plume.tif
tan20250302t055859c00s4001-A,Source mask missing: /data2/yuyao/methane_emission/carbon_mapper_data_masks/tan20250302t055859c00s4001-A/plume.tif
tan20250302t055859c00s4001-B,Source mask missing: /data2/yuyao/methane_emission/carbon_mapper_data_masks/tan20250302t055859c00s4001-B/plume.tif
tan20250302t055859c00s4001-C,Source mask missing: /data2/yuyao/methane_emission/carbon_mapper_data_masks/tan20250302t055859c00s4001-C/plume.tif
tan20250302t055859c00s4001-D,Source mask missing: /data2/yuyao/methane_emission/carbon_mapper_data_masks/tan20250302t055859c00s4001-D/plume.tif
tan20250302t164918c00s4001-C,Source mask missing: /data2/yuyao/methane_emission/carbon_mapper_data_masks/tan20250302t164918c00s4001-C/plume.tif
tan20250306t075723c00s4001-A,Source mask missing: /data2/yuyao/methane_emission/carbon_mapper_data_masks/tan20250306t075723c00s4001-A/plume.tif
tan20250306t075723c00s4001-B,Source mask missing: /data2/yuyao/methane_emission/carbon_mapper_data_masks/tan20250306t075723c00s4001-B/plume.tif
tan20250306t075723c00s4001-D,Source mask missing: /data2/yuyao/methane_emission/carbon_mapper_data_masks/tan20250306t075723c00s4001-D/plume.tif
tan20250306t075723c00s4001-E,Source mask missing: /data2/yuyao/methane_emission/carbon_mapper_data_masks/tan20250306t075723c00s4001-E/plume.tif
tan20250307t102102c00s4001-A,Source mask missing: /data2/yuyao/methane_emission/carbon_mapper_data_masks/tan20250307t102102c00s4001-A/plume.tif
tan20250307t102102c00s4001-B,Source mask missing: /data2/yuyao/methane_emission/carbon_mapper_data_masks/tan20250307t102102c00s4001-B/plume.tif
tan20250307t102102c00s4001-C,Source mask missing: /data2/yuyao/methane_emission/carbon_mapper_data_masks/tan20250307t102102c00s4001-C/plume.tif
tan20250307t102102c00s4001-D,Source mask missing: /data2/yuyao/methane_emission/carbon_mapper_data_masks/tan20250307t102102c00s4001-D/plume.tif
tan20250307t120329c00s4001-A,Source mask missing: /data2/yuyao/methane_emission/carbon_mapper_data_masks/tan20250307t120329c00s4001-A/plume.tif
tan20250308t033118c00s4001-A,Source mask missing: /data2/yuyao/methane_emission/carbon_mapper_data_masks/tan20250308t033118c00s4001-A/plume.tif
tan20250308t033118c00s4001-B,Source mask missing: /data2/yuyao/methane_emission/carbon_mapper_data_masks/tan20250308t033118c00s4001-B/plume.tif
tan20250308t033118c00s4001-C,Source mask missing: /data2/yuyao/methane_emission/carbon_mapper_data_masks/tan20250308t033118c00s4001-C/plume.tif
tan20250308t033118c00s4001-D,Source mask missing: /data2/yuyao/methane_emission/carbon_mapper_data_masks/tan20250308t033118c00s4001-D/plume.tif
tan20250308t033118c00s4001-E,Source mask missing: /data2/yuyao/methane_emission/carbon_mapper_data_masks/tan20250308t033118c00s4001-E/plume.tif
tan20250308t033118c00s4001-F,Source mask missing: /data2/yuyao/methane_emission/carbon_mapper_data_masks/tan20250308t033118c00s4001-F/plume.tif
tan20250308t033118c00s4001-G,Source mask missing: /data2/yuyao/methane_emission/carbon_mapper_data_masks/tan20250308t033118c00s4001-G/plume.tif
tan20250308t033118c00s4001-H,Source mask missing: /data2/yuyao/methane_emission/carbon_mapper_data_masks/tan20250308t033118c00s4001-H/plume.tif
tan20250308t033118c00s4001-I,Source mask missing: /data2/yuyao/methane_emission/carbon_mapper_data_masks/tan20250308t033118c00s4001-I/plume.tif
tan20250308t033118c00s4001-J,Source mask missing: /data2/yuyao/methane_emission/carbon_mapper_data_masks/tan20250308t033118c00s4001-J/plume.tif
tan20250308t033118c00s4001-K,Source mask missing: /data2/yuyao/methane_emission/carbon_mapper_data_masks/tan20250308t033118c00s4001-K/plume.tif
tan20250308t033118c00s4001-L,Source mask missing: /data2/yuyao/methane_emission/carbon_mapper_data_masks/tan20250308t033118c00s4001-L/plume.tif
tan20250308t033118c00s4001-N,Source mask missing: /data2/yuyao/methane_emission/carbon_mapper_data_masks/tan20250308t033118c00s4001-N/plume.tif
tan20250308t033118c00s4001-O,Source mask missing: /data2/yuyao/methane_emission/carbon_mapper_data_masks/tan20250308t033118c00s4001-O/plume.tif
tan20250308t033118c00s4001-P,Source mask missing: /data2/yuyao/methane_emission/carbon_mapper_data_masks/tan20250308t033118c00s4001-P/plume.tif
tan20250308t033118c00s4001-Q,Source mask missing: /data2/yuyao/methane_emission/carbon_mapper_data_masks/tan20250308t033118c00s4001-Q/plume.tif
tan20250308t033118c00s4001-R,Source mask missing: /data2/yuyao/methane_emission/carbon_mapper_data_masks/tan20250308t033118c00s4001-R/plume.tif
tan20250308t033118c00s4001-S,Source mask missing: /data2/yuyao/methane_emission/carbon_mapper_data_masks/tan20250308t033118c00s4001-S/plume.tif
tan20250308t033118c00s4001-T,Source mask missing: /data2/yuyao/methane_emission/carbon_mapper_data_masks/tan20250308t033118c00s4001-T/plume.tif
tan20250308t160249c00s4001-A,Source mask missing: /data2/yuyao/methane_emission/carbon_mapper_data_masks/tan20250308t160249c00s4001-A/plume.tif
tan20250308t173357c00s4001-A,Source mask missing: /data2/yuyao/methane_emission/carbon_mapper_data_masks/tan20250308t173357c00s4001-A/plume.tif
tan20250309t060015c00s4001-A,Source mask missing: /data2/yuyao/methane_emission/carbon_mapper_data_masks/tan20250309t060015c00s4001-A/plume.tif
tan20250309t060015c00s4001-B,Source mask missing: /data2/yuyao/methane_emission/carbon_mapper_data_masks/tan20250309t060015c00s4001-B/plume.tif
tan20250309t060015c00s4001-C,Source mask missing: /data2/yuyao/methane_emission/carbon_mapper_data_masks/tan20250309t060015c00s4001-C/plume.tif
tan20250309t152518c00s4001-B,Source mask missing: /data2/yuyao/methane_emission/carbon_mapper_data_masks/tan20250309t152518c00s4001-B/plume.tif
tan20250309t152518c00s4001-C,Source mask missing: /data2/yuyao/methane_emission/carbon_mapper_data_masks/tan20250309t152518c00s4001-C/plume.tif
tan20250309t152518c00s4001-E,Source mask missing: /data2/yuyao/methane_emission/carbon_mapper_data_masks/tan20250309t152518c00s4001-E/plume.tif
tan20250309t152518c00s4001-F,Source mask missing: /data2/yuyao/methane_emission/carbon_mapper_data_masks/tan20250309t152518c00s4001-F/plume.tif
tan20250309t165019c00s4001-A,Source mask missing: /data2/yuyao/methane_emission/carbon_mapper_data_masks/tan20250309t165019c00s4001-A/plume.tif
tan20250309t165019c00s4001-B,Source mask missing: /data2/yuyao/methane_emission/carbon_mapper_data_masks/tan20250309t165019c00s4001-B/plume.tif
tan20250309t165019c00s4001-C,Source mask missing: /data2/yuyao/methane_emission/carbon_mapper_data_masks/tan20250309t165019c00s4001-C/plume.tif
tan20250309t165019c00s4001-D,Source mask missing: /data2/yuyao/methane_emission/carbon_mapper_data_masks/tan20250309t165019c00s4001-D/plume.tif
tan20250311t105308c00s4001-A,Source mask missing: /data2/yuyao/methane_emission/carbon_mapper_data_masks/tan20250311t105308c00s4001-A/plume.tif
tan20250311t105308c00s4001-B,Source mask missing: /data2/yuyao/methane_emission/carbon_mapper_data_masks/tan20250311t105308c00s4001-B/plume.tif
tan20250311t105308c00s4001-C,Source mask missing: /data2/yuyao/methane_emission/carbon_mapper_data_masks/tan20250311t105308c00s4001-C/plume.tif
tan20250311t105308c00s4001-D,Source mask missing: /data2/yuyao/methane_emission/carbon_mapper_data_masks/tan20250311t105308c00s4001-D/plume.tif
tan20250312t162716c00s4001-A,Source mask missing: /data2/yuyao/methane_emission/carbon_mapper_data_masks/tan20250312t162716c00s4001-A/plume.tif
tan20250312t162716c00s4001-B,Source mask missing: /data2/yuyao/methane_emission/carbon_mapper_data_masks/tan20250312t162716c00s4001-B/plume.tif
tan20250312t162716c00s4001-C,Source mask missing: /data2/yuyao/methane_emission/carbon_mapper_data_masks/tan20250312t162716c00s4001-C/plume.tif
tan20250313t075712c00s4001-A,Source mask missing: /data2/yuyao/methane_emission/carbon_mapper_data_masks/tan20250313t075712c00s4001-A/plume.tif
tan20250313t075712c00s4001-B,Source mask missing: /data2/yuyao/methane_emission/carbon_mapper_data_masks/tan20250313t075712c00s4001-B/plume.tif
tan20250313t075712c00s4001-C,Source mask missing: /data2/yuyao/methane_emission/carbon_mapper_data_masks/tan20250313t075712c00s4001-C/plume.tif
tan20250313t075712c00s4001-E,Source mask missing: /data2/yuyao/methane_emission/carbon_mapper_data_masks/tan20250313t075712c00s4001-E/plume.tif
tan20250313t075712c00s4001-F,Source mask missing: /data2/yuyao/methane_emission/carbon_mapper_data_masks/tan20250313t075712c00s4001-F/plume.tif
tan20250313t075712c00s4001-G,Source mask missing: /data2/yuyao/methane_emission/carbon_mapper_data_masks/tan20250313t075712c00s4001-G/plume.tif
tan20250321t181350c00s4001-A,Source mask missing: /data2/yuyao/methane_emission/carbon_mapper_data_masks/tan20250321t181350c00s4001-A/plume.tif
tan20250321t181350c00s4001-B,Source mask missing: /data2/yuyao/methane_emission/carbon_mapper_data_masks/tan20250321t181350c00s4001-B/plume.tif
tan20250321t181350c00s4001-C,Source mask missing: /data2/yuyao/methane_emission/carbon_mapper_data_masks/tan20250321t181350c00s4001-C/plume.tif
tan20250321t181350c00s4001-D,Source mask missing: /data2/yuyao/methane_emission/carbon_mapper_data_masks/tan20250321t181350c00s4001-D/plume.tif
tan20250321t181350c00s4001-E,Source mask missing: /data2/yuyao/methane_emission/carbon_mapper_data_masks/tan20250321t181350c00s4001-E/plume.tif
tan20250321t181350c00s4001-F,Source mask missing: /data2/yuyao/methane_emission/carbon_mapper_data_masks/tan20250321t181350c00s4001-F/plume.tif
tan20250321t181350c00s4001-G,Source mask missing: /data2/yuyao/methane_emission/carbon_mapper_data_masks/tan20250321t181350c00s4001-G/plume.tif
tan20250321t181350c00s4001-H,Source mask missing: /data2/yuyao/methane_emission/carbon_mapper_data_masks/tan20250321t181350c00s4001-H/plume.tif
tan20250321t181350c00s4001-I,Source mask missing: /data2/yuyao/methane_emission/carbon_mapper_data_masks/tan20250321t181350c00s4001-I/plume.tif
tan20250323t165703c00s4001-A,Source mask missing: /data2/yuyao/methane_emission/carbon_mapper_data_masks/tan20250323t165703c00s4001-A/plume.tif
tan20250328t054218c00s4001-A,Source mask missing: /data2/yuyao/methane_emission/carbon_mapper_data_masks/tan20250328t054218c00s4001-A/plume.tif
tan20250328t054218c00s4001-B,Source mask missing: /data2/yuyao/methane_emission/carbon_mapper_data_masks/tan20250328t054218c00s4001-B/plume.tif
tan20250328t054218c00s4001-C,Source mask missing: /data2/yuyao/methane_emission/carbon_mapper_data_masks/tan20250328t054218c00s4001-C/plume.tif
tan20250328t054218c00s4001-D,Source mask missing: /data2/yuyao/methane_emission/carbon_mapper_data_masks/tan20250328t054218c00s4001-D/plume.tif
tan20250328t054218c00s4001-E,Source mask missing: /data2/yuyao/methane_emission/carbon_mapper_data_masks/tan20250328t054218c00s4001-E/plume.tif
tan20250328t054218c00s4001-F,Source mask missing: /data2/yuyao/methane_emission/carbon_mapper_data_masks/tan20250328t054218c00s4001-F/plume.tif
tan20250328t054218c00s4001-G,Source mask missing: /data2/yuyao/methane_emission/carbon_mapper_data_masks/tan20250328t054218c00s4001-G/plume.tif
tan20250328t054218c00s4001-I,Source mask missing: /data2/yuyao/methane_emission/carbon_mapper_data_masks/tan20250328t054218c00s4001-I/plume.tif
tan20250328t055135c00s4001-A,Source mask missing: /data2/yuyao/methane_emission/carbon_mapper_data_masks/tan20250328t055135c00s4001-A/plume.tif
tan20250328t055135c00s4001-B,Source mask missing: /data2/yuyao/methane_emission/carbon_mapper_data_masks/tan20250328t055135c00s4001-B/plume.tif
tan20250328t055135c00s4001-D,Source mask missing: /data2/yuyao/methane_emission/carbon_mapper_data_masks/tan20250328t055135c00s4001-D/plume.tif
tan20250331t034540c00s4001-D,Source mask missing: /data2/yuyao/methane_emission/carbon_mapper_data_masks/tan20250331t034540c00s4001-D/plume.tif
tan20250403t003240c00s4001-A,Source mask missing: /data2/yuyao/methane_emission/carbon_mapper_data_masks/tan20250403t003240c00s4001-A/plume.tif
tan20250403t003240c00s4001-B,Source mask missing: /data2/yuyao/methane_emission/carbon_mapper_data_masks/tan20250403t003240c00s4001-B/plume.tif
tan20250403t003240c00s4001-C,Source mask missing: /data2/yuyao/methane_emission/carbon_mapper_data_masks/tan20250403t003240c00s4001-C/plume.tif
tan20250403t003240c00s4001-D,Source mask missing: /data2/yuyao/methane_emission/carbon_mapper_data_masks/tan20250403t003240c00s4001-D/plume.tif
tan20250403t003240c00s4001-F,Source mask missing: /data2/yuyao/methane_emission/carbon_mapper_data_masks/tan20250403t003240c00s4001-F/plume.tif
tan20250407t150057c00s4001-A,Source mask missing: /data2/yuyao/methane_emission/carbon_mapper_data_masks/tan20250407t150057c00s4001-A/plume.tif
tan20250407t150057c00s4001-B,Source mask missing: /data2/yuyao/methane_emission/carbon_mapper_data_masks/tan20250407t150057c00s4001-B/plume.tif
tan20250408t170859c00s4001-A,Source mask missing: /data2/yuyao/methane_emission/carbon_mapper_data_masks/tan20250408t170859c00s4001-A/plume.tif
tan20250408t170859c00s4001-B,Source mask missing: /data2/yuyao/methane_emission/carbon_mapper_data_masks/tan20250408t170859c00s4001-B/plume.tif
tan20250408t170859c00s4001-C,Source mask missing: /data2/yuyao/methane_emission/carbon_mapper_data_masks/tan20250408t170859c00s4001-C/plume.tif
tan20250408t170859c00s4001-D,Source mask missing: /data2/yuyao/methane_emission/carbon_mapper_data_masks/tan20250408t170859c00s4001-D/plume.tif
tan20250408t170859c00s4001-E,Source mask missing: /data2/yuyao/methane_emission/carbon_mapper_data_masks/tan20250408t170859c00s4001-E/plume.tif
tan20250408t170859c00s4001-F,Source mask missing: /data2/yuyao/methane_emission/carbon_mapper_data_masks/tan20250408t170859c00s4001-F/plume.tif
tan20250408t170859c00s4001-H,Source mask missing: /data2/yuyao/methane_emission/carbon_mapper_data_masks/tan20250408t170859c00s4001-H/plume.tif
tan20250409t084754c00s4001-A,Source mask missing: /data2/yuyao/methane_emission/carbon_mapper_data_masks/tan20250409t084754c00s4001-A/plume.tif
tan20250411t054403c00s4001-A,Source mask missing: /data2/yuyao/methane_emission/carbon_mapper_data_masks/tan20250411t054403c00s4001-A/plume.tif
tan20250411t152521c00s4001-A,Source mask missing: /data2/yuyao/methane_emission/carbon_mapper_data_masks/tan20250411t152521c00s4001-A/plume.tif
tan20250411t152821c00s4001-C,Source mask missing: /data2/yuyao/methane_emission/carbon_mapper_data_masks/tan20250411t152821c00s4001-C/plume.tif
tan20250414t150203c00s4001-A,Source mask missing: /data2/yuyao/methane_emission/carbon_mapper_data_masks/tan20250414t150203c00s4001-A/plume.tif
tan20250414t150203c00s4001-B,Source mask missing: /data2/yuyao/methane_emission/carbon_mapper_data_masks/tan20250414t150203c00s4001-B/plume.tif
tan20250416t084349c00s4001-A,Source mask missing: /data2/yuyao/methane_emission/carbon_mapper_data_masks/tan20250416t084349c00s4001-A/plume.tif
tan20250416t084349c00s4001-B,Source mask missing: /data2/yuyao/methane_emission/carbon_mapper_data_masks/tan20250416t084349c00s4001-B/plume.tif
tan20250416t084940c00s4001-A,Source mask missing: /data2/yuyao/methane_emission/carbon_mapper_data_masks/tan20250416t084940c00s4001-A/plume.tif
tan20250418t120445c00s4001-A,Source mask missing: /data2/yuyao/methane_emission/carbon_mapper_data_masks/tan20250418t120445c00s4001-A/plume.tif
tan20250420t090615c00s4001-A,Source mask missing: /data2/yuyao/methane_emission/carbon_mapper_data_masks/tan20250420t090615c00s4001-A/plume.tif
tan20250420t090615c00s4001-B,Source mask missing: /data2/yuyao/methane_emission/carbon_mapper_data_masks/tan20250420t090615c00s4001-B/plume.tif
tan20250422t170953c00s4001-A,Source mask missing: /data2/yuyao/methane_emission/carbon_mapper_data_masks/tan20250422t170953c00s4001-A/plume.tif
tan20250423t054256c00s4001-A,Source mask missing: /data2/yuyao/methane_emission/carbon_mapper_data_masks/tan20250423t054256c00s4001-A/plume.tif
tan20250423t054256c00s4001-B,Source mask missing: /data2/yuyao/methane_emission/carbon_mapper_data_masks/tan20250423t054256c00s4001-B/plume.tif
tan20250423t071100c00s4001-A,Source mask missing: /data2/yuyao/methane_emission/carbon_mapper_data_masks/tan20250423t071100c00s4001-A/plume.tif
tan20250423t071100c00s4001-B,Source mask missing: /data2/yuyao/methane_emission/carbon_mapper_data_masks/tan20250423t071100c00s4001-B/plume.tif
tan20250423t071100c00s4001-C,Source mask missing: /data2/yuyao/methane_emission/carbon_mapper_data_masks/tan20250423t071100c00s4001-C/plume.tif
tan20250423t071100c00s4001-D,Source mask missing: /data2/yuyao/methane_emission/carbon_mapper_data_masks/tan20250423t071100c00s4001-D/plume.tif
tan20250423t071501c00s4001-B,Source mask missing: /data2/yuyao/methane_emission/carbon_mapper_data_masks/tan20250423t071501c00s4001-B/plume.tif
tan20250423t151645c00s4001-B,Source mask missing: /data2/yuyao/methane_emission/carbon_mapper_data_masks/tan20250423t151645c00s4001-B/plume.tif
tan20250423t180710c00s4001-A,Source mask missing: /data2/yuyao/methane_emission/carbon_mapper_data_masks/tan20250423t180710c00s4001-A/plume.tif
tan20250423t180710c00s4001-B,Source mask missing: /data2/yuyao/methane_emission/carbon_mapper_data_masks/tan20250423t180710c00s4001-B/plume.tif
tan20250424t080446c00s4001-A,Source mask missing: /data2/yuyao/methane_emission/carbon_mapper_data_masks/tan20250424t080446c00s4001-A/plume.tif
tan20250424t080446c00s4001-B,Source mask missing: /data2/yuyao/methane_emission/carbon_mapper_data_masks/tan20250424t080446c00s4001-B/plume.tif
tan20250424t080446c00s4001-C,Source mask missing: /data2/yuyao/methane_emission/carbon_mapper_data_masks/tan20250424t080446c00s4001-C/plume.tif
tan20250424t080446c00s4001-D,Source mask missing: /data2/yuyao/methane_emission/carbon_mapper_data_masks/tan20250424t080446c00s4001-D/plume.tif
tan20250424t080446c00s4001-E,Source mask missing: /data2/yuyao/methane_emission/carbon_mapper_data_masks/tan20250424t080446c00s4001-E/plume.tif
tan20250424t080446c00s4001-F,Source mask missing: /data2/yuyao/methane_emission/carbon_mapper_data_masks/tan20250424t080446c00s4001-F/plume.tif
tan20250424t080446c00s4001-G,Source mask missing: /data2/yuyao/methane_emission/carbon_mapper_data_masks/tan20250424t080446c00s4001-G/plume.tif
tan20250424t080446c00s4001-I,Source mask missing: /data2/yuyao/methane_emission/carbon_mapper_data_masks/tan20250424t080446c00s4001-I/plume.tif
tan20250427t060533c00s4001-A,Source mask missing: /data2/yuyao/methane_emission/carbon_mapper_data_masks/tan20250427t060533c00s4001-A/plume.tif
tan20250427t165705c00s4001-A,Source mask missing: /data2/yuyao/methane_emission/carbon_mapper_data_masks/tan20250427t165705c00s4001-A/plume.tif
tan20250429t105942c00s4001-A,Source mask missing: /data2/yuyao/methane_emission/carbon_mapper_data_masks/tan20250429t105942c00s4001-A/plume.tif
tan20250430t151737c00s4001-A,Source mask missing: /data2/yuyao/methane_emission/carbon_mapper_data_masks/tan20250430t151737c00s4001-A/plume.tif
tan20250430t151737c00s4001-B,Source mask missing: /data2/yuyao/methane_emission/carbon_mapper_data_masks/tan20250430t151737c00s4001-B/plume.tif
tan20250430t180543c00s4001-A,Source mask missing: /data2/yuyao/methane_emission/carbon_mapper_data_masks/tan20250430t180543c00s4001-A/plume.tif
tan20250430t180543c00s4001-B,Source mask missing: /data2/yuyao/methane_emission/carbon_mapper_data_masks/tan20250430t180543c00s4001-B/plume.tif
tan20250430t180543c00s4001-C,Source mask missing: /data2/yuyao/methane_emission/carbon_mapper_data_masks/tan20250430t180543c00s4001-C/plume.tif
tan20250430t180543c00s4001-D,Source mask missing: /data2/yuyao/methane_emission/carbon_mapper_data_masks/tan20250430t180543c00s4001-D/plume.tif
tan20250430t180543c00s4001-E,Source mask missing: /data2/yuyao/methane_emission/carbon_mapper_data_masks/tan20250430t180543c00s4001-E/plume.tif
tan20250430t180543c00s4001-F,Source mask missing: /data2/yuyao/methane_emission/carbon_mapper_data_masks/tan20250430t180543c00s4001-F/plume.tif
tan20250430t180543c00s4001-G,Source mask missing: /data2/yuyao/methane_emission/carbon_mapper_data_masks/tan20250430t180543c00s4001-G/plume.tif
tan20250430t180543c00s4001-H,Source mask missing: /data2/yuyao/methane_emission/carbon_mapper_data_masks/tan20250430t180543c00s4001-H/plume.tif
tan20250430t180543c00s4001-I,Source mask missing: /data2/yuyao/methane_emission/carbon_mapper_data_masks/tan20250430t180543c00s4001-I/plume.tif
tan20250430t180543c00s4001-J,Source mask missing: /data2/yuyao/methane_emission/carbon_mapper_data_masks/tan20250430t180543c00s4001-J/plume.tif
tan20250430t180543c00s4001-K,Source mask missing: /data2/yuyao/methane_emission/carbon_mapper_data_masks/tan20250430t180543c00s4001-K/plume.tif
tan20250430t180543c00s4001-M,Source mask missing: /data2/yuyao/methane_emission/carbon_mapper_data_masks/tan20250430t180543c00s4001-M/plume.tif
tan20250430t180543c00s4001-P,Source mask missing: /data2/yuyao/methane_emission/carbon_mapper_data_masks/tan20250430t180543c00s4001-P/plume.tif
tan20250430t180543c00s4001-R,Source mask missing: /data2/yuyao/methane_emission/carbon_mapper_data_masks/tan20250430t180543c00s4001-R/plume.tif
tan20250430t180543c00s4001-T,Source mask missing: /data2/yuyao/methane_emission/carbon_mapper_data_masks/tan20250430t180543c00s4001-T/plume.tif
tan20250430t180543c00s4001-U,Source mask missing: /data2/yuyao/methane_emission/carbon_mapper_data_masks/tan20250430t180543c00s4001-U/plume.tif
tan20250430t180543c00s4001-V,Source mask missing: /data2/yuyao/methane_emission/carbon_mapper_data_masks/tan20250430t180543c00s4001-V/plume.tif
tan20250430t180543c00s4001-W,Source mask missing: /data2/yuyao/methane_emission/carbon_mapper_data_masks/tan20250430t180543c00s4001-W/plume.tif
tan20250430t193530c00s4001-A,Source mask missing: /data2/yuyao/methane_emission/carbon_mapper_data_masks/tan20250430t193530c00s4001-A/plume.tif
tan20250502t071641c00s4001-A,Source mask missing: /data2/yuyao/methane_emission/carbon_mapper_data_masks/tan20250502t071641c00s4001-A/plume.tif
tan20250502t071641c00s4001-B,Source mask missing: /data2/yuyao/methane_emission/carbon_mapper_data_masks/tan20250502t071641c00s4001-B/plume.tif
tan20250503t033800c00s4001-A,Source mask missing: /data2/yuyao/methane_emission/carbon_mapper_data_masks/tan20250503t033800c00s4001-A/plume.tif
tan20250503t033800c00s4001-B,Source mask missing: /data2/yuyao/methane_emission/carbon_mapper_data_masks/tan20250503t033800c00s4001-B/plume.tif
tan20250503t033800c00s4001-C,Source mask missing: /data2/yuyao/methane_emission/carbon_mapper_data_masks/tan20250503t033800c00s4001-C/plume.tif
tan20250503t033800c00s4001-D,Source mask missing: /data2/yuyao/methane_emission/carbon_mapper_data_masks/tan20250503t033800c00s4001-D/plume.tif
tan20250503t033800c00s4001-E,Source mask missing: /data2/yuyao/methane_emission/carbon_mapper_data_masks/tan20250503t033800c00s4001-E/plume.tif
tan20250503t033800c00s4001-F,Source mask missing: /data2/yuyao/methane_emission/carbon_mapper_data_masks/tan20250503t033800c00s4001-F/plume.tif
tan20250503t033800c00s4001-G,Source mask missing: /data2/yuyao/methane_emission/carbon_mapper_data_masks/tan20250503t033800c00s4001-G/plume.tif
tan20250503t033800c00s4001-H,Source mask missing: /data2/yuyao/methane_emission/carbon_mapper_data_masks/tan20250503t033800c00s4001-H/plume.tif
tan20250503t033800c00s4001-I,Source mask missing: /data2/yuyao/methane_emission/carbon_mapper_data_masks/tan20250503t033800c00s4001-I/plume.tif
tan20250503t033800c00s4001-J,Source mask missing: /data2/yuyao/methane_emission/carbon_mapper_data_masks/tan20250503t033800c00s4001-J/plume.tif
tan20250503t033800c00s4001-K,Source mask missing: /data2/yuyao/methane_emission/carbon_mapper_data_masks/tan20250503t033800c00s4001-K/plume.tif
tan20250503t033800c00s4001-L,Source mask missing: /data2/yuyao/methane_emission/carbon_mapper_data_masks/tan20250503t033800c00s4001-L/plume.tif
tan20250503t033800c00s4001-M,Source mask missing: /data2/yuyao/methane_emission/carbon_mapper_data_masks/tan20250503t033800c00s4001-M/plume.tif
tan20250503t033800c00s4001-N,Source mask missing: /data2/yuyao/methane_emission/carbon_mapper_data_masks/tan20250503t033800c00s4001-N/plume.tif
tan20250503t033800c00s4001-O,Source mask missing: /data2/yuyao/methane_emission/carbon_mapper_data_masks/tan20250503t033800c00s4001-O/plume.tif
tan20250503t033800c00s4001-P,Source mask missing: /data2/yuyao/methane_emission/carbon_mapper_data_masks/tan20250503t033800c00s4001-P/plume.tif
tan20250503t033800c00s4001-Q,Source mask missing: /data2/yuyao/methane_emission/carbon_mapper_data_masks/tan20250503t033800c00s4001-Q/plume.tif
tan20250503t033800c00s4001-R,Source mask missing: /data2/yuyao/methane_emission/carbon_mapper_data_masks/tan20250503t033800c00s4001-R/plume.tif
tan20250503t033800c00s4001-S,Source mask missing: /data2/yuyao/methane_emission/carbon_mapper_data_masks/tan20250503t033800c00s4001-S/plume.tif
tan20250503t033800c00s4001-T,Source mask missing: /data2/yuyao/methane_emission/carbon_mapper_data_masks/tan20250503t033800c00s4001-T/plume.tif
tan20250503t033800c00s4001-U,Source mask missing: /data2/yuyao/methane_emission/carbon_mapper_data_masks/tan20250503t033800c00s4001-U/plume.tif
tan20250503t033800c00s4001-V,Source mask missing: /data2/yuyao/methane_emission/carbon_mapper_data_masks/tan20250503t033800c00s4001-V/plume.tif
tan20250503t033800c00s4001-W,Source mask missing: /data2/yuyao/methane_emission/carbon_mapper_data_masks/tan20250503t033800c00s4001-W/plume.tif
tan20250503t033800c00s4001-X,Source mask missing: /data2/yuyao/methane_emission/carbon_mapper_data_masks/tan20250503t033800c00s4001-X/plume.tif
tan20250504t074037c00s4001-A,Source mask missing: /data2/yuyao/methane_emission/carbon_mapper_data_masks/tan20250504t074037c00s4001-A/plume.tif
tan20250504t074037c00s4001-B,Source mask missing: /data2/yuyao/methane_emission/carbon_mapper_data_masks/tan20250504t074037c00s4001-B/plume.tif
tan20250504t140709c00s4001-A,Source mask missing: /data2/yuyao/methane_emission/carbon_mapper_data_masks/tan20250504t140709c00s4001-A/plume.tif
tan20250505t065341c00s4001-A,Source mask missing: /data2/yuyao/methane_emission/carbon_mapper_data_masks/tan20250505t065341c00s4001-A/plume.tif
tan20250505t065722c00s4001-A,Source mask missing: /data2/yuyao/methane_emission/carbon_mapper_data_masks/tan20250505t065722c00s4001-A/plume.tif
tan20250505t065722c00s4001-B,Source mask missing: /data2/yuyao/methane_emission/carbon_mapper_data_masks/tan20250505t065722c00s4001-B/plume.tif
tan20250505t084810c00s4001-A,Source mask missing: /data2/yuyao/methane_emission/carbon_mapper_data_masks/tan20250505t084810c00s4001-A/plume.tif
tan20250505t084810c00s4001-B,Source mask missing: /data2/yuyao/methane_emission/carbon_mapper_data_masks/tan20250505t084810c00s4001-B/plume.tif
tan20250505t084810c00s4001-C,Source mask missing: /data2/yuyao/methane_emission/carbon_mapper_data_masks/tan20250505t084810c00s4001-C/plume.tif
tan20250505t084810c00s4001-F,Source mask missing: /data2/yuyao/methane_emission/carbon_mapper_data_masks/tan20250505t084810c00s4001-F/plume.tif
tan20250507t163401c00s4001-A,Source mask missing: /data2/yuyao/methane_emission/carbon_mapper_data_masks/tan20250507t163401c00s4001-A/plume.tif
tan20250507t163401c00s4001-B,Source mask missing: /data2/yuyao/methane_emission/carbon_mapper_data_masks/tan20250507t163401c00s4001-B/plume.tif
tan20250507t163401c00s4001-C,Source mask missing: /data2/yuyao/methane_emission/carbon_mapper_data_masks/tan20250507t163401c00s4001-C/plume.tif
tan20250509t103356c00s4001-A,Source mask missing: /data2/yuyao/methane_emission/carbon_mapper_data_masks/tan20250509t103356c00s4001-A/plume.tif
tan20250510t033900c00s4001-A,Source mask missing: /data2/yuyao/methane_emission/carbon_mapper_data_masks/tan20250510t033900c00s4001-A/plume.tif
tan20250510t033900c00s4001-B,Source mask missing: /data2/yuyao/methane_emission/carbon_mapper_data_masks/tan20250510t033900c00s4001-B/plume.tif
tan20250510t033900c00s4001-C,Source mask missing: /data2/yuyao/methane_emission/carbon_mapper_data_masks/tan20250510t033900c00s4001-C/plume.tif
tan20250510t033900c00s4001-D,Source mask missing: /data2/yuyao/methane_emission/carbon_mapper_data_masks/tan20250510t033900c00s4001-D/plume.tif
tan20250510t033900c00s4001-E,Source mask missing: /data2/yuyao/methane_emission/carbon_mapper_data_masks/tan20250510t033900c00s4001-E/plume.tif
tan20250510t033900c00s4001-F,Source mask missing: /data2/yuyao/methane_emission/carbon_mapper_data_masks/tan20250510t033900c00s4001-F/plume.tif
tan20250510t033900c00s4001-K,Source mask missing: /data2/yuyao/methane_emission/carbon_mapper_data_masks/tan20250510t033900c00s4001-K/plume.tif
tan20250511t061031c00s4001-A,Source mask missing: /data2/yuyao/methane_emission/carbon_mapper_data_masks/tan20250511t061031c00s4001-A/plume.tif
tan20250511t061031c00s4001-B,Source mask missing: /data2/yuyao/methane_emission/carbon_mapper_data_masks/tan20250511t061031c00s4001-B/plume.tif
tan20250511t061031c00s4001-D,Source mask missing: /data2/yuyao/methane_emission/carbon_mapper_data_masks/tan20250511t061031c00s4001-D/plume.tif
tan20250511t061031c00s4001-E,Source mask missing: /data2/yuyao/methane_emission/carbon_mapper_data_masks/tan20250511t061031c00s4001-E/plume.tif
tan20250511t061031c00s4001-F,Source mask missing: /data2/yuyao/methane_emission/carbon_mapper_data_masks/tan20250511t061031c00s4001-F/plume.tif
tan20250511t061031c00s4001-G,Source mask missing: /data2/yuyao/methane_emission/carbon_mapper_data_masks/tan20250511t061031c00s4001-G/plume.tif
tan20250512t175722c00s4001-A,Source mask missing: /data2/yuyao/methane_emission/carbon_mapper_data_masks/tan20250512t175722c00s4001-A/plume.tif
tan20250512t175722c00s4001-B,Source mask missing: /data2/yuyao/methane_emission/carbon_mapper_data_masks/tan20250512t175722c00s4001-B/plume.tif
tan20250512t175722c00s4001-C,Source mask missing: /data2/yuyao/methane_emission/carbon_mapper_data_masks/tan20250512t175722c00s4001-C/plume.tif
tan20250512t175722c00s4001-E,Source mask missing: /data2/yuyao/methane_emission/carbon_mapper_data_masks/tan20250512t175722c00s4001-E/plume.tif
tan20250512t175722c00s4001-F,Source mask missing: /data2/yuyao/methane_emission/carbon_mapper_data_masks/tan20250512t175722c00s4001-F/plume.tif
tan20250512t175722c00s4001-G,Source mask missing: /data2/yuyao/methane_emission/carbon_mapper_data_masks/tan20250512t175722c00s4001-G/plume.tif
tan20250512t192646c00s4001-A,Source mask missing: /data2/yuyao/methane_emission/carbon_mapper_data_masks/tan20250512t192646c00s4001-A/plume.tif
tan20250512t192646c00s4001-C,Source mask missing: /data2/yuyao/methane_emission/carbon_mapper_data_masks/tan20250512t192646c00s4001-C/plume.tif
tan20250514t163511c00s4001-A,Source mask missing: /data2/yuyao/methane_emission/carbon_mapper_data_masks/tan20250514t163511c00s4001-A/plume.tif
tan20250514t163511c00s4001-D,Source mask missing: /data2/yuyao/methane_emission/carbon_mapper_data_masks/tan20250514t163511c00s4001-D/plume.tif
tan20250515t143517c00s4001-A,Source mask missing: /data2/yuyao/methane_emission/carbon_mapper_data_masks/tan20250515t143517c00s4001-A/plume.tif
tan20250515t173133c00s4001-A,Source mask missing: /data2/yuyao/methane_emission/carbon_mapper_data_masks/tan20250515t173133c00s4001-A/plume.tif
tan20250517t112526c00s4001-A,Source mask missing: /data2/yuyao/methane_emission/carbon_mapper_data_masks/tan20250517t112526c00s4001-A/plume.tif
tan20250517t112526c00s4001-B,Source mask missing: /data2/yuyao/methane_emission/carbon_mapper_data_masks/tan20250517t112526c00s4001-B/plume.tif
tan20250517t112526c00s4001-C,Source mask missing: /data2/yuyao/methane_emission/carbon_mapper_data_masks/tan20250517t112526c00s4001-C/plume.tif
tan20250518t140729c00s4001-A,Source mask missing: /data2/yuyao/methane_emission/carbon_mapper_data_masks/tan20250518t140729c00s4001-A/plume.tif
tan20250518t153202c00s4001-A,Source mask missing: /data2/yuyao/methane_emission/carbon_mapper_data_masks/tan20250518t153202c00s4001-A/plume.tif
tan20250519t035438c00s4001-A,Source mask missing: /data2/yuyao/methane_emission/carbon_mapper_data_masks/tan20250519t035438c00s4001-A/plume.tif
tan20250519t035438c00s4001-B,Source mask missing: /data2/yuyao/methane_emission/carbon_mapper_data_masks/tan20250519t035438c00s4001-B/plume.tif
tan20250519t035438c00s4001-C,Source mask missing: /data2/yuyao/methane_emission/carbon_mapper_data_masks/tan20250519t035438c00s4001-C/plume.tif
tan20250519t035438c00s4001-D,Source mask missing: /data2/yuyao/methane_emission/carbon_mapper_data_masks/tan20250519t035438c00s4001-D/plume.tif
tan20250519t035438c00s4001-E,Source mask missing: /data2/yuyao/methane_emission/carbon_mapper_data_masks/tan20250519t035438c00s4001-E/plume.tif
tan20250519t035438c00s4001-F,Source mask missing: /data2/yuyao/methane_emission/carbon_mapper_data_masks/tan20250519t035438c00s4001-F/plume.tif
tan20250519t035438c00s4001-G,Source mask missing: /data2/yuyao/methane_emission/carbon_mapper_data_masks/tan20250519t035438c00s4001-G/plume.tif
tan20250519t065949c00s4001-A,Source mask missing: /data2/yuyao/methane_emission/carbon_mapper_data_masks/tan20250519t065949c00s4001-A/plume.tif
tan20250519t065949c00s4001-B,Source mask missing: /data2/yuyao/methane_emission/carbon_mapper_data_masks/tan20250519t065949c00s4001-B/plume.tif
tan20250519t065949c00s4001-C,Source mask missing: /data2/yuyao/methane_emission/carbon_mapper_data_masks/tan20250519t065949c00s4001-C/plume.tif
tan20250519t065949c00s4001-D,Source mask missing: /data2/yuyao/methane_emission/carbon_mapper_data_masks/tan20250519t065949c00s4001-D/plume.tif
tan20250521t090352c58s4001-A,Source mask missing: /data2/yuyao/methane_emission/carbon_mapper_data_masks/tan20250521t090352c58s4001-A/plume.tif
tan20250521t090352c58s4001-B,Source mask missing: /data2/yuyao/methane_emission/carbon_mapper_data_masks/tan20250521t090352c58s4001-B/plume.tif
tan20250527t184828c48s4001-A,Source mask missing: /data2/yuyao/methane_emission/carbon_mapper_data_masks/tan20250527t184828c48s4001-A/plume.tif
tan20250527t184828c48s4001-B,Source mask missing: /data2/yuyao/methane_emission/carbon_mapper_data_masks/tan20250527t184828c48s4001-B/plume.tif
tan20250527t184828c48s4001-C,Source mask missing: /data2/yuyao/methane_emission/carbon_mapper_data_masks/tan20250527t184828c48s4001-C/plume.tif
tan20250527t184828c48s4001-D,Source mask missing: /data2/yuyao/methane_emission/carbon_mapper_data_masks/tan20250527t184828c48s4001-D/plume.tif
tan20250528t090505c53s4001-G,Source mask missing: /data2/yuyao/methane_emission/carbon_mapper_data_masks/tan20250528t090505c53s4001-G/plume.tif
tan20250529t050011c58s4001-A,Source mask missing: /data2/yuyao/methane_emission/carbon_mapper_data_masks/tan20250529t050011c58s4001-A/plume.tif
tan20250531t065058c58s4001-A,Source mask missing: /data2/yuyao/methane_emission/carbon_mapper_data_masks/tan20250531t065058c58s4001-A/plume.tif
tan20250531t095814c46s4001-B,Source mask missing: /data2/yuyao/methane_emission/carbon_mapper_data_masks/tan20250531t095814c46s4001-B/plume.tif
tan20250531t095814c46s4001-C,Source mask missing: /data2/yuyao/methane_emission/carbon_mapper_data_masks/tan20250531t095814c46s4001-C/plume.tif
tan20250602t192624c08s4001-A,Source mask missing: /data2/yuyao/methane_emission/carbon_mapper_data_masks/tan20250602t192624c08s4001-A/plume.tif
tan20250602t192624c08s4001-B,Source mask missing: /data2/yuyao/methane_emission/carbon_mapper_data_masks/tan20250602t192624c08s4001-B/plume.tif
tan20250602t192624c08s4001-D,Source mask missing: /data2/yuyao/methane_emission/carbon_mapper_data_masks/tan20250602t192624c08s4001-D/plume.tif
tan20250602t192624c08s4001-E,Source mask missing: /data2/yuyao/methane_emission/carbon_mapper_data_masks/tan20250602t192624c08s4001-E/plume.tif
tan20250602t192624c08s4001-F,Source mask missing: /data2/yuyao/methane_emission/carbon_mapper_data_masks/tan20250602t192624c08s4001-F/plume.tif
tan20250604t102352c58s4001-A,Source mask missing: /data2/yuyao/methane_emission/carbon_mapper_data_masks/tan20250604t102352c58s4001-A/plume.tif
tan20250606t055124c12s4001-A,Source mask missing: /data2/yuyao/methane_emission/carbon_mapper_data_masks/tan20250606t055124c12s4001-A/plume.tif
tan20250606t055124c12s4001-B,Source mask missing: /data2/yuyao/methane_emission/carbon_mapper_data_masks/tan20250606t055124c12s4001-B/plume.tif
tan20250606t055124c12s4001-C,Source mask missing: /data2/yuyao/methane_emission/carbon_mapper_data_masks/tan20250606t055124c12s4001-C/plume.tif
tan20250606t055124c12s4001-O,Source mask missing: /data2/yuyao/methane_emission/carbon_mapper_data_masks/tan20250606t055124c12s4001-O/plume.tif
tan20250606t072724c60s4001-A,Source mask missing: /data2/yuyao/methane_emission/carbon_mapper_data_masks/tan20250606t072724c60s4001-A/plume.tif
tan20250606t152948c58s4001-A,Source mask missing: /data2/yuyao/methane_emission/carbon_mapper_data_masks/tan20250606t152948c58s4001-A/plume.tif
tan20250606t152948c58s4001-B,Source mask missing: /data2/yuyao/methane_emission/carbon_mapper_data_masks/tan20250606t152948c58s4001-B/plume.tif
tan20250608t105140c59s4001-A,Source mask missing: /data2/yuyao/methane_emission/carbon_mapper_data_masks/tan20250608t105140c59s4001-A/plume.tif
tan20250608t105140c59s4001-B,Source mask missing: /data2/yuyao/methane_emission/carbon_mapper_data_masks/tan20250608t105140c59s4001-B/plume.tif
tan20250608t105140c59s4001-C,Source mask missing: /data2/yuyao/methane_emission/carbon_mapper_data_masks/tan20250608t105140c59s4001-C/plume.tif
tan20250608t105140c59s4001-D,Source mask missing: /data2/yuyao/methane_emission/carbon_mapper_data_masks/tan20250608t105140c59s4001-D/plume.tif
tan20250608t105140c59s4001-E,Source mask missing: /data2/yuyao/methane_emission/carbon_mapper_data_masks/tan20250608t105140c59s4001-E/plume.tif
tan20250608t105140c59s4001-G,Source mask missing: /data2/yuyao/methane_emission/carbon_mapper_data_masks/tan20250608t105140c59s4001-G/plume.tif
tan20250610t032801c58s4001-A,Source mask missing: /data2/yuyao/methane_emission/carbon_mapper_data_masks/tan20250610t032801c58s4001-A/plume.tif
tan20250610t045217c12s4001-A,Source mask missing: /data2/yuyao/methane_emission/carbon_mapper_data_masks/tan20250610t045217c12s4001-A/plume.tif
tan20250610t045217c12s4001-B,Source mask missing: /data2/yuyao/methane_emission/carbon_mapper_data_masks/tan20250610t045217c12s4001-B/plume.tif
tan20250610t045217c12s4001-C,Source mask missing: /data2/yuyao/methane_emission/carbon_mapper_data_masks/tan20250610t045217c12s4001-C/plume.tif
tan20250610t045217c12s4001-D,Source mask missing: /data2/yuyao/methane_emission/carbon_mapper_data_masks/tan20250610t045217c12s4001-D/plume.tif
tan20250610t045217c12s4001-E,Source mask missing: /data2/yuyao/methane_emission/carbon_mapper_data_masks/tan20250610t045217c12s4001-E/plume.tif
tan20250614t191717c51s4001-C,Source mask missing: /data2/yuyao/methane_emission/carbon_mapper_data_masks/tan20250614t191717c51s4001-C/plume.tif
tan20250614t191717c51s4001-D,Source mask missing: /data2/yuyao/methane_emission/carbon_mapper_data_masks/tan20250614t191717c51s4001-D/plume.tif
tan20250615t105053c58s4001-A,Source mask missing: /data2/yuyao/methane_emission/carbon_mapper_data_masks/tan20250615t105053c58s4001-A/plume.tif
tan20250618t085207c36s4001-A,Source mask missing: /data2/yuyao/methane_emission/carbon_mapper_data_masks/tan20250618t085207c36s4001-A/plume.tif
tan20250618t085207c36s4001-B,Source mask missing: /data2/yuyao/methane_emission/carbon_mapper_data_masks/tan20250618t085207c36s4001-B/plume.tif
tan20250618t085207c36s4001-D,Source mask missing: /data2/yuyao/methane_emission/carbon_mapper_data_masks/tan20250618t085207c36s4001-D/plume.tif
tan20250618t085207c36s4001-E,Source mask missing: /data2/yuyao/methane_emission/carbon_mapper_data_masks/tan20250618t085207c36s4001-E/plume.tif
tan20250618t085207c36s4001-G,Source mask missing: /data2/yuyao/methane_emission/carbon_mapper_data_masks/tan20250618t085207c36s4001-G/plume.tif
tan20250618t152406c56s4001-A,Source mask missing: /data2/yuyao/methane_emission/carbon_mapper_data_masks/tan20250618t152406c56s4001-A/plume.tif
tan20250619t081641c58s4001-A,Source mask missing: /data2/yuyao/methane_emission/carbon_mapper_data_masks/tan20250619t081641c58s4001-A/plume.tif
tan20250620t103432c56s4001-A,Source mask missing: /data2/yuyao/methane_emission/carbon_mapper_data_masks/tan20250620t103432c56s4001-A/plume.tif
tan20250621t191825c25s4001-D,Source mask missing: /data2/yuyao/methane_emission/carbon_mapper_data_masks/tan20250621t191825c25s4001-D/plume.tif
tan20250622t074731c58s4001-A,Source mask missing: /data2/yuyao/methane_emission/carbon_mapper_data_masks/tan20250622t074731c58s4001-A/plume.tif
tan20250622t074731c58s4001-B,Source mask missing: /data2/yuyao/methane_emission/carbon_mapper_data_masks/tan20250622t074731c58s4001-B/plume.tif
tan20250622t074731c58s4001-C,Source mask missing: /data2/yuyao/methane_emission/carbon_mapper_data_masks/tan20250622t074731c58s4001-C/plume.tif
tan20250622t074731c58s4001-D,Source mask missing: /data2/yuyao/methane_emission/carbon_mapper_data_masks/tan20250622t074731c58s4001-D/plume.tif
tan20250622t074731c58s4001-F,Source mask missing: /data2/yuyao/methane_emission/carbon_mapper_data_masks/tan20250622t074731c58s4001-F/plume.tif
tan20250622t091736c58s4001-A,Source mask missing: /data2/yuyao/methane_emission/carbon_mapper_data_masks/tan20250622t091736c58s4001-A/plume.tif
tan20250622t092019c56s4001-A,Source mask missing: /data2/yuyao/methane_emission/carbon_mapper_data_masks/tan20250622t092019c56s4001-A/plume.tif
tan20250622t092019c56s4001-C,Source mask missing: /data2/yuyao/methane_emission/carbon_mapper_data_masks/tan20250622t092019c56s4001-C/plume.tif
tan20250622t092019c56s4001-D,Source mask missing: /data2/yuyao/methane_emission/carbon_mapper_data_masks/tan20250622t092019c56s4001-D/plume.tif
tan20250622t092019c56s4001-E,Source mask missing: /data2/yuyao/methane_emission/carbon_mapper_data_masks/tan20250622t092019c56s4001-E/plume.tif
tan20250622t092019c56s4001-F,Source mask missing: /data2/yuyao/methane_emission/carbon_mapper_data_masks/tan20250622t092019c56s4001-F/plume.tif
tan20250622t092019c56s4001-G,Source mask missing: /data2/yuyao/methane_emission/carbon_mapper_data_masks/tan20250622t092019c56s4001-G/plume.tif
tan20250622t092019c56s4001-H,Source mask missing: /data2/yuyao/methane_emission/carbon_mapper_data_masks/tan20250622t092019c56s4001-H/plume.tif
tan20250622t092019c56s4001-I,Source mask missing: /data2/yuyao/methane_emission/carbon_mapper_data_masks/tan20250622t092019c56s4001-I/plume.tif
tan20250622t092019c56s4001-J,Source mask missing: /data2/yuyao/methane_emission/carbon_mapper_data_masks/tan20250622t092019c56s4001-J/plume.tif
tan20250622t170412c08s4001-A,Source mask missing: /data2/yuyao/methane_emission/carbon_mapper_data_masks/tan20250622t170412c08s4001-A/plume.tif
tan20250622t170412c08s4001-B,Source mask missing: /data2/yuyao/methane_emission/carbon_mapper_data_masks/tan20250622t170412c08s4001-B/plume.tif
tan20250623t085459c56s4001-C,Source mask missing: /data2/yuyao/methane_emission/carbon_mapper_data_masks/tan20250623t085459c56s4001-C/plume.tif
tan20250625t054332c42s4001-A,Source mask missing: /data2/yuyao/methane_emission/carbon_mapper_data_masks/tan20250625t054332c42s4001-A/plume.tif
tan20250625t054332c42s4001-E,Source mask missing: /data2/yuyao/methane_emission/carbon_mapper_data_masks/tan20250625t054332c42s4001-E/plume.tif
tan20250625t181304c33s4001-A,Source mask missing: /data2/yuyao/methane_emission/carbon_mapper_data_masks/tan20250625t181304c33s4001-A/plume.tif
tan20250625t181304c33s4001-B,Source mask missing: /data2/yuyao/methane_emission/carbon_mapper_data_masks/tan20250625t181304c33s4001-B/plume.tif
tan20250625t181304c33s4001-C,Source mask missing: /data2/yuyao/methane_emission/carbon_mapper_data_masks/tan20250625t181304c33s4001-C/plume.tif
tan20250625t181304c33s4001-D,Source mask missing: /data2/yuyao/methane_emission/carbon_mapper_data_masks/tan20250625t181304c33s4001-D/plume.tif
tan20250626t094329c36s4001-A,Source mask missing: /data2/yuyao/methane_emission/carbon_mapper_data_masks/tan20250626t094329c36s4001-A/plume.tif
tan20250626t190414c56s4001-A,Source mask missing: /data2/yuyao/methane_emission/carbon_mapper_data_masks/tan20250626t190414c56s4001-A/plume.tif
tan20250626t190414c56s4001-B,Source mask missing: /data2/yuyao/methane_emission/carbon_mapper_data_masks/tan20250626t190414c56s4001-B/plume.tif
tan20250627t090635c56s4001-A,Source mask missing: /data2/yuyao/methane_emission/carbon_mapper_data_masks/tan20250627t090635c56s4001-A/plume.tif
tan20250629t183924c45s4001-A,Source mask missing: /data2/yuyao/methane_emission/carbon_mapper_data_masks/tan20250629t183924c45s4001-A/plume.tif
tan20250629t183924c45s4001-B,Source mask missing: /data2/yuyao/methane_emission/carbon_mapper_data_masks/tan20250629t183924c45s4001-B/plume.tif
tan20250704t090741c57s4001-A,Source mask missing: /data2/yuyao/methane_emission/carbon_mapper_data_masks/tan20250704t090741c57s4001-A/plume.tif
tan20250704t090741c57s4001-B,Source mask missing: /data2/yuyao/methane_emission/carbon_mapper_data_masks/tan20250704t090741c57s4001-B/plume.tif
tan20250704t104027c33s4001-B,Source mask missing: /data2/yuyao/methane_emission/carbon_mapper_data_masks/tan20250704t104027c33s4001-B/plume.tif
tan20250705t034730c87s4001-B,Source mask missing: /data2/yuyao/methane_emission/carbon_mapper_data_masks/tan20250705t034730c87s4001-B/plume.tif
tan20250705t034730c87s4001-C,Source mask missing: /data2/yuyao/methane_emission/carbon_mapper_data_masks/tan20250705t034730c87s4001-C/plume.tif
tan20250705t034730c87s4001-D,Source mask missing: /data2/yuyao/methane_emission/carbon_mapper_data_masks/tan20250705t034730c87s4001-D/plume.tif
tan20250705t034730c87s4001-E,Source mask missing: /data2/yuyao/methane_emission/carbon_mapper_data_masks/tan20250705t034730c87s4001-E/plume.tif
tan20250705t034730c87s4001-F,Source mask missing: /data2/yuyao/methane_emission/carbon_mapper_data_masks/tan20250705t034730c87s4001-F/plume.tif
tan20250705t034730c87s4001-G,Source mask missing: /data2/yuyao/methane_emission/carbon_mapper_data_masks/tan20250705t034730c87s4001-G/plume.tif
tan20250705t034730c87s4001-H,Source mask missing: /data2/yuyao/methane_emission/carbon_mapper_data_masks/tan20250705t034730c87s4001-H/plume.tif
tan20250705t034730c87s4001-I,Source mask missing: /data2/yuyao/methane_emission/carbon_mapper_data_masks/tan20250705t034730c87s4001-I/plume.tif
tan20250705t034730c87s4001-J,Source mask missing: /data2/yuyao/methane_emission/carbon_mapper_data_masks/tan20250705t034730c87s4001-J/plume.tif
tan20250705t034730c87s4001-L,Source mask missing: /data2/yuyao/methane_emission/carbon_mapper_data_masks/tan20250705t034730c87s4001-L/plume.tif
tan20250705t034730c87s4001-O,Source mask missing: /data2/yuyao/methane_emission/carbon_mapper_data_masks/tan20250705t034730c87s4001-O/plume.tif
tan20250705t034730c87s4001-P,Source mask missing: /data2/yuyao/methane_emission/carbon_mapper_data_masks/tan20250705t034730c87s4001-P/plume.tif
tan20250705t034730c87s4001-Q,Source mask missing: /data2/yuyao/methane_emission/carbon_mapper_data_masks/tan20250705t034730c87s4001-Q/plume.tif
tan20250705t034730c87s4001-R,Source mask missing: /data2/yuyao/methane_emission/carbon_mapper_data_masks/tan20250705t034730c87s4001-R/plume.tif
tan20250705t034730c87s4001-S,Source mask missing: /data2/yuyao/methane_emission/carbon_mapper_data_masks/tan20250705t034730c87s4001-S/plume.tif
tan20250705t034730c87s4001-T,Source mask missing: /data2/yuyao/methane_emission/carbon_mapper_data_masks/tan20250705t034730c87s4001-T/plume.tif
tan20250705t034730c87s4001-U,Source mask missing: /data2/yuyao/methane_emission/carbon_mapper_data_masks/tan20250705t034730c87s4001-U/plume.tif
tan20250705t034730c87s4001-V,Source mask missing: /data2/yuyao/methane_emission/carbon_mapper_data_masks/tan20250705t034730c87s4001-V/plume.tif
tan20250706t170748c33s4001-A,Source mask missing: /data2/yuyao/methane_emission/carbon_mapper_data_masks/tan20250706t170748c33s4001-A/plume.tif
tan20250706t170748c33s4001-B,Source mask missing: /data2/yuyao/methane_emission/carbon_mapper_data_masks/tan20250706t170748c33s4001-B/plume.tif
tan20250707t083845c89s4001-A,Source mask missing: /data2/yuyao/methane_emission/carbon_mapper_data_masks/tan20250707t083845c89s4001-A/plume.tif
tan20250707t193409c21s4001-B,Source mask missing: /data2/yuyao/methane_emission/carbon_mapper_data_masks/tan20250707t193409c21s4001-B/plume.tif
tan20250711t104127c33s4001-A,Source mask missing: /data2/yuyao/methane_emission/carbon_mapper_data_masks/tan20250711t104127c33s4001-A/plume.tif
tan20250711t195836c33s4001-B,Source mask missing: /data2/yuyao/methane_emission/carbon_mapper_data_masks/tan20250711t195836c33s4001-B/plume.tif
tan20250711t195836c33s4001-C,Source mask missing: /data2/yuyao/methane_emission/carbon_mapper_data_masks/tan20250711t195836c33s4001-C/plume.tif
tan20250712t081841c58s4001-A,Source mask missing: /data2/yuyao/methane_emission/carbon_mapper_data_masks/tan20250712t081841c58s4001-A/plume.tif
tan20250713t170925c58s4001-A,Source mask missing: /data2/yuyao/methane_emission/carbon_mapper_data_masks/tan20250713t170925c58s4001-A/plume.tif
tan20250714t070736c46s4001-B,Source mask missing: /data2/yuyao/methane_emission/carbon_mapper_data_masks/tan20250714t070736c46s4001-B/plume.tif
tan20250714t070736c46s4001-C,Source mask missing: /data2/yuyao/methane_emission/carbon_mapper_data_masks/tan20250714t070736c46s4001-C/plume.tif
tan20250715t080139c58s4001-A,Source mask missing: /data2/yuyao/methane_emission/carbon_mapper_data_masks/tan20250715t080139c58s4001-A/plume.tif
tan20250715t080139c58s4001-B,Source mask missing: /data2/yuyao/methane_emission/carbon_mapper_data_masks/tan20250715t080139c58s4001-B/plume.tif
tan20250715t080139c58s4001-C,Source mask missing: /data2/yuyao/methane_emission/carbon_mapper_data_masks/tan20250715t080139c58s4001-C/plume.tif
tan20250715t080139c58s4001-D,Source mask missing: /data2/yuyao/methane_emission/carbon_mapper_data_masks/tan20250715t080139c58s4001-D/plume.tif
tan20250715t080139c58s4001-E,Source mask missing: /data2/yuyao/methane_emission/carbon_mapper_data_masks/tan20250715t080139c58s4001-E/plume.tif
tan20250715t080139c58s4001-F,Source mask missing: /data2/yuyao/methane_emission/carbon_mapper_data_masks/tan20250715t080139c58s4001-F/plume.tif
tan20250715t080139c58s4001-G,Source mask missing: /data2/yuyao/methane_emission/carbon_mapper_data_masks/tan20250715t080139c58s4001-G/plume.tif
tan20250715t080139c58s4001-H,Source mask missing: /data2/yuyao/methane_emission/carbon_mapper_data_masks/tan20250715t080139c58s4001-H/plume.tif
tan20250715t080139c58s4001-I,Source mask missing: /data2/yuyao/methane_emission/carbon_mapper_data_masks/tan20250715t080139c58s4001-I/plume.tif
tan20250715t080139c58s4001-J,Source mask missing: /data2/yuyao/methane_emission/carbon_mapper_data_masks/tan20250715t080139c58s4001-J/plume.tif
tan20250715t080139c58s4001-L,Source mask missing: /data2/yuyao/methane_emission/carbon_mapper_data_masks/tan20250715t080139c58s4001-L/plume.tif
tan20250715t080139c58s4001-O,Source mask missing: /data2/yuyao/methane_emission/carbon_mapper_data_masks/tan20250715t080139c58s4001-O/plume.tif
tan20250715t080139c58s4001-P,Source mask missing: /data2/yuyao/methane_emission/carbon_mapper_data_masks/tan20250715t080139c58s4001-P/plume.tif
tan20250715t080139c58s4001-Q,Source mask missing: /data2/yuyao/methane_emission/carbon_mapper_data_masks/tan20250715t080139c58s4001-Q/plume.tif
tan20250715t080139c58s4001-R,Source mask missing: /data2/yuyao/methane_emission/carbon_mapper_data_masks/tan20250715t080139c58s4001-R/plume.tif
tan20250715t080139c58s4001-S,Source mask missing: /data2/yuyao/methane_emission/carbon_mapper_data_masks/tan20250715t080139c58s4001-S/plume.tif
tan20250715t080139c58s4001-T,Source mask missing: /data2/yuyao/methane_emission/carbon_mapper_data_masks/tan20250715t080139c58s4001-T/plume.tif
tan20250715t110939c96s4001-A,Source mask missing: /data2/yuyao/methane_emission/carbon_mapper_data_masks/tan20250715t110939c96s4001-A/plume.tif
tan20250715t110939c96s4001-B,Source mask missing: /data2/yuyao/methane_emission/carbon_mapper_data_masks/tan20250715t110939c96s4001-B/plume.tif
tan20250715t110939c96s4001-C,Source mask missing: /data2/yuyao/methane_emission/carbon_mapper_data_masks/tan20250715t110939c96s4001-C/plume.tif
tan20250715t110939c96s4001-D,Source mask missing: /data2/yuyao/methane_emission/carbon_mapper_data_masks/tan20250715t110939c96s4001-D/plume.tif
tan20250715t110939c96s4001-E,Source mask missing: /data2/yuyao/methane_emission/carbon_mapper_data_masks/tan20250715t110939c96s4001-E/plume.tif
tan20250715t110939c96s4001-G,Source mask missing: /data2/yuyao/methane_emission/carbon_mapper_data_masks/tan20250715t110939c96s4001-G/plume.tif
tan20250715t110939c96s4001-I,Source mask missing: /data2/yuyao/methane_emission/carbon_mapper_data_masks/tan20250715t110939c96s4001-I/plume.tif
tan20250715t110939c96s4001-J,Source mask missing: /data2/yuyao/methane_emission/carbon_mapper_data_masks/tan20250715t110939c96s4001-J/plume.tif
tan20250715t110939c96s4001-K,Source mask missing: /data2/yuyao/methane_emission/carbon_mapper_data_masks/tan20250715t110939c96s4001-K/plume.tif
tan20250715t110939c96s4001-L,Source mask missing: /data2/yuyao/methane_emission/carbon_mapper_data_masks/tan20250715t110939c96s4001-L/plume.tif
tan20250715t110939c96s4001-M,Source mask missing: /data2/yuyao/methane_emission/carbon_mapper_data_masks/tan20250715t110939c96s4001-M/plume.tif
tan20250718t055952c52s4001-A,Source mask missing: /data2/yuyao/methane_emission/carbon_mapper_data_masks/tan20250718t055952c52s4001-A/plume.tif
tan20250718t055952c52s4001-B,Source mask missing: /data2/yuyao/methane_emission/carbon_mapper_data_masks/tan20250718t055952c52s4001-B/plume.tif
tan20250719t113512c33s4001-A,Source mask missing: /data2/yuyao/methane_emission/carbon_mapper_data_masks/tan20250719t113512c33s4001-A/plume.tif
tan20250720t171016c58s4001-A,Source mask missing: /data2/yuyao/methane_emission/carbon_mapper_data_masks/tan20250720t171016c58s4001-A/plume.tif
tan20250720t171016c58s4001-B,Source mask missing: /data2/yuyao/methane_emission/carbon_mapper_data_masks/tan20250720t171016c58s4001-B/plume.tif
tan20250720t171016c58s4001-D,Source mask missing: /data2/yuyao/methane_emission/carbon_mapper_data_masks/tan20250720t171016c58s4001-D/plume.tif
tan20250721t070839c68s4001-A,Source mask missing: /data2/yuyao/methane_emission/carbon_mapper_data_masks/tan20250721t070839c68s4001-A/plume.tif
tan20250721t070839c68s4001-B,Source mask missing: /data2/yuyao/methane_emission/carbon_mapper_data_masks/tan20250721t070839c68s4001-B/plume.tif
tan20250721t070839c68s4001-C,Source mask missing: /data2/yuyao/methane_emission/carbon_mapper_data_masks/tan20250721t070839c68s4001-C/plume.tif
tan20250721t070839c68s4001-D,Source mask missing: /data2/yuyao/methane_emission/carbon_mapper_data_masks/tan20250721t070839c68s4001-D/plume.tif
tan20250721t070839c68s4001-E,Source mask missing: /data2/yuyao/methane_emission/carbon_mapper_data_masks/tan20250721t070839c68s4001-E/plume.tif
tan20250721t070839c68s4001-G,Source mask missing: /data2/yuyao/methane_emission/carbon_mapper_data_masks/tan20250721t070839c68s4001-G/plume.tif
tan20250721t070839c68s4001-H,Source mask missing: /data2/yuyao/methane_emission/carbon_mapper_data_masks/tan20250721t070839c68s4001-H/plume.tif
tan20250721t151730c71s4001-A,Source mask missing: /data2/yuyao/methane_emission/carbon_mapper_data_masks/tan20250721t151730c71s4001-A/plume.tif
tan20250723t085612c40s4001-A,Source mask missing: /data2/yuyao/methane_emission/carbon_mapper_data_masks/tan20250723t085612c40s4001-A/plume.tif
tan20250723t085612c40s4001-B,Source mask missing: /data2/yuyao/methane_emission/carbon_mapper_data_masks/tan20250723t085612c40s4001-B/plume.tif
tan20250723t085612c40s4001-C,Source mask missing: /data2/yuyao/methane_emission/carbon_mapper_data_masks/tan20250723t085612c40s4001-C/plume.tif
tan20250723t085612c40s4001-D,Source mask missing: /data2/yuyao/methane_emission/carbon_mapper_data_masks/tan20250723t085612c40s4001-D/plume.tif
tan20250723t085612c40s4001-E,Source mask missing: /data2/yuyao/methane_emission/carbon_mapper_data_masks/tan20250723t085612c40s4001-E/plume.tif
tan20250723t085612c40s4001-G,Source mask missing: /data2/yuyao/methane_emission/carbon_mapper_data_masks/tan20250723t085612c40s4001-G/plume.tif
tan20250723t085612c40s4001-H,Source mask missing: /data2/yuyao/methane_emission/carbon_mapper_data_masks/tan20250723t085612c40s4001-H/plume.tif
tan20250723t085612c40s4001-I,Source mask missing: /data2/yuyao/methane_emission/carbon_mapper_data_masks/tan20250723t085612c40s4001-I/plume.tif
tan20250723t085612c40s4001-J,Source mask missing: /data2/yuyao/methane_emission/carbon_mapper_data_masks/tan20250723t085612c40s4001-J/plume.tif
tan20250723t085612c40s4001-K,Source mask missing: /data2/yuyao/methane_emission/carbon_mapper_data_masks/tan20250723t085612c40s4001-K/plume.tif
tan20250725t055844c55s4001-A,Source mask missing: /data2/yuyao/methane_emission/carbon_mapper_data_masks/tan20250725t055844c55s4001-A/plume.tif
tan20250725t055844c55s4001-B,Source mask missing: /data2/yuyao/methane_emission/carbon_mapper_data_masks/tan20250725t055844c55s4001-B/plume.tif
tan20250725t055844c55s4001-C,Source mask missing: /data2/yuyao/methane_emission/carbon_mapper_data_masks/tan20250725t055844c55s4001-C/plume.tif
tan20250725t055844c55s4001-D,Source mask missing: /data2/yuyao/methane_emission/carbon_mapper_data_masks/tan20250725t055844c55s4001-D/plume.tif
tan20250725t055844c55s4001-E,Source mask missing: /data2/yuyao/methane_emission/carbon_mapper_data_masks/tan20250725t055844c55s4001-E/plume.tif
tan20250725t055844c55s4001-F,Source mask missing: /data2/yuyao/methane_emission/carbon_mapper_data_masks/tan20250725t055844c55s4001-F/plume.tif
tan20250725t055844c55s4001-H,Source mask missing: /data2/yuyao/methane_emission/carbon_mapper_data_masks/tan20250725t055844c55s4001-H/plume.tif
tan20250725t055844c55s4001-I,Source mask missing: /data2/yuyao/methane_emission/carbon_mapper_data_masks/tan20250725t055844c55s4001-I/plume.tif
tan20250725t055844c55s4001-K,Source mask missing: /data2/yuyao/methane_emission/carbon_mapper_data_masks/tan20250725t055844c55s4001-K/plume.tif
tan20250725t055844c55s4001-L,Source mask missing: /data2/yuyao/methane_emission/carbon_mapper_data_masks/tan20250725t055844c55s4001-L/plume.tif
tan20250725t165827c33s4001-A,Source mask missing: /data2/yuyao/methane_emission/carbon_mapper_data_masks/tan20250725t165827c33s4001-A/plume.tif
tan20250725t183110c58s4001-A,Source mask missing: /data2/yuyao/methane_emission/carbon_mapper_data_masks/tan20250725t183110c58s4001-A/plume.tif
tan20250725t183110c58s4001-B,Source mask missing: /data2/yuyao/methane_emission/carbon_mapper_data_masks/tan20250725t183110c58s4001-B/plume.tif
tan20250725t183110c58s4001-C,Source mask missing: /data2/yuyao/methane_emission/carbon_mapper_data_masks/tan20250725t183110c58s4001-C/plume.tif
tan20250725t183110c58s4001-D,Source mask missing: /data2/yuyao/methane_emission/carbon_mapper_data_masks/tan20250725t183110c58s4001-D/plume.tif
tan20250725t183110c58s4001-E,Source mask missing: /data2/yuyao/methane_emission/carbon_mapper_data_masks/tan20250725t183110c58s4001-E/plume.tif
tan20250725t183110c58s4001-F,Source mask missing: /data2/yuyao/methane_emission/carbon_mapper_data_masks/tan20250725t183110c58s4001-F/plume.tif
tan20250725t183110c58s4001-G,Source mask missing: /data2/yuyao/methane_emission/carbon_mapper_data_masks/tan20250725t183110c58s4001-G/plume.tif
tan20250725t183110c58s4001-H,Source mask missing: /data2/yuyao/methane_emission/carbon_mapper_data_masks/tan20250725t183110c58s4001-H/plume.tif
tan20250727t105623c33s4001-A,Source mask missing: /data2/yuyao/methane_emission/carbon_mapper_data_masks/tan20250727t105623c33s4001-A/plume.tif
tan20250729t080117c58s4001-A,Source mask missing: /data2/yuyao/methane_emission/carbon_mapper_data_masks/tan20250729t080117c58s4001-A/plume.tif
tan20250729t080447c56s4001-A,Source mask missing: /data2/yuyao/methane_emission/carbon_mapper_data_masks/tan20250729t080447c56s4001-A/plume.tif
tan20250730t102929c58s4001-A,Source mask missing: /data2/yuyao/methane_emission/carbon_mapper_data_masks/tan20250730t102929c58s4001-A/plume.tif
tan20250730t103138c58s4001-A,Source mask missing: /data2/yuyao/methane_emission/carbon_mapper_data_masks/tan20250730t103138c58s4001-A/plume.tif
tan20250730t103138c58s4001-B,Source mask missing: /data2/yuyao/methane_emission/carbon_mapper_data_masks/tan20250730t103138c58s4001-B/plume.tif
tan20250804t150759c33s4001-C,Source mask missing: /data2/yuyao/methane_emission/carbon_mapper_data_masks/tan20250804t150759c33s4001-C/plume.tif
tan20250805t033610c58s4001-A,Source mask missing: /data2/yuyao/methane_emission/carbon_mapper_data_masks/tan20250805t033610c58s4001-A/plume.tif
tan20250805t080647c58s4001-C,Source mask missing: /data2/yuyao/methane_emission/carbon_mapper_data_masks/tan20250805t080647c58s4001-C/plume.tif
tan20250806t072424c58s4001-B,Source mask missing: /data2/yuyao/methane_emission/carbon_mapper_data_masks/tan20250806t072424c58s4001-B/plume.tif
tan20250806t072424c58s4001-D,Source mask missing: /data2/yuyao/methane_emission/carbon_mapper_data_masks/tan20250806t072424c58s4001-D/plume.tif
tan20250806t072424c58s4001-E,Source mask missing: /data2/yuyao/methane_emission/carbon_mapper_data_masks/tan20250806t072424c58s4001-E/plume.tif
tan20250808t165744c56s4001-A,Source mask missing: /data2/yuyao/methane_emission/carbon_mapper_data_masks/tan20250808t165744c56s4001-A/plume.tif
tan20250808t165744c56s4001-B,Source mask missing: /data2/yuyao/methane_emission/carbon_mapper_data_masks/tan20250808t165744c56s4001-B/plume.tif
tan20250808t165744c56s4001-C,Source mask missing: /data2/yuyao/methane_emission/carbon_mapper_data_masks/tan20250808t165744c56s4001-C/plume.tif
tan20250808t165744c56s4001-D,Source mask missing: /data2/yuyao/methane_emission/carbon_mapper_data_masks/tan20250808t165744c56s4001-D/plume.tif
tan20250808t165744c56s4001-E,Source mask missing: /data2/yuyao/methane_emission/carbon_mapper_data_masks/tan20250808t165744c56s4001-E/plume.tif
tan20250808t165744c56s4001-F,Source mask missing: /data2/yuyao/methane_emission/carbon_mapper_data_masks/tan20250808t165744c56s4001-F/plume.tif
tan20250808t165744c56s4001-G,Source mask missing: /data2/yuyao/methane_emission/carbon_mapper_data_masks/tan20250808t165744c56s4001-G/plume.tif
tan20250809t192519c71s4001-A,Source mask missing: /data2/yuyao/methane_emission/carbon_mapper_data_masks/tan20250809t192519c71s4001-A/plume.tif
tan20250810t075114c88s4001-A,Source mask missing: /data2/yuyao/methane_emission/carbon_mapper_data_masks/tan20250810t075114c88s4001-A/plume.tif
tan20250810t075114c88s4001-B,Source mask missing: /data2/yuyao/methane_emission/carbon_mapper_data_masks/tan20250810t075114c88s4001-B/plume.tif
tan20250810t075114c88s4001-C,Source mask missing: /data2/yuyao/methane_emission/carbon_mapper_data_masks/tan20250810t075114c88s4001-C/plume.tif
tan20250810t075114c88s4001-D,Source mask missing: /data2/yuyao/methane_emission/carbon_mapper_data_masks/tan20250810t075114c88s4001-D/plume.tif
tan20250810t075114c88s4001-E,Source mask missing: /data2/yuyao/methane_emission/carbon_mapper_data_masks/tan20250810t075114c88s4001-E/plume.tif
tan20250810t075114c88s4001-F,Source mask missing: /data2/yuyao/methane_emission/carbon_mapper_data_masks/tan20250810t075114c88s4001-F/plume.tif
tan20250811t115151c98s4001-A,Source mask missing: /data2/yuyao/methane_emission/carbon_mapper_data_masks/tan20250811t115151c98s4001-A/plume.tif
tan20250814t081013c92s4001-A,Source mask missing: /data2/yuyao/methane_emission/carbon_mapper_data_masks/tan20250814t081013c92s4001-A/plume.tif
tan20250814t095205c00s4001-A,Source mask missing: /data2/yuyao/methane_emission/carbon_mapper_data_masks/tan20250814t095205c00s4001-A/plume.tif
tan20250814t095205c00s4001-B,Source mask missing: /data2/yuyao/methane_emission/carbon_mapper_data_masks/tan20250814t095205c00s4001-B/plume.tif
tan20250816t175805c89s4001-A,Source mask missing: /data2/yuyao/methane_emission/carbon_mapper_data_masks/tan20250816t175805c89s4001-A/plume.tif
tan20250820t152927c17s4001-A,Source mask missing: /data2/yuyao/methane_emission/carbon_mapper_data_masks/tan20250820t152927c17s4001-A/plume.tif
tan20250821t112530c67s4001-A,Source mask missing: /data2/yuyao/methane_emission/carbon_mapper_data_masks/tan20250821t112530c67s4001-A/plume.tif
tan20250821t112530c67s4001-B,Source mask missing: /data2/yuyao/methane_emission/carbon_mapper_data_masks/tan20250821t112530c67s4001-B/plume.tif
tan20250821t112719c45s4001-B,Source mask missing: /data2/yuyao/methane_emission/carbon_mapper_data_masks/tan20250821t112719c45s4001-B/plume.tif
tan20250824t075327c46s4001-A,Source mask missing: /data2/yuyao/methane_emission/carbon_mapper_data_masks/tan20250824t075327c46s4001-A/plume.tif
tan20250824t075327c46s4001-B,Source mask missing: /data2/yuyao/methane_emission/carbon_mapper_data_masks/tan20250824t075327c46s4001-B/plume.tif
tan20250824t075327c46s4001-C,Source mask missing: /data2/yuyao/methane_emission/carbon_mapper_data_masks/tan20250824t075327c46s4001-C/plume.tif
tan20250824t171806c83s4001-A,Source mask missing: /data2/yuyao/methane_emission/carbon_mapper_data_masks/tan20250824t171806c83s4001-A/plume.tif
tan20250824t184354c83s4001-B,Source mask missing: /data2/yuyao/methane_emission/carbon_mapper_data_masks/tan20250824t184354c83s4001-B/plume.tif
tan20250824t184354c83s4001-D,Source mask missing: /data2/yuyao/methane_emission/carbon_mapper_data_masks/tan20250824t184354c83s4001-D/plume.tif
tan20250825t090336c57s4001-A,Source mask missing: /data2/yuyao/methane_emission/carbon_mapper_data_masks/tan20250825t090336c57s4001-A/plume.tif
tan20250825t090336c57s4001-B,Source mask missing: /data2/yuyao/methane_emission/carbon_mapper_data_masks/tan20250825t090336c57s4001-B/plume.tif
tan20250826t111457c57s4001-A,Source mask missing: /data2/yuyao/methane_emission/carbon_mapper_data_masks/tan20250826t111457c57s4001-A/plume.tif
tan20250827t182223c99s4001-A,Source mask missing: /data2/yuyao/methane_emission/carbon_mapper_data_masks/tan20250827t182223c99s4001-A/plume.tif
tan20250827t182223c99s4001-AA,Source mask missing: /data2/yuyao/methane_emission/carbon_mapper_data_masks/tan20250827t182223c99s4001-AA/plume.tif
tan20250827t182223c99s4001-AC,Source mask missing: /data2/yuyao/methane_emission/carbon_mapper_data_masks/tan20250827t182223c99s4001-AC/plume.tif
tan20250827t182223c99s4001-AD,Source mask missing: /data2/yuyao/methane_emission/carbon_mapper_data_masks/tan20250827t182223c99s4001-AD/plume.tif
tan20250827t182223c99s4001-AE,Source mask missing: /data2/yuyao/methane_emission/carbon_mapper_data_masks/tan20250827t182223c99s4001-AE/plume.tif
tan20250827t182223c99s4001-AF,Source mask missing: /data2/yuyao/methane_emission/carbon_mapper_data_masks/tan20250827t182223c99s4001-AF/plume.tif
tan20250827t182223c99s4001-AH,Source mask missing: /data2/yuyao/methane_emission/carbon_mapper_data_masks/tan20250827t182223c99s4001-AH/plume.tif
tan20250827t182223c99s4001-AI,Source mask missing: /data2/yuyao/methane_emission/carbon_mapper_data_masks/tan20250827t182223c99s4001-AI/plume.tif
tan20250827t182223c99s4001-AK,Source mask missing: /data2/yuyao/methane_emission/carbon_mapper_data_masks/tan20250827t182223c99s4001-AK/plume.tif
tan20250827t182223c99s4001-AM,Source mask missing: /data2/yuyao/methane_emission/carbon_mapper_data_masks/tan20250827t182223c99s4001-AM/plume.tif
tan20250827t182223c99s4001-AN,Source mask missing: /data2/yuyao/methane_emission/carbon_mapper_data_masks/tan20250827t182223c99s4001-AN/plume.tif
tan20250827t182223c99s4001-B,Source mask missing: /data2/yuyao/methane_emission/carbon_mapper_data_masks/tan20250827t182223c99s4001-B/plume.tif
tan20250827t182223c99s4001-C,Source mask missing: /data2/yuyao/methane_emission/carbon_mapper_data_masks/tan20250827t182223c99s4001-C/plume.tif
tan20250827t182223c99s4001-D,Source mask missing: /data2/yuyao/methane_emission/carbon_mapper_data_masks/tan20250827t182223c99s4001-D/plume.tif
tan20250827t182223c99s4001-G,Source mask missing: /data2/yuyao/methane_emission/carbon_mapper_data_masks/tan20250827t182223c99s4001-G/plume.tif
tan20250827t182223c99s4001-H,Source mask missing: /data2/yuyao/methane_emission/carbon_mapper_data_masks/tan20250827t182223c99s4001-H/plume.tif
tan20250827t182223c99s4001-I,Source mask missing: /data2/yuyao/methane_emission/carbon_mapper_data_masks/tan20250827t182223c99s4001-I/plume.tif
tan20250827t182223c99s4001-J,Source mask missing: /data2/yuyao/methane_emission/carbon_mapper_data_masks/tan20250827t182223c99s4001-J/plume.tif
tan20250827t182223c99s4001-K,Source mask missing: /data2/yuyao/methane_emission/carbon_mapper_data_masks/tan20250827t182223c99s4001-K/plume.tif
tan20250827t182223c99s4001-L,Source mask missing: /data2/yuyao/methane_emission/carbon_mapper_data_masks/tan20250827t182223c99s4001-L/plume.tif
tan20250827t182223c99s4001-N,Source mask missing: /data2/yuyao/methane_emission/carbon_mapper_data_masks/tan20250827t182223c99s4001-N/plume.tif
tan20250827t182223c99s4001-O,Source mask missing: /data2/yuyao/methane_emission/carbon_mapper_data_masks/tan20250827t182223c99s4001-O/plume.tif
tan20250827t182223c99s4001-P,Source mask missing: /data2/yuyao/methane_emission/carbon_mapper_data_masks/tan20250827t182223c99s4001-P/plume.tif
tan20250827t182223c99s4001-S,Source mask missing: /data2/yuyao/methane_emission/carbon_mapper_data_masks/tan20250827t182223c99s4001-S/plume.tif
tan20250827t182223c99s4001-T,Source mask missing: /data2/yuyao/methane_emission/carbon_mapper_data_masks/tan20250827t182223c99s4001-T/plume.tif
tan20250827t182223c99s4001-U,Source mask missing: /data2/yuyao/methane_emission/carbon_mapper_data_masks/tan20250827t182223c99s4001-U/plume.tif
tan20250827t182223c99s4001-V,Source mask missing: /data2/yuyao/methane_emission/carbon_mapper_data_masks/tan20250827t182223c99s4001-V/plume.tif
tan20250827t182223c99s4001-W,Source mask missing: /data2/yuyao/methane_emission/carbon_mapper_data_masks/tan20250827t182223c99s4001-W/plume.tif
tan20250827t182223c99s4001-X,Source mask missing: /data2/yuyao/methane_emission/carbon_mapper_data_masks/tan20250827t182223c99s4001-X/plume.tif
tan20250827t182223c99s4001-Y,Source mask missing: /data2/yuyao/methane_emission/carbon_mapper_data_masks/tan20250827t182223c99s4001-Y/plume.tif
tan20250827t182223c99s4001-Z,Source mask missing: /data2/yuyao/methane_emission/carbon_mapper_data_masks/tan20250827t182223c99s4001-Z/plume.tif
tan20250828t095227c41s4001-A,Source mask missing: /data2/yuyao/methane_emission/carbon_mapper_data_masks/tan20250828t095227c41s4001-A/plume.tif
tan20250828t095227c41s4001-B,Source mask missing: /data2/yuyao/methane_emission/carbon_mapper_data_masks/tan20250828t095227c41s4001-B/plume.tif
tan20250830t162618c49s4001-A,Source mask missing: /data2/yuyao/methane_emission/carbon_mapper_data_masks/tan20250830t162618c49s4001-A/plume.tif
tan20250831t142320c70s4001-A,Source mask missing: /data2/yuyao/methane_emission/carbon_mapper_data_masks/tan20250831t142320c70s4001-A/plume.tif
tan20250831t172047c70s4001-A,Source mask missing: /data2/yuyao/methane_emission/carbon_mapper_data_masks/tan20250831t172047c70s4001-A/plume.tif
tan20250831t184456c74s4001-A,Source mask missing: /data2/yuyao/methane_emission/carbon_mapper_data_masks/tan20250831t184456c74s4001-A/plume.tif
tan20250903t120822c21s4001-A,Source mask missing: /data2/yuyao/methane_emission/carbon_mapper_data_masks/tan20250903t120822c21s4001-A/plume.tif
tan20250903t135718c90s4001-A,Source mask missing: /data2/yuyao/methane_emission/carbon_mapper_data_masks/tan20250903t135718c90s4001-A/plume.tif
tan20250903t135718c90s4001-B,Source mask missing: /data2/yuyao/methane_emission/carbon_mapper_data_masks/tan20250903t135718c90s4001-B/plume.tif
tan20250903t135718c90s4001-C,Source mask missing: /data2/yuyao/methane_emission/carbon_mapper_data_masks/tan20250903t135718c90s4001-C/plume.tif
tan20250903t135718c90s4001-D,Source mask missing: /data2/yuyao/methane_emission/carbon_mapper_data_masks/tan20250903t135718c90s4001-D/plume.tif
tan20250903t164903c08s4001-A,Source mask missing: /data2/yuyao/methane_emission/carbon_mapper_data_masks/tan20250903t164903c08s4001-A/plume.tif
tan20250904t191554c00s4001-A,Source mask missing: /data2/yuyao/methane_emission/carbon_mapper_data_masks/tan20250904t191554c00s4001-A/plume.tif
tan20250904t191554c00s4001-B,Source mask missing: /data2/yuyao/methane_emission/carbon_mapper_data_masks/tan20250904t191554c00s4001-B/plume.tif
tan20250907t142314c73s4001-A,Source mask missing: /data2/yuyao/methane_emission/carbon_mapper_data_masks/tan20250907t142314c73s4001-A/plume.tif
tan20250907t142314c73s4001-B,Source mask missing: /data2/yuyao/methane_emission/carbon_mapper_data_masks/tan20250907t142314c73s4001-B/plume.tif
tan20250907t185122c25s4001-A,Source mask missing: /data2/yuyao/methane_emission/carbon_mapper_data_masks/tan20250907t185122c25s4001-A/plume.tif
tan20250908t040956c76s4001-F,Source mask missing: /data2/yuyao/methane_emission/carbon_mapper_data_masks/tan20250908t040956c76s4001-F/plume.tif
tan20250908t040956c76s4001-G,Source mask missing: /data2/yuyao/methane_emission/carbon_mapper_data_masks/tan20250908t040956c76s4001-G/plume.tif
tan20250908t040956c76s4001-I,Source mask missing: /data2/yuyao/methane_emission/carbon_mapper_data_masks/tan20250908t040956c76s4001-I/plume.tif
tan20250908t040956c76s4001-L,Source mask missing: /data2/yuyao/methane_emission/carbon_mapper_data_masks/tan20250908t040956c76s4001-L/plume.tif
tan20250908t040956c76s4001-M,Source mask missing: /data2/yuyao/methane_emission/carbon_mapper_data_masks/tan20250908t040956c76s4001-M/plume.tif
tan20250908t040956c76s4001-S,Source mask missing: /data2/yuyao/methane_emission/carbon_mapper_data_masks/tan20250908t040956c76s4001-S/plume.tif
tan20250908t040956c76s4001-V,Source mask missing: /data2/yuyao/methane_emission/carbon_mapper_data_masks/tan20250908t040956c76s4001-V/plume.tif
tan20250909t080902c64s4001-A,Source mask missing: /data2/yuyao/methane_emission/carbon_mapper_data_masks/tan20250909t080902c64s4001-A/plume.tif
tan20250909t080902c64s4001-B,Source mask missing: /data2/yuyao/methane_emission/carbon_mapper_data_masks/tan20250909t080902c64s4001-B/plume.tif
tan20250909t080902c64s4001-C,Source mask missing: /data2/yuyao/methane_emission/carbon_mapper_data_masks/tan20250909t080902c64s4001-C/plume.tif
tan20250909t081132c72s4001-B,Source mask missing: /data2/yuyao/methane_emission/carbon_mapper_data_masks/tan20250909t081132c72s4001-B/plume.tif
tan20250911t064902c24s4001-A,Source mask missing: /data2/yuyao/methane_emission/carbon_mapper_data_masks/tan20250911t064902c24s4001-A/plume.tif
tan20250912t091816c64s4001-A,Source mask missing: /data2/yuyao/methane_emission/carbon_mapper_data_masks/tan20250912t091816c64s4001-A/plume.tif
tan20250912t091816c64s4001-B,Source mask missing: /data2/yuyao/methane_emission/carbon_mapper_data_masks/tan20250912t091816c64s4001-B/plume.tif
tan20250912t091816c64s4001-C,Source mask missing: /data2/yuyao/methane_emission/carbon_mapper_data_masks/tan20250912t091816c64s4001-C/plume.tif
tan20250913t085200c02s4001-A,Source mask missing: /data2/yuyao/methane_emission/carbon_mapper_data_masks/tan20250913t085200c02s4001-A/plume.tif
tan20250914t142425c73s4001-A,Source mask missing: /data2/yuyao/methane_emission/carbon_mapper_data_masks/tan20250914t142425c73s4001-A/plume.tif
tan20250914t142425c73s4001-B,Source mask missing: /data2/yuyao/methane_emission/carbon_mapper_data_masks/tan20250914t142425c73s4001-B/plume.tif
tan20250915t194125c44s4001-A,Source mask missing: /data2/yuyao/methane_emission/carbon_mapper_data_masks/tan20250915t194125c44s4001-A/plume.tif
tan20250915t194125c44s4001-C,Source mask missing: /data2/yuyao/methane_emission/carbon_mapper_data_masks/tan20250915t194125c44s4001-C/plume.tif
tan20250916t081222c80s4001-A,Source mask missing: /data2/yuyao/methane_emission/carbon_mapper_data_masks/tan20250916t081222c80s4001-A/plume.tif
tan20250916t081222c80s4001-B,Source mask missing: /data2/yuyao/methane_emission/carbon_mapper_data_masks/tan20250916t081222c80s4001-B/plume.tif
tan20250916t081222c80s4001-C,Source mask missing: /data2/yuyao/methane_emission/carbon_mapper_data_masks/tan20250916t081222c80s4001-C/plume.tif
tan20250916t081222c80s4001-D,Source mask missing: /data2/yuyao/methane_emission/carbon_mapper_data_masks/tan20250916t081222c80s4001-D/plume.tif
tan20250916t081222c80s4001-E,Source mask missing: /data2/yuyao/methane_emission/carbon_mapper_data_masks/tan20250916t081222c80s4001-E/plume.tif
tan20250918t005528c02s4001-B,Source mask missing: /data2/yuyao/methane_emission/carbon_mapper_data_masks/tan20250918t005528c02s4001-B/plume.tif
tan20250918t005528c02s4001-C,Source mask missing: /data2/yuyao/methane_emission/carbon_mapper_data_masks/tan20250918t005528c02s4001-C/plume.tif
tan20250918t005528c02s4001-D,Source mask missing: /data2/yuyao/methane_emission/carbon_mapper_data_masks/tan20250918t005528c02s4001-D/plume.tif
tan20250918t005528c02s4001-E,Source mask missing: /data2/yuyao/methane_emission/carbon_mapper_data_masks/tan20250918t005528c02s4001-E/plume.tif
tan20250919t060625c82s4001-A,Source mask missing: /data2/yuyao/methane_emission/carbon_mapper_data_masks/tan20250919t060625c82s4001-A/plume.tif
tan20250919t060625c82s4001-B,Source mask missing: /data2/yuyao/methane_emission/carbon_mapper_data_masks/tan20250919t060625c82s4001-B/plume.tif
tan20250919t060625c82s4001-C,Source mask missing: /data2/yuyao/methane_emission/carbon_mapper_data_masks/tan20250919t060625c82s4001-C/plume.tif
tan20250919t060625c82s4001-D,Source mask missing: /data2/yuyao/methane_emission/carbon_mapper_data_masks/tan20250919t060625c82s4001-D/plume.tif
tan20250919t060625c82s4001-E,Source mask missing: /data2/yuyao/methane_emission/carbon_mapper_data_masks/tan20250919t060625c82s4001-E/plume.tif
tan20250919t060625c82s4001-F,Source mask missing: /data2/yuyao/methane_emission/carbon_mapper_data_masks/tan20250919t060625c82s4001-F/plume.tif
tan20250919t060625c82s4001-G,Source mask missing: /data2/yuyao/methane_emission/carbon_mapper_data_masks/tan20250919t060625c82s4001-G/plume.tif
tan20250919t170655c65s4001-A,Source mask missing: /data2/yuyao/methane_emission/carbon_mapper_data_masks/tan20250919t170655c65s4001-A/plume.tif
tan20250920t100944c19s4001-A,Source mask missing: /data2/yuyao/methane_emission/carbon_mapper_data_masks/tan20250920t100944c19s4001-A/plume.tif
tan20250921t092815c17s4001-A,Source mask missing: /data2/yuyao/methane_emission/carbon_mapper_data_masks/tan20250921t092815c17s4001-A/plume.tif
tan20250921t110430c42s4001-A,Source mask missing: /data2/yuyao/methane_emission/carbon_mapper_data_masks/tan20250921t110430c42s4001-A/plume.tif
tan20250921t110602c97s4001-A,Source mask missing: /data2/yuyao/methane_emission/carbon_mapper_data_masks/tan20250921t110602c97s4001-A/plume.tif
tan20250922t180834c89s4001-A,Source mask missing: /data2/yuyao/methane_emission/carbon_mapper_data_masks/tan20250922t180834c89s4001-A/plume.tif
tan20250922t180834c89s4001-B,Source mask missing: /data2/yuyao/methane_emission/carbon_mapper_data_masks/tan20250922t180834c89s4001-B/plume.tif
tan20250922t194211c43s4001-A,Source mask missing: /data2/yuyao/methane_emission/carbon_mapper_data_masks/tan20250922t194211c43s4001-A/plume.tif
tan20250922t194211c43s4001-B,Source mask missing: /data2/yuyao/methane_emission/carbon_mapper_data_masks/tan20250922t194211c43s4001-B/plume.tif
tan20250922t194211c43s4001-E,Source mask missing: /data2/yuyao/methane_emission/carbon_mapper_data_masks/tan20250922t194211c43s4001-E/plume.tif
tan20250926t060726c82s4001-A,Source mask missing: /data2/yuyao/methane_emission/carbon_mapper_data_masks/tan20250926t060726c82s4001-A/plume.tif
tan20250926t074310c41s4001-A,Source mask missing: /data2/yuyao/methane_emission/carbon_mapper_data_masks/tan20250926t074310c41s4001-A/plume.tif
tan20250926t074310c41s4001-B,Source mask missing: /data2/yuyao/methane_emission/carbon_mapper_data_masks/tan20250926t074310c41s4001-B/plume.tif
tan20250926t183741c17s4001-A,Source mask missing: /data2/yuyao/methane_emission/carbon_mapper_data_masks/tan20250926t183741c17s4001-A/plume.tif
tan20250929t163628c42s4001-A,Source mask missing: /data2/yuyao/methane_emission/carbon_mapper_data_masks/tan20250929t163628c42s4001-A/plume.tif
tan20250930t190314c10s4001-A,Source mask missing: /data2/yuyao/methane_emission/carbon_mapper_data_masks/tan20250930t190314c10s4001-A/plume.tif
tan20251001t104013c96s4001-A,Source mask missing: /data2/yuyao/methane_emission/carbon_mapper_data_masks/tan20251001t104013c96s4001-A/plume.tif
tan20251002t113418c72s4001-A,Source mask missing: /data2/yuyao/methane_emission/carbon_mapper_data_masks/tan20251002t113418c72s4001-A/plume.tif
tan20251007t080926c38s4001-A,Source mask missing: /data2/yuyao/methane_emission/carbon_mapper_data_masks/tan20251007t080926c38s4001-A/plume.tif
tan20251007t144559c80s4001-A,Source mask missing: /data2/yuyao/methane_emission/carbon_mapper_data_masks/tan20251007t144559c80s4001-A/plume.tif
tan20251008t055801c78s4001-A,Source mask missing: /data2/yuyao/methane_emission/carbon_mapper_data_masks/tan20251008t055801c78s4001-A/plume.tif
tan20251011t180410c64s4001-A,Source mask missing: /data2/yuyao/methane_emission/carbon_mapper_data_masks/tan20251011t180410c64s4001-A/plume.tif
tan20251011t180457c82s4001-A,Source mask missing: /data2/yuyao/methane_emission/carbon_mapper_data_masks/tan20251011t180457c82s4001-A/plume.tif
tan20251011t180457c82s4001-B,Source mask missing: /data2/yuyao/methane_emission/carbon_mapper_data_masks/tan20251011t180457c82s4001-B/plume.tif
tan20251011t180457c82s4001-C,Source mask missing: /data2/yuyao/methane_emission/carbon_mapper_data_masks/tan20251011t180457c82s4001-C/plume.tif
tan20251012t062639c77s4001-A,Source mask missing: /data2/yuyao/methane_emission/carbon_mapper_data_masks/tan20251012t062639c77s4001-A/plume.tif
tan20251012t062639c77s4001-B,Source mask missing: /data2/yuyao/methane_emission/carbon_mapper_data_masks/tan20251012t062639c77s4001-B/plume.tif
tan20251013t120133c75s4001-A,Source mask missing: /data2/yuyao/methane_emission/carbon_mapper_data_masks/tan20251013t120133c75s4001-A/plume.tif
tan20251016t052333c19s4001-A,Source mask missing: /data2/yuyao/methane_emission/carbon_mapper_data_masks/tan20251016t052333c19s4001-A/plume.tif
tan20251016t052333c19s4001-C,Source mask missing: /data2/yuyao/methane_emission/carbon_mapper_data_masks/tan20251016t052333c19s4001-C/plume.tif
tan20251016t052333c19s4001-D,Source mask missing: /data2/yuyao/methane_emission/carbon_mapper_data_masks/tan20251016t052333c19s4001-D/plume.tif
tan20251016t052333c19s4001-E,Source mask missing: /data2/yuyao/methane_emission/carbon_mapper_data_masks/tan20251016t052333c19s4001-E/plume.tif
tan20251016t052333c19s4001-F,Source mask missing: /data2/yuyao/methane_emission/carbon_mapper_data_masks/tan20251016t052333c19s4001-F/plume.tif
tan20251016t052333c19s4001-G,Source mask missing: /data2/yuyao/methane_emission/carbon_mapper_data_masks/tan20251016t052333c19s4001-G/plume.tif
tan20251016t052333c19s4001-H,Source mask missing: /data2/yuyao/methane_emission/carbon_mapper_data_masks/tan20251016t052333c19s4001-H/plume.tif
tan20251016t083101c82s4001-A,Source mask missing: /data2/yuyao/methane_emission/carbon_mapper_data_masks/tan20251016t083101c82s4001-A/plume.tif
tan20251018t163256c16s4001-A,Source mask missing: /data2/yuyao/methane_emission/carbon_mapper_data_masks/tan20251018t163256c16s4001-A/plume.tif
tan20251018t175914c52s4001-C,Source mask missing: /data2/yuyao/methane_emission/carbon_mapper_data_masks/tan20251018t175914c52s4001-C/plume.tif
tan20251018t175914c52s4001-D,Source mask missing: /data2/yuyao/methane_emission/carbon_mapper_data_masks/tan20251018t175914c52s4001-D/plume.tif
tan20251018t180351c20s4001-A,Source mask missing: /data2/yuyao/methane_emission/carbon_mapper_data_masks/tan20251018t180351c20s4001-A/plume.tif
tan20251019t185503c73s4001-A,Source mask missing: /data2/yuyao/methane_emission/carbon_mapper_data_masks/tan20251019t185503c73s4001-A/plume.tif
tan20251019t185503c73s4001-B,Source mask missing: /data2/yuyao/methane_emission/carbon_mapper_data_masks/tan20251019t185503c73s4001-B/plume.tif
tan20251019t185503c73s4001-D,Source mask missing: /data2/yuyao/methane_emission/carbon_mapper_data_masks/tan20251019t185503c73s4001-D/plume.tif
tan20251019t185820c43s4001-A,Source mask missing: /data2/yuyao/methane_emission/carbon_mapper_data_masks/tan20251019t185820c43s4001-A/plume.tif
tan20251019t185820c43s4001-B,Source mask missing: /data2/yuyao/methane_emission/carbon_mapper_data_masks/tan20251019t185820c43s4001-B/plume.tif
tan20251023t052445c08s4001-A,Source mask missing: /data2/yuyao/methane_emission/carbon_mapper_data_masks/tan20251023t052445c08s4001-A/plume.tif
tan20251024t123433c76s4001-A,Source mask missing: /data2/yuyao/methane_emission/carbon_mapper_data_masks/tan20251024t123433c76s4001-A/plume.tif
