plume_id,l89_path,l89_filename
GAO20191022t151126p0000-D,/mnt/engg-leung/Research_No9_Methane_Emissions/Yuyao/raw_data_dir_L89_L2SR_by_gee/GAO20191022t151126p0000-D_l89_sr_LANDSAT_8_20191022T173354Z.tif,GAO20191022t151126p0000-D_l89_sr_LANDSAT_8_20191022T173354Z.tif
GAO20191022t151126p0000-F,/mnt/engg-leung/Research_No9_Methane_Emissions/Yuyao/raw_data_dir_L89_L2SR_by_gee/GAO20191022t151126p0000-F_l89_sr_LANDSAT_8_20191022T173354Z.tif,GAO20191022t151126p0000-F_l89_sr_LANDSAT_8_20191022T173354Z.tif
GAO20191022t151126p0000-G,/mnt/engg-leung/Research_No9_Methane_Emissions/Yuyao/raw_data_dir_L89_L2SR_by_gee/GAO20191022t151126p0000-G_l89_sr_LANDSAT_8_20191022T173354Z.tif,GAO20191022t151126p0000-G_l89_sr_LANDSAT_8_20191022T173354Z.tif
GAO20191022t151126p0000-H,/mnt/engg-leung/Research_No9_Methane_Emissions/Yuyao/raw_data_dir_L89_L2SR_by_gee/GAO20191022t151126p0000-H_l89_sr_LANDSAT_8_20191022T173354Z.tif,GAO20191022t151126p0000-H_l89_sr_LANDSAT_8_20191022T173354Z.tif
GAO20191022t154327p0000-E,/mnt/engg-leung/Research_No9_Methane_Emissions/Yuyao/raw_data_dir_L89_L2SR_by_gee/GAO20191022t154327p0000-E_l89_sr_LANDSAT_8_20191022T173354Z.tif,GAO20191022t154327p0000-E_l89_sr_LANDSAT_8_20191022T173354Z.tif
GAO20191022t154327p0000-G,/mnt/engg-leung/Research_No9_Methane_Emissions/Yuyao/raw_data_dir_L89_L2SR_by_gee/GAO20191022t154327p0000-G_l89_sr_LANDSAT_8_20191022T173354Z.tif,GAO20191022t154327p0000-G_l89_sr_LANDSAT_8_20191022T173354Z.tif
GAO20191022t154327p0000-H,/mnt/engg-leung/Research_No9_Methane_Emissions/Yuyao/raw_data_dir_L89_L2SR_by_gee/GAO20191022t154327p0000-H_l89_sr_LANDSAT_8_20191022T173354Z.tif,GAO20191022t154327p0000-H_l89_sr_LANDSAT_8_20191022T173354Z.tif
GAO20191022t154327p0000-I,/mnt/engg-leung/Research_No9_Methane_Emissions/Yuyao/raw_data_dir_L89_L2SR_by_gee/GAO20191022t154327p0000-I_l89_sr_LANDSAT_8_20191022T173354Z.tif,GAO20191022t154327p0000-I_l89_sr_LANDSAT_8_20191022T173354Z.tif
GAO20191022t154327p0000-J,/mnt/engg-leung/Research_No9_Methane_Emissions/Yuyao/raw_data_dir_L89_L2SR_by_gee/GAO20191022t154327p0000-J_l89_sr_LANDSAT_8_20191022T173354Z.tif,GAO20191022t154327p0000-J_l89_sr_LANDSAT_8_20191022T173354Z.tif
GAO20191031t160141p0000-A,/mnt/engg-leung/Research_No9_Methane_Emissions/Yuyao/raw_data_dir_L89_L2SR_by_gee/GAO20191031t160141p0000-A_l89_sr_LANDSAT_8_20191031T172743Z.tif,GAO20191031t160141p0000-A_l89_sr_LANDSAT_8_20191031T172743Z.tif
GAO20191031t160141p0000-B,/mnt/engg-leung/Research_No9_Methane_Emissions/Yuyao/raw_data_dir_L89_L2SR_by_gee/GAO20191031t160141p0000-B_l89_sr_LANDSAT_8_20191031T172743Z.tif,GAO20191031t160141p0000-B_l89_sr_LANDSAT_8_20191031T172743Z.tif
GAO20191031t160141p0000-C,/mnt/engg-leung/Research_No9_Methane_Emissions/Yuyao/raw_data_dir_L89_L2SR_by_gee/GAO20191031t160141p0000-C_l89_sr_LANDSAT_8_20191031T172743Z.tif,GAO20191031t160141p0000-C_l89_sr_LANDSAT_8_20191031T172743Z.tif
GAO20191031t161745p0000-A,/mnt/engg-leung/Research_No9_Methane_Emissions/Yuyao/raw_data_dir_L89_L2SR_by_gee/GAO20191031t161745p0000-A_l89_sr_LANDSAT_8_20191031T172743Z.tif,GAO20191031t161745p0000-A_l89_sr_LANDSAT_8_20191031T172743Z.tif
GAO20191031t161745p0000-B,/mnt/engg-leung/Research_No9_Methane_Emissions/Yuyao/raw_data_dir_L89_L2SR_by_gee/GAO20191031t161745p0000-B_l89_sr_LANDSAT_8_20191031T172743Z.tif,GAO20191031t161745p0000-B_l89_sr_LANDSAT_8_20191031T172743Z.tif
GAO20191031t161745p0000-C,/mnt/engg-leung/Research_No9_Methane_Emissions/Yuyao/raw_data_dir_L89_L2SR_by_gee/GAO20191031t161745p0000-C_l89_sr_LANDSAT_8_20191031T172743Z.tif,GAO20191031t161745p0000-C_l89_sr_LANDSAT_8_20191031T172743Z.tif
GAO20191031t161745p0000-D,/mnt/engg-leung/Research_No9_Methane_Emissions/Yuyao/raw_data_dir_L89_L2SR_by_gee/GAO20191031t161745p0000-D_l89_sr_LANDSAT_8_20191031T172743Z.tif,GAO20191031t161745p0000-D_l89_sr_LANDSAT_8_20191031T172743Z.tif
GAO20191031t161745p0000-E,/mnt/engg-leung/Research_No9_Methane_Emissions/Yuyao/raw_data_dir_L89_L2SR_by_gee/GAO20191031t161745p0000-E_l89_sr_LANDSAT_8_20191031T172743Z.tif,GAO20191031t161745p0000-E_l89_sr_LANDSAT_8_20191031T172743Z.tif
GAO20191031t161745p0000-F,/mnt/engg-leung/Research_No9_Methane_Emissions/Yuyao/raw_data_dir_L89_L2SR_by_gee/GAO20191031t161745p0000-F_l89_sr_LANDSAT_8_20191031T172743Z.tif,GAO20191031t161745p0000-F_l89_sr_LANDSAT_8_20191031T172743Z.tif
GAO20191031t161745p0000-G,/mnt/engg-leung/Research_No9_Methane_Emissions/Yuyao/raw_data_dir_L89_L2SR_by_gee/GAO20191031t161745p0000-G_l89_sr_LANDSAT_8_20191031T172743Z.tif,GAO20191031t161745p0000-G_l89_sr_LANDSAT_8_20191031T172743Z.tif
GAO20191031t161745p0000-H,/mnt/engg-leung/Research_No9_Methane_Emissions/Yuyao/raw_data_dir_L89_L2SR_by_gee/GAO20191031t161745p0000-H_l89_sr_LANDSAT_8_20191031T172743Z.tif,GAO20191031t161745p0000-H_l89_sr_LANDSAT_8_20191031T172743Z.tif
GAO20191031t161745p0000-I,/mnt/engg-leung/Research_No9_Methane_Emissions/Yuyao/raw_data_dir_L89_L2SR_by_gee/GAO20191031t161745p0000-I_l89_sr_LANDSAT_8_20191031T172743Z.tif,GAO20191031t161745p0000-I_l89_sr_LANDSAT_8_20191031T172743Z.tif
GAO20191031t161745p0000-J,/mnt/engg-leung/Research_No9_Methane_Emissions/Yuyao/raw_data_dir_L89_L2SR_by_gee/GAO20191031t161745p0000-J_l89_sr_LANDSAT_8_20191031T172743Z.tif,GAO20191031t161745p0000-J_l89_sr_LANDSAT_8_20191031T172743Z.tif
GAO20191031t163137p0000-A,/mnt/engg-leung/Research_No9_Methane_Emissions/Yuyao/raw_data_dir_L89_L2SR_by_gee/GAO20191031t163137p0000-A_l89_sr_LANDSAT_8_20191031T172743Z.tif,GAO20191031t163137p0000-A_l89_sr_LANDSAT_8_20191031T172743Z.tif
GAO20191031t163137p0000-B,/mnt/engg-leung/Research_No9_Methane_Emissions/Yuyao/raw_data_dir_L89_L2SR_by_gee/GAO20191031t163137p0000-B_l89_sr_LANDSAT_8_20191031T172743Z.tif,GAO20191031t163137p0000-B_l89_sr_LANDSAT_8_20191031T172743Z.tif
GAO20191031t163137p0000-C,/mnt/engg-leung/Research_No9_Methane_Emissions/Yuyao/raw_data_dir_L89_L2SR_by_gee/GAO20191031t163137p0000-C_l89_sr_LANDSAT_8_20191031T172743Z.tif,GAO20191031t163137p0000-C_l89_sr_LANDSAT_8_20191031T172743Z.tif
GAO20191031t163137p0000-D,/mnt/engg-leung/Research_No9_Methane_Emissions/Yuyao/raw_data_dir_L89_L2SR_by_gee/GAO20191031t163137p0000-D_l89_sr_LANDSAT_8_20191031T172743Z.tif,GAO20191031t163137p0000-D_l89_sr_LANDSAT_8_20191031T172743Z.tif
GAO20191031t163137p0000-E,/mnt/engg-leung/Research_No9_Methane_Emissions/Yuyao/raw_data_dir_L89_L2SR_by_gee/GAO20191031t163137p0000-E_l89_sr_LANDSAT_8_20191031T172743Z.tif,GAO20191031t163137p0000-E_l89_sr_LANDSAT_8_20191031T172743Z.tif
GAO20191031t163137p0000-F,/mnt/engg-leung/Research_No9_Methane_Emissions/Yuyao/raw_data_dir_L89_L2SR_by_gee/GAO20191031t163137p0000-F_l89_sr_LANDSAT_8_20191031T172743Z.tif,GAO20191031t163137p0000-F_l89_sr_LANDSAT_8_20191031T172743Z.tif
GAO20191031t163137p0000-G,/mnt/engg-leung/Research_No9_Methane_Emissions/Yuyao/raw_data_dir_L89_L2SR_by_gee/GAO20191031t163137p0000-G_l89_sr_LANDSAT_8_20191031T172743Z.tif,GAO20191031t163137p0000-G_l89_sr_LANDSAT_8_20191031T172743Z.tif
GAO20191031t163137p0000-H,/mnt/engg-leung/Research_No9_Methane_Emissions/Yuyao/raw_data_dir_L89_L2SR_by_gee/GAO20191031t163137p0000-H_l89_sr_LANDSAT_8_20191031T172743Z.tif,GAO20191031t163137p0000-H_l89_sr_LANDSAT_8_20191031T172743Z.tif
GAO20191031t163137p0000-I,/mnt/engg-leung/Research_No9_Methane_Emissions/Yuyao/raw_data_dir_L89_L2SR_by_gee/GAO20191031t163137p0000-I_l89_sr_LANDSAT_8_20191031T172743Z.tif,GAO20191031t163137p0000-I_l89_sr_LANDSAT_8_20191031T172743Z.tif
GAO20191031t163137p0000-J,/mnt/engg-leung/Research_No9_Methane_Emissions/Yuyao/raw_data_dir_L89_L2SR_by_gee/GAO20191031t163137p0000-J_l89_sr_LANDSAT_8_20191031T172743Z.tif,GAO20191031t163137p0000-J_l89_sr_LANDSAT_8_20191031T172743Z.tif
GAO20191031t164711p0000-A,/mnt/engg-leung/Research_No9_Methane_Emissions/Yuyao/raw_data_dir_L89_L2SR_by_gee/GAO20191031t164711p0000-A_l89_sr_LANDSAT_8_20191031T172743Z.tif,GAO20191031t164711p0000-A_l89_sr_LANDSAT_8_20191031T172743Z.tif
GAO20191031t164711p0000-B,/mnt/engg-leung/Research_No9_Methane_Emissions/Yuyao/raw_data_dir_L89_L2SR_by_gee/GAO20191031t164711p0000-B_l89_sr_LANDSAT_8_20191031T172743Z.tif,GAO20191031t164711p0000-B_l89_sr_LANDSAT_8_20191031T172743Z.tif
GAO20191031t164711p0000-C,/mnt/engg-leung/Research_No9_Methane_Emissions/Yuyao/raw_data_dir_L89_L2SR_by_gee/GAO20191031t164711p0000-C_l89_sr_LANDSAT_8_20191031T172743Z.tif,GAO20191031t164711p0000-C_l89_sr_LANDSAT_8_20191031T172743Z.tif
GAO20191031t164711p0000-D,/mnt/engg-leung/Research_No9_Methane_Emissions/Yuyao/raw_data_dir_L89_L2SR_by_gee/GAO20191031t164711p0000-D_l89_sr_LANDSAT_8_20191031T172743Z.tif,GAO20191031t164711p0000-D_l89_sr_LANDSAT_8_20191031T172743Z.tif
GAO20191031t164711p0000-E,/mnt/engg-leung/Research_No9_Methane_Emissions/Yuyao/raw_data_dir_L89_L2SR_by_gee/GAO20191031t164711p0000-E_l89_sr_LANDSAT_8_20191031T172743Z.tif,GAO20191031t164711p0000-E_l89_sr_LANDSAT_8_20191031T172743Z.tif
GAO20191031t164711p0000-F,/mnt/engg-leung/Research_No9_Methane_Emissions/Yuyao/raw_data_dir_L89_L2SR_by_gee/GAO20191031t164711p0000-F_l89_sr_LANDSAT_8_20191031T172743Z.tif,GAO20191031t164711p0000-F_l89_sr_LANDSAT_8_20191031T172743Z.tif
GAO20191031t164711p0000-G,/mnt/engg-leung/Research_No9_Methane_Emissions/Yuyao/raw_data_dir_L89_L2SR_by_gee/GAO20191031t164711p0000-G_l89_sr_LANDSAT_8_20191031T172743Z.tif,GAO20191031t164711p0000-G_l89_sr_LANDSAT_8_20191031T172743Z.tif
GAO20191031t170101p0000-A,/mnt/engg-leung/Research_No9_Methane_Emissions/Yuyao/raw_data_dir_L89_L2SR_by_gee/GAO20191031t170101p0000-A_l89_sr_LANDSAT_8_20191031T172743Z.tif,GAO20191031t170101p0000-A_l89_sr_LANDSAT_8_20191031T172743Z.tif
GAO20191031t170101p0000-B,/mnt/engg-leung/Research_No9_Methane_Emissions/Yuyao/raw_data_dir_L89_L2SR_by_gee/GAO20191031t170101p0000-B_l89_sr_LANDSAT_8_20191031T172743Z.tif,GAO20191031t170101p0000-B_l89_sr_LANDSAT_8_20191031T172743Z.tif
GAO20191031t171656p0000-A,/mnt/engg-leung/Research_No9_Methane_Emissions/Yuyao/raw_data_dir_L89_L2SR_by_gee/GAO20191031t171656p0000-A_l89_sr_LANDSAT_8_20191031T172743Z.tif,GAO20191031t171656p0000-A_l89_sr_LANDSAT_8_20191031T172743Z.tif
GAO20191031t171656p0000-B,/mnt/engg-leung/Research_No9_Methane_Emissions/Yuyao/raw_data_dir_L89_L2SR_by_gee/GAO20191031t171656p0000-B_l89_sr_LANDSAT_8_20191031T172743Z.tif,GAO20191031t171656p0000-B_l89_sr_LANDSAT_8_20191031T172743Z.tif
GAO20191031t171656p0000-C,/mnt/engg-leung/Research_No9_Methane_Emissions/Yuyao/raw_data_dir_L89_L2SR_by_gee/GAO20191031t171656p0000-C_l89_sr_LANDSAT_8_20191031T172743Z.tif,GAO20191031t171656p0000-C_l89_sr_LANDSAT_8_20191031T172743Z.tif
GAO20191031t171656p0000-D,/mnt/engg-leung/Research_No9_Methane_Emissions/Yuyao/raw_data_dir_L89_L2SR_by_gee/GAO20191031t171656p0000-D_l89_sr_LANDSAT_8_20191031T172743Z.tif,GAO20191031t171656p0000-D_l89_sr_LANDSAT_8_20191031T172743Z.tif
GAO20191031t171656p0000-E,/mnt/engg-leung/Research_No9_Methane_Emissions/Yuyao/raw_data_dir_L89_L2SR_by_gee/GAO20191031t171656p0000-E_l89_sr_LANDSAT_8_20191031T172743Z.tif,GAO20191031t171656p0000-E_l89_sr_LANDSAT_8_20191031T172743Z.tif
GAO20191031t171656p0000-F,/mnt/engg-leung/Research_No9_Methane_Emissions/Yuyao/raw_data_dir_L89_L2SR_by_gee/GAO20191031t171656p0000-F_l89_sr_LANDSAT_8_20191031T172743Z.tif,GAO20191031t171656p0000-F_l89_sr_LANDSAT_8_20191031T172743Z.tif
GAO20191031t171656p0000-G,/mnt/engg-leung/Research_No9_Methane_Emissions/Yuyao/raw_data_dir_L89_L2SR_by_gee/GAO20191031t171656p0000-G_l89_sr_LANDSAT_8_20191031T172743Z.tif,GAO20191031t171656p0000-G_l89_sr_LANDSAT_8_20191031T172743Z.tif
GAO20200719t175933p0000-A,/mnt/engg-leung/Research_No9_Methane_Emissions/Yuyao/raw_data_dir_L89_L2SR_by_gee/GAO20200719t175933p0000-A_l89_sr_LANDSAT_8_20200720T173300Z.tif,GAO20200719t175933p0000-A_l89_sr_LANDSAT_8_20200720T173300Z.tif
GAO20200719t175933p0000-B,/mnt/engg-leung/Research_No9_Methane_Emissions/Yuyao/raw_data_dir_L89_L2SR_by_gee/GAO20200719t175933p0000-B_l89_sr_LANDSAT_8_20200720T173300Z.tif,GAO20200719t175933p0000-B_l89_sr_LANDSAT_8_20200720T173300Z.tif
GAO20200719t175933p0000-C,/mnt/engg-leung/Research_No9_Methane_Emissions/Yuyao/raw_data_dir_L89_L2SR_by_gee/GAO20200719t175933p0000-C_l89_sr_LANDSAT_8_20200720T173300Z.tif,GAO20200719t175933p0000-C_l89_sr_LANDSAT_8_20200720T173300Z.tif
GAO20200719t175933p0000-D,/mnt/engg-leung/Research_No9_Methane_Emissions/Yuyao/raw_data_dir_L89_L2SR_by_gee/GAO20200719t175933p0000-D_l89_sr_LANDSAT_8_20200720T173300Z.tif,GAO20200719t175933p0000-D_l89_sr_LANDSAT_8_20200720T173300Z.tif
GAO20200719t181355p0000-A,/mnt/engg-leung/Research_No9_Methane_Emissions/Yuyao/raw_data_dir_L89_L2SR_by_gee/GAO20200719t181355p0000-A_l89_sr_LANDSAT_8_20200720T173300Z.tif,GAO20200719t181355p0000-A_l89_sr_LANDSAT_8_20200720T173300Z.tif
GAO20200719t182612p0000-B,/mnt/engg-leung/Research_No9_Methane_Emissions/Yuyao/raw_data_dir_L89_L2SR_by_gee/GAO20200719t182612p0000-B_l89_sr_LANDSAT_8_20200720T173300Z.tif,GAO20200719t182612p0000-B_l89_sr_LANDSAT_8_20200720T173300Z.tif
GAO20200719t182612p0000-C,/mnt/engg-leung/Research_No9_Methane_Emissions/Yuyao/raw_data_dir_L89_L2SR_by_gee/GAO20200719t182612p0000-C_l89_sr_LANDSAT_8_20200720T173300Z.tif,GAO20200719t182612p0000-C_l89_sr_LANDSAT_8_20200720T173300Z.tif
GAO20200719t182612p0000-D,/mnt/engg-leung/Research_No9_Methane_Emissions/Yuyao/raw_data_dir_L89_L2SR_by_gee/GAO20200719t182612p0000-D_l89_sr_LANDSAT_8_20200720T173300Z.tif,GAO20200719t182612p0000-D_l89_sr_LANDSAT_8_20200720T173300Z.tif
GAO20200719t182612p0000-E,/mnt/engg-leung/Research_No9_Methane_Emissions/Yuyao/raw_data_dir_L89_L2SR_by_gee/GAO20200719t182612p0000-E_l89_sr_LANDSAT_8_20200720T173300Z.tif,GAO20200719t182612p0000-E_l89_sr_LANDSAT_8_20200720T173300Z.tif
GAO20200719t184002p0000-A,/mnt/engg-leung/Research_No9_Methane_Emissions/Yuyao/raw_data_dir_L89_L2SR_by_gee/GAO20200719t184002p0000-A_l89_sr_LANDSAT_8_20200720T173300Z.tif,GAO20200719t184002p0000-A_l89_sr_LANDSAT_8_20200720T173300Z.tif
GAO20200719t184002p0000-B,/mnt/engg-leung/Research_No9_Methane_Emissions/Yuyao/raw_data_dir_L89_L2SR_by_gee/GAO20200719t184002p0000-B_l89_sr_LANDSAT_8_20200720T173300Z.tif,GAO20200719t184002p0000-B_l89_sr_LANDSAT_8_20200720T173300Z.tif
GAO20200719t184002p0000-C,/mnt/engg-leung/Research_No9_Methane_Emissions/Yuyao/raw_data_dir_L89_L2SR_by_gee/GAO20200719t184002p0000-C_l89_sr_LANDSAT_8_20200720T173300Z.tif,GAO20200719t184002p0000-C_l89_sr_LANDSAT_8_20200720T173300Z.tif
GAO20200719t184002p0000-D,/mnt/engg-leung/Research_No9_Methane_Emissions/Yuyao/raw_data_dir_L89_L2SR_by_gee/GAO20200719t184002p0000-D_l89_sr_LANDSAT_8_20200720T173300Z.tif,GAO20200719t184002p0000-D_l89_sr_LANDSAT_8_20200720T173300Z.tif
GAO20200719t184002p0000-E,/mnt/engg-leung/Research_No9_Methane_Emissions/Yuyao/raw_data_dir_L89_L2SR_by_gee/GAO20200719t184002p0000-E_l89_sr_LANDSAT_8_20200720T173300Z.tif,GAO20200719t184002p0000-E_l89_sr_LANDSAT_8_20200720T173300Z.tif
GAO20200719t184002p0000-G,/mnt/engg-leung/Research_No9_Methane_Emissions/Yuyao/raw_data_dir_L89_L2SR_by_gee/GAO20200719t184002p0000-G_l89_sr_LANDSAT_8_20200720T173300Z.tif,GAO20200719t184002p0000-G_l89_sr_LANDSAT_8_20200720T173300Z.tif
GAO20200719t185315p0000-B,/mnt/engg-leung/Research_No9_Methane_Emissions/Yuyao/raw_data_dir_L89_L2SR_by_gee/GAO20200719t185315p0000-B_l89_sr_LANDSAT_8_20200720T173300Z.tif,GAO20200719t185315p0000-B_l89_sr_LANDSAT_8_20200720T173300Z.tif
GAO20200719t185315p0000-C,/mnt/engg-leung/Research_No9_Methane_Emissions/Yuyao/raw_data_dir_L89_L2SR_by_gee/GAO20200719t185315p0000-C_l89_sr_LANDSAT_8_20200720T173300Z.tif,GAO20200719t185315p0000-C_l89_sr_LANDSAT_8_20200720T173300Z.tif
GAO20200719t185315p0000-D,/mnt/engg-leung/Research_No9_Methane_Emissions/Yuyao/raw_data_dir_L89_L2SR_by_gee/GAO20200719t185315p0000-D_l89_sr_LANDSAT_8_20200720T173300Z.tif,GAO20200719t185315p0000-D_l89_sr_LANDSAT_8_20200720T173300Z.tif
GAO20200730t154645p0000-B,/mnt/engg-leung/Research_No9_Methane_Emissions/Yuyao/raw_data_dir_L89_L2SR_by_gee/GAO20200730t154645p0000-B_l89_sr_LANDSAT_8_20200730T180808Z.tif,GAO20200730t154645p0000-B_l89_sr_LANDSAT_8_20200730T180808Z.tif
GAO20200730t165715p0000-A,/mnt/engg-leung/Research_No9_Methane_Emissions/Yuyao/raw_data_dir_L89_L2SR_by_gee/GAO20200730t165715p0000-A_l89_sr_LANDSAT_8_20200730T180808Z.tif,GAO20200730t165715p0000-A_l89_sr_LANDSAT_8_20200730T180808Z.tif
GAO20200730t165715p0000-B,/mnt/engg-leung/Research_No9_Methane_Emissions/Yuyao/raw_data_dir_L89_L2SR_by_gee/GAO20200730t165715p0000-B_l89_sr_LANDSAT_8_20200730T180744Z.tif,GAO20200730t165715p0000-B_l89_sr_LANDSAT_8_20200730T180744Z.tif
GAO20200807t181428p0000-A,/mnt/engg-leung/Research_No9_Methane_Emissions/Yuyao/raw_data_dir_L89_L2SR_by_gee/GAO20200807t181428p0000-A_l89_sr_LANDSAT_8_20200808T180159Z.tif,GAO20200807t181428p0000-A_l89_sr_LANDSAT_8_20200808T180159Z.tif
GAO20200807t181428p0000-B,/mnt/engg-leung/Research_No9_Methane_Emissions/Yuyao/raw_data_dir_L89_L2SR_by_gee/GAO20200807t181428p0000-B_l89_sr_LANDSAT_8_20200808T180159Z.tif,GAO20200807t181428p0000-B_l89_sr_LANDSAT_8_20200808T180159Z.tif
GAO20200807t182439p0000-A,/mnt/engg-leung/Research_No9_Methane_Emissions/Yuyao/raw_data_dir_L89_L2SR_by_gee/GAO20200807t182439p0000-A_l89_sr_LANDSAT_8_20200808T180159Z.tif,GAO20200807t182439p0000-A_l89_sr_LANDSAT_8_20200808T180159Z.tif
GAO20200807t182439p0000-B,/mnt/engg-leung/Research_No9_Methane_Emissions/Yuyao/raw_data_dir_L89_L2SR_by_gee/GAO20200807t182439p0000-B_l89_sr_LANDSAT_8_20200808T180159Z.tif,GAO20200807t182439p0000-B_l89_sr_LANDSAT_8_20200808T180159Z.tif
GAO20200807t182439p0000-C,/mnt/engg-leung/Research_No9_Methane_Emissions/Yuyao/raw_data_dir_L89_L2SR_by_gee/GAO20200807t182439p0000-C_l89_sr_LANDSAT_8_20200808T180159Z.tif,GAO20200807t182439p0000-C_l89_sr_LANDSAT_8_20200808T180159Z.tif
GAO20200807t183429p0000-A,/mnt/engg-leung/Research_No9_Methane_Emissions/Yuyao/raw_data_dir_L89_L2SR_by_gee/GAO20200807t183429p0000-A_l89_sr_LANDSAT_8_20200808T180159Z.tif,GAO20200807t183429p0000-A_l89_sr_LANDSAT_8_20200808T180159Z.tif
GAO20200807t183429p0000-B,/mnt/engg-leung/Research_No9_Methane_Emissions/Yuyao/raw_data_dir_L89_L2SR_by_gee/GAO20200807t183429p0000-B_l89_sr_LANDSAT_8_20200808T180159Z.tif,GAO20200807t183429p0000-B_l89_sr_LANDSAT_8_20200808T180159Z.tif
GAO20200807t184450p0000-A,/mnt/engg-leung/Research_No9_Methane_Emissions/Yuyao/raw_data_dir_L89_L2SR_by_gee/GAO20200807t184450p0000-A_l89_sr_LANDSAT_8_20200808T180159Z.tif,GAO20200807t184450p0000-A_l89_sr_LANDSAT_8_20200808T180159Z.tif
GAO20200807t185425p0000-A,/mnt/engg-leung/Research_No9_Methane_Emissions/Yuyao/raw_data_dir_L89_L2SR_by_gee/GAO20200807t185425p0000-A_l89_sr_LANDSAT_8_20200808T180159Z.tif,GAO20200807t185425p0000-A_l89_sr_LANDSAT_8_20200808T180159Z.tif
GAO20200807t190528p0000-A,/mnt/engg-leung/Research_No9_Methane_Emissions/Yuyao/raw_data_dir_L89_L2SR_by_gee/GAO20200807t190528p0000-A_l89_sr_LANDSAT_8_20200808T180159Z.tif,GAO20200807t190528p0000-A_l89_sr_LANDSAT_8_20200808T180159Z.tif
GAO20200807t190528p0000-B,/mnt/engg-leung/Research_No9_Methane_Emissions/Yuyao/raw_data_dir_L89_L2SR_by_gee/GAO20200807t190528p0000-B_l89_sr_LANDSAT_8_20200808T180159Z.tif,GAO20200807t190528p0000-B_l89_sr_LANDSAT_8_20200808T180159Z.tif
GAO20201114t210524p0000-A,/mnt/engg-leung/Research_No9_Methane_Emissions/Yuyao/raw_data_dir_L89_L2SR_by_gee/GAO20201114t210524p0000-A_l89_sr_LANDSAT_8_20201115T183424Z.tif,GAO20201114t210524p0000-A_l89_sr_LANDSAT_8_20201115T183424Z.tif
GAO20201124t173250p0000-A,/mnt/engg-leung/Research_No9_Methane_Emissions/Yuyao/raw_data_dir_L89_L2SR_by_gee/GAO20201124t173250p0000-A_l89_sr_LANDSAT_8_20201124T182839Z.tif,GAO20201124t173250p0000-A_l89_sr_LANDSAT_8_20201124T182839Z.tif
GAO20210427t173055p0000-2,/mnt/engg-leung/Research_No9_Methane_Emissions/Yuyao/raw_data_dir_L89_L2SR_by_gee/GAO20210427t173055p0000-2_l89_sr_LANDSAT_8_20210428T163204Z.tif,GAO20210427t173055p0000-2_l89_sr_LANDSAT_8_20210428T163204Z.tif
GAO20210518t143003p0000-1,/mnt/engg-leung/Research_No9_Methane_Emissions/Yuyao/raw_data_dir_L89_L2SR_by_gee/GAO20210518t143003p0000-1_l89_sr_LANDSAT_8_20210518T160349Z.tif,GAO20210518t143003p0000-1_l89_sr_LANDSAT_8_20210518T160349Z.tif
GAO20210807t183635p0000-E,/mnt/engg-leung/Research_No9_Methane_Emissions/Yuyao/raw_data_dir_L89_L2SR_by_gee/GAO20210807t183635p0000-E_l89_sr_LANDSAT_8_20210808T173337Z.tif,GAO20210807t183635p0000-E_l89_sr_LANDSAT_8_20210808T173337Z.tif
GAO20210807t185049p0000-E,/mnt/engg-leung/Research_No9_Methane_Emissions/Yuyao/raw_data_dir_L89_L2SR_by_gee/GAO20210807t185049p0000-E_l89_sr_LANDSAT_8_20210808T173337Z.tif,GAO20210807t185049p0000-E_l89_sr_LANDSAT_8_20210808T173337Z.tif
GAO20210810t152557p0000-A,/mnt/engg-leung/Research_No9_Methane_Emissions/Yuyao/raw_data_dir_L89_L2SR_by_gee/GAO20210810t152557p0000-A_l89_sr_LANDSAT_8_20210810T172116Z.tif,GAO20210810t152557p0000-A_l89_sr_LANDSAT_8_20210810T172116Z.tif
GAO20210810t152557p0000-B,/mnt/engg-leung/Research_No9_Methane_Emissions/Yuyao/raw_data_dir_L89_L2SR_by_gee/GAO20210810t152557p0000-B_l89_sr_LANDSAT_8_20210810T172116Z.tif,GAO20210810t152557p0000-B_l89_sr_LANDSAT_8_20210810T172116Z.tif
GAO20210810t152557p0001-A,/mnt/engg-leung/Research_No9_Methane_Emissions/Yuyao/raw_data_dir_L89_L2SR_by_gee/GAO20210810t152557p0001-A_l89_sr_LANDSAT_8_20210810T172116Z.tif,GAO20210810t152557p0001-A_l89_sr_LANDSAT_8_20210810T172116Z.tif
GAO20210810t152557p0001-B,/mnt/engg-leung/Research_No9_Methane_Emissions/Yuyao/raw_data_dir_L89_L2SR_by_gee/GAO20210810t152557p0001-B_l89_sr_LANDSAT_8_20210810T172116Z.tif,GAO20210810t152557p0001-B_l89_sr_LANDSAT_8_20210810T172116Z.tif
GAO20210810t154501p0000-A,/mnt/engg-leung/Research_No9_Methane_Emissions/Yuyao/raw_data_dir_L89_L2SR_by_gee/GAO20210810t154501p0000-A_l89_sr_LANDSAT_8_20210810T172116Z.tif,GAO20210810t154501p0000-A_l89_sr_LANDSAT_8_20210810T172116Z.tif
GAO20210810t154501p0000-B,/mnt/engg-leung/Research_No9_Methane_Emissions/Yuyao/raw_data_dir_L89_L2SR_by_gee/GAO20210810t154501p0000-B_l89_sr_LANDSAT_8_20210810T172116Z.tif,GAO20210810t154501p0000-B_l89_sr_LANDSAT_8_20210810T172116Z.tif
GAO20210810t154501p0000-C,/mnt/engg-leung/Research_No9_Methane_Emissions/Yuyao/raw_data_dir_L89_L2SR_by_gee/GAO20210810t154501p0000-C_l89_sr_LANDSAT_8_20210810T172116Z.tif,GAO20210810t154501p0000-C_l89_sr_LANDSAT_8_20210810T172116Z.tif
GAO20210810t154501p0000-D,/mnt/engg-leung/Research_No9_Methane_Emissions/Yuyao/raw_data_dir_L89_L2SR_by_gee/GAO20210810t154501p0000-D_l89_sr_LANDSAT_8_20210810T172116Z.tif,GAO20210810t154501p0000-D_l89_sr_LANDSAT_8_20210810T172116Z.tif
GAO20210810t154501p0000-E,/mnt/engg-leung/Research_No9_Methane_Emissions/Yuyao/raw_data_dir_L89_L2SR_by_gee/GAO20210810t154501p0000-E_l89_sr_LANDSAT_8_20210810T172116Z.tif,GAO20210810t154501p0000-E_l89_sr_LANDSAT_8_20210810T172116Z.tif
GAO20210810t154501p0000-F,/mnt/engg-leung/Research_No9_Methane_Emissions/Yuyao/raw_data_dir_L89_L2SR_by_gee/GAO20210810t154501p0000-F_l89_sr_LANDSAT_8_20210810T172116Z.tif,GAO20210810t154501p0000-F_l89_sr_LANDSAT_8_20210810T172116Z.tif
GAO20210810t154501p0000-G,/mnt/engg-leung/Research_No9_Methane_Emissions/Yuyao/raw_data_dir_L89_L2SR_by_gee/GAO20210810t154501p0000-G_l89_sr_LANDSAT_8_20210810T172116Z.tif,GAO20210810t154501p0000-G_l89_sr_LANDSAT_8_20210810T172116Z.tif
GAO20210810t160102p0000-A,/mnt/engg-leung/Research_No9_Methane_Emissions/Yuyao/raw_data_dir_L89_L2SR_by_gee/GAO20210810t160102p0000-A_l89_sr_LANDSAT_8_20210810T172052Z.tif,GAO20210810t160102p0000-A_l89_sr_LANDSAT_8_20210810T172052Z.tif
GAO20210810t160102p0000-B,/mnt/engg-leung/Research_No9_Methane_Emissions/Yuyao/raw_data_dir_L89_L2SR_by_gee/GAO20210810t160102p0000-B_l89_sr_LANDSAT_8_20210810T172052Z.tif,GAO20210810t160102p0000-B_l89_sr_LANDSAT_8_20210810T172052Z.tif
GAO20210810t160102p0000-C,/mnt/engg-leung/Research_No9_Methane_Emissions/Yuyao/raw_data_dir_L89_L2SR_by_gee/GAO20210810t160102p0000-C_l89_sr_LANDSAT_8_20210810T172116Z.tif,GAO20210810t160102p0000-C_l89_sr_LANDSAT_8_20210810T172116Z.tif
GAO20210810t160102p0000-D,/mnt/engg-leung/Research_No9_Methane_Emissions/Yuyao/raw_data_dir_L89_L2SR_by_gee/GAO20210810t160102p0000-D_l89_sr_LANDSAT_8_20210810T172116Z.tif,GAO20210810t160102p0000-D_l89_sr_LANDSAT_8_20210810T172116Z.tif
GAO20210810t160102p0000-E,/mnt/engg-leung/Research_No9_Methane_Emissions/Yuyao/raw_data_dir_L89_L2SR_by_gee/GAO20210810t160102p0000-E_l89_sr_LANDSAT_8_20210810T172116Z.tif,GAO20210810t160102p0000-E_l89_sr_LANDSAT_8_20210810T172116Z.tif
GAO20210810t161932p0000-A,/mnt/engg-leung/Research_No9_Methane_Emissions/Yuyao/raw_data_dir_L89_L2SR_by_gee/GAO20210810t161932p0000-A_l89_sr_LANDSAT_8_20210810T172052Z.tif,GAO20210810t161932p0000-A_l89_sr_LANDSAT_8_20210810T172052Z.tif
GAO20210810t161932p0000-B,/mnt/engg-leung/Research_No9_Methane_Emissions/Yuyao/raw_data_dir_L89_L2SR_by_gee/GAO20210810t161932p0000-B_l89_sr_LANDSAT_8_20210810T172116Z.tif,GAO20210810t161932p0000-B_l89_sr_LANDSAT_8_20210810T172116Z.tif
GAO20210810t161932p0000-C,/mnt/engg-leung/Research_No9_Methane_Emissions/Yuyao/raw_data_dir_L89_L2SR_by_gee/GAO20210810t161932p0000-C_l89_sr_LANDSAT_8_20210810T172116Z.tif,GAO20210810t161932p0000-C_l89_sr_LANDSAT_8_20210810T172116Z.tif
GAO20210810t161932p0000-D,/mnt/engg-leung/Research_No9_Methane_Emissions/Yuyao/raw_data_dir_L89_L2SR_by_gee/GAO20210810t161932p0000-D_l89_sr_LANDSAT_8_20210810T172116Z.tif,GAO20210810t161932p0000-D_l89_sr_LANDSAT_8_20210810T172116Z.tif
GAO20210810t163525p0000-A,/mnt/engg-leung/Research_No9_Methane_Emissions/Yuyao/raw_data_dir_L89_L2SR_by_gee/GAO20210810t163525p0000-A_l89_sr_LANDSAT_8_20210810T172116Z.tif,GAO20210810t163525p0000-A_l89_sr_LANDSAT_8_20210810T172116Z.tif
GAO20210810t163525p0000-B,/mnt/engg-leung/Research_No9_Methane_Emissions/Yuyao/raw_data_dir_L89_L2SR_by_gee/GAO20210810t163525p0000-B_l89_sr_LANDSAT_8_20210810T172116Z.tif,GAO20210810t163525p0000-B_l89_sr_LANDSAT_8_20210810T172116Z.tif
GAO20210810t163525p0000-C,/mnt/engg-leung/Research_No9_Methane_Emissions/Yuyao/raw_data_dir_L89_L2SR_by_gee/GAO20210810t163525p0000-C_l89_sr_LANDSAT_8_20210810T172116Z.tif,GAO20210810t163525p0000-C_l89_sr_LANDSAT_8_20210810T172116Z.tif
GAO20210810t170955p0000-A,/mnt/engg-leung/Research_No9_Methane_Emissions/Yuyao/raw_data_dir_L89_L2SR_by_gee/GAO20210810t170955p0000-A_l89_sr_LANDSAT_8_20210810T172116Z.tif,GAO20210810t170955p0000-A_l89_sr_LANDSAT_8_20210810T172116Z.tif
GAO20210810t170955p0000-B,/mnt/engg-leung/Research_No9_Methane_Emissions/Yuyao/raw_data_dir_L89_L2SR_by_gee/GAO20210810t170955p0000-B_l89_sr_LANDSAT_8_20210810T172116Z.tif,GAO20210810t170955p0000-B_l89_sr_LANDSAT_8_20210810T172116Z.tif
GAO20210810t170955p0000-C,/mnt/engg-leung/Research_No9_Methane_Emissions/Yuyao/raw_data_dir_L89_L2SR_by_gee/GAO20210810t170955p0000-C_l89_sr_LANDSAT_8_20210810T172116Z.tif,GAO20210810t170955p0000-C_l89_sr_LANDSAT_8_20210810T172116Z.tif
GAO20210810t170955p0000-D,/mnt/engg-leung/Research_No9_Methane_Emissions/Yuyao/raw_data_dir_L89_L2SR_by_gee/GAO20210810t170955p0000-D_l89_sr_LANDSAT_8_20210810T172116Z.tif,GAO20210810t170955p0000-D_l89_sr_LANDSAT_8_20210810T172116Z.tif
GAO20211003t173101p0000-A,/mnt/engg-leung/Research_No9_Methane_Emissions/Yuyao/raw_data_dir_L89_L2SR_by_gee/GAO20211003t173101p0000-A_l89_sr_LANDSAT_8_20211004T172742Z.tif,GAO20211003t173101p0000-A_l89_sr_LANDSAT_8_20211004T172742Z.tif
GAO20211003t173101p0000-B,/mnt/engg-leung/Research_No9_Methane_Emissions/Yuyao/raw_data_dir_L89_L2SR_by_gee/GAO20211003t173101p0000-B_l89_sr_LANDSAT_8_20211004T172742Z.tif,GAO20211003t173101p0000-B_l89_sr_LANDSAT_8_20211004T172742Z.tif
GAO20211003t174024p0000-A,/mnt/engg-leung/Research_No9_Methane_Emissions/Yuyao/raw_data_dir_L89_L2SR_by_gee/GAO20211003t174024p0000-A_l89_sr_LANDSAT_8_20211004T172742Z.tif,GAO20211003t174024p0000-A_l89_sr_LANDSAT_8_20211004T172742Z.tif
GAO20211003t174908p0000-A,/mnt/engg-leung/Research_No9_Methane_Emissions/Yuyao/raw_data_dir_L89_L2SR_by_gee/GAO20211003t174908p0000-A_l89_sr_LANDSAT_8_20211004T172742Z.tif,GAO20211003t174908p0000-A_l89_sr_LANDSAT_8_20211004T172742Z.tif
GAO20211003t175816p0000-A,/mnt/engg-leung/Research_No9_Methane_Emissions/Yuyao/raw_data_dir_L89_L2SR_by_gee/GAO20211003t175816p0000-A_l89_sr_LANDSAT_8_20211004T172742Z.tif,GAO20211003t175816p0000-A_l89_sr_LANDSAT_8_20211004T172742Z.tif
GAO20211003t180705p0000-A,/mnt/engg-leung/Research_No9_Methane_Emissions/Yuyao/raw_data_dir_L89_L2SR_by_gee/GAO20211003t180705p0000-A_l89_sr_LANDSAT_8_20211004T172742Z.tif,GAO20211003t180705p0000-A_l89_sr_LANDSAT_8_20211004T172742Z.tif
GAO20211003t180705p0000-B,/mnt/engg-leung/Research_No9_Methane_Emissions/Yuyao/raw_data_dir_L89_L2SR_by_gee/GAO20211003t180705p0000-B_l89_sr_LANDSAT_8_20211004T172742Z.tif,GAO20211003t180705p0000-B_l89_sr_LANDSAT_8_20211004T172742Z.tif
GAO20211003t180705p0000-C,/mnt/engg-leung/Research_No9_Methane_Emissions/Yuyao/raw_data_dir_L89_L2SR_by_gee/GAO20211003t180705p0000-C_l89_sr_LANDSAT_8_20211004T172742Z.tif,GAO20211003t180705p0000-C_l89_sr_LANDSAT_8_20211004T172742Z.tif
GAO20211003t180705p0000-D,/mnt/engg-leung/Research_No9_Methane_Emissions/Yuyao/raw_data_dir_L89_L2SR_by_gee/GAO20211003t180705p0000-D_l89_sr_LANDSAT_8_20211004T172742Z.tif,GAO20211003t180705p0000-D_l89_sr_LANDSAT_8_20211004T172742Z.tif
GAO20211003t181653p0000-B,/mnt/engg-leung/Research_No9_Methane_Emissions/Yuyao/raw_data_dir_L89_L2SR_by_gee/GAO20211003t181653p0000-B_l89_sr_LANDSAT_8_20211004T172742Z.tif,GAO20211003t181653p0000-B_l89_sr_LANDSAT_8_20211004T172742Z.tif
GAO20211003t181653p0000-C,/mnt/engg-leung/Research_No9_Methane_Emissions/Yuyao/raw_data_dir_L89_L2SR_by_gee/GAO20211003t181653p0000-C_l89_sr_LANDSAT_8_20211004T172742Z.tif,GAO20211003t181653p0000-C_l89_sr_LANDSAT_8_20211004T172742Z.tif
GAO20211003t181653p0000-D,/mnt/engg-leung/Research_No9_Methane_Emissions/Yuyao/raw_data_dir_L89_L2SR_by_gee/GAO20211003t181653p0000-D_l89_sr_LANDSAT_8_20211004T172742Z.tif,GAO20211003t181653p0000-D_l89_sr_LANDSAT_8_20211004T172742Z.tif
GAO20211003t181653p0000-E,/mnt/engg-leung/Research_No9_Methane_Emissions/Yuyao/raw_data_dir_L89_L2SR_by_gee/GAO20211003t181653p0000-E_l89_sr_LANDSAT_8_20211004T172742Z.tif,GAO20211003t181653p0000-E_l89_sr_LANDSAT_8_20211004T172742Z.tif
GAO20211003t181653p0000-F,/mnt/engg-leung/Research_No9_Methane_Emissions/Yuyao/raw_data_dir_L89_L2SR_by_gee/GAO20211003t181653p0000-F_l89_sr_LANDSAT_8_20211004T172742Z.tif,GAO20211003t181653p0000-F_l89_sr_LANDSAT_8_20211004T172742Z.tif
GAO20211003t181653p0000-G,/mnt/engg-leung/Research_No9_Methane_Emissions/Yuyao/raw_data_dir_L89_L2SR_by_gee/GAO20211003t181653p0000-G_l89_sr_LANDSAT_8_20211004T172742Z.tif,GAO20211003t181653p0000-G_l89_sr_LANDSAT_8_20211004T172742Z.tif
GAO20211003t181653p0000-H,/mnt/engg-leung/Research_No9_Methane_Emissions/Yuyao/raw_data_dir_L89_L2SR_by_gee/GAO20211003t181653p0000-H_l89_sr_LANDSAT_8_20211004T172742Z.tif,GAO20211003t181653p0000-H_l89_sr_LANDSAT_8_20211004T172742Z.tif
GAO20211003t181653p0000-I,/mnt/engg-leung/Research_No9_Methane_Emissions/Yuyao/raw_data_dir_L89_L2SR_by_gee/GAO20211003t181653p0000-I_l89_sr_LANDSAT_8_20211004T172742Z.tif,GAO20211003t181653p0000-I_l89_sr_LANDSAT_8_20211004T172742Z.tif
GAO20211003t182543p0000-A,/mnt/engg-leung/Research_No9_Methane_Emissions/Yuyao/raw_data_dir_L89_L2SR_by_gee/GAO20211003t182543p0000-A_l89_sr_LANDSAT_8_20211004T172742Z.tif,GAO20211003t182543p0000-A_l89_sr_LANDSAT_8_20211004T172742Z.tif
GAO20211003t182543p0000-B,/mnt/engg-leung/Research_No9_Methane_Emissions/Yuyao/raw_data_dir_L89_L2SR_by_gee/GAO20211003t182543p0000-B_l89_sr_LANDSAT_8_20211004T172742Z.tif,GAO20211003t182543p0000-B_l89_sr_LANDSAT_8_20211004T172742Z.tif
GAO20211003t183430p0000-A,/mnt/engg-leung/Research_No9_Methane_Emissions/Yuyao/raw_data_dir_L89_L2SR_by_gee/GAO20211003t183430p0000-A_l89_sr_LANDSAT_8_20211004T172742Z.tif,GAO20211003t183430p0000-A_l89_sr_LANDSAT_8_20211004T172742Z.tif
GAO20211003t183430p0000-B,/mnt/engg-leung/Research_No9_Methane_Emissions/Yuyao/raw_data_dir_L89_L2SR_by_gee/GAO20211003t183430p0000-B_l89_sr_LANDSAT_8_20211004T172742Z.tif,GAO20211003t183430p0000-B_l89_sr_LANDSAT_8_20211004T172742Z.tif
GAO20211003t184321p0000-A,/mnt/engg-leung/Research_No9_Methane_Emissions/Yuyao/raw_data_dir_L89_L2SR_by_gee/GAO20211003t184321p0000-A_l89_sr_LANDSAT_8_20211004T172742Z.tif,GAO20211003t184321p0000-A_l89_sr_LANDSAT_8_20211004T172742Z.tif
GAO20211003t185304p0000-A,/mnt/engg-leung/Research_No9_Methane_Emissions/Yuyao/raw_data_dir_L89_L2SR_by_gee/GAO20211003t185304p0000-A_l89_sr_LANDSAT_8_20211004T172742Z.tif,GAO20211003t185304p0000-A_l89_sr_LANDSAT_8_20211004T172742Z.tif
GAO20211003t185304p0000-B,/mnt/engg-leung/Research_No9_Methane_Emissions/Yuyao/raw_data_dir_L89_L2SR_by_gee/GAO20211003t185304p0000-B_l89_sr_LANDSAT_8_20211004T172742Z.tif,GAO20211003t185304p0000-B_l89_sr_LANDSAT_8_20211004T172742Z.tif
GAO20211003t185304p0000-C,/mnt/engg-leung/Research_No9_Methane_Emissions/Yuyao/raw_data_dir_L89_L2SR_by_gee/GAO20211003t185304p0000-C_l89_sr_LANDSAT_8_20211004T172742Z.tif,GAO20211003t185304p0000-C_l89_sr_LANDSAT_8_20211004T172742Z.tif
GAO20211003t185304p0000-D,/mnt/engg-leung/Research_No9_Methane_Emissions/Yuyao/raw_data_dir_L89_L2SR_by_gee/GAO20211003t185304p0000-D_l89_sr_LANDSAT_8_20211004T172742Z.tif,GAO20211003t185304p0000-D_l89_sr_LANDSAT_8_20211004T172742Z.tif
GAO20211003t190208p0000-A,/mnt/engg-leung/Research_No9_Methane_Emissions/Yuyao/raw_data_dir_L89_L2SR_by_gee/GAO20211003t190208p0000-A_l89_sr_LANDSAT_8_20211004T172742Z.tif,GAO20211003t190208p0000-A_l89_sr_LANDSAT_8_20211004T172742Z.tif
GAO20211003t190208p0000-B,/mnt/engg-leung/Research_No9_Methane_Emissions/Yuyao/raw_data_dir_L89_L2SR_by_gee/GAO20211003t190208p0000-B_l89_sr_LANDSAT_8_20211004T172742Z.tif,GAO20211003t190208p0000-B_l89_sr_LANDSAT_8_20211004T172742Z.tif
GAO20211003t190208p0000-C,/mnt/engg-leung/Research_No9_Methane_Emissions/Yuyao/raw_data_dir_L89_L2SR_by_gee/GAO20211003t190208p0000-C_l89_sr_LANDSAT_8_20211004T172742Z.tif,GAO20211003t190208p0000-C_l89_sr_LANDSAT_8_20211004T172742Z.tif
GAO20211003t191149p0000-A,/mnt/engg-leung/Research_No9_Methane_Emissions/Yuyao/raw_data_dir_L89_L2SR_by_gee/GAO20211003t191149p0000-A_l89_sr_LANDSAT_8_20211004T172742Z.tif,GAO20211003t191149p0000-A_l89_sr_LANDSAT_8_20211004T172742Z.tif
GAO20211021t160035p0000-A,/mnt/engg-leung/Research_No9_Methane_Emissions/Yuyao/raw_data_dir_L89_L2SR_by_gee/GAO20211021t160035p0000-A_l89_sr_LANDSAT_8_20211021T163256Z.tif,GAO20211021t160035p0000-A_l89_sr_LANDSAT_8_20211021T163256Z.tif
GAO20211022t163919p0000-A,/mnt/engg-leung/Research_No9_Methane_Emissions/Yuyao/raw_data_dir_L89_L2SR_by_gee/GAO20211022t163919p0000-A_l89_sr_LANDSAT_8_20211023T162010Z.tif,GAO20211022t163919p0000-A_l89_sr_LANDSAT_8_20211023T162010Z.tif
GAO20211105t185559p0000-A,/mnt/engg-leung/Research_No9_Methane_Emissions/Yuyao/raw_data_dir_L89_L2SR_by_gee/GAO20211105t185559p0000-A_l89_sr_LANDSAT_9_20211106T183535Z.tif,GAO20211105t185559p0000-A_l89_sr_LANDSAT_9_20211106T183535Z.tif
GAO20211105t191106p0000-A,/mnt/engg-leung/Research_No9_Methane_Emissions/Yuyao/raw_data_dir_L89_L2SR_by_gee/GAO20211105t191106p0000-A_l89_sr_LANDSAT_9_20211106T183535Z.tif,GAO20211105t191106p0000-A_l89_sr_LANDSAT_9_20211106T183535Z.tif
GAO20211105t192719p0000-A,/mnt/engg-leung/Research_No9_Methane_Emissions/Yuyao/raw_data_dir_L89_L2SR_by_gee/GAO20211105t192719p0000-A_l89_sr_LANDSAT_9_20211106T183535Z.tif,GAO20211105t192719p0000-A_l89_sr_LANDSAT_9_20211106T183535Z.tif
GAO20211105t194629p0000-A,/mnt/engg-leung/Research_No9_Methane_Emissions/Yuyao/raw_data_dir_L89_L2SR_by_gee/GAO20211105t194629p0000-A_l89_sr_LANDSAT_9_20211106T183535Z.tif,GAO20211105t194629p0000-A_l89_sr_LANDSAT_9_20211106T183535Z.tif
GAO20211105t195557p0000-A,/mnt/engg-leung/Research_No9_Methane_Emissions/Yuyao/raw_data_dir_L89_L2SR_by_gee/GAO20211105t195557p0000-A_l89_sr_LANDSAT_9_20211106T183535Z.tif,GAO20211105t195557p0000-A_l89_sr_LANDSAT_9_20211106T183535Z.tif
GAO20211105t195557p0000-B,/mnt/engg-leung/Research_No9_Methane_Emissions/Yuyao/raw_data_dir_L89_L2SR_by_gee/GAO20211105t195557p0000-B_l89_sr_LANDSAT_9_20211106T183535Z.tif,GAO20211105t195557p0000-B_l89_sr_LANDSAT_9_20211106T183535Z.tif
GAO20211105t200701p0000-A,/mnt/engg-leung/Research_No9_Methane_Emissions/Yuyao/raw_data_dir_L89_L2SR_by_gee/GAO20211105t200701p0000-A_l89_sr_LANDSAT_9_20211106T183535Z.tif,GAO20211105t200701p0000-A_l89_sr_LANDSAT_9_20211106T183535Z.tif
GAO20211105t204807p0000-A,/mnt/engg-leung/Research_No9_Methane_Emissions/Yuyao/raw_data_dir_L89_L2SR_by_gee/GAO20211105t204807p0000-A_l89_sr_LANDSAT_9_20211106T183535Z.tif,GAO20211105t204807p0000-A_l89_sr_LANDSAT_9_20211106T183535Z.tif
GAO20211105t205835p0000-A,/mnt/engg-leung/Research_No9_Methane_Emissions/Yuyao/raw_data_dir_L89_L2SR_by_gee/GAO20211105t205835p0000-A_l89_sr_LANDSAT_9_20211106T183535Z.tif,GAO20211105t205835p0000-A_l89_sr_LANDSAT_9_20211106T183535Z.tif
GAO20211110t184559p0000-A,/mnt/engg-leung/Research_No9_Methane_Emissions/Yuyao/raw_data_dir_L89_L2SR_by_gee/GAO20211110t184559p0000-A_l89_sr_LANDSAT_8_20211111T182842Z.tif,GAO20211110t184559p0000-A_l89_sr_LANDSAT_8_20211111T182842Z.tif
GAO20211110t185911p0000-A,/mnt/engg-leung/Research_No9_Methane_Emissions/Yuyao/raw_data_dir_L89_L2SR_by_gee/GAO20211110t185911p0000-A_l89_sr_LANDSAT_8_20211111T182842Z.tif,GAO20211110t185911p0000-A_l89_sr_LANDSAT_8_20211111T182842Z.tif
GAO20211110t190751p0000-A,/mnt/engg-leung/Research_No9_Methane_Emissions/Yuyao/raw_data_dir_L89_L2SR_by_gee/GAO20211110t190751p0000-A_l89_sr_LANDSAT_8_20211111T182842Z.tif,GAO20211110t190751p0000-A_l89_sr_LANDSAT_8_20211111T182842Z.tif
GAO20211110t190751p0000-B,/mnt/engg-leung/Research_No9_Methane_Emissions/Yuyao/raw_data_dir_L89_L2SR_by_gee/GAO20211110t190751p0000-B_l89_sr_LANDSAT_8_20211111T182842Z.tif,GAO20211110t190751p0000-B_l89_sr_LANDSAT_8_20211111T182842Z.tif
GAO20211110t191107p0000-A,/mnt/engg-leung/Research_No9_Methane_Emissions/Yuyao/raw_data_dir_L89_L2SR_by_gee/GAO20211110t191107p0000-A_l89_sr_LANDSAT_8_20211111T182842Z.tif,GAO20211110t191107p0000-A_l89_sr_LANDSAT_8_20211111T182842Z.tif
GAO20211110t191107p0000-B,/mnt/engg-leung/Research_No9_Methane_Emissions/Yuyao/raw_data_dir_L89_L2SR_by_gee/GAO20211110t191107p0000-B_l89_sr_LANDSAT_8_20211111T182842Z.tif,GAO20211110t191107p0000-B_l89_sr_LANDSAT_8_20211111T182842Z.tif
GAO20211110t191706p0000-A,/mnt/engg-leung/Research_No9_Methane_Emissions/Yuyao/raw_data_dir_L89_L2SR_by_gee/GAO20211110t191706p0000-A_l89_sr_LANDSAT_8_20211111T182842Z.tif,GAO20211110t191706p0000-A_l89_sr_LANDSAT_8_20211111T182842Z.tif
GAO20211110t191706p0000-B,/mnt/engg-leung/Research_No9_Methane_Emissions/Yuyao/raw_data_dir_L89_L2SR_by_gee/GAO20211110t191706p0000-B_l89_sr_LANDSAT_8_20211111T182842Z.tif,GAO20211110t191706p0000-B_l89_sr_LANDSAT_8_20211111T182842Z.tif
GAO20211110t201354p0000-A,/mnt/engg-leung/Research_No9_Methane_Emissions/Yuyao/raw_data_dir_L89_L2SR_by_gee/GAO20211110t201354p0000-A_l89_sr_LANDSAT_8_20211111T182842Z.tif,GAO20211110t201354p0000-A_l89_sr_LANDSAT_8_20211111T182842Z.tif
GAO20211110t202817p0000-A,/mnt/engg-leung/Research_No9_Methane_Emissions/Yuyao/raw_data_dir_L89_L2SR_by_gee/GAO20211110t202817p0000-A_l89_sr_LANDSAT_8_20211111T182842Z.tif,GAO20211110t202817p0000-A_l89_sr_LANDSAT_8_20211111T182842Z.tif
GAO20220427t151110p0000-B,/mnt/engg-leung/Research_No9_Methane_Emissions/Yuyao/raw_data_dir_L89_L2SR_by_gee/GAO20220427t151110p0000-B_l89_sr_LANDSAT_9_20220427T160620Z.tif,GAO20220427t151110p0000-B_l89_sr_LANDSAT_9_20220427T160620Z.tif
GAO20220427t154512p0000-A,/mnt/engg-leung/Research_No9_Methane_Emissions/Yuyao/raw_data_dir_L89_L2SR_by_gee/GAO20220427t154512p0000-A_l89_sr_LANDSAT_9_20220427T160556Z.tif,GAO20220427t154512p0000-A_l89_sr_LANDSAT_9_20220427T160556Z.tif
GAO20220610t151538p0000-A,/mnt/engg-leung/Research_No9_Methane_Emissions/Yuyao/raw_data_dir_L89_L2SR_by_gee/GAO20220610t151538p0000-A_l89_sr_LANDSAT_8_20220610T172004Z.tif,GAO20220610t151538p0000-A_l89_sr_LANDSAT_8_20220610T172004Z.tif
GAO20220610t153407p0000-A,/mnt/engg-leung/Research_No9_Methane_Emissions/Yuyao/raw_data_dir_L89_L2SR_by_gee/GAO20220610t153407p0000-A_l89_sr_LANDSAT_8_20220610T172004Z.tif,GAO20220610t153407p0000-A_l89_sr_LANDSAT_8_20220610T172004Z.tif
GAO20220610t155141p0000-A,/mnt/engg-leung/Research_No9_Methane_Emissions/Yuyao/raw_data_dir_L89_L2SR_by_gee/GAO20220610t155141p0000-A_l89_sr_LANDSAT_8_20220610T172004Z.tif,GAO20220610t155141p0000-A_l89_sr_LANDSAT_8_20220610T172004Z.tif
GAO20220610t172458p0000-A,/mnt/engg-leung/Research_No9_Methane_Emissions/Yuyao/raw_data_dir_L89_L2SR_by_gee/GAO20220610t172458p0000-A_l89_sr_LANDSAT_9_20220611T171320Z.tif,GAO20220610t172458p0000-A_l89_sr_LANDSAT_9_20220611T171320Z.tif
GAO20220610t172458p0000-B,/mnt/engg-leung/Research_No9_Methane_Emissions/Yuyao/raw_data_dir_L89_L2SR_by_gee/GAO20220610t172458p0000-B_l89_sr_LANDSAT_9_20220611T171320Z.tif,GAO20220610t172458p0000-B_l89_sr_LANDSAT_9_20220611T171320Z.tif
GAO20220610t181816p0001-A,/mnt/engg-leung/Research_No9_Methane_Emissions/Yuyao/raw_data_dir_L89_L2SR_by_gee/GAO20220610t181816p0001-A_l89_sr_LANDSAT_9_20220611T171320Z.tif,GAO20220610t181816p0001-A_l89_sr_LANDSAT_9_20220611T171320Z.tif
GAO20220610t183846p0000-A,/mnt/engg-leung/Research_No9_Methane_Emissions/Yuyao/raw_data_dir_L89_L2SR_by_gee/GAO20220610t183846p0000-A_l89_sr_LANDSAT_9_20220611T171320Z.tif,GAO20220610t183846p0000-A_l89_sr_LANDSAT_9_20220611T171320Z.tif
GAO20220610t183846p0000-B,/mnt/engg-leung/Research_No9_Methane_Emissions/Yuyao/raw_data_dir_L89_L2SR_by_gee/GAO20220610t183846p0000-B_l89_sr_LANDSAT_9_20220611T171320Z.tif,GAO20220610t183846p0000-B_l89_sr_LANDSAT_9_20220611T171320Z.tif
GAO20220618t154300p0000-A,/mnt/engg-leung/Research_No9_Methane_Emissions/Yuyao/raw_data_dir_L89_L2SR_by_gee/GAO20220618t154300p0000-A_l89_sr_LANDSAT_9_20220618T171938Z.tif,GAO20220618t154300p0000-A_l89_sr_LANDSAT_9_20220618T171938Z.tif
GAO20220622t160139p0000-A,/mnt/engg-leung/Research_No9_Methane_Emissions/Yuyao/raw_data_dir_L89_L2SR_by_gee/GAO20220622t160139p0000-A_l89_sr_LANDSAT_8_20220622T174142Z.tif,GAO20220622t160139p0000-A_l89_sr_LANDSAT_8_20220622T174142Z.tif
GAO20220622t161856p0000-A,/mnt/engg-leung/Research_No9_Methane_Emissions/Yuyao/raw_data_dir_L89_L2SR_by_gee/GAO20220622t161856p0000-A_l89_sr_LANDSAT_8_20220622T174142Z.tif,GAO20220622t161856p0000-A_l89_sr_LANDSAT_8_20220622T174142Z.tif
GAO20220622t170229p0000-A,/mnt/engg-leung/Research_No9_Methane_Emissions/Yuyao/raw_data_dir_L89_L2SR_by_gee/GAO20220622t170229p0000-A_l89_sr_LANDSAT_8_20220622T174142Z.tif,GAO20220622t170229p0000-A_l89_sr_LANDSAT_8_20220622T174142Z.tif
GAO20220622t170229p0000-B,/mnt/engg-leung/Research_No9_Methane_Emissions/Yuyao/raw_data_dir_L89_L2SR_by_gee/GAO20220622t170229p0000-B_l89_sr_LANDSAT_8_20220622T174142Z.tif,GAO20220622t170229p0000-B_l89_sr_LANDSAT_8_20220622T174142Z.tif
GAO20220622t170229p0000-C,/mnt/engg-leung/Research_No9_Methane_Emissions/Yuyao/raw_data_dir_L89_L2SR_by_gee/GAO20220622t170229p0000-C_l89_sr_LANDSAT_8_20220622T174142Z.tif,GAO20220622t170229p0000-C_l89_sr_LANDSAT_8_20220622T174142Z.tif
GAO20220622t172613p0000-A,/mnt/engg-leung/Research_No9_Methane_Emissions/Yuyao/raw_data_dir_L89_L2SR_by_gee/GAO20220622t172613p0000-A_l89_sr_LANDSAT_8_20220622T174142Z.tif,GAO20220622t172613p0000-A_l89_sr_LANDSAT_8_20220622T174142Z.tif
GAO20220722t161649p0000-A,/mnt/engg-leung/Research_No9_Methane_Emissions/Yuyao/raw_data_dir_L89_L2SR_by_gee/GAO20220722t161649p0000-A_l89_sr_LANDSAT_8_20220722T161740Z.tif,GAO20220722t161649p0000-A_l89_sr_LANDSAT_8_20220722T161740Z.tif
GAO20220722t161649p0000-B,/mnt/engg-leung/Research_No9_Methane_Emissions/Yuyao/raw_data_dir_L89_L2SR_by_gee/GAO20220722t161649p0000-B_l89_sr_LANDSAT_8_20220722T161740Z.tif,GAO20220722t161649p0000-B_l89_sr_LANDSAT_8_20220722T161740Z.tif
GAO20220722t161649p0000-C,/mnt/engg-leung/Research_No9_Methane_Emissions/Yuyao/raw_data_dir_L89_L2SR_by_gee/GAO20220722t161649p0000-C_l89_sr_LANDSAT_8_20220722T161740Z.tif,GAO20220722t161649p0000-C_l89_sr_LANDSAT_8_20220722T161740Z.tif
GAO20220722t161649p0000-E,/mnt/engg-leung/Research_No9_Methane_Emissions/Yuyao/raw_data_dir_L89_L2SR_by_gee/GAO20220722t161649p0000-E_l89_sr_LANDSAT_8_20220722T161740Z.tif,GAO20220722t161649p0000-E_l89_sr_LANDSAT_8_20220722T161740Z.tif
GAO20220906t191739p0000-A,/mnt/engg-leung/Research_No9_Methane_Emissions/Yuyao/raw_data_dir_L89_L2SR_by_gee/GAO20220906t191739p0000-A_l89_sr_LANDSAT_9_20220907T180413Z.tif,GAO20220906t191739p0000-A_l89_sr_LANDSAT_9_20220907T180413Z.tif
GAO20220909t160426p0000-A,/mnt/engg-leung/Research_No9_Methane_Emissions/Yuyao/raw_data_dir_L89_L2SR_by_gee/GAO20220909t160426p0000-A_l89_sr_LANDSAT_9_20220909T161100Z.tif,GAO20220909t160426p0000-A_l89_sr_LANDSAT_9_20220909T161100Z.tif
GAO20220909t160928p0000-A,/mnt/engg-leung/Research_No9_Methane_Emissions/Yuyao/raw_data_dir_L89_L2SR_by_gee/GAO20220909t160928p0000-A_l89_sr_LANDSAT_9_20220909T161100Z.tif,GAO20220909t160928p0000-A_l89_sr_LANDSAT_9_20220909T161100Z.tif
GAO20220923t160943p0000-A,/mnt/engg-leung/Research_No9_Methane_Emissions/Yuyao/raw_data_dir_L89_L2SR_by_gee/GAO20220923t160943p0000-A_l89_sr_LANDSAT_9_20220923T162504Z.tif,GAO20220923t160943p0000-A_l89_sr_LANDSAT_9_20220923T162504Z.tif
GAO20220923t164450p0000-A,/mnt/engg-leung/Research_No9_Methane_Emissions/Yuyao/raw_data_dir_L89_L2SR_by_gee/GAO20220923t164450p0000-A_l89_sr_LANDSAT_8_20220924T161935Z.tif,GAO20220923t164450p0000-A_l89_sr_LANDSAT_8_20220924T161935Z.tif
GAO20220923t164450p0000-B,/mnt/engg-leung/Research_No9_Methane_Emissions/Yuyao/raw_data_dir_L89_L2SR_by_gee/GAO20220923t164450p0000-B_l89_sr_LANDSAT_8_20220924T161935Z.tif,GAO20220923t164450p0000-B_l89_sr_LANDSAT_8_20220924T161935Z.tif
GAO20220923t164450p0000-C,/mnt/engg-leung/Research_No9_Methane_Emissions/Yuyao/raw_data_dir_L89_L2SR_by_gee/GAO20220923t164450p0000-C_l89_sr_LANDSAT_8_20220924T161935Z.tif,GAO20220923t164450p0000-C_l89_sr_LANDSAT_8_20220924T161935Z.tif
GAO20220923t170108p0000-A,/mnt/engg-leung/Research_No9_Methane_Emissions/Yuyao/raw_data_dir_L89_L2SR_by_gee/GAO20220923t170108p0000-A_l89_sr_LANDSAT_8_20220924T161935Z.tif,GAO20220923t170108p0000-A_l89_sr_LANDSAT_8_20220924T161935Z.tif
GAO20220923t171045p0000-A,/mnt/engg-leung/Research_No9_Methane_Emissions/Yuyao/raw_data_dir_L89_L2SR_by_gee/GAO20220923t171045p0000-A_l89_sr_LANDSAT_8_20220924T161935Z.tif,GAO20220923t171045p0000-A_l89_sr_LANDSAT_8_20220924T161935Z.tif
GAO20220923t172122p0000-A,/mnt/engg-leung/Research_No9_Methane_Emissions/Yuyao/raw_data_dir_L89_L2SR_by_gee/GAO20220923t172122p0000-A_l89_sr_LANDSAT_8_20220924T161935Z.tif,GAO20220923t172122p0000-A_l89_sr_LANDSAT_8_20220924T161935Z.tif
GAO20220923t172122p0000-B,/mnt/engg-leung/Research_No9_Methane_Emissions/Yuyao/raw_data_dir_L89_L2SR_by_gee/GAO20220923t172122p0000-B_l89_sr_LANDSAT_8_20220924T161935Z.tif,GAO20220923t172122p0000-B_l89_sr_LANDSAT_8_20220924T161935Z.tif
GAO20220923t173123p0000-A,/mnt/engg-leung/Research_No9_Methane_Emissions/Yuyao/raw_data_dir_L89_L2SR_by_gee/GAO20220923t173123p0000-A_l89_sr_LANDSAT_8_20220924T161935Z.tif,GAO20220923t173123p0000-A_l89_sr_LANDSAT_8_20220924T161935Z.tif
GAO20220923t174201p0000-A,/mnt/engg-leung/Research_No9_Methane_Emissions/Yuyao/raw_data_dir_L89_L2SR_by_gee/GAO20220923t174201p0000-A_l89_sr_LANDSAT_8_20220924T161935Z.tif,GAO20220923t174201p0000-A_l89_sr_LANDSAT_8_20220924T161935Z.tif
GAO20220923t174201p0000-B,/mnt/engg-leung/Research_No9_Methane_Emissions/Yuyao/raw_data_dir_L89_L2SR_by_gee/GAO20220923t174201p0000-B_l89_sr_LANDSAT_8_20220924T161935Z.tif,GAO20220923t174201p0000-B_l89_sr_LANDSAT_8_20220924T161935Z.tif
GAO20220923t175137p0000-A,/mnt/engg-leung/Research_No9_Methane_Emissions/Yuyao/raw_data_dir_L89_L2SR_by_gee/GAO20220923t175137p0000-A_l89_sr_LANDSAT_8_20220924T161935Z.tif,GAO20220923t175137p0000-A_l89_sr_LANDSAT_8_20220924T161935Z.tif
GAO20220923t175137p0000-B,/mnt/engg-leung/Research_No9_Methane_Emissions/Yuyao/raw_data_dir_L89_L2SR_by_gee/GAO20220923t175137p0000-B_l89_sr_LANDSAT_8_20220924T161935Z.tif,GAO20220923t175137p0000-B_l89_sr_LANDSAT_8_20220924T161935Z.tif
GAO20220923t180207p0000-A,/mnt/engg-leung/Research_No9_Methane_Emissions/Yuyao/raw_data_dir_L89_L2SR_by_gee/GAO20220923t180207p0000-A_l89_sr_LANDSAT_8_20220924T161935Z.tif,GAO20220923t180207p0000-A_l89_sr_LANDSAT_8_20220924T161935Z.tif
GAO20220923t182706p0000-A,/mnt/engg-leung/Research_No9_Methane_Emissions/Yuyao/raw_data_dir_L89_L2SR_by_gee/GAO20220923t182706p0000-A_l89_sr_LANDSAT_8_20220924T161935Z.tif,GAO20220923t182706p0000-A_l89_sr_LANDSAT_8_20220924T161935Z.tif
GAO20220926t152856p0000-A,/mnt/engg-leung/Research_No9_Methane_Emissions/Yuyao/raw_data_dir_L89_L2SR_by_gee/GAO20220926t152856p0000-A_l89_sr_LANDSAT_8_20220926T160713Z.tif,GAO20220926t152856p0000-A_l89_sr_LANDSAT_8_20220926T160713Z.tif
GAO20220926t152856p0000-B,/mnt/engg-leung/Research_No9_Methane_Emissions/Yuyao/raw_data_dir_L89_L2SR_by_gee/GAO20220926t152856p0000-B_l89_sr_LANDSAT_8_20220926T160713Z.tif,GAO20220926t152856p0000-B_l89_sr_LANDSAT_8_20220926T160713Z.tif
GAO20221005t151743p0000-A,/mnt/engg-leung/Research_No9_Methane_Emissions/Yuyao/raw_data_dir_L89_L2SR_by_gee/GAO20221005t151743p0000-A_l89_sr_LANDSAT_8_20221005T155813Z.tif,GAO20221005t151743p0000-A_l89_sr_LANDSAT_8_20221005T155813Z.tif
GAO20221005t154150p0000-A,/mnt/engg-leung/Research_No9_Methane_Emissions/Yuyao/raw_data_dir_L89_L2SR_by_gee/GAO20221005t154150p0000-A_l89_sr_LANDSAT_8_20221005T155813Z.tif,GAO20221005t154150p0000-A_l89_sr_LANDSAT_8_20221005T155813Z.tif
GAO20221017t183750p0000-A,/mnt/engg-leung/Research_No9_Methane_Emissions/Yuyao/raw_data_dir_L89_L2SR_by_gee/GAO20221017t183750p0000-A_l89_sr_LANDSAT_9_20221018T175617Z.tif,GAO20221017t183750p0000-A_l89_sr_LANDSAT_9_20221018T175617Z.tif
GAO20221017t194542p0000-A,/mnt/engg-leung/Research_No9_Methane_Emissions/Yuyao/raw_data_dir_L89_L2SR_by_gee/GAO20221017t194542p0000-A_l89_sr_LANDSAT_9_20221018T175617Z.tif,GAO20221017t194542p0000-A_l89_sr_LANDSAT_9_20221018T175617Z.tif
GAO20221017t194542p0000-B,/mnt/engg-leung/Research_No9_Methane_Emissions/Yuyao/raw_data_dir_L89_L2SR_by_gee/GAO20221017t194542p0000-B_l89_sr_LANDSAT_9_20221018T175617Z.tif,GAO20221017t194542p0000-B_l89_sr_LANDSAT_9_20221018T175617Z.tif
GAO20221017t195345p0000-A,/mnt/engg-leung/Research_No9_Methane_Emissions/Yuyao/raw_data_dir_L89_L2SR_by_gee/GAO20221017t195345p0000-A_l89_sr_LANDSAT_9_20221018T175617Z.tif,GAO20221017t195345p0000-A_l89_sr_LANDSAT_9_20221018T175617Z.tif
GAO20221018t180920p0000-A,/mnt/engg-leung/Research_No9_Methane_Emissions/Yuyao/raw_data_dir_L89_L2SR_by_gee/GAO20221018t180920p0000-A_l89_sr_LANDSAT_8_20221019T175037Z.tif,GAO20221018t180920p0000-A_l89_sr_LANDSAT_8_20221019T175037Z.tif
GAO20221018t180920p0000-B,/mnt/engg-leung/Research_No9_Methane_Emissions/Yuyao/raw_data_dir_L89_L2SR_by_gee/GAO20221018t180920p0000-B_l89_sr_LANDSAT_8_20221019T175037Z.tif,GAO20221018t180920p0000-B_l89_sr_LANDSAT_8_20221019T175037Z.tif
GAO20221018t181524p0000-A,/mnt/engg-leung/Research_No9_Methane_Emissions/Yuyao/raw_data_dir_L89_L2SR_by_gee/GAO20221018t181524p0000-A_l89_sr_LANDSAT_8_20221019T175037Z.tif,GAO20221018t181524p0000-A_l89_sr_LANDSAT_8_20221019T175037Z.tif
GAO20221018t181524p0000-B,/mnt/engg-leung/Research_No9_Methane_Emissions/Yuyao/raw_data_dir_L89_L2SR_by_gee/GAO20221018t181524p0000-B_l89_sr_LANDSAT_8_20221019T175037Z.tif,GAO20221018t181524p0000-B_l89_sr_LANDSAT_8_20221019T175037Z.tif
GAO20221018t185139p0000-A,/mnt/engg-leung/Research_No9_Methane_Emissions/Yuyao/raw_data_dir_L89_L2SR_by_gee/GAO20221018t185139p0000-A_l89_sr_LANDSAT_8_20221019T175013Z.tif,GAO20221018t185139p0000-A_l89_sr_LANDSAT_8_20221019T175013Z.tif
GAO20221018t193659p0000-A,/mnt/engg-leung/Research_No9_Methane_Emissions/Yuyao/raw_data_dir_L89_L2SR_by_gee/GAO20221018t193659p0000-A_l89_sr_LANDSAT_8_20221019T175013Z.tif,GAO20221018t193659p0000-A_l89_sr_LANDSAT_8_20221019T175013Z.tif
GAO20221018t194542p0000-A,/mnt/engg-leung/Research_No9_Methane_Emissions/Yuyao/raw_data_dir_L89_L2SR_by_gee/GAO20221018t194542p0000-A_l89_sr_LANDSAT_8_20221019T175013Z.tif,GAO20221018t194542p0000-A_l89_sr_LANDSAT_8_20221019T175013Z.tif
GAO20221018t195451p0000-A,/mnt/engg-leung/Research_No9_Methane_Emissions/Yuyao/raw_data_dir_L89_L2SR_by_gee/GAO20221018t195451p0000-A_l89_sr_LANDSAT_8_20221019T175037Z.tif,GAO20221018t195451p0000-A_l89_sr_LANDSAT_8_20221019T175037Z.tif
GAO20221018t200411p0000-A,/mnt/engg-leung/Research_No9_Methane_Emissions/Yuyao/raw_data_dir_L89_L2SR_by_gee/GAO20221018t200411p0000-A_l89_sr_LANDSAT_8_20221019T175037Z.tif,GAO20221018t200411p0000-A_l89_sr_LANDSAT_8_20221019T175037Z.tif
GAO20221018t203814p0000-A,/mnt/engg-leung/Research_No9_Methane_Emissions/Yuyao/raw_data_dir_L89_L2SR_by_gee/GAO20221018t203814p0000-A_l89_sr_LANDSAT_8_20221019T175037Z.tif,GAO20221018t203814p0000-A_l89_sr_LANDSAT_8_20221019T175037Z.tif
GAO20221019t165851p0000-A,/mnt/engg-leung/Research_No9_Methane_Emissions/Yuyao/raw_data_dir_L89_L2SR_by_gee/GAO20221019t165851p0000-A_l89_sr_LANDSAT_8_20221019T175037Z.tif,GAO20221019t165851p0000-A_l89_sr_LANDSAT_8_20221019T175037Z.tif
GAO20221019t165851p0000-B,/mnt/engg-leung/Research_No9_Methane_Emissions/Yuyao/raw_data_dir_L89_L2SR_by_gee/GAO20221019t165851p0000-B_l89_sr_LANDSAT_8_20221019T175037Z.tif,GAO20221019t165851p0000-B_l89_sr_LANDSAT_8_20221019T175037Z.tif
GAO20221019t171811p0000-A,/mnt/engg-leung/Research_No9_Methane_Emissions/Yuyao/raw_data_dir_L89_L2SR_by_gee/GAO20221019t171811p0000-A_l89_sr_LANDSAT_8_20221019T175013Z.tif,GAO20221019t171811p0000-A_l89_sr_LANDSAT_8_20221019T175013Z.tif
GAO20221019t172428p0000-A,/mnt/engg-leung/Research_No9_Methane_Emissions/Yuyao/raw_data_dir_L89_L2SR_by_gee/GAO20221019t172428p0000-A_l89_sr_LANDSAT_8_20221019T175013Z.tif,GAO20221019t172428p0000-A_l89_sr_LANDSAT_8_20221019T175013Z.tif
GAO20221019t205436p0000-A,/mnt/engg-leung/Research_No9_Methane_Emissions/Yuyao/raw_data_dir_L89_L2SR_by_gee/GAO20221019t205436p0000-A_l89_sr_LANDSAT_9_20221020T174420Z.tif,GAO20221019t205436p0000-A_l89_sr_LANDSAT_9_20221020T174420Z.tif
GAO20230427t175637p0000-A,/mnt/engg-leung/Research_No9_Methane_Emissions/Yuyao/raw_data_dir_L89_L2SR_by_gee/GAO20230427t175637p0000-A_l89_sr_LANDSAT_8_20230428T170840Z.tif,GAO20230427t175637p0000-A_l89_sr_LANDSAT_8_20230428T170840Z.tif
GAO20230427t175637p0000-B,/mnt/engg-leung/Research_No9_Methane_Emissions/Yuyao/raw_data_dir_L89_L2SR_by_gee/GAO20230427t175637p0000-B_l89_sr_LANDSAT_8_20230428T170840Z.tif,GAO20230427t175637p0000-B_l89_sr_LANDSAT_8_20230428T170840Z.tif
GAO20230430t154047p0000-A,/mnt/engg-leung/Research_No9_Methane_Emissions/Yuyao/raw_data_dir_L89_L2SR_by_gee/GAO20230430t154047p0000-A_l89_sr_LANDSAT_8_20230430T165530Z.tif,GAO20230430t154047p0000-A_l89_sr_LANDSAT_8_20230430T165530Z.tif
GAO20230430t154047p0000-B,/mnt/engg-leung/Research_No9_Methane_Emissions/Yuyao/raw_data_dir_L89_L2SR_by_gee/GAO20230430t154047p0000-B_l89_sr_LANDSAT_8_20230430T165530Z.tif,GAO20230430t154047p0000-B_l89_sr_LANDSAT_8_20230430T165530Z.tif
GAO20230430t154047p0000-C,/mnt/engg-leung/Research_No9_Methane_Emissions/Yuyao/raw_data_dir_L89_L2SR_by_gee/GAO20230430t154047p0000-C_l89_sr_LANDSAT_8_20230430T165530Z.tif,GAO20230430t154047p0000-C_l89_sr_LANDSAT_8_20230430T165530Z.tif
GAO20230430t154957p0000-A,/mnt/engg-leung/Research_No9_Methane_Emissions/Yuyao/raw_data_dir_L89_L2SR_by_gee/GAO20230430t154957p0000-A_l89_sr_LANDSAT_8_20230430T165530Z.tif,GAO20230430t154957p0000-A_l89_sr_LANDSAT_8_20230430T165530Z.tif
GAO20230430t154957p0000-B,/mnt/engg-leung/Research_No9_Methane_Emissions/Yuyao/raw_data_dir_L89_L2SR_by_gee/GAO20230430t154957p0000-B_l89_sr_LANDSAT_8_20230430T165530Z.tif,GAO20230430t154957p0000-B_l89_sr_LANDSAT_8_20230430T165530Z.tif
GAO20230430t160922p0000-A,/mnt/engg-leung/Research_No9_Methane_Emissions/Yuyao/raw_data_dir_L89_L2SR_by_gee/GAO20230430t160922p0000-A_l89_sr_LANDSAT_8_20230430T165554Z.tif,GAO20230430t160922p0000-A_l89_sr_LANDSAT_8_20230430T165554Z.tif
GAO20230430t170833p0000-A,/mnt/engg-leung/Research_No9_Methane_Emissions/Yuyao/raw_data_dir_L89_L2SR_by_gee/GAO20230430t170833p0000-A_l89_sr_LANDSAT_9_20230501T165021Z.tif,GAO20230430t170833p0000-A_l89_sr_LANDSAT_9_20230501T165021Z.tif
GAO20230430t170833p0000-B,/mnt/engg-leung/Research_No9_Methane_Emissions/Yuyao/raw_data_dir_L89_L2SR_by_gee/GAO20230430t170833p0000-B_l89_sr_LANDSAT_9_20230501T165021Z.tif,GAO20230430t170833p0000-B_l89_sr_LANDSAT_9_20230501T165021Z.tif
GAO20230430t170833p0000-C,/mnt/engg-leung/Research_No9_Methane_Emissions/Yuyao/raw_data_dir_L89_L2SR_by_gee/GAO20230430t170833p0000-C_l89_sr_LANDSAT_9_20230501T165021Z.tif,GAO20230430t170833p0000-C_l89_sr_LANDSAT_9_20230501T165021Z.tif
GAO20230430t171617p0000-A,/mnt/engg-leung/Research_No9_Methane_Emissions/Yuyao/raw_data_dir_L89_L2SR_by_gee/GAO20230430t171617p0000-A_l89_sr_LANDSAT_9_20230501T165021Z.tif,GAO20230430t171617p0000-A_l89_sr_LANDSAT_9_20230501T165021Z.tif
GAO20230430t171617p0000-B,/mnt/engg-leung/Research_No9_Methane_Emissions/Yuyao/raw_data_dir_L89_L2SR_by_gee/GAO20230430t171617p0000-B_l89_sr_LANDSAT_9_20230501T165021Z.tif,GAO20230430t171617p0000-B_l89_sr_LANDSAT_9_20230501T165021Z.tif
GAO20230430t171617p0000-C,/mnt/engg-leung/Research_No9_Methane_Emissions/Yuyao/raw_data_dir_L89_L2SR_by_gee/GAO20230430t171617p0000-C_l89_sr_LANDSAT_9_20230501T165021Z.tif,GAO20230430t171617p0000-C_l89_sr_LANDSAT_9_20230501T165021Z.tif
GAO20230430t173028p0000-A,/mnt/engg-leung/Research_No9_Methane_Emissions/Yuyao/raw_data_dir_L89_L2SR_by_gee/GAO20230430t173028p0000-A_l89_sr_LANDSAT_9_20230501T165021Z.tif,GAO20230430t173028p0000-A_l89_sr_LANDSAT_9_20230501T165021Z.tif
GAO20230430t173747p0000-D,/mnt/engg-leung/Research_No9_Methane_Emissions/Yuyao/raw_data_dir_L89_L2SR_by_gee/GAO20230430t173747p0000-D_l89_sr_LANDSAT_9_20230501T165021Z.tif,GAO20230430t173747p0000-D_l89_sr_LANDSAT_9_20230501T165021Z.tif
GAO20230430t174742p0000-A,/mnt/engg-leung/Research_No9_Methane_Emissions/Yuyao/raw_data_dir_L89_L2SR_by_gee/GAO20230430t174742p0000-A_l89_sr_LANDSAT_9_20230501T165021Z.tif,GAO20230430t174742p0000-A_l89_sr_LANDSAT_9_20230501T165021Z.tif
GAO20230430t174742p0000-B,/mnt/engg-leung/Research_No9_Methane_Emissions/Yuyao/raw_data_dir_L89_L2SR_by_gee/GAO20230430t174742p0000-B_l89_sr_LANDSAT_9_20230501T165021Z.tif,GAO20230430t174742p0000-B_l89_sr_LANDSAT_9_20230501T165021Z.tif
GAO20230430t175318p0000-A,/mnt/engg-leung/Research_No9_Methane_Emissions/Yuyao/raw_data_dir_L89_L2SR_by_gee/GAO20230430t175318p0000-A_l89_sr_LANDSAT_9_20230501T165021Z.tif,GAO20230430t175318p0000-A_l89_sr_LANDSAT_9_20230501T165021Z.tif
GAO20230430t175318p0000-B,/mnt/engg-leung/Research_No9_Methane_Emissions/Yuyao/raw_data_dir_L89_L2SR_by_gee/GAO20230430t175318p0000-B_l89_sr_LANDSAT_9_20230501T165021Z.tif,GAO20230430t175318p0000-B_l89_sr_LANDSAT_9_20230501T165021Z.tif
GAO20230430t180128p0000-G,/mnt/engg-leung/Research_No9_Methane_Emissions/Yuyao/raw_data_dir_L89_L2SR_by_gee/GAO20230430t180128p0000-G_l89_sr_LANDSAT_9_20230501T165021Z.tif,GAO20230430t180128p0000-G_l89_sr_LANDSAT_9_20230501T165021Z.tif
GAO20230430t180128p0000-H,/mnt/engg-leung/Research_No9_Methane_Emissions/Yuyao/raw_data_dir_L89_L2SR_by_gee/GAO20230430t180128p0000-H_l89_sr_LANDSAT_9_20230501T165021Z.tif,GAO20230430t180128p0000-H_l89_sr_LANDSAT_9_20230501T165021Z.tif
GAO20230430t181303p0000-A,/mnt/engg-leung/Research_No9_Methane_Emissions/Yuyao/raw_data_dir_L89_L2SR_by_gee/GAO20230430t181303p0000-A_l89_sr_LANDSAT_9_20230501T165045Z.tif,GAO20230430t181303p0000-A_l89_sr_LANDSAT_9_20230501T165045Z.tif
GAO20230430t181833p0000-A,/mnt/engg-leung/Research_No9_Methane_Emissions/Yuyao/raw_data_dir_L89_L2SR_by_gee/GAO20230430t181833p0000-A_l89_sr_LANDSAT_9_20230501T165045Z.tif,GAO20230430t181833p0000-A_l89_sr_LANDSAT_9_20230501T165045Z.tif
GAO20230430t181833p0000-B,/mnt/engg-leung/Research_No9_Methane_Emissions/Yuyao/raw_data_dir_L89_L2SR_by_gee/GAO20230430t181833p0000-B_l89_sr_LANDSAT_9_20230501T165045Z.tif,GAO20230430t181833p0000-B_l89_sr_LANDSAT_9_20230501T165045Z.tif
GAO20230430t181833p0000-C,/mnt/engg-leung/Research_No9_Methane_Emissions/Yuyao/raw_data_dir_L89_L2SR_by_gee/GAO20230430t181833p0000-C_l89_sr_LANDSAT_9_20230501T165045Z.tif,GAO20230430t181833p0000-C_l89_sr_LANDSAT_9_20230501T165045Z.tif
GAO20230430t182933p0000-A,/mnt/engg-leung/Research_No9_Methane_Emissions/Yuyao/raw_data_dir_L89_L2SR_by_gee/GAO20230430t182933p0000-A_l89_sr_LANDSAT_9_20230501T165045Z.tif,GAO20230430t182933p0000-A_l89_sr_LANDSAT_9_20230501T165045Z.tif
GAO20230430t182933p0000-B,/mnt/engg-leung/Research_No9_Methane_Emissions/Yuyao/raw_data_dir_L89_L2SR_by_gee/GAO20230430t182933p0000-B_l89_sr_LANDSAT_9_20230501T165045Z.tif,GAO20230430t182933p0000-B_l89_sr_LANDSAT_9_20230501T165045Z.tif
GAO20230430t182933p0000-C,/mnt/engg-leung/Research_No9_Methane_Emissions/Yuyao/raw_data_dir_L89_L2SR_by_gee/GAO20230430t182933p0000-C_l89_sr_LANDSAT_9_20230501T165045Z.tif,GAO20230430t182933p0000-C_l89_sr_LANDSAT_9_20230501T165045Z.tif
GAO20230430t183547p0000-A,/mnt/engg-leung/Research_No9_Methane_Emissions/Yuyao/raw_data_dir_L89_L2SR_by_gee/GAO20230430t183547p0000-A_l89_sr_LANDSAT_9_20230501T165045Z.tif,GAO20230430t183547p0000-A_l89_sr_LANDSAT_9_20230501T165045Z.tif
GAO20230430t183547p0000-B,/mnt/engg-leung/Research_No9_Methane_Emissions/Yuyao/raw_data_dir_L89_L2SR_by_gee/GAO20230430t183547p0000-B_l89_sr_LANDSAT_9_20230501T165045Z.tif,GAO20230430t183547p0000-B_l89_sr_LANDSAT_9_20230501T165045Z.tif
GAO20230430t183547p0000-C,/mnt/engg-leung/Research_No9_Methane_Emissions/Yuyao/raw_data_dir_L89_L2SR_by_gee/GAO20230430t183547p0000-C_l89_sr_LANDSAT_9_20230501T165045Z.tif,GAO20230430t183547p0000-C_l89_sr_LANDSAT_9_20230501T165045Z.tif
GAO20230430t184242p0000-B,/mnt/engg-leung/Research_No9_Methane_Emissions/Yuyao/raw_data_dir_L89_L2SR_by_gee/GAO20230430t184242p0000-B_l89_sr_LANDSAT_9_20230501T165021Z.tif,GAO20230430t184242p0000-B_l89_sr_LANDSAT_9_20230501T165021Z.tif
GAO20230430t184242p0000-D,/mnt/engg-leung/Research_No9_Methane_Emissions/Yuyao/raw_data_dir_L89_L2SR_by_gee/GAO20230430t184242p0000-D_l89_sr_LANDSAT_9_20230501T165021Z.tif,GAO20230430t184242p0000-D_l89_sr_LANDSAT_9_20230501T165021Z.tif
GAO20230430t184242p0000-E,/mnt/engg-leung/Research_No9_Methane_Emissions/Yuyao/raw_data_dir_L89_L2SR_by_gee/GAO20230430t184242p0000-E_l89_sr_LANDSAT_9_20230501T165021Z.tif,GAO20230430t184242p0000-E_l89_sr_LANDSAT_9_20230501T165021Z.tif
GAO20230430t185208p0000-A,/mnt/engg-leung/Research_No9_Methane_Emissions/Yuyao/raw_data_dir_L89_L2SR_by_gee/GAO20230430t185208p0000-A_l89_sr_LANDSAT_9_20230501T165021Z.tif,GAO20230430t185208p0000-A_l89_sr_LANDSAT_9_20230501T165021Z.tif
GAO20230430t185208p0000-B,/mnt/engg-leung/Research_No9_Methane_Emissions/Yuyao/raw_data_dir_L89_L2SR_by_gee/GAO20230430t185208p0000-B_l89_sr_LANDSAT_9_20230501T165021Z.tif,GAO20230430t185208p0000-B_l89_sr_LANDSAT_9_20230501T165021Z.tif
GAO20230430t190032p0000-A,/mnt/engg-leung/Research_No9_Methane_Emissions/Yuyao/raw_data_dir_L89_L2SR_by_gee/GAO20230430t190032p0000-A_l89_sr_LANDSAT_9_20230501T165021Z.tif,GAO20230430t190032p0000-A_l89_sr_LANDSAT_9_20230501T165021Z.tif
GAO20230430t190032p0000-B,/mnt/engg-leung/Research_No9_Methane_Emissions/Yuyao/raw_data_dir_L89_L2SR_by_gee/GAO20230430t190032p0000-B_l89_sr_LANDSAT_9_20230501T165021Z.tif,GAO20230430t190032p0000-B_l89_sr_LANDSAT_9_20230501T165021Z.tif
GAO20230430t190032p0000-G,/mnt/engg-leung/Research_No9_Methane_Emissions/Yuyao/raw_data_dir_L89_L2SR_by_gee/GAO20230430t190032p0000-G_l89_sr_LANDSAT_9_20230501T165021Z.tif,GAO20230430t190032p0000-G_l89_sr_LANDSAT_9_20230501T165021Z.tif
GAO20230430t190702p0000-A,/mnt/engg-leung/Research_No9_Methane_Emissions/Yuyao/raw_data_dir_L89_L2SR_by_gee/GAO20230430t190702p0000-A_l89_sr_LANDSAT_9_20230501T165021Z.tif,GAO20230430t190702p0000-A_l89_sr_LANDSAT_9_20230501T165021Z.tif
GAO20230430t190702p0000-B,/mnt/engg-leung/Research_No9_Methane_Emissions/Yuyao/raw_data_dir_L89_L2SR_by_gee/GAO20230430t190702p0000-B_l89_sr_LANDSAT_9_20230501T165021Z.tif,GAO20230430t190702p0000-B_l89_sr_LANDSAT_9_20230501T165021Z.tif
GAO20230430t190702p0000-C,/mnt/engg-leung/Research_No9_Methane_Emissions/Yuyao/raw_data_dir_L89_L2SR_by_gee/GAO20230430t190702p0000-C_l89_sr_LANDSAT_9_20230501T165021Z.tif,GAO20230430t190702p0000-C_l89_sr_LANDSAT_9_20230501T165021Z.tif
GAO20230503t161443p0000-A,/mnt/engg-leung/Research_No9_Methane_Emissions/Yuyao/raw_data_dir_L89_L2SR_by_gee/GAO20230503t161443p0000-A_l89_sr_LANDSAT_9_20230503T163533Z.tif,GAO20230503t161443p0000-A_l89_sr_LANDSAT_9_20230503T163533Z.tif
GAO20230503t161443p0000-B,/mnt/engg-leung/Research_No9_Methane_Emissions/Yuyao/raw_data_dir_L89_L2SR_by_gee/GAO20230503t161443p0000-B_l89_sr_LANDSAT_9_20230503T163533Z.tif,GAO20230503t161443p0000-B_l89_sr_LANDSAT_9_20230503T163533Z.tif
GAO20230503t162354p0000-A,/mnt/engg-leung/Research_No9_Methane_Emissions/Yuyao/raw_data_dir_L89_L2SR_by_gee/GAO20230503t162354p0000-A_l89_sr_LANDSAT_9_20230503T163533Z.tif,GAO20230503t162354p0000-A_l89_sr_LANDSAT_9_20230503T163533Z.tif
GAO20230504t174647p0000-A,/mnt/engg-leung/Research_No9_Methane_Emissions/Yuyao/raw_data_dir_L89_L2SR_by_gee/GAO20230504t174647p0000-A_l89_sr_LANDSAT_9_20230505T162247Z.tif,GAO20230504t174647p0000-A_l89_sr_LANDSAT_9_20230505T162247Z.tif
GAO20230504t180217p0000-A,/mnt/engg-leung/Research_No9_Methane_Emissions/Yuyao/raw_data_dir_L89_L2SR_by_gee/GAO20230504t180217p0000-A_l89_sr_LANDSAT_9_20230505T162223Z.tif,GAO20230504t180217p0000-A_l89_sr_LANDSAT_9_20230505T162223Z.tif
GAO20230504t180217p0000-B,/mnt/engg-leung/Research_No9_Methane_Emissions/Yuyao/raw_data_dir_L89_L2SR_by_gee/GAO20230504t180217p0000-B_l89_sr_LANDSAT_9_20230505T162223Z.tif,GAO20230504t180217p0000-B_l89_sr_LANDSAT_9_20230505T162223Z.tif
GAO20230504t180217p0000-C,/mnt/engg-leung/Research_No9_Methane_Emissions/Yuyao/raw_data_dir_L89_L2SR_by_gee/GAO20230504t180217p0000-C_l89_sr_LANDSAT_9_20230505T162223Z.tif,GAO20230504t180217p0000-C_l89_sr_LANDSAT_9_20230505T162223Z.tif
GAO20230504t180217p0000-D,/mnt/engg-leung/Research_No9_Methane_Emissions/Yuyao/raw_data_dir_L89_L2SR_by_gee/GAO20230504t180217p0000-D_l89_sr_LANDSAT_9_20230505T162223Z.tif,GAO20230504t180217p0000-D_l89_sr_LANDSAT_9_20230505T162223Z.tif
GAO20230510t153109p0000-A,/mnt/engg-leung/Research_No9_Methane_Emissions/Yuyao/raw_data_dir_L89_L2SR_by_gee/GAO20230510t153109p0000-A_l89_sr_LANDSAT_9_20230510T164031Z.tif,GAO20230510t153109p0000-A_l89_sr_LANDSAT_9_20230510T164031Z.tif
GAO20230510t153600p0000-A,/mnt/engg-leung/Research_No9_Methane_Emissions/Yuyao/raw_data_dir_L89_L2SR_by_gee/GAO20230510t153600p0000-A_l89_sr_LANDSAT_9_20230510T164031Z.tif,GAO20230510t153600p0000-A_l89_sr_LANDSAT_9_20230510T164031Z.tif
GAO20230510t163750p0000-A,/mnt/engg-leung/Research_No9_Methane_Emissions/Yuyao/raw_data_dir_L89_L2SR_by_gee/GAO20230510t163750p0000-A_l89_sr_LANDSAT_8_20230511T163400Z.tif,GAO20230510t163750p0000-A_l89_sr_LANDSAT_8_20230511T163400Z.tif
GAO20230510t163750p0000-D,/mnt/engg-leung/Research_No9_Methane_Emissions/Yuyao/raw_data_dir_L89_L2SR_by_gee/GAO20230510t163750p0000-D_l89_sr_LANDSAT_8_20230511T163400Z.tif,GAO20230510t163750p0000-D_l89_sr_LANDSAT_8_20230511T163400Z.tif
GAO20230510t165025p0000-A,/mnt/engg-leung/Research_No9_Methane_Emissions/Yuyao/raw_data_dir_L89_L2SR_by_gee/GAO20230510t165025p0000-A_l89_sr_LANDSAT_8_20230511T163400Z.tif,GAO20230510t165025p0000-A_l89_sr_LANDSAT_8_20230511T163400Z.tif
GAO20230510t165025p0000-D,/mnt/engg-leung/Research_No9_Methane_Emissions/Yuyao/raw_data_dir_L89_L2SR_by_gee/GAO20230510t165025p0000-D_l89_sr_LANDSAT_8_20230511T163400Z.tif,GAO20230510t165025p0000-D_l89_sr_LANDSAT_8_20230511T163400Z.tif
GAO20230510t165025p0000-E,/mnt/engg-leung/Research_No9_Methane_Emissions/Yuyao/raw_data_dir_L89_L2SR_by_gee/GAO20230510t165025p0000-E_l89_sr_LANDSAT_8_20230511T163400Z.tif,GAO20230510t165025p0000-E_l89_sr_LANDSAT_8_20230511T163400Z.tif
GAO20230510t171739p0000-B,/mnt/engg-leung/Research_No9_Methane_Emissions/Yuyao/raw_data_dir_L89_L2SR_by_gee/GAO20230510t171739p0000-B_l89_sr_LANDSAT_8_20230511T163400Z.tif,GAO20230510t171739p0000-B_l89_sr_LANDSAT_8_20230511T163400Z.tif
GAO20230510t171739p0000-C,/mnt/engg-leung/Research_No9_Methane_Emissions/Yuyao/raw_data_dir_L89_L2SR_by_gee/GAO20230510t171739p0000-C_l89_sr_LANDSAT_8_20230511T163400Z.tif,GAO20230510t171739p0000-C_l89_sr_LANDSAT_8_20230511T163400Z.tif
GAO20230510t190115p0000-A,/mnt/engg-leung/Research_No9_Methane_Emissions/Yuyao/raw_data_dir_L89_L2SR_by_gee/GAO20230510t190115p0000-A_l89_sr_LANDSAT_8_20230511T163423Z.tif,GAO20230510t190115p0000-A_l89_sr_LANDSAT_8_20230511T163423Z.tif
GAO20230510t190115p0000-B,/mnt/engg-leung/Research_No9_Methane_Emissions/Yuyao/raw_data_dir_L89_L2SR_by_gee/GAO20230510t190115p0000-B_l89_sr_LANDSAT_8_20230511T163423Z.tif,GAO20230510t190115p0000-B_l89_sr_LANDSAT_8_20230511T163423Z.tif
GAO20230510t192349p0000-A,/mnt/engg-leung/Research_No9_Methane_Emissions/Yuyao/raw_data_dir_L89_L2SR_by_gee/GAO20230510t192349p0000-A_l89_sr_LANDSAT_8_20230511T163423Z.tif,GAO20230510t192349p0000-A_l89_sr_LANDSAT_8_20230511T163423Z.tif
GAO20230510t192349p0000-B,/mnt/engg-leung/Research_No9_Methane_Emissions/Yuyao/raw_data_dir_L89_L2SR_by_gee/GAO20230510t192349p0000-B_l89_sr_LANDSAT_8_20230511T163423Z.tif,GAO20230510t192349p0000-B_l89_sr_LANDSAT_8_20230511T163423Z.tif
GAO20230511t155618p0000-A,/mnt/engg-leung/Research_No9_Methane_Emissions/Yuyao/raw_data_dir_L89_L2SR_by_gee/GAO20230511t155618p0000-A_l89_sr_LANDSAT_8_20230511T163423Z.tif,GAO20230511t155618p0000-A_l89_sr_LANDSAT_8_20230511T163423Z.tif
GAO20230511t162619p0000-A,/mnt/engg-leung/Research_No9_Methane_Emissions/Yuyao/raw_data_dir_L89_L2SR_by_gee/GAO20230511t162619p0000-A_l89_sr_LANDSAT_8_20230511T163423Z.tif,GAO20230511t162619p0000-A_l89_sr_LANDSAT_8_20230511T163423Z.tif
GAO20230615t184530p0000-A,/mnt/engg-leung/Research_No9_Methane_Emissions/Yuyao/raw_data_dir_L89_L2SR_by_gee/GAO20230615t184530p0000-A_l89_sr_LANDSAT_9_20230616T183912Z.tif,GAO20230615t184530p0000-A_l89_sr_LANDSAT_9_20230616T183912Z.tif
GAO20230615t195334p0000-B,/mnt/engg-leung/Research_No9_Methane_Emissions/Yuyao/raw_data_dir_L89_L2SR_by_gee/GAO20230615t195334p0000-B_l89_sr_LANDSAT_9_20230616T183912Z.tif,GAO20230615t195334p0000-B_l89_sr_LANDSAT_9_20230616T183912Z.tif
GAO20230615t202740p0000-A,/mnt/engg-leung/Research_No9_Methane_Emissions/Yuyao/raw_data_dir_L89_L2SR_by_gee/GAO20230615t202740p0000-A_l89_sr_LANDSAT_9_20230616T183912Z.tif,GAO20230615t202740p0000-A_l89_sr_LANDSAT_9_20230616T183912Z.tif
GAO20230616t183455p0000-A,/mnt/engg-leung/Research_No9_Methane_Emissions/Yuyao/raw_data_dir_L89_L2SR_by_gee/GAO20230616t183455p0000-A_l89_sr_LANDSAT_8_20230617T183335Z.tif,GAO20230616t183455p0000-A_l89_sr_LANDSAT_8_20230617T183335Z.tif
GAO20230616t183455p0000-B,/mnt/engg-leung/Research_No9_Methane_Emissions/Yuyao/raw_data_dir_L89_L2SR_by_gee/GAO20230616t183455p0000-B_l89_sr_LANDSAT_8_20230617T183335Z.tif,GAO20230616t183455p0000-B_l89_sr_LANDSAT_8_20230617T183335Z.tif
GAO20230616t183455p0000-C,/mnt/engg-leung/Research_No9_Methane_Emissions/Yuyao/raw_data_dir_L89_L2SR_by_gee/GAO20230616t183455p0000-C_l89_sr_LANDSAT_8_20230617T183335Z.tif,GAO20230616t183455p0000-C_l89_sr_LANDSAT_8_20230617T183335Z.tif
GAO20230616t183455p0000-D,/mnt/engg-leung/Research_No9_Methane_Emissions/Yuyao/raw_data_dir_L89_L2SR_by_gee/GAO20230616t183455p0000-D_l89_sr_LANDSAT_8_20230617T183335Z.tif,GAO20230616t183455p0000-D_l89_sr_LANDSAT_8_20230617T183335Z.tif
GAO20230616t183455p0000-E,/mnt/engg-leung/Research_No9_Methane_Emissions/Yuyao/raw_data_dir_L89_L2SR_by_gee/GAO20230616t183455p0000-E_l89_sr_LANDSAT_8_20230617T183335Z.tif,GAO20230616t183455p0000-E_l89_sr_LANDSAT_8_20230617T183335Z.tif
GAO20230616t183455p0000-F,/mnt/engg-leung/Research_No9_Methane_Emissions/Yuyao/raw_data_dir_L89_L2SR_by_gee/GAO20230616t183455p0000-F_l89_sr_LANDSAT_8_20230617T183335Z.tif,GAO20230616t183455p0000-F_l89_sr_LANDSAT_8_20230617T183335Z.tif
GAO20230616t184036p0000-A,/mnt/engg-leung/Research_No9_Methane_Emissions/Yuyao/raw_data_dir_L89_L2SR_by_gee/GAO20230616t184036p0000-A_l89_sr_LANDSAT_8_20230617T183335Z.tif,GAO20230616t184036p0000-A_l89_sr_LANDSAT_8_20230617T183335Z.tif
GAO20230616t184036p0000-B,/mnt/engg-leung/Research_No9_Methane_Emissions/Yuyao/raw_data_dir_L89_L2SR_by_gee/GAO20230616t184036p0000-B_l89_sr_LANDSAT_8_20230617T183335Z.tif,GAO20230616t184036p0000-B_l89_sr_LANDSAT_8_20230617T183335Z.tif
GAO20230616t185940p0000-A,/mnt/engg-leung/Research_No9_Methane_Emissions/Yuyao/raw_data_dir_L89_L2SR_by_gee/GAO20230616t185940p0000-A_l89_sr_LANDSAT_8_20230617T183335Z.tif,GAO20230616t185940p0000-A_l89_sr_LANDSAT_8_20230617T183335Z.tif
GAO20230616t185940p0000-B,/mnt/engg-leung/Research_No9_Methane_Emissions/Yuyao/raw_data_dir_L89_L2SR_by_gee/GAO20230616t185940p0000-B_l89_sr_LANDSAT_8_20230617T183335Z.tif,GAO20230616t185940p0000-B_l89_sr_LANDSAT_8_20230617T183335Z.tif
GAO20230616t191224p0000-A,/mnt/engg-leung/Research_No9_Methane_Emissions/Yuyao/raw_data_dir_L89_L2SR_by_gee/GAO20230616t191224p0000-A_l89_sr_LANDSAT_8_20230617T183335Z.tif,GAO20230616t191224p0000-A_l89_sr_LANDSAT_8_20230617T183335Z.tif
GAO20230616t191224p0000-B,/mnt/engg-leung/Research_No9_Methane_Emissions/Yuyao/raw_data_dir_L89_L2SR_by_gee/GAO20230616t191224p0000-B_l89_sr_LANDSAT_8_20230617T183335Z.tif,GAO20230616t191224p0000-B_l89_sr_LANDSAT_8_20230617T183335Z.tif
GAO20230616t192229p0000-B,/mnt/engg-leung/Research_No9_Methane_Emissions/Yuyao/raw_data_dir_L89_L2SR_by_gee/GAO20230616t192229p0000-B_l89_sr_LANDSAT_8_20230617T183335Z.tif,GAO20230616t192229p0000-B_l89_sr_LANDSAT_8_20230617T183335Z.tif
GAO20230616t192229p0000-D,/mnt/engg-leung/Research_No9_Methane_Emissions/Yuyao/raw_data_dir_L89_L2SR_by_gee/GAO20230616t192229p0000-D_l89_sr_LANDSAT_8_20230617T183335Z.tif,GAO20230616t192229p0000-D_l89_sr_LANDSAT_8_20230617T183335Z.tif
GAO20230616t194749p0000-A,/mnt/engg-leung/Research_No9_Methane_Emissions/Yuyao/raw_data_dir_L89_L2SR_by_gee/GAO20230616t194749p0000-A_l89_sr_LANDSAT_8_20230617T183335Z.tif,GAO20230616t194749p0000-A_l89_sr_LANDSAT_8_20230617T183335Z.tif
GAO20230616t195321p0000-A,/mnt/engg-leung/Research_No9_Methane_Emissions/Yuyao/raw_data_dir_L89_L2SR_by_gee/GAO20230616t195321p0000-A_l89_sr_LANDSAT_8_20230617T183335Z.tif,GAO20230616t195321p0000-A_l89_sr_LANDSAT_8_20230617T183335Z.tif
GAO20230616t195919p0000-A,/mnt/engg-leung/Research_No9_Methane_Emissions/Yuyao/raw_data_dir_L89_L2SR_by_gee/GAO20230616t195919p0000-A_l89_sr_LANDSAT_8_20230617T183335Z.tif,GAO20230616t195919p0000-A_l89_sr_LANDSAT_8_20230617T183335Z.tif
GAO20230616t195919p0000-B,/mnt/engg-leung/Research_No9_Methane_Emissions/Yuyao/raw_data_dir_L89_L2SR_by_gee/GAO20230616t195919p0000-B_l89_sr_LANDSAT_8_20230617T183335Z.tif,GAO20230616t195919p0000-B_l89_sr_LANDSAT_8_20230617T183335Z.tif
GAO20230616t200459p0000-B,/mnt/engg-leung/Research_No9_Methane_Emissions/Yuyao/raw_data_dir_L89_L2SR_by_gee/GAO20230616t200459p0000-B_l89_sr_LANDSAT_8_20230617T183335Z.tif,GAO20230616t200459p0000-B_l89_sr_LANDSAT_8_20230617T183335Z.tif
GAO20230625t215340p0000-A,/mnt/engg-leung/Research_No9_Methane_Emissions/Yuyao/raw_data_dir_L89_L2SR_by_gee/GAO20230625t215340p0000-A_l89_sr_LANDSAT_8_20230626T182752Z.tif,GAO20230625t215340p0000-A_l89_sr_LANDSAT_8_20230626T182752Z.tif
GAO20230625t215340p0000-B,/mnt/engg-leung/Research_No9_Methane_Emissions/Yuyao/raw_data_dir_L89_L2SR_by_gee/GAO20230625t215340p0000-B_l89_sr_LANDSAT_8_20230626T182752Z.tif,GAO20230625t215340p0000-B_l89_sr_LANDSAT_8_20230626T182752Z.tif
GAO20230625t220042p0000-A,/mnt/engg-leung/Research_No9_Methane_Emissions/Yuyao/raw_data_dir_L89_L2SR_by_gee/GAO20230625t220042p0000-A_l89_sr_LANDSAT_8_20230626T182752Z.tif,GAO20230625t220042p0000-A_l89_sr_LANDSAT_8_20230626T182752Z.tif
GAO20230625t220042p0000-B,/mnt/engg-leung/Research_No9_Methane_Emissions/Yuyao/raw_data_dir_L89_L2SR_by_gee/GAO20230625t220042p0000-B_l89_sr_LANDSAT_8_20230626T182752Z.tif,GAO20230625t220042p0000-B_l89_sr_LANDSAT_8_20230626T182752Z.tif
GAO20230625t221145p0000-B,/mnt/engg-leung/Research_No9_Methane_Emissions/Yuyao/raw_data_dir_L89_L2SR_by_gee/GAO20230625t221145p0000-B_l89_sr_LANDSAT_8_20230626T182752Z.tif,GAO20230625t221145p0000-B_l89_sr_LANDSAT_8_20230626T182752Z.tif
GAO20230625t221145p0000-C,/mnt/engg-leung/Research_No9_Methane_Emissions/Yuyao/raw_data_dir_L89_L2SR_by_gee/GAO20230625t221145p0000-C_l89_sr_LANDSAT_8_20230626T182752Z.tif,GAO20230625t221145p0000-C_l89_sr_LANDSAT_8_20230626T182752Z.tif
GAO20230625t221550p0000-A,/mnt/engg-leung/Research_No9_Methane_Emissions/Yuyao/raw_data_dir_L89_L2SR_by_gee/GAO20230625t221550p0000-A_l89_sr_LANDSAT_8_20230626T182752Z.tif,GAO20230625t221550p0000-A_l89_sr_LANDSAT_8_20230626T182752Z.tif
GAO20230625t221550p0000-B,/mnt/engg-leung/Research_No9_Methane_Emissions/Yuyao/raw_data_dir_L89_L2SR_by_gee/GAO20230625t221550p0000-B_l89_sr_LANDSAT_8_20230626T182752Z.tif,GAO20230625t221550p0000-B_l89_sr_LANDSAT_8_20230626T182752Z.tif
GAO20230625t221550p0000-C,/mnt/engg-leung/Research_No9_Methane_Emissions/Yuyao/raw_data_dir_L89_L2SR_by_gee/GAO20230625t221550p0000-C_l89_sr_LANDSAT_8_20230626T182752Z.tif,GAO20230625t221550p0000-C_l89_sr_LANDSAT_8_20230626T182752Z.tif
GAO20230625t221550p0000-D,/mnt/engg-leung/Research_No9_Methane_Emissions/Yuyao/raw_data_dir_L89_L2SR_by_gee/GAO20230625t221550p0000-D_l89_sr_LANDSAT_8_20230626T182752Z.tif,GAO20230625t221550p0000-D_l89_sr_LANDSAT_8_20230626T182752Z.tif
GAO20230625t225037p0000-A,/mnt/engg-leung/Research_No9_Methane_Emissions/Yuyao/raw_data_dir_L89_L2SR_by_gee/GAO20230625t225037p0000-A_l89_sr_LANDSAT_8_20230626T182752Z.tif,GAO20230625t225037p0000-A_l89_sr_LANDSAT_8_20230626T182752Z.tif
GAO20230625t225510p0000-A,/mnt/engg-leung/Research_No9_Methane_Emissions/Yuyao/raw_data_dir_L89_L2SR_by_gee/GAO20230625t225510p0000-A_l89_sr_LANDSAT_8_20230626T182752Z.tif,GAO20230625t225510p0000-A_l89_sr_LANDSAT_8_20230626T182752Z.tif
GAO20230625t231917p0000-A,/mnt/engg-leung/Research_No9_Methane_Emissions/Yuyao/raw_data_dir_L89_L2SR_by_gee/GAO20230625t231917p0000-A_l89_sr_LANDSAT_8_20230626T182752Z.tif,GAO20230625t231917p0000-A_l89_sr_LANDSAT_8_20230626T182752Z.tif
GAO20230625t231917p0000-B,/mnt/engg-leung/Research_No9_Methane_Emissions/Yuyao/raw_data_dir_L89_L2SR_by_gee/GAO20230625t231917p0000-B_l89_sr_LANDSAT_8_20230626T182752Z.tif,GAO20230625t231917p0000-B_l89_sr_LANDSAT_8_20230626T182752Z.tif
GAO20230625t233626p0000-B,/mnt/engg-leung/Research_No9_Methane_Emissions/Yuyao/raw_data_dir_L89_L2SR_by_gee/GAO20230625t233626p0000-B_l89_sr_LANDSAT_8_20230626T182752Z.tif,GAO20230625t233626p0000-B_l89_sr_LANDSAT_8_20230626T182752Z.tif
GAO20230625t233626p0000-C,/mnt/engg-leung/Research_No9_Methane_Emissions/Yuyao/raw_data_dir_L89_L2SR_by_gee/GAO20230625t233626p0000-C_l89_sr_LANDSAT_8_20230626T182752Z.tif,GAO20230625t233626p0000-C_l89_sr_LANDSAT_8_20230626T182752Z.tif
GAO20230711t195220p0000-A,/mnt/engg-leung/Research_No9_Methane_Emissions/Yuyao/raw_data_dir_L89_L2SR_by_gee/GAO20230711t195220p0000-A_l89_sr_LANDSAT_8_20230712T182538Z.tif,GAO20230711t195220p0000-A_l89_sr_LANDSAT_8_20230712T182538Z.tif
GAO20230713t191024p0000-A,/mnt/engg-leung/Research_No9_Methane_Emissions/Yuyao/raw_data_dir_L89_L2SR_by_gee/GAO20230713t191024p0000-A_l89_sr_LANDSAT_9_20230714T190213Z.tif,GAO20230713t191024p0000-A_l89_sr_LANDSAT_9_20230714T190213Z.tif
GAO20230713t191024p0000-B,/mnt/engg-leung/Research_No9_Methane_Emissions/Yuyao/raw_data_dir_L89_L2SR_by_gee/GAO20230713t191024p0000-B_l89_sr_LANDSAT_9_20230714T190213Z.tif,GAO20230713t191024p0000-B_l89_sr_LANDSAT_9_20230714T190213Z.tif
GAO20230713t194729p0000-A,/mnt/engg-leung/Research_No9_Methane_Emissions/Yuyao/raw_data_dir_L89_L2SR_by_gee/GAO20230713t194729p0000-A_l89_sr_LANDSAT_9_20230714T190150Z.tif,GAO20230713t194729p0000-A_l89_sr_LANDSAT_9_20230714T190150Z.tif
GAO20230713t201929p0000-A,/mnt/engg-leung/Research_No9_Methane_Emissions/Yuyao/raw_data_dir_L89_L2SR_by_gee/GAO20230713t201929p0000-A_l89_sr_LANDSAT_9_20230714T190126Z.tif,GAO20230713t201929p0000-A_l89_sr_LANDSAT_9_20230714T190126Z.tif
GAO20230713t201929p0000-B,/mnt/engg-leung/Research_No9_Methane_Emissions/Yuyao/raw_data_dir_L89_L2SR_by_gee/GAO20230713t201929p0000-B_l89_sr_LANDSAT_9_20230714T190126Z.tif,GAO20230713t201929p0000-B_l89_sr_LANDSAT_9_20230714T190126Z.tif
GAO20230713t201929p0000-C,/mnt/engg-leung/Research_No9_Methane_Emissions/Yuyao/raw_data_dir_L89_L2SR_by_gee/GAO20230713t201929p0000-C_l89_sr_LANDSAT_9_20230714T190126Z.tif,GAO20230713t201929p0000-C_l89_sr_LANDSAT_9_20230714T190126Z.tif
GAO20230713t202354p0000-B,/mnt/engg-leung/Research_No9_Methane_Emissions/Yuyao/raw_data_dir_L89_L2SR_by_gee/GAO20230713t202354p0000-B_l89_sr_LANDSAT_9_20230714T190126Z.tif,GAO20230713t202354p0000-B_l89_sr_LANDSAT_9_20230714T190126Z.tif
GAO20230713t202354p0000-C,/mnt/engg-leung/Research_No9_Methane_Emissions/Yuyao/raw_data_dir_L89_L2SR_by_gee/GAO20230713t202354p0000-C_l89_sr_LANDSAT_9_20230714T190126Z.tif,GAO20230713t202354p0000-C_l89_sr_LANDSAT_9_20230714T190126Z.tif
GAO20230713t202354p0000-D,/mnt/engg-leung/Research_No9_Methane_Emissions/Yuyao/raw_data_dir_L89_L2SR_by_gee/GAO20230713t202354p0000-D_l89_sr_LANDSAT_9_20230714T190126Z.tif,GAO20230713t202354p0000-D_l89_sr_LANDSAT_9_20230714T190126Z.tif
GAO20230713t203344p0000-A,/mnt/engg-leung/Research_No9_Methane_Emissions/Yuyao/raw_data_dir_L89_L2SR_by_gee/GAO20230713t203344p0000-A_l89_sr_LANDSAT_9_20230714T190126Z.tif,GAO20230713t203344p0000-A_l89_sr_LANDSAT_9_20230714T190126Z.tif
GAO20230713t203344p0000-B,/mnt/engg-leung/Research_No9_Methane_Emissions/Yuyao/raw_data_dir_L89_L2SR_by_gee/GAO20230713t203344p0000-B_l89_sr_LANDSAT_9_20230714T190126Z.tif,GAO20230713t203344p0000-B_l89_sr_LANDSAT_9_20230714T190126Z.tif
GAO20230713t205034p0000-A,/mnt/engg-leung/Research_No9_Methane_Emissions/Yuyao/raw_data_dir_L89_L2SR_by_gee/GAO20230713t205034p0000-A_l89_sr_LANDSAT_9_20230714T190150Z.tif,GAO20230713t205034p0000-A_l89_sr_LANDSAT_9_20230714T190150Z.tif
GAO20230715t210120p0000-A,/mnt/engg-leung/Research_No9_Methane_Emissions/Yuyao/raw_data_dir_L89_L2SR_by_gee/GAO20230715t210120p0000-A_l89_sr_LANDSAT_9_20230716T184928Z.tif,GAO20230715t210120p0000-A_l89_sr_LANDSAT_9_20230716T184928Z.tif
GAO20230715t210120p0000-B,/mnt/engg-leung/Research_No9_Methane_Emissions/Yuyao/raw_data_dir_L89_L2SR_by_gee/GAO20230715t210120p0000-B_l89_sr_LANDSAT_9_20230716T184928Z.tif,GAO20230715t210120p0000-B_l89_sr_LANDSAT_9_20230716T184928Z.tif
GAO20230721t200903p0000-A,/mnt/engg-leung/Research_No9_Methane_Emissions/Yuyao/raw_data_dir_L89_L2SR_by_gee/GAO20230721t200903p0000-A_l89_sr_LANDSAT_9_20230722T181310Z.tif,GAO20230721t200903p0000-A_l89_sr_LANDSAT_9_20230722T181310Z.tif
GAO20230721t200903p0000-D,/mnt/engg-leung/Research_No9_Methane_Emissions/Yuyao/raw_data_dir_L89_L2SR_by_gee/GAO20230721t200903p0000-D_l89_sr_LANDSAT_9_20230722T181310Z.tif,GAO20230721t200903p0000-D_l89_sr_LANDSAT_9_20230722T181310Z.tif
GAO20230721t201338p0000-A,/mnt/engg-leung/Research_No9_Methane_Emissions/Yuyao/raw_data_dir_L89_L2SR_by_gee/GAO20230721t201338p0000-A_l89_sr_LANDSAT_9_20230722T181310Z.tif,GAO20230721t201338p0000-A_l89_sr_LANDSAT_9_20230722T181310Z.tif
GAO20230722t191526p0000-A,/mnt/engg-leung/Research_No9_Methane_Emissions/Yuyao/raw_data_dir_L89_L2SR_by_gee/GAO20230722t191526p0000-A_l89_sr_LANDSAT_9_20230723T185601Z.tif,GAO20230722t191526p0000-A_l89_sr_LANDSAT_9_20230723T185601Z.tif
GAO20230722t191526p0000-B,/mnt/engg-leung/Research_No9_Methane_Emissions/Yuyao/raw_data_dir_L89_L2SR_by_gee/GAO20230722t191526p0000-B_l89_sr_LANDSAT_9_20230723T185601Z.tif,GAO20230722t191526p0000-B_l89_sr_LANDSAT_9_20230723T185601Z.tif
GAO20230722t191526p0000-D,/mnt/engg-leung/Research_No9_Methane_Emissions/Yuyao/raw_data_dir_L89_L2SR_by_gee/GAO20230722t191526p0000-D_l89_sr_LANDSAT_9_20230723T185601Z.tif,GAO20230722t191526p0000-D_l89_sr_LANDSAT_9_20230723T185601Z.tif
GAO20230722t195554p0000-A,/mnt/engg-leung/Research_No9_Methane_Emissions/Yuyao/raw_data_dir_L89_L2SR_by_gee/GAO20230722t195554p0000-A_l89_sr_LANDSAT_9_20230723T185625Z.tif,GAO20230722t195554p0000-A_l89_sr_LANDSAT_9_20230723T185625Z.tif
GAO20230722t200059p0000-A,/mnt/engg-leung/Research_No9_Methane_Emissions/Yuyao/raw_data_dir_L89_L2SR_by_gee/GAO20230722t200059p0000-A_l89_sr_LANDSAT_9_20230723T185625Z.tif,GAO20230722t200059p0000-A_l89_sr_LANDSAT_9_20230723T185625Z.tif
GAO20230722t201544p0000-A,/mnt/engg-leung/Research_No9_Methane_Emissions/Yuyao/raw_data_dir_L89_L2SR_by_gee/GAO20230722t201544p0000-A_l89_sr_LANDSAT_9_20230723T185601Z.tif,GAO20230722t201544p0000-A_l89_sr_LANDSAT_9_20230723T185601Z.tif
GAO20230722t203125p0000-A,/mnt/engg-leung/Research_No9_Methane_Emissions/Yuyao/raw_data_dir_L89_L2SR_by_gee/GAO20230722t203125p0000-A_l89_sr_LANDSAT_9_20230723T185601Z.tif,GAO20230722t203125p0000-A_l89_sr_LANDSAT_9_20230723T185601Z.tif
GAO20230722t203125p0000-B,/mnt/engg-leung/Research_No9_Methane_Emissions/Yuyao/raw_data_dir_L89_L2SR_by_gee/GAO20230722t203125p0000-B_l89_sr_LANDSAT_9_20230723T185601Z.tif,GAO20230722t203125p0000-B_l89_sr_LANDSAT_9_20230723T185601Z.tif
GAO20230722t203125p0000-C,/mnt/engg-leung/Research_No9_Methane_Emissions/Yuyao/raw_data_dir_L89_L2SR_by_gee/GAO20230722t203125p0000-C_l89_sr_LANDSAT_9_20230723T185601Z.tif,GAO20230722t203125p0000-C_l89_sr_LANDSAT_9_20230723T185601Z.tif
GAO20230824t154540p0000-A,/mnt/engg-leung/Research_No9_Methane_Emissions/Yuyao/raw_data_dir_L89_L2SR_by_gee/GAO20230824t154540p0000-A_l89_sr_LANDSAT_9_20230824T172037Z.tif,GAO20230824t154540p0000-A_l89_sr_LANDSAT_9_20230824T172037Z.tif
GAO20230824t154540p0000-B,/mnt/engg-leung/Research_No9_Methane_Emissions/Yuyao/raw_data_dir_L89_L2SR_by_gee/GAO20230824t154540p0000-B_l89_sr_LANDSAT_9_20230824T172037Z.tif,GAO20230824t154540p0000-B_l89_sr_LANDSAT_9_20230824T172037Z.tif
GAO20230824t154540p0000-D,/mnt/engg-leung/Research_No9_Methane_Emissions/Yuyao/raw_data_dir_L89_L2SR_by_gee/GAO20230824t154540p0000-D_l89_sr_LANDSAT_9_20230824T172101Z.tif,GAO20230824t154540p0000-D_l89_sr_LANDSAT_9_20230824T172101Z.tif
GAO20230824t154540p0000-E,/mnt/engg-leung/Research_No9_Methane_Emissions/Yuyao/raw_data_dir_L89_L2SR_by_gee/GAO20230824t154540p0000-E_l89_sr_LANDSAT_9_20230824T172101Z.tif,GAO20230824t154540p0000-E_l89_sr_LANDSAT_9_20230824T172101Z.tif
GAO20230824t160435p0000-A,/mnt/engg-leung/Research_No9_Methane_Emissions/Yuyao/raw_data_dir_L89_L2SR_by_gee/GAO20230824t160435p0000-A_l89_sr_LANDSAT_9_20230824T172037Z.tif,GAO20230824t160435p0000-A_l89_sr_LANDSAT_9_20230824T172037Z.tif
GAO20230824t160435p0000-B,/mnt/engg-leung/Research_No9_Methane_Emissions/Yuyao/raw_data_dir_L89_L2SR_by_gee/GAO20230824t160435p0000-B_l89_sr_LANDSAT_9_20230824T172037Z.tif,GAO20230824t160435p0000-B_l89_sr_LANDSAT_9_20230824T172037Z.tif
GAO20230824t160435p0000-C,/mnt/engg-leung/Research_No9_Methane_Emissions/Yuyao/raw_data_dir_L89_L2SR_by_gee/GAO20230824t160435p0000-C_l89_sr_LANDSAT_9_20230824T172037Z.tif,GAO20230824t160435p0000-C_l89_sr_LANDSAT_9_20230824T172037Z.tif
GAO20230824t160435p0000-D,/mnt/engg-leung/Research_No9_Methane_Emissions/Yuyao/raw_data_dir_L89_L2SR_by_gee/GAO20230824t160435p0000-D_l89_sr_LANDSAT_9_20230824T172037Z.tif,GAO20230824t160435p0000-D_l89_sr_LANDSAT_9_20230824T172037Z.tif
GAO20230824t160435p0000-E,/mnt/engg-leung/Research_No9_Methane_Emissions/Yuyao/raw_data_dir_L89_L2SR_by_gee/GAO20230824t160435p0000-E_l89_sr_LANDSAT_9_20230824T172037Z.tif,GAO20230824t160435p0000-E_l89_sr_LANDSAT_9_20230824T172037Z.tif
GAO20230824t160435p0000-F,/mnt/engg-leung/Research_No9_Methane_Emissions/Yuyao/raw_data_dir_L89_L2SR_by_gee/GAO20230824t160435p0000-F_l89_sr_LANDSAT_9_20230824T172037Z.tif,GAO20230824t160435p0000-F_l89_sr_LANDSAT_9_20230824T172037Z.tif
GAO20230824t160435p0000-G,/mnt/engg-leung/Research_No9_Methane_Emissions/Yuyao/raw_data_dir_L89_L2SR_by_gee/GAO20230824t160435p0000-G_l89_sr_LANDSAT_9_20230824T172101Z.tif,GAO20230824t160435p0000-G_l89_sr_LANDSAT_9_20230824T172101Z.tif
GAO20230824t160435p0000-H,/mnt/engg-leung/Research_No9_Methane_Emissions/Yuyao/raw_data_dir_L89_L2SR_by_gee/GAO20230824t160435p0000-H_l89_sr_LANDSAT_9_20230824T172101Z.tif,GAO20230824t160435p0000-H_l89_sr_LANDSAT_9_20230824T172101Z.tif
GAO20230824t160435p0000-I,/mnt/engg-leung/Research_No9_Methane_Emissions/Yuyao/raw_data_dir_L89_L2SR_by_gee/GAO20230824t160435p0000-I_l89_sr_LANDSAT_9_20230824T172101Z.tif,GAO20230824t160435p0000-I_l89_sr_LANDSAT_9_20230824T172101Z.tif
GAO20230824t162207p0000-A,/mnt/engg-leung/Research_No9_Methane_Emissions/Yuyao/raw_data_dir_L89_L2SR_by_gee/GAO20230824t162207p0000-A_l89_sr_LANDSAT_9_20230824T172037Z.tif,GAO20230824t162207p0000-A_l89_sr_LANDSAT_9_20230824T172037Z.tif
GAO20230824t162207p0000-B,/mnt/engg-leung/Research_No9_Methane_Emissions/Yuyao/raw_data_dir_L89_L2SR_by_gee/GAO20230824t162207p0000-B_l89_sr_LANDSAT_9_20230824T172037Z.tif,GAO20230824t162207p0000-B_l89_sr_LANDSAT_9_20230824T172037Z.tif
GAO20230824t162207p0000-C,/mnt/engg-leung/Research_No9_Methane_Emissions/Yuyao/raw_data_dir_L89_L2SR_by_gee/GAO20230824t162207p0000-C_l89_sr_LANDSAT_9_20230824T172037Z.tif,GAO20230824t162207p0000-C_l89_sr_LANDSAT_9_20230824T172037Z.tif
GAO20230824t162207p0000-D,/mnt/engg-leung/Research_No9_Methane_Emissions/Yuyao/raw_data_dir_L89_L2SR_by_gee/GAO20230824t162207p0000-D_l89_sr_LANDSAT_9_20230824T172037Z.tif,GAO20230824t162207p0000-D_l89_sr_LANDSAT_9_20230824T172037Z.tif
GAO20230824t162207p0000-E,/mnt/engg-leung/Research_No9_Methane_Emissions/Yuyao/raw_data_dir_L89_L2SR_by_gee/GAO20230824t162207p0000-E_l89_sr_LANDSAT_9_20230824T172101Z.tif,GAO20230824t162207p0000-E_l89_sr_LANDSAT_9_20230824T172101Z.tif
GAO20230824t162207p0000-F,/mnt/engg-leung/Research_No9_Methane_Emissions/Yuyao/raw_data_dir_L89_L2SR_by_gee/GAO20230824t162207p0000-F_l89_sr_LANDSAT_9_20230824T172101Z.tif,GAO20230824t162207p0000-F_l89_sr_LANDSAT_9_20230824T172101Z.tif
GAO20230824t164045p0000-A,/mnt/engg-leung/Research_No9_Methane_Emissions/Yuyao/raw_data_dir_L89_L2SR_by_gee/GAO20230824t164045p0000-A_l89_sr_LANDSAT_9_20230824T172037Z.tif,GAO20230824t164045p0000-A_l89_sr_LANDSAT_9_20230824T172037Z.tif
GAO20230824t164045p0000-B,/mnt/engg-leung/Research_No9_Methane_Emissions/Yuyao/raw_data_dir_L89_L2SR_by_gee/GAO20230824t164045p0000-B_l89_sr_LANDSAT_9_20230824T172101Z.tif,GAO20230824t164045p0000-B_l89_sr_LANDSAT_9_20230824T172101Z.tif
GAO20230824t165721p0000-A,/mnt/engg-leung/Research_No9_Methane_Emissions/Yuyao/raw_data_dir_L89_L2SR_by_gee/GAO20230824t165721p0000-A_l89_sr_LANDSAT_9_20230824T172037Z.tif,GAO20230824t165721p0000-A_l89_sr_LANDSAT_9_20230824T172037Z.tif
GAO20230824t165721p0000-C,/mnt/engg-leung/Research_No9_Methane_Emissions/Yuyao/raw_data_dir_L89_L2SR_by_gee/GAO20230824t165721p0000-C_l89_sr_LANDSAT_9_20230824T172101Z.tif,GAO20230824t165721p0000-C_l89_sr_LANDSAT_9_20230824T172101Z.tif
GAO20230824t165721p0000-E,/mnt/engg-leung/Research_No9_Methane_Emissions/Yuyao/raw_data_dir_L89_L2SR_by_gee/GAO20230824t165721p0000-E_l89_sr_LANDSAT_9_20230824T172101Z.tif,GAO20230824t165721p0000-E_l89_sr_LANDSAT_9_20230824T172101Z.tif
GAO20230824t165721p0000-F,/mnt/engg-leung/Research_No9_Methane_Emissions/Yuyao/raw_data_dir_L89_L2SR_by_gee/GAO20230824t165721p0000-F_l89_sr_LANDSAT_9_20230824T172101Z.tif,GAO20230824t165721p0000-F_l89_sr_LANDSAT_9_20230824T172101Z.tif
GAO20230824t171600p0000-A,/mnt/engg-leung/Research_No9_Methane_Emissions/Yuyao/raw_data_dir_L89_L2SR_by_gee/GAO20230824t171600p0000-A_l89_sr_LANDSAT_9_20230824T172101Z.tif,GAO20230824t171600p0000-A_l89_sr_LANDSAT_9_20230824T172101Z.tif
GAO20230824t171600p0000-B,/mnt/engg-leung/Research_No9_Methane_Emissions/Yuyao/raw_data_dir_L89_L2SR_by_gee/GAO20230824t171600p0000-B_l89_sr_LANDSAT_9_20230824T172101Z.tif,GAO20230824t171600p0000-B_l89_sr_LANDSAT_9_20230824T172101Z.tif
GAO20230824t171600p0000-C,/mnt/engg-leung/Research_No9_Methane_Emissions/Yuyao/raw_data_dir_L89_L2SR_by_gee/GAO20230824t171600p0000-C_l89_sr_LANDSAT_9_20230824T172101Z.tif,GAO20230824t171600p0000-C_l89_sr_LANDSAT_9_20230824T172101Z.tif
GAO20230824t171600p0000-D,/mnt/engg-leung/Research_No9_Methane_Emissions/Yuyao/raw_data_dir_L89_L2SR_by_gee/GAO20230824t171600p0000-D_l89_sr_LANDSAT_9_20230824T172101Z.tif,GAO20230824t171600p0000-D_l89_sr_LANDSAT_9_20230824T172101Z.tif
GAO20230824t171600p0000-E,/mnt/engg-leung/Research_No9_Methane_Emissions/Yuyao/raw_data_dir_L89_L2SR_by_gee/GAO20230824t171600p0000-E_l89_sr_LANDSAT_9_20230824T172101Z.tif,GAO20230824t171600p0000-E_l89_sr_LANDSAT_9_20230824T172101Z.tif
GAO20230824t171600p0000-F,/mnt/engg-leung/Research_No9_Methane_Emissions/Yuyao/raw_data_dir_L89_L2SR_by_gee/GAO20230824t171600p0000-F_l89_sr_LANDSAT_9_20230824T172101Z.tif,GAO20230824t171600p0000-F_l89_sr_LANDSAT_9_20230824T172101Z.tif
GAO20230824t171600p0000-G,/mnt/engg-leung/Research_No9_Methane_Emissions/Yuyao/raw_data_dir_L89_L2SR_by_gee/GAO20230824t171600p0000-G_l89_sr_LANDSAT_9_20230824T172101Z.tif,GAO20230824t171600p0000-G_l89_sr_LANDSAT_9_20230824T172101Z.tif
GAO20230824t171600p0000-H,/mnt/engg-leung/Research_No9_Methane_Emissions/Yuyao/raw_data_dir_L89_L2SR_by_gee/GAO20230824t171600p0000-H_l89_sr_LANDSAT_9_20230824T172101Z.tif,GAO20230824t171600p0000-H_l89_sr_LANDSAT_9_20230824T172101Z.tif
GAO20230824t171600p0000-I,/mnt/engg-leung/Research_No9_Methane_Emissions/Yuyao/raw_data_dir_L89_L2SR_by_gee/GAO20230824t171600p0000-I_l89_sr_LANDSAT_9_20230824T172101Z.tif,GAO20230824t171600p0000-I_l89_sr_LANDSAT_9_20230824T172101Z.tif
GAO20230824t171600p0000-J,/mnt/engg-leung/Research_No9_Methane_Emissions/Yuyao/raw_data_dir_L89_L2SR_by_gee/GAO20230824t171600p0000-J_l89_sr_LANDSAT_9_20230824T172101Z.tif,GAO20230824t171600p0000-J_l89_sr_LANDSAT_9_20230824T172101Z.tif
GAO20230824t171600p0000-K,/mnt/engg-leung/Research_No9_Methane_Emissions/Yuyao/raw_data_dir_L89_L2SR_by_gee/GAO20230824t171600p0000-K_l89_sr_LANDSAT_9_20230824T172101Z.tif,GAO20230824t171600p0000-K_l89_sr_LANDSAT_9_20230824T172101Z.tif
GAO20230824t171600p0000-L,/mnt/engg-leung/Research_No9_Methane_Emissions/Yuyao/raw_data_dir_L89_L2SR_by_gee/GAO20230824t171600p0000-L_l89_sr_LANDSAT_9_20230824T172101Z.tif,GAO20230824t171600p0000-L_l89_sr_LANDSAT_9_20230824T172101Z.tif
GAO20230913t163416p0000-A,/mnt/engg-leung/Research_No9_Methane_Emissions/Yuyao/raw_data_dir_L89_L2SR_by_gee/GAO20230913t163416p0000-A_l89_sr_LANDSAT_8_20230913T174307Z.tif,GAO20230913t163416p0000-A_l89_sr_LANDSAT_8_20230913T174307Z.tif
GAO20230920t170320p0000-A,/mnt/engg-leung/Research_No9_Methane_Emissions/Yuyao/raw_data_dir_L89_L2SR_by_gee/GAO20230920t170320p0000-A_l89_sr_LANDSAT_8_20230920T174943Z.tif,GAO20230920t170320p0000-A_l89_sr_LANDSAT_8_20230920T174943Z.tif
GAO20230920t172341p0000-A,/mnt/engg-leung/Research_No9_Methane_Emissions/Yuyao/raw_data_dir_L89_L2SR_by_gee/GAO20230920t172341p0000-A_l89_sr_LANDSAT_8_20230920T174943Z.tif,GAO20230920t172341p0000-A_l89_sr_LANDSAT_8_20230920T174943Z.tif
GAO20230920t172831p0000-A,/mnt/engg-leung/Research_No9_Methane_Emissions/Yuyao/raw_data_dir_L89_L2SR_by_gee/GAO20230920t172831p0000-A_l89_sr_LANDSAT_8_20230920T174943Z.tif,GAO20230920t172831p0000-A_l89_sr_LANDSAT_8_20230920T174943Z.tif
GAO20230920t172831p0000-B,/mnt/engg-leung/Research_No9_Methane_Emissions/Yuyao/raw_data_dir_L89_L2SR_by_gee/GAO20230920t172831p0000-B_l89_sr_LANDSAT_8_20230920T174943Z.tif,GAO20230920t172831p0000-B_l89_sr_LANDSAT_8_20230920T174943Z.tif
GAO20230920t174750p0000-A,/mnt/engg-leung/Research_No9_Methane_Emissions/Yuyao/raw_data_dir_L89_L2SR_by_gee/GAO20230920t174750p0000-A_l89_sr_LANDSAT_8_20230920T174943Z.tif,GAO20230920t174750p0000-A_l89_sr_LANDSAT_8_20230920T174943Z.tif
GAO20230921t180022p0000-A,/mnt/engg-leung/Research_No9_Methane_Emissions/Yuyao/raw_data_dir_L89_L2SR_by_gee/GAO20230921t180022p0000-A_l89_sr_LANDSAT_8_20230922T173721Z.tif,GAO20230921t180022p0000-A_l89_sr_LANDSAT_8_20230922T173721Z.tif
GAO20230921t180922p0000-A,/mnt/engg-leung/Research_No9_Methane_Emissions/Yuyao/raw_data_dir_L89_L2SR_by_gee/GAO20230921t180922p0000-A_l89_sr_LANDSAT_8_20230922T173721Z.tif,GAO20230921t180922p0000-A_l89_sr_LANDSAT_8_20230922T173721Z.tif
GAO20230921t195807p0000-A,/mnt/engg-leung/Research_No9_Methane_Emissions/Yuyao/raw_data_dir_L89_L2SR_by_gee/GAO20230921t195807p0000-A_l89_sr_LANDSAT_8_20230922T173721Z.tif,GAO20230921t195807p0000-A_l89_sr_LANDSAT_8_20230922T173721Z.tif
GAO20230921t195807p0000-C,/mnt/engg-leung/Research_No9_Methane_Emissions/Yuyao/raw_data_dir_L89_L2SR_by_gee/GAO20230921t195807p0000-C_l89_sr_LANDSAT_8_20230922T173721Z.tif,GAO20230921t195807p0000-C_l89_sr_LANDSAT_8_20230922T173721Z.tif
GAO20230921t201507p0000-A,/mnt/engg-leung/Research_No9_Methane_Emissions/Yuyao/raw_data_dir_L89_L2SR_by_gee/GAO20230921t201507p0000-A_l89_sr_LANDSAT_8_20230922T173721Z.tif,GAO20230921t201507p0000-A_l89_sr_LANDSAT_8_20230922T173721Z.tif
GAO20230921t202257p0000-B,/mnt/engg-leung/Research_No9_Methane_Emissions/Yuyao/raw_data_dir_L89_L2SR_by_gee/GAO20230921t202257p0000-B_l89_sr_LANDSAT_8_20230922T173721Z.tif,GAO20230921t202257p0000-B_l89_sr_LANDSAT_8_20230922T173721Z.tif
GAO20230921t202257p0000-C,/mnt/engg-leung/Research_No9_Methane_Emissions/Yuyao/raw_data_dir_L89_L2SR_by_gee/GAO20230921t202257p0000-C_l89_sr_LANDSAT_8_20230922T173721Z.tif,GAO20230921t202257p0000-C_l89_sr_LANDSAT_8_20230922T173721Z.tif
GAO20230927t173235p0000-A,/mnt/engg-leung/Research_No9_Methane_Emissions/Yuyao/raw_data_dir_L89_L2SR_by_gee/GAO20230927t173235p0000-A_l89_sr_LANDSAT_8_20230927T175557Z.tif,GAO20230927t173235p0000-A_l89_sr_LANDSAT_8_20230927T175557Z.tif
GAO20230927t173919p0000-A,/mnt/engg-leung/Research_No9_Methane_Emissions/Yuyao/raw_data_dir_L89_L2SR_by_gee/GAO20230927t173919p0000-A_l89_sr_LANDSAT_8_20230927T175557Z.tif,GAO20230927t173919p0000-A_l89_sr_LANDSAT_8_20230927T175557Z.tif
GAO20230927t174624p0000-A,/mnt/engg-leung/Research_No9_Methane_Emissions/Yuyao/raw_data_dir_L89_L2SR_by_gee/GAO20230927t174624p0000-A_l89_sr_LANDSAT_8_20230927T175557Z.tif,GAO20230927t174624p0000-A_l89_sr_LANDSAT_8_20230927T175557Z.tif
GAO20230927t175340p0000-A,/mnt/engg-leung/Research_No9_Methane_Emissions/Yuyao/raw_data_dir_L89_L2SR_by_gee/GAO20230927t175340p0000-A_l89_sr_LANDSAT_8_20230927T175557Z.tif,GAO20230927t175340p0000-A_l89_sr_LANDSAT_8_20230927T175557Z.tif
GAO20230927t180119p0000-A,/mnt/engg-leung/Research_No9_Methane_Emissions/Yuyao/raw_data_dir_L89_L2SR_by_gee/GAO20230927t180119p0000-A_l89_sr_LANDSAT_9_20230928T175003Z.tif,GAO20230927t180119p0000-A_l89_sr_LANDSAT_9_20230928T175003Z.tif
GAO20230927t180839p0000-A,/mnt/engg-leung/Research_No9_Methane_Emissions/Yuyao/raw_data_dir_L89_L2SR_by_gee/GAO20230927t180839p0000-A_l89_sr_LANDSAT_9_20230928T175003Z.tif,GAO20230927t180839p0000-A_l89_sr_LANDSAT_9_20230928T175003Z.tif
GAO20230927t183144p0000-A,/mnt/engg-leung/Research_No9_Methane_Emissions/Yuyao/raw_data_dir_L89_L2SR_by_gee/GAO20230927t183144p0000-A_l89_sr_LANDSAT_9_20230928T174939Z.tif,GAO20230927t183144p0000-A_l89_sr_LANDSAT_9_20230928T174939Z.tif
GAO20230927t184049p0000-A,/mnt/engg-leung/Research_No9_Methane_Emissions/Yuyao/raw_data_dir_L89_L2SR_by_gee/GAO20230927t184049p0000-A_l89_sr_LANDSAT_9_20230928T175003Z.tif,GAO20230927t184049p0000-A_l89_sr_LANDSAT_9_20230928T175003Z.tif
GAO20230927t184754p0000-A,/mnt/engg-leung/Research_No9_Methane_Emissions/Yuyao/raw_data_dir_L89_L2SR_by_gee/GAO20230927t184754p0000-A_l89_sr_LANDSAT_9_20230928T175003Z.tif,GAO20230927t184754p0000-A_l89_sr_LANDSAT_9_20230928T175003Z.tif
GAO20230927t185504p0000-A,/mnt/engg-leung/Research_No9_Methane_Emissions/Yuyao/raw_data_dir_L89_L2SR_by_gee/GAO20230927t185504p0000-A_l89_sr_LANDSAT_9_20230928T174939Z.tif,GAO20230927t185504p0000-A_l89_sr_LANDSAT_9_20230928T174939Z.tif
GAO20230927t190158p0000-A,/mnt/engg-leung/Research_No9_Methane_Emissions/Yuyao/raw_data_dir_L89_L2SR_by_gee/GAO20230927t190158p0000-A_l89_sr_LANDSAT_9_20230928T174939Z.tif,GAO20230927t190158p0000-A_l89_sr_LANDSAT_9_20230928T174939Z.tif
GAO20230927t191343p0000-A,/mnt/engg-leung/Research_No9_Methane_Emissions/Yuyao/raw_data_dir_L89_L2SR_by_gee/GAO20230927t191343p0000-A_l89_sr_LANDSAT_9_20230928T174939Z.tif,GAO20230927t191343p0000-A_l89_sr_LANDSAT_9_20230928T174939Z.tif
GAO20230927t191833p0000-A,/mnt/engg-leung/Research_No9_Methane_Emissions/Yuyao/raw_data_dir_L89_L2SR_by_gee/GAO20230927t191833p0000-A_l89_sr_LANDSAT_9_20230928T174939Z.tif,GAO20230927t191833p0000-A_l89_sr_LANDSAT_9_20230928T174939Z.tif
GAO20230927t193128p0000-A,/mnt/engg-leung/Research_No9_Methane_Emissions/Yuyao/raw_data_dir_L89_L2SR_by_gee/GAO20230927t193128p0000-A_l89_sr_LANDSAT_9_20230928T174939Z.tif,GAO20230927t193128p0000-A_l89_sr_LANDSAT_9_20230928T174939Z.tif
GAO20230927t193128p0000-B,/mnt/engg-leung/Research_No9_Methane_Emissions/Yuyao/raw_data_dir_L89_L2SR_by_gee/GAO20230927t193128p0000-B_l89_sr_LANDSAT_9_20230928T174939Z.tif,GAO20230927t193128p0000-B_l89_sr_LANDSAT_9_20230928T174939Z.tif
GAO20230927t193545p0000-A,/mnt/engg-leung/Research_No9_Methane_Emissions/Yuyao/raw_data_dir_L89_L2SR_by_gee/GAO20230927t193545p0000-A_l89_sr_LANDSAT_9_20230928T174939Z.tif,GAO20230927t193545p0000-A_l89_sr_LANDSAT_9_20230928T174939Z.tif
GAO20230928t172311p0000-A,/mnt/engg-leung/Research_No9_Methane_Emissions/Yuyao/raw_data_dir_L89_L2SR_by_gee/GAO20230928t172311p0000-A_l89_sr_LANDSAT_9_20230928T174939Z.tif,GAO20230928t172311p0000-A_l89_sr_LANDSAT_9_20230928T174939Z.tif
GAO20230928t172806p0000-A,/mnt/engg-leung/Research_No9_Methane_Emissions/Yuyao/raw_data_dir_L89_L2SR_by_gee/GAO20230928t172806p0000-A_l89_sr_LANDSAT_9_20230928T174939Z.tif,GAO20230928t172806p0000-A_l89_sr_LANDSAT_9_20230928T174939Z.tif
GAO20230929t170607p0000-A,/mnt/engg-leung/Research_No9_Methane_Emissions/Yuyao/raw_data_dir_L89_L2SR_by_gee/GAO20230929t170607p0000-A_l89_sr_LANDSAT_8_20230929T174336Z.tif,GAO20230929t170607p0000-A_l89_sr_LANDSAT_8_20230929T174336Z.tif
GAO20230929t171732p0000-A,/mnt/engg-leung/Research_No9_Methane_Emissions/Yuyao/raw_data_dir_L89_L2SR_by_gee/GAO20230929t171732p0000-A_l89_sr_LANDSAT_8_20230929T174336Z.tif,GAO20230929t171732p0000-A_l89_sr_LANDSAT_8_20230929T174336Z.tif
GAO20230929t184651p0000-A,/mnt/engg-leung/Research_No9_Methane_Emissions/Yuyao/raw_data_dir_L89_L2SR_by_gee/GAO20230929t184651p0000-A_l89_sr_LANDSAT_9_20230930T173720Z.tif,GAO20230929t184651p0000-A_l89_sr_LANDSAT_9_20230930T173720Z.tif
GAO20230929t190156p0000-A,/mnt/engg-leung/Research_No9_Methane_Emissions/Yuyao/raw_data_dir_L89_L2SR_by_gee/GAO20230929t190156p0000-A_l89_sr_LANDSAT_9_20230930T173720Z.tif,GAO20230929t190156p0000-A_l89_sr_LANDSAT_9_20230930T173720Z.tif
GAO20230929t191552p0000-A,/mnt/engg-leung/Research_No9_Methane_Emissions/Yuyao/raw_data_dir_L89_L2SR_by_gee/GAO20230929t191552p0000-A_l89_sr_LANDSAT_9_20230930T173720Z.tif,GAO20230929t191552p0000-A_l89_sr_LANDSAT_9_20230930T173720Z.tif
GAO20231005t181320p0000-A,/mnt/engg-leung/Research_No9_Methane_Emissions/Yuyao/raw_data_dir_L89_L2SR_by_gee/GAO20231005t181320p0000-A_l89_sr_LANDSAT_8_20231006T174946Z.tif,GAO20231005t181320p0000-A_l89_sr_LANDSAT_8_20231006T174946Z.tif
GAO20231005t183933p0000-A,/mnt/engg-leung/Research_No9_Methane_Emissions/Yuyao/raw_data_dir_L89_L2SR_by_gee/GAO20231005t183933p0000-A_l89_sr_LANDSAT_8_20231006T175010Z.tif,GAO20231005t183933p0000-A_l89_sr_LANDSAT_8_20231006T175010Z.tif
GAO20231005t190023p0000-C,/mnt/engg-leung/Research_No9_Methane_Emissions/Yuyao/raw_data_dir_L89_L2SR_by_gee/GAO20231005t190023p0000-C_l89_sr_LANDSAT_8_20231006T174946Z.tif,GAO20231005t190023p0000-C_l89_sr_LANDSAT_8_20231006T174946Z.tif
GAO20231005t191603p0000-A,/mnt/engg-leung/Research_No9_Methane_Emissions/Yuyao/raw_data_dir_L89_L2SR_by_gee/GAO20231005t191603p0000-A_l89_sr_LANDSAT_8_20231006T174946Z.tif,GAO20231005t191603p0000-A_l89_sr_LANDSAT_8_20231006T174946Z.tif
GAO20231005t193008p0000-A,/mnt/engg-leung/Research_No9_Methane_Emissions/Yuyao/raw_data_dir_L89_L2SR_by_gee/GAO20231005t193008p0000-A_l89_sr_LANDSAT_8_20231006T174946Z.tif,GAO20231005t193008p0000-A_l89_sr_LANDSAT_8_20231006T174946Z.tif
GAO20240415t183808p0000-A,/mnt/engg-leung/Research_No9_Methane_Emissions/Yuyao/raw_data_dir_L89_L2SR_by_gee/GAO20240415t183808p0000-A_l89_sr_LANDSAT_8_20240416T183401Z.tif,GAO20240415t183808p0000-A_l89_sr_LANDSAT_8_20240416T183401Z.tif
GAO20240415t183808p0000-B,/mnt/engg-leung/Research_No9_Methane_Emissions/Yuyao/raw_data_dir_L89_L2SR_by_gee/GAO20240415t183808p0000-B_l89_sr_LANDSAT_8_20240416T183401Z.tif,GAO20240415t183808p0000-B_l89_sr_LANDSAT_8_20240416T183401Z.tif
GAO20240415t183808p0000-D,/mnt/engg-leung/Research_No9_Methane_Emissions/Yuyao/raw_data_dir_L89_L2SR_by_gee/GAO20240415t183808p0000-D_l89_sr_LANDSAT_8_20240416T183401Z.tif,GAO20240415t183808p0000-D_l89_sr_LANDSAT_8_20240416T183401Z.tif
GAO20240415t190413p0000-A,/mnt/engg-leung/Research_No9_Methane_Emissions/Yuyao/raw_data_dir_L89_L2SR_by_gee/GAO20240415t190413p0000-A_l89_sr_LANDSAT_8_20240416T183401Z.tif,GAO20240415t190413p0000-A_l89_sr_LANDSAT_8_20240416T183401Z.tif
GAO20240415t190413p0000-C,/mnt/engg-leung/Research_No9_Methane_Emissions/Yuyao/raw_data_dir_L89_L2SR_by_gee/GAO20240415t190413p0000-C_l89_sr_LANDSAT_8_20240416T183401Z.tif,GAO20240415t190413p0000-C_l89_sr_LANDSAT_8_20240416T183401Z.tif
GAO20240415t190413p0000-D,/mnt/engg-leung/Research_No9_Methane_Emissions/Yuyao/raw_data_dir_L89_L2SR_by_gee/GAO20240415t190413p0000-D_l89_sr_LANDSAT_8_20240416T183401Z.tif,GAO20240415t190413p0000-D_l89_sr_LANDSAT_8_20240416T183401Z.tif
GAO20240415t190413p0000-E,/mnt/engg-leung/Research_No9_Methane_Emissions/Yuyao/raw_data_dir_L89_L2SR_by_gee/GAO20240415t190413p0000-E_l89_sr_LANDSAT_8_20240416T183401Z.tif,GAO20240415t190413p0000-E_l89_sr_LANDSAT_8_20240416T183401Z.tif
GAO20240415t193148p0000-A,/mnt/engg-leung/Research_No9_Methane_Emissions/Yuyao/raw_data_dir_L89_L2SR_by_gee/GAO20240415t193148p0000-A_l89_sr_LANDSAT_8_20240416T183401Z.tif,GAO20240415t193148p0000-A_l89_sr_LANDSAT_8_20240416T183401Z.tif
GAO20240415t193148p0000-B,/mnt/engg-leung/Research_No9_Methane_Emissions/Yuyao/raw_data_dir_L89_L2SR_by_gee/GAO20240415t193148p0000-B_l89_sr_LANDSAT_8_20240416T183401Z.tif,GAO20240415t193148p0000-B_l89_sr_LANDSAT_8_20240416T183401Z.tif
GAO20240415t193148p0000-C,/mnt/engg-leung/Research_No9_Methane_Emissions/Yuyao/raw_data_dir_L89_L2SR_by_gee/GAO20240415t193148p0000-C_l89_sr_LANDSAT_8_20240416T183401Z.tif,GAO20240415t193148p0000-C_l89_sr_LANDSAT_8_20240416T183401Z.tif
GAO20240416t172936p0000-A,/mnt/engg-leung/Research_No9_Methane_Emissions/Yuyao/raw_data_dir_L89_L2SR_by_gee/GAO20240416t172936p0000-A_l89_sr_LANDSAT_8_20240416T183401Z.tif,GAO20240416t172936p0000-A_l89_sr_LANDSAT_8_20240416T183401Z.tif
GAO20240416t172936p0000-B,/mnt/engg-leung/Research_No9_Methane_Emissions/Yuyao/raw_data_dir_L89_L2SR_by_gee/GAO20240416t172936p0000-B_l89_sr_LANDSAT_8_20240416T183401Z.tif,GAO20240416t172936p0000-B_l89_sr_LANDSAT_8_20240416T183401Z.tif
GAO20240512t173430p0000-A,/mnt/engg-leung/Research_No9_Methane_Emissions/Yuyao/raw_data_dir_L89_L2SR_by_gee/GAO20240512t173430p0000-A_l89_sr_LANDSAT_9_20240513T172652Z.tif,GAO20240512t173430p0000-A_l89_sr_LANDSAT_9_20240513T172652Z.tif
GAO20240512t173430p0000-B,/mnt/engg-leung/Research_No9_Methane_Emissions/Yuyao/raw_data_dir_L89_L2SR_by_gee/GAO20240512t173430p0000-B_l89_sr_LANDSAT_9_20240513T172652Z.tif,GAO20240512t173430p0000-B_l89_sr_LANDSAT_9_20240513T172652Z.tif
GAO20240512t173430p0000-C,/mnt/engg-leung/Research_No9_Methane_Emissions/Yuyao/raw_data_dir_L89_L2SR_by_gee/GAO20240512t173430p0000-C_l89_sr_LANDSAT_9_20240513T172652Z.tif,GAO20240512t173430p0000-C_l89_sr_LANDSAT_9_20240513T172652Z.tif
GAO20240512t173430p0000-D,/mnt/engg-leung/Research_No9_Methane_Emissions/Yuyao/raw_data_dir_L89_L2SR_by_gee/GAO20240512t173430p0000-D_l89_sr_LANDSAT_9_20240513T172652Z.tif,GAO20240512t173430p0000-D_l89_sr_LANDSAT_9_20240513T172652Z.tif
GAO20240512t173430p0000-G,/mnt/engg-leung/Research_No9_Methane_Emissions/Yuyao/raw_data_dir_L89_L2SR_by_gee/GAO20240512t173430p0000-G_l89_sr_LANDSAT_9_20240513T172652Z.tif,GAO20240512t173430p0000-G_l89_sr_LANDSAT_9_20240513T172652Z.tif
GAO20240512t173430p0000-H,/mnt/engg-leung/Research_No9_Methane_Emissions/Yuyao/raw_data_dir_L89_L2SR_by_gee/GAO20240512t173430p0000-H_l89_sr_LANDSAT_9_20240513T172652Z.tif,GAO20240512t173430p0000-H_l89_sr_LANDSAT_9_20240513T172652Z.tif
GAO20240512t174305p0000-A,/mnt/engg-leung/Research_No9_Methane_Emissions/Yuyao/raw_data_dir_L89_L2SR_by_gee/GAO20240512t174305p0000-A_l89_sr_LANDSAT_9_20240513T172652Z.tif,GAO20240512t174305p0000-A_l89_sr_LANDSAT_9_20240513T172652Z.tif
GAO20240512t174305p0000-B,/mnt/engg-leung/Research_No9_Methane_Emissions/Yuyao/raw_data_dir_L89_L2SR_by_gee/GAO20240512t174305p0000-B_l89_sr_LANDSAT_9_20240513T172652Z.tif,GAO20240512t174305p0000-B_l89_sr_LANDSAT_9_20240513T172652Z.tif
GAO20240512t174305p0000-C,/mnt/engg-leung/Research_No9_Methane_Emissions/Yuyao/raw_data_dir_L89_L2SR_by_gee/GAO20240512t174305p0000-C_l89_sr_LANDSAT_9_20240513T172652Z.tif,GAO20240512t174305p0000-C_l89_sr_LANDSAT_9_20240513T172652Z.tif
GAO20240512t174305p0000-D,/mnt/engg-leung/Research_No9_Methane_Emissions/Yuyao/raw_data_dir_L89_L2SR_by_gee/GAO20240512t174305p0000-D_l89_sr_LANDSAT_9_20240513T172652Z.tif,GAO20240512t174305p0000-D_l89_sr_LANDSAT_9_20240513T172652Z.tif
GAO20240512t174305p0000-E,/mnt/engg-leung/Research_No9_Methane_Emissions/Yuyao/raw_data_dir_L89_L2SR_by_gee/GAO20240512t174305p0000-E_l89_sr_LANDSAT_9_20240513T172652Z.tif,GAO20240512t174305p0000-E_l89_sr_LANDSAT_9_20240513T172652Z.tif
GAO20240512t174305p0000-F,/mnt/engg-leung/Research_No9_Methane_Emissions/Yuyao/raw_data_dir_L89_L2SR_by_gee/GAO20240512t174305p0000-F_l89_sr_LANDSAT_9_20240513T172652Z.tif,GAO20240512t174305p0000-F_l89_sr_LANDSAT_9_20240513T172652Z.tif
GAO20240512t175215p0000-A,/mnt/engg-leung/Research_No9_Methane_Emissions/Yuyao/raw_data_dir_L89_L2SR_by_gee/GAO20240512t175215p0000-A_l89_sr_LANDSAT_9_20240513T172652Z.tif,GAO20240512t175215p0000-A_l89_sr_LANDSAT_9_20240513T172652Z.tif
GAO20240512t175215p0000-B,/mnt/engg-leung/Research_No9_Methane_Emissions/Yuyao/raw_data_dir_L89_L2SR_by_gee/GAO20240512t175215p0000-B_l89_sr_LANDSAT_9_20240513T172652Z.tif,GAO20240512t175215p0000-B_l89_sr_LANDSAT_9_20240513T172652Z.tif
GAO20240512t175215p0000-C,/mnt/engg-leung/Research_No9_Methane_Emissions/Yuyao/raw_data_dir_L89_L2SR_by_gee/GAO20240512t175215p0000-C_l89_sr_LANDSAT_9_20240513T172652Z.tif,GAO20240512t175215p0000-C_l89_sr_LANDSAT_9_20240513T172652Z.tif
GAO20240512t175215p0000-D,/mnt/engg-leung/Research_No9_Methane_Emissions/Yuyao/raw_data_dir_L89_L2SR_by_gee/GAO20240512t175215p0000-D_l89_sr_LANDSAT_9_20240513T172652Z.tif,GAO20240512t175215p0000-D_l89_sr_LANDSAT_9_20240513T172652Z.tif
GAO20240512t175215p0000-E,/mnt/engg-leung/Research_No9_Methane_Emissions/Yuyao/raw_data_dir_L89_L2SR_by_gee/GAO20240512t175215p0000-E_l89_sr_LANDSAT_9_20240513T172652Z.tif,GAO20240512t175215p0000-E_l89_sr_LANDSAT_9_20240513T172652Z.tif
GAO20240512t175215p0000-F,/mnt/engg-leung/Research_No9_Methane_Emissions/Yuyao/raw_data_dir_L89_L2SR_by_gee/GAO20240512t175215p0000-F_l89_sr_LANDSAT_9_20240513T172652Z.tif,GAO20240512t175215p0000-F_l89_sr_LANDSAT_9_20240513T172652Z.tif
GAO20240512t180055p0000-A,/mnt/engg-leung/Research_No9_Methane_Emissions/Yuyao/raw_data_dir_L89_L2SR_by_gee/GAO20240512t180055p0000-A_l89_sr_LANDSAT_9_20240513T172652Z.tif,GAO20240512t180055p0000-A_l89_sr_LANDSAT_9_20240513T172652Z.tif
GAO20240512t180055p0000-D,/mnt/engg-leung/Research_No9_Methane_Emissions/Yuyao/raw_data_dir_L89_L2SR_by_gee/GAO20240512t180055p0000-D_l89_sr_LANDSAT_9_20240513T172652Z.tif,GAO20240512t180055p0000-D_l89_sr_LANDSAT_9_20240513T172652Z.tif
GAO20240512t180055p0000-E,/mnt/engg-leung/Research_No9_Methane_Emissions/Yuyao/raw_data_dir_L89_L2SR_by_gee/GAO20240512t180055p0000-E_l89_sr_LANDSAT_9_20240513T172628Z.tif,GAO20240512t180055p0000-E_l89_sr_LANDSAT_9_20240513T172628Z.tif
GAO20240512t181035p0000-A,/mnt/engg-leung/Research_No9_Methane_Emissions/Yuyao/raw_data_dir_L89_L2SR_by_gee/GAO20240512t181035p0000-A_l89_sr_LANDSAT_9_20240513T172652Z.tif,GAO20240512t181035p0000-A_l89_sr_LANDSAT_9_20240513T172652Z.tif
GAO20240512t181035p0000-B,/mnt/engg-leung/Research_No9_Methane_Emissions/Yuyao/raw_data_dir_L89_L2SR_by_gee/GAO20240512t181035p0000-B_l89_sr_LANDSAT_9_20240513T172652Z.tif,GAO20240512t181035p0000-B_l89_sr_LANDSAT_9_20240513T172652Z.tif
GAO20240512t181035p0000-C,/mnt/engg-leung/Research_No9_Methane_Emissions/Yuyao/raw_data_dir_L89_L2SR_by_gee/GAO20240512t181035p0000-C_l89_sr_LANDSAT_9_20240513T172652Z.tif,GAO20240512t181035p0000-C_l89_sr_LANDSAT_9_20240513T172652Z.tif
GAO20240512t181850p0000-A,/mnt/engg-leung/Research_No9_Methane_Emissions/Yuyao/raw_data_dir_L89_L2SR_by_gee/GAO20240512t181850p0000-A_l89_sr_LANDSAT_9_20240513T172652Z.tif,GAO20240512t181850p0000-A_l89_sr_LANDSAT_9_20240513T172652Z.tif
GAO20240512t181850p0000-B,/mnt/engg-leung/Research_No9_Methane_Emissions/Yuyao/raw_data_dir_L89_L2SR_by_gee/GAO20240512t181850p0000-B_l89_sr_LANDSAT_9_20240513T172652Z.tif,GAO20240512t181850p0000-B_l89_sr_LANDSAT_9_20240513T172652Z.tif
GAO20240512t181850p0000-C,/mnt/engg-leung/Research_No9_Methane_Emissions/Yuyao/raw_data_dir_L89_L2SR_by_gee/GAO20240512t181850p0000-C_l89_sr_LANDSAT_9_20240513T172652Z.tif,GAO20240512t181850p0000-C_l89_sr_LANDSAT_9_20240513T172652Z.tif
GAO20240512t182852p0000-A,/mnt/engg-leung/Research_No9_Methane_Emissions/Yuyao/raw_data_dir_L89_L2SR_by_gee/GAO20240512t182852p0000-A_l89_sr_LANDSAT_9_20240513T172652Z.tif,GAO20240512t182852p0000-A_l89_sr_LANDSAT_9_20240513T172652Z.tif
GAO20240512t182852p0000-B,/mnt/engg-leung/Research_No9_Methane_Emissions/Yuyao/raw_data_dir_L89_L2SR_by_gee/GAO20240512t182852p0000-B_l89_sr_LANDSAT_9_20240513T172652Z.tif,GAO20240512t182852p0000-B_l89_sr_LANDSAT_9_20240513T172652Z.tif
GAO20240512t182852p0000-D,/mnt/engg-leung/Research_No9_Methane_Emissions/Yuyao/raw_data_dir_L89_L2SR_by_gee/GAO20240512t182852p0000-D_l89_sr_LANDSAT_9_20240513T172652Z.tif,GAO20240512t182852p0000-D_l89_sr_LANDSAT_9_20240513T172652Z.tif
GAO20240512t183716p0000-B,/mnt/engg-leung/Research_No9_Methane_Emissions/Yuyao/raw_data_dir_L89_L2SR_by_gee/GAO20240512t183716p0000-B_l89_sr_LANDSAT_9_20240513T172652Z.tif,GAO20240512t183716p0000-B_l89_sr_LANDSAT_9_20240513T172652Z.tif
GAO20240512t183716p0000-E,/mnt/engg-leung/Research_No9_Methane_Emissions/Yuyao/raw_data_dir_L89_L2SR_by_gee/GAO20240512t183716p0000-E_l89_sr_LANDSAT_9_20240513T172652Z.tif,GAO20240512t183716p0000-E_l89_sr_LANDSAT_9_20240513T172652Z.tif
GAO20240512t183716p0000-J,/mnt/engg-leung/Research_No9_Methane_Emissions/Yuyao/raw_data_dir_L89_L2SR_by_gee/GAO20240512t183716p0000-J_l89_sr_LANDSAT_9_20240513T172652Z.tif,GAO20240512t183716p0000-J_l89_sr_LANDSAT_9_20240513T172652Z.tif
GAO20240513t152858p0000-B,/mnt/engg-leung/Research_No9_Methane_Emissions/Yuyao/raw_data_dir_L89_L2SR_by_gee/GAO20240513t152858p0000-B_l89_sr_LANDSAT_9_20240513T172652Z.tif,GAO20240513t152858p0000-B_l89_sr_LANDSAT_9_20240513T172652Z.tif
GAO20240513t152858p0000-D,/mnt/engg-leung/Research_No9_Methane_Emissions/Yuyao/raw_data_dir_L89_L2SR_by_gee/GAO20240513t152858p0000-D_l89_sr_LANDSAT_9_20240513T172652Z.tif,GAO20240513t152858p0000-D_l89_sr_LANDSAT_9_20240513T172652Z.tif
GAO20240513t152858p0000-E,/mnt/engg-leung/Research_No9_Methane_Emissions/Yuyao/raw_data_dir_L89_L2SR_by_gee/GAO20240513t152858p0000-E_l89_sr_LANDSAT_9_20240513T172652Z.tif,GAO20240513t152858p0000-E_l89_sr_LANDSAT_9_20240513T172652Z.tif
GAO20240513t153749p0000-A,/mnt/engg-leung/Research_No9_Methane_Emissions/Yuyao/raw_data_dir_L89_L2SR_by_gee/GAO20240513t153749p0000-A_l89_sr_LANDSAT_9_20240513T172652Z.tif,GAO20240513t153749p0000-A_l89_sr_LANDSAT_9_20240513T172652Z.tif
GAO20240513t153749p0000-B,/mnt/engg-leung/Research_No9_Methane_Emissions/Yuyao/raw_data_dir_L89_L2SR_by_gee/GAO20240513t153749p0000-B_l89_sr_LANDSAT_9_20240513T172652Z.tif,GAO20240513t153749p0000-B_l89_sr_LANDSAT_9_20240513T172652Z.tif
GAO20240513t153749p0000-C,/mnt/engg-leung/Research_No9_Methane_Emissions/Yuyao/raw_data_dir_L89_L2SR_by_gee/GAO20240513t153749p0000-C_l89_sr_LANDSAT_9_20240513T172652Z.tif,GAO20240513t153749p0000-C_l89_sr_LANDSAT_9_20240513T172652Z.tif
GAO20240513t153749p0000-D,/mnt/engg-leung/Research_No9_Methane_Emissions/Yuyao/raw_data_dir_L89_L2SR_by_gee/GAO20240513t153749p0000-D_l89_sr_LANDSAT_9_20240513T172652Z.tif,GAO20240513t153749p0000-D_l89_sr_LANDSAT_9_20240513T172652Z.tif
GAO20240513t153749p0000-E,/mnt/engg-leung/Research_No9_Methane_Emissions/Yuyao/raw_data_dir_L89_L2SR_by_gee/GAO20240513t153749p0000-E_l89_sr_LANDSAT_9_20240513T172652Z.tif,GAO20240513t153749p0000-E_l89_sr_LANDSAT_9_20240513T172652Z.tif
GAO20240513t153749p0000-F,/mnt/engg-leung/Research_No9_Methane_Emissions/Yuyao/raw_data_dir_L89_L2SR_by_gee/GAO20240513t153749p0000-F_l89_sr_LANDSAT_9_20240513T172652Z.tif,GAO20240513t153749p0000-F_l89_sr_LANDSAT_9_20240513T172652Z.tif
GAO20240513t153749p0000-G,/mnt/engg-leung/Research_No9_Methane_Emissions/Yuyao/raw_data_dir_L89_L2SR_by_gee/GAO20240513t153749p0000-G_l89_sr_LANDSAT_9_20240513T172652Z.tif,GAO20240513t153749p0000-G_l89_sr_LANDSAT_9_20240513T172652Z.tif
GAO20240513t153749p0000-H,/mnt/engg-leung/Research_No9_Methane_Emissions/Yuyao/raw_data_dir_L89_L2SR_by_gee/GAO20240513t153749p0000-H_l89_sr_LANDSAT_9_20240513T172652Z.tif,GAO20240513t153749p0000-H_l89_sr_LANDSAT_9_20240513T172652Z.tif
GAO20240513t153749p0000-L,/mnt/engg-leung/Research_No9_Methane_Emissions/Yuyao/raw_data_dir_L89_L2SR_by_gee/GAO20240513t153749p0000-L_l89_sr_LANDSAT_9_20240513T172652Z.tif,GAO20240513t153749p0000-L_l89_sr_LANDSAT_9_20240513T172652Z.tif
GAO20240513t153749p0000-M,/mnt/engg-leung/Research_No9_Methane_Emissions/Yuyao/raw_data_dir_L89_L2SR_by_gee/GAO20240513t153749p0000-M_l89_sr_LANDSAT_9_20240513T172652Z.tif,GAO20240513t153749p0000-M_l89_sr_LANDSAT_9_20240513T172652Z.tif
GAO20240513t153749p0000-N,/mnt/engg-leung/Research_No9_Methane_Emissions/Yuyao/raw_data_dir_L89_L2SR_by_gee/GAO20240513t153749p0000-N_l89_sr_LANDSAT_9_20240513T172652Z.tif,GAO20240513t153749p0000-N_l89_sr_LANDSAT_9_20240513T172652Z.tif
GAO20240513t154638p0000-A,/mnt/engg-leung/Research_No9_Methane_Emissions/Yuyao/raw_data_dir_L89_L2SR_by_gee/GAO20240513t154638p0000-A_l89_sr_LANDSAT_9_20240513T172652Z.tif,GAO20240513t154638p0000-A_l89_sr_LANDSAT_9_20240513T172652Z.tif
GAO20240513t154638p0000-B,/mnt/engg-leung/Research_No9_Methane_Emissions/Yuyao/raw_data_dir_L89_L2SR_by_gee/GAO20240513t154638p0000-B_l89_sr_LANDSAT_9_20240513T172652Z.tif,GAO20240513t154638p0000-B_l89_sr_LANDSAT_9_20240513T172652Z.tif
GAO20240513t154638p0000-C,/mnt/engg-leung/Research_No9_Methane_Emissions/Yuyao/raw_data_dir_L89_L2SR_by_gee/GAO20240513t154638p0000-C_l89_sr_LANDSAT_9_20240513T172652Z.tif,GAO20240513t154638p0000-C_l89_sr_LANDSAT_9_20240513T172652Z.tif
GAO20240513t154638p0000-D,/mnt/engg-leung/Research_No9_Methane_Emissions/Yuyao/raw_data_dir_L89_L2SR_by_gee/GAO20240513t154638p0000-D_l89_sr_LANDSAT_9_20240513T172652Z.tif,GAO20240513t154638p0000-D_l89_sr_LANDSAT_9_20240513T172652Z.tif
GAO20240513t154638p0000-E,/mnt/engg-leung/Research_No9_Methane_Emissions/Yuyao/raw_data_dir_L89_L2SR_by_gee/GAO20240513t154638p0000-E_l89_sr_LANDSAT_9_20240513T172652Z.tif,GAO20240513t154638p0000-E_l89_sr_LANDSAT_9_20240513T172652Z.tif
GAO20240513t154638p0000-F,/mnt/engg-leung/Research_No9_Methane_Emissions/Yuyao/raw_data_dir_L89_L2SR_by_gee/GAO20240513t154638p0000-F_l89_sr_LANDSAT_9_20240513T172652Z.tif,GAO20240513t154638p0000-F_l89_sr_LANDSAT_9_20240513T172652Z.tif
GAO20240513t154638p0000-G,/mnt/engg-leung/Research_No9_Methane_Emissions/Yuyao/raw_data_dir_L89_L2SR_by_gee/GAO20240513t154638p0000-G_l89_sr_LANDSAT_9_20240513T172652Z.tif,GAO20240513t154638p0000-G_l89_sr_LANDSAT_9_20240513T172652Z.tif
GAO20240513t154638p0000-H,/mnt/engg-leung/Research_No9_Methane_Emissions/Yuyao/raw_data_dir_L89_L2SR_by_gee/GAO20240513t154638p0000-H_l89_sr_LANDSAT_9_20240513T172652Z.tif,GAO20240513t154638p0000-H_l89_sr_LANDSAT_9_20240513T172652Z.tif
GAO20240513t154638p0000-I,/mnt/engg-leung/Research_No9_Methane_Emissions/Yuyao/raw_data_dir_L89_L2SR_by_gee/GAO20240513t154638p0000-I_l89_sr_LANDSAT_9_20240513T172652Z.tif,GAO20240513t154638p0000-I_l89_sr_LANDSAT_9_20240513T172652Z.tif
GAO20240513t155454p0000-A,/mnt/engg-leung/Research_No9_Methane_Emissions/Yuyao/raw_data_dir_L89_L2SR_by_gee/GAO20240513t155454p0000-A_l89_sr_LANDSAT_9_20240513T172652Z.tif,GAO20240513t155454p0000-A_l89_sr_LANDSAT_9_20240513T172652Z.tif
GAO20240513t155454p0000-B,/mnt/engg-leung/Research_No9_Methane_Emissions/Yuyao/raw_data_dir_L89_L2SR_by_gee/GAO20240513t155454p0000-B_l89_sr_LANDSAT_9_20240513T172652Z.tif,GAO20240513t155454p0000-B_l89_sr_LANDSAT_9_20240513T172652Z.tif
GAO20240513t155454p0000-C,/mnt/engg-leung/Research_No9_Methane_Emissions/Yuyao/raw_data_dir_L89_L2SR_by_gee/GAO20240513t155454p0000-C_l89_sr_LANDSAT_9_20240513T172652Z.tif,GAO20240513t155454p0000-C_l89_sr_LANDSAT_9_20240513T172652Z.tif
GAO20240513t155454p0000-D,/mnt/engg-leung/Research_No9_Methane_Emissions/Yuyao/raw_data_dir_L89_L2SR_by_gee/GAO20240513t155454p0000-D_l89_sr_LANDSAT_9_20240513T172652Z.tif,GAO20240513t155454p0000-D_l89_sr_LANDSAT_9_20240513T172652Z.tif
GAO20240513t155454p0000-E,/mnt/engg-leung/Research_No9_Methane_Emissions/Yuyao/raw_data_dir_L89_L2SR_by_gee/GAO20240513t155454p0000-E_l89_sr_LANDSAT_9_20240513T172652Z.tif,GAO20240513t155454p0000-E_l89_sr_LANDSAT_9_20240513T172652Z.tif
GAO20240513t155454p0000-F,/mnt/engg-leung/Research_No9_Methane_Emissions/Yuyao/raw_data_dir_L89_L2SR_by_gee/GAO20240513t155454p0000-F_l89_sr_LANDSAT_9_20240513T172652Z.tif,GAO20240513t155454p0000-F_l89_sr_LANDSAT_9_20240513T172652Z.tif
GAO20240513t155454p0000-I,/mnt/engg-leung/Research_No9_Methane_Emissions/Yuyao/raw_data_dir_L89_L2SR_by_gee/GAO20240513t155454p0000-I_l89_sr_LANDSAT_9_20240513T172652Z.tif,GAO20240513t155454p0000-I_l89_sr_LANDSAT_9_20240513T172652Z.tif
GAO20240513t155454p0000-J,/mnt/engg-leung/Research_No9_Methane_Emissions/Yuyao/raw_data_dir_L89_L2SR_by_gee/GAO20240513t155454p0000-J_l89_sr_LANDSAT_9_20240513T172652Z.tif,GAO20240513t155454p0000-J_l89_sr_LANDSAT_9_20240513T172652Z.tif
GAO20240513t160320p0000-B,/mnt/engg-leung/Research_No9_Methane_Emissions/Yuyao/raw_data_dir_L89_L2SR_by_gee/GAO20240513t160320p0000-B_l89_sr_LANDSAT_9_20240513T172652Z.tif,GAO20240513t160320p0000-B_l89_sr_LANDSAT_9_20240513T172652Z.tif
GAO20240513t160320p0000-C,/mnt/engg-leung/Research_No9_Methane_Emissions/Yuyao/raw_data_dir_L89_L2SR_by_gee/GAO20240513t160320p0000-C_l89_sr_LANDSAT_9_20240513T172652Z.tif,GAO20240513t160320p0000-C_l89_sr_LANDSAT_9_20240513T172652Z.tif
GAO20240513t160320p0000-D,/mnt/engg-leung/Research_No9_Methane_Emissions/Yuyao/raw_data_dir_L89_L2SR_by_gee/GAO20240513t160320p0000-D_l89_sr_LANDSAT_9_20240513T172652Z.tif,GAO20240513t160320p0000-D_l89_sr_LANDSAT_9_20240513T172652Z.tif
GAO20240513t160320p0000-E,/mnt/engg-leung/Research_No9_Methane_Emissions/Yuyao/raw_data_dir_L89_L2SR_by_gee/GAO20240513t160320p0000-E_l89_sr_LANDSAT_9_20240513T172652Z.tif,GAO20240513t160320p0000-E_l89_sr_LANDSAT_9_20240513T172652Z.tif
GAO20240513t160320p0000-F,/mnt/engg-leung/Research_No9_Methane_Emissions/Yuyao/raw_data_dir_L89_L2SR_by_gee/GAO20240513t160320p0000-F_l89_sr_LANDSAT_9_20240513T172652Z.tif,GAO20240513t160320p0000-F_l89_sr_LANDSAT_9_20240513T172652Z.tif
GAO20240513t160320p0000-H,/mnt/engg-leung/Research_No9_Methane_Emissions/Yuyao/raw_data_dir_L89_L2SR_by_gee/GAO20240513t160320p0000-H_l89_sr_LANDSAT_9_20240513T172652Z.tif,GAO20240513t160320p0000-H_l89_sr_LANDSAT_9_20240513T172652Z.tif
GAO20240513t160320p0000-J,/mnt/engg-leung/Research_No9_Methane_Emissions/Yuyao/raw_data_dir_L89_L2SR_by_gee/GAO20240513t160320p0000-J_l89_sr_LANDSAT_9_20240513T172652Z.tif,GAO20240513t160320p0000-J_l89_sr_LANDSAT_9_20240513T172652Z.tif
GAO20240513t160320p0000-L,/mnt/engg-leung/Research_No9_Methane_Emissions/Yuyao/raw_data_dir_L89_L2SR_by_gee/GAO20240513t160320p0000-L_l89_sr_LANDSAT_9_20240513T172652Z.tif,GAO20240513t160320p0000-L_l89_sr_LANDSAT_9_20240513T172652Z.tif
GAO20240513t161243p0000-A,/mnt/engg-leung/Research_No9_Methane_Emissions/Yuyao/raw_data_dir_L89_L2SR_by_gee/GAO20240513t161243p0000-A_l89_sr_LANDSAT_9_20240513T172652Z.tif,GAO20240513t161243p0000-A_l89_sr_LANDSAT_9_20240513T172652Z.tif
GAO20240513t161243p0000-B,/mnt/engg-leung/Research_No9_Methane_Emissions/Yuyao/raw_data_dir_L89_L2SR_by_gee/GAO20240513t161243p0000-B_l89_sr_LANDSAT_9_20240513T172652Z.tif,GAO20240513t161243p0000-B_l89_sr_LANDSAT_9_20240513T172652Z.tif
GAO20240513t161243p0000-E,/mnt/engg-leung/Research_No9_Methane_Emissions/Yuyao/raw_data_dir_L89_L2SR_by_gee/GAO20240513t161243p0000-E_l89_sr_LANDSAT_9_20240513T172652Z.tif,GAO20240513t161243p0000-E_l89_sr_LANDSAT_9_20240513T172652Z.tif
GAO20240513t161243p0000-F,/mnt/engg-leung/Research_No9_Methane_Emissions/Yuyao/raw_data_dir_L89_L2SR_by_gee/GAO20240513t161243p0000-F_l89_sr_LANDSAT_9_20240513T172628Z.tif,GAO20240513t161243p0000-F_l89_sr_LANDSAT_9_20240513T172628Z.tif
GAO20240513t161243p0000-G,/mnt/engg-leung/Research_No9_Methane_Emissions/Yuyao/raw_data_dir_L89_L2SR_by_gee/GAO20240513t161243p0000-G_l89_sr_LANDSAT_9_20240513T172652Z.tif,GAO20240513t161243p0000-G_l89_sr_LANDSAT_9_20240513T172652Z.tif
GAO20240513t161243p0000-I,/mnt/engg-leung/Research_No9_Methane_Emissions/Yuyao/raw_data_dir_L89_L2SR_by_gee/GAO20240513t161243p0000-I_l89_sr_LANDSAT_9_20240513T172652Z.tif,GAO20240513t161243p0000-I_l89_sr_LANDSAT_9_20240513T172652Z.tif
GAO20240513t162138p0000-A,/mnt/engg-leung/Research_No9_Methane_Emissions/Yuyao/raw_data_dir_L89_L2SR_by_gee/GAO20240513t162138p0000-A_l89_sr_LANDSAT_9_20240513T172652Z.tif,GAO20240513t162138p0000-A_l89_sr_LANDSAT_9_20240513T172652Z.tif
GAO20240513t162138p0000-C,/mnt/engg-leung/Research_No9_Methane_Emissions/Yuyao/raw_data_dir_L89_L2SR_by_gee/GAO20240513t162138p0000-C_l89_sr_LANDSAT_9_20240513T172628Z.tif,GAO20240513t162138p0000-C_l89_sr_LANDSAT_9_20240513T172628Z.tif
GAO20240513t162138p0000-D,/mnt/engg-leung/Research_No9_Methane_Emissions/Yuyao/raw_data_dir_L89_L2SR_by_gee/GAO20240513t162138p0000-D_l89_sr_LANDSAT_9_20240513T172652Z.tif,GAO20240513t162138p0000-D_l89_sr_LANDSAT_9_20240513T172652Z.tif
GAO20240513t162138p0000-E,/mnt/engg-leung/Research_No9_Methane_Emissions/Yuyao/raw_data_dir_L89_L2SR_by_gee/GAO20240513t162138p0000-E_l89_sr_LANDSAT_9_20240513T172652Z.tif,GAO20240513t162138p0000-E_l89_sr_LANDSAT_9_20240513T172652Z.tif
GAO20240513t163124p0000-A,/mnt/engg-leung/Research_No9_Methane_Emissions/Yuyao/raw_data_dir_L89_L2SR_by_gee/GAO20240513t163124p0000-A_l89_sr_LANDSAT_9_20240513T172652Z.tif,GAO20240513t163124p0000-A_l89_sr_LANDSAT_9_20240513T172652Z.tif
GAO20240513t163124p0000-B,/mnt/engg-leung/Research_No9_Methane_Emissions/Yuyao/raw_data_dir_L89_L2SR_by_gee/GAO20240513t163124p0000-B_l89_sr_LANDSAT_9_20240513T172652Z.tif,GAO20240513t163124p0000-B_l89_sr_LANDSAT_9_20240513T172652Z.tif
GAO20240513t163124p0000-C,/mnt/engg-leung/Research_No9_Methane_Emissions/Yuyao/raw_data_dir_L89_L2SR_by_gee/GAO20240513t163124p0000-C_l89_sr_LANDSAT_9_20240513T172652Z.tif,GAO20240513t163124p0000-C_l89_sr_LANDSAT_9_20240513T172652Z.tif
GAO20240513t163124p0000-D,/mnt/engg-leung/Research_No9_Methane_Emissions/Yuyao/raw_data_dir_L89_L2SR_by_gee/GAO20240513t163124p0000-D_l89_sr_LANDSAT_9_20240513T172652Z.tif,GAO20240513t163124p0000-D_l89_sr_LANDSAT_9_20240513T172652Z.tif
GAO20240513t163124p0000-E,/mnt/engg-leung/Research_No9_Methane_Emissions/Yuyao/raw_data_dir_L89_L2SR_by_gee/GAO20240513t163124p0000-E_l89_sr_LANDSAT_9_20240513T172652Z.tif,GAO20240513t163124p0000-E_l89_sr_LANDSAT_9_20240513T172652Z.tif
GAO20240513t163124p0000-G,/mnt/engg-leung/Research_No9_Methane_Emissions/Yuyao/raw_data_dir_L89_L2SR_by_gee/GAO20240513t163124p0000-G_l89_sr_LANDSAT_9_20240513T172652Z.tif,GAO20240513t163124p0000-G_l89_sr_LANDSAT_9_20240513T172652Z.tif
GAO20240513t163124p0000-H,/mnt/engg-leung/Research_No9_Methane_Emissions/Yuyao/raw_data_dir_L89_L2SR_by_gee/GAO20240513t163124p0000-H_l89_sr_LANDSAT_9_20240513T172652Z.tif,GAO20240513t163124p0000-H_l89_sr_LANDSAT_9_20240513T172652Z.tif
GAO20240513t163124p0000-I,/mnt/engg-leung/Research_No9_Methane_Emissions/Yuyao/raw_data_dir_L89_L2SR_by_gee/GAO20240513t163124p0000-I_l89_sr_LANDSAT_9_20240513T172652Z.tif,GAO20240513t163124p0000-I_l89_sr_LANDSAT_9_20240513T172652Z.tif
GAO20240513t164003p0000-A,/mnt/engg-leung/Research_No9_Methane_Emissions/Yuyao/raw_data_dir_L89_L2SR_by_gee/GAO20240513t164003p0000-A_l89_sr_LANDSAT_9_20240513T172652Z.tif,GAO20240513t164003p0000-A_l89_sr_LANDSAT_9_20240513T172652Z.tif
GAO20240513t164003p0000-B,/mnt/engg-leung/Research_No9_Methane_Emissions/Yuyao/raw_data_dir_L89_L2SR_by_gee/GAO20240513t164003p0000-B_l89_sr_LANDSAT_9_20240513T172652Z.tif,GAO20240513t164003p0000-B_l89_sr_LANDSAT_9_20240513T172652Z.tif
GAO20240513t164003p0000-C,/mnt/engg-leung/Research_No9_Methane_Emissions/Yuyao/raw_data_dir_L89_L2SR_by_gee/GAO20240513t164003p0000-C_l89_sr_LANDSAT_9_20240513T172652Z.tif,GAO20240513t164003p0000-C_l89_sr_LANDSAT_9_20240513T172652Z.tif
GAO20240513t164003p0000-D,/mnt/engg-leung/Research_No9_Methane_Emissions/Yuyao/raw_data_dir_L89_L2SR_by_gee/GAO20240513t164003p0000-D_l89_sr_LANDSAT_9_20240513T172652Z.tif,GAO20240513t164003p0000-D_l89_sr_LANDSAT_9_20240513T172652Z.tif
GAO20240513t164003p0000-E,/mnt/engg-leung/Research_No9_Methane_Emissions/Yuyao/raw_data_dir_L89_L2SR_by_gee/GAO20240513t164003p0000-E_l89_sr_LANDSAT_9_20240513T172652Z.tif,GAO20240513t164003p0000-E_l89_sr_LANDSAT_9_20240513T172652Z.tif
GAO20240513t164908p0000-A,/mnt/engg-leung/Research_No9_Methane_Emissions/Yuyao/raw_data_dir_L89_L2SR_by_gee/GAO20240513t164908p0000-A_l89_sr_LANDSAT_9_20240513T172652Z.tif,GAO20240513t164908p0000-A_l89_sr_LANDSAT_9_20240513T172652Z.tif
GAO20240513t164908p0000-B,/mnt/engg-leung/Research_No9_Methane_Emissions/Yuyao/raw_data_dir_L89_L2SR_by_gee/GAO20240513t164908p0000-B_l89_sr_LANDSAT_9_20240513T172652Z.tif,GAO20240513t164908p0000-B_l89_sr_LANDSAT_9_20240513T172652Z.tif
GAO20240513t164908p0000-C,/mnt/engg-leung/Research_No9_Methane_Emissions/Yuyao/raw_data_dir_L89_L2SR_by_gee/GAO20240513t164908p0000-C_l89_sr_LANDSAT_9_20240513T172652Z.tif,GAO20240513t164908p0000-C_l89_sr_LANDSAT_9_20240513T172652Z.tif
GAO20240513t164908p0000-D,/mnt/engg-leung/Research_No9_Methane_Emissions/Yuyao/raw_data_dir_L89_L2SR_by_gee/GAO20240513t164908p0000-D_l89_sr_LANDSAT_9_20240513T172652Z.tif,GAO20240513t164908p0000-D_l89_sr_LANDSAT_9_20240513T172652Z.tif
GAO20240513t164908p0000-E,/mnt/engg-leung/Research_No9_Methane_Emissions/Yuyao/raw_data_dir_L89_L2SR_by_gee/GAO20240513t164908p0000-E_l89_sr_LANDSAT_9_20240513T172652Z.tif,GAO20240513t164908p0000-E_l89_sr_LANDSAT_9_20240513T172652Z.tif
GAO20240513t164908p0000-F,/mnt/engg-leung/Research_No9_Methane_Emissions/Yuyao/raw_data_dir_L89_L2SR_by_gee/GAO20240513t164908p0000-F_l89_sr_LANDSAT_9_20240513T172652Z.tif,GAO20240513t164908p0000-F_l89_sr_LANDSAT_9_20240513T172652Z.tif
GAO20240513t164908p0000-G,/mnt/engg-leung/Research_No9_Methane_Emissions/Yuyao/raw_data_dir_L89_L2SR_by_gee/GAO20240513t164908p0000-G_l89_sr_LANDSAT_9_20240513T172652Z.tif,GAO20240513t164908p0000-G_l89_sr_LANDSAT_9_20240513T172652Z.tif
GAO20240513t165753p0000-A,/mnt/engg-leung/Research_No9_Methane_Emissions/Yuyao/raw_data_dir_L89_L2SR_by_gee/GAO20240513t165753p0000-A_l89_sr_LANDSAT_9_20240513T172652Z.tif,GAO20240513t165753p0000-A_l89_sr_LANDSAT_9_20240513T172652Z.tif
GAO20240513t165753p0000-B,/mnt/engg-leung/Research_No9_Methane_Emissions/Yuyao/raw_data_dir_L89_L2SR_by_gee/GAO20240513t165753p0000-B_l89_sr_LANDSAT_9_20240513T172652Z.tif,GAO20240513t165753p0000-B_l89_sr_LANDSAT_9_20240513T172652Z.tif
GAO20240513t165753p0000-C,/mnt/engg-leung/Research_No9_Methane_Emissions/Yuyao/raw_data_dir_L89_L2SR_by_gee/GAO20240513t165753p0000-C_l89_sr_LANDSAT_9_20240513T172652Z.tif,GAO20240513t165753p0000-C_l89_sr_LANDSAT_9_20240513T172652Z.tif
GAO20240513t165753p0000-D,/mnt/engg-leung/Research_No9_Methane_Emissions/Yuyao/raw_data_dir_L89_L2SR_by_gee/GAO20240513t165753p0000-D_l89_sr_LANDSAT_9_20240513T172652Z.tif,GAO20240513t165753p0000-D_l89_sr_LANDSAT_9_20240513T172652Z.tif
GAO20240513t165753p0000-G,/mnt/engg-leung/Research_No9_Methane_Emissions/Yuyao/raw_data_dir_L89_L2SR_by_gee/GAO20240513t165753p0000-G_l89_sr_LANDSAT_9_20240513T172652Z.tif,GAO20240513t165753p0000-G_l89_sr_LANDSAT_9_20240513T172652Z.tif
GAO20240513t165753p0000-H,/mnt/engg-leung/Research_No9_Methane_Emissions/Yuyao/raw_data_dir_L89_L2SR_by_gee/GAO20240513t165753p0000-H_l89_sr_LANDSAT_9_20240513T172652Z.tif,GAO20240513t165753p0000-H_l89_sr_LANDSAT_9_20240513T172652Z.tif
GAO20240513t165753p0000-I,/mnt/engg-leung/Research_No9_Methane_Emissions/Yuyao/raw_data_dir_L89_L2SR_by_gee/GAO20240513t165753p0000-I_l89_sr_LANDSAT_9_20240513T172652Z.tif,GAO20240513t165753p0000-I_l89_sr_LANDSAT_9_20240513T172652Z.tif
GAO20240513t170648p0000-B,/mnt/engg-leung/Research_No9_Methane_Emissions/Yuyao/raw_data_dir_L89_L2SR_by_gee/GAO20240513t170648p0000-B_l89_sr_LANDSAT_9_20240513T172652Z.tif,GAO20240513t170648p0000-B_l89_sr_LANDSAT_9_20240513T172652Z.tif
GAO20240513t170648p0000-C,/mnt/engg-leung/Research_No9_Methane_Emissions/Yuyao/raw_data_dir_L89_L2SR_by_gee/GAO20240513t170648p0000-C_l89_sr_LANDSAT_9_20240513T172652Z.tif,GAO20240513t170648p0000-C_l89_sr_LANDSAT_9_20240513T172652Z.tif
GAO20240513t170648p0000-D,/mnt/engg-leung/Research_No9_Methane_Emissions/Yuyao/raw_data_dir_L89_L2SR_by_gee/GAO20240513t170648p0000-D_l89_sr_LANDSAT_9_20240513T172652Z.tif,GAO20240513t170648p0000-D_l89_sr_LANDSAT_9_20240513T172652Z.tif
GAO20240513t170648p0000-E,/mnt/engg-leung/Research_No9_Methane_Emissions/Yuyao/raw_data_dir_L89_L2SR_by_gee/GAO20240513t170648p0000-E_l89_sr_LANDSAT_9_20240513T172652Z.tif,GAO20240513t170648p0000-E_l89_sr_LANDSAT_9_20240513T172652Z.tif
GAO20240513t171504p0000-B,/mnt/engg-leung/Research_No9_Methane_Emissions/Yuyao/raw_data_dir_L89_L2SR_by_gee/GAO20240513t171504p0000-B_l89_sr_LANDSAT_9_20240513T172652Z.tif,GAO20240513t171504p0000-B_l89_sr_LANDSAT_9_20240513T172652Z.tif
GAO20240513t171504p0000-C,/mnt/engg-leung/Research_No9_Methane_Emissions/Yuyao/raw_data_dir_L89_L2SR_by_gee/GAO20240513t171504p0000-C_l89_sr_LANDSAT_9_20240513T172652Z.tif,GAO20240513t171504p0000-C_l89_sr_LANDSAT_9_20240513T172652Z.tif
GAO20240513t171504p0000-D,/mnt/engg-leung/Research_No9_Methane_Emissions/Yuyao/raw_data_dir_L89_L2SR_by_gee/GAO20240513t171504p0000-D_l89_sr_LANDSAT_9_20240513T172652Z.tif,GAO20240513t171504p0000-D_l89_sr_LANDSAT_9_20240513T172652Z.tif
GAO20240513t172418p0000-A,/mnt/engg-leung/Research_No9_Methane_Emissions/Yuyao/raw_data_dir_L89_L2SR_by_gee/GAO20240513t172418p0000-A_l89_sr_LANDSAT_9_20240513T172652Z.tif,GAO20240513t172418p0000-A_l89_sr_LANDSAT_9_20240513T172652Z.tif
GAO20240513t172418p0000-B,/mnt/engg-leung/Research_No9_Methane_Emissions/Yuyao/raw_data_dir_L89_L2SR_by_gee/GAO20240513t172418p0000-B_l89_sr_LANDSAT_9_20240513T172652Z.tif,GAO20240513t172418p0000-B_l89_sr_LANDSAT_9_20240513T172652Z.tif
GAO20240513t172418p0000-C,/mnt/engg-leung/Research_No9_Methane_Emissions/Yuyao/raw_data_dir_L89_L2SR_by_gee/GAO20240513t172418p0000-C_l89_sr_LANDSAT_9_20240513T172652Z.tif,GAO20240513t172418p0000-C_l89_sr_LANDSAT_9_20240513T172652Z.tif
GAO20240513t172418p0000-D,/mnt/engg-leung/Research_No9_Methane_Emissions/Yuyao/raw_data_dir_L89_L2SR_by_gee/GAO20240513t172418p0000-D_l89_sr_LANDSAT_9_20240513T172652Z.tif,GAO20240513t172418p0000-D_l89_sr_LANDSAT_9_20240513T172652Z.tif
GAO20240611t190030p0000-A,/mnt/engg-leung/Research_No9_Methane_Emissions/Yuyao/raw_data_dir_L89_L2SR_by_gee/GAO20240611t190030p0000-A_l89_sr_LANDSAT_8_20240612T182724Z.tif,GAO20240611t190030p0000-A_l89_sr_LANDSAT_8_20240612T182724Z.tif
GAO20240611t190030p0000-B,/mnt/engg-leung/Research_No9_Methane_Emissions/Yuyao/raw_data_dir_L89_L2SR_by_gee/GAO20240611t190030p0000-B_l89_sr_LANDSAT_8_20240612T182724Z.tif,GAO20240611t190030p0000-B_l89_sr_LANDSAT_8_20240612T182724Z.tif
GAO20240611t190030p0000-C,/mnt/engg-leung/Research_No9_Methane_Emissions/Yuyao/raw_data_dir_L89_L2SR_by_gee/GAO20240611t190030p0000-C_l89_sr_LANDSAT_8_20240612T182724Z.tif,GAO20240611t190030p0000-C_l89_sr_LANDSAT_8_20240612T182724Z.tif
GAO20240611t190030p0000-D,/mnt/engg-leung/Research_No9_Methane_Emissions/Yuyao/raw_data_dir_L89_L2SR_by_gee/GAO20240611t190030p0000-D_l89_sr_LANDSAT_8_20240612T182724Z.tif,GAO20240611t190030p0000-D_l89_sr_LANDSAT_8_20240612T182724Z.tif
GAO20240611t190449p0000-A,/mnt/engg-leung/Research_No9_Methane_Emissions/Yuyao/raw_data_dir_L89_L2SR_by_gee/GAO20240611t190449p0000-A_l89_sr_LANDSAT_8_20240612T182724Z.tif,GAO20240611t190449p0000-A_l89_sr_LANDSAT_8_20240612T182724Z.tif
GAO20240611t190449p0000-B,/mnt/engg-leung/Research_No9_Methane_Emissions/Yuyao/raw_data_dir_L89_L2SR_by_gee/GAO20240611t190449p0000-B_l89_sr_LANDSAT_8_20240612T182724Z.tif,GAO20240611t190449p0000-B_l89_sr_LANDSAT_8_20240612T182724Z.tif
GAO20240611t190449p0000-C,/mnt/engg-leung/Research_No9_Methane_Emissions/Yuyao/raw_data_dir_L89_L2SR_by_gee/GAO20240611t190449p0000-C_l89_sr_LANDSAT_8_20240612T182724Z.tif,GAO20240611t190449p0000-C_l89_sr_LANDSAT_8_20240612T182724Z.tif
GAO20240611t190449p0000-D,/mnt/engg-leung/Research_No9_Methane_Emissions/Yuyao/raw_data_dir_L89_L2SR_by_gee/GAO20240611t190449p0000-D_l89_sr_LANDSAT_8_20240612T182724Z.tif,GAO20240611t190449p0000-D_l89_sr_LANDSAT_8_20240612T182724Z.tif
GAO20240611t190449p0000-E,/mnt/engg-leung/Research_No9_Methane_Emissions/Yuyao/raw_data_dir_L89_L2SR_by_gee/GAO20240611t190449p0000-E_l89_sr_LANDSAT_8_20240612T182724Z.tif,GAO20240611t190449p0000-E_l89_sr_LANDSAT_8_20240612T182724Z.tif
GAO20240611t190949p0000-A,/mnt/engg-leung/Research_No9_Methane_Emissions/Yuyao/raw_data_dir_L89_L2SR_by_gee/GAO20240611t190949p0000-A_l89_sr_LANDSAT_8_20240612T182724Z.tif,GAO20240611t190949p0000-A_l89_sr_LANDSAT_8_20240612T182724Z.tif
GAO20240611t190949p0000-B,/mnt/engg-leung/Research_No9_Methane_Emissions/Yuyao/raw_data_dir_L89_L2SR_by_gee/GAO20240611t190949p0000-B_l89_sr_LANDSAT_8_20240612T182724Z.tif,GAO20240611t190949p0000-B_l89_sr_LANDSAT_8_20240612T182724Z.tif
GAO20240611t190949p0000-C,/mnt/engg-leung/Research_No9_Methane_Emissions/Yuyao/raw_data_dir_L89_L2SR_by_gee/GAO20240611t190949p0000-C_l89_sr_LANDSAT_8_20240612T182724Z.tif,GAO20240611t190949p0000-C_l89_sr_LANDSAT_8_20240612T182724Z.tif
GAO20240611t190949p0000-H,/mnt/engg-leung/Research_No9_Methane_Emissions/Yuyao/raw_data_dir_L89_L2SR_by_gee/GAO20240611t190949p0000-H_l89_sr_LANDSAT_8_20240612T182724Z.tif,GAO20240611t190949p0000-H_l89_sr_LANDSAT_8_20240612T182724Z.tif
GAO20240611t191919p0000-A,/mnt/engg-leung/Research_No9_Methane_Emissions/Yuyao/raw_data_dir_L89_L2SR_by_gee/GAO20240611t191919p0000-A_l89_sr_LANDSAT_8_20240612T182724Z.tif,GAO20240611t191919p0000-A_l89_sr_LANDSAT_8_20240612T182724Z.tif
GAO20240611t191919p0000-B,/mnt/engg-leung/Research_No9_Methane_Emissions/Yuyao/raw_data_dir_L89_L2SR_by_gee/GAO20240611t191919p0000-B_l89_sr_LANDSAT_8_20240612T182724Z.tif,GAO20240611t191919p0000-B_l89_sr_LANDSAT_8_20240612T182724Z.tif
GAO20240611t191919p0000-E,/mnt/engg-leung/Research_No9_Methane_Emissions/Yuyao/raw_data_dir_L89_L2SR_by_gee/GAO20240611t191919p0000-E_l89_sr_LANDSAT_8_20240612T182724Z.tif,GAO20240611t191919p0000-E_l89_sr_LANDSAT_8_20240612T182724Z.tif
GAO20240611t192314p0000-A,/mnt/engg-leung/Research_No9_Methane_Emissions/Yuyao/raw_data_dir_L89_L2SR_by_gee/GAO20240611t192314p0000-A_l89_sr_LANDSAT_8_20240612T182724Z.tif,GAO20240611t192314p0000-A_l89_sr_LANDSAT_8_20240612T182724Z.tif
GAO20240611t192314p0000-B,/mnt/engg-leung/Research_No9_Methane_Emissions/Yuyao/raw_data_dir_L89_L2SR_by_gee/GAO20240611t192314p0000-B_l89_sr_LANDSAT_8_20240612T182724Z.tif,GAO20240611t192314p0000-B_l89_sr_LANDSAT_8_20240612T182724Z.tif
GAO20240611t192314p0000-D,/mnt/engg-leung/Research_No9_Methane_Emissions/Yuyao/raw_data_dir_L89_L2SR_by_gee/GAO20240611t192314p0000-D_l89_sr_LANDSAT_8_20240612T182724Z.tif,GAO20240611t192314p0000-D_l89_sr_LANDSAT_8_20240612T182724Z.tif
GAO20240611t192314p0000-F,/mnt/engg-leung/Research_No9_Methane_Emissions/Yuyao/raw_data_dir_L89_L2SR_by_gee/GAO20240611t192314p0000-F_l89_sr_LANDSAT_8_20240612T182724Z.tif,GAO20240611t192314p0000-F_l89_sr_LANDSAT_8_20240612T182724Z.tif
GAO20240611t192314p0000-H,/mnt/engg-leung/Research_No9_Methane_Emissions/Yuyao/raw_data_dir_L89_L2SR_by_gee/GAO20240611t192314p0000-H_l89_sr_LANDSAT_8_20240612T182724Z.tif,GAO20240611t192314p0000-H_l89_sr_LANDSAT_8_20240612T182724Z.tif
GAO20240611t192759p0000-A,/mnt/engg-leung/Research_No9_Methane_Emissions/Yuyao/raw_data_dir_L89_L2SR_by_gee/GAO20240611t192759p0000-A_l89_sr_LANDSAT_8_20240612T182724Z.tif,GAO20240611t192759p0000-A_l89_sr_LANDSAT_8_20240612T182724Z.tif
GAO20240611t192759p0000-B,/mnt/engg-leung/Research_No9_Methane_Emissions/Yuyao/raw_data_dir_L89_L2SR_by_gee/GAO20240611t192759p0000-B_l89_sr_LANDSAT_8_20240612T182724Z.tif,GAO20240611t192759p0000-B_l89_sr_LANDSAT_8_20240612T182724Z.tif
GAO20240611t192759p0000-C,/mnt/engg-leung/Research_No9_Methane_Emissions/Yuyao/raw_data_dir_L89_L2SR_by_gee/GAO20240611t192759p0000-C_l89_sr_LANDSAT_8_20240612T182724Z.tif,GAO20240611t192759p0000-C_l89_sr_LANDSAT_8_20240612T182724Z.tif
GAO20240611t192759p0000-E,/mnt/engg-leung/Research_No9_Methane_Emissions/Yuyao/raw_data_dir_L89_L2SR_by_gee/GAO20240611t192759p0000-E_l89_sr_LANDSAT_8_20240612T182724Z.tif,GAO20240611t192759p0000-E_l89_sr_LANDSAT_8_20240612T182724Z.tif
GAO20240611t192759p0000-F,/mnt/engg-leung/Research_No9_Methane_Emissions/Yuyao/raw_data_dir_L89_L2SR_by_gee/GAO20240611t192759p0000-F_l89_sr_LANDSAT_8_20240612T182724Z.tif,GAO20240611t192759p0000-F_l89_sr_LANDSAT_8_20240612T182724Z.tif
GAO20240611t192759p0000-G,/mnt/engg-leung/Research_No9_Methane_Emissions/Yuyao/raw_data_dir_L89_L2SR_by_gee/GAO20240611t192759p0000-G_l89_sr_LANDSAT_8_20240612T182724Z.tif,GAO20240611t192759p0000-G_l89_sr_LANDSAT_8_20240612T182724Z.tif
GAO20240611t192759p0000-H,/mnt/engg-leung/Research_No9_Methane_Emissions/Yuyao/raw_data_dir_L89_L2SR_by_gee/GAO20240611t192759p0000-H_l89_sr_LANDSAT_8_20240612T182724Z.tif,GAO20240611t192759p0000-H_l89_sr_LANDSAT_8_20240612T182724Z.tif
GAO20240611t192759p0000-I,/mnt/engg-leung/Research_No9_Methane_Emissions/Yuyao/raw_data_dir_L89_L2SR_by_gee/GAO20240611t192759p0000-I_l89_sr_LANDSAT_8_20240612T182724Z.tif,GAO20240611t192759p0000-I_l89_sr_LANDSAT_8_20240612T182724Z.tif
GAO20240611t193749p0000-C,/mnt/engg-leung/Research_No9_Methane_Emissions/Yuyao/raw_data_dir_L89_L2SR_by_gee/GAO20240611t193749p0000-C_l89_sr_LANDSAT_8_20240612T182724Z.tif,GAO20240611t193749p0000-C_l89_sr_LANDSAT_8_20240612T182724Z.tif
GAO20240611t193749p0000-D,/mnt/engg-leung/Research_No9_Methane_Emissions/Yuyao/raw_data_dir_L89_L2SR_by_gee/GAO20240611t193749p0000-D_l89_sr_LANDSAT_8_20240612T182724Z.tif,GAO20240611t193749p0000-D_l89_sr_LANDSAT_8_20240612T182724Z.tif
GAO20240611t193749p0000-H,/mnt/engg-leung/Research_No9_Methane_Emissions/Yuyao/raw_data_dir_L89_L2SR_by_gee/GAO20240611t193749p0000-H_l89_sr_LANDSAT_8_20240612T182724Z.tif,GAO20240611t193749p0000-H_l89_sr_LANDSAT_8_20240612T182724Z.tif
GAO20240611t193749p0000-I,/mnt/engg-leung/Research_No9_Methane_Emissions/Yuyao/raw_data_dir_L89_L2SR_by_gee/GAO20240611t193749p0000-I_l89_sr_LANDSAT_8_20240612T182724Z.tif,GAO20240611t193749p0000-I_l89_sr_LANDSAT_8_20240612T182724Z.tif
GAO20240611t193749p0000-J,/mnt/engg-leung/Research_No9_Methane_Emissions/Yuyao/raw_data_dir_L89_L2SR_by_gee/GAO20240611t193749p0000-J_l89_sr_LANDSAT_8_20240612T182724Z.tif,GAO20240611t193749p0000-J_l89_sr_LANDSAT_8_20240612T182724Z.tif
GAO20240611t194144p0000-A,/mnt/engg-leung/Research_No9_Methane_Emissions/Yuyao/raw_data_dir_L89_L2SR_by_gee/GAO20240611t194144p0000-A_l89_sr_LANDSAT_8_20240612T182724Z.tif,GAO20240611t194144p0000-A_l89_sr_LANDSAT_8_20240612T182724Z.tif
GAO20240611t194144p0000-B,/mnt/engg-leung/Research_No9_Methane_Emissions/Yuyao/raw_data_dir_L89_L2SR_by_gee/GAO20240611t194144p0000-B_l89_sr_LANDSAT_8_20240612T182724Z.tif,GAO20240611t194144p0000-B_l89_sr_LANDSAT_8_20240612T182724Z.tif
GAO20240611t194144p0000-C,/mnt/engg-leung/Research_No9_Methane_Emissions/Yuyao/raw_data_dir_L89_L2SR_by_gee/GAO20240611t194144p0000-C_l89_sr_LANDSAT_8_20240612T182724Z.tif,GAO20240611t194144p0000-C_l89_sr_LANDSAT_8_20240612T182724Z.tif
GAO20240611t194144p0000-D,/mnt/engg-leung/Research_No9_Methane_Emissions/Yuyao/raw_data_dir_L89_L2SR_by_gee/GAO20240611t194144p0000-D_l89_sr_LANDSAT_8_20240612T182724Z.tif,GAO20240611t194144p0000-D_l89_sr_LANDSAT_8_20240612T182724Z.tif
GAO20240611t194144p0000-E,/mnt/engg-leung/Research_No9_Methane_Emissions/Yuyao/raw_data_dir_L89_L2SR_by_gee/GAO20240611t194144p0000-E_l89_sr_LANDSAT_8_20240612T182724Z.tif,GAO20240611t194144p0000-E_l89_sr_LANDSAT_8_20240612T182724Z.tif
GAO20240611t194144p0000-F,/mnt/engg-leung/Research_No9_Methane_Emissions/Yuyao/raw_data_dir_L89_L2SR_by_gee/GAO20240611t194144p0000-F_l89_sr_LANDSAT_8_20240612T182724Z.tif,GAO20240611t194144p0000-F_l89_sr_LANDSAT_8_20240612T182724Z.tif
GAO20240611t194634p0000-A,/mnt/engg-leung/Research_No9_Methane_Emissions/Yuyao/raw_data_dir_L89_L2SR_by_gee/GAO20240611t194634p0000-A_l89_sr_LANDSAT_8_20240612T182724Z.tif,GAO20240611t194634p0000-A_l89_sr_LANDSAT_8_20240612T182724Z.tif
GAO20240611t194634p0000-B,/mnt/engg-leung/Research_No9_Methane_Emissions/Yuyao/raw_data_dir_L89_L2SR_by_gee/GAO20240611t194634p0000-B_l89_sr_LANDSAT_8_20240612T182724Z.tif,GAO20240611t194634p0000-B_l89_sr_LANDSAT_8_20240612T182724Z.tif
GAO20240611t194634p0000-D,/mnt/engg-leung/Research_No9_Methane_Emissions/Yuyao/raw_data_dir_L89_L2SR_by_gee/GAO20240611t194634p0000-D_l89_sr_LANDSAT_8_20240612T182724Z.tif,GAO20240611t194634p0000-D_l89_sr_LANDSAT_8_20240612T182724Z.tif
GAO20240611t194634p0000-E,/mnt/engg-leung/Research_No9_Methane_Emissions/Yuyao/raw_data_dir_L89_L2SR_by_gee/GAO20240611t194634p0000-E_l89_sr_LANDSAT_8_20240612T182724Z.tif,GAO20240611t194634p0000-E_l89_sr_LANDSAT_8_20240612T182724Z.tif
GAO20240611t194634p0000-F,/mnt/engg-leung/Research_No9_Methane_Emissions/Yuyao/raw_data_dir_L89_L2SR_by_gee/GAO20240611t194634p0000-F_l89_sr_LANDSAT_8_20240612T182724Z.tif,GAO20240611t194634p0000-F_l89_sr_LANDSAT_8_20240612T182724Z.tif
GAO20240611t195436p0000-A,/mnt/engg-leung/Research_No9_Methane_Emissions/Yuyao/raw_data_dir_L89_L2SR_by_gee/GAO20240611t195436p0000-A_l89_sr_LANDSAT_8_20240612T182724Z.tif,GAO20240611t195436p0000-A_l89_sr_LANDSAT_8_20240612T182724Z.tif
GAO20240611t195436p0000-B,/mnt/engg-leung/Research_No9_Methane_Emissions/Yuyao/raw_data_dir_L89_L2SR_by_gee/GAO20240611t195436p0000-B_l89_sr_LANDSAT_8_20240612T182724Z.tif,GAO20240611t195436p0000-B_l89_sr_LANDSAT_8_20240612T182724Z.tif
GAO20240611t195436p0000-C,/mnt/engg-leung/Research_No9_Methane_Emissions/Yuyao/raw_data_dir_L89_L2SR_by_gee/GAO20240611t195436p0000-C_l89_sr_LANDSAT_8_20240612T182724Z.tif,GAO20240611t195436p0000-C_l89_sr_LANDSAT_8_20240612T182724Z.tif
GAO20240611t195436p0000-D,/mnt/engg-leung/Research_No9_Methane_Emissions/Yuyao/raw_data_dir_L89_L2SR_by_gee/GAO20240611t195436p0000-D_l89_sr_LANDSAT_8_20240612T182724Z.tif,GAO20240611t195436p0000-D_l89_sr_LANDSAT_8_20240612T182724Z.tif
GAO20240611t195436p0000-F,/mnt/engg-leung/Research_No9_Methane_Emissions/Yuyao/raw_data_dir_L89_L2SR_by_gee/GAO20240611t195436p0000-F_l89_sr_LANDSAT_8_20240612T182724Z.tif,GAO20240611t195436p0000-F_l89_sr_LANDSAT_8_20240612T182724Z.tif
GAO20240611t200050p0000-A,/mnt/engg-leung/Research_No9_Methane_Emissions/Yuyao/raw_data_dir_L89_L2SR_by_gee/GAO20240611t200050p0000-A_l89_sr_LANDSAT_8_20240612T182724Z.tif,GAO20240611t200050p0000-A_l89_sr_LANDSAT_8_20240612T182724Z.tif
GAO20240611t200050p0000-B,/mnt/engg-leung/Research_No9_Methane_Emissions/Yuyao/raw_data_dir_L89_L2SR_by_gee/GAO20240611t200050p0000-B_l89_sr_LANDSAT_8_20240612T182724Z.tif,GAO20240611t200050p0000-B_l89_sr_LANDSAT_8_20240612T182724Z.tif
GAO20240611t200050p0000-C,/mnt/engg-leung/Research_No9_Methane_Emissions/Yuyao/raw_data_dir_L89_L2SR_by_gee/GAO20240611t200050p0000-C_l89_sr_LANDSAT_8_20240612T182724Z.tif,GAO20240611t200050p0000-C_l89_sr_LANDSAT_8_20240612T182724Z.tif
GAO20240611t200739p0000-A,/mnt/engg-leung/Research_No9_Methane_Emissions/Yuyao/raw_data_dir_L89_L2SR_by_gee/GAO20240611t200739p0000-A_l89_sr_LANDSAT_8_20240612T182724Z.tif,GAO20240611t200739p0000-A_l89_sr_LANDSAT_8_20240612T182724Z.tif
GAO20240611t200739p0000-C,/mnt/engg-leung/Research_No9_Methane_Emissions/Yuyao/raw_data_dir_L89_L2SR_by_gee/GAO20240611t200739p0000-C_l89_sr_LANDSAT_8_20240612T182724Z.tif,GAO20240611t200739p0000-C_l89_sr_LANDSAT_8_20240612T182724Z.tif
GAO20240611t200739p0000-D,/mnt/engg-leung/Research_No9_Methane_Emissions/Yuyao/raw_data_dir_L89_L2SR_by_gee/GAO20240611t200739p0000-D_l89_sr_LANDSAT_8_20240612T182724Z.tif,GAO20240611t200739p0000-D_l89_sr_LANDSAT_8_20240612T182724Z.tif
GAO20240611t200739p0000-E,/mnt/engg-leung/Research_No9_Methane_Emissions/Yuyao/raw_data_dir_L89_L2SR_by_gee/GAO20240611t200739p0000-E_l89_sr_LANDSAT_8_20240612T182724Z.tif,GAO20240611t200739p0000-E_l89_sr_LANDSAT_8_20240612T182724Z.tif
GAO20240611t201214p0000-A,/mnt/engg-leung/Research_No9_Methane_Emissions/Yuyao/raw_data_dir_L89_L2SR_by_gee/GAO20240611t201214p0000-A_l89_sr_LANDSAT_8_20240612T182724Z.tif,GAO20240611t201214p0000-A_l89_sr_LANDSAT_8_20240612T182724Z.tif
GAO20240611t201214p0000-D,/mnt/engg-leung/Research_No9_Methane_Emissions/Yuyao/raw_data_dir_L89_L2SR_by_gee/GAO20240611t201214p0000-D_l89_sr_LANDSAT_8_20240612T182724Z.tif,GAO20240611t201214p0000-D_l89_sr_LANDSAT_8_20240612T182724Z.tif
GAO20240611t201214p0000-E,/mnt/engg-leung/Research_No9_Methane_Emissions/Yuyao/raw_data_dir_L89_L2SR_by_gee/GAO20240611t201214p0000-E_l89_sr_LANDSAT_8_20240612T182724Z.tif,GAO20240611t201214p0000-E_l89_sr_LANDSAT_8_20240612T182724Z.tif
GAO20240611t201214p0000-F,/mnt/engg-leung/Research_No9_Methane_Emissions/Yuyao/raw_data_dir_L89_L2SR_by_gee/GAO20240611t201214p0000-F_l89_sr_LANDSAT_8_20240612T182724Z.tif,GAO20240611t201214p0000-F_l89_sr_LANDSAT_8_20240612T182724Z.tif
GAO20240611t201214p0000-G,/mnt/engg-leung/Research_No9_Methane_Emissions/Yuyao/raw_data_dir_L89_L2SR_by_gee/GAO20240611t201214p0000-G_l89_sr_LANDSAT_8_20240612T182724Z.tif,GAO20240611t201214p0000-G_l89_sr_LANDSAT_8_20240612T182724Z.tif
GAO20240611t201214p0000-I,/mnt/engg-leung/Research_No9_Methane_Emissions/Yuyao/raw_data_dir_L89_L2SR_by_gee/GAO20240611t201214p0000-I_l89_sr_LANDSAT_8_20240612T182724Z.tif,GAO20240611t201214p0000-I_l89_sr_LANDSAT_8_20240612T182724Z.tif
GAO20240611t201214p0000-J,/mnt/engg-leung/Research_No9_Methane_Emissions/Yuyao/raw_data_dir_L89_L2SR_by_gee/GAO20240611t201214p0000-J_l89_sr_LANDSAT_8_20240612T182724Z.tif,GAO20240611t201214p0000-J_l89_sr_LANDSAT_8_20240612T182724Z.tif
GAO20240611t202024p0000-A,/mnt/engg-leung/Research_No9_Methane_Emissions/Yuyao/raw_data_dir_L89_L2SR_by_gee/GAO20240611t202024p0000-A_l89_sr_LANDSAT_8_20240612T182724Z.tif,GAO20240611t202024p0000-A_l89_sr_LANDSAT_8_20240612T182724Z.tif
GAO20240611t202024p0000-C,/mnt/engg-leung/Research_No9_Methane_Emissions/Yuyao/raw_data_dir_L89_L2SR_by_gee/GAO20240611t202024p0000-C_l89_sr_LANDSAT_8_20240612T182724Z.tif,GAO20240611t202024p0000-C_l89_sr_LANDSAT_8_20240612T182724Z.tif
GAO20240611t202024p0000-E,/mnt/engg-leung/Research_No9_Methane_Emissions/Yuyao/raw_data_dir_L89_L2SR_by_gee/GAO20240611t202024p0000-E_l89_sr_LANDSAT_8_20240612T182724Z.tif,GAO20240611t202024p0000-E_l89_sr_LANDSAT_8_20240612T182724Z.tif
GAO20240611t202024p0000-F,/mnt/engg-leung/Research_No9_Methane_Emissions/Yuyao/raw_data_dir_L89_L2SR_by_gee/GAO20240611t202024p0000-F_l89_sr_LANDSAT_8_20240612T182724Z.tif,GAO20240611t202024p0000-F_l89_sr_LANDSAT_8_20240612T182724Z.tif
GAO20240611t202024p0000-G,/mnt/engg-leung/Research_No9_Methane_Emissions/Yuyao/raw_data_dir_L89_L2SR_by_gee/GAO20240611t202024p0000-G_l89_sr_LANDSAT_8_20240612T182724Z.tif,GAO20240611t202024p0000-G_l89_sr_LANDSAT_8_20240612T182724Z.tif
GAO20240611t202024p0000-H,/mnt/engg-leung/Research_No9_Methane_Emissions/Yuyao/raw_data_dir_L89_L2SR_by_gee/GAO20240611t202024p0000-H_l89_sr_LANDSAT_8_20240612T182724Z.tif,GAO20240611t202024p0000-H_l89_sr_LANDSAT_8_20240612T182724Z.tif
GAO20240611t202024p0000-I,/mnt/engg-leung/Research_No9_Methane_Emissions/Yuyao/raw_data_dir_L89_L2SR_by_gee/GAO20240611t202024p0000-I_l89_sr_LANDSAT_8_20240612T182724Z.tif,GAO20240611t202024p0000-I_l89_sr_LANDSAT_8_20240612T182724Z.tif
GAO20240611t202619p0000-A,/mnt/engg-leung/Research_No9_Methane_Emissions/Yuyao/raw_data_dir_L89_L2SR_by_gee/GAO20240611t202619p0000-A_l89_sr_LANDSAT_8_20240612T182724Z.tif,GAO20240611t202619p0000-A_l89_sr_LANDSAT_8_20240612T182724Z.tif
GAO20240611t202619p0000-B,/mnt/engg-leung/Research_No9_Methane_Emissions/Yuyao/raw_data_dir_L89_L2SR_by_gee/GAO20240611t202619p0000-B_l89_sr_LANDSAT_8_20240612T182724Z.tif,GAO20240611t202619p0000-B_l89_sr_LANDSAT_8_20240612T182724Z.tif
GAO20240611t202619p0000-C,/mnt/engg-leung/Research_No9_Methane_Emissions/Yuyao/raw_data_dir_L89_L2SR_by_gee/GAO20240611t202619p0000-C_l89_sr_LANDSAT_8_20240612T182724Z.tif,GAO20240611t202619p0000-C_l89_sr_LANDSAT_8_20240612T182724Z.tif
GAO20240611t203254p0000-A,/mnt/engg-leung/Research_No9_Methane_Emissions/Yuyao/raw_data_dir_L89_L2SR_by_gee/GAO20240611t203254p0000-A_l89_sr_LANDSAT_8_20240612T182724Z.tif,GAO20240611t203254p0000-A_l89_sr_LANDSAT_8_20240612T182724Z.tif
GAO20240611t203254p0000-C,/mnt/engg-leung/Research_No9_Methane_Emissions/Yuyao/raw_data_dir_L89_L2SR_by_gee/GAO20240611t203254p0000-C_l89_sr_LANDSAT_8_20240612T182724Z.tif,GAO20240611t203254p0000-C_l89_sr_LANDSAT_8_20240612T182724Z.tif
GAO20240611t203254p0000-E,/mnt/engg-leung/Research_No9_Methane_Emissions/Yuyao/raw_data_dir_L89_L2SR_by_gee/GAO20240611t203254p0000-E_l89_sr_LANDSAT_8_20240612T182724Z.tif,GAO20240611t203254p0000-E_l89_sr_LANDSAT_8_20240612T182724Z.tif
GAO20240611t203254p0000-F,/mnt/engg-leung/Research_No9_Methane_Emissions/Yuyao/raw_data_dir_L89_L2SR_by_gee/GAO20240611t203254p0000-F_l89_sr_LANDSAT_8_20240612T182724Z.tif,GAO20240611t203254p0000-F_l89_sr_LANDSAT_8_20240612T182724Z.tif
GAO20240611t203254p0000-G,/mnt/engg-leung/Research_No9_Methane_Emissions/Yuyao/raw_data_dir_L89_L2SR_by_gee/GAO20240611t203254p0000-G_l89_sr_LANDSAT_8_20240612T182724Z.tif,GAO20240611t203254p0000-G_l89_sr_LANDSAT_8_20240612T182724Z.tif
GAO20240611t203734p0000-A,/mnt/engg-leung/Research_No9_Methane_Emissions/Yuyao/raw_data_dir_L89_L2SR_by_gee/GAO20240611t203734p0000-A_l89_sr_LANDSAT_8_20240612T182724Z.tif,GAO20240611t203734p0000-A_l89_sr_LANDSAT_8_20240612T182724Z.tif
GAO20240611t203734p0000-B,/mnt/engg-leung/Research_No9_Methane_Emissions/Yuyao/raw_data_dir_L89_L2SR_by_gee/GAO20240611t203734p0000-B_l89_sr_LANDSAT_8_20240612T182724Z.tif,GAO20240611t203734p0000-B_l89_sr_LANDSAT_8_20240612T182724Z.tif
GAO20240611t203734p0000-C,/mnt/engg-leung/Research_No9_Methane_Emissions/Yuyao/raw_data_dir_L89_L2SR_by_gee/GAO20240611t203734p0000-C_l89_sr_LANDSAT_8_20240612T182724Z.tif,GAO20240611t203734p0000-C_l89_sr_LANDSAT_8_20240612T182724Z.tif
GAO20240611t203734p0000-F,/mnt/engg-leung/Research_No9_Methane_Emissions/Yuyao/raw_data_dir_L89_L2SR_by_gee/GAO20240611t203734p0000-F_l89_sr_LANDSAT_8_20240612T182724Z.tif,GAO20240611t203734p0000-F_l89_sr_LANDSAT_8_20240612T182724Z.tif
GAO20240611t203734p0000-G,/mnt/engg-leung/Research_No9_Methane_Emissions/Yuyao/raw_data_dir_L89_L2SR_by_gee/GAO20240611t203734p0000-G_l89_sr_LANDSAT_8_20240612T182724Z.tif,GAO20240611t203734p0000-G_l89_sr_LANDSAT_8_20240612T182724Z.tif
GAO20240611t204534p0000-A,/mnt/engg-leung/Research_No9_Methane_Emissions/Yuyao/raw_data_dir_L89_L2SR_by_gee/GAO20240611t204534p0000-A_l89_sr_LANDSAT_8_20240612T182724Z.tif,GAO20240611t204534p0000-A_l89_sr_LANDSAT_8_20240612T182724Z.tif
GAO20240611t204534p0000-B,/mnt/engg-leung/Research_No9_Methane_Emissions/Yuyao/raw_data_dir_L89_L2SR_by_gee/GAO20240611t204534p0000-B_l89_sr_LANDSAT_8_20240612T182724Z.tif,GAO20240611t204534p0000-B_l89_sr_LANDSAT_8_20240612T182724Z.tif
GAO20240611t204534p0000-C,/mnt/engg-leung/Research_No9_Methane_Emissions/Yuyao/raw_data_dir_L89_L2SR_by_gee/GAO20240611t204534p0000-C_l89_sr_LANDSAT_8_20240612T182724Z.tif,GAO20240611t204534p0000-C_l89_sr_LANDSAT_8_20240612T182724Z.tif
GAO20240611t204534p0000-D,/mnt/engg-leung/Research_No9_Methane_Emissions/Yuyao/raw_data_dir_L89_L2SR_by_gee/GAO20240611t204534p0000-D_l89_sr_LANDSAT_8_20240612T182724Z.tif,GAO20240611t204534p0000-D_l89_sr_LANDSAT_8_20240612T182724Z.tif
GAO20240611t204534p0000-E,/mnt/engg-leung/Research_No9_Methane_Emissions/Yuyao/raw_data_dir_L89_L2SR_by_gee/GAO20240611t204534p0000-E_l89_sr_LANDSAT_8_20240612T182724Z.tif,GAO20240611t204534p0000-E_l89_sr_LANDSAT_8_20240612T182724Z.tif
GAO20240611t204534p0000-F,/mnt/engg-leung/Research_No9_Methane_Emissions/Yuyao/raw_data_dir_L89_L2SR_by_gee/GAO20240611t204534p0000-F_l89_sr_LANDSAT_8_20240612T182724Z.tif,GAO20240611t204534p0000-F_l89_sr_LANDSAT_8_20240612T182724Z.tif
GAO20240611t205130p0000-A,/mnt/engg-leung/Research_No9_Methane_Emissions/Yuyao/raw_data_dir_L89_L2SR_by_gee/GAO20240611t205130p0000-A_l89_sr_LANDSAT_8_20240612T182724Z.tif,GAO20240611t205130p0000-A_l89_sr_LANDSAT_8_20240612T182724Z.tif
GAO20240611t205130p0000-C,/mnt/engg-leung/Research_No9_Methane_Emissions/Yuyao/raw_data_dir_L89_L2SR_by_gee/GAO20240611t205130p0000-C_l89_sr_LANDSAT_8_20240612T182724Z.tif,GAO20240611t205130p0000-C_l89_sr_LANDSAT_8_20240612T182724Z.tif
GAO20240611t205814p0000-A,/mnt/engg-leung/Research_No9_Methane_Emissions/Yuyao/raw_data_dir_L89_L2SR_by_gee/GAO20240611t205814p0000-A_l89_sr_LANDSAT_8_20240612T182724Z.tif,GAO20240611t205814p0000-A_l89_sr_LANDSAT_8_20240612T182724Z.tif
GAO20240611t205814p0000-B,/mnt/engg-leung/Research_No9_Methane_Emissions/Yuyao/raw_data_dir_L89_L2SR_by_gee/GAO20240611t205814p0000-B_l89_sr_LANDSAT_8_20240612T182724Z.tif,GAO20240611t205814p0000-B_l89_sr_LANDSAT_8_20240612T182724Z.tif
GAO20240611t205814p0000-D,/mnt/engg-leung/Research_No9_Methane_Emissions/Yuyao/raw_data_dir_L89_L2SR_by_gee/GAO20240611t205814p0000-D_l89_sr_LANDSAT_8_20240612T182724Z.tif,GAO20240611t205814p0000-D_l89_sr_LANDSAT_8_20240612T182724Z.tif
GAO20240611t205814p0000-F,/mnt/engg-leung/Research_No9_Methane_Emissions/Yuyao/raw_data_dir_L89_L2SR_by_gee/GAO20240611t205814p0000-F_l89_sr_LANDSAT_8_20240612T182724Z.tif,GAO20240611t205814p0000-F_l89_sr_LANDSAT_8_20240612T182724Z.tif
GAO20240611t210319p0000-A,/mnt/engg-leung/Research_No9_Methane_Emissions/Yuyao/raw_data_dir_L89_L2SR_by_gee/GAO20240611t210319p0000-A_l89_sr_LANDSAT_8_20240612T182724Z.tif,GAO20240611t210319p0000-A_l89_sr_LANDSAT_8_20240612T182724Z.tif
GAO20240611t210319p0000-B,/mnt/engg-leung/Research_No9_Methane_Emissions/Yuyao/raw_data_dir_L89_L2SR_by_gee/GAO20240611t210319p0000-B_l89_sr_LANDSAT_8_20240612T182724Z.tif,GAO20240611t210319p0000-B_l89_sr_LANDSAT_8_20240612T182724Z.tif
GAO20240611t210319p0000-C,/mnt/engg-leung/Research_No9_Methane_Emissions/Yuyao/raw_data_dir_L89_L2SR_by_gee/GAO20240611t210319p0000-C_l89_sr_LANDSAT_8_20240612T182724Z.tif,GAO20240611t210319p0000-C_l89_sr_LANDSAT_8_20240612T182724Z.tif
GAO20240611t210319p0000-F,/mnt/engg-leung/Research_No9_Methane_Emissions/Yuyao/raw_data_dir_L89_L2SR_by_gee/GAO20240611t210319p0000-F_l89_sr_LANDSAT_8_20240612T182724Z.tif,GAO20240611t210319p0000-F_l89_sr_LANDSAT_8_20240612T182724Z.tif
GAO20240611t211114p0000-A,/mnt/engg-leung/Research_No9_Methane_Emissions/Yuyao/raw_data_dir_L89_L2SR_by_gee/GAO20240611t211114p0000-A_l89_sr_LANDSAT_8_20240612T182724Z.tif,GAO20240611t211114p0000-A_l89_sr_LANDSAT_8_20240612T182724Z.tif
GAO20240611t211114p0000-B,/mnt/engg-leung/Research_No9_Methane_Emissions/Yuyao/raw_data_dir_L89_L2SR_by_gee/GAO20240611t211114p0000-B_l89_sr_LANDSAT_8_20240612T182724Z.tif,GAO20240611t211114p0000-B_l89_sr_LANDSAT_8_20240612T182724Z.tif
GAO20240611t211114p0000-C,/mnt/engg-leung/Research_No9_Methane_Emissions/Yuyao/raw_data_dir_L89_L2SR_by_gee/GAO20240611t211114p0000-C_l89_sr_LANDSAT_8_20240612T182724Z.tif,GAO20240611t211114p0000-C_l89_sr_LANDSAT_8_20240612T182724Z.tif
GAO20240611t211114p0000-D,/mnt/engg-leung/Research_No9_Methane_Emissions/Yuyao/raw_data_dir_L89_L2SR_by_gee/GAO20240611t211114p0000-D_l89_sr_LANDSAT_8_20240612T182724Z.tif,GAO20240611t211114p0000-D_l89_sr_LANDSAT_8_20240612T182724Z.tif
GAO20240611t211114p0000-E,/mnt/engg-leung/Research_No9_Methane_Emissions/Yuyao/raw_data_dir_L89_L2SR_by_gee/GAO20240611t211114p0000-E_l89_sr_LANDSAT_8_20240612T182724Z.tif,GAO20240611t211114p0000-E_l89_sr_LANDSAT_8_20240612T182724Z.tif
GAO20240611t211739p0000-A,/mnt/engg-leung/Research_No9_Methane_Emissions/Yuyao/raw_data_dir_L89_L2SR_by_gee/GAO20240611t211739p0000-A_l89_sr_LANDSAT_8_20240612T182724Z.tif,GAO20240611t211739p0000-A_l89_sr_LANDSAT_8_20240612T182724Z.tif
GAO20240611t211739p0000-B,/mnt/engg-leung/Research_No9_Methane_Emissions/Yuyao/raw_data_dir_L89_L2SR_by_gee/GAO20240611t211739p0000-B_l89_sr_LANDSAT_8_20240612T182724Z.tif,GAO20240611t211739p0000-B_l89_sr_LANDSAT_8_20240612T182724Z.tif
GAO20240611t212434p0000-A,/mnt/engg-leung/Research_No9_Methane_Emissions/Yuyao/raw_data_dir_L89_L2SR_by_gee/GAO20240611t212434p0000-A_l89_sr_LANDSAT_8_20240612T182724Z.tif,GAO20240611t212434p0000-A_l89_sr_LANDSAT_8_20240612T182724Z.tif
GAO20240611t212434p0000-B,/mnt/engg-leung/Research_No9_Methane_Emissions/Yuyao/raw_data_dir_L89_L2SR_by_gee/GAO20240611t212434p0000-B_l89_sr_LANDSAT_8_20240612T182724Z.tif,GAO20240611t212434p0000-B_l89_sr_LANDSAT_8_20240612T182724Z.tif
GAO20240611t212434p0000-C,/mnt/engg-leung/Research_No9_Methane_Emissions/Yuyao/raw_data_dir_L89_L2SR_by_gee/GAO20240611t212434p0000-C_l89_sr_LANDSAT_8_20240612T182724Z.tif,GAO20240611t212434p0000-C_l89_sr_LANDSAT_8_20240612T182724Z.tif
GAO20240611t212434p0000-E,/mnt/engg-leung/Research_No9_Methane_Emissions/Yuyao/raw_data_dir_L89_L2SR_by_gee/GAO20240611t212434p0000-E_l89_sr_LANDSAT_8_20240612T182724Z.tif,GAO20240611t212434p0000-E_l89_sr_LANDSAT_8_20240612T182724Z.tif
GAO20240611t212434p0000-F,/mnt/engg-leung/Research_No9_Methane_Emissions/Yuyao/raw_data_dir_L89_L2SR_by_gee/GAO20240611t212434p0000-F_l89_sr_LANDSAT_8_20240612T182724Z.tif,GAO20240611t212434p0000-F_l89_sr_LANDSAT_8_20240612T182724Z.tif
GAO20240611t212434p0000-H,/mnt/engg-leung/Research_No9_Methane_Emissions/Yuyao/raw_data_dir_L89_L2SR_by_gee/GAO20240611t212434p0000-H_l89_sr_LANDSAT_8_20240612T182724Z.tif,GAO20240611t212434p0000-H_l89_sr_LANDSAT_8_20240612T182724Z.tif
GAO20240611t212911p0000-A,/mnt/engg-leung/Research_No9_Methane_Emissions/Yuyao/raw_data_dir_L89_L2SR_by_gee/GAO20240611t212911p0000-A_l89_sr_LANDSAT_8_20240612T182724Z.tif,GAO20240611t212911p0000-A_l89_sr_LANDSAT_8_20240612T182724Z.tif
GAO20240611t212911p0000-B,/mnt/engg-leung/Research_No9_Methane_Emissions/Yuyao/raw_data_dir_L89_L2SR_by_gee/GAO20240611t212911p0000-B_l89_sr_LANDSAT_8_20240612T182724Z.tif,GAO20240611t212911p0000-B_l89_sr_LANDSAT_8_20240612T182724Z.tif
GAO20240611t212911p0000-C,/mnt/engg-leung/Research_No9_Methane_Emissions/Yuyao/raw_data_dir_L89_L2SR_by_gee/GAO20240611t212911p0000-C_l89_sr_LANDSAT_8_20240612T182724Z.tif,GAO20240611t212911p0000-C_l89_sr_LANDSAT_8_20240612T182724Z.tif
GAO20240611t212911p0000-D,/mnt/engg-leung/Research_No9_Methane_Emissions/Yuyao/raw_data_dir_L89_L2SR_by_gee/GAO20240611t212911p0000-D_l89_sr_LANDSAT_8_20240612T182724Z.tif,GAO20240611t212911p0000-D_l89_sr_LANDSAT_8_20240612T182724Z.tif
GAO20240611t213705p0000-A,/mnt/engg-leung/Research_No9_Methane_Emissions/Yuyao/raw_data_dir_L89_L2SR_by_gee/GAO20240611t213705p0000-A_l89_sr_LANDSAT_8_20240612T182724Z.tif,GAO20240611t213705p0000-A_l89_sr_LANDSAT_8_20240612T182724Z.tif
GAO20240611t213705p0000-B,/mnt/engg-leung/Research_No9_Methane_Emissions/Yuyao/raw_data_dir_L89_L2SR_by_gee/GAO20240611t213705p0000-B_l89_sr_LANDSAT_8_20240612T182724Z.tif,GAO20240611t213705p0000-B_l89_sr_LANDSAT_8_20240612T182724Z.tif
GAO20240611t213705p0000-D,/mnt/engg-leung/Research_No9_Methane_Emissions/Yuyao/raw_data_dir_L89_L2SR_by_gee/GAO20240611t213705p0000-D_l89_sr_LANDSAT_8_20240612T182724Z.tif,GAO20240611t213705p0000-D_l89_sr_LANDSAT_8_20240612T182724Z.tif
GAO20240611t213705p0000-E,/mnt/engg-leung/Research_No9_Methane_Emissions/Yuyao/raw_data_dir_L89_L2SR_by_gee/GAO20240611t213705p0000-E_l89_sr_LANDSAT_8_20240612T182724Z.tif,GAO20240611t213705p0000-E_l89_sr_LANDSAT_8_20240612T182724Z.tif
GAO20240611t214309p0000-A,/mnt/engg-leung/Research_No9_Methane_Emissions/Yuyao/raw_data_dir_L89_L2SR_by_gee/GAO20240611t214309p0000-A_l89_sr_LANDSAT_8_20240612T182724Z.tif,GAO20240611t214309p0000-A_l89_sr_LANDSAT_8_20240612T182724Z.tif
GAO20240611t214309p0000-B,/mnt/engg-leung/Research_No9_Methane_Emissions/Yuyao/raw_data_dir_L89_L2SR_by_gee/GAO20240611t214309p0000-B_l89_sr_LANDSAT_8_20240612T182724Z.tif,GAO20240611t214309p0000-B_l89_sr_LANDSAT_8_20240612T182724Z.tif
GAO20240611t215009p0000-A,/mnt/engg-leung/Research_No9_Methane_Emissions/Yuyao/raw_data_dir_L89_L2SR_by_gee/GAO20240611t215009p0000-A_l89_sr_LANDSAT_8_20240612T182724Z.tif,GAO20240611t215009p0000-A_l89_sr_LANDSAT_8_20240612T182724Z.tif
GAO20240611t215009p0000-D,/mnt/engg-leung/Research_No9_Methane_Emissions/Yuyao/raw_data_dir_L89_L2SR_by_gee/GAO20240611t215009p0000-D_l89_sr_LANDSAT_8_20240612T182724Z.tif,GAO20240611t215009p0000-D_l89_sr_LANDSAT_8_20240612T182724Z.tif
GAO20240611t215009p0000-E,/mnt/engg-leung/Research_No9_Methane_Emissions/Yuyao/raw_data_dir_L89_L2SR_by_gee/GAO20240611t215009p0000-E_l89_sr_LANDSAT_8_20240612T182724Z.tif,GAO20240611t215009p0000-E_l89_sr_LANDSAT_8_20240612T182724Z.tif
GAO20240611t215009p0000-F,/mnt/engg-leung/Research_No9_Methane_Emissions/Yuyao/raw_data_dir_L89_L2SR_by_gee/GAO20240611t215009p0000-F_l89_sr_LANDSAT_8_20240612T182724Z.tif,GAO20240611t215009p0000-F_l89_sr_LANDSAT_8_20240612T182724Z.tif
GAO20240611t215500p0000-A,/mnt/engg-leung/Research_No9_Methane_Emissions/Yuyao/raw_data_dir_L89_L2SR_by_gee/GAO20240611t215500p0000-A_l89_sr_LANDSAT_8_20240612T182724Z.tif,GAO20240611t215500p0000-A_l89_sr_LANDSAT_8_20240612T182724Z.tif
GAO20240611t215500p0000-B,/mnt/engg-leung/Research_No9_Methane_Emissions/Yuyao/raw_data_dir_L89_L2SR_by_gee/GAO20240611t215500p0000-B_l89_sr_LANDSAT_8_20240612T182724Z.tif,GAO20240611t215500p0000-B_l89_sr_LANDSAT_8_20240612T182724Z.tif
GAO20240611t215500p0000-C,/mnt/engg-leung/Research_No9_Methane_Emissions/Yuyao/raw_data_dir_L89_L2SR_by_gee/GAO20240611t215500p0000-C_l89_sr_LANDSAT_8_20240612T182724Z.tif,GAO20240611t215500p0000-C_l89_sr_LANDSAT_8_20240612T182724Z.tif
GAO20240611t215500p0000-F,/mnt/engg-leung/Research_No9_Methane_Emissions/Yuyao/raw_data_dir_L89_L2SR_by_gee/GAO20240611t215500p0000-F_l89_sr_LANDSAT_8_20240612T182724Z.tif,GAO20240611t215500p0000-F_l89_sr_LANDSAT_8_20240612T182724Z.tif
GAO20240611t215500p0000-H,/mnt/engg-leung/Research_No9_Methane_Emissions/Yuyao/raw_data_dir_L89_L2SR_by_gee/GAO20240611t215500p0000-H_l89_sr_LANDSAT_8_20240612T182724Z.tif,GAO20240611t215500p0000-H_l89_sr_LANDSAT_8_20240612T182724Z.tif
GAO20240611t220309p0000-B,/mnt/engg-leung/Research_No9_Methane_Emissions/Yuyao/raw_data_dir_L89_L2SR_by_gee/GAO20240611t220309p0000-B_l89_sr_LANDSAT_8_20240612T182724Z.tif,GAO20240611t220309p0000-B_l89_sr_LANDSAT_8_20240612T182724Z.tif
GAO20240611t220309p0000-C,/mnt/engg-leung/Research_No9_Methane_Emissions/Yuyao/raw_data_dir_L89_L2SR_by_gee/GAO20240611t220309p0000-C_l89_sr_LANDSAT_8_20240612T182724Z.tif,GAO20240611t220309p0000-C_l89_sr_LANDSAT_8_20240612T182724Z.tif
GAO20240611t220309p0000-D,/mnt/engg-leung/Research_No9_Methane_Emissions/Yuyao/raw_data_dir_L89_L2SR_by_gee/GAO20240611t220309p0000-D_l89_sr_LANDSAT_8_20240612T182724Z.tif,GAO20240611t220309p0000-D_l89_sr_LANDSAT_8_20240612T182724Z.tif
GAO20240611t220924p0000-A,/mnt/engg-leung/Research_No9_Methane_Emissions/Yuyao/raw_data_dir_L89_L2SR_by_gee/GAO20240611t220924p0000-A_l89_sr_LANDSAT_8_20240612T182724Z.tif,GAO20240611t220924p0000-A_l89_sr_LANDSAT_8_20240612T182724Z.tif
GAO20240611t220924p0000-C,/mnt/engg-leung/Research_No9_Methane_Emissions/Yuyao/raw_data_dir_L89_L2SR_by_gee/GAO20240611t220924p0000-C_l89_sr_LANDSAT_8_20240612T182724Z.tif,GAO20240611t220924p0000-C_l89_sr_LANDSAT_8_20240612T182724Z.tif
GAO20240611t221549p0000-A,/mnt/engg-leung/Research_No9_Methane_Emissions/Yuyao/raw_data_dir_L89_L2SR_by_gee/GAO20240611t221549p0000-A_l89_sr_LANDSAT_8_20240612T182724Z.tif,GAO20240611t221549p0000-A_l89_sr_LANDSAT_8_20240612T182724Z.tif
GAO20240611t221549p0000-D,/mnt/engg-leung/Research_No9_Methane_Emissions/Yuyao/raw_data_dir_L89_L2SR_by_gee/GAO20240611t221549p0000-D_l89_sr_LANDSAT_8_20240612T182724Z.tif,GAO20240611t221549p0000-D_l89_sr_LANDSAT_8_20240612T182724Z.tif
GAO20240611t222106p0000-B,/mnt/engg-leung/Research_No9_Methane_Emissions/Yuyao/raw_data_dir_L89_L2SR_by_gee/GAO20240611t222106p0000-B_l89_sr_LANDSAT_8_20240612T182724Z.tif,GAO20240611t222106p0000-B_l89_sr_LANDSAT_8_20240612T182724Z.tif
GAO20240611t222106p0000-C,/mnt/engg-leung/Research_No9_Methane_Emissions/Yuyao/raw_data_dir_L89_L2SR_by_gee/GAO20240611t222106p0000-C_l89_sr_LANDSAT_8_20240612T182724Z.tif,GAO20240611t222106p0000-C_l89_sr_LANDSAT_8_20240612T182724Z.tif
GAO20240611t222106p0000-D,/mnt/engg-leung/Research_No9_Methane_Emissions/Yuyao/raw_data_dir_L89_L2SR_by_gee/GAO20240611t222106p0000-D_l89_sr_LANDSAT_8_20240612T182724Z.tif,GAO20240611t222106p0000-D_l89_sr_LANDSAT_8_20240612T182724Z.tif
GAO20240611t222106p0000-E,/mnt/engg-leung/Research_No9_Methane_Emissions/Yuyao/raw_data_dir_L89_L2SR_by_gee/GAO20240611t222106p0000-E_l89_sr_LANDSAT_8_20240612T182724Z.tif,GAO20240611t222106p0000-E_l89_sr_LANDSAT_8_20240612T182724Z.tif
GAO20240611t222106p0000-F,/mnt/engg-leung/Research_No9_Methane_Emissions/Yuyao/raw_data_dir_L89_L2SR_by_gee/GAO20240611t222106p0000-F_l89_sr_LANDSAT_8_20240612T182724Z.tif,GAO20240611t222106p0000-F_l89_sr_LANDSAT_8_20240612T182724Z.tif
GAO20240611t222905p0000-A,/mnt/engg-leung/Research_No9_Methane_Emissions/Yuyao/raw_data_dir_L89_L2SR_by_gee/GAO20240611t222905p0000-A_l89_sr_LANDSAT_8_20240612T182724Z.tif,GAO20240611t222905p0000-A_l89_sr_LANDSAT_8_20240612T182724Z.tif
GAO20240611t222905p0000-C,/mnt/engg-leung/Research_No9_Methane_Emissions/Yuyao/raw_data_dir_L89_L2SR_by_gee/GAO20240611t222905p0000-C_l89_sr_LANDSAT_8_20240612T182724Z.tif,GAO20240611t222905p0000-C_l89_sr_LANDSAT_8_20240612T182724Z.tif
GAO20240611t222905p0000-E,/mnt/engg-leung/Research_No9_Methane_Emissions/Yuyao/raw_data_dir_L89_L2SR_by_gee/GAO20240611t222905p0000-E_l89_sr_LANDSAT_8_20240612T182724Z.tif,GAO20240611t222905p0000-E_l89_sr_LANDSAT_8_20240612T182724Z.tif
GAO20240611t223539p0000-A,/mnt/engg-leung/Research_No9_Methane_Emissions/Yuyao/raw_data_dir_L89_L2SR_by_gee/GAO20240611t223539p0000-A_l89_sr_LANDSAT_8_20240612T182724Z.tif,GAO20240611t223539p0000-A_l89_sr_LANDSAT_8_20240612T182724Z.tif
GAO20240611t223539p0000-B,/mnt/engg-leung/Research_No9_Methane_Emissions/Yuyao/raw_data_dir_L89_L2SR_by_gee/GAO20240611t223539p0000-B_l89_sr_LANDSAT_8_20240612T182724Z.tif,GAO20240611t223539p0000-B_l89_sr_LANDSAT_8_20240612T182724Z.tif
GAO20240611t224204p0000-A,/mnt/engg-leung/Research_No9_Methane_Emissions/Yuyao/raw_data_dir_L89_L2SR_by_gee/GAO20240611t224204p0000-A_l89_sr_LANDSAT_8_20240612T182724Z.tif,GAO20240611t224204p0000-A_l89_sr_LANDSAT_8_20240612T182724Z.tif
GAO20240611t224204p0000-C,/mnt/engg-leung/Research_No9_Methane_Emissions/Yuyao/raw_data_dir_L89_L2SR_by_gee/GAO20240611t224204p0000-C_l89_sr_LANDSAT_8_20240612T182724Z.tif,GAO20240611t224204p0000-C_l89_sr_LANDSAT_8_20240612T182724Z.tif
GAO20240611t224204p0000-D,/mnt/engg-leung/Research_No9_Methane_Emissions/Yuyao/raw_data_dir_L89_L2SR_by_gee/GAO20240611t224204p0000-D_l89_sr_LANDSAT_8_20240612T182724Z.tif,GAO20240611t224204p0000-D_l89_sr_LANDSAT_8_20240612T182724Z.tif
GAO20240611t224700p0000-A,/mnt/engg-leung/Research_No9_Methane_Emissions/Yuyao/raw_data_dir_L89_L2SR_by_gee/GAO20240611t224700p0000-A_l89_sr_LANDSAT_8_20240612T182724Z.tif,GAO20240611t224700p0000-A_l89_sr_LANDSAT_8_20240612T182724Z.tif
GAO20240611t224700p0000-B,/mnt/engg-leung/Research_No9_Methane_Emissions/Yuyao/raw_data_dir_L89_L2SR_by_gee/GAO20240611t224700p0000-B_l89_sr_LANDSAT_8_20240612T182724Z.tif,GAO20240611t224700p0000-B_l89_sr_LANDSAT_8_20240612T182724Z.tif
GAO20240611t224700p0000-C,/mnt/engg-leung/Research_No9_Methane_Emissions/Yuyao/raw_data_dir_L89_L2SR_by_gee/GAO20240611t224700p0000-C_l89_sr_LANDSAT_8_20240612T182724Z.tif,GAO20240611t224700p0000-C_l89_sr_LANDSAT_8_20240612T182724Z.tif
GAO20240611t224700p0000-F,/mnt/engg-leung/Research_No9_Methane_Emissions/Yuyao/raw_data_dir_L89_L2SR_by_gee/GAO20240611t224700p0000-F_l89_sr_LANDSAT_8_20240612T182724Z.tif,GAO20240611t224700p0000-F_l89_sr_LANDSAT_8_20240612T182724Z.tif
GAO20240612t193545p0000-A,/mnt/engg-leung/Research_No9_Methane_Emissions/Yuyao/raw_data_dir_L89_L2SR_by_gee/GAO20240612t193545p0000-A_l89_sr_LANDSAT_9_20240613T182124Z.tif,GAO20240612t193545p0000-A_l89_sr_LANDSAT_9_20240613T182124Z.tif
GAO20240612t193545p0000-B,/mnt/engg-leung/Research_No9_Methane_Emissions/Yuyao/raw_data_dir_L89_L2SR_by_gee/GAO20240612t193545p0000-B_l89_sr_LANDSAT_9_20240613T182124Z.tif,GAO20240612t193545p0000-B_l89_sr_LANDSAT_9_20240613T182124Z.tif
GAO20240612t193545p0000-C,/mnt/engg-leung/Research_No9_Methane_Emissions/Yuyao/raw_data_dir_L89_L2SR_by_gee/GAO20240612t193545p0000-C_l89_sr_LANDSAT_9_20240613T182124Z.tif,GAO20240612t193545p0000-C_l89_sr_LANDSAT_9_20240613T182124Z.tif
GAO20240612t193545p0000-E,/mnt/engg-leung/Research_No9_Methane_Emissions/Yuyao/raw_data_dir_L89_L2SR_by_gee/GAO20240612t193545p0000-E_l89_sr_LANDSAT_9_20240613T182124Z.tif,GAO20240612t193545p0000-E_l89_sr_LANDSAT_9_20240613T182124Z.tif
GAO20240612t194836p0000-A,/mnt/engg-leung/Research_No9_Methane_Emissions/Yuyao/raw_data_dir_L89_L2SR_by_gee/GAO20240612t194836p0000-A_l89_sr_LANDSAT_9_20240613T182124Z.tif,GAO20240612t194836p0000-A_l89_sr_LANDSAT_9_20240613T182124Z.tif
GAO20240612t194836p0000-C,/mnt/engg-leung/Research_No9_Methane_Emissions/Yuyao/raw_data_dir_L89_L2SR_by_gee/GAO20240612t194836p0000-C_l89_sr_LANDSAT_9_20240613T182124Z.tif,GAO20240612t194836p0000-C_l89_sr_LANDSAT_9_20240613T182124Z.tif
GAO20240612t194836p0000-D,/mnt/engg-leung/Research_No9_Methane_Emissions/Yuyao/raw_data_dir_L89_L2SR_by_gee/GAO20240612t194836p0000-D_l89_sr_LANDSAT_9_20240613T182124Z.tif,GAO20240612t194836p0000-D_l89_sr_LANDSAT_9_20240613T182124Z.tif
GAO20240612t194836p0000-E,/mnt/engg-leung/Research_No9_Methane_Emissions/Yuyao/raw_data_dir_L89_L2SR_by_gee/GAO20240612t194836p0000-E_l89_sr_LANDSAT_9_20240613T182124Z.tif,GAO20240612t194836p0000-E_l89_sr_LANDSAT_9_20240613T182124Z.tif
GAO20240612t194836p0000-F,/mnt/engg-leung/Research_No9_Methane_Emissions/Yuyao/raw_data_dir_L89_L2SR_by_gee/GAO20240612t194836p0000-F_l89_sr_LANDSAT_9_20240613T182124Z.tif,GAO20240612t194836p0000-F_l89_sr_LANDSAT_9_20240613T182124Z.tif
GAO20240612t200810p0000-A,/mnt/engg-leung/Research_No9_Methane_Emissions/Yuyao/raw_data_dir_L89_L2SR_by_gee/GAO20240612t200810p0000-A_l89_sr_LANDSAT_9_20240613T182124Z.tif,GAO20240612t200810p0000-A_l89_sr_LANDSAT_9_20240613T182124Z.tif
GAO20240612t200810p0000-B,/mnt/engg-leung/Research_No9_Methane_Emissions/Yuyao/raw_data_dir_L89_L2SR_by_gee/GAO20240612t200810p0000-B_l89_sr_LANDSAT_9_20240613T182124Z.tif,GAO20240612t200810p0000-B_l89_sr_LANDSAT_9_20240613T182124Z.tif
GAO20240612t200810p0000-F,/mnt/engg-leung/Research_No9_Methane_Emissions/Yuyao/raw_data_dir_L89_L2SR_by_gee/GAO20240612t200810p0000-F_l89_sr_LANDSAT_9_20240613T182124Z.tif,GAO20240612t200810p0000-F_l89_sr_LANDSAT_9_20240613T182124Z.tif
GAO20240612t202030p0000-A,/mnt/engg-leung/Research_No9_Methane_Emissions/Yuyao/raw_data_dir_L89_L2SR_by_gee/GAO20240612t202030p0000-A_l89_sr_LANDSAT_9_20240613T182124Z.tif,GAO20240612t202030p0000-A_l89_sr_LANDSAT_9_20240613T182124Z.tif
GAO20240612t202030p0000-B,/mnt/engg-leung/Research_No9_Methane_Emissions/Yuyao/raw_data_dir_L89_L2SR_by_gee/GAO20240612t202030p0000-B_l89_sr_LANDSAT_9_20240613T182124Z.tif,GAO20240612t202030p0000-B_l89_sr_LANDSAT_9_20240613T182124Z.tif
GAO20240612t202030p0000-C,/mnt/engg-leung/Research_No9_Methane_Emissions/Yuyao/raw_data_dir_L89_L2SR_by_gee/GAO20240612t202030p0000-C_l89_sr_LANDSAT_9_20240613T182124Z.tif,GAO20240612t202030p0000-C_l89_sr_LANDSAT_9_20240613T182124Z.tif
GAO20240612t202030p0000-D,/mnt/engg-leung/Research_No9_Methane_Emissions/Yuyao/raw_data_dir_L89_L2SR_by_gee/GAO20240612t202030p0000-D_l89_sr_LANDSAT_9_20240613T182124Z.tif,GAO20240612t202030p0000-D_l89_sr_LANDSAT_9_20240613T182124Z.tif
GAO20240612t202030p0000-E,/mnt/engg-leung/Research_No9_Methane_Emissions/Yuyao/raw_data_dir_L89_L2SR_by_gee/GAO20240612t202030p0000-E_l89_sr_LANDSAT_9_20240613T182124Z.tif,GAO20240612t202030p0000-E_l89_sr_LANDSAT_9_20240613T182124Z.tif
GAO20240612t202030p0000-F,/mnt/engg-leung/Research_No9_Methane_Emissions/Yuyao/raw_data_dir_L89_L2SR_by_gee/GAO20240612t202030p0000-F_l89_sr_LANDSAT_9_20240613T182124Z.tif,GAO20240612t202030p0000-F_l89_sr_LANDSAT_9_20240613T182124Z.tif
GAO20240612t202030p0000-G,/mnt/engg-leung/Research_No9_Methane_Emissions/Yuyao/raw_data_dir_L89_L2SR_by_gee/GAO20240612t202030p0000-G_l89_sr_LANDSAT_9_20240613T182124Z.tif,GAO20240612t202030p0000-G_l89_sr_LANDSAT_9_20240613T182124Z.tif
GAO20240612t203545p0000-A,/mnt/engg-leung/Research_No9_Methane_Emissions/Yuyao/raw_data_dir_L89_L2SR_by_gee/GAO20240612t203545p0000-A_l89_sr_LANDSAT_9_20240613T182124Z.tif,GAO20240612t203545p0000-A_l89_sr_LANDSAT_9_20240613T182124Z.tif
GAO20240612t203545p0000-C,/mnt/engg-leung/Research_No9_Methane_Emissions/Yuyao/raw_data_dir_L89_L2SR_by_gee/GAO20240612t203545p0000-C_l89_sr_LANDSAT_9_20240613T182124Z.tif,GAO20240612t203545p0000-C_l89_sr_LANDSAT_9_20240613T182124Z.tif
GAO20240612t203545p0000-E,/mnt/engg-leung/Research_No9_Methane_Emissions/Yuyao/raw_data_dir_L89_L2SR_by_gee/GAO20240612t203545p0000-E_l89_sr_LANDSAT_9_20240613T182124Z.tif,GAO20240612t203545p0000-E_l89_sr_LANDSAT_9_20240613T182124Z.tif
GAO20240612t203545p0000-F,/mnt/engg-leung/Research_No9_Methane_Emissions/Yuyao/raw_data_dir_L89_L2SR_by_gee/GAO20240612t203545p0000-F_l89_sr_LANDSAT_9_20240613T182124Z.tif,GAO20240612t203545p0000-F_l89_sr_LANDSAT_9_20240613T182124Z.tif
GAO20240612t204755p0000-A,/mnt/engg-leung/Research_No9_Methane_Emissions/Yuyao/raw_data_dir_L89_L2SR_by_gee/GAO20240612t204755p0000-A_l89_sr_LANDSAT_9_20240613T182124Z.tif,GAO20240612t204755p0000-A_l89_sr_LANDSAT_9_20240613T182124Z.tif
GAO20240612t204755p0000-B,/mnt/engg-leung/Research_No9_Methane_Emissions/Yuyao/raw_data_dir_L89_L2SR_by_gee/GAO20240612t204755p0000-B_l89_sr_LANDSAT_9_20240613T182124Z.tif,GAO20240612t204755p0000-B_l89_sr_LANDSAT_9_20240613T182124Z.tif
GAO20240612t204755p0000-C,/mnt/engg-leung/Research_No9_Methane_Emissions/Yuyao/raw_data_dir_L89_L2SR_by_gee/GAO20240612t204755p0000-C_l89_sr_LANDSAT_9_20240613T182124Z.tif,GAO20240612t204755p0000-C_l89_sr_LANDSAT_9_20240613T182124Z.tif
GAO20240612t204755p0000-D,/mnt/engg-leung/Research_No9_Methane_Emissions/Yuyao/raw_data_dir_L89_L2SR_by_gee/GAO20240612t204755p0000-D_l89_sr_LANDSAT_9_20240613T182124Z.tif,GAO20240612t204755p0000-D_l89_sr_LANDSAT_9_20240613T182124Z.tif
GAO20240612t204755p0000-E,/mnt/engg-leung/Research_No9_Methane_Emissions/Yuyao/raw_data_dir_L89_L2SR_by_gee/GAO20240612t204755p0000-E_l89_sr_LANDSAT_9_20240613T182124Z.tif,GAO20240612t204755p0000-E_l89_sr_LANDSAT_9_20240613T182124Z.tif
GAO20240612t204755p0000-I,/mnt/engg-leung/Research_No9_Methane_Emissions/Yuyao/raw_data_dir_L89_L2SR_by_gee/GAO20240612t204755p0000-I_l89_sr_LANDSAT_9_20240613T182124Z.tif,GAO20240612t204755p0000-I_l89_sr_LANDSAT_9_20240613T182124Z.tif
GAO20240612t205640p0000-A,/mnt/engg-leung/Research_No9_Methane_Emissions/Yuyao/raw_data_dir_L89_L2SR_by_gee/GAO20240612t205640p0000-A_l89_sr_LANDSAT_9_20240613T182124Z.tif,GAO20240612t205640p0000-A_l89_sr_LANDSAT_9_20240613T182124Z.tif
GAO20240612t205640p0000-B,/mnt/engg-leung/Research_No9_Methane_Emissions/Yuyao/raw_data_dir_L89_L2SR_by_gee/GAO20240612t205640p0000-B_l89_sr_LANDSAT_9_20240613T182124Z.tif,GAO20240612t205640p0000-B_l89_sr_LANDSAT_9_20240613T182124Z.tif
GAO20240612t205640p0000-C,/mnt/engg-leung/Research_No9_Methane_Emissions/Yuyao/raw_data_dir_L89_L2SR_by_gee/GAO20240612t205640p0000-C_l89_sr_LANDSAT_9_20240613T182124Z.tif,GAO20240612t205640p0000-C_l89_sr_LANDSAT_9_20240613T182124Z.tif
GAO20240612t205640p0000-D,/mnt/engg-leung/Research_No9_Methane_Emissions/Yuyao/raw_data_dir_L89_L2SR_by_gee/GAO20240612t205640p0000-D_l89_sr_LANDSAT_9_20240613T182124Z.tif,GAO20240612t205640p0000-D_l89_sr_LANDSAT_9_20240613T182124Z.tif
GAO20240612t205640p0000-F,/mnt/engg-leung/Research_No9_Methane_Emissions/Yuyao/raw_data_dir_L89_L2SR_by_gee/GAO20240612t205640p0000-F_l89_sr_LANDSAT_9_20240613T182124Z.tif,GAO20240612t205640p0000-F_l89_sr_LANDSAT_9_20240613T182124Z.tif
GAO20240612t210924p0000-A,/mnt/engg-leung/Research_No9_Methane_Emissions/Yuyao/raw_data_dir_L89_L2SR_by_gee/GAO20240612t210924p0000-A_l89_sr_LANDSAT_9_20240613T182124Z.tif,GAO20240612t210924p0000-A_l89_sr_LANDSAT_9_20240613T182124Z.tif
GAO20240612t210924p0000-B,/mnt/engg-leung/Research_No9_Methane_Emissions/Yuyao/raw_data_dir_L89_L2SR_by_gee/GAO20240612t210924p0000-B_l89_sr_LANDSAT_9_20240613T182124Z.tif,GAO20240612t210924p0000-B_l89_sr_LANDSAT_9_20240613T182124Z.tif
GAO20240612t210924p0000-E,/mnt/engg-leung/Research_No9_Methane_Emissions/Yuyao/raw_data_dir_L89_L2SR_by_gee/GAO20240612t210924p0000-E_l89_sr_LANDSAT_9_20240613T182124Z.tif,GAO20240612t210924p0000-E_l89_sr_LANDSAT_9_20240613T182124Z.tif
GAO20240612t210924p0000-F,/mnt/engg-leung/Research_No9_Methane_Emissions/Yuyao/raw_data_dir_L89_L2SR_by_gee/GAO20240612t210924p0000-F_l89_sr_LANDSAT_9_20240613T182124Z.tif,GAO20240612t210924p0000-F_l89_sr_LANDSAT_9_20240613T182124Z.tif
GAO20240612t210924p0000-G,/mnt/engg-leung/Research_No9_Methane_Emissions/Yuyao/raw_data_dir_L89_L2SR_by_gee/GAO20240612t210924p0000-G_l89_sr_LANDSAT_9_20240613T182124Z.tif,GAO20240612t210924p0000-G_l89_sr_LANDSAT_9_20240613T182124Z.tif
GAO20240612t211809p0000-A,/mnt/engg-leung/Research_No9_Methane_Emissions/Yuyao/raw_data_dir_L89_L2SR_by_gee/GAO20240612t211809p0000-A_l89_sr_LANDSAT_9_20240613T182124Z.tif,GAO20240612t211809p0000-A_l89_sr_LANDSAT_9_20240613T182124Z.tif
GAO20240612t211809p0000-C,/mnt/engg-leung/Research_No9_Methane_Emissions/Yuyao/raw_data_dir_L89_L2SR_by_gee/GAO20240612t211809p0000-C_l89_sr_LANDSAT_9_20240613T182124Z.tif,GAO20240612t211809p0000-C_l89_sr_LANDSAT_9_20240613T182124Z.tif
GAO20240612t211809p0000-D,/mnt/engg-leung/Research_No9_Methane_Emissions/Yuyao/raw_data_dir_L89_L2SR_by_gee/GAO20240612t211809p0000-D_l89_sr_LANDSAT_9_20240613T182124Z.tif,GAO20240612t211809p0000-D_l89_sr_LANDSAT_9_20240613T182124Z.tif
GAO20240612t211809p0000-F,/mnt/engg-leung/Research_No9_Methane_Emissions/Yuyao/raw_data_dir_L89_L2SR_by_gee/GAO20240612t211809p0000-F_l89_sr_LANDSAT_9_20240613T182124Z.tif,GAO20240612t211809p0000-F_l89_sr_LANDSAT_9_20240613T182124Z.tif
GAO20240612t213044p0000-A,/mnt/engg-leung/Research_No9_Methane_Emissions/Yuyao/raw_data_dir_L89_L2SR_by_gee/GAO20240612t213044p0000-A_l89_sr_LANDSAT_9_20240613T182124Z.tif,GAO20240612t213044p0000-A_l89_sr_LANDSAT_9_20240613T182124Z.tif
GAO20240612t213044p0000-C,/mnt/engg-leung/Research_No9_Methane_Emissions/Yuyao/raw_data_dir_L89_L2SR_by_gee/GAO20240612t213044p0000-C_l89_sr_LANDSAT_9_20240613T182124Z.tif,GAO20240612t213044p0000-C_l89_sr_LANDSAT_9_20240613T182124Z.tif
GAO20240612t213044p0000-D,/mnt/engg-leung/Research_No9_Methane_Emissions/Yuyao/raw_data_dir_L89_L2SR_by_gee/GAO20240612t213044p0000-D_l89_sr_LANDSAT_9_20240613T182124Z.tif,GAO20240612t213044p0000-D_l89_sr_LANDSAT_9_20240613T182124Z.tif
GAO20240612t213044p0000-E,/mnt/engg-leung/Research_No9_Methane_Emissions/Yuyao/raw_data_dir_L89_L2SR_by_gee/GAO20240612t213044p0000-E_l89_sr_LANDSAT_9_20240613T182124Z.tif,GAO20240612t213044p0000-E_l89_sr_LANDSAT_9_20240613T182124Z.tif
GAO20240612t213044p0000-F,/mnt/engg-leung/Research_No9_Methane_Emissions/Yuyao/raw_data_dir_L89_L2SR_by_gee/GAO20240612t213044p0000-F_l89_sr_LANDSAT_9_20240613T182124Z.tif,GAO20240612t213044p0000-F_l89_sr_LANDSAT_9_20240613T182124Z.tif
GAO20240612t213044p0000-G,/mnt/engg-leung/Research_No9_Methane_Emissions/Yuyao/raw_data_dir_L89_L2SR_by_gee/GAO20240612t213044p0000-G_l89_sr_LANDSAT_9_20240613T182124Z.tif,GAO20240612t213044p0000-G_l89_sr_LANDSAT_9_20240613T182124Z.tif
GAO20240612t213044p0000-I,/mnt/engg-leung/Research_No9_Methane_Emissions/Yuyao/raw_data_dir_L89_L2SR_by_gee/GAO20240612t213044p0000-I_l89_sr_LANDSAT_9_20240613T182124Z.tif,GAO20240612t213044p0000-I_l89_sr_LANDSAT_9_20240613T182124Z.tif
GAO20240612t213949p0000-A,/mnt/engg-leung/Research_No9_Methane_Emissions/Yuyao/raw_data_dir_L89_L2SR_by_gee/GAO20240612t213949p0000-A_l89_sr_LANDSAT_9_20240613T182124Z.tif,GAO20240612t213949p0000-A_l89_sr_LANDSAT_9_20240613T182124Z.tif
GAO20240612t213949p0000-B,/mnt/engg-leung/Research_No9_Methane_Emissions/Yuyao/raw_data_dir_L89_L2SR_by_gee/GAO20240612t213949p0000-B_l89_sr_LANDSAT_9_20240613T182124Z.tif,GAO20240612t213949p0000-B_l89_sr_LANDSAT_9_20240613T182124Z.tif
GAO20240612t213949p0000-C,/mnt/engg-leung/Research_No9_Methane_Emissions/Yuyao/raw_data_dir_L89_L2SR_by_gee/GAO20240612t213949p0000-C_l89_sr_LANDSAT_9_20240613T182124Z.tif,GAO20240612t213949p0000-C_l89_sr_LANDSAT_9_20240613T182124Z.tif
GAO20240612t213949p0000-F,/mnt/engg-leung/Research_No9_Methane_Emissions/Yuyao/raw_data_dir_L89_L2SR_by_gee/GAO20240612t213949p0000-F_l89_sr_LANDSAT_9_20240613T182124Z.tif,GAO20240612t213949p0000-F_l89_sr_LANDSAT_9_20240613T182124Z.tif
GAO20240612t215216p0000-A,/mnt/engg-leung/Research_No9_Methane_Emissions/Yuyao/raw_data_dir_L89_L2SR_by_gee/GAO20240612t215216p0000-A_l89_sr_LANDSAT_9_20240613T182124Z.tif,GAO20240612t215216p0000-A_l89_sr_LANDSAT_9_20240613T182124Z.tif
GAO20240612t215216p0000-B,/mnt/engg-leung/Research_No9_Methane_Emissions/Yuyao/raw_data_dir_L89_L2SR_by_gee/GAO20240612t215216p0000-B_l89_sr_LANDSAT_9_20240613T182124Z.tif,GAO20240612t215216p0000-B_l89_sr_LANDSAT_9_20240613T182124Z.tif
GAO20240612t215216p0000-C,/mnt/engg-leung/Research_No9_Methane_Emissions/Yuyao/raw_data_dir_L89_L2SR_by_gee/GAO20240612t215216p0000-C_l89_sr_LANDSAT_9_20240613T182124Z.tif,GAO20240612t215216p0000-C_l89_sr_LANDSAT_9_20240613T182124Z.tif
GAO20240612t215216p0000-E,/mnt/engg-leung/Research_No9_Methane_Emissions/Yuyao/raw_data_dir_L89_L2SR_by_gee/GAO20240612t215216p0000-E_l89_sr_LANDSAT_9_20240613T182124Z.tif,GAO20240612t215216p0000-E_l89_sr_LANDSAT_9_20240613T182124Z.tif
GAO20240612t215216p0000-F,/mnt/engg-leung/Research_No9_Methane_Emissions/Yuyao/raw_data_dir_L89_L2SR_by_gee/GAO20240612t215216p0000-F_l89_sr_LANDSAT_9_20240613T182124Z.tif,GAO20240612t215216p0000-F_l89_sr_LANDSAT_9_20240613T182124Z.tif
GAO20240612t215216p0000-H,/mnt/engg-leung/Research_No9_Methane_Emissions/Yuyao/raw_data_dir_L89_L2SR_by_gee/GAO20240612t215216p0000-H_l89_sr_LANDSAT_9_20240613T182124Z.tif,GAO20240612t215216p0000-H_l89_sr_LANDSAT_9_20240613T182124Z.tif
GAO20240612t215216p0000-J,/mnt/engg-leung/Research_No9_Methane_Emissions/Yuyao/raw_data_dir_L89_L2SR_by_gee/GAO20240612t215216p0000-J_l89_sr_LANDSAT_9_20240613T182124Z.tif,GAO20240612t215216p0000-J_l89_sr_LANDSAT_9_20240613T182124Z.tif
GAO20240612t215216p0000-K,/mnt/engg-leung/Research_No9_Methane_Emissions/Yuyao/raw_data_dir_L89_L2SR_by_gee/GAO20240612t215216p0000-K_l89_sr_LANDSAT_9_20240613T182124Z.tif,GAO20240612t215216p0000-K_l89_sr_LANDSAT_9_20240613T182124Z.tif
GAO20240612t215216p0000-L,/mnt/engg-leung/Research_No9_Methane_Emissions/Yuyao/raw_data_dir_L89_L2SR_by_gee/GAO20240612t215216p0000-L_l89_sr_LANDSAT_9_20240613T182124Z.tif,GAO20240612t215216p0000-L_l89_sr_LANDSAT_9_20240613T182124Z.tif
GAO20240612t220114p0000-A,/mnt/engg-leung/Research_No9_Methane_Emissions/Yuyao/raw_data_dir_L89_L2SR_by_gee/GAO20240612t220114p0000-A_l89_sr_LANDSAT_9_20240613T182124Z.tif,GAO20240612t220114p0000-A_l89_sr_LANDSAT_9_20240613T182124Z.tif
GAO20240612t220114p0000-B,/mnt/engg-leung/Research_No9_Methane_Emissions/Yuyao/raw_data_dir_L89_L2SR_by_gee/GAO20240612t220114p0000-B_l89_sr_LANDSAT_9_20240613T182124Z.tif,GAO20240612t220114p0000-B_l89_sr_LANDSAT_9_20240613T182124Z.tif
GAO20240612t220114p0000-C,/mnt/engg-leung/Research_No9_Methane_Emissions/Yuyao/raw_data_dir_L89_L2SR_by_gee/GAO20240612t220114p0000-C_l89_sr_LANDSAT_9_20240613T182124Z.tif,GAO20240612t220114p0000-C_l89_sr_LANDSAT_9_20240613T182124Z.tif
GAO20240612t220114p0000-D,/mnt/engg-leung/Research_No9_Methane_Emissions/Yuyao/raw_data_dir_L89_L2SR_by_gee/GAO20240612t220114p0000-D_l89_sr_LANDSAT_9_20240613T182124Z.tif,GAO20240612t220114p0000-D_l89_sr_LANDSAT_9_20240613T182124Z.tif
GAO20240612t221405p0000-A,/mnt/engg-leung/Research_No9_Methane_Emissions/Yuyao/raw_data_dir_L89_L2SR_by_gee/GAO20240612t221405p0000-A_l89_sr_LANDSAT_9_20240613T182124Z.tif,GAO20240612t221405p0000-A_l89_sr_LANDSAT_9_20240613T182124Z.tif
GAO20240612t221405p0000-B,/mnt/engg-leung/Research_No9_Methane_Emissions/Yuyao/raw_data_dir_L89_L2SR_by_gee/GAO20240612t221405p0000-B_l89_sr_LANDSAT_9_20240613T182124Z.tif,GAO20240612t221405p0000-B_l89_sr_LANDSAT_9_20240613T182124Z.tif
GAO20240612t221405p0000-C,/mnt/engg-leung/Research_No9_Methane_Emissions/Yuyao/raw_data_dir_L89_L2SR_by_gee/GAO20240612t221405p0000-C_l89_sr_LANDSAT_9_20240613T182124Z.tif,GAO20240612t221405p0000-C_l89_sr_LANDSAT_9_20240613T182124Z.tif
GAO20240612t221405p0000-D,/mnt/engg-leung/Research_No9_Methane_Emissions/Yuyao/raw_data_dir_L89_L2SR_by_gee/GAO20240612t221405p0000-D_l89_sr_LANDSAT_9_20240613T182124Z.tif,GAO20240612t221405p0000-D_l89_sr_LANDSAT_9_20240613T182124Z.tif
GAO20240612t221405p0000-G,/mnt/engg-leung/Research_No9_Methane_Emissions/Yuyao/raw_data_dir_L89_L2SR_by_gee/GAO20240612t221405p0000-G_l89_sr_LANDSAT_9_20240613T182124Z.tif,GAO20240612t221405p0000-G_l89_sr_LANDSAT_9_20240613T182124Z.tif
ang20160916t200814-A,/mnt/engg-leung/Research_No9_Methane_Emissions/Yuyao/raw_data_dir_L89_L2SR_by_gee/ang20160916t200814-A_l89_sr_LANDSAT_8_20160917T183421Z.tif,ang20160916t200814-A_l89_sr_LANDSAT_8_20160917T183421Z.tif
ang20160916t200814-C,/mnt/engg-leung/Research_No9_Methane_Emissions/Yuyao/raw_data_dir_L89_L2SR_by_gee/ang20160916t200814-C_l89_sr_LANDSAT_8_20160917T183421Z.tif,ang20160916t200814-C_l89_sr_LANDSAT_8_20160917T183421Z.tif
ang20160916t202433-D,/mnt/engg-leung/Research_No9_Methane_Emissions/Yuyao/raw_data_dir_L89_L2SR_by_gee/ang20160916t202433-D_l89_sr_LANDSAT_8_20160917T183421Z.tif,ang20160916t202433-D_l89_sr_LANDSAT_8_20160917T183421Z.tif
ang20160916t202433-H,/mnt/engg-leung/Research_No9_Methane_Emissions/Yuyao/raw_data_dir_L89_L2SR_by_gee/ang20160916t202433-H_l89_sr_LANDSAT_8_20160917T183421Z.tif,ang20160916t202433-H_l89_sr_LANDSAT_8_20160917T183421Z.tif
ang20160916t204345-B,/mnt/engg-leung/Research_No9_Methane_Emissions/Yuyao/raw_data_dir_L89_L2SR_by_gee/ang20160916t204345-B_l89_sr_LANDSAT_8_20160917T183421Z.tif,ang20160916t204345-B_l89_sr_LANDSAT_8_20160917T183421Z.tif
ang20160916t205810-A,/mnt/engg-leung/Research_No9_Methane_Emissions/Yuyao/raw_data_dir_L89_L2SR_by_gee/ang20160916t205810-A_l89_sr_LANDSAT_8_20160917T183421Z.tif,ang20160916t205810-A_l89_sr_LANDSAT_8_20160917T183421Z.tif
ang20160916t211157-F,/mnt/engg-leung/Research_No9_Methane_Emissions/Yuyao/raw_data_dir_L89_L2SR_by_gee/ang20160916t211157-F_l89_sr_LANDSAT_8_20160917T183421Z.tif,ang20160916t211157-F_l89_sr_LANDSAT_8_20160917T183421Z.tif
ang20160916t212645-A,/mnt/engg-leung/Research_No9_Methane_Emissions/Yuyao/raw_data_dir_L89_L2SR_by_gee/ang20160916t212645-A_l89_sr_LANDSAT_8_20160917T183421Z.tif,ang20160916t212645-A_l89_sr_LANDSAT_8_20160917T183421Z.tif
ang20160916t212645-B,/mnt/engg-leung/Research_No9_Methane_Emissions/Yuyao/raw_data_dir_L89_L2SR_by_gee/ang20160916t212645-B_l89_sr_LANDSAT_8_20160917T183421Z.tif,ang20160916t212645-B_l89_sr_LANDSAT_8_20160917T183421Z.tif
ang20160925t201200-A,/mnt/engg-leung/Research_No9_Methane_Emissions/Yuyao/raw_data_dir_L89_L2SR_by_gee/ang20160925t201200-A_l89_sr_LANDSAT_8_20160926T182833Z.tif,ang20160925t201200-A_l89_sr_LANDSAT_8_20160926T182833Z.tif
ang20160925t201200-C,/mnt/engg-leung/Research_No9_Methane_Emissions/Yuyao/raw_data_dir_L89_L2SR_by_gee/ang20160925t201200-C_l89_sr_LANDSAT_8_20160926T182833Z.tif,ang20160925t201200-C_l89_sr_LANDSAT_8_20160926T182833Z.tif
ang20161026t182549-A,/mnt/engg-leung/Research_No9_Methane_Emissions/Yuyao/raw_data_dir_L89_L2SR_by_gee/ang20161026t182549-A_l89_sr_LANDSAT_8_20161026T184014Z.tif,ang20161026t182549-A_l89_sr_LANDSAT_8_20161026T184014Z.tif
ang20170615t210701-A,/mnt/engg-leung/Research_No9_Methane_Emissions/Yuyao/raw_data_dir_L89_L2SR_by_gee/ang20170615t210701-A_l89_sr_LANDSAT_8_20170616T183413Z.tif,ang20170615t210701-A_l89_sr_LANDSAT_8_20170616T183413Z.tif
ang20170615t210701-B,/mnt/engg-leung/Research_No9_Methane_Emissions/Yuyao/raw_data_dir_L89_L2SR_by_gee/ang20170615t210701-B_l89_sr_LANDSAT_8_20170616T183413Z.tif,ang20170615t210701-B_l89_sr_LANDSAT_8_20170616T183413Z.tif
ang20170615t220302-B,/mnt/engg-leung/Research_No9_Methane_Emissions/Yuyao/raw_data_dir_L89_L2SR_by_gee/ang20170615t220302-B_l89_sr_LANDSAT_8_20170616T183349Z.tif,ang20170615t220302-B_l89_sr_LANDSAT_8_20170616T183349Z.tif
ang20170615t220302-C,/mnt/engg-leung/Research_No9_Methane_Emissions/Yuyao/raw_data_dir_L89_L2SR_by_gee/ang20170615t220302-C_l89_sr_LANDSAT_8_20170616T183349Z.tif,ang20170615t220302-C_l89_sr_LANDSAT_8_20170616T183349Z.tif
ang20170615t223601-A,/mnt/engg-leung/Research_No9_Methane_Emissions/Yuyao/raw_data_dir_L89_L2SR_by_gee/ang20170615t223601-A_l89_sr_LANDSAT_8_20170616T183349Z.tif,ang20170615t223601-A_l89_sr_LANDSAT_8_20170616T183349Z.tif
ang20170615t223601-C,/mnt/engg-leung/Research_No9_Methane_Emissions/Yuyao/raw_data_dir_L89_L2SR_by_gee/ang20170615t223601-C_l89_sr_LANDSAT_8_20170616T183349Z.tif,ang20170615t223601-C_l89_sr_LANDSAT_8_20170616T183349Z.tif
ang20170615t223601-E,/mnt/engg-leung/Research_No9_Methane_Emissions/Yuyao/raw_data_dir_L89_L2SR_by_gee/ang20170615t223601-E_l89_sr_LANDSAT_8_20170616T183349Z.tif,ang20170615t223601-E_l89_sr_LANDSAT_8_20170616T183349Z.tif
ang20170615t230609-A,/mnt/engg-leung/Research_No9_Methane_Emissions/Yuyao/raw_data_dir_L89_L2SR_by_gee/ang20170615t230609-A_l89_sr_LANDSAT_8_20170616T183349Z.tif,ang20170615t230609-A_l89_sr_LANDSAT_8_20170616T183349Z.tif
ang20170615t230609-B,/mnt/engg-leung/Research_No9_Methane_Emissions/Yuyao/raw_data_dir_L89_L2SR_by_gee/ang20170615t230609-B_l89_sr_LANDSAT_8_20170616T183349Z.tif,ang20170615t230609-B_l89_sr_LANDSAT_8_20170616T183349Z.tif
ang20170615t230609-D,/mnt/engg-leung/Research_No9_Methane_Emissions/Yuyao/raw_data_dir_L89_L2SR_by_gee/ang20170615t230609-D_l89_sr_LANDSAT_8_20170616T183349Z.tif,ang20170615t230609-D_l89_sr_LANDSAT_8_20170616T183349Z.tif
ang20170615t232626-A,/mnt/engg-leung/Research_No9_Methane_Emissions/Yuyao/raw_data_dir_L89_L2SR_by_gee/ang20170615t232626-A_l89_sr_LANDSAT_8_20170616T183349Z.tif,ang20170615t232626-A_l89_sr_LANDSAT_8_20170616T183349Z.tif
ang20170615t233419-A,/mnt/engg-leung/Research_No9_Methane_Emissions/Yuyao/raw_data_dir_L89_L2SR_by_gee/ang20170615t233419-A_l89_sr_LANDSAT_8_20170616T183349Z.tif,ang20170615t233419-A_l89_sr_LANDSAT_8_20170616T183349Z.tif
ang20170615t233419-B,/mnt/engg-leung/Research_No9_Methane_Emissions/Yuyao/raw_data_dir_L89_L2SR_by_gee/ang20170615t233419-B_l89_sr_LANDSAT_8_20170616T183349Z.tif,ang20170615t233419-B_l89_sr_LANDSAT_8_20170616T183349Z.tif
ang20170615t233419-C,/mnt/engg-leung/Research_No9_Methane_Emissions/Yuyao/raw_data_dir_L89_L2SR_by_gee/ang20170615t233419-C_l89_sr_LANDSAT_8_20170616T183349Z.tif,ang20170615t233419-C_l89_sr_LANDSAT_8_20170616T183349Z.tif
ang20170615t233419-D,/mnt/engg-leung/Research_No9_Methane_Emissions/Yuyao/raw_data_dir_L89_L2SR_by_gee/ang20170615t233419-D_l89_sr_LANDSAT_8_20170616T183349Z.tif,ang20170615t233419-D_l89_sr_LANDSAT_8_20170616T183349Z.tif
ang20170615t233419-E,/mnt/engg-leung/Research_No9_Methane_Emissions/Yuyao/raw_data_dir_L89_L2SR_by_gee/ang20170615t233419-E_l89_sr_LANDSAT_8_20170616T183349Z.tif,ang20170615t233419-E_l89_sr_LANDSAT_8_20170616T183349Z.tif
ang20170615t234140-A,/mnt/engg-leung/Research_No9_Methane_Emissions/Yuyao/raw_data_dir_L89_L2SR_by_gee/ang20170615t234140-A_l89_sr_LANDSAT_8_20170616T183349Z.tif,ang20170615t234140-A_l89_sr_LANDSAT_8_20170616T183349Z.tif
ang20170615t234140-B,/mnt/engg-leung/Research_No9_Methane_Emissions/Yuyao/raw_data_dir_L89_L2SR_by_gee/ang20170615t234140-B_l89_sr_LANDSAT_8_20170616T183349Z.tif,ang20170615t234140-B_l89_sr_LANDSAT_8_20170616T183349Z.tif
ang20170615t234140-C,/mnt/engg-leung/Research_No9_Methane_Emissions/Yuyao/raw_data_dir_L89_L2SR_by_gee/ang20170615t234140-C_l89_sr_LANDSAT_8_20170616T183349Z.tif,ang20170615t234140-C_l89_sr_LANDSAT_8_20170616T183349Z.tif
ang20170615t234140-D,/mnt/engg-leung/Research_No9_Methane_Emissions/Yuyao/raw_data_dir_L89_L2SR_by_gee/ang20170615t234140-D_l89_sr_LANDSAT_8_20170616T183349Z.tif,ang20170615t234140-D_l89_sr_LANDSAT_8_20170616T183349Z.tif
ang20170615t234140-E,/mnt/engg-leung/Research_No9_Methane_Emissions/Yuyao/raw_data_dir_L89_L2SR_by_gee/ang20170615t234140-E_l89_sr_LANDSAT_8_20170616T183349Z.tif,ang20170615t234140-E_l89_sr_LANDSAT_8_20170616T183349Z.tif
ang20170615t234140-F,/mnt/engg-leung/Research_No9_Methane_Emissions/Yuyao/raw_data_dir_L89_L2SR_by_gee/ang20170615t234140-F_l89_sr_LANDSAT_8_20170616T183349Z.tif,ang20170615t234140-F_l89_sr_LANDSAT_8_20170616T183349Z.tif
ang20170615t234140-G,/mnt/engg-leung/Research_No9_Methane_Emissions/Yuyao/raw_data_dir_L89_L2SR_by_gee/ang20170615t234140-G_l89_sr_LANDSAT_8_20170616T183349Z.tif,ang20170615t234140-G_l89_sr_LANDSAT_8_20170616T183349Z.tif
ang20170615t234922-A,/mnt/engg-leung/Research_No9_Methane_Emissions/Yuyao/raw_data_dir_L89_L2SR_by_gee/ang20170615t234922-A_l89_sr_LANDSAT_8_20170616T183349Z.tif,ang20170615t234922-A_l89_sr_LANDSAT_8_20170616T183349Z.tif
ang20170615t234922-B,/mnt/engg-leung/Research_No9_Methane_Emissions/Yuyao/raw_data_dir_L89_L2SR_by_gee/ang20170615t234922-B_l89_sr_LANDSAT_8_20170616T183349Z.tif,ang20170615t234922-B_l89_sr_LANDSAT_8_20170616T183349Z.tif
ang20170615t234922-C,/mnt/engg-leung/Research_No9_Methane_Emissions/Yuyao/raw_data_dir_L89_L2SR_by_gee/ang20170615t234922-C_l89_sr_LANDSAT_8_20170616T183349Z.tif,ang20170615t234922-C_l89_sr_LANDSAT_8_20170616T183349Z.tif
ang20170615t234922-D,/mnt/engg-leung/Research_No9_Methane_Emissions/Yuyao/raw_data_dir_L89_L2SR_by_gee/ang20170615t234922-D_l89_sr_LANDSAT_8_20170616T183349Z.tif,ang20170615t234922-D_l89_sr_LANDSAT_8_20170616T183349Z.tif
ang20170620t221828-A,/mnt/engg-leung/Research_No9_Methane_Emissions/Yuyao/raw_data_dir_L89_L2SR_by_gee/ang20170620t221828-A_l89_sr_LANDSAT_8_20170621T185136Z.tif,ang20170620t221828-A_l89_sr_LANDSAT_8_20170621T185136Z.tif
ang20170620t221828-B,/mnt/engg-leung/Research_No9_Methane_Emissions/Yuyao/raw_data_dir_L89_L2SR_by_gee/ang20170620t221828-B_l89_sr_LANDSAT_8_20170621T185136Z.tif,ang20170620t221828-B_l89_sr_LANDSAT_8_20170621T185136Z.tif
ang20170620t221828-C,/mnt/engg-leung/Research_No9_Methane_Emissions/Yuyao/raw_data_dir_L89_L2SR_by_gee/ang20170620t221828-C_l89_sr_LANDSAT_8_20170621T185136Z.tif,ang20170620t221828-C_l89_sr_LANDSAT_8_20170621T185136Z.tif
ang20170620t221828-D,/mnt/engg-leung/Research_No9_Methane_Emissions/Yuyao/raw_data_dir_L89_L2SR_by_gee/ang20170620t221828-D_l89_sr_LANDSAT_8_20170621T185136Z.tif,ang20170620t221828-D_l89_sr_LANDSAT_8_20170621T185136Z.tif
ang20170620t221828-F,/mnt/engg-leung/Research_No9_Methane_Emissions/Yuyao/raw_data_dir_L89_L2SR_by_gee/ang20170620t221828-F_l89_sr_LANDSAT_8_20170621T185136Z.tif,ang20170620t221828-F_l89_sr_LANDSAT_8_20170621T185136Z.tif
ang20170620t221828-G,/mnt/engg-leung/Research_No9_Methane_Emissions/Yuyao/raw_data_dir_L89_L2SR_by_gee/ang20170620t221828-G_l89_sr_LANDSAT_8_20170621T185136Z.tif,ang20170620t221828-G_l89_sr_LANDSAT_8_20170621T185136Z.tif
ang20170620t221828-H,/mnt/engg-leung/Research_No9_Methane_Emissions/Yuyao/raw_data_dir_L89_L2SR_by_gee/ang20170620t221828-H_l89_sr_LANDSAT_8_20170621T185136Z.tif,ang20170620t221828-H_l89_sr_LANDSAT_8_20170621T185136Z.tif
ang20170919t194958-A,/mnt/engg-leung/Research_No9_Methane_Emissions/Yuyao/raw_data_dir_L89_L2SR_by_gee/ang20170919t194958-A_l89_sr_LANDSAT_8_20170920T183416Z.tif,ang20170919t194958-A_l89_sr_LANDSAT_8_20170920T183416Z.tif
ang20170919t194958-B,/mnt/engg-leung/Research_No9_Methane_Emissions/Yuyao/raw_data_dir_L89_L2SR_by_gee/ang20170919t194958-B_l89_sr_LANDSAT_8_20170920T183416Z.tif,ang20170919t194958-B_l89_sr_LANDSAT_8_20170920T183416Z.tif
ang20170919t194958-C,/mnt/engg-leung/Research_No9_Methane_Emissions/Yuyao/raw_data_dir_L89_L2SR_by_gee/ang20170919t194958-C_l89_sr_LANDSAT_8_20170920T183416Z.tif,ang20170919t194958-C_l89_sr_LANDSAT_8_20170920T183416Z.tif
ang20170919t194958-D,/mnt/engg-leung/Research_No9_Methane_Emissions/Yuyao/raw_data_dir_L89_L2SR_by_gee/ang20170919t194958-D_l89_sr_LANDSAT_8_20170920T183416Z.tif,ang20170919t194958-D_l89_sr_LANDSAT_8_20170920T183416Z.tif
ang20170919t194958-E,/mnt/engg-leung/Research_No9_Methane_Emissions/Yuyao/raw_data_dir_L89_L2SR_by_gee/ang20170919t194958-E_l89_sr_LANDSAT_8_20170920T183416Z.tif,ang20170919t194958-E_l89_sr_LANDSAT_8_20170920T183416Z.tif
ang20170919t202425-A,/mnt/engg-leung/Research_No9_Methane_Emissions/Yuyao/raw_data_dir_L89_L2SR_by_gee/ang20170919t202425-A_l89_sr_LANDSAT_8_20170920T183352Z.tif,ang20170919t202425-A_l89_sr_LANDSAT_8_20170920T183352Z.tif
ang20170919t203101-A,/mnt/engg-leung/Research_No9_Methane_Emissions/Yuyao/raw_data_dir_L89_L2SR_by_gee/ang20170919t203101-A_l89_sr_LANDSAT_8_20170920T183352Z.tif,ang20170919t203101-A_l89_sr_LANDSAT_8_20170920T183352Z.tif
ang20170919t203753-A,/mnt/engg-leung/Research_No9_Methane_Emissions/Yuyao/raw_data_dir_L89_L2SR_by_gee/ang20170919t203753-A_l89_sr_LANDSAT_8_20170920T183352Z.tif,ang20170919t203753-A_l89_sr_LANDSAT_8_20170920T183352Z.tif
ang20170919t210400-A,/mnt/engg-leung/Research_No9_Methane_Emissions/Yuyao/raw_data_dir_L89_L2SR_by_gee/ang20170919t210400-A_l89_sr_LANDSAT_8_20170920T183416Z.tif,ang20170919t210400-A_l89_sr_LANDSAT_8_20170920T183416Z.tif
ang20170919t211946-A,/mnt/engg-leung/Research_No9_Methane_Emissions/Yuyao/raw_data_dir_L89_L2SR_by_gee/ang20170919t211946-A_l89_sr_LANDSAT_8_20170920T183416Z.tif,ang20170919t211946-A_l89_sr_LANDSAT_8_20170920T183416Z.tif
ang20170919t212654-A,/mnt/engg-leung/Research_No9_Methane_Emissions/Yuyao/raw_data_dir_L89_L2SR_by_gee/ang20170919t212654-A_l89_sr_LANDSAT_8_20170920T183416Z.tif,ang20170919t212654-A_l89_sr_LANDSAT_8_20170920T183416Z.tif
ang20170919t213311-A,/mnt/engg-leung/Research_No9_Methane_Emissions/Yuyao/raw_data_dir_L89_L2SR_by_gee/ang20170919t213311-A_l89_sr_LANDSAT_8_20170920T183416Z.tif,ang20170919t213311-A_l89_sr_LANDSAT_8_20170920T183416Z.tif
ang20170920t182452-B,/mnt/engg-leung/Research_No9_Methane_Emissions/Yuyao/raw_data_dir_L89_L2SR_by_gee/ang20170920t182452-B_l89_sr_LANDSAT_8_20170920T183416Z.tif,ang20170920t182452-B_l89_sr_LANDSAT_8_20170920T183416Z.tif
ang20170920t182452-C,/mnt/engg-leung/Research_No9_Methane_Emissions/Yuyao/raw_data_dir_L89_L2SR_by_gee/ang20170920t182452-C_l89_sr_LANDSAT_8_20170920T183416Z.tif,ang20170920t182452-C_l89_sr_LANDSAT_8_20170920T183416Z.tif
ang20170928t190510-A,/mnt/engg-leung/Research_No9_Methane_Emissions/Yuyao/raw_data_dir_L89_L2SR_by_gee/ang20170928t190510-A_l89_sr_LANDSAT_8_20170929T182833Z.tif,ang20170928t190510-A_l89_sr_LANDSAT_8_20170929T182833Z.tif
ang20171003t202537-A,/mnt/engg-leung/Research_No9_Methane_Emissions/Yuyao/raw_data_dir_L89_L2SR_by_gee/ang20171003t202537-A_l89_sr_LANDSAT_8_20171004T184556Z.tif,ang20171003t202537-A_l89_sr_LANDSAT_8_20171004T184556Z.tif
ang20171003t202537-B,/mnt/engg-leung/Research_No9_Methane_Emissions/Yuyao/raw_data_dir_L89_L2SR_by_gee/ang20171003t202537-B_l89_sr_LANDSAT_8_20171004T184556Z.tif,ang20171003t202537-B_l89_sr_LANDSAT_8_20171004T184556Z.tif
ang20171003t202537-C,/mnt/engg-leung/Research_No9_Methane_Emissions/Yuyao/raw_data_dir_L89_L2SR_by_gee/ang20171003t202537-C_l89_sr_LANDSAT_8_20171004T184556Z.tif,ang20171003t202537-C_l89_sr_LANDSAT_8_20171004T184556Z.tif
ang20171003t204400-A,/mnt/engg-leung/Research_No9_Methane_Emissions/Yuyao/raw_data_dir_L89_L2SR_by_gee/ang20171003t204400-A_l89_sr_LANDSAT_8_20171004T184556Z.tif,ang20171003t204400-A_l89_sr_LANDSAT_8_20171004T184556Z.tif
ang20171003t204400-B,/mnt/engg-leung/Research_No9_Methane_Emissions/Yuyao/raw_data_dir_L89_L2SR_by_gee/ang20171003t204400-B_l89_sr_LANDSAT_8_20171004T184556Z.tif,ang20171003t204400-B_l89_sr_LANDSAT_8_20171004T184556Z.tif
ang20171003t222158-A,/mnt/engg-leung/Research_No9_Methane_Emissions/Yuyao/raw_data_dir_L89_L2SR_by_gee/ang20171003t222158-A_l89_sr_LANDSAT_8_20171004T184556Z.tif,ang20171003t222158-A_l89_sr_LANDSAT_8_20171004T184556Z.tif
ang20171003t223216-C,/mnt/engg-leung/Research_No9_Methane_Emissions/Yuyao/raw_data_dir_L89_L2SR_by_gee/ang20171003t223216-C_l89_sr_LANDSAT_8_20171004T184556Z.tif,ang20171003t223216-C_l89_sr_LANDSAT_8_20171004T184556Z.tif
ang20171003t223216-D,/mnt/engg-leung/Research_No9_Methane_Emissions/Yuyao/raw_data_dir_L89_L2SR_by_gee/ang20171003t223216-D_l89_sr_LANDSAT_8_20171004T184556Z.tif,ang20171003t223216-D_l89_sr_LANDSAT_8_20171004T184556Z.tif
ang20171003t224906-A,/mnt/engg-leung/Research_No9_Methane_Emissions/Yuyao/raw_data_dir_L89_L2SR_by_gee/ang20171003t224906-A_l89_sr_LANDSAT_8_20171004T184619Z.tif,ang20171003t224906-A_l89_sr_LANDSAT_8_20171004T184619Z.tif
ang20171003t224906-B,/mnt/engg-leung/Research_No9_Methane_Emissions/Yuyao/raw_data_dir_L89_L2SR_by_gee/ang20171003t224906-B_l89_sr_LANDSAT_8_20171004T184619Z.tif,ang20171003t224906-B_l89_sr_LANDSAT_8_20171004T184619Z.tif
ang20171003t224906-C,/mnt/engg-leung/Research_No9_Methane_Emissions/Yuyao/raw_data_dir_L89_L2SR_by_gee/ang20171003t224906-C_l89_sr_LANDSAT_8_20171004T184619Z.tif,ang20171003t224906-C_l89_sr_LANDSAT_8_20171004T184619Z.tif
ang20171003t224906-D,/mnt/engg-leung/Research_No9_Methane_Emissions/Yuyao/raw_data_dir_L89_L2SR_by_gee/ang20171003t224906-D_l89_sr_LANDSAT_8_20171004T184619Z.tif,ang20171003t224906-D_l89_sr_LANDSAT_8_20171004T184619Z.tif
ang20171003t224906-G,/mnt/engg-leung/Research_No9_Methane_Emissions/Yuyao/raw_data_dir_L89_L2SR_by_gee/ang20171003t224906-G_l89_sr_LANDSAT_8_20171004T184619Z.tif,ang20171003t224906-G_l89_sr_LANDSAT_8_20171004T184619Z.tif
ang20171003t224906-H,/mnt/engg-leung/Research_No9_Methane_Emissions/Yuyao/raw_data_dir_L89_L2SR_by_gee/ang20171003t224906-H_l89_sr_LANDSAT_8_20171004T184619Z.tif,ang20171003t224906-H_l89_sr_LANDSAT_8_20171004T184619Z.tif
ang20171003t224906-I,/mnt/engg-leung/Research_No9_Methane_Emissions/Yuyao/raw_data_dir_L89_L2SR_by_gee/ang20171003t224906-I_l89_sr_LANDSAT_8_20171004T184619Z.tif,ang20171003t224906-I_l89_sr_LANDSAT_8_20171004T184619Z.tif
ang20171023t183733-A,/mnt/engg-leung/Research_No9_Methane_Emissions/Yuyao/raw_data_dir_L89_L2SR_by_gee/ang20171023t183733-A_l89_sr_LANDSAT_8_20171024T182251Z.tif,ang20171023t183733-A_l89_sr_LANDSAT_8_20171024T182251Z.tif
ang20171023t183733-B,/mnt/engg-leung/Research_No9_Methane_Emissions/Yuyao/raw_data_dir_L89_L2SR_by_gee/ang20171023t183733-B_l89_sr_LANDSAT_8_20171024T182251Z.tif,ang20171023t183733-B_l89_sr_LANDSAT_8_20171024T182251Z.tif
ang20171023t183733-C,/mnt/engg-leung/Research_No9_Methane_Emissions/Yuyao/raw_data_dir_L89_L2SR_by_gee/ang20171023t183733-C_l89_sr_LANDSAT_8_20171024T182251Z.tif,ang20171023t183733-C_l89_sr_LANDSAT_8_20171024T182251Z.tif
ang20171023t184406-A,/mnt/engg-leung/Research_No9_Methane_Emissions/Yuyao/raw_data_dir_L89_L2SR_by_gee/ang20171023t184406-A_l89_sr_LANDSAT_8_20171024T182251Z.tif,ang20171023t184406-A_l89_sr_LANDSAT_8_20171024T182251Z.tif
ang20171023t184406-B,/mnt/engg-leung/Research_No9_Methane_Emissions/Yuyao/raw_data_dir_L89_L2SR_by_gee/ang20171023t184406-B_l89_sr_LANDSAT_8_20171024T182251Z.tif,ang20171023t184406-B_l89_sr_LANDSAT_8_20171024T182251Z.tif
ang20171023t184406-C,/mnt/engg-leung/Research_No9_Methane_Emissions/Yuyao/raw_data_dir_L89_L2SR_by_gee/ang20171023t184406-C_l89_sr_LANDSAT_8_20171024T182251Z.tif,ang20171023t184406-C_l89_sr_LANDSAT_8_20171024T182251Z.tif
ang20171023t192818-B,/mnt/engg-leung/Research_No9_Methane_Emissions/Yuyao/raw_data_dir_L89_L2SR_by_gee/ang20171023t192818-B_l89_sr_LANDSAT_8_20171024T182251Z.tif,ang20171023t192818-B_l89_sr_LANDSAT_8_20171024T182251Z.tif
ang20171023t192818-C,/mnt/engg-leung/Research_No9_Methane_Emissions/Yuyao/raw_data_dir_L89_L2SR_by_gee/ang20171023t192818-C_l89_sr_LANDSAT_8_20171024T182251Z.tif,ang20171023t192818-C_l89_sr_LANDSAT_8_20171024T182251Z.tif
ang20171023t193220-C,/mnt/engg-leung/Research_No9_Methane_Emissions/Yuyao/raw_data_dir_L89_L2SR_by_gee/ang20171023t193220-C_l89_sr_LANDSAT_8_20171024T182251Z.tif,ang20171023t193220-C_l89_sr_LANDSAT_8_20171024T182251Z.tif
ang20171023t193220-F,/mnt/engg-leung/Research_No9_Methane_Emissions/Yuyao/raw_data_dir_L89_L2SR_by_gee/ang20171023t193220-F_l89_sr_LANDSAT_8_20171024T182251Z.tif,ang20171023t193220-F_l89_sr_LANDSAT_8_20171024T182251Z.tif
ang20171023t215031-A,/mnt/engg-leung/Research_No9_Methane_Emissions/Yuyao/raw_data_dir_L89_L2SR_by_gee/ang20171023t215031-A_l89_sr_LANDSAT_8_20171024T182251Z.tif,ang20171023t215031-A_l89_sr_LANDSAT_8_20171024T182251Z.tif
ang20171023t215031-B,/mnt/engg-leung/Research_No9_Methane_Emissions/Yuyao/raw_data_dir_L89_L2SR_by_gee/ang20171023t215031-B_l89_sr_LANDSAT_8_20171024T182251Z.tif,ang20171023t215031-B_l89_sr_LANDSAT_8_20171024T182251Z.tif
ang20171023t215031-C,/mnt/engg-leung/Research_No9_Methane_Emissions/Yuyao/raw_data_dir_L89_L2SR_by_gee/ang20171023t215031-C_l89_sr_LANDSAT_8_20171024T182251Z.tif,ang20171023t215031-C_l89_sr_LANDSAT_8_20171024T182251Z.tif
ang20171023t215031-D,/mnt/engg-leung/Research_No9_Methane_Emissions/Yuyao/raw_data_dir_L89_L2SR_by_gee/ang20171023t215031-D_l89_sr_LANDSAT_8_20171024T182251Z.tif,ang20171023t215031-D_l89_sr_LANDSAT_8_20171024T182251Z.tif
ang20171023t215031-F,/mnt/engg-leung/Research_No9_Methane_Emissions/Yuyao/raw_data_dir_L89_L2SR_by_gee/ang20171023t215031-F_l89_sr_LANDSAT_8_20171024T182251Z.tif,ang20171023t215031-F_l89_sr_LANDSAT_8_20171024T182251Z.tif
ang20171023t215413-A,/mnt/engg-leung/Research_No9_Methane_Emissions/Yuyao/raw_data_dir_L89_L2SR_by_gee/ang20171023t215413-A_l89_sr_LANDSAT_8_20171024T182251Z.tif,ang20171023t215413-A_l89_sr_LANDSAT_8_20171024T182251Z.tif
ang20171023t215413-B,/mnt/engg-leung/Research_No9_Methane_Emissions/Yuyao/raw_data_dir_L89_L2SR_by_gee/ang20171023t215413-B_l89_sr_LANDSAT_8_20171024T182251Z.tif,ang20171023t215413-B_l89_sr_LANDSAT_8_20171024T182251Z.tif
ang20171023t215413-C,/mnt/engg-leung/Research_No9_Methane_Emissions/Yuyao/raw_data_dir_L89_L2SR_by_gee/ang20171023t215413-C_l89_sr_LANDSAT_8_20171024T182251Z.tif,ang20171023t215413-C_l89_sr_LANDSAT_8_20171024T182251Z.tif
ang20171023t215413-D,/mnt/engg-leung/Research_No9_Methane_Emissions/Yuyao/raw_data_dir_L89_L2SR_by_gee/ang20171023t215413-D_l89_sr_LANDSAT_8_20171024T182251Z.tif,ang20171023t215413-D_l89_sr_LANDSAT_8_20171024T182251Z.tif
ang20171023t215413-E,/mnt/engg-leung/Research_No9_Methane_Emissions/Yuyao/raw_data_dir_L89_L2SR_by_gee/ang20171023t215413-E_l89_sr_LANDSAT_8_20171024T182251Z.tif,ang20171023t215413-E_l89_sr_LANDSAT_8_20171024T182251Z.tif
ang20171023t215413-F,/mnt/engg-leung/Research_No9_Methane_Emissions/Yuyao/raw_data_dir_L89_L2SR_by_gee/ang20171023t215413-F_l89_sr_LANDSAT_8_20171024T182251Z.tif,ang20171023t215413-F_l89_sr_LANDSAT_8_20171024T182251Z.tif
ang20171023t215413-G,/mnt/engg-leung/Research_No9_Methane_Emissions/Yuyao/raw_data_dir_L89_L2SR_by_gee/ang20171023t215413-G_l89_sr_LANDSAT_8_20171024T182251Z.tif,ang20171023t215413-G_l89_sr_LANDSAT_8_20171024T182251Z.tif
ang20171023t215413-H,/mnt/engg-leung/Research_No9_Methane_Emissions/Yuyao/raw_data_dir_L89_L2SR_by_gee/ang20171023t215413-H_l89_sr_LANDSAT_8_20171024T182251Z.tif,ang20171023t215413-H_l89_sr_LANDSAT_8_20171024T182251Z.tif
ang20180821t200507-A,/mnt/engg-leung/Research_No9_Methane_Emissions/Yuyao/raw_data_dir_L89_L2SR_by_gee/ang20180821t200507-A_l89_sr_LANDSAT_8_20180822T183336Z.tif,ang20180821t200507-A_l89_sr_LANDSAT_8_20180822T183336Z.tif
ang20180821t200507-B,/mnt/engg-leung/Research_No9_Methane_Emissions/Yuyao/raw_data_dir_L89_L2SR_by_gee/ang20180821t200507-B_l89_sr_LANDSAT_8_20180822T183336Z.tif,ang20180821t200507-B_l89_sr_LANDSAT_8_20180822T183336Z.tif
ang20180821t201135-B,/mnt/engg-leung/Research_No9_Methane_Emissions/Yuyao/raw_data_dir_L89_L2SR_by_gee/ang20180821t201135-B_l89_sr_LANDSAT_8_20180822T183336Z.tif,ang20180821t201135-B_l89_sr_LANDSAT_8_20180822T183336Z.tif
ang20180821t201548-B,/mnt/engg-leung/Research_No9_Methane_Emissions/Yuyao/raw_data_dir_L89_L2SR_by_gee/ang20180821t201548-B_l89_sr_LANDSAT_8_20180822T183336Z.tif,ang20180821t201548-B_l89_sr_LANDSAT_8_20180822T183336Z.tif
ang20180920t185005-A,/mnt/engg-leung/Research_No9_Methane_Emissions/Yuyao/raw_data_dir_L89_L2SR_by_gee/ang20180920t185005-A_l89_sr_LANDSAT_8_20180921T184519Z.tif,ang20180920t185005-A_l89_sr_LANDSAT_8_20180921T184519Z.tif
ang20180920t185005-B,/mnt/engg-leung/Research_No9_Methane_Emissions/Yuyao/raw_data_dir_L89_L2SR_by_gee/ang20180920t185005-B_l89_sr_LANDSAT_8_20180921T184519Z.tif,ang20180920t185005-B_l89_sr_LANDSAT_8_20180921T184519Z.tif
ang20180920t185005-C,/mnt/engg-leung/Research_No9_Methane_Emissions/Yuyao/raw_data_dir_L89_L2SR_by_gee/ang20180920t185005-C_l89_sr_LANDSAT_8_20180921T184519Z.tif,ang20180920t185005-C_l89_sr_LANDSAT_8_20180921T184519Z.tif
ang20180920t185005-D,/mnt/engg-leung/Research_No9_Methane_Emissions/Yuyao/raw_data_dir_L89_L2SR_by_gee/ang20180920t185005-D_l89_sr_LANDSAT_8_20180921T184519Z.tif,ang20180920t185005-D_l89_sr_LANDSAT_8_20180921T184519Z.tif
ang20180920t185005-E,/mnt/engg-leung/Research_No9_Methane_Emissions/Yuyao/raw_data_dir_L89_L2SR_by_gee/ang20180920t185005-E_l89_sr_LANDSAT_8_20180921T184519Z.tif,ang20180920t185005-E_l89_sr_LANDSAT_8_20180921T184519Z.tif
ang20180920t190207-A,/mnt/engg-leung/Research_No9_Methane_Emissions/Yuyao/raw_data_dir_L89_L2SR_by_gee/ang20180920t190207-A_l89_sr_LANDSAT_8_20180921T184519Z.tif,ang20180920t190207-A_l89_sr_LANDSAT_8_20180921T184519Z.tif
ang20180920t190207-B,/mnt/engg-leung/Research_No9_Methane_Emissions/Yuyao/raw_data_dir_L89_L2SR_by_gee/ang20180920t190207-B_l89_sr_LANDSAT_8_20180921T184519Z.tif,ang20180920t190207-B_l89_sr_LANDSAT_8_20180921T184519Z.tif
ang20180920t190207-C,/mnt/engg-leung/Research_No9_Methane_Emissions/Yuyao/raw_data_dir_L89_L2SR_by_gee/ang20180920t190207-C_l89_sr_LANDSAT_8_20180921T184519Z.tif,ang20180920t190207-C_l89_sr_LANDSAT_8_20180921T184519Z.tif
ang20180920t190207-D,/mnt/engg-leung/Research_No9_Methane_Emissions/Yuyao/raw_data_dir_L89_L2SR_by_gee/ang20180920t190207-D_l89_sr_LANDSAT_8_20180921T184519Z.tif,ang20180920t190207-D_l89_sr_LANDSAT_8_20180921T184519Z.tif
ang20180920t190207-E,/mnt/engg-leung/Research_No9_Methane_Emissions/Yuyao/raw_data_dir_L89_L2SR_by_gee/ang20180920t190207-E_l89_sr_LANDSAT_8_20180921T184519Z.tif,ang20180920t190207-E_l89_sr_LANDSAT_8_20180921T184519Z.tif
ang20180920t191240-A,/mnt/engg-leung/Research_No9_Methane_Emissions/Yuyao/raw_data_dir_L89_L2SR_by_gee/ang20180920t191240-A_l89_sr_LANDSAT_8_20180921T184519Z.tif,ang20180920t191240-A_l89_sr_LANDSAT_8_20180921T184519Z.tif
ang20180920t192430-A,/mnt/engg-leung/Research_No9_Methane_Emissions/Yuyao/raw_data_dir_L89_L2SR_by_gee/ang20180920t192430-A_l89_sr_LANDSAT_8_20180921T184519Z.tif,ang20180920t192430-A_l89_sr_LANDSAT_8_20180921T184519Z.tif
ang20180920t193536-A,/mnt/engg-leung/Research_No9_Methane_Emissions/Yuyao/raw_data_dir_L89_L2SR_by_gee/ang20180920t193536-A_l89_sr_LANDSAT_8_20180921T184519Z.tif,ang20180920t193536-A_l89_sr_LANDSAT_8_20180921T184519Z.tif
ang20180922t193023-A,/mnt/engg-leung/Research_No9_Methane_Emissions/Yuyao/raw_data_dir_L89_L2SR_by_gee/ang20180922t193023-A_l89_sr_LANDSAT_8_20180923T183347Z.tif,ang20180922t193023-A_l89_sr_LANDSAT_8_20180923T183347Z.tif
ang20180922t193023-C,/mnt/engg-leung/Research_No9_Methane_Emissions/Yuyao/raw_data_dir_L89_L2SR_by_gee/ang20180922t193023-C_l89_sr_LANDSAT_8_20180923T183347Z.tif,ang20180922t193023-C_l89_sr_LANDSAT_8_20180923T183347Z.tif
ang20180922t194326-A,/mnt/engg-leung/Research_No9_Methane_Emissions/Yuyao/raw_data_dir_L89_L2SR_by_gee/ang20180922t194326-A_l89_sr_LANDSAT_8_20180923T183347Z.tif,ang20180922t194326-A_l89_sr_LANDSAT_8_20180923T183347Z.tif
ang20180922t194326-B,/mnt/engg-leung/Research_No9_Methane_Emissions/Yuyao/raw_data_dir_L89_L2SR_by_gee/ang20180922t194326-B_l89_sr_LANDSAT_8_20180923T183347Z.tif,ang20180922t194326-B_l89_sr_LANDSAT_8_20180923T183347Z.tif
ang20180922t195009-A,/mnt/engg-leung/Research_No9_Methane_Emissions/Yuyao/raw_data_dir_L89_L2SR_by_gee/ang20180922t195009-A_l89_sr_LANDSAT_8_20180923T183347Z.tif,ang20180922t195009-A_l89_sr_LANDSAT_8_20180923T183347Z.tif
ang20180922t195009-B,/mnt/engg-leung/Research_No9_Methane_Emissions/Yuyao/raw_data_dir_L89_L2SR_by_gee/ang20180922t195009-B_l89_sr_LANDSAT_8_20180923T183347Z.tif,ang20180922t195009-B_l89_sr_LANDSAT_8_20180923T183347Z.tif
ang20180922t202750-A,/mnt/engg-leung/Research_No9_Methane_Emissions/Yuyao/raw_data_dir_L89_L2SR_by_gee/ang20180922t202750-A_l89_sr_LANDSAT_8_20180923T183347Z.tif,ang20180922t202750-A_l89_sr_LANDSAT_8_20180923T183347Z.tif
ang20180922t202750-D,/mnt/engg-leung/Research_No9_Methane_Emissions/Yuyao/raw_data_dir_L89_L2SR_by_gee/ang20180922t202750-D_l89_sr_LANDSAT_8_20180923T183347Z.tif,ang20180922t202750-D_l89_sr_LANDSAT_8_20180923T183347Z.tif
ang20180922t203520-B,/mnt/engg-leung/Research_No9_Methane_Emissions/Yuyao/raw_data_dir_L89_L2SR_by_gee/ang20180922t203520-B_l89_sr_LANDSAT_8_20180923T183347Z.tif,ang20180922t203520-B_l89_sr_LANDSAT_8_20180923T183347Z.tif
ang20180922t205612-A,/mnt/engg-leung/Research_No9_Methane_Emissions/Yuyao/raw_data_dir_L89_L2SR_by_gee/ang20180922t205612-A_l89_sr_LANDSAT_8_20180923T183347Z.tif,ang20180922t205612-A_l89_sr_LANDSAT_8_20180923T183347Z.tif
ang20180922t205612-B,/mnt/engg-leung/Research_No9_Methane_Emissions/Yuyao/raw_data_dir_L89_L2SR_by_gee/ang20180922t205612-B_l89_sr_LANDSAT_8_20180923T183347Z.tif,ang20180922t205612-B_l89_sr_LANDSAT_8_20180923T183347Z.tif
ang20180922t205612-C,/mnt/engg-leung/Research_No9_Methane_Emissions/Yuyao/raw_data_dir_L89_L2SR_by_gee/ang20180922t205612-C_l89_sr_LANDSAT_8_20180923T183347Z.tif,ang20180922t205612-C_l89_sr_LANDSAT_8_20180923T183347Z.tif
ang20180922t205612-D,/mnt/engg-leung/Research_No9_Methane_Emissions/Yuyao/raw_data_dir_L89_L2SR_by_gee/ang20180922t205612-D_l89_sr_LANDSAT_8_20180923T183347Z.tif,ang20180922t205612-D_l89_sr_LANDSAT_8_20180923T183347Z.tif
ang20180922t205612-E,/mnt/engg-leung/Research_No9_Methane_Emissions/Yuyao/raw_data_dir_L89_L2SR_by_gee/ang20180922t205612-E_l89_sr_LANDSAT_8_20180923T183347Z.tif,ang20180922t205612-E_l89_sr_LANDSAT_8_20180923T183347Z.tif
ang20180922t205612-F,/mnt/engg-leung/Research_No9_Methane_Emissions/Yuyao/raw_data_dir_L89_L2SR_by_gee/ang20180922t205612-F_l89_sr_LANDSAT_8_20180923T183347Z.tif,ang20180922t205612-F_l89_sr_LANDSAT_8_20180923T183347Z.tif
ang20180922t205612-J,/mnt/engg-leung/Research_No9_Methane_Emissions/Yuyao/raw_data_dir_L89_L2SR_by_gee/ang20180922t205612-J_l89_sr_LANDSAT_8_20180923T183347Z.tif,ang20180922t205612-J_l89_sr_LANDSAT_8_20180923T183347Z.tif
ang20180922t205612-K,/mnt/engg-leung/Research_No9_Methane_Emissions/Yuyao/raw_data_dir_L89_L2SR_by_gee/ang20180922t205612-K_l89_sr_LANDSAT_8_20180923T183347Z.tif,ang20180922t205612-K_l89_sr_LANDSAT_8_20180923T183347Z.tif
ang20180922t205612-L,/mnt/engg-leung/Research_No9_Methane_Emissions/Yuyao/raw_data_dir_L89_L2SR_by_gee/ang20180922t205612-L_l89_sr_LANDSAT_8_20180923T183347Z.tif,ang20180922t205612-L_l89_sr_LANDSAT_8_20180923T183347Z.tif
ang20180922t205612-M,/mnt/engg-leung/Research_No9_Methane_Emissions/Yuyao/raw_data_dir_L89_L2SR_by_gee/ang20180922t205612-M_l89_sr_LANDSAT_8_20180923T183347Z.tif,ang20180922t205612-M_l89_sr_LANDSAT_8_20180923T183347Z.tif
ang20180922t205612-Q,/mnt/engg-leung/Research_No9_Methane_Emissions/Yuyao/raw_data_dir_L89_L2SR_by_gee/ang20180922t205612-Q_l89_sr_LANDSAT_8_20180923T183347Z.tif,ang20180922t205612-Q_l89_sr_LANDSAT_8_20180923T183347Z.tif
ang20180922t205612-R,/mnt/engg-leung/Research_No9_Methane_Emissions/Yuyao/raw_data_dir_L89_L2SR_by_gee/ang20180922t205612-R_l89_sr_LANDSAT_8_20180923T183347Z.tif,ang20180922t205612-R_l89_sr_LANDSAT_8_20180923T183347Z.tif
ang20180922t205612-S,/mnt/engg-leung/Research_No9_Methane_Emissions/Yuyao/raw_data_dir_L89_L2SR_by_gee/ang20180922t205612-S_l89_sr_LANDSAT_8_20180923T183347Z.tif,ang20180922t205612-S_l89_sr_LANDSAT_8_20180923T183347Z.tif
ang20180922t205612-T,/mnt/engg-leung/Research_No9_Methane_Emissions/Yuyao/raw_data_dir_L89_L2SR_by_gee/ang20180922t205612-T_l89_sr_LANDSAT_8_20180923T183347Z.tif,ang20180922t205612-T_l89_sr_LANDSAT_8_20180923T183347Z.tif
ang20180922t205612-U,/mnt/engg-leung/Research_No9_Methane_Emissions/Yuyao/raw_data_dir_L89_L2SR_by_gee/ang20180922t205612-U_l89_sr_LANDSAT_8_20180923T183347Z.tif,ang20180922t205612-U_l89_sr_LANDSAT_8_20180923T183347Z.tif
ang20180922t210202-F,/mnt/engg-leung/Research_No9_Methane_Emissions/Yuyao/raw_data_dir_L89_L2SR_by_gee/ang20180922t210202-F_l89_sr_LANDSAT_8_20180923T183347Z.tif,ang20180922t210202-F_l89_sr_LANDSAT_8_20180923T183347Z.tif
ang20180922t210202-G,/mnt/engg-leung/Research_No9_Methane_Emissions/Yuyao/raw_data_dir_L89_L2SR_by_gee/ang20180922t210202-G_l89_sr_LANDSAT_8_20180923T183347Z.tif,ang20180922t210202-G_l89_sr_LANDSAT_8_20180923T183347Z.tif
ang20180922t210202-H,/mnt/engg-leung/Research_No9_Methane_Emissions/Yuyao/raw_data_dir_L89_L2SR_by_gee/ang20180922t210202-H_l89_sr_LANDSAT_8_20180923T183347Z.tif,ang20180922t210202-H_l89_sr_LANDSAT_8_20180923T183347Z.tif
ang20180922t210202-J,/mnt/engg-leung/Research_No9_Methane_Emissions/Yuyao/raw_data_dir_L89_L2SR_by_gee/ang20180922t210202-J_l89_sr_LANDSAT_8_20180923T183347Z.tif,ang20180922t210202-J_l89_sr_LANDSAT_8_20180923T183347Z.tif
ang20180922t210202-L,/mnt/engg-leung/Research_No9_Methane_Emissions/Yuyao/raw_data_dir_L89_L2SR_by_gee/ang20180922t210202-L_l89_sr_LANDSAT_8_20180923T183347Z.tif,ang20180922t210202-L_l89_sr_LANDSAT_8_20180923T183347Z.tif
ang20180922t210202-M,/mnt/engg-leung/Research_No9_Methane_Emissions/Yuyao/raw_data_dir_L89_L2SR_by_gee/ang20180922t210202-M_l89_sr_LANDSAT_8_20180923T183347Z.tif,ang20180922t210202-M_l89_sr_LANDSAT_8_20180923T183347Z.tif
ang20180922t210202-P,/mnt/engg-leung/Research_No9_Methane_Emissions/Yuyao/raw_data_dir_L89_L2SR_by_gee/ang20180922t210202-P_l89_sr_LANDSAT_8_20180923T183347Z.tif,ang20180922t210202-P_l89_sr_LANDSAT_8_20180923T183347Z.tif
ang20180922t210202-Q,/mnt/engg-leung/Research_No9_Methane_Emissions/Yuyao/raw_data_dir_L89_L2SR_by_gee/ang20180922t210202-Q_l89_sr_LANDSAT_8_20180923T183347Z.tif,ang20180922t210202-Q_l89_sr_LANDSAT_8_20180923T183347Z.tif
ang20180922t210202-R,/mnt/engg-leung/Research_No9_Methane_Emissions/Yuyao/raw_data_dir_L89_L2SR_by_gee/ang20180922t210202-R_l89_sr_LANDSAT_8_20180923T183347Z.tif,ang20180922t210202-R_l89_sr_LANDSAT_8_20180923T183347Z.tif
ang20180922t210202-S,/mnt/engg-leung/Research_No9_Methane_Emissions/Yuyao/raw_data_dir_L89_L2SR_by_gee/ang20180922t210202-S_l89_sr_LANDSAT_8_20180923T183347Z.tif,ang20180922t210202-S_l89_sr_LANDSAT_8_20180923T183347Z.tif
ang20180922t210202-T,/mnt/engg-leung/Research_No9_Methane_Emissions/Yuyao/raw_data_dir_L89_L2SR_by_gee/ang20180922t210202-T_l89_sr_LANDSAT_8_20180923T183347Z.tif,ang20180922t210202-T_l89_sr_LANDSAT_8_20180923T183347Z.tif
ang20180922t210202-U,/mnt/engg-leung/Research_No9_Methane_Emissions/Yuyao/raw_data_dir_L89_L2SR_by_gee/ang20180922t210202-U_l89_sr_LANDSAT_8_20180923T183347Z.tif,ang20180922t210202-U_l89_sr_LANDSAT_8_20180923T183347Z.tif
ang20180922t212002-A,/mnt/engg-leung/Research_No9_Methane_Emissions/Yuyao/raw_data_dir_L89_L2SR_by_gee/ang20180922t212002-A_l89_sr_LANDSAT_8_20180923T183347Z.tif,ang20180922t212002-A_l89_sr_LANDSAT_8_20180923T183347Z.tif
ang20180922t212002-B,/mnt/engg-leung/Research_No9_Methane_Emissions/Yuyao/raw_data_dir_L89_L2SR_by_gee/ang20180922t212002-B_l89_sr_LANDSAT_8_20180923T183347Z.tif,ang20180922t212002-B_l89_sr_LANDSAT_8_20180923T183347Z.tif
ang20181010t221412-A,/mnt/engg-leung/Research_No9_Methane_Emissions/Yuyao/raw_data_dir_L89_L2SR_by_gee/ang20181010t221412-A_l89_sr_LANDSAT_8_20181011T182158Z.tif,ang20181010t221412-A_l89_sr_LANDSAT_8_20181011T182158Z.tif
ang20181010t221412-B,/mnt/engg-leung/Research_No9_Methane_Emissions/Yuyao/raw_data_dir_L89_L2SR_by_gee/ang20181010t221412-B_l89_sr_LANDSAT_8_20181011T182158Z.tif,ang20181010t221412-B_l89_sr_LANDSAT_8_20181011T182158Z.tif
ang20181010t221412-C,/mnt/engg-leung/Research_No9_Methane_Emissions/Yuyao/raw_data_dir_L89_L2SR_by_gee/ang20181010t221412-C_l89_sr_LANDSAT_8_20181011T182158Z.tif,ang20181010t221412-C_l89_sr_LANDSAT_8_20181011T182158Z.tif
ang20181010t221928-A,/mnt/engg-leung/Research_No9_Methane_Emissions/Yuyao/raw_data_dir_L89_L2SR_by_gee/ang20181010t221928-A_l89_sr_LANDSAT_8_20181011T182158Z.tif,ang20181010t221928-A_l89_sr_LANDSAT_8_20181011T182158Z.tif
ang20181010t221928-B,/mnt/engg-leung/Research_No9_Methane_Emissions/Yuyao/raw_data_dir_L89_L2SR_by_gee/ang20181010t221928-B_l89_sr_LANDSAT_8_20181011T182158Z.tif,ang20181010t221928-B_l89_sr_LANDSAT_8_20181011T182158Z.tif
ang20181010t221928-C,/mnt/engg-leung/Research_No9_Methane_Emissions/Yuyao/raw_data_dir_L89_L2SR_by_gee/ang20181010t221928-C_l89_sr_LANDSAT_8_20181011T182158Z.tif,ang20181010t221928-C_l89_sr_LANDSAT_8_20181011T182158Z.tif
ang20181010t221928-D,/mnt/engg-leung/Research_No9_Methane_Emissions/Yuyao/raw_data_dir_L89_L2SR_by_gee/ang20181010t221928-D_l89_sr_LANDSAT_8_20181011T182158Z.tif,ang20181010t221928-D_l89_sr_LANDSAT_8_20181011T182158Z.tif
ang20181010t221928-E,/mnt/engg-leung/Research_No9_Methane_Emissions/Yuyao/raw_data_dir_L89_L2SR_by_gee/ang20181010t221928-E_l89_sr_LANDSAT_8_20181011T182158Z.tif,ang20181010t221928-E_l89_sr_LANDSAT_8_20181011T182158Z.tif
ang20190928t175550-1,/mnt/engg-leung/Research_No9_Methane_Emissions/Yuyao/raw_data_dir_L89_L2SR_by_gee/ang20190928t175550-1_l89_sr_LANDSAT_8_20190929T172740Z.tif,ang20190928t175550-1_l89_sr_LANDSAT_8_20190929T172740Z.tif
ang20190928t175550-2,/mnt/engg-leung/Research_No9_Methane_Emissions/Yuyao/raw_data_dir_L89_L2SR_by_gee/ang20190928t175550-2_l89_sr_LANDSAT_8_20190929T172740Z.tif,ang20190928t175550-2_l89_sr_LANDSAT_8_20190929T172740Z.tif
ang20190928t175550-3,/mnt/engg-leung/Research_No9_Methane_Emissions/Yuyao/raw_data_dir_L89_L2SR_by_gee/ang20190928t175550-3_l89_sr_LANDSAT_8_20190929T172740Z.tif,ang20190928t175550-3_l89_sr_LANDSAT_8_20190929T172740Z.tif
ang20190928t181405-A,/mnt/engg-leung/Research_No9_Methane_Emissions/Yuyao/raw_data_dir_L89_L2SR_by_gee/ang20190928t181405-A_l89_sr_LANDSAT_8_20190929T172740Z.tif,ang20190928t181405-A_l89_sr_LANDSAT_8_20190929T172740Z.tif
ang20190928t183313-1,/mnt/engg-leung/Research_No9_Methane_Emissions/Yuyao/raw_data_dir_L89_L2SR_by_gee/ang20190928t183313-1_l89_sr_LANDSAT_8_20190929T172740Z.tif,ang20190928t183313-1_l89_sr_LANDSAT_8_20190929T172740Z.tif
ang20190928t183313-2,/mnt/engg-leung/Research_No9_Methane_Emissions/Yuyao/raw_data_dir_L89_L2SR_by_gee/ang20190928t183313-2_l89_sr_LANDSAT_8_20190929T172740Z.tif,ang20190928t183313-2_l89_sr_LANDSAT_8_20190929T172740Z.tif
ang20190928t183313-4,/mnt/engg-leung/Research_No9_Methane_Emissions/Yuyao/raw_data_dir_L89_L2SR_by_gee/ang20190928t183313-4_l89_sr_LANDSAT_8_20190929T172740Z.tif,ang20190928t183313-4_l89_sr_LANDSAT_8_20190929T172740Z.tif
ang20190928t183313-A,/mnt/engg-leung/Research_No9_Methane_Emissions/Yuyao/raw_data_dir_L89_L2SR_by_gee/ang20190928t183313-A_l89_sr_LANDSAT_8_20190929T172740Z.tif,ang20190928t183313-A_l89_sr_LANDSAT_8_20190929T172740Z.tif
ang20190928t183313-B,/mnt/engg-leung/Research_No9_Methane_Emissions/Yuyao/raw_data_dir_L89_L2SR_by_gee/ang20190928t183313-B_l89_sr_LANDSAT_8_20190929T172740Z.tif,ang20190928t183313-B_l89_sr_LANDSAT_8_20190929T172740Z.tif
ang20190928t185111-A,/mnt/engg-leung/Research_No9_Methane_Emissions/Yuyao/raw_data_dir_L89_L2SR_by_gee/ang20190928t185111-A_l89_sr_LANDSAT_8_20190929T172740Z.tif,ang20190928t185111-A_l89_sr_LANDSAT_8_20190929T172740Z.tif
ang20190928t185111-B,/mnt/engg-leung/Research_No9_Methane_Emissions/Yuyao/raw_data_dir_L89_L2SR_by_gee/ang20190928t185111-B_l89_sr_LANDSAT_8_20190929T172740Z.tif,ang20190928t185111-B_l89_sr_LANDSAT_8_20190929T172740Z.tif
ang20190928t185111-C,/mnt/engg-leung/Research_No9_Methane_Emissions/Yuyao/raw_data_dir_L89_L2SR_by_gee/ang20190928t185111-C_l89_sr_LANDSAT_8_20190929T172740Z.tif,ang20190928t185111-C_l89_sr_LANDSAT_8_20190929T172740Z.tif
ang20190928t185111-D,/mnt/engg-leung/Research_No9_Methane_Emissions/Yuyao/raw_data_dir_L89_L2SR_by_gee/ang20190928t185111-D_l89_sr_LANDSAT_8_20190929T172740Z.tif,ang20190928t185111-D_l89_sr_LANDSAT_8_20190929T172740Z.tif
ang20190928t190948-1,/mnt/engg-leung/Research_No9_Methane_Emissions/Yuyao/raw_data_dir_L89_L2SR_by_gee/ang20190928t190948-1_l89_sr_LANDSAT_8_20190929T172740Z.tif,ang20190928t190948-1_l89_sr_LANDSAT_8_20190929T172740Z.tif
ang20190928t190948-2,/mnt/engg-leung/Research_No9_Methane_Emissions/Yuyao/raw_data_dir_L89_L2SR_by_gee/ang20190928t190948-2_l89_sr_LANDSAT_8_20190929T172740Z.tif,ang20190928t190948-2_l89_sr_LANDSAT_8_20190929T172740Z.tif
ang20190928t190948-4,/mnt/engg-leung/Research_No9_Methane_Emissions/Yuyao/raw_data_dir_L89_L2SR_by_gee/ang20190928t190948-4_l89_sr_LANDSAT_8_20190929T172740Z.tif,ang20190928t190948-4_l89_sr_LANDSAT_8_20190929T172740Z.tif
ang20190928t190948-5,/mnt/engg-leung/Research_No9_Methane_Emissions/Yuyao/raw_data_dir_L89_L2SR_by_gee/ang20190928t190948-5_l89_sr_LANDSAT_8_20190929T172740Z.tif,ang20190928t190948-5_l89_sr_LANDSAT_8_20190929T172740Z.tif
ang20190928t190948-A,/mnt/engg-leung/Research_No9_Methane_Emissions/Yuyao/raw_data_dir_L89_L2SR_by_gee/ang20190928t190948-A_l89_sr_LANDSAT_8_20190929T172740Z.tif,ang20190928t190948-A_l89_sr_LANDSAT_8_20190929T172740Z.tif
ang20190928t193847-A,/mnt/engg-leung/Research_No9_Methane_Emissions/Yuyao/raw_data_dir_L89_L2SR_by_gee/ang20190928t193847-A_l89_sr_LANDSAT_8_20190929T172740Z.tif,ang20190928t193847-A_l89_sr_LANDSAT_8_20190929T172740Z.tif
ang20190928t193847-B,/mnt/engg-leung/Research_No9_Methane_Emissions/Yuyao/raw_data_dir_L89_L2SR_by_gee/ang20190928t193847-B_l89_sr_LANDSAT_8_20190929T172740Z.tif,ang20190928t193847-B_l89_sr_LANDSAT_8_20190929T172740Z.tif
ang20191022t151202-A,/mnt/engg-leung/Research_No9_Methane_Emissions/Yuyao/raw_data_dir_L89_L2SR_by_gee/ang20191022t151202-A_l89_sr_LANDSAT_8_20191022T173354Z.tif,ang20191022t151202-A_l89_sr_LANDSAT_8_20191022T173354Z.tif
ang20191022t152357-A,/mnt/engg-leung/Research_No9_Methane_Emissions/Yuyao/raw_data_dir_L89_L2SR_by_gee/ang20191022t152357-A_l89_sr_LANDSAT_8_20191022T173330Z.tif,ang20191022t152357-A_l89_sr_LANDSAT_8_20191022T173330Z.tif
ang20191022t162321-A,/mnt/engg-leung/Research_No9_Methane_Emissions/Yuyao/raw_data_dir_L89_L2SR_by_gee/ang20191022t162321-A_l89_sr_LANDSAT_8_20191022T173330Z.tif,ang20191022t162321-A_l89_sr_LANDSAT_8_20191022T173330Z.tif
ang20191022t162321-E,/mnt/engg-leung/Research_No9_Methane_Emissions/Yuyao/raw_data_dir_L89_L2SR_by_gee/ang20191022t162321-E_l89_sr_LANDSAT_8_20191022T173330Z.tif,ang20191022t162321-E_l89_sr_LANDSAT_8_20191022T173330Z.tif
ang20191022t163722-1,/mnt/engg-leung/Research_No9_Methane_Emissions/Yuyao/raw_data_dir_L89_L2SR_by_gee/ang20191022t163722-1_l89_sr_LANDSAT_8_20191022T173354Z.tif,ang20191022t163722-1_l89_sr_LANDSAT_8_20191022T173354Z.tif
ang20191022t163722-A,/mnt/engg-leung/Research_No9_Methane_Emissions/Yuyao/raw_data_dir_L89_L2SR_by_gee/ang20191022t163722-A_l89_sr_LANDSAT_8_20191022T173330Z.tif,ang20191022t163722-A_l89_sr_LANDSAT_8_20191022T173330Z.tif
ang20191022t163722-B,/mnt/engg-leung/Research_No9_Methane_Emissions/Yuyao/raw_data_dir_L89_L2SR_by_gee/ang20191022t163722-B_l89_sr_LANDSAT_8_20191022T173354Z.tif,ang20191022t163722-B_l89_sr_LANDSAT_8_20191022T173354Z.tif
ang20191022t172245-3,/mnt/engg-leung/Research_No9_Methane_Emissions/Yuyao/raw_data_dir_L89_L2SR_by_gee/ang20191022t172245-3_l89_sr_LANDSAT_8_20191022T173330Z.tif,ang20191022t172245-3_l89_sr_LANDSAT_8_20191022T173330Z.tif
ang20191022t172245-4,/mnt/engg-leung/Research_No9_Methane_Emissions/Yuyao/raw_data_dir_L89_L2SR_by_gee/ang20191022t172245-4_l89_sr_LANDSAT_8_20191022T173330Z.tif,ang20191022t172245-4_l89_sr_LANDSAT_8_20191022T173330Z.tif
ang20191022t172245-5,/mnt/engg-leung/Research_No9_Methane_Emissions/Yuyao/raw_data_dir_L89_L2SR_by_gee/ang20191022t172245-5_l89_sr_LANDSAT_8_20191022T173330Z.tif,ang20191022t172245-5_l89_sr_LANDSAT_8_20191022T173330Z.tif
ang20191022t172245-6,/mnt/engg-leung/Research_No9_Methane_Emissions/Yuyao/raw_data_dir_L89_L2SR_by_gee/ang20191022t172245-6_l89_sr_LANDSAT_8_20191022T173330Z.tif,ang20191022t172245-6_l89_sr_LANDSAT_8_20191022T173330Z.tif
ang20191022t172245-7,/mnt/engg-leung/Research_No9_Methane_Emissions/Yuyao/raw_data_dir_L89_L2SR_by_gee/ang20191022t172245-7_l89_sr_LANDSAT_8_20191022T173330Z.tif,ang20191022t172245-7_l89_sr_LANDSAT_8_20191022T173330Z.tif
ang20191022t172245-A,/mnt/engg-leung/Research_No9_Methane_Emissions/Yuyao/raw_data_dir_L89_L2SR_by_gee/ang20191022t172245-A_l89_sr_LANDSAT_8_20191022T173330Z.tif,ang20191022t172245-A_l89_sr_LANDSAT_8_20191022T173330Z.tif
ang20191022t172245-B,/mnt/engg-leung/Research_No9_Methane_Emissions/Yuyao/raw_data_dir_L89_L2SR_by_gee/ang20191022t172245-B_l89_sr_LANDSAT_8_20191022T173330Z.tif,ang20191022t172245-B_l89_sr_LANDSAT_8_20191022T173330Z.tif
ang20200709t200904-1,/mnt/engg-leung/Research_No9_Methane_Emissions/Yuyao/raw_data_dir_L89_L2SR_by_gee/ang20200709t200904-1_l89_sr_LANDSAT_8_20200710T183357Z.tif,ang20200709t200904-1_l89_sr_LANDSAT_8_20200710T183357Z.tif
ang20200709t201958-1,/mnt/engg-leung/Research_No9_Methane_Emissions/Yuyao/raw_data_dir_L89_L2SR_by_gee/ang20200709t201958-1_l89_sr_LANDSAT_8_20200710T183357Z.tif,ang20200709t201958-1_l89_sr_LANDSAT_8_20200710T183357Z.tif
ang20200709t203053-2,/mnt/engg-leung/Research_No9_Methane_Emissions/Yuyao/raw_data_dir_L89_L2SR_by_gee/ang20200709t203053-2_l89_sr_LANDSAT_8_20200710T183357Z.tif,ang20200709t203053-2_l89_sr_LANDSAT_8_20200710T183357Z.tif
ang20200709t204216-1,/mnt/engg-leung/Research_No9_Methane_Emissions/Yuyao/raw_data_dir_L89_L2SR_by_gee/ang20200709t204216-1_l89_sr_LANDSAT_8_20200710T183357Z.tif,ang20200709t204216-1_l89_sr_LANDSAT_8_20200710T183357Z.tif
ang20200709t204216-A,/mnt/engg-leung/Research_No9_Methane_Emissions/Yuyao/raw_data_dir_L89_L2SR_by_gee/ang20200709t204216-A_l89_sr_LANDSAT_8_20200710T183357Z.tif,ang20200709t204216-A_l89_sr_LANDSAT_8_20200710T183357Z.tif
ang20200709t204216-B,/mnt/engg-leung/Research_No9_Methane_Emissions/Yuyao/raw_data_dir_L89_L2SR_by_gee/ang20200709t204216-B_l89_sr_LANDSAT_8_20200710T183357Z.tif,ang20200709t204216-B_l89_sr_LANDSAT_8_20200710T183357Z.tif
ang20200709t205211-1,/mnt/engg-leung/Research_No9_Methane_Emissions/Yuyao/raw_data_dir_L89_L2SR_by_gee/ang20200709t205211-1_l89_sr_LANDSAT_8_20200710T183357Z.tif,ang20200709t205211-1_l89_sr_LANDSAT_8_20200710T183357Z.tif
ang20200709t205211-3,/mnt/engg-leung/Research_No9_Methane_Emissions/Yuyao/raw_data_dir_L89_L2SR_by_gee/ang20200709t205211-3_l89_sr_LANDSAT_8_20200710T183357Z.tif,ang20200709t205211-3_l89_sr_LANDSAT_8_20200710T183357Z.tif
ang20200709t205211-5,/mnt/engg-leung/Research_No9_Methane_Emissions/Yuyao/raw_data_dir_L89_L2SR_by_gee/ang20200709t205211-5_l89_sr_LANDSAT_8_20200710T183357Z.tif,ang20200709t205211-5_l89_sr_LANDSAT_8_20200710T183357Z.tif
ang20200709t205211-B,/mnt/engg-leung/Research_No9_Methane_Emissions/Yuyao/raw_data_dir_L89_L2SR_by_gee/ang20200709t205211-B_l89_sr_LANDSAT_8_20200710T183357Z.tif,ang20200709t205211-B_l89_sr_LANDSAT_8_20200710T183357Z.tif
ang20200709t205211-C,/mnt/engg-leung/Research_No9_Methane_Emissions/Yuyao/raw_data_dir_L89_L2SR_by_gee/ang20200709t205211-C_l89_sr_LANDSAT_8_20200710T183357Z.tif,ang20200709t205211-C_l89_sr_LANDSAT_8_20200710T183357Z.tif
ang20200709t205211-D,/mnt/engg-leung/Research_No9_Methane_Emissions/Yuyao/raw_data_dir_L89_L2SR_by_gee/ang20200709t205211-D_l89_sr_LANDSAT_8_20200710T183357Z.tif,ang20200709t205211-D_l89_sr_LANDSAT_8_20200710T183357Z.tif
ang20200709t210220-1,/mnt/engg-leung/Research_No9_Methane_Emissions/Yuyao/raw_data_dir_L89_L2SR_by_gee/ang20200709t210220-1_l89_sr_LANDSAT_8_20200710T183357Z.tif,ang20200709t210220-1_l89_sr_LANDSAT_8_20200710T183357Z.tif
ang20200709t210220-2,/mnt/engg-leung/Research_No9_Methane_Emissions/Yuyao/raw_data_dir_L89_L2SR_by_gee/ang20200709t210220-2_l89_sr_LANDSAT_8_20200710T183357Z.tif,ang20200709t210220-2_l89_sr_LANDSAT_8_20200710T183357Z.tif
ang20200709t210220-3,/mnt/engg-leung/Research_No9_Methane_Emissions/Yuyao/raw_data_dir_L89_L2SR_by_gee/ang20200709t210220-3_l89_sr_LANDSAT_8_20200710T183357Z.tif,ang20200709t210220-3_l89_sr_LANDSAT_8_20200710T183357Z.tif
ang20200709t210220-4,/mnt/engg-leung/Research_No9_Methane_Emissions/Yuyao/raw_data_dir_L89_L2SR_by_gee/ang20200709t210220-4_l89_sr_LANDSAT_8_20200710T183357Z.tif,ang20200709t210220-4_l89_sr_LANDSAT_8_20200710T183357Z.tif
ang20200709t210220-A,/mnt/engg-leung/Research_No9_Methane_Emissions/Yuyao/raw_data_dir_L89_L2SR_by_gee/ang20200709t210220-A_l89_sr_LANDSAT_8_20200710T183357Z.tif,ang20200709t210220-A_l89_sr_LANDSAT_8_20200710T183357Z.tif
ang20200709t210220-B,/mnt/engg-leung/Research_No9_Methane_Emissions/Yuyao/raw_data_dir_L89_L2SR_by_gee/ang20200709t210220-B_l89_sr_LANDSAT_8_20200710T183357Z.tif,ang20200709t210220-B_l89_sr_LANDSAT_8_20200710T183357Z.tif
ang20200709t210220-D,/mnt/engg-leung/Research_No9_Methane_Emissions/Yuyao/raw_data_dir_L89_L2SR_by_gee/ang20200709t210220-D_l89_sr_LANDSAT_8_20200710T183357Z.tif,ang20200709t210220-D_l89_sr_LANDSAT_8_20200710T183357Z.tif
ang20200709t210220-F,/mnt/engg-leung/Research_No9_Methane_Emissions/Yuyao/raw_data_dir_L89_L2SR_by_gee/ang20200709t210220-F_l89_sr_LANDSAT_8_20200710T183357Z.tif,ang20200709t210220-F_l89_sr_LANDSAT_8_20200710T183357Z.tif
ang20200709t211401-1,/mnt/engg-leung/Research_No9_Methane_Emissions/Yuyao/raw_data_dir_L89_L2SR_by_gee/ang20200709t211401-1_l89_sr_LANDSAT_8_20200710T183357Z.tif,ang20200709t211401-1_l89_sr_LANDSAT_8_20200710T183357Z.tif
ang20200709t212243-1,/mnt/engg-leung/Research_No9_Methane_Emissions/Yuyao/raw_data_dir_L89_L2SR_by_gee/ang20200709t212243-1_l89_sr_LANDSAT_8_20200710T183357Z.tif,ang20200709t212243-1_l89_sr_LANDSAT_8_20200710T183357Z.tif
ang20200709t212858-1,/mnt/engg-leung/Research_No9_Methane_Emissions/Yuyao/raw_data_dir_L89_L2SR_by_gee/ang20200709t212858-1_l89_sr_LANDSAT_8_20200710T183357Z.tif,ang20200709t212858-1_l89_sr_LANDSAT_8_20200710T183357Z.tif
ang20200709t213509-A,/mnt/engg-leung/Research_No9_Methane_Emissions/Yuyao/raw_data_dir_L89_L2SR_by_gee/ang20200709t213509-A_l89_sr_LANDSAT_8_20200710T183357Z.tif,ang20200709t213509-A_l89_sr_LANDSAT_8_20200710T183357Z.tif
ang20200709t214232-A,/mnt/engg-leung/Research_No9_Methane_Emissions/Yuyao/raw_data_dir_L89_L2SR_by_gee/ang20200709t214232-A_l89_sr_LANDSAT_8_20200710T183357Z.tif,ang20200709t214232-A_l89_sr_LANDSAT_8_20200710T183357Z.tif
ang20200709t214232-B,/mnt/engg-leung/Research_No9_Methane_Emissions/Yuyao/raw_data_dir_L89_L2SR_by_gee/ang20200709t214232-B_l89_sr_LANDSAT_8_20200710T183357Z.tif,ang20200709t214232-B_l89_sr_LANDSAT_8_20200710T183357Z.tif
ang20200709t214232-C,/mnt/engg-leung/Research_No9_Methane_Emissions/Yuyao/raw_data_dir_L89_L2SR_by_gee/ang20200709t214232-C_l89_sr_LANDSAT_8_20200710T183357Z.tif,ang20200709t214232-C_l89_sr_LANDSAT_8_20200710T183357Z.tif
ang20200709t215700-A,/mnt/engg-leung/Research_No9_Methane_Emissions/Yuyao/raw_data_dir_L89_L2SR_by_gee/ang20200709t215700-A_l89_sr_LANDSAT_8_20200710T183357Z.tif,ang20200709t215700-A_l89_sr_LANDSAT_8_20200710T183357Z.tif
ang20200709t215700-B,/mnt/engg-leung/Research_No9_Methane_Emissions/Yuyao/raw_data_dir_L89_L2SR_by_gee/ang20200709t215700-B_l89_sr_LANDSAT_8_20200710T183357Z.tif,ang20200709t215700-B_l89_sr_LANDSAT_8_20200710T183357Z.tif
ang20200709t221850-A,/mnt/engg-leung/Research_No9_Methane_Emissions/Yuyao/raw_data_dir_L89_L2SR_by_gee/ang20200709t221850-A_l89_sr_LANDSAT_8_20200710T183357Z.tif,ang20200709t221850-A_l89_sr_LANDSAT_8_20200710T183357Z.tif
ang20200709t223021-A,/mnt/engg-leung/Research_No9_Methane_Emissions/Yuyao/raw_data_dir_L89_L2SR_by_gee/ang20200709t223021-A_l89_sr_LANDSAT_8_20200710T183357Z.tif,ang20200709t223021-A_l89_sr_LANDSAT_8_20200710T183357Z.tif
ang20200709t223916-1,/mnt/engg-leung/Research_No9_Methane_Emissions/Yuyao/raw_data_dir_L89_L2SR_by_gee/ang20200709t223916-1_l89_sr_LANDSAT_8_20200710T183357Z.tif,ang20200709t223916-1_l89_sr_LANDSAT_8_20200710T183357Z.tif
ang20200709t223916-2,/mnt/engg-leung/Research_No9_Methane_Emissions/Yuyao/raw_data_dir_L89_L2SR_by_gee/ang20200709t223916-2_l89_sr_LANDSAT_8_20200710T183357Z.tif,ang20200709t223916-2_l89_sr_LANDSAT_8_20200710T183357Z.tif
ang20200709t224635-2,/mnt/engg-leung/Research_No9_Methane_Emissions/Yuyao/raw_data_dir_L89_L2SR_by_gee/ang20200709t224635-2_l89_sr_LANDSAT_8_20200710T183357Z.tif,ang20200709t224635-2_l89_sr_LANDSAT_8_20200710T183357Z.tif
ang20220311t185338-A,/mnt/engg-leung/Research_No9_Methane_Emissions/Yuyao/raw_data_dir_L89_L2SR_by_gee/ang20220311t185338-A_l89_sr_LANDSAT_8_20220312T182230Z.tif,ang20220311t185338-A_l89_sr_LANDSAT_8_20220312T182230Z.tif
ang20220311t202515-A,/mnt/engg-leung/Research_No9_Methane_Emissions/Yuyao/raw_data_dir_L89_L2SR_by_gee/ang20220311t202515-A_l89_sr_LANDSAT_8_20220312T182230Z.tif,ang20220311t202515-A_l89_sr_LANDSAT_8_20220312T182230Z.tif
ang20220324t180449-A,/mnt/engg-leung/Research_No9_Methane_Emissions/Yuyao/raw_data_dir_L89_L2SR_by_gee/ang20220324t180449-A_l89_sr_LANDSAT_8_20220325T175015Z.tif,ang20220324t180449-A_l89_sr_LANDSAT_8_20220325T175015Z.tif
ang20220324t180449-B,/mnt/engg-leung/Research_No9_Methane_Emissions/Yuyao/raw_data_dir_L89_L2SR_by_gee/ang20220324t180449-B_l89_sr_LANDSAT_8_20220325T175015Z.tif,ang20220324t180449-B_l89_sr_LANDSAT_8_20220325T175015Z.tif
ang20220324t180449-C,/mnt/engg-leung/Research_No9_Methane_Emissions/Yuyao/raw_data_dir_L89_L2SR_by_gee/ang20220324t180449-C_l89_sr_LANDSAT_8_20220325T175015Z.tif,ang20220324t180449-C_l89_sr_LANDSAT_8_20220325T175015Z.tif
ang20220324t182439-A,/mnt/engg-leung/Research_No9_Methane_Emissions/Yuyao/raw_data_dir_L89_L2SR_by_gee/ang20220324t182439-A_l89_sr_LANDSAT_8_20220325T175015Z.tif,ang20220324t182439-A_l89_sr_LANDSAT_8_20220325T175015Z.tif
ang20220324t182439-B,/mnt/engg-leung/Research_No9_Methane_Emissions/Yuyao/raw_data_dir_L89_L2SR_by_gee/ang20220324t182439-B_l89_sr_LANDSAT_8_20220325T175015Z.tif,ang20220324t182439-B_l89_sr_LANDSAT_8_20220325T175015Z.tif
ang20220324t182439-C,/mnt/engg-leung/Research_No9_Methane_Emissions/Yuyao/raw_data_dir_L89_L2SR_by_gee/ang20220324t182439-C_l89_sr_LANDSAT_8_20220325T175015Z.tif,ang20220324t182439-C_l89_sr_LANDSAT_8_20220325T175015Z.tif
ang20220324t182439-D,/mnt/engg-leung/Research_No9_Methane_Emissions/Yuyao/raw_data_dir_L89_L2SR_by_gee/ang20220324t182439-D_l89_sr_LANDSAT_8_20220325T175015Z.tif,ang20220324t182439-D_l89_sr_LANDSAT_8_20220325T175015Z.tif
ang20220324t184133-A,/mnt/engg-leung/Research_No9_Methane_Emissions/Yuyao/raw_data_dir_L89_L2SR_by_gee/ang20220324t184133-A_l89_sr_LANDSAT_8_20220325T175015Z.tif,ang20220324t184133-A_l89_sr_LANDSAT_8_20220325T175015Z.tif
ang20220324t184133-B,/mnt/engg-leung/Research_No9_Methane_Emissions/Yuyao/raw_data_dir_L89_L2SR_by_gee/ang20220324t184133-B_l89_sr_LANDSAT_8_20220325T175015Z.tif,ang20220324t184133-B_l89_sr_LANDSAT_8_20220325T175015Z.tif
ang20220324t184133-C,/mnt/engg-leung/Research_No9_Methane_Emissions/Yuyao/raw_data_dir_L89_L2SR_by_gee/ang20220324t184133-C_l89_sr_LANDSAT_8_20220325T175015Z.tif,ang20220324t184133-C_l89_sr_LANDSAT_8_20220325T175015Z.tif
ang20220324t184133-D,/mnt/engg-leung/Research_No9_Methane_Emissions/Yuyao/raw_data_dir_L89_L2SR_by_gee/ang20220324t184133-D_l89_sr_LANDSAT_8_20220325T175015Z.tif,ang20220324t184133-D_l89_sr_LANDSAT_8_20220325T175015Z.tif
ang20220324t184133-E,/mnt/engg-leung/Research_No9_Methane_Emissions/Yuyao/raw_data_dir_L89_L2SR_by_gee/ang20220324t184133-E_l89_sr_LANDSAT_8_20220325T175015Z.tif,ang20220324t184133-E_l89_sr_LANDSAT_8_20220325T175015Z.tif
ang20220324t184133-F,/mnt/engg-leung/Research_No9_Methane_Emissions/Yuyao/raw_data_dir_L89_L2SR_by_gee/ang20220324t184133-F_l89_sr_LANDSAT_8_20220325T175015Z.tif,ang20220324t184133-F_l89_sr_LANDSAT_8_20220325T175015Z.tif
ang20220324t184133-G,/mnt/engg-leung/Research_No9_Methane_Emissions/Yuyao/raw_data_dir_L89_L2SR_by_gee/ang20220324t184133-G_l89_sr_LANDSAT_8_20220325T175015Z.tif,ang20220324t184133-G_l89_sr_LANDSAT_8_20220325T175015Z.tif
ang20220324t184133-H,/mnt/engg-leung/Research_No9_Methane_Emissions/Yuyao/raw_data_dir_L89_L2SR_by_gee/ang20220324t184133-H_l89_sr_LANDSAT_8_20220325T175015Z.tif,ang20220324t184133-H_l89_sr_LANDSAT_8_20220325T175015Z.tif
ang20220324t190105-A,/mnt/engg-leung/Research_No9_Methane_Emissions/Yuyao/raw_data_dir_L89_L2SR_by_gee/ang20220324t190105-A_l89_sr_LANDSAT_8_20220325T175015Z.tif,ang20220324t190105-A_l89_sr_LANDSAT_8_20220325T175015Z.tif
ang20220324t190105-B,/mnt/engg-leung/Research_No9_Methane_Emissions/Yuyao/raw_data_dir_L89_L2SR_by_gee/ang20220324t190105-B_l89_sr_LANDSAT_8_20220325T175015Z.tif,ang20220324t190105-B_l89_sr_LANDSAT_8_20220325T175015Z.tif
ang20220324t190105-C,/mnt/engg-leung/Research_No9_Methane_Emissions/Yuyao/raw_data_dir_L89_L2SR_by_gee/ang20220324t190105-C_l89_sr_LANDSAT_8_20220325T175015Z.tif,ang20220324t190105-C_l89_sr_LANDSAT_8_20220325T175015Z.tif
ang20220324t190105-D,/mnt/engg-leung/Research_No9_Methane_Emissions/Yuyao/raw_data_dir_L89_L2SR_by_gee/ang20220324t190105-D_l89_sr_LANDSAT_8_20220325T175015Z.tif,ang20220324t190105-D_l89_sr_LANDSAT_8_20220325T175015Z.tif
ang20220324t190105-E,/mnt/engg-leung/Research_No9_Methane_Emissions/Yuyao/raw_data_dir_L89_L2SR_by_gee/ang20220324t190105-E_l89_sr_LANDSAT_8_20220325T175015Z.tif,ang20220324t190105-E_l89_sr_LANDSAT_8_20220325T175015Z.tif
ang20220324t191818-B,/mnt/engg-leung/Research_No9_Methane_Emissions/Yuyao/raw_data_dir_L89_L2SR_by_gee/ang20220324t191818-B_l89_sr_LANDSAT_8_20220325T175015Z.tif,ang20220324t191818-B_l89_sr_LANDSAT_8_20220325T175015Z.tif
ang20220324t191818-C,/mnt/engg-leung/Research_No9_Methane_Emissions/Yuyao/raw_data_dir_L89_L2SR_by_gee/ang20220324t191818-C_l89_sr_LANDSAT_8_20220325T175015Z.tif,ang20220324t191818-C_l89_sr_LANDSAT_8_20220325T175015Z.tif
ang20220324t191818-D,/mnt/engg-leung/Research_No9_Methane_Emissions/Yuyao/raw_data_dir_L89_L2SR_by_gee/ang20220324t191818-D_l89_sr_LANDSAT_8_20220325T175015Z.tif,ang20220324t191818-D_l89_sr_LANDSAT_8_20220325T175015Z.tif
ang20220324t191818-E,/mnt/engg-leung/Research_No9_Methane_Emissions/Yuyao/raw_data_dir_L89_L2SR_by_gee/ang20220324t191818-E_l89_sr_LANDSAT_8_20220325T175015Z.tif,ang20220324t191818-E_l89_sr_LANDSAT_8_20220325T175015Z.tif
ang20220324t191818-F,/mnt/engg-leung/Research_No9_Methane_Emissions/Yuyao/raw_data_dir_L89_L2SR_by_gee/ang20220324t191818-F_l89_sr_LANDSAT_8_20220325T175015Z.tif,ang20220324t191818-F_l89_sr_LANDSAT_8_20220325T175015Z.tif
ang20220324t193809-A,/mnt/engg-leung/Research_No9_Methane_Emissions/Yuyao/raw_data_dir_L89_L2SR_by_gee/ang20220324t193809-A_l89_sr_LANDSAT_8_20220325T175015Z.tif,ang20220324t193809-A_l89_sr_LANDSAT_8_20220325T175015Z.tif
ang20220324t193809-B,/mnt/engg-leung/Research_No9_Methane_Emissions/Yuyao/raw_data_dir_L89_L2SR_by_gee/ang20220324t193809-B_l89_sr_LANDSAT_8_20220325T175015Z.tif,ang20220324t193809-B_l89_sr_LANDSAT_8_20220325T175015Z.tif
ang20220324t193809-C,/mnt/engg-leung/Research_No9_Methane_Emissions/Yuyao/raw_data_dir_L89_L2SR_by_gee/ang20220324t193809-C_l89_sr_LANDSAT_8_20220325T175015Z.tif,ang20220324t193809-C_l89_sr_LANDSAT_8_20220325T175015Z.tif
ang20220324t193809-D,/mnt/engg-leung/Research_No9_Methane_Emissions/Yuyao/raw_data_dir_L89_L2SR_by_gee/ang20220324t193809-D_l89_sr_LANDSAT_8_20220325T175015Z.tif,ang20220324t193809-D_l89_sr_LANDSAT_8_20220325T175015Z.tif
ang20220324t193809-E,/mnt/engg-leung/Research_No9_Methane_Emissions/Yuyao/raw_data_dir_L89_L2SR_by_gee/ang20220324t193809-E_l89_sr_LANDSAT_8_20220325T175015Z.tif,ang20220324t193809-E_l89_sr_LANDSAT_8_20220325T175015Z.tif
ang20220324t195537-A,/mnt/engg-leung/Research_No9_Methane_Emissions/Yuyao/raw_data_dir_L89_L2SR_by_gee/ang20220324t195537-A_l89_sr_LANDSAT_8_20220325T175015Z.tif,ang20220324t195537-A_l89_sr_LANDSAT_8_20220325T175015Z.tif
ang20220324t195537-B,/mnt/engg-leung/Research_No9_Methane_Emissions/Yuyao/raw_data_dir_L89_L2SR_by_gee/ang20220324t195537-B_l89_sr_LANDSAT_8_20220325T175015Z.tif,ang20220324t195537-B_l89_sr_LANDSAT_8_20220325T175015Z.tif
ang20220324t195537-C,/mnt/engg-leung/Research_No9_Methane_Emissions/Yuyao/raw_data_dir_L89_L2SR_by_gee/ang20220324t195537-C_l89_sr_LANDSAT_8_20220325T175015Z.tif,ang20220324t195537-C_l89_sr_LANDSAT_8_20220325T175015Z.tif
ang20220324t195537-E,/mnt/engg-leung/Research_No9_Methane_Emissions/Yuyao/raw_data_dir_L89_L2SR_by_gee/ang20220324t195537-E_l89_sr_LANDSAT_8_20220325T175015Z.tif,ang20220324t195537-E_l89_sr_LANDSAT_8_20220325T175015Z.tif
ang20220324t201527-A,/mnt/engg-leung/Research_No9_Methane_Emissions/Yuyao/raw_data_dir_L89_L2SR_by_gee/ang20220324t201527-A_l89_sr_LANDSAT_8_20220325T175015Z.tif,ang20220324t201527-A_l89_sr_LANDSAT_8_20220325T175015Z.tif
ang20220324t201527-B,/mnt/engg-leung/Research_No9_Methane_Emissions/Yuyao/raw_data_dir_L89_L2SR_by_gee/ang20220324t201527-B_l89_sr_LANDSAT_8_20220325T175015Z.tif,ang20220324t201527-B_l89_sr_LANDSAT_8_20220325T175015Z.tif
ang20220324t201527-C,/mnt/engg-leung/Research_No9_Methane_Emissions/Yuyao/raw_data_dir_L89_L2SR_by_gee/ang20220324t201527-C_l89_sr_LANDSAT_8_20220325T175015Z.tif,ang20220324t201527-C_l89_sr_LANDSAT_8_20220325T175015Z.tif
ang20220324t201527-D,/mnt/engg-leung/Research_No9_Methane_Emissions/Yuyao/raw_data_dir_L89_L2SR_by_gee/ang20220324t201527-D_l89_sr_LANDSAT_8_20220325T175015Z.tif,ang20220324t201527-D_l89_sr_LANDSAT_8_20220325T175015Z.tif
ang20220324t201527-E,/mnt/engg-leung/Research_No9_Methane_Emissions/Yuyao/raw_data_dir_L89_L2SR_by_gee/ang20220324t201527-E_l89_sr_LANDSAT_8_20220325T175015Z.tif,ang20220324t201527-E_l89_sr_LANDSAT_8_20220325T175015Z.tif
ang20220324t202850-A,/mnt/engg-leung/Research_No9_Methane_Emissions/Yuyao/raw_data_dir_L89_L2SR_by_gee/ang20220324t202850-A_l89_sr_LANDSAT_8_20220325T175015Z.tif,ang20220324t202850-A_l89_sr_LANDSAT_8_20220325T175015Z.tif
ang20220324t202850-B,/mnt/engg-leung/Research_No9_Methane_Emissions/Yuyao/raw_data_dir_L89_L2SR_by_gee/ang20220324t202850-B_l89_sr_LANDSAT_8_20220325T175015Z.tif,ang20220324t202850-B_l89_sr_LANDSAT_8_20220325T175015Z.tif
ang20220324t202850-C,/mnt/engg-leung/Research_No9_Methane_Emissions/Yuyao/raw_data_dir_L89_L2SR_by_gee/ang20220324t202850-C_l89_sr_LANDSAT_8_20220325T175015Z.tif,ang20220324t202850-C_l89_sr_LANDSAT_8_20220325T175015Z.tif
ang20220324t204413-A,/mnt/engg-leung/Research_No9_Methane_Emissions/Yuyao/raw_data_dir_L89_L2SR_by_gee/ang20220324t204413-A_l89_sr_LANDSAT_8_20220325T175015Z.tif,ang20220324t204413-A_l89_sr_LANDSAT_8_20220325T175015Z.tif
ang20220324t204413-B,/mnt/engg-leung/Research_No9_Methane_Emissions/Yuyao/raw_data_dir_L89_L2SR_by_gee/ang20220324t204413-B_l89_sr_LANDSAT_8_20220325T175015Z.tif,ang20220324t204413-B_l89_sr_LANDSAT_8_20220325T175015Z.tif
ang20220324t204413-C,/mnt/engg-leung/Research_No9_Methane_Emissions/Yuyao/raw_data_dir_L89_L2SR_by_gee/ang20220324t204413-C_l89_sr_LANDSAT_8_20220325T175015Z.tif,ang20220324t204413-C_l89_sr_LANDSAT_8_20220325T175015Z.tif
ang20220324t204413-D,/mnt/engg-leung/Research_No9_Methane_Emissions/Yuyao/raw_data_dir_L89_L2SR_by_gee/ang20220324t204413-D_l89_sr_LANDSAT_8_20220325T175015Z.tif,ang20220324t204413-D_l89_sr_LANDSAT_8_20220325T175015Z.tif
ang20220324t204413-E,/mnt/engg-leung/Research_No9_Methane_Emissions/Yuyao/raw_data_dir_L89_L2SR_by_gee/ang20220324t204413-E_l89_sr_LANDSAT_8_20220325T175015Z.tif,ang20220324t204413-E_l89_sr_LANDSAT_8_20220325T175015Z.tif
ang20220324t204413-F,/mnt/engg-leung/Research_No9_Methane_Emissions/Yuyao/raw_data_dir_L89_L2SR_by_gee/ang20220324t204413-F_l89_sr_LANDSAT_8_20220325T175015Z.tif,ang20220324t204413-F_l89_sr_LANDSAT_8_20220325T175015Z.tif
ang20220324t204413-G,/mnt/engg-leung/Research_No9_Methane_Emissions/Yuyao/raw_data_dir_L89_L2SR_by_gee/ang20220324t204413-G_l89_sr_LANDSAT_8_20220325T175015Z.tif,ang20220324t204413-G_l89_sr_LANDSAT_8_20220325T175015Z.tif
ang20220324t205811-A,/mnt/engg-leung/Research_No9_Methane_Emissions/Yuyao/raw_data_dir_L89_L2SR_by_gee/ang20220324t205811-A_l89_sr_LANDSAT_8_20220325T175015Z.tif,ang20220324t205811-A_l89_sr_LANDSAT_8_20220325T175015Z.tif
ang20220324t205811-B,/mnt/engg-leung/Research_No9_Methane_Emissions/Yuyao/raw_data_dir_L89_L2SR_by_gee/ang20220324t205811-B_l89_sr_LANDSAT_8_20220325T175015Z.tif,ang20220324t205811-B_l89_sr_LANDSAT_8_20220325T175015Z.tif
ang20220324t205811-C,/mnt/engg-leung/Research_No9_Methane_Emissions/Yuyao/raw_data_dir_L89_L2SR_by_gee/ang20220324t205811-C_l89_sr_LANDSAT_8_20220325T175015Z.tif,ang20220324t205811-C_l89_sr_LANDSAT_8_20220325T175015Z.tif
ang20220324t205811-D,/mnt/engg-leung/Research_No9_Methane_Emissions/Yuyao/raw_data_dir_L89_L2SR_by_gee/ang20220324t205811-D_l89_sr_LANDSAT_8_20220325T175015Z.tif,ang20220324t205811-D_l89_sr_LANDSAT_8_20220325T175015Z.tif
ang20220324t211235-A,/mnt/engg-leung/Research_No9_Methane_Emissions/Yuyao/raw_data_dir_L89_L2SR_by_gee/ang20220324t211235-A_l89_sr_LANDSAT_8_20220325T175015Z.tif,ang20220324t211235-A_l89_sr_LANDSAT_8_20220325T175015Z.tif
ang20220324t211235-B,/mnt/engg-leung/Research_No9_Methane_Emissions/Yuyao/raw_data_dir_L89_L2SR_by_gee/ang20220324t211235-B_l89_sr_LANDSAT_8_20220325T175015Z.tif,ang20220324t211235-B_l89_sr_LANDSAT_8_20220325T175015Z.tif
ang20220324t211235-C,/mnt/engg-leung/Research_No9_Methane_Emissions/Yuyao/raw_data_dir_L89_L2SR_by_gee/ang20220324t211235-C_l89_sr_LANDSAT_8_20220325T175015Z.tif,ang20220324t211235-C_l89_sr_LANDSAT_8_20220325T175015Z.tif
ang20220324t211235-D,/mnt/engg-leung/Research_No9_Methane_Emissions/Yuyao/raw_data_dir_L89_L2SR_by_gee/ang20220324t211235-D_l89_sr_LANDSAT_8_20220325T175015Z.tif,ang20220324t211235-D_l89_sr_LANDSAT_8_20220325T175015Z.tif
ang20220324t211235-E,/mnt/engg-leung/Research_No9_Methane_Emissions/Yuyao/raw_data_dir_L89_L2SR_by_gee/ang20220324t211235-E_l89_sr_LANDSAT_8_20220325T175015Z.tif,ang20220324t211235-E_l89_sr_LANDSAT_8_20220325T175015Z.tif
ang20220324t211235-F,/mnt/engg-leung/Research_No9_Methane_Emissions/Yuyao/raw_data_dir_L89_L2SR_by_gee/ang20220324t211235-F_l89_sr_LANDSAT_8_20220325T175015Z.tif,ang20220324t211235-F_l89_sr_LANDSAT_8_20220325T175015Z.tif
ang20220324t211235-G,/mnt/engg-leung/Research_No9_Methane_Emissions/Yuyao/raw_data_dir_L89_L2SR_by_gee/ang20220324t211235-G_l89_sr_LANDSAT_8_20220325T175015Z.tif,ang20220324t211235-G_l89_sr_LANDSAT_8_20220325T175015Z.tif
ang20220324t212542-A,/mnt/engg-leung/Research_No9_Methane_Emissions/Yuyao/raw_data_dir_L89_L2SR_by_gee/ang20220324t212542-A_l89_sr_LANDSAT_8_20220325T175015Z.tif,ang20220324t212542-A_l89_sr_LANDSAT_8_20220325T175015Z.tif
ang20220324t212542-B,/mnt/engg-leung/Research_No9_Methane_Emissions/Yuyao/raw_data_dir_L89_L2SR_by_gee/ang20220324t212542-B_l89_sr_LANDSAT_8_20220325T175015Z.tif,ang20220324t212542-B_l89_sr_LANDSAT_8_20220325T175015Z.tif
ang20220324t212542-C,/mnt/engg-leung/Research_No9_Methane_Emissions/Yuyao/raw_data_dir_L89_L2SR_by_gee/ang20220324t212542-C_l89_sr_LANDSAT_8_20220325T175015Z.tif,ang20220324t212542-C_l89_sr_LANDSAT_8_20220325T175015Z.tif
ang20220325t173925-A,/mnt/engg-leung/Research_No9_Methane_Emissions/Yuyao/raw_data_dir_L89_L2SR_by_gee/ang20220325t173925-A_l89_sr_LANDSAT_8_20220325T175015Z.tif,ang20220325t173925-A_l89_sr_LANDSAT_8_20220325T175015Z.tif
ang20220325t175529-D,/mnt/engg-leung/Research_No9_Methane_Emissions/Yuyao/raw_data_dir_L89_L2SR_by_gee/ang20220325t175529-D_l89_sr_LANDSAT_9_20220326T174437Z.tif,ang20220325t175529-D_l89_sr_LANDSAT_9_20220326T174437Z.tif
ang20220325t180940-B,/mnt/engg-leung/Research_No9_Methane_Emissions/Yuyao/raw_data_dir_L89_L2SR_by_gee/ang20220325t180940-B_l89_sr_LANDSAT_9_20220326T174437Z.tif,ang20220325t180940-B_l89_sr_LANDSAT_9_20220326T174437Z.tif
ang20220325t182553-B,/mnt/engg-leung/Research_No9_Methane_Emissions/Yuyao/raw_data_dir_L89_L2SR_by_gee/ang20220325t182553-B_l89_sr_LANDSAT_9_20220326T174437Z.tif,ang20220325t182553-B_l89_sr_LANDSAT_9_20220326T174437Z.tif
ang20220325t184019-C,/mnt/engg-leung/Research_No9_Methane_Emissions/Yuyao/raw_data_dir_L89_L2SR_by_gee/ang20220325t184019-C_l89_sr_LANDSAT_9_20220326T174437Z.tif,ang20220325t184019-C_l89_sr_LANDSAT_9_20220326T174437Z.tif
ang20220325t184019-D,/mnt/engg-leung/Research_No9_Methane_Emissions/Yuyao/raw_data_dir_L89_L2SR_by_gee/ang20220325t184019-D_l89_sr_LANDSAT_9_20220326T174437Z.tif,ang20220325t184019-D_l89_sr_LANDSAT_9_20220326T174437Z.tif
ang20220325t185825-A,/mnt/engg-leung/Research_No9_Methane_Emissions/Yuyao/raw_data_dir_L89_L2SR_by_gee/ang20220325t185825-A_l89_sr_LANDSAT_9_20220326T174437Z.tif,ang20220325t185825-A_l89_sr_LANDSAT_9_20220326T174437Z.tif
ang20220325t185825-B,/mnt/engg-leung/Research_No9_Methane_Emissions/Yuyao/raw_data_dir_L89_L2SR_by_gee/ang20220325t185825-B_l89_sr_LANDSAT_9_20220326T174437Z.tif,ang20220325t185825-B_l89_sr_LANDSAT_9_20220326T174437Z.tif
ang20220325t185825-C,/mnt/engg-leung/Research_No9_Methane_Emissions/Yuyao/raw_data_dir_L89_L2SR_by_gee/ang20220325t185825-C_l89_sr_LANDSAT_9_20220326T174437Z.tif,ang20220325t185825-C_l89_sr_LANDSAT_9_20220326T174437Z.tif
ang20220325t191254-A,/mnt/engg-leung/Research_No9_Methane_Emissions/Yuyao/raw_data_dir_L89_L2SR_by_gee/ang20220325t191254-A_l89_sr_LANDSAT_9_20220326T174437Z.tif,ang20220325t191254-A_l89_sr_LANDSAT_9_20220326T174437Z.tif
ang20220325t191254-B,/mnt/engg-leung/Research_No9_Methane_Emissions/Yuyao/raw_data_dir_L89_L2SR_by_gee/ang20220325t191254-B_l89_sr_LANDSAT_9_20220326T174437Z.tif,ang20220325t191254-B_l89_sr_LANDSAT_9_20220326T174437Z.tif
ang20220325t191254-C,/mnt/engg-leung/Research_No9_Methane_Emissions/Yuyao/raw_data_dir_L89_L2SR_by_gee/ang20220325t191254-C_l89_sr_LANDSAT_9_20220326T174437Z.tif,ang20220325t191254-C_l89_sr_LANDSAT_9_20220326T174437Z.tif
ang20220325t192854-A,/mnt/engg-leung/Research_No9_Methane_Emissions/Yuyao/raw_data_dir_L89_L2SR_by_gee/ang20220325t192854-A_l89_sr_LANDSAT_9_20220326T174413Z.tif,ang20220325t192854-A_l89_sr_LANDSAT_9_20220326T174413Z.tif
ang20220325t192854-B,/mnt/engg-leung/Research_No9_Methane_Emissions/Yuyao/raw_data_dir_L89_L2SR_by_gee/ang20220325t192854-B_l89_sr_LANDSAT_9_20220326T174413Z.tif,ang20220325t192854-B_l89_sr_LANDSAT_9_20220326T174413Z.tif
ang20220325t192854-C,/mnt/engg-leung/Research_No9_Methane_Emissions/Yuyao/raw_data_dir_L89_L2SR_by_gee/ang20220325t192854-C_l89_sr_LANDSAT_9_20220326T174413Z.tif,ang20220325t192854-C_l89_sr_LANDSAT_9_20220326T174413Z.tif
ang20220325t200407-A,/mnt/engg-leung/Research_No9_Methane_Emissions/Yuyao/raw_data_dir_L89_L2SR_by_gee/ang20220325t200407-A_l89_sr_LANDSAT_9_20220326T174413Z.tif,ang20220325t200407-A_l89_sr_LANDSAT_9_20220326T174413Z.tif
ang20220325t200407-B,/mnt/engg-leung/Research_No9_Methane_Emissions/Yuyao/raw_data_dir_L89_L2SR_by_gee/ang20220325t200407-B_l89_sr_LANDSAT_9_20220326T174413Z.tif,ang20220325t200407-B_l89_sr_LANDSAT_9_20220326T174413Z.tif
ang20220325t201833-A,/mnt/engg-leung/Research_No9_Methane_Emissions/Yuyao/raw_data_dir_L89_L2SR_by_gee/ang20220325t201833-A_l89_sr_LANDSAT_9_20220326T174413Z.tif,ang20220325t201833-A_l89_sr_LANDSAT_9_20220326T174413Z.tif
ang20220325t201833-B,/mnt/engg-leung/Research_No9_Methane_Emissions/Yuyao/raw_data_dir_L89_L2SR_by_gee/ang20220325t201833-B_l89_sr_LANDSAT_9_20220326T174413Z.tif,ang20220325t201833-B_l89_sr_LANDSAT_9_20220326T174413Z.tif
ang20220520t185319-A,/mnt/engg-leung/Research_No9_Methane_Emissions/Yuyao/raw_data_dir_L89_L2SR_by_gee/ang20220520t185319-A_l89_sr_LANDSAT_9_20220521T183337Z.tif,ang20220520t185319-A_l89_sr_LANDSAT_9_20220521T183337Z.tif
ang20220520t185319-B,/mnt/engg-leung/Research_No9_Methane_Emissions/Yuyao/raw_data_dir_L89_L2SR_by_gee/ang20220520t185319-B_l89_sr_LANDSAT_9_20220521T183337Z.tif,ang20220520t185319-B_l89_sr_LANDSAT_9_20220521T183337Z.tif
ang20220520t185319-C,/mnt/engg-leung/Research_No9_Methane_Emissions/Yuyao/raw_data_dir_L89_L2SR_by_gee/ang20220520t185319-C_l89_sr_LANDSAT_9_20220521T183337Z.tif,ang20220520t185319-C_l89_sr_LANDSAT_9_20220521T183337Z.tif
ang20220520t185319-D,/mnt/engg-leung/Research_No9_Methane_Emissions/Yuyao/raw_data_dir_L89_L2SR_by_gee/ang20220520t185319-D_l89_sr_LANDSAT_9_20220521T183337Z.tif,ang20220520t185319-D_l89_sr_LANDSAT_9_20220521T183337Z.tif
ang20220520t192245-A,/mnt/engg-leung/Research_No9_Methane_Emissions/Yuyao/raw_data_dir_L89_L2SR_by_gee/ang20220520t192245-A_l89_sr_LANDSAT_9_20220521T183337Z.tif,ang20220520t192245-A_l89_sr_LANDSAT_9_20220521T183337Z.tif
ang20220520t192905-A,/mnt/engg-leung/Research_No9_Methane_Emissions/Yuyao/raw_data_dir_L89_L2SR_by_gee/ang20220520t192905-A_l89_sr_LANDSAT_9_20220521T183337Z.tif,ang20220520t192905-A_l89_sr_LANDSAT_9_20220521T183337Z.tif
ang20220520t192905-B,/mnt/engg-leung/Research_No9_Methane_Emissions/Yuyao/raw_data_dir_L89_L2SR_by_gee/ang20220520t192905-B_l89_sr_LANDSAT_9_20220521T183337Z.tif,ang20220520t192905-B_l89_sr_LANDSAT_9_20220521T183337Z.tif
ang20220520t193549-A,/mnt/engg-leung/Research_No9_Methane_Emissions/Yuyao/raw_data_dir_L89_L2SR_by_gee/ang20220520t193549-A_l89_sr_LANDSAT_9_20220521T183337Z.tif,ang20220520t193549-A_l89_sr_LANDSAT_9_20220521T183337Z.tif
ang20220520t193549-B,/mnt/engg-leung/Research_No9_Methane_Emissions/Yuyao/raw_data_dir_L89_L2SR_by_gee/ang20220520t193549-B_l89_sr_LANDSAT_9_20220521T183337Z.tif,ang20220520t193549-B_l89_sr_LANDSAT_9_20220521T183337Z.tif
ang20220520t193549-D,/mnt/engg-leung/Research_No9_Methane_Emissions/Yuyao/raw_data_dir_L89_L2SR_by_gee/ang20220520t193549-D_l89_sr_LANDSAT_9_20220521T183337Z.tif,ang20220520t193549-D_l89_sr_LANDSAT_9_20220521T183337Z.tif
ang20220520t194728-A,/mnt/engg-leung/Research_No9_Methane_Emissions/Yuyao/raw_data_dir_L89_L2SR_by_gee/ang20220520t194728-A_l89_sr_LANDSAT_9_20220521T183337Z.tif,ang20220520t194728-A_l89_sr_LANDSAT_9_20220521T183337Z.tif
ang20220520t194728-B,/mnt/engg-leung/Research_No9_Methane_Emissions/Yuyao/raw_data_dir_L89_L2SR_by_gee/ang20220520t194728-B_l89_sr_LANDSAT_9_20220521T183337Z.tif,ang20220520t194728-B_l89_sr_LANDSAT_9_20220521T183337Z.tif
ang20220520t194728-C,/mnt/engg-leung/Research_No9_Methane_Emissions/Yuyao/raw_data_dir_L89_L2SR_by_gee/ang20220520t194728-C_l89_sr_LANDSAT_9_20220521T183337Z.tif,ang20220520t194728-C_l89_sr_LANDSAT_9_20220521T183337Z.tif
ang20220520t195513-A,/mnt/engg-leung/Research_No9_Methane_Emissions/Yuyao/raw_data_dir_L89_L2SR_by_gee/ang20220520t195513-A_l89_sr_LANDSAT_9_20220521T183337Z.tif,ang20220520t195513-A_l89_sr_LANDSAT_9_20220521T183337Z.tif
ang20220520t195513-B,/mnt/engg-leung/Research_No9_Methane_Emissions/Yuyao/raw_data_dir_L89_L2SR_by_gee/ang20220520t195513-B_l89_sr_LANDSAT_9_20220521T183337Z.tif,ang20220520t195513-B_l89_sr_LANDSAT_9_20220521T183337Z.tif
ang20220520t195513-C,/mnt/engg-leung/Research_No9_Methane_Emissions/Yuyao/raw_data_dir_L89_L2SR_by_gee/ang20220520t195513-C_l89_sr_LANDSAT_9_20220521T183337Z.tif,ang20220520t195513-C_l89_sr_LANDSAT_9_20220521T183337Z.tif
ang20220520t201527-A,/mnt/engg-leung/Research_No9_Methane_Emissions/Yuyao/raw_data_dir_L89_L2SR_by_gee/ang20220520t201527-A_l89_sr_LANDSAT_9_20220521T183337Z.tif,ang20220520t201527-A_l89_sr_LANDSAT_9_20220521T183337Z.tif
ang20220520t201527-B,/mnt/engg-leung/Research_No9_Methane_Emissions/Yuyao/raw_data_dir_L89_L2SR_by_gee/ang20220520t201527-B_l89_sr_LANDSAT_9_20220521T183337Z.tif,ang20220520t201527-B_l89_sr_LANDSAT_9_20220521T183337Z.tif
ang20220520t201527-C,/mnt/engg-leung/Research_No9_Methane_Emissions/Yuyao/raw_data_dir_L89_L2SR_by_gee/ang20220520t201527-C_l89_sr_LANDSAT_9_20220521T183337Z.tif,ang20220520t201527-C_l89_sr_LANDSAT_9_20220521T183337Z.tif
ang20220520t202701-A,/mnt/engg-leung/Research_No9_Methane_Emissions/Yuyao/raw_data_dir_L89_L2SR_by_gee/ang20220520t202701-A_l89_sr_LANDSAT_9_20220521T183337Z.tif,ang20220520t202701-A_l89_sr_LANDSAT_9_20220521T183337Z.tif
ang20220520t202701-B,/mnt/engg-leung/Research_No9_Methane_Emissions/Yuyao/raw_data_dir_L89_L2SR_by_gee/ang20220520t202701-B_l89_sr_LANDSAT_9_20220521T183337Z.tif,ang20220520t202701-B_l89_sr_LANDSAT_9_20220521T183337Z.tif
ang20220520t202701-C,/mnt/engg-leung/Research_No9_Methane_Emissions/Yuyao/raw_data_dir_L89_L2SR_by_gee/ang20220520t202701-C_l89_sr_LANDSAT_9_20220521T183337Z.tif,ang20220520t202701-C_l89_sr_LANDSAT_9_20220521T183337Z.tif
ang20220520t203154-A,/mnt/engg-leung/Research_No9_Methane_Emissions/Yuyao/raw_data_dir_L89_L2SR_by_gee/ang20220520t203154-A_l89_sr_LANDSAT_9_20220521T183337Z.tif,ang20220520t203154-A_l89_sr_LANDSAT_9_20220521T183337Z.tif
ang20220520t203626-A,/mnt/engg-leung/Research_No9_Methane_Emissions/Yuyao/raw_data_dir_L89_L2SR_by_gee/ang20220520t203626-A_l89_sr_LANDSAT_9_20220521T183337Z.tif,ang20220520t203626-A_l89_sr_LANDSAT_9_20220521T183337Z.tif
ang20220520t204322-A,/mnt/engg-leung/Research_No9_Methane_Emissions/Yuyao/raw_data_dir_L89_L2SR_by_gee/ang20220520t204322-A_l89_sr_LANDSAT_9_20220521T183337Z.tif,ang20220520t204322-A_l89_sr_LANDSAT_9_20220521T183337Z.tif
ang20220520t204740-A,/mnt/engg-leung/Research_No9_Methane_Emissions/Yuyao/raw_data_dir_L89_L2SR_by_gee/ang20220520t204740-A_l89_sr_LANDSAT_9_20220521T183337Z.tif,ang20220520t204740-A_l89_sr_LANDSAT_9_20220521T183337Z.tif
ang20220618t144935-A,/mnt/engg-leung/Research_No9_Methane_Emissions/Yuyao/raw_data_dir_L89_L2SR_by_gee/ang20220618t144935-A_l89_sr_LANDSAT_8_20220618T163218Z.tif,ang20220618t144935-A_l89_sr_LANDSAT_8_20220618T163218Z.tif
ang20220618t163107-A,/mnt/engg-leung/Research_No9_Methane_Emissions/Yuyao/raw_data_dir_L89_L2SR_by_gee/ang20220618t163107-A_l89_sr_LANDSAT_8_20220618T163218Z.tif,ang20220618t163107-A_l89_sr_LANDSAT_8_20220618T163218Z.tif
ang20220627t163536-A,/mnt/engg-leung/Research_No9_Methane_Emissions/Yuyao/raw_data_dir_L89_L2SR_by_gee/ang20220627t163536-A_l89_sr_LANDSAT_9_20220628T161626Z.tif,ang20220627t163536-A_l89_sr_LANDSAT_9_20220628T161626Z.tif
ang20220627t163536-B,/mnt/engg-leung/Research_No9_Methane_Emissions/Yuyao/raw_data_dir_L89_L2SR_by_gee/ang20220627t163536-B_l89_sr_LANDSAT_9_20220628T161626Z.tif,ang20220627t163536-B_l89_sr_LANDSAT_9_20220628T161626Z.tif
ang20220630t135047-A,/mnt/engg-leung/Research_No9_Methane_Emissions/Yuyao/raw_data_dir_L89_L2SR_by_gee/ang20220630t135047-A_l89_sr_LANDSAT_9_20220630T160404Z.tif,ang20220630t135047-A_l89_sr_LANDSAT_9_20220630T160404Z.tif
ang20220824t183643-A,/mnt/engg-leung/Research_No9_Methane_Emissions/Yuyao/raw_data_dir_L89_L2SR_by_gee/ang20220824t183643-A_l89_sr_LANDSAT_9_20220825T182934Z.tif,ang20220824t183643-A_l89_sr_LANDSAT_9_20220825T182934Z.tif
ang20220826t202657-A,/mnt/engg-leung/Research_No9_Methane_Emissions/Yuyao/raw_data_dir_L89_L2SR_by_gee/ang20220826t202657-A_l89_sr_LANDSAT_9_20220827T181648Z.tif,ang20220826t202657-A_l89_sr_LANDSAT_9_20220827T181648Z.tif
ang20220903t214833-A,/mnt/engg-leung/Research_No9_Methane_Emissions/Yuyao/raw_data_dir_L89_L2SR_by_gee/ang20220903t214833-A_l89_sr_LANDSAT_8_20220904T181707Z.tif,ang20220903t214833-A_l89_sr_LANDSAT_8_20220904T181707Z.tif
ang20220903t214833-B,/mnt/engg-leung/Research_No9_Methane_Emissions/Yuyao/raw_data_dir_L89_L2SR_by_gee/ang20220903t214833-B_l89_sr_LANDSAT_8_20220904T181707Z.tif,ang20220903t214833-B_l89_sr_LANDSAT_8_20220904T181707Z.tif
ang20220903t215644-A,/mnt/engg-leung/Research_No9_Methane_Emissions/Yuyao/raw_data_dir_L89_L2SR_by_gee/ang20220903t215644-A_l89_sr_LANDSAT_8_20220904T181707Z.tif,ang20220903t215644-A_l89_sr_LANDSAT_8_20220904T181707Z.tif
ang20220903t215644-B,/mnt/engg-leung/Research_No9_Methane_Emissions/Yuyao/raw_data_dir_L89_L2SR_by_gee/ang20220903t215644-B_l89_sr_LANDSAT_8_20220904T181707Z.tif,ang20220903t215644-B_l89_sr_LANDSAT_8_20220904T181707Z.tif
ang20220903t221235-A,/mnt/engg-leung/Research_No9_Methane_Emissions/Yuyao/raw_data_dir_L89_L2SR_by_gee/ang20220903t221235-A_l89_sr_LANDSAT_8_20220904T181707Z.tif,ang20220903t221235-A_l89_sr_LANDSAT_8_20220904T181707Z.tif
ang20230201t163242-A,/mnt/engg-leung/Research_No9_Methane_Emissions/Yuyao/raw_data_dir_L89_L2SR_by_gee/ang20230201t163242-A_l89_sr_LANDSAT_9_20230202T144108Z.tif,ang20230201t163242-A_l89_sr_LANDSAT_9_20230202T144108Z.tif
ang20230201t163242-B,/mnt/engg-leung/Research_No9_Methane_Emissions/Yuyao/raw_data_dir_L89_L2SR_by_gee/ang20230201t163242-B_l89_sr_LANDSAT_9_20230202T144108Z.tif,ang20230201t163242-B_l89_sr_LANDSAT_9_20230202T144108Z.tif
ang20230201t164640-A,/mnt/engg-leung/Research_No9_Methane_Emissions/Yuyao/raw_data_dir_L89_L2SR_by_gee/ang20230201t164640-A_l89_sr_LANDSAT_9_20230202T144132Z.tif,ang20230201t164640-A_l89_sr_LANDSAT_9_20230202T144132Z.tif
ang20230201t170953-A,/mnt/engg-leung/Research_No9_Methane_Emissions/Yuyao/raw_data_dir_L89_L2SR_by_gee/ang20230201t170953-A_l89_sr_LANDSAT_9_20230202T144108Z.tif,ang20230201t170953-A_l89_sr_LANDSAT_9_20230202T144108Z.tif
ang20230201t171405-A,/mnt/engg-leung/Research_No9_Methane_Emissions/Yuyao/raw_data_dir_L89_L2SR_by_gee/ang20230201t171405-A_l89_sr_LANDSAT_9_20230202T144108Z.tif,ang20230201t171405-A_l89_sr_LANDSAT_9_20230202T144108Z.tif
ang20230201t182411-A,/mnt/engg-leung/Research_No9_Methane_Emissions/Yuyao/raw_data_dir_L89_L2SR_by_gee/ang20230201t182411-A_l89_sr_LANDSAT_9_20230202T144020Z.tif,ang20230201t182411-A_l89_sr_LANDSAT_9_20230202T144020Z.tif
ang20230201t182411-B,/mnt/engg-leung/Research_No9_Methane_Emissions/Yuyao/raw_data_dir_L89_L2SR_by_gee/ang20230201t182411-B_l89_sr_LANDSAT_9_20230202T144020Z.tif,ang20230201t182411-B_l89_sr_LANDSAT_9_20230202T144020Z.tif
ang20230201t182411-C,/mnt/engg-leung/Research_No9_Methane_Emissions/Yuyao/raw_data_dir_L89_L2SR_by_gee/ang20230201t182411-C_l89_sr_LANDSAT_9_20230202T144020Z.tif,ang20230201t182411-C_l89_sr_LANDSAT_9_20230202T144020Z.tif
ang20230201t183955-A,/mnt/engg-leung/Research_No9_Methane_Emissions/Yuyao/raw_data_dir_L89_L2SR_by_gee/ang20230201t183955-A_l89_sr_LANDSAT_9_20230202T144020Z.tif,ang20230201t183955-A_l89_sr_LANDSAT_9_20230202T144020Z.tif
ang20230314t194112-B,/mnt/engg-leung/Research_No9_Methane_Emissions/Yuyao/raw_data_dir_L89_L2SR_by_gee/ang20230314t194112-B_l89_sr_LANDSAT_8_20230315T151042Z.tif,ang20230314t194112-B_l89_sr_LANDSAT_8_20230315T151042Z.tif
ang20230314t194942-A,/mnt/engg-leung/Research_No9_Methane_Emissions/Yuyao/raw_data_dir_L89_L2SR_by_gee/ang20230314t194942-A_l89_sr_LANDSAT_8_20230315T151042Z.tif,ang20230314t194942-A_l89_sr_LANDSAT_8_20230315T151042Z.tif
av320240721t185446-A,/mnt/engg-leung/Research_No9_Methane_Emissions/Yuyao/raw_data_dir_L89_L2SR_by_gee/av320240721t185446-A_l89_sr_LANDSAT_9_20240722T182746Z.tif,av320240721t185446-A_l89_sr_LANDSAT_9_20240722T182746Z.tif
av320240721t185446-B,/mnt/engg-leung/Research_No9_Methane_Emissions/Yuyao/raw_data_dir_L89_L2SR_by_gee/av320240721t185446-B_l89_sr_LANDSAT_9_20240722T182746Z.tif,av320240721t185446-B_l89_sr_LANDSAT_9_20240722T182746Z.tif
av320240721t185446-C,/mnt/engg-leung/Research_No9_Methane_Emissions/Yuyao/raw_data_dir_L89_L2SR_by_gee/av320240721t185446-C_l89_sr_LANDSAT_9_20240722T182746Z.tif,av320240721t185446-C_l89_sr_LANDSAT_9_20240722T182746Z.tif
av320240721t185446-D,/mnt/engg-leung/Research_No9_Methane_Emissions/Yuyao/raw_data_dir_L89_L2SR_by_gee/av320240721t185446-D_l89_sr_LANDSAT_9_20240722T182746Z.tif,av320240721t185446-D_l89_sr_LANDSAT_9_20240722T182746Z.tif
av320240721t185446-E,/mnt/engg-leung/Research_No9_Methane_Emissions/Yuyao/raw_data_dir_L89_L2SR_by_gee/av320240721t185446-E_l89_sr_LANDSAT_9_20240722T182746Z.tif,av320240721t185446-E_l89_sr_LANDSAT_9_20240722T182746Z.tif
av320240721t185446-F,/mnt/engg-leung/Research_No9_Methane_Emissions/Yuyao/raw_data_dir_L89_L2SR_by_gee/av320240721t185446-F_l89_sr_LANDSAT_9_20240722T182746Z.tif,av320240721t185446-F_l89_sr_LANDSAT_9_20240722T182746Z.tif
av320240820t171349-A,/mnt/engg-leung/Research_No9_Methane_Emissions/Yuyao/raw_data_dir_L89_L2SR_by_gee/av320240820t171349-A_l89_sr_LANDSAT_8_20240820T184549Z.tif,av320240820t171349-A_l89_sr_LANDSAT_8_20240820T184549Z.tif
av320240820t172709-A,/mnt/engg-leung/Research_No9_Methane_Emissions/Yuyao/raw_data_dir_L89_L2SR_by_gee/av320240820t172709-A_l89_sr_LANDSAT_8_20240820T184549Z.tif,av320240820t172709-A_l89_sr_LANDSAT_8_20240820T184549Z.tif
av320240820t172709-B,/mnt/engg-leung/Research_No9_Methane_Emissions/Yuyao/raw_data_dir_L89_L2SR_by_gee/av320240820t172709-B_l89_sr_LANDSAT_8_20240820T184549Z.tif,av320240820t172709-B_l89_sr_LANDSAT_8_20240820T184549Z.tif
av320240820t172709-C,/mnt/engg-leung/Research_No9_Methane_Emissions/Yuyao/raw_data_dir_L89_L2SR_by_gee/av320240820t172709-C_l89_sr_LANDSAT_8_20240820T184549Z.tif,av320240820t172709-C_l89_sr_LANDSAT_8_20240820T184549Z.tif
av320240820t172709-D,/mnt/engg-leung/Research_No9_Methane_Emissions/Yuyao/raw_data_dir_L89_L2SR_by_gee/av320240820t172709-D_l89_sr_LANDSAT_8_20240820T184549Z.tif,av320240820t172709-D_l89_sr_LANDSAT_8_20240820T184549Z.tif
av320240820t172709-E,/mnt/engg-leung/Research_No9_Methane_Emissions/Yuyao/raw_data_dir_L89_L2SR_by_gee/av320240820t172709-E_l89_sr_LANDSAT_8_20240820T184549Z.tif,av320240820t172709-E_l89_sr_LANDSAT_8_20240820T184549Z.tif
av320240820t173539-A,/mnt/engg-leung/Research_No9_Methane_Emissions/Yuyao/raw_data_dir_L89_L2SR_by_gee/av320240820t173539-A_l89_sr_LANDSAT_8_20240820T184549Z.tif,av320240820t173539-A_l89_sr_LANDSAT_8_20240820T184549Z.tif
av320240820t182024-A,/mnt/engg-leung/Research_No9_Methane_Emissions/Yuyao/raw_data_dir_L89_L2SR_by_gee/av320240820t182024-A_l89_sr_LANDSAT_8_20240820T184549Z.tif,av320240820t182024-A_l89_sr_LANDSAT_8_20240820T184549Z.tif
av320240820t182024-B,/mnt/engg-leung/Research_No9_Methane_Emissions/Yuyao/raw_data_dir_L89_L2SR_by_gee/av320240820t182024-B_l89_sr_LANDSAT_8_20240820T184549Z.tif,av320240820t182024-B_l89_sr_LANDSAT_8_20240820T184549Z.tif
av320240820t182024-C,/mnt/engg-leung/Research_No9_Methane_Emissions/Yuyao/raw_data_dir_L89_L2SR_by_gee/av320240820t182024-C_l89_sr_LANDSAT_8_20240820T184549Z.tif,av320240820t182024-C_l89_sr_LANDSAT_8_20240820T184549Z.tif
av320241005t172306-A,/mnt/engg-leung/Research_No9_Methane_Emissions/Yuyao/raw_data_dir_L89_L2SR_by_gee/av320241005t172306-A_l89_sr_LANDSAT_9_20241006T171341Z.tif,av320241005t172306-A_l89_sr_LANDSAT_9_20241006T171341Z.tif
av320241005t172306-B,/mnt/engg-leung/Research_No9_Methane_Emissions/Yuyao/raw_data_dir_L89_L2SR_by_gee/av320241005t172306-B_l89_sr_LANDSAT_9_20241006T171341Z.tif,av320241005t172306-B_l89_sr_LANDSAT_9_20241006T171341Z.tif
av320241005t172306-C,/mnt/engg-leung/Research_No9_Methane_Emissions/Yuyao/raw_data_dir_L89_L2SR_by_gee/av320241005t172306-C_l89_sr_LANDSAT_9_20241006T171341Z.tif,av320241005t172306-C_l89_sr_LANDSAT_9_20241006T171341Z.tif
av320241005t172306-D,/mnt/engg-leung/Research_No9_Methane_Emissions/Yuyao/raw_data_dir_L89_L2SR_by_gee/av320241005t172306-D_l89_sr_LANDSAT_9_20241006T171341Z.tif,av320241005t172306-D_l89_sr_LANDSAT_9_20241006T171341Z.tif
av320241005t172306-E,/mnt/engg-leung/Research_No9_Methane_Emissions/Yuyao/raw_data_dir_L89_L2SR_by_gee/av320241005t172306-E_l89_sr_LANDSAT_9_20241006T171341Z.tif,av320241005t172306-E_l89_sr_LANDSAT_9_20241006T171341Z.tif
av320241005t173813-A,/mnt/engg-leung/Research_No9_Methane_Emissions/Yuyao/raw_data_dir_L89_L2SR_by_gee/av320241005t173813-A_l89_sr_LANDSAT_9_20241006T171341Z.tif,av320241005t173813-A_l89_sr_LANDSAT_9_20241006T171341Z.tif
av320241005t173813-B,/mnt/engg-leung/Research_No9_Methane_Emissions/Yuyao/raw_data_dir_L89_L2SR_by_gee/av320241005t173813-B_l89_sr_LANDSAT_9_20241006T171341Z.tif,av320241005t173813-B_l89_sr_LANDSAT_9_20241006T171341Z.tif
av320241005t173813-C,/mnt/engg-leung/Research_No9_Methane_Emissions/Yuyao/raw_data_dir_L89_L2SR_by_gee/av320241005t173813-C_l89_sr_LANDSAT_9_20241006T171341Z.tif,av320241005t173813-C_l89_sr_LANDSAT_9_20241006T171341Z.tif
av320241005t173813-D,/mnt/engg-leung/Research_No9_Methane_Emissions/Yuyao/raw_data_dir_L89_L2SR_by_gee/av320241005t173813-D_l89_sr_LANDSAT_9_20241006T171341Z.tif,av320241005t173813-D_l89_sr_LANDSAT_9_20241006T171341Z.tif
av320241005t173813-E,/mnt/engg-leung/Research_No9_Methane_Emissions/Yuyao/raw_data_dir_L89_L2SR_by_gee/av320241005t173813-E_l89_sr_LANDSAT_9_20241006T171341Z.tif,av320241005t173813-E_l89_sr_LANDSAT_9_20241006T171341Z.tif
av320241005t183935-A,/mnt/engg-leung/Research_No9_Methane_Emissions/Yuyao/raw_data_dir_L89_L2SR_by_gee/av320241005t183935-A_l89_sr_LANDSAT_9_20241006T171341Z.tif,av320241005t183935-A_l89_sr_LANDSAT_9_20241006T171341Z.tif
av320241005t183935-B,/mnt/engg-leung/Research_No9_Methane_Emissions/Yuyao/raw_data_dir_L89_L2SR_by_gee/av320241005t183935-B_l89_sr_LANDSAT_9_20241006T171341Z.tif,av320241005t183935-B_l89_sr_LANDSAT_9_20241006T171341Z.tif
av320241005t183935-C,/mnt/engg-leung/Research_No9_Methane_Emissions/Yuyao/raw_data_dir_L89_L2SR_by_gee/av320241005t183935-C_l89_sr_LANDSAT_9_20241006T171341Z.tif,av320241005t183935-C_l89_sr_LANDSAT_9_20241006T171341Z.tif
av320241005t183935-D,/mnt/engg-leung/Research_No9_Methane_Emissions/Yuyao/raw_data_dir_L89_L2SR_by_gee/av320241005t183935-D_l89_sr_LANDSAT_9_20241006T171341Z.tif,av320241005t183935-D_l89_sr_LANDSAT_9_20241006T171341Z.tif
av320241005t183935-E,/mnt/engg-leung/Research_No9_Methane_Emissions/Yuyao/raw_data_dir_L89_L2SR_by_gee/av320241005t183935-E_l89_sr_LANDSAT_9_20241006T171341Z.tif,av320241005t183935-E_l89_sr_LANDSAT_9_20241006T171341Z.tif
av320241005t185429-A,/mnt/engg-leung/Research_No9_Methane_Emissions/Yuyao/raw_data_dir_L89_L2SR_by_gee/av320241005t185429-A_l89_sr_LANDSAT_9_20241006T171341Z.tif,av320241005t185429-A_l89_sr_LANDSAT_9_20241006T171341Z.tif
av320241005t185429-B,/mnt/engg-leung/Research_No9_Methane_Emissions/Yuyao/raw_data_dir_L89_L2SR_by_gee/av320241005t185429-B_l89_sr_LANDSAT_9_20241006T171341Z.tif,av320241005t185429-B_l89_sr_LANDSAT_9_20241006T171341Z.tif
av320241014t193616-A,/mnt/engg-leung/Research_No9_Methane_Emissions/Yuyao/raw_data_dir_L89_L2SR_by_gee/av320241014t193616-A_l89_sr_LANDSAT_9_20241015T184543Z.tif,av320241014t193616-A_l89_sr_LANDSAT_9_20241015T184543Z.tif
av320241014t194057-A,/mnt/engg-leung/Research_No9_Methane_Emissions/Yuyao/raw_data_dir_L89_L2SR_by_gee/av320241014t194057-A_l89_sr_LANDSAT_9_20241015T184543Z.tif,av320241014t194057-A_l89_sr_LANDSAT_9_20241015T184543Z.tif
av320250718t164841-A,/mnt/engg-leung/Research_No9_Methane_Emissions/Yuyao/raw_data_dir_L89_L2SR_by_gee/av320250718t164841-A_l89_sr_LANDSAT_9_20250719T154704Z.tif,av320250718t164841-A_l89_sr_LANDSAT_9_20250719T154704Z.tif
av320250718t164841-B,/mnt/engg-leung/Research_No9_Methane_Emissions/Yuyao/raw_data_dir_L89_L2SR_by_gee/av320250718t164841-B_l89_sr_LANDSAT_9_20250719T154704Z.tif,av320250718t164841-B_l89_sr_LANDSAT_9_20250719T154704Z.tif
av320250718t164841-C,/mnt/engg-leung/Research_No9_Methane_Emissions/Yuyao/raw_data_dir_L89_L2SR_by_gee/av320250718t164841-C_l89_sr_LANDSAT_9_20250719T154704Z.tif,av320250718t164841-C_l89_sr_LANDSAT_9_20250719T154704Z.tif
av320250718t164841-D,/mnt/engg-leung/Research_No9_Methane_Emissions/Yuyao/raw_data_dir_L89_L2SR_by_gee/av320250718t164841-D_l89_sr_LANDSAT_9_20250719T154704Z.tif,av320250718t164841-D_l89_sr_LANDSAT_9_20250719T154704Z.tif
av320250718t164841-E,/mnt/engg-leung/Research_No9_Methane_Emissions/Yuyao/raw_data_dir_L89_L2SR_by_gee/av320250718t164841-E_l89_sr_LANDSAT_9_20250719T154704Z.tif,av320250718t164841-E_l89_sr_LANDSAT_9_20250719T154704Z.tif
av320250720t141441-A,/mnt/engg-leung/Research_No9_Methane_Emissions/Yuyao/raw_data_dir_L89_L2SR_by_gee/av320250720t141441-A_l89_sr_LANDSAT_8_20250720T154055Z.tif,av320250720t141441-A_l89_sr_LANDSAT_8_20250720T154055Z.tif
av320250723t162202-A,/mnt/engg-leung/Research_No9_Methane_Emissions/Yuyao/raw_data_dir_L89_L2SR_by_gee/av320250723t162202-A_l89_sr_LANDSAT_9_20250724T160427Z.tif,av320250723t162202-A_l89_sr_LANDSAT_9_20250724T160427Z.tif
av320250723t162202-B,/mnt/engg-leung/Research_No9_Methane_Emissions/Yuyao/raw_data_dir_L89_L2SR_by_gee/av320250723t162202-B_l89_sr_LANDSAT_9_20250724T160427Z.tif,av320250723t162202-B_l89_sr_LANDSAT_9_20250724T160427Z.tif
av320250723t162202-C,/mnt/engg-leung/Research_No9_Methane_Emissions/Yuyao/raw_data_dir_L89_L2SR_by_gee/av320250723t162202-C_l89_sr_LANDSAT_9_20250724T160427Z.tif,av320250723t162202-C_l89_sr_LANDSAT_9_20250724T160427Z.tif
av320250723t164136-A,/mnt/engg-leung/Research_No9_Methane_Emissions/Yuyao/raw_data_dir_L89_L2SR_by_gee/av320250723t164136-A_l89_sr_LANDSAT_9_20250724T160427Z.tif,av320250723t164136-A_l89_sr_LANDSAT_9_20250724T160427Z.tif
av320250723t164136-I,/mnt/engg-leung/Research_No9_Methane_Emissions/Yuyao/raw_data_dir_L89_L2SR_by_gee/av320250723t164136-I_l89_sr_LANDSAT_9_20250724T160427Z.tif,av320250723t164136-I_l89_sr_LANDSAT_9_20250724T160427Z.tif
av320250723t170211-J,/mnt/engg-leung/Research_No9_Methane_Emissions/Yuyao/raw_data_dir_L89_L2SR_by_gee/av320250723t170211-J_l89_sr_LANDSAT_9_20250724T160427Z.tif,av320250723t170211-J_l89_sr_LANDSAT_9_20250724T160427Z.tif
av320250723t174230-G,/mnt/engg-leung/Research_No9_Methane_Emissions/Yuyao/raw_data_dir_L89_L2SR_by_gee/av320250723t174230-G_l89_sr_LANDSAT_9_20250724T160427Z.tif,av320250723t174230-G_l89_sr_LANDSAT_9_20250724T160427Z.tif
av320250723t174230-H,/mnt/engg-leung/Research_No9_Methane_Emissions/Yuyao/raw_data_dir_L89_L2SR_by_gee/av320250723t174230-H_l89_sr_LANDSAT_9_20250724T160427Z.tif,av320250723t174230-H_l89_sr_LANDSAT_9_20250724T160427Z.tif
av320250723t174230-I,/mnt/engg-leung/Research_No9_Methane_Emissions/Yuyao/raw_data_dir_L89_L2SR_by_gee/av320250723t174230-I_l89_sr_LANDSAT_9_20250724T160451Z.tif,av320250723t174230-I_l89_sr_LANDSAT_9_20250724T160451Z.tif
av320250724t152229-A,/mnt/engg-leung/Research_No9_Methane_Emissions/Yuyao/raw_data_dir_L89_L2SR_by_gee/av320250724t152229-A_l89_sr_LANDSAT_9_20250724T160427Z.tif,av320250724t152229-A_l89_sr_LANDSAT_9_20250724T160427Z.tif
av320250802t161342-C,/mnt/engg-leung/Research_No9_Methane_Emissions/Yuyao/raw_data_dir_L89_L2SR_by_gee/av320250802t161342-C_l89_sr_LANDSAT_8_20250803T155146Z.tif,av320250802t161342-C_l89_sr_LANDSAT_8_20250803T155146Z.tif
emi20220815t105833p07011-A,/mnt/engg-leung/Research_No9_Methane_Emissions/Yuyao/raw_data_dir_L89_L2SR_by_gee/emi20220815t105833p07011-A_l89_sr_LANDSAT_9_20220816T070706Z.tif,emi20220815t105833p07011-A_l89_sr_LANDSAT_9_20220816T070706Z.tif
emi20220815t105833p07011-B,/mnt/engg-leung/Research_No9_Methane_Emissions/Yuyao/raw_data_dir_L89_L2SR_by_gee/emi20220815t105833p07011-B_l89_sr_LANDSAT_9_20220816T070706Z.tif,emi20220815t105833p07011-B_l89_sr_LANDSAT_9_20220816T070706Z.tif
emi20220815t105833p07011-C,/mnt/engg-leung/Research_No9_Methane_Emissions/Yuyao/raw_data_dir_L89_L2SR_by_gee/emi20220815t105833p07011-C_l89_sr_LANDSAT_9_20220816T070706Z.tif,emi20220815t105833p07011-C_l89_sr_LANDSAT_9_20220816T070706Z.tif
emi20220815t105833p07011-D,/mnt/engg-leung/Research_No9_Methane_Emissions/Yuyao/raw_data_dir_L89_L2SR_by_gee/emi20220815t105833p07011-D_l89_sr_LANDSAT_9_20220816T070706Z.tif,emi20220815t105833p07011-D_l89_sr_LANDSAT_9_20220816T070706Z.tif
emi20220815t105833p07011-E,/mnt/engg-leung/Research_No9_Methane_Emissions/Yuyao/raw_data_dir_L89_L2SR_by_gee/emi20220815t105833p07011-E_l89_sr_LANDSAT_9_20220816T070706Z.tif,emi20220815t105833p07011-E_l89_sr_LANDSAT_9_20220816T070706Z.tif
emi20220815t105833p07011-F,/mnt/engg-leung/Research_No9_Methane_Emissions/Yuyao/raw_data_dir_L89_L2SR_by_gee/emi20220815t105833p07011-F_l89_sr_LANDSAT_9_20220816T070706Z.tif,emi20220815t105833p07011-F_l89_sr_LANDSAT_9_20220816T070706Z.tif
emi20220815t105833p07011-G,/mnt/engg-leung/Research_No9_Methane_Emissions/Yuyao/raw_data_dir_L89_L2SR_by_gee/emi20220815t105833p07011-G_l89_sr_LANDSAT_9_20220816T070706Z.tif,emi20220815t105833p07011-G_l89_sr_LANDSAT_9_20220816T070706Z.tif
emi20220815t105833p07011-H,/mnt/engg-leung/Research_No9_Methane_Emissions/Yuyao/raw_data_dir_L89_L2SR_by_gee/emi20220815t105833p07011-H_l89_sr_LANDSAT_9_20220816T070706Z.tif,emi20220815t105833p07011-H_l89_sr_LANDSAT_9_20220816T070706Z.tif
emi20220815t105833p07011-I,/mnt/engg-leung/Research_No9_Methane_Emissions/Yuyao/raw_data_dir_L89_L2SR_by_gee/emi20220815t105833p07011-I_l89_sr_LANDSAT_9_20220816T070706Z.tif,emi20220815t105833p07011-I_l89_sr_LANDSAT_9_20220816T070706Z.tif
emi20220815t105833p07011-J,/mnt/engg-leung/Research_No9_Methane_Emissions/Yuyao/raw_data_dir_L89_L2SR_by_gee/emi20220815t105833p07011-J_l89_sr_LANDSAT_9_20220816T070706Z.tif,emi20220815t105833p07011-J_l89_sr_LANDSAT_9_20220816T070706Z.tif
emi20220815t105833p07011-K,/mnt/engg-leung/Research_No9_Methane_Emissions/Yuyao/raw_data_dir_L89_L2SR_by_gee/emi20220815t105833p07011-K_l89_sr_LANDSAT_9_20220816T070706Z.tif,emi20220815t105833p07011-K_l89_sr_LANDSAT_9_20220816T070706Z.tif
emi20220815t105833p07011-L,/mnt/engg-leung/Research_No9_Methane_Emissions/Yuyao/raw_data_dir_L89_L2SR_by_gee/emi20220815t105833p07011-L_l89_sr_LANDSAT_9_20220816T070706Z.tif,emi20220815t105833p07011-L_l89_sr_LANDSAT_9_20220816T070706Z.tif
emi20220815t105833p07011-M,/mnt/engg-leung/Research_No9_Methane_Emissions/Yuyao/raw_data_dir_L89_L2SR_by_gee/emi20220815t105833p07011-M_l89_sr_LANDSAT_9_20220816T070706Z.tif,emi20220815t105833p07011-M_l89_sr_LANDSAT_9_20220816T070706Z.tif
emi20220815t105833p07011-N,/mnt/engg-leung/Research_No9_Methane_Emissions/Yuyao/raw_data_dir_L89_L2SR_by_gee/emi20220815t105833p07011-N_l89_sr_LANDSAT_9_20220816T070706Z.tif,emi20220815t105833p07011-N_l89_sr_LANDSAT_9_20220816T070706Z.tif
emi20220815t105833p07011-R,/mnt/engg-leung/Research_No9_Methane_Emissions/Yuyao/raw_data_dir_L89_L2SR_by_gee/emi20220815t105833p07011-R_l89_sr_LANDSAT_9_20220816T070706Z.tif,emi20220815t105833p07011-R_l89_sr_LANDSAT_9_20220816T070706Z.tif
emi20220818t083506p06021-A,/mnt/engg-leung/Research_No9_Methane_Emissions/Yuyao/raw_data_dir_L89_L2SR_by_gee/emi20220818t083506p06021-A_l89_sr_LANDSAT_9_20220819T055844Z.tif,emi20220818t083506p06021-A_l89_sr_LANDSAT_9_20220819T055844Z.tif
emi20220820t083324p06013-A,/mnt/engg-leung/Research_No9_Methane_Emissions/Yuyao/raw_data_dir_L89_L2SR_by_gee/emi20220820t083324p06013-A_l89_sr_LANDSAT_8_20220821T063632Z.tif,emi20220820t083324p06013-A_l89_sr_LANDSAT_8_20220821T063632Z.tif
emi20220822t100653p07004-A,/mnt/engg-leung/Research_No9_Methane_Emissions/Yuyao/raw_data_dir_L89_L2SR_by_gee/emi20220822t100653p07004-A_l89_sr_LANDSAT_8_20220823T080527Z.tif,emi20220822t100653p07004-A_l89_sr_LANDSAT_8_20220823T080527Z.tif
emi20220826t174642p12024-A,/mnt/engg-leung/Research_No9_Methane_Emissions/Yuyao/raw_data_dir_L89_L2SR_by_gee/emi20220826t174642p12024-A_l89_sr_LANDSAT_8_20220827T173402Z.tif,emi20220826t174642p12024-A_l89_sr_LANDSAT_8_20220827T173402Z.tif
emi20220830t065232p05004-A,/mnt/engg-leung/Research_No9_Methane_Emissions/Yuyao/raw_data_dir_L89_L2SR_by_gee/emi20220830t065232p05004-A_l89_sr_LANDSAT_8_20220830T081050Z.tif,emi20220830t065232p05004-A_l89_sr_LANDSAT_8_20220830T081050Z.tif
emi20220830t065244p05005-A,/mnt/engg-leung/Research_No9_Methane_Emissions/Yuyao/raw_data_dir_L89_L2SR_by_gee/emi20220830t065244p05005-A_l89_sr_LANDSAT_8_20220830T081114Z.tif,emi20220830t065244p05005-A_l89_sr_LANDSAT_8_20220830T081114Z.tif
emi20220831t060702p04007-A,/mnt/engg-leung/Research_No9_Methane_Emissions/Yuyao/raw_data_dir_L89_L2SR_by_gee/emi20220831t060702p04007-A_l89_sr_LANDSAT_8_20220831T071648Z.tif,emi20220831t060702p04007-A_l89_sr_LANDSAT_8_20220831T071648Z.tif
emi20220831t060702p04007-C,/mnt/engg-leung/Research_No9_Methane_Emissions/Yuyao/raw_data_dir_L89_L2SR_by_gee/emi20220831t060702p04007-C_l89_sr_LANDSAT_8_20220831T071648Z.tif,emi20220831t060702p04007-C_l89_sr_LANDSAT_8_20220831T071648Z.tif
emi20220901t034318p03002-A,/mnt/engg-leung/Research_No9_Methane_Emissions/Yuyao/raw_data_dir_L89_L2SR_by_gee/emi20220901t034318p03002-A_l89_sr_LANDSAT_8_20220901T061823Z.tif,emi20220901t034318p03002-A_l89_sr_LANDSAT_8_20220901T061823Z.tif
emi20220901t034318p03002-B,/mnt/engg-leung/Research_No9_Methane_Emissions/Yuyao/raw_data_dir_L89_L2SR_by_gee/emi20220901t034318p03002-B_l89_sr_LANDSAT_8_20220901T061823Z.tif,emi20220901t034318p03002-B_l89_sr_LANDSAT_8_20220901T061823Z.tif
emi20220901t034318p03002-C,/mnt/engg-leung/Research_No9_Methane_Emissions/Yuyao/raw_data_dir_L89_L2SR_by_gee/emi20220901t034318p03002-C_l89_sr_LANDSAT_8_20220901T061823Z.tif,emi20220901t034318p03002-C_l89_sr_LANDSAT_8_20220901T061823Z.tif
emi20220901t034318p03002-D,/mnt/engg-leung/Research_No9_Methane_Emissions/Yuyao/raw_data_dir_L89_L2SR_by_gee/emi20220901t034318p03002-D_l89_sr_LANDSAT_8_20220901T061823Z.tif,emi20220901t034318p03002-D_l89_sr_LANDSAT_8_20220901T061823Z.tif
emi20220901t034318p03002-E,/mnt/engg-leung/Research_No9_Methane_Emissions/Yuyao/raw_data_dir_L89_L2SR_by_gee/emi20220901t034318p03002-E_l89_sr_LANDSAT_8_20220901T061823Z.tif,emi20220901t034318p03002-E_l89_sr_LANDSAT_8_20220901T061823Z.tif
emi20220901t034318p03002-F,/mnt/engg-leung/Research_No9_Methane_Emissions/Yuyao/raw_data_dir_L89_L2SR_by_gee/emi20220901t034318p03002-F_l89_sr_LANDSAT_8_20220901T061823Z.tif,emi20220901t034318p03002-F_l89_sr_LANDSAT_8_20220901T061823Z.tif
emi20220901t034318p03002-G,/mnt/engg-leung/Research_No9_Methane_Emissions/Yuyao/raw_data_dir_L89_L2SR_by_gee/emi20220901t034318p03002-G_l89_sr_LANDSAT_8_20220901T061823Z.tif,emi20220901t034318p03002-G_l89_sr_LANDSAT_8_20220901T061823Z.tif
emi20220901t034318p03002-H,/mnt/engg-leung/Research_No9_Methane_Emissions/Yuyao/raw_data_dir_L89_L2SR_by_gee/emi20220901t034318p03002-H_l89_sr_LANDSAT_8_20220901T061823Z.tif,emi20220901t034318p03002-H_l89_sr_LANDSAT_8_20220901T061823Z.tif
emi20220901t034318p03002-I,/mnt/engg-leung/Research_No9_Methane_Emissions/Yuyao/raw_data_dir_L89_L2SR_by_gee/emi20220901t034318p03002-I_l89_sr_LANDSAT_8_20220901T061823Z.tif,emi20220901t034318p03002-I_l89_sr_LANDSAT_8_20220901T061823Z.tif
emi20220901t034318p03002-J,/mnt/engg-leung/Research_No9_Methane_Emissions/Yuyao/raw_data_dir_L89_L2SR_by_gee/emi20220901t034318p03002-J_l89_sr_LANDSAT_8_20220901T061823Z.tif,emi20220901t034318p03002-J_l89_sr_LANDSAT_8_20220901T061823Z.tif
emi20220901t034318p03002-K,/mnt/engg-leung/Research_No9_Methane_Emissions/Yuyao/raw_data_dir_L89_L2SR_by_gee/emi20220901t034318p03002-K_l89_sr_LANDSAT_8_20220901T061823Z.tif,emi20220901t034318p03002-K_l89_sr_LANDSAT_8_20220901T061823Z.tif
emi20220901t034318p03002-M,/mnt/engg-leung/Research_No9_Methane_Emissions/Yuyao/raw_data_dir_L89_L2SR_by_gee/emi20220901t034318p03002-M_l89_sr_LANDSAT_8_20220901T061823Z.tif,emi20220901t034318p03002-M_l89_sr_LANDSAT_8_20220901T061823Z.tif
emi20230125t004744p16006-A,/mnt/engg-leung/Research_No9_Methane_Emissions/Yuyao/raw_data_dir_L89_L2SR_by_gee/emi20230125t004744p16006-A_l89_sr_LANDSAT_9_20230125T234342Z.tif,emi20230125t004744p16006-A_l89_sr_LANDSAT_9_20230125T234342Z.tif
emi20230125t004744p16006-C,/mnt/engg-leung/Research_No9_Methane_Emissions/Yuyao/raw_data_dir_L89_L2SR_by_gee/emi20230125t004744p16006-C_l89_sr_LANDSAT_9_20230125T234406Z.tif,emi20230125t004744p16006-C_l89_sr_LANDSAT_9_20230125T234406Z.tif
emi20230129t130333p08047-A,/mnt/engg-leung/Research_No9_Methane_Emissions/Yuyao/raw_data_dir_L89_L2SR_by_gee/emi20230129t130333p08047-A_l89_sr_LANDSAT_8_20230129T141706Z.tif,emi20230129t130333p08047-A_l89_sr_LANDSAT_8_20230129T141706Z.tif
emi20230203t062256p05002-A,/mnt/engg-leung/Research_No9_Methane_Emissions/Yuyao/raw_data_dir_L89_L2SR_by_gee/emi20230203t062256p05002-A_l89_sr_LANDSAT_9_20230204T055625Z.tif,emi20230203t062256p05002-A_l89_sr_LANDSAT_9_20230204T055625Z.tif
emi20230204t040649p03007-A,/mnt/engg-leung/Research_No9_Methane_Emissions/Yuyao/raw_data_dir_L89_L2SR_by_gee/emi20230204t040649p03007-A_l89_sr_LANDSAT_9_20230205T031908Z.tif,emi20230204t040649p03007-A_l89_sr_LANDSAT_9_20230205T031908Z.tif
emi20230204t040649p03007-D,/mnt/engg-leung/Research_No9_Methane_Emissions/Yuyao/raw_data_dir_L89_L2SR_by_gee/emi20230204t040649p03007-D_l89_sr_LANDSAT_9_20230205T031908Z.tif,emi20230204t040649p03007-D_l89_sr_LANDSAT_9_20230205T031908Z.tif
emi20230204t041009p03016-A,/mnt/engg-leung/Research_No9_Methane_Emissions/Yuyao/raw_data_dir_L89_L2SR_by_gee/emi20230204t041009p03016-A_l89_sr_LANDSAT_8_20230205T022734Z.tif,emi20230204t041009p03016-A_l89_sr_LANDSAT_8_20230205T022734Z.tif
emi20230205t171406p12013-A,/mnt/engg-leung/Research_No9_Methane_Emissions/Yuyao/raw_data_dir_L89_L2SR_by_gee/emi20230205t171406p12013-A_l89_sr_LANDSAT_8_20230205T172019Z.tif,emi20230205t171406p12013-A_l89_sr_LANDSAT_8_20230205T172019Z.tif
emi20230206t053232p04015-A,/mnt/engg-leung/Research_No9_Methane_Emissions/Yuyao/raw_data_dir_L89_L2SR_by_gee/emi20230206t053232p04015-A_l89_sr_LANDSAT_8_20230206T063458Z.tif,emi20230206t053232p04015-A_l89_sr_LANDSAT_8_20230206T063458Z.tif
emi20230214t103457p07034-B,/mnt/engg-leung/Research_No9_Methane_Emissions/Yuyao/raw_data_dir_L89_L2SR_by_gee/emi20230214t103457p07034-B_l89_sr_LANDSAT_9_20230215T053838Z.tif,emi20230214t103457p07034-B_l89_sr_LANDSAT_9_20230215T053838Z.tif
emi20230215t094642p06018-C,/mnt/engg-leung/Research_No9_Methane_Emissions/Yuyao/raw_data_dir_L89_L2SR_by_gee/emi20230215t094642p06018-C_l89_sr_LANDSAT_8_20230216T053127Z.tif,emi20230215t094642p06018-C_l89_sr_LANDSAT_8_20230216T053127Z.tif
emi20230216t212501p14027-A,/mnt/engg-leung/Research_No9_Methane_Emissions/Yuyao/raw_data_dir_L89_L2SR_by_gee/emi20230216t212501p14027-A_l89_sr_LANDSAT_9_20230217T170025Z.tif,emi20230216t212501p14027-A_l89_sr_LANDSAT_9_20230217T170025Z.tif
emi20230221t045604p03014-A,/mnt/engg-leung/Research_No9_Methane_Emissions/Yuyao/raw_data_dir_L89_L2SR_by_gee/emi20230221t045604p03014-A_l89_sr_LANDSAT_9_20230221T045615Z.tif,emi20230221t045604p03014-A_l89_sr_LANDSAT_9_20230221T045615Z.tif
emi20230221t093954p06016-A,/mnt/engg-leung/Research_No9_Methane_Emissions/Yuyao/raw_data_dir_L89_L2SR_by_gee/emi20230221t093954p06016-A_l89_sr_LANDSAT_8_20230222T081113Z.tif,emi20230221t093954p06016-A_l89_sr_LANDSAT_8_20230222T081113Z.tif
emi20230224t121654p08045-A,/mnt/engg-leung/Research_No9_Methane_Emissions/Yuyao/raw_data_dir_L89_L2SR_by_gee/emi20230224t121654p08045-A_l89_sr_LANDSAT_9_20230225T080758Z.tif,emi20230224t121654p08045-A_l89_sr_LANDSAT_9_20230225T080758Z.tif
emi20230224t181417p12035-B,/mnt/engg-leung/Research_No9_Methane_Emissions/Yuyao/raw_data_dir_L89_L2SR_by_gee/emi20230224t181417p12035-B_l89_sr_LANDSAT_8_20230225T170003Z.tif,emi20230224t181417p12035-B_l89_sr_LANDSAT_8_20230225T170003Z.tif
emi20230224t181417p12035-D,/mnt/engg-leung/Research_No9_Methane_Emissions/Yuyao/raw_data_dir_L89_L2SR_by_gee/emi20230224t181417p12035-D_l89_sr_LANDSAT_8_20230225T170003Z.tif,emi20230224t181417p12035-D_l89_sr_LANDSAT_8_20230225T170003Z.tif
emi20230224t181429p12036-A,/mnt/engg-leung/Research_No9_Methane_Emissions/Yuyao/raw_data_dir_L89_L2SR_by_gee/emi20230224t181429p12036-A_l89_sr_LANDSAT_8_20230225T170003Z.tif,emi20230224t181429p12036-A_l89_sr_LANDSAT_8_20230225T170003Z.tif
emi20230224t181429p12036-B,/mnt/engg-leung/Research_No9_Methane_Emissions/Yuyao/raw_data_dir_L89_L2SR_by_gee/emi20230224t181429p12036-B_l89_sr_LANDSAT_8_20230225T170003Z.tif,emi20230224t181429p12036-B_l89_sr_LANDSAT_8_20230225T170003Z.tif
emi20230224t181429p12036-C,/mnt/engg-leung/Research_No9_Methane_Emissions/Yuyao/raw_data_dir_L89_L2SR_by_gee/emi20230224t181429p12036-C_l89_sr_LANDSAT_8_20230225T170003Z.tif,emi20230224t181429p12036-C_l89_sr_LANDSAT_8_20230225T170003Z.tif
emi20230224t181429p12036-D,/mnt/engg-leung/Research_No9_Methane_Emissions/Yuyao/raw_data_dir_L89_L2SR_by_gee/emi20230224t181429p12036-D_l89_sr_LANDSAT_8_20230225T170003Z.tif,emi20230224t181429p12036-D_l89_sr_LANDSAT_8_20230225T170003Z.tif
emi20230224t181441p12037-A,/mnt/engg-leung/Research_No9_Methane_Emissions/Yuyao/raw_data_dir_L89_L2SR_by_gee/emi20230224t181441p12037-A_l89_sr_LANDSAT_8_20230225T170003Z.tif,emi20230224t181441p12037-A_l89_sr_LANDSAT_8_20230225T170003Z.tif
emi20230225t050619p03020-D,/mnt/engg-leung/Research_No9_Methane_Emissions/Yuyao/raw_data_dir_L89_L2SR_by_gee/emi20230225t050619p03020-D_l89_sr_LANDSAT_9_20230226T034413Z.tif,emi20230225t050619p03020-D_l89_sr_LANDSAT_9_20230226T034413Z.tif
emi20230225t050619p03020-E,/mnt/engg-leung/Research_No9_Methane_Emissions/Yuyao/raw_data_dir_L89_L2SR_by_gee/emi20230225t050619p03020-E_l89_sr_LANDSAT_9_20230226T034413Z.tif,emi20230225t050619p03020-E_l89_sr_LANDSAT_9_20230226T034413Z.tif
emi20230227t063058p04005-A,/mnt/engg-leung/Research_No9_Methane_Emissions/Yuyao/raw_data_dir_L89_L2SR_by_gee/emi20230227t063058p04005-A_l89_sr_LANDSAT_9_20230227T073916Z.tif,emi20230227t063058p04005-A_l89_sr_LANDSAT_9_20230227T073916Z.tif
emi20230227t063110p04006-A,/mnt/engg-leung/Research_No9_Methane_Emissions/Yuyao/raw_data_dir_L89_L2SR_by_gee/emi20230227t063110p04006-A_l89_sr_LANDSAT_9_20230227T073916Z.tif,emi20230227t063110p04006-A_l89_sr_LANDSAT_9_20230227T073916Z.tif
emi20230227t172227p11010-A,/mnt/engg-leung/Research_No9_Methane_Emissions/Yuyao/raw_data_dir_L89_L2SR_by_gee/emi20230227t172227p11010-A_l89_sr_LANDSAT_8_20230227T182300Z.tif,emi20230227t172227p11010-A_l89_sr_LANDSAT_8_20230227T182300Z.tif
emi20230327t120957p08046-A,/mnt/engg-leung/Research_No9_Methane_Emissions/Yuyao/raw_data_dir_L89_L2SR_by_gee/emi20230327t120957p08046-A_l89_sr_LANDSAT_8_20230328T075745Z.tif,emi20230327t120957p08046-A_l89_sr_LANDSAT_8_20230328T075745Z.tif
emi20230327t134208p09041-B,/mnt/engg-leung/Research_No9_Methane_Emissions/Yuyao/raw_data_dir_L89_L2SR_by_gee/emi20230327t134208p09041-B_l89_sr_LANDSAT_8_20230328T093702Z.tif,emi20230327t134208p09041-B_l89_sr_LANDSAT_8_20230328T093702Z.tif
emi20230329t103702p07047-A,/mnt/engg-leung/Research_No9_Methane_Emissions/Yuyao/raw_data_dir_L89_L2SR_by_gee/emi20230329t103702p07047-A_l89_sr_LANDSAT_9_20230330T065517Z.tif,emi20230329t103702p07047-A_l89_sr_LANDSAT_9_20230330T065517Z.tif
emi20230330t111952p08038-B,/mnt/engg-leung/Research_No9_Methane_Emissions/Yuyao/raw_data_dir_L89_L2SR_by_gee/emi20230330t111952p08038-B_l89_sr_LANDSAT_8_20230331T082949Z.tif,emi20230330t111952p08038-B_l89_sr_LANDSAT_8_20230331T082949Z.tif
emi20230330t125250p09037-A,/mnt/engg-leung/Research_No9_Methane_Emissions/Yuyao/raw_data_dir_L89_L2SR_by_gee/emi20230330t125250p09037-A_l89_sr_LANDSAT_8_20230331T100818Z.tif,emi20230330t125250p09037-A_l89_sr_LANDSAT_8_20230331T100818Z.tif
emi20230330t125302p09038-A,/mnt/engg-leung/Research_No9_Methane_Emissions/Yuyao/raw_data_dir_L89_L2SR_by_gee/emi20230330t125302p09038-A_l89_sr_LANDSAT_8_20230331T100818Z.tif,emi20230330t125302p09038-A_l89_sr_LANDSAT_8_20230331T100818Z.tif
emi20230330t125302p09038-B,/mnt/engg-leung/Research_No9_Methane_Emissions/Yuyao/raw_data_dir_L89_L2SR_by_gee/emi20230330t125302p09038-B_l89_sr_LANDSAT_8_20230331T100818Z.tif,emi20230330t125302p09038-B_l89_sr_LANDSAT_8_20230331T100818Z.tif
emi20230330t125302p09038-C,/mnt/engg-leung/Research_No9_Methane_Emissions/Yuyao/raw_data_dir_L89_L2SR_by_gee/emi20230330t125302p09038-C_l89_sr_LANDSAT_8_20230331T100818Z.tif,emi20230330t125302p09038-C_l89_sr_LANDSAT_8_20230331T100818Z.tif
emi20230330t125302p09038-D,/mnt/engg-leung/Research_No9_Methane_Emissions/Yuyao/raw_data_dir_L89_L2SR_by_gee/emi20230330t125302p09038-D_l89_sr_LANDSAT_8_20230331T100818Z.tif,emi20230330t125302p09038-D_l89_sr_LANDSAT_8_20230331T100818Z.tif
emi20230402t103159p07036-A,/mnt/engg-leung/Research_No9_Methane_Emissions/Yuyao/raw_data_dir_L89_L2SR_by_gee/emi20230402t103159p07036-A_l89_sr_LANDSAT_8_20230403T090104Z.tif,emi20230402t103159p07036-A_l89_sr_LANDSAT_8_20230403T090104Z.tif
emi20230403t063808p05006-A,/mnt/engg-leung/Research_No9_Methane_Emissions/Yuyao/raw_data_dir_L89_L2SR_by_gee/emi20230403t063808p05006-A_l89_sr_LANDSAT_9_20230404T053808Z.tif,emi20230403t063808p05006-A_l89_sr_LANDSAT_9_20230404T053808Z.tif
emi20230403t081031p06023-A,/mnt/engg-leung/Research_No9_Methane_Emissions/Yuyao/raw_data_dir_L89_L2SR_by_gee/emi20230403t081031p06023-A_l89_sr_LANDSAT_9_20230404T071725Z.tif,emi20230403t081031p06023-A_l89_sr_LANDSAT_9_20230404T071725Z.tif
emi20230404t090019p06047-B,/mnt/engg-leung/Research_No9_Methane_Emissions/Yuyao/raw_data_dir_L89_L2SR_by_gee/emi20230404t090019p06047-B_l89_sr_LANDSAT_9_20230405T075729Z.tif,emi20230404t090019p06047-B_l89_sr_LANDSAT_9_20230405T075729Z.tif
emi20230404t090019p06047-C,/mnt/engg-leung/Research_No9_Methane_Emissions/Yuyao/raw_data_dir_L89_L2SR_by_gee/emi20230404t090019p06047-C_l89_sr_LANDSAT_9_20230405T075729Z.tif,emi20230404t090019p06047-C_l89_sr_LANDSAT_9_20230405T075729Z.tif
emi20230404t090019p06047-D,/mnt/engg-leung/Research_No9_Methane_Emissions/Yuyao/raw_data_dir_L89_L2SR_by_gee/emi20230404t090019p06047-D_l89_sr_LANDSAT_9_20230405T075729Z.tif,emi20230404t090019p06047-D_l89_sr_LANDSAT_9_20230405T075729Z.tif
emi20230404t090031p06048-A,/mnt/engg-leung/Research_No9_Methane_Emissions/Yuyao/raw_data_dir_L89_L2SR_by_gee/emi20230404t090031p06048-A_l89_sr_LANDSAT_9_20230405T075729Z.tif,emi20230404t090031p06048-A_l89_sr_LANDSAT_9_20230405T075729Z.tif
emi20230404t195131p13002-B,/mnt/engg-leung/Research_No9_Methane_Emissions/Yuyao/raw_data_dir_L89_L2SR_by_gee/emi20230404t195131p13002-B_l89_sr_LANDSAT_8_20230405T183935Z.tif,emi20230404t195131p13002-B_l89_sr_LANDSAT_8_20230405T183935Z.tif
emi20230405t190335p13004-A,/mnt/engg-leung/Research_No9_Methane_Emissions/Yuyao/raw_data_dir_L89_L2SR_by_gee/emi20230405t190335p13004-A_l89_sr_LANDSAT_9_20230406T183403Z.tif,emi20230405t190335p13004-A_l89_sr_LANDSAT_9_20230406T183403Z.tif
emi20230405t190335p13004-B,/mnt/engg-leung/Research_No9_Methane_Emissions/Yuyao/raw_data_dir_L89_L2SR_by_gee/emi20230405t190335p13004-B_l89_sr_LANDSAT_9_20230406T183403Z.tif,emi20230405t190335p13004-B_l89_sr_LANDSAT_9_20230406T183403Z.tif
emi20230406t042233p03017-A,/mnt/engg-leung/Research_No9_Methane_Emissions/Yuyao/raw_data_dir_L89_L2SR_by_gee/emi20230406t042233p03017-A_l89_sr_LANDSAT_8_20230407T033626Z.tif,emi20230406t042233p03017-A_l89_sr_LANDSAT_8_20230407T033626Z.tif
emi20230406t181854p12020-A,/mnt/engg-leung/Research_No9_Methane_Emissions/Yuyao/raw_data_dir_L89_L2SR_by_gee/emi20230406t181854p12020-A_l89_sr_LANDSAT_9_20230407T173714Z.tif,emi20230406t181854p12020-A_l89_sr_LANDSAT_9_20230407T173714Z.tif
emi20230406t181906p12021-B,/mnt/engg-leung/Research_No9_Methane_Emissions/Yuyao/raw_data_dir_L89_L2SR_by_gee/emi20230406t181906p12021-B_l89_sr_LANDSAT_9_20230407T173714Z.tif,emi20230406t181906p12021-B_l89_sr_LANDSAT_9_20230407T173714Z.tif
emi20230407t081044p06039-A,/mnt/engg-leung/Research_No9_Methane_Emissions/Yuyao/raw_data_dir_L89_L2SR_by_gee/emi20230407t081044p06039-A_l89_sr_LANDSAT_8_20230407T083528Z.tif,emi20230407t081044p06039-A_l89_sr_LANDSAT_8_20230407T083528Z.tif
emi20230408t103156p07002-A,/mnt/engg-leung/Research_No9_Methane_Emissions/Yuyao/raw_data_dir_L89_L2SR_by_gee/emi20230408t103156p07002-A_l89_sr_LANDSAT_8_20230408T105600Z.tif,emi20230408t103156p07002-A_l89_sr_LANDSAT_8_20230408T105600Z.tif
emi20230418t060625p04019-A,/mnt/engg-leung/Research_No9_Methane_Emissions/Yuyao/raw_data_dir_L89_L2SR_by_gee/emi20230418t060625p04019-A_l89_sr_LANDSAT_9_20230419T031242Z.tif,emi20230418t060625p04019-A_l89_sr_LANDSAT_9_20230419T031242Z.tif
emi20230418t060625p04019-B,/mnt/engg-leung/Research_No9_Methane_Emissions/Yuyao/raw_data_dir_L89_L2SR_by_gee/emi20230418t060625p04019-B_l89_sr_LANDSAT_9_20230419T031242Z.tif,emi20230418t060625p04019-B_l89_sr_LANDSAT_9_20230419T031242Z.tif
emi20230418t060625p04019-C,/mnt/engg-leung/Research_No9_Methane_Emissions/Yuyao/raw_data_dir_L89_L2SR_by_gee/emi20230418t060625p04019-C_l89_sr_LANDSAT_9_20230419T031242Z.tif,emi20230418t060625p04019-C_l89_sr_LANDSAT_9_20230419T031242Z.tif
emi20230418t060625p04019-D,/mnt/engg-leung/Research_No9_Methane_Emissions/Yuyao/raw_data_dir_L89_L2SR_by_gee/emi20230418t060625p04019-D_l89_sr_LANDSAT_9_20230419T031242Z.tif,emi20230418t060625p04019-D_l89_sr_LANDSAT_9_20230419T031242Z.tif
emi20230418t060625p04019-E,/mnt/engg-leung/Research_No9_Methane_Emissions/Yuyao/raw_data_dir_L89_L2SR_by_gee/emi20230418t060625p04019-E_l89_sr_LANDSAT_9_20230419T031242Z.tif,emi20230418t060625p04019-E_l89_sr_LANDSAT_9_20230419T031242Z.tif
emi20230418t060625p04019-F,/mnt/engg-leung/Research_No9_Methane_Emissions/Yuyao/raw_data_dir_L89_L2SR_by_gee/emi20230418t060625p04019-F_l89_sr_LANDSAT_9_20230419T031242Z.tif,emi20230418t060625p04019-F_l89_sr_LANDSAT_9_20230419T031242Z.tif
emi20230418t060625p04019-G,/mnt/engg-leung/Research_No9_Methane_Emissions/Yuyao/raw_data_dir_L89_L2SR_by_gee/emi20230418t060625p04019-G_l89_sr_LANDSAT_9_20230419T031242Z.tif,emi20230418t060625p04019-G_l89_sr_LANDSAT_9_20230419T031242Z.tif
emi20230418t091152p06020-A,/mnt/engg-leung/Research_No9_Methane_Emissions/Yuyao/raw_data_dir_L89_L2SR_by_gee/emi20230418t091152p06020-A_l89_sr_LANDSAT_9_20230419T063004Z.tif,emi20230418t091152p06020-A_l89_sr_LANDSAT_9_20230419T063004Z.tif
emi20230423t112832p08014-A,/mnt/engg-leung/Research_No9_Methane_Emissions/Yuyao/raw_data_dir_L89_L2SR_by_gee/emi20230423t112832p08014-A_l89_sr_LANDSAT_9_20230424T100757Z.tif,emi20230423t112832p08014-A_l89_sr_LANDSAT_9_20230424T100757Z.tif
emi20230424t164949p11003-D,/mnt/engg-leung/Research_No9_Methane_Emissions/Yuyao/raw_data_dir_L89_L2SR_by_gee/emi20230424t164949p11003-D_l89_sr_LANDSAT_8_20230425T163548Z.tif,emi20230424t164949p11003-D_l89_sr_LANDSAT_8_20230425T163548Z.tif
emi20230424t182533p12027-A,/mnt/engg-leung/Research_No9_Methane_Emissions/Yuyao/raw_data_dir_L89_L2SR_by_gee/emi20230424t182533p12027-A_l89_sr_LANDSAT_9_20230425T172708Z.tif,emi20230424t182533p12027-A_l89_sr_LANDSAT_9_20230425T172708Z.tif
emi20230424t182545p12028-B,/mnt/engg-leung/Research_No9_Methane_Emissions/Yuyao/raw_data_dir_L89_L2SR_by_gee/emi20230424t182545p12028-B_l89_sr_LANDSAT_9_20230425T172708Z.tif,emi20230424t182545p12028-B_l89_sr_LANDSAT_9_20230425T172708Z.tif
emi20230424t182545p12028-F,/mnt/engg-leung/Research_No9_Methane_Emissions/Yuyao/raw_data_dir_L89_L2SR_by_gee/emi20230424t182545p12028-F_l89_sr_LANDSAT_9_20230425T172708Z.tif,emi20230424t182545p12028-F_l89_sr_LANDSAT_9_20230425T172708Z.tif
emi20230424t182545p12028-G,/mnt/engg-leung/Research_No9_Methane_Emissions/Yuyao/raw_data_dir_L89_L2SR_by_gee/emi20230424t182545p12028-G_l89_sr_LANDSAT_9_20230425T172708Z.tif,emi20230424t182545p12028-G_l89_sr_LANDSAT_9_20230425T172708Z.tif
emi20230425t095431p07011-A,/mnt/engg-leung/Research_No9_Methane_Emissions/Yuyao/raw_data_dir_L89_L2SR_by_gee/emi20230425t095431p07011-A_l89_sr_LANDSAT_8_20230426T090638Z.tif,emi20230425t095431p07011-A_l89_sr_LANDSAT_8_20230426T090638Z.tif
emi20230426t025157p02010-B,/mnt/engg-leung/Research_No9_Methane_Emissions/Yuyao/raw_data_dir_L89_L2SR_by_gee/emi20230426t025157p02010-B_l89_sr_LANDSAT_9_20230426T031826Z.tif,emi20230426t025157p02010-B_l89_sr_LANDSAT_9_20230426T031826Z.tif
emi20230426t055703p04008-A,/mnt/engg-leung/Research_No9_Methane_Emissions/Yuyao/raw_data_dir_L89_L2SR_by_gee/emi20230426t055703p04008-A_l89_sr_LANDSAT_9_20230426T063548Z.tif,emi20230426t055703p04008-A_l89_sr_LANDSAT_9_20230426T063548Z.tif
emi20230426t055703p04008-B,/mnt/engg-leung/Research_No9_Methane_Emissions/Yuyao/raw_data_dir_L89_L2SR_by_gee/emi20230426t055703p04008-B_l89_sr_LANDSAT_9_20230426T063548Z.tif,emi20230426t055703p04008-B_l89_sr_LANDSAT_9_20230426T063548Z.tif
emi20230426t055703p04008-C,/mnt/engg-leung/Research_No9_Methane_Emissions/Yuyao/raw_data_dir_L89_L2SR_by_gee/emi20230426t055703p04008-C_l89_sr_LANDSAT_9_20230426T063548Z.tif,emi20230426t055703p04008-C_l89_sr_LANDSAT_9_20230426T063548Z.tif
emi20230428t073006p05004-A,/mnt/engg-leung/Research_No9_Methane_Emissions/Yuyao/raw_data_dir_L89_L2SR_by_gee/emi20230428t073006p05004-A_l89_sr_LANDSAT_9_20230428T080417Z.tif,emi20230428t073006p05004-A_l89_sr_LANDSAT_9_20230428T080417Z.tif
emi20230428t090309p06011-A,/mnt/engg-leung/Research_No9_Methane_Emissions/Yuyao/raw_data_dir_L89_L2SR_by_gee/emi20230428t090309p06011-A_l89_sr_LANDSAT_9_20230428T094310Z.tif,emi20230428t090309p06011-A_l89_sr_LANDSAT_9_20230428T094310Z.tif
emi20230429t064453p04024-A,/mnt/engg-leung/Research_No9_Methane_Emissions/Yuyao/raw_data_dir_L89_L2SR_by_gee/emi20230429t064453p04024-A_l89_sr_LANDSAT_9_20230429T071038Z.tif,emi20230429t064453p04024-A_l89_sr_LANDSAT_9_20230429T071038Z.tif
emi20230430t055556p04010-A,/mnt/engg-leung/Research_No9_Methane_Emissions/Yuyao/raw_data_dir_L89_L2SR_by_gee/emi20230430t055556p04010-A_l89_sr_LANDSAT_8_20230430T070300Z.tif,emi20230430t055556p04010-A_l89_sr_LANDSAT_8_20230430T070300Z.tif
emi20230430t055608p04011-A,/mnt/engg-leung/Research_No9_Methane_Emissions/Yuyao/raw_data_dir_L89_L2SR_by_gee/emi20230430t055608p04011-A_l89_sr_LANDSAT_8_20230430T070300Z.tif,emi20230430t055608p04011-A_l89_sr_LANDSAT_8_20230430T070300Z.tif
emi20230505t004444p16007-A,/mnt/engg-leung/Research_No9_Methane_Emissions/Yuyao/raw_data_dir_L89_L2SR_by_gee/emi20230505t004444p16007-A_l89_sr_LANDSAT_8_20230506T000503Z.tif,emi20230505t004444p16007-A_l89_sr_LANDSAT_8_20230506T000503Z.tif
emi20230505t004444p16007-B,/mnt/engg-leung/Research_No9_Methane_Emissions/Yuyao/raw_data_dir_L89_L2SR_by_gee/emi20230505t004444p16007-B_l89_sr_LANDSAT_8_20230506T000503Z.tif,emi20230505t004444p16007-B_l89_sr_LANDSAT_8_20230506T000503Z.tif
emi20230527t133235p09034-A,/mnt/engg-leung/Research_No9_Methane_Emissions/Yuyao/raw_data_dir_L89_L2SR_by_gee/emi20230527t133235p09034-A_l89_sr_LANDSAT_9_20230528T095626Z.tif,emi20230527t133235p09034-A_l89_sr_LANDSAT_9_20230528T095626Z.tif
emi20230527t133235p09034-B,/mnt/engg-leung/Research_No9_Methane_Emissions/Yuyao/raw_data_dir_L89_L2SR_by_gee/emi20230527t133235p09034-B_l89_sr_LANDSAT_9_20230528T095626Z.tif,emi20230527t133235p09034-B_l89_sr_LANDSAT_9_20230528T095626Z.tif
emi20230531t102439p07050-A,/mnt/engg-leung/Research_No9_Methane_Emissions/Yuyao/raw_data_dir_L89_L2SR_by_gee/emi20230531t102439p07050-A_l89_sr_LANDSAT_9_20230601T075050Z.tif,emi20230531t102439p07050-A_l89_sr_LANDSAT_9_20230601T075050Z.tif
emi20230531t102439p07050-B,/mnt/engg-leung/Research_No9_Methane_Emissions/Yuyao/raw_data_dir_L89_L2SR_by_gee/emi20230531t102439p07050-B_l89_sr_LANDSAT_9_20230601T075114Z.tif,emi20230531t102439p07050-B_l89_sr_LANDSAT_9_20230601T075114Z.tif
emi20230531t102439p07050-C,/mnt/engg-leung/Research_No9_Methane_Emissions/Yuyao/raw_data_dir_L89_L2SR_by_gee/emi20230531t102439p07050-C_l89_sr_LANDSAT_9_20230601T075050Z.tif,emi20230531t102439p07050-C_l89_sr_LANDSAT_9_20230601T075050Z.tif
emi20230531t102439p07050-D,/mnt/engg-leung/Research_No9_Methane_Emissions/Yuyao/raw_data_dir_L89_L2SR_by_gee/emi20230531t102439p07050-D_l89_sr_LANDSAT_9_20230601T075050Z.tif,emi20230531t102439p07050-D_l89_sr_LANDSAT_9_20230601T075050Z.tif
emi20230607t062333p04033-L,/mnt/engg-leung/Research_No9_Methane_Emissions/Yuyao/raw_data_dir_L89_L2SR_by_gee/emi20230607t062333p04033-L_l89_sr_LANDSAT_8_20230607T062413Z.tif,emi20230607t062333p04033-L_l89_sr_LANDSAT_8_20230607T062413Z.tif
emi20230607t062333p04033-M,/mnt/engg-leung/Research_No9_Methane_Emissions/Yuyao/raw_data_dir_L89_L2SR_by_gee/emi20230607t062333p04033-M_l89_sr_LANDSAT_8_20230607T062413Z.tif,emi20230607t062333p04033-M_l89_sr_LANDSAT_8_20230607T062413Z.tif
emi20230607t062420p04037-A,/mnt/engg-leung/Research_No9_Methane_Emissions/Yuyao/raw_data_dir_L89_L2SR_by_gee/emi20230607t062420p04037-A_l89_sr_LANDSAT_9_20230608T061717Z.tif,emi20230607t062420p04037-A_l89_sr_LANDSAT_9_20230608T061717Z.tif
emi20230607t062420p04037-B,/mnt/engg-leung/Research_No9_Methane_Emissions/Yuyao/raw_data_dir_L89_L2SR_by_gee/emi20230607t062420p04037-B_l89_sr_LANDSAT_9_20230608T061717Z.tif,emi20230607t062420p04037-B_l89_sr_LANDSAT_9_20230608T061717Z.tif
emi20230607t062420p04037-C,/mnt/engg-leung/Research_No9_Methane_Emissions/Yuyao/raw_data_dir_L89_L2SR_by_gee/emi20230607t062420p04037-C_l89_sr_LANDSAT_9_20230608T061717Z.tif,emi20230607t062420p04037-C_l89_sr_LANDSAT_9_20230608T061717Z.tif
emi20230607t062420p04037-D,/mnt/engg-leung/Research_No9_Methane_Emissions/Yuyao/raw_data_dir_L89_L2SR_by_gee/emi20230607t062420p04037-D_l89_sr_LANDSAT_9_20230608T061717Z.tif,emi20230607t062420p04037-D_l89_sr_LANDSAT_9_20230608T061717Z.tif
emi20230607t062432p04038-A,/mnt/engg-leung/Research_No9_Methane_Emissions/Yuyao/raw_data_dir_L89_L2SR_by_gee/emi20230607t062432p04038-A_l89_sr_LANDSAT_9_20230608T061717Z.tif,emi20230607t062432p04038-A_l89_sr_LANDSAT_9_20230608T061717Z.tif
emi20230607t062432p04038-B,/mnt/engg-leung/Research_No9_Methane_Emissions/Yuyao/raw_data_dir_L89_L2SR_by_gee/emi20230607t062432p04038-B_l89_sr_LANDSAT_9_20230608T061717Z.tif,emi20230607t062432p04038-B_l89_sr_LANDSAT_9_20230608T061717Z.tif
emi20230613t111348p07023-A,/mnt/engg-leung/Research_No9_Methane_Emissions/Yuyao/raw_data_dir_L89_L2SR_by_gee/emi20230613t111348p07023-A_l89_sr_LANDSAT_8_20230614T063004Z.tif,emi20230613t111348p07023-A_l89_sr_LANDSAT_8_20230614T063004Z.tif
emi20230613t111348p07023-B,/mnt/engg-leung/Research_No9_Methane_Emissions/Yuyao/raw_data_dir_L89_L2SR_by_gee/emi20230613t111348p07023-B_l89_sr_LANDSAT_8_20230614T063004Z.tif,emi20230613t111348p07023-B_l89_sr_LANDSAT_8_20230614T063004Z.tif
emi20230613t111348p07023-C,/mnt/engg-leung/Research_No9_Methane_Emissions/Yuyao/raw_data_dir_L89_L2SR_by_gee/emi20230613t111348p07023-C_l89_sr_LANDSAT_8_20230614T063004Z.tif,emi20230613t111348p07023-C_l89_sr_LANDSAT_8_20230614T063004Z.tif
emi20230613t111348p07023-D,/mnt/engg-leung/Research_No9_Methane_Emissions/Yuyao/raw_data_dir_L89_L2SR_by_gee/emi20230613t111348p07023-D_l89_sr_LANDSAT_8_20230614T063028Z.tif,emi20230613t111348p07023-D_l89_sr_LANDSAT_8_20230614T063028Z.tif
emi20230613t111348p07023-E,/mnt/engg-leung/Research_No9_Methane_Emissions/Yuyao/raw_data_dir_L89_L2SR_by_gee/emi20230613t111348p07023-E_l89_sr_LANDSAT_8_20230614T063028Z.tif,emi20230613t111348p07023-E_l89_sr_LANDSAT_8_20230614T063028Z.tif
emi20230613t111348p07023-F,/mnt/engg-leung/Research_No9_Methane_Emissions/Yuyao/raw_data_dir_L89_L2SR_by_gee/emi20230613t111348p07023-F_l89_sr_LANDSAT_8_20230614T063028Z.tif,emi20230613t111348p07023-F_l89_sr_LANDSAT_8_20230614T063028Z.tif
emi20230613t111348p07023-G,/mnt/engg-leung/Research_No9_Methane_Emissions/Yuyao/raw_data_dir_L89_L2SR_by_gee/emi20230613t111348p07023-G_l89_sr_LANDSAT_8_20230614T063004Z.tif,emi20230613t111348p07023-G_l89_sr_LANDSAT_8_20230614T063004Z.tif
emi20230613t111348p07023-H,/mnt/engg-leung/Research_No9_Methane_Emissions/Yuyao/raw_data_dir_L89_L2SR_by_gee/emi20230613t111348p07023-H_l89_sr_LANDSAT_8_20230614T063028Z.tif,emi20230613t111348p07023-H_l89_sr_LANDSAT_8_20230614T063028Z.tif
emi20230613t111348p07023-I,/mnt/engg-leung/Research_No9_Methane_Emissions/Yuyao/raw_data_dir_L89_L2SR_by_gee/emi20230613t111348p07023-I_l89_sr_LANDSAT_8_20230614T063028Z.tif,emi20230613t111348p07023-I_l89_sr_LANDSAT_8_20230614T063028Z.tif
emi20230614t102439p07027-A,/mnt/engg-leung/Research_No9_Methane_Emissions/Yuyao/raw_data_dir_L89_L2SR_by_gee/emi20230614t102439p07027-A_l89_sr_LANDSAT_9_20230615T062321Z.tif,emi20230614t102439p07027-A_l89_sr_LANDSAT_9_20230615T062321Z.tif
emi20230614t102451p07028-A,/mnt/engg-leung/Research_No9_Methane_Emissions/Yuyao/raw_data_dir_L89_L2SR_by_gee/emi20230614t102451p07028-A_l89_sr_LANDSAT_9_20230615T062321Z.tif,emi20230614t102451p07028-A_l89_sr_LANDSAT_9_20230615T062321Z.tif
emi20230614t102451p07028-B,/mnt/engg-leung/Research_No9_Methane_Emissions/Yuyao/raw_data_dir_L89_L2SR_by_gee/emi20230614t102451p07028-B_l89_sr_LANDSAT_9_20230615T062321Z.tif,emi20230614t102451p07028-B_l89_sr_LANDSAT_9_20230615T062321Z.tif
emi20230614t102451p07028-C,/mnt/engg-leung/Research_No9_Methane_Emissions/Yuyao/raw_data_dir_L89_L2SR_by_gee/emi20230614t102451p07028-C_l89_sr_LANDSAT_9_20230615T062321Z.tif,emi20230614t102451p07028-C_l89_sr_LANDSAT_9_20230615T062321Z.tif
emi20230620t193644p13023-A,/mnt/engg-leung/Research_No9_Methane_Emissions/Yuyao/raw_data_dir_L89_L2SR_by_gee/emi20230620t193644p13023-A_l89_sr_LANDSAT_9_20230621T172004Z.tif,emi20230620t193644p13023-A_l89_sr_LANDSAT_9_20230621T172004Z.tif
emi20230620t193644p13023-C,/mnt/engg-leung/Research_No9_Methane_Emissions/Yuyao/raw_data_dir_L89_L2SR_by_gee/emi20230620t193644p13023-C_l89_sr_LANDSAT_9_20230621T172004Z.tif,emi20230620t193644p13023-C_l89_sr_LANDSAT_9_20230621T172004Z.tif
emi20230620t193656p13024-E,/mnt/engg-leung/Research_No9_Methane_Emissions/Yuyao/raw_data_dir_L89_L2SR_by_gee/emi20230620t193656p13024-E_l89_sr_LANDSAT_9_20230621T172004Z.tif,emi20230620t193656p13024-E_l89_sr_LANDSAT_9_20230621T172004Z.tif
emi20230621t075449p05012-A,/mnt/engg-leung/Research_No9_Methane_Emissions/Yuyao/raw_data_dir_L89_L2SR_by_gee/emi20230621t075449p05012-A_l89_sr_LANDSAT_8_20230622T071756Z.tif,emi20230621t075449p05012-A_l89_sr_LANDSAT_8_20230622T071756Z.tif
emi20230621t075449p05012-B,/mnt/engg-leung/Research_No9_Methane_Emissions/Yuyao/raw_data_dir_L89_L2SR_by_gee/emi20230621t075449p05012-B_l89_sr_LANDSAT_8_20230622T071756Z.tif,emi20230621t075449p05012-B_l89_sr_LANDSAT_8_20230622T071756Z.tif
emi20230622t070832p05021-A,/mnt/engg-leung/Research_No9_Methane_Emissions/Yuyao/raw_data_dir_L89_L2SR_by_gee/emi20230622t070832p05021-A_l89_sr_LANDSAT_8_20230623T062307Z.tif,emi20230622t070832p05021-A_l89_sr_LANDSAT_8_20230623T062307Z.tif
emi20230622t070832p05021-B,/mnt/engg-leung/Research_No9_Methane_Emissions/Yuyao/raw_data_dir_L89_L2SR_by_gee/emi20230622t070832p05021-B_l89_sr_LANDSAT_8_20230623T062307Z.tif,emi20230622t070832p05021-B_l89_sr_LANDSAT_8_20230623T062307Z.tif
emi20230624t052900p04006-A,/mnt/engg-leung/Research_No9_Methane_Emissions/Yuyao/raw_data_dir_L89_L2SR_by_gee/emi20230624t052900p04006-A_l89_sr_LANDSAT_8_20230624T070401Z.tif,emi20230624t052900p04006-A_l89_sr_LANDSAT_8_20230624T070401Z.tif
emi20230624t052900p04006-B,/mnt/engg-leung/Research_No9_Methane_Emissions/Yuyao/raw_data_dir_L89_L2SR_by_gee/emi20230624t052900p04006-B_l89_sr_LANDSAT_8_20230624T070401Z.tif,emi20230624t052900p04006-B_l89_sr_LANDSAT_8_20230624T070401Z.tif
emi20230624t070624p05011-A,/mnt/engg-leung/Research_No9_Methane_Emissions/Yuyao/raw_data_dir_L89_L2SR_by_gee/emi20230624t070624p05011-A_l89_sr_LANDSAT_9_20230625T070026Z.tif,emi20230624t070624p05011-A_l89_sr_LANDSAT_9_20230625T070026Z.tif
emi20230624t070624p05011-B,/mnt/engg-leung/Research_No9_Methane_Emissions/Yuyao/raw_data_dir_L89_L2SR_by_gee/emi20230624t070624p05011-B_l89_sr_LANDSAT_9_20230625T070026Z.tif,emi20230624t070624p05011-B_l89_sr_LANDSAT_9_20230625T070026Z.tif
emi20230626t084004p06007-A,/mnt/engg-leung/Research_No9_Methane_Emissions/Yuyao/raw_data_dir_L89_L2SR_by_gee/emi20230626t084004p06007-A_l89_sr_LANDSAT_9_20230627T082924Z.tif,emi20230626t084004p06007-A_l89_sr_LANDSAT_9_20230627T082924Z.tif
emi20230626t101232p07010-A,/mnt/engg-leung/Research_No9_Methane_Emissions/Yuyao/raw_data_dir_L89_L2SR_by_gee/emi20230626t101232p07010-A_l89_sr_LANDSAT_9_20230627T100753Z.tif,emi20230626t101232p07010-A_l89_sr_LANDSAT_9_20230627T100753Z.tif
emi20230626t101232p07010-B,/mnt/engg-leung/Research_No9_Methane_Emissions/Yuyao/raw_data_dir_L89_L2SR_by_gee/emi20230626t101232p07010-B_l89_sr_LANDSAT_9_20230627T100753Z.tif,emi20230626t101232p07010-B_l89_sr_LANDSAT_9_20230627T100753Z.tif
emi20230626t101232p07010-C,/mnt/engg-leung/Research_No9_Methane_Emissions/Yuyao/raw_data_dir_L89_L2SR_by_gee/emi20230626t101232p07010-C_l89_sr_LANDSAT_9_20230627T100753Z.tif,emi20230626t101232p07010-C_l89_sr_LANDSAT_9_20230627T100753Z.tif
emi20230626t101232p07010-D,/mnt/engg-leung/Research_No9_Methane_Emissions/Yuyao/raw_data_dir_L89_L2SR_by_gee/emi20230626t101232p07010-D_l89_sr_LANDSAT_9_20230627T100753Z.tif,emi20230626t101232p07010-D_l89_sr_LANDSAT_9_20230627T100753Z.tif
emi20230626t101232p07010-E,/mnt/engg-leung/Research_No9_Methane_Emissions/Yuyao/raw_data_dir_L89_L2SR_by_gee/emi20230626t101232p07010-E_l89_sr_LANDSAT_9_20230627T100753Z.tif,emi20230626t101232p07010-E_l89_sr_LANDSAT_9_20230627T100753Z.tif
emi20230627t044231p03012-A,/mnt/engg-leung/Research_No9_Methane_Emissions/Yuyao/raw_data_dir_L89_L2SR_by_gee/emi20230627t044231p03012-A_l89_sr_LANDSAT_8_20230627T055804Z.tif,emi20230627t044231p03012-A_l89_sr_LANDSAT_8_20230627T055804Z.tif
emi20230627t170859p11025-A,/mnt/engg-leung/Research_No9_Methane_Emissions/Yuyao/raw_data_dir_L89_L2SR_by_gee/emi20230627t170859p11025-A_l89_sr_LANDSAT_8_20230627T173303Z.tif,emi20230627t170859p11025-A_l89_sr_LANDSAT_8_20230627T173303Z.tif
emi20230628t053236p04026-B,/mnt/engg-leung/Research_No9_Methane_Emissions/Yuyao/raw_data_dir_L89_L2SR_by_gee/emi20230628t053236p04026-B_l89_sr_LANDSAT_9_20230628T055519Z.tif,emi20230628t053236p04026-B_l89_sr_LANDSAT_9_20230628T055519Z.tif
emi20230629t013453p01005-B,/mnt/engg-leung/Research_No9_Methane_Emissions/Yuyao/raw_data_dir_L89_L2SR_by_gee/emi20230629t013453p01005-B_l89_sr_LANDSAT_9_20230629T031803Z.tif,emi20230629t013453p01005-B_l89_sr_LANDSAT_9_20230629T031803Z.tif
emi20230629t013453p01005-C,/mnt/engg-leung/Research_No9_Methane_Emissions/Yuyao/raw_data_dir_L89_L2SR_by_gee/emi20230629t013453p01005-C_l89_sr_LANDSAT_9_20230629T031803Z.tif,emi20230629t013453p01005-C_l89_sr_LANDSAT_9_20230629T031803Z.tif
emi20230629t044014p03003-A,/mnt/engg-leung/Research_No9_Methane_Emissions/Yuyao/raw_data_dir_L89_L2SR_by_gee/emi20230629t044014p03003-A_l89_sr_LANDSAT_9_20230629T063526Z.tif,emi20230629t044014p03003-A_l89_sr_LANDSAT_9_20230629T063526Z.tif
emi20230629t092044p06007-A,/mnt/engg-leung/Research_No9_Methane_Emissions/Yuyao/raw_data_dir_L89_L2SR_by_gee/emi20230629t092044p06007-A_l89_sr_LANDSAT_8_20230629T104423Z.tif,emi20230629t092044p06007-A_l89_sr_LANDSAT_8_20230629T104423Z.tif
emi20230629t092056p06008-A,/mnt/engg-leung/Research_No9_Methane_Emissions/Yuyao/raw_data_dir_L89_L2SR_by_gee/emi20230629t092056p06008-A_l89_sr_LANDSAT_8_20230629T104423Z.tif,emi20230629t092056p06008-A_l89_sr_LANDSAT_8_20230629T104423Z.tif
emi20230630t161728p11004-C,/mnt/engg-leung/Research_No9_Methane_Emissions/Yuyao/raw_data_dir_L89_L2SR_by_gee/emi20230630t161728p11004-C_l89_sr_LANDSAT_8_20230630T180336Z.tif,emi20230630t161728p11004-C_l89_sr_LANDSAT_8_20230630T180336Z.tif
emi20230702t052741p04004-D,/mnt/engg-leung/Research_No9_Methane_Emissions/Yuyao/raw_data_dir_L89_L2SR_by_gee/emi20230702t052741p04004-D_l89_sr_LANDSAT_9_20230702T071022Z.tif,emi20230702t052741p04004-D_l89_sr_LANDSAT_9_20230702T071022Z.tif
emi20230725t113927p08036-C,/mnt/engg-leung/Research_No9_Methane_Emissions/Yuyao/raw_data_dir_L89_L2SR_by_gee/emi20230725t113927p08036-C_l89_sr_LANDSAT_8_20230726T070928Z.tif,emi20230725t113927p08036-C_l89_sr_LANDSAT_8_20230726T070928Z.tif
emi20230729t131041p09048-A,/mnt/engg-leung/Research_No9_Methane_Emissions/Yuyao/raw_data_dir_L89_L2SR_by_gee/emi20230729t131041p09048-A_l89_sr_LANDSAT_8_20230730T100034Z.tif,emi20230729t131041p09048-A_l89_sr_LANDSAT_8_20230730T100034Z.tif
emi20230730t122521p08044-A,/mnt/engg-leung/Research_No9_Methane_Emissions/Yuyao/raw_data_dir_L89_L2SR_by_gee/emi20230730t122521p08044-A_l89_sr_LANDSAT_8_20230731T090410Z.tif,emi20230730t122521p08044-A_l89_sr_LANDSAT_8_20230731T090410Z.tif
emi20230731t191846p13016-B,/mnt/engg-leung/Research_No9_Methane_Emissions/Yuyao/raw_data_dir_L89_L2SR_by_gee/emi20230731t191846p13016-B_l89_sr_LANDSAT_9_20230801T171440Z.tif,emi20230731t191846p13016-B_l89_sr_LANDSAT_9_20230801T171440Z.tif
emi20230731t191846p13016-F,/mnt/engg-leung/Research_No9_Methane_Emissions/Yuyao/raw_data_dir_L89_L2SR_by_gee/emi20230731t191846p13016-F_l89_sr_LANDSAT_9_20230801T171440Z.tif,emi20230731t191846p13016-F_l89_sr_LANDSAT_9_20230801T171440Z.tif
emi20230818t083652p06024-A,/mnt/engg-leung/Research_No9_Methane_Emissions/Yuyao/raw_data_dir_L89_L2SR_by_gee/emi20230818t083652p06024-A_l89_sr_LANDSAT_8_20230819T061749Z.tif,emi20230818t083652p06024-A_l89_sr_LANDSAT_8_20230819T061749Z.tif
emi20230818t083704p06025-A,/mnt/engg-leung/Research_No9_Methane_Emissions/Yuyao/raw_data_dir_L89_L2SR_by_gee/emi20230818t083704p06025-A_l89_sr_LANDSAT_8_20230819T061749Z.tif,emi20230818t083704p06025-A_l89_sr_LANDSAT_8_20230819T061749Z.tif
emi20230818t083704p06025-B,/mnt/engg-leung/Research_No9_Methane_Emissions/Yuyao/raw_data_dir_L89_L2SR_by_gee/emi20230818t083704p06025-B_l89_sr_LANDSAT_8_20230819T061749Z.tif,emi20230818t083704p06025-B_l89_sr_LANDSAT_8_20230819T061749Z.tif
emi20230818t083704p06025-C,/mnt/engg-leung/Research_No9_Methane_Emissions/Yuyao/raw_data_dir_L89_L2SR_by_gee/emi20230818t083704p06025-C_l89_sr_LANDSAT_8_20230819T061749Z.tif,emi20230818t083704p06025-C_l89_sr_LANDSAT_8_20230819T061749Z.tif
emi20230818t083704p06025-D,/mnt/engg-leung/Research_No9_Methane_Emissions/Yuyao/raw_data_dir_L89_L2SR_by_gee/emi20230818t083704p06025-D_l89_sr_LANDSAT_8_20230819T061749Z.tif,emi20230818t083704p06025-D_l89_sr_LANDSAT_8_20230819T061749Z.tif
emi20230818t083704p06025-E,/mnt/engg-leung/Research_No9_Methane_Emissions/Yuyao/raw_data_dir_L89_L2SR_by_gee/emi20230818t083704p06025-E_l89_sr_LANDSAT_8_20230819T061749Z.tif,emi20230818t083704p06025-E_l89_sr_LANDSAT_8_20230819T061749Z.tif
emi20230818t083704p06025-F,/mnt/engg-leung/Research_No9_Methane_Emissions/Yuyao/raw_data_dir_L89_L2SR_by_gee/emi20230818t083704p06025-F_l89_sr_LANDSAT_8_20230819T061749Z.tif,emi20230818t083704p06025-F_l89_sr_LANDSAT_8_20230819T061749Z.tif
emi20230818t083704p06025-G,/mnt/engg-leung/Research_No9_Methane_Emissions/Yuyao/raw_data_dir_L89_L2SR_by_gee/emi20230818t083704p06025-G_l89_sr_LANDSAT_8_20230819T061749Z.tif,emi20230818t083704p06025-G_l89_sr_LANDSAT_8_20230819T061749Z.tif
emi20230818t083704p06025-H,/mnt/engg-leung/Research_No9_Methane_Emissions/Yuyao/raw_data_dir_L89_L2SR_by_gee/emi20230818t083704p06025-H_l89_sr_LANDSAT_8_20230819T061749Z.tif,emi20230818t083704p06025-H_l89_sr_LANDSAT_8_20230819T061749Z.tif
emi20230818t083704p06025-I,/mnt/engg-leung/Research_No9_Methane_Emissions/Yuyao/raw_data_dir_L89_L2SR_by_gee/emi20230818t083704p06025-I_l89_sr_LANDSAT_8_20230819T061749Z.tif,emi20230818t083704p06025-I_l89_sr_LANDSAT_8_20230819T061749Z.tif
emi20230819t110015p07017-A,/mnt/engg-leung/Research_No9_Methane_Emissions/Yuyao/raw_data_dir_L89_L2SR_by_gee/emi20230819t110015p07017-A_l89_sr_LANDSAT_9_20230820T075333Z.tif,emi20230819t110015p07017-A_l89_sr_LANDSAT_9_20230820T075333Z.tif
emi20230819t122933p08008-A,/mnt/engg-leung/Research_No9_Methane_Emissions/Yuyao/raw_data_dir_L89_L2SR_by_gee/emi20230819t122933p08008-A_l89_sr_LANDSAT_8_20230820T101916Z.tif,emi20230819t122933p08008-A_l89_sr_LANDSAT_8_20230820T101916Z.tif
emi20230820t065830p05006-A,/mnt/engg-leung/Research_No9_Methane_Emissions/Yuyao/raw_data_dir_L89_L2SR_by_gee/emi20230820t065830p05006-A_l89_sr_LANDSAT_8_20230820T065842Z.tif,emi20230820t065830p05006-A_l89_sr_LANDSAT_8_20230820T065842Z.tif
emi20230820t065830p05006-B,/mnt/engg-leung/Research_No9_Methane_Emissions/Yuyao/raw_data_dir_L89_L2SR_by_gee/emi20230820t065830p05006-B_l89_sr_LANDSAT_8_20230820T065842Z.tif,emi20230820t065830p05006-B_l89_sr_LANDSAT_8_20230820T065842Z.tif
emi20230820t065830p05006-C,/mnt/engg-leung/Research_No9_Methane_Emissions/Yuyao/raw_data_dir_L89_L2SR_by_gee/emi20230820t065830p05006-C_l89_sr_LANDSAT_8_20230820T065842Z.tif,emi20230820t065830p05006-C_l89_sr_LANDSAT_8_20230820T065842Z.tif
emi20230820t131723p09001-A,/mnt/engg-leung/Research_No9_Methane_Emissions/Yuyao/raw_data_dir_L89_L2SR_by_gee/emi20230820t131723p09001-A_l89_sr_LANDSAT_8_20230821T110407Z.tif,emi20230820t131723p09001-A_l89_sr_LANDSAT_8_20230821T110407Z.tif
emi20230822t083915p06006-A,/mnt/engg-leung/Research_No9_Methane_Emissions/Yuyao/raw_data_dir_L89_L2SR_by_gee/emi20230822t083915p06006-A_l89_sr_LANDSAT_9_20230823T064537Z.tif,emi20230822t083915p06006-A_l89_sr_LANDSAT_9_20230823T064537Z.tif
emi20230822t114422p08015-A,/mnt/engg-leung/Research_No9_Methane_Emissions/Yuyao/raw_data_dir_L89_L2SR_by_gee/emi20230822t114422p08015-A_l89_sr_LANDSAT_9_20230823T100236Z.tif,emi20230822t114422p08015-A_l89_sr_LANDSAT_9_20230823T100236Z.tif
emi20230822t114422p08015-B,/mnt/engg-leung/Research_No9_Methane_Emissions/Yuyao/raw_data_dir_L89_L2SR_by_gee/emi20230822t114422p08015-B_l89_sr_LANDSAT_9_20230823T100236Z.tif,emi20230822t114422p08015-B_l89_sr_LANDSAT_9_20230823T100236Z.tif
emi20230822t114422p08015-C,/mnt/engg-leung/Research_No9_Methane_Emissions/Yuyao/raw_data_dir_L89_L2SR_by_gee/emi20230822t114422p08015-C_l89_sr_LANDSAT_9_20230823T100236Z.tif,emi20230822t114422p08015-C_l89_sr_LANDSAT_9_20230823T100236Z.tif
emi20230822t114422p08015-D,/mnt/engg-leung/Research_No9_Methane_Emissions/Yuyao/raw_data_dir_L89_L2SR_by_gee/emi20230822t114422p08015-D_l89_sr_LANDSAT_9_20230823T100236Z.tif,emi20230822t114422p08015-D_l89_sr_LANDSAT_9_20230823T100236Z.tif
emi20230822t114434p08016-A,/mnt/engg-leung/Research_No9_Methane_Emissions/Yuyao/raw_data_dir_L89_L2SR_by_gee/emi20230822t114434p08016-A_l89_sr_LANDSAT_9_20230823T100300Z.tif,emi20230822t114434p08016-A_l89_sr_LANDSAT_9_20230823T100300Z.tif
emi20230822t114434p08016-B,/mnt/engg-leung/Research_No9_Methane_Emissions/Yuyao/raw_data_dir_L89_L2SR_by_gee/emi20230822t114434p08016-B_l89_sr_LANDSAT_9_20230823T100300Z.tif,emi20230822t114434p08016-B_l89_sr_LANDSAT_9_20230823T100300Z.tif
emi20230823t091747p06002-B,/mnt/engg-leung/Research_No9_Methane_Emissions/Yuyao/raw_data_dir_L89_L2SR_by_gee/emi20230823t091747p06002-B_l89_sr_LANDSAT_9_20230823T095813Z.tif,emi20230823t091747p06002-B_l89_sr_LANDSAT_9_20230823T095813Z.tif
emi20230823t091747p06002-C,/mnt/engg-leung/Research_No9_Methane_Emissions/Yuyao/raw_data_dir_L89_L2SR_by_gee/emi20230823t091747p06002-C_l89_sr_LANDSAT_9_20230823T095813Z.tif,emi20230823t091747p06002-C_l89_sr_LANDSAT_9_20230823T095813Z.tif
emi20230823t092349p06005-A,/mnt/engg-leung/Research_No9_Methane_Emissions/Yuyao/raw_data_dir_L89_L2SR_by_gee/emi20230823t092349p06005-A_l89_sr_LANDSAT_8_20230824T081716Z.tif,emi20230823t092349p06005-A_l89_sr_LANDSAT_8_20230824T081716Z.tif
emi20230823t092349p06005-C,/mnt/engg-leung/Research_No9_Methane_Emissions/Yuyao/raw_data_dir_L89_L2SR_by_gee/emi20230823t092349p06005-C_l89_sr_LANDSAT_8_20230824T081716Z.tif,emi20230823t092349p06005-C_l89_sr_LANDSAT_8_20230824T081716Z.tif
emi20230825t043906p03004-A,/mnt/engg-leung/Research_No9_Methane_Emissions/Yuyao/raw_data_dir_L89_L2SR_by_gee/emi20230825t043906p03004-A_l89_sr_LANDSAT_8_20230825T053935Z.tif,emi20230825t043906p03004-A_l89_sr_LANDSAT_8_20230825T053935Z.tif
emi20230825t061412p04013-C,/mnt/engg-leung/Research_No9_Methane_Emissions/Yuyao/raw_data_dir_L89_L2SR_by_gee/emi20230825t061412p04013-C_l89_sr_LANDSAT_9_20230825T063006Z.tif,emi20230825t061412p04013-C_l89_sr_LANDSAT_9_20230825T063006Z.tif
emi20230825t075005p05017-B,/mnt/engg-leung/Research_No9_Methane_Emissions/Yuyao/raw_data_dir_L89_L2SR_by_gee/emi20230825t075005p05017-B_l89_sr_LANDSAT_9_20230826T071546Z.tif,emi20230825t075005p05017-B_l89_sr_LANDSAT_9_20230826T071546Z.tif
emi20230901t035204p03014-A,/mnt/engg-leung/Research_No9_Methane_Emissions/Yuyao/raw_data_dir_L89_L2SR_by_gee/emi20230901t035204p03014-A_l89_sr_LANDSAT_8_20230901T054944Z.tif,emi20230901t035204p03014-A_l89_sr_LANDSAT_8_20230901T054944Z.tif
emi20230903t052658p04008-A,/mnt/engg-leung/Research_No9_Methane_Emissions/Yuyao/raw_data_dir_L89_L2SR_by_gee/emi20230903t052658p04008-A_l89_sr_LANDSAT_8_20230903T071950Z.tif,emi20230903t052658p04008-A_l89_sr_LANDSAT_8_20230903T071950Z.tif
emi20230903t084513p06036-A,/mnt/engg-leung/Research_No9_Methane_Emissions/Yuyao/raw_data_dir_L89_L2SR_by_gee/emi20230903t084513p06036-A_l89_sr_LANDSAT_8_20230904T081328Z.tif,emi20230903t084513p06036-A_l89_sr_LANDSAT_8_20230904T081328Z.tif
emi20230921t074856p05002-C,/mnt/engg-leung/Research_No9_Methane_Emissions/Yuyao/raw_data_dir_L89_L2SR_by_gee/emi20230921t074856p05002-C_l89_sr_LANDSAT_8_20230922T025234Z.tif,emi20230921t074856p05002-C_l89_sr_LANDSAT_8_20230922T025234Z.tif
emi20230924t131430p09034-A,/mnt/engg-leung/Research_No9_Methane_Emissions/Yuyao/raw_data_dir_L89_L2SR_by_gee/emi20230924t131430p09034-A_l89_sr_LANDSAT_9_20230925T090732Z.tif,emi20230924t131430p09034-A_l89_sr_LANDSAT_9_20230925T090732Z.tif
emi20230925t105811p07042-A,/mnt/engg-leung/Research_No9_Methane_Emissions/Yuyao/raw_data_dir_L89_L2SR_by_gee/emi20230925t105811p07042-A_l89_sr_LANDSAT_9_20230926T063038Z.tif,emi20230925t105811p07042-A_l89_sr_LANDSAT_9_20230926T063038Z.tif
emi20230925t105823p07043-A,/mnt/engg-leung/Research_No9_Methane_Emissions/Yuyao/raw_data_dir_L89_L2SR_by_gee/emi20230925t105823p07043-A_l89_sr_LANDSAT_9_20230926T063014Z.tif,emi20230925t105823p07043-A_l89_sr_LANDSAT_9_20230926T063014Z.tif
emi20230925t105846p07045-A,/mnt/engg-leung/Research_No9_Methane_Emissions/Yuyao/raw_data_dir_L89_L2SR_by_gee/emi20230925t105846p07045-A_l89_sr_LANDSAT_9_20230926T063014Z.tif,emi20230925t105846p07045-A_l89_sr_LANDSAT_9_20230926T063014Z.tif
emi20230926t114143p08041-A,/mnt/engg-leung/Research_No9_Methane_Emissions/Yuyao/raw_data_dir_L89_L2SR_by_gee/emi20230926t114143p08041-A_l89_sr_LANDSAT_8_20230927T080438Z.tif,emi20230926t114143p08041-A_l89_sr_LANDSAT_8_20230927T080438Z.tif
emi20230926t114143p08041-B,/mnt/engg-leung/Research_No9_Methane_Emissions/Yuyao/raw_data_dir_L89_L2SR_by_gee/emi20230926t114143p08041-B_l89_sr_LANDSAT_8_20230927T080502Z.tif,emi20230926t114143p08041-B_l89_sr_LANDSAT_8_20230927T080502Z.tif
emi20230926t223356p15002-A,/mnt/engg-leung/Research_No9_Methane_Emissions/Yuyao/raw_data_dir_L89_L2SR_by_gee/emi20230926t223356p15002-A_l89_sr_LANDSAT_9_20230927T184540Z.tif,emi20230926t223356p15002-A_l89_sr_LANDSAT_9_20230927T184540Z.tif
emi20230928t083655p06026-A,/mnt/engg-leung/Research_No9_Methane_Emissions/Yuyao/raw_data_dir_L89_L2SR_by_gee/emi20230928t083655p06026-A_l89_sr_LANDSAT_9_20230929T052215Z.tif,emi20230928t083655p06026-A_l89_sr_LANDSAT_9_20230929T052215Z.tif
emi20231003t060928p04006-A,/mnt/engg-leung/Research_No9_Methane_Emissions/Yuyao/raw_data_dir_L89_L2SR_by_gee/emi20231003t060928p04006-A_l89_sr_LANDSAT_9_20231004T054428Z.tif,emi20231003t060928p04006-A_l89_sr_LANDSAT_9_20231004T054428Z.tif
emi20231003t060928p04006-B,/mnt/engg-leung/Research_No9_Methane_Emissions/Yuyao/raw_data_dir_L89_L2SR_by_gee/emi20231003t060928p04006-B_l89_sr_LANDSAT_9_20231004T054428Z.tif,emi20231003t060928p04006-B_l89_sr_LANDSAT_9_20231004T054428Z.tif
emi20231003t074203p05022-A,/mnt/engg-leung/Research_No9_Methane_Emissions/Yuyao/raw_data_dir_L89_L2SR_by_gee/emi20231003t074203p05022-A_l89_sr_LANDSAT_9_20231004T072345Z.tif,emi20231003t074203p05022-A_l89_sr_LANDSAT_9_20231004T072345Z.tif
emi20231003t074641p05041-A,/mnt/engg-leung/Research_No9_Methane_Emissions/Yuyao/raw_data_dir_L89_L2SR_by_gee/emi20231003t074641p05041-A_l89_sr_LANDSAT_8_20231004T063044Z.tif,emi20231003t074641p05041-A_l89_sr_LANDSAT_8_20231004T063044Z.tif
emi20231003t074704p05043-A,/mnt/engg-leung/Research_No9_Methane_Emissions/Yuyao/raw_data_dir_L89_L2SR_by_gee/emi20231003t074704p05043-A_l89_sr_LANDSAT_8_20231004T063020Z.tif,emi20231003t074704p05043-A_l89_sr_LANDSAT_8_20231004T063020Z.tif
emi20231003t074704p05043-B,/mnt/engg-leung/Research_No9_Methane_Emissions/Yuyao/raw_data_dir_L89_L2SR_by_gee/emi20231003t074704p05043-B_l89_sr_LANDSAT_8_20231004T063020Z.tif,emi20231003t074704p05043-B_l89_sr_LANDSAT_8_20231004T063020Z.tif
emi20231003t074704p05043-C,/mnt/engg-leung/Research_No9_Methane_Emissions/Yuyao/raw_data_dir_L89_L2SR_by_gee/emi20231003t074704p05043-C_l89_sr_LANDSAT_8_20231004T063020Z.tif,emi20231003t074704p05043-C_l89_sr_LANDSAT_8_20231004T063020Z.tif
emi20231003t074704p05043-D,/mnt/engg-leung/Research_No9_Methane_Emissions/Yuyao/raw_data_dir_L89_L2SR_by_gee/emi20231003t074704p05043-D_l89_sr_LANDSAT_8_20231004T063020Z.tif,emi20231003t074704p05043-D_l89_sr_LANDSAT_8_20231004T063020Z.tif
emi20231003t074704p05043-E,/mnt/engg-leung/Research_No9_Methane_Emissions/Yuyao/raw_data_dir_L89_L2SR_by_gee/emi20231003t074704p05043-E_l89_sr_LANDSAT_8_20231004T063020Z.tif,emi20231003t074704p05043-E_l89_sr_LANDSAT_8_20231004T063020Z.tif
emi20231003t074704p05043-F,/mnt/engg-leung/Research_No9_Methane_Emissions/Yuyao/raw_data_dir_L89_L2SR_by_gee/emi20231003t074704p05043-F_l89_sr_LANDSAT_8_20231004T063020Z.tif,emi20231003t074704p05043-F_l89_sr_LANDSAT_8_20231004T063020Z.tif
emi20231003t074704p05043-G,/mnt/engg-leung/Research_No9_Methane_Emissions/Yuyao/raw_data_dir_L89_L2SR_by_gee/emi20231003t074704p05043-G_l89_sr_LANDSAT_8_20231004T063020Z.tif,emi20231003t074704p05043-G_l89_sr_LANDSAT_8_20231004T063020Z.tif
emi20231003t074704p05043-H,/mnt/engg-leung/Research_No9_Methane_Emissions/Yuyao/raw_data_dir_L89_L2SR_by_gee/emi20231003t074704p05043-H_l89_sr_LANDSAT_8_20231004T063020Z.tif,emi20231003t074704p05043-H_l89_sr_LANDSAT_8_20231004T063020Z.tif
emi20231003t074704p05043-I,/mnt/engg-leung/Research_No9_Methane_Emissions/Yuyao/raw_data_dir_L89_L2SR_by_gee/emi20231003t074704p05043-I_l89_sr_LANDSAT_8_20231004T063020Z.tif,emi20231003t074704p05043-I_l89_sr_LANDSAT_8_20231004T063020Z.tif
emi20231003t074716p05044-A,/mnt/engg-leung/Research_No9_Methane_Emissions/Yuyao/raw_data_dir_L89_L2SR_by_gee/emi20231003t074716p05044-A_l89_sr_LANDSAT_8_20231004T063020Z.tif,emi20231003t074716p05044-A_l89_sr_LANDSAT_8_20231004T063020Z.tif
emi20231004t192230p13004-A,/mnt/engg-leung/Research_No9_Methane_Emissions/Yuyao/raw_data_dir_L89_L2SR_by_gee/emi20231004t192230p13004-A_l89_sr_LANDSAT_8_20231005T184547Z.tif,emi20231004t192230p13004-A_l89_sr_LANDSAT_8_20231005T184547Z.tif
emi20231005t092154p06043-A,/mnt/engg-leung/Research_No9_Methane_Emissions/Yuyao/raw_data_dir_L89_L2SR_by_gee/emi20231005t092154p06043-A_l89_sr_LANDSAT_8_20231006T075452Z.tif,emi20231005t092154p06043-A_l89_sr_LANDSAT_8_20231006T075452Z.tif
emi20231007t060739p04016-A,/mnt/engg-leung/Research_No9_Methane_Emissions/Yuyao/raw_data_dir_L89_L2SR_by_gee/emi20231007t060739p04016-A_l89_sr_LANDSAT_8_20231007T070402Z.tif,emi20231007t060739p04016-A_l89_sr_LANDSAT_8_20231007T070402Z.tif
emi20231007t060739p04016-B,/mnt/engg-leung/Research_No9_Methane_Emissions/Yuyao/raw_data_dir_L89_L2SR_by_gee/emi20231007t060739p04016-B_l89_sr_LANDSAT_8_20231007T070338Z.tif,emi20231007t060739p04016-B_l89_sr_LANDSAT_8_20231007T070338Z.tif
emi20231007t152631p10005-C,/mnt/engg-leung/Research_No9_Methane_Emissions/Yuyao/raw_data_dir_L89_L2SR_by_gee/emi20231007t152631p10005-C_l89_sr_LANDSAT_9_20231007T160618Z.tif,emi20231007t152631p10005-C_l89_sr_LANDSAT_9_20231007T160618Z.tif
emi20231010t052236p04020-A,/mnt/engg-leung/Research_No9_Methane_Emissions/Yuyao/raw_data_dir_L89_L2SR_by_gee/emi20231010t052236p04020-A_l89_sr_LANDSAT_9_20231010T064245Z.tif,emi20231010t052236p04020-A_l89_sr_LANDSAT_9_20231010T064245Z.tif
emi20231010t052236p04020-B,/mnt/engg-leung/Research_No9_Methane_Emissions/Yuyao/raw_data_dir_L89_L2SR_by_gee/emi20231010t052236p04020-B_l89_sr_LANDSAT_9_20231010T064245Z.tif,emi20231010t052236p04020-B_l89_sr_LANDSAT_9_20231010T064245Z.tif
emi20231010t052236p04020-C,/mnt/engg-leung/Research_No9_Methane_Emissions/Yuyao/raw_data_dir_L89_L2SR_by_gee/emi20231010t052236p04020-C_l89_sr_LANDSAT_9_20231010T064245Z.tif,emi20231010t052236p04020-C_l89_sr_LANDSAT_9_20231010T064245Z.tif
emi20231011t013158p01006-A,/mnt/engg-leung/Research_No9_Methane_Emissions/Yuyao/raw_data_dir_L89_L2SR_by_gee/emi20231011t013158p01006-A_l89_sr_LANDSAT_9_20231011T022746Z.tif,emi20231011t013158p01006-A_l89_sr_LANDSAT_9_20231011T022746Z.tif
emi20231016t210605p14026-C,/mnt/engg-leung/Research_No9_Methane_Emissions/Yuyao/raw_data_dir_L89_L2SR_by_gee/emi20231016t210605p14026-C_l89_sr_LANDSAT_8_20231017T173339Z.tif,emi20231016t210605p14026-C_l89_sr_LANDSAT_8_20231017T173339Z.tif
emi20231018t083730p06017-A,/mnt/engg-leung/Research_No9_Methane_Emissions/Yuyao/raw_data_dir_L89_L2SR_by_gee/emi20231018t083730p06017-A_l89_sr_LANDSAT_9_20231019T063615Z.tif,emi20231018t083730p06017-A_l89_sr_LANDSAT_9_20231019T063615Z.tif
emi20231018t083730p06017-B,/mnt/engg-leung/Research_No9_Methane_Emissions/Yuyao/raw_data_dir_L89_L2SR_by_gee/emi20231018t083730p06017-B_l89_sr_LANDSAT_9_20231019T063615Z.tif,emi20231018t083730p06017-B_l89_sr_LANDSAT_9_20231019T063615Z.tif
emi20231020t101151p07011-A,/mnt/engg-leung/Research_No9_Methane_Emissions/Yuyao/raw_data_dir_L89_L2SR_by_gee/emi20231020t101151p07011-A_l89_sr_LANDSAT_9_20231021T080446Z.tif,emi20231020t101151p07011-A_l89_sr_LANDSAT_9_20231021T080446Z.tif
emi20231020t145654p10003-A,/mnt/engg-leung/Research_No9_Methane_Emissions/Yuyao/raw_data_dir_L89_L2SR_by_gee/emi20231020t145654p10003-A_l89_sr_LANDSAT_9_20231021T112743Z.tif,emi20231020t145654p10003-A_l89_sr_LANDSAT_9_20231021T112743Z.tif
emi20231021t092353p06007-A,/mnt/engg-leung/Research_No9_Methane_Emissions/Yuyao/raw_data_dir_L89_L2SR_by_gee/emi20231021t092353p06007-A_l89_sr_LANDSAT_8_20231022T075742Z.tif,emi20231021t092353p06007-A_l89_sr_LANDSAT_8_20231022T075742Z.tif
emi20231021t092353p06007-B,/mnt/engg-leung/Research_No9_Methane_Emissions/Yuyao/raw_data_dir_L89_L2SR_by_gee/emi20231021t092353p06007-B_l89_sr_LANDSAT_8_20231022T075742Z.tif,emi20231021t092353p06007-B_l89_sr_LANDSAT_8_20231022T075742Z.tif
emi20231022t083927p06016-A,/mnt/engg-leung/Research_No9_Methane_Emissions/Yuyao/raw_data_dir_L89_L2SR_by_gee/emi20231022t083927p06016-A_l89_sr_LANDSAT_8_20231023T070405Z.tif,emi20231022t083927p06016-A_l89_sr_LANDSAT_8_20231023T070405Z.tif
emi20231022t101151p07011-A,/mnt/engg-leung/Research_No9_Methane_Emissions/Yuyao/raw_data_dir_L89_L2SR_by_gee/emi20231022t101151p07011-A_l89_sr_LANDSAT_8_20231023T084234Z.tif,emi20231022t101151p07011-A_l89_sr_LANDSAT_8_20231023T084234Z.tif
emi20231022t175154p12005-A,/mnt/engg-leung/Research_No9_Methane_Emissions/Yuyao/raw_data_dir_L89_L2SR_by_gee/emi20231022t175154p12005-A_l89_sr_LANDSAT_9_20231023T174343Z.tif,emi20231022t175154p12005-A_l89_sr_LANDSAT_9_20231023T174343Z.tif
emi20231028t070104p05003-A,/mnt/engg-leung/Research_No9_Methane_Emissions/Yuyao/raw_data_dir_L89_L2SR_by_gee/emi20231028t070104p05003-A_l89_sr_LANDSAT_9_20231028T081030Z.tif,emi20231028t070104p05003-A_l89_sr_LANDSAT_9_20231028T081030Z.tif
emi20231028t070116p05004-A,/mnt/engg-leung/Research_No9_Methane_Emissions/Yuyao/raw_data_dir_L89_L2SR_by_gee/emi20231028t070116p05004-A_l89_sr_LANDSAT_9_20231028T081054Z.tif,emi20231028t070116p05004-A_l89_sr_LANDSAT_9_20231028T081054Z.tif
emi20231028t114616p08003-A,/mnt/engg-leung/Research_No9_Methane_Emissions/Yuyao/raw_data_dir_L89_L2SR_by_gee/emi20231028t114616p08003-A_l89_sr_LANDSAT_8_20231029T112741Z.tif,emi20231028t114616p08003-A_l89_sr_LANDSAT_8_20231029T112741Z.tif
emi20231126t131420p09034-A,/mnt/engg-leung/Research_No9_Methane_Emissions/Yuyao/raw_data_dir_L89_L2SR_by_gee/emi20231126t131420p09034-A_l89_sr_LANDSAT_9_20231127T100303Z.tif,emi20231126t131420p09034-A_l89_sr_LANDSAT_9_20231127T100303Z.tif
emi20231127t201249p13015-C,/mnt/engg-leung/Research_No9_Methane_Emissions/Yuyao/raw_data_dir_L89_L2SR_by_gee/emi20231127t201249p13015-C_l89_sr_LANDSAT_9_20231128T172103Z.tif,emi20231127t201249p13015-C_l89_sr_LANDSAT_9_20231128T172103Z.tif
emi20231129t091936p06030-A,/mnt/engg-leung/Research_No9_Methane_Emissions/Yuyao/raw_data_dir_L89_L2SR_by_gee/emi20231129t091936p06030-A_l89_sr_LANDSAT_9_20231130T071635Z.tif,emi20231129t091936p06030-A_l89_sr_LANDSAT_9_20231130T071635Z.tif
emi20231129t092012p06033-A,/mnt/engg-leung/Research_No9_Methane_Emissions/Yuyao/raw_data_dir_L89_L2SR_by_gee/emi20231129t092012p06033-A_l89_sr_LANDSAT_9_20231130T071611Z.tif,emi20231129t092012p06033-A_l89_sr_LANDSAT_9_20231130T071611Z.tif
emi20231129t092012p06033-B,/mnt/engg-leung/Research_No9_Methane_Emissions/Yuyao/raw_data_dir_L89_L2SR_by_gee/emi20231129t092012p06033-B_l89_sr_LANDSAT_9_20231130T071547Z.tif,emi20231129t092012p06033-B_l89_sr_LANDSAT_9_20231130T071547Z.tif
emi20231129t092012p06033-C,/mnt/engg-leung/Research_No9_Methane_Emissions/Yuyao/raw_data_dir_L89_L2SR_by_gee/emi20231129t092012p06033-C_l89_sr_LANDSAT_9_20231130T071611Z.tif,emi20231129t092012p06033-C_l89_sr_LANDSAT_9_20231130T071611Z.tif
emi20231129t092012p06033-D,/mnt/engg-leung/Research_No9_Methane_Emissions/Yuyao/raw_data_dir_L89_L2SR_by_gee/emi20231129t092012p06033-D_l89_sr_LANDSAT_9_20231130T071547Z.tif,emi20231129t092012p06033-D_l89_sr_LANDSAT_9_20231130T071547Z.tif
emi20231129t092024p06034-A,/mnt/engg-leung/Research_No9_Methane_Emissions/Yuyao/raw_data_dir_L89_L2SR_by_gee/emi20231129t092024p06034-A_l89_sr_LANDSAT_9_20231130T071547Z.tif,emi20231129t092024p06034-A_l89_sr_LANDSAT_9_20231130T071547Z.tif
emi20231130t100736p07048-A,/mnt/engg-leung/Research_No9_Methane_Emissions/Yuyao/raw_data_dir_L89_L2SR_by_gee/emi20231130t100736p07048-A_l89_sr_LANDSAT_9_20231201T075750Z.tif,emi20231130t100736p07048-A_l89_sr_LANDSAT_9_20231201T075750Z.tif
emi20231203t044030p03013-A,/mnt/engg-leung/Research_No9_Methane_Emissions/Yuyao/raw_data_dir_L89_L2SR_by_gee/emi20231203t044030p03013-A_l89_sr_LANDSAT_9_20231204T033140Z.tif,emi20231203t044030p03013-A_l89_sr_LANDSAT_9_20231204T033140Z.tif
emi20231205t060547p04023-A,/mnt/engg-leung/Research_No9_Methane_Emissions/Yuyao/raw_data_dir_L89_L2SR_by_gee/emi20231205t060547p04023-A_l89_sr_LANDSAT_8_20231205T064705Z.tif,emi20231205t060547p04023-A_l89_sr_LANDSAT_8_20231205T064705Z.tif
emi20231205t060547p04023-B,/mnt/engg-leung/Research_No9_Methane_Emissions/Yuyao/raw_data_dir_L89_L2SR_by_gee/emi20231205t060547p04023-B_l89_sr_LANDSAT_8_20231205T064705Z.tif,emi20231205t060547p04023-B_l89_sr_LANDSAT_8_20231205T064705Z.tif
emi20231220t083556p06002-A,/mnt/engg-leung/Research_No9_Methane_Emissions/Yuyao/raw_data_dir_L89_L2SR_by_gee/emi20231220t083556p06002-A_l89_sr_LANDSAT_9_20231221T055728Z.tif,emi20231220t083556p06002-A_l89_sr_LANDSAT_9_20231221T055728Z.tif
emi20231223t123006p08006-A,/mnt/engg-leung/Research_No9_Methane_Emissions/Yuyao/raw_data_dir_L89_L2SR_by_gee/emi20231223t123006p08006-A_l89_sr_LANDSAT_9_20231224T095119Z.tif,emi20231223t123006p08006-A_l89_sr_LANDSAT_9_20231224T095119Z.tif
emi20231224t070006p05005-A,/mnt/engg-leung/Research_No9_Methane_Emissions/Yuyao/raw_data_dir_L89_L2SR_by_gee/emi20231224t070006p05005-A_l89_sr_LANDSAT_9_20231225T053420Z.tif,emi20231224t070006p05005-A_l89_sr_LANDSAT_9_20231225T053420Z.tif
emi20231224t100100p07003-B,/mnt/engg-leung/Research_No9_Methane_Emissions/Yuyao/raw_data_dir_L89_L2SR_by_gee/emi20231224t100100p07003-B_l89_sr_LANDSAT_8_20231225T093726Z.tif,emi20231224t100100p07003-B_l89_sr_LANDSAT_8_20231225T093726Z.tif
emi20231226t065450p05004-A,/mnt/engg-leung/Research_No9_Methane_Emissions/Yuyao/raw_data_dir_L89_L2SR_by_gee/emi20231226t065450p05004-A_l89_sr_LANDSAT_8_20231226T070343Z.tif,emi20231226t065450p05004-A_l89_sr_LANDSAT_8_20231226T070343Z.tif
emi20231226t065514p05006-A,/mnt/engg-leung/Research_No9_Methane_Emissions/Yuyao/raw_data_dir_L89_L2SR_by_gee/emi20231226t065514p05006-A_l89_sr_LANDSAT_8_20231226T070343Z.tif,emi20231226t065514p05006-A_l89_sr_LANDSAT_8_20231226T070343Z.tif
emi20240124t143039p10001-A,/mnt/engg-leung/Research_No9_Methane_Emissions/Yuyao/raw_data_dir_L89_L2SR_by_gee/emi20240124t143039p10001-A_l89_sr_LANDSAT_9_20240125T112741Z.tif,emi20240124t143039p10001-A_l89_sr_LANDSAT_9_20240125T112741Z.tif
emi20240127t132540p08023-A,/mnt/engg-leung/Research_No9_Methane_Emissions/Yuyao/raw_data_dir_L89_L2SR_by_gee/emi20240127t132540p08023-A_l89_sr_LANDSAT_8_20240127T135636Z.tif,emi20240127t132540p08023-A_l89_sr_LANDSAT_8_20240127T135636Z.tif
emi20240129t150516p09007-A,/mnt/engg-leung/Research_No9_Methane_Emissions/Yuyao/raw_data_dir_L89_L2SR_by_gee/emi20240129t150516p09007-A_l89_sr_LANDSAT_8_20240129T151710Z.tif,emi20240129t150516p09007-A_l89_sr_LANDSAT_8_20240129T151710Z.tif
emi20240129t150516p09007-B,/mnt/engg-leung/Research_No9_Methane_Emissions/Yuyao/raw_data_dir_L89_L2SR_by_gee/emi20240129t150516p09007-B_l89_sr_LANDSAT_8_20240129T151710Z.tif,emi20240129t150516p09007-B_l89_sr_LANDSAT_8_20240129T151710Z.tif
emi20240130t112610p08006-A,/mnt/engg-leung/Research_No9_Methane_Emissions/Yuyao/raw_data_dir_L89_L2SR_by_gee/emi20240130t112610p08006-A_l89_sr_LANDSAT_8_20240131T095701Z.tif,emi20240130t112610p08006-A_l89_sr_LANDSAT_8_20240131T095701Z.tif
emi20240130t112621p08007-A,/mnt/engg-leung/Research_No9_Methane_Emissions/Yuyao/raw_data_dir_L89_L2SR_by_gee/emi20240130t112621p08007-A_l89_sr_LANDSAT_8_20240131T095701Z.tif,emi20240130t112621p08007-A_l89_sr_LANDSAT_8_20240131T095701Z.tif
emi20240130t112621p08007-B,/mnt/engg-leung/Research_No9_Methane_Emissions/Yuyao/raw_data_dir_L89_L2SR_by_gee/emi20240130t112621p08007-B_l89_sr_LANDSAT_8_20240131T095701Z.tif,emi20240130t112621p08007-B_l89_sr_LANDSAT_8_20240131T095701Z.tif
emi20240201t173643p12006-A,/mnt/engg-leung/Research_No9_Methane_Emissions/Yuyao/raw_data_dir_L89_L2SR_by_gee/emi20240201t173643p12006-A_l89_sr_LANDSAT_9_20240202T171017Z.tif,emi20240201t173643p12006-A_l89_sr_LANDSAT_9_20240202T171017Z.tif
emi20240201t173643p12006-B,/mnt/engg-leung/Research_No9_Methane_Emissions/Yuyao/raw_data_dir_L89_L2SR_by_gee/emi20240201t173643p12006-B_l89_sr_LANDSAT_9_20240202T171017Z.tif,emi20240201t173643p12006-B_l89_sr_LANDSAT_9_20240202T171017Z.tif
emi20240201t173643p12006-D,/mnt/engg-leung/Research_No9_Methane_Emissions/Yuyao/raw_data_dir_L89_L2SR_by_gee/emi20240201t173643p12006-D_l89_sr_LANDSAT_9_20240202T171017Z.tif,emi20240201t173643p12006-D_l89_sr_LANDSAT_9_20240202T171017Z.tif
emi20240214t105844p07029-B,/mnt/engg-leung/Research_No9_Methane_Emissions/Yuyao/raw_data_dir_L89_L2SR_by_gee/emi20240214t105844p07029-B_l89_sr_LANDSAT_9_20240215T064601Z.tif,emi20240214t105844p07029-B_l89_sr_LANDSAT_9_20240215T064601Z.tif
emi20240214t140400p09023-A,/mnt/engg-leung/Research_No9_Methane_Emissions/Yuyao/raw_data_dir_L89_L2SR_by_gee/emi20240214t140400p09023-A_l89_sr_LANDSAT_9_20240215T100323Z.tif,emi20240214t140400p09023-A_l89_sr_LANDSAT_9_20240215T100323Z.tif
emi20240214t140400p09023-B,/mnt/engg-leung/Research_No9_Methane_Emissions/Yuyao/raw_data_dir_L89_L2SR_by_gee/emi20240214t140400p09023-B_l89_sr_LANDSAT_9_20240215T100323Z.tif,emi20240214t140400p09023-B_l89_sr_LANDSAT_9_20240215T100323Z.tif
emi20240216t075630p05016-A,/mnt/engg-leung/Research_No9_Methane_Emissions/Yuyao/raw_data_dir_L89_L2SR_by_gee/emi20240216t075630p05016-A_l89_sr_LANDSAT_9_20240217T032014Z.tif,emi20240216t075630p05016-A_l89_sr_LANDSAT_9_20240217T032014Z.tif
emi20240216t092853p06012-A,/mnt/engg-leung/Research_No9_Methane_Emissions/Yuyao/raw_data_dir_L89_L2SR_by_gee/emi20240216t092853p06012-A_l89_sr_LANDSAT_9_20240217T045843Z.tif,emi20240216t092853p06012-A_l89_sr_LANDSAT_9_20240217T045843Z.tif
emi20240216t092853p06012-C,/mnt/engg-leung/Research_No9_Methane_Emissions/Yuyao/raw_data_dir_L89_L2SR_by_gee/emi20240216t092853p06012-C_l89_sr_LANDSAT_9_20240217T045843Z.tif,emi20240216t092853p06012-C_l89_sr_LANDSAT_9_20240217T045843Z.tif
emi20240216t105741p07006-A,/mnt/engg-leung/Research_No9_Methane_Emissions/Yuyao/raw_data_dir_L89_L2SR_by_gee/emi20240216t105741p07006-A_l89_sr_LANDSAT_8_20240217T072343Z.tif,emi20240216t105741p07006-A_l89_sr_LANDSAT_8_20240217T072343Z.tif
emi20240217t113803p08002-A,/mnt/engg-leung/Research_No9_Methane_Emissions/Yuyao/raw_data_dir_L89_L2SR_by_gee/emi20240217t113803p08002-A_l89_sr_LANDSAT_8_20240218T094153Z.tif,emi20240217t113803p08002-A_l89_sr_LANDSAT_8_20240218T094153Z.tif
emi20240224t165801p11015-A,/mnt/engg-leung/Research_No9_Methane_Emissions/Yuyao/raw_data_dir_L89_L2SR_by_gee/emi20240224t165801p11015-A_l89_sr_LANDSAT_8_20240224T172047Z.tif,emi20240224t165801p11015-A_l89_sr_LANDSAT_8_20240224T172047Z.tif
emi20240225t021326p02004-A,/mnt/engg-leung/Research_No9_Methane_Emissions/Yuyao/raw_data_dir_L89_L2SR_by_gee/emi20240225t021326p02004-A_l89_sr_LANDSAT_8_20240225T031253Z.tif,emi20240225t021326p02004-A_l89_sr_LANDSAT_8_20240225T031253Z.tif
emi20240225t021326p02004-B,/mnt/engg-leung/Research_No9_Methane_Emissions/Yuyao/raw_data_dir_L89_L2SR_by_gee/emi20240225t021326p02004-B_l89_sr_LANDSAT_8_20240225T031253Z.tif,emi20240225t021326p02004-B_l89_sr_LANDSAT_8_20240225T031253Z.tif
emi20240225t021326p02004-C,/mnt/engg-leung/Research_No9_Methane_Emissions/Yuyao/raw_data_dir_L89_L2SR_by_gee/emi20240225t021326p02004-C_l89_sr_LANDSAT_8_20240225T031253Z.tif,emi20240225t021326p02004-C_l89_sr_LANDSAT_8_20240225T031253Z.tif
emi20240225t021326p02004-D,/mnt/engg-leung/Research_No9_Methane_Emissions/Yuyao/raw_data_dir_L89_L2SR_by_gee/emi20240225t021326p02004-D_l89_sr_LANDSAT_8_20240225T031253Z.tif,emi20240225t021326p02004-D_l89_sr_LANDSAT_8_20240225T031253Z.tif
emi20240225t021326p02004-E,/mnt/engg-leung/Research_No9_Methane_Emissions/Yuyao/raw_data_dir_L89_L2SR_by_gee/emi20240225t021326p02004-E_l89_sr_LANDSAT_8_20240225T031253Z.tif,emi20240225t021326p02004-E_l89_sr_LANDSAT_8_20240225T031253Z.tif
emi20240225t021326p02004-F,/mnt/engg-leung/Research_No9_Methane_Emissions/Yuyao/raw_data_dir_L89_L2SR_by_gee/emi20240225t021326p02004-F_l89_sr_LANDSAT_8_20240225T031253Z.tif,emi20240225t021326p02004-F_l89_sr_LANDSAT_8_20240225T031253Z.tif
emi20240225t021326p02004-G,/mnt/engg-leung/Research_No9_Methane_Emissions/Yuyao/raw_data_dir_L89_L2SR_by_gee/emi20240225t021326p02004-G_l89_sr_LANDSAT_8_20240225T031253Z.tif,emi20240225t021326p02004-G_l89_sr_LANDSAT_8_20240225T031253Z.tif
emi20240225t021326p02004-H,/mnt/engg-leung/Research_No9_Methane_Emissions/Yuyao/raw_data_dir_L89_L2SR_by_gee/emi20240225t021326p02004-H_l89_sr_LANDSAT_8_20240225T031253Z.tif,emi20240225t021326p02004-H_l89_sr_LANDSAT_8_20240225T031253Z.tif
emi20240225t021326p02004-J,/mnt/engg-leung/Research_No9_Methane_Emissions/Yuyao/raw_data_dir_L89_L2SR_by_gee/emi20240225t021326p02004-J_l89_sr_LANDSAT_8_20240225T031253Z.tif,emi20240225t021326p02004-J_l89_sr_LANDSAT_8_20240225T031253Z.tif
emi20240225t021326p02004-K,/mnt/engg-leung/Research_No9_Methane_Emissions/Yuyao/raw_data_dir_L89_L2SR_by_gee/emi20240225t021326p02004-K_l89_sr_LANDSAT_8_20240225T031253Z.tif,emi20240225t021326p02004-K_l89_sr_LANDSAT_8_20240225T031253Z.tif
emi20240225t021338p02005-C,/mnt/engg-leung/Research_No9_Methane_Emissions/Yuyao/raw_data_dir_L89_L2SR_by_gee/emi20240225t021338p02005-C_l89_sr_LANDSAT_8_20240225T031253Z.tif,emi20240225t021338p02005-C_l89_sr_LANDSAT_8_20240225T031253Z.tif
emi20240226t170104p11013-A,/mnt/engg-leung/Research_No9_Methane_Emissions/Yuyao/raw_data_dir_L89_L2SR_by_gee/emi20240226t170104p11013-A_l89_sr_LANDSAT_8_20240226T171135Z.tif,emi20240226t170104p11013-A_l89_sr_LANDSAT_8_20240226T171135Z.tif
emi20240226t170116p11014-A,/mnt/engg-leung/Research_No9_Methane_Emissions/Yuyao/raw_data_dir_L89_L2SR_by_gee/emi20240226t170116p11014-A_l89_sr_LANDSAT_8_20240226T171135Z.tif,emi20240226t170116p11014-A_l89_sr_LANDSAT_8_20240226T171135Z.tif
emi20240302t163257p11009-A,/mnt/engg-leung/Research_No9_Methane_Emissions/Yuyao/raw_data_dir_L89_L2SR_by_gee/emi20240302t163257p11009-A_l89_sr_LANDSAT_9_20240303T142241Z.tif,emi20240302t163257p11009-A_l89_sr_LANDSAT_9_20240303T142241Z.tif
emi20240316t181742p11005-A,/mnt/engg-leung/Research_No9_Methane_Emissions/Yuyao/raw_data_dir_L89_L2SR_by_gee/emi20240316t181742p11005-A_l89_sr_LANDSAT_9_20240317T143501Z.tif,emi20240316t181742p11005-A_l89_sr_LANDSAT_9_20240317T143501Z.tif
emi20240316t181754p11006-A,/mnt/engg-leung/Research_No9_Methane_Emissions/Yuyao/raw_data_dir_L89_L2SR_by_gee/emi20240316t181754p11006-A_l89_sr_LANDSAT_9_20240317T143437Z.tif,emi20240316t181754p11006-A_l89_sr_LANDSAT_9_20240317T143437Z.tif
emi20240326t133849p08026-A,/mnt/engg-leung/Research_No9_Methane_Emissions/Yuyao/raw_data_dir_L89_L2SR_by_gee/emi20240326t133849p08026-A_l89_sr_LANDSAT_9_20240327T133130Z.tif,emi20240326t133849p08026-A_l89_sr_LANDSAT_9_20240327T133130Z.tif
emi20240328t061702p04011-A,/mnt/engg-leung/Research_No9_Methane_Emissions/Yuyao/raw_data_dir_L89_L2SR_by_gee/emi20240328t061702p04011-A_l89_sr_LANDSAT_9_20240329T030641Z.tif,emi20240328t061702p04011-A_l89_sr_LANDSAT_9_20240329T030641Z.tif
emi20240328t061714p04012-A,/mnt/engg-leung/Research_No9_Methane_Emissions/Yuyao/raw_data_dir_L89_L2SR_by_gee/emi20240328t061714p04012-A_l89_sr_LANDSAT_9_20240329T030617Z.tif,emi20240328t061714p04012-A_l89_sr_LANDSAT_9_20240329T030617Z.tif
emi20240328t061714p04012-B,/mnt/engg-leung/Research_No9_Methane_Emissions/Yuyao/raw_data_dir_L89_L2SR_by_gee/emi20240328t061714p04012-B_l89_sr_LANDSAT_9_20240329T030617Z.tif,emi20240328t061714p04012-B_l89_sr_LANDSAT_9_20240329T030617Z.tif
emi20240328t061714p04012-D,/mnt/engg-leung/Research_No9_Methane_Emissions/Yuyao/raw_data_dir_L89_L2SR_by_gee/emi20240328t061714p04012-D_l89_sr_LANDSAT_9_20240329T030641Z.tif,emi20240328t061714p04012-D_l89_sr_LANDSAT_9_20240329T030641Z.tif
emi20240328t061714p04012-E,/mnt/engg-leung/Research_No9_Methane_Emissions/Yuyao/raw_data_dir_L89_L2SR_by_gee/emi20240328t061714p04012-E_l89_sr_LANDSAT_9_20240329T030641Z.tif,emi20240328t061714p04012-E_l89_sr_LANDSAT_9_20240329T030641Z.tif
emi20240328t061714p04012-F,/mnt/engg-leung/Research_No9_Methane_Emissions/Yuyao/raw_data_dir_L89_L2SR_by_gee/emi20240328t061714p04012-F_l89_sr_LANDSAT_9_20240329T030641Z.tif,emi20240328t061714p04012-F_l89_sr_LANDSAT_9_20240329T030641Z.tif
emi20240328t061714p04012-G,/mnt/engg-leung/Research_No9_Methane_Emissions/Yuyao/raw_data_dir_L89_L2SR_by_gee/emi20240328t061714p04012-G_l89_sr_LANDSAT_9_20240329T030617Z.tif,emi20240328t061714p04012-G_l89_sr_LANDSAT_9_20240329T030617Z.tif
emi20240415t184303p12038-A,/mnt/engg-leung/Research_No9_Methane_Emissions/Yuyao/raw_data_dir_L89_L2SR_by_gee/emi20240415t184303p12038-A_l89_sr_LANDSAT_9_20240416T160427Z.tif,emi20240415t184303p12038-A_l89_sr_LANDSAT_9_20240416T160427Z.tif
emi20240417t044453p03008-A,/mnt/engg-leung/Research_No9_Methane_Emissions/Yuyao/raw_data_dir_L89_L2SR_by_gee/emi20240417t044453p03008-A_l89_sr_LANDSAT_9_20240418T024059Z.tif,emi20240417t044453p03008-A_l89_sr_LANDSAT_9_20240418T024059Z.tif
emi20240417t080011p05030-A,/mnt/engg-leung/Research_No9_Methane_Emissions/Yuyao/raw_data_dir_L89_L2SR_by_gee/emi20240417t080011p05030-A_l89_sr_LANDSAT_8_20240418T033715Z.tif,emi20240417t080011p05030-A_l89_sr_LANDSAT_8_20240418T033715Z.tif
emi20240418t192231p13004-A,/mnt/engg-leung/Research_No9_Methane_Emissions/Yuyao/raw_data_dir_L89_L2SR_by_gee/emi20240418t192231p13004-A_l89_sr_LANDSAT_8_20240419T190141Z.tif,emi20240418t192231p13004-A_l89_sr_LANDSAT_8_20240419T190141Z.tif
emi20240421t140547p09002-A,/mnt/engg-leung/Research_No9_Methane_Emissions/Yuyao/raw_data_dir_L89_L2SR_by_gee/emi20240421t140547p09002-A_l89_sr_LANDSAT_8_20240422T112656Z.tif,emi20240421t140547p09002-A_l89_sr_LANDSAT_8_20240422T112656Z.tif
emi20240423t060958p04005-A,/mnt/engg-leung/Research_No9_Methane_Emissions/Yuyao/raw_data_dir_L89_L2SR_by_gee/emi20240423t060958p04005-A_l89_sr_LANDSAT_9_20240423T061730Z.tif,emi20240423t060958p04005-A_l89_sr_LANDSAT_9_20240423T061730Z.tif
emi20240423t060958p04005-B,/mnt/engg-leung/Research_No9_Methane_Emissions/Yuyao/raw_data_dir_L89_L2SR_by_gee/emi20240423t060958p04005-B_l89_sr_LANDSAT_9_20240423T061730Z.tif,emi20240423t060958p04005-B_l89_sr_LANDSAT_9_20240423T061730Z.tif
emi20240423t060958p04005-C,/mnt/engg-leung/Research_No9_Methane_Emissions/Yuyao/raw_data_dir_L89_L2SR_by_gee/emi20240423t060958p04005-C_l89_sr_LANDSAT_9_20240423T061730Z.tif,emi20240423t060958p04005-C_l89_sr_LANDSAT_9_20240423T061730Z.tif
emi20240423t060958p04005-D,/mnt/engg-leung/Research_No9_Methane_Emissions/Yuyao/raw_data_dir_L89_L2SR_by_gee/emi20240423t060958p04005-D_l89_sr_LANDSAT_9_20240423T061730Z.tif,emi20240423t060958p04005-D_l89_sr_LANDSAT_9_20240423T061730Z.tif
emi20240423t060958p04005-E,/mnt/engg-leung/Research_No9_Methane_Emissions/Yuyao/raw_data_dir_L89_L2SR_by_gee/emi20240423t060958p04005-E_l89_sr_LANDSAT_9_20240423T061730Z.tif,emi20240423t060958p04005-E_l89_sr_LANDSAT_9_20240423T061730Z.tif
emi20240423t060958p04005-F,/mnt/engg-leung/Research_No9_Methane_Emissions/Yuyao/raw_data_dir_L89_L2SR_by_gee/emi20240423t060958p04005-F_l89_sr_LANDSAT_9_20240423T061730Z.tif,emi20240423t060958p04005-F_l89_sr_LANDSAT_9_20240423T061730Z.tif
emi20240424t161113p11008-A,/mnt/engg-leung/Research_No9_Methane_Emissions/Yuyao/raw_data_dir_L89_L2SR_by_gee/emi20240424t161113p11008-A_l89_sr_LANDSAT_9_20240424T165403Z.tif,emi20240424t161113p11008-A_l89_sr_LANDSAT_9_20240424T165403Z.tif
emi20240517t170655p11045-B,/mnt/engg-leung/Research_No9_Methane_Emissions/Yuyao/raw_data_dir_L89_L2SR_by_gee/emi20240517t170655p11045-B_l89_sr_LANDSAT_9_20240518T130349Z.tif,emi20240517t170655p11045-B_l89_sr_LANDSAT_9_20240518T130349Z.tif
emi20240517t170655p11045-C,/mnt/engg-leung/Research_No9_Methane_Emissions/Yuyao/raw_data_dir_L89_L2SR_by_gee/emi20240517t170655p11045-C_l89_sr_LANDSAT_9_20240518T130349Z.tif,emi20240517t170655p11045-C_l89_sr_LANDSAT_9_20240518T130349Z.tif
emi20240521t140928p10011-A,/mnt/engg-leung/Research_No9_Methane_Emissions/Yuyao/raw_data_dir_L89_L2SR_by_gee/emi20240521t140928p10011-A_l89_sr_LANDSAT_9_20240522T090658Z.tif,emi20240521t140928p10011-A_l89_sr_LANDSAT_9_20240522T090658Z.tif
emi20240523t075552p06005-A,/mnt/engg-leung/Research_No9_Methane_Emissions/Yuyao/raw_data_dir_L89_L2SR_by_gee/emi20240523t075552p06005-A_l89_sr_LANDSAT_8_20240524T030608Z.tif,emi20240523t075552p06005-A_l89_sr_LANDSAT_8_20240524T030608Z.tif
emi20240523t075552p06005-B,/mnt/engg-leung/Research_No9_Methane_Emissions/Yuyao/raw_data_dir_L89_L2SR_by_gee/emi20240523t075552p06005-B_l89_sr_LANDSAT_8_20240524T030608Z.tif,emi20240523t075552p06005-B_l89_sr_LANDSAT_8_20240524T030608Z.tif
emi20240523t075552p06005-C,/mnt/engg-leung/Research_No9_Methane_Emissions/Yuyao/raw_data_dir_L89_L2SR_by_gee/emi20240523t075552p06005-C_l89_sr_LANDSAT_8_20240524T030608Z.tif,emi20240523t075552p06005-C_l89_sr_LANDSAT_8_20240524T030608Z.tif
emi20240523t075552p06005-D,/mnt/engg-leung/Research_No9_Methane_Emissions/Yuyao/raw_data_dir_L89_L2SR_by_gee/emi20240523t075552p06005-D_l89_sr_LANDSAT_8_20240524T030608Z.tif,emi20240523t075552p06005-D_l89_sr_LANDSAT_8_20240524T030608Z.tif
emi20240523t075604p06006-A,/mnt/engg-leung/Research_No9_Methane_Emissions/Yuyao/raw_data_dir_L89_L2SR_by_gee/emi20240523t075604p06006-A_l89_sr_LANDSAT_8_20240524T030608Z.tif,emi20240523t075604p06006-A_l89_sr_LANDSAT_8_20240524T030608Z.tif
emi20240523t075604p06006-B,/mnt/engg-leung/Research_No9_Methane_Emissions/Yuyao/raw_data_dir_L89_L2SR_by_gee/emi20240523t075604p06006-B_l89_sr_LANDSAT_8_20240524T030608Z.tif,emi20240523t075604p06006-B_l89_sr_LANDSAT_8_20240524T030608Z.tif
emi20240523t075604p06006-C,/mnt/engg-leung/Research_No9_Methane_Emissions/Yuyao/raw_data_dir_L89_L2SR_by_gee/emi20240523t075604p06006-C_l89_sr_LANDSAT_8_20240524T030608Z.tif,emi20240523t075604p06006-C_l89_sr_LANDSAT_8_20240524T030608Z.tif
emi20240523t075604p06006-D,/mnt/engg-leung/Research_No9_Methane_Emissions/Yuyao/raw_data_dir_L89_L2SR_by_gee/emi20240523t075604p06006-D_l89_sr_LANDSAT_8_20240524T030608Z.tif,emi20240523t075604p06006-D_l89_sr_LANDSAT_8_20240524T030608Z.tif
emi20240523t075604p06006-E,/mnt/engg-leung/Research_No9_Methane_Emissions/Yuyao/raw_data_dir_L89_L2SR_by_gee/emi20240523t075604p06006-E_l89_sr_LANDSAT_8_20240524T030608Z.tif,emi20240523t075604p06006-E_l89_sr_LANDSAT_8_20240524T030608Z.tif
emi20240523t075604p06006-F,/mnt/engg-leung/Research_No9_Methane_Emissions/Yuyao/raw_data_dir_L89_L2SR_by_gee/emi20240523t075604p06006-F_l89_sr_LANDSAT_8_20240524T030608Z.tif,emi20240523t075604p06006-F_l89_sr_LANDSAT_8_20240524T030608Z.tif
emi20240523t075604p06006-G,/mnt/engg-leung/Research_No9_Methane_Emissions/Yuyao/raw_data_dir_L89_L2SR_by_gee/emi20240523t075604p06006-G_l89_sr_LANDSAT_8_20240524T030608Z.tif,emi20240523t075604p06006-G_l89_sr_LANDSAT_8_20240524T030608Z.tif
emi20240523t075604p06006-H,/mnt/engg-leung/Research_No9_Methane_Emissions/Yuyao/raw_data_dir_L89_L2SR_by_gee/emi20240523t075604p06006-H_l89_sr_LANDSAT_8_20240524T030608Z.tif,emi20240523t075604p06006-H_l89_sr_LANDSAT_8_20240524T030608Z.tif
emi20240527t092548p06003-A,/mnt/engg-leung/Research_No9_Methane_Emissions/Yuyao/raw_data_dir_L89_L2SR_by_gee/emi20240527t092548p06003-A_l89_sr_LANDSAT_9_20240528T050715Z.tif,emi20240527t092548p06003-A_l89_sr_LANDSAT_9_20240528T050715Z.tif
emi20240527t092548p06003-B,/mnt/engg-leung/Research_No9_Methane_Emissions/Yuyao/raw_data_dir_L89_L2SR_by_gee/emi20240527t092548p06003-B_l89_sr_LANDSAT_9_20240528T050715Z.tif,emi20240527t092548p06003-B_l89_sr_LANDSAT_9_20240528T050715Z.tif
emi20240608t041803p03014-A,/mnt/engg-leung/Research_No9_Methane_Emissions/Yuyao/raw_data_dir_L89_L2SR_by_gee/emi20240608t041803p03014-A_l89_sr_LANDSAT_9_20240608T063356Z.tif,emi20240608t041803p03014-A_l89_sr_LANDSAT_9_20240608T063356Z.tif
emi20240609t050607p04018-A,/mnt/engg-leung/Research_No9_Methane_Emissions/Yuyao/raw_data_dir_L89_L2SR_by_gee/emi20240609t050607p04018-A_l89_sr_LANDSAT_9_20240609T071448Z.tif,emi20240609t050607p04018-A_l89_sr_LANDSAT_9_20240609T071448Z.tif
emi20240609t050607p04018-B,/mnt/engg-leung/Research_No9_Methane_Emissions/Yuyao/raw_data_dir_L89_L2SR_by_gee/emi20240609t050607p04018-B_l89_sr_LANDSAT_9_20240609T071448Z.tif,emi20240609t050607p04018-B_l89_sr_LANDSAT_9_20240609T071448Z.tif
emi20240610t024420p02007-A,/mnt/engg-leung/Research_No9_Methane_Emissions/Yuyao/raw_data_dir_L89_L2SR_by_gee/emi20240610t024420p02007-A_l89_sr_LANDSAT_8_20240610T053017Z.tif,emi20240610t024420p02007-A_l89_sr_LANDSAT_8_20240610T053017Z.tif
emi20240610t024420p02007-B,/mnt/engg-leung/Research_No9_Methane_Emissions/Yuyao/raw_data_dir_L89_L2SR_by_gee/emi20240610t024420p02007-B_l89_sr_LANDSAT_8_20240610T053017Z.tif,emi20240610t024420p02007-B_l89_sr_LANDSAT_8_20240610T053017Z.tif
emi20240610t041628p03003-A,/mnt/engg-leung/Research_No9_Methane_Emissions/Yuyao/raw_data_dir_L89_L2SR_by_gee/emi20240610t041628p03003-A_l89_sr_LANDSAT_8_20240610T070958Z.tif,emi20240610t041628p03003-A_l89_sr_LANDSAT_8_20240610T070958Z.tif
emi20240617t063901p05011-A,/mnt/engg-leung/Research_No9_Methane_Emissions/Yuyao/raw_data_dir_L89_L2SR_by_gee/emi20240617t063901p05011-A_l89_sr_LANDSAT_9_20240617T093748Z.tif,emi20240617t063901p05011-A_l89_sr_LANDSAT_9_20240617T093748Z.tif
emi20240621t081829p06006-A,/mnt/engg-leung/Research_No9_Methane_Emissions/Yuyao/raw_data_dir_L89_L2SR_by_gee/emi20240621t081829p06006-A_l89_sr_LANDSAT_9_20240621T091346Z.tif,emi20240621t081829p06006-A_l89_sr_LANDSAT_9_20240621T091346Z.tif
emi20240621t082746p06048-A,/mnt/engg-leung/Research_No9_Methane_Emissions/Yuyao/raw_data_dir_L89_L2SR_by_gee/emi20240621t082746p06048-A_l89_sr_LANDSAT_9_20240622T064512Z.tif,emi20240621t082746p06048-A_l89_sr_LANDSAT_9_20240622T064512Z.tif
emi20240621t082746p06048-B,/mnt/engg-leung/Research_No9_Methane_Emissions/Yuyao/raw_data_dir_L89_L2SR_by_gee/emi20240621t082746p06048-B_l89_sr_LANDSAT_9_20240622T064512Z.tif,emi20240621t082746p06048-B_l89_sr_LANDSAT_9_20240622T064512Z.tif
emi20240621t191519p13010-A,/mnt/engg-leung/Research_No9_Methane_Emissions/Yuyao/raw_data_dir_L89_L2SR_by_gee/emi20240621t191519p13010-A_l89_sr_LANDSAT_9_20240622T181524Z.tif,emi20240621t191519p13010-A_l89_sr_LANDSAT_9_20240622T181524Z.tif
emi20240622t090851p06018-A,/mnt/engg-leung/Research_No9_Methane_Emissions/Yuyao/raw_data_dir_L89_L2SR_by_gee/emi20240622t090851p06018-A_l89_sr_LANDSAT_9_20240623T090346Z.tif,emi20240622t090851p06018-A_l89_sr_LANDSAT_9_20240623T090346Z.tif
emi20240623t064530p05006-B,/mnt/engg-leung/Research_No9_Methane_Emissions/Yuyao/raw_data_dir_L89_L2SR_by_gee/emi20240623t064530p05006-B_l89_sr_LANDSAT_8_20240623T081232Z.tif,emi20240623t064530p05006-B_l89_sr_LANDSAT_8_20240623T081232Z.tif
emi20240624t151751p10015-A,/mnt/engg-leung/Research_No9_Methane_Emissions/Yuyao/raw_data_dir_L89_L2SR_by_gee/emi20240624t151751p10015-A_l89_sr_LANDSAT_9_20240624T162210Z.tif,emi20240624t151751p10015-A_l89_sr_LANDSAT_9_20240624T162210Z.tif
emi20240624t164812p11002-A,/mnt/engg-leung/Research_No9_Methane_Emissions/Yuyao/raw_data_dir_L89_L2SR_by_gee/emi20240624t164812p11002-A_l89_sr_LANDSAT_8_20240624T184907Z.tif,emi20240624t164812p11002-A_l89_sr_LANDSAT_8_20240624T184907Z.tif
emi20240625t051438p04015-A,/mnt/engg-leung/Research_No9_Methane_Emissions/Yuyao/raw_data_dir_L89_L2SR_by_gee/emi20240625t051438p04015-A_l89_sr_LANDSAT_8_20240625T062318Z.tif,emi20240625t051438p04015-A_l89_sr_LANDSAT_8_20240625T062318Z.tif
emi20240625t051438p04015-B,/mnt/engg-leung/Research_No9_Methane_Emissions/Yuyao/raw_data_dir_L89_L2SR_by_gee/emi20240625t051438p04015-B_l89_sr_LANDSAT_8_20240625T062318Z.tif,emi20240625t051438p04015-B_l89_sr_LANDSAT_8_20240625T062318Z.tif
emi20240625t064958p05024-A,/mnt/engg-leung/Research_No9_Methane_Emissions/Yuyao/raw_data_dir_L89_L2SR_by_gee/emi20240625t064958p05024-A_l89_sr_LANDSAT_9_20240625T071431Z.tif,emi20240625t064958p05024-A_l89_sr_LANDSAT_9_20240625T071431Z.tif
emi20240625t065010p05025-A,/mnt/engg-leung/Research_No9_Methane_Emissions/Yuyao/raw_data_dir_L89_L2SR_by_gee/emi20240625t065010p05025-A_l89_sr_LANDSAT_9_20240625T071431Z.tif,emi20240625t065010p05025-A_l89_sr_LANDSAT_9_20240625T071431Z.tif
emi20240625t065010p05025-B,/mnt/engg-leung/Research_No9_Methane_Emissions/Yuyao/raw_data_dir_L89_L2SR_by_gee/emi20240625t065010p05025-B_l89_sr_LANDSAT_9_20240625T071431Z.tif,emi20240625t065010p05025-B_l89_sr_LANDSAT_9_20240625T071431Z.tif
emi20240625t065010p05025-C,/mnt/engg-leung/Research_No9_Methane_Emissions/Yuyao/raw_data_dir_L89_L2SR_by_gee/emi20240625t065010p05025-C_l89_sr_LANDSAT_9_20240625T071431Z.tif,emi20240625t065010p05025-C_l89_sr_LANDSAT_9_20240625T071431Z.tif
emi20240626t060123p04016-B,/mnt/engg-leung/Research_No9_Methane_Emissions/Yuyao/raw_data_dir_L89_L2SR_by_gee/emi20240626t060123p04016-B_l89_sr_LANDSAT_8_20240626T070722Z.tif,emi20240626t060123p04016-B_l89_sr_LANDSAT_8_20240626T070722Z.tif
emi20240626t060135p04017-A,/mnt/engg-leung/Research_No9_Methane_Emissions/Yuyao/raw_data_dir_L89_L2SR_by_gee/emi20240626t060135p04017-A_l89_sr_LANDSAT_8_20240626T070722Z.tif,emi20240626t060135p04017-A_l89_sr_LANDSAT_8_20240626T070722Z.tif
emi20240701t145112p09037-A,/mnt/engg-leung/Research_No9_Methane_Emissions/Yuyao/raw_data_dir_L89_L2SR_by_gee/emi20240701t145112p09037-A_l89_sr_LANDSAT_8_20240702T132410Z.tif,emi20240701t145112p09037-A_l89_sr_LANDSAT_8_20240702T132410Z.tif
emi20240702t042659p03003-A,/mnt/engg-leung/Research_No9_Methane_Emissions/Yuyao/raw_data_dir_L89_L2SR_by_gee/emi20240702t042659p03003-A_l89_sr_LANDSAT_9_20240702T072139Z.tif,emi20240702t042659p03003-A_l89_sr_LANDSAT_9_20240702T072139Z.tif
emi20240702t042711p03004-C,/mnt/engg-leung/Research_No9_Methane_Emissions/Yuyao/raw_data_dir_L89_L2SR_by_gee/emi20240702t042711p03004-C_l89_sr_LANDSAT_9_20240702T072139Z.tif,emi20240702t042711p03004-C_l89_sr_LANDSAT_9_20240702T072139Z.tif
emi20240720t155235p10015-A,/mnt/engg-leung/Research_No9_Methane_Emissions/Yuyao/raw_data_dir_L89_L2SR_by_gee/emi20240720t155235p10015-A_l89_sr_LANDSAT_9_20240721T130348Z.tif,emi20240720t155235p10015-A_l89_sr_LANDSAT_9_20240721T130348Z.tif
emi20240722t130229p09015-A,/mnt/engg-leung/Research_No9_Methane_Emissions/Yuyao/raw_data_dir_L89_L2SR_by_gee/emi20240722t130229p09015-A_l89_sr_LANDSAT_8_20240723T082938Z.tif,emi20240722t130229p09015-A_l89_sr_LANDSAT_8_20240723T082938Z.tif
emi20240723t104022p07021-D,/mnt/engg-leung/Research_No9_Methane_Emissions/Yuyao/raw_data_dir_L89_L2SR_by_gee/emi20240723t104022p07021-D_l89_sr_LANDSAT_9_20240724T064535Z.tif,emi20240723t104022p07021-D_l89_sr_LANDSAT_9_20240724T064535Z.tif
emi20240723t104033p07022-C,/mnt/engg-leung/Research_No9_Methane_Emissions/Yuyao/raw_data_dir_L89_L2SR_by_gee/emi20240723t104033p07022-C_l89_sr_LANDSAT_9_20240724T064535Z.tif,emi20240723t104033p07022-C_l89_sr_LANDSAT_9_20240724T064535Z.tif
emi20240725t103930p07004-A,/mnt/engg-leung/Research_No9_Methane_Emissions/Yuyao/raw_data_dir_L89_L2SR_by_gee/emi20240725t103930p07004-A_l89_sr_LANDSAT_8_20240726T072204Z.tif,emi20240725t103930p07004-A_l89_sr_LANDSAT_8_20240726T072204Z.tif
emi20240725t103930p07004-B,/mnt/engg-leung/Research_No9_Methane_Emissions/Yuyao/raw_data_dir_L89_L2SR_by_gee/emi20240725t103930p07004-B_l89_sr_LANDSAT_8_20240726T072204Z.tif,emi20240725t103930p07004-B_l89_sr_LANDSAT_8_20240726T072204Z.tif
emi20240725t103930p07004-D,/mnt/engg-leung/Research_No9_Methane_Emissions/Yuyao/raw_data_dir_L89_L2SR_by_gee/emi20240725t103930p07004-D_l89_sr_LANDSAT_8_20240726T072204Z.tif,emi20240725t103930p07004-D_l89_sr_LANDSAT_8_20240726T072204Z.tif
emi20240725t103930p07004-E,/mnt/engg-leung/Research_No9_Methane_Emissions/Yuyao/raw_data_dir_L89_L2SR_by_gee/emi20240725t103930p07004-E_l89_sr_LANDSAT_8_20240726T072204Z.tif,emi20240725t103930p07004-E_l89_sr_LANDSAT_8_20240726T072204Z.tif
emi20240725t104353p07017-B,/mnt/engg-leung/Research_No9_Methane_Emissions/Yuyao/raw_data_dir_L89_L2SR_by_gee/emi20240725t104353p07017-B_l89_sr_LANDSAT_9_20240726T062914Z.tif,emi20240725t104353p07017-B_l89_sr_LANDSAT_9_20240726T062914Z.tif
emi20240726t064925p05007-A,/mnt/engg-leung/Research_No9_Methane_Emissions/Yuyao/raw_data_dir_L89_L2SR_by_gee/emi20240726t064925p05007-A_l89_sr_LANDSAT_8_20240727T030617Z.tif,emi20240726t064925p05007-A_l89_sr_LANDSAT_8_20240727T030617Z.tif
emi20240726t112707p08013-A,/mnt/engg-leung/Research_No9_Methane_Emissions/Yuyao/raw_data_dir_L89_L2SR_by_gee/emi20240726t112707p08013-A_l89_sr_LANDSAT_8_20240727T080321Z.tif,emi20240726t112707p08013-A_l89_sr_LANDSAT_8_20240727T080321Z.tif
emi20240803t081201p06014-A,/mnt/engg-leung/Research_No9_Methane_Emissions/Yuyao/raw_data_dir_L89_L2SR_by_gee/emi20240803t081201p06014-A_l89_sr_LANDSAT_9_20240804T080426Z.tif,emi20240803t081201p06014-A_l89_sr_LANDSAT_9_20240804T080426Z.tif
emi20240803t094458p07011-A,/mnt/engg-leung/Research_No9_Methane_Emissions/Yuyao/raw_data_dir_L89_L2SR_by_gee/emi20240803t094458p07011-A_l89_sr_LANDSAT_9_20240804T094255Z.tif,emi20240803t094458p07011-A_l89_sr_LANDSAT_9_20240804T094255Z.tif
emi20240803t112126p08004-A,/mnt/engg-leung/Research_No9_Methane_Emissions/Yuyao/raw_data_dir_L89_L2SR_by_gee/emi20240803t112126p08004-A_l89_sr_LANDSAT_8_20240804T103002Z.tif,emi20240803t112126p08004-A_l89_sr_LANDSAT_8_20240804T103002Z.tif
emi20240803t190415p13004-B,/mnt/engg-leung/Research_No9_Methane_Emissions/Yuyao/raw_data_dir_L89_L2SR_by_gee/emi20240803t190415p13004-B_l89_sr_LANDSAT_8_20240804T184515Z.tif,emi20240803t190415p13004-B_l89_sr_LANDSAT_8_20240804T184515Z.tif
emi20240803t190427p13005-A,/mnt/engg-leung/Research_No9_Methane_Emissions/Yuyao/raw_data_dir_L89_L2SR_by_gee/emi20240803t190427p13005-A_l89_sr_LANDSAT_8_20240804T184515Z.tif,emi20240803t190427p13005-A_l89_sr_LANDSAT_8_20240804T184515Z.tif
emi20240803t190427p13005-B,/mnt/engg-leung/Research_No9_Methane_Emissions/Yuyao/raw_data_dir_L89_L2SR_by_gee/emi20240803t190427p13005-B_l89_sr_LANDSAT_8_20240804T184515Z.tif,emi20240803t190427p13005-B_l89_sr_LANDSAT_8_20240804T184515Z.tif
emi20240805t094900p07016-A,/mnt/engg-leung/Research_No9_Methane_Emissions/Yuyao/raw_data_dir_L89_L2SR_by_gee/emi20240805t094900p07016-A_l89_sr_LANDSAT_9_20240806T092722Z.tif,emi20240805t094900p07016-A_l89_sr_LANDSAT_9_20240806T092722Z.tif
emi20240806t072253p05003-A,/mnt/engg-leung/Research_No9_Methane_Emissions/Yuyao/raw_data_dir_L89_L2SR_by_gee/emi20240806t072253p05003-A_l89_sr_LANDSAT_8_20240806T084157Z.tif,emi20240806t072253p05003-A_l89_sr_LANDSAT_8_20240806T084157Z.tif
emi20240817t081655p06008-A,/mnt/engg-leung/Research_No9_Methane_Emissions/Yuyao/raw_data_dir_L89_L2SR_by_gee/emi20240817t081655p06008-A_l89_sr_LANDSAT_8_20240817T081823Z.tif,emi20240817t081655p06008-A_l89_sr_LANDSAT_8_20240817T081823Z.tif
emi20240824t103424p07003-A,/mnt/engg-leung/Research_No9_Methane_Emissions/Yuyao/raw_data_dir_L89_L2SR_by_gee/emi20240824t103424p07003-A_l89_sr_LANDSAT_9_20240824T105656Z.tif,emi20240824t103424p07003-A_l89_sr_LANDSAT_9_20240824T105656Z.tif
emi20240825t064423p04027-A,/mnt/engg-leung/Research_No9_Methane_Emissions/Yuyao/raw_data_dir_L89_L2SR_by_gee/emi20240825t064423p04027-A_l89_sr_LANDSAT_9_20240825T064556Z.tif,emi20240825t064423p04027-A_l89_sr_LANDSAT_9_20240825T064556Z.tif
emi20240825t064423p04027-B,/mnt/engg-leung/Research_No9_Methane_Emissions/Yuyao/raw_data_dir_L89_L2SR_by_gee/emi20240825t064423p04027-B_l89_sr_LANDSAT_9_20240825T064556Z.tif,emi20240825t064423p04027-B_l89_sr_LANDSAT_9_20240825T064556Z.tif
emi20240825t173151p11011-A,/mnt/engg-leung/Research_No9_Methane_Emissions/Yuyao/raw_data_dir_L89_L2SR_by_gee/emi20240825t173151p11011-A_l89_sr_LANDSAT_9_20240825T181608Z.tif,emi20240825t173151p11011-A_l89_sr_LANDSAT_9_20240825T181608Z.tif
emi20240826t151037p10002-B,/mnt/engg-leung/Research_No9_Methane_Emissions/Yuyao/raw_data_dir_L89_L2SR_by_gee/emi20240826t151037p10002-B_l89_sr_LANDSAT_8_20240826T163039Z.tif,emi20240826t151037p10002-B_l89_sr_LANDSAT_8_20240826T163039Z.tif
emi20240915t172803p11022-A,/mnt/engg-leung/Research_No9_Methane_Emissions/Yuyao/raw_data_dir_L89_L2SR_by_gee/emi20240915t172803p11022-A_l89_sr_LANDSAT_8_20240916T135020Z.tif,emi20240915t172803p11022-A_l89_sr_LANDSAT_8_20240916T135020Z.tif
emi20240924t133617p08018-A,/mnt/engg-leung/Research_No9_Methane_Emissions/Yuyao/raw_data_dir_L89_L2SR_by_gee/emi20240924t133617p08018-A_l89_sr_LANDSAT_9_20240925T125148Z.tif,emi20240924t133617p08018-A_l89_sr_LANDSAT_9_20240925T125148Z.tif
emi20240924t133617p08018-B,/mnt/engg-leung/Research_No9_Methane_Emissions/Yuyao/raw_data_dir_L89_L2SR_by_gee/emi20240924t133617p08018-B_l89_sr_LANDSAT_9_20240925T125148Z.tif,emi20240924t133617p08018-B_l89_sr_LANDSAT_9_20240925T125148Z.tif
emi20240926t121916p08005-A,/mnt/engg-leung/Research_No9_Methane_Emissions/Yuyao/raw_data_dir_L89_L2SR_by_gee/emi20240926t121916p08005-A_l89_sr_LANDSAT_8_20240927T095648Z.tif,emi20240926t121916p08005-A_l89_sr_LANDSAT_8_20240927T095648Z.tif
emi20240926t121916p08005-B,/mnt/engg-leung/Research_No9_Methane_Emissions/Yuyao/raw_data_dir_L89_L2SR_by_gee/emi20240926t121916p08005-B_l89_sr_LANDSAT_8_20240927T095648Z.tif,emi20240926t121916p08005-B_l89_sr_LANDSAT_8_20240927T095648Z.tif
emi20240927t130748p09003-A,/mnt/engg-leung/Research_No9_Methane_Emissions/Yuyao/raw_data_dir_L89_L2SR_by_gee/emi20240927t130748p09003-A_l89_sr_LANDSAT_8_20240928T103803Z.tif,emi20240927t130748p09003-A_l89_sr_LANDSAT_8_20240928T103803Z.tif
emi20240928t133508p08022-A,/mnt/engg-leung/Research_No9_Methane_Emissions/Yuyao/raw_data_dir_L89_L2SR_by_gee/emi20240928t133508p08022-A_l89_sr_LANDSAT_8_20240928T141033Z.tif,emi20240928t133508p08022-A_l89_sr_LANDSAT_8_20240928T141033Z.tif
emi20240930t091314p06024-A,/mnt/engg-leung/Research_No9_Methane_Emissions/Yuyao/raw_data_dir_L89_L2SR_by_gee/emi20240930t091314p06024-A_l89_sr_LANDSAT_8_20241001T075111Z.tif,emi20240930t091314p06024-A_l89_sr_LANDSAT_8_20241001T075111Z.tif
emi20240930t091314p06024-B,/mnt/engg-leung/Research_No9_Methane_Emissions/Yuyao/raw_data_dir_L89_L2SR_by_gee/emi20240930t091314p06024-B_l89_sr_LANDSAT_8_20241001T075111Z.tif,emi20240930t091314p06024-B_l89_sr_LANDSAT_8_20241001T075111Z.tif
emi20240930t091314p06024-C,/mnt/engg-leung/Research_No9_Methane_Emissions/Yuyao/raw_data_dir_L89_L2SR_by_gee/emi20240930t091314p06024-C_l89_sr_LANDSAT_8_20241001T075111Z.tif,emi20240930t091314p06024-C_l89_sr_LANDSAT_8_20241001T075111Z.tif
emi20241005t051146p04002-A,/mnt/engg-leung/Research_No9_Methane_Emissions/Yuyao/raw_data_dir_L89_L2SR_by_gee/emi20241005t051146p04002-A_l89_sr_LANDSAT_9_20241005T064043Z.tif,emi20241005t051146p04002-A_l89_sr_LANDSAT_9_20241005T064043Z.tif
emi20241005t082640p06020-A,/mnt/engg-leung/Research_No9_Methane_Emissions/Yuyao/raw_data_dir_L89_L2SR_by_gee/emi20241005t082640p06020-A_l89_sr_LANDSAT_8_20241006T080723Z.tif,emi20241005t082640p06020-A_l89_sr_LANDSAT_8_20241006T080723Z.tif
emi20241007t051707p04018-A,/mnt/engg-leung/Research_No9_Methane_Emissions/Yuyao/raw_data_dir_L89_L2SR_by_gee/emi20241007t051707p04018-A_l89_sr_LANDSAT_9_20241007T062357Z.tif,emi20241007t051707p04018-A_l89_sr_LANDSAT_9_20241007T062357Z.tif
emi20241007t051707p04018-B,/mnt/engg-leung/Research_No9_Methane_Emissions/Yuyao/raw_data_dir_L89_L2SR_by_gee/emi20241007t051707p04018-B_l89_sr_LANDSAT_9_20241007T062421Z.tif,emi20241007t051707p04018-B_l89_sr_LANDSAT_9_20241007T062421Z.tif
emi20241008t060159p04006-E,/mnt/engg-leung/Research_No9_Methane_Emissions/Yuyao/raw_data_dir_L89_L2SR_by_gee/emi20241008t060159p04006-E_l89_sr_LANDSAT_8_20241008T075726Z.tif,emi20241008t060159p04006-E_l89_sr_LANDSAT_8_20241008T075726Z.tif
emi20241014t061940p04010-A,/mnt/engg-leung/Research_No9_Methane_Emissions/Yuyao/raw_data_dir_L89_L2SR_by_gee/emi20241014t061940p04010-A_l89_sr_LANDSAT_8_20241015T030707Z.tif,emi20241014t061940p04010-A_l89_sr_LANDSAT_8_20241015T030707Z.tif
emi20241014t062003p04012-A,/mnt/engg-leung/Research_No9_Methane_Emissions/Yuyao/raw_data_dir_L89_L2SR_by_gee/emi20241014t062003p04012-A_l89_sr_LANDSAT_8_20241015T030707Z.tif,emi20241014t062003p04012-A_l89_sr_LANDSAT_8_20241015T030707Z.tif
emi20241014t062003p04012-B,/mnt/engg-leung/Research_No9_Methane_Emissions/Yuyao/raw_data_dir_L89_L2SR_by_gee/emi20241014t062003p04012-B_l89_sr_LANDSAT_8_20241015T030707Z.tif,emi20241014t062003p04012-B_l89_sr_LANDSAT_8_20241015T030707Z.tif
emi20241014t062003p04012-C,/mnt/engg-leung/Research_No9_Methane_Emissions/Yuyao/raw_data_dir_L89_L2SR_by_gee/emi20241014t062003p04012-C_l89_sr_LANDSAT_8_20241015T030707Z.tif,emi20241014t062003p04012-C_l89_sr_LANDSAT_8_20241015T030707Z.tif
emi20241014t062003p04012-D,/mnt/engg-leung/Research_No9_Methane_Emissions/Yuyao/raw_data_dir_L89_L2SR_by_gee/emi20241014t062003p04012-D_l89_sr_LANDSAT_8_20241015T030707Z.tif,emi20241014t062003p04012-D_l89_sr_LANDSAT_8_20241015T030707Z.tif
emi20241014t062003p04012-E,/mnt/engg-leung/Research_No9_Methane_Emissions/Yuyao/raw_data_dir_L89_L2SR_by_gee/emi20241014t062003p04012-E_l89_sr_LANDSAT_8_20241015T030707Z.tif,emi20241014t062003p04012-E_l89_sr_LANDSAT_8_20241015T030707Z.tif
emi20241014t062003p04012-F,/mnt/engg-leung/Research_No9_Methane_Emissions/Yuyao/raw_data_dir_L89_L2SR_by_gee/emi20241014t062003p04012-F_l89_sr_LANDSAT_8_20241015T030707Z.tif,emi20241014t062003p04012-F_l89_sr_LANDSAT_8_20241015T030707Z.tif
emi20241014t062003p04012-G,/mnt/engg-leung/Research_No9_Methane_Emissions/Yuyao/raw_data_dir_L89_L2SR_by_gee/emi20241014t062003p04012-G_l89_sr_LANDSAT_8_20241015T030707Z.tif,emi20241014t062003p04012-G_l89_sr_LANDSAT_8_20241015T030707Z.tif
emi20241014t062003p04012-H,/mnt/engg-leung/Research_No9_Methane_Emissions/Yuyao/raw_data_dir_L89_L2SR_by_gee/emi20241014t062003p04012-H_l89_sr_LANDSAT_8_20241015T030707Z.tif,emi20241014t062003p04012-H_l89_sr_LANDSAT_8_20241015T030707Z.tif
emi20241014t062003p04012-I,/mnt/engg-leung/Research_No9_Methane_Emissions/Yuyao/raw_data_dir_L89_L2SR_by_gee/emi20241014t062003p04012-I_l89_sr_LANDSAT_8_20241015T030707Z.tif,emi20241014t062003p04012-I_l89_sr_LANDSAT_8_20241015T030707Z.tif
emi20241014t062003p04012-J,/mnt/engg-leung/Research_No9_Methane_Emissions/Yuyao/raw_data_dir_L89_L2SR_by_gee/emi20241014t062003p04012-J_l89_sr_LANDSAT_8_20241015T030707Z.tif,emi20241014t062003p04012-J_l89_sr_LANDSAT_8_20241015T030707Z.tif
emi20241014t062003p04012-K,/mnt/engg-leung/Research_No9_Methane_Emissions/Yuyao/raw_data_dir_L89_L2SR_by_gee/emi20241014t062003p04012-K_l89_sr_LANDSAT_8_20241015T030707Z.tif,emi20241014t062003p04012-K_l89_sr_LANDSAT_8_20241015T030707Z.tif
emi20241014t062003p04012-L,/mnt/engg-leung/Research_No9_Methane_Emissions/Yuyao/raw_data_dir_L89_L2SR_by_gee/emi20241014t062003p04012-L_l89_sr_LANDSAT_8_20241015T030707Z.tif,emi20241014t062003p04012-L_l89_sr_LANDSAT_8_20241015T030707Z.tif
emi20241014t062003p04012-M,/mnt/engg-leung/Research_No9_Methane_Emissions/Yuyao/raw_data_dir_L89_L2SR_by_gee/emi20241014t062003p04012-M_l89_sr_LANDSAT_8_20241015T030707Z.tif,emi20241014t062003p04012-M_l89_sr_LANDSAT_8_20241015T030707Z.tif
emi20241014t062003p04012-N,/mnt/engg-leung/Research_No9_Methane_Emissions/Yuyao/raw_data_dir_L89_L2SR_by_gee/emi20241014t062003p04012-N_l89_sr_LANDSAT_8_20241015T030707Z.tif,emi20241014t062003p04012-N_l89_sr_LANDSAT_8_20241015T030707Z.tif
emi20241014t062003p04012-O,/mnt/engg-leung/Research_No9_Methane_Emissions/Yuyao/raw_data_dir_L89_L2SR_by_gee/emi20241014t062003p04012-O_l89_sr_LANDSAT_8_20241015T030707Z.tif,emi20241014t062003p04012-O_l89_sr_LANDSAT_8_20241015T030707Z.tif
emi20241014t062003p04012-P,/mnt/engg-leung/Research_No9_Methane_Emissions/Yuyao/raw_data_dir_L89_L2SR_by_gee/emi20241014t062003p04012-P_l89_sr_LANDSAT_8_20241015T030707Z.tif,emi20241014t062003p04012-P_l89_sr_LANDSAT_8_20241015T030707Z.tif
emi20241014t062003p04012-Q,/mnt/engg-leung/Research_No9_Methane_Emissions/Yuyao/raw_data_dir_L89_L2SR_by_gee/emi20241014t062003p04012-Q_l89_sr_LANDSAT_8_20241015T030707Z.tif,emi20241014t062003p04012-Q_l89_sr_LANDSAT_8_20241015T030707Z.tif
emi20241014t092223p06007-A,/mnt/engg-leung/Research_No9_Methane_Emissions/Yuyao/raw_data_dir_L89_L2SR_by_gee/emi20241014t092223p06007-A_l89_sr_LANDSAT_9_20241015T071219Z.tif,emi20241014t092223p06007-A_l89_sr_LANDSAT_9_20241015T071219Z.tif
emi20241014t092223p06007-B,/mnt/engg-leung/Research_No9_Methane_Emissions/Yuyao/raw_data_dir_L89_L2SR_by_gee/emi20241014t092223p06007-B_l89_sr_LANDSAT_9_20241015T071219Z.tif,emi20241014t092223p06007-B_l89_sr_LANDSAT_9_20241015T071219Z.tif
emi20241014t092507p06016-A,/mnt/engg-leung/Research_No9_Methane_Emissions/Yuyao/raw_data_dir_L89_L2SR_by_gee/emi20241014t092507p06016-A_l89_sr_LANDSAT_8_20241015T062429Z.tif,emi20241014t092507p06016-A_l89_sr_LANDSAT_8_20241015T062429Z.tif
emi20241015t114211p08014-A,/mnt/engg-leung/Research_No9_Methane_Emissions/Yuyao/raw_data_dir_L89_L2SR_by_gee/emi20241015t114211p08014-A_l89_sr_LANDSAT_9_20241016T093517Z.tif,emi20241015t114211p08014-A_l89_sr_LANDSAT_9_20241016T093517Z.tif
emi20241016t030821p02003-A,/mnt/engg-leung/Research_No9_Methane_Emissions/Yuyao/raw_data_dir_L89_L2SR_by_gee/emi20241016t030821p02003-A_l89_sr_LANDSAT_9_20241017T020233Z.tif,emi20241016t030821p02003-A_l89_sr_LANDSAT_9_20241017T020233Z.tif
emi20241016t030821p02003-B,/mnt/engg-leung/Research_No9_Methane_Emissions/Yuyao/raw_data_dir_L89_L2SR_by_gee/emi20241016t030821p02003-B_l89_sr_LANDSAT_9_20241017T020233Z.tif,emi20241016t030821p02003-B_l89_sr_LANDSAT_9_20241017T020233Z.tif
emi20241018t092617p06021-B,/mnt/engg-leung/Research_No9_Methane_Emissions/Yuyao/raw_data_dir_L89_L2SR_by_gee/emi20241018t092617p06021-B_l89_sr_LANDSAT_9_20241019T065251Z.tif,emi20241018t092617p06021-B_l89_sr_LANDSAT_9_20241019T065251Z.tif
emi20241018t184113p12011-A,/mnt/engg-leung/Research_No9_Methane_Emissions/Yuyao/raw_data_dir_L89_L2SR_by_gee/emi20241018t184113p12011-A_l89_sr_LANDSAT_9_20241019T164411Z.tif,emi20241018t184113p12011-A_l89_sr_LANDSAT_9_20241019T164411Z.tif
emi20241021t100759p07003-A,/mnt/engg-leung/Research_No9_Methane_Emissions/Yuyao/raw_data_dir_L89_L2SR_by_gee/emi20241021t100759p07003-A_l89_sr_LANDSAT_9_20241022T090129Z.tif,emi20241021t100759p07003-A_l89_sr_LANDSAT_9_20241022T090129Z.tif
emi20241023t083741p06026-A,/mnt/engg-leung/Research_No9_Methane_Emissions/Yuyao/raw_data_dir_L89_L2SR_by_gee/emi20241023t083741p06026-A_l89_sr_LANDSAT_9_20241024T071350Z.tif,emi20241023t083741p06026-A_l89_sr_LANDSAT_9_20241024T071350Z.tif
emi20241026t172133p11019-A,/mnt/engg-leung/Research_No9_Methane_Emissions/Yuyao/raw_data_dir_L89_L2SR_by_gee/emi20241026t172133p11019-A_l89_sr_LANDSAT_8_20241027T134439Z.tif,emi20241026t172133p11019-A_l89_sr_LANDSAT_8_20241027T134439Z.tif
emi20241026t172133p11019-B,/mnt/engg-leung/Research_No9_Methane_Emissions/Yuyao/raw_data_dir_L89_L2SR_by_gee/emi20241026t172133p11019-B_l89_sr_LANDSAT_8_20241027T134439Z.tif,emi20241026t172133p11019-B_l89_sr_LANDSAT_8_20241027T134439Z.tif
emi20241103t074747p05032-A,/mnt/engg-leung/Research_No9_Methane_Emissions/Yuyao/raw_data_dir_L89_L2SR_by_gee/emi20241103t074747p05032-A_l89_sr_LANDSAT_9_20241103T080224Z.tif,emi20241103t074747p05032-A_l89_sr_LANDSAT_9_20241103T080224Z.tif
emi20241127t045106p04010-A,/mnt/engg-leung/Research_No9_Methane_Emissions/Yuyao/raw_data_dir_L89_L2SR_by_gee/emi20241127t045106p04010-A_l89_sr_LANDSAT_8_20241128T033758Z.tif,emi20241127t045106p04010-A_l89_sr_LANDSAT_8_20241128T033758Z.tif
emi20241129t045656p04010-A,/mnt/engg-leung/Research_No9_Methane_Emissions/Yuyao/raw_data_dir_L89_L2SR_by_gee/emi20241129t045656p04010-A_l89_sr_LANDSAT_8_20241130T031937Z.tif,emi20241129t045656p04010-A_l89_sr_LANDSAT_8_20241130T031937Z.tif
emi20241130t180334p12009-B,/mnt/engg-leung/Research_No9_Methane_Emissions/Yuyao/raw_data_dir_L89_L2SR_by_gee/emi20241130t180334p12009-B_l89_sr_LANDSAT_8_20241201T171509Z.tif,emi20241130t180334p12009-B_l89_sr_LANDSAT_8_20241201T171509Z.tif
emi20241130t180334p12009-C,/mnt/engg-leung/Research_No9_Methane_Emissions/Yuyao/raw_data_dir_L89_L2SR_by_gee/emi20241130t180334p12009-C_l89_sr_LANDSAT_8_20241201T171509Z.tif,emi20241130t180334p12009-C_l89_sr_LANDSAT_8_20241201T171509Z.tif
emi20241201t080027p06022-A,/mnt/engg-leung/Research_No9_Methane_Emissions/Yuyao/raw_data_dir_L89_L2SR_by_gee/emi20241201t080027p06022-A_l89_sr_LANDSAT_9_20241202T071431Z.tif,emi20241201t080027p06022-A_l89_sr_LANDSAT_9_20241202T071431Z.tif
emi20241201t080038p06023-A,/mnt/engg-leung/Research_No9_Methane_Emissions/Yuyao/raw_data_dir_L89_L2SR_by_gee/emi20241201t080038p06023-A_l89_sr_LANDSAT_9_20241202T071431Z.tif,emi20241201t080038p06023-A_l89_sr_LANDSAT_9_20241202T071431Z.tif
emi20241201t080038p06023-C,/mnt/engg-leung/Research_No9_Methane_Emissions/Yuyao/raw_data_dir_L89_L2SR_by_gee/emi20241201t080038p06023-C_l89_sr_LANDSAT_9_20241202T071431Z.tif,emi20241201t080038p06023-C_l89_sr_LANDSAT_9_20241202T071431Z.tif
emi20241202t071056p05010-A,/mnt/engg-leung/Research_No9_Methane_Emissions/Yuyao/raw_data_dir_L89_L2SR_by_gee/emi20241202t071056p05010-A_l89_sr_LANDSAT_8_20241203T070951Z.tif,emi20241202t071056p05010-A_l89_sr_LANDSAT_8_20241203T070951Z.tif
emi20241202t071056p05010-B,/mnt/engg-leung/Research_No9_Methane_Emissions/Yuyao/raw_data_dir_L89_L2SR_by_gee/emi20241202t071056p05010-B_l89_sr_LANDSAT_8_20241203T070951Z.tif,emi20241202t071056p05010-B_l89_sr_LANDSAT_8_20241203T070951Z.tif
emi20241202t071056p05010-C,/mnt/engg-leung/Research_No9_Methane_Emissions/Yuyao/raw_data_dir_L89_L2SR_by_gee/emi20241202t071056p05010-C_l89_sr_LANDSAT_9_20241202T071607Z.tif,emi20241202t071056p05010-C_l89_sr_LANDSAT_9_20241202T071607Z.tif
emi20241202t071056p05010-D,/mnt/engg-leung/Research_No9_Methane_Emissions/Yuyao/raw_data_dir_L89_L2SR_by_gee/emi20241202t071056p05010-D_l89_sr_LANDSAT_9_20241202T071607Z.tif,emi20241202t071056p05010-D_l89_sr_LANDSAT_9_20241202T071607Z.tif
emi20241202t071108p05011-A,/mnt/engg-leung/Research_No9_Methane_Emissions/Yuyao/raw_data_dir_L89_L2SR_by_gee/emi20241202t071108p05011-A_l89_sr_LANDSAT_8_20241203T070927Z.tif,emi20241202t071108p05011-A_l89_sr_LANDSAT_8_20241203T070927Z.tif
emi20241202t071108p05011-B,/mnt/engg-leung/Research_No9_Methane_Emissions/Yuyao/raw_data_dir_L89_L2SR_by_gee/emi20241202t071108p05011-B_l89_sr_LANDSAT_8_20241203T070951Z.tif,emi20241202t071108p05011-B_l89_sr_LANDSAT_8_20241203T070951Z.tif
emi20241202t162414p11009-A,/mnt/engg-leung/Research_No9_Methane_Emissions/Yuyao/raw_data_dir_L89_L2SR_by_gee/emi20241202t162414p11009-A_l89_sr_LANDSAT_9_20241202T171212Z.tif,emi20241202t162414p11009-A_l89_sr_LANDSAT_9_20241202T171212Z.tif
emi20241216t085254p06006-B,/mnt/engg-leung/Research_No9_Methane_Emissions/Yuyao/raw_data_dir_L89_L2SR_by_gee/emi20241216t085254p06006-B_l89_sr_LANDSAT_8_20241217T054423Z.tif,emi20241216t085254p06006-B_l89_sr_LANDSAT_8_20241217T054423Z.tif
emi20241216t085254p06006-C,/mnt/engg-leung/Research_No9_Methane_Emissions/Yuyao/raw_data_dir_L89_L2SR_by_gee/emi20241216t085254p06006-C_l89_sr_LANDSAT_8_20241217T054423Z.tif,emi20241216t085254p06006-C_l89_sr_LANDSAT_8_20241217T054423Z.tif
emi20241216t115718p08003-A,/mnt/engg-leung/Research_No9_Methane_Emissions/Yuyao/raw_data_dir_L89_L2SR_by_gee/emi20241216t115718p08003-A_l89_sr_LANDSAT_8_20241217T090121Z.tif,emi20241216t115718p08003-A_l89_sr_LANDSAT_8_20241217T090121Z.tif
emi20241216t115730p08004-A,/mnt/engg-leung/Research_No9_Methane_Emissions/Yuyao/raw_data_dir_L89_L2SR_by_gee/emi20241216t115730p08004-A_l89_sr_LANDSAT_8_20241217T090121Z.tif,emi20241216t115730p08004-A_l89_sr_LANDSAT_8_20241217T090121Z.tif
emi20241217t045512p03002-A,/mnt/engg-leung/Research_No9_Methane_Emissions/Yuyao/raw_data_dir_L89_L2SR_by_gee/emi20241217t045512p03002-A_l89_sr_LANDSAT_8_20241218T030641Z.tif,emi20241217t045512p03002-A_l89_sr_LANDSAT_8_20241218T030641Z.tif
emi20241217t045512p03002-B,/mnt/engg-leung/Research_No9_Methane_Emissions/Yuyao/raw_data_dir_L89_L2SR_by_gee/emi20241217t045512p03002-B_l89_sr_LANDSAT_8_20241218T030641Z.tif,emi20241217t045512p03002-B_l89_sr_LANDSAT_8_20241218T030641Z.tif
emi20241217t045512p03002-C,/mnt/engg-leung/Research_No9_Methane_Emissions/Yuyao/raw_data_dir_L89_L2SR_by_gee/emi20241217t045512p03002-C_l89_sr_LANDSAT_8_20241218T030641Z.tif,emi20241217t045512p03002-C_l89_sr_LANDSAT_8_20241218T030641Z.tif
emi20241217t045523p03003-I,/mnt/engg-leung/Research_No9_Methane_Emissions/Yuyao/raw_data_dir_L89_L2SR_by_gee/emi20241217t045523p03003-I_l89_sr_LANDSAT_8_20241218T030641Z.tif,emi20241217t045523p03003-I_l89_sr_LANDSAT_8_20241218T030641Z.tif
emi20241217t045523p03003-R,/mnt/engg-leung/Research_No9_Methane_Emissions/Yuyao/raw_data_dir_L89_L2SR_by_gee/emi20241217t045523p03003-R_l89_sr_LANDSAT_8_20241218T030641Z.tif,emi20241217t045523p03003-R_l89_sr_LANDSAT_8_20241218T030641Z.tif
emi20241217t045523p03003-V,/mnt/engg-leung/Research_No9_Methane_Emissions/Yuyao/raw_data_dir_L89_L2SR_by_gee/emi20241217t045523p03003-V_l89_sr_LANDSAT_8_20241218T030641Z.tif,emi20241217t045523p03003-V_l89_sr_LANDSAT_8_20241218T030641Z.tif
emi20241217t093554p06014-A,/mnt/engg-leung/Research_No9_Methane_Emissions/Yuyao/raw_data_dir_L89_L2SR_by_gee/emi20241217t093554p06014-A_l89_sr_LANDSAT_9_20241218T071538Z.tif,emi20241217t093554p06014-A_l89_sr_LANDSAT_9_20241218T071538Z.tif
emi20241217t093554p06014-B,/mnt/engg-leung/Research_No9_Methane_Emissions/Yuyao/raw_data_dir_L89_L2SR_by_gee/emi20241217t093554p06014-B_l89_sr_LANDSAT_9_20241218T071538Z.tif,emi20241217t093554p06014-B_l89_sr_LANDSAT_9_20241218T071538Z.tif
emi20241217t093554p06014-C,/mnt/engg-leung/Research_No9_Methane_Emissions/Yuyao/raw_data_dir_L89_L2SR_by_gee/emi20241217t093554p06014-C_l89_sr_LANDSAT_9_20241218T071538Z.tif,emi20241217t093554p06014-C_l89_sr_LANDSAT_9_20241218T071538Z.tif
emi20241217t093554p06014-D,/mnt/engg-leung/Research_No9_Methane_Emissions/Yuyao/raw_data_dir_L89_L2SR_by_gee/emi20241217t093554p06014-D_l89_sr_LANDSAT_9_20241218T071538Z.tif,emi20241217t093554p06014-D_l89_sr_LANDSAT_9_20241218T071538Z.tif
emi20241218t102612p07005-A,/mnt/engg-leung/Research_No9_Methane_Emissions/Yuyao/raw_data_dir_L89_L2SR_by_gee/emi20241218t102612p07005-A_l89_sr_LANDSAT_8_20241219T071342Z.tif,emi20241218t102612p07005-A_l89_sr_LANDSAT_8_20241219T071342Z.tif
emi20241219t080409p05003-C,/mnt/engg-leung/Research_No9_Methane_Emissions/Yuyao/raw_data_dir_L89_L2SR_by_gee/emi20241219t080409p05003-C_l89_sr_LANDSAT_9_20241220T052758Z.tif,emi20241219t080409p05003-C_l89_sr_LANDSAT_9_20241220T052758Z.tif
emi20241219t080409p05003-E,/mnt/engg-leung/Research_No9_Methane_Emissions/Yuyao/raw_data_dir_L89_L2SR_by_gee/emi20241219t080409p05003-E_l89_sr_LANDSAT_9_20241220T052758Z.tif,emi20241219t080409p05003-E_l89_sr_LANDSAT_9_20241220T052758Z.tif
emi20250126t124821p09002-A,/mnt/engg-leung/Research_No9_Methane_Emissions/Yuyao/raw_data_dir_L89_L2SR_by_gee/emi20250126t124821p09002-A_l89_sr_LANDSAT_9_20250127T112736Z.tif,emi20250126t124821p09002-A_l89_sr_LANDSAT_9_20250127T112736Z.tif
emi20250127t181322p12005-A,/mnt/engg-leung/Research_No9_Methane_Emissions/Yuyao/raw_data_dir_L89_L2SR_by_gee/emi20250127t181322p12005-A_l89_sr_LANDSAT_9_20250128T170554Z.tif,emi20250127t181322p12005-A_l89_sr_LANDSAT_9_20250128T170554Z.tif
emi20250127t181345p12007-B,/mnt/engg-leung/Research_No9_Methane_Emissions/Yuyao/raw_data_dir_L89_L2SR_by_gee/emi20250127t181345p12007-B_l89_sr_LANDSAT_9_20250128T170554Z.tif,emi20250127t181345p12007-B_l89_sr_LANDSAT_9_20250128T170554Z.tif
emi20250128t063810p05012-A,/mnt/engg-leung/Research_No9_Methane_Emissions/Yuyao/raw_data_dir_L89_L2SR_by_gee/emi20250128t063810p05012-A_l89_sr_LANDSAT_8_20250129T052528Z.tif,emi20250128t063810p05012-A_l89_sr_LANDSAT_8_20250129T052528Z.tif
emi20250128t063810p05012-B,/mnt/engg-leung/Research_No9_Methane_Emissions/Yuyao/raw_data_dir_L89_L2SR_by_gee/emi20250128t063810p05012-B_l89_sr_LANDSAT_8_20250129T052528Z.tif,emi20250128t063810p05012-B_l89_sr_LANDSAT_8_20250129T052528Z.tif
emi20250129t163959p11015-A,/mnt/engg-leung/Research_No9_Methane_Emissions/Yuyao/raw_data_dir_L89_L2SR_by_gee/emi20250129t163959p11015-A_l89_sr_LANDSAT_8_20250130T160203Z.tif,emi20250129t163959p11015-A_l89_sr_LANDSAT_8_20250130T160203Z.tif
emi20250202t054303p04011-C,/mnt/engg-leung/Research_No9_Methane_Emissions/Yuyao/raw_data_dir_L89_L2SR_by_gee/emi20250202t054303p04011-C_l89_sr_LANDSAT_8_20250202T064051Z.tif,emi20250202t054303p04011-C_l89_sr_LANDSAT_8_20250202T064051Z.tif
emi20250202t054303p04011-D,/mnt/engg-leung/Research_No9_Methane_Emissions/Yuyao/raw_data_dir_L89_L2SR_by_gee/emi20250202t054303p04011-D_l89_sr_LANDSAT_8_20250202T064051Z.tif,emi20250202t054303p04011-D_l89_sr_LANDSAT_8_20250202T064051Z.tif
emi20250203t045947p04016-A,/mnt/engg-leung/Research_No9_Methane_Emissions/Yuyao/raw_data_dir_L89_L2SR_by_gee/emi20250203t045947p04016-A_l89_sr_LANDSAT_8_20250203T054227Z.tif,emi20250203t045947p04016-A_l89_sr_LANDSAT_8_20250203T054227Z.tif
emi20250211t064529p05009-A,/mnt/engg-leung/Research_No9_Methane_Emissions/Yuyao/raw_data_dir_L89_L2SR_by_gee/emi20250211t064529p05009-A_l89_sr_LANDSAT_8_20250212T035431Z.tif,emi20250211t064529p05009-A_l89_sr_LANDSAT_8_20250212T035431Z.tif
emi20250212t073250p05006-B,/mnt/engg-leung/Research_No9_Methane_Emissions/Yuyao/raw_data_dir_L89_L2SR_by_gee/emi20250212t073250p05006-B_l89_sr_LANDSAT_8_20250213T043858Z.tif,emi20250212t073250p05006-B_l89_sr_LANDSAT_8_20250213T043858Z.tif
emi20250218t060155p04034-A,/mnt/engg-leung/Research_No9_Methane_Emissions/Yuyao/raw_data_dir_L89_L2SR_by_gee/emi20250218t060155p04034-A_l89_sr_LANDSAT_9_20250219T031900Z.tif,emi20250218t060155p04034-A_l89_sr_LANDSAT_9_20250219T031900Z.tif
emi20250220t090527p06030-B,/mnt/engg-leung/Research_No9_Methane_Emissions/Yuyao/raw_data_dir_L89_L2SR_by_gee/emi20250220t090527p06030-B_l89_sr_LANDSAT_8_20250221T071337Z.tif,emi20250220t090527p06030-B_l89_sr_LANDSAT_8_20250221T071337Z.tif
emi20250220t090527p06030-C,/mnt/engg-leung/Research_No9_Methane_Emissions/Yuyao/raw_data_dir_L89_L2SR_by_gee/emi20250220t090527p06030-C_l89_sr_LANDSAT_8_20250221T071337Z.tif,emi20250220t090527p06030-C_l89_sr_LANDSAT_8_20250221T071337Z.tif
emi20250221t064447p05008-B,/mnt/engg-leung/Research_No9_Methane_Emissions/Yuyao/raw_data_dir_L89_L2SR_by_gee/emi20250221t064447p05008-B_l89_sr_LANDSAT_9_20250222T052758Z.tif,emi20250221t064447p05008-B_l89_sr_LANDSAT_9_20250222T052758Z.tif
emi20250226t184259p12001-A,/mnt/engg-leung/Research_No9_Methane_Emissions/Yuyao/raw_data_dir_L89_L2SR_by_gee/emi20250226t184259p12001-A_l89_sr_LANDSAT_9_20250227T141846Z.tif,emi20250226t184259p12001-A_l89_sr_LANDSAT_9_20250227T141846Z.tif
emi20250323t102746p07023-A,/mnt/engg-leung/Research_No9_Methane_Emissions/Yuyao/raw_data_dir_L89_L2SR_by_gee/emi20250323t102746p07023-A_l89_sr_LANDSAT_9_20250324T071944Z.tif,emi20250323t102746p07023-A_l89_sr_LANDSAT_9_20250324T071944Z.tif
emi20250323t102746p07023-B,/mnt/engg-leung/Research_No9_Methane_Emissions/Yuyao/raw_data_dir_L89_L2SR_by_gee/emi20250323t102746p07023-B_l89_sr_LANDSAT_9_20250324T071944Z.tif,emi20250323t102746p07023-B_l89_sr_LANDSAT_9_20250324T071944Z.tif
emi20250324t203622p13008-A,/mnt/engg-leung/Research_No9_Methane_Emissions/Yuyao/raw_data_dir_L89_L2SR_by_gee/emi20250324t203622p13008-A_l89_sr_LANDSAT_8_20250325T170152Z.tif,emi20250324t203622p13008-A_l89_sr_LANDSAT_8_20250325T170152Z.tif
emi20250324t203634p13009-A,/mnt/engg-leung/Research_No9_Methane_Emissions/Yuyao/raw_data_dir_L89_L2SR_by_gee/emi20250324t203634p13009-A_l89_sr_LANDSAT_8_20250325T170152Z.tif,emi20250324t203634p13009-A_l89_sr_LANDSAT_8_20250325T170152Z.tif
emi20250324t203634p13009-B,/mnt/engg-leung/Research_No9_Methane_Emissions/Yuyao/raw_data_dir_L89_L2SR_by_gee/emi20250324t203634p13009-B_l89_sr_LANDSAT_8_20250325T170152Z.tif,emi20250324t203634p13009-B_l89_sr_LANDSAT_8_20250325T170152Z.tif
emi20250324t203634p13009-D,/mnt/engg-leung/Research_No9_Methane_Emissions/Yuyao/raw_data_dir_L89_L2SR_by_gee/emi20250324t203634p13009-D_l89_sr_LANDSAT_8_20250325T170152Z.tif,emi20250324t203634p13009-D_l89_sr_LANDSAT_8_20250325T170152Z.tif
emi20250420t182309p12030-B,/mnt/engg-leung/Research_No9_Methane_Emissions/Yuyao/raw_data_dir_L89_L2SR_by_gee/emi20250420t182309p12030-B_l89_sr_LANDSAT_9_20250421T173253Z.tif,emi20250420t182309p12030-B_l89_sr_LANDSAT_9_20250421T173253Z.tif
emi20250517t121848p08011-A,/mnt/engg-leung/Research_No9_Methane_Emissions/Yuyao/raw_data_dir_L89_L2SR_by_gee/emi20250517t121848p08011-A_l89_sr_LANDSAT_8_20250518T063401Z.tif,emi20250517t121848p08011-A_l89_sr_LANDSAT_8_20250518T063401Z.tif
emi20250518t033225p03004-A,/mnt/engg-leung/Research_No9_Methane_Emissions/Yuyao/raw_data_dir_L89_L2SR_by_gee/emi20250518t033225p03004-A_l89_sr_LANDSAT_9_20250519T000446Z.tif,emi20250518t033225p03004-A_l89_sr_LANDSAT_9_20250519T000446Z.tif
emi20250518t033225p03004-B,/mnt/engg-leung/Research_No9_Methane_Emissions/Yuyao/raw_data_dir_L89_L2SR_by_gee/emi20250518t033225p03004-B_l89_sr_LANDSAT_9_20250519T000446Z.tif,emi20250518t033225p03004-B_l89_sr_LANDSAT_9_20250519T000446Z.tif
emi20250518t033225p03004-C,/mnt/engg-leung/Research_No9_Methane_Emissions/Yuyao/raw_data_dir_L89_L2SR_by_gee/emi20250518t033225p03004-C_l89_sr_LANDSAT_9_20250519T000446Z.tif,emi20250518t033225p03004-C_l89_sr_LANDSAT_9_20250519T000446Z.tif
emi20250518t033225p03004-D,/mnt/engg-leung/Research_No9_Methane_Emissions/Yuyao/raw_data_dir_L89_L2SR_by_gee/emi20250518t033225p03004-D_l89_sr_LANDSAT_9_20250519T000446Z.tif,emi20250518t033225p03004-D_l89_sr_LANDSAT_9_20250519T000446Z.tif
emi20250522t095711p07002-A,/mnt/engg-leung/Research_No9_Methane_Emissions/Yuyao/raw_data_dir_L89_L2SR_by_gee/emi20250522t095711p07002-A_l89_sr_LANDSAT_9_20250523T060224Z.tif,emi20250522t095711p07002-A_l89_sr_LANDSAT_9_20250523T060224Z.tif
emi20250526t082401p06008-A,/mnt/engg-leung/Research_No9_Methane_Emissions/Yuyao/raw_data_dir_L89_L2SR_by_gee/emi20250526t082401p06008-A_l89_sr_LANDSAT_9_20250527T053604Z.tif,emi20250526t082401p06008-A_l89_sr_LANDSAT_9_20250527T053604Z.tif
emi20250527t091223p06030-A,/mnt/engg-leung/Research_No9_Methane_Emissions/Yuyao/raw_data_dir_L89_L2SR_by_gee/emi20250527t091223p06030-A_l89_sr_LANDSAT_9_20250528T061719Z.tif,emi20250527t091223p06030-A_l89_sr_LANDSAT_9_20250528T061719Z.tif
emi20250528t052233p04048-A,/mnt/engg-leung/Research_No9_Methane_Emissions/Yuyao/raw_data_dir_L89_L2SR_by_gee/emi20250528t052233p04048-A_l89_sr_LANDSAT_9_20250529T020156Z.tif,emi20250528t052233p04048-A_l89_sr_LANDSAT_9_20250529T020156Z.tif
emi20250528t052233p04048-B,/mnt/engg-leung/Research_No9_Methane_Emissions/Yuyao/raw_data_dir_L89_L2SR_by_gee/emi20250528t052233p04048-B_l89_sr_LANDSAT_9_20250529T020156Z.tif,emi20250528t052233p04048-B_l89_sr_LANDSAT_9_20250529T020156Z.tif
emi20250602t200033p13007-A,/mnt/engg-leung/Research_No9_Methane_Emissions/Yuyao/raw_data_dir_L89_L2SR_by_gee/emi20250602t200033p13007-A_l89_sr_LANDSAT_9_20250603T184917Z.tif,emi20250602t200033p13007-A_l89_sr_LANDSAT_9_20250603T184917Z.tif
emi20250603t095246p07008-A,/mnt/engg-leung/Research_No9_Methane_Emissions/Yuyao/raw_data_dir_L89_L2SR_by_gee/emi20250603t095246p07008-A_l89_sr_LANDSAT_9_20250604T094113Z.tif,emi20250603t095246p07008-A_l89_sr_LANDSAT_9_20250604T094113Z.tif
emi20250603t160225p11027-A,/mnt/engg-leung/Research_No9_Methane_Emissions/Yuyao/raw_data_dir_L89_L2SR_by_gee/emi20250603t160225p11027-A_l89_sr_LANDSAT_8_20250603T162435Z.tif,emi20250603t160225p11027-A_l89_sr_LANDSAT_8_20250603T162435Z.tif
emi20250603t160225p11027-C,/mnt/engg-leung/Research_No9_Methane_Emissions/Yuyao/raw_data_dir_L89_L2SR_by_gee/emi20250603t160225p11027-C_l89_sr_LANDSAT_8_20250603T162411Z.tif,emi20250603t160225p11027-C_l89_sr_LANDSAT_8_20250603T162411Z.tif
emi20250603t160225p11027-E,/mnt/engg-leung/Research_No9_Methane_Emissions/Yuyao/raw_data_dir_L89_L2SR_by_gee/emi20250603t160225p11027-E_l89_sr_LANDSAT_8_20250603T162435Z.tif,emi20250603t160225p11027-E_l89_sr_LANDSAT_8_20250603T162435Z.tif
emi20250603t160225p11027-G,/mnt/engg-leung/Research_No9_Methane_Emissions/Yuyao/raw_data_dir_L89_L2SR_by_gee/emi20250603t160225p11027-G_l89_sr_LANDSAT_8_20250603T162435Z.tif,emi20250603t160225p11027-G_l89_sr_LANDSAT_8_20250603T162435Z.tif
emi20250603t173453p12004-A,/mnt/engg-leung/Research_No9_Methane_Emissions/Yuyao/raw_data_dir_L89_L2SR_by_gee/emi20250603t173453p12004-A_l89_sr_LANDSAT_8_20250603T180328Z.tif,emi20250603t173453p12004-A_l89_sr_LANDSAT_8_20250603T180328Z.tif
emi20250603t173453p12004-C,/mnt/engg-leung/Research_No9_Methane_Emissions/Yuyao/raw_data_dir_L89_L2SR_by_gee/emi20250603t173453p12004-C_l89_sr_LANDSAT_8_20250603T180328Z.tif,emi20250603t173453p12004-C_l89_sr_LANDSAT_8_20250603T180328Z.tif
emi20250604t025333p02020-A,/mnt/engg-leung/Research_No9_Methane_Emissions/Yuyao/raw_data_dir_L89_L2SR_by_gee/emi20250604t025333p02020-A_l89_sr_LANDSAT_9_20250604T030605Z.tif,emi20250604t025333p02020-A_l89_sr_LANDSAT_9_20250604T030605Z.tif
emi20250604t025333p02020-B,/mnt/engg-leung/Research_No9_Methane_Emissions/Yuyao/raw_data_dir_L89_L2SR_by_gee/emi20250604t025333p02020-B_l89_sr_LANDSAT_9_20250604T030605Z.tif,emi20250604t025333p02020-B_l89_sr_LANDSAT_9_20250604T030605Z.tif
emi20250604t025345p02021-A,/mnt/engg-leung/Research_No9_Methane_Emissions/Yuyao/raw_data_dir_L89_L2SR_by_gee/emi20250604t025345p02021-A_l89_sr_LANDSAT_9_20250604T030605Z.tif,emi20250604t025345p02021-A_l89_sr_LANDSAT_9_20250604T030605Z.tif
emi20250604t025345p02021-B,/mnt/engg-leung/Research_No9_Methane_Emissions/Yuyao/raw_data_dir_L89_L2SR_by_gee/emi20250604t025345p02021-B_l89_sr_LANDSAT_9_20250604T030605Z.tif,emi20250604t025345p02021-B_l89_sr_LANDSAT_9_20250604T030605Z.tif
emi20250604t025345p02021-C,/mnt/engg-leung/Research_No9_Methane_Emissions/Yuyao/raw_data_dir_L89_L2SR_by_gee/emi20250604t025345p02021-C_l89_sr_LANDSAT_9_20250604T030605Z.tif,emi20250604t025345p02021-C_l89_sr_LANDSAT_9_20250604T030605Z.tif
emi20250604t025357p02022-AA,/mnt/engg-leung/Research_No9_Methane_Emissions/Yuyao/raw_data_dir_L89_L2SR_by_gee/emi20250604t025357p02022-AA_l89_sr_LANDSAT_9_20250604T030605Z.tif,emi20250604t025357p02022-AA_l89_sr_LANDSAT_9_20250604T030605Z.tif
emi20250604t025357p02022-AB,/mnt/engg-leung/Research_No9_Methane_Emissions/Yuyao/raw_data_dir_L89_L2SR_by_gee/emi20250604t025357p02022-AB_l89_sr_LANDSAT_9_20250604T030605Z.tif,emi20250604t025357p02022-AB_l89_sr_LANDSAT_9_20250604T030605Z.tif
emi20250604t025357p02022-AD,/mnt/engg-leung/Research_No9_Methane_Emissions/Yuyao/raw_data_dir_L89_L2SR_by_gee/emi20250604t025357p02022-AD_l89_sr_LANDSAT_9_20250604T030541Z.tif,emi20250604t025357p02022-AD_l89_sr_LANDSAT_9_20250604T030541Z.tif
emi20250604t025357p02022-AE,/mnt/engg-leung/Research_No9_Methane_Emissions/Yuyao/raw_data_dir_L89_L2SR_by_gee/emi20250604t025357p02022-AE_l89_sr_LANDSAT_9_20250604T030541Z.tif,emi20250604t025357p02022-AE_l89_sr_LANDSAT_9_20250604T030541Z.tif
emi20250604t025357p02022-AF,/mnt/engg-leung/Research_No9_Methane_Emissions/Yuyao/raw_data_dir_L89_L2SR_by_gee/emi20250604t025357p02022-AF_l89_sr_LANDSAT_9_20250604T030541Z.tif,emi20250604t025357p02022-AF_l89_sr_LANDSAT_9_20250604T030541Z.tif
emi20250604t025357p02022-AG,/mnt/engg-leung/Research_No9_Methane_Emissions/Yuyao/raw_data_dir_L89_L2SR_by_gee/emi20250604t025357p02022-AG_l89_sr_LANDSAT_9_20250604T030541Z.tif,emi20250604t025357p02022-AG_l89_sr_LANDSAT_9_20250604T030541Z.tif
emi20250604t025357p02022-AH,/mnt/engg-leung/Research_No9_Methane_Emissions/Yuyao/raw_data_dir_L89_L2SR_by_gee/emi20250604t025357p02022-AH_l89_sr_LANDSAT_9_20250604T030541Z.tif,emi20250604t025357p02022-AH_l89_sr_LANDSAT_9_20250604T030541Z.tif
emi20250604t025357p02022-AI,/mnt/engg-leung/Research_No9_Methane_Emissions/Yuyao/raw_data_dir_L89_L2SR_by_gee/emi20250604t025357p02022-AI_l89_sr_LANDSAT_9_20250604T030541Z.tif,emi20250604t025357p02022-AI_l89_sr_LANDSAT_9_20250604T030541Z.tif
emi20250604t025357p02022-AJ,/mnt/engg-leung/Research_No9_Methane_Emissions/Yuyao/raw_data_dir_L89_L2SR_by_gee/emi20250604t025357p02022-AJ_l89_sr_LANDSAT_9_20250604T030541Z.tif,emi20250604t025357p02022-AJ_l89_sr_LANDSAT_9_20250604T030541Z.tif
emi20250604t025357p02022-AK,/mnt/engg-leung/Research_No9_Methane_Emissions/Yuyao/raw_data_dir_L89_L2SR_by_gee/emi20250604t025357p02022-AK_l89_sr_LANDSAT_9_20250604T030541Z.tif,emi20250604t025357p02022-AK_l89_sr_LANDSAT_9_20250604T030541Z.tif
emi20250604t025357p02022-AL,/mnt/engg-leung/Research_No9_Methane_Emissions/Yuyao/raw_data_dir_L89_L2SR_by_gee/emi20250604t025357p02022-AL_l89_sr_LANDSAT_9_20250604T030541Z.tif,emi20250604t025357p02022-AL_l89_sr_LANDSAT_9_20250604T030541Z.tif
emi20250604t025357p02022-AM,/mnt/engg-leung/Research_No9_Methane_Emissions/Yuyao/raw_data_dir_L89_L2SR_by_gee/emi20250604t025357p02022-AM_l89_sr_LANDSAT_9_20250604T030541Z.tif,emi20250604t025357p02022-AM_l89_sr_LANDSAT_9_20250604T030541Z.tif
emi20250604t025357p02022-AN,/mnt/engg-leung/Research_No9_Methane_Emissions/Yuyao/raw_data_dir_L89_L2SR_by_gee/emi20250604t025357p02022-AN_l89_sr_LANDSAT_9_20250604T030541Z.tif,emi20250604t025357p02022-AN_l89_sr_LANDSAT_9_20250604T030541Z.tif
emi20250604t025357p02022-AP,/mnt/engg-leung/Research_No9_Methane_Emissions/Yuyao/raw_data_dir_L89_L2SR_by_gee/emi20250604t025357p02022-AP_l89_sr_LANDSAT_9_20250604T030605Z.tif,emi20250604t025357p02022-AP_l89_sr_LANDSAT_9_20250604T030605Z.tif
emi20250604t025357p02022-AQ,/mnt/engg-leung/Research_No9_Methane_Emissions/Yuyao/raw_data_dir_L89_L2SR_by_gee/emi20250604t025357p02022-AQ_l89_sr_LANDSAT_9_20250604T030541Z.tif,emi20250604t025357p02022-AQ_l89_sr_LANDSAT_9_20250604T030541Z.tif
emi20250604t025357p02022-A,/mnt/engg-leung/Research_No9_Methane_Emissions/Yuyao/raw_data_dir_L89_L2SR_by_gee/emi20250604t025357p02022-A_l89_sr_LANDSAT_9_20250604T030605Z.tif,emi20250604t025357p02022-A_l89_sr_LANDSAT_9_20250604T030605Z.tif
emi20250604t025357p02022-B,/mnt/engg-leung/Research_No9_Methane_Emissions/Yuyao/raw_data_dir_L89_L2SR_by_gee/emi20250604t025357p02022-B_l89_sr_LANDSAT_9_20250604T030605Z.tif,emi20250604t025357p02022-B_l89_sr_LANDSAT_9_20250604T030605Z.tif
emi20250604t025357p02022-C,/mnt/engg-leung/Research_No9_Methane_Emissions/Yuyao/raw_data_dir_L89_L2SR_by_gee/emi20250604t025357p02022-C_l89_sr_LANDSAT_9_20250604T030605Z.tif,emi20250604t025357p02022-C_l89_sr_LANDSAT_9_20250604T030605Z.tif
emi20250604t025357p02022-D,/mnt/engg-leung/Research_No9_Methane_Emissions/Yuyao/raw_data_dir_L89_L2SR_by_gee/emi20250604t025357p02022-D_l89_sr_LANDSAT_9_20250604T030541Z.tif,emi20250604t025357p02022-D_l89_sr_LANDSAT_9_20250604T030541Z.tif
emi20250604t025357p02022-E,/mnt/engg-leung/Research_No9_Methane_Emissions/Yuyao/raw_data_dir_L89_L2SR_by_gee/emi20250604t025357p02022-E_l89_sr_LANDSAT_9_20250604T030541Z.tif,emi20250604t025357p02022-E_l89_sr_LANDSAT_9_20250604T030541Z.tif
emi20250604t025357p02022-F,/mnt/engg-leung/Research_No9_Methane_Emissions/Yuyao/raw_data_dir_L89_L2SR_by_gee/emi20250604t025357p02022-F_l89_sr_LANDSAT_9_20250604T030541Z.tif,emi20250604t025357p02022-F_l89_sr_LANDSAT_9_20250604T030541Z.tif
emi20250604t025357p02022-G,/mnt/engg-leung/Research_No9_Methane_Emissions/Yuyao/raw_data_dir_L89_L2SR_by_gee/emi20250604t025357p02022-G_l89_sr_LANDSAT_9_20250604T030541Z.tif,emi20250604t025357p02022-G_l89_sr_LANDSAT_9_20250604T030541Z.tif
emi20250604t025357p02022-H,/mnt/engg-leung/Research_No9_Methane_Emissions/Yuyao/raw_data_dir_L89_L2SR_by_gee/emi20250604t025357p02022-H_l89_sr_LANDSAT_9_20250604T030541Z.tif,emi20250604t025357p02022-H_l89_sr_LANDSAT_9_20250604T030541Z.tif
emi20250604t025357p02022-I,/mnt/engg-leung/Research_No9_Methane_Emissions/Yuyao/raw_data_dir_L89_L2SR_by_gee/emi20250604t025357p02022-I_l89_sr_LANDSAT_9_20250604T030541Z.tif,emi20250604t025357p02022-I_l89_sr_LANDSAT_9_20250604T030541Z.tif
emi20250604t025357p02022-J,/mnt/engg-leung/Research_No9_Methane_Emissions/Yuyao/raw_data_dir_L89_L2SR_by_gee/emi20250604t025357p02022-J_l89_sr_LANDSAT_9_20250604T030605Z.tif,emi20250604t025357p02022-J_l89_sr_LANDSAT_9_20250604T030605Z.tif
emi20250604t025357p02022-K,/mnt/engg-leung/Research_No9_Methane_Emissions/Yuyao/raw_data_dir_L89_L2SR_by_gee/emi20250604t025357p02022-K_l89_sr_LANDSAT_9_20250604T030541Z.tif,emi20250604t025357p02022-K_l89_sr_LANDSAT_9_20250604T030541Z.tif
emi20250604t025357p02022-L,/mnt/engg-leung/Research_No9_Methane_Emissions/Yuyao/raw_data_dir_L89_L2SR_by_gee/emi20250604t025357p02022-L_l89_sr_LANDSAT_9_20250604T030541Z.tif,emi20250604t025357p02022-L_l89_sr_LANDSAT_9_20250604T030541Z.tif
emi20250604t025357p02022-M,/mnt/engg-leung/Research_No9_Methane_Emissions/Yuyao/raw_data_dir_L89_L2SR_by_gee/emi20250604t025357p02022-M_l89_sr_LANDSAT_9_20250604T030541Z.tif,emi20250604t025357p02022-M_l89_sr_LANDSAT_9_20250604T030541Z.tif
emi20250604t025357p02022-N,/mnt/engg-leung/Research_No9_Methane_Emissions/Yuyao/raw_data_dir_L89_L2SR_by_gee/emi20250604t025357p02022-N_l89_sr_LANDSAT_9_20250604T030541Z.tif,emi20250604t025357p02022-N_l89_sr_LANDSAT_9_20250604T030541Z.tif
emi20250604t025357p02022-O,/mnt/engg-leung/Research_No9_Methane_Emissions/Yuyao/raw_data_dir_L89_L2SR_by_gee/emi20250604t025357p02022-O_l89_sr_LANDSAT_9_20250604T030541Z.tif,emi20250604t025357p02022-O_l89_sr_LANDSAT_9_20250604T030541Z.tif
emi20250604t025357p02022-P,/mnt/engg-leung/Research_No9_Methane_Emissions/Yuyao/raw_data_dir_L89_L2SR_by_gee/emi20250604t025357p02022-P_l89_sr_LANDSAT_9_20250604T030605Z.tif,emi20250604t025357p02022-P_l89_sr_LANDSAT_9_20250604T030605Z.tif
emi20250604t025357p02022-Q,/mnt/engg-leung/Research_No9_Methane_Emissions/Yuyao/raw_data_dir_L89_L2SR_by_gee/emi20250604t025357p02022-Q_l89_sr_LANDSAT_9_20250604T030605Z.tif,emi20250604t025357p02022-Q_l89_sr_LANDSAT_9_20250604T030605Z.tif
emi20250604t025357p02022-R,/mnt/engg-leung/Research_No9_Methane_Emissions/Yuyao/raw_data_dir_L89_L2SR_by_gee/emi20250604t025357p02022-R_l89_sr_LANDSAT_9_20250604T030541Z.tif,emi20250604t025357p02022-R_l89_sr_LANDSAT_9_20250604T030541Z.tif
emi20250604t025357p02022-S,/mnt/engg-leung/Research_No9_Methane_Emissions/Yuyao/raw_data_dir_L89_L2SR_by_gee/emi20250604t025357p02022-S_l89_sr_LANDSAT_9_20250604T030541Z.tif,emi20250604t025357p02022-S_l89_sr_LANDSAT_9_20250604T030541Z.tif
emi20250604t025357p02022-T,/mnt/engg-leung/Research_No9_Methane_Emissions/Yuyao/raw_data_dir_L89_L2SR_by_gee/emi20250604t025357p02022-T_l89_sr_LANDSAT_9_20250604T030541Z.tif,emi20250604t025357p02022-T_l89_sr_LANDSAT_9_20250604T030541Z.tif
emi20250604t025357p02022-U,/mnt/engg-leung/Research_No9_Methane_Emissions/Yuyao/raw_data_dir_L89_L2SR_by_gee/emi20250604t025357p02022-U_l89_sr_LANDSAT_9_20250604T030541Z.tif,emi20250604t025357p02022-U_l89_sr_LANDSAT_9_20250604T030541Z.tif
emi20250604t025357p02022-V,/mnt/engg-leung/Research_No9_Methane_Emissions/Yuyao/raw_data_dir_L89_L2SR_by_gee/emi20250604t025357p02022-V_l89_sr_LANDSAT_9_20250604T030541Z.tif,emi20250604t025357p02022-V_l89_sr_LANDSAT_9_20250604T030541Z.tif
emi20250604t025357p02022-W,/mnt/engg-leung/Research_No9_Methane_Emissions/Yuyao/raw_data_dir_L89_L2SR_by_gee/emi20250604t025357p02022-W_l89_sr_LANDSAT_9_20250604T030605Z.tif,emi20250604t025357p02022-W_l89_sr_LANDSAT_9_20250604T030605Z.tif
emi20250604t025357p02022-X,/mnt/engg-leung/Research_No9_Methane_Emissions/Yuyao/raw_data_dir_L89_L2SR_by_gee/emi20250604t025357p02022-X_l89_sr_LANDSAT_9_20250604T030605Z.tif,emi20250604t025357p02022-X_l89_sr_LANDSAT_9_20250604T030605Z.tif
emi20250604t025357p02022-Y,/mnt/engg-leung/Research_No9_Methane_Emissions/Yuyao/raw_data_dir_L89_L2SR_by_gee/emi20250604t025357p02022-Y_l89_sr_LANDSAT_9_20250604T030605Z.tif,emi20250604t025357p02022-Y_l89_sr_LANDSAT_9_20250604T030605Z.tif
emi20250604t025357p02022-Z,/mnt/engg-leung/Research_No9_Methane_Emissions/Yuyao/raw_data_dir_L89_L2SR_by_gee/emi20250604t025357p02022-Z_l89_sr_LANDSAT_9_20250604T030605Z.tif,emi20250604t025357p02022-Z_l89_sr_LANDSAT_9_20250604T030605Z.tif
emi20250604t073039p05010-B,/mnt/engg-leung/Research_No9_Methane_Emissions/Yuyao/raw_data_dir_L89_L2SR_by_gee/emi20250604t073039p05010-B_l89_sr_LANDSAT_9_20250604T080356Z.tif,emi20250604t073039p05010-B_l89_sr_LANDSAT_9_20250604T080356Z.tif
emi20250605t081905p06014-A,/mnt/engg-leung/Research_No9_Methane_Emissions/Yuyao/raw_data_dir_L89_L2SR_by_gee/emi20250605t081905p06014-A_l89_sr_LANDSAT_9_20250605T084512Z.tif,emi20250605t081905p06014-A_l89_sr_LANDSAT_9_20250605T084512Z.tif
emi20250605t081917p06015-A,/mnt/engg-leung/Research_No9_Methane_Emissions/Yuyao/raw_data_dir_L89_L2SR_by_gee/emi20250605t081917p06015-A_l89_sr_LANDSAT_9_20250605T084448Z.tif,emi20250605t081917p06015-A_l89_sr_LANDSAT_9_20250605T084448Z.tif
emi20250606t090643p06017-A,/mnt/engg-leung/Research_No9_Methane_Emissions/Yuyao/raw_data_dir_L89_L2SR_by_gee/emi20250606t090643p06017-A_l89_sr_LANDSAT_9_20250606T092716Z.tif,emi20250606t090643p06017-A_l89_sr_LANDSAT_9_20250606T092716Z.tif
emi20250609t142632p09002-A,/mnt/engg-leung/Research_No9_Methane_Emissions/Yuyao/raw_data_dir_L89_L2SR_by_gee/emi20250609t142632p09002-A_l89_sr_LANDSAT_9_20250609T163458Z.tif,emi20250609t142632p09002-A_l89_sr_LANDSAT_9_20250609T163458Z.tif
emi20250609t173458p11005-A,/mnt/engg-leung/Research_No9_Methane_Emissions/Yuyao/raw_data_dir_L89_L2SR_by_gee/emi20250609t173458p11005-A_l89_sr_LANDSAT_8_20250609T190146Z.tif,emi20250609t173458p11005-A_l89_sr_LANDSAT_8_20250609T190146Z.tif
emi20250609t222616p14004-A,/mnt/engg-leung/Research_No9_Methane_Emissions/Yuyao/raw_data_dir_L89_L2SR_by_gee/emi20250609t222616p14004-A_l89_sr_LANDSAT_9_20250610T185557Z.tif,emi20250609t222616p14004-A_l89_sr_LANDSAT_9_20250610T185557Z.tif
emi20250611t065853p04019-A,/mnt/engg-leung/Research_No9_Methane_Emissions/Yuyao/raw_data_dir_L89_L2SR_by_gee/emi20250611t065853p04019-A_l89_sr_LANDSAT_8_20250612T030552Z.tif,emi20250611t065853p04019-A_l89_sr_LANDSAT_8_20250612T030552Z.tif
emi20250611t065853p04019-B,/mnt/engg-leung/Research_No9_Methane_Emissions/Yuyao/raw_data_dir_L89_L2SR_by_gee/emi20250611t065853p04019-B_l89_sr_LANDSAT_8_20250612T030552Z.tif,emi20250611t065853p04019-B_l89_sr_LANDSAT_8_20250612T030552Z.tif
emi20250611t065853p04019-C,/mnt/engg-leung/Research_No9_Methane_Emissions/Yuyao/raw_data_dir_L89_L2SR_by_gee/emi20250611t065853p04019-C_l89_sr_LANDSAT_8_20250612T030552Z.tif,emi20250611t065853p04019-C_l89_sr_LANDSAT_8_20250612T030552Z.tif
emi20250611t065853p04019-D,/mnt/engg-leung/Research_No9_Methane_Emissions/Yuyao/raw_data_dir_L89_L2SR_by_gee/emi20250611t065853p04019-D_l89_sr_LANDSAT_8_20250612T030615Z.tif,emi20250611t065853p04019-D_l89_sr_LANDSAT_8_20250612T030615Z.tif
emi20250611t065853p04019-E,/mnt/engg-leung/Research_No9_Methane_Emissions/Yuyao/raw_data_dir_L89_L2SR_by_gee/emi20250611t065853p04019-E_l89_sr_LANDSAT_8_20250612T030615Z.tif,emi20250611t065853p04019-E_l89_sr_LANDSAT_8_20250612T030615Z.tif
emi20250611t065853p04019-F,/mnt/engg-leung/Research_No9_Methane_Emissions/Yuyao/raw_data_dir_L89_L2SR_by_gee/emi20250611t065853p04019-F_l89_sr_LANDSAT_8_20250612T030552Z.tif,emi20250611t065853p04019-F_l89_sr_LANDSAT_8_20250612T030552Z.tif
emi20250611t065853p04019-G,/mnt/engg-leung/Research_No9_Methane_Emissions/Yuyao/raw_data_dir_L89_L2SR_by_gee/emi20250611t065853p04019-G_l89_sr_LANDSAT_8_20250612T030552Z.tif,emi20250611t065853p04019-G_l89_sr_LANDSAT_8_20250612T030552Z.tif
emi20250611t065853p04019-H,/mnt/engg-leung/Research_No9_Methane_Emissions/Yuyao/raw_data_dir_L89_L2SR_by_gee/emi20250611t065853p04019-H_l89_sr_LANDSAT_8_20250612T030615Z.tif,emi20250611t065853p04019-H_l89_sr_LANDSAT_8_20250612T030615Z.tif
emi20250613t100206p06020-A,/mnt/engg-leung/Research_No9_Methane_Emissions/Yuyao/raw_data_dir_L89_L2SR_by_gee/emi20250613t100206p06020-A_l89_sr_LANDSAT_9_20250614T070041Z.tif,emi20250613t100206p06020-A_l89_sr_LANDSAT_9_20250614T070041Z.tif
emi20250613t100206p06020-B,/mnt/engg-leung/Research_No9_Methane_Emissions/Yuyao/raw_data_dir_L89_L2SR_by_gee/emi20250613t100206p06020-B_l89_sr_LANDSAT_9_20250614T070041Z.tif,emi20250613t100206p06020-B_l89_sr_LANDSAT_9_20250614T070041Z.tif
emi20250613t100206p06020-C,/mnt/engg-leung/Research_No9_Methane_Emissions/Yuyao/raw_data_dir_L89_L2SR_by_gee/emi20250613t100206p06020-C_l89_sr_LANDSAT_9_20250614T070041Z.tif,emi20250613t100206p06020-C_l89_sr_LANDSAT_9_20250614T070041Z.tif
emi20250613t100206p06020-D,/mnt/engg-leung/Research_No9_Methane_Emissions/Yuyao/raw_data_dir_L89_L2SR_by_gee/emi20250613t100206p06020-D_l89_sr_LANDSAT_9_20250614T070041Z.tif,emi20250613t100206p06020-D_l89_sr_LANDSAT_9_20250614T070041Z.tif
emi20250613t100206p06020-E,/mnt/engg-leung/Research_No9_Methane_Emissions/Yuyao/raw_data_dir_L89_L2SR_by_gee/emi20250613t100206p06020-E_l89_sr_LANDSAT_9_20250614T070041Z.tif,emi20250613t100206p06020-E_l89_sr_LANDSAT_9_20250614T070041Z.tif
emi20250613t100206p06020-F,/mnt/engg-leung/Research_No9_Methane_Emissions/Yuyao/raw_data_dir_L89_L2SR_by_gee/emi20250613t100206p06020-F_l89_sr_LANDSAT_9_20250614T070041Z.tif,emi20250613t100206p06020-F_l89_sr_LANDSAT_9_20250614T070041Z.tif
emi20250613t100206p06020-G,/mnt/engg-leung/Research_No9_Methane_Emissions/Yuyao/raw_data_dir_L89_L2SR_by_gee/emi20250613t100206p06020-G_l89_sr_LANDSAT_9_20250614T070041Z.tif,emi20250613t100206p06020-G_l89_sr_LANDSAT_9_20250614T070041Z.tif
emi20250613t100206p06020-H,/mnt/engg-leung/Research_No9_Methane_Emissions/Yuyao/raw_data_dir_L89_L2SR_by_gee/emi20250613t100206p06020-H_l89_sr_LANDSAT_9_20250614T070041Z.tif,emi20250613t100206p06020-H_l89_sr_LANDSAT_9_20250614T070041Z.tif
emi20250613t205246p13023-A,/mnt/engg-leung/Research_No9_Methane_Emissions/Yuyao/raw_data_dir_L89_L2SR_by_gee/emi20250613t205246p13023-A_l89_sr_LANDSAT_8_20250614T174418Z.tif,emi20250613t205246p13023-A_l89_sr_LANDSAT_8_20250614T174418Z.tif
emi20250620t165341p11037-A,/mnt/engg-leung/Research_No9_Methane_Emissions/Yuyao/raw_data_dir_L89_L2SR_by_gee/emi20250620t165341p11037-A_l89_sr_LANDSAT_8_20250621T161204Z.tif,emi20250620t165341p11037-A_l89_sr_LANDSAT_8_20250621T161204Z.tif
emi20250815t123929p08007-A,/mnt/engg-leung/Research_No9_Methane_Emissions/Yuyao/raw_data_dir_L89_L2SR_by_gee/emi20250815t123929p08007-A_l89_sr_LANDSAT_8_20250816T102531Z.tif,emi20250815t123929p08007-A_l89_sr_LANDSAT_8_20250816T102531Z.tif
emi20250815t123929p08007-B,/mnt/engg-leung/Research_No9_Methane_Emissions/Yuyao/raw_data_dir_L89_L2SR_by_gee/emi20250815t123929p08007-B_l89_sr_LANDSAT_8_20250816T102531Z.tif,emi20250815t123929p08007-B_l89_sr_LANDSAT_8_20250816T102531Z.tif
tan20240922t134352c00s4001-A,/mnt/engg-leung/Research_No9_Methane_Emissions/Yuyao/raw_data_dir_L89_L2SR_by_gee/tan20240922t134352c00s4001-A_l89_sr_LANDSAT_9_20240923T130406Z.tif,tan20240922t134352c00s4001-A_l89_sr_LANDSAT_9_20240923T130406Z.tif
tan20240922t134352c00s4001-B,/mnt/engg-leung/Research_No9_Methane_Emissions/Yuyao/raw_data_dir_L89_L2SR_by_gee/tan20240922t134352c00s4001-B_l89_sr_LANDSAT_9_20240923T130406Z.tif,tan20240922t134352c00s4001-B_l89_sr_LANDSAT_9_20240923T130406Z.tif
tan20240930t190233c00s4001-A,/mnt/engg-leung/Research_No9_Methane_Emissions/Yuyao/raw_data_dir_L89_L2SR_by_gee/tan20240930t190233c00s4001-A_l89_sr_LANDSAT_9_20241001T183402Z.tif,tan20240930t190233c00s4001-A_l89_sr_LANDSAT_9_20241001T183402Z.tif
tan20240930t190233c00s4001-B,/mnt/engg-leung/Research_No9_Methane_Emissions/Yuyao/raw_data_dir_L89_L2SR_by_gee/tan20240930t190233c00s4001-B_l89_sr_LANDSAT_9_20241001T183402Z.tif,tan20240930t190233c00s4001-B_l89_sr_LANDSAT_9_20241001T183402Z.tif
tan20240930t190233c00s4001-C,/mnt/engg-leung/Research_No9_Methane_Emissions/Yuyao/raw_data_dir_L89_L2SR_by_gee/tan20240930t190233c00s4001-C_l89_sr_LANDSAT_9_20241001T183402Z.tif,tan20240930t190233c00s4001-C_l89_sr_LANDSAT_9_20241001T183402Z.tif
tan20241005t172824c00s4001-B,/mnt/engg-leung/Research_No9_Methane_Emissions/Yuyao/raw_data_dir_L89_L2SR_by_gee/tan20241005t172824c00s4001-B_l89_sr_LANDSAT_9_20241006T171341Z.tif,tan20241005t172824c00s4001-B_l89_sr_LANDSAT_9_20241006T171341Z.tif
tan20241005t172824c00s4001-C,/mnt/engg-leung/Research_No9_Methane_Emissions/Yuyao/raw_data_dir_L89_L2SR_by_gee/tan20241005t172824c00s4001-C_l89_sr_LANDSAT_9_20241006T171341Z.tif,tan20241005t172824c00s4001-C_l89_sr_LANDSAT_9_20241006T171341Z.tif
tan20241005t172824c00s4001-D,/mnt/engg-leung/Research_No9_Methane_Emissions/Yuyao/raw_data_dir_L89_L2SR_by_gee/tan20241005t172824c00s4001-D_l89_sr_LANDSAT_9_20241006T171341Z.tif,tan20241005t172824c00s4001-D_l89_sr_LANDSAT_9_20241006T171341Z.tif
tan20241008t163028c00s4001-A,/mnt/engg-leung/Research_No9_Methane_Emissions/Yuyao/raw_data_dir_L89_L2SR_by_gee/tan20241008t163028c00s4001-A_l89_sr_LANDSAT_9_20241009T160517Z.tif,tan20241008t163028c00s4001-A_l89_sr_LANDSAT_9_20241009T160517Z.tif
tan20241008t163028c00s4001-B,/mnt/engg-leung/Research_No9_Methane_Emissions/Yuyao/raw_data_dir_L89_L2SR_by_gee/tan20241008t163028c00s4001-B_l89_sr_LANDSAT_9_20241009T160517Z.tif,tan20241008t163028c00s4001-B_l89_sr_LANDSAT_9_20241009T160517Z.tif
tan20241008t163028c00s4001-C,/mnt/engg-leung/Research_No9_Methane_Emissions/Yuyao/raw_data_dir_L89_L2SR_by_gee/tan20241008t163028c00s4001-C_l89_sr_LANDSAT_9_20241009T160517Z.tif,tan20241008t163028c00s4001-C_l89_sr_LANDSAT_9_20241009T160517Z.tif
tan20241008t163028c00s4001-D,/mnt/engg-leung/Research_No9_Methane_Emissions/Yuyao/raw_data_dir_L89_L2SR_by_gee/tan20241008t163028c00s4001-D_l89_sr_LANDSAT_9_20241009T160517Z.tif,tan20241008t163028c00s4001-D_l89_sr_LANDSAT_9_20241009T160517Z.tif
tan20241008t163028c00s4001-G,/mnt/engg-leung/Research_No9_Methane_Emissions/Yuyao/raw_data_dir_L89_L2SR_by_gee/tan20241008t163028c00s4001-G_l89_sr_LANDSAT_9_20241009T160517Z.tif,tan20241008t163028c00s4001-G_l89_sr_LANDSAT_9_20241009T160517Z.tif
tan20241009t161214c00s4001-A,/mnt/engg-leung/Research_No9_Methane_Emissions/Yuyao/raw_data_dir_L89_L2SR_by_gee/tan20241009t161214c00s4001-A_l89_sr_LANDSAT_8_20241010T155934Z.tif,tan20241009t161214c00s4001-A_l89_sr_LANDSAT_8_20241010T155934Z.tif
tan20241009t161214c00s4001-B,/mnt/engg-leung/Research_No9_Methane_Emissions/Yuyao/raw_data_dir_L89_L2SR_by_gee/tan20241009t161214c00s4001-B_l89_sr_LANDSAT_8_20241010T155934Z.tif,tan20241009t161214c00s4001-B_l89_sr_LANDSAT_8_20241010T155934Z.tif
tan20241016t104644c00s4001-A,/mnt/engg-leung/Research_No9_Methane_Emissions/Yuyao/raw_data_dir_L89_L2SR_by_gee/tan20241016t104644c00s4001-A_l89_sr_LANDSAT_9_20241017T102033Z.tif,tan20241016t104644c00s4001-A_l89_sr_LANDSAT_9_20241017T102033Z.tif
tan20241017t054413c00s4001-A,/mnt/engg-leung/Research_No9_Methane_Emissions/Yuyao/raw_data_dir_L89_L2SR_by_gee/tan20241017t054413c00s4001-A_l89_sr_LANDSAT_8_20241018T051855Z.tif,tan20241017t054413c00s4001-A_l89_sr_LANDSAT_8_20241018T051855Z.tif
tan20241017t054413c00s4001-B,/mnt/engg-leung/Research_No9_Methane_Emissions/Yuyao/raw_data_dir_L89_L2SR_by_gee/tan20241017t054413c00s4001-B_l89_sr_LANDSAT_8_20241018T051855Z.tif,tan20241017t054413c00s4001-B_l89_sr_LANDSAT_8_20241018T051855Z.tif
tan20241017t054413c00s4001-C,/mnt/engg-leung/Research_No9_Methane_Emissions/Yuyao/raw_data_dir_L89_L2SR_by_gee/tan20241017t054413c00s4001-C_l89_sr_LANDSAT_8_20241018T051855Z.tif,tan20241017t054413c00s4001-C_l89_sr_LANDSAT_8_20241018T051855Z.tif
tan20241020t061527c00s4001-A,/mnt/engg-leung/Research_No9_Methane_Emissions/Yuyao/raw_data_dir_L89_L2SR_by_gee/tan20241020t061527c00s4001-A_l89_sr_LANDSAT_8_20241021T054551Z.tif,tan20241020t061527c00s4001-A_l89_sr_LANDSAT_8_20241021T054551Z.tif
tan20241020t092906c00s4001-A,/mnt/engg-leung/Research_No9_Methane_Emissions/Yuyao/raw_data_dir_L89_L2SR_by_gee/tan20241020t092906c00s4001-A_l89_sr_LANDSAT_8_20241021T090712Z.tif,tan20241020t092906c00s4001-A_l89_sr_LANDSAT_8_20241021T090712Z.tif
tan20241020t092906c00s4001-B,/mnt/engg-leung/Research_No9_Methane_Emissions/Yuyao/raw_data_dir_L89_L2SR_by_gee/tan20241020t092906c00s4001-B_l89_sr_LANDSAT_8_20241021T090736Z.tif,tan20241020t092906c00s4001-B_l89_sr_LANDSAT_8_20241021T090736Z.tif
tan20241026t103729c00s4001-A,/mnt/engg-leung/Research_No9_Methane_Emissions/Yuyao/raw_data_dir_L89_L2SR_by_gee/tan20241026t103729c00s4001-A_l89_sr_LANDSAT_8_20241027T100832Z.tif,tan20241026t103729c00s4001-A_l89_sr_LANDSAT_8_20241027T100832Z.tif
tan20241026t103729c00s4001-B,/mnt/engg-leung/Research_No9_Methane_Emissions/Yuyao/raw_data_dir_L89_L2SR_by_gee/tan20241026t103729c00s4001-B_l89_sr_LANDSAT_8_20241027T100832Z.tif,tan20241026t103729c00s4001-B_l89_sr_LANDSAT_8_20241027T100832Z.tif
tan20241026t103729c00s4001-C,/mnt/engg-leung/Research_No9_Methane_Emissions/Yuyao/raw_data_dir_L89_L2SR_by_gee/tan20241026t103729c00s4001-C_l89_sr_LANDSAT_8_20241027T100832Z.tif,tan20241026t103729c00s4001-C_l89_sr_LANDSAT_8_20241027T100832Z.tif
tan20241026t103729c00s4001-D,/mnt/engg-leung/Research_No9_Methane_Emissions/Yuyao/raw_data_dir_L89_L2SR_by_gee/tan20241026t103729c00s4001-D_l89_sr_LANDSAT_8_20241027T100832Z.tif,tan20241026t103729c00s4001-D_l89_sr_LANDSAT_8_20241027T100832Z.tif
tan20241026t103729c00s4001-E,/mnt/engg-leung/Research_No9_Methane_Emissions/Yuyao/raw_data_dir_L89_L2SR_by_gee/tan20241026t103729c00s4001-E_l89_sr_LANDSAT_8_20241027T100832Z.tif,tan20241026t103729c00s4001-E_l89_sr_LANDSAT_8_20241027T100832Z.tif
tan20241026t103729c00s4001-F,/mnt/engg-leung/Research_No9_Methane_Emissions/Yuyao/raw_data_dir_L89_L2SR_by_gee/tan20241026t103729c00s4001-F_l89_sr_LANDSAT_8_20241027T100832Z.tif,tan20241026t103729c00s4001-F_l89_sr_LANDSAT_8_20241027T100832Z.tif
tan20241026t103729c00s4001-G,/mnt/engg-leung/Research_No9_Methane_Emissions/Yuyao/raw_data_dir_L89_L2SR_by_gee/tan20241026t103729c00s4001-G_l89_sr_LANDSAT_8_20241027T100832Z.tif,tan20241026t103729c00s4001-G_l89_sr_LANDSAT_8_20241027T100832Z.tif
tan20241026t103729c00s4001-H,/mnt/engg-leung/Research_No9_Methane_Emissions/Yuyao/raw_data_dir_L89_L2SR_by_gee/tan20241026t103729c00s4001-H_l89_sr_LANDSAT_8_20241027T100832Z.tif,tan20241026t103729c00s4001-H_l89_sr_LANDSAT_8_20241027T100832Z.tif
tan20241026t103729c00s4001-I,/mnt/engg-leung/Research_No9_Methane_Emissions/Yuyao/raw_data_dir_L89_L2SR_by_gee/tan20241026t103729c00s4001-I_l89_sr_LANDSAT_8_20241027T100832Z.tif,tan20241026t103729c00s4001-I_l89_sr_LANDSAT_8_20241027T100832Z.tif
tan20241026t103729c00s4001-J,/mnt/engg-leung/Research_No9_Methane_Emissions/Yuyao/raw_data_dir_L89_L2SR_by_gee/tan20241026t103729c00s4001-J_l89_sr_LANDSAT_8_20241027T100832Z.tif,tan20241026t103729c00s4001-J_l89_sr_LANDSAT_8_20241027T100832Z.tif
tan20241026t103729c00s4001-M,/mnt/engg-leung/Research_No9_Methane_Emissions/Yuyao/raw_data_dir_L89_L2SR_by_gee/tan20241026t103729c00s4001-M_l89_sr_LANDSAT_8_20241027T100832Z.tif,tan20241026t103729c00s4001-M_l89_sr_LANDSAT_8_20241027T100832Z.tif
tan20241026t103729c00s4001-N,/mnt/engg-leung/Research_No9_Methane_Emissions/Yuyao/raw_data_dir_L89_L2SR_by_gee/tan20241026t103729c00s4001-N_l89_sr_LANDSAT_8_20241027T100832Z.tif,tan20241026t103729c00s4001-N_l89_sr_LANDSAT_8_20241027T100832Z.tif
tan20241026t103729c00s4001-O,/mnt/engg-leung/Research_No9_Methane_Emissions/Yuyao/raw_data_dir_L89_L2SR_by_gee/tan20241026t103729c00s4001-O_l89_sr_LANDSAT_8_20241027T100832Z.tif,tan20241026t103729c00s4001-O_l89_sr_LANDSAT_8_20241027T100832Z.tif
tan20241026t103729c00s4001-P,/mnt/engg-leung/Research_No9_Methane_Emissions/Yuyao/raw_data_dir_L89_L2SR_by_gee/tan20241026t103729c00s4001-P_l89_sr_LANDSAT_8_20241027T100832Z.tif,tan20241026t103729c00s4001-P_l89_sr_LANDSAT_8_20241027T100832Z.tif
tan20241026t140414c00s4001-A,/mnt/engg-leung/Research_No9_Methane_Emissions/Yuyao/raw_data_dir_L89_L2SR_by_gee/tan20241026t140414c00s4001-A_l89_sr_LANDSAT_8_20241027T134439Z.tif,tan20241026t140414c00s4001-A_l89_sr_LANDSAT_8_20241027T134439Z.tif
tan20241026t140414c00s4001-B,/mnt/engg-leung/Research_No9_Methane_Emissions/Yuyao/raw_data_dir_L89_L2SR_by_gee/tan20241026t140414c00s4001-B_l89_sr_LANDSAT_8_20241027T134439Z.tif,tan20241026t140414c00s4001-B_l89_sr_LANDSAT_8_20241027T134439Z.tif
tan20241026t140414c00s4001-C,/mnt/engg-leung/Research_No9_Methane_Emissions/Yuyao/raw_data_dir_L89_L2SR_by_gee/tan20241026t140414c00s4001-C_l89_sr_LANDSAT_8_20241027T134439Z.tif,tan20241026t140414c00s4001-C_l89_sr_LANDSAT_8_20241027T134439Z.tif
tan20241026t140414c00s4001-D,/mnt/engg-leung/Research_No9_Methane_Emissions/Yuyao/raw_data_dir_L89_L2SR_by_gee/tan20241026t140414c00s4001-D_l89_sr_LANDSAT_8_20241027T134439Z.tif,tan20241026t140414c00s4001-D_l89_sr_LANDSAT_8_20241027T134439Z.tif
tan20241026t140414c00s4001-E,/mnt/engg-leung/Research_No9_Methane_Emissions/Yuyao/raw_data_dir_L89_L2SR_by_gee/tan20241026t140414c00s4001-E_l89_sr_LANDSAT_8_20241027T134439Z.tif,tan20241026t140414c00s4001-E_l89_sr_LANDSAT_8_20241027T134439Z.tif
tan20241030t060424c00s4001-A,/mnt/engg-leung/Research_No9_Methane_Emissions/Yuyao/raw_data_dir_L89_L2SR_by_gee/tan20241030t060424c00s4001-A_l89_sr_LANDSAT_9_20241031T053905Z.tif,tan20241030t060424c00s4001-A_l89_sr_LANDSAT_9_20241031T053905Z.tif
tan20241030t060424c00s4001-B,/mnt/engg-leung/Research_No9_Methane_Emissions/Yuyao/raw_data_dir_L89_L2SR_by_gee/tan20241030t060424c00s4001-B_l89_sr_LANDSAT_9_20241031T053905Z.tif,tan20241030t060424c00s4001-B_l89_sr_LANDSAT_9_20241031T053905Z.tif
tan20241030t060424c00s4001-D,/mnt/engg-leung/Research_No9_Methane_Emissions/Yuyao/raw_data_dir_L89_L2SR_by_gee/tan20241030t060424c00s4001-D_l89_sr_LANDSAT_9_20241031T053905Z.tif,tan20241030t060424c00s4001-D_l89_sr_LANDSAT_9_20241031T053905Z.tif
tan20241030t060424c00s4001-E,/mnt/engg-leung/Research_No9_Methane_Emissions/Yuyao/raw_data_dir_L89_L2SR_by_gee/tan20241030t060424c00s4001-E_l89_sr_LANDSAT_9_20241031T053905Z.tif,tan20241030t060424c00s4001-E_l89_sr_LANDSAT_9_20241031T053905Z.tif
tan20241030t060424c00s4001-F,/mnt/engg-leung/Research_No9_Methane_Emissions/Yuyao/raw_data_dir_L89_L2SR_by_gee/tan20241030t060424c00s4001-F_l89_sr_LANDSAT_9_20241031T053905Z.tif,tan20241030t060424c00s4001-F_l89_sr_LANDSAT_9_20241031T053905Z.tif
tan20241030t060424c00s4001-G,/mnt/engg-leung/Research_No9_Methane_Emissions/Yuyao/raw_data_dir_L89_L2SR_by_gee/tan20241030t060424c00s4001-G_l89_sr_LANDSAT_9_20241031T053905Z.tif,tan20241030t060424c00s4001-G_l89_sr_LANDSAT_9_20241031T053905Z.tif
tan20241104t102549c00s4001-A,/mnt/engg-leung/Research_No9_Methane_Emissions/Yuyao/raw_data_dir_L89_L2SR_by_gee/tan20241104t102549c00s4001-A_l89_sr_LANDSAT_8_20241105T100308Z.tif,tan20241104t102549c00s4001-A_l89_sr_LANDSAT_8_20241105T100308Z.tif
tan20241105t034128c00s4001-A,/mnt/engg-leung/Research_No9_Methane_Emissions/Yuyao/raw_data_dir_L89_L2SR_by_gee/tan20241105t034128c00s4001-A_l89_sr_LANDSAT_9_20241106T031844Z.tif,tan20241105t034128c00s4001-A_l89_sr_LANDSAT_9_20241106T031844Z.tif
tan20241105t034128c00s4001-B,/mnt/engg-leung/Research_No9_Methane_Emissions/Yuyao/raw_data_dir_L89_L2SR_by_gee/tan20241105t034128c00s4001-B_l89_sr_LANDSAT_9_20241106T031844Z.tif,tan20241105t034128c00s4001-B_l89_sr_LANDSAT_9_20241106T031844Z.tif
tan20241105t034128c00s4001-F,/mnt/engg-leung/Research_No9_Methane_Emissions/Yuyao/raw_data_dir_L89_L2SR_by_gee/tan20241105t034128c00s4001-F_l89_sr_LANDSAT_9_20241106T031844Z.tif,tan20241105t034128c00s4001-F_l89_sr_LANDSAT_9_20241106T031844Z.tif
tan20241105t034128c00s4001-G,/mnt/engg-leung/Research_No9_Methane_Emissions/Yuyao/raw_data_dir_L89_L2SR_by_gee/tan20241105t034128c00s4001-G_l89_sr_LANDSAT_9_20241106T031844Z.tif,tan20241105t034128c00s4001-G_l89_sr_LANDSAT_9_20241106T031844Z.tif
tan20241105t034128c00s4001-H,/mnt/engg-leung/Research_No9_Methane_Emissions/Yuyao/raw_data_dir_L89_L2SR_by_gee/tan20241105t034128c00s4001-H_l89_sr_LANDSAT_9_20241106T031844Z.tif,tan20241105t034128c00s4001-H_l89_sr_LANDSAT_9_20241106T031844Z.tif
tan20241105t034128c00s4001-I,/mnt/engg-leung/Research_No9_Methane_Emissions/Yuyao/raw_data_dir_L89_L2SR_by_gee/tan20241105t034128c00s4001-I_l89_sr_LANDSAT_9_20241106T031844Z.tif,tan20241105t034128c00s4001-I_l89_sr_LANDSAT_9_20241106T031844Z.tif
tan20241105t175246c00s4001-A,/mnt/engg-leung/Research_No9_Methane_Emissions/Yuyao/raw_data_dir_L89_L2SR_by_gee/tan20241105t175246c00s4001-A_l89_sr_LANDSAT_8_20241106T172109Z.tif,tan20241105t175246c00s4001-A_l89_sr_LANDSAT_8_20241106T172109Z.tif
tan20241105t175246c00s4001-B,/mnt/engg-leung/Research_No9_Methane_Emissions/Yuyao/raw_data_dir_L89_L2SR_by_gee/tan20241105t175246c00s4001-B_l89_sr_LANDSAT_8_20241106T172109Z.tif,tan20241105t175246c00s4001-B_l89_sr_LANDSAT_8_20241106T172109Z.tif
tan20241105t175246c00s4001-C,/mnt/engg-leung/Research_No9_Methane_Emissions/Yuyao/raw_data_dir_L89_L2SR_by_gee/tan20241105t175246c00s4001-C_l89_sr_LANDSAT_8_20241106T172045Z.tif,tan20241105t175246c00s4001-C_l89_sr_LANDSAT_8_20241106T172045Z.tif
tan20241105t175246c00s4001-D,/mnt/engg-leung/Research_No9_Methane_Emissions/Yuyao/raw_data_dir_L89_L2SR_by_gee/tan20241105t175246c00s4001-D_l89_sr_LANDSAT_8_20241106T172045Z.tif,tan20241105t175246c00s4001-D_l89_sr_LANDSAT_8_20241106T172045Z.tif
tan20241106t111013c00s4001-A,/mnt/engg-leung/Research_No9_Methane_Emissions/Yuyao/raw_data_dir_L89_L2SR_by_gee/tan20241106t111013c00s4001-A_l89_sr_LANDSAT_9_20241107T103843Z.tif,tan20241106t111013c00s4001-A_l89_sr_LANDSAT_9_20241107T103843Z.tif
tan20241111t103920c00s4001-A,/mnt/engg-leung/Research_No9_Methane_Emissions/Yuyao/raw_data_dir_L89_L2SR_by_gee/tan20241111t103920c00s4001-A_l89_sr_LANDSAT_8_20241112T100831Z.tif,tan20241111t103920c00s4001-A_l89_sr_LANDSAT_8_20241112T100831Z.tif
tan20241111t103920c00s4001-B,/mnt/engg-leung/Research_No9_Methane_Emissions/Yuyao/raw_data_dir_L89_L2SR_by_gee/tan20241111t103920c00s4001-B_l89_sr_LANDSAT_8_20241112T100831Z.tif,tan20241111t103920c00s4001-B_l89_sr_LANDSAT_8_20241112T100831Z.tif
tan20241111t103920c00s4001-C,/mnt/engg-leung/Research_No9_Methane_Emissions/Yuyao/raw_data_dir_L89_L2SR_by_gee/tan20241111t103920c00s4001-C_l89_sr_LANDSAT_8_20241112T100831Z.tif,tan20241111t103920c00s4001-C_l89_sr_LANDSAT_8_20241112T100831Z.tif
tan20241111t103920c00s4001-D,/mnt/engg-leung/Research_No9_Methane_Emissions/Yuyao/raw_data_dir_L89_L2SR_by_gee/tan20241111t103920c00s4001-D_l89_sr_LANDSAT_8_20241112T100831Z.tif,tan20241111t103920c00s4001-D_l89_sr_LANDSAT_8_20241112T100831Z.tif
tan20241111t103920c00s4001-E,/mnt/engg-leung/Research_No9_Methane_Emissions/Yuyao/raw_data_dir_L89_L2SR_by_gee/tan20241111t103920c00s4001-E_l89_sr_LANDSAT_8_20241112T100831Z.tif,tan20241111t103920c00s4001-E_l89_sr_LANDSAT_8_20241112T100831Z.tif
tan20241111t103920c00s4001-F,/mnt/engg-leung/Research_No9_Methane_Emissions/Yuyao/raw_data_dir_L89_L2SR_by_gee/tan20241111t103920c00s4001-F_l89_sr_LANDSAT_8_20241112T100831Z.tif,tan20241111t103920c00s4001-F_l89_sr_LANDSAT_8_20241112T100831Z.tif
tan20241111t103920c00s4001-G,/mnt/engg-leung/Research_No9_Methane_Emissions/Yuyao/raw_data_dir_L89_L2SR_by_gee/tan20241111t103920c00s4001-G_l89_sr_LANDSAT_8_20241112T100831Z.tif,tan20241111t103920c00s4001-G_l89_sr_LANDSAT_8_20241112T100831Z.tif
tan20241111t103920c00s4001-H,/mnt/engg-leung/Research_No9_Methane_Emissions/Yuyao/raw_data_dir_L89_L2SR_by_gee/tan20241111t103920c00s4001-H_l89_sr_LANDSAT_8_20241112T100831Z.tif,tan20241111t103920c00s4001-H_l89_sr_LANDSAT_8_20241112T100831Z.tif
tan20241111t103920c00s4001-I,/mnt/engg-leung/Research_No9_Methane_Emissions/Yuyao/raw_data_dir_L89_L2SR_by_gee/tan20241111t103920c00s4001-I_l89_sr_LANDSAT_8_20241112T100831Z.tif,tan20241111t103920c00s4001-I_l89_sr_LANDSAT_8_20241112T100831Z.tif
tan20241111t103920c00s4001-J,/mnt/engg-leung/Research_No9_Methane_Emissions/Yuyao/raw_data_dir_L89_L2SR_by_gee/tan20241111t103920c00s4001-J_l89_sr_LANDSAT_8_20241112T100831Z.tif,tan20241111t103920c00s4001-J_l89_sr_LANDSAT_8_20241112T100831Z.tif
tan20241111t103920c00s4001-K,/mnt/engg-leung/Research_No9_Methane_Emissions/Yuyao/raw_data_dir_L89_L2SR_by_gee/tan20241111t103920c00s4001-K_l89_sr_LANDSAT_8_20241112T100831Z.tif,tan20241111t103920c00s4001-K_l89_sr_LANDSAT_8_20241112T100831Z.tif
tan20241111t103920c00s4001-L,/mnt/engg-leung/Research_No9_Methane_Emissions/Yuyao/raw_data_dir_L89_L2SR_by_gee/tan20241111t103920c00s4001-L_l89_sr_LANDSAT_8_20241112T100831Z.tif,tan20241111t103920c00s4001-L_l89_sr_LANDSAT_8_20241112T100831Z.tif
tan20241111t103920c00s4001-M,/mnt/engg-leung/Research_No9_Methane_Emissions/Yuyao/raw_data_dir_L89_L2SR_by_gee/tan20241111t103920c00s4001-M_l89_sr_LANDSAT_8_20241112T100831Z.tif,tan20241111t103920c00s4001-M_l89_sr_LANDSAT_8_20241112T100831Z.tif
tan20241111t103920c00s4001-O,/mnt/engg-leung/Research_No9_Methane_Emissions/Yuyao/raw_data_dir_L89_L2SR_by_gee/tan20241111t103920c00s4001-O_l89_sr_LANDSAT_8_20241112T100831Z.tif,tan20241111t103920c00s4001-O_l89_sr_LANDSAT_8_20241112T100831Z.tif
tan20241111t103920c00s4001-P,/mnt/engg-leung/Research_No9_Methane_Emissions/Yuyao/raw_data_dir_L89_L2SR_by_gee/tan20241111t103920c00s4001-P_l89_sr_LANDSAT_8_20241112T100831Z.tif,tan20241111t103920c00s4001-P_l89_sr_LANDSAT_8_20241112T100831Z.tif
tan20241202t032459c00s4001-A,/mnt/engg-leung/Research_No9_Methane_Emissions/Yuyao/raw_data_dir_L89_L2SR_by_gee/tan20241202t032459c00s4001-A_l89_sr_LANDSAT_9_20241203T030043Z.tif,tan20241202t032459c00s4001-A_l89_sr_LANDSAT_9_20241203T030043Z.tif
tan20241202t032459c00s4001-B,/mnt/engg-leung/Research_No9_Methane_Emissions/Yuyao/raw_data_dir_L89_L2SR_by_gee/tan20241202t032459c00s4001-B_l89_sr_LANDSAT_9_20241203T030043Z.tif,tan20241202t032459c00s4001-B_l89_sr_LANDSAT_9_20241203T030043Z.tif
tan20241202t032459c00s4001-C,/mnt/engg-leung/Research_No9_Methane_Emissions/Yuyao/raw_data_dir_L89_L2SR_by_gee/tan20241202t032459c00s4001-C_l89_sr_LANDSAT_9_20241203T030043Z.tif,tan20241202t032459c00s4001-C_l89_sr_LANDSAT_9_20241203T030043Z.tif
tan20241202t032459c00s4001-D,/mnt/engg-leung/Research_No9_Methane_Emissions/Yuyao/raw_data_dir_L89_L2SR_by_gee/tan20241202t032459c00s4001-D_l89_sr_LANDSAT_9_20241203T030043Z.tif,tan20241202t032459c00s4001-D_l89_sr_LANDSAT_9_20241203T030043Z.tif
tan20241202t032459c00s4001-E,/mnt/engg-leung/Research_No9_Methane_Emissions/Yuyao/raw_data_dir_L89_L2SR_by_gee/tan20241202t032459c00s4001-E_l89_sr_LANDSAT_9_20241203T030043Z.tif,tan20241202t032459c00s4001-E_l89_sr_LANDSAT_9_20241203T030043Z.tif
tan20241202t032459c00s4001-F,/mnt/engg-leung/Research_No9_Methane_Emissions/Yuyao/raw_data_dir_L89_L2SR_by_gee/tan20241202t032459c00s4001-F_l89_sr_LANDSAT_9_20241203T030107Z.tif,tan20241202t032459c00s4001-F_l89_sr_LANDSAT_9_20241203T030107Z.tif
tan20241202t032459c00s4001-G,/mnt/engg-leung/Research_No9_Methane_Emissions/Yuyao/raw_data_dir_L89_L2SR_by_gee/tan20241202t032459c00s4001-G_l89_sr_LANDSAT_9_20241203T030107Z.tif,tan20241202t032459c00s4001-G_l89_sr_LANDSAT_9_20241203T030107Z.tif
tan20241202t032459c00s4001-H,/mnt/engg-leung/Research_No9_Methane_Emissions/Yuyao/raw_data_dir_L89_L2SR_by_gee/tan20241202t032459c00s4001-H_l89_sr_LANDSAT_9_20241203T030107Z.tif,tan20241202t032459c00s4001-H_l89_sr_LANDSAT_9_20241203T030107Z.tif
tan20241202t032459c00s4001-I,/mnt/engg-leung/Research_No9_Methane_Emissions/Yuyao/raw_data_dir_L89_L2SR_by_gee/tan20241202t032459c00s4001-I_l89_sr_LANDSAT_9_20241203T030107Z.tif,tan20241202t032459c00s4001-I_l89_sr_LANDSAT_9_20241203T030107Z.tif
tan20241202t032459c00s4001-J,/mnt/engg-leung/Research_No9_Methane_Emissions/Yuyao/raw_data_dir_L89_L2SR_by_gee/tan20241202t032459c00s4001-J_l89_sr_LANDSAT_9_20241203T030107Z.tif,tan20241202t032459c00s4001-J_l89_sr_LANDSAT_9_20241203T030107Z.tif
tan20241202t032459c00s4001-K,/mnt/engg-leung/Research_No9_Methane_Emissions/Yuyao/raw_data_dir_L89_L2SR_by_gee/tan20241202t032459c00s4001-K_l89_sr_LANDSAT_9_20241203T030107Z.tif,tan20241202t032459c00s4001-K_l89_sr_LANDSAT_9_20241203T030107Z.tif
tan20241202t032459c00s4001-L,/mnt/engg-leung/Research_No9_Methane_Emissions/Yuyao/raw_data_dir_L89_L2SR_by_gee/tan20241202t032459c00s4001-L_l89_sr_LANDSAT_9_20241203T030107Z.tif,tan20241202t032459c00s4001-L_l89_sr_LANDSAT_9_20241203T030107Z.tif
tan20241202t032459c00s4001-M,/mnt/engg-leung/Research_No9_Methane_Emissions/Yuyao/raw_data_dir_L89_L2SR_by_gee/tan20241202t032459c00s4001-M_l89_sr_LANDSAT_9_20241203T030107Z.tif,tan20241202t032459c00s4001-M_l89_sr_LANDSAT_9_20241203T030107Z.tif
tan20241202t032459c00s4001-N,/mnt/engg-leung/Research_No9_Methane_Emissions/Yuyao/raw_data_dir_L89_L2SR_by_gee/tan20241202t032459c00s4001-N_l89_sr_LANDSAT_9_20241203T030107Z.tif,tan20241202t032459c00s4001-N_l89_sr_LANDSAT_9_20241203T030107Z.tif
tan20241202t032459c00s4001-P,/mnt/engg-leung/Research_No9_Methane_Emissions/Yuyao/raw_data_dir_L89_L2SR_by_gee/tan20241202t032459c00s4001-P_l89_sr_LANDSAT_9_20241203T030107Z.tif,tan20241202t032459c00s4001-P_l89_sr_LANDSAT_9_20241203T030107Z.tif
tan20241202t032459c00s4001-Q,/mnt/engg-leung/Research_No9_Methane_Emissions/Yuyao/raw_data_dir_L89_L2SR_by_gee/tan20241202t032459c00s4001-Q_l89_sr_LANDSAT_9_20241203T030107Z.tif,tan20241202t032459c00s4001-Q_l89_sr_LANDSAT_9_20241203T030107Z.tif
tan20241202t172918c00s4001-A,/mnt/engg-leung/Research_No9_Methane_Emissions/Yuyao/raw_data_dir_L89_L2SR_by_gee/tan20241202t172918c00s4001-A_l89_sr_LANDSAT_8_20241203T170222Z.tif,tan20241202t172918c00s4001-A_l89_sr_LANDSAT_8_20241203T170222Z.tif
tan20241202t172918c00s4001-B,/mnt/engg-leung/Research_No9_Methane_Emissions/Yuyao/raw_data_dir_L89_L2SR_by_gee/tan20241202t172918c00s4001-B_l89_sr_LANDSAT_8_20241203T170222Z.tif,tan20241202t172918c00s4001-B_l89_sr_LANDSAT_8_20241203T170222Z.tif
tan20241203t073043c00s4001-A,/mnt/engg-leung/Research_No9_Methane_Emissions/Yuyao/raw_data_dir_L89_L2SR_by_gee/tan20241203t073043c00s4001-A_l89_sr_LANDSAT_9_20241204T070120Z.tif,tan20241203t073043c00s4001-A_l89_sr_LANDSAT_9_20241204T070120Z.tif
tan20241203t073043c00s4001-B,/mnt/engg-leung/Research_No9_Methane_Emissions/Yuyao/raw_data_dir_L89_L2SR_by_gee/tan20241203t073043c00s4001-B_l89_sr_LANDSAT_9_20241204T070120Z.tif,tan20241203t073043c00s4001-B_l89_sr_LANDSAT_9_20241204T070120Z.tif
tan20241203t073043c00s4001-C,/mnt/engg-leung/Research_No9_Methane_Emissions/Yuyao/raw_data_dir_L89_L2SR_by_gee/tan20241203t073043c00s4001-C_l89_sr_LANDSAT_9_20241204T070120Z.tif,tan20241203t073043c00s4001-C_l89_sr_LANDSAT_9_20241204T070120Z.tif
tan20241203t073043c00s4001-D,/mnt/engg-leung/Research_No9_Methane_Emissions/Yuyao/raw_data_dir_L89_L2SR_by_gee/tan20241203t073043c00s4001-D_l89_sr_LANDSAT_9_20241204T070120Z.tif,tan20241203t073043c00s4001-D_l89_sr_LANDSAT_9_20241204T070120Z.tif
tan20241203t073043c00s4001-E,/mnt/engg-leung/Research_No9_Methane_Emissions/Yuyao/raw_data_dir_L89_L2SR_by_gee/tan20241203t073043c00s4001-E_l89_sr_LANDSAT_9_20241204T070120Z.tif,tan20241203t073043c00s4001-E_l89_sr_LANDSAT_9_20241204T070120Z.tif
tan20241203t073043c00s4001-F,/mnt/engg-leung/Research_No9_Methane_Emissions/Yuyao/raw_data_dir_L89_L2SR_by_gee/tan20241203t073043c00s4001-F_l89_sr_LANDSAT_9_20241204T070120Z.tif,tan20241203t073043c00s4001-F_l89_sr_LANDSAT_9_20241204T070120Z.tif
tan20241203t073043c00s4001-G,/mnt/engg-leung/Research_No9_Methane_Emissions/Yuyao/raw_data_dir_L89_L2SR_by_gee/tan20241203t073043c00s4001-G_l89_sr_LANDSAT_9_20241204T070120Z.tif,tan20241203t073043c00s4001-G_l89_sr_LANDSAT_9_20241204T070120Z.tif
tan20241203t073043c00s4001-H,/mnt/engg-leung/Research_No9_Methane_Emissions/Yuyao/raw_data_dir_L89_L2SR_by_gee/tan20241203t073043c00s4001-H_l89_sr_LANDSAT_9_20241204T070120Z.tif,tan20241203t073043c00s4001-H_l89_sr_LANDSAT_9_20241204T070120Z.tif
tan20241203t073043c00s4001-I,/mnt/engg-leung/Research_No9_Methane_Emissions/Yuyao/raw_data_dir_L89_L2SR_by_gee/tan20241203t073043c00s4001-I_l89_sr_LANDSAT_9_20241204T070120Z.tif,tan20241203t073043c00s4001-I_l89_sr_LANDSAT_9_20241204T070120Z.tif
tan20241203t073043c00s4001-J,/mnt/engg-leung/Research_No9_Methane_Emissions/Yuyao/raw_data_dir_L89_L2SR_by_gee/tan20241203t073043c00s4001-J_l89_sr_LANDSAT_9_20241204T070120Z.tif,tan20241203t073043c00s4001-J_l89_sr_LANDSAT_9_20241204T070120Z.tif
tan20241203t073043c00s4001-K,/mnt/engg-leung/Research_No9_Methane_Emissions/Yuyao/raw_data_dir_L89_L2SR_by_gee/tan20241203t073043c00s4001-K_l89_sr_LANDSAT_9_20241204T070120Z.tif,tan20241203t073043c00s4001-K_l89_sr_LANDSAT_9_20241204T070120Z.tif
tan20241203t073043c00s4001-L,/mnt/engg-leung/Research_No9_Methane_Emissions/Yuyao/raw_data_dir_L89_L2SR_by_gee/tan20241203t073043c00s4001-L_l89_sr_LANDSAT_9_20241204T070120Z.tif,tan20241203t073043c00s4001-L_l89_sr_LANDSAT_9_20241204T070120Z.tif
tan20241203t073043c00s4001-M,/mnt/engg-leung/Research_No9_Methane_Emissions/Yuyao/raw_data_dir_L89_L2SR_by_gee/tan20241203t073043c00s4001-M_l89_sr_LANDSAT_9_20241204T070120Z.tif,tan20241203t073043c00s4001-M_l89_sr_LANDSAT_9_20241204T070120Z.tif
tan20241203t073043c00s4001-N,/mnt/engg-leung/Research_No9_Methane_Emissions/Yuyao/raw_data_dir_L89_L2SR_by_gee/tan20241203t073043c00s4001-N_l89_sr_LANDSAT_9_20241204T070120Z.tif,tan20241203t073043c00s4001-N_l89_sr_LANDSAT_9_20241204T070120Z.tif
tan20241203t073043c00s4001-O,/mnt/engg-leung/Research_No9_Methane_Emissions/Yuyao/raw_data_dir_L89_L2SR_by_gee/tan20241203t073043c00s4001-O_l89_sr_LANDSAT_9_20241204T070120Z.tif,tan20241203t073043c00s4001-O_l89_sr_LANDSAT_9_20241204T070120Z.tif
tan20241203t073043c00s4001-P,/mnt/engg-leung/Research_No9_Methane_Emissions/Yuyao/raw_data_dir_L89_L2SR_by_gee/tan20241203t073043c00s4001-P_l89_sr_LANDSAT_9_20241204T070120Z.tif,tan20241203t073043c00s4001-P_l89_sr_LANDSAT_9_20241204T070120Z.tif
tan20241203t073043c00s4001-Q,/mnt/engg-leung/Research_No9_Methane_Emissions/Yuyao/raw_data_dir_L89_L2SR_by_gee/tan20241203t073043c00s4001-Q_l89_sr_LANDSAT_9_20241204T070120Z.tif,tan20241203t073043c00s4001-Q_l89_sr_LANDSAT_9_20241204T070120Z.tif
tan20241203t073043c00s4001-R,/mnt/engg-leung/Research_No9_Methane_Emissions/Yuyao/raw_data_dir_L89_L2SR_by_gee/tan20241203t073043c00s4001-R_l89_sr_LANDSAT_9_20241204T070120Z.tif,tan20241203t073043c00s4001-R_l89_sr_LANDSAT_9_20241204T070120Z.tif
tan20241203t073043c00s4001-S,/mnt/engg-leung/Research_No9_Methane_Emissions/Yuyao/raw_data_dir_L89_L2SR_by_gee/tan20241203t073043c00s4001-S_l89_sr_LANDSAT_9_20241204T070120Z.tif,tan20241203t073043c00s4001-S_l89_sr_LANDSAT_9_20241204T070120Z.tif
tan20241203t073043c00s4001-T,/mnt/engg-leung/Research_No9_Methane_Emissions/Yuyao/raw_data_dir_L89_L2SR_by_gee/tan20241203t073043c00s4001-T_l89_sr_LANDSAT_9_20241204T070120Z.tif,tan20241203t073043c00s4001-T_l89_sr_LANDSAT_9_20241204T070120Z.tif
tan20241203t073043c00s4001-U,/mnt/engg-leung/Research_No9_Methane_Emissions/Yuyao/raw_data_dir_L89_L2SR_by_gee/tan20241203t073043c00s4001-U_l89_sr_LANDSAT_9_20241204T070120Z.tif,tan20241203t073043c00s4001-U_l89_sr_LANDSAT_9_20241204T070120Z.tif
tan20241205t045119c00s4001-A,/mnt/engg-leung/Research_No9_Methane_Emissions/Yuyao/raw_data_dir_L89_L2SR_by_gee/tan20241205t045119c00s4001-A_l89_sr_LANDSAT_8_20241206T042432Z.tif,tan20241205t045119c00s4001-A_l89_sr_LANDSAT_8_20241206T042432Z.tif
tan20241217t064857c00s4001-A,/mnt/engg-leung/Research_No9_Methane_Emissions/Yuyao/raw_data_dir_L89_L2SR_by_gee/tan20241217t064857c00s4001-A_l89_sr_LANDSAT_8_20241218T062403Z.tif,tan20241217t064857c00s4001-A_l89_sr_LANDSAT_8_20241218T062403Z.tif
tan20241217t064857c00s4001-B,/mnt/engg-leung/Research_No9_Methane_Emissions/Yuyao/raw_data_dir_L89_L2SR_by_gee/tan20241217t064857c00s4001-B_l89_sr_LANDSAT_8_20241218T062403Z.tif,tan20241217t064857c00s4001-B_l89_sr_LANDSAT_8_20241218T062403Z.tif
tan20241217t064857c00s4001-C,/mnt/engg-leung/Research_No9_Methane_Emissions/Yuyao/raw_data_dir_L89_L2SR_by_gee/tan20241217t064857c00s4001-C_l89_sr_LANDSAT_8_20241218T062403Z.tif,tan20241217t064857c00s4001-C_l89_sr_LANDSAT_8_20241218T062403Z.tif
tan20241217t064857c00s4001-D,/mnt/engg-leung/Research_No9_Methane_Emissions/Yuyao/raw_data_dir_L89_L2SR_by_gee/tan20241217t064857c00s4001-D_l89_sr_LANDSAT_8_20241218T062403Z.tif,tan20241217t064857c00s4001-D_l89_sr_LANDSAT_8_20241218T062403Z.tif
tan20241217t064857c00s4001-E,/mnt/engg-leung/Research_No9_Methane_Emissions/Yuyao/raw_data_dir_L89_L2SR_by_gee/tan20241217t064857c00s4001-E_l89_sr_LANDSAT_8_20241218T062403Z.tif,tan20241217t064857c00s4001-E_l89_sr_LANDSAT_8_20241218T062403Z.tif
tan20241224t101944c00s4001-A,/mnt/engg-leung/Research_No9_Methane_Emissions/Yuyao/raw_data_dir_L89_L2SR_by_gee/tan20241224t101944c00s4001-A_l89_sr_LANDSAT_8_20241225T095114Z.tif,tan20241224t101944c00s4001-A_l89_sr_LANDSAT_8_20241225T095114Z.tif
tan20241225t032551c00s4001-A,/mnt/engg-leung/Research_No9_Methane_Emissions/Yuyao/raw_data_dir_L89_L2SR_by_gee/tan20241225t032551c00s4001-A_l89_sr_LANDSAT_9_20241226T030651Z.tif,tan20241225t032551c00s4001-A_l89_sr_LANDSAT_9_20241226T030651Z.tif
tan20241225t032551c00s4001-B,/mnt/engg-leung/Research_No9_Methane_Emissions/Yuyao/raw_data_dir_L89_L2SR_by_gee/tan20241225t032551c00s4001-B_l89_sr_LANDSAT_9_20241226T030651Z.tif,tan20241225t032551c00s4001-B_l89_sr_LANDSAT_9_20241226T030651Z.tif
tan20241225t032551c00s4001-C,/mnt/engg-leung/Research_No9_Methane_Emissions/Yuyao/raw_data_dir_L89_L2SR_by_gee/tan20241225t032551c00s4001-C_l89_sr_LANDSAT_9_20241226T030651Z.tif,tan20241225t032551c00s4001-C_l89_sr_LANDSAT_9_20241226T030651Z.tif
tan20241225t032551c00s4001-D,/mnt/engg-leung/Research_No9_Methane_Emissions/Yuyao/raw_data_dir_L89_L2SR_by_gee/tan20241225t032551c00s4001-D_l89_sr_LANDSAT_9_20241226T030651Z.tif,tan20241225t032551c00s4001-D_l89_sr_LANDSAT_9_20241226T030651Z.tif
tan20241225t032551c00s4001-E,/mnt/engg-leung/Research_No9_Methane_Emissions/Yuyao/raw_data_dir_L89_L2SR_by_gee/tan20241225t032551c00s4001-E_l89_sr_LANDSAT_9_20241226T030651Z.tif,tan20241225t032551c00s4001-E_l89_sr_LANDSAT_9_20241226T030651Z.tif
tan20241225t032551c00s4001-F,/mnt/engg-leung/Research_No9_Methane_Emissions/Yuyao/raw_data_dir_L89_L2SR_by_gee/tan20241225t032551c00s4001-F_l89_sr_LANDSAT_9_20241226T030651Z.tif,tan20241225t032551c00s4001-F_l89_sr_LANDSAT_9_20241226T030651Z.tif
tan20241225t032551c00s4001-G,/mnt/engg-leung/Research_No9_Methane_Emissions/Yuyao/raw_data_dir_L89_L2SR_by_gee/tan20241225t032551c00s4001-G_l89_sr_LANDSAT_9_20241226T030651Z.tif,tan20241225t032551c00s4001-G_l89_sr_LANDSAT_9_20241226T030651Z.tif
tan20241225t032551c00s4001-H,/mnt/engg-leung/Research_No9_Methane_Emissions/Yuyao/raw_data_dir_L89_L2SR_by_gee/tan20241225t032551c00s4001-H_l89_sr_LANDSAT_9_20241226T030651Z.tif,tan20241225t032551c00s4001-H_l89_sr_LANDSAT_9_20241226T030651Z.tif
tan20241225t032551c00s4001-I,/mnt/engg-leung/Research_No9_Methane_Emissions/Yuyao/raw_data_dir_L89_L2SR_by_gee/tan20241225t032551c00s4001-I_l89_sr_LANDSAT_9_20241226T030651Z.tif,tan20241225t032551c00s4001-I_l89_sr_LANDSAT_9_20241226T030651Z.tif
tan20241225t032551c00s4001-J,/mnt/engg-leung/Research_No9_Methane_Emissions/Yuyao/raw_data_dir_L89_L2SR_by_gee/tan20241225t032551c00s4001-J_l89_sr_LANDSAT_9_20241226T030651Z.tif,tan20241225t032551c00s4001-J_l89_sr_LANDSAT_9_20241226T030651Z.tif
tan20241225t032551c00s4001-K,/mnt/engg-leung/Research_No9_Methane_Emissions/Yuyao/raw_data_dir_L89_L2SR_by_gee/tan20241225t032551c00s4001-K_l89_sr_LANDSAT_9_20241226T030651Z.tif,tan20241225t032551c00s4001-K_l89_sr_LANDSAT_9_20241226T030651Z.tif
tan20241225t032551c00s4001-L,/mnt/engg-leung/Research_No9_Methane_Emissions/Yuyao/raw_data_dir_L89_L2SR_by_gee/tan20241225t032551c00s4001-L_l89_sr_LANDSAT_9_20241226T030651Z.tif,tan20241225t032551c00s4001-L_l89_sr_LANDSAT_9_20241226T030651Z.tif
tan20241225t032551c00s4001-M,/mnt/engg-leung/Research_No9_Methane_Emissions/Yuyao/raw_data_dir_L89_L2SR_by_gee/tan20241225t032551c00s4001-M_l89_sr_LANDSAT_9_20241226T030651Z.tif,tan20241225t032551c00s4001-M_l89_sr_LANDSAT_9_20241226T030651Z.tif
tan20241225t032551c00s4001-N,/mnt/engg-leung/Research_No9_Methane_Emissions/Yuyao/raw_data_dir_L89_L2SR_by_gee/tan20241225t032551c00s4001-N_l89_sr_LANDSAT_9_20241226T030651Z.tif,tan20241225t032551c00s4001-N_l89_sr_LANDSAT_9_20241226T030651Z.tif
tan20241226t060035c00s4001-A,/mnt/engg-leung/Research_No9_Methane_Emissions/Yuyao/raw_data_dir_L89_L2SR_by_gee/tan20241226t060035c00s4001-A_l89_sr_LANDSAT_9_20241227T053410Z.tif,tan20241226t060035c00s4001-A_l89_sr_LANDSAT_9_20241227T053410Z.tif
tan20241226t060035c00s4001-B,/mnt/engg-leung/Research_No9_Methane_Emissions/Yuyao/raw_data_dir_L89_L2SR_by_gee/tan20241226t060035c00s4001-B_l89_sr_LANDSAT_9_20241227T053410Z.tif,tan20241226t060035c00s4001-B_l89_sr_LANDSAT_9_20241227T053410Z.tif
tan20241226t060035c00s4001-C,/mnt/engg-leung/Research_No9_Methane_Emissions/Yuyao/raw_data_dir_L89_L2SR_by_gee/tan20241226t060035c00s4001-C_l89_sr_LANDSAT_9_20241227T053410Z.tif,tan20241226t060035c00s4001-C_l89_sr_LANDSAT_9_20241227T053410Z.tif
tan20241226t060035c00s4001-E,/mnt/engg-leung/Research_No9_Methane_Emissions/Yuyao/raw_data_dir_L89_L2SR_by_gee/tan20241226t060035c00s4001-E_l89_sr_LANDSAT_9_20241227T053410Z.tif,tan20241226t060035c00s4001-E_l89_sr_LANDSAT_9_20241227T053410Z.tif
tan20241226t060035c00s4001-F,/mnt/engg-leung/Research_No9_Methane_Emissions/Yuyao/raw_data_dir_L89_L2SR_by_gee/tan20241226t060035c00s4001-F_l89_sr_LANDSAT_9_20241227T053346Z.tif,tan20241226t060035c00s4001-F_l89_sr_LANDSAT_9_20241227T053346Z.tif
tan20241226t060035c00s4001-H,/mnt/engg-leung/Research_No9_Methane_Emissions/Yuyao/raw_data_dir_L89_L2SR_by_gee/tan20241226t060035c00s4001-H_l89_sr_LANDSAT_9_20241227T053346Z.tif,tan20241226t060035c00s4001-H_l89_sr_LANDSAT_9_20241227T053346Z.tif
tan20241230t081533c00s4001-A,/mnt/engg-leung/Research_No9_Methane_Emissions/Yuyao/raw_data_dir_L89_L2SR_by_gee/tan20241230t081533c00s4001-A_l89_sr_LANDSAT_8_20241231T074026Z.tif,tan20241230t081533c00s4001-A_l89_sr_LANDSAT_8_20241231T074026Z.tif
tan20250103t163512c00s4001-A,/mnt/engg-leung/Research_No9_Methane_Emissions/Yuyao/raw_data_dir_L89_L2SR_by_gee/tan20250103t163512c00s4001-A_l89_sr_LANDSAT_9_20250104T161227Z.tif,tan20250103t163512c00s4001-A_l89_sr_LANDSAT_9_20250104T161227Z.tif
tan20250111t033855c00s4001-E,/mnt/engg-leung/Research_No9_Methane_Emissions/Yuyao/raw_data_dir_L89_L2SR_by_gee/tan20250111t033855c00s4001-E_l89_sr_LANDSAT_8_20250112T030035Z.tif,tan20250111t033855c00s4001-E_l89_sr_LANDSAT_8_20250112T030035Z.tif
tan20250111t033855c00s4001-F,/mnt/engg-leung/Research_No9_Methane_Emissions/Yuyao/raw_data_dir_L89_L2SR_by_gee/tan20250111t033855c00s4001-F_l89_sr_LANDSAT_8_20250112T030035Z.tif,tan20250111t033855c00s4001-F_l89_sr_LANDSAT_8_20250112T030035Z.tif
tan20250111t033855c00s4001-I,/mnt/engg-leung/Research_No9_Methane_Emissions/Yuyao/raw_data_dir_L89_L2SR_by_gee/tan20250111t033855c00s4001-I_l89_sr_LANDSAT_8_20250112T030035Z.tif,tan20250111t033855c00s4001-I_l89_sr_LANDSAT_8_20250112T030035Z.tif
tan20250121t142012c00s4001-A,/mnt/engg-leung/Research_No9_Methane_Emissions/Yuyao/raw_data_dir_L89_L2SR_by_gee/tan20250121t142012c00s4001-A_l89_sr_LANDSAT_8_20250122T135024Z.tif,tan20250121t142012c00s4001-A_l89_sr_LANDSAT_8_20250122T135024Z.tif
tan20250122t151345c00s4001-A,/mnt/engg-leung/Research_No9_Methane_Emissions/Yuyao/raw_data_dir_L89_L2SR_by_gee/tan20250122t151345c00s4001-A_l89_sr_LANDSAT_8_20250123T143427Z.tif,tan20250122t151345c00s4001-A_l89_sr_LANDSAT_8_20250123T143427Z.tif
tan20250126t060144c00s4001-A,/mnt/engg-leung/Research_No9_Methane_Emissions/Yuyao/raw_data_dir_L89_L2SR_by_gee/tan20250126t060144c00s4001-A_l89_sr_LANDSAT_8_20250127T053637Z.tif,tan20250126t060144c00s4001-A_l89_sr_LANDSAT_8_20250127T053637Z.tif
tan20250127t174657c00s4001-B,/mnt/engg-leung/Research_No9_Methane_Emissions/Yuyao/raw_data_dir_L89_L2SR_by_gee/tan20250127t174657c00s4001-B_l89_sr_LANDSAT_9_20250128T170131Z.tif,tan20250127t174657c00s4001-B_l89_sr_LANDSAT_9_20250128T170131Z.tif
tan20250127t174657c00s4001-C,/mnt/engg-leung/Research_No9_Methane_Emissions/Yuyao/raw_data_dir_L89_L2SR_by_gee/tan20250127t174657c00s4001-C_l89_sr_LANDSAT_9_20250128T170131Z.tif,tan20250127t174657c00s4001-C_l89_sr_LANDSAT_9_20250128T170131Z.tif
tan20250131t054730c00s4001-A,/mnt/engg-leung/Research_No9_Methane_Emissions/Yuyao/raw_data_dir_L89_L2SR_by_gee/tan20250131t054730c00s4001-A_l89_sr_LANDSAT_9_20250201T050659Z.tif,tan20250131t054730c00s4001-A_l89_sr_LANDSAT_9_20250201T050659Z.tif
tan20250131t055153c00s4001-A,/mnt/engg-leung/Research_No9_Methane_Emissions/Yuyao/raw_data_dir_L89_L2SR_by_gee/tan20250131t055153c00s4001-A_l89_sr_LANDSAT_9_20250201T051058Z.tif,tan20250131t055153c00s4001-A_l89_sr_LANDSAT_9_20250201T051058Z.tif
tan20250131t072141c00s4001-A,/mnt/engg-leung/Research_No9_Methane_Emissions/Yuyao/raw_data_dir_L89_L2SR_by_gee/tan20250131t072141c00s4001-A_l89_sr_LANDSAT_9_20250201T064616Z.tif,tan20250131t072141c00s4001-A_l89_sr_LANDSAT_9_20250201T064616Z.tif
tan20250131t181317c00s4001-A,/mnt/engg-leung/Research_No9_Methane_Emissions/Yuyao/raw_data_dir_L89_L2SR_by_gee/tan20250131t181317c00s4001-A_l89_sr_LANDSAT_8_20250201T172724Z.tif,tan20250131t181317c00s4001-A_l89_sr_LANDSAT_8_20250201T172724Z.tif
tan20250131t181317c00s4001-B,/mnt/engg-leung/Research_No9_Methane_Emissions/Yuyao/raw_data_dir_L89_L2SR_by_gee/tan20250131t181317c00s4001-B_l89_sr_LANDSAT_8_20250201T172724Z.tif,tan20250131t181317c00s4001-B_l89_sr_LANDSAT_8_20250201T172724Z.tif
tan20250131t181317c00s4001-C,/mnt/engg-leung/Research_No9_Methane_Emissions/Yuyao/raw_data_dir_L89_L2SR_by_gee/tan20250131t181317c00s4001-C_l89_sr_LANDSAT_8_20250201T172724Z.tif,tan20250131t181317c00s4001-C_l89_sr_LANDSAT_8_20250201T172724Z.tif
tan20250131t181317c00s4001-D,/mnt/engg-leung/Research_No9_Methane_Emissions/Yuyao/raw_data_dir_L89_L2SR_by_gee/tan20250131t181317c00s4001-D_l89_sr_LANDSAT_8_20250201T172724Z.tif,tan20250131t181317c00s4001-D_l89_sr_LANDSAT_8_20250201T172724Z.tif
tan20250131t181317c00s4001-E,/mnt/engg-leung/Research_No9_Methane_Emissions/Yuyao/raw_data_dir_L89_L2SR_by_gee/tan20250131t181317c00s4001-E_l89_sr_LANDSAT_8_20250201T172724Z.tif,tan20250131t181317c00s4001-E_l89_sr_LANDSAT_8_20250201T172724Z.tif
tan20250131t181317c00s4001-F,/mnt/engg-leung/Research_No9_Methane_Emissions/Yuyao/raw_data_dir_L89_L2SR_by_gee/tan20250131t181317c00s4001-F_l89_sr_LANDSAT_8_20250201T172724Z.tif,tan20250131t181317c00s4001-F_l89_sr_LANDSAT_8_20250201T172724Z.tif
tan20250131t181317c00s4001-G,/mnt/engg-leung/Research_No9_Methane_Emissions/Yuyao/raw_data_dir_L89_L2SR_by_gee/tan20250131t181317c00s4001-G_l89_sr_LANDSAT_8_20250201T172724Z.tif,tan20250131t181317c00s4001-G_l89_sr_LANDSAT_8_20250201T172724Z.tif
tan20250131t181317c00s4001-H,/mnt/engg-leung/Research_No9_Methane_Emissions/Yuyao/raw_data_dir_L89_L2SR_by_gee/tan20250131t181317c00s4001-H_l89_sr_LANDSAT_8_20250201T172724Z.tif,tan20250131t181317c00s4001-H_l89_sr_LANDSAT_8_20250201T172724Z.tif
tan20250131t181317c00s4001-I,/mnt/engg-leung/Research_No9_Methane_Emissions/Yuyao/raw_data_dir_L89_L2SR_by_gee/tan20250131t181317c00s4001-I_l89_sr_LANDSAT_8_20250201T172724Z.tif,tan20250131t181317c00s4001-I_l89_sr_LANDSAT_8_20250201T172724Z.tif
tan20250131t181317c00s4001-J,/mnt/engg-leung/Research_No9_Methane_Emissions/Yuyao/raw_data_dir_L89_L2SR_by_gee/tan20250131t181317c00s4001-J_l89_sr_LANDSAT_8_20250201T172724Z.tif,tan20250131t181317c00s4001-J_l89_sr_LANDSAT_8_20250201T172724Z.tif
tan20250131t181317c00s4001-K,/mnt/engg-leung/Research_No9_Methane_Emissions/Yuyao/raw_data_dir_L89_L2SR_by_gee/tan20250131t181317c00s4001-K_l89_sr_LANDSAT_8_20250201T172724Z.tif,tan20250131t181317c00s4001-K_l89_sr_LANDSAT_8_20250201T172724Z.tif
tan20250131t181317c00s4001-L,/mnt/engg-leung/Research_No9_Methane_Emissions/Yuyao/raw_data_dir_L89_L2SR_by_gee/tan20250131t181317c00s4001-L_l89_sr_LANDSAT_8_20250201T172724Z.tif,tan20250131t181317c00s4001-L_l89_sr_LANDSAT_8_20250201T172724Z.tif
tan20250131t181317c00s4001-M,/mnt/engg-leung/Research_No9_Methane_Emissions/Yuyao/raw_data_dir_L89_L2SR_by_gee/tan20250131t181317c00s4001-M_l89_sr_LANDSAT_8_20250201T172724Z.tif,tan20250131t181317c00s4001-M_l89_sr_LANDSAT_8_20250201T172724Z.tif
tan20250131t181317c00s4001-N,/mnt/engg-leung/Research_No9_Methane_Emissions/Yuyao/raw_data_dir_L89_L2SR_by_gee/tan20250131t181317c00s4001-N_l89_sr_LANDSAT_8_20250201T172724Z.tif,tan20250131t181317c00s4001-N_l89_sr_LANDSAT_8_20250201T172724Z.tif
tan20250131t181317c00s4001-O,/mnt/engg-leung/Research_No9_Methane_Emissions/Yuyao/raw_data_dir_L89_L2SR_by_gee/tan20250131t181317c00s4001-O_l89_sr_LANDSAT_8_20250201T172724Z.tif,tan20250131t181317c00s4001-O_l89_sr_LANDSAT_8_20250201T172724Z.tif
tan20250131t181317c00s4001-P,/mnt/engg-leung/Research_No9_Methane_Emissions/Yuyao/raw_data_dir_L89_L2SR_by_gee/tan20250131t181317c00s4001-P_l89_sr_LANDSAT_8_20250201T172724Z.tif,tan20250131t181317c00s4001-P_l89_sr_LANDSAT_8_20250201T172724Z.tif
tan20250201t094444c00s4001-A,/mnt/engg-leung/Research_No9_Methane_Emissions/Yuyao/raw_data_dir_L89_L2SR_by_gee/tan20250201t094444c00s4001-A_l89_sr_LANDSAT_9_20250202T090514Z.tif,tan20250201t094444c00s4001-A_l89_sr_LANDSAT_9_20250202T090514Z.tif
tan20250201t094444c00s4001-B,/mnt/engg-leung/Research_No9_Methane_Emissions/Yuyao/raw_data_dir_L89_L2SR_by_gee/tan20250201t094444c00s4001-B_l89_sr_LANDSAT_9_20250202T090514Z.tif,tan20250201t094444c00s4001-B_l89_sr_LANDSAT_9_20250202T090514Z.tif
tan20250202t042059c00s4001-A,/mnt/engg-leung/Research_No9_Methane_Emissions/Yuyao/raw_data_dir_L89_L2SR_by_gee/tan20250202t042059c00s4001-A_l89_sr_LANDSAT_8_20250203T035759Z.tif,tan20250202t042059c00s4001-A_l89_sr_LANDSAT_8_20250203T035759Z.tif
tan20250202t140245c00s4001-A,/mnt/engg-leung/Research_No9_Methane_Emissions/Yuyao/raw_data_dir_L89_L2SR_by_gee/tan20250202t140245c00s4001-A_l89_sr_LANDSAT_9_20250203T132524Z.tif,tan20250202t140245c00s4001-A_l89_sr_LANDSAT_9_20250203T132524Z.tif
tan20250202t165233c00s4001-A,/mnt/engg-leung/Research_No9_Methane_Emissions/Yuyao/raw_data_dir_L89_L2SR_by_gee/tan20250202t165233c00s4001-A_l89_sr_LANDSAT_9_20250203T162514Z.tif,tan20250202t165233c00s4001-A_l89_sr_LANDSAT_9_20250203T162514Z.tif
tan20250202t165233c00s4001-B,/mnt/engg-leung/Research_No9_Methane_Emissions/Yuyao/raw_data_dir_L89_L2SR_by_gee/tan20250202t165233c00s4001-B_l89_sr_LANDSAT_9_20250203T162514Z.tif,tan20250202t165233c00s4001-B_l89_sr_LANDSAT_9_20250203T162514Z.tif
tan20250202t165233c00s4001-C,/mnt/engg-leung/Research_No9_Methane_Emissions/Yuyao/raw_data_dir_L89_L2SR_by_gee/tan20250202t165233c00s4001-C_l89_sr_LANDSAT_9_20250203T162514Z.tif,tan20250202t165233c00s4001-C_l89_sr_LANDSAT_9_20250203T162514Z.tif
tan20250202t165233c00s4001-D,/mnt/engg-leung/Research_No9_Methane_Emissions/Yuyao/raw_data_dir_L89_L2SR_by_gee/tan20250202t165233c00s4001-D_l89_sr_LANDSAT_9_20250203T162514Z.tif,tan20250202t165233c00s4001-D_l89_sr_LANDSAT_9_20250203T162514Z.tif
tan20250202t165233c00s4001-E,/mnt/engg-leung/Research_No9_Methane_Emissions/Yuyao/raw_data_dir_L89_L2SR_by_gee/tan20250202t165233c00s4001-E_l89_sr_LANDSAT_9_20250203T162514Z.tif,tan20250202t165233c00s4001-E_l89_sr_LANDSAT_9_20250203T162514Z.tif
tan20250202t165233c00s4001-F,/mnt/engg-leung/Research_No9_Methane_Emissions/Yuyao/raw_data_dir_L89_L2SR_by_gee/tan20250202t165233c00s4001-F_l89_sr_LANDSAT_9_20250203T162514Z.tif,tan20250202t165233c00s4001-F_l89_sr_LANDSAT_9_20250203T162514Z.tif
tan20250202t165233c00s4001-H,/mnt/engg-leung/Research_No9_Methane_Emissions/Yuyao/raw_data_dir_L89_L2SR_by_gee/tan20250202t165233c00s4001-H_l89_sr_LANDSAT_9_20250203T162514Z.tif,tan20250202t165233c00s4001-H_l89_sr_LANDSAT_9_20250203T162514Z.tif
tan20250203t034534c00s4001-A,/mnt/engg-leung/Research_No9_Methane_Emissions/Yuyao/raw_data_dir_L89_L2SR_by_gee/tan20250203t034534c00s4001-A_l89_sr_LANDSAT_8_20250204T030708Z.tif,tan20250203t034534c00s4001-A_l89_sr_LANDSAT_8_20250204T030708Z.tif
tan20250203t034534c00s4001-B,/mnt/engg-leung/Research_No9_Methane_Emissions/Yuyao/raw_data_dir_L89_L2SR_by_gee/tan20250203t034534c00s4001-B_l89_sr_LANDSAT_8_20250204T030708Z.tif,tan20250203t034534c00s4001-B_l89_sr_LANDSAT_8_20250204T030708Z.tif
tan20250203t034534c00s4001-C,/mnt/engg-leung/Research_No9_Methane_Emissions/Yuyao/raw_data_dir_L89_L2SR_by_gee/tan20250203t034534c00s4001-C_l89_sr_LANDSAT_8_20250204T030708Z.tif,tan20250203t034534c00s4001-C_l89_sr_LANDSAT_8_20250204T030708Z.tif
tan20250203t034534c00s4001-D,/mnt/engg-leung/Research_No9_Methane_Emissions/Yuyao/raw_data_dir_L89_L2SR_by_gee/tan20250203t034534c00s4001-D_l89_sr_LANDSAT_8_20250204T030708Z.tif,tan20250203t034534c00s4001-D_l89_sr_LANDSAT_8_20250204T030708Z.tif
tan20250203t034534c00s4001-E,/mnt/engg-leung/Research_No9_Methane_Emissions/Yuyao/raw_data_dir_L89_L2SR_by_gee/tan20250203t034534c00s4001-E_l89_sr_LANDSAT_8_20250204T030708Z.tif,tan20250203t034534c00s4001-E_l89_sr_LANDSAT_8_20250204T030708Z.tif
tan20250203t034534c00s4001-F,/mnt/engg-leung/Research_No9_Methane_Emissions/Yuyao/raw_data_dir_L89_L2SR_by_gee/tan20250203t034534c00s4001-F_l89_sr_LANDSAT_8_20250204T030708Z.tif,tan20250203t034534c00s4001-F_l89_sr_LANDSAT_8_20250204T030708Z.tif
tan20250203t034534c00s4001-G,/mnt/engg-leung/Research_No9_Methane_Emissions/Yuyao/raw_data_dir_L89_L2SR_by_gee/tan20250203t034534c00s4001-G_l89_sr_LANDSAT_8_20250204T030708Z.tif,tan20250203t034534c00s4001-G_l89_sr_LANDSAT_8_20250204T030708Z.tif
tan20250203t034534c00s4001-H,/mnt/engg-leung/Research_No9_Methane_Emissions/Yuyao/raw_data_dir_L89_L2SR_by_gee/tan20250203t034534c00s4001-H_l89_sr_LANDSAT_8_20250204T030708Z.tif,tan20250203t034534c00s4001-H_l89_sr_LANDSAT_8_20250204T030708Z.tif
tan20250203t034534c00s4001-I,/mnt/engg-leung/Research_No9_Methane_Emissions/Yuyao/raw_data_dir_L89_L2SR_by_gee/tan20250203t034534c00s4001-I_l89_sr_LANDSAT_8_20250204T030708Z.tif,tan20250203t034534c00s4001-I_l89_sr_LANDSAT_8_20250204T030708Z.tif
tan20250203t034534c00s4001-J,/mnt/engg-leung/Research_No9_Methane_Emissions/Yuyao/raw_data_dir_L89_L2SR_by_gee/tan20250203t034534c00s4001-J_l89_sr_LANDSAT_8_20250204T030708Z.tif,tan20250203t034534c00s4001-J_l89_sr_LANDSAT_8_20250204T030708Z.tif
tan20250203t034534c00s4001-K,/mnt/engg-leung/Research_No9_Methane_Emissions/Yuyao/raw_data_dir_L89_L2SR_by_gee/tan20250203t034534c00s4001-K_l89_sr_LANDSAT_8_20250204T030708Z.tif,tan20250203t034534c00s4001-K_l89_sr_LANDSAT_8_20250204T030708Z.tif
tan20250203t034534c00s4001-L,/mnt/engg-leung/Research_No9_Methane_Emissions/Yuyao/raw_data_dir_L89_L2SR_by_gee/tan20250203t034534c00s4001-L_l89_sr_LANDSAT_8_20250204T030708Z.tif,tan20250203t034534c00s4001-L_l89_sr_LANDSAT_8_20250204T030708Z.tif
tan20250203t034534c00s4001-M,/mnt/engg-leung/Research_No9_Methane_Emissions/Yuyao/raw_data_dir_L89_L2SR_by_gee/tan20250203t034534c00s4001-M_l89_sr_LANDSAT_8_20250204T030708Z.tif,tan20250203t034534c00s4001-M_l89_sr_LANDSAT_8_20250204T030708Z.tif
tan20250203t034534c00s4001-N,/mnt/engg-leung/Research_No9_Methane_Emissions/Yuyao/raw_data_dir_L89_L2SR_by_gee/tan20250203t034534c00s4001-N_l89_sr_LANDSAT_8_20250204T030708Z.tif,tan20250203t034534c00s4001-N_l89_sr_LANDSAT_8_20250204T030708Z.tif
tan20250203t034534c00s4001-O,/mnt/engg-leung/Research_No9_Methane_Emissions/Yuyao/raw_data_dir_L89_L2SR_by_gee/tan20250203t034534c00s4001-O_l89_sr_LANDSAT_8_20250204T030708Z.tif,tan20250203t034534c00s4001-O_l89_sr_LANDSAT_8_20250204T030708Z.tif
tan20250203t034534c00s4001-P,/mnt/engg-leung/Research_No9_Methane_Emissions/Yuyao/raw_data_dir_L89_L2SR_by_gee/tan20250203t034534c00s4001-P_l89_sr_LANDSAT_8_20250204T030708Z.tif,tan20250203t034534c00s4001-P_l89_sr_LANDSAT_8_20250204T030708Z.tif
tan20250203t034534c00s4001-Q,/mnt/engg-leung/Research_No9_Methane_Emissions/Yuyao/raw_data_dir_L89_L2SR_by_gee/tan20250203t034534c00s4001-Q_l89_sr_LANDSAT_8_20250204T030708Z.tif,tan20250203t034534c00s4001-Q_l89_sr_LANDSAT_8_20250204T030708Z.tif
tan20250203t034534c00s4001-R,/mnt/engg-leung/Research_No9_Methane_Emissions/Yuyao/raw_data_dir_L89_L2SR_by_gee/tan20250203t034534c00s4001-R_l89_sr_LANDSAT_8_20250204T030708Z.tif,tan20250203t034534c00s4001-R_l89_sr_LANDSAT_8_20250204T030708Z.tif
tan20250203t034534c00s4001-S,/mnt/engg-leung/Research_No9_Methane_Emissions/Yuyao/raw_data_dir_L89_L2SR_by_gee/tan20250203t034534c00s4001-S_l89_sr_LANDSAT_8_20250204T030708Z.tif,tan20250203t034534c00s4001-S_l89_sr_LANDSAT_8_20250204T030708Z.tif
tan20250203t034534c00s4001-T,/mnt/engg-leung/Research_No9_Methane_Emissions/Yuyao/raw_data_dir_L89_L2SR_by_gee/tan20250203t034534c00s4001-T_l89_sr_LANDSAT_8_20250204T030708Z.tif,tan20250203t034534c00s4001-T_l89_sr_LANDSAT_8_20250204T030708Z.tif
tan20250203t034534c00s4001-U,/mnt/engg-leung/Research_No9_Methane_Emissions/Yuyao/raw_data_dir_L89_L2SR_by_gee/tan20250203t034534c00s4001-U_l89_sr_LANDSAT_8_20250204T030708Z.tif,tan20250203t034534c00s4001-U_l89_sr_LANDSAT_8_20250204T030708Z.tif
tan20250203t034534c00s4001-V,/mnt/engg-leung/Research_No9_Methane_Emissions/Yuyao/raw_data_dir_L89_L2SR_by_gee/tan20250203t034534c00s4001-V_l89_sr_LANDSAT_8_20250204T030708Z.tif,tan20250203t034534c00s4001-V_l89_sr_LANDSAT_8_20250204T030708Z.tif
tan20250205t133331c00s4001-A,/mnt/engg-leung/Research_No9_Methane_Emissions/Yuyao/raw_data_dir_L89_L2SR_by_gee/tan20250205t133331c00s4001-A_l89_sr_LANDSAT_8_20250206T130425Z.tif,tan20250205t133331c00s4001-A_l89_sr_LANDSAT_8_20250206T130425Z.tif
tan20250205t133331c00s4001-B,/mnt/engg-leung/Research_No9_Methane_Emissions/Yuyao/raw_data_dir_L89_L2SR_by_gee/tan20250205t133331c00s4001-B_l89_sr_LANDSAT_8_20250206T130425Z.tif,tan20250205t133331c00s4001-B_l89_sr_LANDSAT_8_20250206T130425Z.tif
tan20250205t133331c00s4001-C,/mnt/engg-leung/Research_No9_Methane_Emissions/Yuyao/raw_data_dir_L89_L2SR_by_gee/tan20250205t133331c00s4001-C_l89_sr_LANDSAT_8_20250206T130425Z.tif,tan20250205t133331c00s4001-C_l89_sr_LANDSAT_8_20250206T130425Z.tif
tan20250205t133331c00s4001-D,/mnt/engg-leung/Research_No9_Methane_Emissions/Yuyao/raw_data_dir_L89_L2SR_by_gee/tan20250205t133331c00s4001-D_l89_sr_LANDSAT_8_20250206T130425Z.tif,tan20250205t133331c00s4001-D_l89_sr_LANDSAT_8_20250206T130425Z.tif
tan20250206t142658c00s4001-A,/mnt/engg-leung/Research_No9_Methane_Emissions/Yuyao/raw_data_dir_L89_L2SR_by_gee/tan20250206t142658c00s4001-A_l89_sr_LANDSAT_8_20250207T134828Z.tif,tan20250206t142658c00s4001-A_l89_sr_LANDSAT_8_20250207T134828Z.tif
tan20250206t142658c00s4001-B,/mnt/engg-leung/Research_No9_Methane_Emissions/Yuyao/raw_data_dir_L89_L2SR_by_gee/tan20250206t142658c00s4001-B_l89_sr_LANDSAT_8_20250207T134828Z.tif,tan20250206t142658c00s4001-B_l89_sr_LANDSAT_8_20250207T134828Z.tif
tan20250206t142858c00s4001-A,/mnt/engg-leung/Research_No9_Methane_Emissions/Yuyao/raw_data_dir_L89_L2SR_by_gee/tan20250206t142858c00s4001-A_l89_sr_LANDSAT_8_20250207T135028Z.tif,tan20250206t142858c00s4001-A_l89_sr_LANDSAT_8_20250207T135028Z.tif
tan20250207t152207c00s4001-B,/mnt/engg-leung/Research_No9_Methane_Emissions/Yuyao/raw_data_dir_L89_L2SR_by_gee/tan20250207t152207c00s4001-B_l89_sr_LANDSAT_8_20250208T143343Z.tif,tan20250207t152207c00s4001-B_l89_sr_LANDSAT_8_20250208T143343Z.tif
tan20250207t152207c00s4001-C,/mnt/engg-leung/Research_No9_Methane_Emissions/Yuyao/raw_data_dir_L89_L2SR_by_gee/tan20250207t152207c00s4001-C_l89_sr_LANDSAT_8_20250208T143343Z.tif,tan20250207t152207c00s4001-C_l89_sr_LANDSAT_8_20250208T143343Z.tif
tan20250207t163958c00s4001-A,/mnt/engg-leung/Research_No9_Methane_Emissions/Yuyao/raw_data_dir_L89_L2SR_by_gee/tan20250207t163958c00s4001-A_l89_sr_LANDSAT_8_20250208T155551Z.tif,tan20250207t163958c00s4001-A_l89_sr_LANDSAT_8_20250208T155551Z.tif
tan20250207t181204c00s4001-A,/mnt/engg-leung/Research_No9_Methane_Emissions/Yuyao/raw_data_dir_L89_L2SR_by_gee/tan20250207t181204c00s4001-A_l89_sr_LANDSAT_8_20250208T173309Z.tif,tan20250207t181204c00s4001-A_l89_sr_LANDSAT_8_20250208T173309Z.tif
tan20250207t181204c00s4001-B,/mnt/engg-leung/Research_No9_Methane_Emissions/Yuyao/raw_data_dir_L89_L2SR_by_gee/tan20250207t181204c00s4001-B_l89_sr_LANDSAT_8_20250208T173309Z.tif,tan20250207t181204c00s4001-B_l89_sr_LANDSAT_8_20250208T173309Z.tif
tan20250207t181204c00s4001-C,/mnt/engg-leung/Research_No9_Methane_Emissions/Yuyao/raw_data_dir_L89_L2SR_by_gee/tan20250207t181204c00s4001-C_l89_sr_LANDSAT_8_20250208T173309Z.tif,tan20250207t181204c00s4001-C_l89_sr_LANDSAT_8_20250208T173309Z.tif
tan20250207t181204c00s4001-D,/mnt/engg-leung/Research_No9_Methane_Emissions/Yuyao/raw_data_dir_L89_L2SR_by_gee/tan20250207t181204c00s4001-D_l89_sr_LANDSAT_8_20250208T173309Z.tif,tan20250207t181204c00s4001-D_l89_sr_LANDSAT_8_20250208T173309Z.tif
tan20250207t181204c00s4001-E,/mnt/engg-leung/Research_No9_Methane_Emissions/Yuyao/raw_data_dir_L89_L2SR_by_gee/tan20250207t181204c00s4001-E_l89_sr_LANDSAT_8_20250208T173309Z.tif,tan20250207t181204c00s4001-E_l89_sr_LANDSAT_8_20250208T173309Z.tif
tan20250207t181204c00s4001-F,/mnt/engg-leung/Research_No9_Methane_Emissions/Yuyao/raw_data_dir_L89_L2SR_by_gee/tan20250207t181204c00s4001-F_l89_sr_LANDSAT_8_20250208T173309Z.tif,tan20250207t181204c00s4001-F_l89_sr_LANDSAT_8_20250208T173309Z.tif
tan20250207t181204c00s4001-G,/mnt/engg-leung/Research_No9_Methane_Emissions/Yuyao/raw_data_dir_L89_L2SR_by_gee/tan20250207t181204c00s4001-G_l89_sr_LANDSAT_8_20250208T173309Z.tif,tan20250207t181204c00s4001-G_l89_sr_LANDSAT_8_20250208T173309Z.tif
tan20250207t181204c00s4001-H,/mnt/engg-leung/Research_No9_Methane_Emissions/Yuyao/raw_data_dir_L89_L2SR_by_gee/tan20250207t181204c00s4001-H_l89_sr_LANDSAT_8_20250208T173309Z.tif,tan20250207t181204c00s4001-H_l89_sr_LANDSAT_8_20250208T173309Z.tif
tan20250207t181204c00s4001-I,/mnt/engg-leung/Research_No9_Methane_Emissions/Yuyao/raw_data_dir_L89_L2SR_by_gee/tan20250207t181204c00s4001-I_l89_sr_LANDSAT_8_20250208T173309Z.tif,tan20250207t181204c00s4001-I_l89_sr_LANDSAT_8_20250208T173309Z.tif
tan20250207t181204c00s4001-J,/mnt/engg-leung/Research_No9_Methane_Emissions/Yuyao/raw_data_dir_L89_L2SR_by_gee/tan20250207t181204c00s4001-J_l89_sr_LANDSAT_8_20250208T173309Z.tif,tan20250207t181204c00s4001-J_l89_sr_LANDSAT_8_20250208T173309Z.tif
tan20250207t181204c00s4001-K,/mnt/engg-leung/Research_No9_Methane_Emissions/Yuyao/raw_data_dir_L89_L2SR_by_gee/tan20250207t181204c00s4001-K_l89_sr_LANDSAT_8_20250208T173309Z.tif,tan20250207t181204c00s4001-K_l89_sr_LANDSAT_8_20250208T173309Z.tif
tan20250207t181204c00s4001-L,/mnt/engg-leung/Research_No9_Methane_Emissions/Yuyao/raw_data_dir_L89_L2SR_by_gee/tan20250207t181204c00s4001-L_l89_sr_LANDSAT_8_20250208T173309Z.tif,tan20250207t181204c00s4001-L_l89_sr_LANDSAT_8_20250208T173309Z.tif
tan20250208t081734c00s4001-A,/mnt/engg-leung/Research_No9_Methane_Emissions/Yuyao/raw_data_dir_L89_L2SR_by_gee/tan20250208t081734c00s4001-A_l89_sr_LANDSAT_9_20250209T074032Z.tif,tan20250208t081734c00s4001-A_l89_sr_LANDSAT_9_20250209T074032Z.tif
tan20250208t081734c00s4001-C,/mnt/engg-leung/Research_No9_Methane_Emissions/Yuyao/raw_data_dir_L89_L2SR_by_gee/tan20250208t081734c00s4001-C_l89_sr_LANDSAT_9_20250209T074032Z.tif,tan20250208t081734c00s4001-C_l89_sr_LANDSAT_9_20250209T074032Z.tif
tan20250208t081734c00s4001-D,/mnt/engg-leung/Research_No9_Methane_Emissions/Yuyao/raw_data_dir_L89_L2SR_by_gee/tan20250208t081734c00s4001-D_l89_sr_LANDSAT_9_20250209T074032Z.tif,tan20250208t081734c00s4001-D_l89_sr_LANDSAT_9_20250209T074032Z.tif
tan20250208t094549c00s4001-A,/mnt/engg-leung/Research_No9_Methane_Emissions/Yuyao/raw_data_dir_L89_L2SR_by_gee/tan20250208t094549c00s4001-A_l89_sr_LANDSAT_9_20250209T091350Z.tif,tan20250208t094549c00s4001-A_l89_sr_LANDSAT_9_20250209T091350Z.tif
tan20250209t041753c00s4001-B,/mnt/engg-leung/Research_No9_Methane_Emissions/Yuyao/raw_data_dir_L89_L2SR_by_gee/tan20250209t041753c00s4001-B_l89_sr_LANDSAT_8_20250210T040232Z.tif,tan20250209t041753c00s4001-B_l89_sr_LANDSAT_8_20250210T040232Z.tif
tan20250209t103847c00s4001-A,/mnt/engg-leung/Research_No9_Methane_Emissions/Yuyao/raw_data_dir_L89_L2SR_by_gee/tan20250209t103847c00s4001-A_l89_sr_LANDSAT_9_20250210T095707Z.tif,tan20250209t103847c00s4001-A_l89_sr_LANDSAT_9_20250210T095707Z.tif
tan20250209t103847c00s4001-B,/mnt/engg-leung/Research_No9_Methane_Emissions/Yuyao/raw_data_dir_L89_L2SR_by_gee/tan20250209t103847c00s4001-B_l89_sr_LANDSAT_9_20250210T095707Z.tif,tan20250209t103847c00s4001-B_l89_sr_LANDSAT_9_20250210T095707Z.tif
tan20250209t103847c00s4001-C,/mnt/engg-leung/Research_No9_Methane_Emissions/Yuyao/raw_data_dir_L89_L2SR_by_gee/tan20250209t103847c00s4001-C_l89_sr_LANDSAT_9_20250210T095707Z.tif,tan20250209t103847c00s4001-C_l89_sr_LANDSAT_9_20250210T095707Z.tif
tan20250209t103847c00s4001-D,/mnt/engg-leung/Research_No9_Methane_Emissions/Yuyao/raw_data_dir_L89_L2SR_by_gee/tan20250209t103847c00s4001-D_l89_sr_LANDSAT_9_20250210T095707Z.tif,tan20250209t103847c00s4001-D_l89_sr_LANDSAT_9_20250210T095707Z.tif
tan20250209t103847c00s4001-E,/mnt/engg-leung/Research_No9_Methane_Emissions/Yuyao/raw_data_dir_L89_L2SR_by_gee/tan20250209t103847c00s4001-E_l89_sr_LANDSAT_9_20250210T095707Z.tif,tan20250209t103847c00s4001-E_l89_sr_LANDSAT_9_20250210T095707Z.tif
tan20250209t103847c00s4001-F,/mnt/engg-leung/Research_No9_Methane_Emissions/Yuyao/raw_data_dir_L89_L2SR_by_gee/tan20250209t103847c00s4001-F_l89_sr_LANDSAT_9_20250210T095707Z.tif,tan20250209t103847c00s4001-F_l89_sr_LANDSAT_9_20250210T095707Z.tif
tan20250211t061250c00s4001-A,/mnt/engg-leung/Research_No9_Methane_Emissions/Yuyao/raw_data_dir_L89_L2SR_by_gee/tan20250211t061250c00s4001-A_l89_sr_LANDSAT_8_20250212T053835Z.tif,tan20250211t061250c00s4001-A_l89_sr_LANDSAT_8_20250212T053835Z.tif
tan20250211t074842c00s4001-A,/mnt/engg-leung/Research_No9_Methane_Emissions/Yuyao/raw_data_dir_L89_L2SR_by_gee/tan20250211t074842c00s4001-A_l89_sr_LANDSAT_8_20250212T071951Z.tif,tan20250211t074842c00s4001-A_l89_sr_LANDSAT_8_20250212T071951Z.tif
tan20250214t023347c00s4001-A,/mnt/engg-leung/Research_No9_Methane_Emissions/Yuyao/raw_data_dir_L89_L2SR_by_gee/tan20250214t023347c00s4001-A_l89_sr_LANDSAT_9_20250215T015717Z.tif,tan20250214t023347c00s4001-A_l89_sr_LANDSAT_9_20250215T015717Z.tif
tan20250215t032943c00s4001-B,/mnt/engg-leung/Research_No9_Methane_Emissions/Yuyao/raw_data_dir_L89_L2SR_by_gee/tan20250215t032943c00s4001-B_l89_sr_LANDSAT_9_20250216T024320Z.tif,tan20250215t032943c00s4001-B_l89_sr_LANDSAT_9_20250216T024320Z.tif
tan20250215t032943c00s4001-D,/mnt/engg-leung/Research_No9_Methane_Emissions/Yuyao/raw_data_dir_L89_L2SR_by_gee/tan20250215t032943c00s4001-D_l89_sr_LANDSAT_9_20250216T024320Z.tif,tan20250215t032943c00s4001-D_l89_sr_LANDSAT_9_20250216T024320Z.tif
tan20250215t032943c00s4001-E,/mnt/engg-leung/Research_No9_Methane_Emissions/Yuyao/raw_data_dir_L89_L2SR_by_gee/tan20250215t032943c00s4001-E_l89_sr_LANDSAT_9_20250216T024320Z.tif,tan20250215t032943c00s4001-E_l89_sr_LANDSAT_9_20250216T024320Z.tif
tan20250215t032943c00s4001-F,/mnt/engg-leung/Research_No9_Methane_Emissions/Yuyao/raw_data_dir_L89_L2SR_by_gee/tan20250215t032943c00s4001-F_l89_sr_LANDSAT_9_20250216T024320Z.tif,tan20250215t032943c00s4001-F_l89_sr_LANDSAT_9_20250216T024320Z.tif
tan20250215t032943c00s4001-G,/mnt/engg-leung/Research_No9_Methane_Emissions/Yuyao/raw_data_dir_L89_L2SR_by_gee/tan20250215t032943c00s4001-G_l89_sr_LANDSAT_9_20250216T024320Z.tif,tan20250215t032943c00s4001-G_l89_sr_LANDSAT_9_20250216T024320Z.tif
tan20250216t055242c00s4001-A,/mnt/engg-leung/Research_No9_Methane_Emissions/Yuyao/raw_data_dir_L89_L2SR_by_gee/tan20250216t055242c00s4001-A_l89_sr_LANDSAT_9_20250217T050154Z.tif,tan20250216t055242c00s4001-A_l89_sr_LANDSAT_9_20250217T050154Z.tif
tan20250216t055242c00s4001-C,/mnt/engg-leung/Research_No9_Methane_Emissions/Yuyao/raw_data_dir_L89_L2SR_by_gee/tan20250216t055242c00s4001-C_l89_sr_LANDSAT_9_20250217T050154Z.tif,tan20250216t055242c00s4001-C_l89_sr_LANDSAT_9_20250217T050154Z.tif
tan20250216t055242c00s4001-D,/mnt/engg-leung/Research_No9_Methane_Emissions/Yuyao/raw_data_dir_L89_L2SR_by_gee/tan20250216t055242c00s4001-D_l89_sr_LANDSAT_9_20250217T050154Z.tif,tan20250216t055242c00s4001-D_l89_sr_LANDSAT_9_20250217T050154Z.tif
tan20250216t055242c00s4001-E,/mnt/engg-leung/Research_No9_Methane_Emissions/Yuyao/raw_data_dir_L89_L2SR_by_gee/tan20250216t055242c00s4001-E_l89_sr_LANDSAT_9_20250217T050154Z.tif,tan20250216t055242c00s4001-E_l89_sr_LANDSAT_9_20250217T050154Z.tif
tan20250216t055242c00s4001-F,/mnt/engg-leung/Research_No9_Methane_Emissions/Yuyao/raw_data_dir_L89_L2SR_by_gee/tan20250216t055242c00s4001-F_l89_sr_LANDSAT_9_20250217T050154Z.tif,tan20250216t055242c00s4001-F_l89_sr_LANDSAT_9_20250217T050154Z.tif
tan20250219t065620c00s4001-A,/mnt/engg-leung/Research_No9_Methane_Emissions/Yuyao/raw_data_dir_L89_L2SR_by_gee/tan20250219t065620c00s4001-A_l89_sr_LANDSAT_8_20250220T061737Z.tif,tan20250219t065620c00s4001-A_l89_sr_LANDSAT_8_20250220T061737Z.tif
tan20250219t192849c00s4001-A,/mnt/engg-leung/Research_No9_Methane_Emissions/Yuyao/raw_data_dir_L89_L2SR_by_gee/tan20250219t192849c00s4001-A_l89_sr_LANDSAT_9_20250220T184614Z.tif,tan20250219t192849c00s4001-A_l89_sr_LANDSAT_9_20250220T184614Z.tif
tan20250220t080054c00s4001-A,/mnt/engg-leung/Research_No9_Methane_Emissions/Yuyao/raw_data_dir_L89_L2SR_by_gee/tan20250220t080054c00s4001-A_l89_sr_LANDSAT_8_20250221T071337Z.tif,tan20250220t080054c00s4001-A_l89_sr_LANDSAT_8_20250221T071337Z.tif
tan20250221t023341c00s4001-A,/mnt/engg-leung/Research_No9_Methane_Emissions/Yuyao/raw_data_dir_L89_L2SR_by_gee/tan20250221t023341c00s4001-A_l89_sr_LANDSAT_9_20250222T020238Z.tif,tan20250221t023341c00s4001-A_l89_sr_LANDSAT_9_20250222T020238Z.tif
tan20250221t023341c00s4001-B,/mnt/engg-leung/Research_No9_Methane_Emissions/Yuyao/raw_data_dir_L89_L2SR_by_gee/tan20250221t023341c00s4001-B_l89_sr_LANDSAT_9_20250222T020238Z.tif,tan20250221t023341c00s4001-B_l89_sr_LANDSAT_9_20250222T020238Z.tif
tan20250221t023341c00s4001-C,/mnt/engg-leung/Research_No9_Methane_Emissions/Yuyao/raw_data_dir_L89_L2SR_by_gee/tan20250221t023341c00s4001-C_l89_sr_LANDSAT_9_20250222T020238Z.tif,tan20250221t023341c00s4001-C_l89_sr_LANDSAT_9_20250222T020238Z.tif
tan20250221t023341c00s4001-D,/mnt/engg-leung/Research_No9_Methane_Emissions/Yuyao/raw_data_dir_L89_L2SR_by_gee/tan20250221t023341c00s4001-D_l89_sr_LANDSAT_9_20250222T020238Z.tif,tan20250221t023341c00s4001-D_l89_sr_LANDSAT_9_20250222T020238Z.tif
tan20250221t023341c00s4001-E,/mnt/engg-leung/Research_No9_Methane_Emissions/Yuyao/raw_data_dir_L89_L2SR_by_gee/tan20250221t023341c00s4001-E_l89_sr_LANDSAT_9_20250222T020238Z.tif,tan20250221t023341c00s4001-E_l89_sr_LANDSAT_9_20250222T020238Z.tif
tan20250225t170804c00s4001-A,/mnt/engg-leung/Research_No9_Methane_Emissions/Yuyao/raw_data_dir_L89_L2SR_by_gee/tan20250225t170804c00s4001-A_l89_sr_LANDSAT_9_20250226T163521Z.tif,tan20250225t170804c00s4001-A_l89_sr_LANDSAT_9_20250226T163521Z.tif
tan20250225t170804c00s4001-B,/mnt/engg-leung/Research_No9_Methane_Emissions/Yuyao/raw_data_dir_L89_L2SR_by_gee/tan20250225t170804c00s4001-B_l89_sr_LANDSAT_9_20250226T163521Z.tif,tan20250225t170804c00s4001-B_l89_sr_LANDSAT_9_20250226T163521Z.tif
tan20250225t170804c00s4001-C,/mnt/engg-leung/Research_No9_Methane_Emissions/Yuyao/raw_data_dir_L89_L2SR_by_gee/tan20250225t170804c00s4001-C_l89_sr_LANDSAT_9_20250226T163521Z.tif,tan20250225t170804c00s4001-C_l89_sr_LANDSAT_9_20250226T163521Z.tif
tan20250226t053530c00s4001-A,/mnt/engg-leung/Research_No9_Methane_Emissions/Yuyao/raw_data_dir_L89_L2SR_by_gee/tan20250226t053530c00s4001-A_l89_sr_LANDSAT_8_20250227T045820Z.tif,tan20250226t053530c00s4001-A_l89_sr_LANDSAT_8_20250227T045820Z.tif
tan20250226t053530c00s4001-C,/mnt/engg-leung/Research_No9_Methane_Emissions/Yuyao/raw_data_dir_L89_L2SR_by_gee/tan20250226t053530c00s4001-C_l89_sr_LANDSAT_8_20250227T045820Z.tif,tan20250226t053530c00s4001-C_l89_sr_LANDSAT_8_20250227T045820Z.tif
tan20250226t070249c00s4001-A,/mnt/engg-leung/Research_No9_Methane_Emissions/Yuyao/raw_data_dir_L89_L2SR_by_gee/tan20250226t070249c00s4001-A_l89_sr_LANDSAT_8_20250227T063003Z.tif,tan20250226t070249c00s4001-A_l89_sr_LANDSAT_8_20250227T063003Z.tif
tan20250226t151118c00s4001-A,/mnt/engg-leung/Research_No9_Methane_Emissions/Yuyao/raw_data_dir_L89_L2SR_by_gee/tan20250226t151118c00s4001-A_l89_sr_LANDSAT_9_20250227T141846Z.tif,tan20250226t151118c00s4001-A_l89_sr_LANDSAT_9_20250227T141846Z.tif
tan20250226t175617c00s4001-A,/mnt/engg-leung/Research_No9_Methane_Emissions/Yuyao/raw_data_dir_L89_L2SR_by_gee/tan20250226t175617c00s4001-A_l89_sr_LANDSAT_9_20250227T171348Z.tif,tan20250226t175617c00s4001-A_l89_sr_LANDSAT_9_20250227T171348Z.tif
tan20250302t055859c00s4001-A,/mnt/engg-leung/Research_No9_Methane_Emissions/Yuyao/raw_data_dir_L89_L2SR_by_gee/tan20250302t055859c00s4001-A_l89_sr_LANDSAT_9_20250303T051855Z.tif,tan20250302t055859c00s4001-A_l89_sr_LANDSAT_9_20250303T051855Z.tif
tan20250302t055859c00s4001-B,/mnt/engg-leung/Research_No9_Methane_Emissions/Yuyao/raw_data_dir_L89_L2SR_by_gee/tan20250302t055859c00s4001-B_l89_sr_LANDSAT_9_20250303T051855Z.tif,tan20250302t055859c00s4001-B_l89_sr_LANDSAT_9_20250303T051855Z.tif
tan20250302t055859c00s4001-C,/mnt/engg-leung/Research_No9_Methane_Emissions/Yuyao/raw_data_dir_L89_L2SR_by_gee/tan20250302t055859c00s4001-C_l89_sr_LANDSAT_9_20250303T051855Z.tif,tan20250302t055859c00s4001-C_l89_sr_LANDSAT_9_20250303T051855Z.tif
tan20250302t055859c00s4001-D,/mnt/engg-leung/Research_No9_Methane_Emissions/Yuyao/raw_data_dir_L89_L2SR_by_gee/tan20250302t055859c00s4001-D_l89_sr_LANDSAT_9_20250303T051855Z.tif,tan20250302t055859c00s4001-D_l89_sr_LANDSAT_9_20250303T051855Z.tif
tan20250302t164918c00s4001-C,/mnt/engg-leung/Research_No9_Methane_Emissions/Yuyao/raw_data_dir_L89_L2SR_by_gee/tan20250302t164918c00s4001-C_l89_sr_LANDSAT_8_20250303T155816Z.tif,tan20250302t164918c00s4001-C_l89_sr_LANDSAT_8_20250303T155816Z.tif
tan20250305t065547c00s4001-A,/mnt/engg-leung/Research_No9_Methane_Emissions/Yuyao/raw_data_dir_L89_L2SR_by_gee/tan20250305t065547c00s4001-A_l89_sr_LANDSAT_8_20250306T062842Z.tif,tan20250305t065547c00s4001-A_l89_sr_LANDSAT_8_20250306T062842Z.tif
tan20250306t075723c00s4001-A,/mnt/engg-leung/Research_No9_Methane_Emissions/Yuyao/raw_data_dir_L89_L2SR_by_gee/tan20250306t075723c00s4001-A_l89_sr_LANDSAT_8_20250307T071907Z.tif,tan20250306t075723c00s4001-A_l89_sr_LANDSAT_8_20250307T071907Z.tif
tan20250306t075723c00s4001-B,/mnt/engg-leung/Research_No9_Methane_Emissions/Yuyao/raw_data_dir_L89_L2SR_by_gee/tan20250306t075723c00s4001-B_l89_sr_LANDSAT_8_20250307T071907Z.tif,tan20250306t075723c00s4001-B_l89_sr_LANDSAT_8_20250307T071907Z.tif
tan20250306t075723c00s4001-D,/mnt/engg-leung/Research_No9_Methane_Emissions/Yuyao/raw_data_dir_L89_L2SR_by_gee/tan20250306t075723c00s4001-D_l89_sr_LANDSAT_8_20250307T071907Z.tif,tan20250306t075723c00s4001-D_l89_sr_LANDSAT_8_20250307T071907Z.tif
tan20250306t075723c00s4001-E,/mnt/engg-leung/Research_No9_Methane_Emissions/Yuyao/raw_data_dir_L89_L2SR_by_gee/tan20250306t075723c00s4001-E_l89_sr_LANDSAT_8_20250307T071907Z.tif,tan20250306t075723c00s4001-E_l89_sr_LANDSAT_8_20250307T071907Z.tif
tan20250307t102102c00s4001-A,/mnt/engg-leung/Research_No9_Methane_Emissions/Yuyao/raw_data_dir_L89_L2SR_by_gee/tan20250307t102102c00s4001-A_l89_sr_LANDSAT_8_20250308T093829Z.tif,tan20250307t102102c00s4001-A_l89_sr_LANDSAT_8_20250308T093829Z.tif
tan20250307t102102c00s4001-B,/mnt/engg-leung/Research_No9_Methane_Emissions/Yuyao/raw_data_dir_L89_L2SR_by_gee/tan20250307t102102c00s4001-B_l89_sr_LANDSAT_8_20250308T093829Z.tif,tan20250307t102102c00s4001-B_l89_sr_LANDSAT_8_20250308T093829Z.tif
tan20250307t102102c00s4001-C,/mnt/engg-leung/Research_No9_Methane_Emissions/Yuyao/raw_data_dir_L89_L2SR_by_gee/tan20250307t102102c00s4001-C_l89_sr_LANDSAT_8_20250308T093829Z.tif,tan20250307t102102c00s4001-C_l89_sr_LANDSAT_8_20250308T093829Z.tif
tan20250307t102102c00s4001-D,/mnt/engg-leung/Research_No9_Methane_Emissions/Yuyao/raw_data_dir_L89_L2SR_by_gee/tan20250307t102102c00s4001-D_l89_sr_LANDSAT_8_20250308T093829Z.tif,tan20250307t102102c00s4001-D_l89_sr_LANDSAT_8_20250308T093829Z.tif
tan20250307t120329c00s4001-A,/mnt/engg-leung/Research_No9_Methane_Emissions/Yuyao/raw_data_dir_L89_L2SR_by_gee/tan20250307t120329c00s4001-A_l89_sr_LANDSAT_8_20250308T112719Z.tif,tan20250307t120329c00s4001-A_l89_sr_LANDSAT_8_20250308T112719Z.tif
tan20250308t033118c00s4001-A,/mnt/engg-leung/Research_No9_Methane_Emissions/Yuyao/raw_data_dir_L89_L2SR_by_gee/tan20250308t033118c00s4001-A_l89_sr_LANDSAT_9_20250309T030033Z.tif,tan20250308t033118c00s4001-A_l89_sr_LANDSAT_9_20250309T030033Z.tif
tan20250308t033118c00s4001-B,/mnt/engg-leung/Research_No9_Methane_Emissions/Yuyao/raw_data_dir_L89_L2SR_by_gee/tan20250308t033118c00s4001-B_l89_sr_LANDSAT_9_20250309T030033Z.tif,tan20250308t033118c00s4001-B_l89_sr_LANDSAT_9_20250309T030033Z.tif
tan20250308t033118c00s4001-C,/mnt/engg-leung/Research_No9_Methane_Emissions/Yuyao/raw_data_dir_L89_L2SR_by_gee/tan20250308t033118c00s4001-C_l89_sr_LANDSAT_9_20250309T030033Z.tif,tan20250308t033118c00s4001-C_l89_sr_LANDSAT_9_20250309T030033Z.tif
tan20250308t033118c00s4001-D,/mnt/engg-leung/Research_No9_Methane_Emissions/Yuyao/raw_data_dir_L89_L2SR_by_gee/tan20250308t033118c00s4001-D_l89_sr_LANDSAT_9_20250309T030033Z.tif,tan20250308t033118c00s4001-D_l89_sr_LANDSAT_9_20250309T030033Z.tif
tan20250308t033118c00s4001-E,/mnt/engg-leung/Research_No9_Methane_Emissions/Yuyao/raw_data_dir_L89_L2SR_by_gee/tan20250308t033118c00s4001-E_l89_sr_LANDSAT_9_20250309T030033Z.tif,tan20250308t033118c00s4001-E_l89_sr_LANDSAT_9_20250309T030033Z.tif
tan20250308t033118c00s4001-F,/mnt/engg-leung/Research_No9_Methane_Emissions/Yuyao/raw_data_dir_L89_L2SR_by_gee/tan20250308t033118c00s4001-F_l89_sr_LANDSAT_9_20250309T030033Z.tif,tan20250308t033118c00s4001-F_l89_sr_LANDSAT_9_20250309T030033Z.tif
tan20250308t033118c00s4001-G,/mnt/engg-leung/Research_No9_Methane_Emissions/Yuyao/raw_data_dir_L89_L2SR_by_gee/tan20250308t033118c00s4001-G_l89_sr_LANDSAT_9_20250309T030033Z.tif,tan20250308t033118c00s4001-G_l89_sr_LANDSAT_9_20250309T030033Z.tif
tan20250308t033118c00s4001-H,/mnt/engg-leung/Research_No9_Methane_Emissions/Yuyao/raw_data_dir_L89_L2SR_by_gee/tan20250308t033118c00s4001-H_l89_sr_LANDSAT_9_20250309T030033Z.tif,tan20250308t033118c00s4001-H_l89_sr_LANDSAT_9_20250309T030033Z.tif
tan20250308t033118c00s4001-I,/mnt/engg-leung/Research_No9_Methane_Emissions/Yuyao/raw_data_dir_L89_L2SR_by_gee/tan20250308t033118c00s4001-I_l89_sr_LANDSAT_9_20250309T030033Z.tif,tan20250308t033118c00s4001-I_l89_sr_LANDSAT_9_20250309T030033Z.tif
tan20250308t033118c00s4001-J,/mnt/engg-leung/Research_No9_Methane_Emissions/Yuyao/raw_data_dir_L89_L2SR_by_gee/tan20250308t033118c00s4001-J_l89_sr_LANDSAT_9_20250309T030033Z.tif,tan20250308t033118c00s4001-J_l89_sr_LANDSAT_9_20250309T030033Z.tif
tan20250308t033118c00s4001-K,/mnt/engg-leung/Research_No9_Methane_Emissions/Yuyao/raw_data_dir_L89_L2SR_by_gee/tan20250308t033118c00s4001-K_l89_sr_LANDSAT_9_20250309T030033Z.tif,tan20250308t033118c00s4001-K_l89_sr_LANDSAT_9_20250309T030033Z.tif
tan20250308t033118c00s4001-L,/mnt/engg-leung/Research_No9_Methane_Emissions/Yuyao/raw_data_dir_L89_L2SR_by_gee/tan20250308t033118c00s4001-L_l89_sr_LANDSAT_9_20250309T030033Z.tif,tan20250308t033118c00s4001-L_l89_sr_LANDSAT_9_20250309T030033Z.tif
tan20250308t033118c00s4001-N,/mnt/engg-leung/Research_No9_Methane_Emissions/Yuyao/raw_data_dir_L89_L2SR_by_gee/tan20250308t033118c00s4001-N_l89_sr_LANDSAT_9_20250309T030033Z.tif,tan20250308t033118c00s4001-N_l89_sr_LANDSAT_9_20250309T030033Z.tif
tan20250308t033118c00s4001-O,/mnt/engg-leung/Research_No9_Methane_Emissions/Yuyao/raw_data_dir_L89_L2SR_by_gee/tan20250308t033118c00s4001-O_l89_sr_LANDSAT_9_20250309T030033Z.tif,tan20250308t033118c00s4001-O_l89_sr_LANDSAT_9_20250309T030033Z.tif
tan20250308t033118c00s4001-P,/mnt/engg-leung/Research_No9_Methane_Emissions/Yuyao/raw_data_dir_L89_L2SR_by_gee/tan20250308t033118c00s4001-P_l89_sr_LANDSAT_9_20250309T030033Z.tif,tan20250308t033118c00s4001-P_l89_sr_LANDSAT_9_20250309T030033Z.tif
tan20250308t033118c00s4001-Q,/mnt/engg-leung/Research_No9_Methane_Emissions/Yuyao/raw_data_dir_L89_L2SR_by_gee/tan20250308t033118c00s4001-Q_l89_sr_LANDSAT_9_20250309T030033Z.tif,tan20250308t033118c00s4001-Q_l89_sr_LANDSAT_9_20250309T030033Z.tif
tan20250308t033118c00s4001-R,/mnt/engg-leung/Research_No9_Methane_Emissions/Yuyao/raw_data_dir_L89_L2SR_by_gee/tan20250308t033118c00s4001-R_l89_sr_LANDSAT_9_20250309T030033Z.tif,tan20250308t033118c00s4001-R_l89_sr_LANDSAT_9_20250309T030033Z.tif
tan20250308t033118c00s4001-S,/mnt/engg-leung/Research_No9_Methane_Emissions/Yuyao/raw_data_dir_L89_L2SR_by_gee/tan20250308t033118c00s4001-S_l89_sr_LANDSAT_9_20250309T030033Z.tif,tan20250308t033118c00s4001-S_l89_sr_LANDSAT_9_20250309T030033Z.tif
tan20250308t033118c00s4001-T,/mnt/engg-leung/Research_No9_Methane_Emissions/Yuyao/raw_data_dir_L89_L2SR_by_gee/tan20250308t033118c00s4001-T_l89_sr_LANDSAT_9_20250309T030033Z.tif,tan20250308t033118c00s4001-T_l89_sr_LANDSAT_9_20250309T030033Z.tif
tan20250308t160249c00s4001-A,/mnt/engg-leung/Research_No9_Methane_Emissions/Yuyao/raw_data_dir_L89_L2SR_by_gee/tan20250308t160249c00s4001-A_l89_sr_LANDSAT_8_20250309T152709Z.tif,tan20250308t160249c00s4001-A_l89_sr_LANDSAT_8_20250309T152709Z.tif
tan20250308t173357c00s4001-A,/mnt/engg-leung/Research_No9_Methane_Emissions/Yuyao/raw_data_dir_L89_L2SR_by_gee/tan20250308t173357c00s4001-A_l89_sr_LANDSAT_8_20250309T170315Z.tif,tan20250308t173357c00s4001-A_l89_sr_LANDSAT_8_20250309T170315Z.tif
tan20250309t060015c00s4001-A,/mnt/engg-leung/Research_No9_Methane_Emissions/Yuyao/raw_data_dir_L89_L2SR_by_gee/tan20250309t060015c00s4001-A_l89_sr_LANDSAT_9_20250310T052505Z.tif,tan20250309t060015c00s4001-A_l89_sr_LANDSAT_9_20250310T052505Z.tif
tan20250309t060015c00s4001-B,/mnt/engg-leung/Research_No9_Methane_Emissions/Yuyao/raw_data_dir_L89_L2SR_by_gee/tan20250309t060015c00s4001-B_l89_sr_LANDSAT_9_20250310T052505Z.tif,tan20250309t060015c00s4001-B_l89_sr_LANDSAT_9_20250310T052505Z.tif
tan20250309t060015c00s4001-C,/mnt/engg-leung/Research_No9_Methane_Emissions/Yuyao/raw_data_dir_L89_L2SR_by_gee/tan20250309t060015c00s4001-C_l89_sr_LANDSAT_9_20250310T052505Z.tif,tan20250309t060015c00s4001-C_l89_sr_LANDSAT_9_20250310T052505Z.tif
tan20250309t152518c00s4001-B,/mnt/engg-leung/Research_No9_Methane_Emissions/Yuyao/raw_data_dir_L89_L2SR_by_gee/tan20250309t152518c00s4001-B_l89_sr_LANDSAT_8_20250310T143354Z.tif,tan20250309t152518c00s4001-B_l89_sr_LANDSAT_8_20250310T143354Z.tif
tan20250309t152518c00s4001-C,/mnt/engg-leung/Research_No9_Methane_Emissions/Yuyao/raw_data_dir_L89_L2SR_by_gee/tan20250309t152518c00s4001-C_l89_sr_LANDSAT_8_20250310T143354Z.tif,tan20250309t152518c00s4001-C_l89_sr_LANDSAT_8_20250310T143354Z.tif
tan20250309t152518c00s4001-E,/mnt/engg-leung/Research_No9_Methane_Emissions/Yuyao/raw_data_dir_L89_L2SR_by_gee/tan20250309t152518c00s4001-E_l89_sr_LANDSAT_8_20250310T143354Z.tif,tan20250309t152518c00s4001-E_l89_sr_LANDSAT_8_20250310T143354Z.tif
tan20250309t152518c00s4001-F,/mnt/engg-leung/Research_No9_Methane_Emissions/Yuyao/raw_data_dir_L89_L2SR_by_gee/tan20250309t152518c00s4001-F_l89_sr_LANDSAT_8_20250310T143354Z.tif,tan20250309t152518c00s4001-F_l89_sr_LANDSAT_8_20250310T143354Z.tif
tan20250309t165019c00s4001-A,/mnt/engg-leung/Research_No9_Methane_Emissions/Yuyao/raw_data_dir_L89_L2SR_by_gee/tan20250309t165019c00s4001-A_l89_sr_LANDSAT_8_20250310T160426Z.tif,tan20250309t165019c00s4001-A_l89_sr_LANDSAT_8_20250310T160426Z.tif
tan20250309t165019c00s4001-B,/mnt/engg-leung/Research_No9_Methane_Emissions/Yuyao/raw_data_dir_L89_L2SR_by_gee/tan20250309t165019c00s4001-B_l89_sr_LANDSAT_8_20250310T160426Z.tif,tan20250309t165019c00s4001-B_l89_sr_LANDSAT_8_20250310T160426Z.tif
tan20250309t165019c00s4001-C,/mnt/engg-leung/Research_No9_Methane_Emissions/Yuyao/raw_data_dir_L89_L2SR_by_gee/tan20250309t165019c00s4001-C_l89_sr_LANDSAT_8_20250310T160450Z.tif,tan20250309t165019c00s4001-C_l89_sr_LANDSAT_8_20250310T160450Z.tif
tan20250309t165019c00s4001-D,/mnt/engg-leung/Research_No9_Methane_Emissions/Yuyao/raw_data_dir_L89_L2SR_by_gee/tan20250309t165019c00s4001-D_l89_sr_LANDSAT_8_20250310T160426Z.tif,tan20250309t165019c00s4001-D_l89_sr_LANDSAT_8_20250310T160426Z.tif
tan20250311t105308c00s4001-A,/mnt/engg-leung/Research_No9_Methane_Emissions/Yuyao/raw_data_dir_L89_L2SR_by_gee/tan20250311t105308c00s4001-A_l89_sr_LANDSAT_9_20250312T100834Z.tif,tan20250311t105308c00s4001-A_l89_sr_LANDSAT_9_20250312T100834Z.tif
tan20250311t105308c00s4001-B,/mnt/engg-leung/Research_No9_Methane_Emissions/Yuyao/raw_data_dir_L89_L2SR_by_gee/tan20250311t105308c00s4001-B_l89_sr_LANDSAT_9_20250312T100834Z.tif,tan20250311t105308c00s4001-B_l89_sr_LANDSAT_9_20250312T100834Z.tif
tan20250311t105308c00s4001-C,/mnt/engg-leung/Research_No9_Methane_Emissions/Yuyao/raw_data_dir_L89_L2SR_by_gee/tan20250311t105308c00s4001-C_l89_sr_LANDSAT_9_20250312T100834Z.tif,tan20250311t105308c00s4001-C_l89_sr_LANDSAT_9_20250312T100834Z.tif
tan20250311t105308c00s4001-D,/mnt/engg-leung/Research_No9_Methane_Emissions/Yuyao/raw_data_dir_L89_L2SR_by_gee/tan20250311t105308c00s4001-D_l89_sr_LANDSAT_9_20250312T100834Z.tif,tan20250311t105308c00s4001-D_l89_sr_LANDSAT_9_20250312T100834Z.tif
tan20250312t162716c00s4001-A,/mnt/engg-leung/Research_No9_Methane_Emissions/Yuyao/raw_data_dir_L89_L2SR_by_gee/tan20250312t162716c00s4001-A_l89_sr_LANDSAT_9_20250313T154915Z.tif,tan20250312t162716c00s4001-A_l89_sr_LANDSAT_9_20250313T154915Z.tif
tan20250312t162716c00s4001-B,/mnt/engg-leung/Research_No9_Methane_Emissions/Yuyao/raw_data_dir_L89_L2SR_by_gee/tan20250312t162716c00s4001-B_l89_sr_LANDSAT_9_20250313T154915Z.tif,tan20250312t162716c00s4001-B_l89_sr_LANDSAT_9_20250313T154915Z.tif
tan20250312t162716c00s4001-C,/mnt/engg-leung/Research_No9_Methane_Emissions/Yuyao/raw_data_dir_L89_L2SR_by_gee/tan20250312t162716c00s4001-C_l89_sr_LANDSAT_9_20250313T154915Z.tif,tan20250312t162716c00s4001-C_l89_sr_LANDSAT_9_20250313T154915Z.tif
tan20250313t075712c00s4001-A,/mnt/engg-leung/Research_No9_Methane_Emissions/Yuyao/raw_data_dir_L89_L2SR_by_gee/tan20250313t075712c00s4001-A_l89_sr_LANDSAT_8_20250314T072515Z.tif,tan20250313t075712c00s4001-A_l89_sr_LANDSAT_8_20250314T072515Z.tif
tan20250313t075712c00s4001-B,/mnt/engg-leung/Research_No9_Methane_Emissions/Yuyao/raw_data_dir_L89_L2SR_by_gee/tan20250313t075712c00s4001-B_l89_sr_LANDSAT_8_20250314T072515Z.tif,tan20250313t075712c00s4001-B_l89_sr_LANDSAT_8_20250314T072515Z.tif
tan20250313t075712c00s4001-C,/mnt/engg-leung/Research_No9_Methane_Emissions/Yuyao/raw_data_dir_L89_L2SR_by_gee/tan20250313t075712c00s4001-C_l89_sr_LANDSAT_8_20250314T072515Z.tif,tan20250313t075712c00s4001-C_l89_sr_LANDSAT_8_20250314T072515Z.tif
tan20250313t075712c00s4001-E,/mnt/engg-leung/Research_No9_Methane_Emissions/Yuyao/raw_data_dir_L89_L2SR_by_gee/tan20250313t075712c00s4001-E_l89_sr_LANDSAT_8_20250314T072515Z.tif,tan20250313t075712c00s4001-E_l89_sr_LANDSAT_8_20250314T072515Z.tif
tan20250313t075712c00s4001-F,/mnt/engg-leung/Research_No9_Methane_Emissions/Yuyao/raw_data_dir_L89_L2SR_by_gee/tan20250313t075712c00s4001-F_l89_sr_LANDSAT_8_20250314T072515Z.tif,tan20250313t075712c00s4001-F_l89_sr_LANDSAT_8_20250314T072515Z.tif
tan20250313t075712c00s4001-G,/mnt/engg-leung/Research_No9_Methane_Emissions/Yuyao/raw_data_dir_L89_L2SR_by_gee/tan20250313t075712c00s4001-G_l89_sr_LANDSAT_8_20250314T072515Z.tif,tan20250313t075712c00s4001-G_l89_sr_LANDSAT_8_20250314T072515Z.tif
tan20250321t181350c00s4001-A,/mnt/engg-leung/Research_No9_Methane_Emissions/Yuyao/raw_data_dir_L89_L2SR_by_gee/tan20250321t181350c00s4001-A_l89_sr_LANDSAT_9_20250322T172101Z.tif,tan20250321t181350c00s4001-A_l89_sr_LANDSAT_9_20250322T172101Z.tif
tan20250321t181350c00s4001-B,/mnt/engg-leung/Research_No9_Methane_Emissions/Yuyao/raw_data_dir_L89_L2SR_by_gee/tan20250321t181350c00s4001-B_l89_sr_LANDSAT_9_20250322T172101Z.tif,tan20250321t181350c00s4001-B_l89_sr_LANDSAT_9_20250322T172101Z.tif
tan20250321t181350c00s4001-C,/mnt/engg-leung/Research_No9_Methane_Emissions/Yuyao/raw_data_dir_L89_L2SR_by_gee/tan20250321t181350c00s4001-C_l89_sr_LANDSAT_9_20250322T172101Z.tif,tan20250321t181350c00s4001-C_l89_sr_LANDSAT_9_20250322T172101Z.tif
tan20250321t181350c00s4001-D,/mnt/engg-leung/Research_No9_Methane_Emissions/Yuyao/raw_data_dir_L89_L2SR_by_gee/tan20250321t181350c00s4001-D_l89_sr_LANDSAT_9_20250322T172101Z.tif,tan20250321t181350c00s4001-D_l89_sr_LANDSAT_9_20250322T172101Z.tif
tan20250321t181350c00s4001-E,/mnt/engg-leung/Research_No9_Methane_Emissions/Yuyao/raw_data_dir_L89_L2SR_by_gee/tan20250321t181350c00s4001-E_l89_sr_LANDSAT_9_20250322T172101Z.tif,tan20250321t181350c00s4001-E_l89_sr_LANDSAT_9_20250322T172101Z.tif
tan20250321t181350c00s4001-F,/mnt/engg-leung/Research_No9_Methane_Emissions/Yuyao/raw_data_dir_L89_L2SR_by_gee/tan20250321t181350c00s4001-F_l89_sr_LANDSAT_9_20250322T172037Z.tif,tan20250321t181350c00s4001-F_l89_sr_LANDSAT_9_20250322T172037Z.tif
tan20250321t181350c00s4001-G,/mnt/engg-leung/Research_No9_Methane_Emissions/Yuyao/raw_data_dir_L89_L2SR_by_gee/tan20250321t181350c00s4001-G_l89_sr_LANDSAT_9_20250322T172101Z.tif,tan20250321t181350c00s4001-G_l89_sr_LANDSAT_9_20250322T172101Z.tif
tan20250321t181350c00s4001-H,/mnt/engg-leung/Research_No9_Methane_Emissions/Yuyao/raw_data_dir_L89_L2SR_by_gee/tan20250321t181350c00s4001-H_l89_sr_LANDSAT_9_20250322T172101Z.tif,tan20250321t181350c00s4001-H_l89_sr_LANDSAT_9_20250322T172101Z.tif
tan20250321t181350c00s4001-I,/mnt/engg-leung/Research_No9_Methane_Emissions/Yuyao/raw_data_dir_L89_L2SR_by_gee/tan20250321t181350c00s4001-I_l89_sr_LANDSAT_9_20250322T172101Z.tif,tan20250321t181350c00s4001-I_l89_sr_LANDSAT_9_20250322T172101Z.tif
tan20250323t165703c00s4001-A,/mnt/engg-leung/Research_No9_Methane_Emissions/Yuyao/raw_data_dir_L89_L2SR_by_gee/tan20250323t165703c00s4001-A_l89_sr_LANDSAT_8_20250324T162212Z.tif,tan20250323t165703c00s4001-A_l89_sr_LANDSAT_8_20250324T162212Z.tif
tan20250328t054218c00s4001-A,/mnt/engg-leung/Research_No9_Methane_Emissions/Yuyao/raw_data_dir_L89_L2SR_by_gee/tan20250328t054218c00s4001-A_l89_sr_LANDSAT_8_20250329T045858Z.tif,tan20250328t054218c00s4001-A_l89_sr_LANDSAT_8_20250329T045858Z.tif
tan20250328t054218c00s4001-B,/mnt/engg-leung/Research_No9_Methane_Emissions/Yuyao/raw_data_dir_L89_L2SR_by_gee/tan20250328t054218c00s4001-B_l89_sr_LANDSAT_8_20250329T045858Z.tif,tan20250328t054218c00s4001-B_l89_sr_LANDSAT_8_20250329T045858Z.tif
tan20250328t054218c00s4001-C,/mnt/engg-leung/Research_No9_Methane_Emissions/Yuyao/raw_data_dir_L89_L2SR_by_gee/tan20250328t054218c00s4001-C_l89_sr_LANDSAT_8_20250329T045858Z.tif,tan20250328t054218c00s4001-C_l89_sr_LANDSAT_8_20250329T045858Z.tif
tan20250328t054218c00s4001-D,/mnt/engg-leung/Research_No9_Methane_Emissions/Yuyao/raw_data_dir_L89_L2SR_by_gee/tan20250328t054218c00s4001-D_l89_sr_LANDSAT_8_20250329T045858Z.tif,tan20250328t054218c00s4001-D_l89_sr_LANDSAT_8_20250329T045858Z.tif
tan20250328t054218c00s4001-E,/mnt/engg-leung/Research_No9_Methane_Emissions/Yuyao/raw_data_dir_L89_L2SR_by_gee/tan20250328t054218c00s4001-E_l89_sr_LANDSAT_8_20250329T045922Z.tif,tan20250328t054218c00s4001-E_l89_sr_LANDSAT_8_20250329T045922Z.tif
tan20250328t054218c00s4001-F,/mnt/engg-leung/Research_No9_Methane_Emissions/Yuyao/raw_data_dir_L89_L2SR_by_gee/tan20250328t054218c00s4001-F_l89_sr_LANDSAT_8_20250329T045922Z.tif,tan20250328t054218c00s4001-F_l89_sr_LANDSAT_8_20250329T045922Z.tif
tan20250328t054218c00s4001-G,/mnt/engg-leung/Research_No9_Methane_Emissions/Yuyao/raw_data_dir_L89_L2SR_by_gee/tan20250328t054218c00s4001-G_l89_sr_LANDSAT_8_20250329T045922Z.tif,tan20250328t054218c00s4001-G_l89_sr_LANDSAT_8_20250329T045922Z.tif
tan20250328t054218c00s4001-I,/mnt/engg-leung/Research_No9_Methane_Emissions/Yuyao/raw_data_dir_L89_L2SR_by_gee/tan20250328t054218c00s4001-I_l89_sr_LANDSAT_8_20250329T045858Z.tif,tan20250328t054218c00s4001-I_l89_sr_LANDSAT_8_20250329T045858Z.tif
tan20250328t055135c00s4001-A,/mnt/engg-leung/Research_No9_Methane_Emissions/Yuyao/raw_data_dir_L89_L2SR_by_gee/tan20250328t055135c00s4001-A_l89_sr_LANDSAT_8_20250329T050920Z.tif,tan20250328t055135c00s4001-A_l89_sr_LANDSAT_8_20250329T050920Z.tif
tan20250328t055135c00s4001-B,/mnt/engg-leung/Research_No9_Methane_Emissions/Yuyao/raw_data_dir_L89_L2SR_by_gee/tan20250328t055135c00s4001-B_l89_sr_LANDSAT_8_20250329T050920Z.tif,tan20250328t055135c00s4001-B_l89_sr_LANDSAT_8_20250329T050920Z.tif
tan20250328t055135c00s4001-D,/mnt/engg-leung/Research_No9_Methane_Emissions/Yuyao/raw_data_dir_L89_L2SR_by_gee/tan20250328t055135c00s4001-D_l89_sr_LANDSAT_8_20250329T050920Z.tif,tan20250328t055135c00s4001-D_l89_sr_LANDSAT_8_20250329T050920Z.tif
tan20250331t034540c00s4001-D,/mnt/engg-leung/Research_No9_Methane_Emissions/Yuyao/raw_data_dir_L89_L2SR_by_gee/tan20250331t034540c00s4001-D_l89_sr_LANDSAT_9_20250401T030605Z.tif,tan20250331t034540c00s4001-D_l89_sr_LANDSAT_9_20250401T030605Z.tif
tan20250403t003240c00s4001-A,/mnt/engg-leung/Research_No9_Methane_Emissions/Yuyao/raw_data_dir_L89_L2SR_by_gee/tan20250403t003240c00s4001-A_l89_sr_LANDSAT_8_20250403T234933Z.tif,tan20250403t003240c00s4001-A_l89_sr_LANDSAT_8_20250403T234933Z.tif
tan20250403t003240c00s4001-B,/mnt/engg-leung/Research_No9_Methane_Emissions/Yuyao/raw_data_dir_L89_L2SR_by_gee/tan20250403t003240c00s4001-B_l89_sr_LANDSAT_8_20250403T234933Z.tif,tan20250403t003240c00s4001-B_l89_sr_LANDSAT_8_20250403T234933Z.tif
tan20250403t003240c00s4001-C,/mnt/engg-leung/Research_No9_Methane_Emissions/Yuyao/raw_data_dir_L89_L2SR_by_gee/tan20250403t003240c00s4001-C_l89_sr_LANDSAT_8_20250403T234933Z.tif,tan20250403t003240c00s4001-C_l89_sr_LANDSAT_8_20250403T234933Z.tif
tan20250403t003240c00s4001-D,/mnt/engg-leung/Research_No9_Methane_Emissions/Yuyao/raw_data_dir_L89_L2SR_by_gee/tan20250403t003240c00s4001-D_l89_sr_LANDSAT_8_20250403T234933Z.tif,tan20250403t003240c00s4001-D_l89_sr_LANDSAT_8_20250403T234933Z.tif
tan20250403t003240c00s4001-F,/mnt/engg-leung/Research_No9_Methane_Emissions/Yuyao/raw_data_dir_L89_L2SR_by_gee/tan20250403t003240c00s4001-F_l89_sr_LANDSAT_8_20250403T234933Z.tif,tan20250403t003240c00s4001-F_l89_sr_LANDSAT_8_20250403T234933Z.tif
tan20250407t064610c00s4001-A,/mnt/engg-leung/Research_No9_Methane_Emissions/Yuyao/raw_data_dir_L89_L2SR_by_gee/tan20250407t064610c00s4001-A_l89_sr_LANDSAT_9_20250408T062208Z.tif,tan20250407t064610c00s4001-A_l89_sr_LANDSAT_9_20250408T062208Z.tif
tan20250407t150057c00s4001-A,/mnt/engg-leung/Research_No9_Methane_Emissions/Yuyao/raw_data_dir_L89_L2SR_by_gee/tan20250407t150057c00s4001-A_l89_sr_LANDSAT_8_20250408T141620Z.tif,tan20250407t150057c00s4001-A_l89_sr_LANDSAT_8_20250408T141620Z.tif
tan20250407t150057c00s4001-B,/mnt/engg-leung/Research_No9_Methane_Emissions/Yuyao/raw_data_dir_L89_L2SR_by_gee/tan20250407t150057c00s4001-B_l89_sr_LANDSAT_8_20250408T141620Z.tif,tan20250407t150057c00s4001-B_l89_sr_LANDSAT_8_20250408T141620Z.tif
tan20250408t170859c00s4001-A,/mnt/engg-leung/Research_No9_Methane_Emissions/Yuyao/raw_data_dir_L89_L2SR_by_gee/tan20250408t170859c00s4001-A_l89_sr_LANDSAT_8_20250409T161832Z.tif,tan20250408t170859c00s4001-A_l89_sr_LANDSAT_8_20250409T161832Z.tif
tan20250408t170859c00s4001-B,/mnt/engg-leung/Research_No9_Methane_Emissions/Yuyao/raw_data_dir_L89_L2SR_by_gee/tan20250408t170859c00s4001-B_l89_sr_LANDSAT_8_20250409T161832Z.tif,tan20250408t170859c00s4001-B_l89_sr_LANDSAT_8_20250409T161832Z.tif
tan20250408t170859c00s4001-C,/mnt/engg-leung/Research_No9_Methane_Emissions/Yuyao/raw_data_dir_L89_L2SR_by_gee/tan20250408t170859c00s4001-C_l89_sr_LANDSAT_8_20250409T161832Z.tif,tan20250408t170859c00s4001-C_l89_sr_LANDSAT_8_20250409T161832Z.tif
tan20250408t170859c00s4001-D,/mnt/engg-leung/Research_No9_Methane_Emissions/Yuyao/raw_data_dir_L89_L2SR_by_gee/tan20250408t170859c00s4001-D_l89_sr_LANDSAT_8_20250409T161832Z.tif,tan20250408t170859c00s4001-D_l89_sr_LANDSAT_8_20250409T161832Z.tif
tan20250408t170859c00s4001-E,/mnt/engg-leung/Research_No9_Methane_Emissions/Yuyao/raw_data_dir_L89_L2SR_by_gee/tan20250408t170859c00s4001-E_l89_sr_LANDSAT_8_20250409T161832Z.tif,tan20250408t170859c00s4001-E_l89_sr_LANDSAT_8_20250409T161832Z.tif
tan20250408t170859c00s4001-F,/mnt/engg-leung/Research_No9_Methane_Emissions/Yuyao/raw_data_dir_L89_L2SR_by_gee/tan20250408t170859c00s4001-F_l89_sr_LANDSAT_8_20250409T161832Z.tif,tan20250408t170859c00s4001-F_l89_sr_LANDSAT_8_20250409T161832Z.tif
tan20250408t170859c00s4001-H,/mnt/engg-leung/Research_No9_Methane_Emissions/Yuyao/raw_data_dir_L89_L2SR_by_gee/tan20250408t170859c00s4001-H_l89_sr_LANDSAT_8_20250409T161832Z.tif,tan20250408t170859c00s4001-H_l89_sr_LANDSAT_8_20250409T161832Z.tif
tan20250409t084754c00s4001-A,/mnt/engg-leung/Research_No9_Methane_Emissions/Yuyao/raw_data_dir_L89_L2SR_by_gee/tan20250409t084754c00s4001-A_l89_sr_LANDSAT_9_20250410T080435Z.tif,tan20250409t084754c00s4001-A_l89_sr_LANDSAT_9_20250410T080435Z.tif
tan20250411t054403c00s4001-A,/mnt/engg-leung/Research_No9_Methane_Emissions/Yuyao/raw_data_dir_L89_L2SR_by_gee/tan20250411t054403c00s4001-A_l89_sr_LANDSAT_8_20250412T051139Z.tif,tan20250411t054403c00s4001-A_l89_sr_LANDSAT_8_20250412T051139Z.tif
tan20250411t152521c00s4001-A,/mnt/engg-leung/Research_No9_Methane_Emissions/Yuyao/raw_data_dir_L89_L2SR_by_gee/tan20250411t152521c00s4001-A_l89_sr_LANDSAT_9_20250412T143856Z.tif,tan20250411t152521c00s4001-A_l89_sr_LANDSAT_9_20250412T143856Z.tif
tan20250411t152821c00s4001-C,/mnt/engg-leung/Research_No9_Methane_Emissions/Yuyao/raw_data_dir_L89_L2SR_by_gee/tan20250411t152821c00s4001-C_l89_sr_LANDSAT_9_20250412T144055Z.tif,tan20250411t152821c00s4001-C_l89_sr_LANDSAT_9_20250412T144055Z.tif
tan20250414t145239c00s4001-A,/mnt/engg-leung/Research_No9_Methane_Emissions/Yuyao/raw_data_dir_L89_L2SR_by_gee/tan20250414t145239c00s4001-A_l89_sr_LANDSAT_8_20250415T141228Z.tif,tan20250414t145239c00s4001-A_l89_sr_LANDSAT_8_20250415T141228Z.tif
tan20250414t150203c00s4001-A,/mnt/engg-leung/Research_No9_Methane_Emissions/Yuyao/raw_data_dir_L89_L2SR_by_gee/tan20250414t150203c00s4001-A_l89_sr_LANDSAT_8_20250415T142203Z.tif,tan20250414t150203c00s4001-A_l89_sr_LANDSAT_8_20250415T142203Z.tif
tan20250414t150203c00s4001-B,/mnt/engg-leung/Research_No9_Methane_Emissions/Yuyao/raw_data_dir_L89_L2SR_by_gee/tan20250414t150203c00s4001-B_l89_sr_LANDSAT_8_20250415T142203Z.tif,tan20250414t150203c00s4001-B_l89_sr_LANDSAT_8_20250415T142203Z.tif
tan20250416t084349c00s4001-A,/mnt/engg-leung/Research_No9_Methane_Emissions/Yuyao/raw_data_dir_L89_L2SR_by_gee/tan20250416t084349c00s4001-A_l89_sr_LANDSAT_9_20250417T080446Z.tif,tan20250416t084349c00s4001-A_l89_sr_LANDSAT_9_20250417T080446Z.tif
tan20250416t084349c00s4001-B,/mnt/engg-leung/Research_No9_Methane_Emissions/Yuyao/raw_data_dir_L89_L2SR_by_gee/tan20250416t084349c00s4001-B_l89_sr_LANDSAT_9_20250417T080446Z.tif,tan20250416t084349c00s4001-B_l89_sr_LANDSAT_9_20250417T080446Z.tif
tan20250416t084940c00s4001-A,/mnt/engg-leung/Research_No9_Methane_Emissions/Yuyao/raw_data_dir_L89_L2SR_by_gee/tan20250416t084940c00s4001-A_l89_sr_LANDSAT_9_20250417T081044Z.tif,tan20250416t084940c00s4001-A_l89_sr_LANDSAT_9_20250417T081044Z.tif
tan20250418t120445c00s4001-A,/mnt/engg-leung/Research_No9_Methane_Emissions/Yuyao/raw_data_dir_L89_L2SR_by_gee/tan20250418t120445c00s4001-A_l89_sr_LANDSAT_9_20250419T111032Z.tif,tan20250418t120445c00s4001-A_l89_sr_LANDSAT_9_20250419T111032Z.tif
tan20250420t090615c00s4001-A,/mnt/engg-leung/Research_No9_Methane_Emissions/Yuyao/raw_data_dir_L89_L2SR_by_gee/tan20250420t090615c00s4001-A_l89_sr_LANDSAT_8_20250421T082418Z.tif,tan20250420t090615c00s4001-A_l89_sr_LANDSAT_8_20250421T082418Z.tif
tan20250420t090615c00s4001-B,/mnt/engg-leung/Research_No9_Methane_Emissions/Yuyao/raw_data_dir_L89_L2SR_by_gee/tan20250420t090615c00s4001-B_l89_sr_LANDSAT_8_20250421T082418Z.tif,tan20250420t090615c00s4001-B_l89_sr_LANDSAT_8_20250421T082418Z.tif
tan20250422t170953c00s4001-A,/mnt/engg-leung/Research_No9_Methane_Emissions/Yuyao/raw_data_dir_L89_L2SR_by_gee/tan20250422t170953c00s4001-A_l89_sr_LANDSAT_8_20250423T162905Z.tif,tan20250422t170953c00s4001-A_l89_sr_LANDSAT_8_20250423T162905Z.tif
tan20250423t054256c00s4001-A,/mnt/engg-leung/Research_No9_Methane_Emissions/Yuyao/raw_data_dir_L89_L2SR_by_gee/tan20250423t054256c00s4001-A_l89_sr_LANDSAT_9_20250424T045814Z.tif,tan20250423t054256c00s4001-A_l89_sr_LANDSAT_9_20250424T045814Z.tif
tan20250423t054256c00s4001-B,/mnt/engg-leung/Research_No9_Methane_Emissions/Yuyao/raw_data_dir_L89_L2SR_by_gee/tan20250423t054256c00s4001-B_l89_sr_LANDSAT_9_20250424T045814Z.tif,tan20250423t054256c00s4001-B_l89_sr_LANDSAT_9_20250424T045814Z.tif
tan20250423t071100c00s4001-A,/mnt/engg-leung/Research_No9_Methane_Emissions/Yuyao/raw_data_dir_L89_L2SR_by_gee/tan20250423t071100c00s4001-A_l89_sr_LANDSAT_9_20250424T063021Z.tif,tan20250423t071100c00s4001-A_l89_sr_LANDSAT_9_20250424T063021Z.tif
tan20250423t071100c00s4001-B,/mnt/engg-leung/Research_No9_Methane_Emissions/Yuyao/raw_data_dir_L89_L2SR_by_gee/tan20250423t071100c00s4001-B_l89_sr_LANDSAT_9_20250424T063021Z.tif,tan20250423t071100c00s4001-B_l89_sr_LANDSAT_9_20250424T063021Z.tif
tan20250423t071100c00s4001-C,/mnt/engg-leung/Research_No9_Methane_Emissions/Yuyao/raw_data_dir_L89_L2SR_by_gee/tan20250423t071100c00s4001-C_l89_sr_LANDSAT_9_20250424T063045Z.tif,tan20250423t071100c00s4001-C_l89_sr_LANDSAT_9_20250424T063045Z.tif
tan20250423t071100c00s4001-D,/mnt/engg-leung/Research_No9_Methane_Emissions/Yuyao/raw_data_dir_L89_L2SR_by_gee/tan20250423t071100c00s4001-D_l89_sr_LANDSAT_9_20250424T063045Z.tif,tan20250423t071100c00s4001-D_l89_sr_LANDSAT_9_20250424T063045Z.tif
tan20250423t071501c00s4001-B,/mnt/engg-leung/Research_No9_Methane_Emissions/Yuyao/raw_data_dir_L89_L2SR_by_gee/tan20250423t071501c00s4001-B_l89_sr_LANDSAT_9_20250424T063532Z.tif,tan20250423t071501c00s4001-B_l89_sr_LANDSAT_9_20250424T063532Z.tif
tan20250423t151645c00s4001-B,/mnt/engg-leung/Research_No9_Methane_Emissions/Yuyao/raw_data_dir_L89_L2SR_by_gee/tan20250423t151645c00s4001-B_l89_sr_LANDSAT_8_20250424T141543Z.tif,tan20250423t151645c00s4001-B_l89_sr_LANDSAT_8_20250424T141543Z.tif
tan20250423t180710c00s4001-A,/mnt/engg-leung/Research_No9_Methane_Emissions/Yuyao/raw_data_dir_L89_L2SR_by_gee/tan20250423t180710c00s4001-A_l89_sr_LANDSAT_8_20250424T171708Z.tif,tan20250423t180710c00s4001-A_l89_sr_LANDSAT_8_20250424T171708Z.tif
tan20250423t180710c00s4001-B,/mnt/engg-leung/Research_No9_Methane_Emissions/Yuyao/raw_data_dir_L89_L2SR_by_gee/tan20250423t180710c00s4001-B_l89_sr_LANDSAT_8_20250424T171708Z.tif,tan20250423t180710c00s4001-B_l89_sr_LANDSAT_8_20250424T171708Z.tif
tan20250424t080446c00s4001-A,/mnt/engg-leung/Research_No9_Methane_Emissions/Yuyao/raw_data_dir_L89_L2SR_by_gee/tan20250424t080446c00s4001-A_l89_sr_LANDSAT_9_20250425T071512Z.tif,tan20250424t080446c00s4001-A_l89_sr_LANDSAT_9_20250425T071512Z.tif
tan20250424t080446c00s4001-B,/mnt/engg-leung/Research_No9_Methane_Emissions/Yuyao/raw_data_dir_L89_L2SR_by_gee/tan20250424t080446c00s4001-B_l89_sr_LANDSAT_9_20250425T071512Z.tif,tan20250424t080446c00s4001-B_l89_sr_LANDSAT_9_20250425T071512Z.tif
tan20250424t080446c00s4001-C,/mnt/engg-leung/Research_No9_Methane_Emissions/Yuyao/raw_data_dir_L89_L2SR_by_gee/tan20250424t080446c00s4001-C_l89_sr_LANDSAT_9_20250425T071512Z.tif,tan20250424t080446c00s4001-C_l89_sr_LANDSAT_9_20250425T071512Z.tif
tan20250424t080446c00s4001-D,/mnt/engg-leung/Research_No9_Methane_Emissions/Yuyao/raw_data_dir_L89_L2SR_by_gee/tan20250424t080446c00s4001-D_l89_sr_LANDSAT_9_20250425T071512Z.tif,tan20250424t080446c00s4001-D_l89_sr_LANDSAT_9_20250425T071512Z.tif
tan20250424t080446c00s4001-E,/mnt/engg-leung/Research_No9_Methane_Emissions/Yuyao/raw_data_dir_L89_L2SR_by_gee/tan20250424t080446c00s4001-E_l89_sr_LANDSAT_9_20250425T071512Z.tif,tan20250424t080446c00s4001-E_l89_sr_LANDSAT_9_20250425T071512Z.tif
tan20250424t080446c00s4001-F,/mnt/engg-leung/Research_No9_Methane_Emissions/Yuyao/raw_data_dir_L89_L2SR_by_gee/tan20250424t080446c00s4001-F_l89_sr_LANDSAT_9_20250425T071512Z.tif,tan20250424t080446c00s4001-F_l89_sr_LANDSAT_9_20250425T071512Z.tif
tan20250424t080446c00s4001-G,/mnt/engg-leung/Research_No9_Methane_Emissions/Yuyao/raw_data_dir_L89_L2SR_by_gee/tan20250424t080446c00s4001-G_l89_sr_LANDSAT_9_20250425T071512Z.tif,tan20250424t080446c00s4001-G_l89_sr_LANDSAT_9_20250425T071512Z.tif
tan20250424t080446c00s4001-I,/mnt/engg-leung/Research_No9_Methane_Emissions/Yuyao/raw_data_dir_L89_L2SR_by_gee/tan20250424t080446c00s4001-I_l89_sr_LANDSAT_9_20250425T071512Z.tif,tan20250424t080446c00s4001-I_l89_sr_LANDSAT_9_20250425T071512Z.tif
tan20250427t060533c00s4001-A,/mnt/engg-leung/Research_No9_Methane_Emissions/Yuyao/raw_data_dir_L89_L2SR_by_gee/tan20250427t060533c00s4001-A_l89_sr_LANDSAT_8_20250428T051816Z.tif,tan20250427t060533c00s4001-A_l89_sr_LANDSAT_8_20250428T051816Z.tif
tan20250427t165705c00s4001-A,/mnt/engg-leung/Research_No9_Methane_Emissions/Yuyao/raw_data_dir_L89_L2SR_by_gee/tan20250427t165705c00s4001-A_l89_sr_LANDSAT_9_20250428T155856Z.tif,tan20250427t165705c00s4001-A_l89_sr_LANDSAT_9_20250428T155856Z.tif
tan20250429t105942c00s4001-A,/mnt/engg-leung/Research_No9_Methane_Emissions/Yuyao/raw_data_dir_L89_L2SR_by_gee/tan20250429t105942c00s4001-A_l89_sr_LANDSAT_8_20250430T100233Z.tif,tan20250429t105942c00s4001-A_l89_sr_LANDSAT_8_20250430T100233Z.tif
tan20250430t151737c00s4001-A,/mnt/engg-leung/Research_No9_Methane_Emissions/Yuyao/raw_data_dir_L89_L2SR_by_gee/tan20250430t151737c00s4001-A_l89_sr_LANDSAT_8_20250501T142155Z.tif,tan20250430t151737c00s4001-A_l89_sr_LANDSAT_8_20250501T142155Z.tif
tan20250430t151737c00s4001-B,/mnt/engg-leung/Research_No9_Methane_Emissions/Yuyao/raw_data_dir_L89_L2SR_by_gee/tan20250430t151737c00s4001-B_l89_sr_LANDSAT_8_20250501T142155Z.tif,tan20250430t151737c00s4001-B_l89_sr_LANDSAT_8_20250501T142155Z.tif
tan20250430t180543c00s4001-A,/mnt/engg-leung/Research_No9_Methane_Emissions/Yuyao/raw_data_dir_L89_L2SR_by_gee/tan20250430t180543c00s4001-A_l89_sr_LANDSAT_8_20250501T172033Z.tif,tan20250430t180543c00s4001-A_l89_sr_LANDSAT_8_20250501T172033Z.tif
tan20250430t180543c00s4001-B,/mnt/engg-leung/Research_No9_Methane_Emissions/Yuyao/raw_data_dir_L89_L2SR_by_gee/tan20250430t180543c00s4001-B_l89_sr_LANDSAT_8_20250501T172033Z.tif,tan20250430t180543c00s4001-B_l89_sr_LANDSAT_8_20250501T172033Z.tif
tan20250430t180543c00s4001-C,/mnt/engg-leung/Research_No9_Methane_Emissions/Yuyao/raw_data_dir_L89_L2SR_by_gee/tan20250430t180543c00s4001-C_l89_sr_LANDSAT_8_20250501T172033Z.tif,tan20250430t180543c00s4001-C_l89_sr_LANDSAT_8_20250501T172033Z.tif
tan20250430t180543c00s4001-D,/mnt/engg-leung/Research_No9_Methane_Emissions/Yuyao/raw_data_dir_L89_L2SR_by_gee/tan20250430t180543c00s4001-D_l89_sr_LANDSAT_8_20250501T172033Z.tif,tan20250430t180543c00s4001-D_l89_sr_LANDSAT_8_20250501T172033Z.tif
tan20250430t180543c00s4001-E,/mnt/engg-leung/Research_No9_Methane_Emissions/Yuyao/raw_data_dir_L89_L2SR_by_gee/tan20250430t180543c00s4001-E_l89_sr_LANDSAT_8_20250501T172033Z.tif,tan20250430t180543c00s4001-E_l89_sr_LANDSAT_8_20250501T172033Z.tif
tan20250430t180543c00s4001-F,/mnt/engg-leung/Research_No9_Methane_Emissions/Yuyao/raw_data_dir_L89_L2SR_by_gee/tan20250430t180543c00s4001-F_l89_sr_LANDSAT_8_20250501T172033Z.tif,tan20250430t180543c00s4001-F_l89_sr_LANDSAT_8_20250501T172033Z.tif
tan20250430t180543c00s4001-G,/mnt/engg-leung/Research_No9_Methane_Emissions/Yuyao/raw_data_dir_L89_L2SR_by_gee/tan20250430t180543c00s4001-G_l89_sr_LANDSAT_8_20250501T172033Z.tif,tan20250430t180543c00s4001-G_l89_sr_LANDSAT_8_20250501T172033Z.tif
tan20250430t180543c00s4001-H,/mnt/engg-leung/Research_No9_Methane_Emissions/Yuyao/raw_data_dir_L89_L2SR_by_gee/tan20250430t180543c00s4001-H_l89_sr_LANDSAT_8_20250501T172033Z.tif,tan20250430t180543c00s4001-H_l89_sr_LANDSAT_8_20250501T172033Z.tif
tan20250430t180543c00s4001-I,/mnt/engg-leung/Research_No9_Methane_Emissions/Yuyao/raw_data_dir_L89_L2SR_by_gee/tan20250430t180543c00s4001-I_l89_sr_LANDSAT_8_20250501T172033Z.tif,tan20250430t180543c00s4001-I_l89_sr_LANDSAT_8_20250501T172033Z.tif
tan20250430t180543c00s4001-J,/mnt/engg-leung/Research_No9_Methane_Emissions/Yuyao/raw_data_dir_L89_L2SR_by_gee/tan20250430t180543c00s4001-J_l89_sr_LANDSAT_8_20250501T172033Z.tif,tan20250430t180543c00s4001-J_l89_sr_LANDSAT_8_20250501T172033Z.tif
tan20250430t180543c00s4001-K,/mnt/engg-leung/Research_No9_Methane_Emissions/Yuyao/raw_data_dir_L89_L2SR_by_gee/tan20250430t180543c00s4001-K_l89_sr_LANDSAT_8_20250501T172033Z.tif,tan20250430t180543c00s4001-K_l89_sr_LANDSAT_8_20250501T172033Z.tif
tan20250430t180543c00s4001-M,/mnt/engg-leung/Research_No9_Methane_Emissions/Yuyao/raw_data_dir_L89_L2SR_by_gee/tan20250430t180543c00s4001-M_l89_sr_LANDSAT_8_20250501T172033Z.tif,tan20250430t180543c00s4001-M_l89_sr_LANDSAT_8_20250501T172033Z.tif
tan20250430t180543c00s4001-P,/mnt/engg-leung/Research_No9_Methane_Emissions/Yuyao/raw_data_dir_L89_L2SR_by_gee/tan20250430t180543c00s4001-P_l89_sr_LANDSAT_8_20250501T172033Z.tif,tan20250430t180543c00s4001-P_l89_sr_LANDSAT_8_20250501T172033Z.tif
tan20250430t180543c00s4001-R,/mnt/engg-leung/Research_No9_Methane_Emissions/Yuyao/raw_data_dir_L89_L2SR_by_gee/tan20250430t180543c00s4001-R_l89_sr_LANDSAT_8_20250501T172033Z.tif,tan20250430t180543c00s4001-R_l89_sr_LANDSAT_8_20250501T172033Z.tif
tan20250430t180543c00s4001-T,/mnt/engg-leung/Research_No9_Methane_Emissions/Yuyao/raw_data_dir_L89_L2SR_by_gee/tan20250430t180543c00s4001-T_l89_sr_LANDSAT_8_20250501T172033Z.tif,tan20250430t180543c00s4001-T_l89_sr_LANDSAT_8_20250501T172033Z.tif
tan20250430t180543c00s4001-U,/mnt/engg-leung/Research_No9_Methane_Emissions/Yuyao/raw_data_dir_L89_L2SR_by_gee/tan20250430t180543c00s4001-U_l89_sr_LANDSAT_8_20250501T172033Z.tif,tan20250430t180543c00s4001-U_l89_sr_LANDSAT_8_20250501T172033Z.tif
tan20250430t180543c00s4001-V,/mnt/engg-leung/Research_No9_Methane_Emissions/Yuyao/raw_data_dir_L89_L2SR_by_gee/tan20250430t180543c00s4001-V_l89_sr_LANDSAT_8_20250501T172033Z.tif,tan20250430t180543c00s4001-V_l89_sr_LANDSAT_8_20250501T172033Z.tif
tan20250430t180543c00s4001-W,/mnt/engg-leung/Research_No9_Methane_Emissions/Yuyao/raw_data_dir_L89_L2SR_by_gee/tan20250430t180543c00s4001-W_l89_sr_LANDSAT_8_20250501T172033Z.tif,tan20250430t180543c00s4001-W_l89_sr_LANDSAT_8_20250501T172033Z.tif
tan20250430t193530c00s4001-A,/mnt/engg-leung/Research_No9_Methane_Emissions/Yuyao/raw_data_dir_L89_L2SR_by_gee/tan20250430t193530c00s4001-A_l89_sr_LANDSAT_8_20250501T185552Z.tif,tan20250430t193530c00s4001-A_l89_sr_LANDSAT_8_20250501T185552Z.tif
tan20250502t071641c00s4001-A,/mnt/engg-leung/Research_No9_Methane_Emissions/Yuyao/raw_data_dir_L89_L2SR_by_gee/tan20250502t071641c00s4001-A_l89_sr_LANDSAT_9_20250503T061548Z.tif,tan20250502t071641c00s4001-A_l89_sr_LANDSAT_9_20250503T061548Z.tif
tan20250502t071641c00s4001-B,/mnt/engg-leung/Research_No9_Methane_Emissions/Yuyao/raw_data_dir_L89_L2SR_by_gee/tan20250502t071641c00s4001-B_l89_sr_LANDSAT_9_20250503T061548Z.tif,tan20250502t071641c00s4001-B_l89_sr_LANDSAT_9_20250503T061548Z.tif
tan20250503t033800c00s4001-A,/mnt/engg-leung/Research_No9_Methane_Emissions/Yuyao/raw_data_dir_L89_L2SR_by_gee/tan20250503t033800c00s4001-A_l89_sr_LANDSAT_8_20250504T025954Z.tif,tan20250503t033800c00s4001-A_l89_sr_LANDSAT_8_20250504T025954Z.tif
tan20250503t033800c00s4001-B,/mnt/engg-leung/Research_No9_Methane_Emissions/Yuyao/raw_data_dir_L89_L2SR_by_gee/tan20250503t033800c00s4001-B_l89_sr_LANDSAT_8_20250504T025954Z.tif,tan20250503t033800c00s4001-B_l89_sr_LANDSAT_8_20250504T025954Z.tif
tan20250503t033800c00s4001-C,/mnt/engg-leung/Research_No9_Methane_Emissions/Yuyao/raw_data_dir_L89_L2SR_by_gee/tan20250503t033800c00s4001-C_l89_sr_LANDSAT_8_20250504T025954Z.tif,tan20250503t033800c00s4001-C_l89_sr_LANDSAT_8_20250504T025954Z.tif
tan20250503t033800c00s4001-D,/mnt/engg-leung/Research_No9_Methane_Emissions/Yuyao/raw_data_dir_L89_L2SR_by_gee/tan20250503t033800c00s4001-D_l89_sr_LANDSAT_8_20250504T025954Z.tif,tan20250503t033800c00s4001-D_l89_sr_LANDSAT_8_20250504T025954Z.tif
tan20250503t033800c00s4001-E,/mnt/engg-leung/Research_No9_Methane_Emissions/Yuyao/raw_data_dir_L89_L2SR_by_gee/tan20250503t033800c00s4001-E_l89_sr_LANDSAT_8_20250504T025954Z.tif,tan20250503t033800c00s4001-E_l89_sr_LANDSAT_8_20250504T025954Z.tif
tan20250503t033800c00s4001-F,/mnt/engg-leung/Research_No9_Methane_Emissions/Yuyao/raw_data_dir_L89_L2SR_by_gee/tan20250503t033800c00s4001-F_l89_sr_LANDSAT_8_20250504T025954Z.tif,tan20250503t033800c00s4001-F_l89_sr_LANDSAT_8_20250504T025954Z.tif
tan20250503t033800c00s4001-G,/mnt/engg-leung/Research_No9_Methane_Emissions/Yuyao/raw_data_dir_L89_L2SR_by_gee/tan20250503t033800c00s4001-G_l89_sr_LANDSAT_8_20250504T025954Z.tif,tan20250503t033800c00s4001-G_l89_sr_LANDSAT_8_20250504T025954Z.tif
tan20250503t033800c00s4001-H,/mnt/engg-leung/Research_No9_Methane_Emissions/Yuyao/raw_data_dir_L89_L2SR_by_gee/tan20250503t033800c00s4001-H_l89_sr_LANDSAT_8_20250504T025954Z.tif,tan20250503t033800c00s4001-H_l89_sr_LANDSAT_8_20250504T025954Z.tif
tan20250503t033800c00s4001-I,/mnt/engg-leung/Research_No9_Methane_Emissions/Yuyao/raw_data_dir_L89_L2SR_by_gee/tan20250503t033800c00s4001-I_l89_sr_LANDSAT_8_20250504T025954Z.tif,tan20250503t033800c00s4001-I_l89_sr_LANDSAT_8_20250504T025954Z.tif
tan20250503t033800c00s4001-J,/mnt/engg-leung/Research_No9_Methane_Emissions/Yuyao/raw_data_dir_L89_L2SR_by_gee/tan20250503t033800c00s4001-J_l89_sr_LANDSAT_8_20250504T025954Z.tif,tan20250503t033800c00s4001-J_l89_sr_LANDSAT_8_20250504T025954Z.tif
tan20250503t033800c00s4001-K,/mnt/engg-leung/Research_No9_Methane_Emissions/Yuyao/raw_data_dir_L89_L2SR_by_gee/tan20250503t033800c00s4001-K_l89_sr_LANDSAT_8_20250504T025954Z.tif,tan20250503t033800c00s4001-K_l89_sr_LANDSAT_8_20250504T025954Z.tif
tan20250503t033800c00s4001-L,/mnt/engg-leung/Research_No9_Methane_Emissions/Yuyao/raw_data_dir_L89_L2SR_by_gee/tan20250503t033800c00s4001-L_l89_sr_LANDSAT_8_20250504T025954Z.tif,tan20250503t033800c00s4001-L_l89_sr_LANDSAT_8_20250504T025954Z.tif
tan20250503t033800c00s4001-M,/mnt/engg-leung/Research_No9_Methane_Emissions/Yuyao/raw_data_dir_L89_L2SR_by_gee/tan20250503t033800c00s4001-M_l89_sr_LANDSAT_8_20250504T025954Z.tif,tan20250503t033800c00s4001-M_l89_sr_LANDSAT_8_20250504T025954Z.tif
tan20250503t033800c00s4001-N,/mnt/engg-leung/Research_No9_Methane_Emissions/Yuyao/raw_data_dir_L89_L2SR_by_gee/tan20250503t033800c00s4001-N_l89_sr_LANDSAT_8_20250504T025954Z.tif,tan20250503t033800c00s4001-N_l89_sr_LANDSAT_8_20250504T025954Z.tif
tan20250503t033800c00s4001-O,/mnt/engg-leung/Research_No9_Methane_Emissions/Yuyao/raw_data_dir_L89_L2SR_by_gee/tan20250503t033800c00s4001-O_l89_sr_LANDSAT_8_20250504T025954Z.tif,tan20250503t033800c00s4001-O_l89_sr_LANDSAT_8_20250504T025954Z.tif
tan20250503t033800c00s4001-P,/mnt/engg-leung/Research_No9_Methane_Emissions/Yuyao/raw_data_dir_L89_L2SR_by_gee/tan20250503t033800c00s4001-P_l89_sr_LANDSAT_8_20250504T025954Z.tif,tan20250503t033800c00s4001-P_l89_sr_LANDSAT_8_20250504T025954Z.tif
tan20250503t033800c00s4001-Q,/mnt/engg-leung/Research_No9_Methane_Emissions/Yuyao/raw_data_dir_L89_L2SR_by_gee/tan20250503t033800c00s4001-Q_l89_sr_LANDSAT_8_20250504T025954Z.tif,tan20250503t033800c00s4001-Q_l89_sr_LANDSAT_8_20250504T025954Z.tif
tan20250503t033800c00s4001-R,/mnt/engg-leung/Research_No9_Methane_Emissions/Yuyao/raw_data_dir_L89_L2SR_by_gee/tan20250503t033800c00s4001-R_l89_sr_LANDSAT_8_20250504T025954Z.tif,tan20250503t033800c00s4001-R_l89_sr_LANDSAT_8_20250504T025954Z.tif
tan20250503t033800c00s4001-S,/mnt/engg-leung/Research_No9_Methane_Emissions/Yuyao/raw_data_dir_L89_L2SR_by_gee/tan20250503t033800c00s4001-S_l89_sr_LANDSAT_8_20250504T025954Z.tif,tan20250503t033800c00s4001-S_l89_sr_LANDSAT_8_20250504T025954Z.tif
tan20250503t033800c00s4001-T,/mnt/engg-leung/Research_No9_Methane_Emissions/Yuyao/raw_data_dir_L89_L2SR_by_gee/tan20250503t033800c00s4001-T_l89_sr_LANDSAT_8_20250504T025954Z.tif,tan20250503t033800c00s4001-T_l89_sr_LANDSAT_8_20250504T025954Z.tif
tan20250503t033800c00s4001-U,/mnt/engg-leung/Research_No9_Methane_Emissions/Yuyao/raw_data_dir_L89_L2SR_by_gee/tan20250503t033800c00s4001-U_l89_sr_LANDSAT_8_20250504T025954Z.tif,tan20250503t033800c00s4001-U_l89_sr_LANDSAT_8_20250504T025954Z.tif
tan20250503t033800c00s4001-V,/mnt/engg-leung/Research_No9_Methane_Emissions/Yuyao/raw_data_dir_L89_L2SR_by_gee/tan20250503t033800c00s4001-V_l89_sr_LANDSAT_8_20250504T025954Z.tif,tan20250503t033800c00s4001-V_l89_sr_LANDSAT_8_20250504T025954Z.tif
tan20250503t033800c00s4001-W,/mnt/engg-leung/Research_No9_Methane_Emissions/Yuyao/raw_data_dir_L89_L2SR_by_gee/tan20250503t033800c00s4001-W_l89_sr_LANDSAT_8_20250504T025954Z.tif,tan20250503t033800c00s4001-W_l89_sr_LANDSAT_8_20250504T025954Z.tif
tan20250503t033800c00s4001-X,/mnt/engg-leung/Research_No9_Methane_Emissions/Yuyao/raw_data_dir_L89_L2SR_by_gee/tan20250503t033800c00s4001-X_l89_sr_LANDSAT_8_20250504T025954Z.tif,tan20250503t033800c00s4001-X_l89_sr_LANDSAT_8_20250504T025954Z.tif
tan20250504t074037c00s4001-A,/mnt/engg-leung/Research_No9_Methane_Emissions/Yuyao/raw_data_dir_L89_L2SR_by_gee/tan20250504t074037c00s4001-A_l89_sr_LANDSAT_8_20250505T070342Z.tif,tan20250504t074037c00s4001-A_l89_sr_LANDSAT_8_20250505T070342Z.tif
tan20250504t074037c00s4001-B,/mnt/engg-leung/Research_No9_Methane_Emissions/Yuyao/raw_data_dir_L89_L2SR_by_gee/tan20250504t074037c00s4001-B_l89_sr_LANDSAT_8_20250505T070342Z.tif,tan20250504t074037c00s4001-B_l89_sr_LANDSAT_8_20250505T070342Z.tif
tan20250504t140709c00s4001-A,/mnt/engg-leung/Research_No9_Methane_Emissions/Yuyao/raw_data_dir_L89_L2SR_by_gee/tan20250504t140709c00s4001-A_l89_sr_LANDSAT_9_20250505T130403Z.tif,tan20250504t140709c00s4001-A_l89_sr_LANDSAT_9_20250505T130403Z.tif
tan20250505t065341c00s4001-A,/mnt/engg-leung/Research_No9_Methane_Emissions/Yuyao/raw_data_dir_L89_L2SR_by_gee/tan20250505t065341c00s4001-A_l89_sr_LANDSAT_8_20250506T060119Z.tif,tan20250505t065341c00s4001-A_l89_sr_LANDSAT_8_20250506T060119Z.tif
tan20250505t065722c00s4001-A,/mnt/engg-leung/Research_No9_Methane_Emissions/Yuyao/raw_data_dir_L89_L2SR_by_gee/tan20250505t065722c00s4001-A_l89_sr_LANDSAT_8_20250506T060430Z.tif,tan20250505t065722c00s4001-A_l89_sr_LANDSAT_8_20250506T060430Z.tif
tan20250505t065722c00s4001-B,/mnt/engg-leung/Research_No9_Methane_Emissions/Yuyao/raw_data_dir_L89_L2SR_by_gee/tan20250505t065722c00s4001-B_l89_sr_LANDSAT_8_20250506T060430Z.tif,tan20250505t065722c00s4001-B_l89_sr_LANDSAT_8_20250506T060430Z.tif
tan20250505t084810c00s4001-A,/mnt/engg-leung/Research_No9_Methane_Emissions/Yuyao/raw_data_dir_L89_L2SR_by_gee/tan20250505t084810c00s4001-A_l89_sr_LANDSAT_8_20250506T080143Z.tif,tan20250505t084810c00s4001-A_l89_sr_LANDSAT_8_20250506T080143Z.tif
tan20250505t084810c00s4001-B,/mnt/engg-leung/Research_No9_Methane_Emissions/Yuyao/raw_data_dir_L89_L2SR_by_gee/tan20250505t084810c00s4001-B_l89_sr_LANDSAT_8_20250506T080143Z.tif,tan20250505t084810c00s4001-B_l89_sr_LANDSAT_8_20250506T080143Z.tif
tan20250505t084810c00s4001-C,/mnt/engg-leung/Research_No9_Methane_Emissions/Yuyao/raw_data_dir_L89_L2SR_by_gee/tan20250505t084810c00s4001-C_l89_sr_LANDSAT_8_20250506T080143Z.tif,tan20250505t084810c00s4001-C_l89_sr_LANDSAT_8_20250506T080143Z.tif
tan20250505t084810c00s4001-F,/mnt/engg-leung/Research_No9_Methane_Emissions/Yuyao/raw_data_dir_L89_L2SR_by_gee/tan20250505t084810c00s4001-F_l89_sr_LANDSAT_8_20250506T080143Z.tif,tan20250505t084810c00s4001-F_l89_sr_LANDSAT_8_20250506T080143Z.tif
tan20250507t163401c00s4001-A,/mnt/engg-leung/Research_No9_Methane_Emissions/Yuyao/raw_data_dir_L89_L2SR_by_gee/tan20250507t163401c00s4001-A_l89_sr_LANDSAT_8_20250508T154900Z.tif,tan20250507t163401c00s4001-A_l89_sr_LANDSAT_8_20250508T154900Z.tif
tan20250507t163401c00s4001-B,/mnt/engg-leung/Research_No9_Methane_Emissions/Yuyao/raw_data_dir_L89_L2SR_by_gee/tan20250507t163401c00s4001-B_l89_sr_LANDSAT_8_20250508T154900Z.tif,tan20250507t163401c00s4001-B_l89_sr_LANDSAT_8_20250508T154900Z.tif
tan20250507t163401c00s4001-C,/mnt/engg-leung/Research_No9_Methane_Emissions/Yuyao/raw_data_dir_L89_L2SR_by_gee/tan20250507t163401c00s4001-C_l89_sr_LANDSAT_8_20250508T154900Z.tif,tan20250507t163401c00s4001-C_l89_sr_LANDSAT_8_20250508T154900Z.tif
tan20250509t103356c00s4001-A,/mnt/engg-leung/Research_No9_Methane_Emissions/Yuyao/raw_data_dir_L89_L2SR_by_gee/tan20250509t103356c00s4001-A_l89_sr_LANDSAT_9_20250510T095024Z.tif,tan20250509t103356c00s4001-A_l89_sr_LANDSAT_9_20250510T095024Z.tif
tan20250510t033900c00s4001-A,/mnt/engg-leung/Research_No9_Methane_Emissions/Yuyao/raw_data_dir_L89_L2SR_by_gee/tan20250510t033900c00s4001-A_l89_sr_LANDSAT_8_20250511T030603Z.tif,tan20250510t033900c00s4001-A_l89_sr_LANDSAT_8_20250511T030603Z.tif
tan20250510t033900c00s4001-B,/mnt/engg-leung/Research_No9_Methane_Emissions/Yuyao/raw_data_dir_L89_L2SR_by_gee/tan20250510t033900c00s4001-B_l89_sr_LANDSAT_8_20250511T030603Z.tif,tan20250510t033900c00s4001-B_l89_sr_LANDSAT_8_20250511T030603Z.tif
tan20250510t033900c00s4001-C,/mnt/engg-leung/Research_No9_Methane_Emissions/Yuyao/raw_data_dir_L89_L2SR_by_gee/tan20250510t033900c00s4001-C_l89_sr_LANDSAT_8_20250511T030603Z.tif,tan20250510t033900c00s4001-C_l89_sr_LANDSAT_8_20250511T030603Z.tif
tan20250510t033900c00s4001-D,/mnt/engg-leung/Research_No9_Methane_Emissions/Yuyao/raw_data_dir_L89_L2SR_by_gee/tan20250510t033900c00s4001-D_l89_sr_LANDSAT_8_20250511T030603Z.tif,tan20250510t033900c00s4001-D_l89_sr_LANDSAT_8_20250511T030603Z.tif
tan20250510t033900c00s4001-E,/mnt/engg-leung/Research_No9_Methane_Emissions/Yuyao/raw_data_dir_L89_L2SR_by_gee/tan20250510t033900c00s4001-E_l89_sr_LANDSAT_8_20250511T030539Z.tif,tan20250510t033900c00s4001-E_l89_sr_LANDSAT_8_20250511T030539Z.tif
tan20250510t033900c00s4001-F,/mnt/engg-leung/Research_No9_Methane_Emissions/Yuyao/raw_data_dir_L89_L2SR_by_gee/tan20250510t033900c00s4001-F_l89_sr_LANDSAT_8_20250511T030539Z.tif,tan20250510t033900c00s4001-F_l89_sr_LANDSAT_8_20250511T030539Z.tif
tan20250510t033900c00s4001-K,/mnt/engg-leung/Research_No9_Methane_Emissions/Yuyao/raw_data_dir_L89_L2SR_by_gee/tan20250510t033900c00s4001-K_l89_sr_LANDSAT_8_20250511T030539Z.tif,tan20250510t033900c00s4001-K_l89_sr_LANDSAT_8_20250511T030539Z.tif
tan20250511t030430c00s4001-A,/mnt/engg-leung/Research_No9_Methane_Emissions/Yuyao/raw_data_dir_L89_L2SR_by_gee/tan20250511t030430c00s4001-A_l89_sr_LANDSAT_8_20250512T021649Z.tif,tan20250511t030430c00s4001-A_l89_sr_LANDSAT_8_20250512T021649Z.tif
tan20250511t061031c00s4001-A,/mnt/engg-leung/Research_No9_Methane_Emissions/Yuyao/raw_data_dir_L89_L2SR_by_gee/tan20250511t061031c00s4001-A_l89_sr_LANDSAT_8_20250512T053259Z.tif,tan20250511t061031c00s4001-A_l89_sr_LANDSAT_8_20250512T053259Z.tif
tan20250511t061031c00s4001-B,/mnt/engg-leung/Research_No9_Methane_Emissions/Yuyao/raw_data_dir_L89_L2SR_by_gee/tan20250511t061031c00s4001-B_l89_sr_LANDSAT_8_20250512T053323Z.tif,tan20250511t061031c00s4001-B_l89_sr_LANDSAT_8_20250512T053323Z.tif
tan20250511t061031c00s4001-D,/mnt/engg-leung/Research_No9_Methane_Emissions/Yuyao/raw_data_dir_L89_L2SR_by_gee/tan20250511t061031c00s4001-D_l89_sr_LANDSAT_8_20250512T053323Z.tif,tan20250511t061031c00s4001-D_l89_sr_LANDSAT_8_20250512T053323Z.tif
tan20250511t061031c00s4001-E,/mnt/engg-leung/Research_No9_Methane_Emissions/Yuyao/raw_data_dir_L89_L2SR_by_gee/tan20250511t061031c00s4001-E_l89_sr_LANDSAT_8_20250512T053323Z.tif,tan20250511t061031c00s4001-E_l89_sr_LANDSAT_8_20250512T053323Z.tif
tan20250511t061031c00s4001-F,/mnt/engg-leung/Research_No9_Methane_Emissions/Yuyao/raw_data_dir_L89_L2SR_by_gee/tan20250511t061031c00s4001-F_l89_sr_LANDSAT_8_20250512T053323Z.tif,tan20250511t061031c00s4001-F_l89_sr_LANDSAT_8_20250512T053323Z.tif
tan20250511t061031c00s4001-G,/mnt/engg-leung/Research_No9_Methane_Emissions/Yuyao/raw_data_dir_L89_L2SR_by_gee/tan20250511t061031c00s4001-G_l89_sr_LANDSAT_8_20250512T053259Z.tif,tan20250511t061031c00s4001-G_l89_sr_LANDSAT_8_20250512T053259Z.tif
tan20250512t175722c00s4001-A,/mnt/engg-leung/Research_No9_Methane_Emissions/Yuyao/raw_data_dir_L89_L2SR_by_gee/tan20250512t175722c00s4001-A_l89_sr_LANDSAT_9_20250513T165910Z.tif,tan20250512t175722c00s4001-A_l89_sr_LANDSAT_9_20250513T165910Z.tif
tan20250512t175722c00s4001-B,/mnt/engg-leung/Research_No9_Methane_Emissions/Yuyao/raw_data_dir_L89_L2SR_by_gee/tan20250512t175722c00s4001-B_l89_sr_LANDSAT_9_20250513T165910Z.tif,tan20250512t175722c00s4001-B_l89_sr_LANDSAT_9_20250513T165910Z.tif
tan20250512t175722c00s4001-C,/mnt/engg-leung/Research_No9_Methane_Emissions/Yuyao/raw_data_dir_L89_L2SR_by_gee/tan20250512t175722c00s4001-C_l89_sr_LANDSAT_9_20250513T165910Z.tif,tan20250512t175722c00s4001-C_l89_sr_LANDSAT_9_20250513T165910Z.tif
tan20250512t175722c00s4001-E,/mnt/engg-leung/Research_No9_Methane_Emissions/Yuyao/raw_data_dir_L89_L2SR_by_gee/tan20250512t175722c00s4001-E_l89_sr_LANDSAT_9_20250513T165910Z.tif,tan20250512t175722c00s4001-E_l89_sr_LANDSAT_9_20250513T165910Z.tif
tan20250512t175722c00s4001-F,/mnt/engg-leung/Research_No9_Methane_Emissions/Yuyao/raw_data_dir_L89_L2SR_by_gee/tan20250512t175722c00s4001-F_l89_sr_LANDSAT_9_20250513T165910Z.tif,tan20250512t175722c00s4001-F_l89_sr_LANDSAT_9_20250513T165910Z.tif
tan20250512t175722c00s4001-G,/mnt/engg-leung/Research_No9_Methane_Emissions/Yuyao/raw_data_dir_L89_L2SR_by_gee/tan20250512t175722c00s4001-G_l89_sr_LANDSAT_9_20250513T165910Z.tif,tan20250512t175722c00s4001-G_l89_sr_LANDSAT_9_20250513T165910Z.tif
tan20250512t192646c00s4001-A,/mnt/engg-leung/Research_No9_Methane_Emissions/Yuyao/raw_data_dir_L89_L2SR_by_gee/tan20250512t192646c00s4001-A_l89_sr_LANDSAT_9_20250513T183404Z.tif,tan20250512t192646c00s4001-A_l89_sr_LANDSAT_9_20250513T183404Z.tif
tan20250512t192646c00s4001-C,/mnt/engg-leung/Research_No9_Methane_Emissions/Yuyao/raw_data_dir_L89_L2SR_by_gee/tan20250512t192646c00s4001-C_l89_sr_LANDSAT_9_20250513T183404Z.tif,tan20250512t192646c00s4001-C_l89_sr_LANDSAT_9_20250513T183404Z.tif
tan20250514t163511c00s4001-A,/mnt/engg-leung/Research_No9_Methane_Emissions/Yuyao/raw_data_dir_L89_L2SR_by_gee/tan20250514t163511c00s4001-A_l89_sr_LANDSAT_8_20250515T155449Z.tif,tan20250514t163511c00s4001-A_l89_sr_LANDSAT_8_20250515T155449Z.tif
tan20250514t163511c00s4001-D,/mnt/engg-leung/Research_No9_Methane_Emissions/Yuyao/raw_data_dir_L89_L2SR_by_gee/tan20250514t163511c00s4001-D_l89_sr_LANDSAT_8_20250515T155449Z.tif,tan20250514t163511c00s4001-D_l89_sr_LANDSAT_8_20250515T155449Z.tif
tan20250515t143517c00s4001-A,/mnt/engg-leung/Research_No9_Methane_Emissions/Yuyao/raw_data_dir_L89_L2SR_by_gee/tan20250515t143517c00s4001-A_l89_sr_LANDSAT_8_20250516T133416Z.tif,tan20250515t143517c00s4001-A_l89_sr_LANDSAT_8_20250516T133416Z.tif
tan20250515t173133c00s4001-A,/mnt/engg-leung/Research_No9_Methane_Emissions/Yuyao/raw_data_dir_L89_L2SR_by_gee/tan20250515t173133c00s4001-A_l89_sr_LANDSAT_8_20250516T164052Z.tif,tan20250515t173133c00s4001-A_l89_sr_LANDSAT_8_20250516T164052Z.tif
tan20250517t100534c00s4001-A,/mnt/engg-leung/Research_No9_Methane_Emissions/Yuyao/raw_data_dir_L89_L2SR_by_gee/tan20250517t100534c00s4001-A_l89_sr_LANDSAT_9_20250518T091113Z.tif,tan20250517t100534c00s4001-A_l89_sr_LANDSAT_9_20250518T091113Z.tif
tan20250517t100534c00s4001-B,/mnt/engg-leung/Research_No9_Methane_Emissions/Yuyao/raw_data_dir_L89_L2SR_by_gee/tan20250517t100534c00s4001-B_l89_sr_LANDSAT_9_20250518T091113Z.tif,tan20250517t100534c00s4001-B_l89_sr_LANDSAT_9_20250518T091113Z.tif
tan20250517t112526c00s4001-A,/mnt/engg-leung/Research_No9_Methane_Emissions/Yuyao/raw_data_dir_L89_L2SR_by_gee/tan20250517t112526c00s4001-A_l89_sr_LANDSAT_9_20250518T103610Z.tif,tan20250517t112526c00s4001-A_l89_sr_LANDSAT_9_20250518T103610Z.tif
tan20250517t112526c00s4001-B,/mnt/engg-leung/Research_No9_Methane_Emissions/Yuyao/raw_data_dir_L89_L2SR_by_gee/tan20250517t112526c00s4001-B_l89_sr_LANDSAT_9_20250518T103610Z.tif,tan20250517t112526c00s4001-B_l89_sr_LANDSAT_9_20250518T103610Z.tif
tan20250517t112526c00s4001-C,/mnt/engg-leung/Research_No9_Methane_Emissions/Yuyao/raw_data_dir_L89_L2SR_by_gee/tan20250517t112526c00s4001-C_l89_sr_LANDSAT_9_20250518T103610Z.tif,tan20250517t112526c00s4001-C_l89_sr_LANDSAT_9_20250518T103610Z.tif
tan20250518t140729c00s4001-A,/mnt/engg-leung/Research_No9_Methane_Emissions/Yuyao/raw_data_dir_L89_L2SR_by_gee/tan20250518t140729c00s4001-A_l89_sr_LANDSAT_9_20250519T131414Z.tif,tan20250518t140729c00s4001-A_l89_sr_LANDSAT_9_20250519T131414Z.tif
tan20250518t153202c00s4001-A,/mnt/engg-leung/Research_No9_Methane_Emissions/Yuyao/raw_data_dir_L89_L2SR_by_gee/tan20250518t153202c00s4001-A_l89_sr_LANDSAT_9_20250519T144333Z.tif,tan20250518t153202c00s4001-A_l89_sr_LANDSAT_9_20250519T144333Z.tif
tan20250519t035438c00s4001-A,/mnt/engg-leung/Research_No9_Methane_Emissions/Yuyao/raw_data_dir_L89_L2SR_by_gee/tan20250519t035438c00s4001-A_l89_sr_LANDSAT_8_20250520T030043Z.tif,tan20250519t035438c00s4001-A_l89_sr_LANDSAT_8_20250520T030043Z.tif
tan20250519t035438c00s4001-B,/mnt/engg-leung/Research_No9_Methane_Emissions/Yuyao/raw_data_dir_L89_L2SR_by_gee/tan20250519t035438c00s4001-B_l89_sr_LANDSAT_8_20250520T030043Z.tif,tan20250519t035438c00s4001-B_l89_sr_LANDSAT_8_20250520T030043Z.tif
tan20250519t035438c00s4001-C,/mnt/engg-leung/Research_No9_Methane_Emissions/Yuyao/raw_data_dir_L89_L2SR_by_gee/tan20250519t035438c00s4001-C_l89_sr_LANDSAT_8_20250520T030043Z.tif,tan20250519t035438c00s4001-C_l89_sr_LANDSAT_8_20250520T030043Z.tif
tan20250519t035438c00s4001-D,/mnt/engg-leung/Research_No9_Methane_Emissions/Yuyao/raw_data_dir_L89_L2SR_by_gee/tan20250519t035438c00s4001-D_l89_sr_LANDSAT_8_20250520T030043Z.tif,tan20250519t035438c00s4001-D_l89_sr_LANDSAT_8_20250520T030043Z.tif
tan20250519t035438c00s4001-E,/mnt/engg-leung/Research_No9_Methane_Emissions/Yuyao/raw_data_dir_L89_L2SR_by_gee/tan20250519t035438c00s4001-E_l89_sr_LANDSAT_8_20250520T030043Z.tif,tan20250519t035438c00s4001-E_l89_sr_LANDSAT_8_20250520T030043Z.tif
tan20250519t035438c00s4001-F,/mnt/engg-leung/Research_No9_Methane_Emissions/Yuyao/raw_data_dir_L89_L2SR_by_gee/tan20250519t035438c00s4001-F_l89_sr_LANDSAT_8_20250520T030043Z.tif,tan20250519t035438c00s4001-F_l89_sr_LANDSAT_8_20250520T030043Z.tif
tan20250519t035438c00s4001-G,/mnt/engg-leung/Research_No9_Methane_Emissions/Yuyao/raw_data_dir_L89_L2SR_by_gee/tan20250519t035438c00s4001-G_l89_sr_LANDSAT_8_20250520T030043Z.tif,tan20250519t035438c00s4001-G_l89_sr_LANDSAT_8_20250520T030043Z.tif
tan20250519t065949c00s4001-A,/mnt/engg-leung/Research_No9_Methane_Emissions/Yuyao/raw_data_dir_L89_L2SR_by_gee/tan20250519t065949c00s4001-A_l89_sr_LANDSAT_8_20250520T061718Z.tif,tan20250519t065949c00s4001-A_l89_sr_LANDSAT_8_20250520T061718Z.tif
tan20250519t065949c00s4001-B,/mnt/engg-leung/Research_No9_Methane_Emissions/Yuyao/raw_data_dir_L89_L2SR_by_gee/tan20250519t065949c00s4001-B_l89_sr_LANDSAT_8_20250520T061718Z.tif,tan20250519t065949c00s4001-B_l89_sr_LANDSAT_8_20250520T061718Z.tif
tan20250519t065949c00s4001-C,/mnt/engg-leung/Research_No9_Methane_Emissions/Yuyao/raw_data_dir_L89_L2SR_by_gee/tan20250519t065949c00s4001-C_l89_sr_LANDSAT_8_20250520T061718Z.tif,tan20250519t065949c00s4001-C_l89_sr_LANDSAT_8_20250520T061718Z.tif
tan20250519t065949c00s4001-D,/mnt/engg-leung/Research_No9_Methane_Emissions/Yuyao/raw_data_dir_L89_L2SR_by_gee/tan20250519t065949c00s4001-D_l89_sr_LANDSAT_8_20250520T061718Z.tif,tan20250519t065949c00s4001-D_l89_sr_LANDSAT_8_20250520T061718Z.tif
tan20250521t090352c58s4001-A,/mnt/engg-leung/Research_No9_Methane_Emissions/Yuyao/raw_data_dir_L89_L2SR_by_gee/tan20250521t090352c58s4001-A_l89_sr_LANDSAT_8_20250522T080146Z.tif,tan20250521t090352c58s4001-A_l89_sr_LANDSAT_8_20250522T080146Z.tif
tan20250521t090352c58s4001-B,/mnt/engg-leung/Research_No9_Methane_Emissions/Yuyao/raw_data_dir_L89_L2SR_by_gee/tan20250521t090352c58s4001-B_l89_sr_LANDSAT_8_20250522T080146Z.tif,tan20250521t090352c58s4001-B_l89_sr_LANDSAT_8_20250522T080146Z.tif
tan20250527t184828c48s4001-A,/mnt/engg-leung/Research_No9_Methane_Emissions/Yuyao/raw_data_dir_L89_L2SR_by_gee/tan20250527t184828c48s4001-A_l89_sr_LANDSAT_9_20250528T175018Z.tif,tan20250527t184828c48s4001-A_l89_sr_LANDSAT_9_20250528T175018Z.tif
tan20250527t184828c48s4001-B,/mnt/engg-leung/Research_No9_Methane_Emissions/Yuyao/raw_data_dir_L89_L2SR_by_gee/tan20250527t184828c48s4001-B_l89_sr_LANDSAT_9_20250528T175018Z.tif,tan20250527t184828c48s4001-B_l89_sr_LANDSAT_9_20250528T175018Z.tif
tan20250527t184828c48s4001-C,/mnt/engg-leung/Research_No9_Methane_Emissions/Yuyao/raw_data_dir_L89_L2SR_by_gee/tan20250527t184828c48s4001-C_l89_sr_LANDSAT_9_20250528T175018Z.tif,tan20250527t184828c48s4001-C_l89_sr_LANDSAT_9_20250528T175018Z.tif
tan20250527t184828c48s4001-D,/mnt/engg-leung/Research_No9_Methane_Emissions/Yuyao/raw_data_dir_L89_L2SR_by_gee/tan20250527t184828c48s4001-D_l89_sr_LANDSAT_9_20250528T175018Z.tif,tan20250527t184828c48s4001-D_l89_sr_LANDSAT_9_20250528T175018Z.tif
tan20250528t090505c53s4001-G,/mnt/engg-leung/Research_No9_Methane_Emissions/Yuyao/raw_data_dir_L89_L2SR_by_gee/tan20250528t090505c53s4001-G_l89_sr_LANDSAT_8_20250529T080759Z.tif,tan20250528t090505c53s4001-G_l89_sr_LANDSAT_8_20250529T080759Z.tif
tan20250529t050011c58s4001-A,/mnt/engg-leung/Research_No9_Methane_Emissions/Yuyao/raw_data_dir_L89_L2SR_by_gee/tan20250529t050011c58s4001-A_l89_sr_LANDSAT_9_20250530T042428Z.tif,tan20250529t050011c58s4001-A_l89_sr_LANDSAT_9_20250530T042428Z.tif
tan20250531t065058c58s4001-A,/mnt/engg-leung/Research_No9_Methane_Emissions/Yuyao/raw_data_dir_L89_L2SR_by_gee/tan20250531t065058c58s4001-A_l89_sr_LANDSAT_9_20250601T055522Z.tif,tan20250531t065058c58s4001-A_l89_sr_LANDSAT_9_20250601T055522Z.tif
tan20250531t095814c46s4001-B,/mnt/engg-leung/Research_No9_Methane_Emissions/Yuyao/raw_data_dir_L89_L2SR_by_gee/tan20250531t095814c46s4001-B_l89_sr_LANDSAT_9_20250601T091308Z.tif,tan20250531t095814c46s4001-B_l89_sr_LANDSAT_9_20250601T091308Z.tif
tan20250531t095814c46s4001-C,/mnt/engg-leung/Research_No9_Methane_Emissions/Yuyao/raw_data_dir_L89_L2SR_by_gee/tan20250531t095814c46s4001-C_l89_sr_LANDSAT_9_20250601T091308Z.tif,tan20250531t095814c46s4001-C_l89_sr_LANDSAT_9_20250601T091308Z.tif
tan20250602t192624c08s4001-A,/mnt/engg-leung/Research_No9_Methane_Emissions/Yuyao/raw_data_dir_L89_L2SR_by_gee/tan20250602t192624c08s4001-A_l89_sr_LANDSAT_9_20250603T184917Z.tif,tan20250602t192624c08s4001-A_l89_sr_LANDSAT_9_20250603T184917Z.tif
tan20250602t192624c08s4001-B,/mnt/engg-leung/Research_No9_Methane_Emissions/Yuyao/raw_data_dir_L89_L2SR_by_gee/tan20250602t192624c08s4001-B_l89_sr_LANDSAT_9_20250603T184917Z.tif,tan20250602t192624c08s4001-B_l89_sr_LANDSAT_9_20250603T184917Z.tif
tan20250602t192624c08s4001-D,/mnt/engg-leung/Research_No9_Methane_Emissions/Yuyao/raw_data_dir_L89_L2SR_by_gee/tan20250602t192624c08s4001-D_l89_sr_LANDSAT_9_20250603T184917Z.tif,tan20250602t192624c08s4001-D_l89_sr_LANDSAT_9_20250603T184917Z.tif
tan20250602t192624c08s4001-E,/mnt/engg-leung/Research_No9_Methane_Emissions/Yuyao/raw_data_dir_L89_L2SR_by_gee/tan20250602t192624c08s4001-E_l89_sr_LANDSAT_9_20250603T184917Z.tif,tan20250602t192624c08s4001-E_l89_sr_LANDSAT_9_20250603T184917Z.tif
tan20250602t192624c08s4001-F,/mnt/engg-leung/Research_No9_Methane_Emissions/Yuyao/raw_data_dir_L89_L2SR_by_gee/tan20250602t192624c08s4001-F_l89_sr_LANDSAT_9_20250603T184917Z.tif,tan20250602t192624c08s4001-F_l89_sr_LANDSAT_9_20250603T184917Z.tif
tan20250604t102352c58s4001-A,/mnt/engg-leung/Research_No9_Methane_Emissions/Yuyao/raw_data_dir_L89_L2SR_by_gee/tan20250604t102352c58s4001-A_l89_sr_LANDSAT_8_20250605T093641Z.tif,tan20250604t102352c58s4001-A_l89_sr_LANDSAT_8_20250605T093641Z.tif
tan20250606t055124c12s4001-A,/mnt/engg-leung/Research_No9_Methane_Emissions/Yuyao/raw_data_dir_L89_L2SR_by_gee/tan20250606t055124c12s4001-A_l89_sr_LANDSAT_9_20250607T051131Z.tif,tan20250606t055124c12s4001-A_l89_sr_LANDSAT_9_20250607T051131Z.tif
tan20250606t055124c12s4001-B,/mnt/engg-leung/Research_No9_Methane_Emissions/Yuyao/raw_data_dir_L89_L2SR_by_gee/tan20250606t055124c12s4001-B_l89_sr_LANDSAT_9_20250607T051131Z.tif,tan20250606t055124c12s4001-B_l89_sr_LANDSAT_9_20250607T051131Z.tif
tan20250606t055124c12s4001-C,/mnt/engg-leung/Research_No9_Methane_Emissions/Yuyao/raw_data_dir_L89_L2SR_by_gee/tan20250606t055124c12s4001-C_l89_sr_LANDSAT_9_20250607T051131Z.tif,tan20250606t055124c12s4001-C_l89_sr_LANDSAT_9_20250607T051131Z.tif
tan20250606t055124c12s4001-O,/mnt/engg-leung/Research_No9_Methane_Emissions/Yuyao/raw_data_dir_L89_L2SR_by_gee/tan20250606t055124c12s4001-O_l89_sr_LANDSAT_9_20250607T051131Z.tif,tan20250606t055124c12s4001-O_l89_sr_LANDSAT_9_20250607T051131Z.tif
tan20250606t072724c60s4001-A,/mnt/engg-leung/Research_No9_Methane_Emissions/Yuyao/raw_data_dir_L89_L2SR_by_gee/tan20250606t072724c60s4001-A_l89_sr_LANDSAT_9_20250607T065247Z.tif,tan20250606t072724c60s4001-A_l89_sr_LANDSAT_9_20250607T065247Z.tif
tan20250606t152948c58s4001-A,/mnt/engg-leung/Research_No9_Methane_Emissions/Yuyao/raw_data_dir_L89_L2SR_by_gee/tan20250606t152948c58s4001-A_l89_sr_LANDSAT_8_20250607T143434Z.tif,tan20250606t152948c58s4001-A_l89_sr_LANDSAT_8_20250607T143434Z.tif
tan20250606t152948c58s4001-B,/mnt/engg-leung/Research_No9_Methane_Emissions/Yuyao/raw_data_dir_L89_L2SR_by_gee/tan20250606t152948c58s4001-B_l89_sr_LANDSAT_8_20250607T143434Z.tif,tan20250606t152948c58s4001-B_l89_sr_LANDSAT_8_20250607T143434Z.tif
tan20250608t105140c59s4001-A,/mnt/engg-leung/Research_No9_Methane_Emissions/Yuyao/raw_data_dir_L89_L2SR_by_gee/tan20250608t105140c59s4001-A_l89_sr_LANDSAT_9_20250609T100237Z.tif,tan20250608t105140c59s4001-A_l89_sr_LANDSAT_9_20250609T100237Z.tif
tan20250608t105140c59s4001-B,/mnt/engg-leung/Research_No9_Methane_Emissions/Yuyao/raw_data_dir_L89_L2SR_by_gee/tan20250608t105140c59s4001-B_l89_sr_LANDSAT_9_20250609T100237Z.tif,tan20250608t105140c59s4001-B_l89_sr_LANDSAT_9_20250609T100237Z.tif
tan20250608t105140c59s4001-C,/mnt/engg-leung/Research_No9_Methane_Emissions/Yuyao/raw_data_dir_L89_L2SR_by_gee/tan20250608t105140c59s4001-C_l89_sr_LANDSAT_9_20250609T100237Z.tif,tan20250608t105140c59s4001-C_l89_sr_LANDSAT_9_20250609T100237Z.tif
tan20250608t105140c59s4001-D,/mnt/engg-leung/Research_No9_Methane_Emissions/Yuyao/raw_data_dir_L89_L2SR_by_gee/tan20250608t105140c59s4001-D_l89_sr_LANDSAT_9_20250609T100237Z.tif,tan20250608t105140c59s4001-D_l89_sr_LANDSAT_9_20250609T100237Z.tif
tan20250608t105140c59s4001-E,/mnt/engg-leung/Research_No9_Methane_Emissions/Yuyao/raw_data_dir_L89_L2SR_by_gee/tan20250608t105140c59s4001-E_l89_sr_LANDSAT_9_20250609T100237Z.tif,tan20250608t105140c59s4001-E_l89_sr_LANDSAT_9_20250609T100237Z.tif
tan20250608t105140c59s4001-G,/mnt/engg-leung/Research_No9_Methane_Emissions/Yuyao/raw_data_dir_L89_L2SR_by_gee/tan20250608t105140c59s4001-G_l89_sr_LANDSAT_9_20250609T100237Z.tif,tan20250608t105140c59s4001-G_l89_sr_LANDSAT_9_20250609T100237Z.tif
tan20250610t032801c58s4001-A,/mnt/engg-leung/Research_No9_Methane_Emissions/Yuyao/raw_data_dir_L89_L2SR_by_gee/tan20250610t032801c58s4001-A_l89_sr_LANDSAT_8_20250611T023520Z.tif,tan20250610t032801c58s4001-A_l89_sr_LANDSAT_8_20250611T023520Z.tif
tan20250610t045217c12s4001-A,/mnt/engg-leung/Research_No9_Methane_Emissions/Yuyao/raw_data_dir_L89_L2SR_by_gee/tan20250610t045217c12s4001-A_l89_sr_LANDSAT_8_20250611T040439Z.tif,tan20250610t045217c12s4001-A_l89_sr_LANDSAT_8_20250611T040439Z.tif
tan20250610t045217c12s4001-B,/mnt/engg-leung/Research_No9_Methane_Emissions/Yuyao/raw_data_dir_L89_L2SR_by_gee/tan20250610t045217c12s4001-B_l89_sr_LANDSAT_8_20250611T040439Z.tif,tan20250610t045217c12s4001-B_l89_sr_LANDSAT_8_20250611T040439Z.tif
tan20250610t045217c12s4001-C,/mnt/engg-leung/Research_No9_Methane_Emissions/Yuyao/raw_data_dir_L89_L2SR_by_gee/tan20250610t045217c12s4001-C_l89_sr_LANDSAT_8_20250611T040439Z.tif,tan20250610t045217c12s4001-C_l89_sr_LANDSAT_8_20250611T040439Z.tif
tan20250610t045217c12s4001-D,/mnt/engg-leung/Research_No9_Methane_Emissions/Yuyao/raw_data_dir_L89_L2SR_by_gee/tan20250610t045217c12s4001-D_l89_sr_LANDSAT_8_20250611T040439Z.tif,tan20250610t045217c12s4001-D_l89_sr_LANDSAT_8_20250611T040439Z.tif
tan20250610t045217c12s4001-E,/mnt/engg-leung/Research_No9_Methane_Emissions/Yuyao/raw_data_dir_L89_L2SR_by_gee/tan20250610t045217c12s4001-E_l89_sr_LANDSAT_8_20250611T040439Z.tif,tan20250610t045217c12s4001-E_l89_sr_LANDSAT_8_20250611T040439Z.tif
tan20250614t191717c51s4001-C,/mnt/engg-leung/Research_No9_Methane_Emissions/Yuyao/raw_data_dir_L89_L2SR_by_gee/tan20250614t191717c51s4001-C_l89_sr_LANDSAT_8_20250615T182734Z.tif,tan20250614t191717c51s4001-C_l89_sr_LANDSAT_8_20250615T182734Z.tif
tan20250614t191717c51s4001-D,/mnt/engg-leung/Research_No9_Methane_Emissions/Yuyao/raw_data_dir_L89_L2SR_by_gee/tan20250614t191717c51s4001-D_l89_sr_LANDSAT_8_20250615T182734Z.tif,tan20250614t191717c51s4001-D_l89_sr_LANDSAT_8_20250615T182734Z.tif
tan20250615t105053c58s4001-A,/mnt/engg-leung/Research_No9_Methane_Emissions/Yuyao/raw_data_dir_L89_L2SR_by_gee/tan20250615t105053c58s4001-A_l89_sr_LANDSAT_9_20250616T100655Z.tif,tan20250615t105053c58s4001-A_l89_sr_LANDSAT_9_20250616T100655Z.tif
tan20250618t085207c36s4001-A,/mnt/engg-leung/Research_No9_Methane_Emissions/Yuyao/raw_data_dir_L89_L2SR_by_gee/tan20250618t085207c36s4001-A_l89_sr_LANDSAT_8_20250619T081046Z.tif,tan20250618t085207c36s4001-A_l89_sr_LANDSAT_8_20250619T081046Z.tif
tan20250618t085207c36s4001-B,/mnt/engg-leung/Research_No9_Methane_Emissions/Yuyao/raw_data_dir_L89_L2SR_by_gee/tan20250618t085207c36s4001-B_l89_sr_LANDSAT_8_20250619T081046Z.tif,tan20250618t085207c36s4001-B_l89_sr_LANDSAT_8_20250619T081046Z.tif
tan20250618t085207c36s4001-D,/mnt/engg-leung/Research_No9_Methane_Emissions/Yuyao/raw_data_dir_L89_L2SR_by_gee/tan20250618t085207c36s4001-D_l89_sr_LANDSAT_8_20250619T081046Z.tif,tan20250618t085207c36s4001-D_l89_sr_LANDSAT_8_20250619T081046Z.tif
tan20250618t085207c36s4001-E,/mnt/engg-leung/Research_No9_Methane_Emissions/Yuyao/raw_data_dir_L89_L2SR_by_gee/tan20250618t085207c36s4001-E_l89_sr_LANDSAT_8_20250619T081046Z.tif,tan20250618t085207c36s4001-E_l89_sr_LANDSAT_8_20250619T081046Z.tif
tan20250618t085207c36s4001-G,/mnt/engg-leung/Research_No9_Methane_Emissions/Yuyao/raw_data_dir_L89_L2SR_by_gee/tan20250618t085207c36s4001-G_l89_sr_LANDSAT_8_20250619T081046Z.tif,tan20250618t085207c36s4001-G_l89_sr_LANDSAT_8_20250619T081046Z.tif
tan20250618t152406c56s4001-A,/mnt/engg-leung/Research_No9_Methane_Emissions/Yuyao/raw_data_dir_L89_L2SR_by_gee/tan20250618t152406c56s4001-A_l89_sr_LANDSAT_9_20250619T141621Z.tif,tan20250618t152406c56s4001-A_l89_sr_LANDSAT_9_20250619T141621Z.tif
tan20250619t081641c58s4001-A,/mnt/engg-leung/Research_No9_Methane_Emissions/Yuyao/raw_data_dir_L89_L2SR_by_gee/tan20250619t081641c58s4001-A_l89_sr_LANDSAT_8_20250620T071933Z.tif,tan20250619t081641c58s4001-A_l89_sr_LANDSAT_8_20250620T071933Z.tif
tan20250620t103432c56s4001-A,/mnt/engg-leung/Research_No9_Methane_Emissions/Yuyao/raw_data_dir_L89_L2SR_by_gee/tan20250620t103432c56s4001-A_l89_sr_LANDSAT_8_20250621T093208Z.tif,tan20250620t103432c56s4001-A_l89_sr_LANDSAT_8_20250621T093208Z.tif
tan20250621t191825c25s4001-D,/mnt/engg-leung/Research_No9_Methane_Emissions/Yuyao/raw_data_dir_L89_L2SR_by_gee/tan20250621t191825c25s4001-D_l89_sr_LANDSAT_8_20250622T183349Z.tif,tan20250621t191825c25s4001-D_l89_sr_LANDSAT_8_20250622T183349Z.tif
tan20250622t074731c58s4001-A,/mnt/engg-leung/Research_No9_Methane_Emissions/Yuyao/raw_data_dir_L89_L2SR_by_gee/tan20250622t074731c58s4001-A_l89_sr_LANDSAT_9_20250623T065747Z.tif,tan20250622t074731c58s4001-A_l89_sr_LANDSAT_9_20250623T065747Z.tif
tan20250622t074731c58s4001-B,/mnt/engg-leung/Research_No9_Methane_Emissions/Yuyao/raw_data_dir_L89_L2SR_by_gee/tan20250622t074731c58s4001-B_l89_sr_LANDSAT_9_20250623T065747Z.tif,tan20250622t074731c58s4001-B_l89_sr_LANDSAT_9_20250623T065747Z.tif
tan20250622t074731c58s4001-C,/mnt/engg-leung/Research_No9_Methane_Emissions/Yuyao/raw_data_dir_L89_L2SR_by_gee/tan20250622t074731c58s4001-C_l89_sr_LANDSAT_9_20250623T065747Z.tif,tan20250622t074731c58s4001-C_l89_sr_LANDSAT_9_20250623T065747Z.tif
tan20250622t074731c58s4001-D,/mnt/engg-leung/Research_No9_Methane_Emissions/Yuyao/raw_data_dir_L89_L2SR_by_gee/tan20250622t074731c58s4001-D_l89_sr_LANDSAT_9_20250623T065747Z.tif,tan20250622t074731c58s4001-D_l89_sr_LANDSAT_9_20250623T065747Z.tif
tan20250622t074731c58s4001-F,/mnt/engg-leung/Research_No9_Methane_Emissions/Yuyao/raw_data_dir_L89_L2SR_by_gee/tan20250622t074731c58s4001-F_l89_sr_LANDSAT_9_20250623T065747Z.tif,tan20250622t074731c58s4001-F_l89_sr_LANDSAT_9_20250623T065747Z.tif
tan20250622t091736c58s4001-A,/mnt/engg-leung/Research_No9_Methane_Emissions/Yuyao/raw_data_dir_L89_L2SR_by_gee/tan20250622t091736c58s4001-A_l89_sr_LANDSAT_9_20250623T083305Z.tif,tan20250622t091736c58s4001-A_l89_sr_LANDSAT_9_20250623T083305Z.tif
tan20250622t092019c56s4001-A,/mnt/engg-leung/Research_No9_Methane_Emissions/Yuyao/raw_data_dir_L89_L2SR_by_gee/tan20250622t092019c56s4001-A_l89_sr_LANDSAT_9_20250623T083553Z.tif,tan20250622t092019c56s4001-A_l89_sr_LANDSAT_9_20250623T083553Z.tif
tan20250622t092019c56s4001-C,/mnt/engg-leung/Research_No9_Methane_Emissions/Yuyao/raw_data_dir_L89_L2SR_by_gee/tan20250622t092019c56s4001-C_l89_sr_LANDSAT_9_20250623T083553Z.tif,tan20250622t092019c56s4001-C_l89_sr_LANDSAT_9_20250623T083553Z.tif
tan20250622t092019c56s4001-D,/mnt/engg-leung/Research_No9_Methane_Emissions/Yuyao/raw_data_dir_L89_L2SR_by_gee/tan20250622t092019c56s4001-D_l89_sr_LANDSAT_9_20250623T083553Z.tif,tan20250622t092019c56s4001-D_l89_sr_LANDSAT_9_20250623T083553Z.tif
tan20250622t092019c56s4001-E,/mnt/engg-leung/Research_No9_Methane_Emissions/Yuyao/raw_data_dir_L89_L2SR_by_gee/tan20250622t092019c56s4001-E_l89_sr_LANDSAT_9_20250623T083553Z.tif,tan20250622t092019c56s4001-E_l89_sr_LANDSAT_9_20250623T083553Z.tif
tan20250622t092019c56s4001-F,/mnt/engg-leung/Research_No9_Methane_Emissions/Yuyao/raw_data_dir_L89_L2SR_by_gee/tan20250622t092019c56s4001-F_l89_sr_LANDSAT_9_20250623T083553Z.tif,tan20250622t092019c56s4001-F_l89_sr_LANDSAT_9_20250623T083553Z.tif
tan20250622t092019c56s4001-G,/mnt/engg-leung/Research_No9_Methane_Emissions/Yuyao/raw_data_dir_L89_L2SR_by_gee/tan20250622t092019c56s4001-G_l89_sr_LANDSAT_9_20250623T083553Z.tif,tan20250622t092019c56s4001-G_l89_sr_LANDSAT_9_20250623T083553Z.tif
tan20250622t092019c56s4001-H,/mnt/engg-leung/Research_No9_Methane_Emissions/Yuyao/raw_data_dir_L89_L2SR_by_gee/tan20250622t092019c56s4001-H_l89_sr_LANDSAT_9_20250623T083553Z.tif,tan20250622t092019c56s4001-H_l89_sr_LANDSAT_9_20250623T083553Z.tif
tan20250622t092019c56s4001-I,/mnt/engg-leung/Research_No9_Methane_Emissions/Yuyao/raw_data_dir_L89_L2SR_by_gee/tan20250622t092019c56s4001-I_l89_sr_LANDSAT_9_20250623T083553Z.tif,tan20250622t092019c56s4001-I_l89_sr_LANDSAT_9_20250623T083553Z.tif
tan20250622t092019c56s4001-J,/mnt/engg-leung/Research_No9_Methane_Emissions/Yuyao/raw_data_dir_L89_L2SR_by_gee/tan20250622t092019c56s4001-J_l89_sr_LANDSAT_9_20250623T083553Z.tif,tan20250622t092019c56s4001-J_l89_sr_LANDSAT_9_20250623T083553Z.tif
tan20250622t170412c08s4001-A,/mnt/engg-leung/Research_No9_Methane_Emissions/Yuyao/raw_data_dir_L89_L2SR_by_gee/tan20250622t170412c08s4001-A_l89_sr_LANDSAT_8_20250623T155807Z.tif,tan20250622t170412c08s4001-A_l89_sr_LANDSAT_8_20250623T155807Z.tif
tan20250622t170412c08s4001-B,/mnt/engg-leung/Research_No9_Methane_Emissions/Yuyao/raw_data_dir_L89_L2SR_by_gee/tan20250622t170412c08s4001-B_l89_sr_LANDSAT_8_20250623T155807Z.tif,tan20250622t170412c08s4001-B_l89_sr_LANDSAT_8_20250623T155807Z.tif
tan20250623t085459c56s4001-C,/mnt/engg-leung/Research_No9_Methane_Emissions/Yuyao/raw_data_dir_L89_L2SR_by_gee/tan20250623t085459c56s4001-C_l89_sr_LANDSAT_9_20250624T075549Z.tif,tan20250623t085459c56s4001-C_l89_sr_LANDSAT_9_20250624T075549Z.tif
tan20250625t054332c42s4001-A,/mnt/engg-leung/Research_No9_Methane_Emissions/Yuyao/raw_data_dir_L89_L2SR_by_gee/tan20250625t054332c42s4001-A_l89_sr_LANDSAT_8_20250626T045539Z.tif,tan20250625t054332c42s4001-A_l89_sr_LANDSAT_8_20250626T045539Z.tif
tan20250625t054332c42s4001-E,/mnt/engg-leung/Research_No9_Methane_Emissions/Yuyao/raw_data_dir_L89_L2SR_by_gee/tan20250625t054332c42s4001-E_l89_sr_LANDSAT_8_20250626T045539Z.tif,tan20250625t054332c42s4001-E_l89_sr_LANDSAT_8_20250626T045539Z.tif
tan20250625t181304c33s4001-A,/mnt/engg-leung/Research_No9_Methane_Emissions/Yuyao/raw_data_dir_L89_L2SR_by_gee/tan20250625t181304c33s4001-A_l89_sr_LANDSAT_9_20250626T172050Z.tif,tan20250625t181304c33s4001-A_l89_sr_LANDSAT_9_20250626T172050Z.tif
tan20250625t181304c33s4001-B,/mnt/engg-leung/Research_No9_Methane_Emissions/Yuyao/raw_data_dir_L89_L2SR_by_gee/tan20250625t181304c33s4001-B_l89_sr_LANDSAT_9_20250626T172050Z.tif,tan20250625t181304c33s4001-B_l89_sr_LANDSAT_9_20250626T172050Z.tif
tan20250625t181304c33s4001-C,/mnt/engg-leung/Research_No9_Methane_Emissions/Yuyao/raw_data_dir_L89_L2SR_by_gee/tan20250625t181304c33s4001-C_l89_sr_LANDSAT_9_20250626T172050Z.tif,tan20250625t181304c33s4001-C_l89_sr_LANDSAT_9_20250626T172050Z.tif
tan20250625t181304c33s4001-D,/mnt/engg-leung/Research_No9_Methane_Emissions/Yuyao/raw_data_dir_L89_L2SR_by_gee/tan20250625t181304c33s4001-D_l89_sr_LANDSAT_9_20250626T172050Z.tif,tan20250625t181304c33s4001-D_l89_sr_LANDSAT_9_20250626T172050Z.tif
tan20250626t094329c36s4001-A,/mnt/engg-leung/Research_No9_Methane_Emissions/Yuyao/raw_data_dir_L89_L2SR_by_gee/tan20250626t094329c36s4001-A_l89_sr_LANDSAT_8_20250627T085642Z.tif,tan20250626t094329c36s4001-A_l89_sr_LANDSAT_8_20250627T085642Z.tif
tan20250626t190414c56s4001-A,/mnt/engg-leung/Research_No9_Methane_Emissions/Yuyao/raw_data_dir_L89_L2SR_by_gee/tan20250626t190414c56s4001-A_l89_sr_LANDSAT_9_20250627T180119Z.tif,tan20250626t190414c56s4001-A_l89_sr_LANDSAT_9_20250627T180119Z.tif
tan20250626t190414c56s4001-B,/mnt/engg-leung/Research_No9_Methane_Emissions/Yuyao/raw_data_dir_L89_L2SR_by_gee/tan20250626t190414c56s4001-B_l89_sr_LANDSAT_9_20250627T180119Z.tif,tan20250626t190414c56s4001-B_l89_sr_LANDSAT_9_20250627T180119Z.tif
tan20250627t090635c56s4001-A,/mnt/engg-leung/Research_No9_Methane_Emissions/Yuyao/raw_data_dir_L89_L2SR_by_gee/tan20250627t090635c56s4001-A_l89_sr_LANDSAT_8_20250628T080416Z.tif,tan20250627t090635c56s4001-A_l89_sr_LANDSAT_8_20250628T080416Z.tif
tan20250629t183924c45s4001-A,/mnt/engg-leung/Research_No9_Methane_Emissions/Yuyao/raw_data_dir_L89_L2SR_by_gee/tan20250629t183924c45s4001-A_l89_sr_LANDSAT_8_20250630T174425Z.tif,tan20250629t183924c45s4001-A_l89_sr_LANDSAT_8_20250630T174425Z.tif
tan20250629t183924c45s4001-B,/mnt/engg-leung/Research_No9_Methane_Emissions/Yuyao/raw_data_dir_L89_L2SR_by_gee/tan20250629t183924c45s4001-B_l89_sr_LANDSAT_8_20250630T174425Z.tif,tan20250629t183924c45s4001-B_l89_sr_LANDSAT_8_20250630T174425Z.tif
tan20250704t090741c57s4001-A,/mnt/engg-leung/Research_No9_Methane_Emissions/Yuyao/raw_data_dir_L89_L2SR_by_gee/tan20250704t090741c57s4001-A_l89_sr_LANDSAT_8_20250705T081028Z.tif,tan20250704t090741c57s4001-A_l89_sr_LANDSAT_8_20250705T081028Z.tif
tan20250704t090741c57s4001-B,/mnt/engg-leung/Research_No9_Methane_Emissions/Yuyao/raw_data_dir_L89_L2SR_by_gee/tan20250704t090741c57s4001-B_l89_sr_LANDSAT_8_20250705T081004Z.tif,tan20250704t090741c57s4001-B_l89_sr_LANDSAT_8_20250705T081004Z.tif
tan20250704t104027c33s4001-B,/mnt/engg-leung/Research_No9_Methane_Emissions/Yuyao/raw_data_dir_L89_L2SR_by_gee/tan20250704t104027c33s4001-B_l89_sr_LANDSAT_8_20250705T094833Z.tif,tan20250704t104027c33s4001-B_l89_sr_LANDSAT_8_20250705T094833Z.tif
tan20250705t034730c87s4001-B,/mnt/engg-leung/Research_No9_Methane_Emissions/Yuyao/raw_data_dir_L89_L2SR_by_gee/tan20250705t034730c87s4001-B_l89_sr_LANDSAT_9_20250706T030647Z.tif,tan20250705t034730c87s4001-B_l89_sr_LANDSAT_9_20250706T030647Z.tif
tan20250705t034730c87s4001-C,/mnt/engg-leung/Research_No9_Methane_Emissions/Yuyao/raw_data_dir_L89_L2SR_by_gee/tan20250705t034730c87s4001-C_l89_sr_LANDSAT_9_20250706T030647Z.tif,tan20250705t034730c87s4001-C_l89_sr_LANDSAT_9_20250706T030647Z.tif
tan20250705t034730c87s4001-D,/mnt/engg-leung/Research_No9_Methane_Emissions/Yuyao/raw_data_dir_L89_L2SR_by_gee/tan20250705t034730c87s4001-D_l89_sr_LANDSAT_9_20250706T030647Z.tif,tan20250705t034730c87s4001-D_l89_sr_LANDSAT_9_20250706T030647Z.tif
tan20250705t034730c87s4001-E,/mnt/engg-leung/Research_No9_Methane_Emissions/Yuyao/raw_data_dir_L89_L2SR_by_gee/tan20250705t034730c87s4001-E_l89_sr_LANDSAT_9_20250706T030647Z.tif,tan20250705t034730c87s4001-E_l89_sr_LANDSAT_9_20250706T030647Z.tif
tan20250705t034730c87s4001-F,/mnt/engg-leung/Research_No9_Methane_Emissions/Yuyao/raw_data_dir_L89_L2SR_by_gee/tan20250705t034730c87s4001-F_l89_sr_LANDSAT_9_20250706T030647Z.tif,tan20250705t034730c87s4001-F_l89_sr_LANDSAT_9_20250706T030647Z.tif
tan20250705t034730c87s4001-G,/mnt/engg-leung/Research_No9_Methane_Emissions/Yuyao/raw_data_dir_L89_L2SR_by_gee/tan20250705t034730c87s4001-G_l89_sr_LANDSAT_9_20250706T030647Z.tif,tan20250705t034730c87s4001-G_l89_sr_LANDSAT_9_20250706T030647Z.tif
tan20250705t034730c87s4001-H,/mnt/engg-leung/Research_No9_Methane_Emissions/Yuyao/raw_data_dir_L89_L2SR_by_gee/tan20250705t034730c87s4001-H_l89_sr_LANDSAT_9_20250706T030647Z.tif,tan20250705t034730c87s4001-H_l89_sr_LANDSAT_9_20250706T030647Z.tif
tan20250705t034730c87s4001-I,/mnt/engg-leung/Research_No9_Methane_Emissions/Yuyao/raw_data_dir_L89_L2SR_by_gee/tan20250705t034730c87s4001-I_l89_sr_LANDSAT_9_20250706T030647Z.tif,tan20250705t034730c87s4001-I_l89_sr_LANDSAT_9_20250706T030647Z.tif
tan20250705t034730c87s4001-J,/mnt/engg-leung/Research_No9_Methane_Emissions/Yuyao/raw_data_dir_L89_L2SR_by_gee/tan20250705t034730c87s4001-J_l89_sr_LANDSAT_9_20250706T030647Z.tif,tan20250705t034730c87s4001-J_l89_sr_LANDSAT_9_20250706T030647Z.tif
tan20250705t034730c87s4001-L,/mnt/engg-leung/Research_No9_Methane_Emissions/Yuyao/raw_data_dir_L89_L2SR_by_gee/tan20250705t034730c87s4001-L_l89_sr_LANDSAT_9_20250706T030647Z.tif,tan20250705t034730c87s4001-L_l89_sr_LANDSAT_9_20250706T030647Z.tif
tan20250705t034730c87s4001-O,/mnt/engg-leung/Research_No9_Methane_Emissions/Yuyao/raw_data_dir_L89_L2SR_by_gee/tan20250705t034730c87s4001-O_l89_sr_LANDSAT_9_20250706T030647Z.tif,tan20250705t034730c87s4001-O_l89_sr_LANDSAT_9_20250706T030647Z.tif
tan20250705t034730c87s4001-P,/mnt/engg-leung/Research_No9_Methane_Emissions/Yuyao/raw_data_dir_L89_L2SR_by_gee/tan20250705t034730c87s4001-P_l89_sr_LANDSAT_9_20250706T030647Z.tif,tan20250705t034730c87s4001-P_l89_sr_LANDSAT_9_20250706T030647Z.tif
tan20250705t034730c87s4001-Q,/mnt/engg-leung/Research_No9_Methane_Emissions/Yuyao/raw_data_dir_L89_L2SR_by_gee/tan20250705t034730c87s4001-Q_l89_sr_LANDSAT_9_20250706T030647Z.tif,tan20250705t034730c87s4001-Q_l89_sr_LANDSAT_9_20250706T030647Z.tif
tan20250705t034730c87s4001-R,/mnt/engg-leung/Research_No9_Methane_Emissions/Yuyao/raw_data_dir_L89_L2SR_by_gee/tan20250705t034730c87s4001-R_l89_sr_LANDSAT_9_20250706T030647Z.tif,tan20250705t034730c87s4001-R_l89_sr_LANDSAT_9_20250706T030647Z.tif
tan20250705t034730c87s4001-S,/mnt/engg-leung/Research_No9_Methane_Emissions/Yuyao/raw_data_dir_L89_L2SR_by_gee/tan20250705t034730c87s4001-S_l89_sr_LANDSAT_9_20250706T030647Z.tif,tan20250705t034730c87s4001-S_l89_sr_LANDSAT_9_20250706T030647Z.tif
tan20250705t034730c87s4001-T,/mnt/engg-leung/Research_No9_Methane_Emissions/Yuyao/raw_data_dir_L89_L2SR_by_gee/tan20250705t034730c87s4001-T_l89_sr_LANDSAT_9_20250706T030647Z.tif,tan20250705t034730c87s4001-T_l89_sr_LANDSAT_9_20250706T030647Z.tif
tan20250705t034730c87s4001-U,/mnt/engg-leung/Research_No9_Methane_Emissions/Yuyao/raw_data_dir_L89_L2SR_by_gee/tan20250705t034730c87s4001-U_l89_sr_LANDSAT_9_20250706T030647Z.tif,tan20250705t034730c87s4001-U_l89_sr_LANDSAT_9_20250706T030647Z.tif
tan20250705t034730c87s4001-V,/mnt/engg-leung/Research_No9_Methane_Emissions/Yuyao/raw_data_dir_L89_L2SR_by_gee/tan20250705t034730c87s4001-V_l89_sr_LANDSAT_9_20250706T030647Z.tif,tan20250705t034730c87s4001-V_l89_sr_LANDSAT_9_20250706T030647Z.tif
tan20250706t170748c33s4001-A,/mnt/engg-leung/Research_No9_Methane_Emissions/Yuyao/raw_data_dir_L89_L2SR_by_gee/tan20250706t170748c33s4001-A_l89_sr_LANDSAT_8_20250707T161207Z.tif,tan20250706t170748c33s4001-A_l89_sr_LANDSAT_8_20250707T161207Z.tif
tan20250706t170748c33s4001-B,/mnt/engg-leung/Research_No9_Methane_Emissions/Yuyao/raw_data_dir_L89_L2SR_by_gee/tan20250706t170748c33s4001-B_l89_sr_LANDSAT_8_20250707T161207Z.tif,tan20250706t170748c33s4001-B_l89_sr_LANDSAT_8_20250707T161207Z.tif
tan20250707t083845c89s4001-A,/mnt/engg-leung/Research_No9_Methane_Emissions/Yuyao/raw_data_dir_L89_L2SR_by_gee/tan20250707t083845c89s4001-A_l89_sr_LANDSAT_9_20250708T074818Z.tif,tan20250707t083845c89s4001-A_l89_sr_LANDSAT_9_20250708T074818Z.tif
tan20250707t193409c21s4001-B,/mnt/engg-leung/Research_No9_Methane_Emissions/Yuyao/raw_data_dir_L89_L2SR_by_gee/tan20250707t193409c21s4001-B_l89_sr_LANDSAT_8_20250708T183352Z.tif,tan20250707t193409c21s4001-B_l89_sr_LANDSAT_8_20250708T183352Z.tif
tan20250711t104127c33s4001-A,/mnt/engg-leung/Research_No9_Methane_Emissions/Yuyao/raw_data_dir_L89_L2SR_by_gee/tan20250711t104127c33s4001-A_l89_sr_LANDSAT_8_20250712T095445Z.tif,tan20250711t104127c33s4001-A_l89_sr_LANDSAT_8_20250712T095445Z.tif
tan20250711t195836c33s4001-B,/mnt/engg-leung/Research_No9_Methane_Emissions/Yuyao/raw_data_dir_L89_L2SR_by_gee/tan20250711t195836c33s4001-B_l89_sr_LANDSAT_9_20250712T185547Z.tif,tan20250711t195836c33s4001-B_l89_sr_LANDSAT_9_20250712T185547Z.tif
tan20250711t195836c33s4001-C,/mnt/engg-leung/Research_No9_Methane_Emissions/Yuyao/raw_data_dir_L89_L2SR_by_gee/tan20250711t195836c33s4001-C_l89_sr_LANDSAT_9_20250712T185547Z.tif,tan20250711t195836c33s4001-C_l89_sr_LANDSAT_9_20250712T185547Z.tif
tan20250712t081841c58s4001-A,/mnt/engg-leung/Research_No9_Methane_Emissions/Yuyao/raw_data_dir_L89_L2SR_by_gee/tan20250712t081841c58s4001-A_l89_sr_LANDSAT_8_20250713T070955Z.tif,tan20250712t081841c58s4001-A_l89_sr_LANDSAT_8_20250713T070955Z.tif
tan20250713t170925c58s4001-A,/mnt/engg-leung/Research_No9_Methane_Emissions/Yuyao/raw_data_dir_L89_L2SR_by_gee/tan20250713t170925c58s4001-A_l89_sr_LANDSAT_8_20250714T161845Z.tif,tan20250713t170925c58s4001-A_l89_sr_LANDSAT_8_20250714T161845Z.tif
tan20250714t070736c46s4001-B,/mnt/engg-leung/Research_No9_Methane_Emissions/Yuyao/raw_data_dir_L89_L2SR_by_gee/tan20250714t070736c46s4001-B_l89_sr_LANDSAT_9_20250715T061714Z.tif,tan20250714t070736c46s4001-B_l89_sr_LANDSAT_9_20250715T061714Z.tif
tan20250714t070736c46s4001-C,/mnt/engg-leung/Research_No9_Methane_Emissions/Yuyao/raw_data_dir_L89_L2SR_by_gee/tan20250714t070736c46s4001-C_l89_sr_LANDSAT_9_20250715T061714Z.tif,tan20250714t070736c46s4001-C_l89_sr_LANDSAT_9_20250715T061714Z.tif
tan20250715t080139c58s4001-A,/mnt/engg-leung/Research_No9_Methane_Emissions/Yuyao/raw_data_dir_L89_L2SR_by_gee/tan20250715t080139c58s4001-A_l89_sr_LANDSAT_9_20250716T070119Z.tif,tan20250715t080139c58s4001-A_l89_sr_LANDSAT_9_20250716T070119Z.tif
tan20250715t080139c58s4001-B,/mnt/engg-leung/Research_No9_Methane_Emissions/Yuyao/raw_data_dir_L89_L2SR_by_gee/tan20250715t080139c58s4001-B_l89_sr_LANDSAT_9_20250716T070119Z.tif,tan20250715t080139c58s4001-B_l89_sr_LANDSAT_9_20250716T070119Z.tif
tan20250715t080139c58s4001-C,/mnt/engg-leung/Research_No9_Methane_Emissions/Yuyao/raw_data_dir_L89_L2SR_by_gee/tan20250715t080139c58s4001-C_l89_sr_LANDSAT_9_20250716T070119Z.tif,tan20250715t080139c58s4001-C_l89_sr_LANDSAT_9_20250716T070119Z.tif
tan20250715t080139c58s4001-D,/mnt/engg-leung/Research_No9_Methane_Emissions/Yuyao/raw_data_dir_L89_L2SR_by_gee/tan20250715t080139c58s4001-D_l89_sr_LANDSAT_9_20250716T070119Z.tif,tan20250715t080139c58s4001-D_l89_sr_LANDSAT_9_20250716T070119Z.tif
tan20250715t080139c58s4001-E,/mnt/engg-leung/Research_No9_Methane_Emissions/Yuyao/raw_data_dir_L89_L2SR_by_gee/tan20250715t080139c58s4001-E_l89_sr_LANDSAT_9_20250716T070119Z.tif,tan20250715t080139c58s4001-E_l89_sr_LANDSAT_9_20250716T070119Z.tif
tan20250715t080139c58s4001-F,/mnt/engg-leung/Research_No9_Methane_Emissions/Yuyao/raw_data_dir_L89_L2SR_by_gee/tan20250715t080139c58s4001-F_l89_sr_LANDSAT_9_20250716T070119Z.tif,tan20250715t080139c58s4001-F_l89_sr_LANDSAT_9_20250716T070119Z.tif
tan20250715t080139c58s4001-G,/mnt/engg-leung/Research_No9_Methane_Emissions/Yuyao/raw_data_dir_L89_L2SR_by_gee/tan20250715t080139c58s4001-G_l89_sr_LANDSAT_9_20250716T070119Z.tif,tan20250715t080139c58s4001-G_l89_sr_LANDSAT_9_20250716T070119Z.tif
tan20250715t080139c58s4001-H,/mnt/engg-leung/Research_No9_Methane_Emissions/Yuyao/raw_data_dir_L89_L2SR_by_gee/tan20250715t080139c58s4001-H_l89_sr_LANDSAT_9_20250716T070119Z.tif,tan20250715t080139c58s4001-H_l89_sr_LANDSAT_9_20250716T070119Z.tif
tan20250715t080139c58s4001-I,/mnt/engg-leung/Research_No9_Methane_Emissions/Yuyao/raw_data_dir_L89_L2SR_by_gee/tan20250715t080139c58s4001-I_l89_sr_LANDSAT_9_20250716T070119Z.tif,tan20250715t080139c58s4001-I_l89_sr_LANDSAT_9_20250716T070119Z.tif
tan20250715t080139c58s4001-J,/mnt/engg-leung/Research_No9_Methane_Emissions/Yuyao/raw_data_dir_L89_L2SR_by_gee/tan20250715t080139c58s4001-J_l89_sr_LANDSAT_9_20250716T070055Z.tif,tan20250715t080139c58s4001-J_l89_sr_LANDSAT_9_20250716T070055Z.tif
tan20250715t080139c58s4001-L,/mnt/engg-leung/Research_No9_Methane_Emissions/Yuyao/raw_data_dir_L89_L2SR_by_gee/tan20250715t080139c58s4001-L_l89_sr_LANDSAT_9_20250716T070119Z.tif,tan20250715t080139c58s4001-L_l89_sr_LANDSAT_9_20250716T070119Z.tif
tan20250715t080139c58s4001-O,/mnt/engg-leung/Research_No9_Methane_Emissions/Yuyao/raw_data_dir_L89_L2SR_by_gee/tan20250715t080139c58s4001-O_l89_sr_LANDSAT_9_20250716T070119Z.tif,tan20250715t080139c58s4001-O_l89_sr_LANDSAT_9_20250716T070119Z.tif
tan20250715t080139c58s4001-P,/mnt/engg-leung/Research_No9_Methane_Emissions/Yuyao/raw_data_dir_L89_L2SR_by_gee/tan20250715t080139c58s4001-P_l89_sr_LANDSAT_9_20250716T070119Z.tif,tan20250715t080139c58s4001-P_l89_sr_LANDSAT_9_20250716T070119Z.tif
tan20250715t080139c58s4001-Q,/mnt/engg-leung/Research_No9_Methane_Emissions/Yuyao/raw_data_dir_L89_L2SR_by_gee/tan20250715t080139c58s4001-Q_l89_sr_LANDSAT_9_20250716T070119Z.tif,tan20250715t080139c58s4001-Q_l89_sr_LANDSAT_9_20250716T070119Z.tif
tan20250715t080139c58s4001-R,/mnt/engg-leung/Research_No9_Methane_Emissions/Yuyao/raw_data_dir_L89_L2SR_by_gee/tan20250715t080139c58s4001-R_l89_sr_LANDSAT_9_20250716T070119Z.tif,tan20250715t080139c58s4001-R_l89_sr_LANDSAT_9_20250716T070119Z.tif
tan20250715t080139c58s4001-S,/mnt/engg-leung/Research_No9_Methane_Emissions/Yuyao/raw_data_dir_L89_L2SR_by_gee/tan20250715t080139c58s4001-S_l89_sr_LANDSAT_9_20250716T070119Z.tif,tan20250715t080139c58s4001-S_l89_sr_LANDSAT_9_20250716T070119Z.tif
tan20250715t080139c58s4001-T,/mnt/engg-leung/Research_No9_Methane_Emissions/Yuyao/raw_data_dir_L89_L2SR_by_gee/tan20250715t080139c58s4001-T_l89_sr_LANDSAT_9_20250716T070119Z.tif,tan20250715t080139c58s4001-T_l89_sr_LANDSAT_9_20250716T070119Z.tif
tan20250715t110939c96s4001-A,/mnt/engg-leung/Research_No9_Methane_Emissions/Yuyao/raw_data_dir_L89_L2SR_by_gee/tan20250715t110939c96s4001-A_l89_sr_LANDSAT_9_20250716T102017Z.tif,tan20250715t110939c96s4001-A_l89_sr_LANDSAT_9_20250716T102017Z.tif
tan20250715t110939c96s4001-B,/mnt/engg-leung/Research_No9_Methane_Emissions/Yuyao/raw_data_dir_L89_L2SR_by_gee/tan20250715t110939c96s4001-B_l89_sr_LANDSAT_9_20250716T102017Z.tif,tan20250715t110939c96s4001-B_l89_sr_LANDSAT_9_20250716T102017Z.tif
tan20250715t110939c96s4001-C,/mnt/engg-leung/Research_No9_Methane_Emissions/Yuyao/raw_data_dir_L89_L2SR_by_gee/tan20250715t110939c96s4001-C_l89_sr_LANDSAT_9_20250716T102017Z.tif,tan20250715t110939c96s4001-C_l89_sr_LANDSAT_9_20250716T102017Z.tif
tan20250715t110939c96s4001-D,/mnt/engg-leung/Research_No9_Methane_Emissions/Yuyao/raw_data_dir_L89_L2SR_by_gee/tan20250715t110939c96s4001-D_l89_sr_LANDSAT_9_20250716T102017Z.tif,tan20250715t110939c96s4001-D_l89_sr_LANDSAT_9_20250716T102017Z.tif
tan20250715t110939c96s4001-E,/mnt/engg-leung/Research_No9_Methane_Emissions/Yuyao/raw_data_dir_L89_L2SR_by_gee/tan20250715t110939c96s4001-E_l89_sr_LANDSAT_9_20250716T102017Z.tif,tan20250715t110939c96s4001-E_l89_sr_LANDSAT_9_20250716T102017Z.tif
tan20250715t110939c96s4001-G,/mnt/engg-leung/Research_No9_Methane_Emissions/Yuyao/raw_data_dir_L89_L2SR_by_gee/tan20250715t110939c96s4001-G_l89_sr_LANDSAT_9_20250716T102017Z.tif,tan20250715t110939c96s4001-G_l89_sr_LANDSAT_9_20250716T102017Z.tif
tan20250715t110939c96s4001-I,/mnt/engg-leung/Research_No9_Methane_Emissions/Yuyao/raw_data_dir_L89_L2SR_by_gee/tan20250715t110939c96s4001-I_l89_sr_LANDSAT_9_20250716T102017Z.tif,tan20250715t110939c96s4001-I_l89_sr_LANDSAT_9_20250716T102017Z.tif
tan20250715t110939c96s4001-J,/mnt/engg-leung/Research_No9_Methane_Emissions/Yuyao/raw_data_dir_L89_L2SR_by_gee/tan20250715t110939c96s4001-J_l89_sr_LANDSAT_9_20250716T102017Z.tif,tan20250715t110939c96s4001-J_l89_sr_LANDSAT_9_20250716T102017Z.tif
tan20250715t110939c96s4001-K,/mnt/engg-leung/Research_No9_Methane_Emissions/Yuyao/raw_data_dir_L89_L2SR_by_gee/tan20250715t110939c96s4001-K_l89_sr_LANDSAT_9_20250716T102017Z.tif,tan20250715t110939c96s4001-K_l89_sr_LANDSAT_9_20250716T102017Z.tif
tan20250715t110939c96s4001-L,/mnt/engg-leung/Research_No9_Methane_Emissions/Yuyao/raw_data_dir_L89_L2SR_by_gee/tan20250715t110939c96s4001-L_l89_sr_LANDSAT_9_20250716T102017Z.tif,tan20250715t110939c96s4001-L_l89_sr_LANDSAT_9_20250716T102017Z.tif
tan20250715t110939c96s4001-M,/mnt/engg-leung/Research_No9_Methane_Emissions/Yuyao/raw_data_dir_L89_L2SR_by_gee/tan20250715t110939c96s4001-M_l89_sr_LANDSAT_9_20250716T102017Z.tif,tan20250715t110939c96s4001-M_l89_sr_LANDSAT_9_20250716T102017Z.tif
tan20250718t055952c52s4001-A,/mnt/engg-leung/Research_No9_Methane_Emissions/Yuyao/raw_data_dir_L89_L2SR_by_gee/tan20250718t055952c52s4001-A_l89_sr_LANDSAT_8_20250719T050134Z.tif,tan20250718t055952c52s4001-A_l89_sr_LANDSAT_8_20250719T050134Z.tif
tan20250718t055952c52s4001-B,/mnt/engg-leung/Research_No9_Methane_Emissions/Yuyao/raw_data_dir_L89_L2SR_by_gee/tan20250718t055952c52s4001-B_l89_sr_LANDSAT_8_20250719T050134Z.tif,tan20250718t055952c52s4001-B_l89_sr_LANDSAT_8_20250719T050134Z.tif
tan20250719t113512c33s4001-A,/mnt/engg-leung/Research_No9_Methane_Emissions/Yuyao/raw_data_dir_L89_L2SR_by_gee/tan20250719t113512c33s4001-A_l89_sr_LANDSAT_8_20250720T104328Z.tif,tan20250719t113512c33s4001-A_l89_sr_LANDSAT_8_20250720T104328Z.tif
tan20250720t171016c58s4001-A,/mnt/engg-leung/Research_No9_Methane_Emissions/Yuyao/raw_data_dir_L89_L2SR_by_gee/tan20250720t171016c58s4001-A_l89_sr_LANDSAT_8_20250721T162459Z.tif,tan20250720t171016c58s4001-A_l89_sr_LANDSAT_8_20250721T162459Z.tif
tan20250720t171016c58s4001-B,/mnt/engg-leung/Research_No9_Methane_Emissions/Yuyao/raw_data_dir_L89_L2SR_by_gee/tan20250720t171016c58s4001-B_l89_sr_LANDSAT_8_20250721T162459Z.tif,tan20250720t171016c58s4001-B_l89_sr_LANDSAT_8_20250721T162459Z.tif
tan20250720t171016c58s4001-D,/mnt/engg-leung/Research_No9_Methane_Emissions/Yuyao/raw_data_dir_L89_L2SR_by_gee/tan20250720t171016c58s4001-D_l89_sr_LANDSAT_8_20250721T162459Z.tif,tan20250720t171016c58s4001-D_l89_sr_LANDSAT_8_20250721T162459Z.tif
tan20250721t070839c68s4001-A,/mnt/engg-leung/Research_No9_Methane_Emissions/Yuyao/raw_data_dir_L89_L2SR_by_gee/tan20250721t070839c68s4001-A_l89_sr_LANDSAT_9_20250722T062353Z.tif,tan20250721t070839c68s4001-A_l89_sr_LANDSAT_9_20250722T062353Z.tif
tan20250721t070839c68s4001-B,/mnt/engg-leung/Research_No9_Methane_Emissions/Yuyao/raw_data_dir_L89_L2SR_by_gee/tan20250721t070839c68s4001-B_l89_sr_LANDSAT_9_20250722T062353Z.tif,tan20250721t070839c68s4001-B_l89_sr_LANDSAT_9_20250722T062353Z.tif
tan20250721t070839c68s4001-C,/mnt/engg-leung/Research_No9_Methane_Emissions/Yuyao/raw_data_dir_L89_L2SR_by_gee/tan20250721t070839c68s4001-C_l89_sr_LANDSAT_9_20250722T062353Z.tif,tan20250721t070839c68s4001-C_l89_sr_LANDSAT_9_20250722T062353Z.tif
tan20250721t070839c68s4001-D,/mnt/engg-leung/Research_No9_Methane_Emissions/Yuyao/raw_data_dir_L89_L2SR_by_gee/tan20250721t070839c68s4001-D_l89_sr_LANDSAT_9_20250722T062353Z.tif,tan20250721t070839c68s4001-D_l89_sr_LANDSAT_9_20250722T062353Z.tif
tan20250721t070839c68s4001-E,/mnt/engg-leung/Research_No9_Methane_Emissions/Yuyao/raw_data_dir_L89_L2SR_by_gee/tan20250721t070839c68s4001-E_l89_sr_LANDSAT_9_20250722T062353Z.tif,tan20250721t070839c68s4001-E_l89_sr_LANDSAT_9_20250722T062353Z.tif
tan20250721t070839c68s4001-G,/mnt/engg-leung/Research_No9_Methane_Emissions/Yuyao/raw_data_dir_L89_L2SR_by_gee/tan20250721t070839c68s4001-G_l89_sr_LANDSAT_9_20250722T062353Z.tif,tan20250721t070839c68s4001-G_l89_sr_LANDSAT_9_20250722T062353Z.tif
tan20250721t070839c68s4001-H,/mnt/engg-leung/Research_No9_Methane_Emissions/Yuyao/raw_data_dir_L89_L2SR_by_gee/tan20250721t070839c68s4001-H_l89_sr_LANDSAT_9_20250722T062353Z.tif,tan20250721t070839c68s4001-H_l89_sr_LANDSAT_9_20250722T062353Z.tif
tan20250721t151730c71s4001-A,/mnt/engg-leung/Research_No9_Methane_Emissions/Yuyao/raw_data_dir_L89_L2SR_by_gee/tan20250721t151730c71s4001-A_l89_sr_LANDSAT_8_20250722T141225Z.tif,tan20250721t151730c71s4001-A_l89_sr_LANDSAT_8_20250722T141225Z.tif
tan20250723t085612c40s4001-A,/mnt/engg-leung/Research_No9_Methane_Emissions/Yuyao/raw_data_dir_L89_L2SR_by_gee/tan20250723t085612c40s4001-A_l89_sr_LANDSAT_9_20250724T075137Z.tif,tan20250723t085612c40s4001-A_l89_sr_LANDSAT_9_20250724T075137Z.tif
tan20250723t085612c40s4001-B,/mnt/engg-leung/Research_No9_Methane_Emissions/Yuyao/raw_data_dir_L89_L2SR_by_gee/tan20250723t085612c40s4001-B_l89_sr_LANDSAT_9_20250724T075137Z.tif,tan20250723t085612c40s4001-B_l89_sr_LANDSAT_9_20250724T075137Z.tif
tan20250723t085612c40s4001-C,/mnt/engg-leung/Research_No9_Methane_Emissions/Yuyao/raw_data_dir_L89_L2SR_by_gee/tan20250723t085612c40s4001-C_l89_sr_LANDSAT_9_20250724T075137Z.tif,tan20250723t085612c40s4001-C_l89_sr_LANDSAT_9_20250724T075137Z.tif
tan20250723t085612c40s4001-D,/mnt/engg-leung/Research_No9_Methane_Emissions/Yuyao/raw_data_dir_L89_L2SR_by_gee/tan20250723t085612c40s4001-D_l89_sr_LANDSAT_9_20250724T075137Z.tif,tan20250723t085612c40s4001-D_l89_sr_LANDSAT_9_20250724T075137Z.tif
tan20250723t085612c40s4001-E,/mnt/engg-leung/Research_No9_Methane_Emissions/Yuyao/raw_data_dir_L89_L2SR_by_gee/tan20250723t085612c40s4001-E_l89_sr_LANDSAT_9_20250724T075137Z.tif,tan20250723t085612c40s4001-E_l89_sr_LANDSAT_9_20250724T075137Z.tif
tan20250723t085612c40s4001-G,/mnt/engg-leung/Research_No9_Methane_Emissions/Yuyao/raw_data_dir_L89_L2SR_by_gee/tan20250723t085612c40s4001-G_l89_sr_LANDSAT_9_20250724T075137Z.tif,tan20250723t085612c40s4001-G_l89_sr_LANDSAT_9_20250724T075137Z.tif
tan20250723t085612c40s4001-H,/mnt/engg-leung/Research_No9_Methane_Emissions/Yuyao/raw_data_dir_L89_L2SR_by_gee/tan20250723t085612c40s4001-H_l89_sr_LANDSAT_9_20250724T075113Z.tif,tan20250723t085612c40s4001-H_l89_sr_LANDSAT_9_20250724T075113Z.tif
tan20250723t085612c40s4001-I,/mnt/engg-leung/Research_No9_Methane_Emissions/Yuyao/raw_data_dir_L89_L2SR_by_gee/tan20250723t085612c40s4001-I_l89_sr_LANDSAT_9_20250724T075113Z.tif,tan20250723t085612c40s4001-I_l89_sr_LANDSAT_9_20250724T075113Z.tif
tan20250723t085612c40s4001-J,/mnt/engg-leung/Research_No9_Methane_Emissions/Yuyao/raw_data_dir_L89_L2SR_by_gee/tan20250723t085612c40s4001-J_l89_sr_LANDSAT_9_20250724T075113Z.tif,tan20250723t085612c40s4001-J_l89_sr_LANDSAT_9_20250724T075113Z.tif
tan20250723t085612c40s4001-K,/mnt/engg-leung/Research_No9_Methane_Emissions/Yuyao/raw_data_dir_L89_L2SR_by_gee/tan20250723t085612c40s4001-K_l89_sr_LANDSAT_9_20250724T075113Z.tif,tan20250723t085612c40s4001-K_l89_sr_LANDSAT_9_20250724T075113Z.tif
tan20250725t055844c55s4001-A,/mnt/engg-leung/Research_No9_Methane_Emissions/Yuyao/raw_data_dir_L89_L2SR_by_gee/tan20250725t055844c55s4001-A_l89_sr_LANDSAT_8_20250726T050523Z.tif,tan20250725t055844c55s4001-A_l89_sr_LANDSAT_8_20250726T050523Z.tif
tan20250725t055844c55s4001-B,/mnt/engg-leung/Research_No9_Methane_Emissions/Yuyao/raw_data_dir_L89_L2SR_by_gee/tan20250725t055844c55s4001-B_l89_sr_LANDSAT_8_20250726T050523Z.tif,tan20250725t055844c55s4001-B_l89_sr_LANDSAT_8_20250726T050523Z.tif
tan20250725t055844c55s4001-C,/mnt/engg-leung/Research_No9_Methane_Emissions/Yuyao/raw_data_dir_L89_L2SR_by_gee/tan20250725t055844c55s4001-C_l89_sr_LANDSAT_8_20250726T050523Z.tif,tan20250725t055844c55s4001-C_l89_sr_LANDSAT_8_20250726T050523Z.tif
tan20250725t055844c55s4001-D,/mnt/engg-leung/Research_No9_Methane_Emissions/Yuyao/raw_data_dir_L89_L2SR_by_gee/tan20250725t055844c55s4001-D_l89_sr_LANDSAT_8_20250726T050523Z.tif,tan20250725t055844c55s4001-D_l89_sr_LANDSAT_8_20250726T050523Z.tif
tan20250725t055844c55s4001-E,/mnt/engg-leung/Research_No9_Methane_Emissions/Yuyao/raw_data_dir_L89_L2SR_by_gee/tan20250725t055844c55s4001-E_l89_sr_LANDSAT_8_20250726T050523Z.tif,tan20250725t055844c55s4001-E_l89_sr_LANDSAT_8_20250726T050523Z.tif
tan20250725t055844c55s4001-F,/mnt/engg-leung/Research_No9_Methane_Emissions/Yuyao/raw_data_dir_L89_L2SR_by_gee/tan20250725t055844c55s4001-F_l89_sr_LANDSAT_8_20250726T050523Z.tif,tan20250725t055844c55s4001-F_l89_sr_LANDSAT_8_20250726T050523Z.tif
tan20250725t055844c55s4001-H,/mnt/engg-leung/Research_No9_Methane_Emissions/Yuyao/raw_data_dir_L89_L2SR_by_gee/tan20250725t055844c55s4001-H_l89_sr_LANDSAT_8_20250726T050523Z.tif,tan20250725t055844c55s4001-H_l89_sr_LANDSAT_8_20250726T050523Z.tif
tan20250725t055844c55s4001-I,/mnt/engg-leung/Research_No9_Methane_Emissions/Yuyao/raw_data_dir_L89_L2SR_by_gee/tan20250725t055844c55s4001-I_l89_sr_LANDSAT_8_20250726T050523Z.tif,tan20250725t055844c55s4001-I_l89_sr_LANDSAT_8_20250726T050523Z.tif
tan20250725t055844c55s4001-K,/mnt/engg-leung/Research_No9_Methane_Emissions/Yuyao/raw_data_dir_L89_L2SR_by_gee/tan20250725t055844c55s4001-K_l89_sr_LANDSAT_8_20250726T050523Z.tif,tan20250725t055844c55s4001-K_l89_sr_LANDSAT_8_20250726T050523Z.tif
tan20250725t055844c55s4001-L,/mnt/engg-leung/Research_No9_Methane_Emissions/Yuyao/raw_data_dir_L89_L2SR_by_gee/tan20250725t055844c55s4001-L_l89_sr_LANDSAT_8_20250726T050523Z.tif,tan20250725t055844c55s4001-L_l89_sr_LANDSAT_8_20250726T050523Z.tif
tan20250725t165827c33s4001-A,/mnt/engg-leung/Research_No9_Methane_Emissions/Yuyao/raw_data_dir_L89_L2SR_by_gee/tan20250725t165827c33s4001-A_l89_sr_LANDSAT_9_20250726T155517Z.tif,tan20250725t165827c33s4001-A_l89_sr_LANDSAT_9_20250726T155517Z.tif
tan20250725t183110c58s4001-A,/mnt/engg-leung/Research_No9_Methane_Emissions/Yuyao/raw_data_dir_L89_L2SR_by_gee/tan20250725t183110c58s4001-A_l89_sr_LANDSAT_9_20250726T173258Z.tif,tan20250725t183110c58s4001-A_l89_sr_LANDSAT_9_20250726T173258Z.tif
tan20250725t183110c58s4001-B,/mnt/engg-leung/Research_No9_Methane_Emissions/Yuyao/raw_data_dir_L89_L2SR_by_gee/tan20250725t183110c58s4001-B_l89_sr_LANDSAT_9_20250726T173258Z.tif,tan20250725t183110c58s4001-B_l89_sr_LANDSAT_9_20250726T173258Z.tif
tan20250725t183110c58s4001-C,/mnt/engg-leung/Research_No9_Methane_Emissions/Yuyao/raw_data_dir_L89_L2SR_by_gee/tan20250725t183110c58s4001-C_l89_sr_LANDSAT_9_20250726T173258Z.tif,tan20250725t183110c58s4001-C_l89_sr_LANDSAT_9_20250726T173258Z.tif
tan20250725t183110c58s4001-D,/mnt/engg-leung/Research_No9_Methane_Emissions/Yuyao/raw_data_dir_L89_L2SR_by_gee/tan20250725t183110c58s4001-D_l89_sr_LANDSAT_9_20250726T173258Z.tif,tan20250725t183110c58s4001-D_l89_sr_LANDSAT_9_20250726T173258Z.tif
tan20250725t183110c58s4001-E,/mnt/engg-leung/Research_No9_Methane_Emissions/Yuyao/raw_data_dir_L89_L2SR_by_gee/tan20250725t183110c58s4001-E_l89_sr_LANDSAT_9_20250726T173258Z.tif,tan20250725t183110c58s4001-E_l89_sr_LANDSAT_9_20250726T173258Z.tif
tan20250725t183110c58s4001-F,/mnt/engg-leung/Research_No9_Methane_Emissions/Yuyao/raw_data_dir_L89_L2SR_by_gee/tan20250725t183110c58s4001-F_l89_sr_LANDSAT_9_20250726T173258Z.tif,tan20250725t183110c58s4001-F_l89_sr_LANDSAT_9_20250726T173258Z.tif
tan20250725t183110c58s4001-G,/mnt/engg-leung/Research_No9_Methane_Emissions/Yuyao/raw_data_dir_L89_L2SR_by_gee/tan20250725t183110c58s4001-G_l89_sr_LANDSAT_9_20250726T173258Z.tif,tan20250725t183110c58s4001-G_l89_sr_LANDSAT_9_20250726T173258Z.tif
tan20250725t183110c58s4001-H,/mnt/engg-leung/Research_No9_Methane_Emissions/Yuyao/raw_data_dir_L89_L2SR_by_gee/tan20250725t183110c58s4001-H_l89_sr_LANDSAT_9_20250726T173258Z.tif,tan20250725t183110c58s4001-H_l89_sr_LANDSAT_9_20250726T173258Z.tif
tan20250727t105623c33s4001-A,/mnt/engg-leung/Research_No9_Methane_Emissions/Yuyao/raw_data_dir_L89_L2SR_by_gee/tan20250727t105623c33s4001-A_l89_sr_LANDSAT_8_20250728T095427Z.tif,tan20250727t105623c33s4001-A_l89_sr_LANDSAT_8_20250728T095427Z.tif
tan20250729t080117c58s4001-A,/mnt/engg-leung/Research_No9_Methane_Emissions/Yuyao/raw_data_dir_L89_L2SR_by_gee/tan20250729t080117c58s4001-A_l89_sr_LANDSAT_9_20250730T071122Z.tif,tan20250729t080117c58s4001-A_l89_sr_LANDSAT_9_20250730T071122Z.tif
tan20250729t080447c56s4001-A,/mnt/engg-leung/Research_No9_Methane_Emissions/Yuyao/raw_data_dir_L89_L2SR_by_gee/tan20250729t080447c56s4001-A_l89_sr_LANDSAT_9_20250730T071521Z.tif,tan20250729t080447c56s4001-A_l89_sr_LANDSAT_9_20250730T071521Z.tif
tan20250730t102929c58s4001-A,/mnt/engg-leung/Research_No9_Methane_Emissions/Yuyao/raw_data_dir_L89_L2SR_by_gee/tan20250730t102929c58s4001-A_l89_sr_LANDSAT_9_20250731T093506Z.tif,tan20250730t102929c58s4001-A_l89_sr_LANDSAT_9_20250731T093506Z.tif
tan20250730t103138c58s4001-A,/mnt/engg-leung/Research_No9_Methane_Emissions/Yuyao/raw_data_dir_L89_L2SR_by_gee/tan20250730t103138c58s4001-A_l89_sr_LANDSAT_9_20250731T093706Z.tif,tan20250730t103138c58s4001-A_l89_sr_LANDSAT_9_20250731T093706Z.tif
tan20250730t103138c58s4001-B,/mnt/engg-leung/Research_No9_Methane_Emissions/Yuyao/raw_data_dir_L89_L2SR_by_gee/tan20250730t103138c58s4001-B_l89_sr_LANDSAT_9_20250731T093706Z.tif,tan20250730t103138c58s4001-B_l89_sr_LANDSAT_9_20250731T093706Z.tif
tan20250804t150759c33s4001-C,/mnt/engg-leung/Research_No9_Methane_Emissions/Yuyao/raw_data_dir_L89_L2SR_by_gee/tan20250804t150759c33s4001-C_l89_sr_LANDSAT_8_20250805T141254Z.tif,tan20250804t150759c33s4001-C_l89_sr_LANDSAT_8_20250805T141254Z.tif
tan20250805t033610c58s4001-A,/mnt/engg-leung/Research_No9_Methane_Emissions/Yuyao/raw_data_dir_L89_L2SR_by_gee/tan20250805t033610c58s4001-A_l89_sr_LANDSAT_9_20250806T023544Z.tif,tan20250805t033610c58s4001-A_l89_sr_LANDSAT_9_20250806T023544Z.tif
tan20250805t080647c58s4001-C,/mnt/engg-leung/Research_No9_Methane_Emissions/Yuyao/raw_data_dir_L89_L2SR_by_gee/tan20250805t080647c58s4001-C_l89_sr_LANDSAT_9_20250806T072225Z.tif,tan20250805t080647c58s4001-C_l89_sr_LANDSAT_9_20250806T072225Z.tif
tan20250806t072424c58s4001-B,/mnt/engg-leung/Research_No9_Methane_Emissions/Yuyao/raw_data_dir_L89_L2SR_by_gee/tan20250806t072424c58s4001-B_l89_sr_LANDSAT_9_20250807T062402Z.tif,tan20250806t072424c58s4001-B_l89_sr_LANDSAT_9_20250807T062402Z.tif
tan20250806t072424c58s4001-D,/mnt/engg-leung/Research_No9_Methane_Emissions/Yuyao/raw_data_dir_L89_L2SR_by_gee/tan20250806t072424c58s4001-D_l89_sr_LANDSAT_9_20250807T062402Z.tif,tan20250806t072424c58s4001-D_l89_sr_LANDSAT_9_20250807T062402Z.tif
tan20250806t072424c58s4001-E,/mnt/engg-leung/Research_No9_Methane_Emissions/Yuyao/raw_data_dir_L89_L2SR_by_gee/tan20250806t072424c58s4001-E_l89_sr_LANDSAT_9_20250807T062402Z.tif,tan20250806t072424c58s4001-E_l89_sr_LANDSAT_9_20250807T062402Z.tif
tan20250808t165744c56s4001-A,/mnt/engg-leung/Research_No9_Methane_Emissions/Yuyao/raw_data_dir_L89_L2SR_by_gee/tan20250808t165744c56s4001-A_l89_sr_LANDSAT_9_20250809T160436Z.tif,tan20250808t165744c56s4001-A_l89_sr_LANDSAT_9_20250809T160436Z.tif
tan20250808t165744c56s4001-B,/mnt/engg-leung/Research_No9_Methane_Emissions/Yuyao/raw_data_dir_L89_L2SR_by_gee/tan20250808t165744c56s4001-B_l89_sr_LANDSAT_9_20250809T160436Z.tif,tan20250808t165744c56s4001-B_l89_sr_LANDSAT_9_20250809T160436Z.tif
tan20250808t165744c56s4001-C,/mnt/engg-leung/Research_No9_Methane_Emissions/Yuyao/raw_data_dir_L89_L2SR_by_gee/tan20250808t165744c56s4001-C_l89_sr_LANDSAT_9_20250809T160436Z.tif,tan20250808t165744c56s4001-C_l89_sr_LANDSAT_9_20250809T160436Z.tif
tan20250808t165744c56s4001-D,/mnt/engg-leung/Research_No9_Methane_Emissions/Yuyao/raw_data_dir_L89_L2SR_by_gee/tan20250808t165744c56s4001-D_l89_sr_LANDSAT_9_20250809T160436Z.tif,tan20250808t165744c56s4001-D_l89_sr_LANDSAT_9_20250809T160436Z.tif
tan20250808t165744c56s4001-E,/mnt/engg-leung/Research_No9_Methane_Emissions/Yuyao/raw_data_dir_L89_L2SR_by_gee/tan20250808t165744c56s4001-E_l89_sr_LANDSAT_9_20250809T160436Z.tif,tan20250808t165744c56s4001-E_l89_sr_LANDSAT_9_20250809T160436Z.tif
tan20250808t165744c56s4001-F,/mnt/engg-leung/Research_No9_Methane_Emissions/Yuyao/raw_data_dir_L89_L2SR_by_gee/tan20250808t165744c56s4001-F_l89_sr_LANDSAT_9_20250809T160436Z.tif,tan20250808t165744c56s4001-F_l89_sr_LANDSAT_9_20250809T160436Z.tif
tan20250808t165744c56s4001-G,/mnt/engg-leung/Research_No9_Methane_Emissions/Yuyao/raw_data_dir_L89_L2SR_by_gee/tan20250808t165744c56s4001-G_l89_sr_LANDSAT_9_20250809T160436Z.tif,tan20250808t165744c56s4001-G_l89_sr_LANDSAT_9_20250809T160436Z.tif
tan20250809t192519c71s4001-A,/mnt/engg-leung/Research_No9_Methane_Emissions/Yuyao/raw_data_dir_L89_L2SR_by_gee/tan20250809t192519c71s4001-A_l89_sr_LANDSAT_9_20250810T182758Z.tif,tan20250809t192519c71s4001-A_l89_sr_LANDSAT_9_20250810T182758Z.tif
tan20250810t075114c88s4001-A,/mnt/engg-leung/Research_No9_Methane_Emissions/Yuyao/raw_data_dir_L89_L2SR_by_gee/tan20250810t075114c88s4001-A_l89_sr_LANDSAT_8_20250811T064847Z.tif,tan20250810t075114c88s4001-A_l89_sr_LANDSAT_8_20250811T064847Z.tif
tan20250810t075114c88s4001-B,/mnt/engg-leung/Research_No9_Methane_Emissions/Yuyao/raw_data_dir_L89_L2SR_by_gee/tan20250810t075114c88s4001-B_l89_sr_LANDSAT_8_20250811T064847Z.tif,tan20250810t075114c88s4001-B_l89_sr_LANDSAT_8_20250811T064847Z.tif
tan20250810t075114c88s4001-C,/mnt/engg-leung/Research_No9_Methane_Emissions/Yuyao/raw_data_dir_L89_L2SR_by_gee/tan20250810t075114c88s4001-C_l89_sr_LANDSAT_8_20250811T064847Z.tif,tan20250810t075114c88s4001-C_l89_sr_LANDSAT_8_20250811T064847Z.tif
tan20250810t075114c88s4001-D,/mnt/engg-leung/Research_No9_Methane_Emissions/Yuyao/raw_data_dir_L89_L2SR_by_gee/tan20250810t075114c88s4001-D_l89_sr_LANDSAT_8_20250811T064847Z.tif,tan20250810t075114c88s4001-D_l89_sr_LANDSAT_8_20250811T064847Z.tif
tan20250810t075114c88s4001-E,/mnt/engg-leung/Research_No9_Methane_Emissions/Yuyao/raw_data_dir_L89_L2SR_by_gee/tan20250810t075114c88s4001-E_l89_sr_LANDSAT_8_20250811T064847Z.tif,tan20250810t075114c88s4001-E_l89_sr_LANDSAT_8_20250811T064847Z.tif
tan20250810t075114c88s4001-F,/mnt/engg-leung/Research_No9_Methane_Emissions/Yuyao/raw_data_dir_L89_L2SR_by_gee/tan20250810t075114c88s4001-F_l89_sr_LANDSAT_8_20250811T064847Z.tif,tan20250810t075114c88s4001-F_l89_sr_LANDSAT_8_20250811T064847Z.tif
tan20250811t115151c98s4001-A,/mnt/engg-leung/Research_No9_Methane_Emissions/Yuyao/raw_data_dir_L89_L2SR_by_gee/tan20250811t115151c98s4001-A_l89_sr_LANDSAT_8_20250812T105037Z.tif,tan20250811t115151c98s4001-A_l89_sr_LANDSAT_8_20250812T105037Z.tif
tan20250814t081013c92s4001-A,/mnt/engg-leung/Research_No9_Methane_Emissions/Yuyao/raw_data_dir_L89_L2SR_by_gee/tan20250814t081013c92s4001-A_l89_sr_LANDSAT_9_20250815T070424Z.tif,tan20250814t081013c92s4001-A_l89_sr_LANDSAT_9_20250815T070424Z.tif
tan20250814t095205c00s4001-A,/mnt/engg-leung/Research_No9_Methane_Emissions/Yuyao/raw_data_dir_L89_L2SR_by_gee/tan20250814t095205c00s4001-A_l89_sr_LANDSAT_9_20250815T085227Z.tif,tan20250814t095205c00s4001-A_l89_sr_LANDSAT_9_20250815T085227Z.tif
tan20250814t095205c00s4001-B,/mnt/engg-leung/Research_No9_Methane_Emissions/Yuyao/raw_data_dir_L89_L2SR_by_gee/tan20250814t095205c00s4001-B_l89_sr_LANDSAT_9_20250815T085227Z.tif,tan20250814t095205c00s4001-B_l89_sr_LANDSAT_9_20250815T085227Z.tif
tan20250816t175805c89s4001-A,/mnt/engg-leung/Research_No9_Methane_Emissions/Yuyao/raw_data_dir_L89_L2SR_by_gee/tan20250816t175805c89s4001-A_l89_sr_LANDSAT_9_20250817T170030Z.tif,tan20250816t175805c89s4001-A_l89_sr_LANDSAT_9_20250817T170030Z.tif
tan20250820t152927c17s4001-A,/mnt/engg-leung/Research_No9_Methane_Emissions/Yuyao/raw_data_dir_L89_L2SR_by_gee/tan20250820t152927c17s4001-A_l89_sr_LANDSAT_8_20250821T141858Z.tif,tan20250820t152927c17s4001-A_l89_sr_LANDSAT_8_20250821T141858Z.tif
tan20250821t112530c67s4001-A,/mnt/engg-leung/Research_No9_Methane_Emissions/Yuyao/raw_data_dir_L89_L2SR_by_gee/tan20250821t112530c67s4001-A_l89_sr_LANDSAT_9_20250822T103645Z.tif,tan20250821t112530c67s4001-A_l89_sr_LANDSAT_9_20250822T103645Z.tif
tan20250821t112530c67s4001-B,/mnt/engg-leung/Research_No9_Methane_Emissions/Yuyao/raw_data_dir_L89_L2SR_by_gee/tan20250821t112530c67s4001-B_l89_sr_LANDSAT_9_20250822T103645Z.tif,tan20250821t112530c67s4001-B_l89_sr_LANDSAT_9_20250822T103645Z.tif
tan20250821t112719c45s4001-B,/mnt/engg-leung/Research_No9_Methane_Emissions/Yuyao/raw_data_dir_L89_L2SR_by_gee/tan20250821t112719c45s4001-B_l89_sr_LANDSAT_9_20250822T103820Z.tif,tan20250821t112719c45s4001-B_l89_sr_LANDSAT_9_20250822T103820Z.tif
tan20250824t075327c46s4001-A,/mnt/engg-leung/Research_No9_Methane_Emissions/Yuyao/raw_data_dir_L89_L2SR_by_gee/tan20250824t075327c46s4001-A_l89_sr_LANDSAT_8_20250825T070110Z.tif,tan20250824t075327c46s4001-A_l89_sr_LANDSAT_8_20250825T070110Z.tif
tan20250824t075327c46s4001-B,/mnt/engg-leung/Research_No9_Methane_Emissions/Yuyao/raw_data_dir_L89_L2SR_by_gee/tan20250824t075327c46s4001-B_l89_sr_LANDSAT_8_20250825T070110Z.tif,tan20250824t075327c46s4001-B_l89_sr_LANDSAT_8_20250825T070110Z.tif
tan20250824t075327c46s4001-C,/mnt/engg-leung/Research_No9_Methane_Emissions/Yuyao/raw_data_dir_L89_L2SR_by_gee/tan20250824t075327c46s4001-C_l89_sr_LANDSAT_8_20250825T070110Z.tif,tan20250824t075327c46s4001-C_l89_sr_LANDSAT_8_20250825T070110Z.tif
tan20250824t171806c83s4001-A,/mnt/engg-leung/Research_No9_Methane_Emissions/Yuyao/raw_data_dir_L89_L2SR_by_gee/tan20250824t171806c83s4001-A_l89_sr_LANDSAT_9_20250825T160953Z.tif,tan20250824t171806c83s4001-A_l89_sr_LANDSAT_9_20250825T160953Z.tif
tan20250824t184354c83s4001-B,/mnt/engg-leung/Research_No9_Methane_Emissions/Yuyao/raw_data_dir_L89_L2SR_by_gee/tan20250824t184354c83s4001-B_l89_sr_LANDSAT_9_20250825T174112Z.tif,tan20250824t184354c83s4001-B_l89_sr_LANDSAT_9_20250825T174112Z.tif
tan20250824t184354c83s4001-D,/mnt/engg-leung/Research_No9_Methane_Emissions/Yuyao/raw_data_dir_L89_L2SR_by_gee/tan20250824t184354c83s4001-D_l89_sr_LANDSAT_9_20250825T174136Z.tif,tan20250824t184354c83s4001-D_l89_sr_LANDSAT_9_20250825T174136Z.tif
tan20250825t090336c57s4001-A,/mnt/engg-leung/Research_No9_Methane_Emissions/Yuyao/raw_data_dir_L89_L2SR_by_gee/tan20250825t090336c57s4001-A_l89_sr_LANDSAT_8_20250826T080222Z.tif,tan20250825t090336c57s4001-A_l89_sr_LANDSAT_8_20250826T080222Z.tif
tan20250825t090336c57s4001-B,/mnt/engg-leung/Research_No9_Methane_Emissions/Yuyao/raw_data_dir_L89_L2SR_by_gee/tan20250825t090336c57s4001-B_l89_sr_LANDSAT_8_20250826T080222Z.tif,tan20250825t090336c57s4001-B_l89_sr_LANDSAT_8_20250826T080222Z.tif
tan20250826t111457c57s4001-A,/mnt/engg-leung/Research_No9_Methane_Emissions/Yuyao/raw_data_dir_L89_L2SR_by_gee/tan20250826t111457c57s4001-A_l89_sr_LANDSAT_8_20250827T100810Z.tif,tan20250826t111457c57s4001-A_l89_sr_LANDSAT_8_20250827T100810Z.tif
tan20250827t182223c99s4001-AA,/mnt/engg-leung/Research_No9_Methane_Emissions/Yuyao/raw_data_dir_L89_L2SR_by_gee/tan20250827t182223c99s4001-AA_l89_sr_LANDSAT_8_20250828T172723Z.tif,tan20250827t182223c99s4001-AA_l89_sr_LANDSAT_8_20250828T172723Z.tif
tan20250827t182223c99s4001-AC,/mnt/engg-leung/Research_No9_Methane_Emissions/Yuyao/raw_data_dir_L89_L2SR_by_gee/tan20250827t182223c99s4001-AC_l89_sr_LANDSAT_8_20250828T172723Z.tif,tan20250827t182223c99s4001-AC_l89_sr_LANDSAT_8_20250828T172723Z.tif
tan20250827t182223c99s4001-AD,/mnt/engg-leung/Research_No9_Methane_Emissions/Yuyao/raw_data_dir_L89_L2SR_by_gee/tan20250827t182223c99s4001-AD_l89_sr_LANDSAT_8_20250828T172723Z.tif,tan20250827t182223c99s4001-AD_l89_sr_LANDSAT_8_20250828T172723Z.tif
tan20250827t182223c99s4001-AE,/mnt/engg-leung/Research_No9_Methane_Emissions/Yuyao/raw_data_dir_L89_L2SR_by_gee/tan20250827t182223c99s4001-AE_l89_sr_LANDSAT_8_20250828T172723Z.tif,tan20250827t182223c99s4001-AE_l89_sr_LANDSAT_8_20250828T172723Z.tif
tan20250827t182223c99s4001-AF,/mnt/engg-leung/Research_No9_Methane_Emissions/Yuyao/raw_data_dir_L89_L2SR_by_gee/tan20250827t182223c99s4001-AF_l89_sr_LANDSAT_8_20250828T172723Z.tif,tan20250827t182223c99s4001-AF_l89_sr_LANDSAT_8_20250828T172723Z.tif
tan20250827t182223c99s4001-AH,/mnt/engg-leung/Research_No9_Methane_Emissions/Yuyao/raw_data_dir_L89_L2SR_by_gee/tan20250827t182223c99s4001-AH_l89_sr_LANDSAT_8_20250828T172723Z.tif,tan20250827t182223c99s4001-AH_l89_sr_LANDSAT_8_20250828T172723Z.tif
tan20250827t182223c99s4001-AI,/mnt/engg-leung/Research_No9_Methane_Emissions/Yuyao/raw_data_dir_L89_L2SR_by_gee/tan20250827t182223c99s4001-AI_l89_sr_LANDSAT_8_20250828T172659Z.tif,tan20250827t182223c99s4001-AI_l89_sr_LANDSAT_8_20250828T172659Z.tif
tan20250827t182223c99s4001-AK,/mnt/engg-leung/Research_No9_Methane_Emissions/Yuyao/raw_data_dir_L89_L2SR_by_gee/tan20250827t182223c99s4001-AK_l89_sr_LANDSAT_8_20250828T172723Z.tif,tan20250827t182223c99s4001-AK_l89_sr_LANDSAT_8_20250828T172723Z.tif
tan20250827t182223c99s4001-AM,/mnt/engg-leung/Research_No9_Methane_Emissions/Yuyao/raw_data_dir_L89_L2SR_by_gee/tan20250827t182223c99s4001-AM_l89_sr_LANDSAT_8_20250828T172723Z.tif,tan20250827t182223c99s4001-AM_l89_sr_LANDSAT_8_20250828T172723Z.tif
tan20250827t182223c99s4001-AN,/mnt/engg-leung/Research_No9_Methane_Emissions/Yuyao/raw_data_dir_L89_L2SR_by_gee/tan20250827t182223c99s4001-AN_l89_sr_LANDSAT_8_20250828T172723Z.tif,tan20250827t182223c99s4001-AN_l89_sr_LANDSAT_8_20250828T172723Z.tif
tan20250827t182223c99s4001-A,/mnt/engg-leung/Research_No9_Methane_Emissions/Yuyao/raw_data_dir_L89_L2SR_by_gee/tan20250827t182223c99s4001-A_l89_sr_LANDSAT_8_20250828T172723Z.tif,tan20250827t182223c99s4001-A_l89_sr_LANDSAT_8_20250828T172723Z.tif
tan20250827t182223c99s4001-B,/mnt/engg-leung/Research_No9_Methane_Emissions/Yuyao/raw_data_dir_L89_L2SR_by_gee/tan20250827t182223c99s4001-B_l89_sr_LANDSAT_8_20250828T172723Z.tif,tan20250827t182223c99s4001-B_l89_sr_LANDSAT_8_20250828T172723Z.tif
tan20250827t182223c99s4001-C,/mnt/engg-leung/Research_No9_Methane_Emissions/Yuyao/raw_data_dir_L89_L2SR_by_gee/tan20250827t182223c99s4001-C_l89_sr_LANDSAT_8_20250828T172723Z.tif,tan20250827t182223c99s4001-C_l89_sr_LANDSAT_8_20250828T172723Z.tif
tan20250827t182223c99s4001-D,/mnt/engg-leung/Research_No9_Methane_Emissions/Yuyao/raw_data_dir_L89_L2SR_by_gee/tan20250827t182223c99s4001-D_l89_sr_LANDSAT_8_20250828T172723Z.tif,tan20250827t182223c99s4001-D_l89_sr_LANDSAT_8_20250828T172723Z.tif
tan20250827t182223c99s4001-G,/mnt/engg-leung/Research_No9_Methane_Emissions/Yuyao/raw_data_dir_L89_L2SR_by_gee/tan20250827t182223c99s4001-G_l89_sr_LANDSAT_8_20250828T172723Z.tif,tan20250827t182223c99s4001-G_l89_sr_LANDSAT_8_20250828T172723Z.tif
tan20250827t182223c99s4001-H,/mnt/engg-leung/Research_No9_Methane_Emissions/Yuyao/raw_data_dir_L89_L2SR_by_gee/tan20250827t182223c99s4001-H_l89_sr_LANDSAT_8_20250828T172723Z.tif,tan20250827t182223c99s4001-H_l89_sr_LANDSAT_8_20250828T172723Z.tif
tan20250827t182223c99s4001-I,/mnt/engg-leung/Research_No9_Methane_Emissions/Yuyao/raw_data_dir_L89_L2SR_by_gee/tan20250827t182223c99s4001-I_l89_sr_LANDSAT_8_20250828T172723Z.tif,tan20250827t182223c99s4001-I_l89_sr_LANDSAT_8_20250828T172723Z.tif
tan20250827t182223c99s4001-J,/mnt/engg-leung/Research_No9_Methane_Emissions/Yuyao/raw_data_dir_L89_L2SR_by_gee/tan20250827t182223c99s4001-J_l89_sr_LANDSAT_8_20250828T172723Z.tif,tan20250827t182223c99s4001-J_l89_sr_LANDSAT_8_20250828T172723Z.tif
tan20250827t182223c99s4001-K,/mnt/engg-leung/Research_No9_Methane_Emissions/Yuyao/raw_data_dir_L89_L2SR_by_gee/tan20250827t182223c99s4001-K_l89_sr_LANDSAT_8_20250828T172723Z.tif,tan20250827t182223c99s4001-K_l89_sr_LANDSAT_8_20250828T172723Z.tif
tan20250827t182223c99s4001-L,/mnt/engg-leung/Research_No9_Methane_Emissions/Yuyao/raw_data_dir_L89_L2SR_by_gee/tan20250827t182223c99s4001-L_l89_sr_LANDSAT_8_20250828T172723Z.tif,tan20250827t182223c99s4001-L_l89_sr_LANDSAT_8_20250828T172723Z.tif
tan20250827t182223c99s4001-N,/mnt/engg-leung/Research_No9_Methane_Emissions/Yuyao/raw_data_dir_L89_L2SR_by_gee/tan20250827t182223c99s4001-N_l89_sr_LANDSAT_8_20250828T172723Z.tif,tan20250827t182223c99s4001-N_l89_sr_LANDSAT_8_20250828T172723Z.tif
tan20250827t182223c99s4001-O,/mnt/engg-leung/Research_No9_Methane_Emissions/Yuyao/raw_data_dir_L89_L2SR_by_gee/tan20250827t182223c99s4001-O_l89_sr_LANDSAT_8_20250828T172723Z.tif,tan20250827t182223c99s4001-O_l89_sr_LANDSAT_8_20250828T172723Z.tif
tan20250827t182223c99s4001-P,/mnt/engg-leung/Research_No9_Methane_Emissions/Yuyao/raw_data_dir_L89_L2SR_by_gee/tan20250827t182223c99s4001-P_l89_sr_LANDSAT_8_20250828T172723Z.tif,tan20250827t182223c99s4001-P_l89_sr_LANDSAT_8_20250828T172723Z.tif
tan20250827t182223c99s4001-S,/mnt/engg-leung/Research_No9_Methane_Emissions/Yuyao/raw_data_dir_L89_L2SR_by_gee/tan20250827t182223c99s4001-S_l89_sr_LANDSAT_8_20250828T172723Z.tif,tan20250827t182223c99s4001-S_l89_sr_LANDSAT_8_20250828T172723Z.tif
tan20250827t182223c99s4001-T,/mnt/engg-leung/Research_No9_Methane_Emissions/Yuyao/raw_data_dir_L89_L2SR_by_gee/tan20250827t182223c99s4001-T_l89_sr_LANDSAT_8_20250828T172723Z.tif,tan20250827t182223c99s4001-T_l89_sr_LANDSAT_8_20250828T172723Z.tif
tan20250827t182223c99s4001-U,/mnt/engg-leung/Research_No9_Methane_Emissions/Yuyao/raw_data_dir_L89_L2SR_by_gee/tan20250827t182223c99s4001-U_l89_sr_LANDSAT_8_20250828T172723Z.tif,tan20250827t182223c99s4001-U_l89_sr_LANDSAT_8_20250828T172723Z.tif
tan20250827t182223c99s4001-V,/mnt/engg-leung/Research_No9_Methane_Emissions/Yuyao/raw_data_dir_L89_L2SR_by_gee/tan20250827t182223c99s4001-V_l89_sr_LANDSAT_8_20250828T172723Z.tif,tan20250827t182223c99s4001-V_l89_sr_LANDSAT_8_20250828T172723Z.tif
tan20250827t182223c99s4001-W,/mnt/engg-leung/Research_No9_Methane_Emissions/Yuyao/raw_data_dir_L89_L2SR_by_gee/tan20250827t182223c99s4001-W_l89_sr_LANDSAT_8_20250828T172723Z.tif,tan20250827t182223c99s4001-W_l89_sr_LANDSAT_8_20250828T172723Z.tif
tan20250827t182223c99s4001-X,/mnt/engg-leung/Research_No9_Methane_Emissions/Yuyao/raw_data_dir_L89_L2SR_by_gee/tan20250827t182223c99s4001-X_l89_sr_LANDSAT_8_20250828T172723Z.tif,tan20250827t182223c99s4001-X_l89_sr_LANDSAT_8_20250828T172723Z.tif
tan20250827t182223c99s4001-Y,/mnt/engg-leung/Research_No9_Methane_Emissions/Yuyao/raw_data_dir_L89_L2SR_by_gee/tan20250827t182223c99s4001-Y_l89_sr_LANDSAT_8_20250828T172723Z.tif,tan20250827t182223c99s4001-Y_l89_sr_LANDSAT_8_20250828T172723Z.tif
tan20250827t182223c99s4001-Z,/mnt/engg-leung/Research_No9_Methane_Emissions/Yuyao/raw_data_dir_L89_L2SR_by_gee/tan20250827t182223c99s4001-Z_l89_sr_LANDSAT_8_20250828T172723Z.tif,tan20250827t182223c99s4001-Z_l89_sr_LANDSAT_8_20250828T172723Z.tif
tan20250828t095227c41s4001-A,/mnt/engg-leung/Research_No9_Methane_Emissions/Yuyao/raw_data_dir_L89_L2SR_by_gee/tan20250828t095227c41s4001-A_l89_sr_LANDSAT_9_20250829T090315Z.tif,tan20250828t095227c41s4001-A_l89_sr_LANDSAT_9_20250829T090315Z.tif
tan20250828t095227c41s4001-B,/mnt/engg-leung/Research_No9_Methane_Emissions/Yuyao/raw_data_dir_L89_L2SR_by_gee/tan20250828t095227c41s4001-B_l89_sr_LANDSAT_9_20250829T090315Z.tif,tan20250828t095227c41s4001-B_l89_sr_LANDSAT_9_20250829T090315Z.tif
tan20250830t162618c49s4001-A,/mnt/engg-leung/Research_No9_Methane_Emissions/Yuyao/raw_data_dir_L89_L2SR_by_gee/tan20250830t162618c49s4001-A_l89_sr_LANDSAT_9_20250831T153337Z.tif,tan20250830t162618c49s4001-A_l89_sr_LANDSAT_9_20250831T153337Z.tif
tan20250831t142320c70s4001-A,/mnt/engg-leung/Research_No9_Methane_Emissions/Yuyao/raw_data_dir_L89_L2SR_by_gee/tan20250831t142320c70s4001-A_l89_sr_LANDSAT_9_20250901T131017Z.tif,tan20250831t142320c70s4001-A_l89_sr_LANDSAT_9_20250901T131017Z.tif
tan20250831t172047c70s4001-A,/mnt/engg-leung/Research_No9_Methane_Emissions/Yuyao/raw_data_dir_L89_L2SR_by_gee/tan20250831t172047c70s4001-A_l89_sr_LANDSAT_9_20250901T161806Z.tif,tan20250831t172047c70s4001-A_l89_sr_LANDSAT_9_20250901T161806Z.tif
tan20250831t184456c74s4001-A,/mnt/engg-leung/Research_No9_Methane_Emissions/Yuyao/raw_data_dir_L89_L2SR_by_gee/tan20250831t184456c74s4001-A_l89_sr_LANDSAT_9_20250901T174725Z.tif,tan20250831t184456c74s4001-A_l89_sr_LANDSAT_9_20250901T174725Z.tif
tan20250903t120822c21s4001-A,/mnt/engg-leung/Research_No9_Methane_Emissions/Yuyao/raw_data_dir_L89_L2SR_by_gee/tan20250903t120822c21s4001-A_l89_sr_LANDSAT_8_20250904T105629Z.tif,tan20250903t120822c21s4001-A_l89_sr_LANDSAT_8_20250904T105629Z.tif
tan20250903t135718c90s4001-A,/mnt/engg-leung/Research_No9_Methane_Emissions/Yuyao/raw_data_dir_L89_L2SR_by_gee/tan20250903t135718c90s4001-A_l89_sr_LANDSAT_8_20250904T125207Z.tif,tan20250903t135718c90s4001-A_l89_sr_LANDSAT_8_20250904T125207Z.tif
tan20250903t135718c90s4001-B,/mnt/engg-leung/Research_No9_Methane_Emissions/Yuyao/raw_data_dir_L89_L2SR_by_gee/tan20250903t135718c90s4001-B_l89_sr_LANDSAT_8_20250904T125207Z.tif,tan20250903t135718c90s4001-B_l89_sr_LANDSAT_8_20250904T125207Z.tif
tan20250903t135718c90s4001-C,/mnt/engg-leung/Research_No9_Methane_Emissions/Yuyao/raw_data_dir_L89_L2SR_by_gee/tan20250903t135718c90s4001-C_l89_sr_LANDSAT_8_20250904T125207Z.tif,tan20250903t135718c90s4001-C_l89_sr_LANDSAT_8_20250904T125207Z.tif
tan20250903t135718c90s4001-D,/mnt/engg-leung/Research_No9_Methane_Emissions/Yuyao/raw_data_dir_L89_L2SR_by_gee/tan20250903t135718c90s4001-D_l89_sr_LANDSAT_8_20250904T125207Z.tif,tan20250903t135718c90s4001-D_l89_sr_LANDSAT_8_20250904T125207Z.tif
tan20250903t164903c08s4001-A,/mnt/engg-leung/Research_No9_Methane_Emissions/Yuyao/raw_data_dir_L89_L2SR_by_gee/tan20250903t164903c08s4001-A_l89_sr_LANDSAT_8_20250904T155332Z.tif,tan20250903t164903c08s4001-A_l89_sr_LANDSAT_8_20250904T155332Z.tif
tan20250904t191554c00s4001-A,/mnt/engg-leung/Research_No9_Methane_Emissions/Yuyao/raw_data_dir_L89_L2SR_by_gee/tan20250904t191554c00s4001-A_l89_sr_LANDSAT_8_20250905T181605Z.tif,tan20250904t191554c00s4001-A_l89_sr_LANDSAT_8_20250905T181605Z.tif
tan20250904t191554c00s4001-B,/mnt/engg-leung/Research_No9_Methane_Emissions/Yuyao/raw_data_dir_L89_L2SR_by_gee/tan20250904t191554c00s4001-B_l89_sr_LANDSAT_8_20250905T181605Z.tif,tan20250904t191554c00s4001-B_l89_sr_LANDSAT_8_20250905T181605Z.tif
tan20250906t102051c01s4001-A,/mnt/engg-leung/Research_No9_Methane_Emissions/Yuyao/raw_data_dir_L89_L2SR_by_gee/tan20250906t102051c01s4001-A_l89_sr_LANDSAT_9_20250907T091154Z.tif,tan20250906t102051c01s4001-A_l89_sr_LANDSAT_9_20250907T091154Z.tif
tan20250906t102051c01s4001-C,/mnt/engg-leung/Research_No9_Methane_Emissions/Yuyao/raw_data_dir_L89_L2SR_by_gee/tan20250906t102051c01s4001-C_l89_sr_LANDSAT_9_20250907T091154Z.tif,tan20250906t102051c01s4001-C_l89_sr_LANDSAT_9_20250907T091154Z.tif
tan20250907t142314c73s4001-A,/mnt/engg-leung/Research_No9_Methane_Emissions/Yuyao/raw_data_dir_L89_L2SR_by_gee/tan20250907t142314c73s4001-A_l89_sr_LANDSAT_9_20250908T131456Z.tif,tan20250907t142314c73s4001-A_l89_sr_LANDSAT_9_20250908T131456Z.tif
tan20250907t142314c73s4001-B,/mnt/engg-leung/Research_No9_Methane_Emissions/Yuyao/raw_data_dir_L89_L2SR_by_gee/tan20250907t142314c73s4001-B_l89_sr_LANDSAT_9_20250908T131456Z.tif,tan20250907t142314c73s4001-B_l89_sr_LANDSAT_9_20250908T131456Z.tif
tan20250907t185122c25s4001-A,/mnt/engg-leung/Research_No9_Methane_Emissions/Yuyao/raw_data_dir_L89_L2SR_by_gee/tan20250907t185122c25s4001-A_l89_sr_LANDSAT_9_20250908T175850Z.tif,tan20250907t185122c25s4001-A_l89_sr_LANDSAT_9_20250908T175850Z.tif
tan20250908t040956c76s4001-F,/mnt/engg-leung/Research_No9_Methane_Emissions/Yuyao/raw_data_dir_L89_L2SR_by_gee/tan20250908t040956c76s4001-F_l89_sr_LANDSAT_8_20250909T030100Z.tif,tan20250908t040956c76s4001-F_l89_sr_LANDSAT_8_20250909T030100Z.tif
tan20250908t040956c76s4001-G,/mnt/engg-leung/Research_No9_Methane_Emissions/Yuyao/raw_data_dir_L89_L2SR_by_gee/tan20250908t040956c76s4001-G_l89_sr_LANDSAT_8_20250909T030100Z.tif,tan20250908t040956c76s4001-G_l89_sr_LANDSAT_8_20250909T030100Z.tif
tan20250908t040956c76s4001-I,/mnt/engg-leung/Research_No9_Methane_Emissions/Yuyao/raw_data_dir_L89_L2SR_by_gee/tan20250908t040956c76s4001-I_l89_sr_LANDSAT_8_20250909T030100Z.tif,tan20250908t040956c76s4001-I_l89_sr_LANDSAT_8_20250909T030100Z.tif
tan20250908t040956c76s4001-L,/mnt/engg-leung/Research_No9_Methane_Emissions/Yuyao/raw_data_dir_L89_L2SR_by_gee/tan20250908t040956c76s4001-L_l89_sr_LANDSAT_8_20250909T030100Z.tif,tan20250908t040956c76s4001-L_l89_sr_LANDSAT_8_20250909T030100Z.tif
tan20250908t040956c76s4001-M,/mnt/engg-leung/Research_No9_Methane_Emissions/Yuyao/raw_data_dir_L89_L2SR_by_gee/tan20250908t040956c76s4001-M_l89_sr_LANDSAT_8_20250909T030100Z.tif,tan20250908t040956c76s4001-M_l89_sr_LANDSAT_8_20250909T030100Z.tif
tan20250908t040956c76s4001-S,/mnt/engg-leung/Research_No9_Methane_Emissions/Yuyao/raw_data_dir_L89_L2SR_by_gee/tan20250908t040956c76s4001-S_l89_sr_LANDSAT_8_20250909T030100Z.tif,tan20250908t040956c76s4001-S_l89_sr_LANDSAT_8_20250909T030100Z.tif
tan20250908t040956c76s4001-V,/mnt/engg-leung/Research_No9_Methane_Emissions/Yuyao/raw_data_dir_L89_L2SR_by_gee/tan20250908t040956c76s4001-V_l89_sr_LANDSAT_8_20250909T030100Z.tif,tan20250908t040956c76s4001-V_l89_sr_LANDSAT_8_20250909T030100Z.tif
tan20250909t080902c64s4001-A,/mnt/engg-leung/Research_No9_Methane_Emissions/Yuyao/raw_data_dir_L89_L2SR_by_gee/tan20250909t080902c64s4001-A_l89_sr_LANDSAT_8_20250910T070114Z.tif,tan20250909t080902c64s4001-A_l89_sr_LANDSAT_8_20250910T070114Z.tif
tan20250909t080902c64s4001-B,/mnt/engg-leung/Research_No9_Methane_Emissions/Yuyao/raw_data_dir_L89_L2SR_by_gee/tan20250909t080902c64s4001-B_l89_sr_LANDSAT_8_20250910T070114Z.tif,tan20250909t080902c64s4001-B_l89_sr_LANDSAT_8_20250910T070114Z.tif
tan20250909t080902c64s4001-C,/mnt/engg-leung/Research_No9_Methane_Emissions/Yuyao/raw_data_dir_L89_L2SR_by_gee/tan20250909t080902c64s4001-C_l89_sr_LANDSAT_8_20250910T070114Z.tif,tan20250909t080902c64s4001-C_l89_sr_LANDSAT_8_20250910T070114Z.tif
tan20250909t081132c72s4001-B,/mnt/engg-leung/Research_No9_Methane_Emissions/Yuyao/raw_data_dir_L89_L2SR_by_gee/tan20250909t081132c72s4001-B_l89_sr_LANDSAT_8_20250910T070338Z.tif,tan20250909t081132c72s4001-B_l89_sr_LANDSAT_8_20250910T070338Z.tif
tan20250911t064902c24s4001-A,/mnt/engg-leung/Research_No9_Methane_Emissions/Yuyao/raw_data_dir_L89_L2SR_by_gee/tan20250911t064902c24s4001-A_l89_sr_LANDSAT_9_20250912T055845Z.tif,tan20250911t064902c24s4001-A_l89_sr_LANDSAT_9_20250912T055845Z.tif
tan20250912t091816c64s4001-A,/mnt/engg-leung/Research_No9_Methane_Emissions/Yuyao/raw_data_dir_L89_L2SR_by_gee/tan20250912t091816c64s4001-A_l89_sr_LANDSAT_9_20250913T082405Z.tif,tan20250912t091816c64s4001-A_l89_sr_LANDSAT_9_20250913T082405Z.tif
tan20250912t091816c64s4001-B,/mnt/engg-leung/Research_No9_Methane_Emissions/Yuyao/raw_data_dir_L89_L2SR_by_gee/tan20250912t091816c64s4001-B_l89_sr_LANDSAT_9_20250913T082405Z.tif,tan20250912t091816c64s4001-B_l89_sr_LANDSAT_9_20250913T082405Z.tif
tan20250912t091816c64s4001-C,/mnt/engg-leung/Research_No9_Methane_Emissions/Yuyao/raw_data_dir_L89_L2SR_by_gee/tan20250912t091816c64s4001-C_l89_sr_LANDSAT_9_20250913T082405Z.tif,tan20250912t091816c64s4001-C_l89_sr_LANDSAT_9_20250913T082405Z.tif
tan20250913t085200c02s4001-A,/mnt/engg-leung/Research_No9_Methane_Emissions/Yuyao/raw_data_dir_L89_L2SR_by_gee/tan20250913t085200c02s4001-A_l89_sr_LANDSAT_9_20250914T074248Z.tif,tan20250913t085200c02s4001-A_l89_sr_LANDSAT_9_20250914T074248Z.tif
tan20250914t142425c73s4001-A,/mnt/engg-leung/Research_No9_Methane_Emissions/Yuyao/raw_data_dir_L89_L2SR_by_gee/tan20250914t142425c73s4001-A_l89_sr_LANDSAT_9_20250915T132107Z.tif,tan20250914t142425c73s4001-A_l89_sr_LANDSAT_9_20250915T132107Z.tif
tan20250914t142425c73s4001-B,/mnt/engg-leung/Research_No9_Methane_Emissions/Yuyao/raw_data_dir_L89_L2SR_by_gee/tan20250914t142425c73s4001-B_l89_sr_LANDSAT_9_20250915T132107Z.tif,tan20250914t142425c73s4001-B_l89_sr_LANDSAT_9_20250915T132107Z.tif
tan20250915t194125c44s4001-A,/mnt/engg-leung/Research_No9_Methane_Emissions/Yuyao/raw_data_dir_L89_L2SR_by_gee/tan20250915t194125c44s4001-A_l89_sr_LANDSAT_9_20250916T184354Z.tif,tan20250915t194125c44s4001-A_l89_sr_LANDSAT_9_20250916T184354Z.tif
tan20250915t194125c44s4001-C,/mnt/engg-leung/Research_No9_Methane_Emissions/Yuyao/raw_data_dir_L89_L2SR_by_gee/tan20250915t194125c44s4001-C_l89_sr_LANDSAT_9_20250916T184354Z.tif,tan20250915t194125c44s4001-C_l89_sr_LANDSAT_9_20250916T184354Z.tif
tan20250916t081222c80s4001-A,/mnt/engg-leung/Research_No9_Methane_Emissions/Yuyao/raw_data_dir_L89_L2SR_by_gee/tan20250916t081222c80s4001-A_l89_sr_LANDSAT_8_20250917T070953Z.tif,tan20250916t081222c80s4001-A_l89_sr_LANDSAT_8_20250917T070953Z.tif
tan20250916t081222c80s4001-B,/mnt/engg-leung/Research_No9_Methane_Emissions/Yuyao/raw_data_dir_L89_L2SR_by_gee/tan20250916t081222c80s4001-B_l89_sr_LANDSAT_8_20250917T070953Z.tif,tan20250916t081222c80s4001-B_l89_sr_LANDSAT_8_20250917T070953Z.tif
tan20250916t081222c80s4001-C,/mnt/engg-leung/Research_No9_Methane_Emissions/Yuyao/raw_data_dir_L89_L2SR_by_gee/tan20250916t081222c80s4001-C_l89_sr_LANDSAT_8_20250917T070953Z.tif,tan20250916t081222c80s4001-C_l89_sr_LANDSAT_8_20250917T070953Z.tif
tan20250916t081222c80s4001-D,/mnt/engg-leung/Research_No9_Methane_Emissions/Yuyao/raw_data_dir_L89_L2SR_by_gee/tan20250916t081222c80s4001-D_l89_sr_LANDSAT_8_20250917T070953Z.tif,tan20250916t081222c80s4001-D_l89_sr_LANDSAT_8_20250917T070953Z.tif
tan20250916t081222c80s4001-E,/mnt/engg-leung/Research_No9_Methane_Emissions/Yuyao/raw_data_dir_L89_L2SR_by_gee/tan20250916t081222c80s4001-E_l89_sr_LANDSAT_8_20250917T070953Z.tif,tan20250916t081222c80s4001-E_l89_sr_LANDSAT_8_20250917T070953Z.tif
tan20250918t005528c02s4001-B,/mnt/engg-leung/Research_No9_Methane_Emissions/Yuyao/raw_data_dir_L89_L2SR_by_gee/tan20250918t005528c02s4001-B_l89_sr_LANDSAT_9_20250918T235006Z.tif,tan20250918t005528c02s4001-B_l89_sr_LANDSAT_9_20250918T235006Z.tif
tan20250918t005528c02s4001-C,/mnt/engg-leung/Research_No9_Methane_Emissions/Yuyao/raw_data_dir_L89_L2SR_by_gee/tan20250918t005528c02s4001-C_l89_sr_LANDSAT_9_20250918T235006Z.tif,tan20250918t005528c02s4001-C_l89_sr_LANDSAT_9_20250918T235006Z.tif
tan20250918t005528c02s4001-D,/mnt/engg-leung/Research_No9_Methane_Emissions/Yuyao/raw_data_dir_L89_L2SR_by_gee/tan20250918t005528c02s4001-D_l89_sr_LANDSAT_9_20250918T235006Z.tif,tan20250918t005528c02s4001-D_l89_sr_LANDSAT_9_20250918T235006Z.tif
tan20250918t005528c02s4001-E,/mnt/engg-leung/Research_No9_Methane_Emissions/Yuyao/raw_data_dir_L89_L2SR_by_gee/tan20250918t005528c02s4001-E_l89_sr_LANDSAT_9_20250918T235006Z.tif,tan20250918t005528c02s4001-E_l89_sr_LANDSAT_9_20250918T235006Z.tif
tan20250919t060625c82s4001-A,/mnt/engg-leung/Research_No9_Methane_Emissions/Yuyao/raw_data_dir_L89_L2SR_by_gee/tan20250919t060625c82s4001-A_l89_sr_LANDSAT_9_20250920T050544Z.tif,tan20250919t060625c82s4001-A_l89_sr_LANDSAT_9_20250920T050544Z.tif
tan20250919t060625c82s4001-B,/mnt/engg-leung/Research_No9_Methane_Emissions/Yuyao/raw_data_dir_L89_L2SR_by_gee/tan20250919t060625c82s4001-B_l89_sr_LANDSAT_9_20250920T050544Z.tif,tan20250919t060625c82s4001-B_l89_sr_LANDSAT_9_20250920T050544Z.tif
tan20250919t060625c82s4001-C,/mnt/engg-leung/Research_No9_Methane_Emissions/Yuyao/raw_data_dir_L89_L2SR_by_gee/tan20250919t060625c82s4001-C_l89_sr_LANDSAT_9_20250920T050544Z.tif,tan20250919t060625c82s4001-C_l89_sr_LANDSAT_9_20250920T050544Z.tif
tan20250919t060625c82s4001-D,/mnt/engg-leung/Research_No9_Methane_Emissions/Yuyao/raw_data_dir_L89_L2SR_by_gee/tan20250919t060625c82s4001-D_l89_sr_LANDSAT_9_20250920T050544Z.tif,tan20250919t060625c82s4001-D_l89_sr_LANDSAT_9_20250920T050544Z.tif
tan20250919t060625c82s4001-E,/mnt/engg-leung/Research_No9_Methane_Emissions/Yuyao/raw_data_dir_L89_L2SR_by_gee/tan20250919t060625c82s4001-E_l89_sr_LANDSAT_9_20250920T050544Z.tif,tan20250919t060625c82s4001-E_l89_sr_LANDSAT_9_20250920T050544Z.tif
tan20250919t060625c82s4001-F,/mnt/engg-leung/Research_No9_Methane_Emissions/Yuyao/raw_data_dir_L89_L2SR_by_gee/tan20250919t060625c82s4001-F_l89_sr_LANDSAT_9_20250920T050544Z.tif,tan20250919t060625c82s4001-F_l89_sr_LANDSAT_9_20250920T050544Z.tif
tan20250919t060625c82s4001-G,/mnt/engg-leung/Research_No9_Methane_Emissions/Yuyao/raw_data_dir_L89_L2SR_by_gee/tan20250919t060625c82s4001-G_l89_sr_LANDSAT_9_20250920T050544Z.tif,tan20250919t060625c82s4001-G_l89_sr_LANDSAT_9_20250920T050544Z.tif
tan20250919t170655c65s4001-A,/mnt/engg-leung/Research_No9_Methane_Emissions/Yuyao/raw_data_dir_L89_L2SR_by_gee/tan20250919t170655c65s4001-A_l89_sr_LANDSAT_8_20250920T155626Z.tif,tan20250919t170655c65s4001-A_l89_sr_LANDSAT_8_20250920T155626Z.tif
tan20250920t100944c19s4001-A,/mnt/engg-leung/Research_No9_Methane_Emissions/Yuyao/raw_data_dir_L89_L2SR_by_gee/tan20250920t100944c19s4001-A_l89_sr_LANDSAT_9_20250921T091021Z.tif,tan20250920t100944c19s4001-A_l89_sr_LANDSAT_9_20250921T091021Z.tif
tan20250921t092815c17s4001-A,/mnt/engg-leung/Research_No9_Methane_Emissions/Yuyao/raw_data_dir_L89_L2SR_by_gee/tan20250921t092815c17s4001-A_l89_sr_LANDSAT_9_20250922T081309Z.tif,tan20250921t092815c17s4001-A_l89_sr_LANDSAT_9_20250922T081309Z.tif
tan20250921t110430c42s4001-A,/mnt/engg-leung/Research_No9_Methane_Emissions/Yuyao/raw_data_dir_L89_L2SR_by_gee/tan20250921t110430c42s4001-A_l89_sr_LANDSAT_9_20250922T095513Z.tif,tan20250921t110430c42s4001-A_l89_sr_LANDSAT_9_20250922T095513Z.tif
tan20250921t110602c97s4001-A,/mnt/engg-leung/Research_No9_Methane_Emissions/Yuyao/raw_data_dir_L89_L2SR_by_gee/tan20250921t110602c97s4001-A_l89_sr_LANDSAT_9_20250922T095713Z.tif,tan20250921t110602c97s4001-A_l89_sr_LANDSAT_9_20250922T095713Z.tif
tan20250922t180834c89s4001-A,/mnt/engg-leung/Research_No9_Methane_Emissions/Yuyao/raw_data_dir_L89_L2SR_by_gee/tan20250922t180834c89s4001-A_l89_sr_LANDSAT_9_20250923T171051Z.tif,tan20250922t180834c89s4001-A_l89_sr_LANDSAT_9_20250923T171051Z.tif
tan20250922t180834c89s4001-B,/mnt/engg-leung/Research_No9_Methane_Emissions/Yuyao/raw_data_dir_L89_L2SR_by_gee/tan20250922t180834c89s4001-B_l89_sr_LANDSAT_9_20250923T171051Z.tif,tan20250922t180834c89s4001-B_l89_sr_LANDSAT_9_20250923T171051Z.tif
tan20250922t194211c43s4001-A,/mnt/engg-leung/Research_No9_Methane_Emissions/Yuyao/raw_data_dir_L89_L2SR_by_gee/tan20250922t194211c43s4001-A_l89_sr_LANDSAT_9_20250923T185008Z.tif,tan20250922t194211c43s4001-A_l89_sr_LANDSAT_9_20250923T185008Z.tif
tan20250922t194211c43s4001-B,/mnt/engg-leung/Research_No9_Methane_Emissions/Yuyao/raw_data_dir_L89_L2SR_by_gee/tan20250922t194211c43s4001-B_l89_sr_LANDSAT_9_20250923T185008Z.tif,tan20250922t194211c43s4001-B_l89_sr_LANDSAT_9_20250923T185008Z.tif
tan20250922t194211c43s4001-E,/mnt/engg-leung/Research_No9_Methane_Emissions/Yuyao/raw_data_dir_L89_L2SR_by_gee/tan20250922t194211c43s4001-E_l89_sr_LANDSAT_9_20250923T185008Z.tif,tan20250922t194211c43s4001-E_l89_sr_LANDSAT_9_20250923T185008Z.tif
tan20250926t060726c82s4001-A,/mnt/engg-leung/Research_No9_Methane_Emissions/Yuyao/raw_data_dir_L89_L2SR_by_gee/tan20250926t060726c82s4001-A_l89_sr_LANDSAT_9_20250927T051221Z.tif,tan20250926t060726c82s4001-A_l89_sr_LANDSAT_9_20250927T051221Z.tif
tan20250926t074310c41s4001-A,/mnt/engg-leung/Research_No9_Methane_Emissions/Yuyao/raw_data_dir_L89_L2SR_by_gee/tan20250926t074310c41s4001-A_l89_sr_LANDSAT_9_20250927T065338Z.tif,tan20250926t074310c41s4001-A_l89_sr_LANDSAT_9_20250927T065338Z.tif
tan20250926t074310c41s4001-B,/mnt/engg-leung/Research_No9_Methane_Emissions/Yuyao/raw_data_dir_L89_L2SR_by_gee/tan20250926t074310c41s4001-B_l89_sr_LANDSAT_9_20250927T065338Z.tif,tan20250926t074310c41s4001-B_l89_sr_LANDSAT_9_20250927T065338Z.tif
tan20250926t183741c17s4001-A,/mnt/engg-leung/Research_No9_Methane_Emissions/Yuyao/raw_data_dir_L89_L2SR_by_gee/tan20250926t183741c17s4001-A_l89_sr_LANDSAT_8_20250927T173731Z.tif,tan20250926t183741c17s4001-A_l89_sr_LANDSAT_8_20250927T173731Z.tif
tan20250929t163628c42s4001-A,/mnt/engg-leung/Research_No9_Methane_Emissions/Yuyao/raw_data_dir_L89_L2SR_by_gee/tan20250929t163628c42s4001-A_l89_sr_LANDSAT_9_20250930T153833Z.tif,tan20250929t163628c42s4001-A_l89_sr_LANDSAT_9_20250930T153833Z.tif
tan20250930t190314c10s4001-A,/mnt/engg-leung/Research_No9_Methane_Emissions/Yuyao/raw_data_dir_L89_L2SR_by_gee/tan20250930t190314c10s4001-A_l89_sr_LANDSAT_9_20251001T180041Z.tif,tan20250930t190314c10s4001-A_l89_sr_LANDSAT_9_20251001T180041Z.tif
tan20251001t104013c96s4001-A,/mnt/engg-leung/Research_No9_Methane_Emissions/Yuyao/raw_data_dir_L89_L2SR_by_gee/tan20251001t104013c96s4001-A_l89_sr_LANDSAT_8_20251002T094336Z.tif,tan20251001t104013c96s4001-A_l89_sr_LANDSAT_8_20251002T094336Z.tif
tan20251002t113418c72s4001-A,/mnt/engg-leung/Research_No9_Methane_Emissions/Yuyao/raw_data_dir_L89_L2SR_by_gee/tan20251002t113418c72s4001-A_l89_sr_LANDSAT_8_20251003T102741Z.tif,tan20251002t113418c72s4001-A_l89_sr_LANDSAT_8_20251003T102741Z.tif
tan20251007t080926c38s4001-A,/mnt/engg-leung/Research_No9_Methane_Emissions/Yuyao/raw_data_dir_L89_L2SR_by_gee/tan20251007t080926c38s4001-A_l89_sr_LANDSAT_8_20251008T072231Z.tif,tan20251007t080926c38s4001-A_l89_sr_LANDSAT_8_20251008T072231Z.tif
tan20251007t144559c80s4001-A,/mnt/engg-leung/Research_No9_Methane_Emissions/Yuyao/raw_data_dir_L89_L2SR_by_gee/tan20251007t144559c80s4001-A_l89_sr_LANDSAT_9_20251008T133324Z.tif,tan20251007t144559c80s4001-A_l89_sr_LANDSAT_9_20251008T133324Z.tif
tan20251008t055801c78s4001-A,/mnt/engg-leung/Research_No9_Methane_Emissions/Yuyao/raw_data_dir_L89_L2SR_by_gee/tan20251008t055801c78s4001-A_l89_sr_LANDSAT_8_20251009T045000Z.tif,tan20251008t055801c78s4001-A_l89_sr_LANDSAT_8_20251009T045000Z.tif
tan20251011t180410c64s4001-A,/mnt/engg-leung/Research_No9_Methane_Emissions/Yuyao/raw_data_dir_L89_L2SR_by_gee/tan20251011t180410c64s4001-A_l89_sr_LANDSAT_8_20251012T165905Z.tif,tan20251011t180410c64s4001-A_l89_sr_LANDSAT_8_20251012T165905Z.tif
tan20251011t180457c82s4001-A,/mnt/engg-leung/Research_No9_Methane_Emissions/Yuyao/raw_data_dir_L89_L2SR_by_gee/tan20251011t180457c82s4001-A_l89_sr_LANDSAT_8_20251012T165953Z.tif,tan20251011t180457c82s4001-A_l89_sr_LANDSAT_8_20251012T165953Z.tif
tan20251011t180457c82s4001-B,/mnt/engg-leung/Research_No9_Methane_Emissions/Yuyao/raw_data_dir_L89_L2SR_by_gee/tan20251011t180457c82s4001-B_l89_sr_LANDSAT_8_20251012T165953Z.tif,tan20251011t180457c82s4001-B_l89_sr_LANDSAT_8_20251012T165953Z.tif
tan20251011t180457c82s4001-C,/mnt/engg-leung/Research_No9_Methane_Emissions/Yuyao/raw_data_dir_L89_L2SR_by_gee/tan20251011t180457c82s4001-C_l89_sr_LANDSAT_8_20251012T165953Z.tif,tan20251011t180457c82s4001-C_l89_sr_LANDSAT_8_20251012T165953Z.tif
tan20251012t062639c77s4001-A,/mnt/engg-leung/Research_No9_Methane_Emissions/Yuyao/raw_data_dir_L89_L2SR_by_gee/tan20251012t062639c77s4001-A_l89_sr_LANDSAT_9_20251013T051626Z.tif,tan20251012t062639c77s4001-A_l89_sr_LANDSAT_9_20251013T051626Z.tif
tan20251012t062639c77s4001-B,/mnt/engg-leung/Research_No9_Methane_Emissions/Yuyao/raw_data_dir_L89_L2SR_by_gee/tan20251012t062639c77s4001-B_l89_sr_LANDSAT_9_20251013T051626Z.tif,tan20251012t062639c77s4001-B_l89_sr_LANDSAT_9_20251013T051626Z.tif
tan20251013t120133c75s4001-A,/mnt/engg-leung/Research_No9_Methane_Emissions/Yuyao/raw_data_dir_L89_L2SR_by_gee/tan20251013t120133c75s4001-A_l89_sr_LANDSAT_9_20251014T105733Z.tif,tan20251013t120133c75s4001-A_l89_sr_LANDSAT_9_20251014T105733Z.tif
tan20251016t052333c19s4001-A,/mnt/engg-leung/Research_No9_Methane_Emissions/Yuyao/raw_data_dir_L89_L2SR_by_gee/tan20251016t052333c19s4001-A_l89_sr_LANDSAT_8_20251017T040521Z.tif,tan20251016t052333c19s4001-A_l89_sr_LANDSAT_8_20251017T040521Z.tif
tan20251016t052333c19s4001-C,/mnt/engg-leung/Research_No9_Methane_Emissions/Yuyao/raw_data_dir_L89_L2SR_by_gee/tan20251016t052333c19s4001-C_l89_sr_LANDSAT_8_20251017T040521Z.tif,tan20251016t052333c19s4001-C_l89_sr_LANDSAT_8_20251017T040521Z.tif
tan20251016t052333c19s4001-D,/mnt/engg-leung/Research_No9_Methane_Emissions/Yuyao/raw_data_dir_L89_L2SR_by_gee/tan20251016t052333c19s4001-D_l89_sr_LANDSAT_8_20251017T040521Z.tif,tan20251016t052333c19s4001-D_l89_sr_LANDSAT_8_20251017T040521Z.tif
tan20251016t052333c19s4001-E,/mnt/engg-leung/Research_No9_Methane_Emissions/Yuyao/raw_data_dir_L89_L2SR_by_gee/tan20251016t052333c19s4001-E_l89_sr_LANDSAT_8_20251017T040521Z.tif,tan20251016t052333c19s4001-E_l89_sr_LANDSAT_8_20251017T040521Z.tif
tan20251016t052333c19s4001-F,/mnt/engg-leung/Research_No9_Methane_Emissions/Yuyao/raw_data_dir_L89_L2SR_by_gee/tan20251016t052333c19s4001-F_l89_sr_LANDSAT_8_20251017T040521Z.tif,tan20251016t052333c19s4001-F_l89_sr_LANDSAT_8_20251017T040521Z.tif
tan20251016t052333c19s4001-G,/mnt/engg-leung/Research_No9_Methane_Emissions/Yuyao/raw_data_dir_L89_L2SR_by_gee/tan20251016t052333c19s4001-G_l89_sr_LANDSAT_8_20251017T040521Z.tif,tan20251016t052333c19s4001-G_l89_sr_LANDSAT_8_20251017T040521Z.tif
tan20251016t052333c19s4001-H,/mnt/engg-leung/Research_No9_Methane_Emissions/Yuyao/raw_data_dir_L89_L2SR_by_gee/tan20251016t052333c19s4001-H_l89_sr_LANDSAT_8_20251017T040521Z.tif,tan20251016t052333c19s4001-H_l89_sr_LANDSAT_8_20251017T040521Z.tif
tan20251016t083101c82s4001-A,/mnt/engg-leung/Research_No9_Methane_Emissions/Yuyao/raw_data_dir_L89_L2SR_by_gee/tan20251016t083101c82s4001-A_l89_sr_LANDSAT_8_20251017T072354Z.tif,tan20251016t083101c82s4001-A_l89_sr_LANDSAT_8_20251017T072354Z.tif
tan20251018t163256c16s4001-A,/mnt/engg-leung/Research_No9_Methane_Emissions/Yuyao/raw_data_dir_L89_L2SR_by_gee/tan20251018t163256c16s4001-A_l89_sr_LANDSAT_8_20251019T152756Z.tif,tan20251018t163256c16s4001-A_l89_sr_LANDSAT_8_20251019T152756Z.tif
tan20251018t175914c52s4001-C,/mnt/engg-leung/Research_No9_Methane_Emissions/Yuyao/raw_data_dir_L89_L2SR_by_gee/tan20251018t175914c52s4001-C_l89_sr_LANDSAT_8_20251019T165916Z.tif,tan20251018t175914c52s4001-C_l89_sr_LANDSAT_8_20251019T165916Z.tif
tan20251018t175914c52s4001-D,/mnt/engg-leung/Research_No9_Methane_Emissions/Yuyao/raw_data_dir_L89_L2SR_by_gee/tan20251018t175914c52s4001-D_l89_sr_LANDSAT_8_20251019T165916Z.tif,tan20251018t175914c52s4001-D_l89_sr_LANDSAT_8_20251019T165916Z.tif
tan20251018t180351c20s4001-A,/mnt/engg-leung/Research_No9_Methane_Emissions/Yuyao/raw_data_dir_L89_L2SR_by_gee/tan20251018t180351c20s4001-A_l89_sr_LANDSAT_8_20251019T170338Z.tif,tan20251018t180351c20s4001-A_l89_sr_LANDSAT_8_20251019T170338Z.tif
tan20251019t185503c73s4001-A,/mnt/engg-leung/Research_No9_Methane_Emissions/Yuyao/raw_data_dir_L89_L2SR_by_gee/tan20251019t185503c73s4001-A_l89_sr_LANDSAT_8_20251020T174430Z.tif,tan20251019t185503c73s4001-A_l89_sr_LANDSAT_8_20251020T174430Z.tif
tan20251019t185503c73s4001-B,/mnt/engg-leung/Research_No9_Methane_Emissions/Yuyao/raw_data_dir_L89_L2SR_by_gee/tan20251019t185503c73s4001-B_l89_sr_LANDSAT_8_20251020T174430Z.tif,tan20251019t185503c73s4001-B_l89_sr_LANDSAT_8_20251020T174430Z.tif
tan20251019t185503c73s4001-D,/mnt/engg-leung/Research_No9_Methane_Emissions/Yuyao/raw_data_dir_L89_L2SR_by_gee/tan20251019t185503c73s4001-D_l89_sr_LANDSAT_8_20251020T174430Z.tif,tan20251019t185503c73s4001-D_l89_sr_LANDSAT_8_20251020T174430Z.tif
tan20251019t185820c43s4001-A,/mnt/engg-leung/Research_No9_Methane_Emissions/Yuyao/raw_data_dir_L89_L2SR_by_gee/tan20251019t185820c43s4001-A_l89_sr_LANDSAT_8_20251020T174829Z.tif,tan20251019t185820c43s4001-A_l89_sr_LANDSAT_8_20251020T174829Z.tif
tan20251019t185820c43s4001-B,/mnt/engg-leung/Research_No9_Methane_Emissions/Yuyao/raw_data_dir_L89_L2SR_by_gee/tan20251019t185820c43s4001-B_l89_sr_LANDSAT_8_20251020T174829Z.tif,tan20251019t185820c43s4001-B_l89_sr_LANDSAT_8_20251020T174829Z.tif
tan20251023t052445c08s4001-A,/mnt/engg-leung/Research_No9_Methane_Emissions/Yuyao/raw_data_dir_L89_L2SR_by_gee/tan20251023t052445c08s4001-A_l89_sr_LANDSAT_8_20251024T041153Z.tif,tan20251023t052445c08s4001-A_l89_sr_LANDSAT_8_20251024T041153Z.tif
tan20251024t123433c76s4001-A,/mnt/engg-leung/Research_No9_Methane_Emissions/Yuyao/raw_data_dir_L89_L2SR_by_gee/tan20251024t123433c76s4001-A_l89_sr_LANDSAT_8_20251025T113353Z.tif,tan20251024t123433c76s4001-A_l89_sr_LANDSAT_8_20251025T113353Z.tif
