plume_id,l89_minus90,l89_minus360
ang20160910t185702-A,l8_minus90_LC80410362016158LGN01.tif,l8_minus360_LC80410362015267LGN01.tif
ang20160910t191651-A,l8_minus90_LC80410362016158LGN01.tif,l8_minus360_LC80410362015267LGN01.tif
ang20160910t192242-A,l8_minus90_LC80410362016158LGN01.tif,l8_minus360_LC80410362015267LGN01.tif
ang20160910t193531-A,l8_minus90_LC80410362016158LGN01.tif,l8_minus360_LC80410362015267LGN01.tif
ang20160910t193531-B,l8_minus90_LC80410362016158LGN01.tif,l8_minus360_LC80410362015267LGN01.tif
ang20160910t193531-C,l8_minus90_LC80410362016158LGN01.tif,l8_minus360_LC80410362015267LGN01.tif
ang20160910t193531-F,l8_minus90_LC80410362016158LGN01.tif,l8_minus360_LC80410362015267LGN01.tif
ang20160910t201644-A,l8_minus90_LC80410362016158LGN01.tif,l8_minus360_LC80410362015267LGN01.tif
ang20160910t204409-A,l8_minus90_LC80410362016158LGN01.tif,l8_minus360_LC80410362015267LGN01.tif
ang20160910t204409-C,l8_minus90_LC80410362016158LGN01.tif,l8_minus360_LC80410362015267LGN01.tif
ang20160910t205021-A,l8_minus90_LC80410362016158LGN01.tif,l8_minus360_LC80410362015267LGN01.tif
ang20160910t205021-E,l8_minus90_LC80410362016158LGN01.tif,l8_minus360_LC80410362015267LGN01.tif
ang20160910t214407-A,l8_minus90_LC80410362016158LGN01.tif,l8_minus360_LC80410362015267LGN01.tif
ang20160911t174834-C,l8_minus90_LC80410362016158LGN01.tif,l8_minus360_LC80410362015267LGN01.tif
ang20160911t174834-D,l8_minus90_LC80410362016158LGN01.tif,l8_minus360_LC80410362015267LGN01.tif
ang20160911t174834-E,l8_minus90_LC80410362016158LGN01.tif,l8_minus360_LC80410362015267LGN01.tif
ang20160911t213902-A,l8_minus90_LC80410362016158LGN01.tif,l8_minus360_LC80410362015267LGN01.tif
ang20160912t195241-A,l8_minus90_LC80410362016158LGN01.tif,l8_minus360_LC80410362015267LGN01.tif
ang20160912t201952-A,l8_minus90_LC80410362016158LGN01.tif,l8_minus360_LC80410362015267LGN01.tif
ang20160912t201952-B,l8_minus90_LC80410362016158LGN01.tif,l8_minus360_LC80410362015267LGN01.tif
ang20160912t201952-C,l8_minus90_LC80410362016158LGN01.tif,l8_minus360_LC80410362015267LGN01.tif
ang20160912t201952-D,l8_minus90_LC80410362016158LGN01.tif,l8_minus360_LC80410362015267LGN01.tif
ang20160912t202647-B,l8_minus90_LC80410362016158LGN01.tif,l8_minus360_LC80410362015267LGN01.tif
ang20160912t202647-F,l8_minus90_LC80410362016158LGN01.tif,l8_minus360_LC80410362015267LGN01.tif
ang20160912t204141-A,l8_minus90_LC80410362016158LGN01.tif,l8_minus360_LC80410362015267LGN01.tif
ang20160912t204933-A,l8_minus90_LC80410362016158LGN01.tif,l8_minus360_LC80410362015267LGN01.tif
ang20160912t204933-B,l8_minus90_LC80410362016158LGN01.tif,l8_minus360_LC80410362015267LGN01.tif
ang20160912t204933-C,l8_minus90_LC80410362016158LGN01.tif,l8_minus360_LC80410362015267LGN01.tif
ang20160912t205614-A,l8_minus90_LC80410362016158LGN01.tif,l8_minus360_LC80410362015267LGN01.tif
ang20160912t205614-B,l8_minus90_LC80410362016158LGN01.tif,l8_minus360_LC80410362015267LGN01.tif
ang20160912t205614-C,l8_minus90_LC80410362016158LGN01.tif,l8_minus360_LC80410362015267LGN01.tif
ang20160912t205614-D,l8_minus90_LC80410362016158LGN01.tif,l8_minus360_LC80410362015267LGN01.tif
ang20160912t220638-A,l8_minus90_LC80410362016158LGN01.tif,l8_minus360_LC80410362015267LGN01.tif
ang20160912t225718-B,l8_minus90_LC80410362016158LGN01.tif,l8_minus360_LC80410362015267LGN01.tif
ang20160913t190124-A,l8_minus90_LC80410362016158LGN01.tif,l8_minus360_LC80410362015267LGN01.tif
ang20160913t202108-B,l8_minus90_LC80410362016158LGN01.tif,l8_minus360_LC80410362015267LGN01.tif
ang20160913t203326-B,l8_minus90_LC80410362016158LGN01.tif,l8_minus360_LC80410362015267LGN01.tif
ang20160913t203326-C,l8_minus90_LC80410362016158LGN01.tif,l8_minus360_LC80410362015267LGN01.tif
ang20160913t204410-A,l8_minus90_LC80410362016158LGN01.tif,l8_minus360_LC80410362015267LGN01.tif
ang20160913t204410-C,l8_minus90_LC80410362016158LGN01.tif,l8_minus360_LC80410362015267LGN01.tif
ang20160913t204410-D,l8_minus90_LC80410362016158LGN01.tif,l8_minus360_LC80410362015267LGN01.tif
ang20160913t205656-C,l8_minus90_LC80410362016158LGN01.tif,l8_minus360_LC80410362015267LGN01.tif
ang20160913t210755-A,l8_minus90_LC80410362016158LGN01.tif,l8_minus360_LC80410362015267LGN01.tif
ang20160913t210755-B,l8_minus90_LC80410362016158LGN01.tif,l8_minus360_LC80410362015267LGN01.tif
ang20160913t210755-C,l8_minus90_LC80410362016158LGN01.tif,l8_minus360_LC80410362015267LGN01.tif
ang20160913t210755-D,l8_minus90_LC80410362016158LGN01.tif,l8_minus360_LC80410362015267LGN01.tif
ang20160913t212101-E,l8_minus90_LC80410362016158LGN01.tif,l8_minus360_LC80410362015267LGN01.tif
ang20160913t213245-A,l8_minus90_LC80410362016158LGN01.tif,l8_minus360_LC80410362015267LGN01.tif
ang20160913t213245-B,l8_minus90_LC80410362016158LGN01.tif,l8_minus360_LC80410362015267LGN01.tif
ang20160913t213245-C,l8_minus90_LC80410362016158LGN01.tif,l8_minus360_LC80410362015267LGN01.tif
ang20160913t213245-F,l8_minus90_LC80410362016158LGN01.tif,l8_minus360_LC80410362015267LGN01.tif
ang20160913t214607-C,l8_minus90_LC80410362016158LGN01.tif,l8_minus360_LC80410362015267LGN01.tif
ang20160913t214607-F,l8_minus90_LC80410362016158LGN01.tif,l8_minus360_LC80410362015267LGN01.tif
ang20160913t221144-A,l8_minus90_LC80410362016158LGN01.tif,l8_minus360_LC80410362015267LGN01.tif
ang20160913t221144-C,l8_minus90_LC80410362016158LGN01.tif,l8_minus360_LC80410362015267LGN01.tif
ang20160913t221144-D,l8_minus90_LC80410362016158LGN01.tif,l8_minus360_LC80410362015267LGN01.tif
ang20160913t221144-F,l8_minus90_LC80410362016158LGN01.tif,l8_minus360_LC80410362015267LGN01.tif
ang20160914t184032-A,l8_minus90_LC80410362016158LGN01.tif,l8_minus360_LC80410362015267LGN01.tif
ang20160914t184032-B,l8_minus90_LC80410362016158LGN01.tif,l8_minus360_LC80410362015267LGN01.tif
ang20160914t184032-C,l8_minus90_LC80410362016158LGN01.tif,l8_minus360_LC80410362015267LGN01.tif
ang20160914t185349-A,l8_minus90_LC80410362016158LGN01.tif,l8_minus360_LC80410362015267LGN01.tif
ang20160914t185349-B,l8_minus90_LC80410362016158LGN01.tif,l8_minus360_LC80410362015267LGN01.tif
ang20160914t185349-C,l8_minus90_LC80410362016158LGN01.tif,l8_minus360_LC80410362015267LGN01.tif
ang20160914t192133-B,l8_minus90_LC80410362016158LGN01.tif,l8_minus360_LC80410362015267LGN01.tif
ang20160914t193619-A,l8_minus90_LC80410362016158LGN01.tif,l8_minus360_LC80410362015267LGN01.tif
ang20160914t193619-D,l8_minus90_LC80410362016158LGN01.tif,l8_minus360_LC80410362015267LGN01.tif
ang20160914t200611-H,l8_minus90_LC80410362016158LGN01.tif,l8_minus360_LC80410362015267LGN01.tif
ang20160914t202059-A,l8_minus90_LC80410362016158LGN01.tif,l8_minus360_LC80410362015267LGN01.tif
ang20160914t202059-B,l8_minus90_LC80410362016158LGN01.tif,l8_minus360_LC80410362015267LGN01.tif
ang20160914t202059-E,l8_minus90_LC80410362016158LGN01.tif,l8_minus360_LC80410362015267LGN01.tif
ang20160914t203630-A,l8_minus90_LC80410362016158LGN01.tif,l8_minus360_LC80410362015267LGN01.tif
ang20160914t205235-B,l8_minus90_LC80410362016158LGN01.tif,l8_minus360_LC80410362015267LGN01.tif
ang20160914t205235-E,l8_minus90_LC80410362016158LGN01.tif,l8_minus360_LC80410362015267LGN01.tif
ang20160914t210910-B,l8_minus90_LC80410362016158LGN01.tif,l8_minus360_LC80410362015267LGN01.tif
ang20160914t210910-C,l8_minus90_LC80410362016158LGN01.tif,l8_minus360_LC80410362015267LGN01.tif
ang20160914t210910-G,l8_minus90_LC80410362016158LGN01.tif,l8_minus360_LC80410362015267LGN01.tif
ang20160914t214103-A,l8_minus90_LC80410362016158LGN01.tif,l8_minus360_LC80410362015267LGN01.tif
ang20160914t214103-B,l8_minus90_LC80410362016158LGN01.tif,l8_minus360_LC80410362015267LGN01.tif
ang20160915t180022-B,l8_minus90_LC80410362016158LGN01.tif,l8_minus360_LC80410362015267LGN01.tif
ang20160915t185210-A,l8_minus90_LC80410362016158LGN01.tif,l8_minus360_LC80410362015267LGN01.tif
ang20160915t190943-A,l8_minus90_LC80410362016158LGN01.tif,l8_minus360_LC80410362015267LGN01.tif
ang20160916t200814-A,l8_minus90_LC80410362016158LGN01.tif,l8_minus360_LC80410362015267LGN01.tif
ang20160916t200814-C,l8_minus90_LC80410362016158LGN01.tif,l8_minus360_LC80410362015267LGN01.tif
ang20160916t202433-D,l8_minus90_LC80410362016158LGN01.tif,l8_minus360_LC80410362015267LGN01.tif
ang20160916t202433-H,l8_minus90_LC80410362016158LGN01.tif,l8_minus360_LC80410362015267LGN01.tif
ang20160916t204345-B,l8_minus90_LC80410362016158LGN01.tif,l8_minus360_LC80410362015267LGN01.tif
ang20160916t205810-A,l8_minus90_LC80410362016158LGN01.tif,l8_minus360_LC80410362015267LGN01.tif
ang20160916t211157-F,l8_minus90_LC80410362016158LGN01.tif,l8_minus360_LC80410362015267LGN01.tif
ang20160916t212645-A,l8_minus90_LC80410362016158LGN01.tif,l8_minus360_LC80410362015267LGN01.tif
ang20160916t212645-B,l8_minus90_LC80410362016158LGN01.tif,l8_minus360_LC80410362015267LGN01.tif
ang20160916t221543-C,l8_minus90_LC80410362016158LGN01.tif,l8_minus360_LC80410362015267LGN01.tif
ang20160916t221543-D,l8_minus90_LC80410362016158LGN01.tif,l8_minus360_LC80410362015267LGN01.tif
ang20160917t181611-A,l8_minus90_LC80410362016158LGN01.tif,l8_minus360_LC80410362015267LGN01.tif
ang20160917t181611-B,l8_minus90_LC80410362016158LGN01.tif,l8_minus360_LC80410362015267LGN01.tif
ang20160917t185714-A,l8_minus90_LC80410362016158LGN01.tif,l8_minus360_LC80410362015267LGN01.tif
ang20160917t191047-A,l8_minus90_LC80410362016158LGN01.tif,l8_minus360_LC80410362015267LGN01.tif
ang20160917t192524-A,l8_minus90_LC80410362016158LGN01.tif,l8_minus360_LC80410362015267LGN01.tif
ang20160917t193841-A,l8_minus90_LC80410362016158LGN01.tif,l8_minus360_LC80410362015267LGN01.tif
ang20160917t193841-B,l8_minus90_LC80410362016158LGN01.tif,l8_minus360_LC80410362015267LGN01.tif
ang20160917t200444-A,l8_minus90_LC80410362016158LGN01.tif,l8_minus360_LC80410362015267LGN01.tif
ang20160917t210125-A,l8_minus90_LC80410362016158LGN01.tif,l8_minus360_LC80410362015267LGN01.tif
ang20160917t211125-B,l8_minus90_LC80410362016158LGN01.tif,l8_minus360_LC80410362015267LGN01.tif
ang20160917t211125-C,l8_minus90_LC80410362016158LGN01.tif,l8_minus360_LC80410362015267LGN01.tif
ang20160917t213418-C,l8_minus90_LC80410362016158LGN01.tif,l8_minus360_LC80410362015267LGN01.tif
ang20160917t224332-B,l8_minus90_LC80410362016158LGN01.tif,l8_minus360_LC80410362015267LGN01.tif
ang20160919t182830-A,l8_minus90_LC80410362016158LGN01.tif,l8_minus360_LC80410362015267LGN01.tif
ang20160919t182830-B,l8_minus90_LC80410362016158LGN01.tif,l8_minus360_LC80410362015267LGN01.tif
ang20160919t193800-A,l8_minus90_LC80410362016158LGN01.tif,l8_minus360_LC80410362015267LGN01.tif
ang20160919t203241-A,l8_minus90_LC80410362016158LGN01.tif,l8_minus360_LC80410362015267LGN01.tif
ang20160919t204619-A,l8_minus90_LC80410362016158LGN01.tif,l8_minus360_LC80410362015267LGN01.tif
ang20160919t204619-D,l8_minus90_LC80410362016158LGN01.tif,l8_minus360_LC80410362015267LGN01.tif
ang20160919t205955-A,l8_minus90_LC80410362016158LGN01.tif,l8_minus360_LC80410362015267LGN01.tif
ang20160919t205955-B,l8_minus90_LC80410362016158LGN01.tif,l8_minus360_LC80410362015267LGN01.tif
ang20160919t205955-C,l8_minus90_LC80410362016158LGN01.tif,l8_minus360_LC80410362015267LGN01.tif
ang20160919t211311-A,l8_minus90_LC80410362016158LGN01.tif,l8_minus360_LC80410362015267LGN01.tif
ang20160922t183143-B,l8_minus90_LC80410362016158LGN01.tif,l8_minus360_LC80410362015267LGN01.tif
ang20160922t183143-C,l8_minus90_LC80410362016158LGN01.tif,l8_minus360_LC80410362015267LGN01.tif
ang20160922t183143-F,l8_minus90_LC80410362016158LGN01.tif,l8_minus360_LC80410362015267LGN01.tif
ang20160922t184215-A,l8_minus90_LC80410362016158LGN01.tif,l8_minus360_LC80410362015267LGN01.tif
ang20160922t184215-D,l8_minus90_LC80410362016158LGN01.tif,l8_minus360_LC80410362015267LGN01.tif
ang20160922t185237-A,l8_minus90_LC80410362016158LGN01.tif,l8_minus360_LC80410362015267LGN01.tif
ang20160922t185237-B,l8_minus90_LC80410362016158LGN01.tif,l8_minus360_LC80410362015267LGN01.tif
ang20160922t191333-B,l8_minus90_LC80410362016158LGN01.tif,l8_minus360_LC80410362015267LGN01.tif
ang20160922t192359-B,l8_minus90_LC80410362016158LGN01.tif,l8_minus360_LC80410362015267LGN01.tif
ang20160922t192359-E,l8_minus90_LC80410362016158LGN01.tif,l8_minus360_LC80410362015267LGN01.tif
ang20160922t192359-G,l8_minus90_LC80410362016158LGN01.tif,l8_minus360_LC80410362015267LGN01.tif
ang20160922t193350-A,l8_minus90_LC80410362016158LGN01.tif,l8_minus360_LC80410362015267LGN01.tif
ang20160922t193350-B,l8_minus90_LC80410362016158LGN01.tif,l8_minus360_LC80410362015267LGN01.tif
ang20160922t193350-C,l8_minus90_LC80410362016158LGN01.tif,l8_minus360_LC80410362015267LGN01.tif
ang20160922t194340-B,l8_minus90_LC80410362016158LGN01.tif,l8_minus360_LC80410362015267LGN01.tif
ang20160922t195333-A,l8_minus90_LC80410362016158LGN01.tif,l8_minus360_LC80410362015267LGN01.tif
ang20160922t200330-E,l8_minus90_LC80410362016158LGN01.tif,l8_minus360_LC80410362015267LGN01.tif
ang20160922t200330-G,l8_minus90_LC80410362016158LGN01.tif,l8_minus360_LC80410362015267LGN01.tif
ang20160922t200330-H,l8_minus90_LC80410362016158LGN01.tif,l8_minus360_LC80410362015267LGN01.tif
ang20160922t201314-B,l8_minus90_LC80410362016158LGN01.tif,l8_minus360_LC80410362015267LGN01.tif
ang20160922t201314-C,l8_minus90_LC80410362016158LGN01.tif,l8_minus360_LC80410362015267LGN01.tif
ang20160922t201314-E,l8_minus90_LC80410362016158LGN01.tif,l8_minus360_LC80410362015267LGN01.tif
ang20160922t201314-G,l8_minus90_LC80410362016158LGN01.tif,l8_minus360_LC80410362015267LGN01.tif
ang20160922t202316-B,l8_minus90_LC80410362016158LGN01.tif,l8_minus360_LC80410362015267LGN01.tif
ang20160922t203245-D,l8_minus90_LC80410362016158LGN01.tif,l8_minus360_LC80410362015267LGN01.tif
ang20160922t203245-E,l8_minus90_LC80410362016158LGN01.tif,l8_minus360_LC80410362015267LGN01.tif
ang20160922t203245-F,l8_minus90_LC80410362016158LGN01.tif,l8_minus360_LC80410362015267LGN01.tif
ang20160922t204244-B,l8_minus90_LC80410362016158LGN01.tif,l8_minus360_LC80410362015267LGN01.tif
ang20160922t204244-C,l8_minus90_LC80410362016158LGN01.tif,l8_minus360_LC80410362015267LGN01.tif
ang20160922t205234-A,l8_minus90_LC80410362016158LGN01.tif,l8_minus360_LC80410362015267LGN01.tif
ang20160922t212208-A,l8_minus90_LC80410362016158LGN01.tif,l8_minus360_LC80410362015267LGN01.tif
ang20160922t213141-A,l8_minus90_LC80410362016158LGN01.tif,l8_minus360_LC80410362015267LGN01.tif
ang20160922t213141-C,l8_minus90_LC80410362016158LGN01.tif,l8_minus360_LC80410362015267LGN01.tif
ang20160922t213141-D,l8_minus90_LC80410362016158LGN01.tif,l8_minus360_LC80410362015267LGN01.tif
ang20160922t213141-E,l8_minus90_LC80410362016158LGN01.tif,l8_minus360_LC80410362015267LGN01.tif
ang20160922t213141-F,l8_minus90_LC80410362016158LGN01.tif,l8_minus360_LC80410362015267LGN01.tif
ang20160922t214116-A,l8_minus90_LC80410362016158LGN01.tif,l8_minus360_LC80410362015267LGN01.tif
ang20160925t170117-A,l8_minus90_LC80410362016158LGN01.tif,l8_minus360_LC80410362015267LGN01.tif
ang20160925t201200-A,l8_minus90_LC80410362016158LGN01.tif,l8_minus360_LC80410362015267LGN01.tif
ang20160925t201200-C,l8_minus90_LC80410362016158LGN01.tif,l8_minus360_LC80410362015267LGN01.tif
ang20160930t211208-B,l8_minus90_LC80410362016158LGN01.tif,l8_minus360_LC80410362015267LGN01.tif
ang20160930t211208-C,l8_minus90_LC80410362016158LGN01.tif,l8_minus360_LC80410362015267LGN01.tif
ang20160930t213004-C,l8_minus90_LC80410362016158LGN01.tif,l8_minus360_LC80410362015267LGN01.tif
ang20160930t221645-A,l8_minus90_LC80410362016158LGN01.tif,l8_minus360_LC80410362015267LGN01.tif
ang20160930t221645-B,l8_minus90_LC80410362016158LGN01.tif,l8_minus360_LC80410362015267LGN01.tif
ang20160930t223905-A,l8_minus90_LC80410362016158LGN01.tif,l8_minus360_LC80410362015267LGN01.tif
ang20160930t223905-C,l8_minus90_LC80410362016158LGN01.tif,l8_minus360_LC80410362015267LGN01.tif
ang20160930t223905-D,l8_minus90_LC80410362016158LGN01.tif,l8_minus360_LC80410362015267LGN01.tif
ang20161001t181046-A,l8_minus90_LC80410362016158LGN01.tif,l8_minus360_LC80410362015267LGN01.tif
ang20161001t184552-A,l8_minus90_LC80410362016158LGN01.tif,l8_minus360_LC80410362015267LGN01.tif
ang20161001t184552-B,l8_minus90_LC80410362016158LGN01.tif,l8_minus360_LC80410362015267LGN01.tif
ang20161001t184552-C,l8_minus90_LC80410362016158LGN01.tif,l8_minus360_LC80410362015267LGN01.tif
ang20161001t184552-D,l8_minus90_LC80410362016158LGN01.tif,l8_minus360_LC80410362015267LGN01.tif
ang20161001t184552-E,l8_minus90_LC80410362016158LGN01.tif,l8_minus360_LC80410362015267LGN01.tif
ang20161001t185608-A,l8_minus90_LC80410362016158LGN01.tif,l8_minus360_LC80410362015267LGN01.tif
ang20161001t185608-B,l8_minus90_LC80410362016158LGN01.tif,l8_minus360_LC80410362015267LGN01.tif
ang20161001t185608-C,l8_minus90_LC80410362016158LGN01.tif,l8_minus360_LC80410362015267LGN01.tif
ang20161001t185608-D,l8_minus90_LC80410362016158LGN01.tif,l8_minus360_LC80410362015267LGN01.tif
ang20161001t191157-A,l8_minus90_LC80410362016158LGN01.tif,l8_minus360_LC80410362015267LGN01.tif
ang20161001t192737-C,l8_minus90_LC80410362016158LGN01.tif,l8_minus360_LC80410362015267LGN01.tif
ang20161001t205456-A,l8_minus90_LC80410362016158LGN01.tif,l8_minus360_LC80410362015267LGN01.tif
ang20161001t205820-A,l8_minus90_LC80410362016158LGN01.tif,l8_minus360_LC80410362015267LGN01.tif
ang20161003t192244-A,l8_minus90_LC80410362016158LGN01.tif,l8_minus360_LC80410362015267LGN01.tif
ang20161003t193609-A,l8_minus90_LC80410362016158LGN01.tif,l8_minus360_LC80410362015267LGN01.tif
ang20161003t193609-B,l8_minus90_LC80410362016158LGN01.tif,l8_minus360_LC80410362015267LGN01.tif
ang20161003t200520-A,l8_minus90_LC80410362016158LGN01.tif,l8_minus360_LC80410362015267LGN01.tif
ang20161003t201042-A,l8_minus90_LC80410362016158LGN01.tif,l8_minus360_LC80410362015267LGN01.tif
ang20161003t201042-B,l8_minus90_LC80410362016158LGN01.tif,l8_minus360_LC80410362015267LGN01.tif
ang20161003t213256-A,l8_minus90_LC80410362016158LGN01.tif,l8_minus360_LC80410362015267LGN01.tif
ang20161005t182145-A,,l8_minus360_LC80410362015267LGN01.tif
ang20161005t182145-B,,l8_minus360_LC80410362015267LGN01.tif
ang20161005t184114-L,,l8_minus360_LC80410362015267LGN01.tif
ang20161005t194911-B,l8_minus90_LC80450342016170LGN01.tif,l8_minus360_LC80410362015267LGN01.tif
ang20161005t194911-C,l8_minus90_LC08_L2SP_045034_20160720_20200906_02_T1.tif,l8_minus360_LC80410362015267LGN01.tif
ang20161006t175913-A,l8_minus90_LC80410362016190LGN01.tif,l8_minus360_LC80410362015267LGN01.tif
ang20161006t180917-A,l8_minus90_LC80410362016190LGN01.tif,l8_minus360_LC80410362015267LGN01.tif
ang20161006t180917-B,l8_minus90_LC80410362016190LGN01.tif,l8_minus360_LC80410362015267LGN01.tif
ang20161006t180917-C,l8_minus90_LC80410362016190LGN01.tif,l8_minus360_LC80410362015267LGN01.tif
ang20161006t181839-B,l8_minus90_LC80410362016190LGN01.tif,l8_minus360_LC80410362015267LGN01.tif
ang20161006t184812-A,l8_minus90_LC80410362016190LGN01.tif,l8_minus360_LC80410362015267LGN01.tif
ang20161006t200146-A,l8_minus90_LC80410362016190LGN01.tif,l8_minus360_LC80410362015267LGN01.tif
ang20161008t172923-A,l8_minus90_LC80450342016170LGN01.tif,l8_minus360_LC80410362015267LGN01.tif
ang20161008t202359-G,l8_minus90_LC80450342016170LGN01.tif,l8_minus360_LC80410362015267LGN01.tif
ang20161008t202359-H,l8_minus90_LC80450342016170LGN01.tif,l8_minus360_LC80410362015267LGN01.tif
ang20161008t202359-I,l8_minus90_LC80450342016170LGN01.tif,l8_minus360_LC80410362015267LGN01.tif
ang20161008t202359-J,l8_minus90_LC80450342016170LGN01.tif,l8_minus360_LC80410362015267LGN01.tif
ang20161008t202359-K,l8_minus90_LC80450342016170LGN01.tif,l8_minus360_LC80410362015267LGN01.tif
ang20161008t202359-L,l8_minus90_LC80450342016170LGN01.tif,l8_minus360_LC80410362015267LGN01.tif
ang20161008t202359-M,l8_minus90_LC80450342016170LGN01.tif,l8_minus360_LC80410362015267LGN01.tif
ang20161008t202359-N,l8_minus90_LC80450342016170LGN01.tif,l8_minus360_LC80410362015267LGN01.tif
ang20161008t203001-A,l8_minus90_LC80450342016170LGN01.tif,l8_minus360_LC80410362015267LGN01.tif
ang20161008t203001-B,l8_minus90_LC80450342016170LGN01.tif,l8_minus360_LC80410362015267LGN01.tif
ang20161008t203001-C,l8_minus90_LC80450342016170LGN01.tif,l8_minus360_LC80410362015267LGN01.tif
ang20161008t203001-D,l8_minus90_LC80450342016170LGN01.tif,l8_minus360_LC80410362015267LGN01.tif
ang20161008t204039-A,l8_minus90_LC80450342016170LGN01.tif,l8_minus360_LC80410362015267LGN01.tif
ang20161008t204039-B,l8_minus90_LC80450342016170LGN01.tif,l8_minus360_LC80410362015267LGN01.tif
ang20161008t204039-C,l8_minus90_LC80450342016170LGN01.tif,l8_minus360_LC80410362015267LGN01.tif
ang20161008t204039-D,l8_minus90_LC80450342016170LGN01.tif,l8_minus360_LC80410362015267LGN01.tif
ang20161008t204039-E,l8_minus90_LC80450342016170LGN01.tif,l8_minus360_LC80410362015267LGN01.tif
ang20161008t204039-F,l8_minus90_LC80450342016170LGN01.tif,l8_minus360_LC80410362015267LGN01.tif
ang20161008t204039-G,l8_minus90_LC80450342016170LGN01.tif,l8_minus360_LC80410362015267LGN01.tif
ang20161008t204039-H,l8_minus90_LC80450342016170LGN01.tif,l8_minus360_LC80410362015267LGN01.tif
ang20161008t204039-I,l8_minus90_LC80450342016170LGN01.tif,l8_minus360_LC80410362015267LGN01.tif
ang20161008t204039-J,l8_minus90_LC80450342016170LGN01.tif,l8_minus360_LC80410362015267LGN01.tif
ang20161008t204039-K,l8_minus90_LC80450342016170LGN01.tif,l8_minus360_LC80410362015267LGN01.tif
ang20161008t204039-L,l8_minus90_LC80450342016170LGN01.tif,l8_minus360_LC80410362015267LGN01.tif
ang20161008t204651-A,l8_minus90_LC80450342016170LGN01.tif,l8_minus360_LC80410362015267LGN01.tif
ang20161008t204651-B,l8_minus90_LC80450342016170LGN01.tif,l8_minus360_LC80410362015267LGN01.tif
ang20161008t204651-C,l8_minus90_LC80450342016170LGN01.tif,l8_minus360_LC80410362015267LGN01.tif
ang20161008t204651-D,l8_minus90_LC80450342016170LGN01.tif,l8_minus360_LC80410362015267LGN01.tif
ang20161008t204651-E,l8_minus90_LC80450342016170LGN01.tif,l8_minus360_LC80410362015267LGN01.tif
ang20161008t205502-H,l8_minus90_LC80450342016170LGN01.tif,l8_minus360_LC80410362015267LGN01.tif
ang20161008t205502-L,l8_minus90_LC80450342016170LGN01.tif,l8_minus360_LC80410362015267LGN01.tif
ang20161008t210116-A,l8_minus90_LC80450342016170LGN01.tif,l8_minus360_LC80410362015267LGN01.tif
ang20161008t210116-B,l8_minus90_LC80450342016170LGN01.tif,l8_minus360_LC80410362015267LGN01.tif
ang20161008t210116-C,l8_minus90_LC80450342016170LGN01.tif,l8_minus360_LC80410362015267LGN01.tif
ang20161008t210604-A,l8_minus90_LC80450342016170LGN01.tif,l8_minus360_LC80410362015267LGN01.tif
ang20161008t210604-B,l8_minus90_LC80450342016170LGN01.tif,l8_minus360_LC80410362015267LGN01.tif
ang20161008t210604-C,l8_minus90_LC80450342016170LGN01.tif,l8_minus360_LC80410362015267LGN01.tif
ang20161008t210604-D,l8_minus90_LC80450342016170LGN01.tif,l8_minus360_LC80410362015267LGN01.tif
ang20161008t210604-E,l8_minus90_LC80450342016170LGN01.tif,l8_minus360_LC80410362015267LGN01.tif
ang20161008t211115-A,l8_minus90_LC80450342016170LGN01.tif,l8_minus360_LC80410362015267LGN01.tif
ang20161008t211115-B,l8_minus90_LC80450342016170LGN01.tif,l8_minus360_LC80410362015267LGN01.tif
ang20161008t211115-D,l8_minus90_LC80450342016170LGN01.tif,l8_minus360_LC80410362015267LGN01.tif
ang20161008t211115-E,l8_minus90_LC80450342016170LGN01.tif,l8_minus360_LC80410362015267LGN01.tif
ang20161008t211115-H,l8_minus90_LC80450342016170LGN01.tif,l8_minus360_LC80410362015267LGN01.tif
ang20161008t211115-I,l8_minus90_LC80450342016170LGN01.tif,l8_minus360_LC80410362015267LGN01.tif
ang20161008t211115-J,l8_minus90_LC80450342016170LGN01.tif,l8_minus360_LC80410362015267LGN01.tif
ang20161008t211637-B,l8_minus90_LC80450342016170LGN01.tif,l8_minus360_LC80410362015267LGN01.tif
ang20161008t211637-C,l8_minus90_LC80450342016170LGN01.tif,l8_minus360_LC80410362015267LGN01.tif
ang20161008t211637-D,l8_minus90_LC80450342016170LGN01.tif,l8_minus360_LC80410362015267LGN01.tif
ang20161008t211637-E,l8_minus90_LC80450342016170LGN01.tif,l8_minus360_LC80410362015267LGN01.tif
ang20161008t211637-H,l8_minus90_LC80450342016170LGN01.tif,l8_minus360_LC80410362015267LGN01.tif
ang20161008t211637-I,l8_minus90_LC80450342016170LGN01.tif,l8_minus360_LC80410362015267LGN01.tif
ang20161008t211637-J,l8_minus90_LC80450342016170LGN01.tif,l8_minus360_LC80410362015267LGN01.tif
ang20161008t211637-K,l8_minus90_LC80450342016170LGN01.tif,l8_minus360_LC80410362015267LGN01.tif
ang20161008t212326-A,l8_minus90_LC80450342016170LGN01.tif,l8_minus360_LC80410362015267LGN01.tif
ang20161008t212326-B,l8_minus90_LC80450342016170LGN01.tif,l8_minus360_LC80410362015267LGN01.tif
ang20161008t212326-C,l8_minus90_LC80450342016170LGN01.tif,l8_minus360_LC80410362015267LGN01.tif
ang20161008t212326-F,l8_minus90_LC80450342016170LGN01.tif,l8_minus360_LC80410362015267LGN01.tif
ang20161008t212816-A,l8_minus90_LC80450342016170LGN01.tif,l8_minus360_LC80410362015267LGN01.tif
ang20161008t213309-C,l8_minus90_LC80450342016170LGN01.tif,l8_minus360_LC80410362015267LGN01.tif
ang20161008t213309-D,l8_minus90_LC80450342016170LGN01.tif,l8_minus360_LC80410362015267LGN01.tif
ang20161008t213309-H,l8_minus90_LC80450342016170LGN01.tif,l8_minus360_LC80410362015267LGN01.tif
ang20161008t213309-I,l8_minus90_LC80450342016170LGN01.tif,l8_minus360_LC80410362015267LGN01.tif
ang20161008t213955-B,l8_minus90_LC80450342016170LGN01.tif,l8_minus360_LC80410362015267LGN01.tif
ang20161008t213955-C,l8_minus90_LC80450342016170LGN01.tif,l8_minus360_LC80410362015267LGN01.tif
ang20161008t213955-E,l8_minus90_LC80450342016170LGN01.tif,l8_minus360_LC80410362015267LGN01.tif
ang20161008t213955-G,l8_minus90_LC80450342016170LGN01.tif,l8_minus360_LC80410362015267LGN01.tif
ang20161008t213955-H,l8_minus90_LC80450342016170LGN01.tif,l8_minus360_LC80410362015267LGN01.tif
ang20161008t213955-J,l8_minus90_LC80450342016170LGN01.tif,l8_minus360_LC80410362015267LGN01.tif
ang20161008t213955-K,l8_minus90_LC80450342016170LGN01.tif,l8_minus360_LC80410362015267LGN01.tif
ang20161008t213955-N,l8_minus90_LC80450342016170LGN01.tif,l8_minus360_LC80410362015267LGN01.tif
ang20161008t213955-O,l8_minus90_LC80450342016170LGN01.tif,l8_minus360_LC80410362015267LGN01.tif
ang20161008t213955-P,l8_minus90_LC80450342016170LGN01.tif,l8_minus360_LC80410362015267LGN01.tif
ang20161008t213955-Q,l8_minus90_LC80450342016170LGN01.tif,l8_minus360_LC80410362015267LGN01.tif
ang20161008t220452-A,l8_minus90_LC80450342016170LGN01.tif,l8_minus360_LC80410362015267LGN01.tif
ang20161011t175549-A,l8_minus90_LC80450342016170LGN01.tif,l8_minus360_LC80410362015267LGN01.tif
ang20161011t175549-B,l8_minus90_LC80450342016170LGN01.tif,l8_minus360_LC80410362015267LGN01.tif
ang20161011t175549-C,l8_minus90_LC80450342016170LGN01.tif,l8_minus360_LC80410362015267LGN01.tif
ang20161011t175549-D,l8_minus90_LC80450342016170LGN01.tif,l8_minus360_LC80410362015267LGN01.tif
ang20161011t175549-E,l8_minus90_LC80450342016170LGN01.tif,l8_minus360_LC80410362015267LGN01.tif
ang20161011t175549-F,l8_minus90_LC80450342016170LGN01.tif,l8_minus360_LC80410362015267LGN01.tif
ang20161011t175549-G,l8_minus90_LC80450342016170LGN01.tif,l8_minus360_LC80410362015267LGN01.tif
ang20161011t175549-H,l8_minus90_LC80450342016170LGN01.tif,l8_minus360_LC80410362015267LGN01.tif
ang20161011t222838-A,l8_minus90_LC80450342016170LGN01.tif,l8_minus360_LC80410362015267LGN01.tif
ang20161012t193125-A,l8_minus90_LC80450342016170LGN01.tif,l8_minus360_LC80410362015267LGN01.tif
ang20161012t193711-A,l8_minus90_LC80450342016170LGN01.tif,l8_minus360_LC80410362015267LGN01.tif
ang20161025t182854-A,l8_minus90_LC80410362016206LGN01.tif,l8_minus360_LC80410362015299LGN01.tif
ang20161025t183759-A,l8_minus90_LC80410362016190LGN01.tif,l8_minus360_LC80410362015299LGN01.tif
ang20161025t184653-A,l8_minus90_LC80410362016190LGN01.tif,l8_minus360_LC80410362015299LGN01.tif
ang20161025t184653-B,l8_minus90_LC80410362016190LGN01.tif,l8_minus360_LC80410362015299LGN01.tif
ang20161025t184653-C,l8_minus90_LC80410362016190LGN01.tif,l8_minus360_LC80410362015299LGN01.tif
ang20161025t184653-D,l8_minus90_LC80410362016190LGN01.tif,l8_minus360_LC80410362015299LGN01.tif
ang20161025t184653-E,l8_minus90_LC80410362016190LGN01.tif,l8_minus360_LC80410362015299LGN01.tif
ang20161025t190448-A,l8_minus90_LC80410362016190LGN01.tif,l8_minus360_LC80410362015299LGN01.tif
ang20161025t191331-A,l8_minus90_LC80410362016206LGN01.tif,l8_minus360_LC80410362015299LGN01.tif
ang20161025t191331-B,l8_minus90_LC80410362016206LGN01.tif,l8_minus360_LC80410362015299LGN01.tif
ang20161025t191331-C,l8_minus90_LC80410362016206LGN01.tif,l8_minus360_LC80410362015299LGN01.tif
ang20161025t191331-F,l8_minus90_LC80410362016206LGN01.tif,l8_minus360_LC80410362015299LGN01.tif
ang20161025t192103-A,l8_minus90_LC80410362016206LGN01.tif,l8_minus360_LC80410362015299LGN01.tif
ang20161025t192103-E,l8_minus90_LC80410362016206LGN01.tif,l8_minus360_LC80410362015299LGN01.tif
ang20161025t192103-G,l8_minus90_LC80410362016206LGN01.tif,l8_minus360_LC80410362015299LGN01.tif
ang20161025t192103-H,l8_minus90_LC80410362016206LGN01.tif,l8_minus360_LC80410362015299LGN01.tif
ang20161025t192103-J,l8_minus90_LC80410362016206LGN01.tif,l8_minus360_LC80410362015299LGN01.tif
ang20161025t192916-A,l8_minus90_LC80410362016206LGN01.tif,l8_minus360_LC80410362015299LGN01.tif
ang20161025t192916-B,l8_minus90_LC80410362016206LGN01.tif,l8_minus360_LC80410362015299LGN01.tif
ang20161025t192916-K,l8_minus90_LC80410362016206LGN01.tif,l8_minus360_LC80410362015299LGN01.tif
ang20161025t192916-M,l8_minus90_LC80410362016206LGN01.tif,l8_minus360_LC80410362015299LGN01.tif
ang20161025t192916-P,l8_minus90_LC80410362016206LGN01.tif,l8_minus360_LC80410362015299LGN01.tif
ang20161025t193700-A,l8_minus90_LC80410362016206LGN01.tif,l8_minus360_LC80410362015299LGN01.tif
ang20161025t193700-B,l8_minus90_LC80410362016206LGN01.tif,l8_minus360_LC80410362015299LGN01.tif
ang20161025t193700-C,l8_minus90_LC80410362016206LGN01.tif,l8_minus360_LC80410362015299LGN01.tif
ang20161025t193700-D,l8_minus90_LC80410362016206LGN01.tif,l8_minus360_LC80410362015299LGN01.tif
ang20161025t193700-E,l8_minus90_LC80410362016206LGN01.tif,l8_minus360_LC80410362015299LGN01.tif
ang20161025t193700-F,l8_minus90_LC80410362016206LGN01.tif,l8_minus360_LC80410362015299LGN01.tif
ang20161025t195150-A,l8_minus90_LC80410362016206LGN01.tif,l8_minus360_LC80410362015299LGN01.tif
ang20161025t195150-B,l8_minus90_LC80410362016206LGN01.tif,l8_minus360_LC80410362015299LGN01.tif
ang20161025t195642-B,l8_minus90_LC80410362016206LGN01.tif,l8_minus360_LC80410362015299LGN01.tif
ang20161025t224252-A,l8_minus90_LC80410362016206LGN01.tif,l8_minus360_LC80410362015299LGN01.tif
ang20161025t230649-A,l8_minus90_LC80410362016206LGN01.tif,l8_minus360_LC80410362015299LGN01.tif
ang20161026t173255-A,l8_minus90_LC80410362016206LGN01.tif,l8_minus360_LC80410362015299LGN01.tif
ang20161026t173255-B,l8_minus90_LC80410362016206LGN01.tif,l8_minus360_LC80410362015299LGN01.tif
ang20161026t180214-A,l8_minus90_LC80410362016206LGN01.tif,l8_minus360_LC80410362015299LGN01.tif
ang20161026t180214-B,l8_minus90_LC80410362016206LGN01.tif,l8_minus360_LC80410362015299LGN01.tif
ang20161026t182549-A,l8_minus90_LC80410362016206LGN01.tif,l8_minus360_LC80410362015299LGN01.tif
ang20161029t185045-A,l8_minus90_LC80410362016206LGN01.tif,l8_minus360_LC80410362015299LGN01.tif
ang20161029t193022-A,l8_minus90_LC80410362016206LGN01.tif,l8_minus360_LC80410362015299LGN01.tif
ang20161029t195217-A,l8_minus90_LC80410362016206LGN01.tif,l8_minus360_LC80410362015299LGN01.tif
ang20161029t200719-B,l8_minus90_LC80410362016206LGN01.tif,l8_minus360_LC80410362015299LGN01.tif
ang20161029t200719-C,l8_minus90_LC80410362016206LGN01.tif,l8_minus360_LC80410362015299LGN01.tif
ang20161029t200719-D,l8_minus90_LC80410362016206LGN01.tif,l8_minus360_LC80410362015299LGN01.tif
ang20161029t201950-A,l8_minus90_LC80410362016206LGN01.tif,l8_minus360_LC80410362015299LGN01.tif
ang20161029t201950-B,l8_minus90_LC80410362016206LGN01.tif,l8_minus360_LC80410362015299LGN01.tif
ang20161029t201950-C,l8_minus90_LC80410362016206LGN01.tif,l8_minus360_LC80410362015299LGN01.tif
ang20161029t201950-D,l8_minus90_LC80410362016206LGN01.tif,l8_minus360_LC80410362015299LGN01.tif
ang20161029t201950-E,l8_minus90_LC80410362016206LGN01.tif,l8_minus360_LC80410362015299LGN01.tif
ang20161029t204732-A,l8_minus90_LC80410362016206LGN01.tif,l8_minus360_LC80410362015299LGN01.tif
ang20161029t204732-B,l8_minus90_LC80410362016206LGN01.tif,l8_minus360_LC80410362015299LGN01.tif
ang20161029t204732-C,l8_minus90_LC80410362016206LGN01.tif,l8_minus360_LC80410362015299LGN01.tif
ang20161029t205722-B,l8_minus90_LC80410362016206LGN01.tif,l8_minus360_LC80410362015299LGN01.tif
ang20161029t205722-C,l8_minus90_LC80410362016206LGN01.tif,l8_minus360_LC80410362015299LGN01.tif
ang20161029t205722-D,l8_minus90_LC80410362016206LGN01.tif,l8_minus360_LC80410362015299LGN01.tif
ang20161029t205722-E,l8_minus90_LC80410362016206LGN01.tif,l8_minus360_LC80410362015299LGN01.tif
ang20161029t215438-A,l8_minus90_LC80410362016206LGN01.tif,l8_minus360_LC80410362015299LGN01.tif
ang20161029t221748-A,l8_minus90_LC80410362016206LGN01.tif,l8_minus360_LC80410362015299LGN01.tif
ang20161102t201413-A,l8_minus90_LC80410362016206LGN01.tif,l8_minus360_LC80410362015299LGN01.tif
ang20161103t173708-A,l8_minus90_LC80410362016206LGN01.tif,l8_minus360_LC80410362015299LGN01.tif
ang20161103t221806-A,l8_minus90_LC80410362016206LGN01.tif,l8_minus360_LC80410362015299LGN01.tif
ang20161103t221806-B,l8_minus90_LC80410362016206LGN01.tif,l8_minus360_LC80410362015299LGN01.tif
ang20161103t222451-A,l8_minus90_LC80410362016206LGN01.tif,l8_minus360_LC80410362015299LGN01.tif
ang20161103t222451-B,l8_minus90_LC80410362016206LGN01.tif,l8_minus360_LC80410362015299LGN01.tif
ang20161103t224501-A,l8_minus90_LC80410362016206LGN01.tif,l8_minus360_LC80410362015299LGN01.tif
ang20161103t224501-B,l8_minus90_LC80410362016206LGN01.tif,l8_minus360_LC80410362015299LGN01.tif
ang20161104t183025-A,l8_minus90_LC80410362016206LGN01.tif,l8_minus360_LC80410362015299LGN01.tif
ang20161104t183025-B,l8_minus90_LC80410362016206LGN01.tif,l8_minus360_LC80410362015299LGN01.tif
ang20161104t185742-A,l8_minus90_LC80410362016206LGN01.tif,l8_minus360_LC80410362015299LGN01.tif
ang20161104t185742-B,l8_minus90_LC80410362016206LGN01.tif,l8_minus360_LC80410362015299LGN01.tif
ang20161104t185742-C,l8_minus90_LC80410362016206LGN01.tif,l8_minus360_LC80410362015299LGN01.tif
ang20161104t190838-A,l8_minus90_LC80410362016206LGN01.tif,l8_minus360_LC80410362015299LGN01.tif
ang20161104t190838-B,l8_minus90_LC80410362016206LGN01.tif,l8_minus360_LC80410362015299LGN01.tif
ang20161104t190838-C,l8_minus90_LC80410362016206LGN01.tif,l8_minus360_LC80410362015299LGN01.tif
ang20161104t190838-E,l8_minus90_LC80410362016206LGN01.tif,l8_minus360_LC80410362015299LGN01.tif
ang20161104t190838-H,l8_minus90_LC80410362016206LGN01.tif,l8_minus360_LC80410362015299LGN01.tif
ang20161104t190838-I,l8_minus90_LC80410362016206LGN01.tif,l8_minus360_LC80410362015299LGN01.tif
ang20161104t195416-A,l8_minus90_LC80410362016206LGN01.tif,l8_minus360_LC80410362015299LGN01.tif
ang20170309t191857-C,l8_minus90_LC80410362016334LGN01.tif,l8_minus360_LC80410362016078LGN01.tif
ang20170309t191857-D,l8_minus90_LC80410362016334LGN01.tif,l8_minus360_LC80410362016078LGN01.tif
ang20170309t194008-B,l8_minus90_LC80410362016334LGN01.tif,l8_minus360_LC80410352016078LGN01.tif
ang20170309t194008-C,l8_minus90_LC80410362016334LGN01.tif,l8_minus360_LC80410352016078LGN01.tif
ang20170309t195546-A,l8_minus90_LC80410362016334LGN01.tif,l8_minus360_LC80410352016078LGN01.tif
ang20170309t195546-B,l8_minus90_LC80410362016334LGN01.tif,l8_minus360_LC80410352016078LGN01.tif
ang20170309t201212-A,l8_minus90_LC80420352016357LGN01.tif,l8_minus360_LC80420352016069LGN01.tif
ang20170309t202411-A,l8_minus90_LC80420352016357LGN01.tif,l8_minus360_LC80420352016069LGN01.tif
ang20170309t202411-C,l8_minus90_LC80410362016334LGN01.tif,l8_minus360_LC80420352016069LGN01.tif
ang20170309t202411-D,l8_minus90_LC80410362016334LGN01.tif,l8_minus360_LC80410362016078LGN01.tif
ang20170309t202411-E,l8_minus90_LC80410362016334LGN01.tif,l8_minus360_LC80410362016078LGN01.tif
ang20170309t202411-F,l8_minus90_LC80410362016334LGN01.tif,l8_minus360_LC80410362016078LGN01.tif
ang20170309t202411-H,l8_minus90_LC80410362016334LGN01.tif,l8_minus360_LC80410362016078LGN01.tif
ang20170309t202411-J,l8_minus90_LC80410362016334LGN01.tif,l8_minus360_LC80410362016078LGN01.tif
ang20170309t202411-K,l8_minus90_LC80410362016334LGN01.tif,l8_minus360_LC80410362016078LGN01.tif
ang20170309t202411-L,l8_minus90_LC80410362016334LGN01.tif,l8_minus360_LC80410362016078LGN01.tif
ang20170309t214329-C,l8_minus90_LC80410362016334LGN01.tif,l8_minus360_LC80410362016078LGN01.tif
ang20170615t203702-A,,l8_minus360_LC80410362016174LGN01.tif
ang20170615t210701-A,l8_minus90_LC80420362017071LGN00.tif,l8_minus360_LC80410362016174LGN01.tif
ang20170615t210701-B,l8_minus90_LC80420362017071LGN00.tif,l8_minus360_LC80410362016174LGN01.tif
ang20170615t211644-A,,l8_minus360_LC80410362016174LGN01.tif
ang20170615t220302-B,l8_minus90_LC80420362017071LGN00.tif,l8_minus360_LC80410362016174LGN01.tif
ang20170615t220302-C,l8_minus90_LC80420362017071LGN00.tif,l8_minus360_LC80410362016174LGN01.tif
ang20170615t223601-A,l8_minus90_LC80420352017071LGN00.tif,l8_minus360_LC80410352016174LGN01.tif
ang20170615t223601-C,l8_minus90_LC80420352017071LGN00.tif,l8_minus360_LC80410352016174LGN01.tif
ang20170615t223601-E,l8_minus90_LC80420362017071LGN00.tif,l8_minus360_LC80410362016174LGN01.tif
ang20170615t230609-A,l8_minus90_LC80420362017071LGN00.tif,l8_minus360_LC80410362016174LGN01.tif
ang20170615t230609-B,l8_minus90_LC80420362017071LGN00.tif,l8_minus360_LC80410362016174LGN01.tif
ang20170615t230609-D,l8_minus90_LC80420362017071LGN00.tif,l8_minus360_LC80410362016174LGN01.tif
ang20170615t232626-A,l8_minus90_LC80420362017071LGN00.tif,l8_minus360_LC80410362016174LGN01.tif
ang20170615t233419-A,l8_minus90_LC80420362017071LGN00.tif,l8_minus360_LC80410362016174LGN01.tif
ang20170615t233419-B,l8_minus90_LC80420362017071LGN00.tif,l8_minus360_LC80410362016174LGN01.tif
ang20170615t233419-C,l8_minus90_LC80420362017071LGN00.tif,l8_minus360_LC80410362016174LGN01.tif
ang20170615t233419-D,l8_minus90_LC80420362017071LGN00.tif,l8_minus360_LC80410362016174LGN01.tif
ang20170615t233419-E,l8_minus90_LC80420362017071LGN00.tif,l8_minus360_LC80410362016174LGN01.tif
ang20170615t234140-A,l8_minus90_LC80420362017071LGN00.tif,l8_minus360_LC80410362016174LGN01.tif
ang20170615t234140-B,l8_minus90_LC80420362017071LGN00.tif,l8_minus360_LC80410362016174LGN01.tif
ang20170615t234140-C,l8_minus90_LC80420362017071LGN00.tif,l8_minus360_LC80410362016174LGN01.tif
ang20170615t234140-D,l8_minus90_LC80420362017071LGN00.tif,l8_minus360_LC80410362016174LGN01.tif
ang20170615t234140-E,l8_minus90_LC80420362017071LGN00.tif,l8_minus360_LC80410362016174LGN01.tif
ang20170615t234140-F,l8_minus90_LC80420362017071LGN00.tif,l8_minus360_LC80410362016174LGN01.tif
ang20170615t234140-G,l8_minus90_LC80420362017071LGN00.tif,l8_minus360_LC80410362016174LGN01.tif
ang20170615t234922-A,l8_minus90_LC80420362017071LGN00.tif,l8_minus360_LC80410362016174LGN01.tif
ang20170615t234922-B,l8_minus90_LC80420362017071LGN00.tif,l8_minus360_LC80410362016174LGN01.tif
ang20170615t234922-C,l8_minus90_LC80420362017071LGN00.tif,l8_minus360_LC80410362016174LGN01.tif
ang20170615t234922-D,l8_minus90_LC80420362017071LGN00.tif,l8_minus360_LC80410362016174LGN01.tif
ang20170616t194729-B,l8_minus90_LC80420362017071LGN00.tif,l8_minus360_LC80410362016174LGN01.tif
ang20170616t195956-A,l8_minus90_LC80420362017071LGN00.tif,l8_minus360_LC80410362016174LGN01.tif
ang20170616t195956-E,l8_minus90_LC80420362017071LGN00.tif,l8_minus360_LC80410362016174LGN01.tif
ang20170616t200614-A,l8_minus90_LC80420362017071LGN00.tif,l8_minus360_LC80410362016174LGN01.tif
ang20170616t200614-B,l8_minus90_LC80420362017071LGN00.tif,l8_minus360_LC80410362016174LGN01.tif
ang20170616t200614-C,l8_minus90_LC80420362017071LGN00.tif,l8_minus360_LC80410362016174LGN01.tif
ang20170616t200614-D,l8_minus90_LC80420362017071LGN00.tif,l8_minus360_LC80410362016174LGN01.tif
ang20170616t201635-C,l8_minus90_LC80420362017071LGN00.tif,l8_minus360_LC80410362016174LGN01.tif
ang20170616t202241-A,l8_minus90_LC80420362017071LGN00.tif,l8_minus360_LC80410362016174LGN01.tif
ang20170616t203426-A,l8_minus90_LC80420362017071LGN00.tif,l8_minus360_LC80410362016174LGN01.tif
ang20170616t203426-B,l8_minus90_LC80420362017071LGN00.tif,l8_minus360_LC80410362016174LGN01.tif
ang20170616t203426-C,l8_minus90_LC80420362017071LGN00.tif,l8_minus360_LC80410362016174LGN01.tif
ang20170616t203426-D,l8_minus90_LC80420362017071LGN00.tif,l8_minus360_LC80410362016174LGN01.tif
ang20170616t204313-A,l8_minus90_LC80420362017071LGN00.tif,l8_minus360_LC80410362016174LGN01.tif
ang20170616t204313-B,l8_minus90_LC80420362017071LGN00.tif,l8_minus360_LC80410362016174LGN01.tif
ang20170616t204313-C,l8_minus90_LC80420362017071LGN00.tif,l8_minus360_LC80410362016174LGN01.tif
ang20170616t204313-D,l8_minus90_LC80420362017071LGN00.tif,l8_minus360_LC80410362016174LGN01.tif
ang20170616t204313-F,l8_minus90_LC80420362017071LGN00.tif,l8_minus360_LC80410362016174LGN01.tif
ang20170616t204313-G,l8_minus90_LC80420362017071LGN00.tif,l8_minus360_LC80410362016174LGN01.tif
ang20170616t204313-H,l8_minus90_LC80420362017071LGN00.tif,l8_minus360_LC80410362016174LGN01.tif
ang20170616t204313-K,l8_minus90_LC80420362017071LGN00.tif,l8_minus360_LC80410362016174LGN01.tif
ang20170616t204313-M,l8_minus90_LC80420362017071LGN00.tif,l8_minus360_LC80410362016174LGN01.tif
ang20170616t205457-B,l8_minus90_LC80420362017071LGN00.tif,l8_minus360_LC80410362016174LGN01.tif
ang20170616t205457-C,l8_minus90_LC80420362017071LGN00.tif,l8_minus360_LC80410362016174LGN01.tif
ang20170616t210522-B,l8_minus90_LC80420362017071LGN00.tif,l8_minus360_LC80410362016174LGN01.tif
ang20170616t210522-D,l8_minus90_LC80420362017071LGN00.tif,l8_minus360_LC80410362016174LGN01.tif
ang20170616t210522-F,l8_minus90_LC80420362017071LGN00.tif,l8_minus360_LC80410362016174LGN01.tif
ang20170616t210522-H,l8_minus90_LC80420362017071LGN00.tif,l8_minus360_LC80410362016174LGN01.tif
ang20170616t210522-J,l8_minus90_LC80420362017071LGN00.tif,l8_minus360_LC80410362016174LGN01.tif
ang20170616t212046-A,l8_minus90_LC80420362017071LGN00.tif,l8_minus360_LC80410362016174LGN01.tif
ang20170616t212046-C,l8_minus90_LC80420362017071LGN00.tif,l8_minus360_LC80410362016174LGN01.tif
ang20170616t212046-E,l8_minus90_LC80420362017071LGN00.tif,l8_minus360_LC80410362016174LGN01.tif
ang20170616t213844-A,l8_minus90_LC80420362017071LGN00.tif,l8_minus360_LC80410362016174LGN01.tif
ang20170616t215026-A,l8_minus90_LC80420362017071LGN00.tif,l8_minus360_LC80410362016174LGN01.tif
ang20170616t215026-B,l8_minus90_LC80420362017071LGN00.tif,l8_minus360_LC80410362016174LGN01.tif
ang20170617t182131-A,l8_minus90_LC80420362017071LGN00.tif,l8_minus360_LC80410362016174LGN01.tif
ang20170617t185116-A,l8_minus90_LC80420362017071LGN00.tif,l8_minus360_LC80410362016174LGN01.tif
ang20170617t194950-B,l8_minus90_LC80420362017071LGN00.tif,l8_minus360_LC80410362016174LGN01.tif
ang20170617t200737-B,l8_minus90_LC80420362017071LGN00.tif,l8_minus360_LC80410362016174LGN01.tif
ang20170617t200737-C,l8_minus90_LC80420362017071LGN00.tif,l8_minus360_LC80410362016174LGN01.tif
ang20170617t200737-E,l8_minus90_LC80420362017071LGN00.tif,l8_minus360_LC80410362016174LGN01.tif
ang20170617t200737-F,l8_minus90_LC80420362017071LGN00.tif,l8_minus360_LC80410362016174LGN01.tif
ang20170617t200737-G,l8_minus90_LC80420362017071LGN00.tif,l8_minus360_LC80410362016174LGN01.tif
ang20170618t173515-A,l8_minus90_LC80420362017071LGN00.tif,l8_minus360_LC80410362016174LGN01.tif
ang20170618t173515-B,l8_minus90_LC80420362017071LGN00.tif,l8_minus360_LC80410362016174LGN01.tif
ang20170618t175130-A,l8_minus90_LC80420362017071LGN00.tif,l8_minus360_LC80410362016174LGN01.tif
ang20170618t182621-D,l8_minus90_LC80420362017071LGN00.tif,l8_minus360_LC80410362016174LGN01.tif
ang20170618t182621-F,l8_minus90_LC80420362017071LGN00.tif,l8_minus360_LC80410362016174LGN01.tif
ang20170618t182621-H,l8_minus90_LC80420362017071LGN00.tif,l8_minus360_LC80410362016174LGN01.tif
ang20170618t182621-M,l8_minus90_LC80420362017071LGN00.tif,l8_minus360_LC80410362016174LGN01.tif
ang20170618t182621-N,l8_minus90_LC80420362017071LGN00.tif,l8_minus360_LC80410362016174LGN01.tif
ang20170618t182621-O,l8_minus90_LC80420362017071LGN00.tif,l8_minus360_LC80410362016174LGN01.tif
ang20170618t183142-A,l8_minus90_LC80420362017071LGN00.tif,l8_minus360_LC80410362016174LGN01.tif
ang20170618t183142-E,l8_minus90_LC80420362017071LGN00.tif,l8_minus360_LC80410362016174LGN01.tif
ang20170618t183142-F,l8_minus90_LC80420362017071LGN00.tif,l8_minus360_LC80410362016174LGN01.tif
ang20170618t183142-G,l8_minus90_LC80420362017071LGN00.tif,l8_minus360_LC80410362016174LGN01.tif
ang20170618t183142-H,l8_minus90_LC80420362017071LGN00.tif,l8_minus360_LC80410362016174LGN01.tif
ang20170618t184938-A,l8_minus90_LC80420362017071LGN00.tif,l8_minus360_LC80410362016174LGN01.tif
ang20170618t184938-B,l8_minus90_LC80420362017071LGN00.tif,l8_minus360_LC80410362016174LGN01.tif
ang20170618t184938-C,l8_minus90_LC80420362017071LGN00.tif,l8_minus360_LC80410362016174LGN01.tif
ang20170618t184938-D,l8_minus90_LC80420362017071LGN00.tif,l8_minus360_LC80410362016174LGN01.tif
ang20170618t184938-E,l8_minus90_LC80420362017071LGN00.tif,l8_minus360_LC80410362016174LGN01.tif
ang20170618t184938-F,l8_minus90_LC80420362017071LGN00.tif,l8_minus360_LC80410362016174LGN01.tif
ang20170618t192841-B,l8_minus90_LC80420362017071LGN00.tif,l8_minus360_LC80410362016174LGN01.tif
ang20170618t192841-C,l8_minus90_LC80420362017071LGN00.tif,l8_minus360_LC80410362016174LGN01.tif
ang20170618t192841-D,l8_minus90_LC80420362017071LGN00.tif,l8_minus360_LC80410362016174LGN01.tif
ang20170618t193403-A,l8_minus90_LC80420362017071LGN00.tif,l8_minus360_LC80410362016174LGN01.tif
ang20170618t193403-C,l8_minus90_LC80420362017071LGN00.tif,l8_minus360_LC80410362016174LGN01.tif
ang20170618t193403-D,l8_minus90_LC80420362017071LGN00.tif,l8_minus360_LC80410362016174LGN01.tif
ang20170618t193403-F,l8_minus90_LC80420362017071LGN00.tif,l8_minus360_LC80410362016174LGN01.tif
ang20170618t193403-G,l8_minus90_LC80420362017071LGN00.tif,l8_minus360_LC80410362016174LGN01.tif
ang20170618t193955-A,l8_minus90_LC80420362017071LGN00.tif,l8_minus360_LC80410362016174LGN01.tif
ang20170618t194516-A,l8_minus90_LC80420362017071LGN00.tif,l8_minus360_LC80410362016174LGN01.tif
ang20170618t194516-B,l8_minus90_LC80420362017071LGN00.tif,l8_minus360_LC80410362016174LGN01.tif
ang20170618t194516-C,l8_minus90_LC80420362017071LGN00.tif,l8_minus360_LC80410362016174LGN01.tif
ang20170618t194516-E,l8_minus90_LC80420362017071LGN00.tif,l8_minus360_LC80410362016174LGN01.tif
ang20170618t194516-F,l8_minus90_LC80420362017071LGN00.tif,l8_minus360_LC80410362016174LGN01.tif
ang20170618t200113-A,l8_minus90_LC80420362017071LGN00.tif,l8_minus360_LC80410362016174LGN01.tif
ang20170618t200113-B,l8_minus90_LC80420362017071LGN00.tif,l8_minus360_LC80410362016174LGN01.tif
ang20170618t200113-E,l8_minus90_LC80420362017071LGN00.tif,l8_minus360_LC80410362016174LGN01.tif
ang20170618t201101-A,l8_minus90_LC80420362017071LGN00.tif,l8_minus360_LC80410362016174LGN01.tif
ang20170618t201101-B,l8_minus90_LC80420362017071LGN00.tif,l8_minus360_LC80410362016174LGN01.tif
ang20170618t201101-C,l8_minus90_LC80420362017071LGN00.tif,l8_minus360_LC80410362016174LGN01.tif
ang20170618t201101-D,l8_minus90_LC80420362017071LGN00.tif,l8_minus360_LC80410362016174LGN01.tif
ang20170618t201101-E,l8_minus90_LC80420362017071LGN00.tif,l8_minus360_LC80410362016174LGN01.tif
ang20170618t201101-F,l8_minus90_LC80420362017071LGN00.tif,l8_minus360_LC80410362016174LGN01.tif
ang20170618t223820-A,l8_minus90_LC80420362017071LGN00.tif,l8_minus360_LC80410362016174LGN01.tif
ang20170618t230731-A,l8_minus90_LC80420362017071LGN00.tif,l8_minus360_LC80410362016174LGN01.tif
ang20170618t235257-A,l8_minus90_LC80420362017071LGN00.tif,l8_minus360_LC80410362016174LGN01.tif
ang20170618t235257-B,l8_minus90_LC80420362017071LGN00.tif,l8_minus360_LC80410362016174LGN01.tif
ang20170619t003457-A,l8_minus90_LC80420362017071LGN00.tif,l8_minus360_LC80410362016174LGN01.tif
ang20170619t004939-A,l8_minus90_LC80420362017071LGN00.tif,l8_minus360_LC80410362016174LGN01.tif
ang20170619t004939-B,l8_minus90_LC80420362017071LGN00.tif,l8_minus360_LC80410362016174LGN01.tif
ang20170620t161814-A,l8_minus90_LC80420362017071LGN00.tif,l8_minus360_LC80410362016174LGN01.tif
ang20170620t162400-A,l8_minus90_LC80420362017071LGN00.tif,l8_minus360_LC80410362016174LGN01.tif
ang20170620t162400-B,l8_minus90_LC80420362017071LGN00.tif,l8_minus360_LC80410362016174LGN01.tif
ang20170620t163015-A,l8_minus90_LC80420362017071LGN00.tif,l8_minus360_LC80410362016174LGN01.tif
ang20170620t163015-B,l8_minus90_LC80420362017071LGN00.tif,l8_minus360_LC80410362016174LGN01.tif
ang20170620t163015-F,l8_minus90_LC80420362017071LGN00.tif,l8_minus360_LC80410362016174LGN01.tif
ang20170620t163615-A,l8_minus90_LC80420362017071LGN00.tif,l8_minus360_LC80410362016174LGN01.tif
ang20170620t164237-B,l8_minus90_LC80420362017071LGN00.tif,l8_minus360_LC80410362016174LGN01.tif
ang20170620t164237-C,l8_minus90_LC80420362017071LGN00.tif,l8_minus360_LC80410362016174LGN01.tif
ang20170620t164237-D,l8_minus90_LC80420362017071LGN00.tif,l8_minus360_LC80410362016174LGN01.tif
ang20170620t164237-E,l8_minus90_LC80420362017071LGN00.tif,l8_minus360_LC80410362016174LGN01.tif
ang20170620t164237-F,l8_minus90_LC80420362017071LGN00.tif,l8_minus360_LC80410362016174LGN01.tif
ang20170620t164237-I,l8_minus90_LC80420362017071LGN00.tif,l8_minus360_LC80410362016174LGN01.tif
ang20170620t164237-L,l8_minus90_LC80420362017071LGN00.tif,l8_minus360_LC80410362016174LGN01.tif
ang20170620t164237-M,l8_minus90_LC80420362017071LGN00.tif,l8_minus360_LC80410362016174LGN01.tif
ang20170620t164237-N,l8_minus90_LC80420362017071LGN00.tif,l8_minus360_LC80410362016174LGN01.tif
ang20170620t164237-O,l8_minus90_LC80420362017071LGN00.tif,l8_minus360_LC80410362016174LGN01.tif
ang20170620t164237-Q,l8_minus90_LC80420362017071LGN00.tif,l8_minus360_LC80410362016174LGN01.tif
ang20170620t164237-R,l8_minus90_LC80420362017071LGN00.tif,l8_minus360_LC80410362016174LGN01.tif
ang20170620t164926-B,l8_minus90_LC80420362017071LGN00.tif,l8_minus360_LC80410362016174LGN01.tif
ang20170620t164926-C,l8_minus90_LC80420362017071LGN00.tif,l8_minus360_LC80410362016174LGN01.tif
ang20170620t165600-B,l8_minus90_LC80420362017071LGN00.tif,l8_minus360_LC80410362016174LGN01.tif
ang20170620t165600-D,l8_minus90_LC80420362017071LGN00.tif,l8_minus360_LC80410362016174LGN01.tif
ang20170620t165600-F,l8_minus90_LC80420362017071LGN00.tif,l8_minus360_LC80410362016174LGN01.tif
ang20170620t165600-G,l8_minus90_LC80420362017071LGN00.tif,l8_minus360_LC80410362016174LGN01.tif
ang20170620t170002-A,l8_minus90_LC80420362017071LGN00.tif,l8_minus360_LC80410362016174LGN01.tif
ang20170620t174426-A,l8_minus90_LC80420362017071LGN00.tif,l8_minus360_LC80410362016174LGN01.tif
ang20170620t181804-A,l8_minus90_LC80420362017071LGN00.tif,l8_minus360_LC80410362016174LGN01.tif
ang20170620t182524-A,l8_minus90_LC80420362017071LGN00.tif,l8_minus360_LC80410362016174LGN01.tif
ang20170620t183038-A,l8_minus90_LC80420362017071LGN00.tif,l8_minus360_LC80410362016174LGN01.tif
ang20170620t193453-A,l8_minus90_LC80420362017071LGN00.tif,l8_minus360_LC80410362016174LGN01.tif
ang20170620t193453-B,l8_minus90_LC80420362017071LGN00.tif,l8_minus360_LC80410362016174LGN01.tif
ang20170620t193453-C,l8_minus90_LC80420362017071LGN00.tif,l8_minus360_LC80410362016174LGN01.tif
ang20170620t194520-F,l8_minus90_LC80420362017071LGN00.tif,l8_minus360_LC80410362016174LGN01.tif
ang20170620t194520-L,l8_minus90_LC80420362017071LGN00.tif,l8_minus360_LC80410362016174LGN01.tif
ang20170620t194520-N,l8_minus90_LC80420362017071LGN00.tif,l8_minus360_LC80410362016174LGN01.tif
ang20170620t194520-O,l8_minus90_LC80420362017071LGN00.tif,l8_minus360_LC80410362016174LGN01.tif
ang20170620t221828-A,l8_minus90_LC80420362017071LGN00.tif,l8_minus360_LC80410362016174LGN01.tif
ang20170620t221828-B,l8_minus90_LC80420362017071LGN00.tif,l8_minus360_LC80410362016174LGN01.tif
ang20170620t221828-C,l8_minus90_LC80420362017071LGN00.tif,l8_minus360_LC80410362016174LGN01.tif
ang20170620t221828-D,l8_minus90_LC80420362017071LGN00.tif,l8_minus360_LC80410362016174LGN01.tif
ang20170620t221828-F,l8_minus90_LC80420362017071LGN00.tif,l8_minus360_LC80410362016174LGN01.tif
ang20170620t221828-G,l8_minus90_LC80420362017071LGN00.tif,l8_minus360_LC80410362016174LGN01.tif
ang20170620t221828-H,l8_minus90_LC80420362017071LGN00.tif,l8_minus360_LC80410362016174LGN01.tif
ang20170620t223221-D,l8_minus90_LC80420362017071LGN00.tif,l8_minus360_LC80410362016174LGN01.tif
ang20170620t223221-E,l8_minus90_LC80420362017071LGN00.tif,l8_minus360_LC80410362016174LGN01.tif
ang20170620t223221-F,l8_minus90_LC80420362017071LGN00.tif,l8_minus360_LC80410362016174LGN01.tif
ang20170620t224811-A,l8_minus90_LC80420362017071LGN00.tif,l8_minus360_LC80410362016174LGN01.tif
ang20170620t225336-A,l8_minus90_LC80420362017071LGN00.tif,l8_minus360_LC80410362016174LGN01.tif
ang20170620t225336-B,l8_minus90_LC80420362017071LGN00.tif,l8_minus360_LC80410362016174LGN01.tif
ang20170620t225336-D,l8_minus90_LC80420362017071LGN00.tif,l8_minus360_LC80410362016174LGN01.tif
ang20170620t225336-E,l8_minus90_LC80420362017071LGN00.tif,l8_minus360_LC80410362016174LGN01.tif
ang20170828t205733-D,l8_minus90_LC80410362017160LGN00.tif,l8_minus360_LC80410362016254LGN01.tif
ang20170828t205733-E,l8_minus90_LC80410362017160LGN00.tif,l8_minus360_LC80410362016254LGN01.tif
ang20170828t210241-A,l8_minus90_LC80410362017160LGN00.tif,l8_minus360_LC80410362016254LGN01.tif
ang20170828t210241-B,l8_minus90_LC80410362017160LGN00.tif,l8_minus360_LC80410362016254LGN01.tif
ang20170830t172351-A,l8_minus90_LC80410362017160LGN00.tif,l8_minus360_LC80410362016254LGN01.tif
ang20170830t183447-A,l8_minus90_LC80400362017153LGN00.tif,l8_minus360_LC80400362016247LGN01.tif
ang20170830t183447-B,l8_minus90_LC80400362017153LGN00.tif,l8_minus360_LC80400362016247LGN01.tif
ang20170830t200807-B,l8_minus90_LC80410362017160LGN00.tif,l8_minus360_LC80410362016254LGN01.tif
ang20170831t174541-A,l8_minus90_LC80400362017153LGN00.tif,l8_minus360_LC80400362016247LGN01.tif
ang20170831t174541-B,l8_minus90_LC80400362017153LGN00.tif,l8_minus360_LC80400362016247LGN01.tif
ang20170831t225148-A,l8_minus90_LC80400362017153LGN00.tif,l8_minus360_LC80400362016247LGN01.tif
ang20170831t225148-B,l8_minus90_LC80400362017153LGN00.tif,l8_minus360_LC80400362016247LGN01.tif
ang20170831t225148-C,l8_minus90_LC80400362017153LGN00.tif,l8_minus360_LC80400362016247LGN01.tif
ang20170901t182257-A,l8_minus90_LC80400362017153LGN00.tif,l8_minus360_LC80400362016247LGN01.tif
ang20170901t183704-B,l8_minus90_LC80400362017153LGN00.tif,l8_minus360_LC80400362016247LGN01.tif
ang20170901t183704-C,l8_minus90_LC80400362017153LGN00.tif,l8_minus360_LC80400362016247LGN01.tif
ang20170901t184141-A,l8_minus90_LC80400362017153LGN00.tif,l8_minus360_LC80400362016247LGN01.tif
ang20170901t184141-C,l8_minus90_LC80400362017153LGN00.tif,l8_minus360_LC80400362016247LGN01.tif
ang20170901t185046-A,l8_minus90_LC80400362017153LGN00.tif,l8_minus360_LC80400362016247LGN01.tif
ang20170901t201246-A,l8_minus90_LC80400362017153LGN00.tif,l8_minus360_LC80400362016247LGN01.tif
ang20170901t201246-C,l8_minus90_LC80400362017153LGN00.tif,l8_minus360_LC80400362016247LGN01.tif
ang20170901t202358-A,l8_minus90_LC80400362017153LGN00.tif,l8_minus360_LC80400362016247LGN01.tif
ang20170901t202358-B,l8_minus90_LC80400362017153LGN00.tif,l8_minus360_LC80400362016247LGN01.tif
ang20170901t202358-C,l8_minus90_LC80400362017153LGN00.tif,l8_minus360_LC80400362016247LGN01.tif
ang20170901t203520-B,l8_minus90_LC80400362017153LGN00.tif,l8_minus360_LC80400362016247LGN01.tif
ang20170901t204654-A,l8_minus90_LC80400362017153LGN00.tif,l8_minus360_LC80400362016247LGN01.tif
ang20170901t211100-A,l8_minus90_LC80400362017153LGN00.tif,l8_minus360_LC80400362016247LGN01.tif
ang20170901t211100-C,l8_minus90_LC80400362017153LGN00.tif,l8_minus360_LC80400362016247LGN01.tif
ang20170901t212236-A,l8_minus90_LC80400362017153LGN00.tif,l8_minus360_LC80400362016247LGN01.tif
ang20170901t220350-A,l8_minus90_LC80400362017153LGN00.tif,l8_minus360_LC80400362016247LGN01.tif
ang20170901t220350-D,l8_minus90_LC80400362017153LGN00.tif,l8_minus360_LC80400362016247LGN01.tif
ang20170901t221701-A,l8_minus90_LC80400362017153LGN00.tif,l8_minus360_LC80400362016247LGN01.tif
ang20170901t221701-E,l8_minus90_LC80400362017153LGN00.tif,l8_minus360_LC80400362016247LGN01.tif
ang20170902t173429-A,l8_minus90_LC80400362017153LGN00.tif,l8_minus360_LC80400362016247LGN01.tif
ang20170902t173429-B,l8_minus90_LC80400362017153LGN00.tif,l8_minus360_LC80400362016247LGN01.tif
ang20170902t181754-B,l8_minus90_LC80400362017153LGN00.tif,l8_minus360_LC80400362016247LGN01.tif
ang20170902t182501-B,l8_minus90_LC80400362017153LGN00.tif,l8_minus360_LC80400362016247LGN01.tif
ang20170902t183146-A,l8_minus90_LC80400362017153LGN00.tif,l8_minus360_LC80400362016247LGN01.tif
ang20170902t183845-B,l8_minus90_LC80400362017153LGN00.tif,l8_minus360_LC80400362016247LGN01.tif
ang20170902t190603-A,l8_minus90_LC80400362017153LGN00.tif,l8_minus360_LC80400362016247LGN01.tif
ang20170902t190603-B,l8_minus90_LC80400362017153LGN00.tif,l8_minus360_LC80400362016247LGN01.tif
ang20170902t191312-B,l8_minus90_LC80400362017153LGN00.tif,l8_minus360_LC80400362016247LGN01.tif
ang20170902t191312-C,l8_minus90_LC80400362017153LGN00.tif,l8_minus360_LC80400362016247LGN01.tif
ang20170902t191312-E,l8_minus90_LC80400362017153LGN00.tif,l8_minus360_LC80400362016247LGN01.tif
ang20170902t192638-A,l8_minus90_LC80400362017153LGN00.tif,l8_minus360_LC80400362016247LGN01.tif
ang20170902t194119-A,l8_minus90_LC80400362017153LGN00.tif,l8_minus360_LC80400362016247LGN01.tif
ang20170902t195807-A,l8_minus90_LC80400362017153LGN00.tif,l8_minus360_LC80400362016247LGN01.tif
ang20170902t200544-A,l8_minus90_LC80400362017153LGN00.tif,l8_minus360_LC80400362016247LGN01.tif
ang20170902t214547-A,l8_minus90_LC80400362017153LGN00.tif,l8_minus360_LC80400362016247LGN01.tif
ang20170905t172047-A,l8_minus90_LC80410362017160LGN00.tif,l8_minus360_LC80400362016247LGN01.tif
ang20170905t172731-A,l8_minus90_LC80410362017160LGN00.tif,l8_minus360_LC80400362016247LGN01.tif
ang20170905t181208-A,l8_minus90_LC80410362017160LGN00.tif,l8_minus360_LC80400362016247LGN01.tif
ang20170905t181208-B,l8_minus90_LC80410362017160LGN00.tif,l8_minus360_LC80400362016247LGN01.tif
ang20170905t181928-A,l8_minus90_LC80410362017160LGN00.tif,l8_minus360_LC80400362016247LGN01.tif
ang20170905t181928-B,l8_minus90_LC80410362017160LGN00.tif,l8_minus360_LC80400362016247LGN01.tif
ang20170905t183328-A,l8_minus90_LC80410362017160LGN00.tif,l8_minus360_LC80410362016254LGN01.tif
ang20170905t190452-B,l8_minus90_LC80410362017160LGN00.tif,l8_minus360_LC80410362016254LGN01.tif
ang20170905t191138-A,l8_minus90_LC80410362017160LGN00.tif,l8_minus360_LC80410362016254LGN01.tif
ang20170905t191138-B,l8_minus90_LC80410362017160LGN00.tif,l8_minus360_LC80410362016254LGN01.tif
ang20170905t191138-C,l8_minus90_LC80410362017160LGN00.tif,l8_minus360_LC80410362016254LGN01.tif
ang20170905t192647-A,l8_minus90_LC80410362017160LGN00.tif,l8_minus360_LC80410362016254LGN01.tif
ang20170905t192647-B,l8_minus90_LC80410362017160LGN00.tif,l8_minus360_LC80410362016254LGN01.tif
ang20170905t192647-C,l8_minus90_LC80410362017160LGN00.tif,l8_minus360_LC80410362016254LGN01.tif
ang20170905t193520-A,l8_minus90_LC80410362017160LGN00.tif,l8_minus360_LC80410362016254LGN01.tif
ang20170905t203159-A,l8_minus90_LC80410362017160LGN00.tif,l8_minus360_LC80410362016254LGN01.tif
ang20170905t204025-A,l8_minus90_LC80410362017160LGN00.tif,l8_minus360_LC80410362016254LGN01.tif
ang20170905t210354-C,l8_minus90_LC80410362017160LGN00.tif,l8_minus360_LC80410362016254LGN01.tif
ang20170905t210354-D,l8_minus90_LC80410362017160LGN00.tif,l8_minus360_LC80410362016254LGN01.tif
ang20170905t210354-E,l8_minus90_LC80410362017160LGN00.tif,l8_minus360_LC80410362016254LGN01.tif
ang20170905t210354-F,l8_minus90_LC80410362017160LGN00.tif,l8_minus360_LC80410362016254LGN01.tif
ang20170905t210354-G,l8_minus90_LC80410362017160LGN00.tif,l8_minus360_LC80410362016254LGN01.tif
ang20170905t210354-H,l8_minus90_LC80410362017160LGN00.tif,l8_minus360_LC80410362016254LGN01.tif
ang20170905t210354-I,l8_minus90_LC80410362017160LGN00.tif,l8_minus360_LC80410362016254LGN01.tif
ang20170905t210354-K,l8_minus90_LC80410362017160LGN00.tif,l8_minus360_LC80410362016254LGN01.tif
ang20170905t211441-A,l8_minus90_LC80410362017160LGN00.tif,l8_minus360_LC80410362016254LGN01.tif
ang20170905t211441-D,l8_minus90_LC80410362017160LGN00.tif,l8_minus360_LC80410362016254LGN01.tif
ang20170905t213536-A,l8_minus90_LC80410362017160LGN00.tif,l8_minus360_LC80410362016254LGN01.tif
ang20170905t214122-A,l8_minus90_LC80410362017160LGN00.tif,l8_minus360_LC80410362016254LGN01.tif
ang20170905t214122-B,l8_minus90_LC80410362017160LGN00.tif,l8_minus360_LC80410362016254LGN01.tif
ang20170905t221016-A,l8_minus90_LC80410362017160LGN00.tif,l8_minus360_LC80410362016254LGN01.tif
ang20170906t180213-B,l8_minus90_LC80410362017160LGN00.tif,l8_minus360_LC80410362016254LGN01.tif
ang20170906t182858-A,l8_minus90_LC80410362017160LGN00.tif,l8_minus360_LC80410362016254LGN01.tif
ang20170906t182858-B,l8_minus90_LC80410362017160LGN00.tif,l8_minus360_LC80410362016254LGN01.tif
ang20170906t183952-A,l8_minus90_LC80410362017160LGN00.tif,l8_minus360_LC80410362016254LGN01.tif
ang20170906t190138-A,l8_minus90_LC80410362017160LGN00.tif,l8_minus360_LC80410362016254LGN01.tif
ang20170906t190807-A,l8_minus90_LC80410362017160LGN00.tif,l8_minus360_LC80410362016254LGN01.tif
ang20170906t203712-A,l8_minus90_LC80410362017160LGN00.tif,l8_minus360_LC80410362016254LGN01.tif
ang20170906t203712-B,l8_minus90_LC80410362017160LGN00.tif,l8_minus360_LC80410362016254LGN01.tif
ang20170906t210217-A,l8_minus90_LC80410362017160LGN00.tif,l8_minus360_LC80410362016254LGN01.tif
ang20170906t210217-B,l8_minus90_LC80410362017160LGN00.tif,l8_minus360_LC80410362016254LGN01.tif
ang20170906t210217-D,l8_minus90_LC80410362017160LGN00.tif,l8_minus360_LC80410362016254LGN01.tif
ang20170906t210217-E,l8_minus90_LC80410362017160LGN00.tif,l8_minus360_LC80410362016254LGN01.tif
ang20170906t211517-A,l8_minus90_LC80410362017160LGN00.tif,l8_minus360_LC80410362016254LGN01.tif
ang20170906t221029-A,l8_minus90_LC80410362017160LGN00.tif,l8_minus360_LC80410362016254LGN01.tif
ang20170906t221608-A,l8_minus90_LC80410362017160LGN00.tif,l8_minus360_LC80410362016254LGN01.tif
ang20170906t223923-A,l8_minus90_LC80410362017160LGN00.tif,l8_minus360_LC80410362016254LGN01.tif
ang20170907t172307-A,l8_minus90_LC80410362017160LGN00.tif,l8_minus360_LC80410362016254LGN01.tif
ang20170907t172926-A,l8_minus90_LC80410362017160LGN00.tif,l8_minus360_LC80410362016254LGN01.tif
ang20170907t173553-A,l8_minus90_LC80410362017160LGN00.tif,l8_minus360_LC80410362016254LGN01.tif
ang20170907t181959-A,l8_minus90_LC80410362017160LGN00.tif,l8_minus360_LC80410362016254LGN01.tif
ang20170907t181959-C,l8_minus90_LC80410362017160LGN00.tif,l8_minus360_LC80410362016254LGN01.tif
ang20170907t184149-A,l8_minus90_LC80410362017160LGN00.tif,l8_minus360_LC80410362016254LGN01.tif
ang20170907t184149-B,l8_minus90_LC80410362017160LGN00.tif,l8_minus360_LC80410362016254LGN01.tif
ang20170907t184149-D,l8_minus90_LC80410362017160LGN00.tif,l8_minus360_LC80410362016254LGN01.tif
ang20170907t184927-B,l8_minus90_LC80410362017160LGN00.tif,l8_minus360_LC80410362016254LGN01.tif
ang20170907t193755-A,l8_minus90_LC80410362017160LGN00.tif,l8_minus360_LC80410362016254LGN01.tif
ang20170907t202408-A,l8_minus90_LC80410362017160LGN00.tif,l8_minus360_LC80410362016254LGN01.tif
ang20170907t202408-B,l8_minus90_LC80410362017160LGN00.tif,l8_minus360_LC80410362016254LGN01.tif
ang20170907t204826-A,l8_minus90_LC80410362017160LGN00.tif,l8_minus360_LC80410362016254LGN01.tif
ang20170907t204826-B,l8_minus90_LC80410362017160LGN00.tif,l8_minus360_LC80410362016254LGN01.tif
ang20170907t210002-A,l8_minus90_LC80410362017160LGN00.tif,l8_minus360_LC80410362016254LGN01.tif
ang20170907t210629-A,l8_minus90_LC80410362017160LGN00.tif,l8_minus360_LC80410362016254LGN01.tif
ang20170907t215503-A,l8_minus90_LC80410362017160LGN00.tif,l8_minus360_LC80410362016254LGN01.tif
ang20170907t215503-B,l8_minus90_LC80410362017160LGN00.tif,l8_minus360_LC80410362016254LGN01.tif
ang20170907t215503-C,l8_minus90_LC80410362017160LGN00.tif,l8_minus360_LC80410362016254LGN01.tif
ang20170907t215503-D,l8_minus90_LC80410362017160LGN00.tif,l8_minus360_LC80410362016254LGN01.tif
ang20170907t220423-D,l8_minus90_LC80410362017160LGN00.tif,l8_minus360_LC80410362016254LGN01.tif
ang20170908t193821-A,l8_minus90_LC80410362017160LGN00.tif,l8_minus360_LC80410362016254LGN01.tif
ang20170908t195944-A,l8_minus90_LC80410362017160LGN00.tif,l8_minus360_LC80410362016254LGN01.tif
ang20170908t205824-A,l8_minus90_LC80410362017160LGN00.tif,l8_minus360_LC80410362016254LGN01.tif
ang20170908t210512-C,l8_minus90_LC80410362017160LGN00.tif,l8_minus360_LC80410362016254LGN01.tif
ang20170908t210512-D,l8_minus90_LC80410362017160LGN00.tif,l8_minus360_LC80410362016254LGN01.tif
ang20170908t210512-F,l8_minus90_LC80410362017160LGN00.tif,l8_minus360_LC80410362016254LGN01.tif
ang20170908t211246-A,l8_minus90_LC80410362017160LGN00.tif,l8_minus360_LC80410362016254LGN01.tif
ang20170908t211246-B,l8_minus90_LC80410362017160LGN00.tif,l8_minus360_LC80410362016254LGN01.tif
ang20170908t211246-C,l8_minus90_LC80410362017160LGN00.tif,l8_minus360_LC80410362016254LGN01.tif
ang20170908t211246-D,l8_minus90_LC80410362017160LGN00.tif,l8_minus360_LC80410362016254LGN01.tif
ang20170908t211901-A,l8_minus90_LC80410362017160LGN00.tif,l8_minus360_LC80410362016254LGN01.tif
ang20170908t211901-C,l8_minus90_LC80410362017160LGN00.tif,l8_minus360_LC80410362016254LGN01.tif
ang20170908t223352-A,l8_minus90_LC80410362017160LGN00.tif,l8_minus360_LC80410362016254LGN01.tif
ang20170908t224841-A,l8_minus90_LC80410362017160LGN00.tif,l8_minus360_LC80410362016254LGN01.tif
ang20170908t230641-A,l8_minus90_LC80410362017160LGN00.tif,l8_minus360_LC80410362016254LGN01.tif
ang20170909t174900-A,l8_minus90_LC80410362017160LGN00.tif,l8_minus360_LC80410362016254LGN01.tif
ang20170909t175820-A,l8_minus90_LC80410362017160LGN00.tif,l8_minus360_LC80410362016254LGN01.tif
ang20170909t180622-A,l8_minus90_LC80410362017160LGN00.tif,l8_minus360_LC80410362016254LGN01.tif
ang20170909t181441-A,l8_minus90_LC80410362017160LGN00.tif,l8_minus360_LC80410362016254LGN01.tif
ang20170909t182228-A,l8_minus90_LC80410362017160LGN00.tif,l8_minus360_LC80410362016254LGN01.tif
ang20170909t191754-A,l8_minus90_LC80410362017160LGN00.tif,l8_minus360_LC80410362016254LGN01.tif
ang20170909t220704-A,l8_minus90_LC80410362017160LGN00.tif,l8_minus360_LC80410362016254LGN01.tif
ang20170909t221231-A,l8_minus90_LC80410362017160LGN00.tif,l8_minus360_LC80410362016254LGN01.tif
ang20170909t221708-A,l8_minus90_LC80410362017160LGN00.tif,l8_minus360_LC80410362016254LGN01.tif
ang20170910t173824-B,l8_minus90_LC80410362017160LGN00.tif,l8_minus360_LC80410362016254LGN01.tif
ang20170910t175935-A,l8_minus90_LC80410362017160LGN00.tif,l8_minus360_LC80410362016254LGN01.tif
ang20170910t182751-A,l8_minus90_LC80410362017160LGN00.tif,l8_minus360_LC80410362016254LGN01.tif
ang20170910t182751-D,l8_minus90_LC80410362017160LGN00.tif,l8_minus360_LC80410362016254LGN01.tif
ang20170910t194022-A,l8_minus90_LC80410362017160LGN00.tif,l8_minus360_LC80410362016254LGN01.tif
ang20170910t200709-A,l8_minus90_LC80410362017160LGN00.tif,l8_minus360_LC80410362016254LGN01.tif
ang20170910t200709-C,l8_minus90_LC80410362017160LGN00.tif,l8_minus360_LC80410362016254LGN01.tif
ang20170910t202130-A,l8_minus90_LC80410362017160LGN00.tif,l8_minus360_LC80410362016254LGN01.tif
ang20170910t203414-A,l8_minus90_LC80410362017160LGN00.tif,l8_minus360_LC80410362016254LGN01.tif
ang20170910t212834-A,l8_minus90_LC80410362017160LGN00.tif,l8_minus360_LC80410362016254LGN01.tif
ang20170910t212834-B,l8_minus90_LC80410362017160LGN00.tif,l8_minus360_LC80410362016254LGN01.tif
ang20170911t191257-A,l8_minus90_LC80410362017160LGN00.tif,l8_minus360_LC80410362016254LGN01.tif
ang20170911t194546-A,l8_minus90_LC80410362017160LGN00.tif,l8_minus360_LC80410362016254LGN01.tif
ang20170911t194546-D,l8_minus90_LC80410362017160LGN00.tif,l8_minus360_LC80410362016254LGN01.tif
ang20170911t195345-A,l8_minus90_LC80410362017160LGN00.tif,l8_minus360_LC80410362016254LGN01.tif
ang20170911t215016-A,l8_minus90_LC80410362017160LGN00.tif,l8_minus360_LC80410362016254LGN01.tif
ang20170913t214139-A,l8_minus90_LC80410362017160LGN00.tif,l8_minus360_LC80410362016254LGN01.tif
ang20170913t214139-B,l8_minus90_LC80410362017160LGN00.tif,l8_minus360_LC80410362016254LGN01.tif
ang20170913t214139-C,l8_minus90_LC80410362017160LGN00.tif,l8_minus360_LC80410362016254LGN01.tif
ang20170913t235640-A,l8_minus90_LC80410362017160LGN00.tif,l8_minus360_LC80410362016254LGN01.tif
ang20170915t174311-B,l8_minus90_LC80410362017160LGN00.tif,l8_minus360_LC80410362016254LGN01.tif
ang20170915t174311-D,l8_minus90_LC80410362017160LGN00.tif,l8_minus360_LC80410362016254LGN01.tif
ang20170915t174749-A,l8_minus90_LC80410362017160LGN00.tif,l8_minus360_LC80410362016254LGN01.tif
ang20170915t174749-C,l8_minus90_LC80410362017160LGN00.tif,l8_minus360_LC80410362016254LGN01.tif
ang20170915t175302-B,l8_minus90_LC80410362017160LGN00.tif,l8_minus360_LC80410362016254LGN01.tif
ang20170915t175755-A,l8_minus90_LC80410362017160LGN00.tif,l8_minus360_LC80410362016254LGN01.tif
ang20170915t175755-D,l8_minus90_LC80410362017160LGN00.tif,l8_minus360_LC80410362016254LGN01.tif
ang20170915t180634-A,l8_minus90_LC80410362017160LGN00.tif,l8_minus360_LC80410362016254LGN01.tif
ang20170915t180634-C,l8_minus90_LC80410362017160LGN00.tif,l8_minus360_LC80410362016254LGN01.tif
ang20170915t180634-D,l8_minus90_LC80410362017160LGN00.tif,l8_minus360_LC80410362016254LGN01.tif
ang20170915t181122-A,l8_minus90_LC80410362017160LGN00.tif,l8_minus360_LC80410362016254LGN01.tif
ang20170915t181122-E,l8_minus90_LC80410362017160LGN00.tif,l8_minus360_LC80410362016254LGN01.tif
ang20170915t182418-A,l8_minus90_LC80410362017160LGN00.tif,l8_minus360_LC80410362016254LGN01.tif
ang20170915t182947-B,l8_minus90_LC80410362017160LGN00.tif,l8_minus360_LC80410362016254LGN01.tif
ang20170915t182947-C,l8_minus90_LC80410362017160LGN00.tif,l8_minus360_LC80410362016254LGN01.tif
ang20170915t183548-A,l8_minus90_LC80410362017160LGN00.tif,l8_minus360_LC80410362016254LGN01.tif
ang20170915t184134-A,l8_minus90_LC80410362017160LGN00.tif,l8_minus360_LC80410362016254LGN01.tif
ang20170915t190340-A,l8_minus90_LC80410362017160LGN00.tif,l8_minus360_LC80410362016254LGN01.tif
ang20170915t191722-A,l8_minus90_LC80410362017160LGN00.tif,l8_minus360_LC80410362016254LGN01.tif
ang20170915t193535-A,l8_minus90_LC80410362017160LGN00.tif,l8_minus360_LC80410362016254LGN01.tif
ang20170915t194029-A,l8_minus90_LC80410362017160LGN00.tif,l8_minus360_LC80410362016254LGN01.tif
ang20170915t194029-C,l8_minus90_LC80410362017160LGN00.tif,l8_minus360_LC80410362016254LGN01.tif
ang20170915t194533-A,l8_minus90_LC80410362017160LGN00.tif,l8_minus360_LC80410362016254LGN01.tif
ang20170915t194533-B,l8_minus90_LC80410362017160LGN00.tif,l8_minus360_LC80410362016254LGN01.tif
ang20170915t195216-A,l8_minus90_LC80410362017160LGN00.tif,l8_minus360_LC80410362016254LGN01.tif
ang20170915t195216-B,l8_minus90_LC80410362017160LGN00.tif,l8_minus360_LC80410362016254LGN01.tif
ang20170915t195216-C,l8_minus90_LC80410362017160LGN00.tif,l8_minus360_LC80410362016254LGN01.tif
ang20170915t195709-A,l8_minus90_LC80410362017160LGN00.tif,l8_minus360_LC80410362016254LGN01.tif
ang20170915t195709-B,l8_minus90_LC80410362017160LGN00.tif,l8_minus360_LC80410362016254LGN01.tif
ang20170915t201559-B,l8_minus90_LC80410362017160LGN00.tif,l8_minus360_LC80410362016254LGN01.tif
ang20170915t215255-B,l8_minus90_LC80410362017160LGN00.tif,l8_minus360_LC80410362016254LGN01.tif
ang20170916t182821-A,l8_minus90_LC80410362017160LGN00.tif,l8_minus360_LC80410362016254LGN01.tif
ang20170916t184835-A,l8_minus90_LC80410362017160LGN00.tif,l8_minus360_LC80410362016254LGN01.tif
ang20170916t190824-A,l8_minus90_LC80410362017160LGN00.tif,l8_minus360_LC80410362016254LGN01.tif
ang20170916t190824-B,l8_minus90_LC80410362017160LGN00.tif,l8_minus360_LC80410362016254LGN01.tif
ang20170916t191839-A,l8_minus90_LC80410362017160LGN00.tif,l8_minus360_LC80410362016254LGN01.tif
ang20170916t191839-B,l8_minus90_LC80410362017160LGN00.tif,l8_minus360_LC80410362016254LGN01.tif
ang20170916t191839-C,l8_minus90_LC80410362017160LGN00.tif,l8_minus360_LC80410362016254LGN01.tif
ang20170916t192836-A,l8_minus90_LC80410362017160LGN00.tif,l8_minus360_LC80410362016254LGN01.tif
ang20170916t194839-A,l8_minus90_LC80410362017160LGN00.tif,l8_minus360_LC80410362016254LGN01.tif
ang20170916t200859-A,l8_minus90_LC80410362017160LGN00.tif,l8_minus360_LC80410362016254LGN01.tif
ang20170916t200859-B,l8_minus90_LC80410362017160LGN00.tif,l8_minus360_LC80410362016254LGN01.tif
ang20170916t201922-A,l8_minus90_LC80410362017160LGN00.tif,l8_minus360_LC80410362016254LGN01.tif
ang20170916t201922-B,l8_minus90_LC80410362017160LGN00.tif,l8_minus360_LC80410362016254LGN01.tif
ang20170916t203813-A,l8_minus90_LC80410362017160LGN00.tif,l8_minus360_LC80410362016254LGN01.tif
ang20170916t211424-A,l8_minus90_LC80410362017160LGN00.tif,l8_minus360_LC80410362016254LGN01.tif
ang20170916t213842-A,l8_minus90_LC80410362017160LGN00.tif,l8_minus360_LC80410362016254LGN01.tif
ang20170916t213842-B,l8_minus90_LC80410362017160LGN00.tif,l8_minus360_LC80410362016254LGN01.tif
ang20170916t223205-A,l8_minus90_LC80410362017160LGN00.tif,l8_minus360_LC80410362016254LGN01.tif
ang20170916t223655-A,l8_minus90_LC80410362017160LGN00.tif,l8_minus360_LC80410362016254LGN01.tif
ang20170916t224204-A,l8_minus90_LC80410362017160LGN00.tif,l8_minus360_LC80410362016254LGN01.tif
ang20170918t201542-A,l8_minus90_LC80410362017160LGN00.tif,l8_minus360_LC80410362016254LGN01.tif
ang20170918t202106-A,l8_minus90_LC80410362017160LGN00.tif,l8_minus360_LC80410362016254LGN01.tif
ang20170918t202106-C,l8_minus90_LC80410362017160LGN00.tif,l8_minus360_LC80410362016254LGN01.tif
ang20170918t202601-B,l8_minus90_LC80410362017160LGN00.tif,l8_minus360_LC80410362016254LGN01.tif
ang20170918t203247-A,l8_minus90_LC80410362017160LGN00.tif,l8_minus360_LC80410362016254LGN01.tif
ang20170918t213156-A,l8_minus90_LC80410362017160LGN00.tif,l8_minus360_LC80410362016254LGN01.tif
ang20170918t213632-A,l8_minus90_LC80410362017160LGN00.tif,l8_minus360_LC80410362016254LGN01.tif
ang20170918t213632-B,l8_minus90_LC80410362017160LGN00.tif,l8_minus360_LC80410362016254LGN01.tif
ang20170918t213632-C,l8_minus90_LC80410362017160LGN00.tif,l8_minus360_LC80410362016254LGN01.tif
ang20170918t213632-D,l8_minus90_LC80410362017160LGN00.tif,l8_minus360_LC80410362016254LGN01.tif
ang20170918t215815-A,l8_minus90_LC80410362017160LGN00.tif,l8_minus360_LC80410362016254LGN01.tif
ang20170918t221925-A,l8_minus90_LC80410362017160LGN00.tif,l8_minus360_LC80410362016254LGN01.tif
ang20170918t222353-A,l8_minus90_LC80410362017160LGN00.tif,l8_minus360_LC80410362016254LGN01.tif
ang20170918t224258-A,l8_minus90_LC80410362017160LGN00.tif,l8_minus360_LC80410362016254LGN01.tif
ang20170918t230003-A,l8_minus90_LC80410362017160LGN00.tif,l8_minus360_LC80410362016254LGN01.tif
ang20170918t230442-A,l8_minus90_LC80410362017160LGN00.tif,l8_minus360_LC80410362016254LGN01.tif
ang20170919t194958-A,l8_minus90_LC80410362017160LGN00.tif,l8_minus360_LC80410362016254LGN01.tif
ang20170919t194958-B,l8_minus90_LC80410362017160LGN00.tif,l8_minus360_LC80410362016254LGN01.tif
ang20170919t194958-C,l8_minus90_LC80410362017160LGN00.tif,l8_minus360_LC80410362016254LGN01.tif
ang20170919t194958-D,l8_minus90_LC80410362017160LGN00.tif,l8_minus360_LC80410362016254LGN01.tif
ang20170919t194958-E,l8_minus90_LC80410362017160LGN00.tif,l8_minus360_LC80410362016254LGN01.tif
ang20170919t202425-A,l8_minus90_LC80410362017160LGN00.tif,l8_minus360_LC80410362016254LGN01.tif
ang20170919t203101-A,l8_minus90_LC80410362017160LGN00.tif,l8_minus360_LC80410362016254LGN01.tif
ang20170919t203753-A,l8_minus90_LC80410362017160LGN00.tif,l8_minus360_LC80410362016254LGN01.tif
ang20170919t210400-A,l8_minus90_LC80410362017160LGN00.tif,l8_minus360_LC80410362016254LGN01.tif
ang20170919t211946-A,l8_minus90_LC80410362017160LGN00.tif,l8_minus360_LC80410362016254LGN01.tif
ang20170919t212654-A,l8_minus90_LC80410362017160LGN00.tif,l8_minus360_LC80410362016254LGN01.tif
ang20170919t213311-A,l8_minus90_LC80410362017160LGN00.tif,l8_minus360_LC80410362016254LGN01.tif
ang20170920t182452-B,l8_minus90_LC80410362017160LGN00.tif,l8_minus360_LC80410362016254LGN01.tif
ang20170920t182452-C,l8_minus90_LC80410362017160LGN00.tif,l8_minus360_LC80410362016254LGN01.tif
ang20170920t184730-A,l8_minus90_LC80410362017160LGN00.tif,l8_minus360_LC80410362016254LGN01.tif
ang20170920t190530-C,l8_minus90_LC80410362017160LGN00.tif,l8_minus360_LC80410362016254LGN01.tif
ang20170920t190925-A,l8_minus90_LC80410362017160LGN00.tif,l8_minus360_LC80410362016254LGN01.tif
ang20170920t190925-B,l8_minus90_LC80410362017160LGN00.tif,l8_minus360_LC80410362016254LGN01.tif
ang20170920t193250-A,l8_minus90_LC80410362017160LGN00.tif,l8_minus360_LC80410362016254LGN01.tif
ang20170920t193250-B,l8_minus90_LC80410362017160LGN00.tif,l8_minus360_LC80410362016254LGN01.tif
ang20170920t194154-A,l8_minus90_LC80410362017160LGN00.tif,l8_minus360_LC80410362016254LGN01.tif
ang20170920t194154-B,l8_minus90_LC80410362017160LGN00.tif,l8_minus360_LC80410362016254LGN01.tif
ang20170920t204106-A,l8_minus90_LC80410362017160LGN00.tif,l8_minus360_LC80410362016254LGN01.tif
ang20170920t204106-B,l8_minus90_LC80410362017160LGN00.tif,l8_minus360_LC80410362016254LGN01.tif
ang20170920t204106-C,l8_minus90_LC80410362017160LGN00.tif,l8_minus360_LC80410362016254LGN01.tif
ang20170920t223620-A,l8_minus90_LC80410362017160LGN00.tif,l8_minus360_LC80410362016254LGN01.tif
ang20170920t223620-B,l8_minus90_LC80410362017160LGN00.tif,l8_minus360_LC80410362016254LGN01.tif
ang20170922t224720-A,l8_minus90_LC80410362017160LGN00.tif,l8_minus360_LC80410362016254LGN01.tif
ang20170925t212203-A,l8_minus90_LC80410362017160LGN00.tif,l8_minus360_LC80410362016254LGN01.tif
ang20170925t212203-C,l8_minus90_LC80410362017160LGN00.tif,l8_minus360_LC80410362016254LGN01.tif
ang20170925t212940-A,l8_minus90_LC80410362017160LGN00.tif,l8_minus360_LC80410362016254LGN01.tif
ang20170925t214642-A,l8_minus90_LC80410362017160LGN00.tif,l8_minus360_LC80410362016254LGN01.tif
ang20170925t214642-B,l8_minus90_LC80410362017160LGN00.tif,l8_minus360_LC80410362016254LGN01.tif
ang20170925t214642-C,l8_minus90_LC80410362017160LGN00.tif,l8_minus360_LC80410362016254LGN01.tif
ang20170925t214642-D,l8_minus90_LC80410362017160LGN00.tif,l8_minus360_LC80410362016254LGN01.tif
ang20170925t214642-E,l8_minus90_LC80410362017160LGN00.tif,l8_minus360_LC80410362016254LGN01.tif
ang20170926t182523-A,l8_minus90_LC80410362017160LGN00.tif,l8_minus360_LC80410362016254LGN01.tif
ang20170926t182523-B,l8_minus90_LC80410362017160LGN00.tif,l8_minus360_LC80410362016254LGN01.tif
ang20170926t182523-C,l8_minus90_LC80410362017160LGN00.tif,l8_minus360_LC80410362016254LGN01.tif
ang20170926t183035-A,l8_minus90_LC80410362017160LGN00.tif,l8_minus360_LC80410362016254LGN01.tif
ang20170926t183717-B,l8_minus90_LC80410362017160LGN00.tif,l8_minus360_LC80410362016254LGN01.tif
ang20170926t185024-A,l8_minus90_LC80410362017160LGN00.tif,l8_minus360_LC80410362016254LGN01.tif
ang20170926t185024-B,l8_minus90_LC80410362017160LGN00.tif,l8_minus360_LC80410362016254LGN01.tif
ang20170926t192001-A,l8_minus90_LC80410362017160LGN00.tif,l8_minus360_LC80410362016254LGN01.tif
ang20170926t192820-B,l8_minus90_LC80410362017160LGN00.tif,l8_minus360_LC80410362016254LGN01.tif
ang20170926t193631-A,l8_minus90_LC80410362017160LGN00.tif,l8_minus360_LC80410362016254LGN01.tif
ang20170926t193631-B,l8_minus90_LC80410362017160LGN00.tif,l8_minus360_LC80410362016254LGN01.tif
ang20170926t194456-A,l8_minus90_LC80410362017160LGN00.tif,l8_minus360_LC80410362016254LGN01.tif
ang20170926t194456-B,l8_minus90_LC80410362017160LGN00.tif,l8_minus360_LC80410362016254LGN01.tif
ang20170926t201825-B,l8_minus90_LC80410362017160LGN00.tif,l8_minus360_LC80410362016254LGN01.tif
ang20170926t205517-A,l8_minus90_LC80410362017160LGN00.tif,l8_minus360_LC80410362016254LGN01.tif
ang20170926t210253-A,l8_minus90_LC80410362017160LGN00.tif,l8_minus360_LC80410362016254LGN01.tif
ang20170926t210253-B,l8_minus90_LC80410362017160LGN00.tif,l8_minus360_LC80410362016254LGN01.tif
ang20170926t210253-C,l8_minus90_LC80410362017160LGN00.tif,l8_minus360_LC80410362016254LGN01.tif
ang20170926t210253-D,l8_minus90_LC80410362017160LGN00.tif,l8_minus360_LC80410362016254LGN01.tif
ang20170926t210253-E,l8_minus90_LC80410362017160LGN00.tif,l8_minus360_LC80410362016254LGN01.tif
ang20170926t210253-F,l8_minus90_LC80410362017160LGN00.tif,l8_minus360_LC80410362016254LGN01.tif
ang20170926t210253-G,l8_minus90_LC80410362017160LGN00.tif,l8_minus360_LC80410362016254LGN01.tif
ang20170926t210253-H,l8_minus90_LC80410362017160LGN00.tif,l8_minus360_LC80410362016254LGN01.tif
ang20170926t211024-A,l8_minus90_LC80410362017160LGN00.tif,l8_minus360_LC80410362016254LGN01.tif
ang20170926t211024-B,l8_minus90_LC80410362017160LGN00.tif,l8_minus360_LC80410362016254LGN01.tif
ang20170926t211741-A,l8_minus90_LC80410362017160LGN00.tif,l8_minus360_LC80410362016254LGN01.tif
ang20170926t214243-A,l8_minus90_LC80410362017160LGN00.tif,l8_minus360_LC80410362016254LGN01.tif
ang20170926t214844-A,l8_minus90_LC80410362017160LGN00.tif,l8_minus360_LC80410362016254LGN01.tif
ang20170926t214844-B,l8_minus90_LC80410362017160LGN00.tif,l8_minus360_LC80410362016254LGN01.tif
ang20170926t220057-A,l8_minus90_LC80410362017160LGN00.tif,l8_minus360_LC80410362016254LGN01.tif
ang20170926t220655-A,l8_minus90_LC80410362017160LGN00.tif,l8_minus360_LC80410362016254LGN01.tif
ang20170926t220655-B,l8_minus90_LC80410362017160LGN00.tif,l8_minus360_LC80410362016254LGN01.tif
ang20170926t220655-C,l8_minus90_LC80410362017160LGN00.tif,l8_minus360_LC80410362016254LGN01.tif
ang20170926t220655-D,l8_minus90_LC80410362017160LGN00.tif,l8_minus360_LC80410362016254LGN01.tif
ang20170926t221306-A,l8_minus90_LC80410362017160LGN00.tif,l8_minus360_LC80410362016254LGN01.tif
ang20170926t221306-B,l8_minus90_LC80410362017160LGN00.tif,l8_minus360_LC80410362016254LGN01.tif
ang20170926t222732-A,l8_minus90_LC80410362017160LGN00.tif,l8_minus360_LC80410362016254LGN01.tif
ang20170926t223532-A,l8_minus90_LC80410362017160LGN00.tif,l8_minus360_LC80410362016254LGN01.tif
ang20170926t225148-A,l8_minus90_LC80410362017160LGN00.tif,l8_minus360_LC80410362016254LGN01.tif
ang20170928t190510-A,l8_minus90_LC80410362017160LGN00.tif,l8_minus360_LC80410362016254LGN01.tif
ang20170928t195131-A,l8_minus90_LC80410362017160LGN00.tif,l8_minus360_LC80410362016254LGN01.tif
ang20170928t195131-B,l8_minus90_LC80410362017160LGN00.tif,l8_minus360_LC80410362016254LGN01.tif
ang20170928t200057-A,l8_minus90_LC80410362017160LGN00.tif,l8_minus360_LC80410362016254LGN01.tif
ang20170928t200057-B,l8_minus90_LC80410362017160LGN00.tif,l8_minus360_LC80410362016254LGN01.tif
ang20170928t202037-A,l8_minus90_LC80410362017160LGN00.tif,l8_minus360_LC80410362016254LGN01.tif
ang20170928t205000-B,l8_minus90_LC80410362017160LGN00.tif,l8_minus360_LC80410362016254LGN01.tif
ang20170930t184705-A,l8_minus90_LC80410362017160LGN00.tif,l8_minus360_LC80410362016254LGN01.tif
ang20170930t185517-A,l8_minus90_LC80410362017160LGN00.tif,l8_minus360_LC80410362016254LGN01.tif
ang20170930t191727-A,l8_minus90_LC80410362017160LGN00.tif,l8_minus360_LC80410362016254LGN01.tif
ang20170930t194200-A,l8_minus90_LC80410362017160LGN00.tif,l8_minus360_LC80410362016254LGN01.tif
ang20170930t200615-A,l8_minus90_LC80410362017160LGN00.tif,l8_minus360_LC80410362016254LGN01.tif
ang20170930t202428-A,l8_minus90_LC80410362017160LGN00.tif,l8_minus360_LC80410362016254LGN01.tif
ang20170930t202428-B,l8_minus90_LC80410362017160LGN00.tif,l8_minus360_LC80410362016254LGN01.tif
ang20170930t202428-C,l8_minus90_LC80410362017160LGN00.tif,l8_minus360_LC80410362016254LGN01.tif
ang20170930t213217-A,l8_minus90_LC80410362017160LGN00.tif,l8_minus360_LC80410362016254LGN01.tif
ang20170930t214843-A,l8_minus90_LC80410362017160LGN00.tif,l8_minus360_LC80410362016254LGN01.tif
ang20170930t214843-B,l8_minus90_LC80410362017160LGN00.tif,l8_minus360_LC80410362016254LGN01.tif
ang20170930t214843-C,l8_minus90_LC80410362017160LGN00.tif,l8_minus360_LC80410362016254LGN01.tif
ang20170930t214843-D,l8_minus90_LC80410362017160LGN00.tif,l8_minus360_LC80410362016254LGN01.tif
ang20171003t202537-A,l8_minus90_LC80410362017160LGN00.tif,l8_minus360_LC80410362016254LGN01.tif
ang20171003t202537-B,l8_minus90_LC80410362017160LGN00.tif,l8_minus360_LC80410362016254LGN01.tif
ang20171003t202537-C,l8_minus90_LC80410362017160LGN00.tif,l8_minus360_LC80410362016254LGN01.tif
ang20171003t204400-A,l8_minus90_LC80410362017160LGN00.tif,l8_minus360_LC80410362016254LGN01.tif
ang20171003t204400-B,l8_minus90_LC80410362017160LGN00.tif,l8_minus360_LC80410362016254LGN01.tif
ang20171003t222158-A,l8_minus90_LC80410362017160LGN00.tif,l8_minus360_LC80410362016254LGN01.tif
ang20171003t223216-C,l8_minus90_LC80410362017160LGN00.tif,l8_minus360_LC80410362016254LGN01.tif
ang20171003t223216-D,l8_minus90_LC80410362017160LGN00.tif,l8_minus360_LC80410362016254LGN01.tif
ang20171003t224906-B,l8_minus90_LC80410362017160LGN00.tif,l8_minus360_LC80410362016254LGN01.tif
ang20171003t224906-H,l8_minus90_LC80410362017160LGN00.tif,l8_minus360_LC80410362016254LGN01.tif
ang20171005t174154-A,l8_minus90_LC80410362017160LGN00.tif,l8_minus360_LC80410362016254LGN01.tif
ang20171005t174154-C,l8_minus90_LC80410362017160LGN00.tif,l8_minus360_LC80410362016254LGN01.tif
ang20171005t180614-B,l8_minus90_LC80410362017160LGN00.tif,l8_minus360_LC80410362016254LGN01.tif
ang20171005t181235-A,l8_minus90_LC80410362017160LGN00.tif,l8_minus360_LC80410362016254LGN01.tif
ang20171005t181633-A,l8_minus90_LC80410362017160LGN00.tif,l8_minus360_LC80410362016254LGN01.tif
ang20171005t182102-A,l8_minus90_LC80410362017160LGN00.tif,l8_minus360_LC80410362016254LGN01.tif
ang20171005t182501-A,l8_minus90_LC80410362017160LGN00.tif,l8_minus360_LC80410362016254LGN01.tif
ang20171005t182910-A,l8_minus90_LC80410362017160LGN00.tif,l8_minus360_LC80440342016291LGN01.tif
ang20171005t183304-A,l8_minus90_LC80410362017160LGN00.tif,l8_minus360_LC80440342016291LGN01.tif
ang20171005t183733-A,l8_minus90_LC80410362017160LGN00.tif,l8_minus360_LC80440342016291LGN01.tif
ang20171005t184116-A,l8_minus90_LC80410362017160LGN00.tif,l8_minus360_LC80440342016291LGN01.tif
ang20171005t185616-B,l8_minus90_LC80410362017160LGN00.tif,l8_minus360_LC80440342016291LGN01.tif
ang20171005t185616-C,l8_minus90_LC80410362017160LGN00.tif,l8_minus360_LC80440342016291LGN01.tif
ang20171005t185616-D,l8_minus90_LC80410362017160LGN00.tif,l8_minus360_LC80440342016291LGN01.tif
ang20171005t185616-E,l8_minus90_LC80410362017160LGN00.tif,l8_minus360_LC80440342016291LGN01.tif
ang20171005t190757-A,l8_minus90_LC80410362017160LGN00.tif,l8_minus360_LC80440342016291LGN01.tif
ang20171005t190757-B,l8_minus90_LC80410362017160LGN00.tif,l8_minus360_LC80440342016291LGN01.tif
ang20171005t190757-C,l8_minus90_LC80410362017160LGN00.tif,l8_minus360_LC80440342016291LGN01.tif
ang20171005t190757-D,l8_minus90_LC80410362017160LGN00.tif,l8_minus360_LC80440342016291LGN01.tif
ang20171005t191421-A,l8_minus90_LC80410362017160LGN00.tif,l8_minus360_LC80440342016291LGN01.tif
ang20171005t192014-A,l8_minus90_LC80410362017160LGN00.tif,l8_minus360_LC80440342016291LGN01.tif
ang20171005t192014-B,l8_minus90_LC80410362017160LGN00.tif,l8_minus360_LC80440342016291LGN01.tif
ang20171005t192014-C,l8_minus90_LC80410362017160LGN00.tif,l8_minus360_LC80440342016291LGN01.tif
ang20171005t192606-A,l8_minus90_LC80410362017160LGN00.tif,l8_minus360_LC80440342016291LGN01.tif
ang20171005t192606-B,l8_minus90_LC80410362017160LGN00.tif,l8_minus360_LC80440342016291LGN01.tif
ang20171005t192606-C,l8_minus90_LC80410362017160LGN00.tif,l8_minus360_LC80440342016291LGN01.tif
ang20171005t194644-A,l8_minus90_LC80410362017160LGN00.tif,l8_minus360_LC80440342016291LGN01.tif
ang20171005t194644-B,l8_minus90_LC80410362017160LGN00.tif,l8_minus360_LC80440342016291LGN01.tif
ang20171005t195334-A,l8_minus90_LC80410362017160LGN00.tif,l8_minus360_LC80440342016291LGN01.tif
ang20171005t202112-C,l8_minus90_LC80410362017160LGN00.tif,l8_minus360_LC80440342016291LGN01.tif
ang20171005t202112-D,l8_minus90_LC80410362017160LGN00.tif,l8_minus360_LC80440342016291LGN01.tif
ang20171005t202112-E,l8_minus90_LC80410362017160LGN00.tif,l8_minus360_LC80440342016291LGN01.tif
ang20171005t202112-F,l8_minus90_LC80410362017160LGN00.tif,l8_minus360_LC80440342016291LGN01.tif
ang20171005t203234-A,l8_minus90_LC80410362017160LGN00.tif,l8_minus360_LC80440342016291LGN01.tif
ang20171005t203234-B,l8_minus90_LC80410362017160LGN00.tif,l8_minus360_LC80440342016291LGN01.tif
ang20171005t203234-C,l8_minus90_LC80410362017160LGN00.tif,l8_minus360_LC80440342016291LGN01.tif
ang20171005t203234-D,l8_minus90_LC80410362017160LGN00.tif,l8_minus360_LC80440342016291LGN01.tif
ang20171005t203234-E,l8_minus90_LC80410362017160LGN00.tif,l8_minus360_LC80440342016291LGN01.tif
ang20171005t203726-A,l8_minus90_LC80410362017160LGN00.tif,l8_minus360_LC80440342016291LGN01.tif
ang20171005t203726-B,l8_minus90_LC80410362017160LGN00.tif,l8_minus360_LC80440342016291LGN01.tif
ang20171005t203726-D,l8_minus90_LC80410362017160LGN00.tif,l8_minus360_LC80440342016291LGN01.tif
ang20171005t203726-E,l8_minus90_LC80410362017160LGN00.tif,l8_minus360_LC80440342016291LGN01.tif
ang20171005t203726-F,l8_minus90_LC80410362017160LGN00.tif,l8_minus360_LC80440342016291LGN01.tif
ang20171005t203726-G,l8_minus90_LC80410362017160LGN00.tif,l8_minus360_LC80440342016291LGN01.tif
ang20171005t203726-H,l8_minus90_LC80410362017160LGN00.tif,l8_minus360_LC80440342016291LGN01.tif
ang20171005t211722-A,l8_minus90_LC80410362017160LGN00.tif,l8_minus360_LC80440342016291LGN01.tif
ang20171005t211722-B,l8_minus90_LC80410362017160LGN00.tif,l8_minus360_LC80440342016291LGN01.tif
ang20171005t211722-C,l8_minus90_LC80410362017160LGN00.tif,l8_minus360_LC80440342016291LGN01.tif
ang20171005t211722-D,l8_minus90_LC80410362017160LGN00.tif,l8_minus360_LC80440342016291LGN01.tif
ang20171005t211722-E,l8_minus90_LC80410362017160LGN00.tif,l8_minus360_LC80440342016291LGN01.tif
ang20171005t212155-A,l8_minus90_LC80410362017160LGN00.tif,l8_minus360_LC80440342016291LGN01.tif
ang20171005t212155-B,l8_minus90_LC80410362017160LGN00.tif,l8_minus360_LC80440342016291LGN01.tif
ang20171005t212155-C,l8_minus90_LC80410362017160LGN00.tif,l8_minus360_LC80440342016291LGN01.tif
ang20171005t212155-F,l8_minus90_LC80410362017160LGN00.tif,l8_minus360_LC80440342016291LGN01.tif
ang20171006t175330-A,l8_minus90_LC80410362017160LGN00.tif,l8_minus360_LC80440342016291LGN01.tif
ang20171006t175330-B,l8_minus90_LC80410362017160LGN00.tif,l8_minus360_LC80440342016291LGN01.tif
ang20171006t180357-A,l8_minus90_LC80410362017160LGN00.tif,l8_minus360_LC80440342016291LGN01.tif
ang20171006t180357-B,l8_minus90_LC80410362017160LGN00.tif,l8_minus360_LC80440342016291LGN01.tif
ang20171006t181027-B,l8_minus90_LC80410362017160LGN00.tif,l8_minus360_LC80440342016291LGN01.tif
ang20171006t181027-E,l8_minus90_LC80410362017160LGN00.tif,l8_minus360_LC80440342016291LGN01.tif
ang20171006t181027-F,l8_minus90_LC80410362017160LGN00.tif,l8_minus360_LC80440342016291LGN01.tif
ang20171006t181027-G,l8_minus90_LC80410362017160LGN00.tif,l8_minus360_LC80440342016291LGN01.tif
ang20171006t181027-H,l8_minus90_LC80410362017160LGN00.tif,l8_minus360_LC80440342016291LGN01.tif
ang20171006t181027-I,l8_minus90_LC80410362017160LGN00.tif,l8_minus360_LC80440342016291LGN01.tif
ang20171006t181633-B,l8_minus90_LC80410362017160LGN00.tif,l8_minus360_LC80440342016291LGN01.tif
ang20171006t181633-E,l8_minus90_LC80410362017160LGN00.tif,l8_minus360_LC80440342016291LGN01.tif
ang20171006t181633-F,l8_minus90_LC80410362017160LGN00.tif,l8_minus360_LC80440342016291LGN01.tif
ang20171006t181633-G,l8_minus90_LC80410362017160LGN00.tif,l8_minus360_LC80440342016291LGN01.tif
ang20171006t182247-B,l8_minus90_LC80410362017160LGN00.tif,l8_minus360_LC80440342016291LGN01.tif
ang20171006t182247-F,l8_minus90_LC80410362017160LGN00.tif,l8_minus360_LC80440342016291LGN01.tif
ang20171006t182247-G,l8_minus90_LC80410362017160LGN00.tif,l8_minus360_LC80440342016291LGN01.tif
ang20171006t182247-H,l8_minus90_LC80410362017160LGN00.tif,l8_minus360_LC80440342016291LGN01.tif
ang20171006t182928-E,l8_minus90_LC80410362017160LGN00.tif,l8_minus360_LC80440342016291LGN01.tif
ang20171006t182928-F,l8_minus90_LC80410362017160LGN00.tif,l8_minus360_LC80440342016291LGN01.tif
ang20171006t182928-H,l8_minus90_LC80410362017160LGN00.tif,l8_minus360_LC80440342016291LGN01.tif
ang20171006t184157-A,l8_minus90_LC80410362017160LGN00.tif,l8_minus360_LC80440342016291LGN01.tif
ang20171006t184157-B,l8_minus90_LC80410362017160LGN00.tif,l8_minus360_LC80440342016291LGN01.tif
ang20171006t184157-C,l8_minus90_LC80410362017160LGN00.tif,l8_minus360_LC80440342016291LGN01.tif
ang20171006t184157-D,l8_minus90_LC80410362017160LGN00.tif,l8_minus360_LC80440342016291LGN01.tif
ang20171006t184157-G,l8_minus90_LC80410362017160LGN00.tif,l8_minus360_LC80440342016291LGN01.tif
ang20171006t184157-H,l8_minus90_LC80410362017160LGN00.tif,l8_minus360_LC80440342016291LGN01.tif
ang20171006t184157-I,l8_minus90_LC80410362017160LGN00.tif,l8_minus360_LC80440342016291LGN01.tif
ang20171006t184157-J,l8_minus90_LC80410362017160LGN00.tif,l8_minus360_LC80440342016291LGN01.tif
ang20171006t184157-K,l8_minus90_LC80410362017160LGN00.tif,l8_minus360_LC80440342016291LGN01.tif
ang20171006t184157-M,l8_minus90_LC80410362017160LGN00.tif,l8_minus360_LC80440342016291LGN01.tif
ang20171006t184157-N,l8_minus90_LC80410362017160LGN00.tif,l8_minus360_LC80440342016291LGN01.tif
ang20171006t184157-O,l8_minus90_LC80410362017160LGN00.tif,l8_minus360_LC80440342016291LGN01.tif
ang20171006t184753-C,l8_minus90_LC80410362017160LGN00.tif,l8_minus360_LC80440342016291LGN01.tif
ang20171006t184753-D,l8_minus90_LC80410362017160LGN00.tif,l8_minus360_LC80440342016291LGN01.tif
ang20171006t185335-A,l8_minus90_LC80410362017160LGN00.tif,l8_minus360_LC80440342016291LGN01.tif
ang20171006t185335-C,l8_minus90_LC80410362017160LGN00.tif,l8_minus360_LC80440342016291LGN01.tif
ang20171006t185335-F,l8_minus90_LC80410362017160LGN00.tif,l8_minus360_LC80440342016291LGN01.tif
ang20171006t185335-M,l8_minus90_LC80410362017160LGN00.tif,l8_minus360_LC80440342016291LGN01.tif
ang20171006t185335-S,l8_minus90_LC80410362017160LGN00.tif,l8_minus360_LC80440342016291LGN01.tif
ang20171006t185335-T,l8_minus90_LC80410362017160LGN00.tif,l8_minus360_LC80440342016291LGN01.tif
ang20171006t185859-B,l8_minus90_LC80410362017160LGN00.tif,l8_minus360_LC80440342016291LGN01.tif
ang20171006t185859-C,l8_minus90_LC80410362017160LGN00.tif,l8_minus360_LC80440342016291LGN01.tif
ang20171006t185859-D,l8_minus90_LC80410362017160LGN00.tif,l8_minus360_LC80440342016291LGN01.tif
ang20171006t185859-E,l8_minus90_LC80410362017160LGN00.tif,l8_minus360_LC80440342016291LGN01.tif
ang20171006t185859-F,l8_minus90_LC80410362017160LGN00.tif,l8_minus360_LC80440342016291LGN01.tif
ang20171006t185859-I,l8_minus90_LC80410362017160LGN00.tif,l8_minus360_LC80440342016291LGN01.tif
ang20171006t185859-K,l8_minus90_LC80410362017160LGN00.tif,l8_minus360_LC80440342016291LGN01.tif
ang20171006t185859-M,l8_minus90_LC80410362017160LGN00.tif,l8_minus360_LC80440342016291LGN01.tif
ang20171006t185859-N,l8_minus90_LC80410362017160LGN00.tif,l8_minus360_LC80440342016291LGN01.tif
ang20171006t190448-A,l8_minus90_LC80410362017160LGN00.tif,l8_minus360_LC80440342016291LGN01.tif
ang20171006t190448-B,l8_minus90_LC80410362017160LGN00.tif,l8_minus360_LC80440342016291LGN01.tif
ang20171006t190448-C,l8_minus90_LC80410362017160LGN00.tif,l8_minus360_LC80440342016291LGN01.tif
ang20171006t190448-D,l8_minus90_LC80410362017160LGN00.tif,l8_minus360_LC80440342016291LGN01.tif
ang20171006t190448-F,l8_minus90_LC80410362017160LGN00.tif,l8_minus360_LC80440342016291LGN01.tif
ang20171006t190448-G,l8_minus90_LC80410362017160LGN00.tif,l8_minus360_LC80440342016291LGN01.tif
ang20171006t190448-H,l8_minus90_LC80410362017160LGN00.tif,l8_minus360_LC80440342016291LGN01.tif
ang20171006t190448-J,l8_minus90_LC80410362017160LGN00.tif,l8_minus360_LC80440342016291LGN01.tif
ang20171006t190448-K,l8_minus90_LC80410362017160LGN00.tif,l8_minus360_LC80440342016291LGN01.tif
ang20171006t190448-L,l8_minus90_LC80410362017160LGN00.tif,l8_minus360_LC80440342016291LGN01.tif
ang20171006t191011-A,l8_minus90_LC80410362017160LGN00.tif,l8_minus360_LC80440342016291LGN01.tif
ang20171006t191011-B,l8_minus90_LC80410362017160LGN00.tif,l8_minus360_LC80440342016291LGN01.tif
ang20171006t191011-C,l8_minus90_LC80410362017160LGN00.tif,l8_minus360_LC80440342016291LGN01.tif
ang20171006t191011-D,l8_minus90_LC80410362017160LGN00.tif,l8_minus360_LC80440342016291LGN01.tif
ang20171006t191011-E,l8_minus90_LC80410362017160LGN00.tif,l8_minus360_LC80440342016291LGN01.tif
ang20171006t191011-F,l8_minus90_LC80410362017160LGN00.tif,l8_minus360_LC80440342016291LGN01.tif
ang20171006t191011-H,l8_minus90_LC80410362017160LGN00.tif,l8_minus360_LC80440342016291LGN01.tif
ang20171006t191011-K,l8_minus90_LC80410362017160LGN00.tif,l8_minus360_LC80440342016291LGN01.tif
ang20171006t191011-N,l8_minus90_LC80410362017160LGN00.tif,l8_minus360_LC80440342016291LGN01.tif
ang20171006t192328-A,l8_minus90_LC80410362017160LGN00.tif,l8_minus360_LC80440342016291LGN01.tif
ang20171006t192328-B,l8_minus90_LC80410362017160LGN00.tif,l8_minus360_LC80440342016291LGN01.tif
ang20171006t192854-A,l8_minus90_LC80410362017160LGN00.tif,l8_minus360_LC80440342016291LGN01.tif
ang20171006t192854-B,l8_minus90_LC80410362017160LGN00.tif,l8_minus360_LC80440342016291LGN01.tif
ang20171006t193531-A,l8_minus90_LC80410362017160LGN00.tif,l8_minus360_LC80440342016291LGN01.tif
ang20171006t193531-B,l8_minus90_LC80410362017160LGN00.tif,l8_minus360_LC80440342016291LGN01.tif
ang20171006t194116-A,l8_minus90_LC80410362017160LGN00.tif,l8_minus360_LC80440342016291LGN01.tif
ang20171006t195044-C,l8_minus90_LC80410362017160LGN00.tif,l8_minus360_LC80440342016291LGN01.tif
ang20171006t201620-A,l8_minus90_LC80410362017160LGN00.tif,l8_minus360_LC80440342016291LGN01.tif
ang20171006t202925-A,l8_minus90_LC80410362017160LGN00.tif,l8_minus360_LC80440342016291LGN01.tif
ang20171006t213502-A,l8_minus90_LC80410362017160LGN00.tif,l8_minus360_LC80440342016291LGN01.tif
ang20171006t213502-C,l8_minus90_LC80410362017160LGN00.tif,l8_minus360_LC80440342016291LGN01.tif
ang20171006t213502-D,l8_minus90_LC80410362017160LGN00.tif,l8_minus360_LC80440342016291LGN01.tif
ang20171006t215434-A,l8_minus90_LC80410362017160LGN00.tif,l8_minus360_LC80440342016291LGN01.tif
ang20171006t215434-B,l8_minus90_LC80410362017160LGN00.tif,l8_minus360_LC80440342016291LGN01.tif
ang20171006t215434-C,l8_minus90_LC80410362017160LGN00.tif,l8_minus360_LC80440342016291LGN01.tif
ang20171006t215434-D,l8_minus90_LC80410362017160LGN00.tif,l8_minus360_LC80440342016291LGN01.tif
ang20171006t215434-E,l8_minus90_LC80410362017160LGN00.tif,l8_minus360_LC80440342016291LGN01.tif
ang20171006t215434-F,l8_minus90_LC80410362017160LGN00.tif,l8_minus360_LC80440342016291LGN01.tif
ang20171006t215434-G,l8_minus90_LC80410362017160LGN00.tif,l8_minus360_LC80440342016291LGN01.tif
ang20171007t194340-A,l8_minus90_LC80430342017190LGN00.tif,l8_minus360_LC80440342016291LGN01.tif
ang20171007t194340-B,l8_minus90_LC80430342017190LGN00.tif,l8_minus360_LC80440342016291LGN01.tif
ang20171007t194907-A,l8_minus90_LC80430342017190LGN00.tif,l8_minus360_LC80440342016291LGN01.tif
ang20171007t194907-B,l8_minus90_LC80430342017190LGN00.tif,l8_minus360_LC80440342016291LGN01.tif
ang20171007t201538-A,l8_minus90_LC80430342017190LGN00.tif,l8_minus360_LC80440342016291LGN01.tif
ang20171007t202134-A,l8_minus90_LC80440342017197LGN01.tif,l8_minus360_LC80440342016291LGN01.tif
ang20171007t202134-B,l8_minus90_LC80440342017197LGN01.tif,l8_minus360_LC80440342016291LGN01.tif
ang20171007t202134-C,l8_minus90_LC80440342017197LGN01.tif,l8_minus360_LC80440342016291LGN01.tif
ang20171007t202134-E,l8_minus90_LC80430342017190LGN00.tif,l8_minus360_LC80440342016291LGN01.tif
ang20171007t202134-F,l8_minus90_LC80430342017190LGN00.tif,l8_minus360_LC80440342016291LGN01.tif
ang20171007t204208-A,l8_minus90_LC80430342017190LGN00.tif,l8_minus360_LC80440342016291LGN01.tif
ang20171007t204208-B,l8_minus90_LC80430342017190LGN00.tif,l8_minus360_LC80440342016291LGN01.tif
ang20171007t204208-C,l8_minus90_LC80430342017190LGN00.tif,l8_minus360_LC80440342016291LGN01.tif
ang20171007t205849-A,l8_minus90_LC80430342017190LGN00.tif,l8_minus360_LC80440342016291LGN01.tif
ang20171007t210557-A,l8_minus90_LC80430342017190LGN00.tif,l8_minus360_LC80440342016291LGN01.tif
ang20171007t211503-A,l8_minus90_LC80430342017190LGN00.tif,l8_minus360_LC80440342016291LGN01.tif
ang20171007t221103-A,l8_minus90_LC80430342017190LGN00.tif,l8_minus360_LC80440342016291LGN01.tif
ang20171007t221103-B,l8_minus90_LC80430342017190LGN00.tif,l8_minus360_LC80440342016291LGN01.tif
ang20171010t173555-A,l8_minus90_LC80430342017190LGN00.tif,l8_minus360_LC80440342016291LGN01.tif
ang20171010t174049-A,l8_minus90_LC80430342017190LGN00.tif,l8_minus360_LC80440342016291LGN01.tif
ang20171010t174516-A,l8_minus90_LC80430342017190LGN00.tif,l8_minus360_LC80440342016291LGN01.tif
ang20171010t175035-A,l8_minus90_LC80430342017190LGN00.tif,l8_minus360_LC80440342016291LGN01.tif
ang20171010t175513-A,l8_minus90_LC80430342017190LGN00.tif,l8_minus360_LC80440342016291LGN01.tif
ang20171010t182000-A,l8_minus90_LC80430342017190LGN00.tif,l8_minus360_LC80440342016291LGN01.tif
ang20171010t190508-A,l8_minus90_LC80430342017190LGN00.tif,l8_minus360_LC80440342016291LGN01.tif
ang20171010t191001-A,l8_minus90_LC80430342017190LGN00.tif,l8_minus360_LC80440342016291LGN01.tif
ang20171010t191001-B,l8_minus90_LC80430342017190LGN00.tif,l8_minus360_LC80440342016291LGN01.tif
ang20171010t191001-D,l8_minus90_LC80430342017190LGN00.tif,l8_minus360_LC80440342016291LGN01.tif
ang20171010t193506-A,l8_minus90_LC80430342017190LGN00.tif,l8_minus360_LC80440342016291LGN01.tif
ang20171010t193506-B,l8_minus90_LC80430342017190LGN00.tif,l8_minus360_LC80440342016291LGN01.tif
ang20171010t193506-C,l8_minus90_LC80430342017190LGN00.tif,l8_minus360_LC80440342016291LGN01.tif
ang20171010t194108-A,l8_minus90_LC80430342017190LGN00.tif,l8_minus360_LC80440342016291LGN01.tif
ang20171010t195237-A,l8_minus90_LC80430342017190LGN00.tif,l8_minus360_LC80440342016291LGN01.tif
ang20171010t195237-C,l8_minus90_LC80430342017190LGN00.tif,l8_minus360_LC80440342016291LGN01.tif
ang20171010t204606-A,l8_minus90_LC80430342017190LGN00.tif,l8_minus360_LC80440342016291LGN01.tif
ang20171010t204606-B,l8_minus90_LC80430342017190LGN00.tif,l8_minus360_LC80440342016291LGN01.tif
ang20171010t205643-A,l8_minus90_LC80430342017190LGN00.tif,l8_minus360_LC80440342016291LGN01.tif
ang20171010t205643-B,l8_minus90_LC80430342017190LGN00.tif,l8_minus360_LC80440342016291LGN01.tif
ang20171010t212212-A,l8_minus90_LC80430342017190LGN00.tif,l8_minus360_LC80440342016291LGN01.tif
ang20171010t213057-A,l8_minus90_LC80430342017190LGN00.tif,l8_minus360_LC80440342016291LGN01.tif
ang20171010t213057-B,l8_minus90_LC80430342017190LGN00.tif,l8_minus360_LC80440342016291LGN01.tif
ang20171010t214752-A,l8_minus90_LC80430342017190LGN00.tif,l8_minus360_LC80440342016291LGN01.tif
ang20171011t175640-A,l8_minus90_LC80430342017190LGN00.tif,l8_minus360_LC80440342016291LGN01.tif
ang20171011t183437-A,l8_minus90_LC80430342017190LGN00.tif,l8_minus360_LC80440342016291LGN01.tif
ang20171011t185051-A,l8_minus90_LC80430342017190LGN00.tif,l8_minus360_LC80440342016291LGN01.tif
ang20171011t185846-A,l8_minus90_LC80430342017190LGN00.tif,l8_minus360_LC80440342016291LGN01.tif
ang20171011t191143-A,l8_minus90_LC80430342017190LGN00.tif,l8_minus360_LC80440342016291LGN01.tif
ang20171011t192654-A,l8_minus90_LC80430342017190LGN00.tif,l8_minus360_LC80440342016291LGN01.tif
ang20171011t193623-A,l8_minus90_LC80430342017190LGN00.tif,l8_minus360_LC80440342016291LGN01.tif
ang20171011t194255-A,l8_minus90_LC80430342017190LGN00.tif,l8_minus360_LC80440342016291LGN01.tif
ang20171011t195646-A,l8_minus90_LC80430342017190LGN00.tif,l8_minus360_LC80440342016291LGN01.tif
ang20171011t200410-A,l8_minus90_LC80430342017190LGN00.tif,l8_minus360_LC80440342016291LGN01.tif
ang20171011t201056-A,l8_minus90_LC80430342017190LGN00.tif,l8_minus360_LC80440342016291LGN01.tif
ang20171011t203837-A,l8_minus90_LC80430342017190LGN00.tif,l8_minus360_LC80440342016291LGN01.tif
ang20171012t174516-A,l8_minus90_LC80430342017190LGN00.tif,l8_minus360_LC80440342016291LGN01.tif
ang20171012t195433-A,l8_minus90_LC80430342017190LGN00.tif,l8_minus360_LC80440342016291LGN01.tif
ang20171012t205425-A,l8_minus90_LC80430342017190LGN00.tif,l8_minus360_LC80440342016291LGN01.tif
ang20171013t184728-A,l8_minus90_LC80430342017190LGN00.tif,l8_minus360_LC80440342016291LGN01.tif
ang20171013t191520-A,l8_minus90_LC80430342017190LGN00.tif,l8_minus360_LC80440342016291LGN01.tif
ang20171013t193251-A,l8_minus90_LC80430342017190LGN00.tif,l8_minus360_LC80440342016291LGN01.tif
ang20171013t194607-A,l8_minus90_LC80430342017190LGN00.tif,l8_minus360_LC80440342016291LGN01.tif
ang20171013t204512-A,l8_minus90_LC80430342017190LGN00.tif,l8_minus360_LC80440342016291LGN01.tif
ang20171013t205013-A,l8_minus90_LC80430342017190LGN00.tif,l8_minus360_LC80440342016291LGN01.tif
ang20171013t205013-B,l8_minus90_LC80430342017190LGN00.tif,l8_minus360_LC80440342016291LGN01.tif
ang20171013t205013-C,l8_minus90_LC80430342017190LGN00.tif,l8_minus360_LC80440342016291LGN01.tif
ang20171013t205013-D,l8_minus90_LC80430342017190LGN00.tif,l8_minus360_LC80440342016291LGN01.tif
ang20171013t205013-E,l8_minus90_LC80430342017190LGN00.tif,l8_minus360_LC80440342016291LGN01.tif
ang20171013t205013-F,l8_minus90_LC80430342017190LGN00.tif,l8_minus360_LC80440342016291LGN01.tif
ang20171013t205946-A,l8_minus90_LC80430342017190LGN00.tif,l8_minus360_LC80440342016291LGN01.tif
ang20171013t211009-A,l8_minus90_LC80430342017190LGN00.tif,l8_minus360_LC80440342016291LGN01.tif
ang20171013t211934-A,l8_minus90_LC80430342017190LGN00.tif,l8_minus360_LC80440342016291LGN01.tif
ang20171013t212517-A,l8_minus90_LC80430342017190LGN00.tif,l8_minus360_LC80440342016291LGN01.tif
ang20171013t213130-B,l8_minus90_LC80430342017190LGN00.tif,l8_minus360_LC80440342016291LGN01.tif
ang20171013t213130-C,l8_minus90_LC80430342017190LGN00.tif,l8_minus360_LC80440342016291LGN01.tif
ang20171013t213605-A,l8_minus90_LC80430342017190LGN00.tif,l8_minus360_LC80440342016291LGN01.tif
ang20171013t214049-B,l8_minus90_LC80430342017190LGN00.tif,l8_minus360_LC80440342016291LGN01.tif
ang20171013t214049-C,l8_minus90_LC80430342017190LGN00.tif,l8_minus360_LC80440342016291LGN01.tif
ang20171013t214536-A,l8_minus90_LC80430342017190LGN00.tif,l8_minus360_LC80440342016291LGN01.tif
ang20171016t175348-A,l8_minus90_LC80430342017190LGN00.tif,l8_minus360_LC80440342016291LGN01.tif
ang20171016t175348-B,l8_minus90_LC80430342017190LGN00.tif,l8_minus360_LC80440342016291LGN01.tif
ang20171016t175348-C,l8_minus90_LC80430342017190LGN00.tif,l8_minus360_LC80440342016291LGN01.tif
ang20171016t175805-A,l8_minus90_LC80430342017190LGN00.tif,l8_minus360_LC80440342016291LGN01.tif
ang20171016t175805-B,l8_minus90_LC80430342017190LGN00.tif,l8_minus360_LC80440342016291LGN01.tif
ang20171016t180708-B,l8_minus90_LC80430342017190LGN00.tif,l8_minus360_LC80440342016291LGN01.tif
ang20171016t184829-A,l8_minus90_LC80430342017190LGN00.tif,l8_minus360_LC80440342016291LGN01.tif
ang20171016t184829-B,l8_minus90_LC80430342017190LGN00.tif,l8_minus360_LC80440342016291LGN01.tif
ang20171016t185239-A,l8_minus90_LC80430342017190LGN00.tif,l8_minus360_LC80440342016291LGN01.tif
ang20171016t185239-B,l8_minus90_LC80430342017190LGN00.tif,l8_minus360_LC80440342016291LGN01.tif
ang20171016t185239-C,l8_minus90_LC80430342017190LGN00.tif,l8_minus360_LC80440342016291LGN01.tif
ang20171016t185727-A,l8_minus90_LC80430342017190LGN00.tif,l8_minus360_LC80440342016291LGN01.tif
ang20171016t185727-B,l8_minus90_LC80430342017190LGN00.tif,l8_minus360_LC80440342016291LGN01.tif
ang20171016t190200-A,l8_minus90_LC80430342017190LGN00.tif,l8_minus360_LC80440342016291LGN01.tif
ang20171016t190200-B,l8_minus90_LC80430342017190LGN00.tif,l8_minus360_LC80440342016291LGN01.tif
ang20171016t190200-C,l8_minus90_LC80430342017190LGN00.tif,l8_minus360_LC80440342016291LGN01.tif
ang20171016t191057-A,l8_minus90_LC80430342017190LGN00.tif,l8_minus360_LC80440342016291LGN01.tif
ang20171016t191057-C,l8_minus90_LC80430342017190LGN00.tif,l8_minus360_LC80440342016291LGN01.tif
ang20171016t191057-D,l8_minus90_LC80430342017190LGN00.tif,l8_minus360_LC80440342016291LGN01.tif
ang20171016t191530-A,l8_minus90_LC80430342017190LGN00.tif,l8_minus360_LC80440342016291LGN01.tif
ang20171016t191530-B,l8_minus90_LC80430342017190LGN00.tif,l8_minus360_LC80440342016291LGN01.tif
ang20171016t192001-A,l8_minus90_LC80430342017190LGN00.tif,l8_minus360_LC80440342016291LGN01.tif
ang20171016t192429-A,l8_minus90_LC80440342017197LGN01.tif,l8_minus360_LC80440342016291LGN01.tif
ang20171016t192429-B,l8_minus90_LC80440342017197LGN01.tif,l8_minus360_LC80440342016291LGN01.tif
ang20171016t192933-A,l8_minus90_LC80440342017197LGN01.tif,l8_minus360_LC80440342016291LGN01.tif
ang20171016t192933-B,l8_minus90_LC80440342017197LGN01.tif,l8_minus360_LC80440342016291LGN01.tif
ang20171016t192933-C,l8_minus90_LC80440342017197LGN01.tif,l8_minus360_LC80440342016291LGN01.tif
ang20171016t192933-D,l8_minus90_LC80440342017197LGN01.tif,l8_minus360_LC80440342016291LGN01.tif
ang20171016t193422-A,l8_minus90_LC80440342017197LGN01.tif,l8_minus360_LC80440342016291LGN01.tif
ang20171016t193422-C,l8_minus90_LC80440342017197LGN01.tif,l8_minus360_LC80440342016291LGN01.tif
ang20171016t193822-A,l8_minus90_LC80440342017197LGN01.tif,l8_minus360_LC80440342016291LGN01.tif
ang20171016t193822-B,l8_minus90_LC80440342017197LGN01.tif,l8_minus360_LC80440342016291LGN01.tif
ang20171016t193822-C,l8_minus90_LC80440342017197LGN01.tif,l8_minus360_LC80440342016291LGN01.tif
ang20171016t193822-D,l8_minus90_LC80440342017197LGN01.tif,l8_minus360_LC80440342016291LGN01.tif
ang20171016t194329-A,l8_minus90_LC80440342017197LGN01.tif,l8_minus360_LC80440342016291LGN01.tif
ang20171016t194329-B,l8_minus90_LC80440342017197LGN01.tif,l8_minus360_LC80440342016291LGN01.tif
ang20171016t194751-A,l8_minus90_LC80440342017197LGN01.tif,l8_minus360_LC80440342016291LGN01.tif
ang20171016t195222-A,l8_minus90_LC80440342017197LGN01.tif,l8_minus360_LC80440342016291LGN01.tif
ang20171016t195222-B,l8_minus90_LC80440342017197LGN01.tif,l8_minus360_LC80440342016291LGN01.tif
ang20171016t201557-A,l8_minus90_LC80440342017197LGN01.tif,l8_minus360_LC80440342016291LGN01.tif
ang20171016t201557-B,l8_minus90_LC80440342017197LGN01.tif,l8_minus360_LC80440342016291LGN01.tif
ang20171016t201557-C,l8_minus90_LC80440342017197LGN01.tif,l8_minus360_LC80440342016291LGN01.tif
ang20171016t201557-E,l8_minus90_LC80440342017197LGN01.tif,l8_minus360_LC80440342016291LGN01.tif
ang20171016t202039-A,l8_minus90_LC80440342017197LGN01.tif,l8_minus360_LC80440342016291LGN01.tif
ang20171016t202039-B,l8_minus90_LC80440342017197LGN01.tif,l8_minus360_LC80440342016291LGN01.tif
ang20171016t202900-C,l8_minus90_LC80440342017197LGN01.tif,l8_minus360_LC80440342016291LGN01.tif
ang20171016t202900-D,l8_minus90_LC80440342017197LGN01.tif,l8_minus360_LC80440342016291LGN01.tif
ang20171016t203319-A,l8_minus90_LC80440342017197LGN01.tif,l8_minus360_LC80440342016291LGN01.tif
ang20171016t203319-B,l8_minus90_LC80440342017197LGN01.tif,l8_minus360_LC80440342016291LGN01.tif
ang20171016t203319-C,l8_minus90_LC80440342017197LGN01.tif,l8_minus360_LC80440342016291LGN01.tif
ang20171016t203726-A,l8_minus90_LC80440342017197LGN01.tif,l8_minus360_LC80440342016291LGN01.tif
ang20171016t204547-B,l8_minus90_LC80440342017197LGN01.tif,l8_minus360_LC80440342016291LGN01.tif
ang20171016t204547-C,l8_minus90_LC80440342017197LGN01.tif,l8_minus360_LC80440342016291LGN01.tif
ang20171016t204547-D,l8_minus90_LC80440342017197LGN01.tif,l8_minus360_LC80440342016291LGN01.tif
ang20171016t210259-A,l8_minus90_LC80440342017197LGN01.tif,l8_minus360_LC80440342016291LGN01.tif
ang20171016t211444-A,l8_minus90_LC80440342017197LGN01.tif,l8_minus360_LC80440342016291LGN01.tif
ang20171016t211444-B,l8_minus90_LC80440342017197LGN01.tif,l8_minus360_LC80440342016291LGN01.tif
ang20171016t212056-A,l8_minus90_LC80440342017197LGN01.tif,l8_minus360_LC80440342016291LGN01.tif
ang20171016t212056-B,l8_minus90_LC80440342017197LGN01.tif,l8_minus360_LC80440342016291LGN01.tif
ang20171016t212508-B,l8_minus90_LC80440342017197LGN01.tif,l8_minus360_LC80440342016291LGN01.tif
ang20171016t213300-A,l8_minus90_LC80440342017197LGN01.tif,l8_minus360_LC80440342016291LGN01.tif
ang20171016t213300-B,l8_minus90_LC80440342017197LGN01.tif,l8_minus360_LC80440342016291LGN01.tif
ang20171016t213656-B,l8_minus90_LC80440342017197LGN01.tif,l8_minus360_LC80440342016291LGN01.tif
ang20171023t192818-B,l8_minus90_LC80440342017197LGN01.tif,l8_minus360_LC80440342016291LGN01.tif
ang20171023t192818-C,l8_minus90_LC80440342017197LGN01.tif,l8_minus360_LC80440342016291LGN01.tif
ang20171023t193220-C,l8_minus90_LC80440342017197LGN01.tif,l8_minus360_LC80440342016291LGN01.tif
ang20171023t193220-F,l8_minus90_LC80440342017197LGN01.tif,l8_minus360_LC80440342016291LGN01.tif
ang20171023t201407-B,l8_minus90_LC80440342017197LGN01.tif,l8_minus360_LC80440342016291LGN01.tif
ang20171023t201407-C,l8_minus90_LC80440342017197LGN01.tif,l8_minus360_LC80440342016291LGN01.tif
ang20171023t203609-A,l8_minus90_LC80440342017197LGN01.tif,l8_minus360_LC80440342016291LGN01.tif
ang20171023t205826-B,l8_minus90_LC80440342017197LGN01.tif,l8_minus360_LC80440342016291LGN01.tif
ang20171023t205826-C,l8_minus90_LC80440342017197LGN01.tif,l8_minus360_LC80440342016291LGN01.tif
ang20171023t210905-A,l8_minus90_LC80440342017197LGN01.tif,l8_minus360_LC80440342016291LGN01.tif
ang20171023t210905-C,l8_minus90_LC80440342017197LGN01.tif,l8_minus360_LC80440342016291LGN01.tif
ang20171023t210905-D,l8_minus90_LC80440342017197LGN01.tif,l8_minus360_LC80440342016291LGN01.tif
ang20171023t212029-A,l8_minus90_LC80440342017197LGN01.tif,l8_minus360_LC80440342016291LGN01.tif
ang20171023t212029-B,l8_minus90_LC80440342017197LGN01.tif,l8_minus360_LC80440342016291LGN01.tif
ang20171023t212029-C,l8_minus90_LC80440342017197LGN01.tif,l8_minus360_LC80440342016291LGN01.tif
ang20171023t213857-A,l8_minus90_LC80440342017197LGN01.tif,l8_minus360_LC80440342016291LGN01.tif
ang20171023t215031-A,l8_minus90_LC80440342017197LGN01.tif,l8_minus360_LC80440342016291LGN01.tif
ang20171023t215031-B,l8_minus90_LC80440342017197LGN01.tif,l8_minus360_LC80440342016291LGN01.tif
ang20171023t215031-C,l8_minus90_LC80440342017197LGN01.tif,l8_minus360_LC80440342016291LGN01.tif
ang20171023t215031-D,l8_minus90_LC80440342017197LGN01.tif,l8_minus360_LC80440342016291LGN01.tif
ang20171023t215031-F,l8_minus90_LC80440342017197LGN01.tif,l8_minus360_LC80440342016291LGN01.tif
ang20171023t215413-B,l8_minus90_LC80440342017197LGN01.tif,l8_minus360_LC80440342016291LGN01.tif
ang20171023t215413-D,l8_minus90_LC80440342017197LGN01.tif,l8_minus360_LC80440342016291LGN01.tif
ang20171023t215413-E,l8_minus90_LC80440342017197LGN01.tif,l8_minus360_LC80440342016291LGN01.tif
ang20171023t215413-G,l8_minus90_LC80440342017197LGN01.tif,l8_minus360_LC80440342016291LGN01.tif
ang20171024t182513-A,l8_minus90_LC80440342017197LGN01.tif,l8_minus360_LC80440342016291LGN01.tif
ang20171024t182513-D,l8_minus90_LC80440342017197LGN01.tif,l8_minus360_LC80440342016291LGN01.tif
ang20171024t183630-B,l8_minus90_LC80440342017197LGN01.tif,l8_minus360_LC80440342016291LGN01.tif
ang20171024t184733-A,l8_minus90_LC80440342017197LGN01.tif,l8_minus360_LC80440342016291LGN01.tif
ang20171024t190959-A,l8_minus90_LC80440342017197LGN01.tif,l8_minus360_LC80440342016291LGN01.tif
ang20171024t190959-B,l8_minus90_LC80440342017197LGN01.tif,l8_minus360_LC80440342016291LGN01.tif
ang20171024t192146-A,l8_minus90_LC80440342017197LGN01.tif,l8_minus360_LC80440342016291LGN01.tif
ang20171024t192146-C,l8_minus90_LC80440342017197LGN01.tif,l8_minus360_LC80440342016291LGN01.tif
ang20171024t192146-D,l8_minus90_LC80440342017197LGN01.tif,l8_minus360_LC80440342016291LGN01.tif
ang20171024t192146-F,l8_minus90_LC80440342017197LGN01.tif,l8_minus360_LC80440342016291LGN01.tif
ang20171024t194853-A,l8_minus90_LC80440342017197LGN01.tif,l8_minus360_LC80440342016291LGN01.tif
ang20171024t194853-B,l8_minus90_LC80440342017197LGN01.tif,l8_minus360_LC80440342016291LGN01.tif
ang20171024t194853-C,l8_minus90_LC80440342017197LGN01.tif,l8_minus360_LC80440342016291LGN01.tif
ang20171024t194853-D,l8_minus90_LC80440342017197LGN01.tif,l8_minus360_LC80440342016291LGN01.tif
ang20171024t204657-A,l8_minus90_LC80440342017197LGN01.tif,l8_minus360_LC80440342016291LGN01.tif
ang20171024t204657-C,l8_minus90_LC80440342017197LGN01.tif,l8_minus360_LC80440342016291LGN01.tif
ang20171024t210834-B,l8_minus90_LC80440342017197LGN01.tif,l8_minus360_LC80440342016291LGN01.tif
ang20171024t213114-B,l8_minus90_LC80440342017197LGN01.tif,l8_minus360_LC80440342016291LGN01.tif
ang20171024t215215-A,l8_minus90_LC80440342017197LGN01.tif,l8_minus360_LC80440342016291LGN01.tif
ang20171024t215215-C,l8_minus90_LC80440342017197LGN01.tif,l8_minus360_LC80440342016291LGN01.tif
ang20171024t215215-E,l8_minus90_LC80440342017197LGN01.tif,l8_minus360_LC80440342016291LGN01.tif
ang20171026t190057-A,l8_minus90_LC80440342017197LGN01.tif,l8_minus360_LC80440342016291LGN01.tif
ang20171026t191727-A,l8_minus90_LC80440342017197LGN01.tif,l8_minus360_LC80440342016291LGN01.tif
ang20171026t192142-A,l8_minus90_LC80440342017197LGN01.tif,l8_minus360_LC80440342016291LGN01.tif
ang20171026t192539-A,l8_minus90_LC80440342017197LGN01.tif,l8_minus360_LC80440342016291LGN01.tif
ang20171026t193010-A,l8_minus90_LC80440342017197LGN01.tif,l8_minus360_LC80440342016291LGN01.tif
ang20171026t193343-A,l8_minus90_LC80440342017197LGN01.tif,l8_minus360_LC80440342016291LGN01.tif
ang20171026t193733-A,l8_minus90_LC80440342017197LGN01.tif,l8_minus360_LC80440342016291LGN01.tif
ang20171026t193733-C,l8_minus90_LC80440342017197LGN01.tif,l8_minus360_LC80440342016291LGN01.tif
ang20171026t194120-A,l8_minus90_LC80440342017197LGN01.tif,l8_minus360_LC80440342016291LGN01.tif
ang20171026t194512-A,l8_minus90_LC80440342017197LGN01.tif,l8_minus360_LC80440342016291LGN01.tif
ang20171026t194512-C,l8_minus90_LC80440342017197LGN01.tif,l8_minus360_LC80440342016291LGN01.tif
ang20171026t202024-B,l8_minus90_LC80440342017197LGN01.tif,l8_minus360_LC80440342016291LGN01.tif
ang20171026t202024-C,l8_minus90_LC80440342017197LGN01.tif,l8_minus360_LC80440342016291LGN01.tif
ang20171026t202024-D,l8_minus90_LC80440342017197LGN01.tif,l8_minus360_LC80440342016291LGN01.tif
ang20171026t202604-A,l8_minus90_LC80440342017197LGN01.tif,l8_minus360_LC80440342016291LGN01.tif
ang20171026t202604-B,l8_minus90_LC80440342017197LGN01.tif,l8_minus360_LC80440342016291LGN01.tif
ang20171026t202604-C,l8_minus90_LC80440342017197LGN01.tif,l8_minus360_LC80440342016291LGN01.tif
ang20171026t202604-D,l8_minus90_LC80440342017197LGN01.tif,l8_minus360_LC80440342016291LGN01.tif
ang20171026t202604-F,l8_minus90_LC80440342017197LGN01.tif,l8_minus360_LC80440342016291LGN01.tif
ang20171026t203137-A,l8_minus90_LC80440342017197LGN01.tif,l8_minus360_LC80440342016291LGN01.tif
ang20171026t203137-B,l8_minus90_LC80440342017197LGN01.tif,l8_minus360_LC80440342016291LGN01.tif
ang20171026t205326-B,l8_minus90_LC80440342017197LGN01.tif,l8_minus360_LC80440342016291LGN01.tif
ang20171026t205326-D,l8_minus90_LC80440342017197LGN01.tif,l8_minus360_LC80440342016291LGN01.tif
ang20171026t210059-B,l8_minus90_LC80440342017197LGN01.tif,l8_minus360_LC80440342016291LGN01.tif
ang20171026t210059-C,l8_minus90_LC80440342017197LGN01.tif,l8_minus360_LC80440342016291LGN01.tif
ang20171026t210059-D,l8_minus90_LC80440342017197LGN01.tif,l8_minus360_LC80440342016291LGN01.tif
ang20171026t210059-E,l8_minus90_LC80440342017197LGN01.tif,l8_minus360_LC80440342016291LGN01.tif
ang20171026t210059-F,l8_minus90_LC80440342017197LGN01.tif,l8_minus360_LC80440342016291LGN01.tif
ang20171026t215115-A,l8_minus90_LC80440342017197LGN01.tif,l8_minus360_LC80440342016291LGN01.tif
ang20171026t215115-B,l8_minus90_LC80440342017197LGN01.tif,l8_minus360_LC80440342016291LGN01.tif
ang20171026t215522-A,l8_minus90_LC80440342017197LGN01.tif,l8_minus360_LC80440342016291LGN01.tif
ang20171026t215522-B,l8_minus90_LC80440342017197LGN01.tif,l8_minus360_LC80440342016291LGN01.tif
ang20171026t215947-A,l8_minus90_LC80440342017197LGN01.tif,l8_minus360_LC80440342016291LGN01.tif
ang20171026t215947-C,l8_minus90_LC80440342017197LGN01.tif,l8_minus360_LC80440342016291LGN01.tif
ang20171108t175813-B,l8_minus90_LC80440342017197LGN01.tif,l8_minus360_LC80440342016291LGN01.tif
ang20171108t175813-D,l8_minus90_LC80440342017197LGN01.tif,l8_minus360_LC80440342016291LGN01.tif
ang20171108t175813-E,l8_minus90_LC80440342017197LGN01.tif,l8_minus360_LC80440342016291LGN01.tif
ang20171108t175813-F,l8_minus90_LC80440342017197LGN01.tif,l8_minus360_LC80440342016291LGN01.tif
ang20171108t180333-B,l8_minus90_LC80440342017197LGN01.tif,l8_minus360_LC80440342016291LGN01.tif
ang20171108t182106-A,l8_minus90_LC80440342017197LGN01.tif,l8_minus360_LC80440342016291LGN01.tif
ang20171108t182106-B,l8_minus90_LC80440342017197LGN01.tif,l8_minus360_LC80440342016291LGN01.tif
ang20171108t182106-C,l8_minus90_LC80440342017197LGN01.tif,l8_minus360_LC80440342016291LGN01.tif
ang20171108t182515-A,l8_minus90_LC80440342017197LGN01.tif,l8_minus360_LC80440342016291LGN01.tif
ang20171108t182515-B,l8_minus90_LC80440342017197LGN01.tif,l8_minus360_LC80440342016291LGN01.tif
ang20171109t195225-A,l8_minus90_LC80440342017197LGN01.tif,l8_minus360_LC80440342016291LGN01.tif
ang20171113t181422-A,l8_minus90_LC80440342017197LGN01.tif,l8_minus360_LC80410362016318LGN01.tif
ang20171113t181422-B,l8_minus90_LC80440342017197LGN01.tif,l8_minus360_LC80410362016318LGN01.tif
ang20171113t182028-B,l8_minus90_LC80440342017197LGN01.tif,l8_minus360_LC80410362016318LGN01.tif
ang20171113t184215-A,l8_minus90_LC80440342017197LGN01.tif,l8_minus360_LC80410362016318LGN01.tif
ang20171113t185442-A,l8_minus90_LC80420352017231LGN00.tif,l8_minus360_LC80420352016309LGN01.tif
ang20171113t191125-B,l8_minus90_LC80420352017231LGN00.tif,l8_minus360_LC80420352016309LGN01.tif
ang20171113t191125-C,l8_minus90_LC80420352017231LGN00.tif,l8_minus360_LC80420352016309LGN01.tif
ang20171113t191546-A,l8_minus90_LC80420352017231LGN00.tif,l8_minus360_LC80420352016309LGN01.tif
ang20171113t191546-B,l8_minus90_LC80420352017231LGN00.tif,l8_minus360_LC80410362016318LGN01.tif
ang20171113t193233-B,l8_minus90_LC80420352017231LGN00.tif,l8_minus360_LC80410362016318LGN01.tif
ang20171113t193740-A,l8_minus90_LC80410362017224LGN00.tif,l8_minus360_LC80410362016318LGN01.tif
ang20171113t193740-B,l8_minus90_LC80410362017224LGN00.tif,l8_minus360_LC80410362016318LGN01.tif
ang20171113t193740-C,l8_minus90_LC80420352017231LGN00.tif,l8_minus360_LC80410362016318LGN01.tif
ang20171113t193740-D,l8_minus90_LC80420352017231LGN00.tif,l8_minus360_LC80410362016318LGN01.tif
ang20171113t194233-A,l8_minus90_LC80420352017231LGN00.tif,l8_minus360_LC80410362016318LGN01.tif
ang20171113t195800-A,l8_minus90_LC80420352017231LGN00.tif,l8_minus360_LC80410362016318LGN01.tif
ang20171113t202553-A,l8_minus90_LC80420352017231LGN00.tif,l8_minus360_LC80410362016318LGN01.tif
ang20171113t203340-C,l8_minus90_LC80420352017231LGN00.tif,l8_minus360_LC80410362016318LGN01.tif
ang20171113t203745-A,l8_minus90_LC80420352017231LGN00.tif,l8_minus360_LC80410362016318LGN01.tif
ang20171113t203745-C,l8_minus90_LC80420352017231LGN00.tif,l8_minus360_LC80410362016318LGN01.tif
ang20171113t204118-A,l8_minus90_LC80420352017231LGN00.tif,l8_minus360_LC80410362016318LGN01.tif
ang20171113t204118-B,l8_minus90_LC80420352017231LGN00.tif,l8_minus360_LC80410362016318LGN01.tif
ang20171113t205334-A,l8_minus90_LC80420352017231LGN00.tif,l8_minus360_LC80410362016318LGN01.tif
ang20171113t210409-A,l8_minus90_LC80420352017231LGN00.tif,l8_minus360_LC80410362016318LGN01.tif
ang20171113t210409-B,l8_minus90_LC80420352017231LGN00.tif,l8_minus360_LC80410362016318LGN01.tif
ang20171113t210409-C,l8_minus90_LC80420352017231LGN00.tif,l8_minus360_LC80410362016318LGN01.tif
ang20171113t212445-A,l8_minus90_LC80420352017231LGN00.tif,l8_minus360_LC80410362016318LGN01.tif
ang20171113t212445-B,l8_minus90_LC80420352017231LGN00.tif,l8_minus360_LC80410362016318LGN01.tif
ang20171113t212445-C,l8_minus90_LC80420352017231LGN00.tif,l8_minus360_LC80410362016318LGN01.tif
ang20171113t214656-A,l8_minus90_LC80420352017231LGN00.tif,l8_minus360_LC80410362016318LGN01.tif
ang20171113t214656-B,l8_minus90_LC80420352017231LGN00.tif,l8_minus360_LC80410362016318LGN01.tif
ang20171113t215354-C,l8_minus90_LC80420352017231LGN00.tif,l8_minus360_LC80410362016318LGN01.tif
ang20171113t215354-D,l8_minus90_LC80420352017231LGN00.tif,l8_minus360_LC80410362016318LGN01.tif
ang20171113t215730-A,l8_minus90_LC80420352017231LGN00.tif,l8_minus360_LC80410362016318LGN01.tif
ang20180821t191919-A,l8_minus90_LC80430342018129LGN00.tif,l8_minus360_LC80430342017238LGN00.tif
ang20180821t191919-B,l8_minus90_LC80430342018129LGN00.tif,l8_minus360_LC80430342017238LGN00.tif
ang20180821t200507-A,l8_minus90_LC80420352018138LGN00.tif,l8_minus360_LC80420352017231LGN00.tif
ang20180821t200507-B,l8_minus90_LC80420352018138LGN00.tif,l8_minus360_LC80420352017231LGN00.tif
ang20180821t201135-B,l8_minus90_LC80420352018138LGN00.tif,l8_minus360_LC80420352017231LGN00.tif
ang20180821t201548-B,l8_minus90_LC80420352018138LGN00.tif,l8_minus360_LC80420352017231LGN00.tif
ang20180917t194913-A,l8_minus90_LC80400362018172LGN00.tif,l8_minus360_LC80400362017265LGN00.tif
ang20180917t200809-A,l8_minus90_LC80400362018172LGN00.tif,l8_minus360_LC80400362017265LGN00.tif
ang20180917t201723-A,l8_minus90_LC80400362018172LGN00.tif,l8_minus360_LC80430342017238LGN00.tif
ang20180917t203546-A,l8_minus90_LC80400362018172LGN00.tif,l8_minus360_LC80430342017238LGN00.tif
ang20180917t204525-A,l8_minus90_LC80400362018172LGN00.tif,l8_minus360_LC80430342017238LGN00.tif
ang20180917t210325-A,l8_minus90_LC80400362018172LGN00.tif,l8_minus360_LC80430342017238LGN00.tif
ang20180917t211230-A,l8_minus90_LC80400362018172LGN00.tif,l8_minus360_LC80430342017238LGN00.tif
ang20180917t212127-A,l8_minus90_LC80400362018172LGN00.tif,l8_minus360_LC80430342017238LGN00.tif
ang20180917t213045-A,l8_minus90_LC80400362018172LGN00.tif,l8_minus360_LC80400362017265LGN00.tif
ang20180919t182318-A,l8_minus90_LC80400362018172LGN00.tif,l8_minus360_LC80400362017265LGN00.tif
ang20180919t182318-B,l8_minus90_LC80400362018172LGN00.tif,l8_minus360_LC80400362017265LGN00.tif
ang20180919t183420-A,l8_minus90_LC80400362018172LGN00.tif,l8_minus360_LC80400362017265LGN00.tif
ang20180919t183420-B,l8_minus90_LC80400362018172LGN00.tif,l8_minus360_LC80400362017265LGN00.tif
ang20180919t184533-A,l8_minus90_LC80400362018172LGN00.tif,l8_minus360_LC80400362017265LGN00.tif
ang20180919t184533-B,l8_minus90_LC80400362018172LGN00.tif,l8_minus360_LC80400362017265LGN00.tif
ang20180919t190324-A,l8_minus90_LC80400362018172LGN00.tif,l8_minus360_LC80400362017265LGN00.tif
ang20180919t190324-B,l8_minus90_LC80400362018172LGN00.tif,l8_minus360_LC80400362017265LGN00.tif
ang20180919t191334-A,l8_minus90_LC80400362018172LGN00.tif,l8_minus360_LC80400362017265LGN00.tif
ang20180919t191334-B,l8_minus90_LC80400362018172LGN00.tif,l8_minus360_LC80400362017265LGN00.tif
ang20180919t192216-A,l8_minus90_LC80400362018172LGN00.tif,l8_minus360_LC80400362017265LGN00.tif
ang20180919t192216-B,l8_minus90_LC80400362018172LGN00.tif,l8_minus360_LC80400362017265LGN00.tif
ang20180919t193649-A,l8_minus90_LC80400362018172LGN00.tif,l8_minus360_LC80400362017265LGN00.tif
ang20180919t193649-C,l8_minus90_LC80400362018172LGN00.tif,l8_minus360_LC80400362017265LGN00.tif
ang20180919t195115-A,l8_minus90_LC80400362018172LGN00.tif,l8_minus360_LC80400362017265LGN00.tif
ang20180919t195115-C,l8_minus90_LC80400362018172LGN00.tif,l8_minus360_LC80400362017265LGN00.tif
ang20180919t200411-A,l8_minus90_LC80400362018172LGN00.tif,l8_minus360_LC80400362017265LGN00.tif
ang20180919t200411-C,l8_minus90_LC80400362018172LGN00.tif,l8_minus360_LC80400362017265LGN00.tif
ang20180919t202534-A,l8_minus90_LC80400362018172LGN00.tif,l8_minus360_LC80400362017265LGN00.tif
ang20180919t204827-A,l8_minus90_LC80400362018172LGN00.tif,l8_minus360_LC80400362017265LGN00.tif
ang20180919t204827-B,l8_minus90_LC80400362018172LGN00.tif,l8_minus360_LC80400362017265LGN00.tif
ang20180919t204827-D,l8_minus90_LC80400362018172LGN00.tif,l8_minus360_LC80400362017265LGN00.tif
ang20180919t204827-E,l8_minus90_LC80400362018172LGN00.tif,l8_minus360_LC80400362017265LGN00.tif
ang20180919t204827-F,l8_minus90_LC80400362018172LGN00.tif,l8_minus360_LC80400362017265LGN00.tif
ang20180919t204827-G,l8_minus90_LC80400362018172LGN00.tif,l8_minus360_LC80400362017265LGN00.tif
ang20180919t204827-H,l8_minus90_LC80400362018172LGN00.tif,l8_minus360_LC80400362017265LGN00.tif
ang20180919t204827-I,l8_minus90_LC80400362018172LGN00.tif,l8_minus360_LC80400362017265LGN00.tif
ang20180919t204827-J,l8_minus90_LC80400362018172LGN00.tif,l8_minus360_LC80400362017265LGN00.tif
ang20180919t204827-K,l8_minus90_LC80400362018172LGN00.tif,l8_minus360_LC80400362017265LGN00.tif
ang20180919t204827-L,l8_minus90_LC80400362018172LGN00.tif,l8_minus360_LC80400362017265LGN00.tif
ang20180919t204827-M,l8_minus90_LC80400362018172LGN00.tif,l8_minus360_LC80400362017265LGN00.tif
ang20180919t204827-N,l8_minus90_LC80400362018172LGN00.tif,l8_minus360_LC80400362017265LGN00.tif
ang20180919t204827-O,l8_minus90_LC80400362018172LGN00.tif,l8_minus360_LC80400362017265LGN00.tif
ang20180919t204827-P,l8_minus90_LC80400362018172LGN00.tif,l8_minus360_LC80400362017265LGN00.tif
ang20180919t204827-Q,l8_minus90_LC80400362018172LGN00.tif,l8_minus360_LC80400362017265LGN00.tif
ang20180920t180956-A,l8_minus90_LC80400362018172LGN00.tif,l8_minus360_LC80400362017265LGN00.tif
ang20180920t180956-D,l8_minus90_LC80400362018172LGN00.tif,l8_minus360_LC80400362017265LGN00.tif
ang20180920t182324-E,l8_minus90_LC80400362018172LGN00.tif,l8_minus360_LC80400362017265LGN00.tif
ang20180920t183722-A,l8_minus90_LC80400362018172LGN00.tif,l8_minus360_LC80400362017265LGN00.tif
ang20180920t183722-C,l8_minus90_LC80400362018172LGN00.tif,l8_minus360_LC80400362017265LGN00.tif
ang20180920t185005-A,l8_minus90_LC80400362018172LGN00.tif,l8_minus360_LC80400362017265LGN00.tif
ang20180920t185005-B,l8_minus90_LC80400362018172LGN00.tif,l8_minus360_LC80400362017265LGN00.tif
ang20180920t185005-C,l8_minus90_LC80400362018172LGN00.tif,l8_minus360_LC80400362017265LGN00.tif
ang20180920t185005-D,l8_minus90_LC80400362018172LGN00.tif,l8_minus360_LC80400362017265LGN00.tif
ang20180920t185005-E,l8_minus90_LC80400362018172LGN00.tif,l8_minus360_LC80400362017265LGN00.tif
ang20180920t190207-A,l8_minus90_LC80400362018172LGN00.tif,l8_minus360_LC80400362017265LGN00.tif
ang20180920t190207-B,l8_minus90_LC80400362018172LGN00.tif,l8_minus360_LC80400362017265LGN00.tif
ang20180920t190207-C,l8_minus90_LC80400362018172LGN00.tif,l8_minus360_LC80400362017265LGN00.tif
ang20180920t190207-D,l8_minus90_LC80400362018172LGN00.tif,l8_minus360_LC80400362017265LGN00.tif
ang20180920t190207-E,l8_minus90_LC80400362018172LGN00.tif,l8_minus360_LC80400362017265LGN00.tif
ang20180920t191240-A,l8_minus90_LC80400362018172LGN00.tif,l8_minus360_LC80400362017265LGN00.tif
ang20180920t192430-A,l8_minus90_LC80400362018172LGN00.tif,l8_minus360_LC80400362017265LGN00.tif
ang20180920t193536-A,l8_minus90_LC80400362018172LGN00.tif,l8_minus360_LC80400362017265LGN00.tif
ang20180922t193023-A,l8_minus90_LC80400362018172LGN00.tif,l8_minus360_LC80400362017265LGN00.tif
ang20180922t193023-C,l8_minus90_LC80400362018172LGN00.tif,l8_minus360_LC80400362017265LGN00.tif
ang20180922t194326-A,l8_minus90_LC80400362018172LGN00.tif,l8_minus360_LC80400362017265LGN00.tif
ang20180922t194326-B,l8_minus90_LC80400362018172LGN00.tif,l8_minus360_LC80400362017265LGN00.tif
ang20180922t195009-A,l8_minus90_LC80400362018172LGN00.tif,l8_minus360_LC80400362017265LGN00.tif
ang20180922t195009-B,l8_minus90_LC80400362018172LGN00.tif,l8_minus360_LC80400362017265LGN00.tif
ang20180922t202750-A,l8_minus90_LC80400362018172LGN00.tif,l8_minus360_LC80400362017265LGN00.tif
ang20180922t202750-D,l8_minus90_LC80400362018172LGN00.tif,l8_minus360_LC80400362017265LGN00.tif
ang20180922t203520-B,l8_minus90_LC80400362018172LGN00.tif,l8_minus360_LC80400362017265LGN00.tif
ang20180922t205612-A,l8_minus90_LC80400362018172LGN00.tif,l8_minus360_LC80400362017265LGN00.tif
ang20180922t205612-B,l8_minus90_LC80400362018172LGN00.tif,l8_minus360_LC80400362017265LGN00.tif
ang20180922t205612-C,l8_minus90_LC80400362018172LGN00.tif,l8_minus360_LC80400362017265LGN00.tif
ang20180922t205612-D,l8_minus90_LC80400362018172LGN00.tif,l8_minus360_LC80400362017265LGN00.tif
ang20180922t205612-E,l8_minus90_LC80400362018172LGN00.tif,l8_minus360_LC80400362017265LGN00.tif
ang20180922t205612-F,l8_minus90_LC80400362018172LGN00.tif,l8_minus360_LC80400362017265LGN00.tif
ang20180922t205612-J,l8_minus90_LC80400362018172LGN00.tif,l8_minus360_LC80400362017265LGN00.tif
ang20180922t205612-K,l8_minus90_LC80400362018172LGN00.tif,l8_minus360_LC80400362017265LGN00.tif
ang20180922t205612-L,l8_minus90_LC80400362018172LGN00.tif,l8_minus360_LC80400362017265LGN00.tif
ang20180922t205612-M,l8_minus90_LC80400362018172LGN00.tif,l8_minus360_LC80400362017265LGN00.tif
ang20180922t205612-Q,l8_minus90_LC80400362018172LGN00.tif,l8_minus360_LC80400362017265LGN00.tif
ang20180922t205612-R,l8_minus90_LC80400362018172LGN00.tif,l8_minus360_LC80400362017265LGN00.tif
ang20180922t205612-S,l8_minus90_LC80400362018172LGN00.tif,l8_minus360_LC80400362017265LGN00.tif
ang20180922t205612-T,l8_minus90_LC80400362018172LGN00.tif,l8_minus360_LC80400362017265LGN00.tif
ang20180922t205612-U,l8_minus90_LC80400362018172LGN00.tif,l8_minus360_LC80400362017265LGN00.tif
ang20180922t210202-F,l8_minus90_LC80400362018172LGN00.tif,l8_minus360_LC80400362017265LGN00.tif
ang20180922t210202-G,l8_minus90_LC80400362018172LGN00.tif,l8_minus360_LC80400362017265LGN00.tif
ang20180922t210202-H,l8_minus90_LC80400362018172LGN00.tif,l8_minus360_LC80400362017265LGN00.tif
ang20180922t210202-J,l8_minus90_LC80400362018172LGN00.tif,l8_minus360_LC80400362017265LGN00.tif
ang20180922t210202-L,l8_minus90_LC80400362018172LGN00.tif,l8_minus360_LC80400362017265LGN00.tif
ang20180922t210202-M,l8_minus90_LC80400362018172LGN00.tif,l8_minus360_LC80400362017265LGN00.tif
ang20180922t210202-P,l8_minus90_LC80400362018172LGN00.tif,l8_minus360_LC80400362017265LGN00.tif
ang20180922t210202-Q,l8_minus90_LC80400362018172LGN00.tif,l8_minus360_LC80400362017265LGN00.tif
ang20180922t210202-R,l8_minus90_LC80400362018172LGN00.tif,l8_minus360_LC80400362017265LGN00.tif
ang20180922t210202-S,l8_minus90_LC80400362018172LGN00.tif,l8_minus360_LC80400362017265LGN00.tif
ang20180922t210202-T,l8_minus90_LC80400362018172LGN00.tif,l8_minus360_LC80400362017265LGN00.tif
ang20180922t210202-U,l8_minus90_LC80400362018172LGN00.tif,l8_minus360_LC80400362017265LGN00.tif
ang20180922t212002-A,l8_minus90_LC80400362018172LGN00.tif,l8_minus360_LC80400362017265LGN00.tif
ang20180922t212002-B,l8_minus90_LC80400362018172LGN00.tif,l8_minus360_LC80400362017265LGN00.tif
ang20180922t221128-A,l8_minus90_LC80400362018172LGN00.tif,l8_minus360_LC80400362017265LGN00.tif
ang20180922t221128-B,l8_minus90_LC80400362018172LGN00.tif,l8_minus360_LC80400362017265LGN00.tif
ang20180922t221128-C,l8_minus90_LC80400362018172LGN00.tif,l8_minus360_LC80400362017265LGN00.tif
ang20180922t221128-D,l8_minus90_LC80400362018172LGN00.tif,l8_minus360_LC80400362017265LGN00.tif
ang20180922t221711-B,l8_minus90_LC80400362018172LGN00.tif,l8_minus360_LC80400362017265LGN00.tif
ang20180922t221711-C,l8_minus90_LC80400362018172LGN00.tif,l8_minus360_LC80400362017265LGN00.tif
ang20180922t221711-D,l8_minus90_LC80400362018172LGN00.tif,l8_minus360_LC80400362017265LGN00.tif
ang20181001t173050-A,l8_minus90_LC80400362018172LGN00.tif,l8_minus360_LC80400362017265LGN00.tif
ang20181001t173050-B,l8_minus90_LC80400362018172LGN00.tif,l8_minus360_LC80400362017265LGN00.tif
ang20181001t173050-C,l8_minus90_LC80400362018172LGN00.tif,l8_minus360_LC80400362017265LGN00.tif
ang20181001t173050-D,l8_minus90_LC80400362018172LGN00.tif,l8_minus360_LC80400362017265LGN00.tif
ang20181001t173735-D,l8_minus90_LC80400362018172LGN00.tif,l8_minus360_LC80400362017265LGN00.tif
ang20181001t202630-B,l8_minus90_LC80400362018172LGN00.tif,l8_minus360_LC80400362017265LGN00.tif
ang20181001t203231-B,l8_minus90_LC80400362018172LGN00.tif,l8_minus360_LC80400362017265LGN00.tif
ang20181005t183808-B,l8_minus90_LC80400362018172LGN00.tif,l8_minus360_LC80400362017265LGN00.tif
ang20181005t183808-C,l8_minus90_LC80400362018172LGN00.tif,l8_minus360_LC80400362017265LGN00.tif
ang20181005t184359-C,l8_minus90_LC80400362018172LGN00.tif,l8_minus360_LC80400362017265LGN00.tif
ang20181005t184359-D,l8_minus90_LC80400362018172LGN00.tif,l8_minus360_LC80400362017265LGN00.tif
ang20181005t184931-B,l8_minus90_LC80400362018172LGN00.tif,l8_minus360_LC80400362017265LGN00.tif
ang20181005t184931-C,l8_minus90_LC80400362018172LGN00.tif,l8_minus360_LC80400362017265LGN00.tif
ang20181005t192348-C,l8_minus90_LC80400362018172LGN00.tif,l8_minus360_LC80400362017265LGN00.tif
ang20181005t192348-D,l8_minus90_LC80400362018172LGN00.tif,l8_minus360_LC80400362017265LGN00.tif
ang20181005t192348-E,l8_minus90_LC80400362018172LGN00.tif,l8_minus360_LC80400362017265LGN00.tif
ang20181005t192929-D,l8_minus90_LC80400362018172LGN00.tif,l8_minus360_LC80400362017265LGN00.tif
ang20181005t192929-E,l8_minus90_LC80400362018172LGN00.tif,l8_minus360_LC80400362017265LGN00.tif
ang20181005t192929-F,l8_minus90_LC80400362018172LGN00.tif,l8_minus360_LC80400362017265LGN00.tif
ang20181005t193542-A,l8_minus90_LC80400362018172LGN00.tif,l8_minus360_LC80400362017265LGN00.tif
ang20181005t193542-B,l8_minus90_LC80400362018172LGN00.tif,l8_minus360_LC80400362017265LGN00.tif
ang20181005t193542-C,l8_minus90_LC80400362018172LGN00.tif,l8_minus360_LC80400362017265LGN00.tif
ang20181005t193542-D,l8_minus90_LC80400362018172LGN00.tif,l8_minus360_LC80400362017265LGN00.tif
ang20181005t193542-E,l8_minus90_LC80400362018172LGN00.tif,l8_minus360_LC80400362017265LGN00.tif
ang20181005t193542-G,l8_minus90_LC80400362018172LGN00.tif,l8_minus360_LC80400362017265LGN00.tif
ang20181005t194456-D,l8_minus90_LC80400362018172LGN00.tif,l8_minus360_LC80400362017265LGN00.tif
ang20181005t194456-E,l8_minus90_LC80400362018172LGN00.tif,l8_minus360_LC80400362017265LGN00.tif
ang20181005t195739-A,l8_minus90_LC80400362018172LGN00.tif,l8_minus360_LC80400362017265LGN00.tif
ang20181005t195739-B,l8_minus90_LC80400362018172LGN00.tif,l8_minus360_LC80400362017265LGN00.tif
ang20181005t195739-C,l8_minus90_LC80400362018172LGN00.tif,l8_minus360_LC80400362017265LGN00.tif
ang20181005t195739-D,l8_minus90_LC80400362018172LGN00.tif,l8_minus360_LC80400362017265LGN00.tif
ang20181005t200331-A,l8_minus90_LC80400362018172LGN00.tif,l8_minus360_LC80400362017265LGN00.tif
ang20181005t200331-B,l8_minus90_LC80400362018172LGN00.tif,l8_minus360_LC80400362017265LGN00.tif
ang20181005t200331-C,l8_minus90_LC80400362018172LGN00.tif,l8_minus360_LC80400362017265LGN00.tif
ang20181005t200331-D,l8_minus90_LC80400362018172LGN00.tif,l8_minus360_LC80400362017265LGN00.tif
ang20181005t200940-B,l8_minus90_LC80400362018172LGN00.tif,l8_minus360_LC80400362017265LGN00.tif
ang20181005t200940-C,l8_minus90_LC80400362018172LGN00.tif,l8_minus360_LC80400362017265LGN00.tif
ang20181005t200940-D,l8_minus90_LC80400362018172LGN00.tif,l8_minus360_LC80400362017265LGN00.tif
ang20181005t223055-A,l8_minus90_LC80400362018172LGN00.tif,l8_minus360_LC80400362017265LGN00.tif
ang20181005t223055-B,l8_minus90_LC80400362018172LGN00.tif,l8_minus360_LC80400362017265LGN00.tif
ang20181005t223055-C,l8_minus90_LC80400362018172LGN00.tif,l8_minus360_LC80400362017265LGN00.tif
ang20181005t223055-D,l8_minus90_LC80400362018172LGN00.tif,l8_minus360_LC80400362017265LGN00.tif
ang20181005t225444-A,l8_minus90_LC80400362018172LGN00.tif,l8_minus360_LC80400362017265LGN00.tif
ang20181005t230859-A,l8_minus90_LC80400362018172LGN00.tif,l8_minus360_LC80400362017265LGN00.tif
ang20181009t180043-B,l8_minus90_LC80400362018172LGN00.tif,l8_minus360_LC80400362017265LGN00.tif
ang20181009t180043-C,l8_minus90_LC80400362018172LGN00.tif,l8_minus360_LC80400362017265LGN00.tif
ang20181009t180554-B,l8_minus90_LC80400362018172LGN00.tif,l8_minus360_LC80400362017265LGN00.tif
ang20181009t180554-C,l8_minus90_LC80400362018172LGN00.tif,l8_minus360_LC80400362017265LGN00.tif
ang20181009t180554-D,l8_minus90_LC80400362018172LGN00.tif,l8_minus360_LC80400362017265LGN00.tif
ang20181009t200058-A,l8_minus90_LC80400362018172LGN00.tif,l8_minus360_LC80400362017265LGN00.tif
ang20181009t200058-B,l8_minus90_LC80400362018172LGN00.tif,l8_minus360_LC80400362017265LGN00.tif
ang20181009t200058-C,l8_minus90_LC80400362018172LGN00.tif,l8_minus360_LC80400362017265LGN00.tif
ang20181009t200058-D,l8_minus90_LC80400362018172LGN00.tif,l8_minus360_LC80400362017265LGN00.tif
ang20181009t200627-D,l8_minus90_LC80400362018172LGN00.tif,l8_minus360_LC80400362017265LGN00.tif
ang20181009t215128-A,l8_minus90_LC80400362018172LGN00.tif,l8_minus360_LC80400362017265LGN00.tif
ang20181009t215128-D,l8_minus90_LC80400362018172LGN00.tif,l8_minus360_LC80400362017265LGN00.tif
ang20181009t215749-A,l8_minus90_LC80400362018172LGN00.tif,l8_minus360_LC80400362017265LGN00.tif
ang20181009t215749-F,l8_minus90_LC80400362018172LGN00.tif,l8_minus360_LC80400362017265LGN00.tif
ang20181010t194152-B,l8_minus90_LC80400362018172LGN00.tif,l8_minus360_LC80400362017265LGN00.tif
ang20181010t194152-D,l8_minus90_LC80400362018172LGN00.tif,l8_minus360_LC80400362017265LGN00.tif
ang20181010t194707-A,l8_minus90_LC80400362018172LGN00.tif,l8_minus360_LC80400362017265LGN00.tif
ang20181010t211201-B,l8_minus90_LC80400362018172LGN00.tif,l8_minus360_LC80400362017265LGN00.tif
ang20181010t211201-C,l8_minus90_LC80400362018172LGN00.tif,l8_minus360_LC80400362017265LGN00.tif
ang20181010t211201-D,l8_minus90_LC80400362018172LGN00.tif,l8_minus360_LC80400362017265LGN00.tif
ang20181010t211201-E,l8_minus90_LC80400362018172LGN00.tif,l8_minus360_LC80400362017265LGN00.tif
ang20181010t211201-G,l8_minus90_LC80400362018172LGN00.tif,l8_minus360_LC80400362017265LGN00.tif
ang20181010t211633-A,l8_minus90_LC80400362018172LGN00.tif,l8_minus360_LC80400362017265LGN00.tif
ang20181010t211633-B,l8_minus90_LC80400362018172LGN00.tif,l8_minus360_LC80400362017265LGN00.tif
ang20181010t211633-C,l8_minus90_LC80400362018172LGN00.tif,l8_minus360_LC80400362017265LGN00.tif
ang20181010t211633-D,l8_minus90_LC80400362018172LGN00.tif,l8_minus360_LC80400362017265LGN00.tif
ang20181010t221412-A,l8_minus90_LC80400362018172LGN00.tif,l8_minus360_LC80400362017265LGN00.tif
ang20181010t221412-B,l8_minus90_LC80400362018172LGN00.tif,l8_minus360_LC80400362017265LGN00.tif
ang20181010t221412-C,l8_minus90_LC80400362018172LGN00.tif,l8_minus360_LC80400362017265LGN00.tif
ang20190621t195346-A,l8_minus90_LC80350352019076LGN00.tif,l8_minus360_LC80350342018185LGN00.tif
ang20190621t195346-B,l8_minus90_LC80350352019076LGN00.tif,l8_minus360_LC80350342018185LGN00.tif
ang20190922t192642-2,l8_minus90_LC80310382019176LGN00.tif,l8_minus360_LC80310382018269LGN00.tif
ang20190922t192642-4,l8_minus90_LC80310382019176LGN00.tif,l8_minus360_LC80310382018269LGN00.tif
ang20190922t192642-5,l8_minus90_LC80310382019176LGN00.tif,l8_minus360_LC80310382018269LGN00.tif
ang20190922t192642-A,l8_minus90_LC80310382019176LGN00.tif,l8_minus360_LC80310382018269LGN00.tif
ang20190922t192642-B,l8_minus90_LC80310382019176LGN00.tif,l8_minus360_LC80310382018269LGN00.tif
ang20190922t192642-C,l8_minus90_LC80310382019176LGN00.tif,l8_minus360_LC80310382018269LGN00.tif
ang20190922t194340-1,l8_minus90_LC80310382019176LGN00.tif,l8_minus360_LC80310382018269LGN00.tif
ang20190922t194340-2,l8_minus90_LC80310382019176LGN00.tif,l8_minus360_LC80310382018269LGN00.tif
ang20190922t194340-A,l8_minus90_LC80310382019176LGN00.tif,l8_minus360_LC80310382018269LGN00.tif
ang20190922t203229-2,l8_minus90_LC80310382019176LGN00.tif,l8_minus360_LC80310382018269LGN00.tif
ang20190922t203229-A,l8_minus90_LC80310382019176LGN00.tif,l8_minus360_LC80310382018269LGN00.tif
ang20190922t203229-B,l8_minus90_LC80310382019176LGN00.tif,l8_minus360_LC80310382018269LGN00.tif
ang20190923t163307-A,l8_minus90_LC80310382019176LGN00.tif,l8_minus360_LC80310382018269LGN00.tif
ang20190923t163307-B,l8_minus90_LC80310382019176LGN00.tif,l8_minus360_LC80310382018269LGN00.tif
ang20190923t163307-C,l8_minus90_LC80310382019176LGN00.tif,l8_minus360_LC80310382018269LGN00.tif
ang20190923t163307-D,l8_minus90_LC80310382019176LGN00.tif,l8_minus360_LC80310382018269LGN00.tif
ang20190923t163307-E,l8_minus90_LC80310382019176LGN00.tif,l8_minus360_LC80310382018269LGN00.tif
ang20190923t163307-F,l8_minus90_LC80310382019176LGN00.tif,l8_minus360_LC80310382018269LGN00.tif
ang20190923t163307-G,l8_minus90_LC80310382019176LGN00.tif,l8_minus360_LC80310382018269LGN00.tif
ang20190923t163307-H,l8_minus90_LC80310382019176LGN00.tif,l8_minus360_LC80310382018269LGN00.tif
ang20190923t163307-J,l8_minus90_LC80310382019176LGN00.tif,l8_minus360_LC80310382018269LGN00.tif
ang20190923t170747-12,l8_minus90_LC80310382019176LGN00.tif,l8_minus360_LC80310382018269LGN00.tif
ang20190923t170747-3,l8_minus90_LC80310382019176LGN00.tif,l8_minus360_LC80310382018269LGN00.tif
ang20190923t170747-4,l8_minus90_LC80310382019176LGN00.tif,l8_minus360_LC80310382018269LGN00.tif
ang20190923t170747-5,l8_minus90_LC80310382019176LGN00.tif,l8_minus360_LC80310382018269LGN00.tif
ang20190923t170747-A,l8_minus90_LC80310382019176LGN00.tif,l8_minus360_LC80310382018269LGN00.tif
ang20190923t170747-B,l8_minus90_LC80310382019176LGN00.tif,l8_minus360_LC80310382018269LGN00.tif
ang20190923t170747-C,l8_minus90_LC80310382019176LGN00.tif,l8_minus360_LC80310382018269LGN00.tif
ang20190923t170747-D,l8_minus90_LC80310382019176LGN00.tif,l8_minus360_LC80310382018269LGN00.tif
ang20190923t172416-19,l8_minus90_LC80310382019176LGN00.tif,l8_minus360_LC80310382018269LGN00.tif
ang20190923t172416-A,l8_minus90_LC80310382019176LGN00.tif,l8_minus360_LC80310382018269LGN00.tif
ang20190923t172416-B,l8_minus90_LC80310382019176LGN00.tif,l8_minus360_LC80310382018269LGN00.tif
ang20190923t174142-11,l8_minus90_LC80310382019176LGN00.tif,l8_minus360_LC80310382018269LGN00.tif
ang20190923t174142-14,l8_minus90_LC80310382019176LGN00.tif,l8_minus360_LC80310382018269LGN00.tif
ang20190923t174142-16,l8_minus90_LC80310382019176LGN00.tif,l8_minus360_LC80310382018269LGN00.tif
ang20190923t174142-17,l8_minus90_LC80310382019176LGN00.tif,l8_minus360_LC80310382018269LGN00.tif
ang20190923t174142-22,l8_minus90_LC80310382019176LGN00.tif,l8_minus360_LC80310382018269LGN00.tif
ang20190923t174142-A,l8_minus90_LC80310382019176LGN00.tif,l8_minus360_LC80310382018269LGN00.tif
ang20190923t174142-C,l8_minus90_LC80310382019176LGN00.tif,l8_minus360_LC80310382018269LGN00.tif
ang20190923t174142-D,l8_minus90_LC80310382019176LGN00.tif,l8_minus360_LC80310382018269LGN00.tif
ang20190923t181729-A,l8_minus90_LC80310382019176LGN00.tif,l8_minus360_LC80310382018269LGN00.tif
ang20190923t181729-D,l8_minus90_LC80310382019176LGN00.tif,l8_minus360_LC80310382018269LGN00.tif
ang20190923t181729-E,l8_minus90_LC80310382019176LGN00.tif,l8_minus360_LC80310382018269LGN00.tif
ang20190923t181729-F,l8_minus90_LC80310382019176LGN00.tif,l8_minus360_LC80310382018269LGN00.tif
ang20190923t183439-10,l8_minus90_LC80310382019176LGN00.tif,l8_minus360_LC80310382018269LGN00.tif
ang20190923t183439-2,l8_minus90_LC80310382019176LGN00.tif,l8_minus360_LC80310382018269LGN00.tif
ang20190923t183439-8,l8_minus90_LC80310382019176LGN00.tif,l8_minus360_LC80310382018269LGN00.tif
ang20190923t183439-A,l8_minus90_LC80310382019176LGN00.tif,l8_minus360_LC80310382018269LGN00.tif
ang20190923t183439-B,l8_minus90_LC80310382019176LGN00.tif,l8_minus360_LC80310382018269LGN00.tif
ang20190923t185208-A,l8_minus90_LC80310382019176LGN00.tif,l8_minus360_LC80310382018269LGN00.tif
ang20190923t185208-B,l8_minus90_LC80310382019176LGN00.tif,l8_minus360_LC80310382018269LGN00.tif
ang20190923t185208-C,l8_minus90_LC80310382019176LGN00.tif,l8_minus360_LC80310382018269LGN00.tif
ang20190923t190921-3,l8_minus90_LC80310382019176LGN00.tif,l8_minus360_LC80310382018269LGN00.tif
ang20190923t192543-4,l8_minus90_LC80310382019176LGN00.tif,l8_minus360_LC80310382018269LGN00.tif
ang20190923t192543-A,l8_minus90_LC80310382019176LGN00.tif,l8_minus360_LC80310382018269LGN00.tif
ang20190923t192543-B,l8_minus90_LC80310382019176LGN00.tif,l8_minus360_LC80310382018269LGN00.tif
ang20190923t192543-C,l8_minus90_LC80310382019176LGN00.tif,l8_minus360_LC80310382018269LGN00.tif
ang20190923t192543-D,l8_minus90_LC80310382019176LGN00.tif,l8_minus360_LC80310382018269LGN00.tif
ang20190923t192543-E,l8_minus90_LC80310382019176LGN00.tif,l8_minus360_LC80310382018269LGN00.tif
ang20190923t194235-5,l8_minus90_LC80310382019176LGN00.tif,l8_minus360_LC80310382018269LGN00.tif
ang20190923t194235-8,l8_minus90_LC80310382019176LGN00.tif,l8_minus360_LC80310382018269LGN00.tif
ang20190923t194235-A,l8_minus90_LC80310382019176LGN00.tif,l8_minus360_LC80310382018269LGN00.tif
ang20190923t194235-B,l8_minus90_LC80310382019176LGN00.tif,l8_minus360_LC80310382018269LGN00.tif
ang20190923t194235-C,l8_minus90_LC80310382019176LGN00.tif,l8_minus360_LC80310382018269LGN00.tif
ang20190923t195907-A,l8_minus90_LC80310382019176LGN00.tif,l8_minus360_LC80310382018269LGN00.tif
ang20190924t165509-1,l8_minus90_LC80310382019176LGN00.tif,l8_minus360_LC80310382018269LGN00.tif
ang20190924t165836-A,l8_minus90_LC80310382019176LGN00.tif,l8_minus360_LC80310382018269LGN00.tif
ang20190924t172057-A,l8_minus90_LC80310382019176LGN00.tif,l8_minus360_LC80310382018269LGN00.tif
ang20190924t172057-C,l8_minus90_LC80310382019176LGN00.tif,l8_minus360_LC80310382018269LGN00.tif
ang20190924t172057-D,l8_minus90_LC80310382019176LGN00.tif,l8_minus360_LC80310382018269LGN00.tif
ang20190924t172057-E,l8_minus90_LC80310382019176LGN00.tif,l8_minus360_LC80310382018269LGN00.tif
ang20190924t172057-F,l8_minus90_LC80310382019176LGN00.tif,l8_minus360_LC80310382018269LGN00.tif
ang20190924t181121-A,l8_minus90_LC80310382019176LGN00.tif,l8_minus360_LC80310382018269LGN00.tif
ang20190924t183641-A,l8_minus90_LC80310382019176LGN00.tif,l8_minus360_LC80310382018269LGN00.tif
ang20190924t183641-D,l8_minus90_LC80310382019176LGN00.tif,l8_minus360_LC80310382018269LGN00.tif
ang20190924t183641-F,l8_minus90_LC80310382019176LGN00.tif,l8_minus360_LC80310382018269LGN00.tif
ang20190924t193726-A,l8_minus90_LC80310382019176LGN00.tif,l8_minus360_LC80310382018269LGN00.tif
ang20190926t152524-1,l8_minus90_LC80310382019176LGN00.tif,l8_minus360_LC80310382018269LGN00.tif
ang20190926t152524-2,l8_minus90_LC80310382019176LGN00.tif,l8_minus360_LC80310382018269LGN00.tif
ang20190926t152524-5,l8_minus90_LC80310382019176LGN00.tif,l8_minus360_LC80310382018269LGN00.tif
ang20190926t152524-A,l8_minus90_LC80310382019176LGN00.tif,l8_minus360_LC80310382018269LGN00.tif
ang20190926t152524-B,l8_minus90_LC80310382019176LGN00.tif,l8_minus360_LC80310382018269LGN00.tif
ang20190926t160016-2,l8_minus90_LC80310382019176LGN00.tif,l8_minus360_LC80310382018269LGN00.tif
ang20190926t160016-3,l8_minus90_LC80310382019176LGN00.tif,l8_minus360_LC80310382018269LGN00.tif
ang20190926t160016-6,l8_minus90_LC80310382019176LGN00.tif,l8_minus360_LC80310382018269LGN00.tif
ang20190926t160016-7,l8_minus90_LC80310382019176LGN00.tif,l8_minus360_LC80310382018269LGN00.tif
ang20190926t160016-A,l8_minus90_LC80310382019176LGN00.tif,l8_minus360_LC80310382018269LGN00.tif
ang20190926t160016-B,l8_minus90_LC80310382019176LGN00.tif,l8_minus360_LC80310382018269LGN00.tif
ang20190926t160016-C,l8_minus90_LC80310382019176LGN00.tif,l8_minus360_LC80310382018269LGN00.tif
ang20190926t160016-D,l8_minus90_LC80310382019176LGN00.tif,l8_minus360_LC80310382018269LGN00.tif
ang20190926t161748-2,l8_minus90_LC80310382019176LGN00.tif,l8_minus360_LC80310382018269LGN00.tif
ang20190926t161748-A,l8_minus90_LC80310382019176LGN00.tif,l8_minus360_LC80310382018269LGN00.tif
ang20190926t163428-2,l8_minus90_LC80310382019176LGN00.tif,l8_minus360_LC80310382018269LGN00.tif
ang20190926t163428-3,l8_minus90_LC80310382019176LGN00.tif,l8_minus360_LC80310382018269LGN00.tif
ang20190926t163428-4,l8_minus90_LC80310382019176LGN00.tif,l8_minus360_LC80310382018269LGN00.tif
ang20190926t163428-A,l8_minus90_LC80310382019176LGN00.tif,l8_minus360_LC80310382018269LGN00.tif
ang20190926t163428-B,l8_minus90_LC80310382019176LGN00.tif,l8_minus360_LC80310382018269LGN00.tif
ang20190926t163428-C,l8_minus90_LC80310382019176LGN00.tif,l8_minus360_LC80310382018269LGN00.tif
ang20190926t163428-D,l8_minus90_LC80310382019176LGN00.tif,l8_minus360_LC80310382018269LGN00.tif
ang20190926t163428-E,l8_minus90_LC80310382019176LGN00.tif,l8_minus360_LC80310382018269LGN00.tif
ang20190926t165202-A,l8_minus90_LC80310382019176LGN00.tif,l8_minus360_LC80310382018269LGN00.tif
ang20190926t165202-B,l8_minus90_LC80310382019176LGN00.tif,l8_minus360_LC80310382018269LGN00.tif
ang20190926t165202-C,l8_minus90_LC80310382019176LGN00.tif,l8_minus360_LC80310382018269LGN00.tif
ang20190926t165202-D,l8_minus90_LC80310382019176LGN00.tif,l8_minus360_LC80310382018269LGN00.tif
ang20190926t165202-E,l8_minus90_LC80310382019176LGN00.tif,l8_minus360_LC80310382018269LGN00.tif
ang20190926t172904-1,l8_minus90_LC80310382019176LGN00.tif,l8_minus360_LC80310382018269LGN00.tif
ang20190926t172904-3,l8_minus90_LC80310382019176LGN00.tif,l8_minus360_LC80310382018269LGN00.tif
ang20190926t172904-A,l8_minus90_LC80310382019176LGN00.tif,l8_minus360_LC80310382018269LGN00.tif
ang20190926t172904-B,l8_minus90_LC80310382019176LGN00.tif,l8_minus360_LC80310382018269LGN00.tif
ang20190926t172904-C,l8_minus90_LC80310382019176LGN00.tif,l8_minus360_LC80310382018269LGN00.tif
ang20190926t172904-D,l8_minus90_LC80310382019176LGN00.tif,l8_minus360_LC80310382018269LGN00.tif
ang20190926t172904-E,l8_minus90_LC80310382019176LGN00.tif,l8_minus360_LC80310382018269LGN00.tif
ang20190926t172904-F,l8_minus90_LC80310382019176LGN00.tif,l8_minus360_LC80310382018269LGN00.tif
ang20190926t174644-1,l8_minus90_LC80310382019176LGN00.tif,l8_minus360_LC80310382018269LGN00.tif
ang20190926t174644-2,l8_minus90_LC80310382019176LGN00.tif,l8_minus360_LC80310382018269LGN00.tif
ang20190926t174644-3,l8_minus90_LC80310382019176LGN00.tif,l8_minus360_LC80310382018269LGN00.tif
ang20190926t174644-4,l8_minus90_LC80310382019176LGN00.tif,l8_minus360_LC80310382018269LGN00.tif
ang20190926t174644-A,l8_minus90_LC80310382019176LGN00.tif,l8_minus360_LC80310382018269LGN00.tif
ang20190926t174644-B,l8_minus90_LC80310382019176LGN00.tif,l8_minus360_LC80310382018269LGN00.tif
ang20190926t174644-C,l8_minus90_LC80310382019176LGN00.tif,l8_minus360_LC80310382018269LGN00.tif
ang20190926t180335-1,l8_minus90_LC80310382019176LGN00.tif,l8_minus360_LC80310382018269LGN00.tif
ang20190926t180335-5,l8_minus90_LC80310382019176LGN00.tif,l8_minus360_LC80310382018269LGN00.tif
ang20190926t180335-6,l8_minus90_LC80310382019176LGN00.tif,l8_minus360_LC80310382018269LGN00.tif
ang20190926t180335-7,l8_minus90_LC80310382019176LGN00.tif,l8_minus360_LC80310382018269LGN00.tif
ang20190926t180335-A,l8_minus90_LC80310382019176LGN00.tif,l8_minus360_LC80310382018269LGN00.tif
ang20190926t180335-B,l8_minus90_LC80310382019176LGN00.tif,l8_minus360_LC80310382018269LGN00.tif
ang20190926t180335-C,l8_minus90_LC80310382019176LGN00.tif,l8_minus360_LC80310382018269LGN00.tif
ang20190926t180335-D,l8_minus90_LC80310382019176LGN00.tif,l8_minus360_LC80310382018269LGN00.tif
ang20190926t180335-E,l8_minus90_LC80310382019176LGN00.tif,l8_minus360_LC80310382018269LGN00.tif
ang20190926t180335-G,l8_minus90_LC80310382019176LGN00.tif,l8_minus360_LC80310382018269LGN00.tif
ang20190926t182043-1,l8_minus90_LC80310382019176LGN00.tif,l8_minus360_LC80310382018269LGN00.tif
ang20190926t182043-3,l8_minus90_LC80310382019176LGN00.tif,l8_minus360_LC80310382018269LGN00.tif
ang20190926t182043-4,l8_minus90_LC80310382019176LGN00.tif,l8_minus360_LC80310382018269LGN00.tif
ang20190926t182043-8,l8_minus90_LC80310382019176LGN00.tif,l8_minus360_LC80310382018269LGN00.tif
ang20190926t184029-1,l8_minus90_LC80310382019176LGN00.tif,l8_minus360_LC80310382018269LGN00.tif
ang20190926t184029-3,l8_minus90_LC80310382019176LGN00.tif,l8_minus360_LC80310382018269LGN00.tif
ang20190926t184029-4,l8_minus90_LC80310382019176LGN00.tif,l8_minus360_LC80310382018269LGN00.tif
ang20190926t184029-5,l8_minus90_LC80310382019176LGN00.tif,l8_minus360_LC80310382018269LGN00.tif
ang20190926t184029-6,l8_minus90_LC80310382019176LGN00.tif,l8_minus360_LC80310382018269LGN00.tif
ang20190926t184029-A,l8_minus90_LC80310382019176LGN00.tif,l8_minus360_LC80310382018269LGN00.tif
ang20190926t184029-B,l8_minus90_LC80310382019176LGN00.tif,l8_minus360_LC80310382018269LGN00.tif
ang20190926t184029-C,l8_minus90_LC80310382019176LGN00.tif,l8_minus360_LC80310382018269LGN00.tif
ang20190926t184029-D,l8_minus90_LC80310382019176LGN00.tif,l8_minus360_LC80310382018269LGN00.tif
ang20190926t184029-E,l8_minus90_LC80310382019176LGN00.tif,l8_minus360_LC80310382018269LGN00.tif
ang20190926t184029-F,l8_minus90_LC80310382019176LGN00.tif,l8_minus360_LC80310382018269LGN00.tif
ang20190926t184029-G,l8_minus90_LC80310382019176LGN00.tif,l8_minus360_LC80310382018269LGN00.tif
ang20190926t184029-H,l8_minus90_LC80310382019176LGN00.tif,l8_minus360_LC80310382018269LGN00.tif
ang20190926t184029-I,l8_minus90_LC80310382019176LGN00.tif,l8_minus360_LC80310382018269LGN00.tif
ang20190926t184029-J,l8_minus90_LC80310382019176LGN00.tif,l8_minus360_LC80310382018269LGN00.tif
ang20190926t185727-1,l8_minus90_LC80310382019176LGN00.tif,l8_minus360_LC80310382018269LGN00.tif
ang20190926t185727-2,l8_minus90_LC80310382019176LGN00.tif,l8_minus360_LC80310382018269LGN00.tif
ang20190926t185727-3,l8_minus90_LC80310382019176LGN00.tif,l8_minus360_LC80310382018269LGN00.tif
ang20190926t185727-4,l8_minus90_LC80310382019176LGN00.tif,l8_minus360_LC80310382018269LGN00.tif
ang20190926t191417-1,l8_minus90_LC80310382019176LGN00.tif,l8_minus360_LC80310382018269LGN00.tif
ang20190926t191417-4,l8_minus90_LC80310382019176LGN00.tif,l8_minus360_LC80310382018269LGN00.tif
ang20190926t191417-5,l8_minus90_LC80310382019176LGN00.tif,l8_minus360_LC80310382018269LGN00.tif
ang20190926t191417-6,l8_minus90_LC80310382019176LGN00.tif,l8_minus360_LC80310382018269LGN00.tif
ang20190926t191417-A,l8_minus90_LC80310382019176LGN00.tif,l8_minus360_LC80310382018269LGN00.tif
ang20190926t191417-B,l8_minus90_LC80310382019176LGN00.tif,l8_minus360_LC80310382018269LGN00.tif
ang20190926t191417-C,l8_minus90_LC80310382019176LGN00.tif,l8_minus360_LC80310382018269LGN00.tif
ang20190926t193117-1,l8_minus90_LC80310382019176LGN00.tif,l8_minus360_LC80310382018269LGN00.tif
ang20190926t193117-3,l8_minus90_LC80310382019176LGN00.tif,l8_minus360_LC80310382018269LGN00.tif
ang20190926t193117-4,l8_minus90_LC80310382019176LGN00.tif,l8_minus360_LC80310382018269LGN00.tif
ang20190926t193117-5,l8_minus90_LC80310382019176LGN00.tif,l8_minus360_LC80310382018269LGN00.tif
ang20190926t193117-A,l8_minus90_LC80310382019176LGN00.tif,l8_minus360_LC80310382018269LGN00.tif
ang20190926t213844-A,l8_minus90_LC80310382019176LGN00.tif,l8_minus360_LC80310382018269LGN00.tif
ang20190926t220008-3,l8_minus90_LC80310382019176LGN00.tif,l8_minus360_LC80310382018269LGN00.tif
ang20190926t221757-4,l8_minus90_LC80310382019176LGN00.tif,l8_minus360_LC80310382018269LGN00.tif
ang20190926t221757-A,l8_minus90_LC80310382019176LGN00.tif,l8_minus360_LC80310382018269LGN00.tif
ang20190926t223557-2,l8_minus90_LC80310382019176LGN00.tif,l8_minus360_LC80310382018269LGN00.tif
ang20190926t223557-A,l8_minus90_LC80310382019176LGN00.tif,l8_minus360_LC80310382018269LGN00.tif
ang20190926t223557-B,l8_minus90_LC80310382019176LGN00.tif,l8_minus360_LC80310382018269LGN00.tif
ang20190926t223557-C,l8_minus90_LC80310382019176LGN00.tif,l8_minus360_LC80310382018269LGN00.tif
ang20190926t223557-D,l8_minus90_LC80310382019176LGN00.tif,l8_minus360_LC80310382018269LGN00.tif
ang20190927t145113-2,l8_minus90_LC80310382019176LGN00.tif,l8_minus360_LC80310382018269LGN00.tif
ang20190927t145113-A,l8_minus90_LC80310382019176LGN00.tif,l8_minus360_LC80310382018269LGN00.tif
ang20190927t145113-B,l8_minus90_LC80310382019176LGN00.tif,l8_minus360_LC80310382018269LGN00.tif
ang20190927t151239-1,l8_minus90_LC80310382019176LGN00.tif,l8_minus360_LC80310382018269LGN00.tif
ang20190927t151239-2,l8_minus90_LC80310382019176LGN00.tif,l8_minus360_LC80310382018269LGN00.tif
ang20190927t151239-3,l8_minus90_LC80310382019176LGN00.tif,l8_minus360_LC80310382018269LGN00.tif
ang20190927t151239-4,l8_minus90_LC80310382019176LGN00.tif,l8_minus360_LC80310382018269LGN00.tif
ang20190927t151239-A,l8_minus90_LC80310382019176LGN00.tif,l8_minus360_LC80310382018269LGN00.tif
ang20190927t151239-B,l8_minus90_LC80310382019176LGN00.tif,l8_minus360_LC80310382018269LGN00.tif
ang20190927t151239-C,l8_minus90_LC80310382019176LGN00.tif,l8_minus360_LC80310382018269LGN00.tif
ang20190927t153023-2,l8_minus90_LC80310382019176LGN00.tif,l8_minus360_LC80310382018269LGN00.tif
ang20190927t153023-3,l8_minus90_LC80310382019176LGN00.tif,l8_minus360_LC80310382018269LGN00.tif
ang20190927t153023-4,l8_minus90_LC80310382019176LGN00.tif,l8_minus360_LC80310382018269LGN00.tif
ang20190927t153023-5,l8_minus90_LC80310382019176LGN00.tif,l8_minus360_LC80310382018269LGN00.tif
ang20190927t153023-6,l8_minus90_LC80310382019176LGN00.tif,l8_minus360_LC80310382018269LGN00.tif
ang20190927t153023-7,l8_minus90_LC80310382019176LGN00.tif,l8_minus360_LC80310382018269LGN00.tif
ang20190927t153023-9,l8_minus90_LC80310382019176LGN00.tif,l8_minus360_LC80310382018269LGN00.tif
ang20190927t153023-A,l8_minus90_LC80310382019176LGN00.tif,l8_minus360_LC80310382018269LGN00.tif
ang20190927t153023-B,l8_minus90_LC80310382019176LGN00.tif,l8_minus360_LC80310382018269LGN00.tif
ang20190927t154855-1,l8_minus90_LC80310382019176LGN00.tif,l8_minus360_LC80310382018269LGN00.tif
ang20190927t154855-2,l8_minus90_LC80310382019176LGN00.tif,l8_minus360_LC80310382018269LGN00.tif
ang20190927t154855-3,l8_minus90_LC80310382019176LGN00.tif,l8_minus360_LC80310382018269LGN00.tif
ang20190927t160700-4,l8_minus90_LC80310382019176LGN00.tif,l8_minus360_LC80310382018269LGN00.tif
ang20190927t160700-A,l8_minus90_LC80310382019176LGN00.tif,l8_minus360_LC80310382018269LGN00.tif
ang20190927t160700-B,l8_minus90_LC80310382019176LGN00.tif,l8_minus360_LC80310382018269LGN00.tif
ang20190927t160700-C,l8_minus90_LC80310382019176LGN00.tif,l8_minus360_LC80310382018269LGN00.tif
ang20190927t162514-1,l8_minus90_LC80310382019176LGN00.tif,l8_minus360_LC80310382018269LGN00.tif
ang20190927t162514-3,l8_minus90_LC80310382019176LGN00.tif,l8_minus360_LC80310382018269LGN00.tif
ang20190927t164322-1,l8_minus90_LC80310382019176LGN00.tif,l8_minus360_LC80310382018269LGN00.tif
ang20190927t164322-A,l8_minus90_LC80310382019176LGN00.tif,l8_minus360_LC80310382018269LGN00.tif
ang20190927t164322-B,l8_minus90_LC80310382019176LGN00.tif,l8_minus360_LC80310382018269LGN00.tif
ang20190927t170107-A,l8_minus90_LC80310382019176LGN00.tif,l8_minus360_LC80310382018269LGN00.tif
ang20190927t170107-B,l8_minus90_LC80310382019176LGN00.tif,l8_minus360_LC80310382018269LGN00.tif
ang20190927t171836-A,l8_minus90_LC80310382019176LGN00.tif,l8_minus360_LC80310382018269LGN00.tif
ang20190927t171836-B,l8_minus90_LC80310382019176LGN00.tif,l8_minus360_LC80310382018269LGN00.tif
ang20190927t171836-C,l8_minus90_LC80310382019176LGN00.tif,l8_minus360_LC80310382018269LGN00.tif
ang20190927t173620-A,l8_minus90_LC80310382019176LGN00.tif,l8_minus360_LC80310382018269LGN00.tif
ang20190927t173620-B,l8_minus90_LC80310382019176LGN00.tif,l8_minus360_LC80310382018269LGN00.tif
ang20190927t173620-C,l8_minus90_LC80310382019176LGN00.tif,l8_minus360_LC80310382018269LGN00.tif
ang20190927t173620-D,l8_minus90_LC80310382019176LGN00.tif,l8_minus360_LC80310382018269LGN00.tif
ang20190927t173620-E,l8_minus90_LC80310382019176LGN00.tif,l8_minus360_LC80310382018269LGN00.tif
ang20190927t173620-F,l8_minus90_LC80310382019176LGN00.tif,l8_minus360_LC80310382018269LGN00.tif
ang20190927t175410-1,l8_minus90_LC80310382019176LGN00.tif,l8_minus360_LC80310382018269LGN00.tif
ang20190927t175410-2,l8_minus90_LC80310382019176LGN00.tif,l8_minus360_LC80310382018269LGN00.tif
ang20190927t175410-3,l8_minus90_LC80310382019176LGN00.tif,l8_minus360_LC80310382018269LGN00.tif
ang20190927t175410-A,l8_minus90_LC80310382019176LGN00.tif,l8_minus360_LC80310382018269LGN00.tif
ang20190927t175410-B,l8_minus90_LC80310382019176LGN00.tif,l8_minus360_LC80310382018269LGN00.tif
ang20190927t175410-C,l8_minus90_LC80310382019176LGN00.tif,l8_minus360_LC80310382018269LGN00.tif
ang20190927t175410-D,l8_minus90_LC80310382019176LGN00.tif,l8_minus360_LC80310382018269LGN00.tif
ang20190927t175410-E,l8_minus90_LC80310382019176LGN00.tif,l8_minus360_LC80310382018269LGN00.tif
ang20190927t175410-F,l8_minus90_LC80310382019176LGN00.tif,l8_minus360_LC80310382018269LGN00.tif
ang20190927t175410-G,l8_minus90_LC80310382019176LGN00.tif,l8_minus360_LC80310382018269LGN00.tif
ang20190927t175410-H,l8_minus90_LC80310382019176LGN00.tif,l8_minus360_LC80310382018269LGN00.tif
ang20190927t175410-I,l8_minus90_LC80310382019176LGN00.tif,l8_minus360_LC80310382018269LGN00.tif
ang20190927t175410-J,l8_minus90_LC80310382019176LGN00.tif,l8_minus360_LC80310382018269LGN00.tif
ang20190927t175410-K,l8_minus90_LC80310382019176LGN00.tif,l8_minus360_LC80310382018269LGN00.tif
ang20190927t175410-M,l8_minus90_LC80310382019176LGN00.tif,l8_minus360_LC80310382018269LGN00.tif
ang20190927t175410-N,l8_minus90_LC80310382019176LGN00.tif,l8_minus360_LC80310382018269LGN00.tif
ang20190927t175410-O,l8_minus90_LC80310382019176LGN00.tif,l8_minus360_LC80310382018269LGN00.tif
ang20190927t181142-2,l8_minus90_LC80310382019176LGN00.tif,l8_minus360_LC80310382018269LGN00.tif
ang20190927t181142-A,l8_minus90_LC80310382019176LGN00.tif,l8_minus360_LC80310382018269LGN00.tif
ang20190927t181142-B,l8_minus90_LC80310382019176LGN00.tif,l8_minus360_LC80310382018269LGN00.tif
ang20190927t181142-C,l8_minus90_LC80310382019176LGN00.tif,l8_minus360_LC80310382018269LGN00.tif
ang20190927t181142-D,l8_minus90_LC80310382019176LGN00.tif,l8_minus360_LC80310382018269LGN00.tif
ang20190927t181142-E,l8_minus90_LC80310382019176LGN00.tif,l8_minus360_LC80310382018269LGN00.tif
ang20190927t181142-F,l8_minus90_LC80310382019176LGN00.tif,l8_minus360_LC80310382018269LGN00.tif
ang20190927t181142-G,l8_minus90_LC80310382019176LGN00.tif,l8_minus360_LC80310382018269LGN00.tif
ang20190927t181142-H,l8_minus90_LC80310382019176LGN00.tif,l8_minus360_LC80310382018269LGN00.tif
ang20190927t181142-I,l8_minus90_LC80310382019176LGN00.tif,l8_minus360_LC80310382018269LGN00.tif
ang20190927t182905-A,l8_minus90_LC80310382019176LGN00.tif,l8_minus360_LC80310382018269LGN00.tif
ang20190927t182905-B,l8_minus90_LC80310382019176LGN00.tif,l8_minus360_LC80310382018269LGN00.tif
ang20190927t182905-C,l8_minus90_LC80310382019176LGN00.tif,l8_minus360_LC80310382018269LGN00.tif
ang20190927t182905-D,l8_minus90_LC80310382019176LGN00.tif,l8_minus360_LC80310382018269LGN00.tif
ang20190927t182905-E,l8_minus90_LC80310382019176LGN00.tif,l8_minus360_LC80310382018269LGN00.tif
ang20190927t182905-F,l8_minus90_LC80310382019176LGN00.tif,l8_minus360_LC80310382018269LGN00.tif
ang20190927t182905-G,l8_minus90_LC80310382019176LGN00.tif,l8_minus360_LC80310382018269LGN00.tif
ang20190927t184620-A,l8_minus90_LC80310382019176LGN00.tif,l8_minus360_LC80310382018269LGN00.tif
ang20190927t184620-B,l8_minus90_LC80310382019176LGN00.tif,l8_minus360_LC80310382018269LGN00.tif
ang20190927t184620-C,l8_minus90_LC80310382019176LGN00.tif,l8_minus360_LC80310382018269LGN00.tif
ang20190927t184620-D,l8_minus90_LC80310382019176LGN00.tif,l8_minus360_LC80310382018269LGN00.tif
ang20190927t184620-E,l8_minus90_LC80310382019176LGN00.tif,l8_minus360_LC80310382018269LGN00.tif
ang20190927t190436-2,l8_minus90_LC80310382019176LGN00.tif,l8_minus360_LC80310382018269LGN00.tif
ang20190927t190436-3,l8_minus90_LC80310382019176LGN00.tif,l8_minus360_LC80310382018269LGN00.tif
ang20190927t190436-5,l8_minus90_LC80310382019176LGN00.tif,l8_minus360_LC80310382018269LGN00.tif
ang20190927t190436-A,l8_minus90_LC80310382019176LGN00.tif,l8_minus360_LC80310382018269LGN00.tif
ang20190927t190436-B,l8_minus90_LC80310382019176LGN00.tif,l8_minus360_LC80310382018269LGN00.tif
ang20190927t190436-C,l8_minus90_LC80310382019176LGN00.tif,l8_minus360_LC80310382018269LGN00.tif
ang20190927t192237-1,l8_minus90_LC80310382019176LGN00.tif,l8_minus360_LC80310382018269LGN00.tif
ang20190927t192237-2,l8_minus90_LC80310382019176LGN00.tif,l8_minus360_LC80310382018269LGN00.tif
ang20190927t192237-3,l8_minus90_LC80310382019176LGN00.tif,l8_minus360_LC80310382018269LGN00.tif
ang20190927t192237-4,l8_minus90_LC80310382019176LGN00.tif,l8_minus360_LC80310382018269LGN00.tif
ang20190927t192237-5,l8_minus90_LC80310382019176LGN00.tif,l8_minus360_LC80310382018269LGN00.tif
ang20190927t192237-6,l8_minus90_LC80310382019176LGN00.tif,l8_minus360_LC80310382018269LGN00.tif
ang20190927t192237-A,l8_minus90_LC80310382019176LGN00.tif,l8_minus360_LC80310382018269LGN00.tif
ang20190927t194104-1,l8_minus90_LC80310382019176LGN00.tif,l8_minus360_LC80310382018269LGN00.tif
ang20190927t194104-3,l8_minus90_LC80310382019176LGN00.tif,l8_minus360_LC80310382018269LGN00.tif
ang20190927t194104-A,l8_minus90_LC80310382019176LGN00.tif,l8_minus360_LC80310382018269LGN00.tif
ang20190928t175550-1,l8_minus90_LC80310382019176LGN00.tif,l8_minus360_LC80310382018269LGN00.tif
ang20190928t175550-2,l8_minus90_LC80310382019176LGN00.tif,l8_minus360_LC80310382018269LGN00.tif
ang20190928t175550-3,l8_minus90_LC80310382019176LGN00.tif,l8_minus360_LC80310382018269LGN00.tif
ang20190928t181405-A,l8_minus90_LC80310382019176LGN00.tif,l8_minus360_LC80310382018269LGN00.tif
ang20190928t183313-1,l8_minus90_LC80310382019176LGN00.tif,l8_minus360_LC80310382018269LGN00.tif
ang20190928t183313-2,l8_minus90_LC80310382019176LGN00.tif,l8_minus360_LC80310382018269LGN00.tif
ang20190928t183313-4,l8_minus90_LC80310382019176LGN00.tif,l8_minus360_LC80310382018269LGN00.tif
ang20190928t183313-A,l8_minus90_LC80310382019176LGN00.tif,l8_minus360_LC80310382018269LGN00.tif
ang20190928t183313-B,l8_minus90_LC80310382019176LGN00.tif,l8_minus360_LC80310382018269LGN00.tif
ang20190928t185111-A,l8_minus90_LC80310382019176LGN00.tif,l8_minus360_LC80310382018269LGN00.tif
ang20190928t185111-B,l8_minus90_LC80310382019176LGN00.tif,l8_minus360_LC80310382018269LGN00.tif
ang20190928t185111-C,l8_minus90_LC80310382019176LGN00.tif,l8_minus360_LC80310382018269LGN00.tif
ang20190928t185111-D,l8_minus90_LC80310382019176LGN00.tif,l8_minus360_LC80310382018269LGN00.tif
ang20190928t190948-1,l8_minus90_LC80310382019176LGN00.tif,l8_minus360_LC80310382018269LGN00.tif
ang20190928t190948-2,l8_minus90_LC80310382019176LGN00.tif,l8_minus360_LC80310382018269LGN00.tif
ang20190928t190948-4,l8_minus90_LC80310382019176LGN00.tif,l8_minus360_LC80310382018269LGN00.tif
ang20190928t190948-5,l8_minus90_LC80310382019176LGN00.tif,l8_minus360_LC80310382018269LGN00.tif
ang20190928t190948-A,l8_minus90_LC80310382019176LGN00.tif,l8_minus360_LC80310382018269LGN00.tif
ang20190928t193847-A,l8_minus90_LC80310382019176LGN00.tif,l8_minus360_LC80310382018269LGN00.tif
ang20190928t193847-B,l8_minus90_LC80310382019176LGN00.tif,l8_minus360_LC80310382018269LGN00.tif
ang20191019t150925-2,l8_minus90_LC80310382019176LGN00.tif,l8_minus360_LC80310382018269LGN00.tif
ang20191019t151749-1,l8_minus90_LC80310382019176LGN00.tif,l8_minus360_LC80310382018269LGN00.tif
ang20191019t152610-A,l8_minus90_LC80310382019176LGN00.tif,l8_minus360_LC80310382018269LGN00.tif
ang20191019t152610-B,l8_minus90_LC80310382019176LGN00.tif,l8_minus360_LC80310382018269LGN00.tif
ang20191019t153454-A,l8_minus90_LC80310382019176LGN00.tif,l8_minus360_LC80310382018269LGN00.tif
ang20191019t155740-1,l8_minus90_LC80310382019176LGN00.tif,l8_minus360_LC80310382018269LGN00.tif
ang20191019t155740-3,l8_minus90_LC80310382019176LGN00.tif,l8_minus360_LC80310382018269LGN00.tif
ang20191019t155740-4,l8_minus90_LC80310382019176LGN00.tif,l8_minus360_LC80310382018269LGN00.tif
ang20191019t160518-1,l8_minus90_LC80310382019176LGN00.tif,l8_minus360_LC80310382018269LGN00.tif
ang20191019t160518-3,l8_minus90_LC80310382019176LGN00.tif,l8_minus360_LC80310382018269LGN00.tif
ang20191019t160518-A,l8_minus90_LC80310382019176LGN00.tif,l8_minus360_LC80310382018269LGN00.tif
ang20191019t160518-B,l8_minus90_LC80310382019176LGN00.tif,l8_minus360_LC80310382018269LGN00.tif
ang20191019t161418-1,l8_minus90_LC80310382019176LGN00.tif,l8_minus360_LC80310382018269LGN00.tif
ang20191019t161418-2,l8_minus90_LC80310382019176LGN00.tif,l8_minus360_LC80310382018269LGN00.tif
ang20191019t161418-3,l8_minus90_LC80310382019176LGN00.tif,l8_minus360_LC80310382018269LGN00.tif
ang20191019t161418-A,l8_minus90_LC80310382019176LGN00.tif,l8_minus360_LC80310382018269LGN00.tif
ang20191019t161418-B,l8_minus90_LC80310382019176LGN00.tif,l8_minus360_LC80310382018269LGN00.tif
ang20191019t161418-C,l8_minus90_LC80310382019176LGN00.tif,l8_minus360_LC80310382018269LGN00.tif
ang20191019t162211-A,l8_minus90_LC80310382019176LGN00.tif,l8_minus360_LC80310382018269LGN00.tif
ang20191019t162211-B,l8_minus90_LC80310382019176LGN00.tif,l8_minus360_LC80310382018269LGN00.tif
ang20191019t162211-C,l8_minus90_LC80310382019176LGN00.tif,l8_minus360_LC80310382018269LGN00.tif
ang20191019t163936-A,l8_minus90_LC80310382019176LGN00.tif,l8_minus360_LC80310382018269LGN00.tif
ang20191019t163936-B,l8_minus90_LC80310382019176LGN00.tif,l8_minus360_LC80310382018269LGN00.tif
ang20191019t163936-C,l8_minus90_LC80310382019176LGN00.tif,l8_minus360_LC80310382018269LGN00.tif
ang20191019t164827-A,l8_minus90_LC80310382019176LGN00.tif,l8_minus360_LC80310382018269LGN00.tif
ang20191019t164827-B,l8_minus90_LC80310382019176LGN00.tif,l8_minus360_LC80310382018269LGN00.tif
ang20191019t170014-1,l8_minus90_LC80310382019176LGN00.tif,l8_minus360_LC80310382018269LGN00.tif
ang20191019t170014-2,l8_minus90_LC80310382019176LGN00.tif,l8_minus360_LC80310382018269LGN00.tif
ang20191019t170014-3,l8_minus90_LC80310382019176LGN00.tif,l8_minus360_LC80310382018269LGN00.tif
ang20191019t170014-A,l8_minus90_LC80310382019176LGN00.tif,l8_minus360_LC80310382018269LGN00.tif
ang20191019t170014-B,l8_minus90_LC80310382019176LGN00.tif,l8_minus360_LC80310382018269LGN00.tif
ang20191019t170014-C,l8_minus90_LC80310382019176LGN00.tif,l8_minus360_LC80310382018269LGN00.tif
ang20191019t170014-D,l8_minus90_LC80310382019176LGN00.tif,l8_minus360_LC80310382018269LGN00.tif
ang20191019t171416-A,l8_minus90_LC80310382019176LGN00.tif,l8_minus360_LC80310382018269LGN00.tif
ang20191019t171416-B,l8_minus90_LC80310382019176LGN00.tif,l8_minus360_LC80310382018269LGN00.tif
ang20191019t171416-C,l8_minus90_LC80310382019176LGN00.tif,l8_minus360_LC80310382018269LGN00.tif
ang20191019t172500-1,l8_minus90_LC80310382019176LGN00.tif,l8_minus360_LC80310382018269LGN00.tif
ang20191019t172500-2,l8_minus90_LC80310382019176LGN00.tif,l8_minus360_LC80310382018269LGN00.tif
ang20191019t172500-3,l8_minus90_LC80310382019176LGN00.tif,l8_minus360_LC80310382018269LGN00.tif
ang20191019t172500-A,l8_minus90_LC80310382019176LGN00.tif,l8_minus360_LC80310382018269LGN00.tif
ang20191019t172500-B,l8_minus90_LC80310382019176LGN00.tif,l8_minus360_LC80310382018269LGN00.tif
ang20191019t172500-C,l8_minus90_LC80310382019176LGN00.tif,l8_minus360_LC80310382018269LGN00.tif
ang20191019t172500-D,l8_minus90_LC80310382019176LGN00.tif,l8_minus360_LC80310382018269LGN00.tif
ang20191019t172500-E,l8_minus90_LC80310382019176LGN00.tif,l8_minus360_LC80310382018269LGN00.tif
ang20191019t172500-F,l8_minus90_LC80310382019176LGN00.tif,l8_minus360_LC80310382018269LGN00.tif
ang20191019t172500-G,l8_minus90_LC80310382019176LGN00.tif,l8_minus360_LC80310382018269LGN00.tif
ang20191019t173905-A,l8_minus90_LC80310382019176LGN00.tif,l8_minus360_LC80310382018269LGN00.tif
ang20191019t173905-B,l8_minus90_LC80310382019176LGN00.tif,l8_minus360_LC80310382018269LGN00.tif
ang20191019t173905-C,l8_minus90_LC80310382019176LGN00.tif,l8_minus360_LC80310382018269LGN00.tif
ang20191019t173905-D,l8_minus90_LC80310382019176LGN00.tif,l8_minus360_LC80310382018269LGN00.tif
ang20191019t173905-E,l8_minus90_LC80310382019176LGN00.tif,l8_minus360_LC80310382018269LGN00.tif
ang20191019t175004-1,l8_minus90_LC80310382019176LGN00.tif,l8_minus360_LC80310382018269LGN00.tif
ang20191019t175004-2,l8_minus90_LC80310382019176LGN00.tif,l8_minus360_LC80310382018269LGN00.tif
ang20191019t175004-3,l8_minus90_LC80310382019176LGN00.tif,l8_minus360_LC80310382018269LGN00.tif
ang20191019t175004-4,l8_minus90_LC80310382019176LGN00.tif,l8_minus360_LC80310382018269LGN00.tif
ang20191019t175004-A,l8_minus90_LC80310382019176LGN00.tif,l8_minus360_LC80310382018269LGN00.tif
ang20191019t175004-B,l8_minus90_LC80310382019176LGN00.tif,l8_minus360_LC80310382018269LGN00.tif
ang20191019t175004-C,l8_minus90_LC80310382019176LGN00.tif,l8_minus360_LC80310382018269LGN00.tif
ang20191019t175004-D,l8_minus90_LC80310382019176LGN00.tif,l8_minus360_LC80310382018269LGN00.tif
ang20191019t175004-E,l8_minus90_LC80310382019176LGN00.tif,l8_minus360_LC80310382018269LGN00.tif
ang20191019t181857-1,l8_minus90_LC80310382019176LGN00.tif,l8_minus360_LC80310382018269LGN00.tif
ang20191019t181857-2,l8_minus90_LC80310382019176LGN00.tif,l8_minus360_LC80310382018269LGN00.tif
ang20191019t181857-A,l8_minus90_LC80310382019176LGN00.tif,l8_minus360_LC80310382018269LGN00.tif
ang20191019t181857-B,l8_minus90_LC80310382019176LGN00.tif,l8_minus360_LC80310382018269LGN00.tif
ang20191019t182848-A,l8_minus90_LC80310382019176LGN00.tif,l8_minus360_LC80310382018269LGN00.tif
ang20191019t182848-B,l8_minus90_LC80310382019176LGN00.tif,l8_minus360_LC80310382018269LGN00.tif
ang20191019t182848-C,l8_minus90_LC80310382019176LGN00.tif,l8_minus360_LC80310382018269LGN00.tif
ang20191019t182848-D,l8_minus90_LC80310382019176LGN00.tif,l8_minus360_LC80310382018269LGN00.tif
ang20191019t183727-2,l8_minus90_LC80310382019176LGN00.tif,l8_minus360_LC80310382018269LGN00.tif
ang20191019t183727-3,l8_minus90_LC80310382019176LGN00.tif,l8_minus360_LC80310382018269LGN00.tif
ang20191019t183727-A,l8_minus90_LC80310382019176LGN00.tif,l8_minus360_LC80310382018269LGN00.tif
ang20191019t183727-B,l8_minus90_LC80310382019176LGN00.tif,l8_minus360_LC80310382018269LGN00.tif
ang20191019t183727-C,l8_minus90_LC80310382019176LGN00.tif,l8_minus360_LC80310382018269LGN00.tif
ang20191019t183727-D,l8_minus90_LC80310382019176LGN00.tif,l8_minus360_LC80310382018269LGN00.tif
ang20191019t183727-E,l8_minus90_LC80310382019176LGN00.tif,l8_minus360_LC80310382018269LGN00.tif
ang20191019t183727-F,l8_minus90_LC80310382019176LGN00.tif,l8_minus360_LC80310382018269LGN00.tif
ang20191019t184718-1,l8_minus90_LC80310382019176LGN00.tif,l8_minus360_LC80310382018269LGN00.tif
ang20191019t184718-A,l8_minus90_LC80310382019176LGN00.tif,l8_minus360_LC80310382018269LGN00.tif
ang20191019t184718-B,l8_minus90_LC80310382019176LGN00.tif,l8_minus360_LC80310382018269LGN00.tif
ang20191019t184718-C,l8_minus90_LC80310382019176LGN00.tif,l8_minus360_LC80310382018269LGN00.tif
ang20191019t185452-A,l8_minus90_LC80310382019176LGN00.tif,l8_minus360_LC80310382018269LGN00.tif
ang20191019t185452-B,l8_minus90_LC80310382019176LGN00.tif,l8_minus360_LC80310382018269LGN00.tif
ang20191019t185452-C,l8_minus90_LC80310382019176LGN00.tif,l8_minus360_LC80310382018269LGN00.tif
ang20191019t185452-D,l8_minus90_LC80310382019176LGN00.tif,l8_minus360_LC80310382018269LGN00.tif
ang20191019t185452-E,l8_minus90_LC80310382019176LGN00.tif,l8_minus360_LC80310382018269LGN00.tif
ang20191019t185452-F,l8_minus90_LC80310382019176LGN00.tif,l8_minus360_LC80310382018269LGN00.tif
ang20191021t153008-1,l8_minus90_LC80310382019176LGN00.tif,l8_minus360_LC80310382018269LGN00.tif
ang20191021t153008-4,l8_minus90_LC80310382019176LGN00.tif,l8_minus360_LC80310382018269LGN00.tif
ang20191021t153008-B,l8_minus90_LC80310382019176LGN00.tif,l8_minus360_LC80310382018269LGN00.tif
ang20191021t153008-C,l8_minus90_LC80310382019176LGN00.tif,l8_minus360_LC80310382018269LGN00.tif
ang20191021t153008-D,l8_minus90_LC80310382019176LGN00.tif,l8_minus360_LC80310382018269LGN00.tif
ang20191021t153008-E,l8_minus90_LC80310382019176LGN00.tif,l8_minus360_LC80310382018269LGN00.tif
ang20191021t153008-F,l8_minus90_LC80310382019176LGN00.tif,l8_minus360_LC80310382018269LGN00.tif
ang20191021t154726-1,l8_minus90_LC80310382019176LGN00.tif,l8_minus360_LC80310382018269LGN00.tif
ang20191021t154726-A,l8_minus90_LC80310382019176LGN00.tif,l8_minus360_LC80310382018269LGN00.tif
ang20191021t154726-B,l8_minus90_LC80310382019176LGN00.tif,l8_minus360_LC80310382018269LGN00.tif
ang20191021t154726-C,l8_minus90_LC80310382019176LGN00.tif,l8_minus360_LC80310382018269LGN00.tif
ang20191021t154726-D,l8_minus90_LC80310382019176LGN00.tif,l8_minus360_LC80310382018269LGN00.tif
ang20191021t154726-E,l8_minus90_LC80310382019176LGN00.tif,l8_minus360_LC80310382018269LGN00.tif
ang20191021t154726-G,l8_minus90_LC80310382019176LGN00.tif,l8_minus360_LC80310382018269LGN00.tif
ang20191021t154726-H,l8_minus90_LC80310382019176LGN00.tif,l8_minus360_LC80310382018269LGN00.tif
ang20191021t154726-I,l8_minus90_LC80310382019176LGN00.tif,l8_minus360_LC80310382018269LGN00.tif
ang20191021t154726-J,l8_minus90_LC80310382019176LGN00.tif,l8_minus360_LC80310382018269LGN00.tif
ang20191021t154726-K,l8_minus90_LC80310382019176LGN00.tif,l8_minus360_LC80310382018269LGN00.tif
ang20191021t154726-L,l8_minus90_LC80310382019176LGN00.tif,l8_minus360_LC80310382018269LGN00.tif
ang20191021t160052-1,l8_minus90_LC80310382019176LGN00.tif,l8_minus360_LC80310382018269LGN00.tif
ang20191021t160052-A,l8_minus90_LC80310382019176LGN00.tif,l8_minus360_LC80310382018269LGN00.tif
ang20191021t160052-B,l8_minus90_LC80310382019176LGN00.tif,l8_minus360_LC80310382018269LGN00.tif
ang20191021t160052-C,l8_minus90_LC80310382019176LGN00.tif,l8_minus360_LC80310382018269LGN00.tif
ang20191021t161810-A,l8_minus90_LC80310382019176LGN00.tif,l8_minus360_LC80310382018269LGN00.tif
ang20191021t161810-B,l8_minus90_LC80310382019176LGN00.tif,l8_minus360_LC80310382018269LGN00.tif
ang20191021t161810-C,l8_minus90_LC80310382019176LGN00.tif,l8_minus360_LC80310382018269LGN00.tif
ang20191021t161810-D,l8_minus90_LC80310382019176LGN00.tif,l8_minus360_LC80310382018269LGN00.tif
ang20191021t161810-E,l8_minus90_LC80310382019176LGN00.tif,l8_minus360_LC80310382018269LGN00.tif
ang20191021t163119-A,l8_minus90_LC80310382019176LGN00.tif,l8_minus360_LC80310382018269LGN00.tif
ang20191021t163119-B,l8_minus90_LC80310382019176LGN00.tif,l8_minus360_LC80310382018269LGN00.tif
ang20191021t163119-C,l8_minus90_LC80310382019176LGN00.tif,l8_minus360_LC80310382018269LGN00.tif
ang20191021t163119-D,l8_minus90_LC80310382019176LGN00.tif,l8_minus360_LC80310382018269LGN00.tif
ang20191021t163119-E,l8_minus90_LC80310382019176LGN00.tif,l8_minus360_LC80310382018269LGN00.tif
ang20191021t163119-F,l8_minus90_LC80310382019176LGN00.tif,l8_minus360_LC80310382018269LGN00.tif
ang20191021t164905-A,l8_minus90_LC80310382019176LGN00.tif,l8_minus360_LC80310382018269LGN00.tif
ang20191021t164905-B,l8_minus90_LC80310382019176LGN00.tif,l8_minus360_LC80310382018269LGN00.tif
ang20191021t170142-A,l8_minus90_LC80310382019176LGN00.tif,l8_minus360_LC80310382018269LGN00.tif
ang20191021t170142-B,l8_minus90_LC80310382019176LGN00.tif,l8_minus360_LC80310382018269LGN00.tif
ang20191021t171902-A,l8_minus90_LC80310382019176LGN00.tif,l8_minus360_LC80310382018269LGN00.tif
ang20191021t171902-B,l8_minus90_LC80310382019176LGN00.tif,l8_minus360_LC80310382018269LGN00.tif
ang20191021t173221-2,l8_minus90_LC80310382019176LGN00.tif,l8_minus360_LC80310382018301LGN00.tif
ang20191021t173221-A,l8_minus90_LC80310382019176LGN00.tif,l8_minus360_LC80310382018301LGN00.tif
ang20191021t173221-B,l8_minus90_LC80310382019176LGN00.tif,l8_minus360_LC80310382018301LGN00.tif
ang20191021t173221-C,l8_minus90_LC80310382019176LGN00.tif,l8_minus360_LC80310372018301LGN00.tif
ang20191021t174954-A,l8_minus90_LC80310382019176LGN00.tif,l8_minus360_LC80310382018301LGN00.tif
ang20191021t174954-B,l8_minus90_LC80310382019176LGN00.tif,l8_minus360_LC80310382018301LGN00.tif
ang20191021t174954-C,l8_minus90_LC80310382019176LGN00.tif,l8_minus360_LC80310382018301LGN00.tif
ang20191021t174954-D,l8_minus90_LC80310382019176LGN00.tif,l8_minus360_LC80310382018301LGN00.tif
ang20191021t174954-E,l8_minus90_LC80310382019176LGN00.tif,l8_minus360_LC80310382018301LGN00.tif
ang20191021t174954-F,l8_minus90_LC80310382019176LGN00.tif,l8_minus360_LC80310382018301LGN00.tif
ang20191021t174954-G,l8_minus90_LC80310382019176LGN00.tif,l8_minus360_LC80310382018301LGN00.tif
ang20191021t180251-A,l8_minus90_LC80310382019176LGN00.tif,l8_minus360_LC80310382018301LGN00.tif
ang20191021t180251-B,l8_minus90_LC80310382019176LGN00.tif,l8_minus360_LC80310382018301LGN00.tif
ang20191021t180251-C,l8_minus90_LC80310382019176LGN00.tif,l8_minus360_LC80310382018301LGN00.tif
ang20191021t180251-D,l8_minus90_LC80310382019176LGN00.tif,l8_minus360_LC80310382018301LGN00.tif
ang20191021t180251-E,l8_minus90_LC80310382019176LGN00.tif,l8_minus360_LC80310382018301LGN00.tif
ang20191021t181927-A,l8_minus90_LC80310382019176LGN00.tif,l8_minus360_LC80310382018301LGN00.tif
ang20191021t181927-C,l8_minus90_LC80310382019176LGN00.tif,l8_minus360_LC80310382018301LGN00.tif
ang20191021t183204-5,l8_minus90_LC80310382019176LGN00.tif,l8_minus360_LC80310382018301LGN00.tif
ang20191021t183204-6,l8_minus90_LC80310382019176LGN00.tif,l8_minus360_LC80310382018301LGN00.tif
ang20191021t183204-7,l8_minus90_LC80310382019176LGN00.tif,l8_minus360_LC80310382018301LGN00.tif
ang20191021t183204-8,l8_minus90_LC80310382019176LGN00.tif,l8_minus360_LC80310382018301LGN00.tif
ang20191021t183204-A,l8_minus90_LC80310382019176LGN00.tif,l8_minus360_LC80310382018301LGN00.tif
ang20191021t183204-B,l8_minus90_LC80310382019176LGN00.tif,l8_minus360_LC80310382018301LGN00.tif
ang20191021t183204-C,l8_minus90_LC80310382019176LGN00.tif,l8_minus360_LC80310382018301LGN00.tif
ang20191021t183204-D,l8_minus90_LC80310382019176LGN00.tif,l8_minus360_LC80310382018301LGN00.tif
ang20191021t183204-E,l8_minus90_LC80310382019176LGN00.tif,l8_minus360_LC80310382018301LGN00.tif
ang20191021t183204-F,l8_minus90_LC80310382019176LGN00.tif,l8_minus360_LC80310382018301LGN00.tif
ang20191021t184841-B,l8_minus90_LC80310382019176LGN00.tif,l8_minus360_LC80310382018301LGN00.tif
ang20191021t184841-D,l8_minus90_LC80310382019176LGN00.tif,l8_minus360_LC80310382018301LGN00.tif
ang20191021t184841-E,l8_minus90_LC80310382019176LGN00.tif,l8_minus360_LC80310382018301LGN00.tif
ang20191021t184841-F,l8_minus90_LC80310382019176LGN00.tif,l8_minus360_LC80310382018301LGN00.tif
ang20191021t190136-3,l8_minus90_LC80310382019176LGN00.tif,l8_minus360_LC80310382018301LGN00.tif
ang20191021t190136-4,l8_minus90_LC80310382019176LGN00.tif,l8_minus360_LC80310382018301LGN00.tif
ang20191021t191828-A,l8_minus90_LC80310382019176LGN00.tif,l8_minus360_LC80310382018301LGN00.tif
ang20191021t193145-A,l8_minus90_LC80310382019176LGN00.tif,l8_minus360_LC80310382018301LGN00.tif
ang20191021t194835-1,l8_minus90_LC80310382019176LGN00.tif,l8_minus360_LC80310382018301LGN00.tif
ang20191021t194835-B,l8_minus90_LC80310382019176LGN00.tif,l8_minus360_LC80310382018301LGN00.tif
ang20191021t194835-C,l8_minus90_LC80310382019176LGN00.tif,l8_minus360_LC80310382018301LGN00.tif
ang20191022t143154-A,l8_minus90_LC80310382019176LGN00.tif,l8_minus360_LC80310382018301LGN00.tif
ang20191022t143154-B,l8_minus90_LC80310382019176LGN00.tif,l8_minus360_LC80310382018301LGN00.tif
ang20191022t143154-C,l8_minus90_LC80310382019176LGN00.tif,l8_minus360_LC80310382018301LGN00.tif
ang20191022t143154-D,l8_minus90_LC80310382019176LGN00.tif,l8_minus360_LC80310382018301LGN00.tif
ang20191022t143154-E,l8_minus90_LC80310382019176LGN00.tif,l8_minus360_LC80310382018301LGN00.tif
ang20191022t150110-A,l8_minus90_LC80310382019176LGN00.tif,l8_minus360_LC80310382018301LGN00.tif
ang20191022t151202-A,l8_minus90_LC80310382019176LGN00.tif,l8_minus360_LC80310382018301LGN00.tif
ang20191022t151202-B,l8_minus90_LC80310382019176LGN00.tif,l8_minus360_LC80310382018301LGN00.tif
ang20191022t152357-A,l8_minus90_LC80310382019176LGN00.tif,l8_minus360_LC80310382018301LGN00.tif
ang20191022t153425-A,l8_minus90_LC80310382019176LGN00.tif,l8_minus360_LC80310382018301LGN00.tif
ang20191022t153425-B,l8_minus90_LC80310382019176LGN00.tif,l8_minus360_LC80310382018301LGN00.tif
ang20191022t154405-A,l8_minus90_LC80310382019176LGN00.tif,l8_minus360_LC80310382018301LGN00.tif
ang20191022t162321-A,l8_minus90_LC80310382019176LGN00.tif,l8_minus360_LC80310382018301LGN00.tif
ang20191022t162321-C,l8_minus90_LC80310382019176LGN00.tif,l8_minus360_LC80310382018301LGN00.tif
ang20191022t162321-D,l8_minus90_LC80310382019176LGN00.tif,l8_minus360_LC80310382018301LGN00.tif
ang20191022t162321-E,l8_minus90_LC80310382019176LGN00.tif,l8_minus360_LC80310382018301LGN00.tif
ang20191022t163722-1,l8_minus90_LC80310382019176LGN00.tif,l8_minus360_LC80310382018301LGN00.tif
ang20191022t163722-2,l8_minus90_LC80310382019176LGN00.tif,l8_minus360_LC80310382018301LGN00.tif
ang20191022t163722-A,l8_minus90_LC80310382019176LGN00.tif,l8_minus360_LC80310382018301LGN00.tif
ang20191022t163722-B,l8_minus90_LC80310382019176LGN00.tif,l8_minus360_LC80310382018301LGN00.tif
ang20191022t164918-2,l8_minus90_LC80310382019176LGN00.tif,l8_minus360_LC80310382018301LGN00.tif
ang20191022t164918-3,l8_minus90_LC80310382019176LGN00.tif,l8_minus360_LC80310382018301LGN00.tif
ang20191022t164918-A,l8_minus90_LC80310382019176LGN00.tif,l8_minus360_LC80310382018301LGN00.tif
ang20191022t164918-B,l8_minus90_LC80310382019176LGN00.tif,l8_minus360_LC80310382018301LGN00.tif
ang20191022t164918-C,l8_minus90_LC80310382019176LGN00.tif,l8_minus360_LC80310382018301LGN00.tif
ang20191022t165908-2,l8_minus90_LC80310382019176LGN00.tif,l8_minus360_LC80310382018301LGN00.tif
ang20191022t165908-A,l8_minus90_LC80310382019176LGN00.tif,l8_minus360_LC80310382018301LGN00.tif
ang20191022t165908-B,l8_minus90_LC80310382019176LGN00.tif,l8_minus360_LC80310382018301LGN00.tif
ang20191022t165908-C,l8_minus90_LC80310382019176LGN00.tif,l8_minus360_LC80310382018301LGN00.tif
ang20191022t165908-D,l8_minus90_LC80310382019176LGN00.tif,l8_minus360_LC80310382018301LGN00.tif
ang20191022t165908-E,l8_minus90_LC80310382019176LGN00.tif,l8_minus360_LC80310382018301LGN00.tif
ang20191022t165908-F,l8_minus90_LC80310382019176LGN00.tif,l8_minus360_LC80310382018301LGN00.tif
ang20191022t165908-G,l8_minus90_LC80310382019176LGN00.tif,l8_minus360_LC80310382018301LGN00.tif
ang20191022t165908-H,l8_minus90_LC80310382019176LGN00.tif,l8_minus360_LC80310382018301LGN00.tif
ang20191022t171226-A,l8_minus90_LC80310382019176LGN00.tif,l8_minus360_LC80310382018301LGN00.tif
ang20191022t172245-1,l8_minus90_LC80310382019176LGN00.tif,l8_minus360_LC80310382018301LGN00.tif
ang20191022t172245-2,l8_minus90_LC80310382019176LGN00.tif,l8_minus360_LC80310382018301LGN00.tif
ang20191022t172245-3,l8_minus90_LC80310382019176LGN00.tif,l8_minus360_LC80310382018301LGN00.tif
ang20191022t172245-4,l8_minus90_LC80310382019176LGN00.tif,l8_minus360_LC80310382018301LGN00.tif
ang20191022t172245-5,l8_minus90_LC80310382019176LGN00.tif,l8_minus360_LC80310382018301LGN00.tif
ang20191022t172245-6,l8_minus90_LC80310382019176LGN00.tif,l8_minus360_LC80310382018301LGN00.tif
ang20191022t172245-7,l8_minus90_LC80310382019176LGN00.tif,l8_minus360_LC80310382018301LGN00.tif
ang20191022t172245-A,l8_minus90_LC80310382019176LGN00.tif,l8_minus360_LC80310382018301LGN00.tif
ang20191022t172245-B,l8_minus90_LC80310382019176LGN00.tif,l8_minus360_LC80310382018301LGN00.tif
ang20191022t173357-A,l8_minus90_LC80310382019176LGN00.tif,l8_minus360_LC80310382018301LGN00.tif
ang20191022t173357-B,l8_minus90_LC80310382019176LGN00.tif,l8_minus360_LC80310382018301LGN00.tif
ang20191022t175031-1,l8_minus90_LC80310382019176LGN00.tif,l8_minus360_LC80310382018301LGN00.tif
ang20191022t175031-2,l8_minus90_LC80310382019176LGN00.tif,l8_minus360_LC80310382018301LGN00.tif
ang20191022t175031-3,l8_minus90_LC80310382019176LGN00.tif,l8_minus360_LC80310382018301LGN00.tif
ang20191022t175031-A,l8_minus90_LC80310382019176LGN00.tif,l8_minus360_LC80310382018301LGN00.tif
ang20191022t175031-B,l8_minus90_LC80310382019176LGN00.tif,l8_minus360_LC80310382018301LGN00.tif
ang20191022t175031-C,l8_minus90_LC80310382019176LGN00.tif,l8_minus360_LC80310382018301LGN00.tif
ang20191022t175031-D,l8_minus90_LC80310382019176LGN00.tif,l8_minus360_LC80310382018301LGN00.tif
ang20191022t175031-E,l8_minus90_LC80310382019176LGN00.tif,l8_minus360_LC80310382018301LGN00.tif
ang20191022t180237-1,l8_minus90_LC80310382019176LGN00.tif,l8_minus360_LC80310382018301LGN00.tif
ang20191022t180237-2,l8_minus90_LC80310382019176LGN00.tif,l8_minus360_LC80310382018301LGN00.tif
ang20191022t180237-A,l8_minus90_LC80310382019176LGN00.tif,l8_minus360_LC80310382018301LGN00.tif
ang20191022t181138-1,l8_minus90_LC80310382019176LGN00.tif,l8_minus360_LC80310382018301LGN00.tif
ang20191022t181138-5,l8_minus90_LC80310382019176LGN00.tif,l8_minus360_LC80310382018301LGN00.tif
ang20191022t181138-6,l8_minus90_LC80310382019176LGN00.tif,l8_minus360_LC80310382018301LGN00.tif
ang20191022t181138-A,l8_minus90_LC80310382019176LGN00.tif,l8_minus360_LC80310382018301LGN00.tif
ang20191022t181138-B,l8_minus90_LC80310382019176LGN00.tif,l8_minus360_LC80310382018301LGN00.tif
ang20191022t181138-C,l8_minus90_LC80310382019176LGN00.tif,l8_minus360_LC80310382018301LGN00.tif
ang20191022t181138-D,l8_minus90_LC80310382019176LGN00.tif,l8_minus360_LC80310382018301LGN00.tif
ang20191022t181138-E,l8_minus90_LC80310382019176LGN00.tif,l8_minus360_LC80310382018301LGN00.tif
ang20191022t181138-F,l8_minus90_LC80310382019176LGN00.tif,l8_minus360_LC80310382018301LGN00.tif
ang20191022t182432-1,l8_minus90_LC80310382019176LGN00.tif,l8_minus360_LC80310382018301LGN00.tif
ang20191022t183431-A,l8_minus90_LC80310382019176LGN00.tif,l8_minus360_LC80310382018301LGN00.tif
ang20191022t183431-B,l8_minus90_LC80310382019176LGN00.tif,l8_minus360_LC80310382018301LGN00.tif
ang20191022t184525-A,l8_minus90_LC80310382019176LGN00.tif,l8_minus360_LC80310382018301LGN00.tif
ang20191022t184525-C,l8_minus90_LC80310382019176LGN00.tif,l8_minus360_LC80310382018301LGN00.tif
ang20191022t184525-D,l8_minus90_LC80310382019176LGN00.tif,l8_minus360_LC80310382018301LGN00.tif
ang20191022t190019-1,l8_minus90_LC80310382019176LGN00.tif,l8_minus360_LC80310382018301LGN00.tif
ang20191022t190019-2,l8_minus90_LC80310382019176LGN00.tif,l8_minus360_LC80310382018301LGN00.tif
ang20191022t190019-3,l8_minus90_LC80310382019176LGN00.tif,l8_minus360_LC80310382018301LGN00.tif
ang20191022t190019-4,l8_minus90_LC80310382019176LGN00.tif,l8_minus360_LC80310382018301LGN00.tif
ang20191022t191141-1,l8_minus90_LC80310382019176LGN00.tif,l8_minus360_LC80310382018301LGN00.tif
ang20191022t191141-2,l8_minus90_LC80310382019176LGN00.tif,l8_minus360_LC80310382018301LGN00.tif
ang20191022t191141-A,l8_minus90_LC80310382019176LGN00.tif,l8_minus360_LC80310382018301LGN00.tif
ang20191022t191141-B,l8_minus90_LC80310382019176LGN00.tif,l8_minus360_LC80310382018301LGN00.tif
ang20191022t191141-C,l8_minus90_LC80310382019176LGN00.tif,l8_minus360_LC80310382018301LGN00.tif
ang20191022t192048-1,l8_minus90_LC80310382019176LGN00.tif,l8_minus360_LC80310382018301LGN00.tif
ang20191022t192048-2,l8_minus90_LC80310382019176LGN00.tif,l8_minus360_LC80310382018301LGN00.tif
ang20191022t192048-3,l8_minus90_LC80310382019176LGN00.tif,l8_minus360_LC80310382018301LGN00.tif
ang20191022t192048-4,l8_minus90_LC80310382019176LGN00.tif,l8_minus360_LC80310382018301LGN00.tif
ang20191022t192048-A,l8_minus90_LC80310382019176LGN00.tif,l8_minus360_LC80310382018301LGN00.tif
ang20191022t192048-B,l8_minus90_LC80310382019176LGN00.tif,l8_minus360_LC80310382018301LGN00.tif
ang20191022t192048-C,l8_minus90_LC80310382019176LGN00.tif,l8_minus360_LC80310382018301LGN00.tif
ang20191022t192048-D,l8_minus90_LC80310382019176LGN00.tif,l8_minus360_LC80310382018301LGN00.tif
ang20191022t193257-A,l8_minus90_LC80310382019176LGN00.tif,l8_minus360_LC80310382018301LGN00.tif
ang20191022t193257-B,l8_minus90_LC80310382019176LGN00.tif,l8_minus360_LC80310382018301LGN00.tif
ang20191022t194233-A,l8_minus90_LC80310382019176LGN00.tif,l8_minus360_LC80310382018301LGN00.tif
ang20191022t194233-B,l8_minus90_LC80310382019176LGN00.tif,l8_minus360_LC80310382018301LGN00.tif
ang20191022t194233-C,l8_minus90_LC80310382019176LGN00.tif,l8_minus360_LC80310382018301LGN00.tif
ang20191022t194233-D,l8_minus90_LC80310382019176LGN00.tif,l8_minus360_LC80310382018301LGN00.tif
ang20191022t194943-3,l8_minus90_LC80310382019176LGN00.tif,l8_minus360_LC80310382018301LGN00.tif
ang20191022t194943-8,l8_minus90_LC80310382019176LGN00.tif,l8_minus360_LC80310382018301LGN00.tif
ang20191022t194943-9,l8_minus90_LC80310382019176LGN00.tif,l8_minus360_LC80310382018301LGN00.tif
ang20191022t194943-A,l8_minus90_LC80310382019176LGN00.tif,l8_minus360_LC80310382018301LGN00.tif
ang20191022t194943-B,l8_minus90_LC80310382019176LGN00.tif,l8_minus360_LC80310382018301LGN00.tif
ang20191022t194943-C,l8_minus90_LC80310382019176LGN00.tif,l8_minus360_LC80310382018301LGN00.tif
ang20191023t142135-B,l8_minus90_LC80310382019176LGN00.tif,l8_minus360_LC80310382018301LGN00.tif
ang20191023t142135-C,l8_minus90_LC80310382019176LGN00.tif,l8_minus360_LC80310382018301LGN00.tif
ang20191023t142135-D,l8_minus90_LC80310382019176LGN00.tif,l8_minus360_LC80310382018301LGN00.tif
ang20191023t142135-E,l8_minus90_LC80310382019176LGN00.tif,l8_minus360_LC80310382018301LGN00.tif
ang20191023t142135-F,l8_minus90_LC80310382019176LGN00.tif,l8_minus360_LC80310382018301LGN00.tif
ang20191023t142135-G,l8_minus90_LC80310382019176LGN00.tif,l8_minus360_LC80310382018301LGN00.tif
ang20191023t142135-J,l8_minus90_LC80310382019176LGN00.tif,l8_minus360_LC80310382018301LGN00.tif
ang20191023t145837-A,l8_minus90_LC80310382019176LGN00.tif,l8_minus360_LC80310382018301LGN00.tif
ang20191023t151141-A,l8_minus90_LC80310382019176LGN00.tif,l8_minus360_LC80310382018301LGN00.tif
ang20191023t151141-B,l8_minus90_LC80310382019176LGN00.tif,l8_minus360_LC80310382018301LGN00.tif
ang20191023t151141-C,l8_minus90_LC80310382019176LGN00.tif,l8_minus360_LC80310382018301LGN00.tif
ang20191023t152801-4,l8_minus90_LC80310382019176LGN00.tif,l8_minus360_LC80310382018301LGN00.tif
ang20191023t152801-6,l8_minus90_LC80310382019176LGN00.tif,l8_minus360_LC80310382018301LGN00.tif
ang20191023t152801-9,l8_minus90_LC80310382019176LGN00.tif,l8_minus360_LC80310382018301LGN00.tif
ang20191023t154154-4,l8_minus90_LC80310382019176LGN00.tif,l8_minus360_LC80310382018301LGN00.tif
ang20191023t154154-5,l8_minus90_LC80310382019176LGN00.tif,l8_minus360_LC80310382018301LGN00.tif
ang20191023t154154-6,l8_minus90_LC80310382019176LGN00.tif,l8_minus360_LC80310382018301LGN00.tif
ang20191023t154154-7,l8_minus90_LC80310382019176LGN00.tif,l8_minus360_LC80310382018301LGN00.tif
ang20191023t154154-A,l8_minus90_LC80310382019176LGN00.tif,l8_minus360_LC80310382018301LGN00.tif
ang20191023t155808-2,l8_minus90_LC80310382019176LGN00.tif,l8_minus360_LC80310382018301LGN00.tif
ang20191023t155808-4,l8_minus90_LC80310382019176LGN00.tif,l8_minus360_LC80310382018301LGN00.tif
ang20191023t161300-2,l8_minus90_LC80310382019176LGN00.tif,l8_minus360_LC80310382018301LGN00.tif
ang20191023t161300-3,l8_minus90_LC80310382019176LGN00.tif,l8_minus360_LC80310382018301LGN00.tif
ang20191023t161300-4,l8_minus90_LC80310382019176LGN00.tif,l8_minus360_LC80310382018301LGN00.tif
ang20191023t161300-5,l8_minus90_LC80310382019176LGN00.tif,l8_minus360_LC80310382018301LGN00.tif
ang20191023t162847-A,l8_minus90_LC80310382019176LGN00.tif,l8_minus360_LC80310382018301LGN00.tif
ang20191023t162847-B,l8_minus90_LC80310382019176LGN00.tif,l8_minus360_LC80310382018301LGN00.tif
ang20191023t162847-C,l8_minus90_LC80310382019176LGN00.tif,l8_minus360_LC80310382018301LGN00.tif
ang20191023t164221-1,l8_minus90_LC80310382019176LGN00.tif,l8_minus360_LC80310382018301LGN00.tif
ang20191023t164221-2,l8_minus90_LC80310382019176LGN00.tif,l8_minus360_LC80310382018301LGN00.tif
ang20191023t164221-4,l8_minus90_LC80310382019176LGN00.tif,l8_minus360_LC80310382018301LGN00.tif
ang20191023t164221-5,l8_minus90_LC80310382019176LGN00.tif,l8_minus360_LC80310382018301LGN00.tif
ang20191023t164221-6,l8_minus90_LC80310382019176LGN00.tif,l8_minus360_LC80310382018301LGN00.tif
ang20191023t164221-7,l8_minus90_LC80310382019176LGN00.tif,l8_minus360_LC80310382018301LGN00.tif
ang20191023t164221-A,l8_minus90_LC80310382019176LGN00.tif,l8_minus360_LC80310382018301LGN00.tif
ang20191023t164221-C,l8_minus90_LC80310382019176LGN00.tif,l8_minus360_LC80310382018301LGN00.tif
ang20191023t164221-D,l8_minus90_LC80310382019176LGN00.tif,l8_minus360_LC80310382018301LGN00.tif
ang20191023t164221-E,l8_minus90_LC80310382019176LGN00.tif,l8_minus360_LC80310382018301LGN00.tif
ang20191023t165811-A,l8_minus90_LC80310382019176LGN00.tif,l8_minus360_LC80310382018301LGN00.tif
ang20191023t165811-B,l8_minus90_LC80310382019176LGN00.tif,l8_minus360_LC80310382018301LGN00.tif
ang20191023t165811-C,l8_minus90_LC80310382019176LGN00.tif,l8_minus360_LC80310382018301LGN00.tif
ang20191023t165811-D,l8_minus90_LC80310382019176LGN00.tif,l8_minus360_LC80310382018301LGN00.tif
ang20191023t165811-E,l8_minus90_LC80310382019176LGN00.tif,l8_minus360_LC80310382018301LGN00.tif
ang20191023t165811-F,l8_minus90_LC80310382019176LGN00.tif,l8_minus360_LC80310382018301LGN00.tif
ang20191023t165811-G,l8_minus90_LC80310382019176LGN00.tif,l8_minus360_LC80310382018301LGN00.tif
ang20191023t165811-H,l8_minus90_LC80310382019176LGN00.tif,l8_minus360_LC80310382018301LGN00.tif
ang20191023t172753-2,l8_minus90_LC80310382019208LGN00.tif,l8_minus360_LC80310382018301LGN00.tif
ang20191023t172753-3,l8_minus90_LC80310382019208LGN00.tif,l8_minus360_LC80310382018301LGN00.tif
ang20191023t172753-A,l8_minus90_LC80310382019208LGN00.tif,l8_minus360_LC80310382018301LGN00.tif
ang20191023t172753-B,l8_minus90_LC80310382019208LGN00.tif,l8_minus360_LC80310382018301LGN00.tif
ang20191023t172753-C,l8_minus90_LC80310382019208LGN00.tif,l8_minus360_LC80310382018301LGN00.tif
ang20191023t174017-B,l8_minus90_LC80310382019208LGN00.tif,l8_minus360_LC80310382018301LGN00.tif
ang20191023t174017-C,l8_minus90_LC80310382019208LGN00.tif,l8_minus360_LC80310382018301LGN00.tif
ang20191023t174017-D,l8_minus90_LC80310382019208LGN00.tif,l8_minus360_LC80310382018301LGN00.tif
ang20191023t174017-E,l8_minus90_LC80310382019208LGN00.tif,l8_minus360_LC80310382018301LGN00.tif
ang20191023t174017-F,l8_minus90_LC80310382019208LGN00.tif,l8_minus360_LC80310382018301LGN00.tif
ang20191023t175603-A,l8_minus90_LC80310382019208LGN00.tif,l8_minus360_LC80310382018301LGN00.tif
ang20191023t175603-B,l8_minus90_LC80310382019208LGN00.tif,l8_minus360_LC80310382018301LGN00.tif
ang20191023t175603-C,l8_minus90_LC80310382019208LGN00.tif,l8_minus360_LC80310382018301LGN00.tif
ang20191023t175603-D,l8_minus90_LC80310382019208LGN00.tif,l8_minus360_LC80310382018301LGN00.tif
ang20191023t180821-A,l8_minus90_LC80310382019208LGN00.tif,l8_minus360_LC80310382018301LGN00.tif
ang20191023t180821-B,l8_minus90_LC80310382019208LGN00.tif,l8_minus360_LC80310382018301LGN00.tif
ang20191023t180821-C,l8_minus90_LC80310382019208LGN00.tif,l8_minus360_LC80310382018301LGN00.tif
ang20191023t180821-D,l8_minus90_LC80310382019208LGN00.tif,l8_minus360_LC80310382018301LGN00.tif
ang20191023t182357-1,l8_minus90_LC80310382019208LGN00.tif,l8_minus360_LC80310382018301LGN00.tif
ang20191023t182357-2,l8_minus90_LC80310382019208LGN00.tif,l8_minus360_LC80310382018301LGN00.tif
ang20191023t182357-3,l8_minus90_LC80310382019208LGN00.tif,l8_minus360_LC80310382018301LGN00.tif
ang20191023t183654-2,l8_minus90_LC80310382019208LGN00.tif,l8_minus360_LC80310382018301LGN00.tif
ang20191023t183654-3,l8_minus90_LC80310382019208LGN00.tif,l8_minus360_LC80310382018301LGN00.tif
ang20191023t185210-3,l8_minus90_LC80310382019208LGN00.tif,l8_minus360_LC80310382018301LGN00.tif
ang20191023t185210-4,l8_minus90_LC80310382019208LGN00.tif,l8_minus360_LC80310382018301LGN00.tif
ang20191023t185210-A,l8_minus90_LC80310382019208LGN00.tif,l8_minus360_LC80310382018301LGN00.tif
ang20191023t185210-B,l8_minus90_LC80310382019208LGN00.tif,l8_minus360_LC80310382018301LGN00.tif
ang20191023t185210-C,l8_minus90_LC80310382019208LGN00.tif,l8_minus360_LC80310382018301LGN00.tif
ang20191023t190429-1,l8_minus90_LC80310382019208LGN00.tif,l8_minus360_LC80310382018301LGN00.tif
ang20191023t190429-2,l8_minus90_LC80310382019208LGN00.tif,l8_minus360_LC80310382018301LGN00.tif
ang20191023t190429-3,l8_minus90_LC80310382019208LGN00.tif,l8_minus360_LC80310382018301LGN00.tif
ang20191023t190429-A,l8_minus90_LC80310382019208LGN00.tif,l8_minus360_LC80310382018301LGN00.tif
ang20191023t191942-1,l8_minus90_LC80310382019208LGN00.tif,l8_minus360_LC80310382018301LGN00.tif
ang20191023t191942-A,l8_minus90_LC80310382019208LGN00.tif,l8_minus360_LC80310382018301LGN00.tif
ang20191023t193139-1,l8_minus90_LC80310382019208LGN00.tif,l8_minus360_LC80310382018301LGN00.tif
ang20191023t193139-2,l8_minus90_LC80310382019208LGN00.tif,l8_minus360_LC80310382018301LGN00.tif
ang20191023t194035-7,l8_minus90_LC80310382019208LGN00.tif,l8_minus360_LC80310382018301LGN00.tif
ang20191025t161146-1,l8_minus90_LC80310382019208LGN00.tif,l8_minus360_LC80310382018301LGN00.tif
ang20191025t163632-A,l8_minus90_LC80310382019208LGN00.tif,l8_minus360_LC80310382018301LGN00.tif
ang20191025t165545-A,l8_minus90_LC80310382019208LGN00.tif,l8_minus360_LC80310382018301LGN00.tif
ang20191025t171141-A,l8_minus90_LC80310382019208LGN00.tif,l8_minus360_LC80310382018301LGN00.tif
ang20191025t173025-1,l8_minus90_LC80310382019208LGN00.tif,l8_minus360_LC80310382018301LGN00.tif
ang20191025t173025-A,l8_minus90_LC80310382019208LGN00.tif,l8_minus360_LC80310382018301LGN00.tif
ang20191025t173025-B,l8_minus90_LC80310382019208LGN00.tif,l8_minus360_LC80310382018301LGN00.tif
ang20191025t174619-A,l8_minus90_LC80310382019208LGN00.tif,l8_minus360_LC80310382018301LGN00.tif
ang20191025t174619-B,l8_minus90_LC80310382019208LGN00.tif,l8_minus360_LC80310382018301LGN00.tif
ang20191025t182152-3,l8_minus90_LC80310382019208LGN00.tif,l8_minus360_LC80310382018301LGN00.tif
ang20191025t182152-A,l8_minus90_LC80310382019208LGN00.tif,l8_minus360_LC80310382018301LGN00.tif
ang20191025t182152-B,l8_minus90_LC80310382019208LGN00.tif,l8_minus360_LC80310382018301LGN00.tif
ang20191025t182152-C,l8_minus90_LC80310382019208LGN00.tif,l8_minus360_LC80310382018301LGN00.tif
ang20191025t182152-D,l8_minus90_LC80310382019208LGN00.tif,l8_minus360_LC80310382018301LGN00.tif
ang20191025t184057-A,l8_minus90_LC80310382019208LGN00.tif,l8_minus360_LC80310382018301LGN00.tif
ang20191025t185816-A,l8_minus90_LC80310382019208LGN00.tif,l8_minus360_LC80310382018301LGN00.tif
ang20191025t185816-B,l8_minus90_LC80310382019208LGN00.tif,l8_minus360_LC80310382018301LGN00.tif
ang20191025t185816-D,l8_minus90_LC80310382019208LGN00.tif,l8_minus360_LC80310382018301LGN00.tif
ang20191025t185816-E,l8_minus90_LC80310382019208LGN00.tif,l8_minus360_LC80310382018301LGN00.tif
ang20191025t185816-F,l8_minus90_LC80310382019208LGN00.tif,l8_minus360_LC80310382018301LGN00.tif
ang20191025t191752-2,l8_minus90_LC80310382019208LGN00.tif,l8_minus360_LC80310382018301LGN00.tif
ang20191025t191752-3,l8_minus90_LC80310382019208LGN00.tif,l8_minus360_LC80310382018301LGN00.tif
ang20191025t191752-A,l8_minus90_LC80310382019208LGN00.tif,l8_minus360_LC80310382018301LGN00.tif
ang20191025t191752-B,l8_minus90_LC80310382019208LGN00.tif,l8_minus360_LC80310382018301LGN00.tif
ang20191025t191752-C,l8_minus90_LC80310382019208LGN00.tif,l8_minus360_LC80310382018301LGN00.tif
ang20191025t191752-D,l8_minus90_LC80310382019208LGN00.tif,l8_minus360_LC80310382018301LGN00.tif
ang20191025t193513-A,l8_minus90_LC80310382019208LGN00.tif,l8_minus360_LC80310382018301LGN00.tif
ang20191025t193513-B,l8_minus90_LC80310382019208LGN00.tif,l8_minus360_LC80310382018301LGN00.tif
ang20191025t193513-C,l8_minus90_LC80310382019208LGN00.tif,l8_minus360_LC80310382018301LGN00.tif
ang20191025t195446-A,l8_minus90_LC80310382019208LGN00.tif,l8_minus360_LC80310382018301LGN00.tif
ang20191025t195446-B,l8_minus90_LC80310382019208LGN00.tif,l8_minus360_LC80310382018301LGN00.tif
ang20191025t195446-C,l8_minus90_LC80310382019208LGN00.tif,l8_minus360_LC80310382018301LGN00.tif
ang20191025t195446-D,l8_minus90_LC80310382019208LGN00.tif,l8_minus360_LC80310382018301LGN00.tif
ang20191025t195446-E,l8_minus90_LC80310382019208LGN00.tif,l8_minus360_LC80310382018301LGN00.tif
ang20191025t195446-F,l8_minus90_LC80310382019208LGN00.tif,l8_minus360_LC80310382018301LGN00.tif
ang20191025t195446-G,l8_minus90_LC80310382019208LGN00.tif,l8_minus360_LC80310382018301LGN00.tif
ang20191025t203400-A,l8_minus90_LC80310382019208LGN00.tif,l8_minus360_LC80310382018301LGN00.tif
ang20191025t205201-A,l8_minus90_LC80310382019208LGN00.tif,l8_minus360_LC80310382018301LGN00.tif
ang20191025t205201-B,l8_minus90_LC80310382019208LGN00.tif,l8_minus360_LC80310382018301LGN00.tif
ang20191025t205201-C,l8_minus90_LC80310382019208LGN00.tif,l8_minus360_LC80310382018301LGN00.tif
ang20200708t192518-1,l8_minus90_LC80410362020105LGN00.tif,l8_minus360_LC80410362019198LGN00.tif
ang20200708t192518-A,l8_minus90_LC80410362020105LGN00.tif,l8_minus360_LC80410362019198LGN00.tif
ang20200708t200101-1,l8_minus90_LC80420362020112LGN00.tif,l8_minus360_LC80420362019205LGN00.tif
ang20200708t200101-A,l8_minus90_LC80420362020112LGN00.tif,l8_minus360_LC80420362019205LGN00.tif
ang20200708t200101-B,l8_minus90_LC80420362020112LGN00.tif,l8_minus360_LC80420362019205LGN00.tif
ang20200708t200905-1,l8_minus90_LC80420362020112LGN00.tif,l8_minus360_LC80420352019189LGN00.tif
ang20200708t200905-A,l8_minus90_LC80420362020112LGN00.tif,l8_minus360_LC80420352019189LGN00.tif
ang20200708t200905-B,l8_minus90_LC80420362020112LGN00.tif,l8_minus360_LC80420352019189LGN00.tif
ang20200708t201547-A,l8_minus90_LC80410362020105LGN00.tif,l8_minus360_LC80420362019205LGN00.tif
ang20200708t201547-B,l8_minus90_LC80410362020105LGN00.tif,l8_minus360_LC80420362019205LGN00.tif
ang20200708t202321-1,l8_minus90_LC80410362020105LGN00.tif,l8_minus360_LC80420362019205LGN00.tif
ang20200708t202321-2,l8_minus90_LC80410362020105LGN00.tif,l8_minus360_LC80420362019205LGN00.tif
ang20200708t202321-B,l8_minus90_LC80410362020105LGN00.tif,l8_minus360_LC80420362019205LGN00.tif
ang20200708t202321-C,l8_minus90_LC80410362020105LGN00.tif,l8_minus360_LC80420362019205LGN00.tif
ang20200708t202321-D,l8_minus90_LC80410362020105LGN00.tif,l8_minus360_LC80420362019205LGN00.tif
ang20200708t202321-E,l8_minus90_LC80410362020105LGN00.tif,l8_minus360_LC80420362019205LGN00.tif
ang20200708t202321-F,l8_minus90_LC80410362020105LGN00.tif,l8_minus360_LC80420362019205LGN00.tif
ang20200708t203038-1,l8_minus90_LC80410362020105LGN00.tif,l8_minus360_LC80420362019205LGN00.tif
ang20200708t203038-A,l8_minus90_LC80410362020105LGN00.tif,l8_minus360_LC80420362019205LGN00.tif
ang20200708t203038-C,l8_minus90_LC80410362020105LGN00.tif,l8_minus360_LC80420362019205LGN00.tif
ang20200708t203038-D,l8_minus90_LC80410362020105LGN00.tif,l8_minus360_LC80420362019205LGN00.tif
ang20200708t204153-5,l8_minus90_LC80410362020105LGN00.tif,l8_minus360_LC80420362019205LGN00.tif
ang20200708t204153-A,l8_minus90_LC80410362020105LGN00.tif,l8_minus360_LC80420362019205LGN00.tif
ang20200708t204153-B,l8_minus90_LC80410362020105LGN00.tif,l8_minus360_LC80420362019205LGN00.tif
ang20200708t204153-C,l8_minus90_LC80410362020105LGN00.tif,l8_minus360_LC80420362019205LGN00.tif
ang20200708t204153-D,l8_minus90_LC80410362020105LGN00.tif,l8_minus360_LC80420362019205LGN00.tif
ang20200708t205253-A,l8_minus90_LC80410362020105LGN00.tif,l8_minus360_LC80420362019205LGN00.tif
ang20200708t205253-B,l8_minus90_LC80410362020105LGN00.tif,l8_minus360_LC80420362019205LGN00.tif
ang20200708t205253-C,l8_minus90_LC80410362020105LGN00.tif,l8_minus360_LC80420362019205LGN00.tif
ang20200708t210329-A,l8_minus90_LC80410362020105LGN00.tif,l8_minus360_LC80410362019198LGN00.tif
ang20200708t212342-A,l8_minus90_LC80410362020105LGN00.tif,l8_minus360_LC80410362019198LGN00.tif
ang20200709t200904-1,l8_minus90_LC80410362020105LGN00.tif,l8_minus360_LC80410362019198LGN00.tif
ang20200709t201958-1,l8_minus90_LC80410362020105LGN00.tif,l8_minus360_LC80410362019198LGN00.tif
ang20200709t203053-2,l8_minus90_LC80410362020105LGN00.tif,l8_minus360_LC80410362019198LGN00.tif
ang20200709t204216-1,l8_minus90_LC80410362020105LGN00.tif,l8_minus360_LC80410362019198LGN00.tif
ang20200709t204216-A,l8_minus90_LC80410362020105LGN00.tif,l8_minus360_LC80410362019198LGN00.tif
ang20200709t204216-B,l8_minus90_LC80410362020105LGN00.tif,l8_minus360_LC80410362019198LGN00.tif
ang20200709t205211-1,l8_minus90_LC80410362020105LGN00.tif,l8_minus360_LC80410362019198LGN00.tif
ang20200709t205211-3,l8_minus90_LC80410362020105LGN00.tif,l8_minus360_LC80410362019198LGN00.tif
ang20200709t205211-5,l8_minus90_LC80410362020105LGN00.tif,l8_minus360_LC80410362019198LGN00.tif
ang20200709t205211-B,l8_minus90_LC80410362020105LGN00.tif,l8_minus360_LC80410362019198LGN00.tif
ang20200709t205211-C,l8_minus90_LC80410362020105LGN00.tif,l8_minus360_LC80410362019198LGN00.tif
ang20200709t205211-D,l8_minus90_LC80410362020105LGN00.tif,l8_minus360_LC80410362019198LGN00.tif
ang20200709t210220-1,l8_minus90_LC80410362020105LGN00.tif,l8_minus360_LC80410362019198LGN00.tif
ang20200709t210220-2,l8_minus90_LC80410362020105LGN00.tif,l8_minus360_LC80410362019198LGN00.tif
ang20200709t210220-3,l8_minus90_LC80410362020105LGN00.tif,l8_minus360_LC80410362019198LGN00.tif
ang20200709t210220-4,l8_minus90_LC80410362020105LGN00.tif,l8_minus360_LC80410362019198LGN00.tif
ang20200709t210220-A,l8_minus90_LC80410362020105LGN00.tif,l8_minus360_LC80410362019198LGN00.tif
ang20200709t210220-B,l8_minus90_LC80410362020105LGN00.tif,l8_minus360_LC80410362019198LGN00.tif
ang20200709t210220-D,l8_minus90_LC80410362020105LGN00.tif,l8_minus360_LC80410362019198LGN00.tif
ang20200709t210220-F,l8_minus90_LC80410362020105LGN00.tif,l8_minus360_LC80410362019198LGN00.tif
ang20200709t211401-1,l8_minus90_LC80410362020105LGN00.tif,l8_minus360_LC80410362019198LGN00.tif
ang20200709t212243-1,l8_minus90_LC80410362020105LGN00.tif,l8_minus360_LC80410362019198LGN00.tif
ang20200709t212858-1,l8_minus90_LC80410362020105LGN00.tif,l8_minus360_LC80410362019198LGN00.tif
ang20200709t213509-A,l8_minus90_LC80410362020105LGN00.tif,l8_minus360_LC80410362019198LGN00.tif
ang20200709t214232-A,l8_minus90_LC80410362020105LGN00.tif,l8_minus360_LC80410362019198LGN00.tif
ang20200709t214232-B,l8_minus90_LC80410362020105LGN00.tif,l8_minus360_LC80410362019198LGN00.tif
ang20200709t214232-C,l8_minus90_LC80410362020105LGN00.tif,l8_minus360_LC80410362019198LGN00.tif
ang20200709t215700-A,l8_minus90_LC80410362020105LGN00.tif,l8_minus360_LC80410362019198LGN00.tif
ang20200709t215700-B,l8_minus90_LC80410362020105LGN00.tif,l8_minus360_LC80410362019198LGN00.tif
ang20200709t221850-A,l8_minus90_LC80410362020105LGN00.tif,l8_minus360_LC80410362019198LGN00.tif
ang20200709t223021-A,l8_minus90_LC80410362020105LGN00.tif,l8_minus360_LC80410362019198LGN00.tif
ang20200709t223916-1,l8_minus90_LC80410362020105LGN00.tif,l8_minus360_LC80410362019198LGN00.tif
ang20200709t223916-2,l8_minus90_LC80410362020105LGN00.tif,l8_minus360_LC80410362019198LGN00.tif
ang20200709t224635-2,l8_minus90_LC80410362020105LGN00.tif,l8_minus360_LC80410362019198LGN00.tif
ang20200714t185842-A,l8_minus90_LC80410362020105LGN00.tif,l8_minus360_LC80410362019198LGN00.tif
ang20200714t185842-B,l8_minus90_LC80410362020105LGN00.tif,l8_minus360_LC80410362019198LGN00.tif
ang20200714t191304-1,l8_minus90_LC80410362020105LGN00.tif,l8_minus360_LC80410362019198LGN00.tif
ang20200714t191304-A,l8_minus90_LC80410362020105LGN00.tif,l8_minus360_LC80410362019198LGN00.tif
ang20200714t191304-B,l8_minus90_LC80410362020105LGN00.tif,l8_minus360_LC80410362019198LGN00.tif
ang20200714t191304-C,l8_minus90_LC80410362020105LGN00.tif,l8_minus360_LC80410362019198LGN00.tif
ang20200714t192012-A,l8_minus90_LC80410362020105LGN00.tif,l8_minus360_LC80410362019198LGN00.tif
ang20200714t193018-2,l8_minus90_LC80410362020105LGN00.tif,l8_minus360_LC80410362019198LGN00.tif
ang20200714t193018-B,l8_minus90_LC80410362020105LGN00.tif,l8_minus360_LC80410362019198LGN00.tif
ang20200714t194141-A,l8_minus90_LC80410362020105LGN00.tif,l8_minus360_LC80410362019198LGN00.tif
ang20200714t195323-A,l8_minus90_LC80410362020105LGN00.tif,l8_minus360_LC80410362019198LGN00.tif
ang20200714t201525-A,l8_minus90_LC80410362020105LGN00.tif,l8_minus360_LC80410362019198LGN00.tif
ang20200714t203015-A,l8_minus90_LC80410362020105LGN00.tif,l8_minus360_LC80410362019198LGN00.tif
ang20200714t203015-B,l8_minus90_LC80410362020105LGN00.tif,l8_minus360_LC80410362019198LGN00.tif
ang20200714t203512-A,l8_minus90_LC80410362020105LGN00.tif,l8_minus360_LC80410362019198LGN00.tif
ang20200714t204231-A,l8_minus90_LC80410362020105LGN00.tif,l8_minus360_LC80410362019198LGN00.tif
ang20200714t204231-B,l8_minus90_LC80410362020105LGN00.tif,l8_minus360_LC80410362019198LGN00.tif
ang20200714t204231-C,l8_minus90_LC80410362020105LGN00.tif,l8_minus360_LC80410362019198LGN00.tif
ang20200714t204945-A,l8_minus90_LC80410362020105LGN00.tif,l8_minus360_LC80410362019198LGN00.tif
ang20200714t205802-A,l8_minus90_LC80410362020105LGN00.tif,l8_minus360_LC80410362019198LGN00.tif
ang20200714t210451-A,l8_minus90_LC80410362020105LGN00.tif,l8_minus360_LC80410362019198LGN00.tif
ang20200714t210451-B,l8_minus90_LC80410362020105LGN00.tif,l8_minus360_LC80410362019198LGN00.tif
ang20200715t172416-1,l8_minus90_LC80410362020105LGN00.tif,l8_minus360_LC80420362019205LGN00.tif
ang20200715t172416-2,l8_minus90_LC80410362020105LGN00.tif,l8_minus360_LC80420362019205LGN00.tif
ang20200715t172416-A,l8_minus90_LC80410362020105LGN00.tif,l8_minus360_LC80420362019205LGN00.tif
ang20200715t173048-1,l8_minus90_LC80410362020105LGN00.tif,l8_minus360_LC80420362019205LGN00.tif
ang20200715t173048-2,l8_minus90_LC80410362020105LGN00.tif,l8_minus360_LC80420362019205LGN00.tif
ang20200715t175235-2,l8_minus90_LC80410362020105LGN00.tif,l8_minus360_LC80420362019205LGN00.tif
ang20200715t180110-A,l8_minus90_LC80410362020105LGN00.tif,l8_minus360_LC80420362019205LGN00.tif
ang20200715t181148-1,l8_minus90_LC80410362020105LGN00.tif,l8_minus360_LC80420362019205LGN00.tif
ang20200715t182251-1,l8_minus90_LC80410362020105LGN00.tif,l8_minus360_LC80420362019205LGN00.tif
ang20200715t182251-2,l8_minus90_LC80410362020105LGN00.tif,l8_minus360_LC80420362019205LGN00.tif
ang20200715t182251-A,l8_minus90_LC80410362020105LGN00.tif,l8_minus360_LC80420362019205LGN00.tif
ang20200715t182251-B,l8_minus90_LC80410362020105LGN00.tif,l8_minus360_LC80420362019205LGN00.tif
ang20200715t182251-C,l8_minus90_LC80410362020105LGN00.tif,l8_minus360_LC80420362019205LGN00.tif
ang20200715t182251-D,l8_minus90_LC80410362020105LGN00.tif,l8_minus360_LC80420362019205LGN00.tif
ang20200715t182251-E,l8_minus90_LC80410362020105LGN00.tif,l8_minus360_LC80420362019205LGN00.tif
ang20200715t183307-1,l8_minus90_LC80410362020105LGN00.tif,l8_minus360_LC80420362019205LGN00.tif
ang20200715t183307-2,l8_minus90_LC80410362020105LGN00.tif,l8_minus360_LC80420362019205LGN00.tif
ang20200715t183307-A,l8_minus90_LC80410362020105LGN00.tif,l8_minus360_LC80420362019205LGN00.tif
ang20200715t184303-A,l8_minus90_LC80410362020105LGN00.tif,l8_minus360_LC80420362019205LGN00.tif
ang20200715t185230-1,l8_minus90_LC80410362020105LGN00.tif,l8_minus360_LC80420362019205LGN00.tif
ang20200715t185230-A,l8_minus90_LC80410362020105LGN00.tif,l8_minus360_LC80420362019205LGN00.tif
ang20200715t190130-1,l8_minus90_LC80410362020105LGN00.tif,l8_minus360_LC80420362019205LGN00.tif
ang20200715t191912-1,l8_minus90_LC80410362020105LGN00.tif,l8_minus360_LC80420362019205LGN00.tif
ang20200715t191912-A,l8_minus90_LC80410362020105LGN00.tif,l8_minus360_LC80420362019205LGN00.tif
ang20200715t192720-A,l8_minus90_LC80410362020105LGN00.tif,l8_minus360_LC80420362019205LGN00.tif
ang20200716t200550-A,l8_minus90_LC80410362020105LGN00.tif,l8_minus360_LC80420362019205LGN00.tif
ang20200716t201734-A,l8_minus90_LC80410362020105LGN00.tif,l8_minus360_LC80420362019205LGN00.tif
ang20200716t201734-B,l8_minus90_LC80410362020105LGN00.tif,l8_minus360_LC80420362019205LGN00.tif
ang20200716t202023-1,l8_minus90_LC80410362020105LGN00.tif,l8_minus360_LC80420362019205LGN00.tif
ang20200716t204525-1,l8_minus90_LC80410362020105LGN00.tif,l8_minus360_LC80420362019205LGN00.tif
ang20200716t205515-1,l8_minus90_LC80410362020105LGN00.tif,l8_minus360_LC80420362019205LGN00.tif
ang20200716t210746-1,l8_minus90_LC80410362020105LGN00.tif,l8_minus360_LC80420362019205LGN00.tif
ang20200720t193827-A,l8_minus90_LC80420362020112LGN00.tif,l8_minus360_LC80420362019205LGN00.tif
ang20200720t200228-1,l8_minus90_LC80420362020112LGN00.tif,l8_minus360_LC80420362019205LGN00.tif
ang20200720t203444-A,l8_minus90_LC80420362020112LGN00.tif,l8_minus360_LC80420362019205LGN00.tif
ang20200720t204136-1,l8_minus90_LC80420362020112LGN00.tif,l8_minus360_LC80420362019205LGN00.tif
ang20200720t204136-A,l8_minus90_LC80420362020112LGN00.tif,l8_minus360_LC80420362019205LGN00.tif
ang20200720t204136-B,l8_minus90_LC80420362020112LGN00.tif,l8_minus360_LC80420362019205LGN00.tif
ang20200722t185211-1,l8_minus90_LC80420362020112LGN00.tif,l8_minus360_LC80420362019205LGN00.tif
ang20200722t185211-B,l8_minus90_LC80420362020112LGN00.tif,l8_minus360_LC80420362019205LGN00.tif
ang20200722t191641-1,l8_minus90_LC80420362020112LGN00.tif,l8_minus360_LC80420362019205LGN00.tif
ang20200722t192809-1,l8_minus90_LC80420362020112LGN00.tif,l8_minus360_LC80420362019205LGN00.tif
ang20200722t192809-A,l8_minus90_LC80420362020112LGN00.tif,l8_minus360_LC80420362019205LGN00.tif
ang20200722t193838-1,l8_minus90_LC80420362020112LGN00.tif,l8_minus360_LC80420362019205LGN00.tif
ang20200722t193838-2,l8_minus90_LC80420362020112LGN00.tif,l8_minus360_LC80420362019205LGN00.tif
ang20200722t193838-3,l8_minus90_LC80420362020112LGN00.tif,l8_minus360_LC80420362019205LGN00.tif
ang20200722t193838-A,l8_minus90_LC80420362020112LGN00.tif,l8_minus360_LC80420362019205LGN00.tif
ang20200722t193838-B,l8_minus90_LC80420362020112LGN00.tif,l8_minus360_LC80420362019205LGN00.tif
ang20200722t193838-C,l8_minus90_LC80420362020112LGN00.tif,l8_minus360_LC80420362019205LGN00.tif
ang20200722t193838-D,l8_minus90_LC80420362020112LGN00.tif,l8_minus360_LC80420362019205LGN00.tif
ang20200722t193838-E,l8_minus90_LC80420362020112LGN00.tif,l8_minus360_LC80420362019205LGN00.tif
ang20200722t194928-A,l8_minus90_LC80420362020112LGN00.tif,l8_minus360_LC80420362019205LGN00.tif
ang20200722t194928-B,l8_minus90_LC80420362020112LGN00.tif,l8_minus360_LC80420362019205LGN00.tif
ang20200722t203331-1,l8_minus90_LC80420362020112LGN00.tif,l8_minus360_LC80420362019205LGN00.tif
ang20200722t203331-A,l8_minus90_LC80420362020112LGN00.tif,l8_minus360_LC80420362019205LGN00.tif
ang20200722t204309-A,l8_minus90_LC80420362020112LGN00.tif,l8_minus360_LC80420362019205LGN00.tif
ang20200722t205154-A,l8_minus90_LC80420362020112LGN00.tif,l8_minus360_LC80420362019205LGN00.tif
ang20200722t205946-A,l8_minus90_LC80420362020112LGN00.tif,l8_minus360_LC80420362019205LGN00.tif
ang20200722t212023-2,l8_minus90_LC80420362020112LGN00.tif,l8_minus360_LC80420362019205LGN00.tif
ang20200722t213100-A,l8_minus90_LC80420362020112LGN00.tif,l8_minus360_LC80420362019205LGN00.tif
ang20200722t213100-B,l8_minus90_LC80420362020112LGN00.tif,l8_minus360_LC80420362019205LGN00.tif
ang20200722t213100-C,l8_minus90_LC80420362020112LGN00.tif,l8_minus360_LC80420362019205LGN00.tif
ang20200722t213100-D,l8_minus90_LC80420362020112LGN00.tif,l8_minus360_LC80420362019205LGN00.tif
ang20200722t221430-A,l8_minus90_LC80420362020112LGN00.tif,l8_minus360_LC80420362019205LGN00.tif
ang20200722t222512-B,l8_minus90_LC80420362020112LGN00.tif,l8_minus360_LC80420362019205LGN00.tif
ang20200722t222512-C,l8_minus90_LC80420362020112LGN00.tif,l8_minus360_LC80420362019205LGN00.tif
ang20200722t223205-A,l8_minus90_LC80420362020112LGN00.tif,l8_minus360_LC80420362019205LGN00.tif
ang20200722t223833-A,l8_minus90_LC80420362020112LGN00.tif,l8_minus360_LC80420362019205LGN00.tif
ang20200722t223833-B,l8_minus90_LC80420362020112LGN00.tif,l8_minus360_LC80420362019205LGN00.tif
ang20200723t185725-1,l8_minus90_LC80420362020112LGN00.tif,l8_minus360_LC80420362019205LGN00.tif
ang20200723t185725-A,l8_minus90_LC80420362020112LGN00.tif,l8_minus360_LC80420362019205LGN00.tif
ang20200723t190808-A,l8_minus90_LC80420362020112LGN00.tif,l8_minus360_LC80420362019205LGN00.tif
ang20200723t190808-B,l8_minus90_LC80420362020112LGN00.tif,l8_minus360_LC80420362019205LGN00.tif
ang20200723t190808-C,l8_minus90_LC80420362020112LGN00.tif,l8_minus360_LC80420362019205LGN00.tif
ang20200723t190808-D,l8_minus90_LC80420362020112LGN00.tif,l8_minus360_LC80420362019205LGN00.tif
ang20200723t190808-E,l8_minus90_LC80420362020112LGN00.tif,l8_minus360_LC80420362019205LGN00.tif
ang20200723t191751-1,l8_minus90_LC80420362020112LGN00.tif,l8_minus360_LC80420362019205LGN00.tif
ang20200723t191751-2,l8_minus90_LC80420362020112LGN00.tif,l8_minus360_LC80420362019205LGN00.tif
ang20200723t191751-A,l8_minus90_LC80420362020112LGN00.tif,l8_minus360_LC80420362019205LGN00.tif
ang20200723t191751-B,l8_minus90_LC80420362020112LGN00.tif,l8_minus360_LC80420362019205LGN00.tif
ang20200723t191751-C,l8_minus90_LC80420362020112LGN00.tif,l8_minus360_LC80420362019205LGN00.tif
ang20200723t191751-D,l8_minus90_LC80420362020112LGN00.tif,l8_minus360_LC80420362019205LGN00.tif
ang20200723t191751-E,l8_minus90_LC80420362020112LGN00.tif,l8_minus360_LC80420362019205LGN00.tif
ang20200723t191751-F,l8_minus90_LC80420362020112LGN00.tif,l8_minus360_LC80420362019205LGN00.tif
ang20200723t194549-A,l8_minus90_LC80420362020112LGN00.tif,l8_minus360_LC80420362019205LGN00.tif
ang20200723t195410-1,l8_minus90_LC80420362020112LGN00.tif,l8_minus360_LC80420362019205LGN00.tif
ang20200723t200953-1,l8_minus90_LC80420362020112LGN00.tif,l8_minus360_LC80420362019205LGN00.tif
ang20200723t200953-A,l8_minus90_LC80420362020112LGN00.tif,l8_minus360_LC80420362019205LGN00.tif
ang20200723t201724-A,l8_minus90_LC80420362020112LGN00.tif,l8_minus360_LC80420362019205LGN00.tif
ang20200723t202628-2,l8_minus90_LC80420362020112LGN00.tif,l8_minus360_LC80420362019205LGN00.tif
ang20200723t202628-A,l8_minus90_LC80420362020112LGN00.tif,l8_minus360_LC80420362019205LGN00.tif
ang20200723t202628-B,l8_minus90_LC80420362020112LGN00.tif,l8_minus360_LC80420362019205LGN00.tif
ang20200723t202628-C,l8_minus90_LC80420362020112LGN00.tif,l8_minus360_LC80420362019205LGN00.tif
ang20200723t202628-D,l8_minus90_LC80420362020112LGN00.tif,l8_minus360_LC80420362019205LGN00.tif
ang20200723t203734-1,l8_minus90_LC80420362020112LGN00.tif,l8_minus360_LC80420362019205LGN00.tif
ang20200723t203734-A,l8_minus90_LC80420362020112LGN00.tif,l8_minus360_LC80420362019205LGN00.tif
ang20200723t204848-A,l8_minus90_LC80420362020112LGN00.tif,l8_minus360_LC80420362019205LGN00.tif
ang20200723t204848-B,l8_minus90_LC80420362020112LGN00.tif,l8_minus360_LC80420362019205LGN00.tif
ang20200723t204848-C,l8_minus90_LC80420362020112LGN00.tif,l8_minus360_LC80420362019205LGN00.tif
ang20200723t210315-A,l8_minus90_LC80420362020112LGN00.tif,l8_minus360_LC80420362019205LGN00.tif
ang20200723t213727-A,l8_minus90_LC80420362020112LGN00.tif,l8_minus360_LC80420362019205LGN00.tif
ang20200723t213727-B,l8_minus90_LC80420362020112LGN00.tif,l8_minus360_LC80420362019205LGN00.tif
ang20200723t213727-C,l8_minus90_LC80420362020112LGN00.tif,l8_minus360_LC80420362019205LGN00.tif
ang20200723t215131-A,l8_minus90_LC80420362020112LGN00.tif,l8_minus360_LC80420362019205LGN00.tif
ang20200723t215812-A,l8_minus90_LC80420362020112LGN00.tif,l8_minus360_LC80420362019205LGN00.tif
ang20200724t194044-A,l8_minus90_LC80420362020112LGN00.tif,l8_minus360_LC80420362019205LGN00.tif
ang20200724t194044-B,l8_minus90_LC80420362020112LGN00.tif,l8_minus360_LC80420362019205LGN00.tif
ang20200724t194647-A,l8_minus90_LC80420362020112LGN00.tif,l8_minus360_LC80420362019205LGN00.tif
ang20200724t195216-1,l8_minus90_LC80420362020112LGN00.tif,l8_minus360_LC80420362019205LGN00.tif
ang20200724t195657-1,l8_minus90_LC80420362020112LGN00.tif,l8_minus360_LC80420362019205LGN00.tif
ang20200724t200147-2,l8_minus90_LC80420362020112LGN00.tif,l8_minus360_LC80420362019205LGN00.tif
ang20200724t200147-A,l8_minus90_LC80420362020112LGN00.tif,l8_minus360_LC80420362019205LGN00.tif
ang20200724t200936-1,l8_minus90_LC80420362020112LGN00.tif,l8_minus360_LC80420362019205LGN00.tif
ang20200724t200936-2,l8_minus90_LC80420362020112LGN00.tif,l8_minus360_LC80420362019205LGN00.tif
ang20200724t200936-3,l8_minus90_LC80420362020112LGN00.tif,l8_minus360_LC80420362019205LGN00.tif
ang20200724t200936-4,l8_minus90_LC80420362020112LGN00.tif,l8_minus360_LC80420362019205LGN00.tif
ang20200724t200936-6,l8_minus90_LC80420362020112LGN00.tif,l8_minus360_LC80420362019205LGN00.tif
ang20200724t200936-7,l8_minus90_LC80420362020112LGN00.tif,l8_minus360_LC80420362019205LGN00.tif
ang20200724t200936-B,l8_minus90_LC80420362020112LGN00.tif,l8_minus360_LC80420362019205LGN00.tif
ang20200724t200936-C,l8_minus90_LC80420362020112LGN00.tif,l8_minus360_LC80420362019205LGN00.tif
ang20200724t202111-1,l8_minus90_LC80420362020112LGN00.tif,l8_minus360_LC80420362019205LGN00.tif
ang20200724t202111-2,l8_minus90_LC80420362020112LGN00.tif,l8_minus360_LC80420362019205LGN00.tif
ang20200724t202111-3,l8_minus90_LC80420362020112LGN00.tif,l8_minus360_LC80420362019205LGN00.tif
ang20200724t202111-4,l8_minus90_LC80420362020112LGN00.tif,l8_minus360_LC80420362019205LGN00.tif
ang20200724t203238-1,l8_minus90_LC80420362020112LGN00.tif,l8_minus360_LC80420362019205LGN00.tif
ang20200724t203238-2,l8_minus90_LC80420362020112LGN00.tif,l8_minus360_LC80420362019205LGN00.tif
ang20200724t203238-3,l8_minus90_LC80420362020112LGN00.tif,l8_minus360_LC80420362019205LGN00.tif
ang20200724t203238-4,l8_minus90_LC80420362020112LGN00.tif,l8_minus360_LC80420362019205LGN00.tif
ang20200724t203238-5,l8_minus90_LC80420362020112LGN00.tif,l8_minus360_LC80420362019205LGN00.tif
ang20200724t203238-6,l8_minus90_LC80420362020112LGN00.tif,l8_minus360_LC80420362019205LGN00.tif
ang20200724t204341-1,l8_minus90_LC80420362020112LGN00.tif,l8_minus360_LC80420362019205LGN00.tif
ang20200724t204341-A,l8_minus90_LC80420362020112LGN00.tif,l8_minus360_LC80420362019205LGN00.tif
ang20200724t210514-1,l8_minus90_LC80420362020112LGN00.tif,l8_minus360_LC80420362019205LGN00.tif
ang20200724t210514-2,l8_minus90_LC80420362020112LGN00.tif,l8_minus360_LC80420362019205LGN00.tif
ang20200724t210514-B,l8_minus90_LC80420362020112LGN00.tif,l8_minus360_LC80420362019205LGN00.tif
ang20200724t211348-1,l8_minus90_LC80420362020112LGN00.tif,l8_minus360_LC80420362019205LGN00.tif
ang20200724t211348-A,l8_minus90_LC80420362020112LGN00.tif,l8_minus360_LC80420362019205LGN00.tif
ang20200724t212216-1,l8_minus90_LC80420362020112LGN00.tif,l8_minus360_LC80420362019205LGN00.tif
ang20200724t212216-2,l8_minus90_LC80420362020112LGN00.tif,l8_minus360_LC80420362019205LGN00.tif
ang20200724t212216-A,l8_minus90_LC80420362020112LGN00.tif,l8_minus360_LC80420362019205LGN00.tif
ang20200724t212216-B,l8_minus90_LC80420362020112LGN00.tif,l8_minus360_LC80420362019205LGN00.tif
ang20200724t215129-A,l8_minus90_LC80420362020112LGN00.tif,l8_minus360_LC80420362019205LGN00.tif
ang20200724t220102-1,l8_minus90_LC80420362020112LGN00.tif,l8_minus360_LC80420362019205LGN00.tif
ang20200727t201204-1,l8_minus90_LC80420362020112LGN00.tif,l8_minus360_LC80420362019205LGN00.tif
ang20200727t201204-A,l8_minus90_LC80420362020112LGN00.tif,l8_minus360_LC80420362019205LGN00.tif
ang20200727t202045-2,l8_minus90_LC80420362020112LGN00.tif,l8_minus360_LC80420362019205LGN00.tif
ang20200727t202045-A,l8_minus90_LC80420362020112LGN00.tif,l8_minus360_LC80420362019205LGN00.tif
ang20200727t202045-B,l8_minus90_LC80420362020112LGN00.tif,l8_minus360_LC80420362019205LGN00.tif
ang20200727t202045-C,l8_minus90_LC80420362020112LGN00.tif,l8_minus360_LC80420362019205LGN00.tif
ang20200727t210728-1,l8_minus90_LC80420362020112LGN00.tif,l8_minus360_LC80420362019205LGN00.tif
ang20200727t210728-A,l8_minus90_LC80420362020112LGN00.tif,l8_minus360_LC80420362019205LGN00.tif
ang20200727t210728-B,l8_minus90_LC80420362020112LGN00.tif,l8_minus360_LC80420362019205LGN00.tif
ang20200727t210728-C,l8_minus90_LC80420362020112LGN00.tif,l8_minus360_LC80420362019205LGN00.tif
ang20200727t210728-D,l8_minus90_LC80420362020112LGN00.tif,l8_minus360_LC80420362019205LGN00.tif
ang20200727t211731-1,l8_minus90_LC80420362020112LGN00.tif,l8_minus360_LC80420362019205LGN00.tif
ang20200727t211731-2,l8_minus90_LC80420362020112LGN00.tif,l8_minus360_LC80420362019205LGN00.tif
ang20200727t211731-A,l8_minus90_LC80420362020112LGN00.tif,l8_minus360_LC80420362019205LGN00.tif
ang20200727t211731-B,l8_minus90_LC80420362020112LGN00.tif,l8_minus360_LC80420362019205LGN00.tif
ang20200727t212812-A,l8_minus90_LC80420362020112LGN00.tif,l8_minus360_LC80420362019205LGN00.tif
ang20200727t213828-1,l8_minus90_LC80420362020112LGN00.tif,l8_minus360_LC80420362019205LGN00.tif
ang20200727t213828-A,l8_minus90_LC80420362020112LGN00.tif,l8_minus360_LC80420362019205LGN00.tif
ang20200727t215412-A,l8_minus90_LC80420362020112LGN00.tif,l8_minus360_LC80420362019205LGN00.tif
ang20200727t221033-A,l8_minus90_LC80420362020112LGN00.tif,l8_minus360_LC80420362019205LGN00.tif
ang20200727t222844-1,l8_minus90_LC80420362020112LGN00.tif,l8_minus360_LC80420362019205LGN00.tif
ang20200727t222844-2,l8_minus90_LC80420362020112LGN00.tif,l8_minus360_LC80420362019205LGN00.tif
ang20200727t223549-1,l8_minus90_LC80420362020112LGN00.tif,l8_minus360_LC80420362019205LGN00.tif
ang20200727t223549-2,l8_minus90_LC80420362020112LGN00.tif,l8_minus360_LC80420362019205LGN00.tif
ang20200727t223549-3,l8_minus90_LC80420362020112LGN00.tif,l8_minus360_LC80420362019205LGN00.tif
ang20200804t193441-1,l8_minus90_LC80420362020112LGN00.tif,l8_minus360_LC80420362019205LGN00.tif
ang20200804t194007-3,l8_minus90_LC80420362020112LGN00.tif,l8_minus360_LC80420362019205LGN00.tif
ang20200804t194553-1,l8_minus90_LC80420362020112LGN00.tif,l8_minus360_LC80420362019205LGN00.tif
ang20200804t195317-1,l8_minus90_LC80420362020112LGN00.tif,l8_minus360_LC80420362019205LGN00.tif
ang20200804t195831-1,l8_minus90_LC80420362020112LGN00.tif,l8_minus360_LC80420362019205LGN00.tif
ang20200804t195831-2,l8_minus90_LC80420362020112LGN00.tif,l8_minus360_LC80420362019205LGN00.tif
ang20200804t195831-3,l8_minus90_LC80420362020112LGN00.tif,l8_minus360_LC80420362019205LGN00.tif
ang20200804t201219-1,l8_minus90_LC80420362020112LGN00.tif,l8_minus360_LC80420362019205LGN00.tif
ang20200804t201219-2,l8_minus90_LC80420362020112LGN00.tif,l8_minus360_LC80420362019205LGN00.tif
ang20200804t201219-A,l8_minus90_LC80420362020112LGN00.tif,l8_minus360_LC80420362019205LGN00.tif
ang20200804t201219-B,l8_minus90_LC80420362020112LGN00.tif,l8_minus360_LC80420362019205LGN00.tif
ang20200804t201219-C,l8_minus90_LC80420362020112LGN00.tif,l8_minus360_LC80420362019205LGN00.tif
ang20200804t202226-A,l8_minus90_LC80420362020112LGN00.tif,l8_minus360_LC80420362019205LGN00.tif
ang20200804t202226-B,l8_minus90_LC80420362020112LGN00.tif,l8_minus360_LC80420362019205LGN00.tif
ang20200804t202226-C,l8_minus90_LC80420362020112LGN00.tif,l8_minus360_LC80420362019205LGN00.tif
ang20200804t202226-D,l8_minus90_LC80420362020112LGN00.tif,l8_minus360_LC80420362019205LGN00.tif
ang20200804t203247-1,l8_minus90_LC80420362020112LGN00.tif,l8_minus360_LC80420362019205LGN00.tif
ang20200804t203247-2,l8_minus90_LC80420362020112LGN00.tif,l8_minus360_LC80420362019205LGN00.tif
ang20200804t203247-3,l8_minus90_LC80420362020112LGN00.tif,l8_minus360_LC80420362019205LGN00.tif
ang20200804t203247-4,l8_minus90_LC80420362020112LGN00.tif,l8_minus360_LC80420362019205LGN00.tif
ang20200804t203247-B,l8_minus90_LC80420362020112LGN00.tif,l8_minus360_LC80420362019205LGN00.tif
ang20200804t204511-1,l8_minus90_LC80420362020112LGN00.tif,l8_minus360_LC80420362019205LGN00.tif
ang20200804t204511-2,l8_minus90_LC80420362020112LGN00.tif,l8_minus360_LC80420362019205LGN00.tif
ang20200804t212328-1,l8_minus90_LC80420362020112LGN00.tif,l8_minus360_LC80420362019205LGN00.tif
ang20200804t213955-1,l8_minus90_LC80420362020112LGN00.tif,l8_minus360_LC80420362019205LGN00.tif
ang20200806t190857-A,l8_minus90_LC80420362020112LGN00.tif,l8_minus360_LC80420362019205LGN00.tif
ang20200806t191511-1,l8_minus90_LC80420362020112LGN00.tif,l8_minus360_LC80420362019205LGN00.tif
ang20200806t192545-A,l8_minus90_LC80420362020112LGN00.tif,l8_minus360_LC80420362019205LGN00.tif
ang20200806t193151-1,l8_minus90_LC80420362020112LGN00.tif,l8_minus360_LC80420362019205LGN00.tif
ang20200806t193708-1,l8_minus90_LC80420362020112LGN00.tif,l8_minus360_LC80420362019205LGN00.tif
ang20200806t193708-2,l8_minus90_LC80420362020112LGN00.tif,l8_minus360_LC80420362019205LGN00.tif
ang20200806t193708-A,l8_minus90_LC80420362020112LGN00.tif,l8_minus360_LC80420362019205LGN00.tif
ang20200806t195009-2,l8_minus90_LC80420362020112LGN00.tif,l8_minus360_LC80420362019205LGN00.tif
ang20200806t195009-3,l8_minus90_LC80420362020112LGN00.tif,l8_minus360_LC80420362019205LGN00.tif
ang20200806t195009-5,l8_minus90_LC80420362020112LGN00.tif,l8_minus360_LC80420362019205LGN00.tif
ang20200806t195009-A,l8_minus90_LC80420362020112LGN00.tif,l8_minus360_LC80420362019205LGN00.tif
ang20200806t195009-B,l8_minus90_LC80420362020112LGN00.tif,l8_minus360_LC80420362019205LGN00.tif
ang20200806t195953-1,l8_minus90_LC80420362020112LGN00.tif,l8_minus360_LC80420362019205LGN00.tif
ang20200806t195953-A,l8_minus90_LC80420362020112LGN00.tif,l8_minus360_LC80420362019205LGN00.tif
ang20200806t195953-B,l8_minus90_LC80420362020112LGN00.tif,l8_minus360_LC80420362019205LGN00.tif
ang20200806t195953-C,l8_minus90_LC80420362020112LGN00.tif,l8_minus360_LC80420362019205LGN00.tif
ang20200806t200954-1,l8_minus90_LC80420362020112LGN00.tif,l8_minus360_LC80420362019205LGN00.tif
ang20200806t200954-2,l8_minus90_LC80420362020112LGN00.tif,l8_minus360_LC80420362019205LGN00.tif
ang20200806t200954-4,l8_minus90_LC80420362020112LGN00.tif,l8_minus360_LC80420362019205LGN00.tif
ang20200806t200954-5,l8_minus90_LC80420362020112LGN00.tif,l8_minus360_LC80420362019205LGN00.tif
ang20200806t200954-6,l8_minus90_LC80420362020112LGN00.tif,l8_minus360_LC80420362019205LGN00.tif
ang20200806t200954-7,l8_minus90_LC80420362020112LGN00.tif,l8_minus360_LC80420362019205LGN00.tif
ang20200806t200954-A,l8_minus90_LC80420362020112LGN00.tif,l8_minus360_LC80420362019205LGN00.tif
ang20200806t200954-B,l8_minus90_LC80420362020112LGN00.tif,l8_minus360_LC80420362019205LGN00.tif
ang20200806t202154-1,l8_minus90_LC80420362020112LGN00.tif,l8_minus360_LC80420362019205LGN00.tif
ang20200806t203936-1,l8_minus90_LC80420362020112LGN00.tif,l8_minus360_LC80420362019205LGN00.tif
ang20200806t210538-A,l8_minus90_LC80420362020112LGN00.tif,l8_minus360_LC80420362019205LGN00.tif
ang20200807t214422-A,l8_minus90_LC80420362020112LGN00.tif,l8_minus360_LC80420362019205LGN00.tif
ang20200807t215721-1,l8_minus90_LC80420362020112LGN00.tif,l8_minus360_LC80420362019205LGN00.tif
ang20200814t184059-1,l8_minus90_LC80420362020112LGN00.tif,l8_minus360_LC80420362019205LGN00.tif
ang20200814t191007-A,l8_minus90_LC80420362020112LGN00.tif,l8_minus360_LC80420362019205LGN00.tif
ang20200825t202913-1,l8_minus90_LC80420362020144LGN00.tif,l8_minus360_LC80420352019237LGN00.tif
ang20200825t202913-A,l8_minus90_LC80420362020144LGN00.tif,l8_minus360_LC80420352019237LGN00.tif
ang20200825t203650-A,l8_minus90_LC80420362020144LGN00.tif,l8_minus360_LC80420352019237LGN00.tif
ang20200825t204604-A,l8_minus90_LC80420362020144LGN00.tif,l8_minus360_LC80420352019237LGN00.tif
ang20200825t204604-B,l8_minus90_LC80420362020144LGN00.tif,l8_minus360_LC80420352019237LGN00.tif
ang20200825t212126-A,l8_minus90_LC80410362020137LGN00.tif,l8_minus360_LC80410362019246LGN00.tif
ang20200825t212944-A,l8_minus90_LC80410362020137LGN00.tif,l8_minus360_LC80410362019246LGN00.tif
ang20200825t214130-A,l8_minus90_LC80410362020137LGN00.tif,l8_minus360_LC80410362019246LGN00.tif
ang20200828t183526-A,l8_minus90_LC80420362020144LGN00.tif,l8_minus360_LC80420352019237LGN00.tif
ang20200828t184223-A,l8_minus90_LC80420362020144LGN00.tif,l8_minus360_LC80420352019237LGN00.tif
ang20200828t185516-A,l8_minus90_LC80420362020144LGN00.tif,l8_minus360_LC80420352019237LGN00.tif
ang20200828t185516-B,l8_minus90_LC80420362020144LGN00.tif,l8_minus360_LC80420352019237LGN00.tif
ang20200828t185516-C,l8_minus90_LC80420362020144LGN00.tif,l8_minus360_LC80420352019237LGN00.tif
ang20200828t185516-D,l8_minus90_LC80420362020144LGN00.tif,l8_minus360_LC80420352019237LGN00.tif
ang20200828t190555-A,l8_minus90_LC80420362020144LGN00.tif,l8_minus360_LC80420352019237LGN00.tif
ang20200828t190555-B,l8_minus90_LC80420362020144LGN00.tif,l8_minus360_LC80420352019237LGN00.tif
ang20200828t191605-A,l8_minus90_LC80420362020144LGN00.tif,l8_minus360_LC80420352019237LGN00.tif
ang20200828t191605-B,l8_minus90_LC80420362020144LGN00.tif,l8_minus360_LC80420352019237LGN00.tif
ang20200828t191605-C,l8_minus90_LC80420362020144LGN00.tif,l8_minus360_LC80420352019237LGN00.tif
ang20200828t192559-A,l8_minus90_LC80420362020144LGN00.tif,l8_minus360_LC80420352019237LGN00.tif
ang20200828t192559-B,l8_minus90_LC80420362020144LGN00.tif,l8_minus360_LC80420352019237LGN00.tif
ang20200828t192559-C,l8_minus90_LC80420362020144LGN00.tif,l8_minus360_LC80420352019237LGN00.tif
ang20200828t194421-A,l8_minus90_LC80420362020144LGN00.tif,l8_minus360_LC80420352019237LGN00.tif
ang20200828t194421-B,l8_minus90_LC80420362020144LGN00.tif,l8_minus360_LC80420352019237LGN00.tif
ang20200828t200116-A,l8_minus90_LC80420362020144LGN00.tif,l8_minus360_LC80420352019237LGN00.tif
ang20200828t200858-A,l8_minus90_LC80420362020144LGN00.tif,l8_minus360_LC80420352019237LGN00.tif
ang20200828t201622-A,l8_minus90_LC80420362020144LGN00.tif,l8_minus360_LC80420352019237LGN00.tif
ang20200828t201622-B,l8_minus90_LC80420362020144LGN00.tif,l8_minus360_LC80420352019237LGN00.tif
ang20200828t203522-A,l8_minus90_LC80420362020144LGN00.tif,l8_minus360_LC80420352019237LGN00.tif
ang20200828t203522-B,l8_minus90_LC80420362020144LGN00.tif,l8_minus360_LC80420352019237LGN00.tif
ang20200828t203522-C,l8_minus90_LC80420362020144LGN00.tif,l8_minus360_LC80420352019237LGN00.tif
ang20200828t203522-D,l8_minus90_LC80420362020144LGN00.tif,l8_minus360_LC80420352019237LGN00.tif
ang20200828t203522-E,l8_minus90_LC80420362020144LGN00.tif,l8_minus360_LC80420352019237LGN00.tif
ang20200828t204633-A,l8_minus90_LC80420362020144LGN00.tif,l8_minus360_LC80420352019237LGN00.tif
ang20200828t204633-B,l8_minus90_LC80420362020144LGN00.tif,l8_minus360_LC80420352019237LGN00.tif
ang20200828t205946-A,l8_minus90_LC80420362020144LGN00.tif,l8_minus360_LC80420352019237LGN00.tif
ang20200828t205946-B,l8_minus90_LC80420362020144LGN00.tif,l8_minus360_LC80420352019237LGN00.tif
ang20200828t210723-A,l8_minus90_LC80420362020144LGN00.tif,l8_minus360_LC80420352019237LGN00.tif
ang20200828t213355-A,l8_minus90_LC80420362020144LGN00.tif,l8_minus360_LC80420352019237LGN00.tif
ang20200828t213355-B,l8_minus90_LC80420362020144LGN00.tif,l8_minus360_LC80420352019237LGN00.tif
ang20200828t214929-A,l8_minus90_LC80420362020144LGN00.tif,l8_minus360_LC80420352019237LGN00.tif
ang20200828t214929-B,l8_minus90_LC80420362020144LGN00.tif,l8_minus360_LC80420352019237LGN00.tif
ang20200828t214929-C,l8_minus90_LC80420362020144LGN00.tif,l8_minus360_LC80420352019237LGN00.tif
ang20200828t215705-A,l8_minus90_LC80420362020144LGN00.tif,l8_minus360_LC80420352019237LGN00.tif
ang20200830t192756-1,l8_minus90_LC80420362020144LGN00.tif,l8_minus360_LC80420352019237LGN00.tif
ang20200830t193624-A,l8_minus90_LC80420362020144LGN00.tif,l8_minus360_LC80420352019237LGN00.tif
ang20200830t195953-A,l8_minus90_LC80420362020144LGN00.tif,l8_minus360_LC80420352019237LGN00.tif
ang20200830t200228-A,l8_minus90_LC80420362020144LGN00.tif,l8_minus360_LC80420352019237LGN00.tif
ang20200830t202837-A,l8_minus90_LC80420362020144LGN00.tif,l8_minus360_LC80420352019237LGN00.tif
ang20200830t202837-B,l8_minus90_LC80420362020144LGN00.tif,l8_minus360_LC80420352019237LGN00.tif
ang20200830t213807-A,l8_minus90_LC80420362020144LGN00.tif,l8_minus360_LC80420352019237LGN00.tif
ang20200901t183228-A,l8_minus90_LC80420362020144LGN00.tif,l8_minus360_LC80420352019237LGN00.tif
ang20200901t184900-A,l8_minus90_LC80420362020144LGN00.tif,l8_minus360_LC80420352019237LGN00.tif
ang20200901t184900-B,l8_minus90_LC80420362020144LGN00.tif,l8_minus360_LC80420352019237LGN00.tif
ang20200901t185643-A,l8_minus90_LC80420362020144LGN00.tif,l8_minus360_LC80420352019237LGN00.tif
ang20200901t185643-B,l8_minus90_LC80420362020144LGN00.tif,l8_minus360_LC80420352019237LGN00.tif
ang20200901t190448-A,l8_minus90_LC80420362020144LGN00.tif,l8_minus360_LC80420352019237LGN00.tif
ang20200901t190448-B,l8_minus90_LC80420362020144LGN00.tif,l8_minus360_LC80420352019237LGN00.tif
ang20200901t192121-A,l8_minus90_LC80420362020144LGN00.tif,l8_minus360_LC80420352019237LGN00.tif
ang20200901t193011-A,l8_minus90_LC80420362020144LGN00.tif,l8_minus360_LC80420352019237LGN00.tif
ang20200901t193925-1,l8_minus90_LC80420362020144LGN00.tif,l8_minus360_LC80420352019237LGN00.tif
ang20200901t193925-A,l8_minus90_LC80420362020144LGN00.tif,l8_minus360_LC80420352019237LGN00.tif
ang20200901t194828-A,l8_minus90_LC80420362020144LGN00.tif,l8_minus360_LC80420352019237LGN00.tif
ang20200901t194828-B,l8_minus90_LC80420362020144LGN00.tif,l8_minus360_LC80420352019237LGN00.tif
ang20200901t194828-C,l8_minus90_LC80420362020144LGN00.tif,l8_minus360_LC80420352019237LGN00.tif
ang20200901t194828-D,l8_minus90_LC80420362020144LGN00.tif,l8_minus360_LC80420352019237LGN00.tif
ang20200901t194828-E,l8_minus90_LC80420362020144LGN00.tif,l8_minus360_LC80420352019237LGN00.tif
ang20200901t194828-F,l8_minus90_LC80420362020144LGN00.tif,l8_minus360_LC80420352019237LGN00.tif
ang20200901t200819-A,l8_minus90_LC80420362020144LGN00.tif,l8_minus360_LC80420352019237LGN00.tif
ang20200901t200819-B,l8_minus90_LC80420362020144LGN00.tif,l8_minus360_LC80420352019237LGN00.tif
ang20200901t200819-C,l8_minus90_LC80420362020144LGN00.tif,l8_minus360_LC80420352019237LGN00.tif
ang20200901t202310-A,l8_minus90_LC80420362020144LGN00.tif,l8_minus360_LC80420352019237LGN00.tif
ang20200901t202310-B,l8_minus90_LC80420362020144LGN00.tif,l8_minus360_LC80420352019237LGN00.tif
ang20200901t203339-B,l8_minus90_LC80420362020144LGN00.tif,l8_minus360_LC80420352019237LGN00.tif
ang20200901t203339-C,l8_minus90_LC80420362020144LGN00.tif,l8_minus360_LC80420352019237LGN00.tif
ang20200901t203339-D,l8_minus90_LC80420362020144LGN00.tif,l8_minus360_LC80420352019237LGN00.tif
ang20200901t203339-E,l8_minus90_LC80420362020144LGN00.tif,l8_minus360_LC80420352019237LGN00.tif
ang20200901t203339-F,l8_minus90_LC80420362020144LGN00.tif,l8_minus360_LC80420352019237LGN00.tif
ang20200901t203339-G,l8_minus90_LC80420362020144LGN00.tif,l8_minus360_LC80420352019237LGN00.tif
ang20200901t204428-A,l8_minus90_LC80420362020144LGN00.tif,l8_minus360_LC80420352019237LGN00.tif
ang20200901t204428-B,l8_minus90_LC80420362020144LGN00.tif,l8_minus360_LC80420352019237LGN00.tif
ang20200901t204428-C,l8_minus90_LC80420362020144LGN00.tif,l8_minus360_LC80420352019237LGN00.tif
ang20200901t205707-A,l8_minus90_LC80420362020144LGN00.tif,l8_minus360_LC80420352019237LGN00.tif
ang20200901t210259-A,l8_minus90_LC80420362020144LGN00.tif,l8_minus360_LC80420352019237LGN00.tif
ang20200901t212157-A,l8_minus90_LC80420362020144LGN00.tif,l8_minus360_LC80420352019237LGN00.tif
ang20200901t213415-A,l8_minus90_LC80420362020144LGN00.tif,l8_minus360_LC80420352019237LGN00.tif
ang20200901t213415-B,l8_minus90_LC80420362020144LGN00.tif,l8_minus360_LC80420352019237LGN00.tif
ang20200901t214104-A,l8_minus90_LC80420362020144LGN00.tif,l8_minus360_LC80420352019237LGN00.tif
ang20200901t214104-B,l8_minus90_LC80420362020144LGN00.tif,l8_minus360_LC80420352019237LGN00.tif
ang20200901t215525-A,l8_minus90_LC80420362020144LGN00.tif,l8_minus360_LC80420352019237LGN00.tif
ang20200903t194912-A,l8_minus90_LC80420362020144LGN00.tif,l8_minus360_LC80420352019237LGN00.tif
ang20200903t195505-A,l8_minus90_LC80420362020144LGN00.tif,l8_minus360_LC80420352019237LGN00.tif
ang20200903t200016-A,l8_minus90_LC80420362020144LGN00.tif,l8_minus360_LC80420352019237LGN00.tif
ang20200903t201645-A,l8_minus90_LC80420362020144LGN00.tif,l8_minus360_LC80420352019237LGN00.tif
ang20200903t201645-B,l8_minus90_LC80420362020144LGN00.tif,l8_minus360_LC80420352019237LGN00.tif
ang20200903t201645-C,l8_minus90_LC80420362020144LGN00.tif,l8_minus360_LC80420352019237LGN00.tif
ang20200903t201645-D,l8_minus90_LC80420362020144LGN00.tif,l8_minus360_LC80420352019237LGN00.tif
ang20200903t201645-E,l8_minus90_LC80420362020144LGN00.tif,l8_minus360_LC80420352019237LGN00.tif
ang20200903t201645-F,l8_minus90_LC80420362020144LGN00.tif,l8_minus360_LC80420352019237LGN00.tif
ang20200903t202709-A,l8_minus90_LC80420362020144LGN00.tif,l8_minus360_LC80420352019237LGN00.tif
ang20200903t202709-B,l8_minus90_LC80420362020144LGN00.tif,l8_minus360_LC80420352019237LGN00.tif
ang20200903t203648-A,l8_minus90_LC80420362020144LGN00.tif,l8_minus360_LC80420352019237LGN00.tif
ang20200903t203648-B,l8_minus90_LC80420362020144LGN00.tif,l8_minus360_LC80420352019237LGN00.tif
ang20200903t203648-C,l8_minus90_LC80420362020144LGN00.tif,l8_minus360_LC80420352019237LGN00.tif
ang20200903t203648-D,l8_minus90_LC80420362020144LGN00.tif,l8_minus360_LC80420352019237LGN00.tif
ang20200903t203648-E,l8_minus90_LC80420362020144LGN00.tif,l8_minus360_LC80420352019237LGN00.tif
ang20200903t203648-F,l8_minus90_LC80420362020144LGN00.tif,l8_minus360_LC80420352019237LGN00.tif
ang20200903t203648-G,l8_minus90_LC80420362020144LGN00.tif,l8_minus360_LC80420352019237LGN00.tif
ang20200903t204837-A,l8_minus90_LC80420362020144LGN00.tif,l8_minus360_LC80420352019237LGN00.tif
ang20200903t204837-B,l8_minus90_LC80420362020144LGN00.tif,l8_minus360_LC80420352019237LGN00.tif
ang20200903t205931-A,l8_minus90_LC80420362020144LGN00.tif,l8_minus360_LC80420352019237LGN00.tif
ang20200903t210514-A,l8_minus90_LC80420362020144LGN00.tif,l8_minus360_LC80420352019237LGN00.tif
ang20200903t210514-B,l8_minus90_LC80420362020144LGN00.tif,l8_minus360_LC80420352019237LGN00.tif
ang20200903t210514-C,l8_minus90_LC80420362020144LGN00.tif,l8_minus360_LC80420352019237LGN00.tif
ang20200903t211419-A,l8_minus90_LC80420362020144LGN00.tif,l8_minus360_LC80420352019237LGN00.tif
ang20200903t211419-B,l8_minus90_LC80420362020144LGN00.tif,l8_minus360_LC80420352019237LGN00.tif
ang20200903t211419-C,l8_minus90_LC80420362020144LGN00.tif,l8_minus360_LC80420352019237LGN00.tif
ang20200903t211419-D,l8_minus90_LC80420362020144LGN00.tif,l8_minus360_LC80420352019237LGN00.tif
ang20200903t212028-A,l8_minus90_LC80420362020144LGN00.tif,l8_minus360_LC80420352019237LGN00.tif
ang20200906t190951-A,l8_minus90_LC80420362020144LGN00.tif,l8_minus360_LC80420352019237LGN00.tif
ang20200906t191856-A,l8_minus90_LC80420362020144LGN00.tif,l8_minus360_LC80420352019237LGN00.tif
ang20200906t193950-A,l8_minus90_LC80420362020144LGN00.tif,l8_minus360_LC80420352019237LGN00.tif
ang20200906t195820-B,l8_minus90_LC80420362020144LGN00.tif,l8_minus360_LC80420352019237LGN00.tif
ang20200906t201220-A,l8_minus90_LC80420362020144LGN00.tif,l8_minus360_LC80420352019237LGN00.tif
ang20200906t201706-A,l8_minus90_LC80420362020144LGN00.tif,l8_minus360_LC80420352019237LGN00.tif
ang20200906t202258-A,l8_minus90_LC80420362020144LGN00.tif,l8_minus360_LC80420352019237LGN00.tif
ang20200906t202258-B,l8_minus90_LC80420362020144LGN00.tif,l8_minus360_LC80420352019237LGN00.tif
ang20200906t212615-A,l8_minus90_LC80420362020144LGN00.tif,l8_minus360_LC80420352019237LGN00.tif
ang20200906t213220-A,l8_minus90_LC80420362020144LGN00.tif,l8_minus360_LC80420352019237LGN00.tif
ang20200919t180703-A,l8_minus90_LC80420362020144LGN00.tif,l8_minus360_LC80410362019262LGN00.tif
ang20200919t181112-A,l8_minus90_LC80420362020144LGN00.tif,l8_minus360_LC80410362019262LGN00.tif
ang20200919t220130-A,l8_minus90_LC80420362020144LGN00.tif,l8_minus360_LC80400372019255LGN00.tif
ang20200919t221056-1,l8_minus90_LC80420362020144LGN00.tif,l8_minus360_LC80410362019262LGN00.tif
ang20200924t194311-A,l8_minus90_LC80420352020192LGN00.tif,l8_minus360_LC80420352019269LGN00.tif
ang20200924t195312-A,l8_minus90_LC80420352020192LGN00.tif,l8_minus360_LC80410362019246LGN00.tif
ang20200924t195741-A,l8_minus90_LC80420352020192LGN00.tif,l8_minus360_LC80410362019246LGN00.tif
ang20200924t200311-A,l8_minus90_LC80420352020192LGN00.tif,l8_minus360_LC80410362019246LGN00.tif
ang20200924t200728-2,l8_minus90_LC80420352020192LGN00.tif,l8_minus360_LC80400372019255LGN00.tif
ang20200924t200728-3,l8_minus90_LC80420352020192LGN00.tif,l8_minus360_LC80420352019269LGN00.tif
ang20200924t205139-A,l8_minus90_LC80420352020192LGN00.tif,l8_minus360_LC80420352019269LGN00.tif
ang20200924t205139-B,l8_minus90_LC80420352020192LGN00.tif,l8_minus360_LC80420352019269LGN00.tif
ang20200924t205139-C,l8_minus90_LC80420352020192LGN00.tif,l8_minus360_LC80420352019269LGN00.tif
ang20200924t210101-A,l8_minus90_LC80420352020192LGN00.tif,l8_minus360_LC80420352019269LGN00.tif
ang20200924t210101-B,l8_minus90_LC80420352020192LGN00.tif,l8_minus360_LC80420352019269LGN00.tif
ang20200924t210101-C,l8_minus90_LC80420352020192LGN00.tif,l8_minus360_LC80420352019269LGN00.tif
ang20200924t211102-A,l8_minus90_LC80420352020192LGN00.tif,l8_minus360_LC80420352019269LGN00.tif
ang20200924t211102-B,l8_minus90_LC80420352020192LGN00.tif,l8_minus360_LC80420352019269LGN00.tif
ang20200924t211102-C,l8_minus90_LC80420352020192LGN00.tif,l8_minus360_LC80420352019269LGN00.tif
ang20200924t211551-A,l8_minus90_LC80420352020192LGN00.tif,l8_minus360_LC80420352019269LGN00.tif
ang20200924t211551-B,l8_minus90_LC80420352020192LGN00.tif,l8_minus360_LC80420352019269LGN00.tif
ang20200924t211551-C,l8_minus90_LC80420352020192LGN00.tif,l8_minus360_LC80420352019269LGN00.tif
ang20200924t213537-A,l8_minus90_LC80420352020192LGN00.tif,l8_minus360_LC80420352019269LGN00.tif
ang20200924t214054-A,l8_minus90_LC80420352020192LGN00.tif,l8_minus360_LC80420352019269LGN00.tif
ang20200924t220155-A,l8_minus90_LC80420352020192LGN00.tif,l8_minus360_LC80420352019269LGN00.tif
ang20200924t220735-A,l8_minus90_LC80420352020192LGN00.tif,l8_minus360_LC80420352019269LGN00.tif
ang20200924t220735-B,l8_minus90_LC80420352020192LGN00.tif,l8_minus360_LC80420352019269LGN00.tif
ang20220302t182228-A,l8_minus90_LC90400362021327LGN01.tif,l8_minus360_LC80400372021052LGN00.tif
ang20220302t185439-A,l8_minus90_LC80410362021331LGN00.tif,l8_minus360_LC80410362021059LGN00.tif
ang20220302t195344-A,l8_minus90_LC80410372021331LGN00.tif,l8_minus360_LC80410372021059LGN00.tif
ang20220302t200003-A,l8_minus90_LC90400362021327LGN01.tif,l8_minus360_LC80400372021052LGN00.tif
ang20220302t205915-A,l8_minus90_LC80410362021331LGN00.tif,l8_minus360_LC80410362021059LGN00.tif
ang20220308t221613-A,l8_minus90_LC80410362021331LGN00.tif,l8_minus360_LC80410362021075LGN00.tif
ang20220311t185338-A,l8_minus90_LC90400372021348LGN01.tif,l8_minus360_LC80410372021075LGN00.tif
ang20220311t191344-A,l8_minus90_LC80410362021331LGN00.tif,l8_minus360_LC80410362021075LGN00.tif
ang20220311t192131-A,l8_minus90_LC80410372021331LGN00.tif,l8_minus360_LC80410372021059LGN00.tif
ang20220311t200606-A,l8_minus90_LC80410372021331LGN00.tif,l8_minus360_LC80410372021059LGN00.tif
ang20220311t202515-A,l8_minus90_LC80410372021331LGN00.tif,l8_minus360_LC80410372021059LGN00.tif
ang20220311t205203-A,l8_minus90_LC80410372021331LGN00.tif,l8_minus360_LC80410372021059LGN00.tif
ang20220311t205920-A,l8_minus90_LC80410372021331LGN00.tif,l8_minus360_LC80410372021059LGN00.tif
ang20220311t214308-A,l8_minus90_LC80410372021331LGN00.tif,l8_minus360_LC80410372021059LGN00.tif
ang20220318t183050-A,l8_minus90_LC80410372021331LGN00.tif,l8_minus360_LC80410372021059LGN00.tif
ang20220318t183727-A,l8_minus90_LC80410372021331LGN00.tif,l8_minus360_LC80410372021059LGN00.tif
ang20220318t183727-B,l8_minus90_LC80410372021331LGN00.tif,l8_minus360_LC80410372021059LGN00.tif
ang20220318t195813-A,l8_minus90_LC80410372021331LGN00.tif,l8_minus360_LC80410372021059LGN00.tif
ang20220318t200606-B,l8_minus90_LC80410372021331LGN00.tif,l8_minus360_LC80410372021059LGN00.tif
ang20220318t202431-A,l8_minus90_LC80410372021331LGN00.tif,l8_minus360_LC80410372021059LGN00.tif
ang20220318t203132-A,l8_minus90_LC80410372021331LGN00.tif,l8_minus360_LC80410372021059LGN00.tif
ang20220318t205055-B,l8_minus90_LC80410372021331LGN00.tif,l8_minus360_LC80410372021059LGN00.tif
ang20220318t205055-C,l8_minus90_LC80410372021331LGN00.tif,l8_minus360_LC80410372021059LGN00.tif
ang20220318t205907-A,l8_minus90_LC80410372021331LGN00.tif,l8_minus360_LC80410372021059LGN00.tif
ang20220318t213136-A,l8_minus90_LC80410372021331LGN00.tif,l8_minus360_LC80410372021059LGN00.tif
ang20220318t214057-A,l8_minus90_LC80410372021331LGN00.tif,l8_minus360_LC80410372021059LGN00.tif
ang20220323t181621-A,l8_minus90_LC80410372021331LGN00.tif,l8_minus360_LC80410372021059LGN00.tif
ang20220323t184723-A,l8_minus90_LC80410372021331LGN00.tif,l8_minus360_LC80410372021059LGN00.tif
ang20220323t190401-B,l8_minus90_LC80410372021331LGN00.tif,l8_minus360_LC80410372021059LGN00.tif
ang20220323t201041-A,l8_minus90_LC80410372021331LGN00.tif,l8_minus360_LC80410372021059LGN00.tif
ang20220323t202800-A,l8_minus90_LC80410372021331LGN00.tif,l8_minus360_LC80410372021059LGN00.tif
ang20220323t202800-B,l8_minus90_LC80410372021331LGN00.tif,l8_minus360_LC80410372021059LGN00.tif
ang20220323t210157-A,l8_minus90_LC80410372021331LGN00.tif,l8_minus360_LC80410372021059LGN00.tif
ang20220323t210157-B,l8_minus90_LC80410372021331LGN00.tif,l8_minus360_LC80410372021059LGN00.tif
ang20220323t210157-C,l8_minus90_LC80410372021331LGN00.tif,l8_minus360_LC80410372021059LGN00.tif
ang20220323t210157-D,l8_minus90_LC80410372021331LGN00.tif,l8_minus360_LC80410372021059LGN00.tif
ang20220323t211641-A,l8_minus90_LC80410372021331LGN00.tif,l8_minus360_LC80410372021059LGN00.tif
ang20220323t211641-B,l8_minus90_LC80410372021331LGN00.tif,l8_minus360_LC80410372021059LGN00.tif
ang20220323t211641-C,l8_minus90_LC80410372021331LGN00.tif,l8_minus360_LC80410372021059LGN00.tif
ang20220324t163056-A,l8_minus90_LC80410372021331LGN00.tif,l8_minus360_LC80410372021059LGN00.tif
ang20220324t163056-B,l8_minus90_LC80410372021331LGN00.tif,l8_minus360_LC80410372021059LGN00.tif
ang20220324t163056-C,l8_minus90_LC80410372021331LGN00.tif,l8_minus360_LC80410372021059LGN00.tif
ang20220324t163056-D,l8_minus90_LC80410372021331LGN00.tif,l8_minus360_LC80410372021059LGN00.tif
ang20220324t163056-E,l8_minus90_LC80410372021331LGN00.tif,l8_minus360_LC80410372021059LGN00.tif
ang20220324t163056-F,l8_minus90_LC80410372021331LGN00.tif,l8_minus360_LC80410372021059LGN00.tif
ang20220324t164848-A,l8_minus90_LC80410372021331LGN00.tif,l8_minus360_LC80410372021059LGN00.tif
ang20220324t164848-B,l8_minus90_LC80410372021331LGN00.tif,l8_minus360_LC80410372021059LGN00.tif
ang20220324t164848-C,l8_minus90_LC80410372021331LGN00.tif,l8_minus360_LC80410372021059LGN00.tif
ang20220324t164848-D,l8_minus90_LC80410372021331LGN00.tif,l8_minus360_LC80410372021059LGN00.tif
ang20220324t170857-A,l8_minus90_LC80410372021331LGN00.tif,l8_minus360_LC80410372021059LGN00.tif
ang20220324t170857-B,l8_minus90_LC80410372021331LGN00.tif,l8_minus360_LC80410372021059LGN00.tif
ang20220324t170857-C,l8_minus90_LC80410372021331LGN00.tif,l8_minus360_LC80410372021059LGN00.tif
ang20220324t172653-A,l8_minus90_LC80410372021331LGN00.tif,l8_minus360_LC80410372021059LGN00.tif
ang20220324t172653-B,l8_minus90_LC80410372021331LGN00.tif,l8_minus360_LC80410372021059LGN00.tif
ang20220324t172653-C,l8_minus90_LC80410372021331LGN00.tif,l8_minus360_LC80410372021059LGN00.tif
ang20220324t172653-D,l8_minus90_LC80410372021331LGN00.tif,l8_minus360_LC80410372021059LGN00.tif
ang20220324t174703-A,l8_minus90_LC80410372021331LGN00.tif,l8_minus360_LC80410372021059LGN00.tif
ang20220324t174703-B,l8_minus90_LC80410372021331LGN00.tif,l8_minus360_LC80410372021059LGN00.tif
ang20220324t174703-C,l8_minus90_LC80410372021331LGN00.tif,l8_minus360_LC80410372021059LGN00.tif
ang20220324t180449-A,l8_minus90_LC80410372021331LGN00.tif,l8_minus360_LC80410372021059LGN00.tif
ang20220324t180449-B,l8_minus90_LC80410372021331LGN00.tif,l8_minus360_LC80410372021059LGN00.tif
ang20220324t180449-C,l8_minus90_LC80410372021331LGN00.tif,l8_minus360_LC80410372021059LGN00.tif
ang20220324t182439-A,l8_minus90_LC80410372021331LGN00.tif,l8_minus360_LC80410372021059LGN00.tif
ang20220324t182439-B,l8_minus90_LC80410372021331LGN00.tif,l8_minus360_LC80410372021059LGN00.tif
ang20220324t182439-C,l8_minus90_LC80410372021331LGN00.tif,l8_minus360_LC80410372021059LGN00.tif
ang20220324t182439-D,l8_minus90_LC80410372021331LGN00.tif,l8_minus360_LC80410372021059LGN00.tif
ang20220324t184133-A,l8_minus90_LC80410372021331LGN00.tif,l8_minus360_LC80410372021059LGN00.tif
ang20220324t184133-B,l8_minus90_LC80410372021331LGN00.tif,l8_minus360_LC80410372021059LGN00.tif
ang20220324t184133-C,l8_minus90_LC80410372021331LGN00.tif,l8_minus360_LC80410372021059LGN00.tif
ang20220324t184133-D,l8_minus90_LC80410372021331LGN00.tif,l8_minus360_LC80410372021059LGN00.tif
ang20220324t184133-E,l8_minus90_LC80410372021331LGN00.tif,l8_minus360_LC80410372021059LGN00.tif
ang20220324t184133-F,l8_minus90_LC80410372021331LGN00.tif,l8_minus360_LC80410372021059LGN00.tif
ang20220324t184133-G,l8_minus90_LC80410372021331LGN00.tif,l8_minus360_LC80410372021059LGN00.tif
ang20220324t184133-H,l8_minus90_LC80410372021331LGN00.tif,l8_minus360_LC80410372021059LGN00.tif
ang20220324t190105-A,l8_minus90_LC80410372021331LGN00.tif,l8_minus360_LC80410372021059LGN00.tif
ang20220324t190105-B,l8_minus90_LC80410372021331LGN00.tif,l8_minus360_LC80410372021059LGN00.tif
ang20220324t190105-C,l8_minus90_LC80410372021331LGN00.tif,l8_minus360_LC80410372021059LGN00.tif
ang20220324t190105-D,l8_minus90_LC80410372021331LGN00.tif,l8_minus360_LC80410372021059LGN00.tif
ang20220324t190105-E,l8_minus90_LC80410372021331LGN00.tif,l8_minus360_LC80410372021059LGN00.tif
ang20220324t190105-F,l8_minus90_LC80410372021331LGN00.tif,l8_minus360_LC80410372021059LGN00.tif
ang20220324t191818-B,l8_minus90_LC80410372021331LGN00.tif,l8_minus360_LC80410372021059LGN00.tif
ang20220324t191818-C,l8_minus90_LC80410372021331LGN00.tif,l8_minus360_LC80410372021059LGN00.tif
ang20220324t191818-D,l8_minus90_LC80410372021331LGN00.tif,l8_minus360_LC80410372021059LGN00.tif
ang20220324t191818-E,l8_minus90_LC80410372021331LGN00.tif,l8_minus360_LC80410372021059LGN00.tif
ang20220324t191818-F,l8_minus90_LC80410372021331LGN00.tif,l8_minus360_LC80410372021059LGN00.tif
ang20220324t191818-G,l8_minus90_LC80410372021331LGN00.tif,l8_minus360_LC80410372021059LGN00.tif
ang20220324t193809-A,l8_minus90_LC80410372021331LGN00.tif,l8_minus360_LC80410372021059LGN00.tif
ang20220324t193809-B,l8_minus90_LC80410372021331LGN00.tif,l8_minus360_LC80410372021059LGN00.tif
ang20220324t193809-C,l8_minus90_LC80410372021331LGN00.tif,l8_minus360_LC80410372021059LGN00.tif
ang20220324t193809-D,l8_minus90_LC80410372021331LGN00.tif,l8_minus360_LC80410372021059LGN00.tif
ang20220324t193809-E,l8_minus90_LC80410372021331LGN00.tif,l8_minus360_LC80410372021059LGN00.tif
ang20220324t195537-A,l8_minus90_LC80410372021331LGN00.tif,l8_minus360_LC80410372021059LGN00.tif
ang20220324t195537-B,l8_minus90_LC80410372021331LGN00.tif,l8_minus360_LC80410372021059LGN00.tif
ang20220324t195537-C,l8_minus90_LC80410372021331LGN00.tif,l8_minus360_LC80410372021059LGN00.tif
ang20220324t195537-D,l8_minus90_LC80410372021331LGN00.tif,l8_minus360_LC80410372021059LGN00.tif
ang20220324t195537-E,l8_minus90_LC80410372021331LGN00.tif,l8_minus360_LC80410372021059LGN00.tif
ang20220324t201527-A,l8_minus90_LC80410372021331LGN00.tif,l8_minus360_LC80410372021059LGN00.tif
ang20220324t201527-B,l8_minus90_LC80410372021331LGN00.tif,l8_minus360_LC80410372021059LGN00.tif
ang20220324t201527-C,l8_minus90_LC80410372021331LGN00.tif,l8_minus360_LC80410372021059LGN00.tif
ang20220324t201527-D,l8_minus90_LC80410372021331LGN00.tif,l8_minus360_LC80410372021059LGN00.tif
ang20220324t201527-E,l8_minus90_LC80410372021331LGN00.tif,l8_minus360_LC80410372021059LGN00.tif
ang20220324t202850-A,l8_minus90_LC80410372021331LGN00.tif,l8_minus360_LC80410372021059LGN00.tif
ang20220324t202850-B,l8_minus90_LC80410372021331LGN00.tif,l8_minus360_LC80410372021059LGN00.tif
ang20220324t202850-C,l8_minus90_LC80410372021331LGN00.tif,l8_minus360_LC80410372021059LGN00.tif
ang20220324t204413-A,l8_minus90_LC80410372021331LGN00.tif,l8_minus360_LC80410372021059LGN00.tif
ang20220324t204413-B,l8_minus90_LC80410372021331LGN00.tif,l8_minus360_LC80410372021059LGN00.tif
ang20220324t204413-C,l8_minus90_LC80410372021331LGN00.tif,l8_minus360_LC80410372021059LGN00.tif
ang20220324t204413-D,l8_minus90_LC80410372021331LGN00.tif,l8_minus360_LC80410372021059LGN00.tif
ang20220324t204413-E,l8_minus90_LC80410372021331LGN00.tif,l8_minus360_LC80410372021059LGN00.tif
ang20220324t204413-F,l8_minus90_LC80410372021331LGN00.tif,l8_minus360_LC80410372021059LGN00.tif
ang20220324t204413-G,l8_minus90_LC80410372021331LGN00.tif,l8_minus360_LC80410372021059LGN00.tif
ang20220324t205811-A,l8_minus90_LC80410372021331LGN00.tif,l8_minus360_LC80410372021059LGN00.tif
ang20220324t205811-B,l8_minus90_LC80410372021331LGN00.tif,l8_minus360_LC80410372021059LGN00.tif
ang20220324t205811-C,l8_minus90_LC80410372021331LGN00.tif,l8_minus360_LC80410372021059LGN00.tif
ang20220324t205811-D,l8_minus90_LC80410372021331LGN00.tif,l8_minus360_LC80410372021059LGN00.tif
ang20220324t211235-A,l8_minus90_LC80410372021331LGN00.tif,l8_minus360_LC80410372021059LGN00.tif
ang20220324t211235-B,l8_minus90_LC80410372021331LGN00.tif,l8_minus360_LC80410372021059LGN00.tif
ang20220324t211235-C,l8_minus90_LC80410372021331LGN00.tif,l8_minus360_LC80410372021059LGN00.tif
ang20220324t211235-D,l8_minus90_LC80410372021331LGN00.tif,l8_minus360_LC80410372021059LGN00.tif
ang20220324t211235-E,l8_minus90_LC80410372021331LGN00.tif,l8_minus360_LC80410372021059LGN00.tif
ang20220324t211235-F,l8_minus90_LC80410372021331LGN00.tif,l8_minus360_LC80410372021059LGN00.tif
ang20220324t211235-G,l8_minus90_LC80410372021331LGN00.tif,l8_minus360_LC80410372021059LGN00.tif
ang20220324t212542-A,l8_minus90_LC80410372021331LGN00.tif,l8_minus360_LC80410372021059LGN00.tif
ang20220324t212542-B,l8_minus90_LC80410372021331LGN00.tif,l8_minus360_LC80410372021059LGN00.tif
ang20220324t212542-C,l8_minus90_LC80410372021331LGN00.tif,l8_minus360_LC80410372021059LGN00.tif
ang20220325t173925-A,l8_minus90_LC80410372021331LGN00.tif,l8_minus360_LC80410372021059LGN00.tif
ang20220325t175529-A,l8_minus90_LC80410372021331LGN00.tif,l8_minus360_LC80410372021059LGN00.tif
ang20220325t175529-B,l8_minus90_LC80410372021331LGN00.tif,l8_minus360_LC80410372021059LGN00.tif
ang20220325t175529-D,l8_minus90_LC80410372021331LGN00.tif,l8_minus360_LC80410372021059LGN00.tif
ang20220325t180940-A,l8_minus90_LC80410372021331LGN00.tif,l8_minus360_LC80410372021059LGN00.tif
ang20220325t180940-B,l8_minus90_LC80410372021331LGN00.tif,l8_minus360_LC80410372021059LGN00.tif
ang20220325t182553-A,l8_minus90_LC80410372021331LGN00.tif,l8_minus360_LC80410372021059LGN00.tif
ang20220325t182553-B,l8_minus90_LC80410372021331LGN00.tif,l8_minus360_LC80410372021059LGN00.tif
ang20220325t184019-A,l8_minus90_LC80410372021331LGN00.tif,l8_minus360_LC80350342021097LGN00.tif
ang20220325t184019-B,l8_minus90_LC80410372021331LGN00.tif,l8_minus360_LC80410372021075LGN00.tif
ang20220325t184019-C,l8_minus90_LC80410372021331LGN00.tif,l8_minus360_LC80410372021075LGN00.tif
ang20220325t184019-D,l8_minus90_LC80410372021331LGN00.tif,l8_minus360_LC80410372021075LGN00.tif
ang20220325t185825-A,l8_minus90_LC80410372021331LGN00.tif,l8_minus360_LC80410372021075LGN00.tif
ang20220325t185825-B,l8_minus90_LC80410372021331LGN00.tif,l8_minus360_LC80410372021075LGN00.tif
ang20220325t185825-C,l8_minus90_LC80410372021331LGN00.tif,l8_minus360_LC80410372021075LGN00.tif
ang20220325t191254-A,l8_minus90_LC80410372021331LGN00.tif,l8_minus360_LC80410372021075LGN00.tif
ang20220325t191254-B,l8_minus90_LC80410372021331LGN00.tif,l8_minus360_LC80410372021075LGN00.tif
ang20220325t191254-C,l8_minus90_LC80410372021331LGN00.tif,l8_minus360_LC80410372021075LGN00.tif
ang20220325t192854-A,l8_minus90_LC80410372021331LGN00.tif,l8_minus360_LC80410372021075LGN00.tif
ang20220325t192854-B,l8_minus90_LC80410372021331LGN00.tif,l8_minus360_LC80410372021075LGN00.tif
ang20220325t192854-C,l8_minus90_LC80410372021331LGN00.tif,l8_minus360_LC80410372021075LGN00.tif
ang20220325t200407-A,l8_minus90_LC80410372021331LGN00.tif,l8_minus360_LC80410372021075LGN00.tif
ang20220325t200407-B,l8_minus90_LC80410372021331LGN00.tif,l8_minus360_LC80410372021075LGN00.tif
ang20220325t201833-A,l8_minus90_LC80410372021331LGN00.tif,l8_minus360_LC80410372021075LGN00.tif
ang20220325t201833-B,l8_minus90_LC80410372021331LGN00.tif,l8_minus360_LC80410372021075LGN00.tif
ang20220401t183217-A,l8_minus90_LC80400362022007LGN00.tif,l8_minus360_LC80410372021075LGN00.tif
ang20220401t191621-A,l8_minus90_LC90390352022008LGN01.tif,l8_minus360_LC80410372021075LGN00.tif
ang20220401t191621-B,l8_minus90_LC90400372021348LGN01.tif,l8_minus360_LC80410372021075LGN00.tif
ang20220401t191621-C,l8_minus90_LC90400372021348LGN01.tif,l8_minus360_LC80410372021075LGN00.tif
ang20220401t205816-A,l8_minus90_LC90400372021348LGN01.tif,l8_minus360_LC80410372021075LGN00.tif
ang20220401t205816-B,l8_minus90_LC90400372021348LGN01.tif,l8_minus360_LC80410372021075LGN00.tif
ang20220401t212206-A,l8_minus90_LC90400372021348LGN01.tif,l8_minus360_LC80410372021075LGN00.tif
ang20220401t212926-A,l8_minus90_LC90400372021348LGN01.tif,l8_minus360_LC80410372021075LGN00.tif
ang20220401t214726-A,l8_minus90_LC90400372021348LGN01.tif,l8_minus360_LC80410372021075LGN00.tif
ang20220406t181817-A,l8_minus90_LC90400372021348LGN01.tif,l8_minus360_LC80410372021075LGN00.tif
ang20220406t184200-A,l8_minus90_LC90400372021348LGN01.tif,l8_minus360_LC80410372021075LGN00.tif
ang20220406t184922-A,l8_minus90_LC90400372021348LGN01.tif,l8_minus360_LC80410372021075LGN00.tif
ang20220406t192150-A,l8_minus90_LC90400372021348LGN01.tif,l8_minus360_LC80410372021075LGN00.tif
ang20220406t193219-A,l8_minus90_LC90400372021348LGN01.tif,l8_minus360_LC80410372021075LGN00.tif
ang20220415t165631-A,l8_minus90_LC90350352022012LGN01.tif,l8_minus360_LC80340352021106LGN00.tif
ang20220415t165631-B,l8_minus90_LC90350352022012LGN01.tif,l8_minus360_LC80340352021106LGN00.tif
ang20220415t165631-C,l8_minus90_LC90350352022012LGN01.tif,l8_minus360_LC80340352021106LGN00.tif
ang20220415t165631-D,l8_minus90_LC90350352022012LGN01.tif,l8_minus360_LC80340352021106LGN00.tif
ang20220415t165631-E,l8_minus90_LC90350352022012LGN01.tif,l8_minus360_LC80340352021106LGN00.tif
ang20220415t165631-F,l8_minus90_LC90390352022008LGN01.tif,l8_minus360_LC80340352021106LGN00.tif
ang20220415t165631-G,l8_minus90_LC90390352022008LGN01.tif,l8_minus360_LC80350342021097LGN00.tif
ang20220415t165631-H,l8_minus90_LC90390352022008LGN01.tif,l8_minus360_LC80350342021097LGN00.tif
ang20220415t165631-I,l8_minus90_LC90390352022008LGN01.tif,l8_minus360_LC80350342021097LGN00.tif
ang20220415t171029-A,l8_minus90_LC90390352022008LGN01.tif,l8_minus360_LC80350342021097LGN00.tif
ang20220415t171029-C,l8_minus90_LC90390352022008LGN01.tif,l8_minus360_LC80350342021097LGN00.tif
ang20220415t172631-A,l8_minus90_LC90390352022008LGN01.tif,l8_minus360_LC80350342021097LGN00.tif
ang20220415t172631-B,l8_minus90_LC90390352022008LGN01.tif,l8_minus360_LC80350342021097LGN00.tif
ang20220415t172631-C,l8_minus90_LC90390352022008LGN01.tif,l8_minus360_LC80350342021097LGN00.tif
ang20220415t172631-E,l8_minus90_LC90390352022008LGN01.tif,l8_minus360_LC80350342021097LGN00.tif
ang20220415t174343-A,l8_minus90_LC90390352022008LGN01.tif,l8_minus360_LC80350342021097LGN00.tif
ang20220415t174343-B,l8_minus90_LC90390352022008LGN01.tif,l8_minus360_LC80350342021097LGN00.tif
ang20220415t174343-C,l8_minus90_LC90390352022008LGN01.tif,l8_minus360_LC80350342021097LGN00.tif
ang20220415t180341-A,l8_minus90_LC90390352022008LGN01.tif,l8_minus360_LC80350342021097LGN00.tif
ang20220415t180341-B,l8_minus90_LC90390352022008LGN01.tif,l8_minus360_LC80350342021097LGN00.tif
ang20220415t180341-C,l8_minus90_LC90390352022008LGN01.tif,l8_minus360_LC80350342021097LGN00.tif
ang20220415t180341-E,l8_minus90_LC90390352022008LGN01.tif,l8_minus360_LC80350342021097LGN00.tif
ang20220415t180341-F,l8_minus90_LC90390352022008LGN01.tif,l8_minus360_LC80350342021097LGN00.tif
ang20220415t180341-G,l8_minus90_LC90390352022008LGN01.tif,l8_minus360_LC80350342021097LGN00.tif
ang20220415t182136-A,l8_minus90_LC90390352022008LGN01.tif,l8_minus360_LC80350342021097LGN00.tif
ang20220415t182136-B,l8_minus90_LC90390352022008LGN01.tif,l8_minus360_LC80350342021097LGN00.tif
ang20220415t182136-C,l8_minus90_LC90390352022008LGN01.tif,l8_minus360_LC80350342021097LGN00.tif
ang20220415t182136-E,l8_minus90_LC90390352022008LGN01.tif,l8_minus360_LC80350342021097LGN00.tif
ang20220415t182136-F,l8_minus90_LC90390352022008LGN01.tif,l8_minus360_LC80350342021097LGN00.tif
ang20220415t182136-G,l8_minus90_LC90390352022008LGN01.tif,l8_minus360_LC80350342021097LGN00.tif
ang20220415t182136-H,l8_minus90_LC90390352022008LGN01.tif,l8_minus360_LC80350342021097LGN00.tif
ang20220415t182136-I,l8_minus90_LC90390352022008LGN01.tif,l8_minus360_LC80350342021097LGN00.tif
ang20220415t182136-L,l8_minus90_LC90390352022008LGN01.tif,l8_minus360_LC80350342021097LGN00.tif
ang20220415t184411-A,l8_minus90_LC90390352022008LGN01.tif,l8_minus360_LC80350342021097LGN00.tif
ang20220415t184411-B,l8_minus90_LC90390352022008LGN01.tif,l8_minus360_LC80350342021097LGN00.tif
ang20220415t184411-C,l8_minus90_LC90390352022008LGN01.tif,l8_minus360_LC80350342021097LGN00.tif
ang20220415t184411-D,l8_minus90_LC90390352022008LGN01.tif,l8_minus360_LC80350342021097LGN00.tif
ang20220415t184411-E,l8_minus90_LC90390352022008LGN01.tif,l8_minus360_LC80350342021097LGN00.tif
ang20220415t190337-B,l8_minus90_LC90390352022008LGN01.tif,l8_minus360_LC80350342021097LGN00.tif
ang20220415t192319-A,l8_minus90_LC90390352022008LGN01.tif,l8_minus360_LC80350342021097LGN00.tif
ang20220415t192319-B,l8_minus90_LC90390352022008LGN01.tif,l8_minus360_LC80350342021097LGN00.tif
ang20220415t192319-C,l8_minus90_LC90390352022008LGN01.tif,l8_minus360_LC80350342021097LGN00.tif
ang20220415t194100-A,l8_minus90_LC90390352022008LGN01.tif,l8_minus360_LC80350342021097LGN00.tif
ang20220415t194100-B,l8_minus90_LC90390352022008LGN01.tif,l8_minus360_LC80350342021097LGN00.tif
ang20220415t194100-C,l8_minus90_LC90390352022008LGN01.tif,l8_minus360_LC80350342021097LGN00.tif
ang20220415t200019-A,l8_minus90_LC90390352022008LGN01.tif,l8_minus360_LC80350342021097LGN00.tif
ang20220415t200019-B,l8_minus90_LC90390352022008LGN01.tif,l8_minus360_LC80350342021097LGN00.tif
ang20220415t200019-C,l8_minus90_LC90390352022008LGN01.tif,l8_minus360_LC80350342021097LGN00.tif
ang20220424t185000-A,l8_minus90_LC90390352022008LGN01.tif,l8_minus360_LC80350342021097LGN00.tif
ang20220424t185000-B,l8_minus90_LC90390352022008LGN01.tif,l8_minus360_LC80350342021097LGN00.tif
ang20220424t185000-C,l8_minus90_LC90390352022008LGN01.tif,l8_minus360_LC80350342021097LGN00.tif
ang20220424t185424-A,l8_minus90_LC90390352022008LGN01.tif,l8_minus360_LC80350342021097LGN00.tif
ang20220424t185424-B,l8_minus90_LC90390352022008LGN01.tif,l8_minus360_LC80350342021097LGN00.tif
ang20220424t195045-A,l8_minus90_LC90390352022008LGN01.tif,l8_minus360_LC80350342021097LGN00.tif
ang20220424t195045-B,l8_minus90_LC90390352022008LGN01.tif,l8_minus360_LC80350342021097LGN00.tif
ang20220424t195545-A,l8_minus90_LC90390352022008LGN01.tif,l8_minus360_LC80350342021097LGN00.tif
ang20220424t202503-A,l8_minus90_LC90390352022008LGN01.tif,l8_minus360_LC80350342021097LGN00.tif
ang20220424t202503-C,l8_minus90_LC90390352022008LGN01.tif,l8_minus360_LC80350342021097LGN00.tif
ang20220424t203219-A,l8_minus90_LC90390352022008LGN01.tif,l8_minus360_LC80350342021097LGN00.tif
ang20220430t171103-A,l8_minus90_LC90390352022008LGN01.tif,l8_minus360_LC80350342021097LGN00.tif
ang20220430t171103-B,l8_minus90_LC90390352022008LGN01.tif,l8_minus360_LC80350342021097LGN00.tif
ang20220430t171103-C,l8_minus90_LC90390352022008LGN01.tif,l8_minus360_LC80350342021097LGN00.tif
ang20220430t172719-A,l8_minus90_LC90390352022008LGN01.tif,l8_minus360_LC80350342021097LGN00.tif
ang20220430t172719-B,l8_minus90_LC90390352022008LGN01.tif,l8_minus360_LC80350342021097LGN00.tif
ang20220430t172719-C,l8_minus90_LC90390352022008LGN01.tif,l8_minus360_LC80350342021097LGN00.tif
ang20220430t174215-A,l8_minus90_LC90390352022008LGN01.tif,l8_minus360_LC80350342021097LGN00.tif
ang20220430t174215-B,l8_minus90_LC90390352022008LGN01.tif,l8_minus360_LC80350342021097LGN00.tif
ang20220430t174215-C,l8_minus90_LC90390352022008LGN01.tif,l8_minus360_LC80350342021097LGN00.tif
ang20220430t174215-D,l8_minus90_LC90390352022008LGN01.tif,l8_minus360_LC80350342021097LGN00.tif
ang20220430t175809-A,l8_minus90_LC90390352022008LGN01.tif,l8_minus360_LC80350342021097LGN00.tif
ang20220430t175809-B,l8_minus90_LC90390352022008LGN01.tif,l8_minus360_LC80350342021097LGN00.tif
ang20220430t175809-C,l8_minus90_LC90390352022008LGN01.tif,l8_minus360_LC80350342021097LGN00.tif
ang20220430t175809-D,l8_minus90_LC90390352022008LGN01.tif,l8_minus360_LC80350342021097LGN00.tif
ang20220430t181449-A,l8_minus90_LC90390352022008LGN01.tif,l8_minus360_LC80350342021097LGN00.tif
ang20220430t181449-B,l8_minus90_LC90390352022008LGN01.tif,l8_minus360_LC80350342021097LGN00.tif
ang20220430t181449-C,l8_minus90_LC90350352022012LGN01.tif,l8_minus360_LC80350342021097LGN00.tif
ang20220430t183401-A,l8_minus90_LC90350352022012LGN01.tif,l8_minus360_LC80350342021097LGN00.tif
ang20220430t183401-B,l8_minus90_LC90350352022012LGN01.tif,l8_minus360_LC80350342021097LGN00.tif
ang20220430t183401-C,l8_minus90_LC90350352022012LGN01.tif,l8_minus360_LC80350342021097LGN00.tif
ang20220430t183401-D,l8_minus90_LC90350352022012LGN01.tif,l8_minus360_LC80350342021097LGN00.tif
ang20220430t185129-A,l8_minus90_LC90350352022012LGN01.tif,l8_minus360_LC80350342021097LGN00.tif
ang20220430t185129-B,l8_minus90_LC90350352022012LGN01.tif,l8_minus360_LC80350342021097LGN00.tif
ang20220430t185129-C,l8_minus90_LC90350352022012LGN01.tif,l8_minus360_LC80350342021097LGN00.tif
ang20220430t185129-E,l8_minus90_LC90350352022012LGN01.tif,l8_minus360_LC80350342021097LGN00.tif
ang20220430t191123-A,l8_minus90_LC90350352022012LGN01.tif,l8_minus360_LC80350342021097LGN00.tif
ang20220430t191123-C,l8_minus90_LC90350352022012LGN01.tif,l8_minus360_LC80350342021097LGN00.tif
ang20220430t191123-D,l8_minus90_LC90350352022012LGN01.tif,l8_minus360_LC80350342021097LGN00.tif
ang20220430t191123-E,l8_minus90_LC90350352022012LGN01.tif,l8_minus360_LC80350342021097LGN00.tif
ang20220430t192857-A,l8_minus90_LC90350352022012LGN01.tif,l8_minus360_LC80350342021097LGN00.tif
ang20220430t192857-B,l8_minus90_LC90350352022012LGN01.tif,l8_minus360_LC80350342021097LGN00.tif
ang20220430t192857-C,l8_minus90_LC90350352022012LGN01.tif,l8_minus360_LC80350342021097LGN00.tif
ang20220430t192857-D,l8_minus90_LC90350352022012LGN01.tif,l8_minus360_LC80350342021097LGN00.tif
ang20220430t192857-E,l8_minus90_LC90350352022012LGN01.tif,l8_minus360_LC80350342021097LGN00.tif
ang20220430t194813-A,l8_minus90_LC90350352022012LGN01.tif,l8_minus360_LC80350342021097LGN00.tif
ang20220430t194813-B,l8_minus90_LC90350352022012LGN01.tif,l8_minus360_LC80350342021097LGN00.tif
ang20220430t194813-D,l8_minus90_LC90350352022012LGN01.tif,l8_minus360_LC80350342021097LGN00.tif
ang20220430t194813-E,l8_minus90_LC90350352022012LGN01.tif,l8_minus360_LC80350342021097LGN00.tif
ang20220430t194813-F,l8_minus90_LC90350352022012LGN01.tif,l8_minus360_LC80350342021097LGN00.tif
ang20220430t200454-A,l8_minus90_LC90350352022012LGN01.tif,l8_minus360_LC80340352021106LGN00.tif
ang20220430t200454-B,l8_minus90_LC90350352022012LGN01.tif,l8_minus360_LC80340352021106LGN00.tif
ang20220430t200454-C,l8_minus90_LC90350352022012LGN01.tif,l8_minus360_LC80340352021106LGN00.tif
ang20220430t200454-D,l8_minus90_LC90350352022012LGN01.tif,l8_minus360_LC80340352021106LGN00.tif
ang20220430t200454-E,l8_minus90_LC90350352022012LGN01.tif,l8_minus360_LC80340352021106LGN00.tif
ang20220430t202323-A,l8_minus90_LC90350352022012LGN01.tif,l8_minus360_LC80340352021106LGN00.tif
ang20220430t203934-A,l8_minus90_LC90350352022012LGN01.tif,l8_minus360_LC80340352021106LGN00.tif
ang20220430t203934-B,l8_minus90_LC90350352022012LGN01.tif,l8_minus360_LC80340352021106LGN00.tif
ang20220430t203934-C,l8_minus90_LC90350352022012LGN01.tif,l8_minus360_LC80340352021106LGN00.tif
ang20220430t203934-D,l8_minus90_LC90350352022012LGN01.tif,l8_minus360_LC80340352021106LGN00.tif
ang20220430t203934-E,l8_minus90_LC90350352022012LGN01.tif,l8_minus360_LC80340352021106LGN00.tif
ang20220430t205825-A,l8_minus90_LC90350352022012LGN01.tif,l8_minus360_LC80340352021106LGN00.tif
ang20220430t205825-B,l8_minus90_LC90350352022012LGN01.tif,l8_minus360_LC80340352021106LGN00.tif
ang20220430t211621-A,l8_minus90_LC90350352022012LGN01.tif,l8_minus360_LC80340352021106LGN00.tif
ang20220430t211621-B,l8_minus90_LC90350352022012LGN01.tif,l8_minus360_LC80340352021106LGN00.tif
ang20220501t160258-A,l8_minus90_LC90350352022012LGN01.tif,l8_minus360_LC80340352021106LGN00.tif
ang20220501t160258-B,l8_minus90_LC90350352022012LGN01.tif,l8_minus360_LC80340352021106LGN00.tif
ang20220501t160258-C,l8_minus90_LC90350352022012LGN01.tif,l8_minus360_LC80340352021106LGN00.tif
ang20220501t160258-D,l8_minus90_LC90350352022012LGN01.tif,l8_minus360_LC80340352021106LGN00.tif
ang20220501t160258-E,l8_minus90_LC90350352022012LGN01.tif,l8_minus360_LC80340352021106LGN00.tif
ang20220501t160258-F,l8_minus90_LC90350352022012LGN01.tif,l8_minus360_LC80340352021106LGN00.tif
ang20220501t161733-A,l8_minus90_LC90350352022012LGN01.tif,l8_minus360_LC80340352021106LGN00.tif
ang20220501t161733-B,l8_minus90_LC90350352022012LGN01.tif,l8_minus360_LC80340352021106LGN00.tif
ang20220501t163231-A,l8_minus90_LC90350352022012LGN01.tif,l8_minus360_LC80340352021106LGN00.tif
ang20220501t164820-A,l8_minus90_LC90350352022012LGN01.tif,l8_minus360_LC80340352021106LGN00.tif
ang20220501t170235-A,l8_minus90_LC90350352022012LGN01.tif,l8_minus360_LC80340352021106LGN00.tif
ang20220501t171816-A,l8_minus90_LC90350352022012LGN01.tif,l8_minus360_LC80340352021106LGN00.tif
ang20220501t173311-A,l8_minus90_LC90350352022012LGN01.tif,l8_minus360_LC80340352021106LGN00.tif
ang20220501t173311-B,l8_minus90_LC90350352022012LGN01.tif,l8_minus360_LC80340352021106LGN00.tif
ang20220501t175021-B,l8_minus90_LC90350352022012LGN01.tif,l8_minus360_LC80340352021106LGN00.tif
ang20220501t182642-A,l8_minus90_LC90350352022012LGN01.tif,l8_minus360_LC80340352021106LGN00.tif
ang20220501t182642-B,l8_minus90_LC90350352022012LGN01.tif,l8_minus360_LC80340352021106LGN00.tif
ang20220501t184521-A,l8_minus90_LC90350352022012LGN01.tif,l8_minus360_LC80340352021106LGN00.tif
ang20220501t184521-B,l8_minus90_LC90350352022012LGN01.tif,l8_minus360_LC80340352021106LGN00.tif
ang20220501t190051-A,l8_minus90_LC90350352022012LGN01.tif,l8_minus360_LC80340352021106LGN00.tif
ang20220501t190051-B,l8_minus90_LC90350352022012LGN01.tif,l8_minus360_LC80340352021106LGN00.tif
ang20220501t190051-C,l8_minus90_LC90350352022012LGN01.tif,l8_minus360_LC80340352021106LGN00.tif
ang20220502t170537-A,l8_minus90_LC90350352022012LGN01.tif,l8_minus360_LC80340352021106LGN00.tif
ang20220502t172837-A,l8_minus90_LC90350352022012LGN01.tif,l8_minus360_LC80340352021106LGN00.tif
ang20220502t175758-A,l8_minus90_LC90350352022012LGN01.tif,l8_minus360_LC80340352021106LGN00.tif
ang20220502t195444-B,l8_minus90_LC90350352022012LGN01.tif,l8_minus360_LC80340352021106LGN00.tif
ang20220502t195444-D,l8_minus90_LC90350352022012LGN01.tif,l8_minus360_LC80340352021106LGN00.tif
ang20220502t195444-F,l8_minus90_LC90350352022012LGN01.tif,l8_minus360_LC80340352021106LGN00.tif
ang20220514t181218-A,l8_minus90_LC90440342022043LGN00.tif,l8_minus360_LC80440342021128LGN00.tif
ang20220514t182158-A,l8_minus90_LC90440342022043LGN00.tif,l8_minus360_LC80440342021128LGN00.tif
ang20220514t182953-A,l8_minus90_LC90440342022043LGN00.tif,l8_minus360_LC80440342021128LGN00.tif
ang20220514t183955-A,l8_minus90_LC90440342022043LGN00.tif,l8_minus360_LC80440342021128LGN00.tif
ang20220514t190216-A,l8_minus90_LC90440342022043LGN00.tif,l8_minus360_LC80440342021128LGN00.tif
ang20220514t190216-B,l8_minus90_LC90440342022043LGN00.tif,l8_minus360_LC80440342021128LGN00.tif
ang20220514t190736-A,l8_minus90_LC90440342022043LGN00.tif,l8_minus360_LC80440342021128LGN00.tif
ang20220514t190736-B,l8_minus90_LC90440342022043LGN00.tif,l8_minus360_LC80440342021128LGN00.tif
ang20220514t195506-A,l8_minus90_LC90440342022043LGN00.tif,l8_minus360_LC80440342021128LGN00.tif
ang20220514t195506-B,l8_minus90_LC90440342022043LGN00.tif,l8_minus360_LC80440342021128LGN00.tif
ang20220514t200013-A,l8_minus90_LC90440342022043LGN00.tif,l8_minus360_LC80440342021128LGN00.tif
ang20220520t180916-A,l8_minus90_LC90440342022043LGN00.tif,l8_minus360_LC80440342021128LGN00.tif
ang20220520t180916-B,l8_minus90_LC90440342022043LGN00.tif,l8_minus360_LC80440342021128LGN00.tif
ang20220520t181509-A,l8_minus90_LC90440342022043LGN00.tif,l8_minus360_LC80440342021128LGN00.tif
ang20220520t181509-B,l8_minus90_LC90440342022043LGN00.tif,l8_minus360_LC80440342021128LGN00.tif
ang20220520t185319-A,l8_minus90_LC90440342022043LGN00.tif,l8_minus360_LC80440342021128LGN00.tif
ang20220520t185319-B,l8_minus90_LC90440342022043LGN00.tif,l8_minus360_LC80440342021128LGN00.tif
ang20220520t185319-C,l8_minus90_LC90440342022043LGN00.tif,l8_minus360_LC80440342021128LGN00.tif
ang20220520t185319-D,l8_minus90_LC90440342022043LGN00.tif,l8_minus360_LC80440342021128LGN00.tif
ang20220520t192245-A,l8_minus90_LC90440342022043LGN00.tif,l8_minus360_LC80440342021128LGN00.tif
ang20220520t192905-A,l8_minus90_LC90440342022043LGN00.tif,l8_minus360_LC80440342021128LGN00.tif
ang20220520t192905-B,l8_minus90_LC90440342022043LGN00.tif,l8_minus360_LC80440342021128LGN00.tif
ang20220520t193549-A,l8_minus90_LC90440342022043LGN00.tif,l8_minus360_LC80440342021128LGN00.tif
ang20220520t193549-B,l8_minus90_LC90440342022043LGN00.tif,l8_minus360_LC80440342021128LGN00.tif
ang20220520t193549-D,l8_minus90_LC90440342022043LGN00.tif,l8_minus360_LC80440342021128LGN00.tif
ang20220520t194728-A,l8_minus90_LC90440342022043LGN00.tif,l8_minus360_LC80440342021128LGN00.tif
ang20220520t194728-B,l8_minus90_LC90440342022043LGN00.tif,l8_minus360_LC80440342021128LGN00.tif
ang20220520t194728-C,l8_minus90_LC90440342022043LGN00.tif,l8_minus360_LC80440342021128LGN00.tif
ang20220520t195513-A,l8_minus90_LC90440342022043LGN00.tif,l8_minus360_LC80440342021128LGN00.tif
ang20220520t195513-B,l8_minus90_LC90440342022043LGN00.tif,l8_minus360_LC80440342021128LGN00.tif
ang20220520t195513-C,l8_minus90_LC90440342022043LGN00.tif,l8_minus360_LC80440342021128LGN00.tif
ang20220520t201527-A,l8_minus90_LC90440342022043LGN00.tif,l8_minus360_LC80440342021128LGN00.tif
ang20220520t201527-B,l8_minus90_LC90440342022043LGN00.tif,l8_minus360_LC80440342021128LGN00.tif
ang20220520t201527-C,l8_minus90_LC90440342022043LGN00.tif,l8_minus360_LC80440342021128LGN00.tif
ang20220520t202701-A,l8_minus90_LC90440342022043LGN00.tif,l8_minus360_LC80440342021128LGN00.tif
ang20220520t202701-B,l8_minus90_LC90440342022043LGN00.tif,l8_minus360_LC80440342021128LGN00.tif
ang20220520t202701-C,l8_minus90_LC90440342022043LGN00.tif,l8_minus360_LC80440342021128LGN00.tif
ang20220520t203154-A,l8_minus90_LC90440342022043LGN00.tif,l8_minus360_LC80440342021128LGN00.tif
ang20220520t203626-A,l8_minus90_LC90440342022043LGN00.tif,l8_minus360_LC80440342021128LGN00.tif
ang20220520t204322-A,l8_minus90_LC90440342022043LGN00.tif,l8_minus360_LC80440342021128LGN00.tif
ang20220520t204740-A,l8_minus90_LC90440342022043LGN00.tif,l8_minus360_LC80440342021128LGN00.tif
ang20220523t181247-A,l8_minus90_LC90440342022043LGN00.tif,l8_minus360_LC80440342021128LGN00.tif
ang20220523t183911-A,l8_minus90_LC90440342022043LGN00.tif,l8_minus360_LC80440342021128LGN00.tif
ang20220523t191435-A,l8_minus90_LC90440342022043LGN00.tif,l8_minus360_LC80440342021128LGN00.tif
ang20220523t191435-B,l8_minus90_LC90440342022043LGN00.tif,l8_minus360_LC80440342021128LGN00.tif
ang20220523t191435-C,l8_minus90_LC90440342022043LGN00.tif,l8_minus360_LC80440342021128LGN00.tif
ang20220523t191435-D,l8_minus90_LC90440342022043LGN00.tif,l8_minus360_LC80440342021128LGN00.tif
ang20220523t191435-E,l8_minus90_LC90440342022043LGN00.tif,l8_minus360_LC80440342021128LGN00.tif
ang20220523t191435-F,l8_minus90_LC90440342022043LGN00.tif,l8_minus360_LC80440342021128LGN00.tif
ang20220523t192554-A,l8_minus90_LC90440342022043LGN00.tif,l8_minus360_LC80440342021128LGN00.tif
ang20220523t192554-B,l8_minus90_LC90440342022043LGN00.tif,l8_minus360_LC80440342021128LGN00.tif
ang20220523t192554-C,l8_minus90_LC90440342022043LGN00.tif,l8_minus360_LC80440342021128LGN00.tif
ang20220523t192554-D,l8_minus90_LC90440342022043LGN00.tif,l8_minus360_LC80440342021128LGN00.tif
ang20220523t192554-E,l8_minus90_LC90440342022043LGN00.tif,l8_minus360_LC80440342021128LGN00.tif
ang20220523t193759-A,l8_minus90_LC90440342022043LGN00.tif,l8_minus360_LC80440342021128LGN00.tif
ang20220523t193759-B,l8_minus90_LC90440342022043LGN00.tif,l8_minus360_LC80440342021128LGN00.tif
ang20220523t193759-C,l8_minus90_LC90440342022043LGN00.tif,l8_minus360_LC80440342021128LGN00.tif
ang20220523t193759-D,l8_minus90_LC90440342022043LGN00.tif,l8_minus360_LC80440342021128LGN00.tif
ang20220523t195357-A,l8_minus90_LC90440342022043LGN00.tif,l8_minus360_LC80440342021128LGN00.tif
ang20220523t195723-A,l8_minus90_LC90440342022043LGN00.tif,l8_minus360_LC80440342021128LGN00.tif
ang20220523t200841-A,l8_minus90_LC90440342022043LGN00.tif,l8_minus360_LC80440342021128LGN00.tif
ang20220523t201202-A,l8_minus90_LC90440342022043LGN00.tif,l8_minus360_LC80440342021128LGN00.tif
ang20220523t201543-A,l8_minus90_LC90440342022043LGN00.tif,l8_minus360_LC80440342021128LGN00.tif
ang20220523t203440-A,l8_minus90_LC90440342022043LGN00.tif,l8_minus360_LC80440342021128LGN00.tif
ang20220523t203851-A,l8_minus90_LC90440342022043LGN00.tif,l8_minus360_LC80440342021128LGN00.tif
ang20220530t184214-A,l8_minus90_LC90440342022043LGN00.tif,l8_minus360_LC80440342021128LGN00.tif
ang20220530t185353-A,l8_minus90_LC90440342022043LGN00.tif,l8_minus360_LC80440342021128LGN00.tif
ang20220530t192259-A,l8_minus90_LC90440342022043LGN00.tif,l8_minus360_LC80440342021128LGN00.tif
ang20220530t201634-A,l8_minus90_LC90440342022043LGN00.tif,l8_minus360_LC80440342021128LGN00.tif
ang20220530t204330-A,l8_minus90_LC90440342022043LGN00.tif,l8_minus360_LC80440342021128LGN00.tif
ang20220530t212255-A,l8_minus90_LC90440342022043LGN00.tif,l8_minus360_LC80440342021128LGN00.tif
ang20220604t155809-A,l8_minus90_LC90440342022043LGN00.tif,l8_minus360_LC80220392021166LGN00.tif
ang20220604t155809-B,l8_minus90_LC90440342022043LGN00.tif,l8_minus360_LC80220392021166LGN00.tif
ang20220604t171218-A,l8_minus90_LC90440342022043LGN00.tif,l8_minus360_LC80230392021141LGN00.tif
ang20220604t172221-B,l8_minus90_LC90440342022043LGN00.tif,l8_minus360_LC80230392021141LGN00.tif
ang20220604t172221-C,l8_minus90_LC90440342022043LGN00.tif,l8_minus360_LC80230392021141LGN00.tif
ang20220604t204825-A,l8_minus90_LC90440342022043LGN00.tif,
ang20220607t182948-A,l8_minus90_LC90440342022043LGN00.tif,
ang20220607t201015-A,l8_minus90_LC90440342022043LGN00.tif,
ang20220607t201015-B,l8_minus90_LC90440342022043LGN00.tif,
ang20220607t201504-A,l8_minus90_LC90440342022043LGN00.tif,
ang20220607t201504-B,l8_minus90_LC90440342022043LGN00.tif,
ang20220607t210726-A,l8_minus90_LC90440342022043LGN00.tif,
ang20220607t210726-B,l8_minus90_LC90440342022043LGN00.tif,
ang20220609t181821-A,l8_minus90_LC90440342022043LGN00.tif,
ang20220609t181821-B,l8_minus90_LC90440342022043LGN00.tif,
ang20220609t183403-A,l8_minus90_LC90440342022043LGN00.tif,
ang20220609t194502-A,l8_minus90_LC90440342022043LGN00.tif,
ang20220609t195831-A,l8_minus90_LC90440342022043LGN00.tif,
ang20220609t195831-B,l8_minus90_LC90440342022043LGN00.tif,l8_minus360_LC80230392021141LGN00.tif
ang20220609t195831-C,l8_minus90_LC90440342022043LGN00.tif,l8_minus360_LC80230392021141LGN00.tif
ang20220609t202730-A,l8_minus90_LC90440342022043LGN00.tif,l8_minus360_LC80230392021141LGN00.tif
ang20220610t185107-A,l8_minus90_LC90440342022043LGN00.tif,l8_minus360_LC80230392021141LGN00.tif
ang20220610t185843-A,l8_minus90_LC90440342022043LGN00.tif,l8_minus360_LC80230392021141LGN00.tif
ang20220610t185843-B,l8_minus90_LC90440342022043LGN00.tif,l8_minus360_LC80230392021141LGN00.tif
ang20220610t190648-A,l8_minus90_LC90440342022043LGN00.tif,l8_minus360_LC80230392021141LGN00.tif
ang20220610t192115-A,l8_minus90_LC90440342022043LGN00.tif,l8_minus360_LC80230392021141LGN00.tif
ang20220610t194646-A,l8_minus90_LC90440342022043LGN00.tif,l8_minus360_LC80230392021141LGN00.tif
ang20220610t194646-B,l8_minus90_LC90440342022043LGN00.tif,l8_minus360_LC80230392021141LGN00.tif
ang20220610t195414-B,l8_minus90_LC90440342022043LGN00.tif,l8_minus360_LC80230392021141LGN00.tif
ang20220610t195414-C,l8_minus90_LC90440342022043LGN00.tif,l8_minus360_LC80230392021141LGN00.tif
ang20220610t201320-A,l8_minus90_LC90440342022043LGN00.tif,l8_minus360_LC80230392021141LGN00.tif
ang20220610t204020-A,l8_minus90_LC90440342022043LGN00.tif,l8_minus360_LC80230392021141LGN00.tif
ang20220610t211442-A,l8_minus90_LC90440342022043LGN00.tif,l8_minus360_LC80230392021141LGN00.tif
ang20220613t203206-A,l8_minus90_LC80240402022071LGN00.tif,l8_minus360_LC80230392021141LGN00.tif
ang20220613t203751-A,l8_minus90_LC80240402022071LGN00.tif,l8_minus360_LC80230392021141LGN00.tif
ang20220613t205443-A,l8_minus90_LC80240392022071LGN00.tif,l8_minus360_LC80230392021141LGN00.tif
ang20220613t212058-A,l8_minus90_LC80240392022071LGN00.tif,l8_minus360_LC80230392021141LGN00.tif
ang20220614t163111-A,l8_minus90_LC90220392022097LGN00.tif,l8_minus360_LC80230392021141LGN00.tif
ang20220614t164922-A,l8_minus90_LC90220392022097LGN00.tif,l8_minus360_LC80230392021141LGN00.tif
ang20220614t170015-A,l8_minus90_LC80240402022071LGN00.tif,l8_minus360_LC80230392021141LGN00.tif
ang20220614t190629-A,l8_minus90_LC80240402022071LGN00.tif,l8_minus360_LC80230392021141LGN00.tif
ang20220614t191242-A,l8_minus90_LC80240402022071LGN00.tif,l8_minus360_LC80230392021141LGN00.tif
ang20220614t191242-B,l8_minus90_LC80240402022071LGN00.tif,l8_minus360_LC80230392021141LGN00.tif
ang20220615t170720-A,l8_minus90_LC80240402022071LGN00.tif,l8_minus360_LC80220392021166LGN00.tif
ang20220615t170720-B,l8_minus90_LC80240402022071LGN00.tif,l8_minus360_LC80220392021166LGN00.tif
ang20220615t173245-A,l8_minus90_LC80240402022071LGN00.tif,l8_minus360_LC80220392021166LGN00.tif
ang20220615t180834-A,l8_minus90_LC80240402022071LGN00.tif,l8_minus360_LC80220392021166LGN00.tif
ang20220617t173821-A,l8_minus90_LC80240402022071LGN00.tif,
ang20220617t174647-A,l8_minus90_LC80240402022071LGN00.tif,
ang20220617t181518-A,l8_minus90_LC80240402022071LGN00.tif,
ang20220617t181518-B,l8_minus90_LC80240402022071LGN00.tif,
ang20220617t183704-A,l8_minus90_LC80240402022071LGN00.tif,
ang20220617t184254-A,l8_minus90_LC80240402022071LGN00.tif,
ang20220617t190047-A,l8_minus90_LC80240402022071LGN00.tif,
ang20220617t191847-A,l8_minus90_LC80240402022071LGN00.tif,
ang20220617t191847-B,l8_minus90_LC80240402022071LGN00.tif,
ang20220617t193158-A,l8_minus90_LC80240402022071LGN00.tif,
ang20220617t193158-B,l8_minus90_LC80240402022071LGN00.tif,
ang20220617t203113-A,l8_minus90_LC80240402022071LGN00.tif,
ang20220617t204350-A,l8_minus90_LC80240402022071LGN00.tif,
ang20220617t205220-A,l8_minus90_LC80240402022071LGN00.tif,
ang20220618t144935-A,l8_minus90_LC80240402022071LGN00.tif,l8_minus360_LC80220392021166LGN00.tif
ang20220618t163107-A,l8_minus90_LC80240402022071LGN00.tif,
ang20220618t194641-A,l8_minus90_LC80240402022071LGN00.tif,
ang20220618t204413-A,l8_minus90_LC80240402022071LGN00.tif,
ang20220618t210244-A,l8_minus90_LC80240402022071LGN00.tif,
ang20220625t134948-B,l8_minus90_LC90220392022097LGN00.tif,l8_minus360_LC80200312021168LGN00.tif
ang20220625t140249-A,l8_minus90_LC90220392022097LGN00.tif,l8_minus360_LC80220392021166LGN00.tif
ang20220625t140249-B,l8_minus90_LC90220392022097LGN00.tif,l8_minus360_LC80220392021166LGN00.tif
ang20220625t141534-A,l8_minus90_LC90220392022097LGN00.tif,l8_minus360_LC80220392021166LGN00.tif
ang20220625t141534-B,l8_minus90_LC90220392022097LGN00.tif,l8_minus360_LC80220392021166LGN00.tif
ang20220625t141534-C,l8_minus90_LC90220392022097LGN00.tif,l8_minus360_LC80220392021166LGN00.tif
ang20220625t142533-A,l8_minus90_LC90220392022097LGN00.tif,l8_minus360_LC80220392021166LGN00.tif
ang20220625t142533-B,l8_minus90_LC90220392022097LGN00.tif,l8_minus360_LC80220392021166LGN00.tif
ang20220625t171333-A,l8_minus90_LC90220392022097LGN00.tif,l8_minus360_LC80220392021166LGN00.tif
ang20220625t172825-A,l8_minus90_LC90220392022097LGN00.tif,l8_minus360_LC80220392021166LGN00.tif
ang20220625t172825-B,l8_minus90_LC90220392022097LGN00.tif,l8_minus360_LC80220392021166LGN00.tif
ang20220625t172825-C,l8_minus90_LC90220392022097LGN00.tif,l8_minus360_LC80220392021166LGN00.tif
ang20220625t174315-A,l8_minus90_LC90220392022097LGN00.tif,l8_minus360_LC80220392021166LGN00.tif
ang20220625t174315-B,l8_minus90_LC90220392022097LGN00.tif,l8_minus360_LC80220392021166LGN00.tif
ang20220625t175620-B,l8_minus90_LC90220392022097LGN00.tif,l8_minus360_LC80220392021166LGN00.tif
ang20220625t175620-C,l8_minus90_LC90220392022097LGN00.tif,l8_minus360_LC80220392021166LGN00.tif
ang20220625t180610-A,l8_minus90_LC90220392022097LGN00.tif,l8_minus360_LC80220392021166LGN00.tif
ang20220625t185001-A,l8_minus90_LC90220392022097LGN00.tif,l8_minus360_LC80220392021166LGN00.tif
ang20220625t201341-A,l8_minus90_LC90220392022097LGN00.tif,l8_minus360_LC80220392021166LGN00.tif
ang20220625t202615-A,l8_minus90_LC90220392022097LGN00.tif,l8_minus360_LC80220392021166LGN00.tif
ang20220627t133352-A,l8_minus90_LC90220392022097LGN00.tif,l8_minus360_LC80220392021166LGN00.tif
ang20220627t140536-A,l8_minus90_LC90220392022097LGN00.tif,l8_minus360_LC80220392021166LGN00.tif
ang20220627t142539-A,l8_minus90_LC90220392022097LGN00.tif,l8_minus360_LC80220392021166LGN00.tif
ang20220627t143612-A,l8_minus90_LC90220392022097LGN00.tif,l8_minus360_LC80220392021166LGN00.tif
ang20220627t143612-B,l8_minus90_LC90220392022097LGN00.tif,l8_minus360_LC80220392021166LGN00.tif
ang20220627t161733-A,l8_minus90_LC90220392022097LGN00.tif,l8_minus360_LC80220392021166LGN00.tif
ang20220627t161733-B,l8_minus90_LC90220392022097LGN00.tif,l8_minus360_LC80220392021166LGN00.tif
ang20220627t161733-C,l8_minus90_LC90220392022097LGN00.tif,l8_minus360_LC80220392021166LGN00.tif
ang20220627t163536-A,l8_minus90_LC90220392022097LGN00.tif,l8_minus360_LC80220392021166LGN00.tif
ang20220627t163536-B,l8_minus90_LC90220392022097LGN00.tif,l8_minus360_LC80220392021166LGN00.tif
ang20220628t132627-A,l8_minus90_LC90220392022097LGN00.tif,l8_minus360_LC80220392021166LGN00.tif
ang20220628t132627-B,l8_minus90_LC90220392022097LGN00.tif,l8_minus360_LC80220392021166LGN00.tif
ang20220628t195131-A,l8_minus90_LC90220392022097LGN00.tif,l8_minus360_LC80220392021166LGN00.tif
ang20220628t195131-B,l8_minus90_LC90220392022097LGN00.tif,l8_minus360_LC80220392021166LGN00.tif
ang20220630t135047-A,l8_minus90_LC90220392022097LGN00.tif,l8_minus360_LC80220392021166LGN00.tif
ang20220630t140204-A,l8_minus90_LC90220392022097LGN00.tif,l8_minus360_LC80220392021166LGN00.tif
ang20220630t141354-A,l8_minus90_LC90220392022097LGN00.tif,l8_minus360_LC80220392021166LGN00.tif
ang20220630t142605-A,l8_minus90_LC90220392022097LGN00.tif,l8_minus360_LC80220392021166LGN00.tif
ang20220630t142605-B,l8_minus90_LC90220392022097LGN00.tif,l8_minus360_LC80220392021166LGN00.tif
ang20220630t143313-A,l8_minus90_LC90220392022097LGN00.tif,l8_minus360_LC80220392021166LGN00.tif
ang20220630t144452-A,l8_minus90_LC90220392022097LGN00.tif,l8_minus360_LC80220392021166LGN00.tif
ang20220630t145143-A,l8_minus90_LC90220392022097LGN00.tif,l8_minus360_LC80220392021166LGN00.tif
ang20220630t151457-A,l8_minus90_LC90220392022097LGN00.tif,l8_minus360_LC80220392021166LGN00.tif
ang20220630t152222-A,l8_minus90_LC90220392022097LGN00.tif,l8_minus360_LC80220392021166LGN00.tif
ang20220630t152222-C,l8_minus90_LC90220392022097LGN00.tif,l8_minus360_LC80220392021166LGN00.tif
ang20220630t153039-A,l8_minus90_LC90220392022097LGN00.tif,l8_minus360_LC80220392021166LGN00.tif
ang20220630t155159-A,l8_minus90_LC90220392022097LGN00.tif,l8_minus360_LC80220392021166LGN00.tif
ang20220630t162531-A,l8_minus90_LC90220392022097LGN00.tif,l8_minus360_LC80220392021166LGN00.tif
ang20220630t163400-A,l8_minus90_LC90220392022097LGN00.tif,l8_minus360_LC80220392021166LGN00.tif
ang20220630t163400-B,l8_minus90_LC90220392022097LGN00.tif,l8_minus360_LC80220392021166LGN00.tif
ang20220630t163400-C,l8_minus90_LC90220392022097LGN00.tif,l8_minus360_LC80220392021166LGN00.tif
ang20220630t163400-D,l8_minus90_LC90220392022097LGN00.tif,l8_minus360_LC80220392021166LGN00.tif
ang20220630t164245-A,l8_minus90_LC90220392022097LGN00.tif,l8_minus360_LC80220392021166LGN00.tif
ang20220630t165936-A,l8_minus90_LC90220392022097LGN00.tif,l8_minus360_LC80220392021166LGN00.tif
ang20220630t165936-B,l8_minus90_LC90220392022097LGN00.tif,l8_minus360_LC80220392021166LGN00.tif
ang20220630t170635-A,l8_minus90_LC90220392022097LGN00.tif,l8_minus360_LC80220392021166LGN00.tif
ang20220630t171928-A,l8_minus90_LC90220392022097LGN00.tif,l8_minus360_LC80220392021166LGN00.tif
ang20220630t171928-B,l8_minus90_LC90220392022097LGN00.tif,l8_minus360_LC80220392021166LGN00.tif
ang20220630t171928-C,l8_minus90_LC90220392022097LGN00.tif,l8_minus360_LC80220392021166LGN00.tif
ang20220630t174018-A,l8_minus90_LC90220392022097LGN00.tif,l8_minus360_LC80220392021166LGN00.tif
ang20220630t174018-C,l8_minus90_LC90220392022097LGN00.tif,l8_minus360_LC80220392021166LGN00.tif
ang20220630t174841-A,l8_minus90_LC90220392022097LGN00.tif,l8_minus360_LC80220392021166LGN00.tif
ang20220630t194620-A,l8_minus90_LC90220392022097LGN00.tif,l8_minus360_LC80220392021166LGN00.tif
ang20220630t194620-B,l8_minus90_LC90220392022097LGN00.tif,l8_minus360_LC80220392021166LGN00.tif
ang20220630t194620-C,l8_minus90_LC90220392022097LGN00.tif,l8_minus360_LC80220392021166LGN00.tif
ang20220630t195902-A,l8_minus90_LC90220392022097LGN00.tif,l8_minus360_LC80220392021166LGN00.tif
ang20220630t200716-A,l8_minus90_LC90220392022097LGN00.tif,l8_minus360_LC80220392021166LGN00.tif
ang20220630t202314-A,l8_minus90_LC90220392022097LGN00.tif,l8_minus360_LC80220392021166LGN00.tif
ang20220630t203229-A,l8_minus90_LC90220392022097LGN00.tif,l8_minus360_LC80220392021166LGN00.tif
ang20220630t205522-A,l8_minus90_LC90220392022097LGN00.tif,l8_minus360_LC80220392021166LGN00.tif
ang20220820t172051-A,l8_minus90_LC90400232022143LGN00.tif,l8_minus360_LC80400232021212LGN00.tif
ang20220820t190040-A,l8_minus90_LC90400232022143LGN00.tif,l8_minus360_LC80400232021212LGN00.tif
ang20220820t194004-A,l8_minus90_LC90400232022143LGN00.tif,l8_minus360_LC80400222021228LGN00.tif
ang20220821t175340-A,l8_minus90_LC90400232022143LGN00.tif,l8_minus360_LC80390232021253LGN00.tif
ang20220821t175340-B,l8_minus90_LC90400232022143LGN00.tif,l8_minus360_LC80390232021253LGN00.tif
ang20220821t180910-A,l8_minus90_LC90400232022143LGN00.tif,l8_minus360_LC80400232021212LGN00.tif
ang20220821t180910-B,l8_minus90_LC90400232022143LGN00.tif,l8_minus360_LC80390232021253LGN00.tif
ang20220821t185247-A,l8_minus90_LC90400232022143LGN00.tif,l8_minus360_LC80390232021253LGN00.tif
ang20220821t201541-A,l8_minus90_LC90400232022143LGN00.tif,l8_minus360_LC80400232021212LGN00.tif
ang20220821t205603-A,l8_minus90_LC90400232022143LGN00.tif,l8_minus360_LC80400232021212LGN00.tif
ang20220822t171314-A,l8_minus90_LC90400232022143LGN00.tif,l8_minus360_LC80400232021212LGN00.tif
ang20220822t180634-A,l8_minus90_LC90400232022143LGN00.tif,l8_minus360_LC80400232021212LGN00.tif
ang20220822t180634-B,l8_minus90_LC90400232022143LGN00.tif,l8_minus360_LC80400232021212LGN00.tif
ang20220822t183354-A,l8_minus90_LC90400232022143LGN00.tif,l8_minus360_LC80400232021212LGN00.tif
ang20220822t184807-A,l8_minus90_LC90400232022143LGN00.tif,l8_minus360_LC80400232021212LGN00.tif
ang20220822t184807-B,l8_minus90_LC90400232022143LGN00.tif,l8_minus360_LC80400232021212LGN00.tif
ang20220822t190151-A,l8_minus90_LC90400232022143LGN00.tif,l8_minus360_LC80400232021212LGN00.tif
ang20220822t190151-B,l8_minus90_LC90400232022143LGN00.tif,l8_minus360_LC80400222021228LGN00.tif
ang20220822t190151-C,l8_minus90_LC90400232022143LGN00.tif,l8_minus360_LC80400222021228LGN00.tif
ang20220822t191553-A,l8_minus90_LC90400232022143LGN00.tif,l8_minus360_LC80400222021228LGN00.tif
ang20220822t191553-B,l8_minus90_LC90400232022143LGN00.tif,l8_minus360_LC80400222021228LGN00.tif
ang20220822t191553-C,l8_minus90_LC90400232022143LGN00.tif,l8_minus360_LC80400222021228LGN00.tif
ang20220822t191553-D,l8_minus90_LC90400232022143LGN00.tif,l8_minus360_LC80400222021228LGN00.tif
ang20220822t193055-A,l8_minus90_LC90400232022143LGN00.tif,l8_minus360_LC80400222021228LGN00.tif
ang20220822t195556-A,l8_minus90_LC90400232022143LGN00.tif,l8_minus360_LC80400222021228LGN00.tif
ang20220822t200939-A,l8_minus90_LC90400232022143LGN00.tif,l8_minus360_LC80400222021228LGN00.tif
ang20220822t204320-A,l8_minus90_LC90400232022143LGN00.tif,l8_minus360_LC80400222021228LGN00.tif
ang20220824t183643-A,l8_minus90_LC90400232022143LGN00.tif,l8_minus360_LC80400222021228LGN00.tif
ang20220826t192459-A,l8_minus90_LC90400232022143LGN00.tif,l8_minus360_LC80400222021228LGN00.tif
ang20220826t202657-A,l8_minus90_LC90400232022143LGN00.tif,l8_minus360_LC80400222021228LGN00.tif
ang20220826t204445-A,l8_minus90_LC90400232022143LGN00.tif,l8_minus360_LC80400222021228LGN00.tif
ang20220826t210000-A,l8_minus90_LC90400232022143LGN00.tif,l8_minus360_LC80400222021228LGN00.tif
ang20220902t191224-A,l8_minus90_LC90400232022143LGN00.tif,l8_minus360_LC80400222021228LGN00.tif
ang20220902t193554-A,l8_minus90_LC90400232022143LGN00.tif,l8_minus360_LC80400222021228LGN00.tif
ang20220902t193554-B,l8_minus90_LC90400232022143LGN00.tif,l8_minus360_LC80400222021228LGN00.tif
ang20220902t193554-C,l8_minus90_LC90400232022143LGN00.tif,l8_minus360_LC80400222021228LGN00.tif
ang20220902t193554-D,l8_minus90_LC90400232022143LGN00.tif,l8_minus360_LC80400222021228LGN00.tif
ang20220902t193554-E,l8_minus90_LC90400232022143LGN00.tif,l8_minus360_LC80400222021228LGN00.tif
ang20220902t193554-F,l8_minus90_LC90400232022143LGN00.tif,l8_minus360_LC80400222021228LGN00.tif
ang20220902t193554-G,l8_minus90_LC90400232022143LGN00.tif,l8_minus360_LC80400222021228LGN00.tif
ang20220902t193554-H,l8_minus90_LC90400232022143LGN00.tif,l8_minus360_LC80400222021228LGN00.tif
ang20220902t193554-I,l8_minus90_LC90400232022143LGN00.tif,l8_minus360_LC80400222021228LGN00.tif
ang20220902t194201-A,l8_minus90_LC90400232022143LGN00.tif,l8_minus360_LC80400222021228LGN00.tif
ang20220903t184312-A,l8_minus90_LC90400232022143LGN00.tif,l8_minus360_LC80400222021228LGN00.tif
ang20220903t184312-B,l8_minus90_LC90400232022143LGN00.tif,l8_minus360_LC80400222021228LGN00.tif
ang20220903t184312-C,l8_minus90_LC90400232022143LGN00.tif,l8_minus360_LC80400222021228LGN00.tif
ang20220903t184312-D,l8_minus90_LC90400232022143LGN00.tif,l8_minus360_LC80400222021228LGN00.tif
ang20220903t184312-E,l8_minus90_LC90400232022143LGN00.tif,l8_minus360_LC80400222021228LGN00.tif
ang20220903t184312-F,l8_minus90_LC90400232022143LGN00.tif,l8_minus360_LC80400222021228LGN00.tif
ang20220903t185320-A,l8_minus90_LC90400232022143LGN00.tif,l8_minus360_LC80400222021228LGN00.tif
ang20220903t185320-B,l8_minus90_LC90400232022143LGN00.tif,l8_minus360_LC80400222021228LGN00.tif
ang20220903t185320-C,l8_minus90_LC90400232022143LGN00.tif,l8_minus360_LC80400222021228LGN00.tif
ang20220903t190413-A,l8_minus90_LC90400232022143LGN00.tif,l8_minus360_LC80400222021228LGN00.tif
ang20220903t190413-B,l8_minus90_LC90400232022143LGN00.tif,l8_minus360_LC80400222021228LGN00.tif
ang20220903t190413-C,l8_minus90_LC90400232022143LGN00.tif,l8_minus360_LC80400222021228LGN00.tif
ang20220903t190413-D,l8_minus90_LC90400232022143LGN00.tif,l8_minus360_LC80400222021228LGN00.tif
ang20220903t190413-E,l8_minus90_LC90400232022143LGN00.tif,l8_minus360_LC80400222021228LGN00.tif
ang20220903t190413-F,l8_minus90_LC90400232022143LGN00.tif,l8_minus360_LC80400222021228LGN00.tif
ang20220903t191032-A,l8_minus90_LC90400232022143LGN00.tif,l8_minus360_LC80400222021228LGN00.tif
ang20220903t191032-B,l8_minus90_LC90400232022143LGN00.tif,l8_minus360_LC80400222021228LGN00.tif
ang20220903t191032-C,l8_minus90_LC90400232022143LGN00.tif,l8_minus360_LC80400222021228LGN00.tif
ang20220903t191032-D,l8_minus90_LC90400232022143LGN00.tif,l8_minus360_LC80400222021228LGN00.tif
ang20220903t191032-E,l8_minus90_LC90400232022143LGN00.tif,l8_minus360_LC80400222021228LGN00.tif
ang20220903t193007-A,l8_minus90_LC90400232022143LGN00.tif,l8_minus360_LC80400222021228LGN00.tif
ang20220903t205134-A,l8_minus90_LC90400232022143LGN00.tif,l8_minus360_LC80400222021228LGN00.tif
ang20220903t205134-B,l8_minus90_LC90400232022143LGN00.tif,l8_minus360_LC80400222021228LGN00.tif
ang20220903t213026-A,l8_minus90_LC90400232022143LGN00.tif,l8_minus360_LC80400222021228LGN00.tif
ang20220903t214833-A,l8_minus90_LC90400232022143LGN00.tif,l8_minus360_LC80400222021228LGN00.tif
ang20220903t214833-B,l8_minus90_LC90400232022143LGN00.tif,l8_minus360_LC80400222021228LGN00.tif
ang20220903t215644-A,l8_minus90_LC90400232022143LGN00.tif,l8_minus360_LC80400222021228LGN00.tif
ang20220903t215644-B,l8_minus90_LC90400232022143LGN00.tif,l8_minus360_LC80400222021228LGN00.tif
ang20220903t221235-A,l8_minus90_LC90400232022143LGN00.tif,l8_minus360_LC80400222021228LGN00.tif
ang20220906t192017-A,l8_minus90_LC90400232022143LGN00.tif,l8_minus360_LC80400222021228LGN00.tif
ang20220906t192017-B,l8_minus90_LC90400232022143LGN00.tif,l8_minus360_LC80400222021228LGN00.tif
ang20220906t192017-C,l8_minus90_LC90400232022143LGN00.tif,l8_minus360_LC80400222021228LGN00.tif
ang20220906t192017-D,l8_minus90_LC90400232022143LGN00.tif,l8_minus360_LC80400222021228LGN00.tif
ang20220906t192017-E,l8_minus90_LC90400232022143LGN00.tif,l8_minus360_LC80400222021228LGN00.tif
ang20220906t192017-F,l8_minus90_LC90400232022143LGN00.tif,l8_minus360_LC80400222021228LGN00.tif
ang20220906t192644-A,l8_minus90_LC90400232022143LGN00.tif,l8_minus360_LC80400222021228LGN00.tif
ang20220906t195751-A,l8_minus90_LC90400232022143LGN00.tif,l8_minus360_LC80400222021228LGN00.tif
ang20220906t200250-A,l8_minus90_LC90400232022143LGN00.tif,l8_minus360_LC80400222021228LGN00.tif
ang20220906t202230-A,l8_minus90_LC90400232022143LGN00.tif,l8_minus360_LC80400222021228LGN00.tif
ang20220906t202230-B,l8_minus90_LC90400232022143LGN00.tif,l8_minus360_LC80400222021228LGN00.tif
ang20220906t202747-A,l8_minus90_LC90400232022143LGN00.tif,l8_minus360_LC80400222021228LGN00.tif
ang20220906t205937-A,l8_minus90_LC90400232022143LGN00.tif,l8_minus360_LC80400222021228LGN00.tif
ang20220906t205937-B,l8_minus90_LC90400232022143LGN00.tif,l8_minus360_LC80400222021228LGN00.tif
ang20220906t205937-C,l8_minus90_LC90400232022143LGN00.tif,l8_minus360_LC80400222021228LGN00.tif
ang20220906t205937-D,l8_minus90_LC90400232022143LGN00.tif,l8_minus360_LC80400222021228LGN00.tif
ang20220906t205937-E,l8_minus90_LC90400232022143LGN00.tif,l8_minus360_LC80400222021228LGN00.tif
ang20220906t205937-F,l8_minus90_LC90400232022143LGN00.tif,l8_minus360_LC80400222021228LGN00.tif
ang20220906t205937-G,l8_minus90_LC90400232022143LGN00.tif,l8_minus360_LC80400222021228LGN00.tif
ang20220907t000612-A,l8_minus90_LC90400232022143LGN00.tif,l8_minus360_LC80400222021228LGN00.tif
ang20220916t175426-A,l8_minus90_LC90400232022143LGN00.tif,l8_minus360_LC80420352021258LGN00.tif
ang20220916t183218-A,l8_minus90_LC90400232022143LGN00.tif,l8_minus360_LC80430342021265LGN00.tif
ang20220916t185235-B,l8_minus90_LC90400232022143LGN00.tif,l8_minus360_LC80420352021258LGN00.tif
ang20220916t185235-C,l8_minus90_LC90400232022143LGN00.tif,l8_minus360_LC80420352021258LGN00.tif
ang20220916t185801-A,l8_minus90_LC90400232022143LGN00.tif,l8_minus360_LC80390232021253LGN00.tif
ang20220916t193102-A,l8_minus90_LC90400232022143LGN00.tif,l8_minus360_LC80390232021253LGN00.tif
ang20220916t193102-B,l8_minus90_LC90400232022143LGN00.tif,l8_minus360_LC80390232021253LGN00.tif
ang20220916t193102-C,l8_minus90_LC90400232022143LGN00.tif,l8_minus360_LC80390232021253LGN00.tif
ang20220916t193655-A,l8_minus90_LC90400232022143LGN00.tif,l8_minus360_LC80390232021253LGN00.tif
ang20220916t193655-B,l8_minus90_LC90400232022143LGN00.tif,l8_minus360_LC80390232021253LGN00.tif
ang20220916t195038-A,l8_minus90_LC90400232022143LGN00.tif,l8_minus360_LC80390232021253LGN00.tif
ang20220916t200403-A,l8_minus90_LC90400232022143LGN00.tif,l8_minus360_LC80390232021253LGN00.tif
ang20220916t200844-A,l8_minus90_LC90400232022143LGN00.tif,l8_minus360_LC80390232021253LGN00.tif
ang20220916t200844-B,l8_minus90_LC90400232022143LGN00.tif,l8_minus360_LC80390232021253LGN00.tif
ang20220916t210907-A,l8_minus90_LC90400232022143LGN00.tif,l8_minus360_LC80390232021253LGN00.tif
ang20220923t154354-A,l8_minus90_LC80150362022168LGN00.tif,l8_minus360_LC80390232021253LGN00.tif
ang20220923t160034-A,l8_minus90_LC80150362022168LGN00.tif,l8_minus360_LC80390232021253LGN00.tif
ang20220924t172524-A,l8_minus90_LC80160362022175LGN00.tif,l8_minus360_LC80390232021253LGN00.tif
ang20220924t173536-A,l8_minus90_LC80160362022175LGN00.tif,l8_minus360_LC80390232021253LGN00.tif
ang20220926t150209-A,l8_minus90_LC80150362022168LGN00.tif,l8_minus360_LC80390232021253LGN00.tif
ang20220926t150209-B,l8_minus90_LC80150362022168LGN00.tif,l8_minus360_LC80390232021253LGN00.tif
ang20220926t152458-A,l8_minus90_LC80150362022168LGN00.tif,l8_minus360_LC80390232021253LGN00.tif
ang20220926t153257-A,l8_minus90_LC80150362022168LGN00.tif,l8_minus360_LC80390232021253LGN00.tif
ang20220926t153257-B,l8_minus90_LC80150362022168LGN00.tif,l8_minus360_LC80390232021253LGN00.tif
ang20220926t163717-A,l8_minus90_LC80150362022168LGN00.tif,l8_minus360_LC80390232021253LGN00.tif
ang20220926t164328-A,l8_minus90_LC80150362022168LGN00.tif,l8_minus360_LC80390232021253LGN00.tif
ang20220927t162434-A,l8_minus90_LC80150362022168LGN00.tif,l8_minus360_LC80390232021253LGN00.tif
ang20220927t162434-C,l8_minus90_LC80150362022168LGN00.tif,l8_minus360_LC80390232021253LGN00.tif
ang20220927t163130-A,l8_minus90_LC80150362022168LGN00.tif,l8_minus360_LC80390232021253LGN00.tif
ang20220927t164918-B,l8_minus90_LC80150362022168LGN00.tif,l8_minus360_LC80390232021253LGN00.tif
ang20220927t173614-A,l8_minus90_LC80150362022168LGN00.tif,l8_minus360_LC80390232021253LGN00.tif
ang20220927t175402-A,l8_minus90_LC80150362022168LGN00.tif,l8_minus360_LC80390232021253LGN00.tif
ang20220929t175528-A,l8_minus90_LC80150362022168LGN00.tif,l8_minus360_LC80390232021253LGN00.tif
ang20220929t175528-B,l8_minus90_LC80150362022168LGN00.tif,l8_minus360_LC80390232021253LGN00.tif
ang20220929t175528-C,l8_minus90_LC80150362022168LGN00.tif,l8_minus360_LC80390232021253LGN00.tif
ang20220929t182318-A,l8_minus90_LC80150362022168LGN00.tif,l8_minus360_LC80390232021253LGN00.tif
ang20220929t191555-A,l8_minus90_LC80150362022168LGN00.tif,l8_minus360_LC80390232021253LGN00.tif
ang20220929t194238-A,l8_minus90_LC80150362022168LGN00.tif,l8_minus360_LC80390232021253LGN00.tif
ang20221003t160932-A,l8_minus90_LC80150362022168LGN00.tif,l8_minus360_LC80390232021253LGN00.tif
ang20221003t160932-B,l8_minus90_LC80150362022168LGN00.tif,l8_minus360_LC80390232021253LGN00.tif
ang20221003t160932-C,l8_minus90_LC80150362022168LGN00.tif,l8_minus360_LC80390232021253LGN00.tif
ang20221003t160932-D,l8_minus90_LC80150362022168LGN00.tif,l8_minus360_LC80390232021253LGN00.tif
ang20221003t160932-E,l8_minus90_LC80150362022168LGN00.tif,l8_minus360_LC80390232021253LGN00.tif
ang20221003t160932-F,l8_minus90_LC80150362022168LGN00.tif,l8_minus360_LC80390232021253LGN00.tif
ang20221003t171601-A,l8_minus90_LC80150362022168LGN00.tif,l8_minus360_LC80390232021253LGN00.tif
ang20221003t171601-B,l8_minus90_LC80150362022168LGN00.tif,l8_minus360_LC80390232021253LGN00.tif
ang20221003t171601-C,l8_minus90_LC80150362022168LGN00.tif,l8_minus360_LC80390232021253LGN00.tif
ang20221003t171601-D,l8_minus90_LC80150362022168LGN00.tif,l8_minus360_LC80390232021253LGN00.tif
ang20221003t171601-E,l8_minus90_LC80150362022168LGN00.tif,l8_minus360_LC80390232021253LGN00.tif
ang20221003t171601-F,l8_minus90_LC80150362022168LGN00.tif,l8_minus360_LC80390232021253LGN00.tif
ang20221003t172744-A,l8_minus90_LC80150362022168LGN00.tif,l8_minus360_LC80390232021253LGN00.tif
ang20221003t172744-B,l8_minus90_LC80150362022168LGN00.tif,l8_minus360_LC80390232021253LGN00.tif
ang20221003t174156-A,l8_minus90_LC80150362022168LGN00.tif,l8_minus360_LC80390232021253LGN00.tif
ang20221003t175331-A,l8_minus90_LC80150362022168LGN00.tif,l8_minus360_LC80390232021253LGN00.tif
ang20221003t175331-B,l8_minus90_LC80150362022168LGN00.tif,l8_minus360_LC80390232021253LGN00.tif
ang20221003t175331-C,l8_minus90_LC80150362022168LGN00.tif,l8_minus360_LC80390232021253LGN00.tif
ang20221003t181100-A,l8_minus90_LC80150362022168LGN00.tif,l8_minus360_LC80390232021253LGN00.tif
ang20221003t181100-B,l8_minus90_LC80150362022168LGN00.tif,l8_minus360_LC80390232021253LGN00.tif
ang20221003t181100-C,l8_minus90_LC80150362022168LGN00.tif,l8_minus360_LC80390232021253LGN00.tif
ang20221003t181100-D,l8_minus90_LC80150362022168LGN00.tif,l8_minus360_LC80390232021253LGN00.tif
ang20221003t181100-E,l8_minus90_LC80150362022168LGN00.tif,l8_minus360_LC80390232021253LGN00.tif
ang20221003t181100-F,l8_minus90_LC80150362022168LGN00.tif,l8_minus360_LC80390232021253LGN00.tif
ang20221003t182454-A,l8_minus90_LC80150362022168LGN00.tif,l8_minus360_LC80390232021253LGN00.tif
ang20221008t150226-A,l8_minus90_LC80150362022168LGN00.tif,l8_minus360_LC80170352021291LGN00.tif
ang20221008t153949-A,l8_minus90_LC80150362022168LGN00.tif,l8_minus360_LC80170352021291LGN00.tif
ang20221008t155515-A,l8_minus90_LC80150362022168LGN00.tif,l8_minus360_LC80430342021265LGN00.tif
ang20221008t160111-A,l8_minus90_LC80150362022168LGN00.tif,l8_minus360_LC80430342021265LGN00.tif
ang20221009t145150-A,l8_minus90_LC80150362022168LGN00.tif,l8_minus360_LC80430342021265LGN00.tif
ang20221009t152808-A,l8_minus90_LC80150362022168LGN00.tif,l8_minus360_LC80430342021265LGN00.tif
ang20221009t162340-A,l8_minus90_LC80150362022168LGN00.tif,l8_minus360_LC80430342021265LGN00.tif
ang20221009t162340-B,l8_minus90_LC80150362022168LGN00.tif,l8_minus360_LC80430342021265LGN00.tif
ang20221009t172948-A,l8_minus90_LC80150362022168LGN00.tif,l8_minus360_LC80430342021265LGN00.tif
ang20221009t180013-A,l8_minus90_LC80150362022168LGN00.tif,l8_minus360_LC80430342021265LGN00.tif
ang20221009t180013-B,l8_minus90_LC80150362022168LGN00.tif,l8_minus360_LC80430342021265LGN00.tif
ang20221009t181144-B,l8_minus90_LC80150362022168LGN00.tif,l8_minus360_LC80430342021265LGN00.tif
ang20221009t182331-B,l8_minus90_LC80150362022168LGN00.tif,l8_minus360_LC80430342021265LGN00.tif
ang20221009t182331-C,l8_minus90_LC80150362022168LGN00.tif,l8_minus360_LC80430342021265LGN00.tif
ang20221009t183505-A,l8_minus90_LC80150362022168LGN00.tif,l8_minus360_LC80430342021265LGN00.tif
ang20221009t184703-A,l8_minus90_LC80150362022168LGN00.tif,l8_minus360_LC80430342021265LGN00.tif
ang20221009t184703-B,l8_minus90_LC80150362022168LGN00.tif,l8_minus360_LC80430342021265LGN00.tif
ang20221014t151908-A,l8_minus90_LC80150362022168LGN00.tif,l8_minus360_LC80430342021265LGN00.tif
ang20221014t155133-A,l8_minus90_LC80150362022168LGN00.tif,l8_minus360_LC80430342021265LGN00.tif
ang20221014t165055-A,l8_minus90_LC80150362022168LGN00.tif,l8_minus360_LC80430342021265LGN00.tif
ang20221014t182827-A,l8_minus90_LC80150362022168LGN00.tif,l8_minus360_LC80430342021265LGN00.tif
ang20221014t183849-A,l8_minus90_LC80150362022168LGN00.tif,l8_minus360_LC80430342021265LGN00.tif
ang20221014t185154-B,l8_minus90_LC80150362022168LGN00.tif,l8_minus360_LC80430342021265LGN00.tif
ang20221016t162548-A,l8_minus90_LC90180332022181LGN00.tif,l8_minus360_LC80430342021265LGN00.tif
ang20221016t171621-A,l8_minus90_LC90180322022181LGN01.tif,l8_minus360_LC80430342021265LGN00.tif
ang20221016t174727-A,l8_minus90_LC90180322022181LGN01.tif,l8_minus360_LC80430342021265LGN00.tif
ang20221016t174727-B,l8_minus90_LC90180322022181LGN01.tif,l8_minus360_LC80430342021265LGN00.tif
ang20221016t175950-A,l8_minus90_LC80160362022175LGN00.tif,l8_minus360_LC80430342021265LGN00.tif
ang20221016t175950-B,l8_minus90_LC80160362022175LGN00.tif,l8_minus360_LC80430342021265LGN00.tif
ang20221016t181218-A,l8_minus90_LC80160362022175LGN00.tif,l8_minus360_LC80430342021265LGN00.tif
ang20221024t154032-A,l8_minus90_LC08_L2SP_017032_20220818_20220823_02_T1.tif,l8_minus360_LC90170322021311LGN01.tif
ang20221024t170225-A,l8_minus90_LC08_L2SP_017032_20220818_20220823_02_T1.tif,l8_minus360_LC80170332021307LGN00.tif
ang20221024t173730-A,l8_minus90_LC90180332022181LGN00.tif,l8_minus360_LC80170332021307LGN00.tif
ang20221024t173730-B,l8_minus90_LC90180332022181LGN00.tif,l8_minus360_LC80170332021307LGN00.tif
ang20221024t173730-C,l8_minus90_LC90180332022181LGN00.tif,l8_minus360_LC80170332021307LGN00.tif
ang20221024t174902-A,l8_minus90_LC90180332022181LGN00.tif,l8_minus360_LC80170332021307LGN00.tif
ang20221024t174902-B,l8_minus90_LC90180332022181LGN00.tif,l8_minus360_LC80170332021307LGN00.tif
ang20221024t174902-C,l8_minus90_LC90180332022181LGN00.tif,l8_minus360_LC80170332021307LGN00.tif
ang20221024t180037-A,l8_minus90_LC90180332022181LGN00.tif,l8_minus360_LC80170332021307LGN00.tif
ang20221024t180037-B,l8_minus90_LC90180332022181LGN00.tif,l8_minus360_LC80170332021307LGN00.tif
ang20221024t180037-C,l8_minus90_LC90180332022181LGN00.tif,l8_minus360_LC80170332021307LGN00.tif
ang20221024t181205-A,l8_minus90_LC90180332022181LGN00.tif,l8_minus360_LC80170332021307LGN00.tif
ang20221024t181205-B,l8_minus90_LC90180332022181LGN00.tif,l8_minus360_LC80170332021307LGN00.tif
ang20221024t181205-C,l8_minus90_LC90180332022181LGN00.tif,l8_minus360_LC80170332021307LGN00.tif
ang20221024t181205-D,l8_minus90_LC90180332022181LGN00.tif,l8_minus360_LC80170332021307LGN00.tif
ang20221024t181205-E,l8_minus90_LC90180332022181LGN00.tif,l8_minus360_LC80170332021307LGN00.tif
ang20221024t182326-A,l8_minus90_LC90180332022181LGN00.tif,l8_minus360_LC80170332021307LGN00.tif
ang20221024t182326-B,l8_minus90_LC90180332022181LGN00.tif,l8_minus360_LC80170332021307LGN00.tif
ang20221024t182326-C,l8_minus90_LC90180332022181LGN00.tif,l8_minus360_LC80170332021307LGN00.tif
ang20221024t182326-D,l8_minus90_LC90180332022181LGN00.tif,l8_minus360_LC80170332021307LGN00.tif
ang20221024t183453-A,l8_minus90_LC90180332022181LGN00.tif,l8_minus360_LC80170332021307LGN00.tif
ang20221024t183453-B,l8_minus90_LC90180332022181LGN00.tif,l8_minus360_LC80170332021307LGN00.tif
ang20221024t183453-C,l8_minus90_LC90180332022181LGN00.tif,l8_minus360_LC80170332021307LGN00.tif
ang20221024t183453-D,l8_minus90_LC90180332022181LGN00.tif,l8_minus360_LC80170332021307LGN00.tif
ang20221024t183453-E,l8_minus90_LC90180332022181LGN00.tif,l8_minus360_LC80170332021307LGN00.tif
ang20230113t182254-A,l8_minus90_LC82330832022287LGN00.tif,l8_minus360_LC92330832022023LGN00.tif
ang20230113t183907-A,l8_minus90_LC82330832022287LGN00.tif,l8_minus360_LC92330832022023LGN00.tif
ang20230113t195520-A,l8_minus90_LC82330832022287LGN00.tif,l8_minus360_LC92330832022023LGN00.tif
ang20230114t145726-A,l8_minus90_LC82330842022287LGN00.tif,l8_minus360_LC92330842022023LGN00.tif
ang20230114t145726-B,l8_minus90_LC82330842022287LGN00.tif,l8_minus360_LC92330842022023LGN00.tif
ang20230114t145726-C,l8_minus90_LC82330842022287LGN00.tif,l8_minus360_LC92330842022023LGN00.tif
ang20230114t151711-A,l8_minus90_LC82330842022287LGN00.tif,l8_minus360_LC92330842022023LGN00.tif
ang20230114t153245-A,l8_minus90_LC82330852022287LGN00.tif,l8_minus360_LC92330842022023LGN00.tif
ang20230114t154831-A,l8_minus90_LC82330852022287LGN00.tif,l8_minus360_LC92330832022023LGN00.tif
ang20230114t155437-A,l8_minus90_LC82330852022287LGN00.tif,l8_minus360_LC92330832022023LGN00.tif
ang20230114t155437-B,l8_minus90_LC82330852022287LGN00.tif,l8_minus360_LC92330832022023LGN00.tif
ang20230114t160529-A,l8_minus90_LC82330852022287LGN00.tif,l8_minus360_LC92330832022023LGN00.tif
ang20230114t163317-B,l8_minus90_LC82330852022287LGN00.tif,l8_minus360_LC92330832022023LGN00.tif
ang20230114t172549-A,l8_minus90_LC82330852022287LGN00.tif,l8_minus360_LC92330832022023LGN00.tif
ang20230114t173408-A,l8_minus90_LC82330852022287LGN00.tif,l8_minus360_LC92330832022023LGN00.tif
ang20230114t175001-B,l8_minus90_LC82330852022287LGN00.tif,l8_minus360_LC92330832022023LGN00.tif
ang20230114t175001-C,l8_minus90_LC82330852022287LGN00.tif,l8_minus360_LC92330832022023LGN00.tif
ang20230114t180259-A,l8_minus90_LC82330852022287LGN00.tif,l8_minus360_LC92330832022023LGN00.tif
ang20230115t170809-A,l8_minus90_LC82330852022287LGN00.tif,l8_minus360_LC92330832022023LGN00.tif
ang20230115t171625-A,l8_minus90_LC82330852022287LGN00.tif,l8_minus360_LC92330832022023LGN00.tif
ang20230115t172852-A,l8_minus90_LC82330852022287LGN00.tif,l8_minus360_LC92330832022023LGN00.tif
ang20230116t175510-A,l8_minus90_LC82330852022287LGN00.tif,l8_minus360_LC92330832022023LGN00.tif
ang20230116t175510-B,l8_minus90_LC82330852022287LGN00.tif,l8_minus360_LC92330832022023LGN00.tif
ang20230116t175510-C,l8_minus90_LC82330852022287LGN00.tif,l8_minus360_LC92330832022023LGN00.tif
ang20230121t195658-A,l8_minus90_LC82330852022287LGN00.tif,l8_minus360_LC92330832022023LGN00.tif
ang20230122t174515-A,l8_minus90_LC82330852022287LGN00.tif,l8_minus360_LC92330832022023LGN00.tif
ang20230122t180701-A,l8_minus90_LC82330852022287LGN00.tif,l8_minus360_LC92330832022023LGN00.tif
ang20230122t191847-A,l8_minus90_LC82330852022287LGN00.tif,l8_minus360_LC92330832022023LGN00.tif
ang20230130t173031-A,l8_minus90_LC82330852022287LGN00.tif,l8_minus360_LC92330832022023LGN00.tif
ang20230130t174855-A,l8_minus90_LC82330852022287LGN00.tif,l8_minus360_LC92330832022023LGN00.tif
ang20230130t174855-B,l8_minus90_LC82330852022287LGN00.tif,l8_minus360_LC92330832022023LGN00.tif
ang20230130t181615-A,l8_minus90_LC82330852022287LGN00.tif,l8_minus360_LC92330832022023LGN00.tif
ang20230130t183034-A,l8_minus90_LC82330852022287LGN00.tif,l8_minus360_LC92330832022023LGN00.tif
ang20230130t183844-A,l8_minus90_LC82330852022287LGN00.tif,l8_minus360_LC92330832022023LGN00.tif
ang20230130t185549-A,l8_minus90_LC82330852022287LGN00.tif,l8_minus360_LC92330832022023LGN00.tif
ang20230130t190000-A,l8_minus90_LC82330852022287LGN00.tif,l8_minus360_LC92330832022023LGN00.tif
ang20230130t190000-B,l8_minus90_LC82330852022287LGN00.tif,l8_minus360_LC92330832022023LGN00.tif
ang20230130t195824-C,l8_minus90_LC82330852022287LGN00.tif,l8_minus360_LC92330832022023LGN00.tif
ang20230130t195824-D,l8_minus90_LC82330852022287LGN00.tif,l8_minus360_LC92330832022023LGN00.tif
ang20230130t195824-E,l8_minus90_LC82330852022287LGN00.tif,l8_minus360_LC92330832022023LGN00.tif
ang20230130t201258-B,l8_minus90_LC82330852022287LGN00.tif,l8_minus360_LC92330832022023LGN00.tif
ang20230130t201952-A,l8_minus90_LC82330852022287LGN00.tif,l8_minus360_LC92330832022023LGN00.tif
ang20230130t201952-B,l8_minus90_LC82330852022287LGN00.tif,l8_minus360_LC92330832022023LGN00.tif
ang20230130t202905-A,l8_minus90_LC82330852022287LGN00.tif,l8_minus360_LC92330832022023LGN00.tif
ang20230130t203602-A,l8_minus90_LC82330852022287LGN00.tif,l8_minus360_LC92330832022023LGN00.tif
ang20230130t204223-A,l8_minus90_LC82330852022287LGN00.tif,l8_minus360_LC92330832022023LGN00.tif
ang20230131t155204-A,l8_minus90_LC82330852022287LGN00.tif,l8_minus360_LC92330832022023LGN00.tif
ang20230131t160804-A,l8_minus90_LC82330852022287LGN00.tif,l8_minus360_LC92330832022023LGN00.tif
ang20230131t163459-A,l8_minus90_LC82330852022287LGN00.tif,l8_minus360_LC92330832022023LGN00.tif
ang20230131t164904-A,l8_minus90_LC82330852022287LGN00.tif,l8_minus360_LC92330832022023LGN00.tif
ang20230131t164904-B,l8_minus90_LC82330852022287LGN00.tif,l8_minus360_LC92330832022023LGN00.tif
ang20230131t164904-C,l8_minus90_LC82330852022287LGN00.tif,l8_minus360_LC92330832022023LGN00.tif
ang20230131t165714-A,l8_minus90_LC82330852022287LGN00.tif,l8_minus360_LC92330832022023LGN00.tif
ang20230131t171623-A,l8_minus90_LC82330852022287LGN00.tif,l8_minus360_LC92330832022023LGN00.tif
ang20230131t172126-A,l8_minus90_LC82330852022287LGN00.tif,l8_minus360_LC92330832022023LGN00.tif
ang20230131t181009-A,l8_minus90_LC82330852022287LGN00.tif,l8_minus360_LC92330832022023LGN00.tif
ang20230131t182432-A,l8_minus90_LC82330852022287LGN00.tif,l8_minus360_LC92330832022023LGN00.tif
ang20230131t184217-B,l8_minus90_LC82330852022287LGN00.tif,l8_minus360_LC92330832022023LGN00.tif
ang20230131t184927-A,l8_minus90_LC82330852022287LGN00.tif,l8_minus360_LC92330832022023LGN00.tif
ang20230131t185824-A,l8_minus90_LC82330852022287LGN00.tif,l8_minus360_LC92330832022023LGN00.tif
ang20230131t190520-A,l8_minus90_LC82330852022287LGN00.tif,l8_minus360_LC92330832022023LGN00.tif
ang20230131t190520-B,l8_minus90_LC82330852022287LGN00.tif,l8_minus360_LC92330832022023LGN00.tif
ang20230131t194451-C,l8_minus90_LC82330852022287LGN00.tif,l8_minus360_LC92330832022023LGN00.tif
ang20230201t155152-A,l8_minus90_LC82330852022287LGN00.tif,l8_minus360_LC92330832022023LGN00.tif
ang20230201t160631-A,l8_minus90_LC82330852022287LGN00.tif,l8_minus360_LC92330832022023LGN00.tif
ang20230201t163242-A,l8_minus90_LC82330852022287LGN00.tif,l8_minus360_LC92330832022023LGN00.tif
ang20230201t163242-B,l8_minus90_LC82330852022287LGN00.tif,l8_minus360_LC92330832022023LGN00.tif
ang20230201t164640-A,l8_minus90_LC82330852022287LGN00.tif,l8_minus360_LC92330832022023LGN00.tif
ang20230201t165511-A,l8_minus90_LC82330852022287LGN00.tif,l8_minus360_LC92330832022023LGN00.tif
ang20230201t170953-A,l8_minus90_LC82330852022287LGN00.tif,l8_minus360_LC92330832022023LGN00.tif
ang20230201t171405-A,l8_minus90_LC82330852022287LGN00.tif,l8_minus360_LC92330832022023LGN00.tif
ang20230201t175747-A,l8_minus90_LC82330852022287LGN00.tif,l8_minus360_LC92330832022023LGN00.tif
ang20230201t182411-A,l8_minus90_LC82330852022287LGN00.tif,l8_minus360_LC92330832022023LGN00.tif
ang20230201t182411-B,l8_minus90_LC82330852022287LGN00.tif,l8_minus360_LC92330832022023LGN00.tif
ang20230201t182411-C,l8_minus90_LC82330852022287LGN00.tif,l8_minus360_LC92330832022023LGN00.tif
ang20230201t183955-A,l8_minus90_LC82330852022287LGN00.tif,l8_minus360_LC92330832022023LGN00.tif
ang20230201t184636-A,l8_minus90_LC82330852022287LGN00.tif,l8_minus360_LC92330832022023LGN00.tif
ang20230201t184636-B,l8_minus90_LC82330852022287LGN00.tif,l8_minus360_LC92330832022023LGN00.tif
ang20230201t190245-A,l8_minus90_LC82330852022287LGN00.tif,l8_minus360_LC92330832022023LGN00.tif
ang20230201t190245-B,l8_minus90_LC82330852022287LGN00.tif,l8_minus360_LC92330832022023LGN00.tif
ang20230201t190850-A,l8_minus90_LC82330852022287LGN00.tif,l8_minus360_LC92330832022023LGN00.tif
ang20230310t165817-B,l8_minus90_LC80260372023008LGN00.tif,l8_minus360_LC90090522022070LGN00.tif
ang20230314t194112-B,l8_minus90_LC80260372023008LGN00.tif,l8_minus360_LC80270372022108LGN00.tif
ang20230314t194942-A,l8_minus90_LC80260372023008LGN00.tif,l8_minus360_LC80270372022108LGN00.tif
ang20230314t202107-A,l8_minus90_LC80260372023008LGN00.tif,l8_minus360_LC80270372022108LGN00.tif
ang20230318t170020-A,l8_minus90_LC80260372023008LGN00.tif,l8_minus360_LC80270372022108LGN00.tif
ang20230318t170914-A,l8_minus90_LC80260372023008LGN00.tif,l8_minus360_LC80270372022108LGN00.tif
ang20230318t171710-A,l8_minus90_LC80260372023008LGN00.tif,l8_minus360_LC80270372022108LGN00.tif
ang20230318t173217-A,l8_minus90_LC80260372023008LGN00.tif,l8_minus360_LC80270372022108LGN00.tif
ang20230318t173943-B,l8_minus90_LC80260372023008LGN00.tif,l8_minus360_LC80270372022108LGN00.tif
ang20230318t175014-A,l8_minus90_LC80260372023008LGN00.tif,l8_minus360_LC80270372022108LGN00.tif
ang20230318t180159-A,l8_minus90_LC80260372023008LGN00.tif,l8_minus360_LC80270372022108LGN00.tif
ang20230318t180159-B,l8_minus90_LC80260372023008LGN00.tif,l8_minus360_LC80270372022108LGN00.tif
ang20230318t180159-C,l8_minus90_LC80260372023008LGN00.tif,l8_minus360_LC80270372022108LGN00.tif
ang20230318t180159-D,l8_minus90_LC80260372023008LGN00.tif,l8_minus360_LC80270372022108LGN00.tif
ang20230318t183236-A,l8_minus90_LC80260372023008LGN00.tif,l8_minus360_LC80270372022108LGN00.tif
ang20230318t184245-A,l8_minus90_LC80260372023008LGN00.tif,l8_minus360_LC80270372022108LGN00.tif
ang20230318t185241-A,l8_minus90_LC80260372023008LGN00.tif,l8_minus360_LC80270372022108LGN00.tif
ang20230318t193432-A,l8_minus90_LC80260372023008LGN00.tif,l8_minus360_LC80270372022108LGN00.tif
ang20230318t193432-B,l8_minus90_LC80260372023008LGN00.tif,l8_minus360_LC80270372022108LGN00.tif
ang20230318t195013-A,l8_minus90_LC80260372023008LGN00.tif,l8_minus360_LC80270372022108LGN00.tif
ang20230318t195013-B,l8_minus90_LC80260372023008LGN00.tif,l8_minus360_LC80270372022108LGN00.tif
ang20230319t174648-B,l8_minus90_LC80260372023008LGN00.tif,l8_minus360_LC80270372022108LGN00.tif
ang20230319t174648-D,l8_minus90_LC80260372023008LGN00.tif,l8_minus360_LC80270372022108LGN00.tif
ang20230319t175257-A,l8_minus90_LC80260372023008LGN00.tif,l8_minus360_LC80270372022108LGN00.tif
ang20230319t175257-B,l8_minus90_LC80260372023008LGN00.tif,l8_minus360_LC80270372022108LGN00.tif
ang20230319t175940-A,l8_minus90_LC80260372023008LGN00.tif,l8_minus360_LC80270372022108LGN00.tif
ang20230319t175940-B,l8_minus90_LC80260372023008LGN00.tif,l8_minus360_LC80270372022108LGN00.tif
ang20230319t180624-A,l8_minus90_LC80260372023008LGN00.tif,l8_minus360_LC80270372022108LGN00.tif
ang20230319t181244-A,l8_minus90_LC80260372023008LGN00.tif,l8_minus360_LC80270372022108LGN00.tif
ang20230319t181244-B,l8_minus90_LC80260372023008LGN00.tif,l8_minus360_LC80270372022108LGN00.tif
ang20230319t181713-A,l8_minus90_LC80260372023008LGN00.tif,l8_minus360_LC80270372022108LGN00.tif
ang20230319t181713-B,l8_minus90_LC80260372023008LGN00.tif,l8_minus360_LC80270372022108LGN00.tif
ang20230319t182329-A,l8_minus90_LC80260372023008LGN00.tif,l8_minus360_LC80270372022108LGN00.tif
ang20230319t193842-A,l8_minus90_LC80260372023008LGN00.tif,l8_minus360_LC80270372022108LGN00.tif
ang20230319t194618-A,l8_minus90_LC80260372023008LGN00.tif,l8_minus360_LC80270372022108LGN00.tif
ang20230319t194618-B,l8_minus90_LC80260372023008LGN00.tif,l8_minus360_LC80270372022108LGN00.tif
ang20230319t202238-A,l8_minus90_LC80260372023008LGN00.tif,l8_minus360_LC80270372022108LGN00.tif
ang20230319t202238-B,l8_minus90_LC80260372023008LGN00.tif,l8_minus360_LC80270372022108LGN00.tif
ang20230319t202238-C,l8_minus90_LC80260372023008LGN00.tif,l8_minus360_LC80270372022108LGN00.tif
ang20230319t205435-B,l8_minus90_LC80260372023008LGN00.tif,l8_minus360_LC80270372022108LGN00.tif
ang20230319t205435-C,l8_minus90_LC80260372023008LGN00.tif,l8_minus360_LC80270372022108LGN00.tif
ang20230319t210529-A,l8_minus90_LC80260372023008LGN00.tif,l8_minus360_LC80270372022108LGN00.tif
ang20230319t210529-B,l8_minus90_LC80260372023008LGN00.tif,l8_minus360_LC80270372022108LGN00.tif
